uid,NDVI,NDMI,NBR,n_obs
bg_2,0.8661770224571228,0.3662134408950805,0.666287899017334,223.0
bg_11,0.8340935707092285,0.3309537172317505,0.6387805938720703,385.0
bg_15,0.8557285070419312,0.3526381850242615,0.6740566492080688,345.0
bg_24,0.8225961923599243,0.2579372525215149,0.561069905757904,167.0
bg_25,0.8383798003196716,0.3625465035438537,0.6548610329627991,265.0
bg_32,0.763866126537323,0.2550011277198791,0.5122973322868347,74.0
bg_37,0.8131767511367798,0.3109020292758941,0.6189637184143066,156.0
bg_42,0.8467609882354736,0.3044916093349457,0.616665244102478,278.0
bg_51,0.8605133295059204,0.3274465203285217,0.6325880885124207,138.0
bg_60,0.8338963985443115,0.316969096660614,0.6304267644882202,168.0
bg_70,0.8062105178833008,0.2478727102279663,0.552675724029541,382.0
bg_72,0.8626402616500854,0.3663037717342376,0.6741783618927002,261.0
bg_76,0.757723867893219,0.1665870696306228,0.4626526534557342,504.0
bg_77,0.8300548195838928,0.3463614583015442,0.6498450636863708,528.0
bg_89,0.869184136390686,0.3417293429374695,0.6624007821083069,713.0
bg_90,0.8262576460838318,0.2733741402626037,0.5915672183036804,230.0
bg_106,0.7044777274131775,0.0870053619146347,0.3618403971195221,528.0
bg_111,0.8945168852806091,0.2714304029941559,0.5913577079772949,515.0
bg_116,0.3362668752670288,0.1084738373756408,0.3435566127300262,259.0
bg_119,0.8691083788871765,0.2834421992301941,0.556685745716095,230.0
bg_120,0.8026914596557617,0.287524402141571,0.5877619981765747,351.0
bg_131,0.8536403179168701,0.3462699353694916,0.6386139392852783,343.0
bg_132,0.8416767120361328,0.2948432564735412,0.6114373207092285,99.0
bg_144,0.826050341129303,0.3108757734298706,0.6191175580024719,414.0
bg_154,0.817837655544281,0.2716201841831207,0.5828852653503418,116.0
bg_157,0.86939537525177,0.323156863451004,0.6349760890007019,175.0
bg_158,0.8105431199073792,0.2519105076789856,0.5723126530647278,483.0
bg_161,0.8537771701812744,0.3571660816669464,0.6540131568908691,153.0
bg_164,0.8192293643951416,0.297156810760498,0.6236908435821533,117.0
bg_167,0.7084378004074097,0.2264627069234848,0.4717412292957306,160.0
bg_169,0.8645768761634827,0.3428921401500702,0.6581810116767883,452.0
bg_185,0.8651059865951538,0.3066662847995758,0.6152396202087402,931.0
bg_186,0.7630875110626221,0.2242613732814788,0.5447311401367188,218.0
bg_187,0.85799241065979,0.3672118484973907,0.6503728628158569,408.0
bg_198,0.8380957841873169,0.1974642276763916,0.5332797765731812,468.0
bg_199,0.8573743104934692,0.3455772697925567,0.6347989439964294,305.0
bg_204,0.813694179058075,0.2604890763759613,0.5442017316818237,190.0
bg_205,0.8653432130813599,0.3671358823776245,0.6849421858787537,150.0
bg_210,0.8340800404548645,0.2683531939983368,0.5723005533218384,490.0
bg_212,0.8616921305656433,0.35114386677742,0.6492120623588562,97.0
bg_223,0.8232384324073792,0.3107985556125641,0.6035916209220886,140.0
bg_226,0.7787414193153381,0.2982566952705383,0.5842238664627075,261.0
bg_228,0.8589889407157898,0.4123559296131134,0.697642982006073,182.0
bg_235,0.869408369064331,0.2793488204479217,0.5997002720832825,345.0
bg_239,0.7605656385421753,0.233600303530693,0.5222367644309998,80.0
bg_244,0.8297555446624756,0.255493700504303,0.5760810375213623,535.0
bg_248,0.8494344353675842,0.3344550132751465,0.6390610337257385,325.0
bg_255,0.6580561399459839,0.0954257994890213,0.3641115427017212,447.0
bg_257,0.8015186786651611,0.3322344720363617,0.6277900338172913,112.0
bg_261,0.825890302658081,0.3518098592758178,0.647679328918457,256.0
bg_267,0.8191202878952026,0.2729583978652954,0.5883777737617493,155.0
bg_270,0.7812966108322144,0.2466708868741989,0.5095908045768738,120.0
bg_275,0.7541160583496094,0.1758624017238617,0.4842689633369446,148.0
bg_285,0.8492158055305481,0.3390494883060455,0.6509091258049011,116.0
bg_289,0.7406056523323059,0.1610686630010604,0.4353063702583313,651.0
bg_301,0.8027420043945312,0.2054494023323059,0.5448722839355469,408.0
bg_307,0.8319001793861389,0.2398632317781448,0.5407842397689819,477.0
bg_312,0.8807637691497803,0.3878360390663147,0.7009181380271912,466.0
bg_314,0.8538127541542053,0.2207359373569488,0.5568687319755554,566.0
bg_332,0.8776545524597168,0.3384473323822021,0.6388072967529297,173.0
bg_345,0.8556192517280579,0.3604919612407684,0.6657996773719788,300.0
bg_347,0.229796290397644,-0.1137777343392372,-0.0097745759412646,136.0
bg_359,0.8416739106178284,0.3023719191551208,0.6147381067276001,424.0
bg_365,0.8532682061195374,0.3217706382274627,0.6346656680107117,433.0
bg_367,0.8256412148475647,0.3318575322628021,0.612252414226532,265.0
bg_369,0.8496370315551758,0.2599499821662903,0.5840145349502563,431.0
bg_379,0.7176764607429504,0.1615854799747467,0.4667910933494568,494.0
bg_380,0.8276820182800293,0.252155601978302,0.5478870868682861,55.0
bg_388,0.8454103469848633,0.3361812829971313,0.6427227854728699,160.0
bg_391,0.8654859066009521,0.2738204002380371,0.5731729865074158,160.0
bg_394,0.8544473052024841,0.3370412588119507,0.6418461203575134,315.0
bg_399,0.822155773639679,0.3056638836860657,0.6067402362823486,536.0
bg_403,0.8613204956054688,0.342650294303894,0.6507869958877563,277.0
bg_405,0.8029398918151855,0.2685500979423523,0.579839825630188,471.0
bg_409,0.8388151526451111,0.299646645784378,0.5801505446434021,241.0
bg_411,0.8536298871040344,0.4007614552974701,0.6976600289344788,203.0
bg_422,0.7669660449028015,0.2376469820737838,0.4922468960285187,84.0
bg_423,0.8518427014350891,0.2989741861820221,0.615180492401123,476.0
bg_433,0.8161507248878479,0.2761245667934418,0.5764697790145874,492.0
bg_445,0.8862967491149902,0.3663582503795624,0.6745544672012329,190.0
bg_447,0.7674348950386047,0.200162872672081,0.4900552630424499,512.0
bg_448,0.8276873826980591,0.3195989429950714,0.6225526332855225,282.0
bg_471,0.8458607792854309,0.3309521377086639,0.6232123374938965,199.0
bg_472,0.743686854839325,0.2290040105581283,0.5096390247344971,467.0
bg_480,0.8370600938796997,0.3096911311149597,0.6231522560119629,192.0
bg_481,0.8576337099075317,0.3234519064426422,0.6386675834655762,140.0
bg_486,0.8647617697715759,0.3893032670021057,0.6856005787849426,164.0
bg_495,0.8304295539855957,0.3692004680633545,0.6695102453231812,356.0
bg_498,0.832152247428894,0.2522003352642059,0.5798416137695312,566.0
bg_502,0.8771690726280212,0.2843588888645172,0.5991561412811279,383.0
bg_508,0.7248311042785645,0.2715283036231994,0.5582057237625122,472.0
bg_520,0.8490791320800781,0.315780371427536,0.6117359399795532,159.0
bg_521,0.8562802672386169,0.3347294628620147,0.6371946334838867,121.0
bg_525,0.8227939605712891,0.2909150421619415,0.605417013168335,144.0
bg_537,0.834171712398529,0.2799739837646484,0.6043846011161804,157.0
bg_540,0.8654396533966064,0.323895663022995,0.642500638961792,338.0
bg_542,0.8868287205696106,0.396694004535675,0.6888175010681152,368.0
bg_544,0.8374460935592651,0.3436962962150574,0.6421194672584534,176.0
bg_549,0.818189263343811,0.3386820554733276,0.6385729312896729,273.0
bg_550,0.8059417605400085,0.2865121364593506,0.5679749250411987,391.0
bg_552,0.7778224945068359,0.2692342102527618,0.5814374089241028,131.0
bg_559,0.8692630529403687,0.3379498124122619,0.6434347629547119,181.0
bg_568,0.8810092210769653,0.4048210084438324,0.7126083970069885,333.0
bg_573,0.8672006130218506,0.3429064154624939,0.638418972492218,166.0
bg_577,0.8182885050773621,0.2808133065700531,0.57404625415802,85.0
bg_580,0.711040198802948,0.1429074257612228,0.3868480920791626,394.0
bg_581,0.8026818633079529,0.2564274370670318,0.557071328163147,167.0
bg_586,0.723307728767395,0.1070074066519737,0.411628395318985,445.0
bg_590,0.8440759181976318,0.3653068244457245,0.6465114951133728,116.0
bg_595,0.8616459965705872,0.3632471263408661,0.6550190448760986,154.0
bg_601,0.8337457180023193,0.1608172804117202,0.4708397686481476,291.0
bg_602,0.8458681106567383,0.290457546710968,0.5649896860122681,475.0
bg_603,0.830357551574707,0.2225851863622665,0.5445085167884827,452.0
bg_607,0.8299295902252197,0.3849101364612579,0.6612229347229004,203.0
bg_615,0.8853318691253662,0.301546037197113,0.6260433793067932,229.0
bg_629,0.8419517278671265,0.1968519985675811,0.5177803635597229,381.0
bg_634,0.7716770172119141,0.3080462217330932,0.5956188440322876,450.0
bg_635,0.8806326985359192,0.4043844938278198,0.693551242351532,461.0
bg_639,0.8633691668510437,0.3481858074665069,0.6532465219497681,128.0
bg_643,0.846198558807373,0.2742845714092254,0.5919288396835327,169.0
bg_647,0.75812828540802,0.2575584948062897,0.5566674470901489,448.0
bg_650,0.857455849647522,0.3924221396446228,0.6787063479423523,159.0
bg_651,0.8254965543746948,0.3138419091701507,0.6072372198104858,109.0
bg_653,0.8730518817901611,0.3406048417091369,0.6658957600593567,206.0
bg_660,0.7870668172836304,0.2532632350921631,0.5680614709854126,151.0
bg_661,0.6927613019943237,0.212391510605812,0.4982096552848816,500.0
bg_664,0.8382208347320557,0.3057916164398193,0.6107205748558044,111.0
bg_666,0.8069817423820496,0.2421838790178299,0.5097095370292664,510.0
bg_670,0.8651987314224243,0.3192552626132965,0.6349635720252991,196.0
bg_674,0.6512619256973267,0.200229987502098,0.3996402025222778,406.0
bg_675,0.7914630174636841,0.1130943968892097,0.4149142801761627,268.0
bg_685,0.7632865309715271,0.2637253701686859,0.5602561831474304,921.0
bg_689,0.8879143595695496,0.3896943926811218,0.6819161176681519,423.0
bg_691,0.8423579335212708,0.3666113615036011,0.6689873933792114,263.0
bg_693,0.8558740019798279,0.3377731740474701,0.6388363242149353,68.0
bg_706,0.8375453352928162,0.1920343339443206,0.5135860443115234,532.0
bg_712,0.7827244400978088,0.2097898572683334,0.5059558749198914,725.0
bg_716,0.8606212735176086,0.3917368054389953,0.6970179677009583,177.0
bg_717,0.8729904294013977,0.3429396152496338,0.6679377555847168,384.0
bg_719,0.884882390499115,0.3690028488636017,0.6702280640602112,377.0
bg_721,0.8222113251686096,0.2036290317773819,0.510312020778656,333.0
bg_722,0.823833703994751,0.3053163588047027,0.6071092486381531,190.0
bg_724,0.8297260999679565,0.3067937195301056,0.5918502807617188,350.0
bg_733,0.8698556423187256,0.395486056804657,0.7009152173995972,182.0
bg_737,0.8384069800376892,0.3522495627403259,0.6468114256858826,319.0
bg_739,0.8489039540290833,0.3528397977352142,0.6470986604690552,203.0
bg_742,0.818399965763092,0.3263536393642425,0.6291326284408569,468.0
bg_754,0.822395920753479,0.3292058110237121,0.6269122958183289,464.0
bg_755,0.877223014831543,0.3730196058750152,0.6658854484558105,248.0
bg_757,0.7676225304603577,0.286392331123352,0.5837595462799072,361.0
bg_761,0.8111086487770081,0.2470290958881378,0.5464344620704651,177.0
bg_773,0.8015028238296509,0.2422047406435012,0.5227106213569641,146.0
bg_780,0.7958294749259949,0.1875419318675995,0.5000492334365845,538.0
bg_783,0.8219931721687317,0.2797197997570038,0.5805442929267883,401.0
bg_786,0.8142374157905579,0.3153786659240722,0.6031992435455322,440.0
bg_788,0.8050782084465027,0.2969978749752044,0.5817226767539978,92.0
bg_802,0.8332899212837219,0.3660925626754761,0.646520733833313,201.0
bg_807,0.8186179399490356,0.3186991512775421,0.6185975670814514,405.0
bg_808,0.8065891861915588,0.2489073425531387,0.5762736797332764,403.0
bg_813,0.8459858894348145,0.2286416739225387,0.5197426080703735,428.0
bg_816,0.8007608652114868,0.263824313879013,0.5820025205612183,126.0
bg_833,0.8731517791748047,0.3503875434398651,0.6621302366256714,276.0
bg_837,0.8170704245567322,0.2365573793649673,0.5345003604888916,357.0
bg_840,0.8611577749252319,0.3770008385181427,0.6777763962745667,414.0
bg_859,0.8340259194374084,0.2684159576892853,0.5800144076347351,269.0
bg_876,0.7925945520401001,0.3135297298431396,0.6127276420593262,211.0
bg_878,0.8190937042236328,0.2203819155693054,0.5336676239967346,532.0
bg_879,0.7224611639976501,0.2373696267604828,0.5014917850494385,279.0
bg_886,0.8063933253288269,0.1932889372110366,0.5249574780464172,480.0
bg_887,0.8239911794662476,0.3141365349292755,0.5988864302635193,181.0
bg_889,0.7984721660614014,0.3355018198490143,0.6026287078857422,66.0
bg_894,0.8184894919395447,0.3526850342750549,0.6503628492355347,317.0
bg_895,0.8943823575973511,0.3885374069213867,0.6773388385772705,429.0
bg_900,0.8535110950469971,0.3465025126934051,0.6581462025642395,408.0
bg_904,0.8391727805137634,0.4002992808818817,0.6894137263298035,351.0
bg_915,0.8147928714752197,0.2218832373619079,0.5099276304244995,476.0
bg_923,0.855959415435791,0.3661208152770996,0.6497822999954224,747.0
bg_925,0.7772690057754517,0.270024299621582,0.5604515075683594,160.0
bg_929,0.7869535088539124,0.257546454668045,0.5216604471206665,133.0
bg_933,0.8333038091659546,0.3095307946205139,0.6302915811538696,474.0
bg_940,0.6624208688735962,0.155505746603012,0.411948025226593,406.0
bg_947,0.8340202569961548,0.3342710137367248,0.6505689024925232,384.0
bg_955,0.7602546811103821,0.1542826294898986,0.4283625483512878,462.0
bg_972,0.8697783350944519,0.3273720741271972,0.6302691102027893,213.0
bg_974,0.8574362993240356,0.3538921475410461,0.682584822177887,125.0
bg_979,0.8616371750831604,0.3135367035865783,0.63490229845047,1018.0
bg_982,0.8532631993293762,0.3390995562076568,0.658218502998352,173.0
bg_984,0.7678310871124268,0.2326140254735946,0.5286250710487366,427.0
bg_991,0.8418675661087036,0.3386152684688568,0.6348796486854553,248.0
bg_993,0.8115042448043823,0.3038659989833832,0.5952453017234802,307.0
bg_998,0.8655223846435547,0.2875978648662567,0.595276951789856,280.0
bg_999,0.7672167420387268,0.2788402438163757,0.571954607963562,454.0
bg_1001,0.7475062012672424,0.2201198637485504,0.5169872641563416,447.0
bg_1003,0.8477002382278442,0.3289827704429626,0.6492496132850647,124.0
bg_1004,0.8500419855117798,0.3436407744884491,0.6547076106071472,132.0
bg_1008,0.8776779770851135,0.3701028525829315,0.6700398325920105,314.0
bg_1030,0.7684049010276794,0.1576403230428695,0.4343180060386657,388.0
bg_1031,0.8185049295425415,0.2062384188175201,0.5096755623817444,329.0
bg_1032,0.8064103126525879,0.3073702752590179,0.583311140537262,423.0
bg_1045,0.8281568288803101,0.3093371987342834,0.626939594745636,120.0
bg_1050,0.8733231425285339,0.3223358392715454,0.6387717723846436,502.0
bg_1052,0.8342558741569519,0.2735952138900757,0.5682263374328613,136.0
bg_1057,0.7364364266395569,0.2236163914203643,0.4944994747638702,469.0
bg_1064,0.838487446308136,0.3492298722267151,0.6455754041671753,200.0
bg_1069,0.8318137526512146,0.2164928466081619,0.4736524224281311,413.0
bg_1072,0.7893369197845459,0.3763539493083954,0.6701797246932983,201.0
bg_1078,0.780162513256073,0.2132226526737213,0.5326743721961975,353.0
bg_1079,0.7598804235458374,0.2793026864528656,0.580552875995636,189.0
bg_1082,0.847331166267395,0.3812375366687774,0.6663397550582886,108.0
bg_1095,0.8489253520965576,0.3578180968761444,0.6508966088294983,136.0
bg_1106,0.8654319047927856,0.3888912796974182,0.6778298616409302,410.0
bg_1111,0.8883568644523621,0.3961973786354065,0.7163077592849731,456.0
bg_1122,0.8411080241203308,0.3211802840232849,0.6150647401809692,243.0
bg_1123,0.8074718117713928,0.2562743127346039,0.5429864525794983,324.0
bg_1131,0.8849545121192932,0.4003527462482452,0.7008327841758728,203.0
bg_1139,0.8184308409690857,0.3456668257713318,0.6213902235031128,390.0
bg_1144,0.8656623363494873,0.3366722166538238,0.6585738062858582,137.0
bg_1146,0.8701649308204651,0.3655934333801269,0.6683266758918762,142.0
bg_1148,0.8337116241455078,0.3015821874141693,0.6152828335762024,149.0
bg_1149,0.8423641324043274,0.3299526572227478,0.6147360801696777,308.0
bg_1156,0.857589840888977,0.2822559773921966,0.6001582145690918,358.0
bg_1158,0.8374247550964355,0.258694052696228,0.5877516865730286,435.0
bg_1160,0.7307032346725464,0.3099778294563293,0.6017699241638184,59.0
bg_1175,0.8890118598937988,0.3974218070507049,0.6929802298545837,605.0
bg_1178,0.8052391409873962,0.2471188157796859,0.5448060631752014,472.0
bg_1189,0.8604587912559509,0.3299881517887115,0.6381567716598511,83.0
bg_1191,0.8494985699653625,0.2744799852371216,0.5986905097961426,138.0
bg_1196,0.9003888368606567,0.3915016949176788,0.7130400538444519,441.0
bg_1201,0.7833021879196167,0.2859164178371429,0.6035864353179932,455.0
bg_1214,0.8249741196632385,0.2859101891517639,0.6218647956848145,116.0
bg_1216,0.8290891051292419,0.3656658828258514,0.6464828252792358,107.0
bg_1222,0.8029005527496338,0.2473969459533691,0.5371455550193787,140.0
bg_1229,0.8531062006950378,0.2833689153194427,0.6209724545478821,146.0
bg_1250,0.8804516196250916,0.3895694315433502,0.6973512768745422,215.0
bg_1251,0.8734896183013916,0.3143006861209869,0.6270879507064819,362.0
bg_1255,0.8680410981178284,0.3303773105144501,0.6362098455429077,98.0
bg_1260,0.8850982785224915,0.3275056183338165,0.6583094596862793,411.0
bg_1261,0.8492621779441833,0.3458151519298553,0.6387436985969543,450.0
bg_1263,0.870161771774292,0.377005785703659,0.6776055097579956,271.0
bg_1286,0.8809298276901245,0.340817928314209,0.6474195122718811,369.0
bg_1294,0.8280806541442871,0.2566076219081878,0.5721209645271301,192.0
bg_1295,0.842431902885437,0.2748412191867828,0.5730027556419373,169.0
bg_1297,0.8141342401504517,0.3330769538879394,0.6155420541763306,171.0
bg_1303,0.8772918581962585,0.380663126707077,0.6817042231559753,516.0
bg_1304,0.8969849944114685,0.3773271739482879,0.6738663911819458,246.0
bg_1305,0.8304428458213806,0.3075816929340362,0.6192947030067444,191.0
bg_1307,0.8455474376678467,0.2601288557052612,0.5744844675064087,565.0
bg_1316,0.7872439622879028,0.3259955942630768,0.626524031162262,427.0
bg_1334,0.8573891520500183,0.2666000127792358,0.5956019163131714,516.0
bg_1337,0.7500710487365723,0.1963520050048828,0.4487669765949249,198.0
bg_1348,0.6144590973854065,0.0450676865875721,0.2998642027378082,373.0
bg_1349,0.7480898499488831,0.2164609730243683,0.4843181073665619,536.0
bg_1354,0.8887478709220886,0.3935330510139465,0.7013643383979797,487.0
bg_1358,0.7606692314147949,0.2431299686431884,0.529457151889801,437.0
bg_1365,0.8105807900428772,0.2225929796695709,0.5392849445343018,420.0
bg_1376,0.8692434430122375,0.3533261716365814,0.6705233454704285,134.0
bg_1378,0.8807753324508667,0.3758276998996734,0.6777792572975159,198.0
bg_1389,0.8694873452186584,0.2288985252380371,0.5598976016044617,187.0
bg_1398,0.8029844164848328,0.1960784196853637,0.5095767974853516,481.0
bg_1402,0.8253074288368225,0.2196346223354339,0.5561267137527466,243.0
bg_1409,0.5177433490753174,0.0487638302147388,0.2639731764793396,878.0
bg_1427,0.5870549082756042,0.0445433184504509,0.2864905893802643,413.0
bg_1434,0.833518922328949,0.26807701587677,0.5841166973114014,409.0
bg_1437,0.7946967482566833,0.2224252820014953,0.5406166911125183,470.0
bg_1439,0.8606417179107666,0.1904297173023224,0.5333475470542908,213.0
bg_1440,0.7795392870903015,0.1741637885570526,0.4942560195922851,475.0
bg_1442,0.8480873107910156,0.4348092079162597,0.7048513889312744,69.0
bg_1447,0.8541570901870728,0.2959277331829071,0.5780379772186279,152.0
bg_1451,0.8420637845993042,0.3646033704280853,0.6616401672363281,130.0
bg_1456,0.8567878603935242,0.3237603306770324,0.6347763538360596,278.0
bg_1467,0.8309986591339111,0.3717534840106964,0.673400342464447,162.0
bg_1476,0.8152182698249817,0.2887473404407501,0.6002243757247925,153.0
bg_1492,0.8041948676109314,0.2399356812238693,0.5515773296356201,310.0
bg_1498,0.7045505046844482,0.2010128796100616,0.4700236022472381,387.0
bg_1503,0.8495370745658875,0.2884168624877929,0.5906693339347839,458.0
bg_1517,0.8106922507286072,0.2660738825798034,0.59923255443573,184.0
bg_1524,0.8178029656410217,0.2684121131896972,0.5675416588783264,484.0
bg_1525,0.8849149346351624,0.3773507177829742,0.6931264996528625,437.0
bg_1528,0.861476480960846,0.285992830991745,0.6151378750801086,981.0
bg_1535,0.8494303226470947,0.3507854342460632,0.6663081645965576,369.0
bg_1542,0.7123686075210571,0.2281639724969864,0.4861998856067657,79.0
bg_1549,0.8395060300827026,0.2000762969255447,0.5255306363105774,186.0
bg_1552,0.9002721309661865,0.318068116903305,0.6351284384727478,500.0
bg_1553,0.7229942083358765,0.2675338089466095,0.5457820296287537,397.0
bg_1557,0.8725094795227051,0.3565850853919983,0.6618320941925049,325.0
bg_1559,0.8543393611907959,0.297147661447525,0.601304829120636,138.0
bg_1563,0.8223493695259094,0.2664916813373565,0.5885969400405884,441.0
bg_1568,0.771648645401001,0.2752445936203003,0.5378697514533997,450.0
bg_1577,0.8459957242012024,0.2752987444400787,0.6032452583312988,488.0
bg_1579,0.8931511044502258,0.3526538014411926,0.6623362898826599,183.0
bg_1580,0.8346278667449951,0.2962035238742828,0.6155141592025757,147.0
bg_1584,0.8198788166046143,0.3032585680484772,0.6139926314353943,138.0
bg_1590,0.8655106425285339,0.3268122375011444,0.6580086946487427,507.0
bg_1596,0.7804020643234253,0.2184628993272781,0.5275964140892029,190.0
bg_1597,0.8411255478858948,0.2818700671195984,0.5845313668251038,364.0
bg_1608,0.8809484243392944,0.3785315752029419,0.6754180192947388,202.0
bg_1609,0.8768555521965027,0.3487262427806854,0.6545913815498352,437.0
bg_1611,0.8727833032608032,0.362692266702652,0.6703246235847473,251.0
bg_1612,0.8342635035514832,0.3575875759124756,0.6501289010047913,350.0
bg_1618,0.8529434204101562,0.3481236696243286,0.6499319672584534,200.0
bg_1634,0.8610443472862244,0.3209735155105591,0.6436672210693359,135.0
bg_1642,0.8632001876831055,0.2912125587463379,0.6092138290405273,466.0
bg_1648,0.8651583790779114,0.295108824968338,0.6229563355445862,433.0
bg_1651,0.7671471834182739,0.2393505126237869,0.5258595943450928,492.0
bg_1659,0.8714591264724731,0.2721022367477417,0.6111392974853516,330.0
bg_1661,0.8769899606704712,0.3232216238975525,0.6063604950904846,209.0
bg_1678,0.8616154193878174,0.354570984840393,0.6405565142631531,324.0
bg_1680,0.8446441292762756,0.2723219692707062,0.5685950517654419,65.0
bg_1687,0.7299492359161377,0.2824759483337402,0.5300113558769226,67.0
bg_1690,0.8139203190803528,0.2785132825374603,0.5838224291801453,213.0
bg_1717,0.8574503660202026,0.3652157485485077,0.6620287895202637,600.0
bg_1727,0.7171131372451782,0.118212454020977,0.3737785518169403,298.0
bg_1728,0.7456384301185608,0.1968444734811782,0.4719700217247009,91.0
bg_1729,0.7677709460258484,0.2012222707271576,0.5057185292243958,502.0
bg_1736,0.8569656610488892,0.3386257290840149,0.6266283988952637,191.0
bg_1743,0.7885521650314331,0.2958226799964905,0.599174976348877,45.0
bg_1747,0.8498266339302063,0.3412618935108185,0.6578517556190491,122.0
bg_1749,0.8400431871414185,0.325771152973175,0.615405261516571,127.0
bg_1756,0.8850642442703247,0.309438407421112,0.6193623542785645,438.0
bg_1765,0.8845982551574707,0.3691608011722564,0.665901243686676,519.0
bg_1777,0.8689826726913452,0.3343289792537689,0.6421762108802795,365.0
bg_1786,0.8066436052322388,0.2508074343204498,0.5335699319839478,502.0
bg_1791,0.8892475366592407,0.384491503238678,0.6739814877510071,223.0
bg_1792,0.8565461039543152,0.3402906954288482,0.6407026052474976,148.0
bg_1796,0.8219277262687683,0.2282883077859878,0.5487643480300903,683.0
bg_1807,0.7842636108398438,0.06509580463171,0.3806435167789459,371.0
bg_1808,0.8551128506660461,0.2778555154800415,0.5682929754257202,190.0
bg_1809,0.8610132932662964,0.3498379290103912,0.673873245716095,178.0
bg_1816,0.6504228115081787,0.1924521923065185,0.447202205657959,62.0
bg_1820,0.756037175655365,0.2065374702215194,0.5123929381370544,120.0
bg_1829,0.8148521184921265,0.2817825973033905,0.5828165411949158,129.0
bg_1830,0.8335156440734863,0.3267911076545715,0.6390459537506104,146.0
bg_1832,0.8777168393135071,0.4127845168113708,0.7090299725532532,143.0
bg_1833,0.8651139736175537,0.3619444668292999,0.6663216352462769,257.0
bg_1840,0.7712869644165039,0.1901210099458694,0.5061838626861572,462.0
bg_1845,0.784006655216217,0.1686538755893707,0.461311787366867,392.0
bg_1847,0.7333170175552368,0.1791844815015792,0.478859007358551,464.0
bg_1858,0.759976327419281,0.2203049808740615,0.4751690924167633,253.0
bg_1871,0.8525323867797852,0.3217825889587402,0.6313408017158508,144.0
bg_1872,0.864591658115387,0.3833404183387756,0.6970678567886353,318.0
bg_1882,0.8925180435180664,0.3388106524944305,0.6500946879386902,119.0
bg_1884,0.7913256287574768,0.190537691116333,0.5133309960365295,438.0
bg_1897,0.8692994713783264,0.3334717750549316,0.6599996089935303,292.0
bg_1899,0.8008385300636292,0.2124646008014679,0.5198813676834106,531.0
bg_1903,0.7284729480743408,0.2451676130294799,0.5409319400787354,159.0
bg_1904,0.8651854991912842,0.3341224193572998,0.6383385062217712,435.0
bg_1918,0.8099499344825745,0.2091384530067443,0.5452942252159119,475.0
bg_1919,0.7402575612068176,0.244190514087677,0.5329696536064148,472.0
bg_1920,0.8085521459579468,0.2795151174068451,0.583463728427887,423.0
bg_1929,0.8225644826889038,0.19218210875988,0.4512297809123993,194.0
bg_1935,0.8619022965431213,0.31175297498703,0.6270254850387573,163.0
bg_1937,0.541583776473999,0.1494135558605194,0.349141925573349,530.0
bg_1944,0.8307016491889954,0.2604365348815918,0.5764344334602356,205.0
bg_1947,0.8927485346794128,0.4003234803676605,0.6896942257881165,527.0
bg_1950,0.8494197130203247,0.3728956580162048,0.6658931970596313,492.0
bg_1961,0.8288742303848267,0.3409177958965301,0.6427542567253113,110.0
bg_1962,0.8610142469406128,0.4035994112491607,0.6932534575462341,187.0
bg_1963,0.790451169013977,0.2060834020376205,0.4378091990947723,244.0
bg_1973,0.8770434856414795,0.3543791472911834,0.6660838723182678,375.0
bg_1988,0.8491578698158264,0.3606193363666534,0.666111946105957,198.0
bg_1996,0.8768178820610046,0.4088810682296753,0.6889599561691284,339.0
bg_2003,0.7939308285713196,0.265831708908081,0.5669745802879333,57.0
bg_2004,0.6610718965530396,0.1466260701417923,0.40808966755867,435.0
bg_2009,0.8454838395118713,0.3064159750938415,0.6353422403335571,207.0
bg_2011,0.8771616220474243,0.3545033037662506,0.6581725478172302,335.0
bg_2018,0.7793124914169312,0.2738208174705505,0.5608705878257751,444.0
bg_2021,0.8499822616577148,0.282783955335617,0.5959631204605103,437.0
bg_2028,0.8405928611755371,0.2799739837646484,0.6074344515800476,109.0
bg_2029,0.7595329880714417,0.2190178036689758,0.5168009400367737,182.0
bg_2030,0.830194890499115,0.2353281080722808,0.5526099801063538,625.0
bg_2032,0.8848238587379456,0.3933300077915191,0.6932153701782227,505.0
bg_2044,0.8883426785469055,0.3323164582252502,0.6328054070472717,166.0
bg_2054,0.8531491160392761,0.2445300668478012,0.5637426376342773,462.0
bg_2061,0.8341671824455261,0.2391920834779739,0.5566055774688721,464.0
bg_2066,0.8886736035346985,0.3993928432464599,0.7007960081100464,288.0
bg_2068,0.8543928265571594,0.3155945241451263,0.6384631395339966,178.0
bg_2103,0.8493517637252808,0.3302623629570007,0.6503647565841675,399.0
bg_2109,0.8612672686576843,0.3720412254333496,0.6719053983688354,456.0
bg_2116,0.222799003124237,0.011732361279428,0.1303342431783676,490.0
bg_2121,0.8415722250938416,0.2480110675096511,0.5739632844924927,894.0
bg_2126,0.8572804927825928,0.3395905494689941,0.6464831829071045,464.0
bg_2135,0.8649845123291016,0.335099458694458,0.6508196592330933,126.0
bg_2136,0.8616291284561157,0.3506537675857544,0.6659432649612427,169.0
bg_2150,0.7915389537811279,0.2431701868772506,0.5638226270675659,185.0
bg_2158,0.8145879507064819,0.3446095585823059,0.6393453478813171,194.0
bg_2168,0.7355062365531921,0.2531311810016632,0.5303394794464111,269.0
bg_2169,0.814045250415802,0.2546677887439728,0.5573318004608154,201.0
bg_2172,0.8099164962768555,0.2948162257671356,0.5918354392051697,299.0
bg_2174,0.8260253667831421,0.314848393201828,0.6107255220413208,501.0
bg_2185,0.7448426485061646,0.0759246200323104,0.427498459815979,510.0
bg_2186,0.8498749732971191,0.286554753780365,0.591603696346283,307.0
bg_2190,0.8181931972503662,0.2684700787067413,0.568967342376709,118.0
bg_2192,0.6767290234565735,0.1000236719846725,0.3724574148654938,470.0
bg_2201,0.8463646769523621,0.2563074827194214,0.5810229778289795,373.0
bg_2203,0.8061720728874207,0.3179784715175628,0.6153618097305298,345.0
bg_2207,0.8968331813812256,0.3643866181373596,0.6584458351135254,798.0
bg_2213,0.8416634202003479,0.3186783194541931,0.6216745972633362,369.0
bg_2223,0.8112941384315491,0.2947277724742889,0.6036577820777893,435.0
bg_2227,0.8455991744995117,0.2233869284391403,0.5488423705101013,469.0
bg_2228,0.8605633974075317,0.4083770513534546,0.6969730257987976,331.0
bg_2237,0.8456125259399414,0.3466766476631164,0.6379260420799255,570.0
bg_2249,0.8617979884147644,0.3391319513320923,0.6261045932769775,197.0
bg_2251,0.8502630591392517,0.3489657938480377,0.6582801342010498,141.0
bg_2253,0.8357107639312744,0.3236657977104187,0.6333661675453186,118.0
bg_2255,0.8810872435569763,0.3304550945758819,0.6467157602310181,507.0
bg_2256,0.8692383766174316,0.330749362707138,0.6533769369125366,149.0
bg_2263,0.8373945355415344,0.3399714529514313,0.6480816006660461,156.0
bg_2271,0.7908922433853149,0.2515690624713897,0.541092038154602,400.0
bg_2272,0.8304779529571533,0.323303073644638,0.6429352760314941,205.0
bg_2282,0.8298737406730652,0.2169275134801864,0.5453161001205444,1052.0
bg_2283,0.8219985365867615,0.303832858800888,0.6265721917152405,188.0
bg_2285,0.873081386089325,0.3076591193675995,0.6227868795394897,489.0
bg_2291,0.8668891191482544,0.3708533644676208,0.6656555533409119,168.0
bg_2299,0.7602335810661316,0.2491876929998397,0.5409349203109741,451.0
bg_2301,0.8054810166358948,0.3801592886447906,0.670305609703064,152.0
bg_2305,0.8382969498634338,0.3189306855201721,0.5948604345321655,305.0
bg_2310,0.8299220204353333,0.2932305037975311,0.5731033682823181,117.0
bg_2312,0.8608137369155884,0.2795073688030243,0.595765233039856,141.0
bg_2322,0.8493631482124329,0.3374023139476776,0.63111811876297,449.0
bg_2332,0.8768378496170044,0.4151096045970917,0.7127684354782104,359.0
bg_2333,0.8771458864212036,0.3849719762802124,0.6734862327575684,308.0
bg_2341,0.8854039907455444,0.3583430349826813,0.6664174199104309,184.0
bg_2342,0.8734803199768066,0.271605521440506,0.6080737113952637,351.0
bg_2346,0.8766136765480042,0.3469147682189941,0.6548486948013306,400.0
bg_2348,0.6661633849143982,0.2017340660095214,0.4725417494773865,494.0
bg_2349,0.8041480779647827,0.3334286212921142,0.6424618363380432,129.0
bg_2351,0.8341198563575745,0.2532812654972076,0.5614867806434631,151.0
bg_2367,0.8217687010765076,0.2676506340503692,0.5920163989067078,205.0
bg_2376,0.8115023970603943,0.2862132787704468,0.591598629951477,306.0
bg_2377,0.8233043551445007,0.3250829577445984,0.6277086138725281,186.0
bg_2378,0.770858883857727,0.2061911821365356,0.4911294877529144,517.0
bg_2382,0.7989795804023743,0.2942070662975311,0.5849947929382324,84.0
bg_2384,0.8538378477096558,0.2951407134532928,0.5937550067901611,344.0
bg_2388,0.0606493577361106,-0.0224693622440099,0.1029766574501991,260.0
bg_2395,0.4232256710529327,0.1438055783510208,0.3460626602172851,611.0
bg_2402,0.84232497215271,0.3585132956504822,0.6461073160171509,204.0
bg_2403,0.8616742491722107,0.3660479187965393,0.6709195375442505,179.0
bg_2404,0.8061389327049255,0.2751810848712921,0.5802029371261597,532.0
bg_2406,0.8304052352905273,0.3198663592338562,0.6230407953262329,114.0
bg_2409,0.8346498012542725,0.3127050995826721,0.6264264583587646,85.0
bg_2425,0.8412110209465027,0.2633515298366546,0.5844852924346924,219.0
bg_2428,0.3529725670814514,0.052262470126152,0.2481229454278946,463.0
bg_2429,0.8801594376564026,0.3504974544048309,0.6421541571617126,115.0
bg_2436,0.8404681086540222,0.3183273375034332,0.6035565733909607,402.0
bg_2440,0.8331151008605957,0.3108111321926117,0.6190876960754395,464.0
bg_2443,0.8458459377288818,0.2909648716449737,0.5977603197097778,754.0
bg_2447,0.8806929588317871,0.3796214461326599,0.6896893978118896,597.0
bg_2451,0.8694441914558411,0.3310981392860412,0.6442539691925049,165.0
bg_2454,0.746367871761322,0.1927579492330551,0.4631473422050476,327.0
bg_2455,0.7455337643623352,0.2752033770084381,0.5643110871315002,376.0
bg_2457,0.8122369647026062,0.2163711339235305,0.5202179551124573,558.0
bg_2471,0.849543035030365,0.3997440338134765,0.7050718665122986,375.0
bg_2473,0.8557048439979553,0.2907648086547851,0.6035146713256836,556.0
bg_2474,0.7988940477371216,0.2415564656257629,0.5566025972366333,189.0
bg_2480,0.8406553864479065,0.2755485773086548,0.6034053564071655,480.0
bg_2487,0.8769594430923462,0.3690361976623535,0.6700525283813477,395.0
bg_2491,0.8361425399780273,0.2831253111362457,0.5836530923843384,560.0
bg_2492,0.8450209498405457,0.3272749483585357,0.6385193467140198,123.0
bg_2495,0.8295851945877075,0.3221349418163299,0.6237232089042664,417.0
bg_2509,0.8698685169219971,0.2821713387966156,0.6106392741203308,239.0
bg_2512,0.7748015522956848,0.2588755190372467,0.5485069155693054,355.0
bg_2515,0.8729996681213379,0.3412131667137146,0.6468868255615234,195.0
bg_2519,0.841061532497406,0.3368285298347473,0.6267378330230713,115.0
bg_2520,0.8654961585998535,0.2801648080348968,0.6077454686164856,465.0
bg_2527,0.8072713613510132,0.3115541040897369,0.5922011137008667,197.0
bg_2531,0.8434366583824158,0.3256931900978088,0.6353626847267151,178.0
bg_2534,0.8648549914360046,0.4090063571929931,0.7014814019203186,228.0
bg_2536,0.8806657195091248,0.3116913735866546,0.6387755274772644,448.0
bg_2545,0.8570272922515869,0.3066597282886505,0.6154460310935974,388.0
bg_2547,0.8333863615989685,0.2767880260944366,0.5963637828826904,148.0
bg_2549,0.8467108011245728,0.3532935380935669,0.646892786026001,220.0
bg_2564,0.7564125061035156,0.2176981121301651,0.532525360584259,377.0
bg_2567,0.7393275499343872,0.2808794379234314,0.5594300627708435,86.0
bg_2569,0.8610951900482178,0.3016316592693329,0.6115097403526306,446.0
bg_2571,0.8418194055557251,0.3388267755508423,0.6465380191802979,405.0
bg_2572,0.8351747393608093,0.327048122882843,0.6240963339805603,274.0
bg_2574,0.8532480597496033,0.2879794538021087,0.6046853065490723,159.0
bg_2575,0.7450646162033081,0.2658977210521698,0.5452463626861572,318.0
bg_2576,0.7960342764854431,0.3100377023220062,0.5844167470932007,65.0
bg_2582,0.8261620998382568,0.3098032772541046,0.6032300591468811,227.0
bg_2589,0.8379692435264587,0.2514466643333435,0.5683810710906982,868.0
bg_2594,0.8385105133056641,0.317607045173645,0.6306989192962646,265.0
bg_2596,0.8223761320114136,0.2506936192512512,0.5564540028572083,510.0
bg_2598,0.8530610203742981,0.2372858226299286,0.5654899477958679,498.0
bg_2609,0.8441351056098938,0.2716588675975799,0.5908315181732178,122.0
bg_2628,0.8534287214279175,0.3682343661785126,0.665352463722229,121.0
bg_2630,0.8026593327522278,0.2976118624210357,0.5794936418533325,400.0
bg_2632,0.7916997075080872,0.2402436286211013,0.5437422394752502,460.0
bg_2633,0.8337936401367188,0.3144023418426513,0.61546790599823,728.0
bg_2641,0.8846727013587952,0.3740226626396179,0.673102080821991,213.0
bg_2642,0.8379086852073669,0.3264591097831726,0.6305788159370422,385.0
bg_2643,0.8304495811462402,0.2885456681251526,0.5875719785690308,193.0
bg_2645,0.7871190905570984,0.2987059652805328,0.6036170721054077,931.0
bg_2646,0.849583625793457,0.3348539769649505,0.631135106086731,641.0
bg_2650,0.794733464717865,0.2801259458065033,0.5801527500152588,433.0
bg_2653,0.8574142456054688,0.3411383032798767,0.6267287135124207,429.0
bg_2670,0.6195445656776428,0.1819172203540802,0.4588218033313751,505.0
bg_2680,0.5921644568443298,0.146613210439682,0.3926849365234375,375.0
bg_2682,0.8494216799736023,0.319226861000061,0.6227067708969116,363.0
bg_2688,0.849449872970581,0.2883132398128509,0.6080407500267029,495.0
bg_2694,0.8282120823860168,0.2404530346393585,0.5450628399848938,166.0
bg_2695,0.7930541038513184,0.2393185794353485,0.5486703515052795,679.0
bg_2711,0.7913379073143005,0.241321712732315,0.5562626123428345,241.0
bg_2714,0.8378028869628906,0.2948209643363952,0.5961527824401855,416.0
bg_2717,0.8611874580383301,0.3330782949924469,0.592391312122345,200.0
bg_2724,0.7925708889961243,0.297908753156662,0.5955095887184143,692.0
bg_2748,0.8076842427253723,0.2781329154968261,0.5916399359703064,127.0
bg_2754,0.7994557619094849,0.2131843715906143,0.5018876791000366,408.0
bg_2760,0.3945369124412536,0.1616812348365783,0.3518576025962829,548.0
bg_2773,0.8693462610244751,0.3190690577030182,0.6430659890174866,151.0
bg_2774,0.842219352722168,0.2861963808536529,0.5884147882461548,419.0
bg_2778,0.8694303631782532,0.3256446123123169,0.6347880959510803,254.0
bg_2784,0.8775283694267273,0.301235020160675,0.6194592118263245,168.0
bg_2799,0.8084439039230347,0.199337437748909,0.5288298726081848,278.0
bg_2804,0.7515981793403625,0.2924528121948242,0.5589386820793152,61.0
bg_2815,0.8557919263839722,0.3314916789531708,0.6551020741462708,160.0
bg_2824,0.8653022646903992,0.3485262989997864,0.6707243323326111,165.0
bg_2830,0.8295394778251648,0.3309169113636017,0.6348708868026733,791.0
bg_2844,0.7693197727203369,0.2527478039264679,0.5385971069335938,422.0
bg_2846,0.8265082240104675,0.383523017168045,0.6817345023155212,225.0
bg_2854,0.717285692691803,0.1815148591995239,0.4559553563594818,474.0
bg_2861,0.7983714938163757,0.1975978314876556,0.5170975923538208,358.0
bg_2869,0.8611703515052795,0.3464708924293518,0.6620497703552246,103.0
bg_2873,0.763948917388916,0.170993372797966,0.4702864289283752,754.0
bg_2874,0.8455093502998352,0.3357493877410888,0.6311858296394348,194.0
bg_2877,0.858164370059967,0.3688839077949524,0.658356249332428,443.0
bg_2879,0.8433014154434204,0.2592123746871948,0.5752242207527161,107.0
bg_2885,0.81391441822052,0.2993329763412475,0.588211178779602,443.0
bg_2892,0.8773418068885803,0.4555261135101318,0.7293257117271423,147.0
bg_2898,0.8218385577201843,0.2675203382968902,0.5852580070495605,79.0
bg_2899,0.7807022333145142,0.2401304543018341,0.5535064339637756,460.0
bg_2900,0.8164336085319519,0.3068799376487732,0.6329577565193176,134.0
bg_2908,0.8453111052513123,0.3428803980350494,0.6467010378837585,409.0
bg_2918,0.8374378681182861,0.3159294724464416,0.6228523850440979,155.0
bg_2919,0.3947877883911133,0.1341353505849838,0.3868244886398315,498.0
bg_2923,0.824421763420105,0.4346233904361725,0.7097735404968262,77.0
bg_2924,0.8184944987297058,0.2131818830966949,0.5333226323127747,1009.0
bg_2928,0.7876167297363281,0.2661271393299103,0.537294328212738,227.0
bg_2934,0.6892044544219971,0.1765775978565216,0.4473543763160705,352.0
bg_2942,0.6621140837669373,0.1155136972665786,0.3836721777915954,383.0
bg_2946,0.8183829188346863,0.2429615408182144,0.5607274174690247,403.0
bg_2947,0.8385100364685059,0.292259156703949,0.6116802096366882,175.0
bg_2949,0.8185033202171326,0.2469304800033569,0.5580646395683289,427.0
bg_2955,0.8655184507369995,0.3145000338554382,0.6172059774398804,464.0
bg_2959,0.835422933101654,0.3143966197967529,0.6280379295349121,132.0
bg_2960,0.8066400289535522,0.2601654827594757,0.5375291705131531,272.0
bg_2965,0.8023361563682556,0.2171135991811752,0.509926438331604,155.0
bg_2977,0.8377425074577332,0.3018520176410675,0.5911059975624084,189.0
bg_2987,0.8649613857269287,0.3018711805343628,0.5955508947372437,375.0
bg_2993,0.8379753232002258,0.2759585976600647,0.6038265824317932,134.0
bg_2995,0.8492670059204102,0.3379474878311157,0.6350553035736084,261.0
bg_3001,0.8725976943969727,0.3034640550613403,0.6306262016296387,358.0
bg_3011,0.8622075319290161,0.3177452981472015,0.6390446424484253,242.0
bg_3016,0.8104454874992371,0.1411615014076233,0.4708954095840454,187.0
bg_3018,0.8766623735427856,0.3543041944503784,0.6625422239303589,508.0
bg_3022,0.7848432064056396,0.216764360666275,0.5209338068962097,458.0
bg_3023,0.8457988500595093,0.3484985530376434,0.6663790345191956,161.0
bg_3032,0.825366199016571,0.3367653489112854,0.6506574153900146,159.0
bg_3037,0.0968199595808982,0.0159087888896465,0.1146048083901405,152.0
bg_3040,0.7362799644470215,0.1674310117959976,0.4379996061325073,468.0
bg_3043,0.8143201470375061,0.3292889297008514,0.6231613159179688,411.0
bg_3044,0.8848279714584351,0.3428069949150085,0.6582419276237488,728.0
bg_3048,0.7693529725074768,0.2271508872509002,0.5370689630508423,454.0
bg_3053,0.8296453952789307,0.3461330831050873,0.6351320147514343,143.0
bg_3055,0.8457785844802856,0.3015881776809692,0.5996758937835693,463.0
bg_3060,0.8412929177284241,0.2990476191043854,0.6165764331817627,99.0
bg_3063,0.853359580039978,0.3003392219543457,0.6148355603218079,140.0
bg_3068,0.8343476057052612,0.3065277636051178,0.6115361452102661,455.0
bg_3080,0.7989438772201538,0.2606557309627533,0.5808779001235962,84.0
bg_3087,0.8618478775024414,0.2197910249233245,0.5289091467857361,459.0
bg_3097,0.8611680865287781,0.3293301463127136,0.6425260901451111,406.0
bg_3101,0.7793364524841309,0.1113439798355102,0.4085622131824493,458.0
bg_3105,0.7964130640029907,0.247454434633255,0.5530354976654053,139.0
bg_3109,0.8693694472312927,0.3995696902275085,0.692315936088562,195.0
bg_3111,0.8093068599700928,0.2740440368652344,0.5723538994789124,235.0
bg_3113,0.8282870054244995,0.2516319155693054,0.5774180293083191,141.0
bg_3120,0.8652673959732056,0.3142682015895843,0.6313348412513733,508.0
bg_3124,0.8110453486442566,0.3142617344856262,0.6036652326583862,435.0
bg_3137,0.8239464163780212,0.266672283411026,0.569038987159729,136.0
bg_3146,0.8595198392868042,0.3272216916084289,0.6274786591529846,124.0
bg_3148,0.849692702293396,0.2591185867786407,0.5685911178588867,472.0
bg_3150,0.8494501113891602,0.2746240794658661,0.593842625617981,214.0
bg_3155,0.8732417821884155,0.3372588455677032,0.6430889964103699,313.0
bg_3160,0.8179168701171875,0.3170703947544098,0.6027580499649048,247.0
bg_3167,0.8715780377388,0.3228790462017059,0.6445631980895996,184.0
bg_3174,0.8140974640846252,0.2586420774459839,0.5483813285827637,79.0
bg_3179,0.8038424253463745,0.2807641625404358,0.5935548543930054,124.0
bg_3186,0.8381377458572388,0.342481404542923,0.6544846296310425,153.0
bg_3192,0.8849108219146729,0.3900150060653686,0.6913479566574097,376.0
bg_3194,0.8261139392852783,0.3132714927196502,0.6230539679527283,399.0
bg_3199,0.8411598205566406,0.3503371477127075,0.6467444896697998,135.0
bg_3206,0.8848987817764282,0.3215504586696625,0.6274241805076599,371.0
bg_3216,0.8628774285316467,0.3683125972747803,0.6814369559288025,163.0
bg_3217,0.8570672273635864,0.3203485906124115,0.6055612564086914,390.0
bg_3221,0.8471972346305847,0.4156101942062378,0.693754255771637,162.0
bg_3222,0.8574034571647644,0.3385397791862488,0.6541469097137451,166.0
bg_3225,0.8612077236175537,0.3857542276382446,0.6849856972694397,207.0
bg_3230,0.8660158514976501,0.3386391103267669,0.631754994392395,145.0
bg_3234,0.8495821356773376,0.3477703332901001,0.6549203395843506,112.0
bg_3238,0.8540760278701782,0.311939001083374,0.6258865594863892,135.0
bg_3247,0.8775443434715271,0.384268581867218,0.6971147060394287,536.0
bg_3252,0.7593458890914917,0.2284860014915466,0.525088369846344,446.0
bg_3259,0.861513078212738,0.2838334143161773,0.5803021192550659,144.0
bg_3260,0.8851709365844727,0.3493070304393768,0.666179895401001,306.0
bg_3263,0.7637646794319153,0.1998665928840637,0.4863708913326263,455.0
bg_3270,0.7830495238304138,0.2203907072544098,0.5056187510490417,375.0
bg_3281,0.7869054675102234,0.258527398109436,0.5643861889839172,465.0
bg_3288,0.7779237031936646,0.215890571475029,0.5129876732826233,482.0
bg_3292,0.8217130899429321,0.3020831644535064,0.5920198559761047,257.0
bg_3295,0.7053102850914001,0.2851959466934204,0.5523862838745117,694.0
bg_3300,0.7692815065383911,0.230164960026741,0.5481366515159607,99.0
bg_3311,0.7990679740905762,0.3099782168865204,0.5980093479156494,62.0
bg_3320,0.847916841506958,0.3395829498767853,0.6386145353317261,151.0
bg_3330,0.8144132494926453,0.3336338996887207,0.6196740865707397,147.0
bg_3342,0.8579972982406616,0.3284600079059601,0.6390308141708374,344.0
bg_3344,0.8646066188812256,0.2960831820964813,0.6075243353843689,433.0
bg_3345,0.8807410001754761,0.3808263838291168,0.6656706929206848,334.0
bg_3361,0.8422073125839233,0.2716087698936462,0.5998185873031616,461.0
bg_3371,0.7850005626678467,0.2397681027650833,0.5235357284545898,188.0
bg_3373,0.7674766182899475,0.2784345149993896,0.5890594720840454,431.0
bg_3374,0.8422440886497498,0.3490738570690155,0.6458620429039001,148.0
bg_3380,0.8262186646461487,0.2205757051706314,0.5579758286476135,481.0
bg_3388,0.8381136059761047,0.3268378674983978,0.6366603970527649,188.0
bg_3390,0.8650164604187012,0.3495994508266449,0.6505878567695618,573.0
bg_3392,0.8504133224487305,0.284197986125946,0.6069847345352173,66.0
bg_3395,0.8028249740600586,0.2797036468982696,0.57676762342453,249.0
bg_3396,0.8138634562492371,0.2374586910009384,0.5797204375267029,251.0
bg_3397,0.8618365526199341,0.3069451153278351,0.6191312670707703,705.0
bg_3405,0.7218735218048096,0.2161659449338913,0.458307534456253,384.0
bg_3413,0.8136646151542664,0.2689203321933746,0.5794631242752075,77.0
bg_3415,0.7561580538749695,0.1836532205343246,0.4905812442302704,186.0
bg_3427,0.7634153366088867,0.1578078716993332,0.4596029222011566,511.0
bg_3430,0.8656471371650696,0.3065665066242218,0.6146253943443298,145.0
bg_3431,0.8026736974716187,0.3223447501659393,0.6030074954032898,265.0
bg_3435,0.8377033472061157,0.2875455021858215,0.5999704599380493,253.0
bg_3443,0.8253694176673889,0.2868766784667969,0.5762049555778503,335.0
bg_3453,0.8455821871757507,0.2593988180160522,0.5725678205490112,545.0
bg_3461,0.850710391998291,0.3097099363803863,0.631022572517395,179.0
bg_3464,0.8732262849807739,0.3334048986434936,0.6574500203132629,245.0
bg_3467,0.8649018406867981,0.3073068559169769,0.6143606305122375,384.0
bg_3471,0.8308764100074768,0.326027363538742,0.6067951917648315,95.0
bg_3473,0.8461188673973083,0.2895390093326568,0.5927875638008118,106.0
bg_3485,0.858130156993866,0.3215964436531067,0.6506689190864563,326.0
bg_3488,0.8718514442443848,0.3720262348651886,0.6617953777313232,117.0
bg_3491,0.861793041229248,0.3466190695762634,0.6545910835266113,340.0
bg_3497,0.8398405909538269,0.3269244432449341,0.6328667998313904,342.0
bg_3499,0.9002149105072021,0.3603042364120483,0.6512615084648132,173.0
bg_3508,0.7716284394264221,0.2949146926403045,0.5638995170593262,480.0
bg_3519,0.8631756901741028,0.327248752117157,0.6427159309387207,176.0
bg_3526,0.8300207853317261,0.2895755171775818,0.6148635745048523,107.0
bg_3530,0.7954956889152527,0.3497394323348999,0.6348250508308411,364.0
bg_3533,0.8349273800849915,0.2577280700206756,0.5790848731994629,113.0
bg_3534,0.7904341220855713,0.2590654194355011,0.5196599364280701,181.0
bg_3539,0.8106443285942078,0.2756542265415191,0.5725347995758057,448.0
bg_3541,0.8699612617492676,0.342627465724945,0.6307902336120605,339.0
bg_3542,0.8505683541297913,0.3713363707065582,0.6779752969741821,206.0
bg_3543,0.8446406722068787,0.3311596810817718,0.6035091280937195,173.0
bg_3544,0.8649966716766357,0.3341676890850067,0.6582685708999634,196.0
bg_3556,0.8337751030921936,0.3724355101585388,0.6503536105155945,289.0
bg_3558,0.8419201970100403,0.2605977356433868,0.5784134268760681,534.0
bg_3564,0.8732357621192932,0.3819648921489715,0.6853656768798828,381.0
bg_3565,0.8379961848258972,0.3457654416561126,0.6344438791275024,142.0
bg_3567,0.8403082489967346,0.3107318580150604,0.6073700785636902,438.0
bg_3572,0.8458385467529297,0.3101657330989837,0.6159123778343201,295.0
bg_3573,0.8774197101593018,0.3877967894077301,0.6863086223602295,385.0
bg_3575,0.8415445685386658,0.3485536575317383,0.6545107960700989,437.0
bg_3576,0.8461189270019531,0.3934415876865387,0.6816262006759644,257.0
bg_3581,0.8690703511238098,0.384606271982193,0.6815903186798096,323.0
bg_3585,0.8179952502250671,0.3075169622898102,0.6118448972702026,486.0
bg_3591,0.8419738411903381,0.2863326370716095,0.5979200601577759,200.0
bg_3598,0.8692401051521301,0.311738520860672,0.6272303462028503,354.0
bg_3603,0.8298102617263794,0.2707350850105285,0.5842503309249878,191.0
bg_3609,0.8531658053398132,0.3134340047836303,0.6153437495231628,154.0
bg_3611,0.8613075017929077,0.3547111451625824,0.6544911861419678,159.0
bg_3612,0.8617241382598877,0.3551026284694671,0.653131902217865,108.0
bg_3616,0.8502051830291748,0.3154903054237366,0.6386261582374573,153.0
bg_3617,0.8341137170791626,0.3390525877475738,0.6116979718208313,617.0
bg_3618,0.8844214677810669,0.369485467672348,0.6760168671607971,210.0
bg_3623,0.8614705801010132,0.3564934432506561,0.6589052081108093,317.0
bg_3624,0.8572440147399902,0.2731771469116211,0.5829707980155945,110.0
bg_3626,0.8066937327384949,0.2820640802383423,0.5910795331001282,375.0
bg_3632,0.8772636651992798,0.367819219827652,0.681885302066803,448.0
bg_3640,0.8805586695671082,0.344093918800354,0.6422189474105835,144.0
bg_3647,0.833778977394104,0.2747857868671417,0.5838958024978638,534.0
bg_3659,0.8765459060668945,0.3097413182258606,0.6267964243888855,271.0
bg_3660,0.7636412978172302,0.2123858332633972,0.5079473853111267,478.0
bg_3671,0.8689779043197632,0.3732181191444397,0.6660907864570618,469.0
bg_3673,0.857997715473175,0.2342099994421005,0.5627400279045105,106.0
bg_3674,0.6673160791397095,0.2165059745311737,0.5017921328544617,519.0
bg_3687,0.7948799133300781,0.2313273102045059,0.5333796739578247,873.0
bg_3688,0.7906200289726257,0.2496626377105713,0.5568545460700989,253.0
bg_3694,0.8024853467941284,0.2056856155395507,0.5170125961303711,413.0
bg_3696,0.8805433511734009,0.2493634670972824,0.5851730704307556,239.0
bg_3698,0.7874149680137634,0.2525423765182495,0.5845348238945007,81.0
bg_3699,0.8299957513809204,0.2799010872840881,0.6035398840904236,489.0
bg_3706,0.8672816753387451,0.3884564936161041,0.6737592816352844,330.0
bg_3707,0.8151662945747375,0.3000476956367492,0.6225455403327942,374.0
bg_3715,0.7869527339935303,0.3153750300407409,0.5963576436042786,371.0
bg_3724,0.8612052202224731,0.3254151344299316,0.6420270204544067,147.0
bg_3739,0.8104807138442993,0.1536549627780914,0.4585644602775574,251.0
bg_3741,0.8337969779968262,0.2863874435424804,0.6190845966339111,132.0
bg_3746,0.8691436052322388,0.3103742003440857,0.6424283385276794,631.0
bg_3751,0.8827040195465088,0.3581683039665222,0.6690075397491455,124.0
bg_3762,0.8644464015960693,0.3193952143192291,0.6347576975822449,153.0
bg_3763,0.8689196705818176,0.3204948008060455,0.595933735370636,444.0
bg_3765,0.7085608839988708,0.2413859814405441,0.4895858466625213,372.0
bg_3767,0.7987460494041443,0.3274421691894531,0.6308851838111877,245.0
bg_3773,0.7558704018592834,0.1975599974393844,0.4991488754749298,419.0
bg_3774,0.8663551807403564,0.3513878583908081,0.6626320481300354,150.0
bg_3777,0.8152887225151062,0.2622968256473541,0.5757831931114197,188.0
bg_3781,0.751248836517334,0.3225603401660919,0.6188268065452576,387.0
bg_3783,0.8727889657020569,0.3423089683055877,0.6580510139465332,665.0
bg_3787,0.5384269952774048,0.1749347448348999,0.4633242189884186,161.0
bg_3788,0.8176124691963196,0.3242238461971283,0.6063888669013977,190.0
bg_3799,0.8297257423400879,0.3100520968437195,0.6120352745056152,175.0
bg_3806,0.7788752317428589,0.1805461049079895,0.4743117690086365,303.0
bg_3818,0.8554747700691223,0.3698793053627014,0.6735482811927795,324.0
bg_3823,0.8222112059593201,0.2530424296855926,0.5683267712593079,909.0
bg_3826,0.8848645687103271,0.3933085203170776,0.6967678070068359,484.0
bg_3832,0.8258846402168274,0.3338803946971893,0.6229803562164307,246.0
bg_3834,0.8571314215660095,0.3258672058582306,0.6464232802391052,515.0
bg_3853,0.7988035082817078,0.2371213287115097,0.5373902916908264,191.0
bg_3854,0.7211729884147644,0.2625127732753753,0.5641037225723267,357.0
bg_3858,0.8647513389587402,0.345441997051239,0.6509669423103333,139.0
bg_3865,0.8692395091056824,0.3660195767879486,0.657166063785553,405.0
bg_3866,0.8634169101715088,0.2353833168745041,0.5174747109413147,214.0
bg_3870,0.8501235246658325,0.3734960258007049,0.6818853616714478,209.0
bg_3872,0.7748273015022278,0.2499679028987884,0.5534406900405884,184.0
bg_3873,0.8424416780471802,0.2480661273002624,0.5603920817375183,424.0
bg_3879,0.8304682374000549,0.2688006162643432,0.5832924246788025,697.0
bg_3881,0.8457416296005249,0.3145155310630798,0.6106368899345398,144.0
bg_3893,0.8462299704551697,0.2795296013355255,0.5879465937614441,407.0
bg_3906,0.8599423766136169,0.3190599381923675,0.6382339000701904,116.0
bg_3913,0.8850865364074707,0.3156287670135498,0.6352508664131165,411.0
bg_3919,0.8549135327339172,0.3268717527389526,0.6257231831550598,144.0
bg_3926,0.8730730414390564,0.2921472787857055,0.6092884540557861,158.0
bg_3943,0.8768957853317261,0.3350127637386322,0.6580336689949036,760.0
bg_3951,0.8027428984642029,0.2557916939258575,0.5684219002723694,433.0
bg_3955,0.8884348273277283,0.3543925583362579,0.674039363861084,695.0
bg_3963,0.8535138368606567,0.3023309707641601,0.6231275796890259,449.0
bg_3976,0.6094747185707092,0.0865498185157775,0.2989315390586853,68.0
bg_3983,0.7599514126777649,0.1463021486997604,0.465006947517395,485.0
bg_3987,0.8611987829208374,0.3271960616111755,0.6463252305984497,329.0
bg_3989,0.7987279891967773,0.2716142833232879,0.552767276763916,388.0
bg_3992,0.8695785403251648,0.4014134407043457,0.6818483471870422,157.0
bg_4004,0.8650947213172913,0.329031229019165,0.6581799387931824,462.0
bg_4018,0.8556503057479858,0.3441863358020782,0.634952187538147,434.0
bg_4019,0.8151651620864868,0.2207359820604324,0.5412389039993286,338.0
bg_4032,0.7801551818847656,0.2664938569068908,0.5646235346794128,693.0
bg_4037,0.8418367505073547,0.3072115778923034,0.6267693042755127,119.0
bg_4040,0.8810728192329407,0.3807714581489563,0.6739776730537415,523.0
bg_4048,0.8226417303085327,0.2720314562320709,0.5937912464141846,156.0
bg_4051,0.8063281178474426,0.2820186614990234,0.5943652391433716,108.0
bg_4060,0.7923887372016907,0.361357718706131,0.6464105248451233,799.0
bg_4062,0.84319669008255,0.3873394727706909,0.6660948991775513,129.0
bg_4081,0.7781751155853271,0.1892069876194,0.4860059320926666,209.0
bg_4085,0.8652496933937073,0.3212249279022217,0.6350491046905518,164.0
bg_4093,0.822232723236084,0.3299902677536011,0.6310909986495972,426.0
bg_4096,0.8188388347625732,0.2981732785701751,0.607318639755249,178.0
bg_4099,0.8850600719451904,0.3222377002239227,0.6206626892089844,255.0
bg_4104,0.8468142151832581,0.3641287386417389,0.6624780297279358,153.0
bg_4105,0.8882420659065247,0.3605242967605591,0.6582436561584473,361.0
bg_4110,0.8365848660469055,0.3137595057487488,0.6260835528373718,103.0
bg_4120,0.7384729385375977,0.1660811305046081,0.4632051587104797,436.0
bg_4122,0.8638669848442078,0.3207030892372131,0.632584810256958,100.0
bg_4127,0.807224690914154,0.3072346746921539,0.5856813192367554,426.0
bg_4132,0.8615550994873047,0.3444470167160034,0.6502315998077393,174.0
bg_4134,0.853266716003418,0.3016160726547241,0.6230694055557251,150.0
bg_4139,0.8106580376625061,0.2528094947338104,0.5431894659996033,576.0
bg_4141,0.8886781930923462,0.3897575139999389,0.6856255531311035,534.0
bg_4156,0.8290632963180542,0.2730934917926788,0.5977877974510193,82.0
bg_4158,0.8566228747367859,0.3249607384204864,0.6074128150939941,135.0
bg_4169,0.8885518908500671,0.4385358393192291,0.7402576804161072,372.0
bg_4174,0.6267624497413635,0.1442781239748001,0.3965679407119751,508.0
bg_4175,0.8537042140960693,0.3891319632530212,0.693318784236908,193.0
bg_4176,0.8638738393783569,0.3152858018875122,0.631104588508606,104.0
bg_4183,0.7941308617591858,0.1838096976280212,0.5019892454147339,408.0
bg_4190,0.853923499584198,0.33806973695755,0.6037763953208923,514.0
bg_4192,0.8611388802528381,0.2436711639165878,0.5483775734901428,517.0
bg_4207,0.8370013236999512,0.313751608133316,0.6199012994766235,68.0
bg_4219,0.7663999795913696,0.2955503165721893,0.5842267274856567,150.0
bg_4222,0.7680771350860596,0.1747830212116241,0.4677186608314514,485.0
bg_4227,0.8530013561248779,0.3408716320991516,0.6496491432189941,165.0
bg_4228,0.8456371426582336,0.295598953962326,0.6068748831748962,491.0
bg_4234,0.8381324410438538,0.3188769221305847,0.6109506487846375,497.0
bg_4235,0.849952757358551,0.3649401068687439,0.6696649789810181,400.0
bg_4246,0.8295265436172485,0.1968388110399246,0.5082769989967346,135.0
bg_4249,0.8529731035232544,0.37317556142807,0.6706451773643494,482.0
bg_4255,0.8575032353401184,0.2911294400691986,0.6032669544219971,493.0
bg_4259,0.8844941854476929,0.3182061016559601,0.6314332485198975,441.0
bg_4263,0.8613914251327515,0.3602528572082519,0.6697341799736023,176.0
bg_4267,0.8146265745162964,0.2833478152751922,0.559084951877594,369.0
bg_4274,0.8299750685691833,0.3183363080024719,0.6111310124397278,361.0
bg_4296,0.8691233396530151,0.3246943056583404,0.6424229145050049,256.0
bg_4298,0.8694575428962708,0.3684893548488617,0.6624543070793152,486.0
bg_4305,0.8453533053398132,0.2401512861251831,0.5624171495437622,466.0
bg_4307,0.8411887884140015,0.3017267882823944,0.6194722056388855,371.0
bg_4309,0.7753440737724304,0.2516794204711914,0.5682763457298279,389.0
bg_4310,0.5456674098968506,0.1038410514593124,0.3850969672203064,485.0
bg_4318,0.8690810203552246,0.4073310196399688,0.7015132904052734,324.0
bg_4340,0.8378981947898865,0.268016517162323,0.5746342539787292,174.0
bg_4344,0.8333063721656799,0.2920292615890503,0.6085084676742554,97.0
bg_4349,0.8559363484382629,0.3558359742164612,0.6510477066040039,104.0
bg_4353,0.8477281332015991,0.3457428514957428,0.6383901834487915,337.0
bg_4354,0.8551697134971619,0.2988653182983398,0.6069566607475281,102.0
bg_4356,0.8848910331726074,0.3778436183929443,0.661769449710846,131.0
bg_4364,0.8414757251739502,0.3537734746932983,0.662232518196106,197.0
bg_4365,0.7851635217666626,0.2665692567825317,0.5603882074356079,177.0
bg_4368,0.8564705848693848,0.2672336101531982,0.603752613067627,149.0
bg_4374,0.863473653793335,0.3843652307987213,0.6743630170822144,643.0
bg_4377,0.8341021537780762,0.2986670136451721,0.5913748741149902,435.0
bg_4381,0.8533036708831787,0.3104243576526642,0.6306739449501038,938.0
bg_4384,0.8497710227966309,0.3646290004253387,0.6741445064544678,118.0
bg_4392,0.8334740400314331,0.2824189960956573,0.5958651900291443,460.0
bg_4393,0.8765923976898193,0.3827984631061554,0.6816266179084778,352.0
bg_4394,0.8539853692054749,0.3646900951862335,0.6564867496490479,306.0
bg_4401,0.8562027812004089,0.3759401738643646,0.6701712012290955,383.0
bg_4409,0.8696582317352295,0.3333800137042999,0.6431865692138672,147.0
bg_4412,0.8944404125213623,0.3316611349582672,0.6310256719589233,266.0
bg_4415,0.8465997576713562,0.3312276005744934,0.611802875995636,463.0
bg_4421,0.8068152666091919,0.2683822214603424,0.5799461007118225,434.0
bg_4422,0.848048210144043,0.2414526790380478,0.5598481297492981,153.0
bg_4427,0.9002174139022827,0.3354046642780304,0.6585106253623962,461.0
bg_4435,0.8338114023208618,0.3372325897216797,0.6457711458206177,126.0
bg_4437,0.8339851498603821,0.2897560596466064,0.5961862206459045,247.0
bg_4453,0.8378798961639404,0.3383052945137024,0.6546735167503357,119.0
bg_4456,0.7884891033172607,0.2284470349550247,0.5159018635749817,155.0
bg_4458,0.83255934715271,0.2972193360328674,0.5960973501205444,156.0
bg_4464,0.8728300333023071,0.3408861756324768,0.6458314061164856,169.0
bg_4466,0.7929727435112,0.3105397820472717,0.5900949835777283,190.0
bg_4469,0.8587896227836609,0.3547163903713226,0.6400861144065857,115.0
bg_4475,0.8254982233047485,0.3097978830337524,0.6178129315376282,178.0
bg_4486,0.8592208027839661,0.305909663438797,0.5960307717323303,450.0
bg_4493,0.7442046999931335,0.2774668931961059,0.5837856531143188,456.0
bg_4499,0.8848795294761658,0.3468937575817108,0.6484468579292297,130.0
bg_4507,0.8964040279388428,0.2802343964576721,0.6112073659896851,876.0
bg_4510,0.85370934009552,0.1574842780828476,0.4976955056190491,467.0
bg_4512,0.4144277572631836,0.0656402185559272,0.2742200493812561,57.0
bg_4516,0.861849308013916,0.3411999940872192,0.6461387276649475,358.0
bg_4522,0.8026766777038574,0.212614044547081,0.5130890011787415,520.0
bg_4525,0.7384739518165588,0.1982709616422653,0.4639961719512939,280.0
bg_4530,0.8226286768913269,0.2955764830112457,0.5832536220550537,134.0
bg_4533,0.7598697543144226,0.2865380942821502,0.5800497531890869,445.0
bg_4534,0.8488823771476746,0.3369572460651397,0.6358720660209656,130.0
bg_4536,0.8499531745910645,0.3419317305088043,0.592086672782898,258.0
bg_4543,0.8651381731033325,0.3190080523490906,0.6347918510437012,493.0
bg_4546,0.8506666421890259,0.294413298368454,0.6070547699928284,135.0
bg_4550,0.8774998188018799,0.3259912729263305,0.6256937384605408,174.0
bg_4553,0.8733319640159607,0.3746165335178375,0.6679710149765015,160.0
bg_4556,0.8561869859695435,0.2908317744731903,0.6146836280822754,382.0
bg_4558,0.7564756870269775,0.2345518618822097,0.4382715225219726,134.0
bg_4568,0.8569342494010925,0.3301479816436767,0.6350517272949219,396.0
bg_4575,0.8767035007476807,0.3302138447761535,0.6381011605262756,163.0
bg_4577,0.7481837868690491,0.1667467951774597,0.4470227062702179,327.0
bg_4578,0.7773352265357971,0.2602337598800659,0.5403980612754822,406.0
bg_4587,0.8654056787490845,0.3351007401943207,0.6465080976486206,480.0
bg_4597,0.8491677045822144,0.3069164156913757,0.6138345003128052,413.0
bg_4599,0.8772883415222168,0.3602747321128845,0.6662569642066956,400.0
bg_4602,0.8031374216079712,0.3056343197822571,0.6021285057067871,118.0
bg_4607,0.8635578751564026,0.286660373210907,0.6127499938011169,132.0
bg_4608,0.8690416812896729,0.2692351937294006,0.5839950442314148,366.0
bg_4610,0.829748272895813,0.2677507996559143,0.5877480506896973,433.0
bg_4612,0.8226746320724487,0.3173223435878753,0.6173170804977417,282.0
bg_4619,0.8612340092658997,0.3064410090446472,0.6078523993492126,327.0
bg_4627,0.8259914517402649,0.2774932980537414,0.5620999336242676,170.0
bg_4631,0.8537628054618835,0.3159816265106201,0.6308536529541016,130.0
bg_4637,0.8694436550140381,0.3056570589542389,0.6366664171218872,394.0
bg_4638,0.794533908367157,0.2863010168075561,0.5990114212036133,133.0
bg_4642,0.8182731866836548,0.3261270523071289,0.6192598938941956,494.0
bg_4648,0.846247673034668,0.3466477692127228,0.642048716545105,409.0
bg_4656,0.8652775883674622,0.2682038247585296,0.6037847399711609,462.0
bg_4659,0.8612562417984009,0.3388571739196777,0.6549890637397766,433.0
bg_4677,0.7835683822631836,0.1629165112972259,0.4617009460926056,316.0
bg_4682,0.8530369997024536,0.3109429478645324,0.6273888349533081,171.0
bg_4691,0.8105900287628174,0.3250328302383423,0.6111655235290527,93.0
bg_4694,0.8107293844223022,0.3067096769809723,0.5997772216796875,446.0
bg_4697,0.8376180529594421,0.3734436333179474,0.6426063179969788,67.0
bg_4702,0.8729140758514404,0.3975611627101898,0.681800365447998,385.0
bg_4703,0.8650913238525391,0.3387481570243835,0.6596018075942993,98.0
bg_4706,0.8340511322021484,0.2726100981235504,0.5762299299240112,641.0
bg_4708,0.8458986282348633,0.3035742938518524,0.6114438772201538,334.0
bg_4720,0.8475014567375183,0.3341416716575622,0.6254334449768066,146.0
bg_4722,0.8483440279960632,0.3641709089279175,0.665354311466217,164.0
bg_4730,0.8806071281433105,0.3784527480602264,0.6734183430671692,360.0
bg_4731,0.8841848969459534,0.3295178413391113,0.6353650689125061,163.0
bg_4732,0.8323332071304321,0.3295913934707641,0.631168782711029,373.0
bg_4738,0.8646460175514221,0.2975080013275146,0.6118848919868469,108.0
bg_4746,0.8771283030509949,0.3534145057201385,0.6576846837997437,176.0
bg_4758,0.8123990893363953,0.2496139109134674,0.5251892805099487,174.0
bg_4776,0.8765930533409119,0.3563982248306274,0.6482688188552856,166.0
bg_4799,0.8652099370956421,0.2871232032775879,0.611346960067749,466.0
bg_4802,0.8611001372337341,0.3224147856235504,0.6225085854530334,177.0
bg_4808,0.8335038423538208,0.3019661903381347,0.5997861623764038,365.0
bg_4810,0.7713476419448853,0.3407285511493683,0.5994837880134583,214.0
bg_4819,0.8175442814826965,0.212105318903923,0.5328821539878845,423.0
bg_4830,0.8531220555305481,0.3040445446968078,0.591138482093811,108.0
bg_4843,0.8684601187705994,0.3389210402965545,0.6502091288566589,121.0
bg_4867,0.8298360109329224,0.2392316162586212,0.5681049227714539,434.0
bg_4874,0.8572070002555847,0.3701175153255462,0.6740244626998901,419.0
bg_4878,0.876920223236084,0.3759198784828186,0.6738635301589966,379.0
bg_4879,0.8448586463928223,0.3422806560993194,0.6402389407157898,522.0
bg_4880,0.7874175310134888,0.3314047157764435,0.6350575089454651,327.0
bg_4883,0.8790490627288818,0.3574535548686981,0.6518814563751221,138.0
bg_4889,0.8339824080467224,0.2686907947063446,0.6025374531745911,146.0
bg_4892,0.877028226852417,0.4111584424972534,0.6931533813476562,157.0
bg_4896,0.8609431982040405,0.3190237581729889,0.61476069688797,175.0
bg_4899,0.8535879850387573,0.3264453411102295,0.6233602166175842,165.0
bg_4900,0.8072431087493896,0.2765385806560516,0.5757991671562195,211.0
bg_4903,0.8693175315856934,0.3332454562187195,0.658452033996582,409.0
bg_4907,0.8223628401756287,0.2949180901050567,0.5961400270462036,396.0
bg_4912,0.6833271980285645,0.176563873887062,0.457922101020813,76.0
bg_4918,0.6301125288009644,0.1819934248924255,0.3766403198242187,439.0
bg_4920,0.8689466714859009,0.3222593069076538,0.6289791464805603,414.0
bg_4924,0.8414985537528992,0.2442896515130996,0.5634042620658875,476.0
bg_4940,0.8405870795249939,0.3762015104293823,0.6851675510406494,129.0
bg_4946,0.8852073550224304,0.3819195628166199,0.6819227933883667,166.0
bg_4954,0.7521197199821472,0.2868905067443847,0.5799212455749512,176.0
bg_4955,0.8567262887954712,0.4011445343494415,0.6813817024230957,322.0
bg_4958,0.8732318878173828,0.2957969307899475,0.5986530780792236,163.0
bg_4959,0.7992039918899536,0.2747081816196441,0.5877109169960022,127.0
bg_4963,0.7904991507530212,0.279038667678833,0.5691743493080139,417.0
bg_4969,0.8374782204627991,0.3134125769138336,0.6183792352676392,151.0
bg_4974,0.7986036539077759,0.2910614609718323,0.591617226600647,361.0
bg_4983,0.6972453594207764,0.2603320777416229,0.5455235838890076,297.0
bg_4984,0.847370982170105,0.3090123832225799,0.6074317693710327,142.0
bg_4994,0.7380242943763733,0.2225089073181152,0.5137532353401184,376.0
bg_5000,0.8355109691619873,0.2872858345508575,0.6038711071014404,118.0
bg_5001,0.8618530631065369,0.342700332403183,0.6545708179473877,159.0
bg_5016,0.7754732370376587,0.3008129894733429,0.5911774039268494,113.0
bg_5017,0.8730827569961548,0.364535391330719,0.6695559620857239,379.0
bg_5023,0.806003987789154,0.2921262681484222,0.5762458443641663,166.0
bg_5034,0.8651638031005859,0.2477158606052398,0.5802218317985535,411.0
bg_5042,0.8571470379829407,0.2666042447090149,0.5945807099342346,209.0
bg_5049,0.884556770324707,0.3319643139839172,0.637643039226532,346.0
bg_5059,0.87344890832901,0.2943267524242401,0.6316244006156921,262.0
bg_5061,0.8345844745635986,0.2993019223213196,0.5847882032394409,113.0
bg_5069,0.8068253993988037,0.1968033015727996,0.5134897232055664,183.0
bg_5073,0.8146123886108398,0.279519647359848,0.595609724521637,373.0
bg_5080,0.8299691081047058,0.3301743268966675,0.65823894739151,256.0
bg_5083,0.8373296856880188,0.2552993297576904,0.5798182487487793,416.0
bg_5101,0.8653647899627686,0.3214406967163086,0.6543200612068176,189.0
bg_5105,0.8423980474472046,0.2914208173751831,0.5996441841125488,178.0
bg_5106,0.8710663318634033,0.3575879335403442,0.6582357883453369,374.0
bg_5116,0.8926727771759033,0.3818947374820709,0.69346684217453,159.0
bg_5117,0.8185526728630066,0.1857377737760543,0.5035337209701538,491.0
bg_5118,0.8617722392082214,0.2608169615268707,0.5760537385940552,265.0
bg_5125,0.8277606964111328,0.3692222833633423,0.6431238055229187,258.0
bg_5139,0.8462255001068115,0.2673813998699188,0.5913553833961487,277.0
bg_5140,0.806866466999054,0.288019984960556,0.5796800255775452,481.0
bg_5142,0.8054399490356445,0.2172011733055114,0.5196745991706848,344.0
bg_5145,0.779464602470398,0.2094361186027526,0.518555760383606,453.0
bg_5158,0.8226177096366882,0.2448195368051529,0.5537496209144592,437.0
bg_5161,0.8615882396697998,0.3627178966999054,0.6658205389976501,225.0
bg_5164,0.8376742601394653,0.1968996524810791,0.501069188117981,479.0
bg_5166,0.8074988126754761,0.2606264948844909,0.5685587525367737,387.0
bg_5172,0.8380923867225647,0.2802004814147949,0.5919016599655151,660.0
bg_5173,0.8930361270904541,0.3376344740390777,0.6618077158927917,261.0
bg_5177,0.8179244995117188,0.2808603942394256,0.6035194993019104,191.0
bg_5178,0.8415331244468689,0.2253394275903701,0.5375762581825256,475.0
bg_5179,0.7909212112426758,0.2943735718727112,0.6069517731666565,491.0
bg_5183,0.8379126787185669,0.1673455089330673,0.5133042931556702,244.0
bg_5191,0.8533797264099121,0.3602179586887359,0.6633889675140381,177.0
bg_5200,0.8090024590492249,0.2819240987300873,0.5744352340698242,136.0
bg_5207,0.8762362599372864,0.3621355593204498,0.6642217040061951,85.0
bg_5209,0.8257452249526978,0.2740596532821655,0.5877952575683594,210.0
bg_5218,0.4419109523296356,0.0411099344491958,0.2506463825702667,513.0
bg_5219,0.8185520768165588,0.3296286761760711,0.6114518046379089,426.0
bg_5221,0.8089654445648193,0.2333568185567855,0.5385503172874451,150.0
bg_5222,0.8675394654273987,0.3543728590011596,0.6538335084915161,126.0
bg_5228,0.8611118197441101,0.2960643172264099,0.6078322529792786,439.0
bg_5229,0.7745645046234131,0.2166963517665863,0.5170135498046875,461.0
bg_5240,0.8415833711624146,0.317025750875473,0.6130348443984985,182.0
bg_5247,0.5965941548347473,0.1356218159198761,0.3920086622238159,433.0
bg_5255,0.8770370483398438,0.344551533460617,0.6392355561256409,112.0
bg_5259,0.8847495317459106,0.3708644211292267,0.6733729839324951,154.0
bg_5260,0.8302485346794128,0.3212663233280182,0.627172589302063,508.0
bg_5261,0.8378239274024963,0.3213853240013122,0.642392635345459,233.0
bg_5274,0.8490914702415466,0.2779551148414612,0.5806034207344055,65.0
bg_5287,0.8849218487739563,0.2988951802253723,0.6152046322822571,439.0
bg_5292,0.8766679763793945,0.3378880620002746,0.643000066280365,223.0
bg_5297,0.8608147501945496,0.2760978043079376,0.6038235425949097,214.0
bg_5301,0.8611289262771606,0.3491027057170868,0.6477952003479004,141.0
bg_5303,0.6932855248451233,0.192982017993927,0.5058854222297668,867.0
bg_5311,0.8575356602668762,0.3174394965171814,0.6234378218650818,245.0
bg_5312,0.872911274433136,0.3736028671264648,0.6732609868049622,197.0
bg_5322,0.8808560967445374,0.3651075661182403,0.6703356504440308,389.0
bg_5324,0.8367614150047302,0.284842848777771,0.5999494791030884,409.0
bg_5331,0.8763531446456909,0.3037227690219879,0.6072902679443359,153.0
bg_5340,0.8459932208061218,0.3330467641353607,0.6247707009315491,136.0
bg_5348,0.8421849608421326,0.2703257501125335,0.5724115371704102,487.0
bg_5367,0.841652512550354,0.3329602181911468,0.6388662457466125,357.0
bg_5373,0.8230637907981873,0.2920959889888763,0.5990921258926392,107.0
bg_5378,0.8222652673721313,0.2746877372264862,0.5881807804107666,569.0
bg_5379,0.7450463175773621,0.280131459236145,0.5649970769882202,530.0
bg_5382,0.8090192675590515,0.3575288653373718,0.6471148729324341,432.0
bg_5384,0.8228102326393127,0.1733000427484512,0.4920793771743774,412.0
bg_5393,0.7795195579528809,0.2757278084754944,0.5626702904701233,111.0
bg_5415,0.8337057828903198,0.3528085649013519,0.6511670351028442,415.0
bg_5421,0.8495472073554993,0.3388579189777374,0.6491554975509644,131.0
bg_5427,0.8779347538948059,0.3893079757690429,0.6745099425315857,379.0
bg_5436,0.733201265335083,0.1896078884601593,0.4750572144985199,473.0
bg_5438,0.8458307385444641,0.2479107081890106,0.5752236843109131,383.0
bg_5440,0.7212432026863098,0.2870948016643524,0.5758349299430847,492.0
bg_5447,0.8254774808883667,0.3311840295791626,0.6278924345970154,358.0
bg_5463,0.8808963298797607,0.3846666514873504,0.6891471743583679,188.0
bg_5468,0.8647357821464539,0.357591450214386,0.6623666286468506,140.0
bg_5473,0.8412176370620728,0.3394529521465301,0.6506651043891907,111.0
bg_5480,0.8814457058906555,0.380480945110321,0.6894563436508179,388.0
bg_5489,0.7412384152412415,0.240643560886383,0.5200870633125305,160.0
bg_5490,0.8070628046989441,0.301626592874527,0.6153900623321533,233.0
bg_5495,0.8614285588264465,0.3256857991218567,0.6346350312232971,397.0
bg_5496,0.8731581568717957,0.3610826134681701,0.6702014803886414,487.0
bg_5498,0.8570920825004578,0.3036060035228729,0.6117416620254517,130.0
bg_5510,0.8526231646537781,0.3533986210823059,0.6504852175712585,363.0
bg_5511,0.8533823490142822,0.3192480206489563,0.6266520619392395,216.0
bg_5514,0.8415493965148926,0.2906964123249054,0.593993604183197,160.0
bg_5516,0.825036346912384,0.3063969612121582,0.6085981726646423,82.0
bg_5521,0.7702355980873108,0.1964017152786255,0.5289142727851868,170.0
bg_5524,0.8376680612564087,0.3137195110321045,0.6159136295318604,359.0
bg_5526,0.8304800391197205,0.3665639460086822,0.6659445762634277,313.0
bg_5530,0.8768548369407654,0.3399603068828583,0.6429533958435059,384.0
bg_5533,0.8224384784698486,0.3768626451492309,0.6699180006980896,402.0
bg_5535,0.7634232640266418,0.1932778507471084,0.5055651068687439,415.0
bg_5544,0.8690387010574341,0.3179357647895813,0.6344227194786072,137.0
bg_5547,0.8270586729049683,0.2859527766704559,0.6076469421386719,130.0
bg_5557,0.8389768004417419,0.2998092174530029,0.5993459224700928,197.0
bg_5560,0.7480127215385437,0.1743868142366409,0.45960333943367,489.0
bg_5563,0.8261932730674744,0.3183072209358215,0.5998737812042236,429.0
bg_5570,0.8612384796142578,0.3798466324806213,0.6855931282043457,349.0
bg_5577,0.7406376600265503,0.2293252944946289,0.5124008655548096,195.0
bg_5580,0.8496101498603821,0.2677631378173828,0.5802246332168579,738.0
bg_5581,0.8219671845436096,0.2129507362842559,0.5026275515556335,388.0
bg_5586,0.84222811460495,0.3032191693782806,0.6148642301559448,178.0
bg_5588,0.8612439632415771,0.2648834884166717,0.5915420055389404,429.0
bg_5602,0.8029664158821106,0.2750598192214966,0.5993142127990723,386.0
bg_5613,0.8159267902374268,0.3100569248199463,0.5918992161750793,617.0
bg_5615,0.8145294189453125,0.3068953156471252,0.6230912208557129,451.0
bg_5621,0.8492497205734253,0.3346279263496399,0.6543298959732056,446.0
bg_5624,0.8337116241455078,0.2980170249938965,0.6067975163459778,150.0
bg_5625,0.0034066333901137,-0.0645121037960052,0.1742095500230789,196.0
bg_5629,0.8458155989646912,0.3077976405620575,0.6111497282981873,147.0
bg_5632,0.7049422860145569,0.2170156836509704,0.494310587644577,298.0
bg_5636,0.8177022337913513,0.3370165824890136,0.6420465707778931,104.0
bg_5640,0.8136050701141357,0.3265861272811889,0.6192007660865784,186.0
bg_5645,0.7979222536087036,0.2352034747600555,0.537436306476593,125.0
bg_5660,0.7804376482963562,0.2000020295381546,0.4910940825939178,88.0
bg_5662,0.7987573146820068,0.2079806625843048,0.529684841632843,367.0
bg_5663,0.8385589718818665,0.3026358485221863,0.6152171492576599,160.0
bg_5667,0.8471307754516602,0.3269929885864258,0.5958185791969299,353.0
bg_5669,0.8436744809150696,0.2551206648349762,0.5882978439331055,117.0
bg_5671,0.8615995645523071,0.3393693566322326,0.6432358622550964,234.0
bg_5673,0.7906097173690796,0.2518316507339477,0.5685400366783142,437.0
bg_5686,0.772093653678894,0.1865736097097396,0.4738379418849945,389.0
bg_5688,0.8047598004341125,0.2844725847244262,0.61188143491745,91.0
bg_5689,0.8566140532493591,0.3140104413032532,0.6242852807044983,112.0
bg_5692,0.8655933141708374,0.3225703835487366,0.6471264362335205,139.0
bg_5695,0.8816941380500793,0.4179884493350982,0.7206399440765381,400.0
bg_5697,0.8141420483589172,0.227515161037445,0.5295577049255371,568.0
bg_5698,0.8330621719360352,0.3433791399002075,0.6450020670890808,140.0
bg_5711,0.8320053219795227,0.2150163054466247,0.5146140456199646,428.0
bg_5719,0.8155359029769897,0.2434617429971695,0.535849928855896,91.0
bg_5735,0.8454689383506775,0.3034534156322479,0.6138314604759216,514.0
bg_5747,0.8276681303977966,0.2803214192390442,0.5908359885215759,118.0
bg_5753,0.8805871605873108,0.3816577494144439,0.6934030055999756,484.0
bg_5754,0.7243422269821167,0.1943442225456237,0.5104987621307373,370.0
bg_5766,0.847619891166687,0.3264174461364746,0.6073039174079895,408.0
bg_5769,0.8030035495758057,0.3543333113193512,0.6275739073753357,233.0
bg_5772,0.8654046058654785,0.3613878488540649,0.6582162380218506,421.0
bg_5785,0.8647156953811646,0.3452331125736236,0.6505488157272339,185.0
bg_5799,0.8530611395835876,0.3486210703849792,0.6541168093681335,102.0
bg_5804,0.7838039398193359,0.2590439915657043,0.5675999522209167,66.0
bg_5808,0.8609534502029419,0.3934588730335235,0.6809216737747192,449.0
bg_5810,0.8584548830986023,0.3060703873634338,0.626403272151947,120.0
bg_5813,0.8503910303115845,0.3144904673099518,0.6111236214637756,232.0
bg_5820,0.8767427802085876,0.3767358660697937,0.6822887659072876,432.0
bg_5826,0.8381140232086182,0.3272448480129242,0.6269440054893494,201.0
bg_5829,0.8145858645439148,0.244664654135704,0.5611308813095093,385.0
bg_5833,0.8868423700332642,0.4249149858951568,0.7130277752876282,297.0
bg_5836,0.8263021111488342,0.2993730306625366,0.6000660061836243,417.0
bg_5839,0.7756747603416443,0.2333542257547378,0.5376675724983215,481.0
bg_5844,0.8729754090309143,0.3135380744934082,0.6308705806732178,515.0
bg_5858,0.8611800074577332,0.3427382111549377,0.6351944208145142,190.0
bg_5863,0.8571011424064636,0.3350521028041839,0.6467680931091309,145.0
bg_5864,0.7914223670959473,0.297829806804657,0.5932914018630981,87.0
bg_5865,0.8670173287391663,0.3717533648014068,0.6737026572227478,280.0
bg_5885,0.7641035914421082,0.2014255076646804,0.5229389667510986,406.0
bg_5887,0.8095524311065674,0.356395423412323,0.6521503925323486,105.0
bg_5888,0.8301923871040344,0.2913066148757934,0.5924372673034668,492.0
bg_5889,0.8728078603744507,0.3652237951755523,0.666172444820404,373.0
bg_5901,0.7830007672309875,0.232527419924736,0.5211911201477051,404.0
bg_5904,0.8843266367912292,0.4280848503112793,0.7131380438804626,281.0
bg_5921,0.7799847722053528,0.255995512008667,0.5587427616119385,456.0
bg_5936,0.8493074774742126,0.3412753045558929,0.6385141611099243,404.0
bg_5938,0.7635852098464966,0.2560234665870666,0.5259081721305847,415.0
bg_5954,0.8575136661529541,0.3175382912158966,0.6346843838691711,137.0
bg_5956,0.841576099395752,0.3309092819690704,0.6168145537376404,126.0
bg_5957,0.7953159809112549,0.2883538007736206,0.564492404460907,501.0
bg_5966,0.85392165184021,0.2991301417350769,0.6221308708190918,325.0
bg_5970,0.833407461643219,0.3190256059169769,0.642552375793457,143.0
bg_5971,0.8260148763656616,0.3058622181415558,0.6237056255340576,449.0
bg_5981,0.7759249806404114,0.2781095504760742,0.5585988163948059,140.0
bg_5982,0.7812727093696594,0.2676364481449127,0.5492373108863831,392.0
bg_5990,0.8776675462722778,0.2866527438163757,0.6117409467697144,256.0
bg_5996,0.8771859407424927,0.3835804462432861,0.7012905478477478,183.0
bg_6001,0.8001861572265625,0.2473800033330917,0.5335803627967834,369.0
bg_6006,0.5480113625526428,-0.0642193108797073,0.2147024124860763,108.0
bg_6010,0.8617625832557678,0.3272120952606201,0.6540597081184387,307.0
bg_6018,0.8611869812011719,0.3180094361305237,0.6299418210983276,289.0
bg_6020,0.8471872210502625,0.2901492118835449,0.6083354949951172,87.0
bg_6026,0.7861132621765137,0.2714793086051941,0.5846038460731506,448.0
bg_6053,0.8457461595535278,0.3094390034675598,0.6303362250328064,187.0
bg_6054,0.8217183351516724,0.2602698504924774,0.568066418170929,372.0
bg_6068,0.8496394753456116,0.2835899293422699,0.5843058824539185,252.0
bg_6071,0.8375474214553833,0.3112862110137939,0.6199439167976379,175.0
bg_6077,0.8575903177261353,0.3489490151405334,0.6341241002082825,538.0
bg_6081,0.8460904955863953,0.3330743908882141,0.6186243295669556,138.0
bg_6083,0.8533867001533508,0.3580191731452942,0.6511178016662598,150.0
bg_6088,0.818048894405365,0.2987675666809082,0.5927194356918335,159.0
bg_6095,0.862019956111908,0.3021388947963714,0.6352331638336182,1007.0
bg_6099,0.8275516629219055,0.292253315448761,0.6113777160644531,109.0
bg_6106,0.8105578422546387,0.1989637464284896,0.515831470489502,172.0
bg_6108,0.8255524635314941,0.3343294262886047,0.6272062063217163,252.0
bg_6116,0.8074793219566345,0.2954965233802795,0.5819761157035828,394.0
bg_6124,0.7962005734443665,0.2606841027736664,0.5533881187438965,175.0
bg_6136,0.8457528948783875,0.2636994421482086,0.5915111899375916,732.0
bg_6138,0.8498637080192566,0.3031903803348541,0.618572473526001,364.0
bg_6148,0.7750930190086365,0.2218614816665649,0.540583610534668,412.0
bg_6150,0.8888567686080933,0.4118508398532867,0.7050291895866394,701.0
bg_6156,0.8197510242462158,0.2131793797016143,0.5254800319671631,117.0
bg_6165,0.8366799354553223,0.3287380635738373,0.6587268114089966,142.0
bg_6166,0.8419152498245239,0.323064774274826,0.6191757321357727,168.0
bg_6183,0.7785672545433044,0.3017695248126983,0.6194319725036621,181.0
bg_6185,0.8738998770713806,0.3758744299411773,0.6855596303939819,253.0
bg_6187,0.7453111410140991,0.1462063044309616,0.4244982898235321,559.0
bg_6190,0.8459382057189941,0.3648067414760589,0.6505463719367981,266.0
bg_6191,0.7357222437858582,0.2363429218530655,0.4824288785457611,466.0
bg_6209,0.7912158370018005,0.2472607493400573,0.5643502473831177,135.0
bg_6213,0.7838454246520996,0.2513265609741211,0.533248782157898,454.0
bg_6218,0.7087663412094116,0.2919142842292785,0.4794182777404785,214.0
bg_6221,0.8769180774688721,0.3703437447547912,0.677392840385437,205.0
bg_6226,0.8203222751617432,0.3073087632656097,0.5850855708122253,86.0
bg_6232,0.7275204658508301,0.1610371619462967,0.4214029610157013,87.0
bg_6233,0.7795446515083313,0.2872067093849182,0.5879600048065186,515.0
bg_6234,0.8767803907394409,0.3283763229846954,0.6352021098136902,192.0
bg_6236,0.8019076585769653,0.3021785318851471,0.5913414359092712,129.0
bg_6238,0.838432252407074,0.3155282735824585,0.6387313604354858,307.0
bg_6239,0.8181154727935791,0.2571600675582886,0.5677911639213562,219.0
bg_6243,0.8213154673576355,0.2890871167182922,0.5916308760643005,452.0
bg_6253,0.8183118104934692,0.2647430300712585,0.5684828162193298,583.0
bg_6254,0.8409903049468994,0.3587003648281097,0.6619187593460083,159.0
bg_6255,0.8379531502723694,0.3007974326610565,0.5960046648979187,528.0
bg_6256,0.7986165881156921,0.287163645029068,0.5767417550086975,453.0
bg_6271,0.8571869730949402,0.3405631482601166,0.6426765322685242,403.0
bg_6272,0.763895571231842,0.2131946235895156,0.4924721717834472,468.0
bg_6290,0.8241015672683716,0.2671648859977722,0.5757909417152405,512.0
bg_6294,0.8417928218841553,0.321250855922699,0.6151659488677979,549.0
bg_6297,0.8338731527328491,0.311438500881195,0.596140444278717,180.0
bg_6301,0.7988241910934448,0.2529489994049072,0.5483765602111816,554.0
bg_6303,0.8108559250831604,0.2556817233562469,0.5640909075737,260.0
bg_6312,0.8335672616958618,0.3284414708614349,0.5961185097694397,138.0
bg_6314,0.8620771169662476,0.3947897851467132,0.677763819694519,140.0
bg_6319,0.744364857673645,0.239764854311943,0.5327517986297607,449.0
bg_6324,0.8966532945632935,0.4397971630096435,0.724492609500885,391.0
bg_6331,0.7665883898735046,0.2253355979919433,0.499847263097763,384.0
bg_6334,0.8379955291748047,0.2797619104385376,0.5954887270927429,151.0
bg_6335,0.8657335638999939,0.28358855843544,0.5884952545166016,435.0
bg_6342,0.8427242636680603,0.3322567641735077,0.6492846608161926,150.0
bg_6344,0.8456111550331116,0.3468551933765411,0.6385281085968018,175.0
bg_6351,0.8153026103973389,0.2512932419776916,0.5601665377616882,90.0
bg_6369,0.7715062499046326,0.2054506540298462,0.5097599029541016,464.0
bg_6374,0.8650667071342468,0.3413266837596893,0.6695160865783691,363.0
bg_6379,0.8534072041511536,0.270330011844635,0.5916165709495544,155.0
bg_6389,0.8888325691223145,0.3336873054504394,0.6575896143913269,374.0
bg_6402,0.7689144015312195,0.2292702496051788,0.5199534296989441,70.0
bg_6405,0.8451482057571411,0.3642776608467102,0.6579356789588928,229.0
bg_6410,0.8486368060112,0.3404545485973358,0.6331157684326172,132.0
bg_6418,0.8299013376235962,0.3154148459434509,0.6190232038497925,414.0
bg_6420,0.8831714987754822,0.4228563606739044,0.7245343923568726,430.0
bg_6422,0.8278341889381409,0.2905067503452301,0.6072813868522644,153.0
bg_6431,0.831362247467041,0.2220249772071838,0.5370551943778992,558.0
bg_6443,0.8013370037078857,0.2804736495018005,0.6185056567192078,107.0
bg_6460,0.8170534372329712,0.2988491952419281,0.5875936150550842,270.0
bg_6464,0.8927358984947205,0.4117180705070495,0.7248719334602356,269.0
bg_6470,0.8652454614639282,0.3312700688838959,0.6386090517044067,463.0
bg_6484,0.8432158827781677,0.3332608044147491,0.6421463489532471,158.0
bg_6486,0.7729884386062622,0.2196759283542633,0.5099061727523804,205.0
bg_6491,0.8402180671691895,0.2956924736499786,0.6076185703277588,169.0
bg_6496,0.6079265475273132,0.0955183804035186,0.3134927451610565,159.0
bg_6497,0.7777135372161865,0.2161273956298828,0.5253421664237976,196.0
bg_6499,0.8727200627326965,0.3581050038337707,0.6582285165786743,482.0
bg_6500,0.8211382031440735,0.2682481706142425,0.5802262425422668,55.0
bg_6511,0.8614826798439026,0.3331088721752167,0.6385162472724915,473.0
bg_6514,0.8298835158348083,0.3191962242126465,0.6157124042510986,212.0
bg_6517,0.8769387602806091,0.3526726067066192,0.6663277745246887,199.0
bg_6523,0.8417216539382935,0.2793590724468231,0.5940656065940857,192.0
bg_6525,0.8021607398986816,0.2901874184608459,0.5969330072402954,147.0
bg_6527,0.8379790782928467,0.2817789912223816,0.6000713109970093,416.0
bg_6532,0.8141928911209106,0.2887863218784332,0.6108532547950745,133.0
bg_6538,0.8457722067832947,0.3827864527702331,0.6767783761024475,148.0
bg_6546,0.8688024282455444,0.3786706328392029,0.6851034760475159,154.0
bg_6549,0.7683296799659729,0.287998616695404,0.574201226234436,113.0
bg_6551,0.7071526646614075,0.2168430536985397,0.5103227496147156,199.0
bg_6556,0.8731752634048462,0.3180013000965118,0.6269890666007996,470.0
bg_6558,0.8849711418151855,0.3966337740421295,0.6932101845741272,607.0
bg_6567,0.8307473659515381,0.348573237657547,0.6580424308776855,187.0
bg_6568,0.8223379254341125,0.2056290358304977,0.5372505784034729,235.0
bg_6569,0.8612014055252075,0.3603573739528656,0.6664260625839233,385.0
bg_6579,0.8499352335929871,0.3274509310722351,0.6229384541511536,189.0
bg_6580,0.819119930267334,0.3016673922538757,0.6106569766998291,157.0
bg_6584,0.8218214511871338,0.2441835254430771,0.5683212876319885,457.0
bg_6588,0.7211904525756836,0.306872695684433,0.5644212365150452,456.0
bg_6589,0.8218563199043274,0.2566201388835907,0.567638099193573,179.0
bg_6591,0.8322069048881531,0.3006792366504669,0.6225823163986206,138.0
bg_6597,0.0598897747695446,0.0799595862627029,0.2321265637874603,231.0
bg_6602,0.7371386289596558,0.1813389360904693,0.4659642577171325,458.0
bg_6603,0.7987678050994873,0.1943406760692596,0.5247763991355896,398.0
bg_6620,0.854386568069458,0.3137131035327911,0.6034258008003235,283.0
bg_6628,0.8300174474716187,0.3694111108779907,0.66588294506073,199.0
bg_6643,0.8881543278694153,0.3193476498126983,0.6229654550552368,536.0
bg_6654,0.8765233755111694,0.3275169432163238,0.6438297629356384,165.0
bg_6655,0.8730625510215759,0.3618229925632477,0.6618857979774475,145.0
bg_6665,0.7832366228103638,0.2521380484104156,0.5294962525367737,494.0
bg_6667,0.849895715713501,0.3302209675312042,0.642408549785614,331.0
bg_6672,0.7867647409439087,0.2780687510967254,0.54655921459198,150.0
bg_6674,0.868979275226593,0.3167854249477386,0.6307991147041321,240.0
bg_6676,0.8011923432350159,0.1419120877981186,0.4781281948089599,373.0
bg_6696,0.7999730110168457,0.2841724157333374,0.5735740065574646,125.0
bg_6703,0.8573705554008484,0.3387623429298401,0.6305227875709534,117.0
bg_6705,0.8265068531036377,0.306177943944931,0.619394838809967,152.0
bg_6712,0.8804569244384766,0.3415219485759735,0.6547423601150513,172.0
bg_6713,0.8652759194374084,0.3849956095218658,0.6741270422935486,691.0
bg_6716,0.8261339068412781,0.2528465986251831,0.5648296475410461,399.0
bg_6724,0.8218815326690674,0.3450482487678528,0.6425064206123352,393.0
bg_6727,0.8061970472335815,0.3260460197925567,0.6232499480247498,163.0
bg_6729,0.8788560032844543,0.2754922807216644,0.6026973724365234,276.0
bg_6732,0.8271604180335999,0.2244403213262558,0.5405105948448181,276.0
bg_6733,0.8148140907287598,0.3495737612247467,0.6388707756996155,275.0
bg_6736,0.8394909501075745,0.2886411845684051,0.6050463914871216,186.0
bg_6737,0.8776528239250183,0.3602149486541748,0.6616380214691162,288.0
bg_6743,0.808151364326477,0.2918397486209869,0.6032249331474304,144.0
bg_6744,0.8101538419723511,0.2990294694900512,0.5920913219451904,448.0
bg_6757,0.881164014339447,0.3986095190048218,0.7012913823127747,362.0
bg_6767,0.8533164262771606,0.3619729578495025,0.6624470949172974,281.0
bg_6768,0.730797529220581,0.194605752825737,0.4740290641784668,184.0
bg_6779,0.8528821468353271,0.3535355925559997,0.6621680855751038,403.0
bg_6783,0.8684089183807373,0.2955488264560699,0.617958128452301,143.0
bg_6791,0.8851178288459778,0.3583236336708069,0.6662063002586365,365.0
bg_6792,0.8615655303001404,0.3369422852993011,0.6540356874465942,537.0
bg_6794,0.7810778617858887,0.2324328422546386,0.5452995300292969,648.0
bg_6798,0.8695714473724365,0.3604428172111511,0.6696000695228577,470.0
bg_6804,0.857810378074646,0.2988686859607696,0.6150851249694824,480.0
bg_6805,0.849048376083374,0.318123310804367,0.6066330671310425,439.0
bg_6818,0.7527994513511658,0.0794045329093933,0.3768036961555481,288.0
bg_6847,0.8069570064544678,0.2142021358013153,0.5330777764320374,367.0
bg_6848,0.7429678440093994,0.2190712988376617,0.5214628577232361,44.0
bg_6859,0.809655487537384,0.2201139777898788,0.4936170279979706,450.0
bg_6862,0.8301494121551514,0.274372935295105,0.5889403223991394,506.0
bg_6864,0.8573257923126221,0.4015053808689117,0.6790801286697388,170.0
bg_6867,0.7555030584335327,0.2157277017831802,0.5133540034294128,701.0
bg_6872,0.8676166534423828,0.3354636430740356,0.6432600617408752,108.0
bg_6875,0.8810925483703613,0.3098398745059967,0.6152397394180298,203.0
bg_6877,0.736166775226593,0.2072932422161102,0.490062803030014,266.0
bg_6879,0.8690288066864014,0.2908590137958526,0.6070823073387146,499.0
bg_6892,0.7204024791717529,0.2188449949026107,0.4984738826751709,179.0
bg_6899,0.8301677107810974,0.3141335844993591,0.6036041378974915,347.0
bg_6916,0.8424913883209229,0.347513347864151,0.6567786931991577,158.0
bg_6917,0.8412962555885315,0.2486941069364547,0.5639712810516357,222.0
bg_6918,0.8786274790763855,0.3841197192668915,0.681980550289154,232.0
bg_6919,0.5577138662338257,0.1042744666337966,0.3489554524421692,110.0
bg_6921,0.8492103815078735,0.3544013202190399,0.6581421494483948,392.0
bg_6930,0.7520983815193176,0.2118194699287414,0.521361231803894,443.0
bg_6945,0.7210026383399963,0.2126675546169281,0.5253331661224365,371.0
bg_6950,0.8721664547920227,0.352152407169342,0.6385217905044556,159.0
bg_6954,0.8304280638694763,0.282021015882492,0.6011932492256165,244.0
bg_6955,0.8183050751686096,0.2818318903446197,0.5915544629096985,462.0
bg_6959,0.8734439015388489,0.4047194123268127,0.6889644265174866,177.0
bg_6972,0.8816258311271667,0.3680932819843292,0.6656901240348816,152.0
bg_6976,0.8188039660453796,0.2635927498340606,0.5610044002532959,467.0
bg_6982,0.8577515482902527,0.2839974462985992,0.598761260509491,127.0
bg_6983,0.7411037683486938,0.237751618027687,0.5320233106613159,58.0
bg_6992,0.8424142003059387,0.2949393391609192,0.6230484247207642,387.0
bg_6994,0.8260324597358704,0.3060330152511596,0.6073077917098999,351.0
bg_7000,0.8807411789894104,0.3573476374149322,0.6758537888526917,456.0
bg_7006,0.8263688087463379,0.3727384507656097,0.6620661020278931,578.0
bg_7010,0.5640650987625122,0.0183206386864185,0.2408986091613769,456.0
bg_7012,0.8303882479667664,0.1858234405517578,0.4677086770534515,273.0
bg_7049,0.7756585478782654,0.2787502706050873,0.553087055683136,144.0
bg_7065,0.8694998025894165,0.3485293984413147,0.6659359931945801,613.0
bg_7078,0.8496396541595459,0.327292263507843,0.6457698941230774,145.0
bg_7096,0.6345270872116089,0.2130878567695617,0.4589980244636535,476.0
bg_7101,0.8543764352798462,0.3659813404083252,0.6777108311653137,193.0
bg_7115,0.7781446576118469,0.1506621986627578,0.471304327249527,547.0
bg_7122,0.8418116569519043,0.3335525691509247,0.6443538665771484,404.0
bg_7129,0.8218767046928406,0.2671624422073364,0.5820818543434143,203.0
bg_7155,0.8421152234077454,0.2833437025547027,0.603541910648346,230.0
bg_7163,0.8415820598602295,0.2871649265289306,0.6110919117927551,530.0
bg_7165,0.8777244687080383,0.3408370018005371,0.6425465941429138,607.0
bg_7170,0.810494601726532,0.3460215330123901,0.6383540034294128,339.0
bg_7171,0.8498173952102661,0.3926162421703338,0.6897557973861694,295.0
bg_7172,0.6631823182106018,0.1314944177865982,0.4679369628429413,105.0
bg_7177,0.8261237144470215,0.2830680012702942,0.5800933837890625,365.0
bg_7183,0.8567032217979431,0.3684688508510589,0.662284255027771,392.0
bg_7184,0.8532893657684326,0.3147427141666412,0.642899751663208,121.0
bg_7186,0.8847581744194031,0.3526073098182678,0.6579218506813049,534.0
bg_7190,0.7134262919425964,0.2377098053693771,0.5412083268165588,71.0
bg_7191,0.8612323999404907,0.3645111918449402,0.6618518233299255,372.0
bg_7200,0.7860229015350342,0.2924855351448059,0.6083801984786987,70.0
bg_7207,0.871014416217804,0.3584472239017486,0.6697773337364197,356.0
bg_7208,0.8203168511390686,0.3377353549003601,0.6386752724647522,416.0
bg_7211,0.877424955368042,0.3667660653591156,0.6700947284698486,161.0
bg_7213,0.7548224925994873,0.2018962949514389,0.4801102578639984,265.0
bg_7216,0.760129988193512,0.27059406042099,0.5755077004432678,483.0
bg_7219,0.8849935531616211,0.3754019439220428,0.6659581661224365,396.0
bg_7224,0.8473019599914551,0.342191219329834,0.6543429493904114,118.0
bg_7235,0.8929073810577393,0.3681337535381317,0.6562591195106506,164.0
bg_7237,0.7780019640922546,0.2892384529113769,0.5534323453903198,138.0
bg_7246,0.8496062755584717,0.3025775849819183,0.6307138800621033,483.0
bg_7251,0.8597715497016907,0.3213633000850677,0.6378805637359619,228.0
bg_7255,0.8769296407699585,0.4002963602542877,0.7032184600830078,330.0
bg_7257,0.7405937910079956,0.1271999329328537,0.3692688941955566,600.0
bg_7266,0.8785886764526367,0.3448741734027862,0.6620053052902222,366.0
bg_7268,0.8340480923652649,0.3180059194564819,0.6347425580024719,474.0
bg_7273,0.8306126594543457,0.2856498062610626,0.5772312879562378,184.0
bg_7277,0.8143169283866882,0.2666493356227875,0.5683517456054688,431.0
bg_7278,0.8503162264823914,0.3837334811687469,0.6815348863601685,237.0
bg_7280,0.8384332656860352,0.311026006937027,0.6235432028770447,147.0
bg_7291,0.7854093909263611,0.224705621600151,0.5179229974746704,504.0
bg_7305,0.868765652179718,0.3857136964797973,0.6704555153846741,169.0
bg_7309,0.786869466304779,0.2476150840520858,0.5645924210548401,495.0
bg_7313,0.8690138459205627,0.3457061648368835,0.6350869536399841,412.0
bg_7320,0.8143054246902466,0.3296849131584167,0.6307446360588074,431.0
bg_7321,0.8499253392219543,0.283145934343338,0.5881626009941101,462.0
bg_7322,0.7831276655197144,0.1814214140176773,0.4923647940158844,530.0
bg_7333,0.8689466714859009,0.3405324816703796,0.6501579284667969,265.0
bg_7346,0.7577546238899231,0.2788730561733246,0.558834433555603,368.0
bg_7353,0.865511417388916,0.3388150036334991,0.6503967642784119,254.0
bg_7357,0.7403313517570496,0.1939173489809036,0.4860529601573944,449.0
bg_7361,0.8419315218925476,0.2942055761814117,0.6192052364349365,429.0
bg_7364,0.8496800065040588,0.2857529819011688,0.5874293446540833,300.0
bg_7367,0.6594693660736084,0.1858550310134887,0.4319532215595245,150.0
bg_7369,0.8346086740493774,0.3150809109210968,0.6151012778282166,393.0
bg_7371,0.8010584115982056,0.2656749784946441,0.5825850963592529,150.0
bg_7373,0.8532907366752625,0.3289833962917328,0.6314704418182373,333.0
bg_7392,0.8335663676261902,0.2870016694068908,0.5724959969520569,273.0
bg_7394,0.7772389054298401,0.2438216358423233,0.5294215083122253,338.0
bg_7396,0.8035639524459839,0.3316946625709533,0.6164320707321167,178.0
bg_7400,0.8691926598548889,0.3405967056751251,0.6501972079277039,1032.0
bg_7419,0.8772153258323669,0.3809868693351745,0.6857501864433289,391.0
bg_7424,0.8614022731781006,0.3229959309101105,0.6193698644638062,340.0
bg_7428,0.8174251914024353,0.3108279407024383,0.6106798648834229,489.0
bg_7430,0.7982524633407593,0.2407958209514618,0.5620400905609131,167.0
bg_7432,0.8398091793060303,0.2789981961250305,0.5884982347488403,408.0
bg_7458,0.8339480757713318,0.3035581707954407,0.6104958057403564,198.0
bg_7471,0.831890344619751,0.3116340637207031,0.5908616781234741,199.0
bg_7475,0.7878222465515137,0.2075602412223816,0.4901618361473083,510.0
bg_7476,0.8512822389602661,0.3343365788459778,0.6626176834106445,142.0
bg_7477,0.8270400762557983,0.321669340133667,0.6344274282455444,167.0
bg_7480,0.7854366898536682,0.2710917890071869,0.5205972790718079,118.0
bg_7486,0.8410754203796387,0.3039073050022125,0.611575186252594,169.0
bg_7497,0.8497409820556641,0.3291490375995636,0.6383697986602783,586.0
bg_7505,0.8525876402854919,0.2673620879650116,0.5898575186729431,148.0
bg_7519,0.8509657979011536,0.3562597632408142,0.6382340788841248,196.0
bg_7521,0.8575534820556641,0.3668392896652221,0.6680147051811218,162.0
bg_7527,0.8223683834075928,0.2823120057582855,0.5831345319747925,89.0
bg_7532,0.8494111895561218,0.3112982809543609,0.6345663666725159,486.0
bg_7540,0.7330812811851501,0.22800113260746,0.5055831670761108,400.0
bg_7544,0.5680232048034668,0.193338006734848,0.4433113038539886,389.0
bg_7546,0.8572306632995605,0.3111035525798797,0.6276233196258545,191.0
bg_7547,0.8459360599517822,0.3604452013969421,0.6661283373832703,371.0
bg_7552,0.8635232448577881,0.3343228101730346,0.630863606929779,223.0
bg_7557,0.8499367833137512,0.3895067870616913,0.6940214037895203,253.0
bg_7569,0.8413400053977966,0.297992467880249,0.6072239279747009,629.0
bg_7581,0.7788745760917664,0.2920218408107757,0.6117303967475891,481.0
bg_7586,0.8419354557991028,0.3465258777141571,0.6360235214233398,376.0
bg_7588,0.7662649154663086,0.2506915628910064,0.5617223381996155,224.0
bg_7589,0.8036214113235474,0.1531826853752136,0.4704896807670593,329.0
bg_7590,0.8599271178245544,0.3533749580383301,0.653937816619873,120.0
bg_7591,0.8650500774383545,0.3064764440059662,0.6150949597358704,165.0
bg_7600,0.8066698312759399,0.1858001500368118,0.5098059177398682,723.0
bg_7610,0.8580500483512878,0.3116601705551147,0.6122084856033325,142.0
bg_7612,0.8733381032943726,0.3496999740600586,0.6465861797332764,561.0
bg_7620,0.8533375263214111,0.295844167470932,0.6032371520996094,259.0
bg_7625,0.8848400115966797,0.3610000610351562,0.6696655750274658,279.0
bg_7629,0.8575960993766785,0.3104914128780365,0.6383024454116821,943.0
bg_7631,0.8630284667015076,0.3702722489833832,0.6686537265777588,233.0
bg_7638,0.8262922763824463,0.3621976375579834,0.6627420783042908,187.0
bg_7641,0.8846931457519531,0.3976475894451141,0.6973881721496582,189.0
bg_7644,0.8766297698020935,0.3291529417037964,0.6426422595977783,452.0
bg_7655,0.7898622155189514,0.270560085773468,0.571769654750824,104.0
bg_7670,0.8651638627052307,0.3463844358921051,0.6389131546020508,116.0
bg_7671,0.8014764785766602,0.2596915662288666,0.5880309343338013,627.0
bg_7682,0.8315170407295227,0.2974410057067871,0.6072421073913574,201.0
bg_7690,0.7181196212768555,0.1963159888982772,0.4588279724121094,233.0
bg_7696,0.8767985105514526,0.3376367688179016,0.6386550068855286,270.0
bg_7704,0.8887240886688232,0.3114272654056549,0.6504998207092285,457.0
bg_7708,0.8924919366836548,0.3506914973258972,0.6663052439689636,265.0
bg_7712,0.834891676902771,0.2856223583221435,0.598743200302124,121.0
bg_7716,0.7865210175514221,0.3072944283485412,0.5879223942756653,464.0
bg_7717,0.7816674709320068,0.2714719176292419,0.5521839261054993,478.0
bg_7720,0.8226874470710754,0.3284851610660553,0.6149324774742126,382.0
bg_7733,0.8034236431121826,0.3289337754249573,0.621342658996582,294.0
bg_7735,0.8106474876403809,0.2782018482685089,0.6031569242477417,359.0
bg_7738,0.8454456329345703,0.3550934493541717,0.6427589654922485,159.0
bg_7739,0.8817157745361328,0.3798815011978149,0.6815798878669739,312.0
bg_7754,0.7913387417793274,0.2162842750549316,0.4915694296360016,339.0
bg_7757,0.7668737769126892,0.2908584475517273,0.5680991411209106,384.0
bg_7760,0.8287461996078491,0.3406315743923187,0.6422373652458191,131.0
bg_7761,0.8629330992698669,0.3287960290908813,0.6468279361724854,138.0
bg_7768,0.7917371392250061,0.2490268349647522,0.5762333273887634,387.0
bg_7770,0.6528142094612122,0.048235110938549,0.3329179584980011,555.0
bg_7773,0.8730543851852417,0.3545443117618561,0.6546553373336792,132.0
bg_7778,0.8452234268188477,0.3408182859420776,0.6394864916801453,254.0
bg_7793,0.8574024438858032,0.3056588768959045,0.6308305263519287,362.0
bg_7797,0.7906922698020935,0.2133885324001312,0.5014987587928772,395.0
bg_7800,0.7919143438339233,0.2674424648284912,0.5496244430541992,535.0
bg_7801,0.8726862072944641,0.3536366820335388,0.6542326807975769,403.0
bg_7808,0.8774411082267761,0.2781437933444977,0.5917966961860657,327.0
bg_7813,0.8468789458274841,0.2478105127811432,0.5960656404495239,247.0
bg_7814,0.8504295945167542,0.3260413110256195,0.6488308310508728,142.0
bg_7816,0.7733969688415527,0.2331783771514892,0.553963303565979,51.0
bg_7830,0.8149502277374268,0.2809816002845764,0.5844987034797668,93.0
bg_7834,0.7793287038803101,0.278406023979187,0.5449970364570618,776.0
bg_7852,0.8963530659675598,0.3443993330001831,0.651147186756134,163.0
bg_7862,0.7836005687713623,0.2789785861968994,0.564765453338623,97.0
bg_7866,0.8169026970863342,0.3129678964614868,0.6109908819198608,180.0
bg_7869,0.8537381291389465,0.3330250680446625,0.6309653520584106,343.0
bg_7872,0.8576043844223022,0.3786541223526001,0.6899858117103577,412.0
bg_7876,0.8772185444831848,0.3563612103462219,0.6461825370788574,330.0
bg_7889,0.8498244285583496,0.2501641809940338,0.5834248065948486,782.0
bg_7894,0.7353501915931702,0.2168860286474228,0.4983144104480743,192.0
bg_7911,0.8563702702522278,0.3879462778568268,0.6893172264099121,217.0
bg_7917,0.8498488068580627,0.3210383355617523,0.6270689368247986,407.0
bg_7918,0.8573585748672485,0.3138856589794159,0.6383542418479919,343.0
bg_7919,0.8017841577529907,0.1969810575246811,0.5171950459480286,439.0
bg_7922,0.7062948942184448,0.2159294635057449,0.4940391182899475,54.0
bg_7925,0.7870818376541138,0.2746112942695617,0.5645857453346252,425.0
bg_7935,0.7545855641365051,0.2540601789951324,0.549410343170166,99.0
bg_7946,0.8553029298782349,0.3152661621570587,0.6041439175605774,271.0
bg_7951,0.8500169515609741,0.3115123808383941,0.6314762830734253,167.0
bg_7959,0.8344058394432068,0.2721510231494903,0.5912418365478516,157.0
bg_7960,0.8810793161392212,0.4000299274921417,0.6972866654396057,412.0
bg_7963,0.8929938077926636,0.3857896625995636,0.6705129146575928,619.0
bg_7968,0.7715998888015747,0.1562673896551132,0.4724934697151184,296.0
bg_7973,0.7478340864181519,0.1349551081657409,0.4197778105735779,561.0
bg_7974,0.8808934688568115,0.3290067911148071,0.6347789764404297,409.0
bg_7975,0.8514100313186646,0.3968688249588012,0.6891643404960632,466.0
bg_7980,0.8422014713287354,0.3445308804512024,0.6512616872787476,160.0
bg_7981,0.8412633538246155,0.3802571296691894,0.6740927696228027,403.0
bg_7984,0.8138978481292725,0.2624296545982361,0.5782118439674377,288.0
bg_7988,0.6781145334243774,0.1649414896965026,0.4084516167640686,521.0
bg_7990,0.7941020727157593,0.2790859937667846,0.5717862248420715,180.0
bg_7994,0.8659301996231079,0.3329030275344848,0.6422586441040039,179.0
bg_7997,0.844626784324646,0.3652040660381317,0.6663636565208435,158.0
bg_8001,0.8151727914810181,0.3926449418067932,0.6821756958961487,87.0
bg_8009,0.8183647394180298,0.3349376618862152,0.6268541812896729,244.0
bg_8012,0.8692848682403564,0.353900671005249,0.6391153335571289,395.0
bg_8013,0.4558071494102478,-0.0021429173648357,0.1820140928030014,425.0
bg_8016,0.7954933643341064,0.2365108877420425,0.5406785607337952,484.0
bg_8032,0.8091016411781311,0.3040251433849334,0.6036821007728577,108.0
bg_8043,0.8562433123588562,0.3664386868476867,0.6666302680969238,123.0
bg_8061,0.83771151304245,0.2411707937717437,0.5609971284866333,175.0
bg_8062,0.8459089398384094,0.314492791891098,0.6193675994873047,152.0
bg_8073,0.7443274855613708,0.1948483139276504,0.506334125995636,454.0
bg_8075,0.872535228729248,0.3023275732994079,0.6149951815605164,240.0
bg_8076,0.8726675510406494,0.4100997149944305,0.6926350593566895,390.0
bg_8091,0.8378326296806335,0.3073908686637878,0.6187675595283508,343.0
bg_8100,0.7672679424285889,0.2490762174129486,0.5411621332168579,188.0
bg_8121,0.8689690232276917,0.2876993119716644,0.6189045310020447,155.0
bg_8133,0.8359139561653137,0.275125652551651,0.615456759929657,150.0
bg_8136,0.8535951972007751,0.3134037256240845,0.6189227104187012,512.0
bg_8137,0.8223490118980408,0.3054476082324981,0.5881192684173584,320.0
bg_8141,0.806868314743042,0.2214939594268798,0.5415017604827881,477.0
bg_8146,0.8242214322090149,0.2372668087482452,0.5610815286636353,218.0
bg_8154,0.8569310903549194,0.336272269487381,0.6381199955940247,155.0
bg_8164,0.8066022396087646,0.3057514727115631,0.5957334041595459,502.0
bg_8166,0.8192293643951416,0.248505026102066,0.5366431474685669,160.0
bg_8171,0.8306959271430969,0.2904395759105682,0.6038508415222168,455.0
bg_8174,0.8377544283866882,0.3305978178977966,0.6298570036888123,195.0
bg_8175,0.8066807389259338,0.1768980920314788,0.5057572722434998,358.0
bg_8180,0.8074654936790466,0.316234678030014,0.6146122217178345,110.0
bg_8182,0.8026418685913086,0.2987695336341858,0.587978184223175,653.0
bg_8186,0.8116373419761658,0.3150538206100464,0.6148938536643982,211.0
bg_8188,0.6617212891578674,0.1392610967159271,0.4094646573066711,473.0
bg_8193,0.8733954429626465,0.3733568787574768,0.6749756336212158,179.0
bg_8199,0.8657984733581543,0.3776344954967499,0.6624264717102051,404.0
bg_8200,0.8045684695243835,0.2910158038139343,0.6030228734016418,204.0
bg_8215,0.8418031334877014,0.3258963823318481,0.6151604652404785,288.0
bg_8220,0.8419458866119385,0.3052533566951751,0.598842978477478,347.0
bg_8221,0.7690721750259399,0.3218845427036285,0.5994473099708557,107.0
bg_8223,0.849178671836853,0.2893309295177459,0.6084160804748535,169.0
bg_8225,0.8061608672142029,0.3028839826583862,0.6190376281738281,160.0
bg_8229,0.6473432779312134,0.2324343025684356,0.4826667010784149,284.0
bg_8233,0.6780782341957092,0.2373557537794113,0.5374616980552673,385.0
bg_8236,0.784335732460022,0.1475211828947067,0.4523102045059204,217.0
bg_8243,0.806999921798706,0.279678076505661,0.5720109343528748,291.0
bg_8247,0.8728598952293396,0.2950536012649536,0.6037082076072693,165.0
bg_8252,0.7415662407875061,0.2547535896301269,0.5322440266609192,145.0
bg_8256,0.8544536232948303,0.3535981178283691,0.6653974652290344,97.0
bg_8257,0.8667755722999573,0.3524225354194641,0.658332347869873,168.0
bg_8258,0.8652525544166565,0.3154683411121368,0.6463580131530762,993.0
bg_8264,0.6913924813270569,0.2831252217292785,0.5748668909072876,289.0
bg_8266,0.7949944734573364,0.2237006574869156,0.5452519059181213,465.0
bg_8271,0.8845947980880737,0.3930180668830871,0.6937787532806396,168.0
bg_8274,0.8844113349914551,0.3542205095291137,0.6779974102973938,436.0
bg_8275,0.768832266330719,0.1984066218137741,0.5135417580604553,214.0
bg_8286,0.8372821807861328,0.3320683240890503,0.6512030959129333,75.0
bg_8294,0.876868486404419,0.3453676402568817,0.6594257950782776,122.0
bg_8306,0.8424096703529358,0.3262526094913482,0.6384308338165283,426.0
bg_8311,0.6466672420501709,0.208783283829689,0.4349238574504852,408.0
bg_8318,0.8312485814094543,0.318356454372406,0.6310940980911255,171.0
bg_8321,0.8220505118370056,0.356454849243164,0.6506739258766174,187.0
bg_8330,0.8499442338943481,0.3507257997989654,0.6508843302726746,107.0
bg_8332,0.8769196271896362,0.3699613511562347,0.6689206957817078,359.0
bg_8344,0.8420206308364868,0.3539682030677795,0.6369390487670898,481.0
bg_8346,0.5800594091415405,-0.0013066136743873,0.2659793794155121,513.0
bg_8348,0.8418415188789368,0.384938508272171,0.6734909415245056,254.0
bg_8349,0.8223450183868408,0.2609192430973053,0.5685895085334778,525.0
bg_8352,0.8729175925254822,0.3768198192119598,0.6857917308807373,542.0
bg_8353,0.8612836599349976,0.3883511424064636,0.6951665878295898,248.0
bg_8363,0.8151454329490662,0.2802480459213257,0.5999678373336792,199.0
bg_8372,0.8577480912208557,0.2893826365470886,0.5958483815193176,228.0
bg_8374,0.8637580871582031,0.3593702018260956,0.6738370060920715,254.0
bg_8379,0.8736625909805298,0.3547483384609222,0.654064416885376,466.0
bg_8382,0.815572202205658,0.3230191767215729,0.6154130697250366,341.0
bg_8383,0.8184295892715454,0.3215956687927246,0.6277855634689331,113.0
bg_8387,0.7870293855667114,0.2313864827156067,0.5486621856689453,309.0
bg_8392,0.8395666480064392,0.3540202677249908,0.6592942476272583,136.0
bg_8395,0.8500168919563293,0.3616071343421936,0.6541590094566345,121.0
bg_8397,0.8415715098381042,0.322244256734848,0.6272459030151367,288.0
bg_8399,0.8887295722961426,0.4236687123775482,0.6976650357246399,603.0
bg_8409,0.865199863910675,0.3312454223632812,0.6264834403991699,178.0
bg_8410,0.880656898021698,0.2743672430515289,0.5950990915298462,399.0
bg_8412,0.861909806728363,0.2317123264074325,0.5698846578598022,244.0
bg_8415,0.8338348269462585,0.2644922435283661,0.5842196345329285,200.0
bg_8419,0.8539770245552063,0.3211792707443237,0.6310247182846069,170.0
bg_8434,0.839138925075531,0.3311134576797485,0.6584984064102173,331.0
bg_8440,0.8378300070762634,0.337045818567276,0.6352977156639099,165.0
bg_8448,0.8378375172615051,0.2995459139347076,0.5991318225860596,323.0
bg_8449,0.8576485514640808,0.3614000082015991,0.6525553464889526,474.0
bg_8457,0.794334352016449,0.2876805067062378,0.5632405281066895,107.0
bg_8458,0.8419362902641296,0.2828582227230072,0.588529646396637,507.0
bg_8465,0.8577296137809753,0.3992623388767242,0.6977455615997314,431.0
bg_8467,0.8771730065345764,0.3634698092937469,0.6584088802337646,118.0
bg_8468,0.8179296255111694,0.2476521879434585,0.5653039216995239,389.0
bg_8471,0.6893191337585449,0.2652223110198974,0.5496095418930054,147.0
bg_8474,0.7859697341918945,0.2785019278526306,0.5842185020446777,204.0
bg_8480,0.8335537910461426,0.3229117095470428,0.6286250352859497,470.0
bg_8491,0.8182830810546875,0.3174783587455749,0.6107118725776672,181.0
bg_8498,0.8777274489402771,0.4476400017738342,0.7241606116294861,259.0
bg_8502,0.8492156267166138,0.3132718801498413,0.6425970792770386,371.0
bg_8503,0.8498879671096802,0.2886335551738739,0.601254940032959,152.0
bg_8504,0.4627673923969269,0.1347430795431137,0.3608438968658447,442.0
bg_8518,0.8418111205101013,0.3388310074806213,0.6425648927688599,517.0
bg_8524,0.7621968388557434,0.2747678458690643,0.5491315126419067,456.0
bg_8528,0.8852158188819885,0.3551130890846252,0.6693581938743591,266.0
bg_8529,0.8849145174026489,0.3416094779968261,0.6547083854675293,509.0
bg_8532,0.8577656745910645,0.3308935761451721,0.6227468252182007,168.0
bg_8534,0.7926479578018188,0.3173915147781372,0.607214093208313,448.0
bg_8537,0.7473949193954468,0.1387178003787994,0.4075183868408203,125.0
bg_8543,0.8184161186218262,0.322337657213211,0.6229644417762756,405.0
bg_8544,0.8687195777893066,0.3579582870006561,0.666466474533081,191.0
bg_8546,0.7330024838447571,0.114858292043209,0.4133121371269226,510.0
bg_8558,0.8336539268493652,0.3077313303947449,0.6148321032524109,162.0
bg_8562,0.8543668389320374,0.2742507755756378,0.5960663557052612,286.0
bg_8569,0.8464595675468445,0.29791259765625,0.6015057563781738,108.0
bg_8575,0.8698309063911438,0.3730061948299408,0.6834231615066528,162.0
bg_8590,0.8414913415908813,0.3062858879566192,0.6267064809799194,148.0
bg_8591,0.8261251449584961,0.2960030734539032,0.6074340343475342,359.0
bg_8593,0.8146113157272339,0.3103817999362945,0.6036742925643921,457.0
bg_8600,0.8626609444618225,0.3455282747745514,0.6601548194885254,500.0
bg_8603,0.8383071422576904,0.3056966066360473,0.6259734034538269,445.0
bg_8616,0.776456356048584,0.2403303384780883,0.537666916847229,421.0
bg_8621,0.7631733417510986,0.2400303333997726,0.5493413805961609,451.0
bg_8628,0.8188344240188599,0.2327579408884048,0.5537645220756531,126.0
bg_8645,0.8807483911514282,0.3951869010925293,0.6855291724205017,300.0
bg_8648,0.8579589128494263,0.3390111625194549,0.6507357954978943,167.0
bg_8651,0.8461966514587402,0.3304921686649322,0.6347509622573853,138.0
bg_8656,0.8494755029678345,0.3360264897346496,0.646835207939148,174.0
bg_8657,0.885259747505188,0.368858277797699,0.6663551330566406,472.0
bg_8658,0.862887978553772,0.3876175880432129,0.6791818141937256,144.0
bg_8660,0.8347090482711792,0.2921061515808105,0.5997894406318665,171.0
bg_8663,0.8693926930427551,0.3777161538600921,0.6860511898994446,235.0
bg_8664,0.8652985095977783,0.2628354132175445,0.5879895687103271,488.0
bg_8677,0.8789550065994263,0.3813314437866211,0.6892586350440979,340.0
bg_8689,0.8570982813835144,0.2860665917396545,0.5950347781181335,262.0
bg_8691,0.8498996496200562,0.3196423053741455,0.615287721157074,511.0
bg_8698,0.8689164519309998,0.3054243922233581,0.6194054484367371,163.0
bg_8700,0.860835075378418,0.3263510465621948,0.6394877433776855,131.0
bg_8702,0.8417750000953674,0.3016766607761383,0.6193392276763916,889.0
bg_8703,0.8492912650108337,0.2724076509475708,0.5836743712425232,589.0
bg_8709,0.8429276347160339,0.3409684598445892,0.6403344869613647,166.0
bg_8711,0.783962070941925,0.2528518438339233,0.5446982979774475,364.0
bg_8712,0.8695727586746216,0.2586917579174042,0.5799759030342102,460.0
bg_8718,0.887231171131134,0.3478969037532806,0.6608789563179016,394.0
bg_8724,0.7841596007347107,0.2754235565662384,0.5728317499160767,162.0
bg_8736,0.8303582072257996,0.3179588317871094,0.6126914024353027,138.0
bg_8753,0.8765770792961121,0.3113978803157806,0.6185932159423828,159.0
bg_8758,0.854566752910614,0.3071164488792419,0.6191264986991882,231.0
bg_8760,0.8375808000564575,0.3191016912460327,0.6401465535163879,136.0
bg_8762,0.8692933917045593,0.2723761200904846,0.5878658294677734,1099.0
bg_8763,0.8508905172348022,0.311667263507843,0.6263457536697388,162.0
bg_8764,0.8140078783035278,0.3303570449352264,0.626715898513794,845.0
bg_8768,0.8112013339996338,0.286992073059082,0.5920386910438538,249.0
bg_8785,0.8648176789283752,0.3606854677200317,0.6582205891609192,101.0
bg_8789,0.7830648422241211,0.3180916011333465,0.6238213181495667,119.0
bg_8801,0.8138566017150879,0.249012753367424,0.568079948425293,153.0
bg_8818,0.8538749814033508,0.3273403346538543,0.6354613900184631,192.0
bg_8837,0.3727704882621765,-0.0113238357007503,0.1353983581066131,459.0
bg_8840,0.8072794675827026,0.319399744272232,0.6150297522544861,360.0
bg_8845,0.8029263615608215,0.314653992652893,0.6117449998855591,427.0
bg_8847,0.8583915829658508,0.3024908900260925,0.6088634133338928,40.0
bg_8850,0.8304653763771057,0.2921290099620819,0.6188328266143799,463.0
bg_8854,0.7123490571975708,0.1690251678228378,0.4276888966560364,431.0
bg_8855,0.8461513519287109,0.260744959115982,0.5703293681144714,130.0
bg_8857,0.8167608976364136,0.1601397395133972,0.4944777488708496,190.0
bg_8859,0.8578231334686279,0.3368515074253082,0.642320990562439,423.0
bg_8867,0.8225729465484619,0.2939308285713196,0.5841355919837952,603.0
bg_8870,0.873066246509552,0.3781183958053589,0.6890068650245667,326.0
bg_8888,0.8927566409111023,0.381879448890686,0.6892032027244568,295.0
bg_8894,0.8148095011711121,0.2626275718212127,0.5803741216659546,863.0
bg_8896,0.7552635073661804,0.198423147201538,0.4951744675636291,52.0
bg_8906,0.8532804250717163,0.2029474675655365,0.5257772207260132,394.0
bg_8918,0.8182951807975769,0.3763804733753204,0.6164246797561646,250.0
bg_8927,0.8870879411697388,0.3721896409988403,0.6895825266838074,609.0
bg_8935,0.8258429169654846,0.2833250761032104,0.5933884978294373,456.0
bg_8936,0.8577533960342407,0.328983873128891,0.6468562483787537,111.0
bg_8944,0.799450159072876,0.2862575054168701,0.5882452130317688,358.0
bg_8945,0.7994389533996582,0.2597177922725677,0.5663580298423767,105.0
bg_8950,0.8071691989898682,0.2405454367399215,0.5491758584976196,435.0
bg_8953,0.8695827722549438,0.3929505050182342,0.6891660094261169,413.0
bg_8954,0.7908024787902832,0.2568117380142212,0.564877450466156,351.0
bg_8964,0.8179371953010559,0.2316339313983917,0.5297223925590515,455.0
bg_8972,0.7516414523124695,0.2490138262510299,0.5206973552703857,303.0
bg_8977,0.8389022946357727,0.2931265532970428,0.6031113266944885,272.0
bg_8982,0.5876242518424988,0.0857992619276046,0.3190604448318481,416.0
bg_8986,0.8572999835014343,0.293895274400711,0.6152774095535278,477.0
bg_8996,0.8261756896972656,0.3072180151939392,0.6160851120948792,212.0
bg_8999,0.8464197516441345,0.3225020170211792,0.6192600131034851,229.0
bg_9000,0.8107795715332031,0.3106653392314911,0.5958287715911865,583.0
bg_9005,0.8419881463050842,0.3021518290042877,0.6253306865692139,82.0
bg_9010,0.8336268663406372,0.2589608430862427,0.5810600519180298,103.0
bg_9013,0.806628942489624,0.2257393896579742,0.536993145942688,399.0
bg_9032,0.7992516160011292,0.256407082080841,0.5409759283065796,429.0
bg_9035,0.8356688022613525,0.2710879743099212,0.5936384797096252,112.0
bg_9041,0.87757807970047,0.3565195798873901,0.6579634547233582,127.0
bg_9052,0.8024167418479919,0.2242728471755981,0.5218700766563416,499.0
bg_9059,0.8535292148590088,0.3317360579967499,0.6317501068115234,165.0
bg_9067,0.8303162455558777,0.3390557467937469,0.6461113095283508,437.0
bg_9068,0.7906697392463684,0.2255730926990509,0.5251924991607666,385.0
bg_9079,0.8688190579414368,0.3606952428817749,0.6627543568611145,190.0
bg_9083,0.7358670234680176,0.2874458730220794,0.5682908892631531,448.0
bg_9084,0.851250946521759,0.3143017292022705,0.6340014338493347,166.0
bg_9098,0.7673406004905701,0.1383216083049774,0.4316626489162445,401.0
bg_9100,0.6540008783340454,0.1305785179138183,0.3614707291126251,551.0
bg_9102,0.8023597598075867,0.2140339761972427,0.529315173625946,436.0
bg_9105,0.8026810884475708,0.1922824084758758,0.5097663402557373,413.0
bg_9108,0.8533380031585693,0.2783046066761017,0.5479023456573486,171.0
bg_9110,0.8492324352264404,0.2991556823253631,0.6226633191108704,439.0
bg_9112,0.8688880205154419,0.3206595778465271,0.6232410669326782,153.0
bg_9118,0.803004801273346,0.2895881533622741,0.5875836610794067,438.0
bg_9126,0.8217480182647705,0.326402872800827,0.6111404299736023,226.0
bg_9127,0.7603930234909058,0.2567328810691833,0.5251553058624268,536.0
bg_9128,0.857507050037384,0.2646836638450622,0.5760812759399414,907.0
bg_9130,0.8655128479003906,0.3331186771392822,0.6469169855117798,406.0
bg_9134,0.8499101996421814,0.2679592370986938,0.5795749425888062,481.0
bg_9137,0.7856079936027527,0.3372754454612732,0.6078463792800903,235.0
bg_9143,0.8149515390396118,0.2157614976167678,0.5451395511627197,133.0
bg_9145,0.8496435880661011,0.276373952627182,0.598087728023529,192.0
bg_9146,0.8262762427330017,0.2719979584217071,0.5490767359733582,171.0
bg_9156,0.8425520062446594,0.2985915541648865,0.5989336371421814,133.0
bg_9157,0.8652779459953308,0.3228670954704284,0.6382143497467041,487.0
bg_9159,0.8620091080665588,0.3107129335403442,0.6271089315414429,391.0
bg_9162,0.8415929675102234,0.2685299217700958,0.5931140780448914,154.0
bg_9166,0.5047619342803955,0.2129373699426651,0.407645434141159,61.0
bg_9168,0.791629433631897,0.2355467528104782,0.5332642793655396,460.0
bg_9174,0.858395516872406,0.3611548542976379,0.6604469418525696,108.0
bg_9190,0.8480889201164246,0.2800045013427734,0.5874518752098083,418.0
bg_9199,0.8416874408721924,0.2974490225315094,0.6195940375328064,128.0
bg_9206,0.8335761427879333,0.314675897359848,0.6136999726295471,410.0
bg_9207,0.8733309507369995,0.3339123129844665,0.6665655970573425,512.0
bg_9211,0.8421686887741089,0.2895501852035522,0.5778351426124573,230.0
bg_9222,0.8930748105049133,0.3581075370311737,0.658181369304657,196.0
bg_9227,0.7723034024238586,0.2373360842466354,0.5171136856079102,465.0
bg_9241,0.8888688087463379,0.3195615410804748,0.6507915258407593,473.0
bg_9251,0.8182284235954285,0.3447684645652771,0.6315717697143555,361.0
bg_9254,0.8422763347625732,0.3290758430957794,0.6187491416931152,336.0
bg_9257,0.7872786521911621,0.2368184626102447,0.5841654539108276,497.0
bg_9258,0.8727970123291016,0.3962523341178894,0.6932395100593567,450.0
bg_9259,0.8419491052627563,0.3186915814876556,0.6042331457138062,530.0
bg_9263,0.8682317137718201,0.3614150881767273,0.6739727854728699,369.0
bg_9265,0.7523302435874939,0.2491126954555511,0.5291038155555725,83.0
bg_9276,0.8220174908638,0.2975624501705169,0.5879875421524048,349.0
bg_9288,0.7820577621459961,0.2750808894634247,0.571897566318512,99.0
bg_9290,0.8061144351959229,0.2968058288097381,0.5877565741539001,374.0
bg_9307,0.763941764831543,0.2372747212648391,0.5215517282485962,283.0
bg_9310,0.8383318185806274,0.2995468378067016,0.5994826555252075,458.0
bg_9324,0.8475608229637146,0.3591400980949402,0.6703141927719116,138.0
bg_9326,0.8179349899291992,0.2862493991851806,0.6038520932197571,386.0
bg_9328,0.8257943391799927,0.3602475225925445,0.6375920176506042,92.0
bg_9332,0.8458380699157715,0.1974348872900009,0.5282031893730164,411.0
bg_9333,0.880898654460907,0.3876961171627044,0.6929461359977722,566.0
bg_9335,0.8427916765213013,0.29492849111557,0.6105960607528687,133.0
bg_9348,0.8337268233299255,0.3012464344501495,0.6114252209663391,312.0
bg_9358,0.8692195415496826,0.3681544363498688,0.6584316492080688,369.0
bg_9364,0.8619208931922913,0.3623875379562378,0.6418197751045227,365.0
bg_9365,0.8613019585609436,0.3247696161270141,0.6306394338607788,155.0
bg_9370,0.8455595374107361,0.2628644406795501,0.5880937576293945,493.0
bg_9389,0.8298619985580444,0.2624965608119964,0.5845438838005066,471.0
bg_9391,0.8397847414016724,0.2235605120658874,0.5637418031692505,160.0
bg_9395,0.8338006734848022,0.348833292722702,0.638538122177124,380.0
bg_9397,0.8114156723022461,0.2844145596027374,0.5838062167167664,179.0
bg_9406,0.8774329423904419,0.3806789517402649,0.6798476576805115,184.0
bg_9408,0.8455669283866882,0.3232068419456482,0.6195862889289856,581.0
bg_9415,0.7480669617652893,0.2188887298107147,0.474458783864975,462.0
bg_9418,0.8224176168441772,0.300117164850235,0.5777760148048401,164.0
bg_9420,0.8064802289009094,0.2044056206941604,0.5176675915718079,196.0
bg_9422,0.8686128258705139,0.3698324859142303,0.685283899307251,171.0
bg_9432,0.8471750020980835,0.2479999363422393,0.5842419266700745,487.0
bg_9438,0.8408436179161072,0.2838940024375915,0.5956329107284546,113.0
bg_9444,0.872348964214325,0.3502366542816162,0.6578373312950134,412.0
bg_9451,0.7530595064163208,0.2332073003053665,0.5265474915504456,76.0
bg_9453,0.8423188328742981,0.3400809466838836,0.6494652032852173,185.0
bg_9455,0.8531556129455566,0.3318442404270172,0.6398888826370239,115.0
bg_9462,0.814894437789917,0.3025350868701935,0.5717006325721741,363.0
bg_9463,0.6367440819740295,0.1761020123958587,0.4281432330608368,134.0
bg_9475,0.8517531156539917,0.3117191791534424,0.6108855605125427,308.0
bg_9484,0.8701434135437012,0.3018755614757538,0.6467936635017395,247.0
bg_9487,0.8656173944473267,0.3105932176113128,0.6366379857063293,140.0
bg_9500,0.7912821173667908,0.2802594006061554,0.5792950391769409,450.0
bg_9506,0.7199287414550781,0.1541003137826919,0.4199696779251098,519.0
bg_9512,0.837697446346283,0.3152392506599426,0.5964311957359314,367.0
bg_9516,0.8416550755500793,0.3350172340869903,0.6310800313949585,175.0
bg_9519,0.7909485697746277,0.2158909142017364,0.5255110263824463,531.0
bg_9524,0.8440608382225037,0.1859848797321319,0.4998974502086639,190.0
bg_9527,0.8815127611160278,0.3237529397010803,0.6190523505210876,101.0
bg_9533,0.83778315782547,0.2337050586938858,0.552870512008667,185.0
bg_9536,0.8424468636512756,0.3602958023548126,0.6389135122299194,177.0
bg_9537,0.8694069385528564,0.363770067691803,0.6698106527328491,177.0
bg_9543,0.8179370760917664,0.2649987041950226,0.5711916089057922,122.0
bg_9549,0.8534218668937683,0.3689149022102356,0.6682109236717224,457.0
bg_9550,0.7980638742446899,0.2201270908117294,0.5377100706100464,391.0
bg_9552,0.7872235178947449,0.2643149197101593,0.5642791986465454,428.0
bg_9555,0.854049563407898,0.2640895545482635,0.5704988837242126,107.0
bg_9558,0.8379822373390198,0.2868516147136688,0.604617714881897,144.0
bg_9564,0.8144488334655762,0.2944329679012298,0.614402711391449,125.0
bg_9566,0.6854499578475952,0.1554636657238006,0.4391371607780456,777.0
bg_9577,0.8495700359344482,0.3273965120315552,0.6232826709747314,158.0
bg_9579,0.8614210486412048,0.3177630603313446,0.6387284994125366,147.0
bg_9590,0.8422900438308716,0.2938211560249328,0.5997673273086548,540.0
bg_9596,0.8220735192298889,0.2066884040832519,0.5294119715690613,234.0
bg_9598,0.8692851662635803,0.3383618593215942,0.654029130935669,335.0
bg_9610,0.8576185703277588,0.3154274523258209,0.642138659954071,297.0
bg_9616,0.8614298701286316,0.368087500333786,0.6856700778007507,156.0
bg_9619,0.786388099193573,0.2878395617008209,0.5945197343826294,91.0
bg_9623,0.847821056842804,0.2738364338874817,0.5942102670669556,138.0
bg_9631,0.8082377910614014,0.2593780159950256,0.5727065801620483,81.0
bg_9636,0.853654682636261,0.3323507905006408,0.623312771320343,164.0
bg_9643,0.8414193391799927,0.309404581785202,0.5991999506950378,394.0
bg_9649,0.8140475153923035,0.2446846812963485,0.529306948184967,432.0
bg_9652,0.1323870569467544,-0.065290942788124,0.0518552958965301,455.0
bg_9657,0.8662383556365967,0.3171053528785705,0.6303367614746094,139.0
bg_9665,0.8416780829429626,0.3031781613826751,0.5990732908248901,396.0
bg_9670,0.7421009540557861,0.2175770401954651,0.5059853792190552,480.0
bg_9672,0.8664250373840332,0.3209258019924164,0.6357773542404175,89.0
bg_9679,0.8618176579475403,0.3292123973369598,0.6442059278488159,144.0
bg_9689,0.8382056951522827,0.3257929682731628,0.654518723487854,227.0
bg_9697,0.8615158796310425,0.2937948107719421,0.6034170389175415,144.0
bg_9698,0.8189386129379272,0.2718769907951355,0.5645861625671387,353.0
bg_9699,0.2537086904048919,0.0539623871445655,0.1915106624364853,124.0
bg_9701,0.8164257407188416,0.3017748296260834,0.5904774069786072,955.0
bg_9705,0.7714382410049438,0.2756922841072082,0.5550946593284607,176.0
bg_9711,0.8362525701522827,0.3397710621356964,0.6547430157661438,126.0
bg_9714,0.8463232517242432,0.3226116299629211,0.6268751621246338,174.0
bg_9715,0.8614741563796997,0.3134260177612304,0.6268662214279175,481.0
bg_9716,0.8810035586357117,0.287308394908905,0.6226772665977478,431.0
bg_9721,0.8191153407096863,0.2245532572269439,0.5511022806167603,446.0
bg_9722,0.7986802458763123,0.2981584370136261,0.5800350904464722,376.0
bg_9729,0.870648980140686,0.3598214387893677,0.6544481515884399,251.0
bg_9733,0.787844181060791,0.2847115695476532,0.5924305319786072,104.0
bg_9739,0.4282769560813904,0.0959206819534301,0.3098892867565155,357.0
bg_9747,0.8736835718154907,0.3594479858875274,0.6580636501312256,202.0
bg_9748,0.8244224786758423,0.3344558179378509,0.6367326378822327,529.0
bg_9750,0.7995262742042542,0.2895108759403229,0.5832294821739197,80.0
bg_9754,0.8840299248695374,0.3838406503200531,0.6698350310325623,641.0
bg_9763,0.6795165538787842,0.2122182250022888,0.469963014125824,312.0
bg_9765,0.8575124740600586,0.3473429679870605,0.6582784652709961,416.0
bg_9768,0.8728002905845642,0.3803681135177612,0.6933945417404175,159.0
bg_9776,0.5685473680496216,0.173698291182518,0.3926952183246612,151.0
bg_9783,0.8458320498466492,0.3430343866348266,0.6427254676818848,351.0
bg_9791,0.8569673895835876,0.3563241362571716,0.6707164645195007,228.0
bg_9797,0.8540031313896179,0.3702737987041473,0.6746008992195129,169.0
bg_9799,0.8672261238098145,0.3606991171836853,0.6718986630439758,248.0
bg_9803,0.8343252539634705,0.3217766582965851,0.62708580493927,353.0
bg_9806,0.7869516015052795,0.1787265837192535,0.4939879775047302,428.0
bg_9807,0.8085216283798218,0.2237587422132492,0.5406961441040039,394.0
bg_9808,0.8568496108055115,0.3709460794925689,0.6656849980354309,204.0
bg_9816,0.5960353016853333,0.2239564508199691,0.4193136990070343,84.0
bg_9852,0.8926366567611694,0.3418533504009247,0.6579980254173279,405.0
bg_9857,0.8724486827850342,0.3342719376087188,0.6545809507369995,191.0
bg_9860,0.8216655850410461,0.3728488981723785,0.6572553515434265,153.0
bg_9868,0.8808402419090271,0.3617058098316192,0.6700053811073303,238.0
bg_9881,0.7869845032691956,0.2201327830553054,0.5221200585365295,286.0
bg_9882,0.8577640652656555,0.3467395603656769,0.6470815539360046,592.0
bg_9883,0.827176570892334,0.2911880314350128,0.5955784320831299,135.0
bg_9889,0.7633287906646729,0.310352087020874,0.5843100547790527,233.0
bg_9896,0.7681381106376648,0.2853280901908874,0.5835277438163757,362.0
bg_9900,0.8052017092704773,0.2455148100852966,0.5487448573112488,414.0
bg_9903,0.568496584892273,0.1210755258798599,0.3768208622932434,160.0
bg_9905,0.8250342607498169,0.2949644923210144,0.6070829033851624,142.0
bg_9915,0.8029687404632568,0.3134020566940307,0.6038479804992676,117.0
bg_9919,0.8489713668823242,0.2796536684036255,0.5999446511268616,177.0
bg_9922,0.8465469479560852,0.3571683764457702,0.6550477147102356,406.0
bg_9925,0.8649129867553711,0.3625228106975555,0.6696850657463074,439.0
bg_9932,0.854308545589447,0.3728143274784088,0.6616418957710266,113.0
bg_9936,0.8174576759338379,0.3069546222686767,0.607470691204071,475.0
bg_9940,0.8025944232940674,0.243605226278305,0.5179062485694885,539.0
bg_9944,0.8606017231941223,0.3522961735725403,0.6391234397888184,329.0
bg_9946,0.797181248664856,0.1930776238441467,0.5113946199417114,98.0
bg_9947,0.8773653507232666,0.3641605973243713,0.665919303894043,363.0
bg_9948,0.8303580284118652,0.3032548129558563,0.6030253767967224,217.0
bg_9953,0.8533841371536255,0.2794651389122009,0.6033897995948792,592.0
bg_9959,0.7990158200263977,0.2248413562774658,0.5452385544776917,941.0
bg_9965,0.8032134175300598,0.2987653911113739,0.5842826962471008,726.0
bg_9967,0.8538997769355774,0.3632000088691711,0.669793963432312,322.0
bg_9974,0.8430160284042358,0.3172561824321747,0.6351410746574402,102.0
bg_9977,0.6575936079025269,0.0678665712475776,0.321063369512558,476.0
bg_9983,0.8806787133216858,0.3602493405342102,0.6661494374275208,183.0
bg_9986,0.7871239185333252,0.2008027583360672,0.5059027671813965,491.0
bg_9991,0.8460148572921753,0.3098231256008148,0.6265563368797302,365.0
bg_9993,0.8264541029930115,0.1972738802433014,0.5097605586051941,275.0
bg_9999,0.5971304178237915,0.2051558345556259,0.4448573887348175,168.0
bg_10001,0.7001290321350098,0.1419192105531692,0.4127903580665588,473.0
bg_10013,0.817704975605011,0.2062092870473861,0.5296785831451416,494.0
bg_10030,0.7867825627326965,0.2633834481239319,0.5488685965538025,376.0
bg_10035,0.8246979713439941,0.2549422979354858,0.5835395455360413,161.0
bg_10058,0.8684797286987305,0.3465813398361206,0.6428462862968445,418.0
bg_10060,0.8653728365898132,0.2918309867382049,0.6149643063545227,559.0
bg_10061,0.8656913638114929,0.3118016123771667,0.6234583854675293,363.0
bg_10076,0.8445096611976624,0.3250990211963653,0.628703773021698,122.0
bg_10085,0.8543235063552856,0.3512306213378906,0.6519095301628113,150.0
bg_10089,0.845583438873291,0.2742567360401153,0.5807304978370667,467.0
bg_10092,0.8535409569740295,0.2762207984924316,0.595790684223175,549.0
bg_10093,0.8656708598136902,0.4281083941459656,0.7011892795562744,261.0
bg_10097,0.8732317686080933,0.3843551576137543,0.6820460557937622,290.0
bg_10099,0.8528813719749451,0.3227976262569427,0.6190564632415771,235.0
bg_10102,0.8574324250221252,0.293289303779602,0.6180753707885742,143.0
bg_10105,0.8503602743148804,0.3700375854969024,0.6816313862800598,153.0
bg_10107,0.7867972254753113,0.3498889505863189,0.6190140843391418,227.0
bg_10111,0.7479001879692078,0.2669345140457153,0.5372961759567261,450.0
bg_10113,0.7317101359367371,0.2199600487947464,0.5178662538528442,436.0
bg_10118,0.8652182221412659,0.4011009335517883,0.6820237040519714,387.0
bg_10122,0.7989758849143982,0.2473780065774917,0.5343266129493713,470.0
bg_10126,0.8022348880767822,0.2445354163646698,0.5407878756523132,195.0
bg_10127,0.8654054403305054,0.3569421470165252,0.6700252294540405,1115.0
bg_10134,0.8055237531661987,0.1993234455585479,0.5102717876434326,174.0
bg_10135,0.7244727611541748,0.2156602293252945,0.4944786429405212,459.0
bg_10143,0.6074279546737671,0.1583260297775268,0.3841008841991424,356.0
bg_10156,0.8806277513504028,0.3505817055702209,0.666251540184021,383.0
bg_10159,0.7953323125839233,0.2765706777572632,0.5791272521018982,241.0
bg_10162,0.8608554601669312,0.3274109363555908,0.6465985774993896,276.0
bg_10166,0.8031467795372009,0.2411587387323379,0.5493192076683044,351.0
bg_10169,0.8651153445243835,0.3527468740940094,0.6700521111488342,333.0
bg_10177,0.8568795919418335,0.221466988325119,0.5512202382087708,296.0
bg_10182,0.7076398730278015,0.2442205846309662,0.4471169710159302,174.0
bg_10188,0.8254362344741821,0.2916968464851379,0.6034435629844666,215.0
bg_10199,0.790911853313446,0.236984446644783,0.5327779650688171,489.0
bg_10203,0.8734222054481506,0.3438875675201416,0.6494340300559998,120.0
bg_10209,0.8421485424041748,0.2983410656452179,0.6317421197891235,137.0
bg_10217,0.8429312109947205,0.2626217007637024,0.5879655480384827,204.0
bg_10233,0.7827011346817017,0.3541291356086731,0.6466211080551147,444.0
bg_10239,0.8650482296943665,0.2897925972938537,0.605707049369812,516.0
bg_10246,0.7536187171936035,0.2242593169212341,0.5071336627006531,104.0
bg_10250,0.850178062915802,0.3620565533638,0.661200225353241,136.0
bg_10251,0.8303588032722473,0.3074929118156433,0.5993422865867615,380.0
bg_10255,0.8106641173362732,0.2132838517427444,0.5256022810935974,940.0
bg_10272,0.8852355480194092,0.2988770306110382,0.6153024435043335,481.0
bg_10273,0.818250834941864,0.186658501625061,0.507618248462677,864.0
bg_10276,0.8848640322685242,0.3300337493419647,0.6621310114860535,758.0
bg_10277,0.8416326642036438,0.3461604416370392,0.627806544303894,59.0
bg_10279,0.8160076141357422,0.2959430813789367,0.5963455438613892,104.0
bg_10287,0.813906729221344,0.2825803160667419,0.596001386642456,123.0
bg_10296,0.7833866477012634,0.1129930987954139,0.4576303660869598,404.0
bg_10302,0.8223395347595215,0.2870869934558868,0.6201687455177307,136.0
bg_10304,0.8617246150970459,0.3556482195854187,0.6618928909301758,264.0
bg_10306,0.8591220378875732,0.3076627254486084,0.6327657103538513,232.0
bg_10307,0.7637312412261963,0.1736047118902206,0.4829240441322326,207.0
bg_10309,0.8583955764770508,0.3524723351001739,0.6465400457382202,464.0
bg_10310,0.8265931606292725,0.2468830943107605,0.5563244819641113,415.0
bg_10312,0.8498799204826355,0.2606979310512543,0.5801364183425903,179.0
bg_10313,0.7506662011146545,0.1341548413038253,0.4396722614765167,268.0
bg_10320,0.8071590662002563,0.2459716647863388,0.5545876622200012,144.0
bg_10324,0.73847496509552,0.2593598067760467,0.5445347428321838,465.0
bg_10332,0.7794461250305176,0.2803979218006134,0.5564098358154297,279.0
bg_10340,0.8450740575790405,0.2860354483127594,0.6074321269989014,463.0
bg_10343,0.873106837272644,0.3740354478359222,0.6856181621551514,250.0
bg_10345,0.8146199584007263,0.348489761352539,0.6453800797462463,115.0
bg_10349,0.858951210975647,0.4102270305156708,0.7010484337806702,114.0
bg_10367,0.6720179319381714,0.2303921431303024,0.4675703048706054,96.0
bg_10390,0.840035617351532,0.2987067103385925,0.6124723553657532,217.0
bg_10391,0.85373854637146,0.3680626153945923,0.6773055195808411,374.0
bg_10393,0.7946040034294128,0.2329281568527221,0.5386470556259155,430.0
bg_10405,0.6160814166069031,0.1265003085136413,0.3666121959686279,464.0
bg_10406,0.8749070167541504,0.3530652523040771,0.6583425402641296,190.0
bg_10412,0.818649411201477,0.3233485519886017,0.6251090168952942,102.0
bg_10420,0.8244079351425171,0.3491597771644592,0.6422022581100464,387.0
bg_10422,0.7988660931587219,0.2603621482849121,0.5681085586547852,503.0
bg_10426,0.861300528049469,0.2819396555423736,0.6000046730041504,421.0
bg_10434,0.6243860721588135,0.256418764591217,0.5069321393966675,125.0
bg_10435,0.8296523690223694,0.3116909265518188,0.6188914179801941,585.0
bg_10445,0.853904664516449,0.3513255715370178,0.6543276309967041,112.0
bg_10448,0.8610997200012207,0.3571217358112335,0.6616199016571045,260.0
bg_10462,0.7318840622901917,0.1803392022848129,0.4518272280693054,161.0
bg_10464,0.8420504331588745,0.2952154576778412,0.5994249582290649,420.0
bg_10467,0.8378239870071411,0.3004948496818542,0.6116556525230408,158.0
bg_10472,0.8284007906913757,0.3687709271907806,0.6587415337562561,322.0
bg_10478,0.8729648590087891,0.3154387474060058,0.6328094005584717,160.0
bg_10479,0.8088817000389099,0.1944809406995773,0.5056759119033813,208.0
bg_10480,0.8418028950691223,0.2943320572376251,0.6196542978286743,234.0
bg_10488,0.8268340229988098,0.2624910175800323,0.5916788578033447,206.0
bg_10493,0.7751575112342834,0.2128823846578598,0.5057888031005859,468.0
bg_10503,0.8420414328575134,0.2414187490940094,0.5457684397697449,325.0
bg_10507,0.8763840794563293,0.3605441749095917,0.6736371517181396,353.0
bg_10508,0.7250804901123047,0.134949192404747,0.4203648865222931,511.0
bg_10519,0.8729681968688965,0.3060002326965332,0.6152212023735046,562.0
bg_10523,0.8762308359146118,0.325733870267868,0.6349290013313293,249.0
bg_10528,0.7522097229957581,0.1896393448114395,0.4711119532585144,351.0
bg_10532,0.8456543684005737,0.263952225446701,0.5878118276596069,476.0
bg_10539,0.7768334746360779,0.1592781394720077,0.451095849275589,413.0
bg_10541,0.8403444886207581,0.3272460103034973,0.6242892742156982,78.0
bg_10546,0.8693491220474243,0.3091205060482025,0.6228583455085754,276.0
bg_10552,0.839344322681427,0.3063901960849762,0.6234778761863708,141.0
bg_10569,0.8612923622131348,0.3890688121318817,0.6851750016212463,184.0
bg_10578,0.8337403535842896,0.3367766737937927,0.6154062151908875,445.0
bg_10597,0.8611388206481934,0.3498997986316681,0.6339040398597717,374.0
bg_10598,0.8027756214141846,0.2741917967796325,0.5641366243362427,369.0
bg_10602,0.8848538994789124,0.3461193740367889,0.657738983631134,185.0
bg_10615,0.8340530395507812,0.270607054233551,0.5839313864707947,155.0
bg_10618,0.8711840510368347,0.3646887540817261,0.6706925630569458,163.0
bg_10620,0.8260849118232727,0.3193803131580353,0.6116310954093933,511.0
bg_10621,0.8733628392219543,0.3016803860664367,0.6159706115722656,165.0
bg_10626,0.8650361895561218,0.2530584037303924,0.5883864164352417,517.0
bg_10627,0.8887860774993896,0.4017228484153747,0.689791738986969,215.0
bg_10628,0.8888500332832336,0.3307783901691437,0.6500906348228455,439.0
bg_10630,0.8360570669174194,0.3201381862163543,0.6086667776107788,374.0
bg_10633,0.7806292176246643,0.2488981634378433,0.5530544519424438,185.0
bg_10644,0.8259676694869995,0.2287941575050354,0.5378614664077759,649.0
bg_10647,0.7578123211860657,0.255179226398468,0.5368624329566956,476.0
bg_10649,0.8805310726165771,0.4084611237049103,0.7012345194816589,378.0
bg_10652,0.8184785842895508,0.2749949991703033,0.5837380290031433,448.0
bg_10661,0.8341705203056335,0.2627096474170685,0.575890064239502,473.0
bg_10663,0.8248562812805176,0.3294048905372619,0.6270443797111511,127.0
bg_10664,0.8107781410217285,0.2365172356367111,0.5133588910102844,508.0
bg_10667,0.7909665107727051,0.2779507637023926,0.5647419095039368,556.0
bg_10670,0.8089291453361511,0.3096960186958313,0.6033864617347717,393.0
bg_10672,0.857804000377655,0.1774767339229583,0.4976713955402374,1112.0
bg_10680,0.8085386753082275,0.3266021609306335,0.623623788356781,402.0
bg_10684,0.8651895523071289,0.4012680649757385,0.6851997971534729,360.0
bg_10687,0.8147595524787903,0.2530346810817718,0.5604503750801086,703.0
bg_10690,0.8453687429428101,0.3217278122901916,0.6384831666946411,472.0
bg_10696,0.7828031778335571,0.1729572713375091,0.4512331783771515,504.0
bg_10699,0.5193228125572205,0.0863640010356903,0.2910851538181305,226.0
bg_10704,0.8571009039878845,0.2681362926959991,0.5529140830039978,347.0
bg_10711,0.8097378611564636,0.3380075395107269,0.6151381731033325,159.0
bg_10713,0.8152282238006592,0.3379618525505066,0.6226725578308105,296.0
bg_10715,0.8023157715797424,0.2665288150310516,0.5763077735900879,145.0
bg_10716,0.8681622743606567,0.3380829989910126,0.6359570026397705,325.0
bg_10721,0.8234471082687378,0.2261098325252533,0.5454583764076233,82.0
bg_10722,0.8330937623977661,0.3629552721977234,0.6641178727149963,126.0
bg_10734,0.8035362958908081,0.2763042747974396,0.5721167922019958,145.0
bg_10735,0.7211549282073975,0.1879330426454544,0.4469037652015686,450.0
bg_10739,0.7991722822189331,0.2237647622823715,0.5325184464454651,431.0
bg_10744,0.8813855051994324,0.3664503991603851,0.6746041178703308,211.0
bg_10747,0.8609442114830017,0.3186637461185455,0.6390237212181091,143.0
bg_10760,0.8613379597663879,0.357230544090271,0.6544180512428284,384.0
bg_10762,0.846258819103241,0.3309015929698944,0.648269772529602,144.0
bg_10769,0.8567898869514465,0.3642642199993133,0.6627814769744873,179.0
bg_10775,0.8593695759773254,0.3105294406414032,0.6076704859733582,118.0
bg_10779,0.7283255457878113,0.2938616871833801,0.5217248797416687,331.0
bg_10780,0.7569257020950317,0.187895268201828,0.4503757357597351,188.0
bg_10781,0.8261315226554871,0.2988722324371338,0.5951355695724487,254.0
bg_10784,0.8352603912353516,0.3859424293041229,0.6815710067749023,216.0
bg_10785,0.8141289949417114,0.2873334288597107,0.6042702198028564,163.0
bg_10786,0.7968893051147461,0.3288262784481048,0.6232808232307434,97.0
bg_10788,0.8622608780860901,0.3846137225627899,0.6892997026443481,228.0
bg_10790,0.8709989786148071,0.3689167201519012,0.673906683921814,150.0
bg_10792,0.8334512710571289,0.1803807467222213,0.5131018757820129,159.0
bg_10817,0.8346907496452332,0.2327339202165603,0.5759345889091492,437.0
bg_10820,0.7163166403770447,0.0918349623680114,0.3413692116737366,392.0
bg_10823,0.830144464969635,0.2726090550422668,0.5822311639785767,89.0
bg_10824,0.8338748216629028,0.2713521122932434,0.565046489238739,434.0
bg_10828,0.8497278094291687,0.3239408433437347,0.6201372742652893,120.0
bg_10829,0.9003186821937561,0.3847090303897857,0.689519464969635,202.0
bg_10830,0.818516731262207,0.1711557060480117,0.5064156651496887,172.0
bg_10837,0.8456951379776001,0.3067995011806488,0.6135979890823364,486.0
bg_10840,0.7929813861846924,0.1458006203174591,0.3772424459457397,232.0
bg_10857,0.8651739954948425,0.3072766363620758,0.6268035769462585,330.0
bg_10866,0.8393959999084473,0.2631993293762207,0.5718953013420105,173.0
bg_10873,0.8501219153404236,0.3389031589031219,0.6503505706787109,165.0
bg_10876,0.8404325842857361,0.3309467136859894,0.6431006789207458,166.0
bg_10877,0.8378885388374329,0.2443219721317291,0.5563104152679443,548.0
bg_10886,0.7520673871040344,0.192971795797348,0.5180887579917908,445.0
bg_10889,0.8579214215278625,0.2569734156131744,0.5959458351135254,476.0
bg_10892,0.8437302112579346,0.3114376664161682,0.6247826218605042,146.0
bg_10894,0.8728982210159302,0.3421643674373626,0.6432701945304871,368.0
bg_10896,0.8142533302307129,0.2577035129070282,0.5722954869270325,250.0
bg_10904,0.7612345814704895,0.3285114467144012,0.6063104271888733,158.0
bg_10909,0.7629595994949341,0.2429552972316742,0.5294279456138611,517.0
bg_10912,0.8402577042579651,0.326122373342514,0.6370944380760193,865.0
bg_10920,0.8067724108695984,0.2445608973503112,0.5481030344963074,465.0
bg_10926,0.7222428321838379,0.2596961557865143,0.5329235792160034,445.0
bg_10927,0.8264276385307312,0.2249925285577774,0.5176439881324768,271.0
bg_10934,0.8651787042617798,0.2669381499290466,0.6109152436256409,418.0
bg_10943,0.8610326647758484,0.3219658434391022,0.635051429271698,141.0
bg_10946,0.8366763591766357,0.3134728968143463,0.6384280323982239,122.0
bg_10948,0.8495655655860901,0.2787390649318695,0.5870830416679382,436.0
bg_10953,0.7785850167274475,0.2909557521343231,0.6110047698020935,664.0
bg_10957,0.872549831867218,0.3798037469387054,0.6816325187683105,377.0
bg_10958,0.8694424629211426,0.3311018645763397,0.6503012776374817,200.0
bg_10962,0.8063660264015198,0.2176930010318756,0.50527423620224,37.0
bg_10968,0.8614689111709595,0.352460652589798,0.6625770330429077,252.0
bg_10969,0.8104013204574585,0.2605672776699066,0.5755074620246887,252.0
bg_10975,0.8531789183616638,0.3409814536571502,0.6504377722740173,199.0
bg_10976,0.8490777015686035,0.259433388710022,0.5639213919639587,362.0
bg_10977,0.7557566165924072,0.3576942384243011,0.6182565689086914,193.0
bg_10986,0.8144341111183167,0.2828778624534607,0.6074708104133606,442.0
bg_10990,0.392575204372406,0.083171933889389,0.2618682980537414,193.0
bg_10994,0.8500686883926392,0.2985002100467682,0.6234935522079468,125.0
bg_10997,0.7753747701644897,0.2752737402915954,0.5836511254310608,374.0
bg_10999,0.8069706559181213,0.2826312184333801,0.604019284248352,141.0
bg_11000,0.8293842077255249,0.3146387040615082,0.6264811158180237,191.0
bg_11006,0.8770890235900879,0.3858706653118133,0.6896547675132751,268.0
bg_11007,0.8225919604301453,0.3258685767650604,0.6213748455047607,158.0
bg_11012,0.8033832311630249,0.2761923968791961,0.564608633518219,389.0
bg_11026,0.8400068283081055,0.3582600057125091,0.6588149070739746,114.0
bg_11027,0.8618866205215454,0.3104526698589325,0.6461429595947266,143.0
bg_11036,0.7963911294937134,0.2371466159820556,0.5130884051322937,191.0
bg_11049,0.8135344386100769,0.2923451364040375,0.6120700240135193,215.0
bg_11054,0.7365578413009644,0.1476225703954696,0.4475839138031006,447.0
bg_11055,0.8651829957962036,0.298675537109375,0.6112067103385925,740.0
bg_11065,0.8733856081962585,0.3281194567680359,0.6315731406211853,172.0
bg_11066,0.8846015930175781,0.3408880829811096,0.6660681962966919,513.0
bg_11070,0.856846272945404,0.3027181923389435,0.6270957589149475,653.0
bg_11082,0.8849092721939087,0.4398692548274994,0.7206907272338867,260.0
bg_11085,0.7640237808227539,0.2509623765945434,0.529337465763092,970.0
bg_11091,0.8156986832618713,0.280680388212204,0.5719584822654724,152.0
bg_11101,0.8746269941329956,0.3151666820049286,0.6271789073944092,136.0
bg_11103,0.8492998480796814,0.2488569617271423,0.5576761364936829,459.0
bg_11107,0.8844771385192871,0.3034918904304504,0.6306458115577698,473.0
bg_11115,0.8756843209266663,0.3599469065666199,0.6543781161308289,110.0
bg_11153,0.7981709837913513,0.2508152723312378,0.5567539930343628,480.0
bg_11157,0.8421867489814758,0.2723618745803833,0.5606411099433899,206.0
bg_11158,0.8151418566703796,0.2672298848628998,0.5644312500953674,473.0
bg_11201,0.869163453578949,0.4049034416675567,0.6935709118843079,199.0
bg_11205,0.8298164010047913,0.2696646153926849,0.5620837211608887,70.0
bg_11207,0.8688051104545593,0.3496089875698089,0.6603575944900513,449.0
bg_11210,0.8331303596496582,0.2593165338039398,0.5488543510437012,538.0
bg_11218,0.8348701000213623,0.3177052736282348,0.6108235120773315,162.0
bg_11219,0.8506166338920593,0.3215664327144623,0.654182493686676,157.0
bg_11220,0.8568500876426697,0.2289901822805404,0.5607597827911377,229.0
bg_11223,0.7483420372009277,0.2165862470865249,0.486163467168808,397.0
bg_11224,0.792354166507721,0.169293612241745,0.4820780754089355,139.0
bg_11233,0.8655238747596741,0.3887423872947693,0.6853655576705933,177.0
bg_11239,0.849466860294342,0.3085509538650512,0.6230742335319519,470.0
bg_11247,0.8224149346351624,0.3307467401027679,0.6151648759841919,279.0
bg_11249,0.7856024503707886,0.302386462688446,0.5965049862861633,224.0
bg_11253,0.8773168921470642,0.3018618524074554,0.6105312705039978,136.0
bg_11258,0.8474379181861877,0.2911667227745056,0.5959566831588745,454.0
bg_11271,0.8695209622383118,0.3567674160003662,0.6544110774993896,189.0
bg_11274,0.7950443029403687,0.2107219994068145,0.5179826617240906,484.0
bg_11284,0.8222686648368835,0.3139393329620361,0.6076855063438416,770.0
bg_11297,0.8341473937034607,0.3414793610572815,0.631158709526062,500.0
bg_11303,0.8146323561668396,0.3629505634307861,0.6621854305267334,163.0
bg_11310,0.862486720085144,0.4427216947078705,0.7344234585762024,76.0
bg_11321,0.8133299350738525,0.2980188727378845,0.6216132044792175,106.0
bg_11327,0.8064595460891724,0.2788858413696289,0.599607527256012,141.0
bg_11347,0.7980756759643555,0.2688795924186706,0.5606765747070312,349.0
bg_11353,0.8420100808143616,0.2799331545829773,0.5865655541419983,127.0
bg_11359,0.8341720104217529,0.2516965270042419,0.56451815366745,474.0
bg_11360,0.8254418969154358,0.170332670211792,0.5058830380439758,443.0
bg_11361,0.807124674320221,0.2680694162845611,0.5668668150901794,399.0
bg_11363,0.8414388298988342,0.3584543466567993,0.6672071218490601,177.0
bg_11366,0.8302630186080933,0.2578369975090027,0.5677723288536072,378.0
bg_11378,0.8502703905105591,0.2961121201515198,0.6001808643341064,371.0
bg_11383,0.8082769513130188,0.2330822944641113,0.5367638468742371,558.0
bg_11385,0.8653679490089417,0.3219728767871856,0.6349953413009644,493.0
bg_11392,0.8158032894134521,0.3027209043502807,0.5868503451347351,101.0
bg_11393,0.8417127728462219,0.3351976573467254,0.6538734436035156,165.0
bg_11396,0.892142117023468,0.3615410625934601,0.6511801481246948,272.0
bg_11407,0.8843790292739868,0.372854471206665,0.6695045232772827,382.0
bg_11413,0.8396750092506409,0.288544625043869,0.6061415672302246,166.0
bg_11425,0.7947036623954773,0.2254537642002105,0.533586859703064,206.0
bg_11428,0.7601668834686279,0.1817065328359604,0.4910354316234588,436.0
bg_11430,0.8274344801902771,0.2445940524339676,0.5676130652427673,467.0
bg_11435,0.8457218408584595,0.2743407785892486,0.583756148815155,187.0
bg_11439,0.7634229063987732,0.1805460453033447,0.4516429007053375,524.0
bg_11444,0.8690317273139954,0.3446427583694458,0.6507788896560669,395.0
bg_11463,0.7322766780853271,0.2167952954769134,0.5062015652656555,665.0
bg_11475,0.8100845217704773,0.2592944204807281,0.5646645426750183,437.0
bg_11480,0.8550506830215454,0.3342880010604858,0.643557608127594,176.0
bg_11486,0.8731709718704224,0.3733232915401459,0.6778373718261719,385.0
bg_11487,0.8907885551452637,0.3405926823616028,0.6588231325149536,270.0
bg_11495,0.8522980809211731,0.3185755908489227,0.6238633394241333,74.0
bg_11508,0.8405149579048157,0.3259405791759491,0.6308164596557617,390.0
bg_11511,0.83732670545578,0.2798973619937897,0.5913664102554321,342.0
bg_11517,0.8653424978256226,0.3333569467067718,0.6351522207260132,154.0
bg_11518,0.8306330442428589,0.3030869960784912,0.60718834400177,125.0
bg_11520,0.7301387786865234,0.3140518367290497,0.5899352431297302,448.0
bg_11527,0.7987540364265442,0.2417613714933395,0.5226537585258484,495.0
bg_11530,0.8047109842300415,0.3150498569011688,0.6169226765632629,406.0
bg_11533,0.8688855171203613,0.3617090582847595,0.6558260321617126,122.0
bg_11536,0.8531060814857483,0.3249928653240204,0.6469162702560425,288.0
bg_11539,0.861851692199707,0.315336525440216,0.6311997771263123,213.0
bg_11549,0.861219584941864,0.3486548364162445,0.6738313436508179,525.0
bg_11550,0.8856147527694702,0.3838099837303161,0.6781265735626221,311.0
bg_11556,0.8691072463989258,0.3701410889625549,0.6700363159179688,408.0
bg_11560,0.7595565319061279,0.2235589921474456,0.4985016286373138,438.0
bg_11562,0.8540790677070618,0.2960426807403564,0.6231945157051086,139.0
bg_11565,0.8574106097221375,0.3807252049446106,0.6737722158432007,442.0
bg_11579,0.7873790860176086,0.357500284910202,0.6469327807426453,398.0
bg_11580,0.8168230652809143,0.2857615947723388,0.5942666530609131,74.0
bg_11591,0.8534159660339355,0.3218930661678314,0.6346177458763123,126.0
bg_11594,0.8607663512229919,0.3311891257762909,0.653861403465271,138.0
bg_11604,0.8456640839576721,0.2611661851406097,0.5723933577537537,405.0
bg_11608,0.8729081153869629,0.3859342336654663,0.701377809047699,295.0
bg_11612,0.8536837697029114,0.3282569944858551,0.627244770526886,474.0
bg_11614,0.8765711188316345,0.367987722158432,0.6776904463768005,405.0
bg_11615,0.6588201522827148,0.0848019123077392,0.3622254431247711,541.0
bg_11617,0.8048354983329773,0.2400701195001602,0.552524983882904,494.0
bg_11620,0.8269762992858887,0.3012405335903168,0.6311953067779541,109.0
bg_11625,0.8262935876846313,0.2685136198997497,0.5651242733001709,298.0
bg_11630,0.8384364247322083,0.3339977860450744,0.6317542791366577,233.0
bg_11633,0.8867448568344116,0.32941934466362,0.6307560205459595,301.0
bg_11636,0.8262239694595337,0.2597508430480957,0.5783904194831848,412.0
bg_11646,0.7899201512336731,0.1764454841613769,0.4972828924655914,209.0
bg_11647,0.7967487573623657,0.2818275392055511,0.5574538707733154,164.0
bg_11651,0.8134714961051941,0.2775586545467376,0.6111665368080139,121.0
bg_11653,0.7712194919586182,0.2870737016201019,0.5410845875740051,524.0
bg_11662,0.8535990118980408,0.4431605041027069,0.7168515920639038,187.0
bg_11666,0.8374888896942139,0.2813063859939575,0.6055818796157837,90.0
bg_11668,0.8557122349739075,0.380927175283432,0.6671899557113647,165.0
bg_11682,0.841333270072937,0.2477602362632751,0.564472496509552,183.0
bg_11688,0.8540248274803162,0.3298847675323486,0.6469705700874329,232.0
bg_11695,0.8183948397636414,0.2860623300075531,0.5833384394645691,123.0
bg_11704,0.856958270072937,0.3348515331745147,0.6472095847129822,128.0
bg_11713,0.87165367603302,0.3739757537841797,0.6581485867500305,287.0
bg_11717,0.8572737574577332,0.2819739580154419,0.5999197959899902,481.0
bg_11718,0.8928732872009277,0.3809351027011871,0.68953537940979,889.0
bg_11720,0.8415246605873108,0.313676506280899,0.6230186820030212,369.0
bg_11726,0.818019449710846,0.3107297718524933,0.5643784403800964,444.0
bg_11740,0.8690367937088013,0.3193418383598327,0.6393412947654724,412.0
bg_11744,0.8149305582046509,0.3774038255214691,0.6508719325065613,522.0
bg_11763,0.8613637089729309,0.2862634360790252,0.6006229519844055,206.0
bg_11764,0.8316668272018433,0.2785486876964569,0.5679382681846619,174.0
bg_11766,0.7994628548622131,0.3143645524978637,0.6136665344238281,112.0
bg_11767,0.8341129422187805,0.3200636506080627,0.627720296382904,132.0
bg_11780,0.8426137566566467,0.3569972217082977,0.6268181800842285,173.0
bg_11781,0.8521212339401245,0.3199034035205841,0.6211117506027222,74.0
bg_11797,0.8577045202255249,0.3270539939403534,0.6466062664985657,215.0
bg_11800,0.6237725615501404,0.2401041388511657,0.4955098927021026,448.0
bg_11801,0.8962045311927795,0.3652414083480835,0.6739082336425781,1061.0
bg_11815,0.7635062336921692,0.2196367532014846,0.5247852206230164,471.0
bg_11820,0.8263999819755554,0.2898566722869873,0.5876365900039673,441.0
bg_11822,0.8870187401771545,0.3968982696533203,0.6932563185691833,236.0
bg_11825,0.8266408443450928,0.2832334637641907,0.588080108165741,276.0
bg_11829,0.8558637499809265,0.316622644662857,0.6507331132888794,154.0
bg_11832,0.8642038106918335,0.3130788803100586,0.6270742416381836,153.0
bg_11847,0.7832955718040466,0.1729607135057449,0.4821151494979858,201.0
bg_11850,0.8498595356941223,0.3817678987979889,0.6741701364517212,337.0
bg_11852,0.8423129916191101,0.2555228769779205,0.580460786819458,442.0
bg_11853,0.8536615967750549,0.3259749114513397,0.6387213468551636,561.0
bg_11875,0.8028674721717834,0.2752878069877624,0.571758508682251,460.0
bg_11882,0.8191210031509399,0.3670269846916199,0.6457048058509827,96.0
bg_11884,0.7978202700614929,0.2682226896286011,0.5627883076667786,107.0
bg_11887,0.8457663655281067,0.3645160794258117,0.6539533734321594,533.0
bg_11888,0.8453218340873718,0.2060131132602691,0.467207670211792,499.0
bg_11893,0.7940153479576111,0.2242771834135055,0.5349055528640747,477.0
bg_11901,0.8230376839637756,0.3926733136177063,0.6656561493873596,183.0
bg_11906,0.8121931552886963,0.2872307598590851,0.5860827565193176,110.0
bg_11935,0.8657974004745483,0.3408473432064056,0.6385522484779358,372.0
bg_11943,0.8536748290061951,0.3272184133529663,0.6391201019287109,179.0
bg_11948,0.8628110885620117,0.3761074542999267,0.6814876198768616,178.0
bg_11951,0.8686400651931763,0.3410804867744446,0.6444447636604309,396.0
bg_11954,0.8464822769165039,0.3104041814804077,0.6312521696090698,130.0
bg_11958,0.8025729060173035,0.2247527539730072,0.506375253200531,524.0
bg_11959,0.8539924621582031,0.3341230750083923,0.6386232376098633,571.0
bg_11964,0.8556150794029236,0.4144462645053863,0.6891539096832275,134.0
bg_11966,0.8303561806678772,0.3309265971183777,0.6229369044303894,490.0
bg_11969,0.8105577826499939,0.1778648197650909,0.4819927513599396,474.0
bg_11970,0.8334686756134033,0.2417001277208328,0.5605248808860779,381.0
bg_11975,0.8579373359680176,0.3079122900962829,0.6246532201766968,45.0
bg_11980,0.8335843682289124,0.3069659471511841,0.6229219436645508,197.0
bg_11981,0.8575104475021362,0.3574629127979278,0.6664565801620483,373.0
bg_11982,0.8693785071372986,0.365877628326416,0.6577718257904053,159.0
bg_11985,0.3783942461013794,0.0516463816165924,0.2793461680412292,398.0
bg_11986,0.8262503743171692,0.2194333523511886,0.5328449606895447,565.0
bg_11990,0.8464609384536743,0.3312772214412689,0.6457487344741821,266.0
bg_12009,0.8340041637420654,0.340643048286438,0.6431612968444824,94.0
bg_12020,0.830927312374115,0.3072212040424347,0.5911159515380859,340.0
bg_12022,0.7859141826629639,0.147030308842659,0.4591775238513946,333.0
bg_12024,0.8532849550247192,0.4196349680423736,0.6850253939628601,220.0
bg_12025,0.6542282104492188,0.1691403687000274,0.4541859030723572,136.0
bg_12035,0.7946648597717285,0.2835308313369751,0.5495719909667969,428.0
bg_12039,0.8265512585639954,0.321181982755661,0.621532678604126,176.0
bg_12050,0.84569251537323,0.3405187427997589,0.6427950263023376,104.0
bg_12072,0.8454403281211853,0.2687282562255859,0.5797153115272522,512.0
bg_12097,0.7794579267501831,0.2233518958091735,0.5408965945243835,427.0
bg_12098,0.833840012550354,0.3259739577770233,0.611348569393158,379.0
bg_12102,0.8147112727165222,0.3080075085163116,0.5989707708358765,181.0
bg_12103,0.7983301281929016,0.2828651368618011,0.5591109991073608,243.0
bg_12111,0.8646755218505859,0.3492229282855987,0.6547971367835999,177.0
bg_12112,0.8691489696502686,0.3058526813983917,0.623119056224823,466.0
bg_12115,0.7787474989891052,0.3180311024188995,0.6038593649864197,287.0
bg_12117,0.8571805357933044,0.3740371465682983,0.6651811599731445,431.0
bg_12128,0.826913595199585,0.3319423496723175,0.611284077167511,422.0
bg_12131,0.8731474280357361,0.322223961353302,0.6305954456329346,443.0
bg_12134,0.8455537557601929,0.3002077341079712,0.6064318418502808,168.0
bg_12136,0.8721813559532166,0.3917363882064819,0.7123885750770569,198.0
bg_12143,0.8852561712265015,0.3537514209747314,0.6544880270957947,149.0
bg_12147,0.8414927124977112,0.2288105189800262,0.5371201038360596,142.0
bg_12148,0.8261957168579102,0.3132717907428741,0.6299589276313782,151.0
bg_12151,0.8489704132080078,0.2994484305381775,0.6131672263145447,128.0
bg_12152,0.8269795775413513,0.2905582785606384,0.6070135235786438,213.0
bg_12153,0.7681195139884949,0.2597315311431885,0.5602505803108215,482.0
bg_12154,0.8870748281478882,0.3480725884437561,0.6601822972297668,430.0
bg_12156,0.8573902249336243,0.3193032741546631,0.6459572315216064,171.0
bg_12157,0.824967622756958,0.3700357377529144,0.6655876040458679,223.0
bg_12162,0.8103970289230347,0.3195944130420685,0.6157696843147278,302.0
bg_12163,0.8501601219177246,0.3618238866329193,0.6467448472976685,167.0
bg_12164,0.8494981527328491,0.228127121925354,0.5455843806266785,406.0
bg_12168,0.8739209771156311,0.3358056247234344,0.638841450214386,165.0
bg_12170,0.8237541913986206,0.2798576653003692,0.5994531512260437,144.0
bg_12171,0.8657093048095703,0.3349662721157074,0.6539139747619629,287.0
bg_12175,0.7868756055831909,0.2403918653726577,0.5399540662765503,458.0
bg_12179,0.5737752914428711,0.0740020871162414,0.3128323554992676,470.0
bg_12183,0.6869059205055237,0.1466082781553268,0.4123443961143493,459.0
bg_12185,0.841746985912323,0.2602755427360534,0.5253546237945557,381.0
bg_12187,0.8181818127632141,0.3035545945167541,0.6035324335098267,93.0
bg_12193,0.8031237721443176,0.2803591787815094,0.5799006223678589,456.0
bg_12194,0.8653998970985413,0.3158182203769684,0.6309975385665894,255.0
bg_12195,0.8372700810432434,0.2959580719470978,0.6154747605323792,123.0
bg_12204,0.8534295558929443,0.3004162609577179,0.6271297335624695,198.0
bg_12206,0.808434784412384,0.3216638565063476,0.620092511177063,66.0
bg_12210,0.8572262525558472,0.3175646364688873,0.6191883683204651,238.0
bg_12215,0.8495309948921204,0.3351610600948334,0.6342324614524841,493.0
bg_12220,0.8533776998519897,0.3413936495780945,0.6541388034820557,298.0
bg_12221,0.8184735774993896,0.3183901011943817,0.626632034778595,174.0
bg_12222,0.87701815366745,0.277932196855545,0.6074379086494446,449.0
bg_12223,0.8109329342842102,0.302029550075531,0.6004514694213867,258.0
bg_12227,0.8340554237365723,0.2864111363887787,0.6026729941368103,145.0
bg_12232,0.8190659284591675,0.2483291774988174,0.5093452334403992,533.0
bg_12233,0.7991431951522827,0.3546732068061828,0.6322846412658691,256.0
bg_12240,0.7923852801322937,0.2591128945350647,0.564112663269043,143.0
bg_12255,0.7620766758918762,0.3266326487064361,0.6088736057281494,124.0
bg_12260,0.8105030655860901,0.3268561661243438,0.6230562329292297,439.0
bg_12261,0.7360466718673706,0.3374511301517486,0.5911115407943726,493.0
bg_12263,0.7291990518569946,0.1967728286981582,0.5247294306755066,439.0
bg_12264,0.7155934572219849,0.1199425086379051,0.4180850684642792,344.0
bg_12267,0.8322393894195557,0.2827724814414978,0.5898935198783875,234.0
bg_12270,0.8514060974121094,0.2960406839847564,0.6107281446456909,126.0
bg_12272,0.8261670470237732,0.288438081741333,0.6077819466590881,168.0
bg_12282,0.8694655895233154,0.3411510586738586,0.6234390735626221,167.0
bg_12286,0.8579070568084717,0.3307667374610901,0.6427412629127502,415.0
bg_12300,0.8688145279884338,0.3192327916622162,0.6351128220558167,400.0
bg_12321,0.7794208526611328,0.2607282996177673,0.571422815322876,448.0
bg_12326,0.8600524663925171,0.3449609875679016,0.6702777147293091,141.0
bg_12332,0.8222330808639526,0.2647348344326019,0.5491927862167358,502.0
bg_12351,0.8733482956886292,0.3897282481193542,0.6858150959014893,255.0
bg_12357,0.842232346534729,0.3360602855682373,0.6465078592300415,226.0
bg_12358,0.738701581954956,0.290775328874588,0.5528630614280701,78.0
bg_12364,0.8226954340934753,0.2793094217777252,0.5768350958824158,105.0
bg_12373,0.813836932182312,0.3942294716835022,0.6777575016021729,274.0
bg_12382,0.8169847726821899,0.2267641127109527,0.5210971832275391,123.0
bg_12383,0.7915427088737488,0.2749197781085968,0.5760225057601929,83.0
bg_12385,0.8558728694915771,0.3348078727722168,0.6385025978088379,152.0
bg_12396,0.8534521460533142,0.2782990932464599,0.602853536605835,130.0
bg_12398,0.7865897417068481,0.266409307718277,0.5726800560951233,418.0
bg_12411,0.8484699130058289,0.1961836367845535,0.5176581144332886,360.0
bg_12420,0.8185974955558777,0.221539556980133,0.5339943766593933,171.0
bg_12424,0.8413720726966858,0.3024982810020447,0.6231117844581604,235.0
bg_12427,0.8225359320640564,0.2836621105670929,0.5717368125915527,443.0
bg_12428,0.8732556700706482,0.3481162786483764,0.6664762496948242,152.0
bg_12433,0.8771925568580627,0.3886821866035461,0.7012353539466858,453.0
bg_12443,0.8726658225059509,0.3738048374652862,0.6777307987213135,271.0
bg_12444,0.8218182921409607,0.2566464841365814,0.5759763717651367,490.0
bg_12450,0.8690102696418762,0.3566177487373352,0.6658060550689697,277.0
bg_12455,0.8708761930465698,0.3540365695953369,0.6625795364379883,138.0
bg_12456,0.8652985692024231,0.2782960832118988,0.5957455635070801,451.0
bg_12463,0.8691487908363342,0.2960377335548401,0.6074687838554382,262.0
bg_12469,0.8460620641708374,0.2638432085514068,0.5621729493141174,138.0
bg_12470,0.8158751130104065,0.2717619836330414,0.5921069979667664,263.0
bg_12476,0.8614311218261719,0.3533331155776977,0.6623290777206421,524.0
bg_12478,0.8459290266036987,0.3292349576950073,0.6472397446632385,129.0
bg_12479,0.8889951109886169,0.3271798491477966,0.6432614326477051,169.0
bg_12484,0.8849467039108276,0.348717451095581,0.6587571501731873,196.0
bg_12486,0.8553614020347595,0.2871008813381195,0.6113313436508179,1100.0
bg_12493,0.784439206123352,0.2790208756923675,0.5383191108703613,492.0
bg_12494,0.7834933400154114,0.2468264549970626,0.541040301322937,779.0
bg_12496,0.8577654957771301,0.2817423045635223,0.5881137847900391,327.0
bg_12499,0.8647064566612244,0.2765726745128631,0.5917825698852539,103.0
bg_12501,0.8132603764533997,0.3136056959629059,0.6094560027122498,140.0
bg_12506,0.8575500845909119,0.337045669555664,0.6266508102416992,81.0
bg_12507,0.838510274887085,0.3364700973033905,0.6387296319007874,435.0
bg_12508,0.8493361473083496,0.3597988188266754,0.6460878252983093,149.0
bg_12521,0.8139210343360901,0.2746900916099548,0.5994833707809448,172.0
bg_12524,0.7475528120994568,0.1892235726118087,0.4741722047328949,395.0
bg_12526,0.8769770264625549,0.36979740858078,0.6690239906311035,360.0
bg_12527,0.8887702226638794,0.3925500512123108,0.6859309077262878,329.0
bg_12528,0.8887773752212524,0.3937447369098663,0.6974253058433533,388.0
bg_12530,0.8483919501304626,0.3102665245532989,0.6302659511566162,619.0
bg_12532,0.6615340113639832,0.1385294497013092,0.4238434135913849,162.0
bg_12533,0.8780289888381958,0.3691716194152832,0.6817666888237,259.0
bg_12536,0.8534718751907349,0.3844422698020935,0.6699391007423401,375.0
bg_12546,0.8732642531394958,0.3875942528247833,0.6728569865226746,185.0
bg_12550,0.8731153011322021,0.213750272989273,0.5565242767333984,519.0
bg_12559,0.8496516346931458,0.3586325049400329,0.6659569144248962,135.0
bg_12571,0.8455082774162292,0.2762219905853271,0.5919392704963684,337.0
bg_12576,0.841401994228363,0.3194425106048584,0.6277282238006592,313.0
bg_12580,0.8391646146774292,0.305660992860794,0.607597291469574,186.0
bg_12581,0.8540806770324707,0.3188711702823639,0.6390467882156372,131.0
bg_12592,0.8610921502113342,0.2627042829990387,0.5875729918479919,275.0
bg_12595,0.8456778526306152,0.2219646871089935,0.5490067601203918,447.0
bg_12616,0.74643874168396,0.1423947066068649,0.4303691685199737,115.0
bg_12629,0.8689361810684204,0.3596885204315185,0.6623648405075073,370.0
bg_12633,0.825492799282074,0.3206679224967956,0.6312020421028137,143.0
bg_12637,0.8421812653541565,0.3148178458213806,0.6344371438026428,316.0
bg_12642,0.8108380436897278,0.2959687411785126,0.6187620162963867,120.0
bg_12643,0.8610996007919312,0.3314023613929748,0.6419864296913147,129.0
bg_12646,0.8306118249893188,0.2984641790390014,0.6237698793411255,191.0
bg_12651,0.845329225063324,0.2484718561172485,0.570407509803772,342.0
bg_12660,0.8495846390724182,0.2596306204795837,0.5834239721298218,367.0
bg_12670,0.884429395198822,0.3428617417812347,0.6659350395202637,512.0
bg_12671,0.7987409234046936,0.2958704829216003,0.5959173440933228,340.0
bg_12672,0.822254478931427,0.335025280714035,0.611447274684906,353.0
bg_12697,0.8120014071464539,0.2871308326721191,0.5768524408340454,62.0
bg_12700,0.7985939979553223,0.3013166487216949,0.6020743250846863,104.0
bg_12702,0.778985857963562,0.2299390882253646,0.5131262540817261,273.0
bg_12707,0.8271373510360718,0.3603343069553375,0.6662690043449402,149.0
bg_12709,0.8323218822479248,0.134015679359436,0.4200961589813232,424.0
bg_12716,0.8573459386825562,0.3247919082641601,0.6258440613746643,292.0
bg_12721,0.7086061835289001,0.3340616822242737,0.6215068697929382,458.0
bg_12732,0.298651248216629,0.0854342430830001,0.2987195253372192,127.0
bg_12733,0.5002678632736206,0.1707286536693573,0.4254843592643738,112.0
bg_12735,0.7863520979881287,0.2751127481460571,0.5697891712188721,159.0
bg_12736,0.6546720266342163,0.1027121171355247,0.377077043056488,477.0
bg_12740,0.8418328166007996,0.2676028907299042,0.580162763595581,398.0
bg_12743,0.8576368689537048,0.3324394822120666,0.6215189695358276,156.0
bg_12752,0.8538477420806885,0.2956391870975494,0.6144818067550659,97.0
bg_12757,0.8537520170211792,0.3445534408092499,0.669840931892395,150.0
bg_12763,0.8719741702079773,0.3520998954772949,0.6540047526359558,579.0
bg_12765,0.7913299798965454,0.1072867810726165,0.408459722995758,372.0
bg_12779,0.8229880928993225,0.2994822263717651,0.6107572317123413,115.0
bg_12780,0.7558510899543762,0.1935792863368988,0.5056499242782593,278.0
bg_12782,0.7872352600097656,0.2101059406995773,0.5255729556083679,408.0
bg_12784,0.8600578308105469,0.2837342023849487,0.592043936252594,316.0
bg_12787,0.8361703157424927,0.3603920042514801,0.6621944308280945,138.0
bg_12788,0.8376067280769348,0.315646082162857,0.6292678713798523,132.0
bg_12798,0.8413457274436951,0.336742490530014,0.6347160935401917,177.0
bg_12802,0.799676239490509,0.2688407599925995,0.5478742122650146,82.0
bg_12804,0.7903724312782288,0.2137917578220367,0.5018971562385559,181.0
bg_12805,0.8763631582260132,0.3465810418128967,0.635356068611145,412.0
bg_12812,0.8339080214500427,0.1979951858520507,0.5406960844993591,542.0
bg_12813,0.8453207015991211,0.311064749956131,0.6109299659729004,149.0
bg_12815,0.8766456246376038,0.3387050926685333,0.6441797018051147,180.0
bg_12818,0.78819340467453,0.267233669757843,0.5257090330123901,401.0
bg_12825,0.8470783233642578,0.3562776148319244,0.6498926877975464,160.0
bg_12828,0.7147778868675232,0.2165152132511139,0.4388973116874695,478.0
bg_12830,0.8299993276596069,0.3170278370380401,0.6308152675628662,503.0
bg_12832,0.8304197192192078,0.2953396737575531,0.6147959232330322,291.0
bg_12836,0.6406517028808594,0.2629485428333282,0.5159136652946472,464.0
bg_12838,0.807416558265686,0.294836163520813,0.604538083076477,121.0
bg_12848,0.8724228143692017,0.3597781658172607,0.6506360769271851,108.0
bg_12854,0.8689275979995728,0.3848868608474731,0.6777150630950928,342.0
bg_12856,0.8787822127342224,0.3798177242279053,0.6771380305290222,166.0
bg_12863,0.786693811416626,0.3106613457202911,0.5919139981269836,126.0
bg_12864,0.8145326375961304,0.2937232851982116,0.6076141595840454,129.0
bg_12867,0.8847798705101013,0.321412444114685,0.6545162200927734,469.0
bg_12868,0.872692346572876,0.406952440738678,0.7088819146156311,224.0
bg_12874,0.8353000283241272,0.2670386731624603,0.5851302146911621,82.0
bg_12880,0.829938530921936,0.2554556727409363,0.572485089302063,362.0
bg_12883,0.8379916548728943,0.3185859620571136,0.6285849213600159,126.0
bg_12897,0.8419895768165588,0.315710186958313,0.6182982325553894,179.0
bg_12902,0.8304581642150879,0.3175151348114013,0.610678493976593,186.0
bg_12904,0.8229317665100098,0.2501360177993774,0.5532018542289734,566.0
bg_12908,0.8655086159706116,0.3439505994319916,0.6444461345672607,332.0
bg_12912,0.8608018755912781,0.345073252916336,0.6510319709777832,164.0
bg_12913,0.7827181816101074,0.2614429593086242,0.5404331684112549,81.0
bg_12916,0.8301914930343628,0.2763578295707702,0.5737668871879578,396.0
bg_12937,0.8649525046348572,0.3457970023155212,0.6662216782569885,380.0
bg_12943,0.8183106780052185,0.3171438872814178,0.6310111880302429,367.0
bg_12945,0.8737041354179382,0.4089950025081634,0.7150914669036865,218.0
bg_12946,0.754064679145813,0.2632797062397003,0.5720614790916443,282.0
bg_12948,0.8547627925872803,0.3465481698513031,0.6349856853485107,102.0
bg_12951,0.8613779544830322,0.3409150838851928,0.6112930178642273,197.0
bg_12957,0.8261899352073669,0.3459281325340271,0.6421998739242554,123.0
bg_12958,0.8223075866699219,0.2215451747179031,0.548925518989563,240.0
bg_12975,0.6494037508964539,0.1935620754957199,0.477732390165329,485.0
bg_12980,0.8543821573257446,0.3274010717868805,0.6388357281684875,108.0
bg_12984,0.8850922584533691,0.3453527390956878,0.6580768823623657,435.0
bg_12988,0.7634995579719543,0.236246645450592,0.5052846670150757,357.0
bg_12989,0.8847757577896118,0.440542608499527,0.7209098935127258,269.0
bg_12990,0.8227627277374268,0.3655751347541809,0.6469706296920776,321.0
bg_12994,0.8107179999351501,0.2355723679065704,0.5563410520553589,286.0
bg_12998,0.8339991569519043,0.3465830385684967,0.6346303224563599,177.0
bg_13006,0.7255696058273315,0.2786508500576019,0.5537195205688477,99.0
bg_13010,0.8384895324707031,0.2911100387573242,0.5957814455032349,384.0
bg_13020,0.8178001046180725,0.308880865573883,0.5891581773757935,133.0
bg_13021,0.8808372616767883,0.3445631563663482,0.65789794921875,215.0
bg_13023,0.8217739462852478,0.3149464726448059,0.6191278696060181,120.0
bg_13025,0.7327105402946472,0.2212142348289489,0.513952374458313,353.0
bg_13026,0.8616572618484497,0.3364339470863342,0.6508479118347168,153.0
bg_13027,0.7631229758262634,0.134588822722435,0.411978930234909,213.0
bg_13039,0.6833726167678833,0.1114383041858673,0.3792342841625213,445.0
bg_13040,0.7513406872749329,0.212142676115036,0.4828691482543945,149.0
bg_13042,0.8231885433197021,0.2845162749290466,0.5994219779968262,115.0
bg_13047,0.8298425078392029,0.3014210760593414,0.6145794987678528,99.0
bg_13051,0.7678909301757812,0.2296490669250488,0.530785858631134,332.0
bg_13058,0.880126416683197,0.3350987136363983,0.6421437859535217,337.0
bg_13059,0.8148031830787659,0.2378097921609878,0.5099501013755798,231.0
bg_13065,0.8500587344169617,0.2783621251583099,0.5919256210327148,205.0
bg_13067,0.8588643670082092,0.313358724117279,0.6275160908699036,118.0
bg_13068,0.8578046560287476,0.3373150527477264,0.6459354758262634,390.0
bg_13076,0.8214778900146484,0.29728564620018,0.5917519330978394,91.0
bg_13084,0.8770321011543274,0.3703299760818481,0.677850067615509,375.0
bg_13089,0.8613952398300171,0.2821253538131714,0.5835786461830139,1004.0
bg_13090,0.852896511554718,0.3223306834697723,0.6346359848976135,487.0
bg_13092,0.7479940056800842,0.1400043368339538,0.4516173899173736,171.0
bg_13097,0.8340389728546143,0.299255907535553,0.6151664853096008,286.0
bg_13102,0.5873171091079712,0.1037114635109901,0.3751083016395569,276.0
bg_13106,0.7759323120117188,0.2880068123340606,0.5370546579360962,1117.0
bg_13111,0.8884803652763367,0.3856054544448852,0.6819965243339539,691.0
bg_13113,0.8161635994911194,0.2680003643035888,0.5509981513023376,448.0
bg_13122,0.8515230417251587,0.4358192086219787,0.69710773229599,72.0
bg_13127,0.8344594836235046,0.3274050056934356,0.6587486863136292,129.0
bg_13131,0.8421124219894409,0.3275771737098694,0.6038709282875061,311.0
bg_13132,0.7289696931838989,0.1654340326786041,0.431943416595459,407.0
bg_13135,0.86014324426651,0.3123361766338348,0.5797101855278015,154.0
bg_13137,0.8496820330619812,0.3528161644935608,0.6586767435073853,152.0
bg_13141,0.8539371490478516,0.3610873818397522,0.666233241558075,486.0
bg_13152,0.8030063509941101,0.2450895458459854,0.5538184642791748,448.0
bg_13162,0.7005991339683533,0.2540680766105652,0.5190967321395874,114.0
bg_13171,0.8265383243560791,0.3107328116893768,0.6184350848197937,120.0
bg_13172,0.7944641709327698,0.2118370980024337,0.5172008275985718,529.0
bg_13177,0.7979958057403564,0.2680160403251648,0.5792288184165955,190.0
bg_13182,0.8381603956222534,0.2295407950878143,0.545495867729187,250.0
bg_13187,0.6701933741569519,0.0845671817660331,0.3334399163722992,401.0
bg_13190,0.8303094506263733,0.2011163085699081,0.5216454863548279,496.0
bg_13201,0.8651140332221985,0.3025344908237457,0.6191791892051697,512.0
bg_13208,0.8572831749916077,0.3010927736759186,0.624993085861206,186.0
bg_13213,0.8485972881317139,0.3449670374393463,0.6477943062782288,144.0
bg_13225,0.8085877299308777,0.3161122500896454,0.6183836460113525,432.0
bg_13226,0.8725418448448181,0.3264332413673401,0.6425086259841919,262.0
bg_13227,0.8884169459342957,0.3761059045791626,0.6928297281265259,189.0
bg_13234,0.8497511148452759,0.3096759021282196,0.6182134747505188,143.0
bg_13237,0.8295793533325195,0.294480562210083,0.595614492893219,519.0
bg_13246,0.8534919619560242,0.2921990752220154,0.596656084060669,153.0
bg_13250,0.8419787883758545,0.4277725219726562,0.693193793296814,476.0
bg_13263,0.8306235074996948,0.3370178639888763,0.6228153705596924,482.0
bg_13269,0.7754873037338257,0.1606301665306091,0.4710597991943359,359.0
bg_13280,0.8293633460998535,0.306327760219574,0.638294517993927,146.0
bg_13287,0.8266469240188599,0.2970495522022247,0.6235311031341553,125.0
bg_13291,0.8497276306152344,0.3144379556179046,0.6303470134735107,132.0
bg_13296,0.8609539866447449,0.3571595847606659,0.6547887325286865,359.0
bg_13314,0.867523729801178,0.3894070386886596,0.6770489811897278,128.0
bg_13317,0.8438647389411926,0.3305324018001556,0.650540828704834,126.0
bg_13318,0.7985091805458069,0.2828555703163147,0.5761761665344238,188.0
bg_13319,0.762501060962677,0.2795231640338897,0.5528291463851929,115.0
bg_13325,0.826302707195282,0.3017524480819702,0.5988454818725586,291.0
bg_13339,0.8185567259788513,0.2405844032764434,0.5407376885414124,484.0
bg_13346,0.8608408570289612,0.3480230271816253,0.6385746598243713,400.0
bg_13348,0.7983502745628357,0.221247598528862,0.5399389863014221,106.0
bg_13352,0.825775146484375,0.2756798863410949,0.5915881991386414,195.0
bg_13353,0.8300228118896484,0.2355735003948211,0.5530370473861694,387.0
bg_13354,0.8349716663360596,0.3226029276847839,0.6044057011604309,117.0
bg_13360,0.7992181777954102,0.2468914091587066,0.5572875738143921,183.0
bg_13363,0.8263372778892517,0.2617078125476837,0.5794932246208191,222.0
bg_13367,0.8163411617279053,0.2129580974578857,0.5212815999984741,448.0
bg_13369,0.8024255633354187,0.3074641227722168,0.6116002202033997,175.0
bg_13376,0.77585369348526,0.3018144965171814,0.5831066370010376,337.0
bg_13377,0.8632068037986755,0.3823553919792175,0.6775516271591187,150.0
bg_13378,0.8496214747428894,0.2795421779155731,0.5916838049888611,878.0
bg_13386,0.7871645092964172,0.2870131731033325,0.5967853665351868,230.0
bg_13388,0.8457087874412537,0.3576719462871551,0.632636547088623,274.0
bg_13392,0.8811014890670776,0.3253272473812103,0.6345903873443604,377.0
bg_13399,0.8373034000396729,0.3608208298683166,0.6472365260124207,70.0
bg_13409,0.7824357748031616,0.2569989264011383,0.5564059019088745,473.0
bg_13411,0.8187747001647949,0.2949160933494568,0.603874146938324,396.0
bg_13417,0.8457688689231873,0.317407488822937,0.6262878179550171,173.0
bg_13422,0.8519517779350281,0.3154931366443634,0.6078601479530334,420.0
bg_13432,0.8533502817153931,0.2976188361644745,0.6270102262496948,411.0
bg_13438,0.8654975891113281,0.2749872505664825,0.5838394165039062,230.0
bg_13451,0.8530640006065369,0.3350426852703094,0.6562575697898865,218.0
bg_13454,0.8341673016548157,0.2748482823371887,0.5957669019699097,787.0
bg_13459,0.869178295135498,0.3966973423957824,0.697003960609436,358.0
bg_13468,0.892573356628418,0.3726797997951507,0.6855096817016602,511.0
bg_13471,0.8808973431587219,0.3679022789001465,0.6775665283203125,201.0
bg_13473,0.8074588179588318,0.2670807242393493,0.575477123260498,47.0
bg_13477,0.817523717880249,0.3039404153823852,0.6113394498825073,385.0
bg_13484,0.8431467413902283,0.3534072041511535,0.6544152498245239,139.0
bg_13489,0.8690531849861145,0.2751088738441467,0.6116045117378235,483.0
bg_13492,0.8690057992935181,0.3641373217105865,0.6624199748039246,687.0
bg_13494,0.8291693329811096,0.259195864200592,0.5666674971580505,456.0
bg_13517,0.8448899388313293,0.3228331208229065,0.6509429812431335,152.0
bg_13518,0.7572104930877686,0.2354936152696609,0.5380999445915222,453.0
bg_13521,0.8492370843887329,0.2976193428039551,0.6118130683898926,417.0
bg_13526,0.8564149141311646,0.3479195833206177,0.6468418836593628,128.0
bg_13527,0.8460718989372253,0.3776645362377167,0.6656798720359802,169.0
bg_13531,0.8301404118537903,0.2919266521930694,0.6073634624481201,411.0
bg_13538,0.8609717488288879,0.3546818196773529,0.6548053622245789,241.0
bg_13565,0.8576061725616455,0.2950417101383209,0.596500039100647,475.0
bg_13573,0.8657302260398865,0.3578847348690033,0.6395131945610046,142.0
bg_13576,0.8532204627990723,0.3756465017795563,0.6932491064071655,332.0
bg_13587,0.8653844594955444,0.3225919306278229,0.6391327977180481,274.0
bg_13600,0.8537634015083313,0.3079606294631958,0.6311972737312317,247.0
bg_13604,0.8591377139091492,0.2664792537689209,0.5924378037452698,132.0
bg_13607,0.877127468585968,0.4205722510814667,0.70574551820755,345.0
bg_13608,0.8246725797653198,0.3349275588989258,0.6146286725997925,128.0
bg_13616,0.8536311984062195,0.3174726068973541,0.627129316329956,221.0
bg_13633,0.806648850440979,0.2984239757061004,0.6070042252540588,71.0
bg_13635,0.7835536599159241,0.2238601148128509,0.5215664505958557,364.0
bg_13637,0.8613160252571106,0.3764514625072479,0.6698445081710815,276.0
bg_13640,0.8537290096282959,0.3014535903930664,0.6154022812843323,149.0
bg_13643,0.8615131974220276,0.3191084563732147,0.6310889720916748,152.0
bg_13648,0.8231415748596191,0.2824406027793884,0.6056193113327026,182.0
bg_13662,0.8417885899543762,0.3380220532417297,0.6314392685890198,164.0
bg_13667,0.8632180690765381,0.3305799961090088,0.6397127509117126,145.0
bg_13668,0.8497108221054077,0.330808937549591,0.6278787851333618,115.0
bg_13676,0.8298831582069397,0.2167679369449615,0.4634011089801788,463.0
bg_13699,0.8615663051605225,0.3561694622039795,0.6699877381324768,823.0
bg_13703,0.7493556141853333,0.2302261590957641,0.4984864294528961,188.0
bg_13710,0.8644457459449768,0.3276537954807281,0.6241368055343628,111.0
bg_13722,0.8611515760421753,0.3183830380439758,0.6001511812210083,468.0
bg_13731,0.5444910526275635,0.0537753365933895,0.2829315066337585,479.0
bg_13733,0.8676948547363281,0.3427445292472839,0.6407304406166077,96.0
bg_13735,0.8534108400344849,0.3388957381248474,0.6345980167388916,289.0
bg_13749,0.8790121078491211,0.3621108829975128,0.6736183762550354,349.0
bg_13753,0.8572012782096863,0.2840916812419891,0.6035870909690857,460.0
bg_13766,0.8322542309761047,0.3221541345119476,0.6039425730705261,534.0
bg_13780,0.7917609214782715,0.1962507665157318,0.5022367238998413,449.0
bg_13782,0.886832594871521,0.3914493918418884,0.6817108988761902,288.0
bg_13798,0.7131909132003784,0.0937389880418777,0.3021771609783172,490.0
bg_13804,0.8319098949432373,0.3104259967803955,0.6068453788757324,524.0
bg_13817,0.8421013355255127,0.3462899923324585,0.6583243608474731,609.0
bg_13819,0.8535720109939575,0.3857820630073547,0.6800699830055237,105.0
bg_13820,0.6975405812263489,0.2135385423898697,0.4985292255878448,429.0
bg_13835,0.6884667277336121,0.191552847623825,0.4489094316959381,221.0
bg_13836,0.8574466705322266,0.2873214781284332,0.5990583896636963,642.0
bg_13846,0.7826770544052124,0.2147520333528518,0.498512715101242,80.0
bg_13854,0.7557551860809326,0.1854846179485321,0.4822494685649872,420.0
bg_13855,0.8140408992767334,0.314981073141098,0.6230015158653259,452.0
bg_13868,0.8385204672813416,0.3888213634490967,0.6695837378501892,173.0
bg_13872,0.8891233205795288,0.352658212184906,0.6493513584136963,179.0
bg_13876,0.8729415535926819,0.271615207195282,0.5969098806381226,231.0
bg_13877,0.8108094334602356,0.2332576215267181,0.5408340692520142,544.0
bg_13881,0.2519346177577972,0.0340313874185085,0.165147066116333,229.0
bg_13886,0.8344303965568542,0.2370624095201492,0.5455918908119202,446.0
bg_13889,0.8268074989318848,0.2919594347476959,0.5974704623222351,174.0
bg_13897,0.8575772047042847,0.2784749567508697,0.6105221509933472,143.0
bg_13901,0.8542678356170654,0.3717795312404632,0.6774927377700806,223.0
bg_13906,0.8669588565826416,0.3601705133914947,0.6602499485015869,184.0
bg_13922,0.8493627309799194,0.3209472298622131,0.6155952215194702,185.0
bg_13923,0.818544328212738,0.2023341506719589,0.5415636301040649,499.0
bg_13950,0.8108615279197693,0.2744309604167938,0.5602965354919434,505.0
bg_13956,0.865182638168335,0.3369787633419037,0.6505576372146606,412.0
bg_13964,0.8652679920196533,0.377224862575531,0.6661575436592102,526.0
bg_13966,0.8275147676467896,0.2130389213562011,0.534550666809082,170.0
bg_13972,0.8306200504302979,0.2793203890323639,0.5983080267906189,138.0
bg_13973,0.8144031763076782,0.2178906351327896,0.5371796488761902,672.0
bg_13978,0.8690475225448608,0.2782888412475586,0.6031095385551453,505.0
bg_13981,0.8070975542068481,0.2596758008003235,0.5761675238609314,410.0
bg_13983,0.8571635484695435,0.3298101127147674,0.6266708970069885,369.0
bg_13985,0.8688245415687561,0.4089646339416504,0.6969301104545593,492.0
bg_13986,0.8180299997329712,0.2910903394222259,0.5820333361625671,445.0
bg_13993,0.8966654539108276,0.4169590771198272,0.7244958281517029,497.0
bg_13995,0.7989316582679749,0.2129132002592086,0.541246235370636,452.0
bg_14000,0.8066940903663635,0.3116690218448639,0.6076000332832336,335.0
bg_14005,0.7871999144554138,0.4006663858890533,0.6659925580024719,153.0
bg_14013,0.8750329613685608,0.3099879324436188,0.6235888600349426,170.0
bg_14015,0.8345080614089966,0.3260915279388428,0.6266939640045166,167.0
bg_14017,0.8479803800582886,0.3295554518699646,0.6262849569320679,150.0
bg_14029,0.8020828366279602,0.2410194277763366,0.5409327745437622,155.0
bg_14032,0.8314165472984314,0.2837464213371277,0.6077448129653931,179.0
bg_14035,0.8302102088928223,0.2620560526847839,0.5841249227523804,305.0
bg_14037,0.8151711821556091,0.2636143863201141,0.5292402505874634,518.0
bg_14048,0.7944754958152771,0.1861758828163147,0.4973338842391968,450.0
bg_14052,0.8063525557518005,0.2314166575670242,0.5411317944526672,654.0
bg_14053,0.9080454111099244,0.4430515766143799,0.7203946113586426,62.0
bg_14070,0.8690373301506042,0.3756299316883087,0.6820533275604248,411.0
bg_14079,0.834495484828949,0.2756192982196808,0.5603353381156921,137.0
bg_14088,0.8536646962165833,0.3333869576454162,0.6347138285636902,427.0
bg_14091,0.7044432759284973,0.1620246917009353,0.4533552825450897,468.0
bg_14092,0.8537533283233643,0.3388811945915222,0.6586253046989441,465.0
bg_14101,0.8379949927330017,0.3341313600540161,0.6388543248176575,650.0
bg_14103,0.8655912280082703,0.2905213832855224,0.607538104057312,482.0
bg_14104,0.8806198835372925,0.399386316537857,0.7047545909881592,436.0
bg_14112,0.8318309187889099,0.2472867518663406,0.5524792075157166,202.0
bg_14113,0.8350520730018616,0.1895428299903869,0.4904776811599731,311.0
bg_14114,0.8610725998878479,0.3210190534591675,0.6233172416687012,163.0
bg_14121,0.8179950714111328,0.2596985399723053,0.5720505118370056,525.0
bg_14123,0.701121985912323,0.1429471671581268,0.3906134665012359,466.0
bg_14129,0.8688303828239441,0.3731386959552765,0.6817551255226135,484.0
bg_14130,0.8416870832443237,0.3525349497795105,0.6541465520858765,178.0
bg_14131,0.8616246581077576,0.3777380287647247,0.6735081076622009,189.0
bg_14132,0.8730937242507935,0.1973347812891006,0.5562036633491516,357.0
bg_14133,0.8376430869102478,0.2931867837905884,0.6191054582595825,177.0
bg_14135,0.8358700275421143,0.3625065088272095,0.6583420634269714,292.0
bg_14146,0.7992292046546936,0.2234050929546356,0.5331604480743408,460.0
bg_14147,0.8399379849433899,0.2560826241970062,0.5342919826507568,229.0
bg_14148,0.8733775615692139,0.3613395988941192,0.661905825138092,515.0
bg_14149,0.7757681608200073,0.2869593799114227,0.5574875473976135,399.0
bg_14154,0.7640092372894287,0.3103124499320984,0.5955935716629028,423.0
bg_14156,0.8578119874000549,0.3376791179180145,0.6504982709884644,446.0
bg_14157,0.8218132853507996,0.235299065709114,0.5334675908088684,283.0
bg_14163,0.8655664324760437,0.3647918105125427,0.6697214841842651,303.0
bg_14166,0.8497246503829956,0.3427071273326874,0.6543281078338623,171.0
bg_14168,0.7951599359512329,0.2709479629993438,0.572827935218811,431.0
bg_14175,0.8651167750358582,0.3509613573551178,0.6499534845352173,310.0
bg_14187,0.8263463377952576,0.0489478409290313,0.3613336980342865,556.0
bg_14193,0.8297770023345947,0.3766980767250061,0.6505087018013,237.0
bg_14196,0.7827625274658203,0.2771349549293518,0.5682322978973389,462.0
bg_14197,0.8615710735321045,0.295850932598114,0.6034497022628784,363.0
bg_14212,0.8735160827636719,0.3367621004581451,0.6501303315162659,137.0
bg_14220,0.8216326236724854,0.3182069063186645,0.6230199933052063,163.0
bg_14222,0.7770930528640747,0.2303066253662109,0.5235403776168823,392.0
bg_14223,0.8653973937034607,0.3860820233821869,0.6835331916809082,386.0
bg_14227,0.8633161783218384,0.3732674717903137,0.6699031591415405,215.0
bg_14233,0.8453142046928406,0.3171209692955017,0.607151448726654,144.0
bg_14239,0.856575608253479,0.3606096506118774,0.6588917970657349,421.0
bg_14242,0.8689501881599426,0.3609789907932281,0.650155782699585,243.0
bg_14248,0.8495582938194275,0.318633884191513,0.6418100595474243,139.0
bg_14249,0.7791016697883606,0.1308114975690841,0.4657006561756134,526.0
bg_14250,0.8929964900016785,0.4170485734939575,0.705237090587616,385.0
bg_14252,0.8764755129814148,0.3430735170841217,0.642825186252594,185.0
bg_14261,0.7920371890068054,0.2403022795915603,0.5280665755271912,358.0
bg_14266,0.8415576815605164,0.2051969468593597,0.5250609517097473,505.0
bg_14273,0.7871835827827454,0.3039031326770782,0.5925952792167664,402.0
bg_14276,0.822544276714325,0.3224160373210907,0.6273524761199951,205.0
bg_14283,0.8450709581375122,0.3114122152328491,0.6154024600982666,162.0
bg_14284,0.8023545145988464,0.2063027173280716,0.5136632323265076,485.0
bg_14287,0.8265020251274109,0.3098898530006408,0.6311802864074707,485.0
bg_14288,0.8234265446662903,0.4252362251281738,0.6826806664466858,59.0
bg_14289,0.8145575523376465,0.2007052302360534,0.5138609409332275,473.0
bg_14290,0.791108250617981,0.2902757525444031,0.5882250070571899,459.0
bg_14293,0.8458557724952698,0.3655999302864074,0.646107017993927,174.0
bg_14308,0.8570982217788696,0.3067215085029602,0.6069183945655823,234.0
bg_14321,0.876805305480957,0.3573948740959167,0.6843698024749756,401.0
bg_14323,0.8804575204849243,0.3690250515937805,0.6697176098823547,336.0
bg_14329,0.8547830581665039,0.3435212671756744,0.6386817097663879,322.0
bg_14334,0.8568404316902161,0.388493150472641,0.6696189045906067,141.0
bg_14345,0.8656212687492371,0.2917790710926056,0.611101508140564,283.0
bg_14348,0.7521046996116638,0.2399124801158905,0.5222944617271423,439.0
bg_14349,0.6550657153129578,0.2847842574119568,0.5200235843658447,64.0
bg_14350,0.804323673248291,0.2927831709384918,0.5916356444358826,140.0
bg_14352,0.8164597749710083,0.2939762473106384,0.596060574054718,388.0
bg_14357,0.8764292001724243,0.3293895721435547,0.6348851323127747,234.0
bg_14358,0.8536330461502075,0.3807685971260071,0.6619548797607422,419.0
bg_14360,0.8611685633659363,0.3535799086093902,0.6696858406066895,132.0
bg_14361,0.8532121777534485,0.3057449162006378,0.6030769348144531,541.0
bg_14366,0.8024551272392273,0.3139633536338806,0.6131584048271179,80.0
bg_14367,0.847463846206665,0.2705731689929962,0.6059545278549194,138.0
bg_14375,0.561913788318634,0.1088987290859222,0.3942705392837524,102.0
bg_14376,0.8117491006851196,0.0397423505783081,0.3493288457393646,392.0
bg_14391,0.8338567018508911,0.299608439207077,0.5949057340621948,149.0
bg_14405,0.8611771464347839,0.3961699604988098,0.6930802464485168,175.0
bg_14407,0.8187647461891174,0.2858577966690063,0.583517849445343,119.0
bg_14421,0.841627836227417,0.2718045711517334,0.6093578934669495,384.0
bg_14429,0.8815737366676331,0.3857610821723938,0.6775854229927063,412.0
bg_14433,0.8495347499847412,0.3299297988414764,0.6139301061630249,214.0
bg_14438,0.8180993795394897,0.2945194244384765,0.599331259727478,386.0
bg_14441,0.8376438021659851,0.293857991695404,0.6031875610351562,183.0
bg_14451,0.8182386755943298,0.3114322423934936,0.6234187483787537,365.0
bg_14452,0.8176507353782654,0.3088293969631195,0.6485623121261597,127.0
bg_14457,0.8771477937698364,0.3602873980998993,0.6639364957809448,186.0
bg_14462,0.7340551018714905,0.2994459867477417,0.6052624583244324,80.0
bg_14464,0.8653494119644165,0.3454029560089111,0.6600741744041443,911.0
bg_14482,0.8034957647323608,0.2375914305448532,0.5458759069442749,48.0
bg_14484,0.857356607913971,0.3546614050865173,0.6546079516410828,419.0
bg_14485,0.807343602180481,0.2980043292045593,0.6194330453872681,117.0
bg_14488,0.8225228190422058,0.3212080001831054,0.6327592134475708,532.0
bg_14489,0.8301113247871399,0.3746523559093475,0.670516848564148,145.0
bg_14490,0.7435793876647949,0.1275057047605514,0.4231944680213928,437.0
bg_14494,0.7459656596183777,0.2607749104499817,0.576127827167511,103.0
bg_14499,0.6857472062110901,0.2208968102931976,0.5073420405387878,416.0
bg_14500,0.869178295135498,0.3079631924629211,0.6268739700317383,236.0
bg_14501,0.7222038507461548,0.2790533304214477,0.5762781500816345,466.0
bg_14506,0.8769077062606812,0.3219360411167145,0.6501349210739136,494.0
bg_14508,0.80657958984375,0.316711813211441,0.603513777256012,470.0
bg_14517,0.8454347252845764,0.2937910258769989,0.6113032698631287,435.0
bg_14526,0.8566425442695618,0.2875504791736603,0.5990214347839355,483.0
bg_14527,0.8503279685974121,0.2900784611701965,0.5876197218894958,198.0
bg_14529,0.8611822724342346,0.3501709401607513,0.6594464778900146,158.0
bg_14532,0.8185262084007263,0.2726286947727203,0.5972235202789307,116.0
bg_14539,0.8691061735153198,0.3310118317604065,0.65035080909729,439.0
bg_14546,0.7319637537002563,0.2214542031288147,0.5155146718025208,231.0
bg_14557,0.8263339996337891,0.2781000137329101,0.5721774697303772,125.0
bg_14569,0.8501913547515869,0.3297617137432098,0.6461818218231201,105.0
bg_14572,0.7885008454322815,0.0952671393752098,0.4084376096725464,350.0
bg_14574,0.8399967551231384,0.3076810836791992,0.6001072525978088,313.0
bg_14576,0.8448360562324524,0.3253423571586609,0.6389166712760925,159.0
bg_14578,0.8536110520362854,0.3047736585140228,0.5914174914360046,494.0
bg_14581,0.8500066995620728,0.3755262196063995,0.6759093999862671,120.0
bg_14584,0.7553665041923523,0.2089521735906601,0.5017094016075134,438.0
bg_14591,0.8608192801475525,0.3727103471755981,0.6546465754508972,148.0
bg_14592,0.857215940952301,0.35822194814682,0.6655086874961853,200.0
bg_14600,0.8376158475875854,0.2685581743717193,0.6037021279335022,116.0
bg_14601,0.8244842886924744,0.3498451113700866,0.6538715362548828,168.0
bg_14603,0.839804470539093,0.3460170328617096,0.6508452892303467,168.0
bg_14607,0.8501786589622498,0.2713650166988373,0.5861182808876038,134.0
bg_14608,0.8277745246887207,0.3299029767513275,0.6216413378715515,108.0
bg_14612,0.7577148079872131,0.1565121263265609,0.4407729506492615,318.0
bg_14623,0.8225592374801636,0.3298650979995727,0.6108726263046265,552.0
bg_14628,0.8731904625892639,0.2937698364257812,0.6111224293708801,480.0
bg_14641,0.7947551608085632,0.31744584441185,0.5874859690666199,198.0
bg_14642,0.8476182222366333,0.3482389152050018,0.6502147316932678,238.0
bg_14645,0.3970376253128052,0.1034589782357215,0.2965000867843628,248.0
bg_14657,0.8610889315605164,0.3573164641857147,0.6433632373809814,427.0
bg_14663,0.8790014982223511,0.3857090473175049,0.697229266166687,180.0
bg_14672,0.8710963129997253,0.3301025927066803,0.6542558670043945,203.0
bg_14674,0.8773209452629089,0.3559379875659942,0.6615634560585022,123.0
bg_14676,0.8496556282043457,0.3482626378536224,0.6502028107643127,123.0
bg_14678,0.8316241502761841,0.3224152028560638,0.623558759689331,132.0
bg_14689,0.8296477794647217,0.3133878111839294,0.6108699440956116,161.0
bg_14690,0.7522782683372498,0.2209563106298446,0.5056020617485046,452.0
bg_14706,0.8265365958213806,0.2362206727266311,0.537084698677063,365.0
bg_14707,0.8382545709609985,0.3142887651920318,0.6147523522377014,449.0
bg_14711,0.8439469337463379,0.3038148880004883,0.6285707950592041,120.0
bg_14715,0.864660918712616,0.2988665699958801,0.5994802117347717,106.0
bg_14717,0.8736296892166138,0.3861299455165863,0.6855021715164185,367.0
bg_14734,0.8850690722465515,0.3577060401439667,0.6623819470405579,341.0
bg_14735,0.7750884294509888,0.2722691297531128,0.5687101483345032,386.0
bg_14748,0.8161831498146057,0.2717366516590118,0.5838833451271057,479.0
bg_14754,0.8601990938186646,0.3010630011558532,0.6192744374275208,124.0
bg_14757,0.8499259948730469,0.235157623887062,0.5597285628318787,416.0
bg_14762,0.8611845970153809,0.2824573814868927,0.602739155292511,244.0
bg_14770,0.7886530160903931,0.2627471685409546,0.5648347735404968,216.0
bg_14774,0.8615453243255615,0.2870150804519653,0.5956322550773621,471.0
bg_14779,0.7404789328575134,0.1347154229879379,0.4279847741127014,263.0
bg_14794,0.8535587787628174,0.3568890392780304,0.6422553062438965,600.0
bg_14795,0.6492878794670105,0.3295957148075104,0.5462257862091064,48.0
bg_14805,0.6279609799385071,0.196776196360588,0.4549674093723297,104.0
bg_14823,0.8059777617454529,0.2135949879884719,0.5218915343284607,109.0
bg_14827,0.7475878000259399,0.1922522932291031,0.4712172746658325,66.0
bg_14830,0.7938144207000732,0.3091458678245544,0.5988273024559021,75.0
bg_14831,0.8382219672203064,0.3384310603141784,0.6350313425064087,176.0
bg_14849,0.845435380935669,0.309668481349945,0.6151385307312012,469.0
bg_14850,0.8502688407897949,0.286787748336792,0.611250638961792,211.0
bg_14858,0.8224788904190063,0.2754735052585602,0.5687215924263,333.0
bg_14861,0.7595033049583435,0.2784192860126495,0.5544098019599915,106.0
bg_14869,0.8847774267196655,0.3543756902217865,0.6736469864845276,1062.0
bg_14870,0.8809005618095398,0.3561797738075256,0.6468474268913269,131.0
bg_14871,0.8383817076683044,0.3382385969161987,0.6384686231613159,201.0
bg_14872,0.8767133355140686,0.3817086219787597,0.6817391514778137,774.0
bg_14893,0.7709222435951233,0.2023822218179702,0.5055919885635376,505.0
bg_14903,0.834135115146637,0.2050370723009109,0.5218987464904785,164.0
bg_14904,0.8329775333404541,0.335530012845993,0.627324104309082,186.0
bg_14913,0.8144503831863403,0.2508438229560852,0.5454154014587402,145.0
bg_14927,0.857531726360321,0.3548048734664917,0.6698437929153442,348.0
bg_14929,0.8112017512321472,0.3018215596675873,0.6032778024673462,313.0
bg_14932,0.857059895992279,0.3215280771255493,0.6417475938796997,133.0
bg_14936,0.8069943785667419,0.3293699622154236,0.6463247537612915,133.0
bg_14940,0.7115034461021423,0.2114933133125305,0.4752945899963379,120.0
bg_14944,0.8142874836921692,0.1308775842189788,0.4585697948932647,207.0
bg_14948,0.8571378588676453,0.3185655772686004,0.6383464932441711,797.0
bg_14955,0.8610635995864868,0.3191643059253692,0.6382156014442444,149.0
bg_14957,0.8574408292770386,0.2408630549907684,0.5825880169868469,128.0
bg_14959,0.8419029712677002,0.3053392171859741,0.6155644655227661,397.0
bg_14962,0.8415784239768982,0.2800864279270172,0.5841935873031616,456.0
bg_14963,0.8418030142784119,0.2751096487045288,0.6032954454421997,475.0
bg_14975,0.8293907046318054,0.3381713926792145,0.6228782534599304,152.0
bg_14976,0.8490834832191467,0.3001175224781036,0.6192972660064697,144.0
bg_14978,0.7415434122085571,0.2591376006603241,0.5602222681045532,100.0
bg_14980,0.8335879445075989,0.2454594224691391,0.5714030265808105,512.0
bg_14987,0.8233882784843445,0.2912870943546295,0.6002918481826782,139.0
bg_14992,0.8451555371284485,0.2557856440544128,0.5564700961112976,539.0
bg_14994,0.8736892938613892,0.339896947145462,0.6386632919311523,452.0
bg_14998,0.8493402004241943,0.3466022610664367,0.6581465005874634,430.0
bg_14999,0.8533951640129089,0.3451193273067474,0.6550726294517517,189.0
bg_15010,0.8346156477928162,0.2939092218875885,0.564503014087677,262.0
bg_15013,0.8532021641731262,0.3427520096302032,0.6465452909469604,353.0
bg_15014,0.7879645824432373,0.244320809841156,0.5372994542121887,578.0
bg_15023,0.8808090090751648,0.3834214508533478,0.7011464834213257,546.0
bg_15024,0.8343357443809509,0.3366734385490417,0.6354814171791077,530.0
bg_15029,0.8027022480964661,0.3418942093849182,0.6310425400733948,530.0
bg_15032,0.8810820579528809,0.3615674972534179,0.666069507598877,202.0
bg_15057,0.8809562921524048,0.2605989575386047,0.6074492335319519,456.0
bg_15062,0.7968118786811829,0.2827033102512359,0.5833911299705505,130.0
bg_15063,0.8496165871620178,0.3040197193622589,0.6232956051826477,201.0
bg_15064,0.7751798033714294,0.2004741579294204,0.4824003279209137,371.0
bg_15065,0.877029299736023,0.3211404085159302,0.6352273225784302,361.0
bg_15070,0.8009809255599976,0.2750686109066009,0.5530471205711365,286.0
bg_15090,0.8829635381698608,0.3064817786216736,0.6311295032501221,262.0
bg_15092,0.7395904064178467,0.188952699303627,0.4672535955905914,580.0
bg_15093,0.8219621777534485,0.3222915232181549,0.6145292520523071,356.0
bg_15096,0.8645352721214294,0.3494937717914581,0.653022825717926,146.0
bg_15102,0.8118577599525452,0.3612264394760132,0.6503794193267822,177.0
bg_15103,0.6824092268943787,0.1266427636146545,0.3377756774425506,417.0
bg_15106,0.8612903356552124,0.3781140744686126,0.6850796937942505,224.0
bg_15108,0.8616854548454285,0.3623769283294678,0.6618599891662598,179.0
bg_15114,0.8728753328323364,0.3642713725566864,0.6679067611694336,184.0
bg_15118,0.8381747007369995,0.3741969466209411,0.6731323003768921,464.0
bg_15119,0.8538141250610352,0.3741321861743927,0.6737961769104004,324.0
bg_15134,0.8303292989730835,0.3152033388614654,0.623400092124939,425.0
bg_15138,0.7490607500076294,0.1975271105766296,0.4942855834960937,491.0
bg_15140,0.8607527613639832,0.3369062542915344,0.6362225413322449,152.0
bg_15142,0.8766888380050659,0.3066190183162689,0.6317043304443359,504.0
bg_15165,0.6782529354095459,0.1812932342290878,0.4512817859649658,409.0
bg_15181,0.7799327969551086,0.2616535425186157,0.5296267867088318,514.0
bg_15183,0.8610632419586182,0.3250176608562469,0.6191325187683105,545.0
bg_15186,0.8615550994873047,0.2647736966609955,0.6000478267669678,445.0
bg_15191,0.7646245956420898,0.1767168939113617,0.4849153757095337,510.0
bg_15194,0.8816633224487305,0.3537503480911255,0.6656982898712158,353.0
bg_15201,0.8247653841972351,0.3389016985893249,0.637860119342804,133.0
bg_15214,0.8022986650466919,0.2842466831207275,0.5847261548042297,471.0
bg_15217,0.7239010334014893,0.2295579761266708,0.5291804671287537,65.0
bg_15227,0.8643215298652649,0.3697081506252289,0.6625549793243408,299.0
bg_15229,0.7755606174468994,0.2293583005666732,0.5409179329872131,465.0
bg_15233,0.8174656629562378,0.3415785133838653,0.6383765339851379,122.0
bg_15234,0.8296222686767578,0.2093822956085205,0.5262331366539001,314.0
bg_15235,0.6486909985542297,0.1407032310962677,0.3764547705650329,168.0
bg_15237,0.8609690070152283,0.3695017099380493,0.6738408803939819,633.0
bg_15243,0.8218322396278381,0.3229634165763855,0.6269809603691101,358.0
bg_15247,0.7761385440826416,0.1842062920331955,0.4825517833232879,177.0
bg_15248,0.8411930799484253,0.3143429756164551,0.6311487555503845,133.0
bg_15250,0.868874192237854,0.3272283971309662,0.6502576470375061,525.0
bg_15253,0.8693717122077942,0.3923210203647613,0.6732557415962219,388.0
bg_15255,0.8264544010162354,0.3032208681106567,0.5904819369316101,123.0
bg_15257,0.8533206582069397,0.2888941168785095,0.5697166323661804,488.0
bg_15261,0.861738920211792,0.3307033777236938,0.646359384059906,158.0
bg_15262,0.8422728180885315,0.2970968782901764,0.595736026763916,434.0
bg_15276,0.8456135988235474,0.3313525319099426,0.6356251239776611,206.0
bg_15277,0.8459357023239136,0.311284601688385,0.6077241897583008,131.0
bg_15278,0.7794692516326904,0.2364250421524047,0.5452869534492493,405.0
bg_15279,0.8460739850997925,0.3075911104679107,0.6261962652206421,167.0
bg_15284,0.7718696594238281,0.0858650133013725,0.3725481033325195,290.0
bg_15296,0.8121842741966248,0.3131635785102844,0.6110264658927917,180.0
bg_15301,0.880085825920105,0.383214384317398,0.6855047941207886,113.0
bg_15304,0.8109064698219299,0.2197857648134231,0.5335292816162109,456.0
bg_15309,0.8338546752929688,0.3263923525810241,0.6229435205459595,388.0
bg_15312,0.8034729361534119,0.2822730839252472,0.5720864534378052,200.0
bg_15321,0.8455590009689331,0.2783301174640655,0.6154209971427917,477.0
bg_15324,0.791337251663208,0.3131854236125946,0.5759032964706421,417.0
bg_15325,0.6552622318267822,0.1225095614790916,0.4000647962093353,449.0
bg_15327,0.8802173733711243,0.3620986938476562,0.6541908383369446,348.0
bg_15328,0.7794482707977295,0.2722656726837158,0.5658525824546814,186.0
bg_15334,0.8692366480827332,0.3154080510139465,0.6347050666809082,329.0
bg_15337,0.8306275010108948,0.3360232412815094,0.6087502241134644,204.0
bg_15340,0.8804170489311218,0.3969135284423828,0.7054452300071716,337.0
bg_15344,0.8376566171646118,0.3057815730571747,0.600301206111908,271.0
bg_15346,0.852655827999115,0.3463358283042907,0.6541933417320251,135.0
bg_15356,0.8533225059509277,0.3811018466949463,0.671861469745636,622.0
bg_15363,0.8272309899330139,0.2528652548789978,0.572233259677887,288.0
bg_15364,0.6254850625991821,0.1491858661174774,0.403891772031784,194.0
bg_15370,0.8373955488204956,0.2807715535163879,0.5977868437767029,130.0
bg_15374,0.8258628845214844,0.2567538321018219,0.5751482248306274,194.0
bg_15388,0.7957971692085266,0.1983201056718826,0.5378248691558838,259.0
bg_15397,0.8500413298606873,0.3023738265037536,0.6152278780937195,152.0
bg_15401,0.7871103882789612,0.2472850233316421,0.5327772498130798,387.0
bg_15409,0.7033832669258118,0.2270571142435073,0.4913185536861419,74.0
bg_15411,0.8403942584991455,0.3337357938289642,0.6470209360122681,144.0
bg_15412,0.7711098790168762,0.1783594489097595,0.4863452911376953,314.0
bg_15417,0.8807047009468079,0.2891245186328888,0.6197930574417114,510.0
bg_15433,0.8340206742286682,0.2550664246082306,0.5802335143089294,540.0
bg_15434,0.8239448070526123,0.2488489747047424,0.5603454113006592,108.0
bg_15437,0.6541892290115356,0.0490329451858997,0.271815538406372,440.0
bg_15444,0.8611361980438232,0.2588582038879394,0.5875166058540344,460.0
bg_15445,0.8019516468048096,0.2829796969890594,0.5699034929275513,454.0
bg_15450,0.8850434422492981,0.3457026779651642,0.6696601510047913,456.0
bg_15453,0.8843903541564941,0.3523455858230591,0.6582158803939819,215.0
bg_15461,0.7826065421104431,0.2560162246227264,0.5498211979866028,84.0
bg_15465,0.8571411967277527,0.3057892024517059,0.6163128018379211,362.0
bg_15472,0.7363560199737549,0.1905139535665512,0.4927041232585907,95.0
bg_15474,0.8560851216316223,0.241242915391922,0.5729570388793945,400.0
bg_15475,0.8341678977012634,0.2635862827301025,0.5966975688934326,116.0
bg_15481,0.7379665374755859,0.2649125754833221,0.5236853957176208,52.0
bg_15483,0.8338454365730286,0.3029725253582001,0.6114093661308289,515.0
bg_15490,0.8544047474861145,0.3612371683120727,0.6566528677940369,146.0
bg_15491,0.8038844466209412,0.3286223113536834,0.638731837272644,132.0
bg_15498,0.8422523140907288,0.2199940681457519,0.5219146609306335,279.0
bg_15505,0.8338248133659363,0.2595038414001465,0.5640481114387512,351.0
bg_15506,0.8299687504768372,0.2947513461112976,0.5990840196609497,373.0
bg_15515,0.8495555520057678,0.3130503594875335,0.6150845885276794,509.0
bg_15518,0.84574294090271,0.2519623041152954,0.5646910071372986,483.0
bg_15534,0.7639691233634949,0.1972047835588455,0.4672182202339172,1005.0
bg_15544,0.8232202529907227,0.1672884821891784,0.5021555423736572,523.0
bg_15547,0.834112286567688,0.3653301000595093,0.6626923680305481,309.0
bg_15548,0.8888387680053711,0.4193242192268371,0.713115930557251,219.0
bg_15549,0.8260588049888611,0.3107181191444397,0.6072914600372314,519.0
bg_15550,0.724615752696991,0.1654346585273742,0.4349855184555053,502.0
bg_15555,0.7983202338218689,0.2179994583129882,0.5380855202674866,465.0
bg_15559,0.541252613067627,0.0379522144794464,0.2523910403251648,505.0
bg_15562,0.8011857867240906,0.3046073615550995,0.6071106791496277,398.0
bg_15563,0.8217808604240417,0.2673957645893097,0.591683566570282,131.0
bg_15566,0.8614857792854309,0.2792900204658508,0.6153038740158081,432.0
bg_15580,0.805228054523468,0.2891440093517303,0.5932989716529846,108.0
bg_15582,0.8496742844581604,0.3194179832935333,0.623447597026825,399.0
bg_15588,0.8423345685005188,0.3533502221107483,0.6438709497451782,242.0
bg_15597,0.846330463886261,0.3428058624267578,0.6431864500045776,323.0
bg_15604,0.8768394589424133,0.3224302232265472,0.6429796814918518,1096.0
bg_15610,0.869033932685852,0.3172053396701813,0.6304233074188232,403.0
bg_15617,0.7940004467964172,0.2211158275604248,0.5092312693595886,451.0
bg_15629,0.8413020968437195,0.3212998509407043,0.6267220973968506,115.0
bg_15632,0.779611349105835,0.2525954842567444,0.5606108903884888,176.0
bg_15656,0.853503942489624,0.4077127575874328,0.7011526226997375,518.0
bg_15659,0.8223232626914978,0.2514130175113678,0.5410208106040955,394.0
bg_15662,0.8563239574432373,0.3265496790409088,0.6390368342399597,269.0
bg_15667,0.8461924195289612,0.326162576675415,0.6406409740447998,132.0
bg_15679,0.8691881895065308,0.3381250500679016,0.6581699252128601,1039.0
bg_15688,0.863332986831665,0.329627126455307,0.6393603086471558,66.0
bg_15689,0.8538367748260498,0.3287622928619385,0.6007842421531677,206.0
bg_15693,0.8554191589355469,0.2875025570392608,0.6035311818122864,454.0
bg_15694,0.8532805442810059,0.3466072082519531,0.6662759184837341,247.0
bg_15696,0.7522399425506592,0.2403156757354736,0.5328550934791565,501.0
bg_15697,0.7964672446250916,0.2516054809093475,0.5250462293624878,380.0
bg_15701,0.7988997101783752,0.2716577053070068,0.556340754032135,547.0
bg_15706,0.8498938083648682,0.2674792408943176,0.5918486714363098,471.0
bg_15711,0.8845375180244446,0.3195441365242004,0.6389608383178711,195.0
bg_15713,0.8189886212348938,0.3281348943710327,0.6310057640075684,102.0
bg_15717,0.7812002897262573,0.2407522201538086,0.5323339104652405,292.0
bg_15732,0.8572888970375061,0.3611628413200378,0.6624438762664795,388.0
bg_15734,0.8618812561035156,0.321256935596466,0.6347540616989136,164.0
bg_15737,0.7795609831809998,0.2485734075307846,0.5488842129707336,666.0
bg_15739,0.8226592540740967,0.1726850569248199,0.5023850798606873,209.0
bg_15743,0.8227643966674805,0.3107715845108032,0.6078659892082214,507.0
bg_15745,0.8334711790084839,0.3444413542747497,0.6237993240356445,208.0
bg_15746,0.8230630159378052,0.2275914400815963,0.5524360537528992,171.0
bg_15749,0.8138941526412964,0.3375996053218841,0.631362795829773,263.0
bg_15761,0.8594741821289062,0.3639667630195617,0.6584441661834717,166.0
bg_15764,0.7952750325202942,0.2987881898880005,0.5801892280578613,364.0
bg_15765,0.8417823314666748,0.2872740924358368,0.6067606210708618,138.0
bg_15767,0.8146671652793884,0.2629636228084564,0.572359025478363,380.0
bg_15770,0.8419033885002136,0.3036574125289917,0.5921382904052734,387.0
bg_15780,0.7641752362251282,0.1510974168777465,0.4351902604103088,346.0
bg_15786,0.855786144733429,0.3066778779029846,0.6028547883033752,358.0
bg_15787,0.836928129196167,0.2999410629272461,0.6071849465370178,161.0
bg_15794,0.8465316295623779,0.3307238221168518,0.6455560922622681,224.0
bg_15798,0.7826317548751831,0.2351563572883606,0.5366832613945007,413.0
bg_15803,0.8537022471427917,0.3331456184387207,0.6258909106254578,193.0
bg_15808,0.712722897529602,0.1930368244647979,0.4499590694904327,507.0
bg_15814,0.853276789188385,0.3962566554546356,0.6811395883560181,176.0
bg_15815,0.8531792759895325,0.316527396440506,0.622905969619751,454.0
bg_15816,0.8108318448066711,0.241086795926094,0.5570645332336426,530.0
bg_15818,0.8069124817848206,0.3378819823265075,0.6290134787559509,231.0
bg_15821,0.6806365251541138,0.229613795876503,0.478611409664154,346.0
bg_15823,0.8338242173194885,0.2597415745258331,0.5804612040519714,449.0
bg_15830,0.3308141231536865,0.1233610734343528,0.287188708782196,887.0
bg_15838,0.759465217590332,0.1952702403068542,0.4941823482513428,446.0
bg_15839,0.8257526159286499,0.236326977610588,0.5467358827590942,474.0
bg_15845,0.861354649066925,0.2754037976264953,0.5998016595840454,955.0
bg_15854,0.8611887097358704,0.2331910729408264,0.553345263004303,456.0
bg_15860,0.8924570679664612,0.3581086695194244,0.6704401969909668,397.0
bg_15872,0.7493764758110046,0.1653901487588882,0.4669443666934967,457.0
bg_15873,0.8560765981674194,0.3422532379627228,0.6228986382484436,413.0
bg_15876,0.7989744544029236,0.2475998103618621,0.5451326966285706,446.0
bg_15882,0.8147802948951721,0.2447807192802429,0.5451400876045227,530.0
bg_15885,0.817549467086792,0.2166296392679214,0.5254072546958923,474.0
bg_15905,0.8529020547866821,0.350914716720581,0.6614050269126892,124.0
bg_15906,0.8416134715080261,0.2866422235965729,0.5916604399681091,485.0
bg_15918,0.8379951119422913,0.2223196327686309,0.5370202660560608,538.0
bg_15919,0.7630919218063354,0.23649562895298,0.5437164306640625,558.0
bg_15953,0.7870274186134338,0.2707468271255493,0.5440093874931335,183.0
bg_15957,0.8813060522079468,0.3682526051998138,0.6776145696640015,161.0
bg_15959,0.779113233089447,0.2871579825878143,0.5955783724784851,423.0
bg_15962,0.8506849408149719,0.3294014036655426,0.6350553035736084,123.0
bg_15975,0.7552462220191956,0.2146138995885849,0.4819533228874206,302.0
bg_15977,0.8691959381103516,0.3452102839946747,0.6309678554534912,485.0
bg_15985,0.8232329487800598,0.3058438003063202,0.6148624420166016,189.0
bg_15986,0.8535643219947815,0.3418299257755279,0.6347935199737549,393.0
bg_15997,0.8259472250938416,0.307658314704895,0.6078024506568909,887.0
bg_16003,0.7676751017570496,0.177864521741867,0.4865184426307678,527.0
bg_16012,0.8968653082847595,0.329894870519638,0.6580703854560852,517.0
bg_16027,0.7906252145767212,0.0914193391799926,0.3943316638469696,598.0
bg_16046,0.8812644481658936,0.3640550673007965,0.674122154712677,547.0
bg_16052,0.8695549964904785,0.3187278807163238,0.6269494295120239,338.0
bg_16053,0.8437396883964539,0.3408158719539642,0.6463533639907837,142.0
bg_16056,0.8182154893875122,0.3058332800865173,0.5923861265182495,188.0
bg_16058,0.8340960741043091,0.3428938090801239,0.6502718329429626,177.0
bg_16064,0.8201255202293396,0.2207342535257339,0.508768618106842,172.0
bg_16069,0.8075481653213501,0.3183942437171936,0.6095799207687378,390.0
bg_16070,0.7240906953811646,0.2216115891933441,0.4819966554641723,365.0
bg_16090,0.8614368438720703,0.3556065559387207,0.658319890499115,238.0
bg_16091,0.8146081566810608,0.2603974044322967,0.578359067440033,366.0
bg_16102,0.8487282991409302,0.2955198287963867,0.6041088700294495,397.0
bg_16105,0.7131518721580505,0.2207006216049194,0.533242404460907,415.0
bg_16114,0.8379038572311401,0.3377178907394409,0.6446970701217651,168.0
bg_16119,0.8226061463356018,0.2792906761169433,0.5683995485305786,526.0
bg_16129,0.8649076819419861,0.3022640347480774,0.6147765517234802,188.0
bg_16137,0.861153244972229,0.3418430089950561,0.6466712951660156,279.0
bg_16140,0.8888216614723206,0.4394679665565491,0.7330898642539978,498.0
bg_16141,0.8532834649085999,0.3515018820762634,0.6539868712425232,726.0
bg_16143,0.688652515411377,0.2140199691057205,0.5019429922103882,195.0
bg_16144,0.8689363598823547,0.2751227617263794,0.5957772135734558,578.0
bg_16148,0.8610608577728271,0.3176654875278473,0.6229079961776733,402.0
bg_16151,0.8492151498794556,0.3041860461235046,0.6228514909744263,135.0
bg_16153,0.8224697113037109,0.3432547748088836,0.6347861886024475,126.0
bg_16158,0.8498863577842712,0.3092052340507507,0.62309730052948,461.0
bg_16159,0.7472631931304932,0.14760522544384,0.4354333877563476,445.0
bg_16170,0.8499115109443665,0.34482342004776,0.6543008685112,361.0
bg_16190,0.8181930184364319,0.2428081631660461,0.5568000674247742,360.0
bg_16200,0.206142246723175,-0.0771121233701706,0.0955859124660492,160.0
bg_16204,0.8461610078811646,0.2638698816299438,0.5759824514389038,397.0
bg_16208,0.775674045085907,0.2751424014568329,0.5523186922073364,360.0
bg_16217,0.8921574950218201,0.3581619262695312,0.6659442782402039,332.0
bg_16224,0.8220416307449341,0.2990825772285461,0.5958067178726196,109.0
bg_16238,0.8860722780227661,0.3644431829452514,0.6614956259727478,208.0
bg_16241,0.830161988735199,0.3896490633487701,0.650775671005249,566.0
bg_16250,0.8100486993789673,0.2013581991195678,0.5177554488182068,303.0
bg_16253,0.880681037902832,0.3610283732414245,0.665614128112793,326.0
bg_16254,0.8804439902305603,0.3584152460098266,0.6746321320533752,168.0
bg_16256,0.8416066765785217,0.3842086791992187,0.6821694374084473,217.0
bg_16260,0.8419824242591858,0.2901304960250854,0.6149280071258545,189.0
bg_16271,0.8501651287078857,0.2550639510154724,0.5724323987960815,91.0
bg_16274,0.7665315866470337,0.2325484156608581,0.5260321497917175,541.0
bg_16283,0.8808172941207886,0.3531926572322845,0.6586958765983582,357.0
bg_16286,0.8460748791694641,0.3077421486377716,0.6117452383041382,148.0
bg_16289,0.791273295879364,0.2450637221336364,0.5224316120147705,453.0
bg_16303,0.8809525370597839,0.3796374797821045,0.6783386468887329,385.0
bg_16320,0.8411044478416443,0.3378887176513672,0.6485670208930969,144.0
bg_16322,0.8615816235542297,0.355592131614685,0.6745257377624512,172.0
bg_16325,0.8497656583786011,0.3641153573989868,0.6736060380935669,390.0
bg_16331,0.7529308795928955,0.177952155470848,0.4749170541763305,994.0
bg_16336,0.8652377724647522,0.3548445701599121,0.6582307815551758,319.0
bg_16344,0.4360053837299347,0.0214766580611467,0.2287981212139129,503.0
bg_16348,0.8065346479415894,0.2080104798078537,0.5096073150634766,530.0
bg_16353,0.7800368070602417,0.2329858839511871,0.5045602917671204,593.0
bg_16359,0.8379591107368469,0.236534297466278,0.5603335499763489,463.0
bg_16364,0.8688151836395264,0.3347734808921814,0.6419896483421326,195.0
bg_16384,0.7708439826965332,0.3023553788661957,0.5946980118751526,75.0
bg_16393,0.8576807975769043,0.2816717028617859,0.5920693874359131,246.0
bg_16394,0.8474106788635254,0.3062236607074737,0.6037841439247131,521.0
bg_16397,0.8458288311958313,0.3694989681243896,0.6705427169799805,267.0
bg_16408,0.75620436668396,0.2560904622077942,0.5405026078224182,524.0
bg_16410,0.8926934003829956,0.3497992157936096,0.6519094109535217,173.0
bg_16411,0.7988565564155579,0.2936530411243438,0.6079733967781067,81.0
bg_16416,0.8116750717163086,0.2452479600906372,0.5761404037475586,515.0
bg_16428,0.8372097015380859,0.3218734562397003,0.6194007992744446,481.0
bg_16432,0.8334960341453552,0.2894377112388611,0.5640850067138672,119.0
bg_16440,0.8524726033210754,0.3140881359577179,0.6269587874412537,117.0
bg_16444,0.7926874160766602,0.3458569645881653,0.6347013711929321,415.0
bg_16452,0.7849747538566589,0.2726294994354248,0.5895368456840515,162.0
bg_16460,0.7697253227233887,0.2607975602149963,0.5314347147941589,75.0
bg_16464,0.8345388174057007,0.2879228293895721,0.6076430678367615,117.0
bg_16475,0.8496840596199036,0.3303481638431549,0.6462700963020325,504.0
bg_16482,0.8539834022521973,0.3264082372188568,0.6395073533058167,125.0
bg_16493,0.8192046284675598,0.270013689994812,0.5932010412216187,92.0
bg_16504,0.7828083634376526,0.2165840864181518,0.5168587565422058,363.0
bg_16508,0.8694884777069092,0.3099728524684906,0.6271515488624573,130.0
bg_16509,0.8363858461380005,0.3109689354896545,0.6317370533943176,117.0
bg_16511,0.8220541477203369,0.2742359340190887,0.5848734378814697,117.0
bg_16513,0.8142968416213989,0.2608949542045593,0.5643078088760376,438.0
bg_16542,0.8232560753822327,0.2690909504890442,0.5717803239822388,200.0
bg_16547,0.8223828077316284,0.3194857537746429,0.6069753170013428,367.0
bg_16549,0.845552921295166,0.3407309949398041,0.646695613861084,435.0
bg_16553,0.8654026985168457,0.3170822858810425,0.6190533638000488,175.0
bg_16554,0.8217504024505615,0.2993203103542328,0.604292631149292,129.0
bg_16557,0.8028318881988525,0.2243049144744873,0.5471131801605225,534.0
bg_16563,0.6751880645751953,0.2098724395036697,0.4153062105178833,62.0
bg_16564,0.8689061403274536,0.3694020509719848,0.6773439645767212,271.0
bg_16565,0.8688154816627502,0.3112623989582062,0.6225777864456177,341.0
bg_16576,0.839893102645874,0.3349045515060425,0.6381407976150513,136.0
bg_16580,0.7358490824699402,0.2239995002746582,0.5151318311691284,137.0
bg_16581,0.4431886374950409,0.1343091130256652,0.320111483335495,240.0
bg_16585,0.8770627379417419,0.369181364774704,0.689132809638977,1024.0
bg_16590,0.8726482391357422,0.3153856694698334,0.6264805197715759,308.0
bg_16593,0.8185165524482727,0.2234959751367569,0.4915068447589874,147.0
bg_16596,0.865664541721344,0.3460074067115783,0.642517626285553,342.0
bg_16597,0.8732006549835205,0.3433504104614258,0.6537352800369263,518.0
bg_16607,0.8144705295562744,0.2487888634204864,0.5490056872367859,503.0
bg_16610,0.7349152565002441,0.1390537321567535,0.4560931622982025,148.0
bg_16612,0.868897020816803,0.3457250595092773,0.6426103115081787,431.0
bg_16615,0.8697041273117065,0.372345358133316,0.6780719757080078,166.0
bg_16621,0.7826895713806152,0.2942977845668793,0.595016598701477,183.0
bg_16622,0.8138205409049988,0.2670998871326446,0.5637497901916504,114.0
bg_16626,0.8604751825332642,0.3626646697521209,0.6586151719093323,162.0
bg_16633,0.8018876314163208,0.2131362557411193,0.5215364694595337,528.0
bg_16636,0.8257262706756592,0.2271461337804794,0.5298148989677429,373.0
bg_16638,0.861522912979126,0.3145013153553009,0.6380430459976196,416.0
bg_16643,0.8816478252410889,0.3309668302536011,0.6306672096252441,243.0
bg_16662,0.8395741581916809,0.2827647626399994,0.6032393574714661,474.0
bg_16663,0.8722875118255615,0.3923546075820923,0.6934012770652771,474.0
bg_16664,0.7280057668685913,0.1999986618757248,0.5175594687461853,431.0
bg_16666,0.8234546780586243,0.2743051052093506,0.5687628984451294,230.0
bg_16670,0.8538382649421692,0.360569566488266,0.6742571592330933,326.0
bg_16680,0.8300647139549255,0.2637900412082672,0.5387634038925171,480.0
bg_16686,0.806366503238678,0.2939949631690979,0.6078285574913025,185.0
bg_16687,0.4844003617763519,0.0827055126428604,0.2952919006347656,260.0
bg_16698,0.8685773015022278,0.3260834515094757,0.659932017326355,154.0
bg_16703,0.8575395941734314,0.3177798390388489,0.6231434345245361,387.0
bg_16705,0.86042320728302,0.3320105373859405,0.6386864185333252,168.0
bg_16706,0.8462252616882324,0.3687331974506378,0.6577957272529602,367.0
bg_16709,0.8381512761116028,0.2556337714195251,0.5624018311500549,322.0
bg_16715,0.8519988656044006,0.2902370691299438,0.611320436000824,138.0
bg_16716,0.7952673435211182,0.2274660468101501,0.5490107536315918,383.0
bg_16727,0.8104124069213867,0.2163842022418975,0.5135460495948792,445.0
bg_16733,0.7040916681289673,0.2237790375947952,0.4857437014579773,142.0
bg_16737,0.6678940653800964,0.2812009751796722,0.5600778460502625,446.0
bg_16740,0.774886965751648,0.2112467885017395,0.5076631307601929,68.0
bg_16743,0.8176611661911011,0.2801616489887237,0.579584002494812,420.0
bg_16746,0.8303238749504089,0.2870007157325744,0.5877480506896973,501.0
bg_16748,0.8412107229232788,0.3292771577835083,0.6310828924179077,136.0
bg_16760,0.8878926038742065,0.4041265845298767,0.6973317265510559,309.0
bg_16762,0.8771495819091797,0.3740881085395813,0.6785405874252319,266.0
bg_16776,0.8427513837814331,0.3177476227283478,0.6226824522018433,114.0
bg_16777,0.8106170892715454,0.2980098128318786,0.5989981293678284,241.0
bg_16779,0.7957398891448975,0.2178557962179184,0.5297602415084839,579.0
bg_16781,0.7867767214775085,0.209127739071846,0.517229437828064,331.0
bg_16784,0.8462344408035278,0.319131851196289,0.627251386642456,143.0
bg_16787,0.845647394657135,0.2764917612075805,0.5963125824928284,410.0
bg_16792,0.8141800165176392,0.3330471813678741,0.6270179748535156,593.0
bg_16793,0.8619211316108704,0.3661072552204132,0.6696259379386902,316.0
bg_16797,0.8297308683395386,0.3256168365478515,0.6302919387817383,185.0
bg_16804,0.7363966107368469,0.1384205818176269,0.4481046795845032,363.0
bg_16808,0.8048128485679626,0.2819768786430359,0.5318969488143921,186.0
bg_16815,0.8457591533660889,0.2900851666927337,0.5952030420303345,507.0
bg_16816,0.8646373748779297,0.342697262763977,0.6678125858306885,184.0
bg_16825,0.8078942894935608,0.2982034683227539,0.5957754254341125,671.0
bg_16826,0.8775261640548706,0.3888679146766662,0.6970081329345703,336.0
bg_16837,0.8768801689147949,0.3290350139141083,0.6305863857269287,72.0
bg_16838,0.8661648035049438,0.2847111523151397,0.6108418703079224,163.0
bg_16853,0.8811486959457397,0.3837155699729919,0.6854652762413025,746.0
bg_16855,0.8340755701065063,0.3304111063480377,0.6187734007835388,452.0
bg_16857,0.8771781325340271,0.3215508162975311,0.6375574469566345,385.0
bg_16870,0.865044355392456,0.3686417043209076,0.6560922265052795,422.0
bg_16888,0.8337639570236206,0.2785883843898773,0.5724762678146362,81.0
bg_16891,0.8693000674247742,0.1775042116641998,0.5171040296554565,513.0
bg_16895,0.8497729897499084,0.2465800344944,0.5723391771316528,477.0
bg_16901,0.824700117111206,0.2638156116008758,0.5494099259376526,236.0
bg_16903,0.8729062080383301,0.4085030555725097,0.697318971157074,525.0
bg_16905,0.8729071617126465,0.3160127103328705,0.6351033449172974,476.0
bg_16910,0.8335856795310974,0.2586547434329986,0.5720221400260925,382.0
bg_16914,0.7024464011192322,0.2485829144716262,0.513700544834137,466.0
bg_16921,0.8769646286964417,0.3662596642971039,0.6733174920082092,273.0
bg_16922,0.875100314617157,0.3223615884780884,0.6393141746520996,140.0
bg_16926,0.8187395334243774,0.3094542920589447,0.6192558407783508,151.0
bg_16927,0.8291952013969421,0.3604547083377838,0.654863178730011,181.0
bg_16928,0.7862257957458496,0.1472262889146804,0.4726780354976654,284.0
bg_16937,0.8264303803443909,0.3107246458530426,0.5912662744522095,302.0
bg_16940,0.7680138349533081,0.2634716033935547,0.5761687755584717,520.0
bg_16945,0.8138667941093445,0.271854043006897,0.5796965956687927,848.0
bg_16947,0.8851249814033508,0.353811115026474,0.6624311208724976,346.0
bg_16948,0.8496948480606079,0.2483573853969574,0.5557823777198792,474.0
bg_16949,0.8342568278312683,0.3382751643657684,0.6305951476097107,487.0
bg_16952,0.8476904034614563,0.2940076887607574,0.5923119783401489,442.0
bg_16969,0.8380939364433289,0.2982457280158996,0.6086694598197937,205.0
bg_16970,0.8452140092849731,0.3352632522583008,0.6386784315109253,503.0
bg_16976,0.6080218553543091,0.12660913169384,0.3375081419944763,463.0
bg_16982,0.8686431646347046,0.3222317695617676,0.6152732968330383,115.0
bg_16983,0.8421801924705505,0.2117765694856643,0.5449981093406677,543.0
bg_16986,0.908312201499939,0.3971792757511139,0.6853684186935425,416.0
bg_16993,0.8301947116851807,0.2092354893684387,0.5224565863609314,386.0
bg_17003,0.8455511331558228,0.3055963218212127,0.5765321850776672,383.0
bg_17008,0.8302543759346008,0.2796104550361633,0.5722022652626038,177.0
bg_17010,0.7755106091499329,0.2678126096725464,0.5645442008972168,436.0
bg_17013,0.8009650707244873,0.2842847406864166,0.5797267556190491,441.0
bg_17020,0.7987164258956909,0.2865092754364013,0.599905788898468,498.0
bg_17036,0.8491952419281006,0.2626650631427765,0.5961704850196838,71.0
bg_17038,0.7749990224838257,0.3018157184123993,0.5802739262580872,364.0
bg_17040,0.7811674475669861,0.2354691326618194,0.5427126288414001,326.0
bg_17044,0.830421507358551,0.3296380937099457,0.6078829765319824,182.0
bg_17059,0.834255576133728,0.2197064906358719,0.5290518999099731,499.0
bg_17064,0.8341276049613953,0.2391154617071151,0.544921875,493.0
bg_17065,0.8569934368133545,0.3299968540668487,0.6343529224395752,91.0
bg_17068,0.8214036822319031,0.3275011479854584,0.6222286820411682,404.0
bg_17074,0.8705089688301086,0.3027959764003753,0.6152627468109131,502.0
bg_17078,0.8338878750801086,0.3121227324008941,0.6208866834640503,414.0
bg_17089,0.8453577756881714,0.2807490825653076,0.5841194987297058,95.0
bg_17104,0.8512486219406128,0.2517702579498291,0.5635638236999512,128.0
bg_17106,0.7872475981712341,0.2657440304756164,0.5373492240905762,406.0
bg_17108,0.826639711856842,0.3467535674571991,0.6574158668518066,131.0
bg_17109,0.8150456547737122,0.2735589742660522,0.5885137915611267,156.0
bg_17115,0.7645423412322998,0.221270278096199,0.4942739903926849,653.0
bg_17117,0.6831478476524353,0.3264510929584503,0.5737810730934143,405.0
bg_17123,0.8503226041793823,0.3298199474811554,0.6276606321334839,153.0
bg_17128,0.7589372396469116,0.2028366923332214,0.502726137638092,442.0
bg_17131,0.8643382787704468,0.3327497839927673,0.6375901103019714,137.0
bg_17134,0.8053986430168152,0.2745930552482605,0.5876288414001465,63.0
bg_17137,0.8380234837532043,0.2789480984210968,0.6052082180976868,116.0
bg_17138,0.8458138704299927,0.186096116900444,0.5337274670600891,409.0
bg_17141,0.7637374401092529,0.2481571733951568,0.5184781551361084,387.0
bg_17147,0.8536644577980042,0.3375117778778076,0.6381348967552185,176.0
bg_17160,0.8307798504829407,0.3030847907066345,0.6109606027603149,425.0
bg_17162,0.8615337014198303,0.3346635699272156,0.6429205536842346,279.0
bg_17169,0.8746816515922546,0.339952677488327,0.6348127126693726,128.0
bg_17170,0.8692212700843811,0.3953321576118469,0.6778887510299683,329.0
bg_17182,0.869520366191864,0.3662036657333374,0.6702751517295837,376.0
bg_17186,0.8265565633773804,0.3094731271266937,0.5998361706733704,367.0
bg_17197,0.8451999425888062,0.3327763378620147,0.6386195421218872,131.0
bg_17200,0.8846650123596191,0.3503254950046539,0.6623731255531311,293.0
bg_17205,0.8576533794403076,0.3402798473834991,0.6544182896614075,490.0
bg_17214,0.8420615792274475,0.2957719266414642,0.5952974557876587,471.0
bg_17226,0.8297735452651978,0.3153996765613556,0.6145539283752441,188.0
bg_17246,0.8619982004165649,0.3062331080436706,0.6116594672203064,392.0
bg_17252,0.79095858335495,0.3171882927417755,0.6037501692771912,418.0
bg_17259,0.7403557896614075,0.1787765920162201,0.421732634305954,126.0
bg_17261,0.3985186517238617,-0.0248365029692649,0.0826822146773338,182.0
bg_17263,0.8178514838218689,0.2727543115615845,0.5685328841209412,459.0
bg_17264,0.7518742084503174,0.2051497846841812,0.4937463998794555,468.0
bg_17270,0.8773341178894043,0.318043053150177,0.6266186237335205,216.0
bg_17273,0.8648537993431091,0.2718503475189209,0.5801529884338379,513.0
bg_17277,0.8100985288619995,0.2742913365364074,0.5701367855072021,89.0
bg_17280,0.819608747959137,0.2480767667293548,0.5460449457168579,439.0
bg_17284,0.8693080544471741,0.3654716610908508,0.6504442691802979,940.0
bg_17293,0.8394680619239807,0.2450508028268814,0.5719814896583557,412.0
bg_17311,0.8562870621681213,0.3525372743606567,0.654083251953125,192.0
bg_17315,0.8538915514945984,0.2804841995239258,0.5916420221328735,117.0
bg_17318,0.8443618416786194,0.3099969625473022,0.6164669990539551,196.0
bg_17322,0.8023535013198853,0.2944138348102569,0.5874243974685669,191.0
bg_17326,0.7669453024864197,0.1452468335628509,0.440174251794815,529.0
bg_17340,0.8787129521369934,0.3407403230667114,0.6059117913246155,376.0
bg_17343,0.8578699827194214,0.3378510475158691,0.6378019452095032,676.0
bg_17346,0.7987179756164551,0.269909918308258,0.5644210577011108,492.0
bg_17347,0.8647823333740234,0.3892087340354919,0.6575819253921509,351.0
bg_17349,0.8766457438468933,0.2685032784938812,0.5726960301399231,448.0
bg_17350,0.8808724284172058,0.3704120516777038,0.6661179661750793,168.0
bg_17353,0.8386198282241821,0.2747252583503723,0.5884579420089722,155.0
bg_17357,0.8649826645851135,0.3748171031475067,0.6657859086990356,306.0
bg_17379,0.7868135571479797,0.2197322994470596,0.5257459282875061,459.0
bg_17380,0.7520171403884888,0.2275065779685974,0.4675686359405517,202.0
bg_17387,0.836083710193634,0.1991714239120483,0.5252693295478821,130.0
bg_17388,0.8518415689468384,0.3445259928703308,0.6423069834709167,244.0
bg_17391,0.8299904465675354,0.2682941555976867,0.5918686389923096,359.0
bg_17392,0.8102900981903076,0.1753885596990585,0.506542444229126,245.0
bg_17399,0.6858590245246887,0.0452961884438991,0.266767144203186,63.0
bg_17401,0.7991869449615479,0.1318549364805221,0.4547869265079498,549.0
bg_17404,0.8185057044029236,0.2041832655668258,0.5128310322761536,310.0
bg_17410,0.841354489326477,0.2913987040519714,0.6153325438499451,124.0
bg_17412,0.7837281227111816,0.2883202731609344,0.564262866973877,171.0
bg_17416,0.1804076731204986,-0.0137907825410366,0.0996008738875389,487.0
bg_17421,0.8699033856391907,0.2011653929948806,0.5439667105674744,282.0
bg_17424,0.892673134803772,0.3562484979629516,0.6663568615913391,284.0
bg_17427,0.8808746337890625,0.3241721987724304,0.6541995406150818,190.0
bg_17430,0.7915368676185608,0.237412542104721,0.5571116805076599,845.0
bg_17435,0.7003549933433533,0.1380244046449661,0.4480668008327484,112.0
bg_17438,0.8964982628822327,0.3895749747753143,0.6853811740875244,744.0
bg_17449,0.745311439037323,0.1778035461902618,0.4820896685123443,486.0
bg_17458,0.8574548959732056,0.3146761655807495,0.6264771819114685,237.0
bg_17467,0.8411963582038879,0.301794022321701,0.6234899759292603,145.0
bg_17476,0.8456048965454102,0.3575566411018371,0.6662440896034241,490.0
bg_17478,0.8384974598884583,0.3290538787841797,0.6176088452339172,120.0
bg_17479,0.8614071607589722,0.2564282417297363,0.5724330544471741,556.0
bg_17500,0.7989659905433655,0.209047645330429,0.5351558327674866,178.0
bg_17507,0.6134273409843445,0.2020479887723922,0.4538047015666961,304.0
bg_17510,0.8482264876365662,0.2795484960079193,0.5686109066009521,418.0
bg_17513,0.8337940573692322,0.2867884635925293,0.5875768065452576,471.0
bg_17518,0.8101378083229065,0.2280714958906173,0.5525370240211487,102.0
bg_17524,0.84541916847229,0.2754110097885132,0.5879653692245483,158.0
bg_17526,0.8420360088348389,0.3231084048748016,0.6362923383712769,142.0
bg_17527,0.8373330235481262,0.3107909560203552,0.5959910154342651,139.0
bg_17528,0.8304134011268616,0.2567956149578094,0.5761128067970276,121.0
bg_17531,0.8395822644233704,0.3183073103427887,0.6306192278862,509.0
bg_17543,0.7873936295509338,0.2952020168304443,0.5992716550827026,354.0
bg_17548,0.8768079280853271,0.2987914085388183,0.6270623803138733,466.0
bg_17556,0.870881199836731,0.2877499461174011,0.597072422504425,417.0
bg_17559,0.8219047784805298,0.3259494602680206,0.6152815222740173,449.0
bg_17569,0.794808030128479,0.2756268680095672,0.5562261939048767,616.0
bg_17581,0.8576812744140625,0.3298343420028686,0.6353362202644348,291.0
bg_17594,0.8060892224311829,0.3000767827033996,0.5998886227607727,438.0
bg_17597,0.8374918699264526,0.2594040334224701,0.5958177447319031,203.0
bg_17598,0.8797330260276794,0.3340926766395569,0.6355152726173401,170.0
bg_17602,0.8576350212097168,0.3076360523700714,0.6197897791862488,427.0
bg_17609,0.8456667065620422,0.3337787985801697,0.646434485912323,184.0
bg_17612,0.8493426442146301,0.2135415375232696,0.5377125144004822,234.0
bg_17622,0.8419650793075562,0.2723656594753265,0.5956069827079773,218.0
bg_17631,0.8620420098304749,0.3205774426460266,0.6397026777267456,100.0
bg_17635,0.8318638801574707,0.2645726203918457,0.5644962191581726,83.0
bg_17644,0.8574481010437012,0.3309442698955536,0.6309390664100647,727.0
bg_17650,0.8614785075187683,0.3533967435359955,0.6583306193351746,896.0
bg_17653,0.8187940716743469,0.3031759858131408,0.5824615955352783,316.0
bg_17657,0.7914435863494873,0.2357400059700012,0.5415087342262268,508.0
bg_17666,0.8735825419425964,0.3703199326992035,0.6817596554756165,403.0
bg_17675,0.8754662275314331,0.3218820989131927,0.646831214427948,400.0
bg_17676,0.8694666028022766,0.3554020226001739,0.6486190557479858,132.0
bg_17685,0.8889265060424805,0.3341550827026367,0.6351092457771301,460.0
bg_17687,0.8352909684181213,0.2936996519565582,0.6071934103965759,210.0
bg_17693,0.8885858654975891,0.4205711781978607,0.7021403312683105,397.0
bg_17706,0.8810054063796997,0.3142525851726532,0.6264110803604126,418.0
bg_17712,0.7818710803985596,0.3342089354991913,0.6442161202430725,109.0
bg_17713,0.8614823222160339,0.3314142823219299,0.623367428779602,182.0
bg_17714,0.826142430305481,0.2451857477426529,0.5687121152877808,179.0
bg_17717,0.8398165106773376,0.232548713684082,0.5598879456520081,163.0
bg_17722,0.8731921315193176,0.3493354320526123,0.6668267250061035,860.0
bg_17729,0.838845431804657,0.2563611567020416,0.5590581297874451,164.0
bg_17738,0.8528009057044983,0.3173568248748779,0.6463809609413147,131.0
bg_17749,0.7952178716659546,0.3416348099708557,0.61885666847229,356.0
bg_17751,0.8433263897895813,0.3124730288982391,0.6315038800239563,218.0
bg_17753,0.777777373790741,0.2586908042430877,0.5641045570373535,120.0
bg_17757,0.8263059258460999,0.2527250051498413,0.5761755108833313,527.0
bg_17758,0.8215961456298828,0.3180073797702789,0.6209242939949036,266.0
bg_17764,0.8457109928131104,0.2783708274364471,0.6077728867530823,520.0
bg_17782,0.8606926798820496,0.3057694137096405,0.6122635006904602,72.0
bg_17784,0.8646052479743958,0.3226853013038635,0.6255717277526855,140.0
bg_17786,0.8505373597145081,0.3444725573062897,0.6266059279441833,338.0
bg_17790,0.8538148999214172,0.3508971929550171,0.632537841796875,149.0
bg_17792,0.7613247036933899,0.1854891330003738,0.4864662587642669,590.0
bg_17796,0.7434703707695007,0.266738086938858,0.5329004526138306,137.0
bg_17803,0.8658906817436218,0.3445053696632385,0.630736231803894,155.0
bg_17807,0.8335262537002563,0.2262468189001083,0.5448131561279297,247.0
bg_17811,0.8653729557991028,0.2267130464315414,0.5136247873306274,482.0
bg_17813,0.831836462020874,0.3105068206787109,0.619198203086853,634.0
bg_17817,0.8066765069961548,0.2947074770927429,0.6141366362571716,144.0
bg_17818,0.7853806018829346,0.1568201333284378,0.4479980170726776,248.0
bg_17819,0.8578178882598877,0.2902749180793762,0.623731791973114,251.0
bg_17821,0.834204375743866,0.2851963341236114,0.6108093857765198,136.0
bg_17825,0.8020261526107788,0.2566784620285034,0.5415471792221069,134.0
bg_17833,0.8018087148666382,0.2519006133079529,0.541619062423706,195.0
bg_17834,0.7872361540794373,0.1604187488555908,0.4514348208904266,322.0
bg_17835,0.8104093074798584,0.2681756913661957,0.5797827243804932,524.0
bg_17840,0.8006320595741272,0.3225119411945343,0.6035391092300415,380.0
bg_17849,0.8001061081886292,0.2700486183166504,0.5921502709388733,224.0
bg_17853,0.8013244867324829,0.2739357352256775,0.588557779788971,75.0
bg_17855,0.7950135469436646,0.285942941904068,0.5568788051605225,467.0
bg_17857,0.8154324889183044,0.3331887722015381,0.622641921043396,143.0
bg_17861,0.7716051340103149,0.2314864695072174,0.5335878729820251,361.0
bg_17864,0.8417117595672607,0.2962140142917633,0.6204845309257507,153.0
bg_17866,0.8812679052352905,0.3841502368450165,0.693394124507904,186.0
bg_17867,0.8526197671890259,0.3155139982700348,0.6225699782371521,399.0
bg_17870,0.8377497792243958,0.2741785645484924,0.5960219502449036,174.0
bg_17878,0.8280029296875,0.3229545950889587,0.6269221901893616,436.0
bg_17881,0.8253007531166077,0.2919373512268066,0.6000140309333801,121.0
bg_17898,0.8421809077262878,0.3171040415763855,0.6214743256568909,124.0
bg_17901,0.8281917572021484,0.2835482060909271,0.6050535440444946,123.0
bg_17902,0.8728879690170288,0.3533568978309631,0.6542776226997375,768.0
bg_17906,0.8249244689941406,0.3185328245162964,0.6209328174591064,578.0
bg_17907,0.8621357083320618,0.3431039154529571,0.650724470615387,138.0
bg_17914,0.8361315727233887,0.2777720689773559,0.6028197407722473,208.0
bg_17918,0.8349172472953796,0.3112400770187378,0.6346294283866882,110.0
bg_17924,0.88070148229599,0.3183905184268951,0.6461371779441833,558.0
bg_17925,0.8015533089637756,0.2444129586219787,0.5587040185928345,468.0
bg_17929,0.7789801955223083,0.3041825592517853,0.5814827680587769,180.0
bg_17934,0.8380278944969177,0.3046345114707947,0.6082565188407898,468.0
bg_17937,0.7392372488975525,0.1759977638721466,0.4552990198135376,94.0
bg_17938,0.8008598685264587,0.3046317398548126,0.5767749547958374,186.0
bg_17955,0.8692125082015991,0.3992116153240204,0.697158932685852,331.0
bg_17959,0.8473452925682068,0.3832947611808777,0.6678053736686707,142.0
bg_17960,0.8496289849281311,0.2115238606929779,0.5411083102226257,307.0
bg_17961,0.8966705799102783,0.3469633162021637,0.6619840264320374,506.0
bg_17966,0.8539819717407227,0.3091214597225189,0.6088322401046753,78.0
bg_17971,0.8476357460021973,0.3384700119495392,0.6484353542327881,53.0
bg_17974,0.841704785823822,0.2875615060329437,0.5914868712425232,336.0
bg_17976,0.8252593278884888,0.2839464843273163,0.5765301585197449,81.0
bg_17979,0.8537064790725708,0.2600269615650177,0.5878942012786865,362.0
bg_17986,0.8809544444084167,0.408157616853714,0.7032021284103394,412.0
bg_17993,0.84212327003479,0.2988371253013611,0.5986597537994385,239.0
bg_17996,0.8384292721748352,0.3619135916233063,0.6467491388320923,163.0
bg_17997,0.8340508341789246,0.2821974754333496,0.6032487750053406,457.0
bg_17998,0.8540784120559692,0.2958028316497803,0.6214057207107544,336.0
bg_18000,0.8216269016265869,0.3388097584247589,0.6354604959487915,183.0
bg_18009,0.8708131909370422,0.36725914478302,0.6776472926139832,296.0
bg_18010,0.8333917260169983,0.3144514858722687,0.6173679232597351,434.0
bg_18024,0.8737263083457947,0.2901229858398437,0.5984353423118591,186.0
bg_18028,0.8578113317489624,0.3332656919956207,0.63028484582901,162.0
bg_18029,0.6854349970817566,0.1544201821088791,0.4197934865951538,316.0
bg_18031,0.8635867238044739,0.3490142226219177,0.6544721126556396,319.0
bg_18035,0.8578864336013794,0.353729784488678,0.6364656686782837,455.0
bg_18055,0.8655722737312317,0.3534709811210632,0.6622897386550903,1062.0
bg_18056,0.8732416033744812,0.3728563785552978,0.6733595728874207,470.0
bg_18060,0.7401067614555359,0.2021134048700332,0.5219618678092957,212.0
bg_18061,0.8071751594543457,0.3263287842273712,0.6146109104156494,335.0
bg_18062,0.8533908128738403,0.3291424214839935,0.6500810980796814,137.0
bg_18065,0.8244906663894653,0.3112151622772217,0.611331582069397,197.0
bg_18076,0.8467428088188171,0.2912347614765167,0.6119292378425598,194.0
bg_18082,0.8561343550682068,0.3302189707756042,0.6384841203689575,99.0
bg_18087,0.8459135890007019,0.3603744506835937,0.6503977179527283,287.0
bg_18092,0.8263123631477356,0.3153773844242096,0.6196882128715515,111.0
bg_18093,0.8144218325614929,0.3697884976863861,0.6446497440338135,464.0
bg_18094,0.864862859249115,0.3619439899921417,0.6776906847953796,449.0
bg_18096,0.8846204280853271,0.3690436482429504,0.681674063205719,424.0
bg_18098,0.8374248743057251,0.3311176896095276,0.6150389313697815,179.0
bg_18104,0.8299916982650757,0.2843890190124511,0.5841282606124878,534.0
bg_18107,0.8334723711013794,0.3417187035083771,0.6231805086135864,328.0
bg_18111,0.8490287661552429,0.293849766254425,0.6001852750778198,319.0
bg_18113,0.8841801881790161,0.3748736679553985,0.68210768699646,264.0
bg_18118,0.6097811460494995,0.1596394926309585,0.3994495868682861,106.0
bg_18119,0.8295652866363525,0.2802257537841797,0.5995439291000366,99.0
bg_18126,0.8407825827598572,0.2800351083278656,0.5766044855117798,179.0
bg_18130,0.8694266676902771,0.2709552347660064,0.6040139198303223,211.0
bg_18134,0.8728549480438232,0.3572496175765991,0.6668672561645508,193.0
bg_18137,0.8689643144607544,0.2727228105068207,0.5955914855003357,542.0
bg_18138,0.8615857362747192,0.3483247756958008,0.6459504961967468,290.0
bg_18143,0.8892116546630859,0.3810664117336273,0.6758467555046082,132.0
bg_18146,0.8777456283569336,0.3525640070438385,0.6518607139587402,152.0
bg_18147,0.8573175072669983,0.326553076505661,0.6388092041015625,153.0
bg_18148,0.8117105960845947,0.2827053964138031,0.6022138595581055,128.0
bg_18153,0.7253032922744751,0.2164649218320846,0.451496958732605,419.0
bg_18157,0.6681091785430908,0.1303953528404235,0.3760802447795868,468.0
bg_18161,0.8376439809799194,0.295741319656372,0.6149871945381165,454.0
bg_18163,0.7915441989898682,0.1963350027799606,0.4868471324443817,263.0
bg_18166,0.8418448567390442,0.3069705069065094,0.6232697367668152,126.0
bg_18169,0.8022869825363159,0.2181146293878555,0.5176737308502197,490.0
bg_18171,0.8503490090370178,0.2561748325824737,0.591637909412384,282.0
bg_18172,0.8265912532806396,0.262782335281372,0.5800458788871765,435.0
bg_18176,0.8045247197151184,0.2556176781654358,0.5587858557701111,48.0
bg_18181,0.8454503417015076,0.3212232291698456,0.624663770198822,330.0
bg_18182,0.8806807398796082,0.354215532541275,0.6435557007789612,174.0
bg_18185,0.8788673281669617,0.3173275887966156,0.6471366882324219,288.0
bg_18186,0.8262125253677368,0.2957524061203003,0.6116900444030762,460.0
bg_18188,0.7969483733177185,0.2523291409015655,0.5525570511817932,158.0
bg_18190,0.8533895015716553,0.3383494615554809,0.6585007905960083,269.0
bg_18191,0.7278474569320679,0.2870906889438629,0.5729347467422485,468.0
bg_18195,0.6222034096717834,0.0836525559425354,0.3688845634460449,203.0
bg_18198,0.8459590673446655,0.3725379705429077,0.6543041467666626,528.0
bg_18200,0.8426547050476074,0.339958131313324,0.6347183585166931,113.0
bg_18206,0.8849444389343262,0.3624806106090545,0.6768425703048706,501.0
bg_18207,0.842251181602478,0.2863951623439789,0.6188996434211731,132.0
bg_18214,0.8326445817947388,0.2752501964569092,0.5841301679611206,496.0
bg_18218,0.845964252948761,0.3073733747005462,0.6038013100624084,515.0
bg_18219,0.8576735854148865,0.3658457100391388,0.6696234345436096,230.0
bg_18225,0.797999382019043,0.2374986112117767,0.5691599249839783,129.0
bg_18240,0.8338349461555481,0.2815821170806885,0.6004858613014221,117.0
bg_18242,0.8620353937149048,0.3664042353630066,0.6699637174606323,182.0
bg_18245,0.8515410423278809,0.3009838461875915,0.6106591820716858,136.0
bg_18247,0.8255863785743713,0.2674261927604675,0.5486958622932434,430.0
bg_18248,0.8499411940574646,0.3815579414367676,0.6777728796005249,268.0
bg_18256,0.8499588966369629,0.2723376750946045,0.58827805519104,179.0
bg_18257,0.849077582359314,0.3260152339935303,0.6540038585662842,160.0
bg_18266,0.8414261937141418,0.3533748090267181,0.6473357677459717,279.0
bg_18267,0.7771780490875244,0.1944726258516311,0.4865362644195556,312.0
bg_18268,0.7426714301109314,0.2120266258716583,0.5138829946517944,176.0
bg_18269,0.8103392124176025,0.3801644146442413,0.6617761850357056,479.0
bg_18271,0.8374369740486145,0.3118582665920257,0.6108899116516113,185.0
bg_18280,0.6468583941459656,0.1929941475391388,0.4442464709281921,465.0
bg_18302,0.8144159317016602,0.2988989651203155,0.5957913994789124,159.0
bg_18306,0.8575533628463745,0.3564614355564117,0.6691994071006775,133.0
bg_18311,0.8598029017448425,0.3689884841442108,0.6651036143302917,228.0
bg_18323,0.8500487804412842,0.3422606289386749,0.6496115326881409,334.0
bg_18327,0.7949445247650146,0.2206816226243972,0.5137008428573608,185.0
bg_18331,0.8456882238388062,0.2531973719596863,0.5596100687980652,457.0
bg_18340,0.8493611812591553,0.3765780925750732,0.6779839992523193,237.0
bg_18361,0.8472235798835754,0.3205747902393341,0.6228148341178894,430.0
bg_18366,0.7641683220863342,0.2023123651742935,0.4823085069656372,167.0
bg_18367,0.8612909317016602,0.3531640172004699,0.6513038277626038,141.0
bg_18376,0.8279708623886108,0.2101047188043594,0.5414717197418213,430.0
bg_18377,0.8695214986801147,0.377166599035263,0.6807990670204163,323.0
bg_18384,0.8966225981712341,0.3647633194923401,0.6582369804382324,549.0
bg_18386,0.8379879593849182,0.2963037490844726,0.6110845804214478,453.0
bg_18387,0.1777985990047454,-0.0376206934452056,0.1234603598713874,420.0
bg_18390,0.8454489707946777,0.3222940564155578,0.6187838315963745,331.0
bg_18396,0.829852283000946,0.3041512966156006,0.5747449398040771,402.0
bg_18403,0.8334921598434448,0.2940345406532287,0.6190290451049805,300.0
bg_18404,0.8573359847068787,0.3543898165225982,0.6587814688682556,384.0
bg_18405,0.8141340017318726,0.2726138532161712,0.5770787596702576,217.0
bg_18407,0.8482285737991333,0.3134274780750274,0.6043463349342346,445.0
bg_18411,0.8701822757720947,0.3171852231025696,0.6342113614082336,92.0
bg_18415,0.8567938804626465,0.3544321954250335,0.6583714485168457,291.0
bg_18423,0.7870399355888367,0.2618501782417297,0.5492593050003052,448.0
bg_18424,0.8259527683258057,0.2080368846654892,0.5099917054176331,204.0
bg_18431,0.8770831227302551,0.3410011529922485,0.6308693289756775,371.0
bg_18440,0.8184151649475098,0.3015772104263305,0.6075243949890137,302.0
bg_18445,0.8320056796073914,0.294961154460907,0.5761942863464355,506.0
bg_18449,0.7805522680282593,0.2746025323867798,0.5653467178344727,554.0
bg_18451,0.8614470362663269,0.3298322558403015,0.6428467035293579,425.0
bg_18452,0.8688562512397766,0.3609380722045898,0.6524988412857056,450.0
bg_18453,0.8500366806983948,0.307648241519928,0.6192154884338379,201.0
bg_18458,0.498708039522171,0.1073461174964904,0.3031612634658813,455.0
bg_18459,0.8533840179443359,0.3421279489994049,0.6382460594177246,402.0
bg_18463,0.8561206459999084,0.3638777136802673,0.6742441058158875,142.0
bg_18471,0.8418588042259216,0.3110511600971222,0.6270706057548523,175.0
bg_18473,0.0840096101164817,-0.0486463718116283,0.0656792223453521,265.0
bg_18474,0.8307750225067139,0.3465828001499176,0.6584444046020508,179.0
bg_18484,0.8329207301139832,0.2939468920230865,0.5916598439216614,191.0
bg_18485,0.8142903447151184,0.2732819318771362,0.5818765759468079,432.0
bg_18487,0.802879273891449,0.1992358416318893,0.502163290977478,318.0
bg_18489,0.864885151386261,0.3788132965564728,0.6803696751594543,174.0
bg_18490,0.7625067830085754,0.2684857249259949,0.5681108236312866,363.0
bg_18493,0.8226351141929626,0.3033402562141418,0.6001671552658081,141.0
bg_18500,0.7937145829200745,0.322143405675888,0.5842698216438293,393.0
bg_18503,0.8477854132652283,0.291642427444458,0.62223881483078,129.0
bg_18512,0.721577525138855,0.0958443731069564,0.3583712577819824,550.0
bg_18518,0.7436941266059875,0.2272495031356811,0.5252569913864136,479.0
bg_18519,0.8617357015609741,0.3331446051597595,0.6347469091415405,482.0
bg_18522,0.7750057578086853,0.3148644864559173,0.5763899683952332,967.0
bg_18528,0.8298219442367554,0.3107241094112396,0.6235925555229187,69.0
bg_18534,0.8380571007728577,0.3485743403434753,0.6348559856414795,489.0
bg_18535,0.8517173528671265,0.3656801581382751,0.6586127281188965,356.0
bg_18536,0.762964129447937,0.2452445179224014,0.5576881170272827,410.0
bg_18537,0.8152019381523132,0.2999169826507568,0.5757039785385132,381.0
bg_18545,0.8460536599159241,0.3181475400924682,0.6225455403327942,200.0
bg_18547,0.7750041484832764,0.243102878332138,0.5365263819694519,431.0
bg_18548,0.8616594076156616,0.2946954667568207,0.6076966524124146,772.0
bg_18550,0.8148043751716614,0.2509464919567108,0.5585706830024719,114.0
bg_18574,0.8967877626419067,0.4079793691635132,0.7044858336448669,226.0
bg_18582,0.8453165292739868,0.3290546536445617,0.6542340517044067,159.0
bg_18586,0.842553436756134,0.2394208014011383,0.5649600625038147,95.0
bg_18597,0.8494621515274048,0.2714753746986389,0.5879582762718201,473.0
bg_18602,0.8419552445411682,0.1785930097103119,0.5037392973899841,432.0
bg_18604,0.8389971852302551,0.3299812376499176,0.6377867460250854,183.0
bg_18606,0.8651209473609924,0.3560909330844879,0.6588590145111084,174.0
bg_18608,0.8575533628463745,0.3266267478466034,0.6255658268928528,163.0
bg_18626,0.8682581186294556,0.3036169409751892,0.6152794361114502,202.0
bg_18629,0.572344958782196,0.1607601344585418,0.4119542837142944,157.0
bg_18631,0.85856032371521,0.3428255021572113,0.642084538936615,300.0
bg_18636,0.7911348938941956,0.2005922794342041,0.5021152496337891,502.0
bg_18645,0.7985650897026062,0.0641467496752739,0.41303351521492,447.0
bg_18655,0.8712302446365356,0.4046033322811126,0.6972213387489319,272.0
bg_18657,0.7989531755447388,0.2463261783123016,0.5458881855010986,408.0
bg_18669,0.8496026992797852,0.311516135931015,0.6345452070236206,964.0
bg_18672,0.8492165207862854,0.3691989481449127,0.6468871831893921,364.0
bg_18676,0.8654823899269104,0.3571221828460693,0.6663151383399963,311.0
bg_18684,0.8455102443695068,0.3000425100326538,0.6150736808776855,477.0
bg_18685,0.8029751181602478,0.241106316447258,0.532487154006958,115.0
bg_18697,0.8459976315498352,0.2944136261940002,0.6034641265869141,284.0
bg_18698,0.8537766933441162,0.3487284183502197,0.6549462080001831,189.0
bg_18700,0.8377737402915955,0.3496890664100647,0.634609043598175,440.0
bg_18703,0.8169829845428467,0.3090801835060119,0.6226039528846741,98.0
bg_18706,0.8216139674186707,0.3627502918243408,0.6460076570510864,151.0
bg_18711,0.8158633708953857,0.2110782414674759,0.5224225521087646,125.0
bg_18714,0.8695980310440063,0.2948817610740661,0.6195439696311951,529.0
bg_18721,0.8263342380523682,0.2908529043197632,0.6116971373558044,491.0
bg_18733,0.8526092767715454,0.3499860465526581,0.6549804210662842,170.0
bg_18734,0.845596194267273,0.3075010180473327,0.6232442259788513,191.0
bg_18741,0.8735305666923523,0.364041119813919,0.6613209843635559,145.0
bg_18742,0.7489525079727173,0.2298016101121902,0.5217015147209167,154.0
bg_18751,0.8637012839317322,0.3664211332798004,0.6747836470603943,122.0
bg_18752,0.8750995397567749,0.3877603113651275,0.6777871251106262,492.0
bg_18757,0.8730691075325012,0.150827407836914,0.4746158719062805,346.0
bg_18764,0.8638606071472168,0.3731142878532409,0.6779686212539673,427.0
bg_18771,0.7427598237991333,0.2159113585948944,0.5039599537849426,63.0
bg_18773,0.7271751761436462,0.1920591443777084,0.4297923147678375,290.0
bg_18775,0.8543800115585327,0.3327019512653351,0.635292649269104,183.0
bg_18778,0.7328566908836365,0.1381474137306213,0.4394506812095642,365.0
bg_18784,0.8512229323387146,0.4384707808494568,0.7053273320198059,444.0
bg_18785,0.853130042552948,0.3439828753471374,0.6368445754051208,160.0
bg_18788,0.8813430666923523,0.4003038704395294,0.697303295135498,414.0
bg_18794,0.8538248538970947,0.3623656332492828,0.6635913848876953,185.0
bg_18802,0.8237559199333191,0.3461326956748962,0.6231046915054321,461.0
bg_18819,0.850254237651825,0.3256897330284118,0.6345936059951782,158.0
bg_18824,0.865786075592041,0.2761004269123077,0.5999912023544312,395.0
bg_18830,0.8341773152351379,0.1848969608545303,0.5133815407752991,490.0
bg_18842,0.7716971635818481,0.2831720411777496,0.5653200149536133,631.0
bg_18846,0.8401302099227905,0.2866618037223816,0.5923120975494385,508.0
bg_18853,0.8695161938667297,0.282320886850357,0.615557849407196,460.0
bg_18855,0.8266468048095703,0.2881001830101013,0.5948910713195801,116.0
bg_18860,0.8493179678916931,0.3151687085628509,0.6077461242675781,375.0
bg_18862,0.8530605435371399,0.307751715183258,0.6386076807975769,161.0
bg_18875,0.7787801623344421,0.2312184274196624,0.5206753611564636,477.0
bg_18880,0.8264574408531189,0.305750697851181,0.615188717842102,137.0
bg_18882,0.8885508179664612,0.419425219297409,0.6970967650413513,340.0
bg_18891,0.5916038155555725,0.1153417155146598,0.333931416273117,451.0
bg_18892,0.8496060967445374,0.2630397081375122,0.5684087872505188,840.0
bg_18896,0.803154706954956,0.28443044424057,0.5519136786460876,89.0
bg_18902,0.7874070405960083,0.259344607591629,0.5802741050720215,168.0
bg_18917,0.8810613751411438,0.3609501719474792,0.6436654329299927,183.0
bg_18920,0.887220025062561,0.3370106816291809,0.6634876132011414,260.0
bg_18921,0.5199553966522217,0.1279131323099136,0.3335389196872711,106.0
bg_18927,0.7934272289276123,0.3072942793369293,0.5917935967445374,219.0
bg_18929,0.8341524004936218,0.3562892079353332,0.6424816250801086,361.0
bg_18932,0.80511075258255,0.2294657081365585,0.5348023772239685,62.0
bg_18935,0.8460662364959717,0.2765732407569885,0.5727579593658447,69.0
bg_18937,0.8580952286720276,0.3611021041870117,0.6615708470344543,367.0
bg_18938,0.861516535282135,0.2772397994995117,0.5976662635803223,190.0
bg_18958,0.8497132062911987,0.3058741688728332,0.5877740979194641,439.0
bg_18959,0.8575053215026855,0.2688568830490112,0.6134045124053955,348.0
bg_18962,0.8491182327270508,0.3180385828018188,0.6289090514183044,166.0
bg_18982,0.8186624646186829,0.267166405916214,0.5409136414527893,561.0
bg_18985,0.7521615028381348,0.2329740077257156,0.5225645899772644,130.0
bg_19003,0.8472321629524231,0.2999214231967926,0.5963307023048401,108.0
bg_19006,0.8532279133796692,0.3141722977161407,0.6227070093154907,324.0
bg_19014,0.7473176121711731,0.2610543072223663,0.567476212978363,342.0
bg_19019,0.8031876683235168,0.2763141095638275,0.5991611480712891,172.0
bg_19022,0.7980751991271973,0.3103349804878235,0.6180643439292908,117.0
bg_19024,0.876685380935669,0.3618618249893188,0.6579087376594543,343.0
bg_19025,0.8137844204902649,0.2739997804164886,0.5763648152351379,221.0
bg_19037,0.8183894753456116,0.2645319998264313,0.5836612582206726,551.0
bg_19043,0.8473877906799316,0.3234811723232269,0.6228534579277039,162.0
bg_19046,0.8450455069541931,0.2443591207265854,0.5685789585113525,424.0
bg_19054,0.816935658454895,0.1892207413911819,0.4941426217556,328.0
bg_19073,0.8687241077423096,0.3455533683300018,0.6542420983314514,442.0
bg_19081,0.7783931493759155,0.2601117491722107,0.5302416682243347,236.0
bg_19083,0.8213855624198914,0.3583025932312011,0.6594693064689636,146.0
bg_19085,0.8298153281211853,0.223627969622612,0.5186404585838318,471.0
bg_19089,0.7523280382156372,0.2640407979488373,0.5372409820556641,375.0
bg_19096,0.736897349357605,0.1581301242113113,0.4280340075492859,455.0
bg_19102,0.811508297920227,0.2862873673439026,0.5910019278526306,126.0
bg_19109,0.8534749746322632,0.3388950228691101,0.6506571769714355,441.0
bg_19110,0.8176568150520325,0.2290458381175995,0.5519729852676392,201.0
bg_19113,0.8533782958984375,0.3029221594333648,0.5989428758621216,508.0
bg_19114,0.8448989391326904,0.2922673523426056,0.5785907506942749,181.0
bg_19120,0.8731530904769897,0.3779676854610443,0.6691675186157227,174.0
bg_19126,0.8165920972824097,0.2570277452468872,0.5703988075256348,148.0
bg_19132,0.8217522501945496,0.3073594868183136,0.6309581398963928,236.0
bg_19141,0.8069306015968323,0.2157407253980636,0.517676055431366,423.0
bg_19145,0.7980676889419556,0.2704173326492309,0.575994610786438,415.0
bg_19149,0.6036455035209656,0.0721984058618545,0.3178325295448303,537.0
bg_19151,0.85752934217453,0.2793221175670624,0.595838725566864,530.0
bg_19156,0.1318607777357101,-0.0428150966763496,0.1266708225011825,238.0
bg_19162,0.850046694278717,0.267331600189209,0.5877953171730042,504.0
bg_19165,0.8313252925872803,0.3387971520423889,0.6390049457550049,117.0
bg_19169,0.8265056610107422,0.350057452917099,0.6582580208778381,288.0
bg_19181,0.7593565583229065,0.235251322388649,0.5482667684555054,133.0
bg_19191,0.868617832660675,0.4151121377944946,0.6976683735847473,240.0
bg_19196,0.8638478517532349,0.3460043668746948,0.6660445928573608,151.0
bg_19197,0.8351100087165833,0.3060136437416076,0.562652587890625,188.0
bg_19199,0.8533753752708435,0.3340315520763397,0.6462435126304626,427.0
bg_19200,0.8804511427879333,0.4127596318721771,0.6968086957931519,163.0
bg_19204,0.861416757106781,0.3019706308841705,0.6135953068733215,137.0
bg_19207,0.8573495745658875,0.327129989862442,0.6505789756774902,488.0
bg_19208,0.8843780159950256,0.3485755026340484,0.6551668047904968,178.0
bg_19209,0.7864381074905396,0.2550455033779144,0.5677679181098938,97.0
bg_19210,0.8652541637420654,0.3378584384918213,0.6464400291442871,505.0
bg_19211,0.8654109835624695,0.3094858527183532,0.6191075444221497,334.0
bg_19218,0.8751324415206909,0.3509994745254516,0.6540220379829407,152.0
bg_19220,0.8304795026779175,0.2860287129878998,0.591532826423645,261.0
bg_19223,0.8490852117538452,0.3078510463237762,0.6233294010162354,244.0
bg_19231,0.861392617225647,0.3180952370166778,0.6273675560951233,125.0
bg_19235,0.7950936555862427,0.2245727777481079,0.5292869210243225,725.0
bg_19236,0.8145861029624939,0.3329153656959533,0.595909059047699,153.0
bg_19238,0.8263397812843323,0.2879594564437866,0.5797837972640991,757.0
bg_19239,0.8451815843582153,0.2998486757278442,0.6209378242492676,135.0
bg_19245,0.7398331165313721,0.1818489283323288,0.4777241349220276,126.0
bg_19248,0.8578834533691406,0.3453696668148041,0.6499653458595276,414.0
bg_19260,0.8617352247238159,0.3726685047149658,0.6822399497032166,213.0
bg_19263,0.8294469714164734,0.2714844644069671,0.5949079394340515,178.0
bg_19264,0.8082851767539978,0.2210742235183715,0.5461378693580627,304.0
bg_19268,0.7656276822090149,0.1848015040159225,0.5013746023178101,72.0
bg_19270,0.8807877898216248,0.3570610582828522,0.6776185035705566,547.0
bg_19274,0.8179653882980347,0.2631211280822754,0.5955084562301636,372.0
bg_19292,0.872930645942688,0.3727604746818542,0.67023766040802,428.0
bg_19293,0.8766924142837524,0.3509297668933868,0.6618853211402893,527.0
bg_19303,0.8538124561309814,0.3405593335628509,0.6541457176208496,195.0
bg_19310,0.7904099822044373,0.2676856219768524,0.5804941058158875,427.0
bg_19312,0.7040455937385559,0.1416794955730438,0.4042871296405792,571.0
bg_19317,0.861561119556427,0.3054055869579315,0.6268919706344604,133.0
bg_19321,0.8708896636962891,0.2948939204216003,0.6153186559677124,425.0
bg_19331,0.8656978011131287,0.3185688555240631,0.6310681104660034,435.0
bg_19333,0.645868182182312,0.1820832937955856,0.3909794986248016,404.0
bg_19339,0.8183274865150452,0.2989814281463623,0.5954129099845886,692.0
bg_19359,0.8415437936782837,0.3523660600185394,0.6621478796005249,615.0
bg_19370,0.8259978890419006,0.255916029214859,0.5564953684806824,277.0
bg_19391,0.8437027931213379,0.2715764939785003,0.5873850584030151,482.0
bg_19403,0.8927576541900635,0.4112612307071686,0.7126291394233704,538.0
bg_19407,0.8290274143218994,0.2778644263744354,0.5901620984077454,104.0
bg_19419,0.8419916033744812,0.2560029327869415,0.5761715173721313,131.0
bg_19431,0.8696509003639221,0.3168444037437439,0.6217966079711914,69.0
bg_19434,0.857073187828064,0.3347684442996979,0.6347298622131348,150.0
bg_19444,0.8179750442504883,0.2990812361240387,0.6041571497917175,354.0
bg_19447,0.8253579139709473,0.300514280796051,0.6051015257835388,128.0
bg_19457,0.8649969696998596,0.3452535271644592,0.6548928618431091,472.0
bg_19471,0.8064878582954407,0.2276865988969802,0.5643513798713684,237.0
bg_19480,0.8591831922531128,0.3377933204174042,0.6460071206092834,266.0
bg_19482,0.8735731840133667,0.2189198136329651,0.5643238425254822,400.0
bg_19483,0.8303821086883545,0.3328890204429626,0.6189125776290894,491.0
bg_19484,0.8162572383880615,0.2647152543067932,0.576149046421051,364.0
bg_19485,0.8653212189674377,0.1832495331764221,0.5023386478424072,524.0
bg_19486,0.7753583788871765,0.3156749606132507,0.5997053980827332,139.0
bg_19492,0.8378725051879883,0.3179942667484283,0.6387208700180054,866.0
bg_19500,0.8692532181739807,0.2592667639255523,0.5760332345962524,138.0
bg_19502,0.8381405472755432,0.3417837619781494,0.6350364089012146,256.0
bg_19522,0.724054217338562,0.2290656119585037,0.4793949127197265,379.0
bg_19533,0.8494805097579956,0.3221881687641144,0.6229337453842163,406.0
bg_19536,0.8571023941040039,0.3365432322025299,0.6626169085502625,153.0
bg_19551,0.8566074967384338,0.2983980476856231,0.6099182367324829,144.0
bg_19554,0.8417468667030334,0.3174293637275696,0.6273143887519836,185.0
bg_19567,0.8575944304466248,0.3157894015312195,0.6307164430618286,161.0
bg_19570,0.829720675945282,0.2642751038074493,0.5735211968421936,223.0
bg_19572,0.8533971309661865,0.3354000449180603,0.6193131804466248,185.0
bg_19573,0.7403872609138489,0.1971060335636139,0.5019736886024475,485.0
bg_19576,0.7367321252822876,0.244388148188591,0.5213924050331116,439.0
bg_19580,0.7480302453041077,0.1498839706182479,0.4355799257755279,431.0
bg_19592,0.810374915599823,0.3604034781455993,0.6621666550636292,185.0
bg_19593,0.8492540717124939,0.252065509557724,0.5724731683731079,443.0
bg_19600,0.8830198645591736,0.3613246381282806,0.6573424339294434,174.0
bg_19602,0.7719744443893433,0.1458224058151245,0.4152815043926239,455.0
bg_19606,0.8712896108627319,0.3001220822334289,0.6003890037536621,204.0
bg_19625,0.8029274344444275,0.3435252010822296,0.6235206723213196,496.0
bg_19630,0.8856320977210999,0.3470281660556793,0.6664580702781677,342.0
bg_19642,0.8500426411628723,0.3451101779937744,0.6511927843093872,154.0
bg_19651,0.853909969329834,0.30234295129776,0.6079232692718506,510.0
bg_19652,0.8216159343719482,0.2841094136238098,0.5770435929298401,87.0
bg_19657,0.8793514370918274,0.3205423951148987,0.6234646439552307,368.0
bg_19658,0.8572306632995605,0.2860972583293915,0.6076803207397461,401.0
bg_19660,0.8220021724700928,0.339195042848587,0.6347276568412781,152.0
bg_19676,0.8657616376876831,0.3146175146102905,0.6266199946403503,429.0
bg_19682,0.8850006461143494,0.3643047511577606,0.6735122203826904,299.0
bg_19686,0.7023521065711975,0.2669326364994049,0.4691998362541199,155.0
bg_19690,0.8497027158737183,0.3639878332614898,0.6703262329101562,150.0
bg_19694,0.8216943144798279,0.2093852311372757,0.529703676700592,354.0
bg_19698,0.7909963130950928,0.2365767210721969,0.5441703796386719,516.0
bg_19718,0.7236841917037964,0.1948212087154388,0.4828004837036133,63.0
bg_19730,0.8166186809539795,0.3688617348670959,0.6639910936355591,110.0
bg_19732,0.8333991169929504,0.2992154061794281,0.5894798636436462,516.0
bg_19734,0.8376724720001221,0.2678362429141998,0.587184488773346,397.0
bg_19739,0.880686342716217,0.3814099133014679,0.6971314549446106,1137.0
bg_19743,0.7090385556221008,0.1978609710931778,0.4681678414344787,342.0
bg_19752,0.8789030909538269,0.3736096918582916,0.662838876247406,173.0
bg_19758,0.8612182140350342,0.2490177899599075,0.5685564875602722,464.0
bg_19762,0.8653678894042969,0.3961814641952514,0.6971757411956787,190.0
bg_19763,0.7936519980430603,0.1388673335313797,0.4595702290534973,78.0
bg_19764,0.816234290599823,0.2410561144351959,0.5605970025062561,456.0
bg_19770,0.8336585164070129,0.2717747092247009,0.5760116577148438,399.0
bg_19771,0.8692953586578369,0.3365582227706909,0.6383439302444458,175.0
bg_19776,0.8424497246742249,0.3292627930641174,0.6344541907310486,142.0
bg_19778,0.673408567905426,0.1549406200647354,0.4207723438739776,475.0
bg_19780,0.8692768812179565,0.3574637770652771,0.6464524269104004,202.0
bg_19783,0.8324368596076965,0.3698801398277282,0.6771648526191711,158.0
bg_19794,0.8615155816078186,0.3879041373729706,0.6778637170791626,257.0
bg_19800,0.8497474789619446,0.3347162306308746,0.6423080563545227,372.0
bg_19812,0.8152890205383301,0.2278057038784027,0.5205458998680115,179.0
bg_19820,0.8258302807807922,0.2993504703044891,0.6039433479309082,386.0
bg_19822,0.8276132941246033,0.2837184965610504,0.5994537472724915,163.0
bg_19829,0.8190065622329712,0.2938649654388428,0.5920644998550415,400.0
bg_19833,0.7984485626220703,0.18562912940979,0.5011588335037231,1024.0
bg_19835,0.8651702404022217,0.2841295301914215,0.607495129108429,525.0
bg_19840,0.8336618542671204,0.3235622346401214,0.6110303997993469,449.0
bg_19842,0.8411635756492615,0.3059000074863434,0.6076293587684631,149.0
bg_19848,0.813893735408783,0.2763186395168304,0.5757033824920654,277.0
bg_19851,0.7713715434074402,0.1894292086362838,0.5138015747070312,465.0
bg_19860,0.8812121748924255,0.37630695104599,0.6774874925613403,185.0
bg_19871,0.8229796886444092,0.2993367910385132,0.6079177856445312,53.0
bg_19873,0.7638046145439148,0.2244789898395538,0.5094415545463562,820.0
bg_19874,0.7931635975837708,0.2462869733572006,0.5442798137664795,130.0
bg_19891,0.7103458642959595,0.1575055122375488,0.4507900476455688,206.0
bg_19892,0.8925663828849792,0.4013462364673614,0.7027203440666199,448.0
bg_19894,0.6619670391082764,0.1694095134735107,0.4113768935203552,228.0
bg_19900,0.7830090522766113,0.2529582679271698,0.511904776096344,77.0
bg_19904,0.8223227858543396,0.3464509844779968,0.6234951019287109,220.0
bg_19905,0.8146134614944458,0.2661705911159515,0.584345281124115,194.0
bg_19909,0.8649261593818665,0.3295828402042389,0.6382068991661072,163.0
bg_19911,0.8493209481239319,0.3200088739395141,0.6232754588127136,212.0
bg_19922,0.818473756313324,0.2230160981416702,0.5296934843063354,291.0
bg_19928,0.8735688924789429,0.3477675914764404,0.6537012457847595,400.0
bg_19929,0.8737660646438599,0.372371643781662,0.6816020607948303,182.0
bg_19932,0.8616563677787781,0.3364526033401489,0.6305771470069885,138.0
bg_19934,0.8258734941482544,0.3116663694381714,0.6199669241905212,151.0
bg_19941,0.8495064973831177,0.2991058528423309,0.6191510558128357,449.0
bg_19942,0.8426750302314758,0.314786285161972,0.6087551116943359,111.0
bg_19946,0.8263271450996399,0.279395580291748,0.6036130785942078,437.0
bg_19951,0.8826797604560852,0.4280812442302704,0.7177357077598572,240.0
bg_19954,0.8494825959205627,0.3727739155292511,0.673841118812561,759.0
bg_19959,0.837562620639801,0.2313603013753891,0.5483400821685791,923.0
bg_19971,0.6792786121368408,0.1492450982332229,0.396825909614563,96.0
bg_19972,0.8478559851646423,0.3109579384326935,0.6232837438583374,430.0
bg_19979,0.8544166684150696,0.3136018812656402,0.6339936256408691,149.0
bg_19986,0.8456335663795471,0.3494085371494293,0.6482044458389282,182.0
bg_19987,0.8653412461280823,0.3484929800033569,0.6735950708389282,224.0
bg_19988,0.820702850818634,0.27968829870224,0.6053463816642761,102.0
bg_19993,0.8494566679000854,0.2366151809692382,0.5681369304656982,809.0
bg_19999,0.8592550158500671,0.3178409337997436,0.6358907222747803,52.0
bg_20005,0.8575292825698853,0.3247238397598266,0.6458890438079834,161.0
bg_20016,0.728380560874939,0.1227798461914062,0.4202767610549927,529.0
bg_20017,0.8286866545677185,0.2724290192127228,0.5912999510765076,132.0
bg_20033,0.8609333634376526,0.3721834123134613,0.6733545660972595,238.0
bg_20038,0.8795695304870605,0.3108173012733459,0.6224615573883057,123.0
bg_20041,0.8515821099281311,0.2491791546344757,0.5386876463890076,286.0
bg_20046,0.7672626972198486,0.3025805950164795,0.5997827649116516,334.0
bg_20054,0.8418547511100769,0.3541447222232818,0.6429732441902161,144.0
bg_20058,0.8496474027633667,0.2882401049137115,0.5991189479827881,537.0
bg_20061,0.5005951523780823,0.0217691138386726,0.2210791707038879,463.0
bg_20065,0.826208770275116,0.1940452754497528,0.5214911699295044,323.0
bg_20067,0.8497920036315918,0.3577282726764679,0.6750672459602356,224.0
bg_20075,0.7354754209518433,0.2776358127593994,0.5508694648742676,176.0
bg_20076,0.7638882398605347,0.1698398143053054,0.4702127575874328,452.0
bg_20078,0.8696229457855225,0.4232403337955475,0.701221227645874,342.0
bg_20079,0.7870712876319885,0.2832519114017486,0.5606412291526794,480.0
bg_20083,0.8178331851959229,0.22298364341259,0.5329164862632751,47.0
bg_20090,0.838101863861084,0.3800150454044342,0.6852537393569946,183.0
bg_20091,0.7947470545768738,0.2642318904399872,0.557353138923645,427.0
bg_20092,0.7832581996917725,0.2157262861728668,0.525431752204895,199.0
bg_20096,0.8496292233467102,0.2645651400089264,0.5681964159011841,885.0
bg_20101,0.3874521851539612,0.095589205622673,0.2509466111660003,505.0
bg_20106,0.8496914505958557,0.2479703724384308,0.5603494048118591,985.0
bg_20114,0.8339725136756897,0.2944554388523102,0.6069819331169128,376.0
bg_20115,0.7630574107170105,0.2454590201377868,0.4935988485813141,116.0
bg_20118,0.7795143127441406,0.185445949435234,0.4924710094928741,254.0
bg_20119,0.7928521633148193,0.2335261106491089,0.5345563292503357,80.0
bg_20130,0.8617615103721619,0.3565799593925476,0.6504538059234619,255.0
bg_20145,0.8530921936035156,0.3269488513469696,0.6133867502212524,122.0
bg_20149,0.8024283647537231,0.3103836476802826,0.6079309582710266,440.0
bg_20153,0.8612589836120605,0.3303202390670776,0.6231768131256104,173.0
bg_20157,0.8375490307807922,0.2702714204788208,0.5995460152626038,441.0
bg_20160,0.6459489464759827,0.2087180018424987,0.4159793853759765,92.0
bg_20165,0.8261001110076904,0.373291403055191,0.6621922254562378,515.0
bg_20166,0.8269684314727783,0.3386544585227966,0.6229676008224487,194.0
bg_20168,0.8007724285125732,0.2099393755197525,0.523147702217102,380.0
bg_20169,0.8227797746658325,0.3631173968315124,0.6529360413551331,102.0
bg_20174,0.8104543089866638,0.2488459646701812,0.5607033371925354,405.0
bg_20181,0.7400474548339844,0.2333114594221115,0.5105803608894348,444.0
bg_20184,0.7910442352294922,0.1820213347673416,0.4900762438774109,457.0
bg_20186,0.8217907547950745,0.2357521653175354,0.5643166303634644,531.0
bg_20189,0.8063588738441467,0.2802963554859161,0.5762041211128235,293.0
bg_20191,0.8337016701698303,0.3263992369174957,0.6281718611717224,116.0
bg_20192,0.8346676826477051,0.3730600774288177,0.6546904444694519,372.0
bg_20199,0.8805702328681946,0.4618963003158569,0.7444810271263123,174.0
bg_20207,0.8384026885032654,0.2695092558860779,0.5919504165649414,535.0
bg_20210,0.8685290813446045,0.3231202065944671,0.6266369819641113,108.0
bg_20219,0.8497329950332642,0.3372842371463775,0.6431533098220825,196.0
bg_20222,0.8486385345458984,0.2554841935634613,0.5798346400260925,460.0
bg_20226,0.8611093163490295,0.3560844957828522,0.6621261239051819,582.0
bg_20235,0.6850427985191345,0.1731160879135131,0.4690075218677521,59.0
bg_20237,0.8537395000457764,0.3155662417411804,0.6112337112426758,151.0
bg_20244,0.8693810701370239,0.3734473586082458,0.6658819317817688,403.0
bg_20249,0.8342148661613464,0.3004605770111084,0.631886899471283,153.0
bg_20251,0.7793463468551636,0.1847555637359619,0.5416569113731384,135.0
bg_20253,0.5061132311820984,0.1532013416290283,0.4378886222839355,142.0
bg_20259,0.8169397115707397,0.2984704375267029,0.5959862470626831,192.0
bg_20265,0.8032890558242798,0.2376634627580642,0.5445877313613892,78.0
bg_20290,0.7944628596305847,0.2290215790271759,0.5135238766670227,409.0
bg_20306,0.8614786267280579,0.3342290818691253,0.6466024518013,454.0
bg_20308,0.8516795635223389,0.2393572777509689,0.5410134196281433,190.0
bg_20310,0.78704434633255,0.272815078496933,0.5452589392662048,399.0
bg_20311,0.8774842619895935,0.3493357896804809,0.6500599980354309,528.0
bg_20314,0.8416666984558105,0.285070389509201,0.6106562614440918,52.0
bg_20320,0.8647791743278503,0.3375485837459564,0.6505008339881897,476.0
bg_20321,0.8406747579574585,0.3839929103851318,0.6719269156455994,134.0
bg_20326,0.8750054240226746,0.3698644638061523,0.6855353116989136,174.0
bg_20327,0.8265701532363892,0.3038401901721954,0.6234298348426819,484.0
bg_20336,0.8850825428962708,0.2841736078262329,0.6153875589370728,506.0
bg_20338,0.6773233413696289,0.1029992178082466,0.3959020376205444,525.0
bg_20339,0.8133934736251831,0.315013438463211,0.5918527841567993,442.0
bg_20346,0.7866780757904053,0.235090285539627,0.5251188278198242,101.0
bg_20353,0.2912120819091797,0.107634000480175,0.3381089568138122,331.0
bg_20365,0.8574130535125732,0.2536757290363312,0.5742479562759399,224.0
bg_20366,0.7938957214355469,0.2322284132242202,0.5256761312484741,397.0
bg_20367,0.8085761070251465,0.2663723528385162,0.5667862296104431,108.0
bg_20371,0.8144031763076782,0.3281610608100891,0.6273478269577026,144.0
bg_20377,0.8025178909301758,0.2281158864498138,0.5019288063049316,243.0
bg_20380,0.820763885974884,0.3137405812740326,0.6206260919570923,96.0
bg_20387,0.7909663915634155,0.1807249635457992,0.4628140330314636,516.0
bg_20391,0.7955599427223206,0.2411093562841415,0.5409968495368958,303.0
bg_20405,0.872873067855835,0.3848038911819458,0.6779052019119263,747.0
bg_20407,0.8650639653205872,0.3320647478103637,0.6312986016273499,184.0
bg_20411,0.8483659029006958,0.2786805629730224,0.578154444694519,173.0
bg_20413,0.8382444977760315,0.2937778234481811,0.6030601859092712,521.0
bg_20415,0.6307836771011353,0.2399866431951522,0.4481728374958038,169.0
bg_20421,0.880430281162262,0.4187877178192138,0.7290109992027283,370.0
bg_20422,0.7342497110366821,0.1890828013420105,0.4552878737449646,65.0
bg_20427,0.8689128160476685,0.3455948233604431,0.6466057896614075,413.0
bg_20438,0.8500791788101196,0.2946117222309112,0.5913021564483643,471.0
bg_20444,0.8024976849555969,0.3058483600616455,0.591921329498291,449.0
bg_20447,0.855865478515625,0.3332216441631317,0.6380876302719116,126.0
bg_20448,0.8536967039108276,0.3248985707759857,0.6339954137802124,347.0
bg_20453,0.8773226737976074,0.3786865472793579,0.6811771988868713,238.0
bg_20458,0.8501487374305725,0.3250577449798584,0.6255010962486267,236.0
bg_20459,0.869408130645752,0.3638041019439697,0.6622363924980164,341.0
bg_20472,0.8690438270568848,0.3345429897308349,0.6307233572006226,382.0
bg_20476,0.812219500541687,0.2942351400852203,0.5882461071014404,274.0
bg_20494,0.881115734577179,0.3406460881233215,0.669428825378418,135.0
bg_20511,0.7174230813980103,0.2134012728929519,0.5064689517021179,355.0
bg_20523,0.8654471039772034,0.2801558673381805,0.5960776805877686,527.0
bg_20527,0.8533570766448975,0.2870418131351471,0.5794529914855957,330.0
bg_20541,0.8265337347984314,0.2777892053127289,0.6034868359565735,113.0
bg_20543,0.8731916546821594,0.3211785554885864,0.6263665556907654,129.0
bg_20555,0.7885212302207947,0.2871542572975158,0.5844410061836243,414.0
bg_20559,0.8378414511680603,0.3453342914581299,0.6427415609359741,409.0
bg_20563,0.8572906851768494,0.3442723751068115,0.6231587529182434,139.0
bg_20566,0.85714191198349,0.3571406006813049,0.6521541476249695,434.0
bg_20573,0.8651167154312134,0.2835863828659057,0.5988215804100037,103.0
bg_20595,0.8373314142227173,0.2759324908256531,0.6076189279556274,149.0
bg_20599,0.6892596483230591,0.2046632319688797,0.494685024023056,87.0
bg_20606,0.8147301077842712,0.3108952343463897,0.6144183278083801,273.0
bg_20608,0.7905526161193848,0.1972314417362213,0.5130677819252014,491.0
bg_20611,0.8570960164070129,0.380332887172699,0.6774682402610779,359.0
bg_20615,0.849531888961792,0.3497541546821594,0.6475753784179688,401.0
bg_20622,0.8184971213340759,0.2520245611667633,0.5485422611236572,488.0
bg_20629,0.8220730423927307,0.3061490058898926,0.5884287357330322,553.0
bg_20630,0.7839298844337463,0.1773290038108825,0.5090047717094421,527.0
bg_20632,0.7642438411712646,0.2013522535562515,0.5020080804824829,426.0
bg_20636,0.8378592729568481,0.3445523083209991,0.6466951966285706,512.0
bg_20637,0.8370344638824463,0.2985905110836029,0.6112548112869263,123.0
bg_20645,0.7983986735343933,0.251665323972702,0.54494708776474,258.0
bg_20655,0.7934302091598511,0.2661402821540832,0.5579370260238647,74.0
bg_20663,0.8413504958152771,0.2638110816478729,0.5690414309501648,121.0
bg_20667,0.6665032505989075,0.1691945195198059,0.4519250094890594,445.0
bg_20670,0.776308000087738,0.1894080936908722,0.4982108175754547,1045.0
bg_20671,0.8105385303497314,0.2408011555671692,0.5530586838722229,441.0
bg_20675,0.8769851326942444,0.3657022714614868,0.6806790828704834,389.0
bg_20679,0.7911925911903381,0.3335927426815033,0.6271169781684875,387.0
bg_20682,0.7960354685783386,0.2521537244319916,0.5367681980133057,115.0
bg_20689,0.8180356621742249,0.2918919324874878,0.5915141701698303,500.0
bg_20695,0.8417747616767883,0.3639582395553589,0.666537344455719,506.0
bg_20704,0.8652188777923584,0.3812333345413208,0.669722318649292,369.0
bg_20705,0.8423467874526978,0.3732026815414428,0.6706382036209106,180.0
bg_20706,0.8143506646156311,0.2376639693975448,0.5563215017318726,217.0
bg_20707,0.8846580982208252,0.3066884577274322,0.6467335224151611,651.0
bg_20714,0.8548089861869812,0.3643622100353241,0.66633141040802,113.0
bg_20717,0.8345112800598145,0.2081247270107269,0.532086968421936,169.0
bg_20724,0.8063863515853882,0.2754657566547394,0.5767631530761719,284.0
bg_20726,0.818979799747467,0.2231620103120803,0.5254363417625427,503.0
bg_20727,0.730026364326477,0.3114988505840301,0.5640625357627869,89.0
bg_20735,0.699226975440979,0.2235541194677353,0.4549104869365692,438.0
bg_20736,0.8735494613647461,0.3457809686660766,0.638714611530304,418.0
bg_20737,0.8245912790298462,0.306593120098114,0.6233622431755066,436.0
bg_20749,0.8492035269737244,0.3839892148971557,0.6691127419471741,177.0
bg_20751,0.8534538745880127,0.2666850984096527,0.572708249092102,361.0
bg_20752,0.505227267742157,0.1076863631606102,0.3241351246833801,176.0
bg_20754,0.6243733167648315,0.214334025979042,0.4761588275432586,32.0
bg_20756,0.7994271516799927,0.2137519717216491,0.545507550239563,459.0
bg_20759,0.6503682732582092,0.193627268075943,0.4124191701412201,496.0
bg_20768,0.8260106444358826,0.1501987278461456,0.4782457649707794,342.0
bg_20769,0.8360339999198914,0.2615074813365936,0.573286235332489,156.0
bg_20770,0.8891641497612,0.4188720881938934,0.6978142857551575,357.0
bg_20771,0.7928239107131958,0.2398987561464309,0.5502858757972717,777.0
bg_20772,0.8579609394073486,0.3093971312046051,0.646260142326355,169.0
bg_20783,0.795051634311676,0.2303587347269058,0.5288407206535339,146.0
bg_20792,0.7326284646987915,0.1927376091480255,0.4961417019367218,344.0
bg_20797,0.7798781991004944,0.2128494828939438,0.4742015302181244,545.0
bg_20798,0.8456839323043823,0.3036936223506927,0.6381974220275879,151.0
bg_20805,0.8571692705154419,0.361282616853714,0.6738688945770264,157.0
bg_20810,0.8436554074287415,0.281264066696167,0.5799791216850281,480.0
bg_20813,0.8772954344749451,0.3488171398639679,0.6514817476272583,298.0
bg_20817,0.8772459626197815,0.3646348714828491,0.669877290725708,121.0
bg_20819,0.8620433807373047,0.3711780905723572,0.6696252226829529,124.0
bg_20825,0.4902831614017486,0.0768278911709785,0.2405196875333786,517.0
bg_20826,0.8803802132606506,0.4358302354812622,0.7164704203605652,352.0
bg_20835,0.8659809231758118,0.3771449625492096,0.6778549551963806,587.0
bg_20839,0.8461921811103821,0.383881002664566,0.6779775619506836,196.0
bg_20853,0.8648983836174011,0.3603129088878631,0.6538885235786438,194.0
bg_20854,0.8324029445648193,0.2775152921676636,0.5917333364486694,200.0
bg_20857,0.8769758343696594,0.314565896987915,0.6268913745880127,180.0
bg_20862,0.8686959743499756,0.3380840122699737,0.6501150131225586,477.0
bg_20868,0.8417535424232483,0.2249287217855453,0.5606282353401184,220.0
bg_20875,0.7111580967903137,0.2150128036737442,0.5022285580635071,378.0
bg_20881,0.7903579473495483,0.2214217633008957,0.5351194739341736,65.0
bg_20894,0.8649904727935791,0.3574872016906738,0.657656192779541,267.0
bg_20899,0.8419191837310791,0.3098875284194946,0.6225492358207703,416.0
bg_20902,0.8496763110160828,0.2931699454784393,0.5900387167930603,152.0
bg_20910,0.8496608734130859,0.3249647617340088,0.6228683590888977,825.0
bg_20912,0.8058419227600098,0.3170122802257538,0.6119644045829773,100.0
bg_20921,0.8186102509498596,0.3111122846603393,0.604008674621582,235.0
bg_20934,0.8026860356330872,0.3220089077949524,0.6183255910873413,117.0
bg_20939,0.8060085773468018,0.2353243231773376,0.5407962203025818,209.0
bg_20941,0.8136525750160217,0.2477926760911941,0.5854148864746094,134.0
bg_20942,0.8172523975372314,0.2913708388805389,0.6157246828079224,156.0
bg_20945,0.7612782120704651,0.2577702701091766,0.5255894660949707,67.0
bg_20949,0.8327813148498535,0.3447141349315643,0.6441638469696045,196.0
bg_20950,0.810332179069519,0.3536711633205414,0.6312587261199951,467.0
bg_20957,0.7031362056732178,0.1638733297586441,0.4416887164115906,440.0
bg_20958,0.8496788740158081,0.3221656084060669,0.6311419606208801,266.0
bg_20976,0.7848191857337952,0.3038674294948578,0.6149575114250183,456.0
bg_20980,0.8851901292800903,0.3409186005592346,0.6500579118728638,410.0
bg_20991,0.8577281832695007,0.3773049414157867,0.6739102005958557,156.0
bg_20995,0.8341743350028992,0.338676244020462,0.6464177370071411,394.0
bg_21002,0.8693738579750061,0.3297668099403381,0.6505050659179688,468.0
bg_21008,0.8890901803970337,0.3584117293357849,0.663865864276886,154.0
bg_21013,0.857833981513977,0.2949444353580475,0.6230401396751404,668.0
bg_21024,0.8553211688995361,0.3702071607112884,0.6816044449806213,118.0
bg_21028,0.8065345287322998,0.331153392791748,0.6369667053222656,362.0
bg_21031,0.8108164072036743,0.243265151977539,0.5604096055030823,406.0
bg_21038,0.865409791469574,0.4015612304210663,0.6933226585388184,573.0
bg_21039,0.7961408495903015,0.3428859114646911,0.6392564177513123,200.0
bg_21042,0.8729473948478699,0.3585625290870666,0.6739696860313416,360.0
bg_21056,0.6773350834846497,0.1763539612293243,0.4245931208133697,435.0
bg_21058,0.8457489609718323,0.3142969310283661,0.6147285103797913,152.0
bg_21064,0.8614903092384338,0.372148722410202,0.6935604810714722,332.0
bg_21071,0.7734148502349854,0.2591791152954101,0.5760957598686218,390.0
bg_21074,0.8537478446960449,0.291192889213562,0.6001850962638855,469.0
bg_21082,0.8300637006759644,0.2838059067726135,0.6040730476379395,415.0
bg_21093,0.8383064866065979,0.2869482934474945,0.5935598015785217,164.0
bg_21099,0.8126055002212524,0.2830276787281036,0.5682356953620911,162.0
bg_21101,0.8214936256408691,0.2568082809448242,0.5821781754493713,79.0
bg_21110,0.8706936240196228,0.3134492039680481,0.6421242356300354,221.0
bg_21119,0.8690112233161926,0.3490523993968963,0.6577919125556946,407.0
bg_21120,0.8863224983215332,0.3681280612945556,0.6573954224586487,293.0
bg_21123,0.8731513023376465,0.4161503911018371,0.7163951396942139,319.0
bg_21125,0.8374121189117432,0.242316722869873,0.5524733066558838,496.0
bg_21129,0.849785566329956,0.2518296539783478,0.568540096282959,397.0
bg_21131,0.8539520502090454,0.3387942910194397,0.6497598886489868,387.0
bg_21135,0.8731054663658142,0.3337355852127075,0.6269630193710327,955.0
bg_21139,0.867678165435791,0.3721394836902618,0.6738405227661133,308.0
bg_21141,0.7559295296669006,0.221730500459671,0.5212811827659607,463.0
bg_21147,0.8403878211975098,0.3401398658752441,0.6542459726333618,148.0
bg_21148,0.8887085318565369,0.311633825302124,0.6381281614303589,509.0
bg_21153,0.7941271662712097,0.2866354584693908,0.5729917883872986,410.0
bg_21159,0.8262375593185425,0.2367725968360901,0.5487813353538513,314.0
bg_21161,0.8652254939079285,0.337434709072113,0.6271960139274597,286.0
bg_21164,0.7595062851905823,0.2897135615348816,0.5845755338668823,112.0
bg_21168,0.7754344940185547,0.3025673329830169,0.5796165466308594,857.0
bg_21173,0.8690885901451111,0.2978405654430389,0.6189656257629395,443.0
bg_21176,0.8652420043945312,0.3712621331214905,0.6585294604301453,402.0
bg_21180,0.8471793532371521,0.1582671105861663,0.4787674248218536,309.0
bg_21187,0.8533191084861755,0.2936407923698425,0.5751326084136963,305.0
bg_21190,0.8273277878761292,0.3245790004730224,0.6269932985305786,164.0
bg_21192,0.8656467795372009,0.3136101961135864,0.6504718065261841,101.0
bg_21196,0.8421312570571899,0.298783928155899,0.5995726585388184,485.0
bg_21206,0.8764098286628723,0.3436312079429626,0.6285037398338318,128.0
bg_21213,0.759596049785614,0.103728100657463,0.403596431016922,484.0
bg_21218,0.8063322901725769,0.2564398944377899,0.5799781680107117,475.0
bg_21220,0.8416287302970886,0.243103802204132,0.5522682070732117,454.0
bg_21225,0.8148569464683533,0.2049501985311508,0.5222444534301758,501.0
bg_21226,0.4281094372272491,-0.0473797135055065,0.1504950821399688,548.0
bg_21227,0.7043430209159851,0.2292284816503524,0.5100072622299194,241.0
bg_21229,0.7824413776397705,0.2588037550449371,0.5576810836791992,109.0
bg_21234,0.8377560973167419,0.2392148971557617,0.5640007257461548,388.0
bg_21241,0.7910616397857666,0.3029168248176574,0.591458261013031,437.0
bg_21246,0.8329114317893982,0.3560082018375397,0.6602636575698853,131.0
bg_21247,0.8886672258377075,0.3467154502868652,0.6457451581954956,183.0
bg_21251,0.8668066263198853,0.3058213293552398,0.6272107362747192,224.0
bg_21257,0.8219655156135559,0.3008477687835693,0.6249538064002991,476.0
bg_21258,0.8502853512763977,0.3195670545101166,0.6311414837837219,319.0
bg_21261,0.8533496260643005,0.3456074595451355,0.6580761671066284,315.0
bg_21262,0.8611449599266052,0.3115213513374328,0.6390360593795776,509.0
bg_21271,0.8258440494537354,0.3149159848690033,0.6235559582710266,131.0
bg_21276,0.7680400013923645,0.1497820019721985,0.4708056449890136,488.0
bg_21278,0.8384267687797546,0.2497807294130325,0.5823114514350891,124.0
bg_21297,0.8377994298934937,0.3653399348258972,0.6582722663879395,418.0
bg_21300,0.8726376891136169,0.3707062005996704,0.6681399345397949,152.0
bg_21323,0.7832062244415283,0.2955691218376159,0.5780391693115234,348.0
bg_21327,0.7485360503196716,0.2484162151813507,0.5126187205314636,68.0
bg_21334,0.8107187747955322,0.3134323954582214,0.6074731349945068,169.0
bg_21335,0.8809751272201538,0.409004807472229,0.6932783722877502,286.0
bg_21340,0.7913867235183716,0.1788623481988906,0.4977240860462188,525.0
bg_21341,0.8689042925834656,0.3533269166946411,0.6539554595947266,428.0
bg_21343,0.802421510219574,0.2353087663650512,0.5346955060958862,356.0
bg_21352,0.7324703931808472,0.2180506736040115,0.5331793427467346,416.0
bg_21362,0.8455157279968262,0.3421211540699005,0.6273899078369141,471.0
bg_21364,0.8790521621704102,0.3915403187274933,0.6850324273109436,359.0
bg_21381,0.8427206873893738,0.3365497589111328,0.6231316924095154,309.0
bg_21389,0.7885079383850098,0.2230885177850723,0.5063678026199341,538.0
bg_21390,0.814509391784668,0.2663822472095489,0.5839243531227112,195.0
bg_21392,0.8535221815109253,0.353370726108551,0.6544530987739563,439.0
bg_21398,0.7887618541717529,0.2478822171688079,0.5428307056427002,204.0
bg_21408,0.8384770154953003,0.2477115243673324,0.5673267841339111,481.0
bg_21412,0.8527841567993164,0.2273889780044555,0.5369231700897217,129.0
bg_21414,0.881380558013916,0.3405508995056152,0.6620696187019348,523.0
bg_21425,0.8377872705459595,0.2712743580341339,0.5805927515029907,358.0
bg_21434,0.4585934579372406,0.0691347122192382,0.2690927386283874,73.0
bg_21441,0.8656630516052246,0.4004503786563873,0.7073215246200562,400.0
bg_21442,0.8627668023109436,0.3523208200931549,0.6717934012413025,370.0
bg_21443,0.8527886867523193,0.3486029207706451,0.6353591084480286,129.0
bg_21451,0.82206130027771,0.262476772069931,0.5762404799461365,423.0
bg_21465,0.8534726500511169,0.2671729922294616,0.5764621496200562,282.0
bg_21466,0.8571545481681824,0.2919977009296417,0.611386775970459,148.0
bg_21473,0.8763918876647949,0.3848780393600464,0.6893510818481445,425.0
bg_21475,0.8709380030632019,0.3350455462932586,0.634573221206665,180.0
bg_21478,0.8467648029327393,0.2940340936183929,0.6005361080169678,188.0
bg_21480,0.8356376886367798,0.3682588934898376,0.6627248525619507,140.0
bg_21482,0.8296995162963867,0.3424266874790191,0.6385254859924316,141.0
bg_21488,0.8810697793960571,0.3720617592334747,0.6625569462776184,429.0
bg_21491,0.8533089756965637,0.2804423868656158,0.5996681451797485,391.0
bg_21492,0.8657159805297852,0.3311820030212402,0.6541998982429504,231.0
bg_21494,0.6756472587585449,0.068182572722435,0.3030227422714233,312.0
bg_21496,0.8798548579216003,0.3697668313980102,0.673859179019928,119.0
bg_21502,0.8344660997390747,0.276862770318985,0.5994541049003601,91.0
bg_21503,0.7843570709228516,0.2838538885116577,0.5881742238998413,369.0
bg_21513,0.7870925068855286,0.2549622356891632,0.5567869544029236,149.0
bg_21516,0.8100656270980835,0.2782891690731048,0.5686911940574646,343.0
bg_21520,0.8703920245170593,0.463377445936203,0.7222616076469421,58.0
bg_21530,0.835508406162262,0.3248554170131683,0.6580284833908081,118.0
bg_21531,0.8077966570854187,0.2483276575803756,0.5590991377830505,336.0
bg_21551,0.7493517994880676,0.2312926948070526,0.5170631408691406,236.0
bg_21553,0.8692513704299927,0.3068783283233642,0.6352019906044006,372.0
bg_21554,0.736529529094696,0.1751689165830612,0.4560383260250091,231.0
bg_21564,0.8498848676681519,0.3039719760417938,0.6314857006072998,431.0
bg_21577,0.7241832613945007,-0.0179482940584421,0.3344742953777313,455.0
bg_21580,0.8500334620475769,0.3424243032932281,0.6305666565895081,284.0
bg_21583,0.8687884211540222,0.3370198607444763,0.6622772812843323,174.0
bg_21585,0.4862469136714935,-0.0090596321970224,0.2317910343408584,502.0
bg_21591,0.8536614775657654,0.262276828289032,0.564608097076416,344.0
bg_21597,0.8493952751159668,0.2567422688007355,0.5832284688949585,535.0
bg_21600,0.8616609573364258,0.3558955490589142,0.6582509875297546,162.0
bg_21602,0.845020055770874,0.3488116264343261,0.6461243629455566,195.0
bg_21607,0.7951741814613342,0.2175321131944656,0.5328871607780457,197.0
bg_21612,0.8554584383964539,0.3535897433757782,0.6501340866088867,128.0
bg_21613,0.8496324419975281,0.3809520006179809,0.6702271103858948,165.0
bg_21615,0.8874373435974121,0.3270639479160309,0.6464934349060059,197.0
bg_21617,0.7422713041305542,0.2254526168107986,0.505363404750824,380.0
bg_21620,0.7053907513618469,0.1748532354831695,0.4502212405204773,529.0
bg_21625,0.7759138941764832,0.3457929790019989,0.6198223829269409,310.0
bg_21626,0.8299338817596436,0.2671179175376892,0.5645875930786133,479.0
bg_21627,0.8474177718162537,0.3334290981292724,0.6494901180267334,144.0
bg_21628,0.8222758173942566,0.3192084729671478,0.6271936297416687,811.0
bg_21632,0.884643018245697,0.4006857573986053,0.68570876121521,355.0
bg_21635,0.7667356729507446,0.2609879374504089,0.5585545897483826,71.0
bg_21641,0.853721022605896,0.3392389416694641,0.6463074684143066,465.0
bg_21648,0.779843270778656,0.2676087915897369,0.5612555742263794,175.0
bg_21650,0.8032059073448181,0.2697722613811493,0.611422598361969,472.0
bg_21651,0.8337413668632507,0.3452870845794678,0.6192193031311035,393.0
bg_21652,0.7778583765029907,0.2399739027023315,0.5339329242706299,395.0
bg_21660,0.7755467891693115,0.2445736974477768,0.5547047257423401,434.0
bg_21662,0.833617091178894,0.35264453291893,0.646091103553772,124.0
bg_21667,0.7328298091888428,0.1961370259523391,0.4628581404685974,416.0
bg_21668,0.7789254784584045,0.1735108196735382,0.4194088280200958,426.0
bg_21679,0.7910001277923584,0.2258482128381729,0.5288350582122803,336.0
bg_21680,0.7931948304176331,0.2789602279663086,0.5642653107643127,484.0
bg_21683,0.8062564134597778,0.2713180780410766,0.5648358464241028,437.0
bg_21686,0.7908950448036194,0.2282964885234832,0.5372488498687744,487.0
bg_21694,0.8161650896072388,0.2297341227531433,0.5596730709075928,114.0
bg_21703,0.8578844666481018,0.3458250761032104,0.6366013288497925,568.0
bg_21705,0.8536251783370972,0.2835886478424072,0.5995579361915588,527.0
bg_21717,0.660264253616333,0.2176470458507537,0.502877950668335,107.0
bg_21719,0.8459200263023376,0.2786350846290588,0.6106171607971191,127.0
bg_21721,0.3103584349155426,0.0457847639918327,0.2846036255359649,247.0
bg_21734,0.8044330477714539,0.2638558447360992,0.5674805641174316,434.0
bg_21735,0.8248182535171509,0.2716147005558014,0.5571894645690918,450.0
bg_21736,0.8409786224365234,0.3078820705413818,0.6117143630981445,181.0
bg_21746,0.881125271320343,0.3449008166790008,0.6386269927024841,391.0
bg_21752,0.8543537259101868,0.3064486086368561,0.6232396960258484,200.0
bg_21756,0.7638780474662781,0.3393964767456054,0.5956233143806458,246.0
bg_21758,0.8093792796134949,0.3030304312705993,0.5957078337669373,227.0
bg_21762,0.8113207817077637,0.3265962302684784,0.6138613820075989,63.0
bg_21766,0.8725447058677673,0.3659896552562713,0.6703072190284729,386.0
bg_21776,0.8812133073806763,0.3773333430290222,0.6776440143585205,238.0
bg_21777,0.8319159150123596,0.2909001111984253,0.6049842238426208,430.0
bg_21789,0.8339188694953918,0.2730493247509002,0.599891722202301,392.0
bg_21792,0.7953086495399475,0.3145436942577362,0.6197260618209839,157.0
bg_21793,0.8400071263313293,0.2592312097549438,0.5800915360450745,336.0
bg_21794,0.7757409811019897,0.200109377503395,0.4855512380599975,447.0
bg_21795,0.8187467455863953,0.3303176760673523,0.6243582367897034,126.0
bg_21802,0.8087214827537537,0.2667694389820099,0.5715893507003784,67.0
bg_21809,0.7825570702552795,0.2387195229530334,0.5448336601257324,207.0
bg_21823,0.8576782941818237,0.3115237057209015,0.6335726380348206,127.0
bg_21825,0.7866038084030151,0.2794829905033111,0.5725563764572144,478.0
bg_21839,0.818413257598877,0.2021814584732055,0.5370590090751648,557.0
bg_21840,0.8147522211074829,0.2915416955947876,0.6076211929321289,334.0
bg_21842,0.8083120584487915,0.2873017191886902,0.5764910578727722,474.0
bg_21843,0.7913026809692383,0.2470365762710571,0.5608776807785034,192.0
bg_21848,0.6412556171417236,0.1680401414632797,0.4102813005447387,59.0
bg_21858,0.7480998039245605,0.25197634100914,0.5280570983886719,393.0
bg_21860,0.8734263181686401,0.3181623220443725,0.6269211769104004,263.0
bg_21861,0.8602278232574463,0.3370620012283325,0.6347281336784363,294.0
bg_21873,0.8306805491447449,0.2620206773281097,0.5682669878005981,155.0
bg_21874,0.6785281300544739,0.2428818792104721,0.5425955057144165,80.0
bg_21878,0.8572555780410767,0.2606131136417389,0.6116244196891785,201.0
bg_21883,0.8296833038330078,0.2670033276081085,0.5771241188049316,252.0
bg_21890,0.8570555448532104,0.3308443427085876,0.6115162372589111,429.0
bg_21892,0.8686099648475647,0.3925416171550751,0.703222930431366,330.0
bg_21898,0.8377161026000977,0.3465786576271057,0.6386791467666626,348.0
bg_21910,0.8505496978759766,0.2634744644165039,0.582189679145813,160.0
bg_21919,0.8616034388542175,0.3348797261714935,0.6523216962814331,192.0
bg_21927,0.8146200180053711,0.3007428646087646,0.5957323312759399,271.0
bg_21930,0.8608560562133789,0.319484680891037,0.6191940307617188,191.0
bg_21932,0.7410622239112854,0.281858891248703,0.563748300075531,177.0
bg_21938,0.8555670380592346,0.32234787940979,0.6226409673690796,260.0
bg_21945,0.8683502674102783,0.370354026556015,0.6663815379142761,427.0
bg_21954,0.7994065284729004,0.3055685758590698,0.5884920954704285,79.0
bg_21955,0.8479502201080322,0.3103623986244201,0.603585958480835,162.0
bg_21960,0.8417127132415771,0.2444136589765548,0.5448311567306519,172.0
bg_21962,0.8692792057991028,0.3445315361022949,0.6545832753181458,460.0
bg_21964,0.8820739984512329,0.3600344657897949,0.662466824054718,124.0
bg_21975,0.8405778408050537,0.1942402422428131,0.5369492769241333,394.0
bg_21980,0.7309460639953613,0.2224916368722915,0.482083648443222,116.0
bg_21981,0.837638795375824,0.3032903373241424,0.6107929944992065,300.0
bg_21982,0.792497456073761,0.2362114489078521,0.5110284090042114,524.0
bg_21983,0.8528042435646057,0.2644388973712921,0.6012709140777588,118.0
bg_21987,0.6251203417778015,0.1598712354898452,0.4099946022033691,408.0
bg_21993,0.87455815076828,0.3626364767551422,0.6594493985176086,160.0
bg_21994,0.8769258260726929,0.3639163076877594,0.6582604646682739,473.0
bg_22001,0.8177061080932617,0.4239655137062073,0.696557879447937,267.0
bg_22006,0.8239171504974365,0.3557257950305938,0.6306808590888977,322.0
bg_22022,0.7594587206840515,0.2316105514764785,0.4763705134391784,504.0
bg_22044,0.8422503471374512,0.3252981007099151,0.6350346803665161,517.0
bg_22045,0.8137145638465881,0.305765300989151,0.593650758266449,75.0
bg_22053,0.7791593074798584,0.2522755265235901,0.5523372888565063,379.0
bg_22057,0.837978720664978,0.2402646690607071,0.5720097422599792,515.0
bg_22058,0.868909478187561,0.3461909592151642,0.6542558670043945,540.0
bg_22066,0.8147359490394592,0.3191421926021576,0.6074643135070801,329.0
bg_22069,0.7556939721107483,0.318382978439331,0.6029183268547058,94.0
bg_22074,0.8610843420028687,0.400500476360321,0.689213216304779,374.0
bg_22078,0.8574057221412659,0.3856066763401031,0.6814302802085876,172.0
bg_22090,0.8609101176261902,0.3410486280918121,0.6502604484558105,346.0
bg_22093,0.8298858404159546,0.3287527859210968,0.6353505253791809,188.0
bg_22095,0.8847706317901611,0.368227481842041,0.6668016314506531,281.0
bg_22096,0.8871957659721375,0.3077697455883026,0.6311324238777161,169.0
bg_22097,0.7674976587295532,0.1951074749231338,0.4824140071868896,326.0
bg_22101,0.7991982102394104,0.3178263902664184,0.6116042733192444,455.0
bg_22109,0.7185602188110352,0.0675142183899879,0.3482039272785187,412.0
bg_22110,0.807031512260437,0.3244706392288208,0.5880400538444519,164.0
bg_22119,0.8565924167633057,0.3510195910930633,0.6553506255149841,116.0
bg_22131,0.8340693116188049,0.3328454494476318,0.6389774084091187,182.0
bg_22132,0.856589138507843,0.325975626707077,0.6229292750358582,194.0
bg_22184,0.8500062823295593,0.2872368097305298,0.603273868560791,376.0
bg_22189,0.8025597333908081,0.3131105303764343,0.6153210401535034,348.0
bg_22192,0.8036119937896729,0.3498029708862304,0.6111690998077393,520.0
bg_22203,0.853361189365387,0.3653819561004638,0.6620866656303406,560.0
bg_22207,0.8536297678947449,0.3107582628726959,0.6156443357467651,172.0
bg_22215,0.833848237991333,0.2897849380970001,0.6019170880317688,100.0
bg_22225,0.8145768046379089,0.2683750092983246,0.5836234092712402,373.0
bg_22238,0.8141842484474182,0.3299515843391418,0.6460773348808289,591.0
bg_22244,0.8413208723068237,0.2870176434516907,0.5848004817962646,456.0
bg_22247,0.8647403717041016,0.3554482161998749,0.6497856974601746,294.0
bg_22250,0.7604755163192749,0.2715563476085663,0.5567438006401062,407.0
bg_22251,0.8557208180427551,0.3655232191085815,0.658113420009613,441.0
bg_22256,0.8572803139686584,0.3580757081508636,0.6540509462356567,395.0
bg_22262,0.8892374634742737,0.4129310846328735,0.6932750940322876,377.0
bg_22264,0.5921540856361389,0.090751439332962,0.330050528049469,896.0
bg_22271,0.7949835658073425,0.2129238247871399,0.5120196342468262,360.0
bg_22274,0.877270519733429,0.3057005703449249,0.6309678554534912,527.0
bg_22279,0.8110913038253784,0.2982395887374878,0.5960519909858704,403.0
bg_22289,0.9020984768867492,0.3404451310634613,0.6543917059898376,473.0
bg_22298,0.8499127626419067,0.3217695653438568,0.6464487910270691,143.0
bg_22299,0.8574452996253967,0.2832988500595093,0.6113991737365723,469.0
bg_22300,0.8101438283920288,0.2096258103847503,0.510364294052124,453.0
bg_22310,0.873749315738678,0.3843007385730743,0.6854519248008728,263.0
bg_22311,0.8809726238250732,0.4355606436729431,0.7132418155670166,404.0
bg_22313,0.7794638872146606,0.2591619789600372,0.5524260997772217,586.0
bg_22325,0.7238374352455139,0.1790001839399337,0.4550158083438873,438.0
bg_22326,0.8798439502716064,0.2851832807064056,0.587896466255188,522.0
bg_22335,0.8713093400001526,0.3185618817806244,0.6346976161003113,458.0
bg_22343,0.8317704200744629,0.3118316233158111,0.6135228872299194,618.0
bg_22348,0.8419811725616455,0.2726446390151977,0.5726398229598999,449.0
bg_22349,0.8139361143112183,0.2931656241416931,0.5848304033279419,230.0
bg_22375,0.7668050527572632,0.2054535150527954,0.5055840015411377,483.0
bg_22380,0.8438050746917725,0.3412508964538574,0.6538434624671936,172.0
bg_22381,0.8141669631004333,0.2884314954280853,0.5918807983398438,364.0
bg_22382,0.8342432975769043,0.2470047771930694,0.552890419960022,453.0
bg_22384,0.8733780384063721,0.390114814043045,0.6696295738220215,145.0
bg_22385,0.8500409126281738,0.3491167426109314,0.6695805788040161,159.0
bg_22392,0.803010880947113,0.2042973488569259,0.5122140049934387,442.0
bg_22399,0.8226352334022522,0.2860371768474579,0.5994777083396912,515.0
bg_22404,0.8613409399986267,0.3935552537441253,0.6895115971565247,419.0
bg_22411,0.7561906576156616,0.2605892717838287,0.5486701726913452,446.0
bg_22414,0.8496949672698975,0.3401373922824859,0.6264934539794922,270.0
bg_22426,0.8650642037391663,0.307582288980484,0.6234334111213684,1001.0
bg_22431,0.8303637504577637,0.2117601335048675,0.5062029361724854,504.0
bg_22432,0.8178095817565918,0.2956161201000213,0.5841118693351746,457.0
bg_22434,0.8398687243461609,0.2777395844459533,0.6054806113243103,118.0
bg_22436,0.8182666897773743,0.2877153754234314,0.582884669303894,327.0
bg_22443,0.7183483839035034,0.2810856997966766,0.5476517081260681,92.0
bg_22446,0.7406011819839478,0.2447402626276016,0.5186218023300171,266.0
bg_22452,0.7981051206588745,0.2485342472791671,0.5531210899353027,489.0
bg_22462,0.8463619947433472,0.3099474608898163,0.6185793280601501,112.0
bg_22473,0.845410168170929,0.295623779296875,0.5997006297111511,330.0
bg_22477,0.8542078733444214,0.3191995024681091,0.6427149176597595,150.0
bg_22484,0.8724380135536194,0.3459903299808502,0.6466281414031982,157.0
bg_22486,0.8696828484535217,0.4206270277500152,0.7091379761695862,373.0
bg_22487,0.8320893049240112,0.3139597773551941,0.6237127184867859,200.0
bg_22494,0.8038126230239868,0.2480126023292541,0.5531734824180603,104.0
bg_22498,0.8536345958709717,0.3304936289787292,0.6234505772590637,479.0
bg_22500,0.8337849974632263,0.3348746597766876,0.6425008177757263,373.0
bg_22501,0.7250480055809021,0.1625126600265503,0.4275436401367187,429.0
bg_22502,0.7014257907867432,0.2971016764640808,0.5487950444221497,56.0
bg_22504,0.8424239158630371,0.3544581234455108,0.6507745981216431,139.0
bg_22507,0.8066967129707336,0.2594746649265289,0.5477405786514282,407.0
bg_22508,0.8027670383453369,0.2476253509521484,0.5606387853622437,330.0
bg_22509,0.8165004849433899,0.287920206785202,0.5909829139709473,142.0
bg_22513,0.8496080636978149,0.3288445770740509,0.6545751690864563,163.0
bg_22516,0.8848459124565125,0.3720957636833191,0.6816931962966919,193.0
bg_22518,0.861176609992981,0.322439968585968,0.6307519674301147,450.0
bg_22522,0.8570230603218079,0.2677866220474243,0.5683416128158569,150.0
bg_22525,0.8120524883270264,0.277271568775177,0.5873931050300598,118.0
bg_22528,0.8529577851295471,0.3270275592803955,0.6287579536437988,464.0
bg_22530,0.8137977719306946,0.2324095517396927,0.5059086084365845,352.0
bg_22534,0.7330231070518494,0.1844334155321121,0.4788922071456909,455.0
bg_22536,0.8594725131988525,0.3096166551113128,0.6137547492980957,126.0
bg_22540,0.8853622078895569,0.3488794267177582,0.65888911485672,192.0
bg_22560,0.8382723331451416,0.28721684217453,0.5994104743003845,432.0
bg_22563,0.8458431363105774,0.2440760135650634,0.5605834722518921,411.0
bg_22564,0.7171041369438171,0.1619627177715301,0.4434858560562134,552.0
bg_22594,0.8732615113258362,0.3107727468013763,0.6150310635566711,408.0
bg_22595,0.8568110466003418,0.3225109577178955,0.637406051158905,407.0
bg_22598,0.7511432766914368,0.2058802396059036,0.5101892948150635,450.0
bg_22602,0.7408038377761841,0.1927233785390854,0.4856031537055969,506.0
bg_22603,0.6973670721054077,0.2244798392057418,0.48305743932724,286.0
bg_22607,0.818436861038208,0.2569430470466614,0.5805450081825256,482.0
bg_22610,0.8615211844444275,0.3202144503593445,0.6369206309318542,250.0
bg_22618,0.8322327733039856,0.3596207499504089,0.6358604431152344,164.0
bg_22622,0.7835196256637573,0.2020428329706192,0.494634747505188,652.0
bg_22624,0.8257625699043274,0.3146393895149231,0.6157261729240417,395.0
bg_22632,0.8463380932807922,0.3069671988487243,0.6031644940376282,362.0
bg_22635,0.837424099445343,0.2745327353477478,0.5779501795768738,66.0
bg_22643,0.8110437393188477,0.2586205303668976,0.5439832806587219,163.0
bg_22647,0.8721901178359985,0.3509349822998047,0.6559126377105713,108.0
bg_22649,0.6575624346733093,0.1688517928123474,0.3795236647129059,177.0
bg_22654,0.853218138217926,0.3330727517604828,0.6372617483139038,376.0
bg_22689,0.7247503399848938,0.197416141629219,0.4469622075557709,497.0
bg_22693,0.8030266761779785,0.2649306356906891,0.5687627792358398,107.0
bg_22694,0.84229975938797,0.3143354952335357,0.6193665266036987,461.0
bg_22699,0.8181496262550354,0.2099425345659256,0.5375036001205444,466.0
bg_22702,0.57740318775177,0.1192907840013504,0.3456827402114868,352.0
bg_22704,0.7445080280303955,0.1858986914157867,0.466648668050766,368.0
bg_22708,0.7940517663955688,0.2518107295036316,0.571980893611908,442.0
bg_22710,0.8689402341842651,0.3310866057872772,0.6429747939109802,184.0
bg_22715,0.857344925403595,0.2870099246501922,0.5799199342727661,378.0
bg_22719,0.8527327179908752,0.3156150579452514,0.6235687732696533,124.0
bg_22721,0.8257935047149658,0.3335649371147156,0.6343410015106201,152.0
bg_22726,0.8263630867004395,0.2744427025318146,0.5718662738800049,509.0
bg_22729,0.8414353728294373,0.3011631965637207,0.6038916110992432,526.0
bg_22730,0.8737545013427734,0.3035382330417633,0.6075152158737183,81.0
bg_22731,0.8166634440422058,0.2750484347343445,0.5941377878189087,101.0
bg_22733,0.8024658560752869,0.3218424320220947,0.6125281453132629,388.0
bg_22736,0.8650633096694946,0.3618208765983581,0.6598776578903198,415.0
bg_22738,0.8320874571800232,0.2576630711555481,0.5750980377197266,992.0
bg_22746,0.7875518798828125,0.2896815240383148,0.5831462144851685,68.0
bg_22747,0.8691421747207642,0.2908926010131836,0.6072832942008972,531.0
bg_22749,0.8651921153068542,0.307753324508667,0.6192430257797241,369.0
bg_22753,0.7515392303466797,0.1726001948118209,0.4900867342948913,505.0
bg_22755,0.6607798933982849,0.1421875357627868,0.3927740156650543,481.0
bg_22756,0.8577573895454407,0.3212121129035949,0.6222816109657288,209.0
bg_22759,0.693520188331604,0.2678560614585876,0.5289052724838257,315.0
bg_22761,0.7369023561477661,0.1823937147855758,0.4663685262203216,213.0
bg_22770,0.8460304141044617,0.357309877872467,0.6577615737915039,185.0
bg_22778,0.8457013368606567,0.329959899187088,0.6386420130729675,177.0
bg_22779,0.8257812857627869,0.2907676994800567,0.5921630263328552,379.0
bg_22794,0.8691360950469971,0.414237767457962,0.7089689373970032,424.0
bg_22801,0.8608472347259521,0.3272185921669006,0.6460654735565186,263.0
bg_22805,0.7047806978225708,0.2748405635356903,0.5412189364433289,154.0
bg_22807,0.8222551345825195,0.2759643197059631,0.568179190158844,383.0
bg_22822,0.4976210296154022,0.0614411644637584,0.2827711105346679,417.0
bg_22839,0.8735988736152649,0.4523941576480865,0.7322096228599548,326.0
bg_22840,0.8460750579833984,0.3307997286319732,0.6348201036453247,254.0
bg_22843,0.7949225902557373,0.318027913570404,0.6146597862243652,388.0
bg_22857,0.8887382745742798,0.3504338562488556,0.6624330878257751,740.0
bg_22859,0.8730583786964417,0.4031232297420501,0.6969296336174011,380.0
bg_22867,0.6327571868896484,0.1621401309967041,0.3772830665111542,168.0
bg_22869,0.8731799125671387,0.360403448343277,0.662134051322937,139.0
bg_22871,0.7720922827720642,0.2738354504108429,0.5673110485076904,474.0
bg_22880,0.86454838514328,0.309942752122879,0.6108366250991821,79.0
bg_22886,0.8497453331947327,0.3231036961078644,0.6263332962989807,197.0
bg_22888,0.814108669757843,0.2872896194458008,0.5737826228141785,318.0
bg_22894,0.7167380452156067,0.2281737029552459,0.505644679069519,516.0
bg_22897,0.729595422744751,0.2101756781339645,0.4909208714962005,194.0
bg_22898,0.8458846211433411,0.285809189081192,0.5991770029067993,116.0
bg_22901,0.7374314069747925,0.2132304310798645,0.4617312550544739,531.0
bg_22912,0.8268181085586548,0.2407231628894806,0.5605351328849792,195.0
bg_22915,0.8188852667808533,0.292022168636322,0.5844863057136536,221.0
bg_22918,0.7410672903060913,0.2223572134971618,0.5144866108894348,67.0
bg_22939,0.830132246017456,0.3096441328525543,0.6192427277565002,449.0
bg_22945,0.8379026651382446,0.3336354196071625,0.6304109692573547,430.0
bg_22948,0.5249919295310974,0.1083386540412902,0.3648906946182251,221.0
bg_22961,0.830321192741394,0.2803196310997009,0.6035028696060181,835.0
bg_22962,0.8105891942977905,0.3051967620849609,0.6016026735305786,452.0
bg_22965,0.8420524597167969,0.2697138786315918,0.5777331590652466,102.0
bg_22970,0.6971814036369324,0.1575848758220672,0.4425217807292938,391.0
bg_22972,0.7362546920776367,0.2991606891155243,0.5181758403778076,466.0
bg_22973,0.873518705368042,0.4206834435462951,0.7090100049972534,226.0
bg_22976,0.8382598757743835,0.3265552818775177,0.6313035488128662,65.0
bg_22978,0.8029444813728333,0.2905568778514862,0.5734506845474243,419.0
bg_22992,0.8662717342376709,0.3565862476825714,0.6353011727333069,107.0
bg_22996,0.8817160725593567,0.3919110894203186,0.669143557548523,135.0
bg_23003,0.888552725315094,0.3533525168895721,0.6812022924423218,408.0
bg_23009,0.794353723526001,0.2356365323066711,0.5208097100257874,198.0
bg_23040,0.7725895047187805,0.2279064953327179,0.5321177840232849,402.0
bg_23043,0.8650571703910828,0.3349218964576721,0.6539222598075867,793.0
bg_23051,0.8710464239120483,0.3769542574882507,0.6620348691940308,457.0
bg_23061,0.7904127240180969,0.3005847334861755,0.596841037273407,199.0
bg_23062,0.7716391682624817,0.2509557902812958,0.563694179058075,440.0
bg_23071,0.8412624597549438,0.3647316992282867,0.6547630429267883,235.0
bg_23075,0.6502902507781982,0.0966791212558746,0.3797820508480072,489.0
bg_23076,0.8547849655151367,0.2706231474876404,0.5691061615943909,163.0
bg_23077,0.7192131876945496,0.115303561091423,0.3952661454677582,478.0
bg_23078,0.8553073406219482,0.411003440618515,0.6930311918258667,162.0
bg_23081,0.8616164922714233,0.2288382053375244,0.564403772354126,574.0
bg_23084,0.8619043827056885,0.3896203637123108,0.6856990456581116,182.0
bg_23097,0.8390175104141235,0.3160308599472046,0.6252997517585754,136.0
bg_23123,0.8729029297828674,0.3585599660873413,0.6505383849143982,294.0
bg_23125,0.8262228965759277,0.2742676734924316,0.6001490354537964,116.0
bg_23127,0.5794101357460022,0.1562419086694717,0.4081161320209503,184.0
bg_23130,0.798375129699707,0.1923411190509796,0.4820823669433594,308.0
bg_23132,0.6081377863883972,0.139487013220787,0.3914425671100616,204.0
bg_23136,0.8812897801399231,0.3962195217609405,0.6893358826637268,383.0
bg_23153,0.8254870176315308,0.2537398636341095,0.5687879323959351,138.0
bg_23166,0.7904693484306335,0.2249516546726226,0.5333904027938843,427.0
bg_23172,0.788520872592926,0.286984771490097,0.5864934325218201,122.0
bg_23189,0.8262208104133606,0.2451334595680236,0.5803471207618713,368.0
bg_23198,0.8853930830955505,0.4416528940200805,0.728033721446991,213.0
bg_23201,0.8575873374938965,0.2860394120216369,0.6075876355171204,158.0
bg_23208,0.8040844202041626,0.2680476307868957,0.574162483215332,76.0
bg_23214,0.8458887338638306,0.3609239459037781,0.6585097908973694,419.0
bg_23215,0.842158317565918,0.3295410275459289,0.6152176856994629,245.0
bg_23231,0.8456777930259705,0.3033196032047272,0.6311095952987671,119.0
bg_23235,0.8339797258377075,0.2961234450340271,0.6081596612930298,97.0
bg_23257,0.7682920694351196,0.2340321093797683,0.5258343815803528,465.0
bg_23267,0.8633751273155212,0.3565612137317657,0.6501753330230713,365.0
bg_23268,0.8412837386131287,0.3968730568885803,0.6816895604133606,366.0
bg_23270,0.8456100225448608,0.255981296300888,0.5880630016326904,496.0
bg_23273,0.7642455697059631,0.1541506648063659,0.4320971369743347,398.0
bg_23277,0.8417004942893982,0.2941362857818603,0.5995142459869385,169.0
bg_23279,0.8653749227523804,0.2446157783269882,0.5840626955032349,255.0
bg_23295,0.8426071405410767,0.2549678087234497,0.5729641914367676,138.0
bg_23303,0.8804545998573303,0.3642894625663757,0.6680229902267456,402.0
bg_23306,0.6508540511131287,0.1458137333393097,0.4327333867549896,169.0
bg_23319,0.8618144392967224,0.3301205039024353,0.6374028325080872,221.0
bg_23323,0.8532000780105591,0.2903806269168854,0.6108324527740479,335.0
bg_23325,0.8336327075958252,0.3225805461406708,0.6463817954063416,129.0
bg_23328,0.8715798258781433,0.3327633440494537,0.6409757137298584,146.0
bg_23333,0.8459292650222778,0.2879967093467712,0.6030871868133545,329.0
bg_23335,0.5404937863349915,0.0497622489929199,0.271742582321167,295.0
bg_23344,0.8848205804824829,0.3369923830032348,0.669837236404419,543.0
bg_23347,0.8535504937171936,0.2860450744628906,0.6044930815696716,477.0
bg_23348,0.8733476996421814,0.3230693638324737,0.6369304656982422,262.0
bg_23350,0.7559615969657898,0.2333163768053054,0.5402292013168335,278.0
bg_23357,0.7163290977478027,0.1856933087110519,0.4745311737060547,461.0
bg_23360,0.8030701875686646,0.3171663582324981,0.6326344609260559,149.0
bg_23361,0.8037566542625427,0.294968843460083,0.5899979472160339,444.0
bg_23367,0.8316909074783325,0.3304523527622223,0.6150319576263428,422.0
bg_23369,0.8575621247291565,0.3691411912441253,0.6580960750579834,357.0
bg_23373,0.8337979912757874,0.2822794020175934,0.5876989960670471,425.0
bg_23380,0.8767475485801697,0.3523146212100982,0.6617640256881714,183.0
bg_23393,0.7996892929077148,0.081937126815319,0.4138574302196502,493.0
bg_23409,0.7982885241508484,0.2321107685565948,0.5147832632064819,435.0
bg_23417,0.8883951902389526,0.4167699217796325,0.7126691937446594,278.0
bg_23418,0.7949751019477844,0.2197359651327133,0.5329431891441345,422.0
bg_23421,0.8181931972503662,0.2949379384517669,0.5967683792114258,423.0
bg_23427,0.8443055152893066,0.3042225837707519,0.6297726631164551,122.0
bg_23433,0.8339294791221619,0.3624647259712219,0.6543885469436646,579.0
bg_23446,0.8378891944885254,0.3419159948825836,0.6360920667648315,183.0
bg_23454,0.7481703162193298,0.2827860713005066,0.5842012763023376,441.0
bg_23483,0.7639109492301941,0.3067163228988647,0.5789459347724915,105.0
bg_23484,0.8554748296737671,0.3611795902252197,0.6602896451950073,994.0
bg_23486,0.7405500411987305,0.3165027499198913,0.6192595362663269,422.0
bg_23488,0.8339022994041443,0.2875011563301086,0.603500247001648,142.0
bg_23494,0.7835487723350525,0.166135549545288,0.4673285186290741,437.0
bg_23496,0.8565332889556885,0.3503445386886596,0.6346474885940552,123.0
bg_23498,0.8140379786491394,0.2607784867286682,0.5762144327163696,876.0
bg_23502,0.8337329626083374,0.2599367201328277,0.5641772150993347,344.0
bg_23512,0.7916820049285889,0.3264576494693756,0.622907280921936,422.0
bg_23513,0.7017374634742737,0.2088481783866882,0.4862561821937561,448.0
bg_23524,0.6579349637031555,0.2092055529356002,0.4632747769355774,471.0
bg_23525,0.7926872372627258,0.2321742177009582,0.5156117677688599,322.0
bg_23529,0.7975988984107971,0.2607878446578979,0.5460507869720459,125.0
bg_23538,0.806232750415802,0.2738505899906158,0.589888334274292,130.0
bg_23542,0.8808149099349976,0.3562672436237335,0.6780871748924255,435.0
bg_23546,0.6932464241981506,0.2080412358045578,0.4902413785457611,752.0
bg_23565,0.8374850153923035,0.2722849249839782,0.5917555689811707,396.0
bg_23567,0.8401652574539185,0.2889765202999115,0.619288980960846,642.0
bg_23568,0.8068142533302307,0.2842997014522552,0.5765517950057983,211.0
bg_23586,0.8077759146690369,0.3006920218467712,0.6110619902610779,138.0
bg_23592,0.8823539614677429,0.4199927151203155,0.7047086954116821,182.0
bg_23602,0.8690873384475708,0.4036241769790649,0.7094354629516602,345.0
bg_23604,0.8439359068870544,0.3108640015125274,0.6132338047027588,256.0
bg_23608,0.8415166735649109,0.3287444412708282,0.6197904348373413,385.0
bg_23616,0.7590646743774414,0.2598493695259094,0.5331228375434875,486.0
bg_23620,0.8720757961273193,0.3506909012794494,0.6418116688728333,138.0
bg_23632,-0.0438156090676784,0.0648809745907783,0.1306854337453842,435.0
bg_23641,0.8454518914222717,0.266834408044815,0.6034172177314758,369.0
bg_23652,0.9089789390563964,0.377913236618042,0.6773427128791809,348.0
bg_23653,0.797737181186676,0.2754973173141479,0.5682047605514526,385.0
bg_23654,0.8767737150192261,0.3408011794090271,0.666193962097168,850.0
bg_23658,0.7518870234489441,0.197763979434967,0.4987046718597412,489.0
bg_23662,0.8299316763877869,0.2672340869903564,0.5670822262763977,444.0
bg_23667,0.7827297449111938,0.251227468252182,0.5644081234931946,441.0
bg_23668,0.8611242175102234,0.3484972417354584,0.658327043056488,236.0
bg_23675,0.8649951219558716,0.3636679053306579,0.6677538156509399,414.0
bg_23676,0.8499940633773804,0.3313742876052856,0.6308311223983765,317.0
bg_23680,0.8338521122932434,0.3296128213405609,0.6310048699378967,265.0
bg_23683,0.8330182433128357,0.2976791262626648,0.6077075600624084,71.0
bg_23687,0.8419403433799744,0.2861242294311523,0.5959326028823853,423.0
bg_23689,0.8538767099380493,0.2941584587097168,0.6110003590583801,514.0
bg_23691,0.8303714990615845,0.3241744935512543,0.6474711298942566,132.0
bg_23692,0.8539292812347412,0.3737512826919555,0.6698801517486572,163.0
bg_23697,0.8424268960952759,0.3307915925979614,0.6393011212348938,147.0
bg_23703,0.8216136693954468,0.3335658609867096,0.627009928226471,110.0
bg_23705,0.8773033618927002,0.337606132030487,0.6387102007865906,528.0
bg_23720,0.869285523891449,0.3204249143600464,0.6345125436782837,238.0
bg_23724,0.8841220140457153,0.3800975382328033,0.6852908134460449,408.0
bg_23732,0.8086624145507812,0.2655584216117859,0.5726510882377625,332.0
bg_23746,0.7946678400039673,0.263013482093811,0.5723199844360352,364.0
bg_23749,0.8194906711578369,0.272767573595047,0.5522971749305725,101.0
bg_23750,0.8267134428024292,0.2765455245971679,0.5684109330177307,379.0
bg_23753,0.8167402148246765,0.2323983460664749,0.5460385084152222,228.0
bg_23754,0.8689476847648621,0.3769728243350982,0.6697080731391907,496.0
bg_23756,0.7446761727333069,0.2364760935306549,0.5332132577896118,474.0
bg_23758,0.8347693085670471,0.334891140460968,0.6547428965568542,149.0
bg_23760,0.8258422613143921,0.2719557583332062,0.5802008509635925,382.0
bg_23768,0.798772931098938,0.2514671683311462,0.5603547692298889,865.0
bg_23771,0.7865415811538696,0.2481623142957687,0.5489218831062317,429.0
bg_23772,0.8161414265632629,0.3330151736736297,0.6253172755241394,120.0
bg_23774,0.7832346558570862,0.2010905444622039,0.5151950716972351,487.0
bg_23780,0.8252554535865784,0.3160135447978973,0.6097432374954224,112.0
bg_23785,0.8399060964584351,0.3153926432132721,0.6236143708229065,422.0
bg_23791,0.5639426708221436,0.1826464235782623,0.4049898386001587,88.0
bg_23794,0.7645851969718933,0.2676243782043457,0.5406615734100342,474.0
bg_23796,0.8229522109031677,0.2954400479793548,0.5826058983802795,120.0
bg_23799,0.8196337819099426,0.2406143993139267,0.5525299906730652,119.0
bg_23811,0.8577963709831238,0.3409845232963562,0.6461232900619507,140.0
bg_23814,0.7996543645858765,0.2434489578008651,0.5452448725700378,144.0
bg_23828,0.85731440782547,0.3529846966266632,0.6438434720039368,123.0
bg_23831,0.845499575138092,0.2608370780944824,0.5684758424758911,418.0
bg_23833,0.8537439703941345,0.189845934510231,0.5114089846611023,619.0
bg_23841,0.8028712272644043,0.2858783602714538,0.6033387184143066,658.0
bg_23848,0.5763586163520813,0.1028321161866188,0.3468139171600342,554.0
bg_23849,0.8019159436225891,0.1932578384876251,0.4813158214092254,241.0
bg_23856,0.8299075365066528,0.3188852667808532,0.634579598903656,121.0
bg_23859,0.8202477693557739,0.2912646532058716,0.6133119463920593,472.0
bg_23863,0.8402886390686035,0.2373030185699463,0.5683906078338623,584.0
bg_23870,0.8420246243476868,0.2785879075527191,0.5996150970458984,375.0
bg_23875,0.8570789098739624,0.376085489988327,0.6741892695426941,404.0
bg_23878,0.782973051071167,0.3541178107261657,0.6289997100830078,360.0
bg_23895,0.7426679134368896,0.2257181704044342,0.5184177160263062,223.0
bg_23909,0.8494904637336731,0.3569760024547577,0.653462827205658,116.0
bg_23911,0.6773818731307983,0.1856383234262466,0.4479960203170776,485.0
bg_23914,0.8243057131767273,0.3744245171546936,0.660172700881958,152.0
bg_23916,0.8023061752319336,0.2878523766994476,0.5962103009223938,213.0
bg_23918,0.8770904541015625,0.4256935715675354,0.7092467546463013,400.0
bg_23921,0.8727776408195496,0.3366280198097229,0.6377468109130859,167.0
bg_23927,0.7854501605033875,0.2682281732559204,0.5857251882553101,120.0
bg_23935,0.7357997298240662,0.2828060388565063,0.5257550477981567,348.0
bg_23949,0.9082472324371338,0.4161888062953949,0.7164664268493652,280.0
bg_23951,0.5755119919776917,0.0970561727881431,0.3189488649368286,535.0
bg_23952,0.8185730576515198,0.3171526789665222,0.6252080202102661,156.0
bg_23954,0.8677412271499634,0.3747433125972748,0.6891556978225708,128.0
bg_23960,0.7853688597679138,0.1666996479034423,0.4351540207862854,397.0
bg_23976,0.7988432049751282,0.2849804162979126,0.5844823122024536,384.0
bg_23993,0.807504415512085,0.3039785921573639,0.5926474332809448,93.0
bg_23994,0.8169097304344177,0.3000256717205047,0.6058272123336792,66.0
bg_24000,0.855398416519165,0.3841591775417328,0.6848708987236023,254.0
bg_24015,0.8540650010108948,0.3224210143089294,0.6390945315361023,145.0
bg_24017,0.821527361869812,0.2542416751384735,0.5696309804916382,222.0
bg_24029,0.7912642955780029,0.2453225404024124,0.5450770854949951,440.0
bg_24039,0.8811287879943848,0.3095883131027221,0.6225671172142029,222.0
bg_24043,0.7339709401130676,0.1927842050790786,0.4589298665523529,300.0
bg_24045,0.7442306280136108,0.2173464596271515,0.5329779386520386,467.0
bg_24046,0.8305959701538086,0.3619172573089599,0.6535331606864929,274.0
bg_24055,0.8379666805267334,0.2367438375949859,0.5511533617973328,135.0
bg_24061,0.8535295724868774,0.3351321816444397,0.626340389251709,236.0
bg_24062,0.7639341354370117,0.2938377559185028,0.5963357090950012,151.0
bg_24066,0.881047248840332,0.3723517060279846,0.6743974089622498,148.0
bg_24071,0.6687318682670593,0.3221528530120849,0.5829735398292542,140.0
bg_24072,0.851194441318512,0.3044202923774719,0.6221705079078674,81.0
bg_24073,0.8647965788841248,0.3077533841133117,0.6269380450248718,357.0
bg_24081,0.7961649894714355,0.2558299899101257,0.557131826877594,108.0
bg_24082,0.7950392961502075,0.2617984116077423,0.5344927310943604,530.0
bg_24086,0.8841155171394348,0.4015261828899383,0.6960723996162415,157.0
bg_24089,0.8189652562141418,0.2088652104139328,0.533351480960846,451.0
bg_24095,0.80306077003479,0.2894967496395111,0.5821475982666016,234.0
bg_24097,0.8027539849281311,0.1892153173685073,0.4980384707450866,267.0
bg_24098,0.82609623670578,0.2680032551288605,0.5816605687141418,144.0
bg_24102,0.8692272305488586,0.3157863914966583,0.6345089673995972,430.0
bg_24105,0.794847309589386,0.1787776798009872,0.4938164055347442,507.0
bg_24107,0.7921739220619202,0.1426891833543777,0.4512120485305786,275.0
bg_24108,0.8414371013641357,0.3175641894340515,0.630407989025116,279.0
bg_24123,0.8766653537750244,0.3699078559875488,0.6657941341400146,636.0
bg_24134,0.8788502216339111,0.4007552564144134,0.6936036944389343,350.0
bg_24135,0.8750931024551392,0.246064156293869,0.5727270245552063,444.0
bg_24140,0.8535072803497314,0.3266818225383758,0.635209321975708,515.0
bg_24153,0.8653336763381958,0.3249146342277527,0.6544333696365356,226.0
bg_24155,0.8143320083618164,0.260796457529068,0.5693819522857666,128.0
bg_24158,0.7904412746429443,0.3206831216812134,0.5925436019897461,193.0
bg_24167,0.8141252994537354,0.2159353047609329,0.5450450778007507,185.0
bg_24169,0.7715200185775757,0.2765023708343506,0.5599644184112549,120.0
bg_24179,0.8338476419448853,0.21210977435112,0.5398336052894592,381.0
bg_24192,0.857545018196106,0.358549028635025,0.6625195741653442,444.0
bg_24206,0.8453992009162903,0.3311933279037475,0.6240319013595581,182.0
bg_24209,0.8884707093238831,0.3045667111873626,0.6192519068717957,191.0
bg_24210,0.865371823310852,0.401080846786499,0.7019983530044556,154.0
bg_24211,0.8375531435012817,0.2719238400459289,0.5752453207969666,210.0
bg_24212,0.8496999144554138,0.3413283228874206,0.6315916180610657,114.0
bg_24215,0.8301844596862793,0.3058079779148102,0.6016706824302673,508.0
bg_24217,0.747790515422821,0.175689622759819,0.4608163237571716,524.0
bg_24223,0.862234890460968,0.3252879381179809,0.6394854784011841,325.0
bg_24225,0.8219183683395386,0.3652634620666504,0.6540610790252686,231.0
bg_24227,0.8891599178314209,0.3690707683563232,0.6620059609413147,395.0
bg_24228,0.8256641030311584,0.2366963773965835,0.5481781959533691,213.0
bg_24232,0.8115475177764893,0.349327802658081,0.638502299785614,143.0
bg_24233,0.7992069721221924,0.2074240297079086,0.5059193968772888,270.0
bg_24236,0.8226553797721863,0.290904700756073,0.6023764610290527,75.0
bg_24244,0.8493140935897827,0.3098178207874298,0.6193584203720093,199.0
bg_24245,0.7875081896781921,0.3091336190700531,0.6038917899131775,504.0
bg_24248,0.6623461246490479,0.0822548791766166,0.3546923398971557,386.0
bg_24251,0.7426822185516357,0.1896044313907623,0.4869825839996338,469.0
bg_24257,0.8426313400268555,0.3239583671092987,0.6120245456695557,122.0
bg_24259,0.8769543766975403,0.2686255872249603,0.5805501341819763,257.0
bg_24260,0.8104521632194519,0.2637943625450134,0.5685749650001526,794.0
bg_24261,0.8573390245437622,0.3464900255203247,0.6510973572731018,138.0
bg_24262,0.8031105399131775,0.236715167760849,0.5329885482788086,377.0
bg_24268,0.802951991558075,0.2330657392740249,0.537339985370636,423.0
bg_24269,0.8539089560508728,0.3391270637512207,0.6496961116790771,142.0
bg_24273,0.8530075550079346,0.3257498741149902,0.6267627477645874,186.0
bg_24274,0.6036412119865417,0.0836321339011192,0.3068423271179199,439.0
bg_24277,0.8177013993263245,0.3043439984321594,0.589452862739563,286.0
bg_24286,0.6466190218925476,0.2268088459968567,0.4636409878730774,484.0
bg_24292,0.8891394734382629,0.4052393436431885,0.6976808905601501,161.0
bg_24301,0.7540189027786255,0.3012590408325195,0.5752882361412048,56.0
bg_24303,0.7915439605712891,0.2679618000984192,0.5385746359825134,344.0
bg_24317,0.846213698387146,0.3284109532833099,0.6265160441398621,382.0
bg_24323,0.7321637272834778,0.1125160381197929,0.4138737320899963,370.0
bg_24328,0.7119276523590088,0.2519625425338745,0.5182751417160034,168.0
bg_24338,0.8416456580162048,0.3254402577877044,0.6269880533218384,909.0
bg_24342,0.7516106367111206,0.227497398853302,0.552147388458252,135.0
bg_24349,0.8114569187164307,0.3534339070320129,0.6475946307182312,101.0
bg_24351,0.7902840971946716,0.2198522984981537,0.5210431218147278,122.0
bg_24353,0.629927933216095,0.1778674870729446,0.4160793423652649,165.0
bg_24354,0.8380922079086304,0.3234108090400696,0.6233022212982178,153.0
bg_24357,0.8568975925445557,0.3797409534454345,0.6898361444473267,398.0
bg_24366,0.8413909673690796,0.3251611590385437,0.6389216780662537,188.0
bg_24367,0.842399537563324,0.2952961921691894,0.5969440340995789,130.0
bg_24372,0.838379442691803,0.4063067436218261,0.6886685490608215,354.0
bg_24375,0.743439793586731,0.1733905524015426,0.4712783098220825,413.0
bg_24376,0.7919214963912964,0.2389999330043792,0.5485315322875977,876.0
bg_24378,0.8579952716827393,0.3763945400714874,0.6682469844818115,190.0
bg_24379,0.8452454805374146,0.2984692752361297,0.6105561256408691,196.0
bg_24384,0.8422854542732239,0.2862273752689361,0.6000168323516846,236.0
bg_24387,0.8785785436630249,0.3388067781925201,0.6547583341598511,168.0
bg_24388,0.8525448441505432,0.3926856815814972,0.6745003461837769,134.0
bg_24389,0.818176805973053,0.2501437962055206,0.5406785011291504,486.0
bg_24390,0.8143516182899475,0.290496677160263,0.5815912485122681,530.0
bg_24391,0.8067339062690735,0.2370860874652862,0.5408437848091125,958.0
bg_24396,0.8662447929382324,0.3776347041130066,0.6848588585853577,153.0
bg_24407,0.8183189630508423,0.1749937236309051,0.4830074310302734,486.0
bg_24419,0.8650162220001221,0.3379403352737427,0.646026611328125,343.0
bg_24441,0.8528878092765808,0.3155642747879028,0.6152740120887756,365.0
bg_24442,0.818595826625824,0.3330365121364593,0.6463059782981873,117.0
bg_24457,0.8145167827606201,0.3498419225215912,0.6234273314476013,894.0
bg_24461,0.8173968195915222,0.3175534904003143,0.6243014931678772,105.0
bg_24462,0.8348884582519531,0.2642673850059509,0.5766249299049377,302.0
bg_24465,0.84246426820755,0.2391233444213867,0.5803197622299194,110.0
bg_24468,0.8619013428688049,0.3479136824607849,0.6540977954864502,125.0
bg_24475,0.8464062809944153,0.334588348865509,0.6385350823402405,149.0
bg_24488,0.3033140301704407,-0.1421119570732116,-0.0061080777086317,555.0
bg_24495,0.8505237102508545,0.3545581996440887,0.6709690690040588,124.0
bg_24498,0.869601845741272,0.3522979021072387,0.6622308492660522,158.0
bg_24501,0.8713386058807373,0.3461029529571533,0.6542578935623169,766.0
bg_24505,0.8204318881034851,0.2762066423892975,0.5713065266609192,528.0
bg_24506,0.8808952569961548,0.3745943009853363,0.6892827153205872,518.0
bg_24508,0.8377273678779602,0.2852867543697357,0.5684118270874023,540.0
bg_24521,0.8255990147590637,0.3367962539196014,0.6546528935432434,222.0
bg_24522,0.8590313792228699,0.2702776193618774,0.5857045650482178,150.0
bg_24528,0.8534925580024719,0.3113422095775604,0.6272099018096924,168.0
bg_24531,0.7795462012290955,0.2209775298833847,0.5099422931671143,489.0
bg_24544,0.8230627179145813,0.3057620823383331,0.6148287653923035,118.0
bg_24562,0.8453856706619263,0.3375786244869232,0.6464462280273438,419.0
bg_24567,0.8532196283340454,0.2439330071210861,0.5334352850914001,439.0
bg_24568,0.7912216782569885,0.2784955501556396,0.5761566758155823,177.0
bg_24570,0.8319076895713806,0.2949569225311279,0.6037487387657166,351.0
bg_24573,0.8228261470794678,0.318531185388565,0.6185799837112427,451.0
bg_24577,0.814595103263855,0.26368048787117,0.5624890327453613,810.0
bg_24582,0.7767475843429565,0.2127843797206878,0.4938274621963501,434.0
bg_24583,0.8438656330108643,0.2178099155426025,0.5499781370162964,300.0
bg_24590,0.7910546064376831,0.2763999104499817,0.5788794159889221,444.0
bg_24591,0.7628176808357239,0.2601246237754822,0.5523344874382019,449.0
bg_24593,0.8494758009910583,0.3381936848163605,0.650006890296936,149.0
bg_24595,0.8847201466560364,0.3459555208683014,0.6619387269020081,506.0
bg_24598,0.8032112717628479,0.2870106697082519,0.5652382969856262,493.0
bg_24604,0.8315526843070984,0.3265719711780548,0.6076206564903259,185.0
bg_24605,0.8141387104988098,0.2205487936735153,0.5228216052055359,147.0
bg_24607,0.7093111872673035,0.1626611202955246,0.4361456036567688,397.0
bg_24614,0.8569398522377014,0.3114729821681976,0.6232374906539917,95.0
bg_24626,0.8333395719528198,0.3233846426010132,0.6194078922271729,124.0
bg_24631,0.8182816505432129,0.2054187208414077,0.5251584053039551,367.0
bg_24637,0.8374339938163757,0.282129168510437,0.5955101251602173,473.0
bg_24641,0.8295226693153381,0.1896602809429168,0.5054688453674316,187.0
bg_24643,0.8218995332717896,0.2748602330684662,0.5961085557937622,141.0
bg_24653,0.880784809589386,0.353645771741867,0.6502565741539001,510.0
bg_24661,0.8421381115913391,0.3495543301105499,0.6499842405319214,385.0
bg_24664,0.8332658410072327,0.3445803225040436,0.6394261717796326,161.0
bg_24667,0.8643889427185059,0.3968291580677032,0.661641538143158,91.0
bg_24669,0.856865644454956,0.3271191120147705,0.6583258509635925,155.0
bg_24678,0.7970418930053711,0.2737612724304199,0.5915629863739014,468.0
bg_24687,0.8142769932746887,0.3462878763675689,0.6305646300315857,435.0
bg_24689,0.8640571236610413,0.3425341248512268,0.6353504061698914,99.0
bg_24699,0.810718834400177,0.202226236462593,0.5417041182518005,125.0
bg_24703,0.8945542573928833,0.3836889564990997,0.6695380806922913,641.0
bg_24734,0.8736299276351929,0.3253715634346008,0.6428200006484985,432.0
bg_24736,0.8382370471954346,0.209780067205429,0.5475946664810181,363.0
bg_24737,0.8405896425247192,0.2515491247177124,0.5624310970306396,138.0
bg_24758,0.8380413055419922,0.3082292079925537,0.6016055345535278,162.0
bg_24768,0.8373390436172485,0.3179212808609009,0.6151865720748901,399.0
bg_24770,0.8569730520248413,0.3260308504104614,0.6180135011672974,265.0
bg_24773,0.8767386674880981,0.3603883981704712,0.6583275198936462,145.0
bg_24774,0.8422451615333557,0.2667110860347748,0.5723583698272705,263.0
bg_24776,0.8772411346435547,0.40045827627182,0.6893320083618164,357.0
bg_24799,0.8452010750770569,0.2283743172883987,0.5451616048812866,431.0
bg_24805,0.8732863068580627,0.3572869002819061,0.6738934516906738,1055.0
bg_24811,0.6815012097358704,0.1065537482500076,0.381349116563797,525.0
bg_24812,0.8847740888595581,0.3329883515834808,0.6501733064651489,499.0
bg_24815,0.843843936920166,0.263720840215683,0.5762020945549011,404.0
bg_24823,0.8656709790229797,0.3855000138282776,0.697117805480957,307.0
bg_24825,0.7523612380027771,0.1900476664304733,0.486699104309082,443.0
bg_24832,0.8536121845245361,0.288671612739563,0.6143624782562256,130.0
bg_24840,0.8376553058624268,0.3431347012519836,0.6577221155166626,149.0
bg_24843,0.8265590071678162,0.2949705123901367,0.6073840260505676,442.0
bg_24849,0.8381387591362,0.2318810522556305,0.5606771111488342,1035.0
bg_24850,0.853760302066803,0.3146536350250244,0.6155233383178711,134.0
bg_24855,0.8536534905433655,0.243667647242546,0.5685041546821594,866.0
bg_24860,0.8183965682983398,0.3738645911216736,0.6426517963409424,452.0
bg_24861,0.8067712187767029,0.2848344147205353,0.5784136652946472,136.0
bg_24863,0.8193649649620056,0.2392773777246475,0.5300814509391785,537.0
bg_24864,0.8692702651023865,0.3189419507980346,0.6259142160415649,238.0
bg_24867,0.7625559568405151,0.2712521255016327,0.5671717524528503,421.0
bg_24875,0.7908915281295776,0.209886148571968,0.5291351079940796,379.0
bg_24876,0.8629520535469055,0.3306367993354797,0.6271035075187683,148.0
bg_24880,0.7404730319976807,0.2352000027894973,0.4985574781894684,253.0
bg_24881,0.8578330278396606,0.2608189880847931,0.5621303915977478,176.0
bg_24888,0.8065119981765747,0.3067154288291931,0.5945919156074524,356.0
bg_24890,0.8448272943496704,0.3559204936027527,0.65529865026474,144.0
bg_24898,0.8613530397415161,0.3766516745090484,0.681344211101532,238.0
bg_24910,0.8577333688735962,0.3312983214855194,0.654190719127655,579.0
bg_24913,0.8185871243476868,0.3095591962337494,0.6188998818397522,466.0
bg_24914,0.8420640230178833,0.3484378755092621,0.6676212549209595,208.0
bg_24916,0.7448122501373291,0.2794166803359985,0.5013149380683899,127.0
bg_24917,0.8614261746406555,0.2957280278205871,0.6115278005599976,156.0
bg_24927,0.8061283230781555,0.2900740802288055,0.5922112464904785,367.0
bg_24930,0.8345499634742737,0.3581622838973999,0.6462485790252686,119.0
bg_24932,0.8103804588317871,0.2764198184013366,0.5921619534492493,430.0
bg_24937,0.7992016673088074,0.2177110463380813,0.5332538485527039,276.0
bg_24942,0.826478898525238,0.3694691658020019,0.6274760961532593,112.0
bg_24948,0.7984418272972107,0.2715843617916107,0.579882025718689,438.0
bg_24950,0.8457237482070923,0.2845118939876556,0.5880600810050964,598.0
bg_24952,0.8501786589622498,0.2564024925231933,0.5867450833320618,107.0
bg_24961,0.8731839656829834,0.372938722372055,0.670011579990387,89.0
bg_24968,0.8552971482276917,0.3367975652217865,0.6517134308815002,240.0
bg_24981,0.8147660493850708,0.237644761800766,0.5536251664161682,274.0
bg_24991,0.8382205367088318,0.2936489880084991,0.5994652509689331,352.0
bg_24999,0.8186601400375366,0.2352932840585708,0.5511797070503235,380.0
bg_25007,0.8453689217567444,0.3154056072235107,0.6109922528266907,541.0
bg_25014,0.8535861372947693,0.305957019329071,0.6269044876098633,271.0
bg_25018,0.8185096383094788,0.2278118282556533,0.5445520281791687,349.0
bg_25031,0.7832070589065552,0.1865757405757904,0.5019322037696838,508.0
bg_25034,0.8338221907615662,0.3492144644260406,0.6513946056365967,295.0
bg_25036,0.709378719329834,0.294644832611084,0.5488083362579346,274.0
bg_25039,0.8376690745353699,0.3115100860595703,0.6149672865867615,365.0
bg_25049,0.7922991514205933,0.2315108627080917,0.5431526899337769,194.0
bg_25051,0.8931649923324585,0.3924124240875244,0.6899118423461914,312.0
bg_25058,0.8635523319244385,0.3517478108406067,0.6542783975601196,336.0
bg_25062,0.7793740630149841,0.2909767925739288,0.5881578922271729,186.0
bg_25065,0.8498014211654663,0.2980115413665771,0.6123567819595337,151.0
bg_25075,0.8521327376365662,0.3451059460639953,0.6541959047317505,189.0
bg_25077,0.8416481018066406,0.2274251729249954,0.5425689816474915,540.0
bg_25079,0.8560141921043396,0.3113892078399658,0.6315609216690063,149.0
bg_25086,0.7833136320114136,0.3229674696922302,0.5862516164779663,143.0
bg_25097,0.8530970811843872,0.3273198902606964,0.6308354735374451,201.0
bg_25102,0.8848671317100525,0.3005273044109344,0.6272061467170715,198.0
bg_25106,0.8363315463066101,0.3110445141792297,0.6038191914558411,256.0
bg_25111,0.7437288761138916,0.2483081221580505,0.5566951036453247,374.0
bg_25115,0.8706213235855103,0.3927484452724457,0.6849267482757568,606.0
bg_25119,0.5874195098876953,0.0800635293126106,0.3182598352432251,550.0
bg_25120,0.8534253239631653,0.4081181287765503,0.6941804885864258,277.0
bg_25137,0.7619588971138,0.0733175054192543,0.3134771287441253,238.0
bg_25144,0.8536877036094666,0.2400246411561966,0.5527797937393188,450.0
bg_25146,0.867199182510376,0.3549854755401611,0.6582726240158081,188.0
bg_25153,0.8613118529319763,0.2920875549316406,0.6228216290473938,457.0
bg_25157,0.8289822936058044,0.239908218383789,0.5294069647789001,174.0
bg_25159,0.8105340600013733,0.1766861975193023,0.5096173882484436,425.0
bg_25173,0.818473219871521,0.2959334850311279,0.5995817184448242,396.0
bg_25175,0.8651202321052551,0.4078892469406128,0.6853631734848022,202.0
bg_25180,0.861596941947937,0.2890891134738922,0.6171398162841797,190.0
bg_25182,0.6623027324676514,0.2060452252626419,0.475041776895523,371.0
bg_25188,0.8460982441902161,0.2755898833274841,0.587624192237854,287.0
bg_25190,0.8714378476142883,0.3821231126785278,0.6698301434516907,491.0
bg_25193,0.7217705845832825,0.1700270771980285,0.4791887700557709,502.0
bg_25195,0.7616629600524902,0.185516744852066,0.4702971577644348,406.0
bg_25199,0.8848174810409546,0.3610799312591553,0.6655958294868469,164.0
bg_25202,0.860906720161438,0.3309292197227478,0.6502966284751892,325.0
bg_25206,0.8377322554588318,0.284466028213501,0.5998374819755554,149.0
bg_25208,0.8342083692550659,0.3253776431083679,0.6305825114250183,391.0
bg_25209,0.8872987627983093,0.3854612410068512,0.6772754788398743,133.0
bg_25212,0.8695643544197083,0.2737739086151123,0.607771098613739,324.0
bg_25216,0.7170745134353638,0.1585419923067093,0.453230082988739,480.0
bg_25237,0.7790663838386536,0.2558144330978393,0.5404943823814392,453.0
bg_25238,0.798778772354126,0.319442868232727,0.6147116422653198,159.0
bg_25244,0.7324024438858032,0.2476473748683929,0.5210043787956238,414.0
bg_25254,0.8690816164016724,0.2785349190235138,0.6031864881515503,185.0
bg_25255,0.7942668199539185,0.2634665369987488,0.5508455038070679,409.0
bg_25256,0.8690447807312012,0.3605759143829345,0.6580652594566345,336.0
bg_25265,0.8324185013771057,0.3031204044818878,0.5993468761444092,720.0
bg_25271,0.8543905019760132,0.2918591797351837,0.6139699816703796,86.0
bg_25277,0.8177397847175598,0.2799398601055145,0.5756158828735352,395.0
bg_25278,0.7054364085197449,0.2491778284311294,0.5159326791763306,350.0
bg_25284,0.84157395362854,0.3659855127334595,0.6638032793998718,312.0
bg_25289,0.8674523234367371,0.3337059020996094,0.6393765211105347,128.0
bg_25291,0.8456125259399414,0.3229406774044037,0.6150620579719543,198.0
bg_25294,0.8300831317901611,0.2712377607822418,0.5803349614143372,491.0
bg_25295,0.8059236407279968,0.216796413064003,0.5331162810325623,519.0
bg_25296,0.8580160140991211,0.2912067472934723,0.6005116701126099,171.0
bg_25304,0.8459278345108032,0.2979317903518677,0.6121320724487305,436.0
bg_25319,0.8208866119384766,0.284769207239151,0.5996742248535156,129.0
bg_25323,0.7911025285720825,0.2281922399997711,0.532842755317688,445.0
bg_25334,0.6739398837089539,0.1935536116361618,0.4696708023548126,192.0
bg_25345,0.8144513368606567,0.3064974546432495,0.5994393229484558,341.0
bg_25347,0.7521238923072815,0.2982994318008423,0.5566647052764893,415.0
bg_25348,0.7754814624786377,0.229197159409523,0.5453497767448425,450.0
bg_25349,0.8531496524810791,0.3283292055130005,0.632627546787262,120.0
bg_25353,0.8498101234436035,0.3327975869178772,0.6467195749282837,195.0
bg_25354,0.7790940403938293,0.2006876617670059,0.5063166618347168,488.0
bg_25355,0.8468309640884399,0.427562415599823,0.6951926350593567,65.0
bg_25358,0.8300535678863525,0.2663606703281402,0.571121335029602,148.0
bg_25359,0.754611611366272,0.2127602249383926,0.5443871021270752,438.0
bg_25370,0.85003662109375,0.2904394268989563,0.6036388278007507,358.0
bg_25394,0.842013418674469,0.2879635393619537,0.5878099203109741,115.0
bg_25398,0.8567912578582764,0.3066640794277191,0.6056261658668518,516.0
bg_25414,0.8502153754234314,0.3150443136692047,0.641051709651947,130.0
bg_25418,0.8846213817596436,0.3780945837497711,0.6832875609397888,518.0
bg_25419,0.7408174872398376,0.1631419211626052,0.4398496448993683,281.0
bg_25422,0.8266053199768066,0.2293559908866882,0.5608880519866943,384.0
bg_25426,0.7798641920089722,0.2834963500499725,0.5742217302322388,222.0
bg_25440,0.8649775385856628,0.4005824327468872,0.7030810117721558,336.0
bg_25444,0.6456426382064819,0.1822504848241806,0.4117880463600158,350.0
bg_25449,0.8344244956970215,0.2357474565505981,0.5402670502662659,118.0
bg_25451,0.8064753413200378,0.2085297703742981,0.5170460343360901,419.0
bg_25457,0.8127571940422058,0.2637030780315399,0.560644805431366,174.0
bg_25463,0.7800877690315247,0.2399323284626007,0.5438928008079529,81.0
bg_25474,0.8229656219482422,0.274536669254303,0.5794006586074829,169.0
bg_25476,0.857313334941864,0.3061628043651581,0.6352440118789673,506.0
bg_25478,0.8371440172195435,0.3130422532558441,0.6112997531890869,115.0
bg_25481,0.8289301991462708,0.3289602696895599,0.6269983053207397,202.0
bg_25483,0.6973731517791748,0.1585265547037124,0.4700566530227661,493.0
bg_25484,0.8138524889945984,0.2123910337686538,0.5058659911155701,277.0
bg_25488,0.805488109588623,0.3034153580665588,0.5825870037078857,84.0
bg_25498,0.7537891864776611,0.1917850077152252,0.4358142912387848,410.0
bg_25499,0.7698400020599365,0.3504194617271423,0.6213628053665161,162.0
bg_25502,0.8773558139801025,0.1893946081399917,0.5531787872314453,501.0
bg_25516,0.8304762840270996,0.2769696712493896,0.5892719030380249,137.0
bg_25522,0.7464406490325928,0.2788276970386505,0.539673388004303,412.0
bg_25527,0.7615682482719421,0.2207903265953064,0.51413893699646,88.0
bg_25530,0.8808505535125732,0.3574957549571991,0.6736049056053162,880.0
bg_25533,0.8147822618484497,0.3338512480258941,0.6190747022628784,265.0
bg_25552,0.7880902290344238,0.3391225934028625,0.6264065504074097,193.0
bg_25555,0.7755351066589355,0.2708424627780914,0.5580123662948608,104.0
bg_25559,0.8777709007263184,0.3569658994674682,0.6545397043228149,141.0
bg_25561,0.8459265828132629,0.3157858550548553,0.6231065988540649,191.0
bg_25562,0.8186994194984436,0.3311373889446258,0.6235189437866211,532.0
bg_25578,0.8922995328903198,0.3680776357650757,0.6662090420722961,498.0
bg_25586,0.8143310546875,0.2918858230113983,0.5838904976844788,419.0
bg_25590,0.8620160818099976,0.3223959505558014,0.6306169033050537,176.0
bg_25595,0.8617565631866455,0.3680934906005859,0.6587952971458435,117.0
bg_25621,0.825431764125824,0.3030401766300201,0.6111769080162048,372.0
bg_25622,0.849585235118866,0.3417203426361084,0.635104238986969,488.0
bg_25627,0.8496938347816467,0.3261895477771759,0.6195155382156372,604.0
bg_25638,0.6626325249671936,0.2206622064113617,0.4356023073196411,787.0
bg_25650,0.7392717003822327,0.2209967374801635,0.5019969344139099,233.0
bg_25652,0.8766712546348572,0.3897125124931335,0.6865270733833313,377.0
bg_25665,0.5912277102470398,0.1255400627851486,0.3760073482990265,137.0
bg_25676,0.8422558903694153,0.2396778911352157,0.5478811860084534,187.0
bg_25681,0.8696674108505249,0.3311174809932709,0.6422788500785828,117.0
bg_25690,0.7874802350997925,0.2083524018526077,0.505773663520813,95.0
bg_25694,0.8778479099273682,0.4314340949058532,0.7208827137947083,351.0
bg_25707,0.7669079303741455,0.1651661247014999,0.4752020239830017,272.0
bg_25720,0.7771021127700806,0.2483682185411453,0.5434673428535461,182.0
bg_25729,0.5491434931755066,0.1114696562290191,0.3612573444843292,420.0
bg_25738,0.7298834323883057,0.2366743385791778,0.5253896713256836,375.0
bg_25741,0.8259031176567078,0.3041881024837494,0.6100485324859619,83.0
bg_25742,0.822264552116394,0.2942419648170471,0.5996928811073303,463.0
bg_25752,0.8538057804107666,0.3191065788269043,0.6316652297973633,139.0
bg_25763,0.8220632076263428,0.2779125571250915,0.575596034526825,205.0
bg_25770,0.877232551574707,0.2600051760673523,0.5811592936515808,484.0
bg_25782,0.7688977718353271,0.2232067584991455,0.5560639500617981,87.0
bg_25784,0.8732084035873413,0.305605947971344,0.6192556023597717,439.0
bg_25786,0.9001908302307129,0.3763429820537567,0.672593891620636,214.0
bg_25788,0.884742796421051,0.4058601260185241,0.7019251585006714,370.0
bg_25789,0.8606934547424316,0.2449967861175537,0.5517397522926331,163.0
bg_25790,0.8066105246543884,0.3694096505641937,0.6233938932418823,416.0
bg_25795,0.8299950361251831,0.2119932323694229,0.5326241850852966,202.0
bg_25799,0.8457236886024475,0.3346673846244812,0.650305986404419,676.0
bg_25806,0.8497608304023743,0.3458778262138366,0.6599180698394775,226.0
bg_25807,0.821437656879425,0.3566291928291321,0.6527330279350281,135.0
bg_25819,0.8380305171012878,0.3351982235908508,0.6265739798545837,310.0
bg_25823,0.8185561895370483,0.2440508306026458,0.560369610786438,457.0
bg_25824,0.8576378226280212,0.329246312379837,0.6307312250137329,354.0
bg_25830,0.8034681677818298,0.2126482874155044,0.5010297894477844,483.0
bg_25831,0.7906156778335571,0.2130505889654159,0.5293903946876526,506.0
bg_25844,0.8453773856163025,0.3075031042098999,0.6192180514335632,421.0
bg_25846,0.8223538398742676,0.3119043409824371,0.622600257396698,114.0
bg_25847,0.8731198906898499,0.3743391633033752,0.6735326647758484,163.0
bg_25850,0.8339882493019104,0.3041212260723114,0.6151655316352844,409.0
bg_25853,-0.1141400337219238,0.035186231136322,0.0910541489720344,488.0
bg_25867,0.8535774946212769,0.3640592396259308,0.6466104388237,591.0
bg_25871,0.8390400409698486,0.2824911773204803,0.6111540198326111,216.0
bg_25873,0.7992364764213562,0.3183561861515045,0.6043897867202759,359.0
bg_25875,0.8376723527908325,0.3141782581806183,0.6311324238777161,704.0
bg_25889,0.658185601234436,0.1990668773651123,0.4786099791526794,205.0
bg_25890,0.716383159160614,0.2124929875135421,0.4961368143558502,401.0
bg_25894,0.8736163377761841,0.3617253303527832,0.6621036529541016,139.0
bg_25897,0.8924061059951782,0.3947010934352875,0.6890264749526978,268.0
bg_25899,0.849862277507782,0.3132425844669342,0.6160617470741272,499.0
bg_25902,0.8259987235069275,0.3188794255256653,0.6266652941703796,498.0
bg_25903,0.869213342666626,0.298063188791275,0.5914121866226196,507.0
bg_25904,0.8531380891799927,0.3409848213195801,0.6578686833381653,553.0
bg_25905,0.8453012704849243,0.3348970115184784,0.6425477266311646,485.0
bg_25913,0.8308984041213989,0.3023250102996826,0.6037972569465637,442.0
bg_25914,0.8363614678382874,0.3057195842266083,0.6111387610435486,162.0
bg_25923,0.4794089794158935,0.0261320266872644,0.239775076508522,405.0
bg_25924,0.8494229912757874,0.2856766581535339,0.5820086002349854,756.0
bg_25945,0.892496645450592,0.4169823825359344,0.7171686887741089,267.0
bg_25953,0.8886642456054688,0.3966951072216034,0.6973649859428406,476.0
bg_25957,0.8463855981826782,0.2564989626407623,0.5734217762947083,207.0
bg_25964,0.8390189409255981,0.2894381284713745,0.6153324842453003,193.0
bg_25971,0.8184961676597595,0.3263325095176697,0.6267008781433105,381.0
bg_25978,0.8606972694396973,0.3802847564220428,0.6741111874580383,117.0
bg_25979,0.8571426272392273,0.3146624267101288,0.6271851658821106,378.0
bg_25980,0.7717199921607971,0.3066805899143219,0.6045224666595459,397.0
bg_25990,0.8870421051979065,0.3267354369163513,0.6345022320747375,533.0
bg_25991,0.846182107925415,0.2559338510036468,0.5798448324203491,359.0
bg_25995,0.4061323404312134,0.0572661235928535,0.2481138259172439,142.0
bg_25998,0.8506448864936829,0.2945255637168884,0.6133587956428528,329.0
bg_25999,0.8459904193878174,0.3033447861671448,0.626481294631958,451.0
bg_26003,0.8191648125648499,0.3053681850433349,0.6034821271896362,261.0
bg_26006,0.780163586139679,0.2245006710290908,0.439324676990509,252.0
bg_26012,0.8356283903121948,0.3124973773956299,0.6189101338386536,154.0
bg_26018,0.8592565059661865,0.2930715084075928,0.6235135197639465,134.0
bg_26034,0.7870613932609558,0.2353968322277069,0.5180668830871582,575.0
bg_26036,0.8659736514091492,0.4135396778583526,0.7177899479866028,173.0
bg_26038,0.8269482254981995,0.3193224966526031,0.626443088054657,170.0
bg_26045,0.8221954107284546,0.2799215912818908,0.5982986092567444,183.0
bg_26052,0.8233067989349365,0.2789401412010193,0.575954020023346,187.0
bg_26056,0.5833916664123535,0.119521751999855,0.3454935550689697,473.0
bg_26065,0.8104607462882996,0.2296731770038604,0.517885148525238,928.0
bg_26086,0.7637706995010376,0.2975956797599792,0.5964608788490295,836.0
bg_26089,0.8687052130699158,0.3024335205554962,0.622592031955719,451.0
bg_26092,0.5798987746238708,0.1115202009677887,0.3008249700069427,488.0
bg_26100,0.8065677285194397,0.2159546762704849,0.5245937705039978,395.0
bg_26103,0.813515841960907,0.2549585103988647,0.5564674139022827,107.0
bg_26104,0.8538681268692017,0.311594694852829,0.635506808757782,222.0
bg_26107,0.8579127192497253,0.3619772493839264,0.6602018475532532,211.0
bg_26109,0.8690634369850159,0.3408784866333008,0.646640419960022,381.0
bg_26112,0.8610416650772095,0.3464952707290649,0.6426395177841187,159.0
bg_26114,0.8143380284309387,0.2226700484752655,0.556315541267395,102.0
bg_26115,0.8569971919059753,0.3429360687732696,0.6543176770210266,210.0
bg_26117,0.6931689977645874,0.2277815192937851,0.4710618257522583,469.0
bg_26119,0.8293705582618713,0.2590794265270233,0.5757848620414734,185.0
bg_26121,0.7600958347320557,0.2562614977359772,0.557450532913208,476.0
bg_26133,0.8347114324569702,0.2636750936508178,0.5786500573158264,174.0
bg_26138,0.8498184084892273,0.2836690247058868,0.571933388710022,611.0
bg_26145,0.8301504254341125,0.3411908447742462,0.6355809569358826,105.0
bg_26149,0.8113244771957397,0.3460460901260376,0.5883448719978333,639.0
bg_26151,0.8658636212348938,0.375844657421112,0.6891935467720032,91.0
bg_26153,0.8412144184112549,0.3467654585838318,0.6420575380325317,166.0
bg_26157,0.8539823293685913,0.2662953436374664,0.5649524927139282,258.0
bg_26158,0.7722979784011841,0.19832743704319,0.4765073955059051,242.0
bg_26173,0.8324081897735596,0.3327162861824035,0.6061517000198364,410.0
bg_26189,0.8237224221229553,0.3696071803569793,0.6604999303817749,215.0
bg_26198,0.8449641466140747,0.3093606531620025,0.6349440813064575,172.0
bg_26205,0.8497506380081177,0.2908770740032196,0.6267012357711792,168.0
bg_26207,0.8924000263214111,0.3232989907264709,0.6505225896835327,470.0
bg_26208,0.7991913557052612,0.1679836809635162,0.4855377972126007,472.0
bg_26219,0.8633974194526672,0.354677677154541,0.6550770401954651,184.0
bg_26221,0.8558931946754456,0.2630369067192077,0.58821040391922,190.0
bg_26237,0.8651192784309387,0.3456348776817322,0.6467945575714111,375.0
bg_26241,0.8404788970947266,0.3426339626312256,0.6661847829818726,124.0
bg_26244,0.8266028761863708,0.2637451887130737,0.572414755821228,442.0
bg_26255,0.7017737030982971,0.1390484720468521,0.4175311326980591,552.0
bg_26268,0.8724353313446045,0.4279034733772278,0.7191160321235657,356.0
bg_26280,0.8695289492607117,0.3519425392150879,0.65651935338974,186.0
bg_26281,0.8338033556938171,0.3643515110015869,0.6621314883232117,277.0
bg_26283,0.8631633520126343,0.3371042013168335,0.6506340503692627,148.0
bg_26287,0.8068302869796753,0.2574802935123443,0.5560608506202698,216.0
bg_26289,0.818584144115448,0.1886448115110397,0.5251458287239075,885.0
bg_26293,0.7524828314781189,0.2631082534790039,0.5369458198547363,89.0
bg_26299,0.8682268261909485,0.3377346992492676,0.6447206139564514,269.0
bg_26302,0.8610063791275024,0.3404552936553955,0.6504469513893127,173.0
bg_26314,0.8114553093910217,0.2050285339355468,0.4979353249073028,228.0
bg_26321,0.8013272881507874,0.2915493845939636,0.5803418159484863,203.0
bg_26322,0.8304280638694763,0.2570362687110901,0.5760176777839661,409.0
bg_26335,0.8295385241508484,0.3370740711688995,0.6262350082397461,164.0
bg_26337,0.8378629088401794,0.2802098095417022,0.5879873633384705,510.0
bg_26338,0.7945146560668945,0.2161059081554412,0.5412200689315796,443.0
bg_26339,0.7946966886520386,0.2045792490243911,0.4679338335990906,381.0
bg_26342,0.7561133503913879,0.2057207226753235,0.5100124478340149,475.0
bg_26349,0.8697240948677063,0.3262577056884765,0.623309850692749,191.0
bg_26357,0.8531050682067871,0.3030232191085815,0.6304340958595276,197.0
bg_26368,0.7854391932487488,0.2709379196166992,0.5255659222602844,194.0
bg_26371,0.83840012550354,0.3132359981536865,0.6193657517433167,176.0
bg_26372,0.8391534686088562,0.3284840583801269,0.6387784481048584,105.0
bg_26379,0.8491722345352173,0.3363387882709503,0.6368153691291809,186.0
bg_26391,0.818252682685852,0.1519120037555694,0.476554274559021,178.0
bg_26397,0.7131707072257996,0.2911887168884277,0.5720837712287903,466.0
bg_26401,0.6431270837783813,0.0921425893902778,0.3391607403755188,493.0
bg_26407,0.8303645849227905,0.3067049384117126,0.6229605674743652,172.0
bg_26411,0.8694146871566772,0.3543825149536133,0.6537733674049377,122.0
bg_26418,0.7273092269897461,0.3065641522407532,0.5809061527252197,68.0
bg_26421,0.8590196967124939,0.3691807091236114,0.6689669489860535,156.0
bg_26431,0.7790845036506653,0.2136035859584808,0.5183812975883484,260.0
bg_26432,0.822659432888031,0.3037859797477722,0.5835873484611511,775.0
bg_26434,0.8266403079032898,0.334199994802475,0.635306179523468,148.0
bg_26451,0.8220971822738647,0.3288946747779846,0.618992030620575,88.0
bg_26455,0.7677468061447144,0.1835109293460846,0.4753894507884979,146.0
bg_26457,0.8483521342277527,0.3608668744564056,0.6626022458076477,381.0
bg_26461,0.8188580870628357,0.2520046532154083,0.5645126700401306,385.0
bg_26475,0.8478471636772156,0.3378604650497436,0.6560490727424622,126.0
bg_26496,0.872964084148407,0.3491819202899933,0.6426408886909485,538.0
bg_26503,0.7366282343864441,0.2599307894706726,0.5570259690284729,489.0
bg_26513,0.8810705542564392,0.3875047266483307,0.6897400617599487,141.0
bg_26522,0.8265966176986694,0.3180549740791321,0.6030897498130798,507.0
bg_26524,0.8536592721939087,0.2914479970932007,0.6044774651527405,141.0
bg_26537,0.8031279444694519,0.3035318553447723,0.5879290699958801,406.0
bg_26557,0.8816859126091003,0.3611350059509277,0.666113555431366,192.0
bg_26567,0.7399860620498657,0.2182459533214569,0.5057921409606934,221.0
bg_26569,0.8176411390304565,0.2140034884214401,0.5182157158851624,523.0
bg_26576,0.8475630283355713,0.3153000473976135,0.634913980960846,576.0
bg_26578,0.855074405670166,0.3333496153354645,0.6431880593299866,122.0
bg_26580,0.8359313607215881,0.3200812041759491,0.6270512342453003,474.0
bg_26583,0.8608717918395996,0.2754950821399688,0.6233923435211182,141.0
bg_26586,0.8380304574966431,0.3293559551239013,0.6385842561721802,199.0
bg_26589,0.8722265958786011,0.3183642327785492,0.6379567980766296,265.0
bg_26592,0.8338435292243958,0.2995039522647857,0.6075187921524048,444.0
bg_26593,0.7943636178970337,0.2652682065963745,0.568638026714325,174.0
bg_26595,0.8658283352851868,0.329332560300827,0.642406165599823,168.0
bg_26596,0.8062703013420105,0.2170236408710479,0.5331677794456482,485.0
bg_26599,0.8137284517288208,0.2021113336086273,0.505115270614624,498.0
bg_26600,0.822486400604248,0.2804208695888519,0.5843626260757446,487.0
bg_26604,0.8104047775268555,0.2571151256561279,0.560710608959198,217.0
bg_26614,0.8266810178756714,0.3104715645313263,0.5922232866287231,131.0
bg_26616,0.8887240290641785,0.3561334013938904,0.6695095300674438,514.0
bg_26618,0.8025481104850769,0.0880936905741691,0.4273641705513,555.0
bg_26634,0.8144686818122864,0.232148677110672,0.5486727952957153,349.0
bg_26651,0.8537641167640686,0.3722527027130127,0.6679613590240479,188.0
bg_26665,0.861494779586792,0.3809831738471985,0.6974164843559265,333.0
bg_26670,0.8138869404792786,0.2834598124027252,0.5919300317764282,403.0
bg_26686,0.8181888461112976,0.2116492688655853,0.5219995975494385,459.0
bg_26688,0.8277168273925781,0.2599906325340271,0.5739049911499023,218.0
bg_26691,0.8326621055603027,0.2958082556724548,0.6034520268440247,219.0
bg_26693,0.865298867225647,0.3320783078670501,0.6504950523376465,172.0
bg_26694,0.8241561651229858,0.343420535326004,0.6385107636451721,238.0
bg_26698,0.8183167576789856,0.2203601449728012,0.5328998565673828,518.0
bg_26701,0.7012448906898499,0.180514246225357,0.4615384638309479,107.0
bg_26724,0.8787683248519897,0.3849274516105652,0.6778483986854553,406.0
bg_26726,0.8613722920417786,0.3132622539997101,0.6232504844665527,348.0
bg_26732,0.8380797505378723,0.3223081529140472,0.6270507574081421,417.0
bg_26736,0.8413190245628357,0.2877639830112457,0.6069285869598389,149.0
bg_26737,0.8365914821624756,0.3153738379478454,0.6228792667388916,209.0
bg_26743,0.8313664793968201,0.3415277898311615,0.6225689649581909,390.0
bg_26744,0.863190233707428,0.2169108092784881,0.5439177751541138,320.0
bg_26769,0.8454629778862,0.3211856186389923,0.6344423890113831,133.0
bg_26771,0.8772233724594116,0.3231446146965027,0.6504485011100769,529.0
bg_26781,0.8135260939598083,0.3057777881622314,0.6100587844848633,114.0
bg_26784,0.8385297060012817,0.0510801151394844,0.3630382418632507,402.0
bg_26785,0.8775229454040527,0.3288135826587677,0.6620896458625793,453.0
bg_26788,0.8533413410186768,0.3765408396720886,0.6502460241317749,439.0
bg_26790,0.8331122398376465,0.271533340215683,0.5881218910217285,338.0
bg_26793,0.7412763237953186,0.1934750378131866,0.4717310070991516,487.0
bg_26796,0.8580739498138428,0.2880214750766754,0.6113099455833435,547.0
bg_26805,0.8534101247787476,0.3726019859313965,0.6816277503967285,259.0
bg_26806,0.8419959545135498,0.3063584268093109,0.6232560276985168,512.0
bg_26813,0.841447651386261,0.2598693668842315,0.5747203826904297,304.0
bg_26817,0.8749121427536011,0.3689417839050293,0.6660562753677368,288.0
bg_26819,0.8125501871109009,0.3222196698188782,0.608760416507721,336.0
bg_26831,0.8519511818885803,0.3646034002304077,0.6583629846572876,194.0
bg_26844,0.830805778503418,0.3388556241989136,0.6426268219947815,109.0
bg_26850,0.8163741230964661,0.2906877100467682,0.6015238761901855,172.0
bg_26851,0.8376769423484802,0.2985299527645111,0.6110004186630249,487.0
bg_26852,0.8649167418479919,0.2504658997058868,0.5792649984359741,479.0
bg_26860,0.8505150675773621,0.3211883306503296,0.6343322396278381,144.0
bg_26865,0.8342145085334778,0.3232238590717315,0.6236106157302856,228.0
bg_26868,0.4012950956821441,0.1972597986459732,0.403500497341156,273.0
bg_26874,0.8618009686470032,0.3529031276702881,0.6541855931282043,193.0
bg_26880,0.8648883700370789,0.3487624526023865,0.6547880172729492,157.0
bg_26883,0.8619785904884338,0.404444009065628,0.6898185610771179,161.0
bg_26889,0.7991940975189209,0.2486282438039779,0.5483516454696655,572.0
bg_26900,0.8593520522117615,0.2085394710302353,0.5621179342269897,154.0
bg_26901,0.8445190787315369,0.3534338772296905,0.6705020070075989,352.0
bg_26905,0.8526872396469116,0.3261297941207886,0.6268905997276306,140.0
bg_26912,0.8767746686935425,0.3606500625610351,0.6693821549415588,193.0
bg_26920,0.8535754680633545,0.3424340784549713,0.6325210332870483,286.0
bg_26923,0.8222218155860901,0.3378315269947052,0.6238663792610168,161.0
bg_26924,0.7819138765335083,0.2414777874946594,0.5335426926612854,375.0
bg_26926,0.8451433777809143,0.3134716749191284,0.6153579950332642,110.0
bg_26928,0.7094168066978455,0.1963312029838562,0.4669215679168701,891.0
bg_26936,0.8374297022819519,0.2848111689090729,0.6154279112815857,135.0
bg_26943,0.842629611492157,0.3187449872493744,0.6124030947685242,131.0
bg_26944,0.8495846390724182,0.315691590309143,0.6267794966697693,706.0
bg_26953,0.8433703780174255,0.341768354177475,0.6449555158615112,468.0
bg_26962,0.8790909051895142,0.3626442551612854,0.6537725925445557,339.0
bg_26967,0.7632167339324951,0.22874116897583,0.5337533950805664,369.0
bg_26971,0.720422625541687,0.1878349781036377,0.4637151658535003,431.0
bg_26977,0.8436973690986633,0.3367499113082886,0.6386850476264954,280.0
bg_26979,0.8143349289894104,0.3000240325927734,0.6035675406455994,529.0
bg_26984,0.8066983819007874,0.2230394035577774,0.5327547192573547,517.0
bg_26985,0.869268000125885,0.3602548241615295,0.6737987995147705,326.0
bg_26994,0.8418338298797607,0.3277547061443329,0.6299569606781006,136.0
bg_27000,0.8023326396942139,0.3110664188861847,0.6035337448120117,186.0
bg_27009,0.8102073669433594,0.2510794997215271,0.5607525706291199,427.0
bg_27014,0.8652181029319763,0.3460271656513214,0.6459811329841614,551.0
bg_27021,0.8424555659294128,0.2952024936676025,0.5716301202774048,85.0
bg_27024,0.8694204092025757,0.2683925628662109,0.5993606448173523,210.0
bg_27033,0.8337463140487671,0.2642026543617248,0.563797652721405,185.0
bg_27036,0.6815767884254456,0.1149205863475799,0.3815339505672455,889.0
bg_27039,0.8495153188705444,0.3294630646705627,0.626765787601471,438.0
bg_27043,0.6195879578590393,0.1618501394987106,0.4333661198616028,78.0
bg_27044,0.8775722980499268,0.3652821481227875,0.6774924993515015,205.0
bg_27046,0.8807811737060547,0.3156594038009643,0.6238057613372803,163.0
bg_27050,0.7668074369430542,0.2382586300373077,0.5309165120124817,128.0
bg_27052,0.8566009998321533,0.2762839496135711,0.5733088850975037,159.0
bg_27054,0.8122910261154175,0.2294293791055679,0.5567493438720703,136.0
bg_27055,0.7066183686256409,0.1266316175460815,0.4075673222541809,362.0
bg_27056,0.7164934277534485,0.1507075726985931,0.4112794101238251,437.0
bg_27063,0.8461571931838989,0.2685333788394928,0.6006955504417419,512.0
bg_27065,0.849551260471344,0.2865864634513855,0.5960325598716736,351.0
bg_27072,0.815980851650238,0.248157113790512,0.5559511780738831,373.0
bg_27090,0.8026987314224243,0.1883701980113983,0.4904225170612335,392.0
bg_27099,0.8534542918205261,0.3105126023292541,0.6274330615997314,757.0
bg_27105,0.8145262598991394,0.2570060193538666,0.5720100402832031,602.0
bg_27108,0.8453431129455566,0.3308267891407013,0.6152870059013367,279.0
bg_27109,0.8615553379058838,0.270386666059494,0.6032655239105225,395.0
bg_27113,0.832214891910553,0.2468220889568328,0.5570366978645325,426.0
bg_27115,0.8493911027908325,0.2722808420658111,0.607214093208313,143.0
bg_27127,0.8029080033302307,0.2967294156551361,0.6069411039352417,476.0
bg_27130,0.8467519879341125,0.3614205420017242,0.6699944734573364,280.0
bg_27131,0.8389058709144592,0.2298695147037506,0.5492686033248901,539.0
bg_27134,0.8235077857971191,0.2679378092288971,0.5555393695831299,120.0
bg_27138,0.8185039162635803,0.282134860754013,0.5834540724754333,440.0
bg_27145,0.7443171739578247,0.2331534475088119,0.5371092557907104,470.0
bg_27149,0.8118093609809875,0.2960703372955322,0.5866939425468445,224.0
bg_27162,0.7831284403800964,0.2289758324623108,0.5364716649055481,211.0
bg_27163,0.8496851921081543,0.2649488747119903,0.5812301635742188,178.0
bg_27171,0.8439209461212158,0.3502793908119201,0.6603602766990662,120.0
bg_27172,0.8003009557723999,0.1973977386951446,0.5185799598693848,237.0
bg_27181,0.806158185005188,0.291621595621109,0.5834420323371887,85.0
bg_27183,0.8535734415054321,0.2782915234565735,0.6079127192497253,541.0
bg_27187,0.7877329587936401,0.2589050829410553,0.564257800579071,376.0
bg_27202,0.8929853439331055,0.4114048779010772,0.6970024704933167,167.0
bg_27211,0.84349524974823,0.2822778224945068,0.5965526700019836,60.0
bg_27214,0.8043959736824036,0.2964178919792175,0.599996030330658,156.0
bg_27218,0.8649101257324219,0.3174647688865661,0.6278678774833679,248.0
bg_27223,0.7758201360702515,0.2133077532052993,0.5100466012954712,492.0
bg_27226,0.8636106848716736,0.3108071684837341,0.6190586090087891,448.0
bg_27231,0.8868995308876038,0.3883120715618133,0.7014026641845703,234.0
bg_27238,0.8686314225196838,0.3811565041542053,0.6698880791664124,382.0
bg_27239,0.8501327633857727,0.3844087719917297,0.6727216839790344,153.0
bg_27242,0.8376801609992981,0.3026964664459228,0.626891016960144,413.0
bg_27244,0.8342738747596741,0.2764110267162323,0.5679634809494019,87.0
bg_27247,0.8459624648094177,0.3565484583377838,0.6543203592300415,771.0
bg_27258,0.7510319352149963,0.2835022509098053,0.5565537214279175,470.0
bg_27259,0.8540887832641602,0.3857583999633789,0.6893259882926941,300.0
bg_27261,0.8317322134971619,0.3340025842189789,0.6185543537139893,376.0
bg_27264,0.8695589303970337,0.3231210112571716,0.6462774276733398,118.0
bg_27268,0.7266028523445129,0.2287301421165466,0.5131109952926636,168.0
bg_27278,0.8019616007804871,0.2786848247051239,0.5563237071037292,335.0
bg_27288,0.8421940207481384,0.2821222245693207,0.5998547077178955,510.0
bg_27291,0.8224843144416809,0.3337673246860504,0.6535009741783142,129.0
bg_27295,0.8559100031852722,0.2596223354339599,0.576474666595459,462.0
bg_27296,0.7042711973190308,0.1919352859258651,0.4675135314464569,446.0
bg_27299,0.8311173319816589,0.2786947190761566,0.5994564890861511,75.0
bg_27301,0.8692642450332642,0.2900737524032593,0.6072521805763245,465.0
bg_27309,0.1968865990638733,-0.0919610485434532,0.0373587422072887,197.0
bg_27310,0.8638219833374023,0.3582966029644012,0.6459901332855225,167.0
bg_27312,0.7874584197998047,0.2172936201095581,0.5293715000152588,503.0
bg_27315,0.3703003227710724,0.1960697174072265,0.3239369690418243,259.0
bg_27322,0.7829734683036804,0.155067041516304,0.4982292950153351,508.0
bg_27325,0.8494946956634521,0.3248072564601898,0.5959767699241638,206.0
bg_27327,0.8877748250961304,0.3757862746715545,0.6815534830093384,438.0
bg_27330,0.8485953211784363,0.3523510098457336,0.65248703956604,192.0
bg_27334,0.8538399934768677,0.3574431240558624,0.6548891663551331,386.0
bg_27340,0.8381713628768921,0.2676768600940704,0.5840725302696228,137.0
bg_27342,0.8403341770172119,0.2919629514217376,0.5950483679771423,80.0
bg_27343,0.8620198965072632,0.3276408612728119,0.6113263368606567,119.0
bg_27346,0.8374446630477905,0.2730120122432709,0.593741238117218,170.0
bg_27349,0.8451186418533325,0.2891800999641418,0.5946313142776489,165.0
bg_27350,0.751849889755249,0.2008517831563949,0.5058316588401794,460.0
bg_27362,0.8459869623184204,0.3545857667922973,0.662183940410614,148.0
bg_27367,0.8578415513038635,0.309791088104248,0.6231567859649658,197.0
bg_27374,0.8455191254615784,0.2625143229961395,0.587650716304779,471.0
bg_27383,0.846530020236969,0.2832860350608825,0.5995947122573853,104.0
bg_27386,0.8577829003334045,0.3132059276103973,0.6153698563575745,147.0
bg_27387,0.8801125288009644,0.3969506919384002,0.6900483965873718,207.0
bg_27388,0.8657472133636475,0.3847898840904236,0.6874536275863647,346.0
bg_27389,0.8544124364852905,0.3563618659973144,0.6736956834793091,147.0
bg_27392,0.6811313033103943,0.218477189540863,0.5047950148582458,134.0
bg_27395,0.8774343132972717,0.3286463022232055,0.6341297030448914,141.0
bg_27402,0.8424690961837769,0.2375823557376861,0.5606000423431396,136.0
bg_27406,0.7055976390838623,0.1369072496891021,0.4304940402507782,303.0
bg_27409,0.839513897895813,0.3018411695957184,0.6286847591400146,494.0
bg_27417,0.8574957847595215,0.2917110621929168,0.6107742190361023,197.0
bg_27429,0.857303261756897,0.2963513433933258,0.6161854863166809,184.0
bg_27436,0.8772738575935364,0.3565852642059326,0.6620820760726929,447.0
bg_27443,0.8241569399833679,0.1424627602100372,0.4583441019058227,356.0
bg_27447,0.8712959289550781,0.3848586082458496,0.6661988496780396,1006.0
bg_27448,0.8735402822494507,0.3252641260623932,0.6424142122268677,551.0
bg_27461,0.87760990858078,0.3369618356227875,0.6428853869438171,356.0
bg_27470,0.7827597856521606,0.2823835015296936,0.5764347910881042,194.0
bg_27474,0.8727242350578308,0.3851342797279358,0.6738852262496948,347.0
bg_27475,0.7716646790504456,0.2480063289403915,0.5176256895065308,289.0
bg_27484,0.8532679677009583,0.3133035600185394,0.6232107281684875,745.0
bg_27490,0.8704177141189575,0.3732458651065826,0.6500080823898315,349.0
bg_27492,0.8469269275665283,0.3399612307548523,0.6277101039886475,106.0
bg_27498,0.6117609739303589,0.1848920285701751,0.4862648546695709,153.0
bg_27499,0.8300220966339111,0.3187987208366394,0.5977177023887634,506.0
bg_27501,0.8300685882568359,0.3265074491500854,0.6150704026222229,454.0
bg_27502,0.7756113409996033,0.2483974546194076,0.5451037287712097,393.0
bg_27503,0.8306916952133179,0.167075827717781,0.4867762923240661,285.0
bg_27506,0.8330605030059814,0.3312127888202667,0.6338560581207275,95.0
bg_27511,0.8299360871315002,0.2100898623466491,0.5252708792686462,346.0
bg_27513,0.8806500434875488,0.3522141575813293,0.6665124297142029,170.0
bg_27514,0.8029355406761169,0.1663767844438552,0.4942787587642669,497.0
bg_27515,0.8772295713424683,0.333169013261795,0.6449556350708008,203.0
bg_27519,0.8608043789863586,0.3330719769001007,0.6545186638832092,478.0
bg_27523,0.8220647573471069,0.2945368587970733,0.6044678688049316,104.0
bg_27524,0.4547685980796814,0.0958786085247993,0.3181158006191253,759.0
bg_27543,0.8293861746788025,0.318655788898468,0.6268889904022217,281.0
bg_27545,0.8648669123649597,0.3451879620552063,0.6619065403938293,446.0
bg_27546,0.7800776362419128,0.3077370524406433,0.5997570753097534,57.0
bg_27555,0.8846182227134705,0.3652320206165313,0.6584623456001282,146.0
bg_27556,0.8729997873306274,0.2714258134365082,0.6114844083786011,280.0
bg_27558,0.8452453017234802,0.3180329501628876,0.6348572373390198,481.0
bg_27566,0.8040617108345032,0.2197786122560501,0.5314804911613464,78.0
bg_27573,0.8267718553543091,0.2390283942222595,0.5493598580360413,160.0
bg_27575,0.8012642860412598,0.1942182034254074,0.4892649352550506,371.0
bg_27576,0.8078034520149231,0.2711385190486908,0.5718969106674194,440.0
bg_27582,0.8409075140953064,0.3337226808071136,0.6385512351989746,159.0
bg_27588,0.8182015419006348,0.1884826421737671,0.5140780210494995,480.0
bg_27590,0.8250057101249695,0.2705377340316772,0.566762387752533,180.0
bg_27592,0.8221446871757507,0.3339576423168182,0.6273176670074463,615.0
bg_27593,0.8183070421218872,0.3376489281654358,0.6346947550773621,465.0
bg_27600,0.8810559511184692,0.3916772007942199,0.6968480944633484,326.0
bg_27602,0.865313708782196,0.3184434473514557,0.6231926083564758,573.0
bg_27611,0.8419238328933716,0.3456003665924072,0.6424932479858398,170.0
bg_27615,0.833919882774353,0.2551154494285583,0.5566545128822327,484.0
bg_27622,0.8082840442657471,0.2511711716651916,0.5626403093338013,63.0
bg_27624,0.861398458480835,0.3405755460262298,0.6466357707977295,362.0
bg_27629,0.8691986799240112,0.3612164855003357,0.6583125591278076,501.0
bg_27633,0.876910924911499,0.3071418106555938,0.6227197647094727,729.0
bg_27640,0.8885731101036072,0.3682350814342499,0.6736183762550354,456.0
bg_27651,0.8455225229263306,0.2081861197948455,0.5329498648643494,389.0
bg_27652,0.7984821796417236,0.2398512959480285,0.5572055578231812,617.0
bg_27653,0.7520444393157959,0.2917096614837646,0.5678381323814392,381.0
bg_27666,0.7895687818527222,0.2939790785312652,0.5996591448783875,172.0
bg_27667,0.8257531523704529,0.2393961548805236,0.5720016360282898,511.0
bg_27670,0.7867956161499023,0.180716186761856,0.4941713511943817,309.0
bg_27675,0.8849679827690125,0.3927704989910126,0.704904317855835,391.0
bg_27680,0.853524923324585,0.3428733646869659,0.6367641687393188,444.0
bg_27687,0.8524999618530273,0.3496420085430145,0.6432467103004456,143.0
bg_27693,0.8616127967834473,0.2725603580474853,0.5847085118293762,414.0
bg_27706,0.8657441735267639,0.3602848649024963,0.660918116569519,201.0
bg_27710,0.767857551574707,0.2001911252737045,0.5138459205627441,464.0
bg_27714,0.7309633493423462,0.2213546186685562,0.5099472999572754,210.0
bg_27731,0.8552792072296143,0.307362288236618,0.6249614357948303,154.0
bg_27737,0.8613680005073547,0.3676582276821136,0.670656144618988,146.0
bg_27738,0.8374220728874207,0.3092926442623138,0.6234264373779297,144.0
bg_27739,0.8647221326828003,0.351040631532669,0.6385140419006348,138.0
bg_27740,0.8500027060508728,0.3348124325275421,0.6267088055610657,445.0
bg_27746,0.8481012582778931,0.4410107433795929,0.7327552437782288,61.0
bg_27751,0.7910610437393188,0.2715687453746795,0.5744379758834839,446.0
bg_27755,0.8456397652626038,0.3187903165817261,0.6390963792800903,290.0
bg_27763,0.8646990656852722,0.3724036514759063,0.65864098072052,280.0
bg_27768,0.8774245977401733,0.3875537812709808,0.681912899017334,168.0
bg_27772,0.8540302515029907,0.3655514419078827,0.6743482947349548,315.0
bg_27774,0.8462563753128052,0.317141979932785,0.6254183650016785,179.0
bg_27778,0.8019930720329285,0.2125213593244552,0.5084392428398132,252.0
bg_27779,0.8326764702796936,0.2534948587417602,0.5789300203323364,92.0
bg_27782,0.8303292989730835,0.2529009878635406,0.5609326362609863,381.0
bg_27788,0.7628849744796753,0.2255408614873886,0.5318719148635864,181.0
bg_27791,0.8689947128295898,0.4176633358001709,0.7124769687652588,274.0
bg_27796,0.0325801745057106,0.0176170542836189,0.027537340298295,242.0
bg_27797,0.8636466264724731,0.3374013304710388,0.6582507491111755,148.0
bg_27798,0.8421266078948975,0.3371151387691498,0.6433541178703308,279.0
bg_27812,0.822060227394104,0.365218847990036,0.630850076675415,495.0
bg_27814,0.7835275530815125,0.2378883510828018,0.5449861288070679,398.0
bg_27821,0.8930720090866089,0.3715008795261383,0.6740121841430664,161.0
bg_27824,0.8347309827804565,0.2317865043878555,0.5142289400100708,537.0
bg_27830,0.8225467205047607,0.297876626253128,0.6036674380302429,187.0
bg_27832,0.880057156085968,0.4235235452651977,0.7281215786933899,356.0
bg_27839,0.7737903594970703,0.2317286431789398,0.5023425221443176,192.0
bg_27859,0.7404385805130005,0.1785009503364563,0.5053570866584778,385.0
bg_27861,0.7162426710128784,0.2503491044044494,0.5319508910179138,55.0
bg_27866,0.8141354918479919,0.3329020142555237,0.6433466076850891,123.0
bg_27878,0.830372154712677,0.2835742533206939,0.5955616235733032,211.0
bg_27889,0.8237031102180481,0.2935391962528229,0.6146441102027893,120.0
bg_27893,0.511301577091217,0.1661732345819473,0.4507288634777069,406.0
bg_27898,0.8070138096809387,0.3368729650974273,0.6385850310325623,692.0
bg_27904,0.8535352349281311,0.3332085311412811,0.6389477252960205,525.0
bg_27909,0.7786278128623962,0.2673474848270416,0.5366764068603516,393.0
bg_27912,0.8193041682243347,0.2793053090572357,0.5486857891082764,64.0
bg_27913,0.8590114712715149,0.2275798469781875,0.5678997039794922,532.0
bg_27918,0.4628775119781494,0.1187229007482528,0.3616015017032623,539.0
bg_27923,0.6472257375717163,0.056579802185297,0.2913967370986938,429.0
bg_27935,0.8704416751861572,0.3770534992218017,0.681311309337616,340.0
bg_27937,0.8455077409744263,0.4178048372268677,0.7018272280693054,183.0
bg_27951,0.8614011406898499,0.3761047720909118,0.6737212538719177,340.0
bg_27959,0.8192281126976013,0.3882878720760345,0.658196210861206,357.0
bg_27961,0.8458127975463867,0.3209157586097717,0.6149260401725769,370.0
bg_27962,0.8178989887237549,0.1066483855247497,0.4321908354759216,496.0
bg_27964,0.8298426866531372,0.3056850135326385,0.6185713410377502,205.0
bg_27982,0.8308116793632507,0.2393076866865158,0.5765039324760437,108.0
bg_27984,0.865900993347168,0.3699353039264679,0.6788550019264221,188.0
bg_27987,0.8224717974662781,0.322932094335556,0.6187973618507385,357.0
bg_27994,0.8533817529678345,0.3078896999359131,0.607779324054718,418.0
bg_27995,0.8142111897468567,0.2704077363014221,0.5838772654533386,451.0
bg_28002,0.8097900152206421,0.2854730188846588,0.6012632846832275,189.0
bg_28008,0.8374303579330444,0.3046729564666748,0.615423858165741,210.0
bg_28019,0.803421676158905,0.2715960144996643,0.5844553709030151,157.0
bg_28028,0.8572575449943542,0.3096022009849548,0.6228978037834167,461.0
bg_28030,0.7751400470733643,0.1923667788505554,0.4898874163627624,82.0
bg_28034,0.7323079705238342,0.4595622420310974,0.7201791405677795,515.0
bg_28041,0.8697415590286255,0.3152911365032196,0.6115638017654419,170.0
bg_28047,0.8029877543449402,0.2748882174491882,0.5876296162605286,481.0
bg_28049,0.8179522156715393,0.2763339877128601,0.5878101587295532,195.0
bg_28052,0.8695802092552185,0.3328163921833038,0.6469727754592896,457.0
bg_28053,0.8250700831413269,0.2573661804199219,0.563869059085846,104.0
bg_28069,0.8463072180747986,0.3107412159442901,0.6267102360725403,469.0
bg_28072,0.681437611579895,0.1699370741844177,0.4399727284908294,552.0
bg_28078,0.8305618166923523,0.2187968343496322,0.5452152490615845,134.0
bg_28086,0.8304458856582642,0.2821449637413025,0.592005729675293,247.0
bg_28092,0.821875810623169,0.2509413063526153,0.5605277419090271,323.0
bg_28095,0.8528432846069336,0.2595349252223968,0.5914373993873596,521.0
bg_28102,0.8164383769035339,0.1851233541965484,0.4945928156375885,480.0
bg_28106,0.867178738117218,0.3473197817802429,0.6534953117370605,200.0
bg_28107,0.8142479062080383,0.3468079566955566,0.6520295739173889,206.0
bg_28109,0.8728433847427368,0.1963659971952438,0.5333332419395447,501.0
bg_28115,0.7989540696144104,0.2548903822898865,0.5525637865066528,417.0
bg_28118,0.8377833962440491,0.2363205701112747,0.5445551872253418,647.0
bg_28129,0.8142616748809814,0.2898985743522644,0.6040612459182739,539.0
bg_28130,0.6502124071121216,0.1898404955863952,0.4177107810974121,373.0
bg_28133,0.7782398462295532,0.1978537589311599,0.4945045411586761,515.0
bg_28139,0.884933590888977,0.4034287929534912,0.7014709115028381,379.0
bg_28154,0.8532266616821289,0.3466997742652893,0.654297411441803,142.0
bg_28161,0.8355031609535217,0.2167924046516418,0.5310119986534119,148.0
bg_28168,0.8732358813285828,0.3547242879867553,0.6506087779998779,428.0
bg_28175,0.865226686000824,0.3689326047897339,0.6661888360977173,135.0
bg_28183,0.8581202030181885,0.2169137746095657,0.556708574295044,129.0
bg_28193,0.8459506034851074,0.4004025161266327,0.6932659149169922,239.0
bg_28210,0.8322672843933105,0.3014015555381775,0.6101313233375549,124.0
bg_28214,0.8730690479278564,0.2944793701171875,0.5983461737632751,110.0
bg_28219,0.8315988779067993,0.3144499361515045,0.5851120352745056,65.0
bg_28225,0.7880077362060547,0.2238081097602844,0.521714448928833,161.0
bg_28230,0.8152562379837036,0.3028103113174438,0.6165028214454651,76.0
bg_28234,0.8373357057571411,0.2442641407251358,0.5563024878501892,352.0
bg_28235,0.7479417324066162,0.1931973397731781,0.508678138256073,497.0
bg_28239,0.8774961829185486,0.3585026860237121,0.6658474802970886,178.0
bg_28244,0.8181655406951904,0.3506194949150085,0.6405127644538879,112.0
bg_28251,0.7011259198188782,0.2414638847112655,0.5053326487541199,389.0
bg_28261,0.8567597270011902,0.305092841386795,0.6272104978561401,142.0
bg_28268,0.8453307151794434,0.2374589294195175,0.5763711929321289,383.0
bg_28269,0.8499985337257385,0.3655121922492981,0.6585733294487,365.0
bg_28278,0.8456106185913086,0.291896253824234,0.5989456176757812,572.0
bg_28282,0.8305155634880066,0.2396149784326553,0.5612229704856873,540.0
bg_28289,0.8728960752487183,0.3690672516822815,0.6817753911018372,505.0
bg_28303,0.8399373888969421,0.3306796848773956,0.6211232542991638,231.0
bg_28305,0.7691020965576172,0.1760173439979553,0.4655621349811554,73.0
bg_28307,0.8460761904716492,0.3347591161727905,0.6304083466529846,256.0
bg_28308,0.6507695317268372,0.1534844040870666,0.3961596488952636,429.0
bg_28312,0.853436291217804,0.3329310417175293,0.6386393904685974,525.0
bg_28315,0.8539013862609863,0.3505065143108368,0.6497107744216919,384.0
bg_28320,0.8689844012260437,0.3612543642520904,0.6585026383399963,350.0
bg_28328,0.790776789188385,0.2644136250019073,0.5567454695701599,440.0
bg_28330,0.8374823331832886,0.3271216154098511,0.6340986490249634,168.0
bg_28331,0.8540858030319214,0.3471619188785553,0.6597161293029785,118.0
bg_28333,0.881586492061615,0.3802598714828491,0.6933416724205017,125.0
bg_28334,0.8247693181037903,0.2317205071449279,0.5565205812454224,134.0
bg_28339,0.8045710325241089,0.2902671098709106,0.5843704342842102,482.0
bg_28343,0.8496038317680359,0.302145779132843,0.612996518611908,118.0
bg_28345,0.8766880631446838,0.3644950985908508,0.6770042181015015,219.0
bg_28346,0.8765116333961487,0.3661193549633026,0.6505700349807739,770.0
bg_28347,0.7130323052406311,0.2209376841783523,0.4747692942619324,535.0
bg_28354,0.857727587223053,0.3382191359996795,0.6421045064926147,133.0
bg_28366,0.8498368859291077,0.2966507077217102,0.6189582347869873,350.0
bg_28368,0.8299890756607056,0.3222980797290802,0.6267759203910828,427.0
bg_28369,0.8225265145301819,0.248006135225296,0.5616966485977173,418.0
bg_28371,0.8542298078536987,0.36146080493927,0.6740115284919739,152.0
bg_28375,0.8148231506347656,0.2607395648956299,0.5689743757247925,417.0
bg_28381,0.8249154686927795,0.3698266446590423,0.658442497253418,239.0
bg_28389,0.8652206063270569,0.3291512131690979,0.6342674493789673,419.0
bg_28392,0.8690905570983887,0.3018113672733307,0.6267298460006714,399.0
bg_28394,0.8306123614311218,0.2206659317016601,0.5371906757354736,513.0
bg_28397,0.8195706009864807,0.2862919867038727,0.5822579264640808,116.0
bg_28407,0.8186991214752197,0.1978308856487274,0.5213403105735779,278.0
bg_28417,0.8425400257110596,0.2786754965782165,0.588466465473175,124.0
bg_28418,0.8771219849586487,0.3377137780189514,0.6544799208641052,459.0
bg_28424,0.8648551106452942,0.2285597324371338,0.5568148493766785,532.0
bg_28428,0.8615207672119141,0.3809641897678375,0.6699321866035461,285.0
bg_28429,0.8405973315238953,0.2559077143669128,0.558465301990509,348.0
bg_28433,0.8186957836151123,0.2516866028308868,0.5523675680160522,322.0
bg_28436,0.8335162401199341,0.2664647102355957,0.5833394527435303,85.0
bg_28437,0.8539994955062866,0.3500929474830627,0.6585853099822998,295.0
bg_28438,0.8577139377593994,0.2639914751052856,0.5715579986572266,417.0
bg_28440,0.8490162491798401,0.2832504510879516,0.6034574508666992,326.0
bg_28446,0.6769843697547913,0.2122687697410583,0.4858300387859344,384.0
bg_28449,0.8590174317359924,0.2987177670001983,0.6030247211456299,140.0
bg_28453,0.8457728028297424,0.2327794879674911,0.5720619559288025,879.0
bg_28456,0.8732755780220032,0.2916078865528106,0.622393012046814,369.0
bg_28457,0.8178032636642456,0.236226201057434,0.5604240298271179,294.0
bg_28460,0.8330543637275696,0.2782316207885742,0.5800556540489197,91.0
bg_28462,0.8495240211486816,0.2760405242443084,0.5645676851272583,543.0
bg_28463,0.8767978549003601,0.3603867590427398,0.6658833026885986,371.0
bg_28465,0.7846970558166504,0.2909290790557861,0.5443882942199707,375.0
bg_28475,0.8007910251617432,0.1600927114486694,0.47886922955513,436.0
bg_28480,0.8494064807891846,0.3976334631443023,0.6734699606895447,525.0
bg_28481,0.7245381474494934,0.1359192132949829,0.3609604239463806,371.0
bg_28483,0.7639635801315308,0.2683617770671844,0.5456333756446838,133.0
bg_28484,0.2902042269706726,0.0536523722112178,0.2171410322189331,677.0
bg_28494,0.857096254825592,0.241398885846138,0.5685645937919617,148.0
bg_28503,0.8621789813041687,0.3493910431861877,0.6352943181991577,491.0
bg_28510,0.8061771392822266,0.3016462624073028,0.6191670894622803,367.0
bg_28515,0.8183785080909729,0.3185263574123382,0.6146962642669678,370.0
bg_28523,0.8808253407478333,0.3367888033390045,0.6270138025283813,357.0
bg_28525,0.85379958152771,0.3466136753559112,0.6460211873054504,473.0
bg_28528,0.1984439343214035,-0.1351597756147384,-0.0906183347105979,151.0
bg_28532,0.8140380382537842,0.3038839995861053,0.618721067905426,448.0
bg_28543,0.8072633147239685,0.2788960933685303,0.5766780376434326,393.0
bg_28554,0.860977828502655,0.3532800078392029,0.657913088798523,154.0
bg_28559,0.8733177781105042,0.4110175669193268,0.721092939376831,401.0
bg_28560,0.6188682317733765,0.2505476176738739,0.4545045793056488,122.0
bg_28564,0.869428277015686,0.3369905650615692,0.6382593512535095,160.0
bg_28567,0.853312611579895,0.3919271826744079,0.6740662455558777,365.0
bg_28571,0.8372108936309814,0.3105352520942688,0.630689799785614,497.0
bg_28591,0.8025733232498169,0.2645669281482696,0.5833801031112671,146.0
bg_28595,0.8061531186103821,0.2270088046789169,0.5250119566917419,351.0
bg_28607,0.8233211636543274,0.286881148815155,0.6078190207481384,366.0
bg_28621,0.8259509205818176,0.3024196624755859,0.5994445085525513,131.0
bg_28625,0.8611063957214355,0.3886125385761261,0.6502835154533386,481.0
bg_28626,0.8578576445579529,0.4115570783615112,0.681745707988739,206.0
bg_28633,0.8065987229347229,0.322219580411911,0.6126514077186584,382.0
bg_28636,0.8504235744476318,0.2937705218791961,0.6040440797805786,482.0
bg_28641,0.8531562089920044,0.3054566085338592,0.6268947124481201,348.0
bg_28643,0.7474254369735718,0.158337265253067,0.4481598436832428,405.0
bg_28653,0.7475322484970093,0.2062447518110275,0.4747239351272583,461.0
bg_28655,0.8465660214424133,0.3155891001224518,0.6189191937446594,338.0
bg_28663,0.4672352075576782,0.1534332782030105,0.3224827945232391,187.0
bg_28665,0.8374475240707397,0.342890977859497,0.6419194340705872,83.0
bg_28668,0.7982275485992432,0.2779389917850494,0.5795921087265015,190.0
bg_28683,0.8294435739517212,0.3020071387290954,0.626658022403717,151.0
bg_28685,0.740300178527832,0.2248266786336898,0.4683053493499756,192.0
bg_28686,0.7754351496696472,0.2715156972408294,0.5804359316825867,431.0
bg_28690,0.8516177535057068,0.223540648818016,0.5177305936813354,412.0
bg_28691,0.7795486450195312,0.2522234916687011,0.556354284286499,188.0
bg_28698,0.7966216802597046,0.2325810492038726,0.5456610918045044,386.0
bg_28700,0.8180133104324341,0.2795524597167969,0.5956531763076782,317.0
bg_28701,0.8574821352958679,0.3389544785022735,0.650757372379303,362.0
bg_28707,0.8435015678405762,0.2972925901412964,0.5993824005126953,88.0
bg_28718,0.8476852178573608,0.3578917980194092,0.6507121324539185,406.0
bg_28719,0.8022668361663818,0.2678683698177337,0.5762576460838318,414.0
bg_28728,0.7870702147483826,0.2527945339679718,0.5569778680801392,466.0
bg_28737,0.8419331908226013,0.330289363861084,0.6360493898391724,135.0
bg_28746,0.8230968713760376,0.2899427711963653,0.6078993082046509,239.0
bg_28748,0.8497039079666138,0.3184332549571991,0.6306954026222229,962.0
bg_28749,0.8303089737892151,0.3110721111297607,0.615224301815033,515.0
bg_28756,0.8460536003112793,0.3291689455509186,0.6075292825698853,389.0
bg_28757,0.8023949861526489,0.2230190634727478,0.5214817523956299,176.0
bg_28761,0.7601496577262878,0.2601452469825744,0.5627529621124268,138.0
bg_28763,0.841768741607666,0.388212502002716,0.6733004450798035,321.0
bg_28765,0.6272083520889282,0.1031692177057266,0.3144125044345855,525.0
bg_28766,0.8688501715660095,0.350824624300003,0.6381928324699402,471.0
bg_28767,0.8616989850997925,0.2779652178287506,0.6034045815467834,443.0
bg_28771,0.865301787853241,0.3662006258964538,0.6731485724449158,389.0
bg_28774,0.8222054839134216,0.326844722032547,0.637963056564331,102.0
bg_28778,0.7873624563217163,0.287547767162323,0.5843035578727722,244.0
bg_28785,0.849872350692749,0.2747012972831726,0.5841323137283325,167.0
bg_28788,0.8920860290527344,0.3662036657333374,0.670295774936676,171.0
bg_28789,0.8865514993667603,0.3915219306945801,0.7088028788566589,415.0
bg_28791,0.681064248085022,0.1687060892581939,0.4595560133457184,476.0
bg_28795,0.767706573009491,0.216239795088768,0.5100260972976685,519.0
bg_28797,0.8554471135139465,0.3619453907012939,0.6737015843391418,208.0
bg_28798,0.7088865637779236,0.1935359090566635,0.4542261362075805,495.0
bg_28800,0.8309215903282166,0.3609546720981598,0.6519724130630493,168.0
bg_28817,0.8790621757507324,0.3739718198776245,0.6782699823379517,175.0
bg_28820,0.8244318962097168,0.2445088922977447,0.5787942409515381,196.0
bg_28851,0.8673722147941589,0.3653554916381836,0.6735576391220093,312.0
bg_28864,0.8411038517951965,0.3726657927036285,0.6620530486106873,378.0
bg_28875,0.8184557557106018,0.2216047197580337,0.5389853715896606,83.0
bg_28890,0.8347288370132446,0.2736776769161224,0.5955824851989746,140.0
bg_28898,0.8515951037406921,0.257350355386734,0.5820349454879761,246.0
bg_28903,0.8191709518432617,0.2434191405773162,0.5602672100067139,412.0
bg_28905,0.8105043172836304,0.2755937874317169,0.5802022814750671,413.0
bg_28918,0.849513053894043,0.2127275913953781,0.5486963987350464,137.0
bg_28922,0.857160210609436,0.3512209355831146,0.6539881229400635,171.0
bg_28929,0.8399584889411926,0.2993190586566925,0.6062238216400146,298.0
bg_28931,0.8736159205436707,0.3643371164798736,0.6737532019615173,424.0
bg_28937,0.8463115692138672,0.2876839935779571,0.6035855412483215,191.0
bg_28948,0.8363979458808899,0.3567827343940735,0.6430550813674927,108.0
bg_28951,0.8490942716598511,0.3249360024929046,0.6354333758354187,125.0
bg_28955,0.8619303107261658,0.3853291571140289,0.6738246083259583,101.0
bg_28956,0.7955109477043152,0.3018734455108642,0.5722731947898865,130.0
bg_28957,0.8889257907867432,0.3229869306087494,0.6343827247619629,562.0
bg_28964,0.8320620059967041,0.3258004188537597,0.6364225745201111,329.0
bg_28967,0.8806151151657104,0.3345837891101837,0.6503269076347351,538.0
bg_28969,0.7568948864936829,0.2606696188449859,0.5562319755554199,88.0
bg_28978,0.8373339176177979,0.3214411735534668,0.6079944372177124,199.0
bg_28986,0.6353906393051147,0.1659149825572967,0.4028584361076355,184.0
bg_28987,0.8812989592552185,0.3877539336681366,0.6819097399711609,352.0
bg_28991,0.8732271790504456,0.3701792061328888,0.6820462942123413,576.0
bg_29003,0.8619279861450195,0.3400904238224029,0.6212849617004395,122.0
bg_29005,0.8334634304046631,0.2874656021595001,0.5773274302482605,126.0
bg_29009,0.7935922741889954,0.2308067232370376,0.5422349572181702,104.0
bg_29017,0.8729863166809082,0.373991847038269,0.6659432053565979,390.0
bg_29025,0.8729642033576965,0.3412083387374878,0.6658505201339722,338.0
bg_29027,0.8807488083839417,0.3301046192646026,0.6275232434272766,344.0
bg_29039,0.8396697044372559,0.2053156346082687,0.5370990037918091,862.0
bg_29042,0.1127575263381004,-0.0053646261803805,0.1036728844046592,118.0
bg_29066,0.8688965439796448,0.2950069308280945,0.6269077658653259,514.0
bg_29068,0.8743062019348145,0.3601189255714416,0.6662638187408447,227.0
bg_29070,0.830212414264679,0.3035768270492553,0.6069514155387878,151.0
bg_29086,0.8532959222793579,0.3217037618160248,0.6304588317871094,133.0
bg_29098,0.3596565425395965,-0.0499820969998836,0.108466051518917,168.0
bg_29099,0.7751507759094238,0.2477295249700546,0.5482020378112793,454.0
bg_29102,0.8612570762634277,0.2905603051185608,0.611053466796875,392.0
bg_29107,0.8671151399612427,0.3461809754371643,0.6503215432167053,122.0
bg_29111,0.8771542310714722,0.347653865814209,0.6613604426383972,262.0
bg_29115,0.7753443121910095,0.2172489613294601,0.5057239532470703,530.0
bg_29122,0.856854259967804,0.3097079694271087,0.6144890189170837,160.0
bg_29123,0.8105005621910095,0.2633510231971741,0.5448062419891357,445.0
bg_29124,0.7557862401008606,0.190727025270462,0.4483476281166076,76.0
bg_29128,0.7942960262298584,0.2520118653774261,0.5486512780189514,644.0
bg_29129,0.2065689861774444,0.1040006577968597,0.2844714820384979,272.0
bg_29130,0.8022889494895935,0.3077802658081054,0.6035992503166199,391.0
bg_29140,0.8495879173278809,0.3108769357204437,0.6035959124565125,442.0
bg_29141,0.8614822626113892,0.3576887547969818,0.6625535488128662,310.0
bg_29146,0.7985331416130066,0.2378891706466674,0.5481281280517578,42.0
bg_29148,0.8727542161941528,0.3312538862228393,0.640228271484375,166.0
bg_29150,0.6953535079956055,0.0659998431801796,0.3069027662277221,268.0
bg_29151,0.8335424661636353,0.2727262377738952,0.5757154226303101,127.0
bg_29159,0.7973181009292603,0.3414648175239563,0.6138746738433838,370.0
bg_29161,0.8264138102531433,0.4067364633083343,0.6897387504577637,450.0
bg_29162,0.8540847897529602,0.270318865776062,0.5845410227775574,121.0
bg_29177,0.7982805967330933,0.2419461607933044,0.5465917587280273,136.0
bg_29179,0.8258784413337708,0.332674115896225,0.6422113180160522,149.0
bg_29180,0.8323174118995667,0.3603214621543884,0.627418577671051,190.0
bg_29183,0.8794456124305725,0.378246009349823,0.6854721903800964,354.0
bg_29184,0.8089818954467773,0.3181693255901336,0.5945004224777222,308.0
bg_29185,0.8253435492515564,0.3033284842967987,0.6160726547241211,183.0
bg_29189,0.6484475135803223,0.2216520607471466,0.4477011561393738,116.0
bg_29195,0.8886045813560486,0.3613918125629425,0.6659630537033081,394.0
bg_29196,0.8299195766448975,0.3389771580696106,0.666288435459137,426.0
bg_29199,0.8318074345588684,0.3348704576492309,0.6105761528015137,263.0
bg_29202,0.842513918876648,0.2983943521976471,0.6077499389648438,250.0
bg_29204,0.7651203870773315,0.2689593434333801,0.5610813498497009,221.0
bg_29209,0.8495433330535889,0.2597465813159942,0.591611921787262,72.0
bg_29213,0.8850642442703247,0.4011390209197998,0.704628586769104,375.0
bg_29219,0.8606963157653809,0.3896369040012359,0.6739137172698975,270.0
bg_29222,0.7774953842163086,0.2099027186632156,0.5129658579826355,452.0
bg_29226,0.8432939648628235,0.2636741697788238,0.5767676830291748,71.0
bg_29230,0.88469398021698,0.3613711893558502,0.6774625182151794,567.0
bg_29231,0.8379615545272827,0.3024985492229461,0.6077808141708374,459.0
bg_29234,0.8305549621582031,0.2985486090183258,0.6034835577011108,787.0
bg_29242,0.8163931965827942,0.2100777328014373,0.5255687832832336,256.0
bg_29243,0.8642750978469849,0.3398800492286682,0.6480569243431091,146.0
bg_29248,0.8538288474082947,0.3163014352321625,0.6353922486305237,148.0
bg_29250,0.7632884383201599,0.2551537454128265,0.5525515675544739,472.0
bg_29251,0.8150221109390259,0.3332073390483856,0.6405242085456848,96.0
bg_29255,0.8784538507461548,0.3338799774646759,0.6345651745796204,256.0
bg_29263,0.8576248288154602,0.3255159258842468,0.6460314989089966,503.0
bg_29264,0.8455400466918945,0.377044141292572,0.6734787225723267,167.0
bg_29273,0.8179066777229309,0.2933646738529205,0.5886474251747131,89.0
bg_29275,0.6773290038108826,0.2444362044334411,0.4947318732738495,140.0
bg_29286,0.6819896697998047,0.0420916453003883,0.2939987778663635,549.0
bg_29289,0.7911500334739685,0.333648145198822,0.6217448711395264,115.0
bg_29301,0.8448732495307922,0.3690565824508667,0.6668179631233215,274.0
bg_29309,0.8089892268180847,0.2753849327564239,0.5882275104522705,144.0
bg_29325,0.7541707158088684,0.1999402791261673,0.4832611382007599,62.0
bg_29326,0.8375844955444336,0.3257376253604889,0.6547019481658936,151.0
bg_29333,0.8500750064849854,0.3740560114383697,0.670529305934906,165.0
bg_29334,0.8692681193351746,0.3395179808139801,0.6319383382797241,170.0
bg_29341,0.7990388870239258,0.2320081293582916,0.5507505536079407,80.0
bg_29343,0.8616734743118286,0.3332991898059845,0.6376790404319763,325.0
bg_29344,0.8595548868179321,0.3629522025585174,0.6699809432029724,156.0
bg_29348,0.783528208732605,0.3114319145679474,0.5992856025695801,437.0
bg_29352,0.7985177636146545,0.2758719027042389,0.5487882494926453,483.0
bg_29383,0.8392473459243774,0.277531236410141,0.6130211353302002,105.0
bg_29386,0.8575308918952942,0.3342891633510589,0.646541178226471,246.0
bg_29387,0.8459344506263733,0.358593612909317,0.6662541627883911,153.0
bg_29399,0.8067910075187683,0.3485060036182403,0.6547799706459045,155.0
bg_29411,0.8660240173339844,0.3370681703090668,0.647404670715332,149.0
bg_29419,0.8868813514709473,0.220297023653984,0.5430431365966797,485.0
bg_29422,0.8733240962028503,0.4188675880432129,0.7129393815994263,233.0
bg_29425,0.8219308257102966,0.2841718196868896,0.5927433967590332,256.0
bg_29434,0.8653481602668762,0.3425393104553222,0.642036497592926,150.0
bg_29450,0.8577547073364258,0.2171420902013778,0.5414466261863708,443.0
bg_29451,0.8199610114097595,0.2756511569023132,0.57215416431427,138.0
bg_29452,0.8697276711463928,0.3173918724060058,0.6184471249580383,151.0
bg_29465,0.8577354550361633,0.333010196685791,0.6587915420532227,568.0
bg_29466,0.8069157004356384,0.243684247136116,0.5445886850357056,462.0
bg_29467,0.8357264399528503,0.2719870209693908,0.5840941071510315,68.0
bg_29468,0.8253365755081177,0.3034097254276275,0.6002017259597778,83.0
bg_29475,0.8389798998832703,0.3189860582351684,0.6272823810577393,178.0
bg_29480,0.8377686738967896,0.3526331782341003,0.6464245915412903,311.0
bg_29482,0.3414911031723022,0.1273058205842971,0.342391163110733,309.0
bg_29485,0.8219947814941406,0.2554855048656463,0.5598476529121399,375.0
bg_29487,0.7323607802391052,0.2796700894832611,0.4935451447963714,313.0
bg_29490,0.8294999599456787,0.298904538154602,0.6073449850082397,498.0
bg_29494,0.833152174949646,0.3333609104156494,0.6325022578239441,340.0
bg_29502,0.7126015424728394,0.1979560256004333,0.4899134039878845,419.0
bg_29503,0.8336643576622009,0.3425684869289398,0.6350785493850708,447.0
bg_29508,0.8299465179443359,0.2941443622112274,0.6070044040679932,125.0
bg_29510,0.8454300165176392,0.2746917605400085,0.6024502515792847,114.0
bg_29511,0.8302416801452637,0.2549708485603332,0.5853674411773682,181.0
bg_29521,0.814555823802948,0.3031755983829498,0.6266201138496399,215.0
bg_29522,0.865422248840332,0.367264837026596,0.6500716209411621,382.0
bg_29532,0.8455795049667358,0.2762793004512787,0.5955625772476196,209.0
bg_29545,0.8184930682182312,0.2129021435976028,0.4895650148391723,467.0
bg_29553,0.859413206577301,0.3815463781356811,0.6926173567771912,210.0
bg_29557,0.8123327493667603,0.275731474161148,0.5806297659873962,394.0
bg_29558,0.8418319821357727,0.2472320348024368,0.5806178450584412,469.0
bg_29562,0.7699993848800659,0.2364392876625061,0.5318913459777832,432.0
bg_29568,0.8381529450416565,0.3200332820415497,0.6171687245368958,410.0
bg_29570,0.8615392446517944,0.3980813026428222,0.693270742893219,154.0
bg_29582,0.7811992168426514,0.2659737467765808,0.5592887997627258,140.0
bg_29590,0.7558555006980896,0.1773721873760223,0.4787701070308685,457.0
bg_29595,0.873356819152832,0.3789350092411041,0.6744928956031799,398.0
bg_29597,0.8769986033439636,0.337635189294815,0.6562223434448242,472.0
bg_29610,0.8574386835098267,0.3809577822685241,0.6818333864212036,147.0
bg_29615,0.8262276649475098,0.2449707388877868,0.5571677088737488,492.0
bg_29616,0.8530895709991455,0.3229638934135437,0.6228600740432739,205.0
bg_29617,0.8571033477783203,0.3034913837909698,0.6149314045906067,155.0
bg_29620,0.8769698143005371,0.3490121364593506,0.6473175287246704,137.0
bg_29625,0.834193229675293,0.3039959967136383,0.6153053641319275,373.0
bg_29630,0.6973654627799988,0.1669746488332748,0.4345976710319519,474.0
bg_29631,0.8085576891899109,0.1980500817298889,0.513553261756897,504.0
bg_29634,0.8161439895629883,0.1999598741531372,0.5191857218742371,176.0
bg_29636,0.809910237789154,0.201131597161293,0.5173487067222595,489.0
bg_29639,0.8516019582748413,0.3302639424800873,0.6314802765846252,214.0
bg_29644,0.8484818339347839,0.3545758724212646,0.6776000261306763,212.0
bg_29651,0.8456627726554871,0.3556940257549286,0.6490598320960999,118.0
bg_29659,0.8187076449394226,0.3306728005409241,0.6074485182762146,457.0
bg_29676,0.8433073163032532,0.3288765549659729,0.651299238204956,137.0
bg_29679,0.7599397897720337,0.2106467634439468,0.517342746257782,330.0
bg_29694,0.7942339181900024,0.1766670048236847,0.4724104702472687,532.0
bg_29696,0.7987713813781738,0.2244843989610672,0.5013787150382996,421.0
bg_29703,0.775850236415863,0.2715360522270202,0.572529673576355,177.0
bg_29704,0.8492220044136047,0.3881166279315948,0.673713207244873,361.0
bg_29707,0.8453132510185242,0.2906883060932159,0.5997167229652405,445.0
bg_29709,0.8580841422080994,0.3327085375785827,0.6489796042442322,131.0
bg_29711,0.7129001617431641,0.2331678122282028,0.4742560982704162,510.0
bg_29719,0.7949082255363464,0.2547108829021454,0.5682865977287292,433.0
bg_29735,0.8575989007949829,0.2604106962680816,0.5762766003608704,580.0
bg_29740,0.7713911533355713,0.2675826847553253,0.5483226180076599,460.0
bg_29743,0.8732063174247742,0.3876254260540008,0.6912412643432617,316.0
bg_29746,0.8654664158821106,0.3017490804195404,0.611413836479187,126.0
bg_29751,0.8756728768348694,0.3821559846401214,0.6697224974632263,148.0
bg_29756,0.85709547996521,0.3454646468162536,0.6428238153457642,185.0
bg_29764,0.853158712387085,0.2736780941486358,0.5912008881568909,83.0
bg_29767,0.8552378416061401,0.3615021109580993,0.6625147461891174,155.0
bg_29777,0.8258141875267029,0.3354275822639465,0.6467922329902649,127.0
bg_29779,0.7991344332695007,0.2670804262161255,0.5779714584350586,126.0
bg_29783,0.7915629744529724,0.3085269331932068,0.5997050404548645,132.0
bg_29786,0.8619852066040039,0.3505728244781494,0.6721674203872681,120.0
bg_29800,0.8030691146850586,0.2527466118335724,0.5446856021881104,348.0
bg_29809,0.8456629514694214,0.3415212333202362,0.6531462073326111,161.0
bg_29810,0.7837217450141907,0.2764716148376465,0.5619781613349915,199.0
bg_29816,0.8497679233551025,0.3399425745010376,0.6407610177993774,324.0
bg_29823,0.4674743413925171,0.0519488304853439,0.2094403356313705,541.0
bg_29828,0.8340126276016235,0.4073238670825958,0.6929199695587158,235.0
bg_29836,0.8733971118927002,0.3337913155555725,0.646819531917572,162.0
bg_29852,0.8228910565376282,0.2756097018718719,0.5797390341758728,358.0
bg_29855,0.8632360100746155,0.4006565809249878,0.7011030912399292,385.0
bg_29860,0.7836981415748596,0.200146272778511,0.5101104378700256,497.0
bg_29862,0.7987210750579834,0.2763786315917969,0.5755682587623596,108.0
bg_29869,0.8335402011871338,0.2328150570392608,0.5589557886123657,517.0
bg_29871,0.8339250087738037,0.342517226934433,0.6467670202255249,360.0
bg_29873,0.8344046473503113,0.3032412528991699,0.6205007433891296,163.0
bg_29883,0.7637147903442383,0.2129206508398056,0.510154128074646,424.0
bg_29886,0.8649317026138306,0.2648920118808746,0.5955743789672852,475.0
bg_29908,0.7485248446464539,0.2152734696865081,0.4503933489322662,181.0
bg_29914,0.8142403364181519,0.2757474780082702,0.5848167538642883,95.0
bg_29915,0.8609209656715393,0.3534954190254211,0.6505914330482483,453.0
bg_29923,0.8219833970069885,0.2801770269870758,0.5916745662689209,458.0
bg_29927,0.8619802594184875,0.4014863669872284,0.7070927023887634,338.0
bg_29931,0.8337362408638,0.3254684805870056,0.6310367584228516,215.0
bg_29938,0.8679046034812927,0.3730765879154205,0.6854974627494812,196.0
bg_29939,0.7944965958595276,0.2548511326313019,0.5449317097663879,471.0
bg_29942,0.867394208908081,0.4611640274524688,0.7164290547370911,48.0
bg_29943,0.8536229133605957,0.3131698369979858,0.6112300157546997,435.0
bg_29945,0.7761726379394531,0.2558304369449615,0.5492023229598999,363.0
bg_29949,0.8374379277229309,0.317501962184906,0.6036351323127747,201.0
bg_29956,0.8231390118598938,0.274431049823761,0.5680344104766846,101.0
bg_29958,0.8104236721992493,0.3177058100700378,0.6114743947982788,125.0
bg_29960,0.8422571420669556,0.284085065126419,0.6041868925094604,481.0
bg_29964,0.8317367434501648,0.4038104116916656,0.6698316931724548,188.0
bg_29966,0.8559768795967102,0.3542686104774475,0.6660731434822083,114.0
bg_29969,0.7396292686462402,0.2635377645492553,0.549950897693634,387.0
bg_29972,0.8384778499603271,0.3036739230155945,0.6109306812286377,112.0
bg_29995,0.8224151730537415,0.2703692018985748,0.5913702845573425,252.0
bg_30004,0.8452267050743103,0.3441558480262756,0.6582676768302917,143.0
bg_30014,0.8375974297523499,0.3164202570915222,0.6087619662284851,186.0
bg_30018,0.8181918263435364,0.2322323024272918,0.5292599201202393,914.0
bg_30021,0.7961826920509338,0.2350518703460693,0.5446726083755493,252.0
bg_30027,0.8473723530769348,0.3111441433429718,0.6020000576972961,387.0
bg_30036,0.8030886650085449,0.2258442342281341,0.5292904376983643,358.0
bg_30040,0.8375075459480286,0.336788535118103,0.6430631279945374,118.0
bg_30042,0.8853654265403748,0.3700434267520904,0.6503707766532898,141.0
bg_30053,0.8458331823348999,0.2930764257907867,0.5998808145523071,136.0
bg_30056,0.8492635488510132,0.3487341105937958,0.653967022895813,422.0
bg_30063,0.832601010799408,0.3423570096492767,0.6352775692939758,168.0
bg_30071,0.8667737245559692,0.3658079504966736,0.6616932153701782,248.0
bg_30080,0.6541140079498291,0.1975878626108169,0.4626603722572326,145.0
bg_30092,0.87325119972229,0.3458538055419922,0.6463377475738525,481.0
bg_30098,0.892570436000824,0.3660496473312378,0.6818451285362244,505.0
bg_30099,0.8381830453872681,0.2938147187232971,0.6076503992080688,456.0
bg_30101,0.7982499599456787,0.2697304487228393,0.5844647884368896,106.0
bg_30110,0.8847852945327759,0.3888766765594482,0.6856327056884766,521.0
bg_30113,0.8320798873901367,0.2618182301521301,0.5613813996315002,380.0
bg_30123,0.8614902496337891,0.2329286485910415,0.5489542484283447,512.0
bg_30128,0.8146637082099915,0.2161130458116531,0.5212975740432739,537.0
bg_30141,0.8218263983726501,0.2834694683551788,0.5842136740684509,497.0
bg_30143,0.8887871503829956,0.3703430294990539,0.6751435995101929,191.0
bg_30144,0.8723586201667786,0.3742616474628448,0.6855534911155701,330.0
bg_30147,0.8073039054870605,0.2528603672981262,0.5724523067474365,451.0
bg_30149,0.8629421591758728,0.3663371801376343,0.6501365303993225,658.0
bg_30154,0.8574410080909729,0.2611152827739715,0.5720173716545105,523.0
bg_30163,0.8871570825576782,0.2291250824928283,0.5568077564239502,896.0
bg_30168,0.8378670811653137,0.2860625386238098,0.5718408823013306,509.0
bg_30170,0.8417779207229614,0.295192152261734,0.6107599139213562,145.0
bg_30171,0.8694143891334534,0.3308134973049164,0.6348090767860413,422.0
bg_30179,0.67351895570755,0.1959593892097473,0.4761955142021179,42.0
bg_30180,0.8103376030921936,0.2528103291988373,0.5526527762413025,453.0
bg_30187,0.8473717570304871,0.3115029633045196,0.6384338736534119,145.0
bg_30188,0.8930137753486633,0.3779031038284302,0.6736907958984375,196.0
bg_30191,0.8727713227272034,0.3544704020023346,0.6614328026771545,237.0
bg_30192,0.7886155247688293,0.2611541450023651,0.559171736240387,86.0
bg_30202,0.845892071723938,0.2412956207990646,0.5639180541038513,519.0
bg_30204,0.7635579109191895,0.2242459952831268,0.5142412781715393,480.0
bg_30212,0.8068633079528809,0.3059196174144745,0.5840855836868286,431.0
bg_30220,0.8128987550735474,0.2307739555835724,0.5533202290534973,142.0
bg_30224,0.8231492638587952,0.2746048867702484,0.576003909111023,131.0
bg_30226,0.8560765385627747,0.3024512827396393,0.6190489530563354,733.0
bg_30228,0.858497142791748,0.2666569352149963,0.5880589485168457,168.0
bg_30240,0.8569440245628357,0.4547713696956634,0.7325859665870667,319.0
bg_30241,0.8371223211288452,0.3232369124889374,0.6424552202224731,399.0
bg_30250,0.8610529899597168,0.3536879122257232,0.6504360437393188,496.0
bg_30253,0.8298413157463074,0.2870235741138458,0.5995319485664368,99.0
bg_30257,0.849720299243927,0.2419057041406631,0.5563710927963257,106.0
bg_30263,0.8846580386161804,0.3350067138671875,0.6416319012641907,157.0
bg_30264,0.8303461074829102,0.3312830328941345,0.6194217801094055,152.0
bg_30265,0.8652521967887878,0.3022120296955108,0.6226056218147278,453.0
bg_30267,0.888464093208313,0.3504683077335357,0.6628183126449585,227.0
bg_30268,0.8496345281600952,0.2375488430261612,0.5644165873527527,475.0
bg_30271,0.8766176700592041,0.3774974644184112,0.6664141416549683,117.0
bg_30273,0.8614479899406433,0.3487721085548401,0.6508258581161499,308.0
bg_30274,0.7479874491691589,0.2863475084304809,0.5567867159843445,131.0
bg_30278,0.8730509877204895,0.3504910171031952,0.6698192358016968,354.0
bg_30281,0.7947742938995361,0.277346670627594,0.5643796920776367,518.0
bg_30283,0.8534780144691467,0.3156365156173706,0.6308427453041077,505.0
bg_30284,0.8068618774414062,0.2821605801582336,0.5761685371398926,497.0
bg_30288,0.8889986872673035,0.3916716873645782,0.6972159743309021,472.0
bg_30292,0.8215314149856567,0.323214590549469,0.6150525808334351,177.0
bg_30294,0.8188250660896301,0.2868294417858124,0.5904280543327332,384.0
bg_30295,0.8438689708709717,0.2471392005681991,0.5800977349281311,456.0
bg_30297,0.8145317435264587,0.2293381243944168,0.5528342127799988,373.0
bg_30304,0.8419976234436035,0.3388196527957916,0.653262734413147,127.0
bg_30309,0.8846332430839539,0.3850317895412445,0.6887725591659546,353.0
bg_30310,0.8295162320137024,0.3187146186828613,0.630246102809906,123.0
bg_30311,0.8452794551849365,0.3916641771793365,0.6463255286216736,444.0
bg_30321,0.8343769907951355,0.3772906959056854,0.6585039496421814,451.0
bg_30324,0.8184965252876282,0.1768955886363983,0.4937984049320221,487.0
bg_30325,0.8227981925010681,0.308307945728302,0.6273385286331177,166.0
bg_30333,0.8415171504020691,0.3431634306907654,0.623262345790863,180.0
bg_30339,0.8653355240821838,0.2897262573242187,0.6092991828918457,196.0
bg_30342,0.8301820755004883,0.3228781819343567,0.6227176785469055,171.0
bg_30343,0.8303812742233276,0.3189110159873962,0.6271376013755798,197.0
bg_30347,0.8284182548522949,0.3249337077140808,0.6501052975654602,157.0
bg_30356,0.8374821543693542,0.2998164594173431,0.5880257487297058,465.0
bg_30363,0.8696392178535461,0.3033427298069,0.6044455766677856,204.0
bg_30365,0.7711735963821411,0.26619553565979,0.5619324445724487,79.0
bg_30366,0.8684075474739075,0.3603160381317138,0.6620787382125854,175.0
bg_30367,0.8651853203773499,0.3232319056987762,0.6503496766090393,513.0
bg_30381,0.8239631652832031,0.2888351678848266,0.5909929871559143,80.0
bg_30388,0.8412976861000061,0.3232539892196655,0.6189271211624146,479.0
bg_30393,0.8185545206069946,0.2396473139524459,0.5216682553291321,515.0
bg_30394,0.8579191565513611,0.2800659835338592,0.58754962682724,460.0
bg_30395,0.8775238990783691,0.364005833864212,0.6811099052429199,233.0
bg_30403,0.8458155989646912,0.2902700304985046,0.591888964176178,275.0
bg_30409,0.830990731716156,0.2763916850090027,0.5952490568161011,189.0
bg_30411,0.8476665616035461,0.3202229738235473,0.6187679767608643,156.0
bg_30413,0.8102916479110718,0.2715953290462494,0.5834900736808777,130.0
bg_30416,0.8055969476699829,0.2056553363800048,0.5249384641647339,135.0
bg_30419,0.8560726046562195,0.3076512217521667,0.6314975619316101,339.0
bg_30429,0.8140900731086731,0.2899719178676605,0.5838911533355713,300.0
bg_30447,0.8261972069740295,0.3026467263698578,0.6153347492218018,115.0
bg_30450,0.7330176830291748,0.3251348733901977,0.5766090750694275,201.0
bg_30460,0.8848845958709717,0.373249739408493,0.6755771636962891,228.0
bg_30476,0.884246289730072,0.3493721783161163,0.6467602849006653,367.0
bg_30479,0.8301027417182922,0.248833879828453,0.5566676259040833,464.0
bg_30486,0.8102450966835022,0.219985619187355,0.5370070338249207,365.0
bg_30490,0.8616411089897156,0.3760810494422912,0.670296311378479,161.0
bg_30491,0.8653477430343628,0.3111791312694549,0.630072295665741,386.0
bg_30493,0.8413519263267517,0.2413392812013626,0.5728274583816528,188.0
bg_30497,0.8065948486328125,0.1677659749984741,0.4552736282348633,298.0
bg_30499,0.80659019947052,0.2011627405881881,0.5214751958847046,629.0
bg_30500,0.8693947196006775,0.3799046874046325,0.673632800579071,387.0
bg_30502,0.8490975499153137,0.303849309682846,0.6144849061965942,193.0
bg_30514,0.8766849040985107,0.3612927496433258,0.6642259359359741,156.0
bg_30528,0.8691814541816711,0.3596110045909881,0.6661992073059082,254.0
bg_30533,0.8402765989303589,0.323342353105545,0.6351853609085083,231.0
bg_30535,0.8102840185165405,0.2607451975345611,0.468015044927597,275.0
bg_30555,0.8533651828765869,0.3488606810569763,0.6299399733543396,163.0
bg_30557,0.8181318640708923,0.2802567183971405,0.5798486471176147,376.0
bg_30564,0.8453037142753601,0.3065646886825561,0.6233537793159485,447.0
bg_30569,0.8731229901313782,0.3698648810386657,0.6619278788566589,395.0
bg_30584,0.8812419176101685,0.1940563321113586,0.5177780389785767,405.0
bg_30588,0.7838008999824524,0.2916561067104339,0.5925474166870117,454.0
bg_30596,0.8659944534301758,0.3883489966392517,0.6817118525505066,216.0
bg_30599,0.8534515500068665,0.3813454210758209,0.68171226978302,351.0
bg_30607,0.8459901213645935,0.3731172978878021,0.6704252362251282,372.0
bg_30621,0.7758330702781677,0.2204232513904571,0.4979065656661987,463.0
bg_30624,0.8595405220985413,0.3856487572193146,0.6858838796615601,222.0
bg_30625,0.8506380915641785,0.3459027409553528,0.6622917652130127,150.0
bg_30635,0.8538660407066345,0.3133701682090759,0.6346232891082764,537.0
bg_30636,0.861147940158844,0.2865356504917145,0.623154878616333,397.0
bg_30645,0.881089448928833,0.3612818717956543,0.6698609590530396,297.0
bg_30657,0.8384804725646973,0.2895643711090088,0.6040492057800293,128.0
bg_30658,0.6113827228546143,0.0618684962391853,0.2994251251220703,134.0
bg_30659,0.888467013835907,0.3699954748153686,0.6737271547317505,323.0
bg_30664,0.8631517887115479,0.2812592089176178,0.6015053987503052,328.0
bg_30666,0.8575724959373474,0.3295794725418091,0.6425557136535645,723.0
bg_30668,0.8926119208335876,0.3976575434207916,0.6973276138305664,1098.0
bg_30670,0.5807837247848511,0.1736198812723159,0.4006766676902771,380.0
bg_30672,0.8265218734741211,0.3185723721981048,0.6232444643974304,131.0
bg_30677,0.7130406498908997,0.2287030816078186,0.4981410503387451,494.0
bg_30682,0.8299540877342224,0.297075092792511,0.5838528871536255,126.0
bg_30699,0.8719419240951538,0.3574574291706085,0.6582106947898865,117.0
bg_30710,0.8614723086357117,0.3773798048496246,0.685619592666626,143.0
bg_30714,0.8636246919631958,0.3250784873962402,0.6404094099998474,126.0
bg_30725,0.8709949851036072,0.2578633427619934,0.5964509844779968,222.0
bg_30730,0.7719284296035767,0.1947300881147384,0.4908757209777832,261.0
bg_30743,0.8180537223815918,0.2880756556987762,0.5907966494560242,332.0
bg_30744,0.8393778204917908,0.3374091386795044,0.6564719676971436,134.0
bg_30747,0.7913938164710999,0.3213170766830444,0.5949910283088684,490.0
bg_30752,0.8726576566696167,0.3785351812839508,0.681560218334198,167.0
bg_30761,0.8655380606651306,0.3378753960132599,0.6423361897468567,349.0
bg_30767,0.8428145051002502,0.2907022535800934,0.6041726469993591,134.0
bg_30768,0.8725054264068604,0.3623103499412536,0.6665948033332825,191.0
bg_30769,0.7838991284370422,0.2779504954814911,0.5735112428665161,149.0
bg_30785,0.7940594553947449,0.2632112801074981,0.5486578345298767,671.0
bg_30790,0.8455114364624023,0.2167689949274063,0.5258622765541077,289.0
bg_30798,0.8613880276679993,0.309806227684021,0.6272233128547668,477.0
bg_30799,0.877798318862915,0.2925838828086853,0.626762330532074,166.0
bg_30800,0.8810983896255493,0.4508186876773834,0.740273654460907,478.0
bg_30801,0.7312182784080505,0.2417909204959869,0.4941580891609192,154.0
bg_30822,0.791054368019104,0.2820846438407898,0.5690648555755615,295.0
bg_30831,0.8222044110298157,0.2841554284095764,0.593752384185791,422.0
bg_30837,0.8051009774208069,0.3234789669513702,0.570446789264679,114.0
bg_30842,0.8621777296066284,0.3956097960472107,0.6932220458984375,149.0
bg_30843,0.8774591684341431,0.3349862694740295,0.6621923446655273,245.0
bg_30848,0.8531289100646973,0.3158259689807892,0.6333587169647217,94.0
bg_30856,0.8529824614524841,0.31737220287323,0.6306908130645752,215.0
bg_30861,0.837075412273407,0.2831293046474457,0.603763997554779,403.0
bg_30872,0.8693292140960693,0.3253305554389953,0.6470114588737488,371.0
bg_30878,0.8142048120498657,0.2743962705135345,0.5879229307174683,417.0
bg_30880,0.787244975566864,0.1186420172452926,0.4425829648971557,491.0
bg_30897,0.8766059279441833,0.4003252983093261,0.6933888792991638,379.0
bg_30900,0.872944712638855,0.3791239261627197,0.6780363321304321,280.0
bg_30902,0.798393964767456,0.3369591236114502,0.6309630870819092,499.0
bg_30916,0.8163672685623169,0.2346910536289215,0.539302408695221,62.0
bg_30917,0.8149048089981079,0.3250143826007843,0.6154405474662781,162.0
bg_30926,0.8384547233581543,0.2726097404956817,0.5761366486549377,478.0
bg_30944,0.8015502691268921,0.3056932687759399,0.5814558863639832,460.0
bg_30948,0.8960990309715271,0.3607137799263,0.6538204550743103,161.0
bg_30952,0.82332444190979,0.2967910170555115,0.6188239455223083,69.0
bg_30954,0.7733849883079529,0.3061583340167999,0.5993126630783081,470.0
bg_30959,0.7911195158958435,0.243240550160408,0.5412608981132507,400.0
bg_30960,0.8617259860038757,0.3490267097949981,0.6432304978370667,107.0
bg_30975,0.8224458694458008,0.2759498953819275,0.5883569717407227,193.0
bg_30982,0.853023886680603,0.1390678584575653,0.4473604559898376,288.0
bg_30987,0.833890438079834,0.2738532423973083,0.5894156694412231,224.0
bg_30989,0.845634400844574,0.302295058965683,0.5909826755523682,350.0
bg_30999,0.8610356450080872,0.3527865409851074,0.6521412134170532,472.0
bg_31006,0.8607209920883179,0.297729343175888,0.6268085837364197,209.0
bg_31009,0.8378364443778992,0.3132938742637634,0.6233147382736206,165.0
bg_31021,0.8029446005821228,0.2169502973556518,0.5370835065841675,196.0
bg_31032,0.876914381980896,0.3582683801651001,0.6698712110519409,500.0
bg_31037,0.8377173542976379,0.2706868648529053,0.5676992535591125,497.0
bg_31040,0.8265820741653442,0.3568006753921509,0.6666943430900574,178.0
bg_31052,0.8537418246269226,0.3700782358646393,0.6540168523788452,195.0
bg_31058,0.8001008033752441,0.3416258990764618,0.6425808668136597,841.0
bg_31060,0.8326563835144043,0.3114580512046814,0.6108786463737488,142.0
bg_31064,0.8377611637115479,0.3170703649520874,0.6071728467941284,188.0
bg_31067,0.8250161409378052,0.2528036236763,0.5664214491844177,100.0
bg_31070,0.8305736184120178,0.150407537817955,0.4652922451496124,236.0
bg_31072,0.7219098806381226,0.164778858423233,0.4476648271083832,414.0
bg_31077,0.849296510219574,0.3695310950279236,0.6464549899101257,343.0
bg_31086,0.8620468378067017,0.2993814051151275,0.5991420745849609,105.0
bg_31091,0.7720574140548706,0.2410926818847656,0.5369137525558472,363.0
bg_31099,0.6896349191665649,0.2828814387321472,0.5607024431228638,464.0
bg_31105,0.8697223663330078,0.3223462998867035,0.6353539824485779,146.0
bg_31112,0.8658536076545715,0.28693687915802,0.5963411331176758,136.0
bg_31118,0.7944751381874084,0.3572730422019958,0.6274293065071106,221.0
bg_31120,0.8457555174827576,0.3640121519565582,0.6592607498168945,199.0
bg_31124,0.8259782791137695,0.3337764143943786,0.6464429497718811,427.0
bg_31138,0.8536380529403687,0.2761889696121216,0.5916950106620789,418.0
bg_31142,0.7908798456192017,0.1425231993198394,0.4750042557716369,256.0
bg_31148,0.8340994715690613,0.313403308391571,0.6100958585739136,135.0
bg_31165,0.771956205368042,0.294168472290039,0.6035498976707458,195.0
bg_31173,0.8695383667945862,0.3690087497234344,0.6621520519256592,136.0
bg_31179,0.8556000590324402,0.2881210744380951,0.5999179482460022,360.0
bg_31185,0.7084387540817261,0.25226029753685,0.5171033143997192,450.0
bg_31189,0.7927612066268921,0.3016240894794464,0.6233224868774414,448.0
bg_31191,0.8081610798835754,0.2616876661777496,0.5776564478874207,118.0
bg_31193,0.7050043940544128,0.1665584743022918,0.4510467946529388,427.0
bg_31197,0.8451966047286987,0.3036455810070038,0.6038460731506348,412.0
bg_31207,0.8385865092277527,0.2934541404247284,0.6169756054878235,140.0
bg_31215,0.8108648061752319,0.3015491962432861,0.6115446090698242,341.0
bg_31222,0.8654497861862183,0.3515894412994385,0.6347643136978149,344.0
bg_31228,0.7739876508712769,0.2088729292154312,0.4925679564476013,674.0
bg_31233,0.8692964911460876,0.3965892493724823,0.6932697296142578,346.0
bg_31235,0.8070727586746216,0.2588416337966919,0.5489845871925354,127.0
bg_31239,0.6123450994491577,0.061643335968256,0.3238632380962372,507.0
bg_31241,0.8442161679267883,0.3322816491127014,0.6423559188842773,166.0
bg_31243,0.869136393070221,0.3015792369842529,0.6042208075523376,335.0
bg_31261,0.8729972243309021,0.3574226200580597,0.6620569825172424,986.0
bg_31263,0.8606277108192444,0.3213753998279571,0.6313384771347046,529.0
bg_31265,0.8184993267059326,0.2521120607852936,0.5879347324371338,178.0
bg_31278,0.7753690481185913,0.3384167551994324,0.615032434463501,447.0
bg_31281,0.7732967734336853,0.2100420147180557,0.5061818957328796,262.0
bg_31288,0.6756784915924072,0.1032968610525131,0.3689574301242828,468.0
bg_31293,0.8774219751358032,0.2804121077060699,0.5649145841598511,359.0
bg_31297,0.8849769830703735,0.4002309143543243,0.6951350569725037,212.0
bg_31308,0.8649196624755859,0.3487146496772766,0.6462438702583313,357.0
bg_31312,0.8892354965209961,0.3934007585048675,0.6939007639884949,241.0
bg_31313,0.68182373046875,0.1765272170305252,0.4431553781032562,492.0
bg_31319,0.8613390326499939,0.3223863244056701,0.6310344934463501,174.0
bg_31324,0.8138382434844971,0.3039079308509826,0.5997326970100403,349.0
bg_31325,0.8434153199195862,0.2209405303001403,0.560219943523407,542.0
bg_31331,0.7208852767944336,0.1435225754976272,0.4241975545883178,367.0
bg_31333,0.8568615317344666,0.2961530983448028,0.6143642067909241,155.0
bg_31335,0.8144069314002991,0.3091972470283508,0.6162334680557251,147.0
bg_31336,0.8526543974876404,0.3717256486415863,0.6654317378997803,129.0
bg_31337,0.8376997113227844,0.2744192779064178,0.6010000109672546,434.0
bg_31338,0.7371960878372192,0.2441431581974029,0.5040116310119629,350.0
bg_31345,0.8181009292602539,0.3065185844898224,0.6026477813720703,119.0
bg_31348,0.7506130933761597,0.2039079070091247,0.4944028556346893,340.0
bg_31360,0.8689168095588684,0.3495439887046814,0.658288300037384,1511.0
bg_31364,0.8343652486801147,0.342752605676651,0.6500556468963623,315.0
bg_31367,0.8102118372917175,0.2428476959466934,0.5682229995727539,821.0
bg_31373,0.8651224374771118,0.3804972767829895,0.6698511838912964,239.0
bg_31378,0.8300631642341614,0.3165335059165954,0.6263182163238525,374.0
bg_31385,0.4361491799354553,0.0908595621585846,0.3419965207576751,277.0
bg_31397,0.8761106729507446,0.3176096677780151,0.6103431582450867,168.0
bg_31402,0.8703317642211914,0.3933480083942413,0.6698618531227112,185.0
bg_31418,0.830829918384552,0.36190927028656,0.661920964717865,375.0
bg_31419,0.8174994587898254,0.2780888676643371,0.5920754671096802,189.0
bg_31423,0.892377495765686,0.3565537929534912,0.67014479637146,154.0
bg_31428,0.8733462691307068,0.3098508417606354,0.6348394155502319,243.0
bg_31444,0.8651973009109497,0.3693369328975677,0.6817055344581604,163.0
bg_31446,0.8398725390434265,0.3272509574890136,0.63487708568573,458.0
bg_31451,0.8387255668640137,0.3138671815395355,0.6165028214454651,186.0
bg_31452,0.8619329929351807,0.3491190373897552,0.6505027413368225,139.0
bg_31454,0.8073071241378784,0.4038275480270386,0.6871384978294373,360.0
bg_31474,0.8222618699073792,0.2479484379291534,0.5733939409255981,266.0
bg_31477,0.8458446860313416,0.3445030450820923,0.6406095623970032,500.0
bg_31484,0.7075498104095459,0.3065046668052673,0.5676737427711487,404.0
bg_31487,0.8615890741348267,0.3152748644351959,0.63286954164505,208.0
bg_31488,0.8771147727966309,0.3460633754730224,0.6698601841926575,203.0
bg_31496,0.7677338719367981,0.2208273857831955,0.5253878235816956,509.0
bg_31497,0.8379091024398804,0.2791497111320495,0.5871812105178833,399.0
bg_31512,0.8220406770706177,0.2897829711437225,0.5876917243003845,209.0
bg_31516,0.8295767903327942,0.2276426255702972,0.5606205463409424,401.0
bg_31517,0.8327500224113464,0.3153799474239349,0.6305187940597534,160.0
bg_31522,0.8502811193466187,0.3379048705101013,0.623388946056366,174.0
bg_31524,0.8468451499938965,0.3209988176822662,0.6268814206123352,167.0
bg_31531,0.850300669670105,0.345844954252243,0.6464166641235352,179.0
bg_31534,0.8184862732887268,0.2275219410657882,0.5486124157905579,700.0
bg_31537,0.6328246593475342,0.0980192124843597,0.3572421371936798,428.0
bg_31541,0.8694391846656799,0.338054746389389,0.6581711173057556,393.0
bg_31542,0.7185000777244568,0.1703336238861084,0.4569165408611297,466.0
bg_31545,0.8609618544578552,0.3796232640743255,0.6784520745277405,239.0
bg_31553,0.8417872190475464,0.2743895649909973,0.6037526726722717,531.0
bg_31558,0.8384196758270264,0.3301328718662262,0.6468758583068848,137.0
bg_31570,0.7628741264343262,0.2443980723619461,0.5457713007926941,447.0
bg_31574,0.8379873037338257,0.3105630576610565,0.6075377464294434,726.0
bg_31576,0.7871291637420654,0.2710174322128296,0.576835572719574,119.0
bg_31586,0.8631433844566345,0.314509242773056,0.5914547443389893,366.0
bg_31587,0.8413097858428955,0.2453170716762542,0.560438871383667,503.0
bg_31593,0.8533124923706055,0.3010804951190948,0.5953580141067505,604.0
bg_31594,0.8110870718955994,0.1886083632707595,0.5099980235099792,565.0
bg_31601,0.8268235921859741,0.272256851196289,0.5822919011116028,434.0
bg_31606,0.706459105014801,0.2116793245077133,0.5149532556533813,77.0
bg_31615,0.8452125787734985,0.3269151449203491,0.647066593170166,373.0
bg_31617,0.763878345489502,0.3178277015686035,0.5994458198547363,401.0
bg_31618,0.8348209261894226,0.2586269974708557,0.5721250772476196,89.0
bg_31627,0.8573050498962402,0.3312647342681885,0.6584110260009766,161.0
bg_31633,0.8612659573554993,0.3516367077827453,0.6698631048202515,328.0
bg_31648,0.8697803616523743,0.345714122056961,0.6432296633720398,372.0
bg_31650,0.8306027054786682,0.3120131194591522,0.6106289029121399,287.0
bg_31653,0.8458356261253357,0.3141287565231323,0.6345685124397278,638.0
bg_31655,0.7084394097328186,0.3152261972427368,0.5251229405403137,405.0
bg_31668,0.8312696218490601,0.293499231338501,0.6001578569412231,92.0
bg_31670,0.8653517365455627,0.3721136152744293,0.677703320980072,254.0
bg_31680,0.833700954914093,0.2217335551977157,0.5495195984840393,833.0
bg_31685,0.8378105759620667,0.2437718361616134,0.549227774143219,560.0
bg_31686,0.7390592694282532,0.1905348151922226,0.470140129327774,226.0
bg_31692,0.8187963962554932,0.2180328667163849,0.5214213728904724,278.0
bg_31696,0.8694865107536316,0.3965053856372833,0.6934645175933838,232.0
bg_31714,0.810844361782074,0.2401393800973892,0.5372301936149597,376.0
bg_31723,0.8454605340957642,0.3036209940910339,0.6036943793296814,141.0
bg_31734,0.8105642795562744,0.3463928401470184,0.6578466296195984,369.0
bg_31736,0.7653221487998962,0.2015961706638336,0.498121976852417,91.0
bg_31742,0.863909900188446,0.3664070069789886,0.6853736042976379,342.0
bg_31744,0.8139274716377258,0.2302722632884979,0.5353953838348389,158.0
bg_31745,0.8344975709915161,0.2540522217750549,0.5726824998855591,86.0
bg_31751,0.876800537109375,0.3426465988159179,0.6619223952293396,417.0
bg_31756,0.8694250583648682,0.3487208783626556,0.6697314977645874,512.0
bg_31761,0.7934432625770569,0.2184183001518249,0.5295876264572144,338.0
bg_31767,0.7825144529342651,0.2923325300216675,0.5693333745002747,120.0
bg_31783,0.8473756313323975,0.3460255563259125,0.6587513089179993,152.0
bg_31787,0.8692477345466614,0.3852046132087707,0.67721027135849,358.0
bg_31789,0.7714268565177917,0.2082966417074203,0.4858776926994324,323.0
bg_31790,0.8656460642814636,0.4056037068367004,0.7054954171180725,333.0
bg_31792,0.7913726568222046,0.2706237733364105,0.5720613598823547,207.0
bg_31798,0.7948659658432007,0.2393425554037094,0.5536080002784729,436.0
bg_31803,0.7947120070457458,0.2484792470932006,0.5448160767555237,461.0
bg_31815,0.8066524267196655,0.2002802342176437,0.52144855260849,437.0
bg_31820,0.8171616792678833,0.3499257564544678,0.6539664268493652,146.0
bg_31829,0.7549213767051697,0.1904789507389068,0.5002057552337646,70.0
bg_31830,0.807429850101471,0.2629344761371612,0.5747524499893188,154.0
bg_31835,0.8458335995674133,0.3331480026245117,0.6505565643310547,446.0
bg_31838,0.8373003005981445,0.3534844219684601,0.6622340083122253,194.0
bg_31841,0.8031808137893677,0.2490129619836807,0.5640182495117188,516.0
bg_31842,0.8453052043914795,0.3096502721309662,0.6192368865013123,241.0
bg_31844,0.8383823037147522,0.1577948927879333,0.5012017488479614,346.0
bg_31849,0.8401157259941101,0.321949154138565,0.602724015712738,126.0
bg_31855,0.826704204082489,0.2672178447246551,0.56611567735672,132.0
bg_31862,0.7269288301467896,0.2488078773021698,0.5419453382492065,92.0
bg_31878,0.8207307457923889,0.3133818209171295,0.6269785165786743,117.0
bg_31887,0.861001193523407,0.3156588673591614,0.6101585030555725,140.0
bg_31889,0.763708770275116,0.2339107096195221,0.5172057151794434,424.0
bg_31894,0.8811728954315186,0.3251626193523407,0.6465867161750793,435.0
bg_31895,0.8376596570014954,0.3212134838104248,0.6266455054283142,480.0
bg_31903,0.6584857106208801,0.0924009010195732,0.3456413447856903,489.0
bg_31907,0.6972398161888123,0.2865851819515228,0.5569871664047241,463.0
bg_31910,0.8583813309669495,0.2997086346149444,0.6151795983314514,162.0
bg_31926,0.8537993431091309,0.3158123195171356,0.6261423230171204,192.0
bg_31929,0.8410310745239258,0.3131803572177887,0.6131842136383057,337.0
bg_31932,0.3346144258975982,0.0353553034365177,0.2209861576557159,374.0
bg_31955,0.8755598068237305,0.3934181928634643,0.6896712183952332,290.0
bg_31960,0.7778568863868713,0.3479442596435547,0.6223781108856201,42.0
bg_31962,0.8108391165733337,0.3381878733634949,0.630949079990387,371.0
bg_31965,0.8850367069244385,0.3640518188476562,0.6813990473747253,454.0
bg_31966,0.8847092390060425,0.400302916765213,0.7012227177619934,188.0
bg_31968,0.7480860352516174,0.2002726346254348,0.4339988529682159,84.0
bg_31970,0.8610922694206238,0.2996035516262054,0.6237874031066895,168.0
bg_31988,0.860592782497406,0.3507352471351623,0.6430549621582031,180.0
bg_31991,0.8688710927963257,0.3173686265945434,0.6388290524482727,425.0
bg_31994,0.7724719643592834,0.2597669661045074,0.5412653088569641,470.0
bg_31995,0.8655069470405579,0.3499023020267486,0.6539430618286133,162.0
bg_32003,0.6697216033935547,0.1931989938020706,0.4752256572246551,373.0
bg_32004,0.8532248735427856,0.2591525316238403,0.584373414516449,514.0
bg_32014,0.8501344919204712,0.3440766930580139,0.6575673818588257,234.0
bg_32022,0.8459689021110535,0.3375032544136047,0.6343579888343811,150.0
bg_32024,0.8496279716491699,0.3025633692741394,0.6211169362068176,511.0
bg_32026,0.6667784452438354,0.1687835156917572,0.3922267854213714,400.0
bg_32028,0.8121209144592285,0.2532681226730346,0.5522414445877075,80.0
bg_32034,0.8186722993850708,0.2938802242279053,0.5838886499404907,350.0
bg_32035,0.8607466220855713,0.3450074195861816,0.6471889615058899,99.0
bg_32036,0.8497421145439148,0.3425708711147308,0.6579257845878601,523.0
bg_32046,0.8698657751083374,0.413078248500824,0.7012367248535156,277.0
bg_32047,0.8178053498268127,0.3138751983642578,0.6382297873497009,139.0
bg_32049,0.6976577043533325,0.2020097821950912,0.4748107194900512,393.0
bg_32050,0.8062093257904053,0.2242424041032791,0.5218952298164368,187.0
bg_32053,0.8229036331176758,0.3148556649684906,0.619106650352478,185.0
bg_32055,0.8538490533828735,0.2840268611907959,0.5841855406761169,425.0
bg_32057,0.7790622115135193,0.1661902964115142,0.4628010392189026,459.0
bg_32058,0.8090781569480896,0.3218742311000824,0.6073125004768372,388.0
bg_32061,0.8572397232055664,0.391512781381607,0.697181224822998,369.0
bg_32064,0.8457309603691101,0.3581022918224334,0.6703401207923889,289.0
bg_32076,0.8770189881324768,0.350633442401886,0.6542743444442749,447.0
bg_32077,0.8142750263214111,0.3138757050037384,0.6232321858406067,202.0
bg_32089,0.7917967438697815,0.2410741746425628,0.5484872460365295,389.0
bg_32099,0.7693272829055786,0.21733258664608,0.51492840051651,474.0
bg_32103,0.7833919525146484,0.322315514087677,0.5880420804023743,269.0
bg_32105,0.816364049911499,0.2714217007160187,0.5985153317451477,389.0
bg_32113,0.8061650395393372,0.3094548285007477,0.6228315234184265,121.0
bg_32114,0.781812310218811,0.2942675352096557,0.5678588151931763,367.0
bg_32118,0.8571881651878357,0.3755209445953369,0.6634248495101929,269.0
bg_32122,0.8926071524620056,0.3814273476600647,0.6741037368774414,453.0
bg_32123,0.8418388962745667,0.3079018592834472,0.6315422058105469,149.0
bg_32137,0.717523992061615,0.2432311326265335,0.5222647190093994,157.0
bg_32139,0.8220862150192261,0.3535241782665252,0.6076003313064575,526.0
bg_32151,0.7987331748008728,0.2725637853145599,0.5724307298660278,982.0
bg_32163,0.873039722442627,0.3146866261959076,0.6267762780189514,484.0
bg_32165,0.4458319246768951,0.1123236566781997,0.3345531225204468,155.0
bg_32173,0.8341645002365112,0.3185610473155975,0.6349111795425415,348.0
bg_32179,0.8143872618675232,0.266686350107193,0.5680963397026062,209.0
bg_32181,0.8376411199569702,0.2803217768669128,0.5918765664100647,476.0
bg_32185,0.8694954514503479,0.3416450321674347,0.6390268802642822,140.0
bg_32186,0.6035398244857788,0.1841583847999572,0.3531095683574676,187.0
bg_32188,0.79660564661026,0.1883654445409774,0.5207896828651428,252.0
bg_32194,0.8068078756332397,0.2367255389690399,0.5336768627166748,429.0
bg_32197,0.8500112891197205,0.3931477665901184,0.6732525825500488,141.0
bg_32199,0.8886983394622803,0.3935669362545013,0.7086238861083984,386.0
bg_32204,0.8621399402618408,0.373539388179779,0.6785116791725159,159.0
bg_32211,0.8454788327217102,0.3133193254470825,0.6094908118247986,168.0
bg_32213,0.8769369125366211,0.3725055754184723,0.6896302700042725,689.0
bg_32216,0.869613766670227,0.3486466705799103,0.6385297775268555,127.0
bg_32218,0.8417308926582336,0.3426473140716553,0.6386182904243469,261.0
bg_32225,0.7909037470817566,0.1927196681499481,0.5134245753288269,349.0
bg_32227,0.8882193565368652,0.4324853420257568,0.7089161276817322,356.0
bg_32232,0.8417778611183167,0.3115420341491699,0.6194454431533813,404.0
bg_32233,0.8545085787773132,0.2980497479438782,0.618823766708374,129.0
bg_32235,0.8458321690559387,0.2805516719818115,0.5914389491081238,401.0
bg_32236,0.7770889401435852,0.2088169157505035,0.4626346528530121,388.0
bg_32240,0.8257877230644226,0.2517223656177521,0.5530579686164856,448.0
bg_32242,0.8808217644691467,0.3767358064651489,0.689471960067749,476.0
bg_32243,0.7830794453620911,0.2713339924812317,0.5700923204421997,418.0
bg_32246,0.848277747631073,0.2830379009246826,0.60944002866745,114.0
bg_32248,0.7840088605880737,0.2511594593524933,0.5693296194076538,138.0
bg_32251,0.8459985852241516,0.3340712785720825,0.6458433270454407,366.0
bg_32259,0.8767319917678833,0.3892824649810791,0.6854800581932068,295.0
bg_32260,0.7907573580741882,0.2213191986083984,0.5367006659507751,508.0
bg_32261,0.8295213580131531,0.3191407322883606,0.6275593638420105,111.0
bg_32273,0.8257628679275513,0.2994879186153412,0.6032921671867371,191.0
bg_32281,0.8616381883621216,0.3976238071918487,0.6818628311157227,429.0
bg_32282,0.8574450612068176,0.3409075438976288,0.6388223767280579,464.0
bg_32286,0.8502779006958008,0.2168674170970916,0.5292667150497437,422.0
bg_32287,0.8346168398857117,0.3015953600406647,0.6236465573310852,69.0
bg_32290,0.8656332492828369,0.3529549241065979,0.6626794934272766,400.0
bg_32291,0.8615953326225281,0.3387059271335602,0.6466927528381348,406.0
bg_32292,0.755141019821167,0.2438033521175384,0.5175369381904602,451.0
bg_32297,0.8752075433731079,0.3214903175830841,0.6477046608924866,216.0
bg_32303,0.7716137170791626,0.2831544280052185,0.5777919888496399,196.0
bg_32307,0.829428493976593,0.3220349252223968,0.6078166961669922,445.0
bg_32314,0.8303634524345398,0.3129030168056488,0.6114697456359863,229.0
bg_32316,0.8144828677177429,0.2896130979061126,0.592961311340332,321.0
bg_32323,0.7676262259483337,0.174842894077301,0.4901421666145324,468.0
bg_32325,0.8151918649673462,0.3258006572723388,0.6164678335189819,111.0
bg_32327,0.8452677130699158,0.263926237821579,0.5914645195007324,253.0
bg_32337,0.8692211508750916,0.3301464319229126,0.6505609750747681,255.0
bg_32338,0.8078592419624329,0.2694114744663238,0.57194584608078,84.0
bg_32340,0.8308853507041931,0.3683873116970062,0.6605804562568665,80.0
bg_32345,0.838181734085083,0.3262272775173187,0.5940284729003906,470.0
bg_32364,0.8610510230064392,0.3068416118621826,0.6229087710380554,407.0
bg_32372,0.8299022316932678,0.2755086421966553,0.5923137068748474,484.0
bg_32385,0.8454244136810303,0.3019187450408935,0.5982025861740112,124.0
bg_32393,0.8571764826774597,0.3665516972541809,0.6732146739959717,334.0
bg_32396,0.8847547769546509,0.3722609281539917,0.6854835152626038,435.0
bg_32399,0.8886352777481079,0.4027261435985565,0.7050274014472961,396.0
bg_32401,0.8219718933105469,0.2880018651485443,0.6143789291381836,269.0
bg_32413,0.8253313302993774,0.2866644561290741,0.6037545204162598,180.0
bg_32421,0.8459019660949707,0.2930328249931335,0.6074557900428772,192.0
bg_32423,0.8182298541069031,0.3057751357555389,0.6072700619697571,129.0
bg_32424,0.8731852769851685,0.3925670981407165,0.6859076023101807,168.0
bg_32427,0.8298075795173645,0.3135595023632049,0.6111597418785095,453.0
bg_32429,0.853242814540863,0.3653532266616821,0.6705724596977234,142.0
bg_32431,0.8457219004631042,0.2393646240234375,0.5722038149833679,545.0
bg_32432,0.8729647994041443,0.3383827805519104,0.657647430896759,377.0
bg_32439,0.8345934748649597,0.261341392993927,0.5843014717102051,79.0
bg_32441,0.8302640318870544,0.2227394431829452,0.5372921228408813,390.0
bg_32449,0.8102489709854126,0.2682768702507019,0.5632700324058533,60.0
bg_32473,0.865871012210846,0.3154640793800354,0.6229585409164429,169.0
bg_32474,0.8026121258735657,0.3535320162773132,0.6293995976448059,407.0
bg_32476,0.7949053645133972,0.2744931876659393,0.5722991824150085,612.0
bg_32480,0.8651774525642395,0.2956610023975372,0.6112524271011353,256.0
bg_32483,0.8251494765281677,0.2483190149068832,0.5532568097114563,67.0
bg_32488,0.8000556826591492,0.2713544070720672,0.5731335282325745,87.0
bg_32490,0.8540928363800049,0.3322561681270599,0.6341838836669922,132.0
bg_32491,0.8808428645133972,0.3220187127590179,0.6185842156410217,176.0
bg_32509,0.7323806285858154,0.264021635055542,0.5681596994400024,773.0
bg_32510,0.8419925570487976,0.2398739606142044,0.5683028101921082,468.0
bg_32511,0.786779522895813,0.2018284648656845,0.498007208108902,439.0
bg_32516,0.8768920302391052,0.3470655381679535,0.6466782093048096,465.0
bg_32527,0.8773307204246521,0.3545908033847809,0.654344379901886,195.0
bg_32538,0.8697112798690796,0.3799024820327759,0.6930450201034546,270.0
bg_32561,0.841776967048645,0.3330676555633545,0.6330640912055969,508.0
bg_32563,0.8332120776176453,0.3379091024398803,0.6149371266365051,477.0
bg_32569,0.654501736164093,0.1455365419387817,0.3890658318996429,659.0
bg_32570,0.7932279706001282,0.2488858848810196,0.5407424569129944,676.0
bg_32576,0.8885547518730164,0.3503689467906952,0.6634416580200195,399.0
bg_32589,0.798674464225769,0.2395502030849456,0.5481162667274475,155.0
bg_32599,0.7913933396339417,0.2755478024482727,0.5686842799186707,129.0
bg_32600,0.8232269883155823,0.2813255488872528,0.5837270021438599,472.0
bg_32604,0.8028748631477356,0.2473205924034118,0.5528982877731323,495.0
bg_32625,0.8473098874092102,0.3020548820495605,0.6226358413696289,378.0
bg_32629,0.8305080533027649,0.2258162051439285,0.5485206842422485,272.0
bg_32630,0.7051506042480469,0.1904994398355484,0.4775430858135223,481.0
bg_32642,0.8729055523872375,0.3722015023231506,0.6776139736175537,199.0
bg_32643,0.8300730586051941,0.3220402300357818,0.6313179135322571,163.0
bg_32645,0.8313252925872803,0.3488561809062958,0.6501964330673218,157.0
bg_32646,0.876259982585907,0.3253644406795501,0.634554922580719,179.0
bg_32652,0.8146225214004517,0.2737768292427063,0.5851965546607971,113.0
bg_32657,0.8723163604736328,0.3386622667312622,0.6356260180473328,172.0
bg_32660,0.8848617672920227,0.3215933442115783,0.6350173950195312,373.0
bg_32668,0.8496677279472351,0.287671685218811,0.5961205959320068,514.0
bg_32672,0.7993445992469788,0.2731488347053528,0.5784364342689514,504.0
bg_32685,0.8372994065284729,0.3195744454860687,0.6194595098495483,173.0
bg_32691,0.7449610233306885,0.200294017791748,0.4199166297912597,341.0
bg_32692,0.8059421181678772,0.2993003726005554,0.6145719289779663,121.0
bg_32703,0.6835077404975891,0.151084303855896,0.4528109133243561,129.0
bg_32709,0.8346346616744995,0.2889726459980011,0.6110007166862488,134.0
bg_32711,0.877703845500946,0.3562913835048675,0.6584262847900391,257.0
bg_32715,0.8225598931312561,0.2483362853527069,0.5834844708442688,455.0
bg_32729,0.8635799884796143,0.3416139781475067,0.6509796380996704,962.0
bg_32730,0.8654071092605591,0.3429580926895141,0.6583570837974548,529.0
bg_32734,0.8593932390213013,0.3836967945098877,0.6669328808784485,258.0
bg_32738,0.78962242603302,0.3182266652584076,0.6145228743553162,471.0
bg_32741,0.8653424382209778,0.3887917697429657,0.6816820502281189,262.0
bg_32742,0.8558257818222046,0.2985069453716278,0.6038728952407837,828.0
bg_32750,0.8849350810050964,0.3451024889945984,0.6619418263435364,351.0
bg_32757,0.7634467482566833,0.2400249242782592,0.4908614754676819,663.0
bg_32762,0.786501407623291,0.2048229873180389,0.5023260116577148,455.0
bg_32773,0.8215442895889282,0.1294571459293365,0.4301173985004425,544.0
bg_32778,0.8538039326667786,0.3726770877838135,0.6758803725242615,378.0
bg_32780,0.8615822792053223,0.3092793822288513,0.6274376511573792,259.0
bg_32786,0.8371444344520569,0.2588619589805603,0.5634852647781372,129.0
bg_32787,0.8170771598815918,0.2623223960399627,0.5726520419120789,154.0
bg_32788,0.7656236886978149,0.2314079254865646,0.5523768067359924,390.0
bg_32789,0.8842755556106567,0.3358120620250702,0.6424791216850281,188.0
bg_32792,0.8891217708587646,0.3817963898181915,0.681559681892395,591.0
bg_32800,0.7987245321273804,0.2565726339817047,0.5572053790092468,413.0
bg_32808,0.7664176821708679,0.1796739548444748,0.4922100901603699,178.0
bg_32824,0.8241034746170044,0.2948657274246216,0.5890840888023376,84.0
bg_32841,0.7929587960243225,0.2286830395460128,0.5139490365982056,400.0
bg_32845,0.8470738530158997,0.2528904974460602,0.564765214920044,569.0
bg_32848,0.7872507572174072,0.2836917340755462,0.5960485935211182,421.0
bg_32849,0.8546192049980164,0.338938295841217,0.6543207764625549,140.0
bg_32852,0.8268529176712036,0.3245644867420196,0.635172963142395,186.0
bg_32853,0.8273459672927856,0.3237773478031158,0.6048925518989563,214.0
bg_32856,0.8493204712867737,0.2647962570190429,0.5606420636177063,190.0
bg_32860,0.8494573831558228,0.3378627002239227,0.6310508251190186,383.0
bg_32872,0.8376465439796448,0.2788852155208587,0.5958784222602844,439.0
bg_32874,0.6729095578193665,0.260302186012268,0.5212992429733276,247.0
bg_32877,0.8657411932945251,0.3544043302536011,0.6661751866340637,129.0
bg_32878,0.7565522193908691,0.2473982274532318,0.5334079265594482,482.0
bg_32883,0.7848218083381653,0.1890343427658081,0.4709496796131134,527.0
bg_32888,0.790073037147522,0.1650410294532776,0.4844809472560882,470.0
bg_32894,0.8420594930648804,0.2919763028621673,0.6077229380607605,475.0
bg_32896,0.8341082334518433,0.3172563314437866,0.6041789650917053,271.0
bg_32900,0.8771770000457764,0.3364201486110687,0.6427891254425049,591.0
bg_32902,0.8303167223930359,0.2670615017414093,0.5759745836257935,463.0
bg_32908,0.8672488927841187,0.3503772616386413,0.630450427532196,170.0
bg_32925,0.7856050729751587,0.2221799045801162,0.5291440486907959,175.0
bg_32928,0.7038916349411011,0.1558404266834259,0.426244705915451,436.0
bg_32929,0.7788447141647339,0.1699724793434143,0.5014707446098328,252.0
bg_32935,0.8126105070114136,0.2829896509647369,0.6046059727668762,120.0
bg_32936,0.8731449246406555,0.404438704252243,0.6932051181793213,437.0
bg_32939,0.8321824073791504,0.3233746588230133,0.6350629329681396,150.0
bg_32948,0.5729268193244934,0.1413862854242324,0.3974721431732178,485.0
bg_32955,0.8007435202598572,0.3556818068027496,0.624036967754364,63.0
bg_32958,0.7753841876983643,0.2252305299043655,0.4864166378974914,489.0
bg_32960,0.8810033202171326,0.2919057607650757,0.619268000125885,495.0
bg_32967,0.810322105884552,0.2235596925020218,0.5333637595176697,374.0
bg_32969,0.8461665511131287,0.315154105424881,0.6231584548950195,502.0
bg_32973,0.7633353471755981,0.2087102830410003,0.4355920851230621,487.0
bg_32976,0.8576245307922363,0.3289790451526642,0.6232184767723083,565.0
bg_32977,0.8382313251495361,0.274885356426239,0.6039788722991943,125.0
bg_32978,0.8460341095924377,0.3239329159259796,0.6303632259368896,182.0
bg_32979,0.8144345283508301,0.311745822429657,0.6148488521575928,458.0
bg_32988,0.8394835591316223,0.3145822286605835,0.6281624436378479,116.0
bg_32989,0.8384250402450562,0.284454882144928,0.5850710272789001,98.0
bg_32990,0.8427379727363586,0.3067460060119629,0.6250155568122864,172.0
bg_33000,0.7639572024345398,0.3337640464305877,0.6231454610824585,149.0
bg_33005,0.7252975106239319,0.0847788900136947,0.3958384394645691,520.0
bg_33010,0.7990517616271973,0.2703680694103241,0.5994027853012085,229.0
bg_33013,0.873015820980072,0.2901300489902496,0.599510133266449,560.0
bg_33014,0.8069915175437927,0.2919380366802215,0.5950890183448792,366.0
bg_33017,0.8375738263130188,0.2883530855178833,0.6087114810943604,142.0
bg_33019,0.8672574162483215,0.3717106878757477,0.6800618767738342,314.0
bg_33026,0.8451465964317322,0.3135284185409546,0.6028956770896912,275.0
bg_33031,0.6538633704185486,0.2322816103696823,0.4821809232234955,382.0
bg_33033,0.8151511549949646,0.2766085863113403,0.5742821097373962,396.0
bg_33037,0.7986527681350708,0.3165282309055328,0.6030215620994568,159.0
bg_33043,0.7210721373558044,0.1623914986848831,0.4296111464500427,422.0
bg_33046,0.8530454039573669,0.2439856082201004,0.5482134222984314,431.0
bg_33048,0.8195963501930237,0.2521476745605469,0.5435909628868103,255.0
bg_33053,0.7983194589614868,0.2828767001628876,0.5918921232223511,487.0
bg_33055,0.7598217129707336,0.2883490025997162,0.5522069334983826,183.0
bg_33057,0.8079982995986938,0.3928671479225158,0.6500741243362427,213.0
bg_33064,0.8335520029067993,0.2797829806804657,0.5883455872535706,195.0
bg_33081,0.8735304474830627,0.4043237566947937,0.7127727270126343,339.0
bg_33084,0.8613386154174805,0.3453294038772583,0.6587814688682556,123.0
bg_33088,0.8300275802612305,0.2517624199390411,0.547153115272522,412.0
bg_33108,0.818737268447876,0.3661270439624786,0.6545900702476501,127.0
bg_33109,0.8068694472312927,0.2829727530479431,0.576389729976654,358.0
bg_33112,0.8578293919563293,0.3055068850517273,0.6233505010604858,175.0
bg_33115,0.7362332344055176,0.2375506609678268,0.5060600638389587,399.0
bg_33126,0.845490574836731,0.3607249557971954,0.6544296145439148,174.0
bg_33128,0.8570728898048401,0.2883683741092682,0.6032825708389282,303.0
bg_33137,0.8310465812683105,0.2464467585086822,0.5601328015327454,536.0
bg_33142,0.8140922784805298,0.3044404685497284,0.601331353187561,77.0
bg_33148,0.803455650806427,0.3064242005348205,0.6144140958786011,114.0
bg_33153,0.8653604388237,0.3607619404792785,0.6653866171836853,151.0
bg_33169,0.8248357176780701,0.1660194844007492,0.4711229205131531,435.0
bg_33175,0.8886402249336243,0.4391201138496399,0.7328107357025146,359.0
bg_33177,0.8499624133110046,0.3819917142391205,0.6621303558349609,213.0
bg_33182,0.7831403017044067,0.262611448764801,0.5689706802368164,471.0
bg_33186,0.8846423029899597,0.3585293889045715,0.6538558006286621,315.0
bg_33187,0.8140494227409363,0.2644805014133453,0.5457817912101746,137.0
bg_33191,0.7534248232841492,0.2597528398036957,0.5552306771278381,505.0
bg_33202,0.7792667746543884,0.1867158710956573,0.4822446703910827,633.0
bg_33205,0.8122954964637756,0.2278588116168975,0.5383850932121277,102.0
bg_33207,0.861550509929657,0.3582652509212494,0.658464252948761,402.0
bg_33221,0.8771769404411316,0.3661397993564605,0.6657676100730896,393.0
bg_33243,0.8141775727272034,0.3220193684101105,0.6032736897468567,247.0
bg_33254,0.8303934931755066,0.3308042287826538,0.6307405829429626,809.0
bg_33256,0.8419086337089539,0.3104728162288666,0.6148965358734131,422.0
bg_33257,0.81070476770401,0.3062154650688171,0.6148046255111694,528.0
bg_33259,0.8220210671424866,0.2978061139583587,0.5799539089202881,413.0
bg_33267,0.8103384971618652,0.2678253054618835,0.5882670283317566,553.0
bg_33273,0.6740043759346008,0.2311093658208847,0.5067270398139954,76.0
bg_33274,0.8216795325279236,0.2254320532083511,0.5060762763023376,383.0
bg_33277,0.8738111257553101,0.3535070419311523,0.6409522891044617,409.0
bg_33294,0.6454720497131348,0.1505043804645538,0.371731698513031,155.0
bg_33296,0.8817514777183533,0.3517122268676758,0.6460568308830261,312.0
bg_33301,0.8538699746131897,0.3417944610118866,0.6678662896156311,223.0
bg_33306,0.8303557634353638,0.2523676753044128,0.5615593791007996,77.0
bg_33308,0.7750738263130188,0.2477849125862121,0.5396286249160767,420.0
bg_33310,0.8319287896156311,0.3734545409679413,0.6469528675079346,145.0
bg_33312,0.6906859278678894,-0.0898489952087402,0.2338752746582031,408.0
bg_33315,0.8572120070457458,0.3330411612987518,0.637601375579834,367.0
bg_33321,0.8615421056747437,0.3154542446136474,0.6191396713256836,464.0
bg_33323,0.8297334313392639,0.3338611423969269,0.6312065124511719,382.0
bg_33327,0.736506998538971,0.2129607498645782,0.4981813728809356,480.0
bg_33331,0.8408446907997131,0.3149417340755462,0.6391440033912659,135.0
bg_33332,0.2697150409221649,-0.012211937457323,0.1455748081207275,485.0
bg_33340,0.8617485761642456,0.3698367178440094,0.675720751285553,160.0
bg_33341,0.8689532279968262,0.3429214060306549,0.6457467079162598,357.0
bg_33342,0.7984975576400757,0.3236502408981323,0.6238880753517151,159.0
bg_33346,0.8218716382980347,0.2837768197059631,0.5916231274604797,141.0
bg_33350,0.8773056864738464,0.3468687236309051,0.6510171890258789,428.0
bg_33354,0.8492410778999329,0.2651671469211578,0.5895198583602905,114.0
bg_33358,0.8693782091140747,0.3377504348754883,0.6505952477455139,867.0
bg_33376,0.85724937915802,0.4437775313854217,0.7165266275405884,536.0
bg_33383,0.8338477611541748,0.2684274017810821,0.5644142627716064,538.0
bg_33388,0.8609394431114197,0.3766046464443207,0.6816545724868774,155.0
bg_33408,0.8376442193984985,0.3376356661319732,0.6347695589065552,516.0
bg_33413,0.8137311935424805,0.3378975093364715,0.650719165802002,175.0
bg_33418,0.8167514204978943,0.2480769902467727,0.5097922086715698,518.0
bg_33424,0.7563656568527222,0.208483800292015,0.4778220355510711,871.0
bg_33425,0.7831808924674988,0.229308933019638,0.5252858996391296,415.0
bg_33426,0.8375864028930664,0.3000980317592621,0.5957862138748169,167.0
bg_33429,0.8068923950195312,0.1974188685417175,0.4676358997821808,559.0
bg_33441,0.8461030125617981,0.3371477127075195,0.6310405135154724,450.0
bg_33450,0.8530556559562683,0.309613972902298,0.6186816096305847,343.0
bg_33454,0.8477755188941956,0.3425885438919067,0.6618067622184753,194.0
bg_33455,0.8295425176620483,0.283151239156723,0.5916668176651001,411.0
bg_33459,0.8330061435699463,0.3109714984893799,0.5976711511611938,378.0
bg_33460,0.873568594455719,0.4091756045818329,0.7133396863937378,269.0
bg_33461,0.8574919700622559,0.3566223084926605,0.6543861627578735,472.0
bg_33469,0.8463500142097473,0.2703283131122589,0.5913978219032288,55.0
bg_33481,0.8107357025146484,0.3058848083019256,0.604676365852356,347.0
bg_33482,0.8026748299598694,0.2487630844116211,0.5602064728736877,441.0
bg_33484,0.887015700340271,0.3287273645401001,0.619070291519165,135.0
bg_33487,0.7994531989097595,0.2126102596521377,0.5052704811096191,88.0
bg_33496,0.8541568517684937,0.2755445539951324,0.5842254161834717,547.0
bg_33500,0.8107256889343262,0.2337060719728469,0.5410668849945068,182.0
bg_33503,0.6932241320610046,0.2285601943731308,0.5211133360862732,456.0
bg_33525,0.8808720707893372,0.3450302183628082,0.6621238589286804,447.0
bg_33531,0.8501188158988953,0.3388078808784485,0.645794153213501,93.0
bg_33532,0.8533399105072021,0.2996784448623657,0.5958425402641296,413.0
bg_33540,0.8689543604850769,0.3030403852462768,0.5918458104133606,408.0
bg_33541,0.8455638289451599,0.3486031889915466,0.6546571254730225,292.0
bg_33545,0.8223884105682373,0.2973225712776184,0.584098219871521,429.0
bg_33547,0.8817161917686462,0.3305857479572296,0.6340934038162231,135.0
bg_33553,0.7593674659729004,0.2863121032714844,0.5629920959472656,450.0
bg_33554,0.830359935760498,0.3586402237415313,0.6634318232536316,156.0
bg_33557,0.83348548412323,0.2724246978759765,0.5882070064544678,261.0
bg_33558,0.8720288872718811,0.3545677363872528,0.6460233926773071,181.0
bg_33565,0.8167803883552551,0.2870827913284302,0.5922132730484009,236.0
bg_33567,0.8249847292900085,0.2478692531585693,0.5727194547653198,210.0
bg_33572,0.7711483836174011,0.1943399757146835,0.4934382736682892,481.0
bg_33583,0.8185411095619202,0.2121044099330902,0.5252279043197632,149.0
bg_33588,0.8343128561973572,0.325000524520874,0.6341469883918762,217.0
bg_33600,0.8885114192962646,0.3882274627685547,0.6778473258018494,521.0
bg_33602,0.8808715343475342,0.3758498430252075,0.6666264533996582,408.0
bg_33606,0.7732728123664856,0.0584742352366447,0.3455695211887359,478.0
bg_33609,0.8732399344444275,0.3556894659996032,0.6541900038719177,234.0
bg_33612,0.8575894832611084,0.2250398844480514,0.5325720310211182,424.0
bg_33617,0.9005041718482971,0.4479351341724396,0.7271854877471924,192.0
bg_33618,0.862493097782135,0.2804680168628692,0.6075797080993652,259.0
bg_33624,0.7717203497886658,0.2020482569932937,0.4976346790790558,242.0
bg_33625,0.8656768798828125,0.3292791247367859,0.6501563787460327,145.0
bg_33629,0.8338677883148193,0.2627076506614685,0.5533785223960876,488.0
bg_33632,0.7718989253044128,0.2972621917724609,0.5670652389526367,188.0
bg_33633,0.8689596056938171,0.2353342324495315,0.576332151889801,511.0
bg_33634,0.4233767986297607,0.0307122431695461,0.2759865820407867,163.0
bg_33635,0.7514572739601135,0.2517072856426239,0.5056681036949158,347.0
bg_33637,0.8181670308113098,0.3057291209697723,0.6072823405265808,389.0
bg_33639,0.8801579475402832,0.3627988398075104,0.6659724116325378,123.0
bg_33656,0.845440685749054,0.3328576385974884,0.5958537459373474,82.0
bg_33664,0.8329400420188904,0.3429235816001892,0.6278008818626404,117.0
bg_33666,0.8338703513145447,0.3308837413787842,0.6303524374961853,415.0
bg_33683,0.8304648399353027,0.1934706568717956,0.5175213813781738,240.0
bg_33684,0.8380348086357117,0.3574607670307159,0.6567457914352417,214.0
bg_33687,0.8657382130622864,0.3737001121044159,0.6696646213531494,162.0
bg_33690,0.8452680706977844,0.2350181937217712,0.560088038444519,159.0
bg_33693,0.8655381798744202,0.4085360467433929,0.6896554231643677,260.0
bg_33698,0.8769022822380066,0.306507259607315,0.6288884282112122,158.0
bg_33706,0.8238385319709778,0.2399578392505645,0.5500836968421936,145.0
bg_33708,0.7521364688873291,0.1855438649654388,0.4646934270858764,393.0
bg_33714,0.8344382643699646,0.2507795095443725,0.5847464203834534,108.0
bg_33725,0.8731381297111511,0.3383058905601501,0.6575549840927124,227.0
bg_33726,0.8612544536590576,0.3682523667812347,0.6698404550552368,171.0
bg_33728,0.85817950963974,0.2845964431762695,0.6096478700637817,196.0
bg_33729,0.8692768812179565,0.3525422513484955,0.6581481695175171,301.0
bg_33730,0.8727787137031555,0.352355420589447,0.6582195162773132,193.0
bg_33733,0.8684581518173218,0.3512000143527984,0.6537381410598755,138.0
bg_33749,0.8064199686050415,0.3499815762042999,0.6349919438362122,427.0
bg_33751,0.8572373390197754,0.326179027557373,0.6585944890975952,409.0
bg_33762,0.7749615907669067,0.2324357777833938,0.5309973359107971,63.0
bg_33768,0.8732505440711975,0.3662600517272949,0.662353515625,1066.0
bg_33771,0.8183661699295044,0.3614158630371094,0.6540074348449707,329.0
bg_33773,0.8150247931480408,0.2942896485328674,0.6001039743423462,364.0
bg_33777,0.8536287546157837,0.2905077040195465,0.5953163504600525,437.0
bg_33782,0.8612089157104492,0.3271214663982391,0.6346578598022461,390.0
bg_33785,0.8657646775245667,0.3009900748729706,0.6150808334350586,166.0
bg_33786,0.7833800911903381,0.2300599068403244,0.5249837636947632,364.0
bg_33789,0.8265155553817749,0.3013454377651214,0.6109946966171265,123.0
bg_33794,0.7520926594734192,0.2400798499584198,0.5024535059928894,477.0
bg_33801,0.693200409412384,0.1894902437925338,0.4689787030220032,470.0
bg_33806,0.8851640820503235,0.3484729826450348,0.6545397639274597,461.0
bg_33808,0.8297241926193237,0.3212433159351349,0.6424520015716553,210.0
bg_33820,0.8346043229103088,0.3221772313117981,0.6230294704437256,478.0
bg_33822,0.841657280921936,0.2981506884098053,0.6128989458084106,120.0
bg_33825,0.8480789661407471,0.1461773812770843,0.4967994093894958,268.0
bg_33831,0.868788480758667,0.3466740250587463,0.6576776504516602,141.0
bg_33836,0.8413824439048767,0.2913329601287842,0.591636061668396,855.0
bg_33838,0.8057120442390442,0.2950251400470733,0.611118733882904,357.0
bg_33839,0.8968037962913513,0.4014450311660766,0.6828978657722473,337.0
bg_33849,0.8808058500289917,0.3621228337287903,0.6699722409248352,201.0
bg_33850,0.8386315703392029,0.3144496977329254,0.6231325268745422,375.0
bg_33853,0.8348081707954407,0.2875455021858215,0.5888029932975769,116.0
bg_33857,0.8376985788345337,0.342084676027298,0.6391017436981201,159.0
bg_33860,0.8382090926170349,0.3034269511699676,0.6112496256828308,210.0
bg_33861,0.8769574165344238,0.3418634831905365,0.6503860950469971,845.0
bg_33862,0.8573148846626282,0.3224448561668396,0.6194285750389099,487.0
bg_33863,0.8065359592437744,0.2658981084823608,0.5858089327812195,39.0
bg_33866,0.8751886487007141,0.3310232758522033,0.6312634944915771,316.0
bg_33877,0.8654060363769531,0.3446140885353088,0.6485346555709839,184.0
bg_33878,0.7385522723197937,0.1667674034833908,0.4775466918945312,446.0
bg_33880,0.8576644659042358,0.282078355550766,0.595105767250061,278.0
bg_33881,0.8616992235183716,0.3859555721282959,0.6972033381462097,351.0
bg_33902,0.8293206095695496,0.3268135786056518,0.6195465326309204,192.0
bg_33903,0.8570767641067505,0.2315755188465118,0.540697455406189,386.0
bg_33905,0.7672128677368164,0.319719135761261,0.5916516184806824,555.0
bg_33907,0.8154428601264954,0.1852913200855255,0.5256088376045227,271.0
bg_33908,0.8655193448066711,0.2906637787818908,0.6065764427185059,602.0
bg_33909,0.8534364104270935,0.3292374014854431,0.6339341402053833,281.0
bg_33912,0.8877322673797607,0.310737282037735,0.62303626537323,182.0
bg_33922,0.7486916780471802,0.2054083496332168,0.4947529733181,325.0
bg_33923,0.8112654685974121,0.3135141432285309,0.6155304908752441,504.0
bg_33926,0.7440875172615051,0.236787736415863,0.5334039926528931,451.0
bg_33929,0.857067883014679,0.3361610472202301,0.63938307762146,462.0
bg_33934,0.7399704456329346,0.1884988099336624,0.4746288657188415,471.0
bg_33936,0.8058205246925354,0.2611041963100433,0.5600330829620361,127.0
bg_33938,0.7714889645576477,0.2621974647045135,0.5415301322937012,156.0
bg_33940,0.8458360433578491,0.2976518273353576,0.5918681621551514,164.0
bg_33947,0.8788430690765381,0.3291265368461609,0.6378811001777649,176.0
bg_33950,0.8769431710243225,0.303840309381485,0.6329212784767151,192.0
bg_33960,0.859363317489624,0.310909241437912,0.6245880126953125,176.0
bg_33963,0.6681296825408936,0.2049441337585449,0.4515210688114166,534.0
bg_33964,0.8570425510406494,0.291435569524765,0.5924206376075745,506.0
bg_33971,0.8524528741836548,0.3095704913139343,0.6137614250183105,148.0
bg_33973,0.8258045315742493,0.3111458122730255,0.6085724830627441,183.0
bg_33977,0.8266359567642212,0.2435878217220306,0.5446313619613647,133.0
bg_33981,0.8610951900482178,0.342743843793869,0.6424953937530518,331.0
bg_33988,0.8689667582511902,0.3110318183898926,0.615411102771759,154.0
bg_34000,0.8181467056274414,0.1971627920866012,0.517647385597229,870.0
bg_34003,0.8621222972869873,0.2744026482105255,0.5961504578590393,349.0
bg_34008,0.8495675921440125,0.2643086612224579,0.5803593993186951,347.0
bg_34009,0.7831138968467712,0.1780364662408828,0.5093004703521729,585.0
bg_34013,0.8265371918678284,0.2791061103343963,0.5997666120529175,123.0
bg_34021,0.8670675158500671,0.3277377486228943,0.6331750154495239,88.0
bg_34022,0.8808386921882629,0.3273313343524933,0.6346968412399292,456.0
bg_34031,0.8024999499320984,0.2448786497116089,0.5412116646766663,449.0
bg_34033,0.7660377621650696,0.2311792075634002,0.5330681204795837,147.0
bg_34041,0.8814160823822021,0.3884052038192749,0.6772720813751221,157.0
bg_34043,0.8379831910133362,0.3146956264972687,0.6067985892295837,596.0
bg_34049,0.8376035094261169,0.3302856683731079,0.6206408739089966,179.0
bg_34052,0.8435690402984619,0.247979000210762,0.5740122199058533,140.0
bg_34057,0.8888029456138611,0.4259530007839203,0.7130191922187805,318.0
bg_34067,0.8167771697044373,0.3201690018177032,0.6076393127441406,268.0
bg_34071,0.8572915196418762,0.3175776600837707,0.6391102075576782,112.0
bg_34083,0.8336784243583679,0.3255791366100311,0.6304014921188354,434.0
bg_34084,0.786674439907074,0.3174567222595215,0.6039984226226807,439.0
bg_34086,0.7481710910797119,0.327178031206131,0.6029749512672424,210.0
bg_34087,0.3197394907474518,0.107974998652935,0.2571576833724975,174.0
bg_34095,0.75242018699646,0.1608175784349441,0.4513823390007019,358.0
bg_34098,0.7718202471733093,0.291397750377655,0.5718971490859985,424.0
bg_34100,0.8634383082389832,0.3842806220054626,0.6857604384422302,510.0
bg_34111,0.8566311597824097,0.3049860596656799,0.5961123704910278,262.0
bg_34119,0.8634763360023499,0.3805561065673828,0.6737755537033081,325.0
bg_34128,0.8530624508857727,0.3727862536907196,0.6619077324867249,419.0
bg_34132,0.8625900745391846,0.2720779776573181,0.5998842716217041,224.0
bg_34138,0.8621901869773865,0.3194364011287689,0.6198599934577942,145.0
bg_34144,0.7128444314002991,0.2322255671024322,0.5026033520698547,465.0
bg_34150,0.791628897190094,0.2098392695188522,0.5185890793800354,525.0
bg_34153,0.8103939890861511,0.2609115839004516,0.5641353726387024,463.0
bg_34157,0.8330169320106506,0.3013140559196472,0.6154528856277466,187.0
bg_34159,0.5256166458129883,0.1541746854782104,0.400142639875412,531.0
bg_34191,0.8304663896560669,0.3406836688518524,0.6347289681434631,367.0
bg_34194,0.8341429233551025,0.2755419909954071,0.5960290431976318,439.0
bg_34200,0.7934248447418213,0.2167608737945556,0.5212344527244568,215.0
bg_34211,0.7518483996391296,0.2026747912168502,0.4599242806434631,261.0
bg_34214,0.8725364804267883,0.357866495847702,0.6661621332168579,124.0
bg_34215,0.8769994378089905,0.3613445162773132,0.6545878648757935,374.0
bg_34220,0.8848827481269836,0.3547227680683136,0.6624975204467773,417.0
bg_34222,0.8064234852790833,0.3191126585006714,0.6175480484962463,102.0
bg_34230,0.8379921317100525,0.2331658452749252,0.5566191673278809,351.0
bg_34244,0.8141224980354309,0.3239262104034424,0.63493412733078,476.0
bg_34252,0.619495689868927,0.1533972769975662,0.412643164396286,131.0
bg_34260,0.7668544054031372,0.2492969632148742,0.5562250018119812,147.0
bg_34262,0.8498075604438782,0.3252643644809723,0.6225918531417847,428.0
bg_34265,0.8227235674858093,0.2844181358814239,0.5726186037063599,421.0
bg_34268,0.7950574159622192,0.2211574167013168,0.5367546677589417,169.0
bg_34270,0.8712121248245239,0.2366434186697006,0.5643190741539001,381.0
bg_34272,0.8383693695068359,0.2744382619857788,0.5999429821968079,458.0
bg_34277,0.8106417059898376,0.2506782710552215,0.5618181824684143,217.0
bg_34280,0.7950947880744934,0.229427695274353,0.5222893357276917,427.0
bg_34281,0.869163990020752,0.3134861886501312,0.6346585750579834,173.0
bg_34283,0.8733668923377991,0.20499087870121,0.567369818687439,200.0
bg_34285,0.7832940220832825,0.2298732548952102,0.5057331323623657,254.0
bg_34287,0.8036863803863525,0.2090784460306167,0.5488675236701965,186.0
bg_34292,0.7694927453994751,0.2386590987443924,0.5482398271560669,192.0
bg_34294,0.871353030204773,0.2948083281517029,0.6111180782318115,514.0
bg_34302,0.849713146686554,0.2901167273521423,0.6032622456550598,325.0
bg_34313,0.8461964130401611,0.3281393051147461,0.6323517560958862,177.0
bg_34314,0.8648468255996704,0.3106136322021484,0.6307958960533142,482.0
bg_34315,0.8690240979194641,0.3560879230499267,0.6580991744995117,156.0
bg_34319,0.8635481595993042,0.3290061056613922,0.6463170647621155,170.0
bg_34320,0.822780191898346,0.2097076177597046,0.5174420475959778,302.0
bg_34327,0.869624674320221,0.3544929027557373,0.6542181372642517,295.0
bg_34329,0.8419332504272461,0.3809691667556762,0.6463835835456848,417.0
bg_34336,0.8305596113204956,0.3415582776069641,0.6420620679855347,366.0
bg_34342,0.810584306716919,0.2797236442565918,0.5937881469726562,434.0
bg_34355,0.8929155468940735,0.3485890626907348,0.6577626466751099,328.0
bg_34357,0.4580873548984527,0.0573357567191123,0.2554535567760467,135.0
bg_34368,0.8732404112815857,0.3415950834751129,0.6459760665893555,425.0
bg_34373,0.8735063076019287,0.3249492049217224,0.6268009543418884,147.0
bg_34377,0.8339661955833435,0.241358146071434,0.541396975517273,1047.0
bg_34379,0.853919506072998,0.3264783322811126,0.6218079924583435,142.0
bg_34411,0.7674170136451721,0.2517292499542236,0.5487986207008362,457.0
bg_34423,0.8025736212730408,0.2689616978168487,0.5609349012374878,85.0
bg_34428,0.8698824644088745,0.3526801764965057,0.6567110419273376,149.0
bg_34437,0.8652538657188416,0.3270724415779114,0.6423236131668091,155.0
bg_34446,0.8575741052627563,0.3376250863075256,0.6341345906257629,342.0
bg_34451,0.8185681104660034,0.237237349152565,0.5337362289428711,241.0
bg_34455,0.8377867341041565,0.2841631770133972,0.5997153520584106,221.0
bg_34458,0.87693852186203,0.303619235754013,0.6109558343887329,407.0
bg_34463,0.798252522945404,0.2119236290454864,0.4847382307052612,456.0
bg_34464,0.7773737907409668,0.2907690703868866,0.5878804326057434,464.0
bg_34469,0.8316221237182617,0.243865892291069,0.5651771426200867,374.0
bg_34470,0.8493016958236694,0.2028369009494781,0.5413960814476013,165.0
bg_34472,0.8469771146774292,0.3018683195114136,0.6028945446014404,187.0
bg_34478,0.6000000238418579,0.1333085149526596,0.3889392018318176,153.0
bg_34480,0.8766111731529236,0.2879627346992492,0.6261367201805115,143.0
bg_34481,0.8537934422492981,0.2855535745620727,0.6013150215148926,446.0
bg_34492,0.7743092179298401,0.260252296924591,0.5454331636428833,456.0
bg_34494,0.7209203839302063,0.1467125862836837,0.4116469621658325,422.0
bg_34498,0.7993157505989075,0.1821870654821396,0.4899954199790954,561.0
bg_34499,0.8690774440765381,0.3411085605621338,0.6383050084114075,409.0
bg_34501,0.833777904510498,0.2766172885894775,0.5799557566642761,548.0
bg_34502,0.8572972416877747,0.2877545058727264,0.6038594245910645,259.0
bg_34517,0.8650309443473816,0.2726803123950958,0.6037546992301941,461.0
bg_34518,0.864418625831604,0.3161508738994598,0.5995777249336243,374.0
bg_34519,0.8847655653953552,0.2818344533443451,0.5993797183036804,167.0
bg_34533,0.807383120059967,0.3143787384033203,0.6081008911132812,151.0
bg_34535,0.814345121383667,0.1857011616230011,0.4802258610725403,615.0
bg_34548,0.8614128828048706,0.32143235206604,0.6189613342285156,152.0
bg_34552,0.8375729918479919,0.317965030670166,0.6291429996490479,129.0
bg_34553,0.8372892737388611,0.3570863306522369,0.6579930186271667,111.0
bg_34554,0.7287466526031494,0.1547548025846481,0.4425403475761413,477.0
bg_34555,0.8346350789070129,0.2744360268115997,0.5821676850318909,137.0
bg_34561,0.8415830731391907,0.3308443129062652,0.6384392380714417,349.0
bg_34568,0.8579813241958618,0.2995724081993103,0.5909485220909119,260.0
bg_34570,0.8652796149253845,0.3359761238098144,0.6512139439582825,262.0
bg_34587,0.2698642313480377,-0.024303201586008,0.1257752776145935,148.0
bg_34588,0.8433007597923279,0.3836179971694946,0.6717237830162048,150.0
bg_34597,0.8493584394454956,0.3597592413425445,0.670089840888977,104.0
bg_34610,0.8492817878723145,0.2525159418582916,0.5769659280776978,516.0
bg_34612,0.8961933255195618,0.3925915062427521,0.7010681629180908,394.0
bg_34615,0.8257519006729126,0.3855129480361938,0.6617214679718018,169.0
bg_34625,0.8367635011672974,0.3777029812335968,0.6622194051742554,186.0
bg_34629,0.8373206257820129,0.287307471036911,0.6049436926841736,101.0
bg_34636,0.8807486295700073,0.2801374495029449,0.621019721031189,550.0
bg_34651,0.682161808013916,0.110552079975605,0.3850401639938354,483.0
bg_34662,0.8149245381355286,0.2766177356243133,0.5801472067832947,519.0
bg_34670,0.8395748734474182,0.3817890286445617,0.658154308795929,465.0
bg_34678,0.8571829795837402,0.3385712802410126,0.6424954533576965,508.0
bg_34691,0.8492832183837891,0.3799964487552643,0.6778702139854431,471.0
bg_34698,0.7755383253097534,0.2478672266006469,0.5262792706489563,531.0
bg_34699,0.7428466081619263,0.1896457076072693,0.4693999588489532,114.0
bg_34705,0.8334634900093079,0.2562242448329925,0.5531665086746216,573.0
bg_34710,0.8261908292770386,0.1579541712999344,0.4663140177726745,420.0
bg_34724,0.833598792552948,0.1996149569749832,0.52932208776474,705.0
bg_34726,0.892758309841156,0.3545488119125366,0.6775976419448853,188.0
bg_34727,0.8457861542701721,0.3312093615531921,0.6192668676376343,421.0
bg_34738,0.8699117302894592,0.4467167258262634,0.716360867023468,163.0
bg_34742,0.8617275357246399,0.3264267146587372,0.635090708732605,398.0
bg_34748,0.8766430616378784,0.3532834649085998,0.6734418869018555,234.0
bg_34759,0.7519857883453369,0.2088650614023208,0.5056743025779724,429.0
bg_34765,0.8490608334541321,0.3604363799095154,0.6614912748336792,125.0
bg_34769,0.8491699695587158,0.2711286246776581,0.5980707406997681,148.0
bg_34782,0.8314390778541565,0.3148413896560669,0.6139927506446838,197.0
bg_34785,0.8305106163024902,0.2686781883239746,0.5785143375396729,396.0
bg_34787,0.8377596139907837,0.3134603798389435,0.6274805068969727,179.0
bg_34795,0.7743031978607178,0.2707070708274841,0.5524721145629883,145.0
bg_34804,0.5883331894874573,0.0653472766280174,0.1858667135238647,182.0
bg_34840,0.8802483081817627,0.3811480402946472,0.6775921583175659,195.0
bg_34845,0.8693557381629944,0.282265692949295,0.6070785522460938,552.0
bg_34847,0.7609527707099915,0.307790070772171,0.5682921409606934,133.0
bg_34852,0.8456562757492065,0.2996502816677093,0.615212082862854,443.0
bg_34866,0.8867874145507812,0.3161524832248688,0.622340977191925,360.0
bg_34873,0.8242017030715942,0.3302690386772156,0.6386206150054932,121.0
bg_34874,0.7986512184143066,0.2592385113239288,0.5562843084335327,455.0
bg_34878,0.8022538423538208,0.2788226008415222,0.5631837248802185,439.0
bg_34882,0.8534452319145203,0.315297394990921,0.6193509697914124,570.0
bg_34884,0.8535574674606323,0.2683368027210235,0.611831545829773,464.0
bg_34893,0.7365288734436035,0.2121899276971817,0.5172423720359802,40.0
bg_34894,0.8421499133110046,0.3137834072113037,0.6425125002861023,142.0
bg_34917,0.8372823596000671,0.3241824805736542,0.6306764483451843,140.0
bg_34920,0.8466840982437134,0.3260619342327118,0.626920223236084,126.0
bg_34921,0.8610641956329346,0.3778088390827179,0.682245135307312,183.0
bg_34927,0.7789937257766724,0.2008601427078247,0.5054235458374023,471.0
bg_34929,0.8848138451576233,0.3334770500659942,0.6278795003890991,157.0
bg_34932,0.8021888732910156,0.2825298905372619,0.5688148140907288,288.0
bg_34943,0.8892636299133301,0.330252081155777,0.6499835848808289,329.0
bg_34946,0.7882328629493713,0.2899432480335235,0.5804521441459656,407.0
bg_34947,0.6938378214836121,0.1221382468938827,0.4044561088085174,157.0
bg_34953,0.850645899772644,0.2779588103294372,0.5912806391716003,123.0
bg_34956,0.7673379778862,0.185543954372406,0.4625338912010193,471.0
bg_34962,0.8441352248191833,0.2722746431827545,0.5961318612098694,249.0
bg_34966,0.7686341404914856,0.1805096417665481,0.4753831923007965,456.0
bg_34967,0.839122474193573,0.2499144226312637,0.5764123797416687,190.0
bg_34972,0.8261380791664124,0.2789714634418487,0.5783717632293701,210.0
bg_34974,0.868320643901825,0.3512275815010071,0.6408108472824097,114.0
bg_34979,0.8568880558013916,0.2796640992164612,0.5802238583564758,226.0
bg_34984,0.8424631357192993,0.3663351535797119,0.6576823592185974,177.0
bg_34986,0.8452715277671814,0.3173559606075287,0.6141437888145447,211.0
bg_34987,0.7941957712173462,0.2681007087230682,0.5409853458404541,369.0
bg_34989,0.8140907883644104,0.2763971090316772,0.5990976095199585,437.0
bg_34996,0.7428380250930786,0.1984023451805114,0.4640448987483978,434.0
bg_34999,0.8412054181098938,0.2870334982872009,0.5956032872200012,545.0
bg_35003,0.7910647392272949,0.2958288192749023,0.5682659149169922,535.0
bg_35007,0.5933379530906677,0.2175589799880981,0.4341342449188232,197.0
bg_35015,0.8581168055534363,0.224635973572731,0.5704489350318909,426.0
bg_35017,0.8341495990753174,0.3300776779651642,0.6407051682472229,166.0
bg_35039,0.8574557304382324,0.301954448223114,0.6152413487434387,445.0
bg_35048,0.8808082342147827,0.3339085578918457,0.6445196270942688,379.0
bg_35050,0.8766295313835144,0.304385095834732,0.6348260045051575,360.0
bg_35054,0.7935910224914551,0.2829577326774597,0.5601802468299866,187.0
bg_35055,0.8893968462944031,0.3760050535202026,0.6856287717819214,247.0
bg_35057,0.8109366297721863,0.2643119394779205,0.5728118419647217,208.0
bg_35067,0.8652777671813965,0.3136415481567383,0.6122003793716431,310.0
bg_35081,0.872466504573822,0.366366446018219,0.6517545580863953,170.0
bg_35098,0.8221669793128967,0.2406959533691406,0.5457192063331604,124.0
bg_35099,0.776495635509491,0.3135688006877899,0.5924992561340332,180.0
bg_35108,0.8323293924331665,0.2432271391153335,0.5538238286972046,114.0
bg_35110,0.8883676528930664,0.4081346690654754,0.7011421918869019,318.0
bg_35120,0.8533114194869995,0.3018946349620819,0.6192042231559753,579.0
bg_35122,0.8158109784126282,0.2866018712520599,0.6003872156143188,173.0
bg_35123,0.8260274529457092,0.2795989215373993,0.579962968826294,327.0
bg_35127,0.7717021703720093,0.2552957534790039,0.5278722047805786,151.0
bg_35131,0.8811730146408081,0.3897640109062195,0.6968945264816284,368.0
bg_35138,0.79494309425354,0.2785374224185943,0.5728030204772949,357.0
bg_35146,0.8713257908821106,0.3028017282485962,0.6226739883422852,269.0
bg_35151,0.8695183396339417,0.3779323399066925,0.677355170249939,206.0
bg_35152,0.8037170171737671,0.3143230378627777,0.6069431900978088,116.0
bg_35161,0.802807629108429,0.2257563918828964,0.548533022403717,269.0
bg_35165,0.8359560370445251,0.287273496389389,0.599481999874115,498.0
bg_35173,0.8302351236343384,0.2311811447143554,0.5507389307022095,392.0
bg_35177,0.8452908992767334,0.3604301512241363,0.6622097492218018,312.0
bg_35180,0.814448893070221,0.2596352994441986,0.567720353603363,350.0
bg_35181,0.8731494545936584,0.2632061243057251,0.5804606080055237,482.0
bg_35184,0.8418123126029968,0.2560130357742309,0.5814951062202454,122.0
bg_35189,0.8391665816307068,0.2873528301715851,0.5890815854072571,839.0
bg_35195,0.8419296145439148,0.3355208337306976,0.6498028039932251,404.0
bg_35196,0.8719818592071533,0.4201117157936096,0.6737053990364075,430.0
bg_35199,0.865269660949707,0.3464760780334472,0.6509156227111816,190.0
bg_35214,0.8080199956893921,0.3592586815357208,0.6458718776702881,368.0
bg_35221,0.8515100479125977,0.356136292219162,0.6587409973144531,144.0
bg_35226,0.8887373805046082,0.3993925154209137,0.6975117921829224,357.0
bg_35231,0.8490617275238037,0.3367880582809448,0.6386287808418274,115.0
bg_35240,0.8562556505203247,0.3233065903186798,0.6392295956611633,574.0
bg_35245,0.8775542974472046,0.3845179378986358,0.6692712306976318,408.0
bg_35246,0.8656835556030273,0.3385768234729767,0.6468560099601746,196.0
bg_35249,0.8730785846710205,0.3614212572574615,0.6705222725868225,186.0
bg_35251,0.8592303991317749,0.3114438354969024,0.6205965876579285,178.0
bg_35256,0.8342859148979187,0.3305838704109192,0.6030164361000061,201.0
bg_35259,0.8454633355140686,0.3533540070056915,0.6509648561477661,455.0
bg_35265,0.8806257843971252,0.3536115288734436,0.6462757587432861,478.0
bg_35272,0.845597505569458,0.307310402393341,0.6194272637367249,398.0
bg_35278,0.8546403646469116,0.3530524373054504,0.6541563868522644,122.0
bg_35298,0.832622766494751,0.3095346093177795,0.6270207166671753,261.0
bg_35299,0.861274242401123,0.3804303407669067,0.6936774253845215,486.0
bg_35302,0.8769834041595459,0.2898177206516266,0.6192463040351868,451.0
bg_35312,0.8474510312080383,0.3642873466014862,0.6702764630317688,202.0
bg_35317,0.8803927898406982,0.3378909230232239,0.6308860182762146,242.0
bg_35319,0.8301053643226624,0.3111404180526733,0.6120637059211731,323.0
bg_35323,0.7439396977424622,0.2082026302814483,0.5063268542289734,448.0
bg_35331,0.8144677877426147,0.2710320949554443,0.5802141427993774,888.0
bg_35332,0.8768767714500427,0.4239051938056946,0.7137599587440491,337.0
bg_35340,0.7801927328109741,0.2983614802360534,0.5952886343002319,74.0
bg_35351,0.8154260516166687,0.2211160212755203,0.5287920236587524,453.0
bg_35352,0.8144598603248596,0.2675512731075287,0.5715831518173218,112.0
bg_35353,0.6529219150543213,0.2445192486047744,0.5001567006111145,86.0
bg_35356,0.817819356918335,0.3329768180847168,0.6428399085998535,191.0
bg_35357,0.8576536774635315,0.3605226874351501,0.6580068469047546,163.0
bg_35360,0.8711475133895874,0.3728297352790832,0.6545029878616333,134.0
bg_35366,0.7520380020141602,0.304470032453537,0.5489333868026733,77.0
bg_35367,0.8075608611106873,0.2681353688240051,0.5921391248703003,327.0
bg_35371,0.8650873303413391,0.3293276131153106,0.6434950232505798,148.0
bg_35376,0.8850096464157104,0.2997764647006988,0.6267184019088745,503.0
bg_35384,0.7875587344169617,0.1846286058425903,0.4981624484062195,482.0
bg_35386,0.8617953062057495,0.3659701943397522,0.6580963730812073,379.0
bg_35398,0.8147332072257996,0.2566754817962646,0.5530093908309937,473.0
bg_35401,0.7667885422706604,0.3360588848590851,0.5997524261474609,500.0
bg_35424,0.8654554486274719,0.3456243574619293,0.6659051179885864,472.0
bg_35431,0.8017797470092773,0.2881933152675628,0.5937966704368591,108.0
bg_35442,0.869491696357727,0.4085642695426941,0.7018353939056396,406.0
bg_35447,0.8068258762359619,0.2942650914192199,0.6122055053710938,122.0
bg_35453,0.7481651902198792,0.2353625446557998,0.5250977873802185,361.0
bg_35454,0.8615230321884155,0.3076107203960418,0.6033095717430115,171.0
bg_35455,0.84989333152771,0.2548248469829559,0.5647168159484863,514.0
bg_35461,0.7957160472869873,0.2593349814414978,0.5721607804298401,119.0
bg_35463,0.8460818529129028,0.3124127984046936,0.6348980069160461,662.0
bg_35465,0.8766448497772217,0.3812991678714752,0.6739564538002014,408.0
bg_35473,0.8692126870155334,0.3147277235984802,0.6264715194702148,177.0
bg_35475,0.8846988677978516,0.4236067533493042,0.7206534743309021,366.0
bg_35478,0.8498687148094177,0.3619295656681061,0.6683487892150879,327.0
bg_35482,0.8723814487457275,0.3181459307670593,0.626839816570282,388.0
bg_35483,0.8297510743141174,0.3451302051544189,0.6544331312179565,372.0
bg_35498,0.854077935218811,0.3270655274391174,0.6274259090423584,395.0
bg_35503,0.830131471157074,0.2308832705020904,0.5451828837394714,514.0
bg_35514,0.8383219838142395,0.3200168311595917,0.6147313117980957,136.0
bg_35528,0.8635134696960449,0.3433596491813659,0.636130154132843,148.0
bg_35535,0.6803432703018188,0.1279907077550888,0.3951435089111328,79.0
bg_35538,0.8883053064346313,0.3255248069763183,0.6396222710609436,120.0
bg_35545,0.8499521613121033,0.3161961138248443,0.6226522326469421,132.0
bg_35553,0.8691958785057068,0.3621443808078766,0.6816682815551758,214.0
bg_35555,0.859295666217804,0.3113155364990234,0.6085594892501831,154.0
bg_35556,0.822111964225769,0.2638347148895263,0.5602455735206604,240.0
bg_35568,0.8170429468154907,0.2842989265918731,0.5834426879882812,90.0
bg_35581,0.7831594944000244,0.2753345370292663,0.5583590865135193,406.0
bg_35587,0.7601767778396606,0.1733681261539459,0.4201714098453522,661.0
bg_35592,0.8380112648010254,0.2855570912361145,0.5842456817626953,189.0
bg_35599,0.7633072137832642,0.1859892457723617,0.4863936305046081,429.0
bg_35604,0.6748476624488831,0.2605042159557342,0.5261636972427368,117.0
bg_35614,0.7476574182510376,0.1652982085943222,0.4554121494293213,396.0
bg_35619,0.7592477202415466,0.2594368457794189,0.568696141242981,475.0
bg_35620,0.8228116631507874,0.224110409617424,0.5701008439064026,132.0
bg_35622,0.7920770049095154,0.3187694549560547,0.6062646508216858,132.0
bg_35624,0.861554741859436,0.3455950319766998,0.6421704888343811,155.0
bg_35634,0.8223676085472107,0.3305192589759826,0.6304404139518738,429.0
bg_35639,0.7945989966392517,0.232682004570961,0.5289921164512634,397.0
bg_35660,0.8769437670707703,0.3853531181812286,0.670244038105011,249.0
bg_35661,0.8652623891830444,0.2574552297592163,0.5752893686294556,94.0
bg_35669,0.8575777411460876,0.3054316937923431,0.6196568608283997,387.0
bg_35671,0.8498512506484985,0.2967692613601684,0.5916935205459595,492.0
bg_35690,0.747454822063446,0.1438514739274978,0.4474408030509949,451.0
bg_35691,0.8318725228309631,0.348647803068161,0.6374001502990723,272.0
bg_35693,0.8649309277534485,0.2801521122455597,0.5996533632278442,309.0
bg_35701,0.8841878175735474,0.3923027217388153,0.6990436315536499,154.0
bg_35712,0.8130035996437073,0.2940366566181183,0.5966510772705078,72.0
bg_35723,0.8189447522163391,0.2956651449203491,0.5931735634803772,112.0
bg_35724,0.7854050993919373,0.2280364632606506,0.5097215175628662,437.0
bg_35731,0.8002932071685791,0.2242657244205474,0.4949102699756622,505.0
bg_35742,0.6852955222129822,0.1920978724956512,0.4262079298496246,107.0
bg_35749,0.8146295547485352,0.2386675477027893,0.5456883311271667,506.0
bg_35750,0.8458407521247864,0.2980919480323791,0.6034290194511414,151.0
bg_35751,0.8931336998939514,0.3734147250652313,0.686014711856842,427.0
bg_35754,0.873466968536377,0.3499878644943237,0.6381872296333313,150.0
bg_35758,0.8499143123626709,0.3073228299617767,0.6071620583534241,489.0
bg_35760,0.7401360273361206,0.2250057607889175,0.506565511226654,315.0
bg_35765,0.8461476564407349,0.2265195399522781,0.5406109690666199,748.0
bg_35769,0.854064404964447,0.3021143972873688,0.6073110699653625,413.0
bg_35775,0.8694515824317932,0.3068607151508331,0.6116276979446411,497.0
bg_35782,0.7063305377960205,0.2130710631608963,0.4462734460830688,531.0
bg_35788,0.846008837223053,0.3960223197937011,0.6856040954589844,261.0
bg_35803,0.842396080493927,0.3309384882450104,0.6419930458068848,137.0
bg_35807,0.8613347411155701,0.420023500919342,0.6936067938804626,270.0
bg_35817,0.5995234847068787,-0.0381608754396438,0.1978874206542968,829.0
bg_35820,0.8272982835769653,0.2603160440921783,0.5720025897026062,111.0
bg_35823,0.8680019974708557,0.342198759317398,0.6422932147979736,123.0
bg_35830,0.6924325823783875,0.2136108130216598,0.4935306310653686,396.0
bg_35831,0.8574657440185547,0.2871021926403045,0.5996719002723694,499.0
bg_35833,0.8240017294883728,0.3352231979370117,0.626196026802063,208.0
bg_35837,0.8045898079872131,0.264947235584259,0.5485617518424988,462.0
bg_35840,0.8655880689620972,0.3310974836349487,0.6270803809165955,477.0
bg_35848,0.8261062502861023,0.3653879463672638,0.6387632489204407,425.0
bg_35853,0.8185453414916992,0.2804161012172699,0.5958646535873413,252.0
bg_35862,0.7641222476959229,0.1857302039861679,0.4898971617221832,124.0
bg_35863,0.8610684275627136,0.2843481004238128,0.6005519032478333,475.0
bg_35868,0.82596355676651,0.1982665508985519,0.5016884207725525,253.0
bg_35877,0.8454240560531616,0.3406578600406647,0.6370766162872314,178.0
bg_35878,0.8495689630508423,0.3468800187110901,0.6438103914260864,195.0
bg_35879,0.857609748840332,0.3651980757713318,0.6543313264846802,319.0
bg_35882,0.8182911276817322,0.3026402592658996,0.6040220260620117,900.0
bg_35883,0.8499991297721863,0.2157369405031204,0.5294536352157593,364.0
bg_35893,0.794395923614502,0.2651629447937011,0.5743911266326904,188.0
bg_35905,0.8570095896720886,0.278387188911438,0.6001136302947998,384.0
bg_35907,0.8400211930274963,0.3184130787849426,0.6295063495635986,149.0
bg_35908,0.8872658014297485,0.3540445864200592,0.6547730565071106,652.0
bg_35915,0.872900128364563,0.293591171503067,0.6149255633354187,510.0
bg_35924,0.8615054488182068,0.1501420140266418,0.4752858579158783,481.0
bg_35925,0.7481951713562012,0.1626167595386505,0.4424018263816833,477.0
bg_35931,0.8773926496505737,0.3524633347988128,0.6699062585830688,870.0
bg_35934,0.872979998588562,0.3339712023735046,0.6466400027275085,355.0
bg_35938,0.8688874840736389,0.3190897703170776,0.6305537819862366,181.0
bg_35942,0.8017487525939941,0.2414597272872924,0.5444122552871704,165.0
bg_35962,0.8651301860809326,0.3848135769367218,0.6897008419036865,347.0
bg_35971,0.8611329197883606,0.3485190272331238,0.6543716788291931,303.0
bg_35982,0.8222782015800476,0.2913360297679901,0.6151893138885498,312.0
bg_35984,0.7701739072799683,0.2982540130615234,0.589341938495636,184.0
bg_35986,0.736787736415863,0.2442376911640167,0.5214061141014099,249.0
bg_35987,0.818783700466156,0.266798585653305,0.5685755610466003,472.0
bg_35993,0.858763575553894,0.3409090936183929,0.649899423122406,55.0
bg_36013,0.8460459113121033,0.369393527507782,0.6536997556686401,520.0
bg_36019,0.7830968499183655,0.3290539383888244,0.6076307892799377,349.0
bg_36021,0.8185202479362488,0.3003948032855987,0.5958250164985657,389.0
bg_36031,0.8463099002838135,0.3205374479293823,0.6111039519309998,417.0
bg_36036,0.8496532440185547,0.2829447984695434,0.606614887714386,501.0
bg_36037,0.6158251762390137,0.1423876881599426,0.3889909982681274,456.0
bg_36042,0.7909126281738281,0.2830985486507416,0.5877407789230347,390.0
bg_36047,0.7827234268188477,0.2835439443588257,0.5495273470878601,396.0
bg_36050,0.7871705889701843,0.2519125044345855,0.5528766512870789,455.0
bg_36052,0.7161951661109924,0.2534031569957733,0.557917594909668,59.0
bg_36053,0.8149405121803284,0.2882760465145111,0.5996454358100891,254.0
bg_36065,0.8332632184028625,0.3135789036750793,0.6110132932662964,217.0
bg_36067,0.7906202077865601,0.2217763811349868,0.5251379609107971,467.0
bg_36068,0.8146745562553406,0.3148210942745209,0.6272888779640198,121.0
bg_36070,0.8613288402557373,0.3155429661273956,0.6346060037612915,184.0
bg_36081,0.8697694540023804,0.3542172312736511,0.6539708971977234,170.0
bg_36087,0.8305376768112183,0.1508795469999313,0.434904932975769,879.0
bg_36094,0.8030637502670288,0.182209625840187,0.4904377460479736,386.0
bg_36107,0.8006430864334106,0.3107344508171081,0.5948307514190674,99.0
bg_36110,0.8293518424034119,0.2399952411651611,0.54860520362854,357.0
bg_36111,0.8619667887687683,0.3036958873271942,0.6261047124862671,257.0
bg_36113,0.8035215735435486,0.3157768845558166,0.6033952832221985,362.0
bg_36125,0.8556175231933594,0.3381375968456268,0.6444998383522034,766.0
bg_36127,0.8384096026420593,0.3551354706287384,0.6248044371604919,206.0
bg_36130,0.7872352600097656,0.2194331586360931,0.4939524233341217,663.0
bg_36131,0.8378374576568604,0.2453616261482238,0.5605244040489197,191.0
bg_36132,0.8531612157821655,0.3426901996135711,0.6424376368522644,150.0
bg_36135,0.7774229645729065,0.2704966962337494,0.5647792816162109,154.0
bg_36136,0.8305264711380005,0.2450491487979889,0.5461704134941101,294.0
bg_36138,0.6928209662437439,0.2013067007064819,0.49090775847435,364.0
bg_36153,0.869072437286377,0.3857157230377197,0.6777555346488953,162.0
bg_36155,0.8852752447128296,0.3585850298404693,0.6552043557167053,170.0
bg_36158,0.7796146273612976,0.2674834728240967,0.5566088557243347,347.0
bg_36165,0.7945218682289124,0.3188694715499878,0.6128109693527222,188.0
bg_36169,0.7835920453071594,0.2975769639015198,0.5886823534965515,113.0
bg_36179,0.5642712116241455,0.1279885172843933,0.3697530627250671,504.0
bg_36185,0.7033854722976685,0.286327600479126,0.5133312940597534,83.0
bg_36196,0.8063339591026306,0.318326473236084,0.6205559372901917,195.0
bg_36199,0.872995138168335,0.3426164984703064,0.6741176843643188,171.0
bg_36205,0.8574477434158325,0.2942191958427429,0.6151140332221985,426.0
bg_36208,0.8618012070655823,0.3405585587024688,0.6502958536148071,117.0
bg_36211,0.8618476986885071,0.3553964793682098,0.652255654335022,138.0
bg_36223,0.8448858857154846,0.3123943209648132,0.6232922077178955,380.0
bg_36242,0.7124074697494507,0.1665644347667694,0.4667001366615295,447.0
bg_36252,0.8381732106208801,0.2745400369167328,0.5561851859092712,639.0
bg_36262,0.7400498390197754,0.259910523891449,0.5405433177947998,478.0
bg_36264,0.868773877620697,0.3488379716873169,0.6618217825889587,149.0
bg_36272,0.8301064372062683,0.2668792903423309,0.5687300562858582,441.0
bg_36276,0.8574703931808472,0.3551510870456695,0.6669939756393433,97.0
bg_36283,0.8730505704879761,0.3379622101783752,0.6542297005653381,556.0
bg_36294,0.8542134165763855,0.2919186949729919,0.6230773329734802,154.0
bg_36297,0.8088280558586121,0.2812698483467102,0.583088219165802,172.0
bg_36302,0.8088549375534058,0.3066862225532532,0.5804694294929504,366.0
bg_36311,0.8126270771026611,0.2627783119678497,0.575835645198822,488.0
bg_36313,0.7834984660148621,0.267424464225769,0.5449841618537903,450.0
bg_36321,0.808319091796875,0.3011453747749328,0.6138791441917419,454.0
bg_36323,0.8566740155220032,0.2984971106052398,0.6233816146850586,152.0
bg_36329,0.755784273147583,0.2883110642433166,0.5737993121147156,100.0
bg_36334,0.8184569478034973,0.2628747224807739,0.5603075623512268,429.0
bg_36342,0.8962426781654358,0.326859176158905,0.6583089232444763,541.0
bg_36361,0.6036683320999146,0.1247676610946655,0.3848704099655151,204.0
bg_36369,0.7915311455726624,0.2952151000499725,0.6073969602584839,235.0
bg_36377,0.7998762726783752,0.2320391237735748,0.5364129543304443,71.0
bg_36382,0.8574999570846558,0.2802181839942932,0.5997204780578613,329.0
bg_36384,0.8144387006759644,0.2782052755355835,0.5799689292907715,177.0
bg_36387,0.8260769248008728,0.3117307424545288,0.6117554903030396,438.0
bg_36388,0.757514476776123,0.2241714596748352,0.5003098845481873,380.0
bg_36403,0.8481976985931396,0.2983386218547821,0.6032869219779968,477.0
bg_36409,0.7590921521186829,0.1573824137449264,0.454685628414154,453.0
bg_36415,0.8848382830619812,0.3569867312908172,0.6587701439857483,217.0
bg_36419,0.7916352152824402,0.2583288252353668,0.5607032179832458,446.0
bg_36428,0.8607751131057739,0.3404837846755981,0.6585033535957336,382.0
bg_36433,0.8312240242958069,0.3230466246604919,0.6269422769546509,208.0
bg_36447,0.7363951802253723,0.270315557718277,0.5473065972328186,71.0
bg_36450,0.8891353011131287,0.3761273324489593,0.6727888584136963,356.0
bg_36457,0.8216738700866699,0.2812556028366089,0.6004137396812439,196.0
bg_36458,0.8307276964187622,0.278971403837204,0.5836004018783569,416.0
bg_36462,0.835832953453064,0.3633984923362732,0.6616349816322327,158.0
bg_36474,0.8845973610877991,0.399869292974472,0.7088623046875,450.0
bg_36479,0.8658977150917053,0.3291319012641907,0.6307535171508789,169.0
bg_36482,0.8145774006843567,0.2846786677837372,0.5995347499847412,87.0
bg_36486,0.5203942060470581,0.0515509098768234,0.2524263858795166,251.0
bg_36492,0.8300721645355225,0.3103231489658355,0.6271407604217529,379.0
bg_36494,0.8185900449752808,0.2431190013885498,0.5639097690582275,97.0
bg_36503,0.8498215079307556,0.3213938176631927,0.6349236965179443,261.0
bg_36505,0.8690075874328613,0.3626019358634949,0.6816936731338501,183.0
bg_36506,0.7603923082351685,0.2687143683433532,0.5642145276069641,127.0
bg_36515,0.8339017033576965,0.3993401229381561,0.6696523427963257,246.0
bg_36519,0.7908757328987122,0.2717597484588623,0.5526450276374817,381.0
bg_36523,0.8687974810600281,0.4205108284950256,0.6967089176177979,423.0
bg_36527,0.8372641801834106,0.3378097712993622,0.6274101734161377,163.0
bg_36528,0.768134593963623,0.1791204363107681,0.4789439141750335,327.0
bg_36532,0.8606784343719482,0.3602396249771118,0.6655305027961731,207.0
bg_36533,0.8648348450660706,0.3371535241603851,0.6309500932693481,188.0
bg_36540,0.7950262427330017,0.2275220155715942,0.5216843485832214,474.0
bg_36543,0.8658232688903809,0.3487487137317657,0.641856849193573,131.0
bg_36555,0.7443726062774658,0.3022333085536957,0.5866945385932922,142.0
bg_36556,0.8497671484947205,0.2945895195007324,0.6073892712593079,590.0
bg_36558,0.8523925542831421,0.337054967880249,0.6310603022575378,123.0
bg_36561,0.8550177216529846,0.2977467179298401,0.6154063940048218,353.0
bg_36569,0.8383904099464417,0.3350882530212402,0.6343344449996948,181.0
bg_36585,0.3189219534397125,0.010342439636588,0.1752436012029647,241.0
bg_36592,0.7544175386428833,0.2451956123113632,0.5371071100234985,68.0
bg_36604,0.8459376692771912,0.3373940885066986,0.6503288745880127,397.0
bg_36606,0.8804875612258911,0.2850826382637024,0.6071897745132446,256.0
bg_36607,0.7748669981956482,0.2014047801494598,0.4944657981395721,524.0
bg_36609,0.8297386169433594,0.2719298005104065,0.5724905133247375,141.0
bg_36612,0.8532373309135437,0.384147584438324,0.6738925576210022,346.0
bg_36618,0.7672828435897827,0.2050009071826934,0.5065728425979614,467.0
bg_36619,0.7214823961257935,0.0818496420979499,0.3707990944385528,144.0
bg_36628,0.8085760474205017,0.2996526658535003,0.5824699997901917,368.0
bg_36630,0.8032664060592651,0.2922617793083191,0.5991736054420471,112.0
bg_36638,0.8571162819862366,0.3387236595153808,0.6469448804855347,151.0
bg_36640,0.506144106388092,0.2275961339473724,0.4809361100196838,293.0
bg_36646,0.8735153079032898,0.3641500174999237,0.6738131642341614,360.0
bg_36652,0.7642658352851868,0.2768113315105438,0.5753220319747925,74.0
bg_36659,0.8692326545715332,0.3815365731716156,0.68874192237854,249.0
bg_36665,0.8104646801948547,0.208457350730896,0.508477509021759,357.0
bg_36666,0.8394935727119446,0.3211258947849273,0.6343046426773071,134.0
bg_36671,0.858045756816864,0.312867671251297,0.6264777183532715,147.0
bg_36672,0.5882244110107422,0.1308544129133224,0.4199244379997253,185.0
bg_36679,0.8645832538604736,0.3183332085609436,0.6501033902168274,192.0
bg_36683,0.8903979659080505,0.3585003018379211,0.6664406061172485,370.0
bg_36685,0.8064181804656982,0.2116856873035431,0.4901760816574096,479.0
bg_36688,0.8305537700653076,0.2903979122638702,0.5960739850997925,577.0
bg_36692,0.8573881387710571,0.2879304587841034,0.5876770615577698,683.0
bg_36694,0.8652375340461731,0.3175327777862549,0.6313099265098572,173.0
bg_36699,0.8767822980880737,0.3220715522766113,0.6195862293243408,521.0
bg_36700,0.8303288221359253,0.3194319605827331,0.6270621418952942,412.0
bg_36705,0.7898877859115601,0.2488662898540496,0.5445544719696045,101.0
bg_36716,0.8418442010879517,0.3241171538829803,0.6035838723182678,584.0
bg_36719,0.8293667435646057,0.3330201804637909,0.6312968134880066,450.0
bg_36723,0.734575629234314,0.1816881150007248,0.4632532298564911,420.0
bg_36725,0.8398571610450745,0.3263976573944092,0.6059921383857727,280.0
bg_36726,0.8925386071205139,0.3514996767044067,0.6467100381851196,426.0
bg_36727,0.8533980250358582,0.3687745928764343,0.665829598903656,165.0
bg_36728,0.8264625668525696,0.2981298267841339,0.6148055791854858,271.0
bg_36735,0.8725928664207458,0.2982951402664184,0.6075620651245117,157.0
bg_36740,0.8382734656333923,0.2718053460121155,0.5798715353012085,349.0
bg_36743,0.8421632647514343,0.2902323007583618,0.6040665507316589,119.0
bg_36745,0.8455306887626648,0.3112155497074127,0.6115642786026001,138.0
bg_36748,0.8013244271278381,0.3000941574573517,0.6185212731361389,148.0
bg_36749,0.8188110589981079,0.2714214026927948,0.5539747476577759,90.0
bg_36752,0.6941248178482056,0.2359312027692794,0.5204571485519409,137.0
bg_36756,0.8448832631111145,0.2629815340042114,0.5839365124702454,115.0
bg_36757,0.7913223505020142,0.2327658236026764,0.528618335723877,401.0
bg_36763,0.8493711948394775,0.3427749872207641,0.6349784135818481,497.0
bg_36765,0.8924832344055176,0.3528414666652679,0.674091637134552,480.0
bg_36769,0.805190920829773,0.2989247143268585,0.6034939289093018,156.0
bg_36774,0.7635512948036194,0.3534314334392547,0.6154324412345886,425.0
bg_36786,0.8453776836395264,0.3071013391017914,0.6112558841705322,109.0
bg_36791,0.8361793756484985,0.3495250046253204,0.6383829712867737,136.0
bg_36795,0.8400917053222656,0.3221382200717926,0.6301121711730957,308.0
bg_36797,0.8262818455696106,0.3295669257640838,0.6189367771148682,292.0
bg_36823,0.8650941252708435,0.3113580346107483,0.6308812499046326,390.0
bg_36824,0.8653737306594849,0.330067366361618,0.6268365383148193,368.0
bg_36826,0.7986946702003479,0.2355443686246872,0.5285341143608093,353.0
bg_36832,0.8776792287826538,0.2912894189357757,0.6042765974998474,131.0
bg_36842,0.8772906064987183,0.3488039970397949,0.6546170115470886,177.0
bg_36846,0.6687231063842773,0.2437611222267151,0.5150617957115173,399.0
bg_36848,0.8240707516670227,0.2041643559932708,0.5178145170211792,552.0
bg_36849,0.8338958024978638,0.392824649810791,0.6695848703384399,493.0
bg_36859,0.8885890245437622,0.4244904518127441,0.7129068970680237,298.0
bg_36867,0.806549608707428,0.1476532965898513,0.498063176870346,501.0
bg_36882,0.8537735939025879,0.3122317492961883,0.5962549448013306,109.0
bg_36904,0.8772785663604736,0.3253320455551147,0.6193974614143372,524.0
bg_36910,0.8565005660057068,0.3635510802268982,0.6687625646591187,204.0
bg_36911,0.857810378074646,0.333457201719284,0.6465557813644409,175.0
bg_36913,0.8458675146102905,0.3094942271709442,0.6099708080291748,157.0
bg_36920,0.8417250514030457,0.3345949947834015,0.631328821182251,175.0
bg_36926,0.8800974488258362,0.3449091613292694,0.6572141647338867,211.0
bg_36930,0.845475435256958,0.2703458666801452,0.5954088568687439,173.0
bg_36936,0.8769059181213379,0.3680943548679352,0.6775926351547241,199.0
bg_36940,0.1401475369930267,-0.1397895514965057,-0.0469065159559249,432.0
bg_36944,0.8590450882911682,0.3853577673435211,0.6693975329399109,122.0
bg_36945,0.8459537625312805,0.3063394725322723,0.6108952760696411,404.0
bg_36955,0.8690983653068542,0.3725998103618622,0.6757057309150696,490.0
bg_36962,0.8469885587692261,0.3483069539070129,0.6344521045684814,109.0
bg_36964,0.8151237964630127,0.3035517632961273,0.5952549576759338,177.0
bg_36969,0.8419362902641296,0.2693266868591308,0.5878152251243591,155.0
bg_36972,0.8265960812568665,0.3341799080371856,0.6156365871429443,388.0
bg_36974,0.8325105309486389,0.3495320975780487,0.6388943195343018,280.0
bg_36975,0.76511150598526,0.2538429796695709,0.5373508334159851,460.0
bg_36981,0.4256756603717804,0.0851524844765663,0.3024329245090484,241.0
bg_36992,0.8414633274078369,0.3853960633277893,0.6871938705444336,155.0
bg_37003,0.8266491293907166,0.3307839632034302,0.6392020583152771,219.0
bg_37004,0.865179717540741,0.3359266519546509,0.6588613986968994,182.0
bg_37007,0.7682408094406128,0.3007678091526031,0.5837723612785339,254.0
bg_37012,0.865149199962616,0.403115838766098,0.6999787092208862,158.0
bg_37023,0.771361231803894,0.2129499465227127,0.5000811815261841,456.0
bg_37037,0.8852799534797668,0.2486980110406875,0.5721469521522522,195.0
bg_37038,0.8852517604827881,0.2953139543533325,0.6190007925033569,416.0
bg_37041,0.8301668763160706,0.2785667777061462,0.5820207595825195,132.0
bg_37052,0.7562114000320435,0.1818788796663284,0.4779804050922394,437.0
bg_37054,0.8852283358573914,0.3933980762958526,0.697258472442627,529.0
bg_37056,0.8007434010505676,0.3221533298492431,0.6129169464111328,384.0
bg_37068,0.8477742671966553,0.3450690507888794,0.6504442095756531,264.0
bg_37071,0.8792880177497864,0.4315050840377807,0.7045281529426575,419.0
bg_37077,0.8532182574272156,0.3461702466011047,0.6545295715332031,351.0
bg_37083,0.7727993726730347,0.2896824479103088,0.6054462790489197,90.0
bg_37086,0.8655335307121277,0.2788980305194855,0.6076987385749817,527.0
bg_37089,0.8501783609390259,0.3242876529693603,0.6400086283683777,61.0
bg_37105,0.8306204676628113,0.3029416799545288,0.6075277328491211,413.0
bg_37110,0.7089099884033203,0.1563332378864288,0.4469424188137054,446.0
bg_37112,0.822655439376831,0.3263376653194427,0.6296449303627014,452.0
bg_37122,0.8732430338859558,0.3485611379146576,0.6500276327133179,216.0
bg_37127,0.7721531987190247,0.1852464973926544,0.4940277934074402,120.0
bg_37129,0.845475971698761,0.2880988717079162,0.5955885648727417,467.0
bg_37132,0.8614347577095032,0.3094679415225982,0.6275821924209595,321.0
bg_37145,0.8661521673202515,0.3958041071891784,0.6878851056098938,200.0
bg_37150,0.8847883939743042,0.4034805595874786,0.6976964473724365,405.0
bg_37160,0.8217359185218811,0.3292676210403442,0.6360804438591003,140.0
bg_37176,0.8687897324562073,0.3676927983760834,0.6702979803085327,191.0
bg_37177,0.7854697704315186,0.2943139374256134,0.5970235466957092,898.0
bg_37185,0.8809251189231873,0.3603141605854034,0.6663038730621338,371.0
bg_37194,0.8534219264984131,0.3175136148929596,0.631279706954956,669.0
bg_37195,0.8292608261108398,0.3034257590770721,0.6111350655555725,89.0
bg_37196,0.8730621933937073,0.3223435282707214,0.62688809633255,595.0
bg_37197,0.8216627240180969,0.3074763715267181,0.5997991561889648,272.0
bg_37199,0.876713752746582,0.3147062063217163,0.6464263200759888,437.0
bg_37209,0.8883384466171265,0.2839955687522888,0.6269741654396057,426.0
bg_37216,0.741541862487793,0.220909833908081,0.5108767151832581,83.0
bg_37218,0.8494929671287537,0.3311991989612579,0.6353259682655334,196.0
bg_37219,0.725981593132019,0.2335509955883026,0.5376644134521484,67.0
bg_37220,0.8766285181045532,0.3760068714618683,0.6736398935317993,344.0
bg_37222,0.851216733455658,0.3211160004138946,0.6193081736564636,188.0
bg_37225,0.8461641669273376,0.274410218000412,0.5877678990364075,440.0
bg_37226,0.8651484251022339,0.3209433257579803,0.6463285684585571,137.0
bg_37230,0.8494795560836792,0.3022175133228302,0.6075311899185181,457.0
bg_37233,0.838793933391571,0.2520627379417419,0.5690805315971375,86.0
bg_37235,0.8619256019592285,0.32984259724617,0.6427245140075684,364.0
bg_37236,0.8020897507667542,0.2840451300144195,0.595734715461731,175.0
bg_37237,0.8351125121116638,0.3263161480426788,0.6421825885772705,128.0
bg_37242,0.8108062148094177,0.3705273568630218,0.6892130970954895,453.0
bg_37247,0.7987285852432251,0.3192055225372314,0.6189931631088257,454.0
bg_37253,0.8950343728065491,0.4188382923603058,0.7014098763465881,362.0
bg_37254,0.8611659407615662,0.3132339417934418,0.6269346475601196,481.0
bg_37279,0.8420768976211548,0.3188113272190094,0.6192275881767273,329.0
bg_37284,0.8376554846763611,0.2975459098815918,0.6155441999435425,233.0
bg_37287,0.8198415637016296,0.28254234790802,0.5770082473754883,408.0
bg_37293,0.8765026926994324,0.4165481925010681,0.7090317606925964,215.0
bg_37294,0.855487048625946,0.2677487730979919,0.5742893218994141,366.0
bg_37296,0.7824959754943848,0.2467479556798935,0.5288809537887573,538.0
bg_37299,0.8764740228652954,0.3579794466495514,0.6820472478866577,415.0
bg_37307,0.8338283896446228,0.2158160507678985,0.5370641946792603,470.0
bg_37312,0.8806228041648865,0.403450071811676,0.7054217457771301,342.0
bg_37318,0.7404797673225403,0.1631318777799606,0.4283128678798675,197.0
bg_37320,0.6036577224731445,0.197543203830719,0.4625609815120697,438.0
bg_37346,0.7987505793571472,0.2375637292861938,0.5346545577049255,217.0
bg_37359,0.865122377872467,0.3483292460441589,0.6543108820915222,198.0
bg_37365,0.881570041179657,0.3385372757911682,0.646386444568634,421.0
bg_37366,0.7721073627471924,0.22344970703125,0.548701286315918,239.0
bg_37370,0.6915003061294556,0.2180059105157852,0.5112534165382385,84.0
bg_37371,0.7253947854042053,0.1386923938989639,0.4329365789890289,395.0
bg_37380,0.7984529137611389,0.2171546667814254,0.5294776558876038,444.0
bg_37381,0.8311730623245239,0.2534874081611633,0.5586630702018738,128.0
bg_37384,0.8771723508834839,0.3238526582717895,0.638407826423645,156.0
bg_37386,0.8418868780136108,0.3074012100696563,0.6152031421661377,482.0
bg_37390,0.8025311827659607,0.3173746168613434,0.5962986350059509,259.0
bg_37396,0.8649264574050903,0.3291043043136596,0.6497856378555298,135.0
bg_37402,0.8650394082069397,0.3762195408344269,0.6693663597106934,151.0
bg_37418,0.8385491371154785,0.2355664372444152,0.5680084228515625,131.0
bg_37428,0.8385446071624756,0.2666936218738556,0.5918952822685242,347.0
bg_37430,0.8607788681983948,0.3256745338439941,0.6294359564781189,162.0
bg_37441,0.8732725381851196,0.3580762147903442,0.6619910597801208,169.0
bg_37454,0.7443051338195801,0.2210305482149124,0.560185432434082,426.0
bg_37455,0.8651952743530273,0.2871506810188293,0.5995174646377563,544.0
bg_37472,0.8646373748779297,0.3034883439540863,0.6115922331809998,173.0
bg_37475,0.7905181050300598,0.2832074761390686,0.5877091884613037,400.0
bg_37480,0.8282259106636047,0.3260932862758636,0.6215757131576538,106.0
bg_37482,0.830316960811615,0.3303796052932739,0.6263036727905273,194.0
bg_37489,0.8806238770484924,0.3926146030426025,0.6852299571037292,716.0
bg_37492,0.8770214915275574,0.3771464824676513,0.6894426941871643,477.0
bg_37494,0.8009518980979919,0.2563684582710266,0.5563037991523743,451.0
bg_37498,0.8234596848487854,0.2780569195747375,0.5944898724555969,137.0
bg_37499,0.8213034868240356,0.2677668929100036,0.5720207691192627,139.0
bg_37510,0.8396561145782471,0.228674054145813,0.5470563173294067,544.0
bg_37518,0.8569519519805908,0.2999590635299682,0.6167703866958618,330.0
bg_37525,0.8689090013504028,0.3657993078231811,0.6741079092025757,267.0
bg_37529,0.8385870456695557,0.3259351849555969,0.6311617493629456,191.0
bg_37530,0.8808568716049194,0.3616999983787536,0.6582640409469604,143.0
bg_37538,0.814257025718689,0.3223645091056824,0.5795186161994934,376.0
bg_37540,0.8144912719726562,0.3625007271766662,0.6585366129875183,105.0
bg_37548,0.8419411182403564,0.2644559144973755,0.5723350048065186,476.0
bg_37556,0.834131121635437,0.2509046196937561,0.5800941586494446,552.0
bg_37562,0.849949836730957,0.3464644253253937,0.6497880220413208,153.0
bg_37563,0.7831897139549255,0.2830742299556732,0.5842071175575256,439.0
bg_37565,0.8616175651550293,0.3532054722309112,0.6544734835624695,278.0
bg_37566,0.7891020774841309,0.2256989628076553,0.5035422444343567,188.0
bg_37567,0.857769787311554,0.3306277990341186,0.6344966292381287,245.0
bg_37575,0.8336659669876099,0.3311973810195923,0.6382737159729004,357.0
bg_37583,0.8313501477241516,0.3003221750259399,0.619253396987915,164.0
bg_37586,0.8457490801811218,0.2986604571342468,0.6231215000152588,757.0
bg_37589,0.8575124740600586,0.3163220584392547,0.6351588368415833,100.0
bg_37616,0.8461183905601501,0.2962060868740082,0.6036733984947205,522.0
bg_37618,0.7005517482757568,0.1494349539279937,0.4431550502777099,409.0
bg_37619,0.8451740145683289,0.330715924501419,0.64606112241745,261.0
bg_37636,0.7950509786605835,0.2043184041976928,0.5083231329917908,250.0
bg_37643,0.5959399342536926,-0.0019553063903003,0.2334093898534774,123.0
bg_37655,0.8341875672340393,0.2620148956775665,0.5760748982429504,326.0
bg_37661,0.7145954370498657,0.1893678307533264,0.4595041871070862,454.0
bg_37664,0.8221031427383423,0.3067877888679504,0.6060222387313843,244.0
bg_37666,0.8419274091720581,0.3145231306552887,0.6187509298324585,485.0
bg_37668,0.8723305463790894,0.3500558137893677,0.6422803997993469,119.0
bg_37685,0.7946662902832031,0.2664845883846283,0.5827843546867371,94.0
bg_37687,0.864967942237854,0.4032609760761261,0.6892697811126709,393.0
bg_37690,0.8105562925338745,0.3147329092025757,0.6123799085617065,139.0
bg_37698,0.885223925113678,0.4391372501850128,0.7210143208503723,350.0
bg_37699,0.8544732928276062,0.3584345579147339,0.662078857421875,140.0
bg_37702,0.867292046546936,0.3957443833351135,0.7164915204048157,350.0
bg_37712,0.8414512276649475,0.3361328542232513,0.6429718732833862,288.0
bg_37713,0.7991406321525574,0.2706528007984161,0.5583747029304504,394.0
bg_37724,0.8333280682563782,0.3430667519569397,0.6386838555335999,134.0
bg_37729,0.8354063630104065,0.2980241775512695,0.6029883623123169,368.0
bg_37736,0.8577772974967957,0.2476814687252044,0.5602914690971375,855.0
bg_37741,0.8536328077316284,0.3410676717758178,0.6541427969932556,147.0
bg_37742,0.8150915503501892,0.2567045092582702,0.5577517151832581,433.0
bg_37746,0.8439359068870544,0.3028192222118377,0.612324059009552,130.0
bg_37759,0.8267589211463928,0.3470334708690643,0.6390908360481262,469.0
bg_37763,0.8496415615081787,0.305521160364151,0.6075282692909241,463.0
bg_37770,0.7367849946022034,0.2056401818990707,0.5136894583702087,433.0
bg_37771,0.8776152729988098,0.3880716860294342,0.6978021860122681,201.0
bg_37776,0.7790538668632507,0.2947979867458343,0.6232691407203674,475.0
bg_37777,0.8220131397247314,0.2349827736616134,0.5182158946990967,565.0
bg_37784,0.7333604693412781,0.1941331923007965,0.4629732668399811,131.0
bg_37785,0.8845149278640747,0.3289414644241333,0.642405092716217,473.0
bg_37791,0.8555302619934082,0.2833960056304931,0.595294713973999,438.0
bg_37793,0.8065409064292908,0.1905532628297805,0.5155906081199646,392.0
bg_37798,0.8886867761611938,0.3722239136695862,0.6817452311515808,262.0
bg_37802,0.8417621850967407,0.2665888965129852,0.572785496711731,339.0
bg_37807,0.8615207076072693,0.2743617296218872,0.5950449705123901,251.0
bg_37808,0.7732388973236084,0.2618606090545654,0.5644071698188782,54.0
bg_37817,0.8292295932769775,0.2869761884212494,0.6037423014640808,413.0
bg_37826,0.8729533553123474,0.3535116314888,0.662253737449646,153.0
bg_37832,0.8190329074859619,0.23553167283535,0.5490155816078186,315.0
bg_37844,0.8460076451301575,0.2841798067092895,0.6234378814697266,167.0
bg_37846,0.8455145955085754,0.3196330070495605,0.6368786692619324,216.0
bg_37851,0.7633252739906311,0.2571884393692016,0.5470355153083801,52.0
bg_37856,0.8146696090698242,0.2782819867134094,0.5727659463882446,141.0
bg_37864,0.8464245796203613,0.3340216875076294,0.6272891759872437,182.0
bg_37871,0.7454540133476257,0.2910789549350738,0.5893541574478149,470.0
bg_37879,0.8715255260467529,0.3682152926921844,0.658149242401123,155.0
bg_37888,0.8574504852294922,0.2129617929458618,0.5567119121551514,520.0
bg_37901,0.4985454976558685,0.1123101264238357,0.3577745854854584,222.0
bg_37910,0.8492723703384399,0.3575287163257599,0.6539251804351807,310.0
bg_37920,0.810767412185669,0.2244173288345337,0.5349566340446472,924.0
bg_37921,0.8457230925559998,0.2835199236869812,0.5797819495201111,559.0
bg_37936,0.822202742099762,0.18222376704216,0.5053940415382385,457.0
bg_37939,0.8413929343223572,0.2352329045534134,0.5642034411430359,505.0
bg_37952,0.8202039003372192,0.2817675471305847,0.5831236243247986,213.0
bg_37954,0.8417710065841675,0.280097633600235,0.6117503643035889,259.0
bg_37964,0.8493862152099609,0.3181600570678711,0.6420697569847107,235.0
bg_37972,0.8151662945747375,0.2515702247619629,0.5729729533195496,553.0
bg_37979,0.8184726238250732,0.2652067840099334,0.5832523703575134,89.0
bg_37982,0.8254283666610718,0.3631842136383056,0.646043598651886,152.0
bg_37983,0.5167772173881531,-0.0675796642899513,0.1507197171449661,372.0
bg_37992,0.8759451508522034,0.3700123131275177,0.6820410490036011,156.0
bg_37996,0.8336605429649353,0.2866910398006439,0.5875799655914307,79.0
bg_37998,0.8651120066642761,0.2802795171737671,0.6035403609275818,460.0
bg_37999,0.8531897664070129,0.350654274225235,0.6544402241706848,161.0
bg_38001,0.8319312930107117,0.3730595707893371,0.6525593400001526,429.0
bg_38002,0.8697192072868347,0.3445659577846527,0.6413332223892212,146.0
bg_38004,0.8339869976043701,0.3029545247554779,0.5640101432800293,374.0
bg_38006,0.8609204888343811,0.365344226360321,0.6581836938858032,375.0
bg_38007,0.8576170802116394,0.3615713715553283,0.6547578573226929,535.0
bg_38010,0.6975125670433044,0.0847318395972251,0.3259709775447845,488.0
bg_38017,0.8264176249504089,0.3653189837932586,0.6625158190727234,115.0
bg_38021,0.8183388113975525,0.3022293746471405,0.6129865646362305,509.0
bg_38023,0.8439111709594727,0.3190742135047912,0.6240398287773132,104.0
bg_38024,0.6074026226997375,0.0380083471536636,0.3258008360862732,433.0
bg_38025,0.8674222230911255,0.3245943188667297,0.641625702381134,130.0
bg_38030,0.8696314692497253,0.3332670032978058,0.6502159833908081,253.0
bg_38033,0.6783628463745117,0.1308372318744659,0.4157760441303253,380.0
bg_38042,0.880913496017456,0.3528882265090942,0.6621829867362976,175.0
bg_38045,0.8025255799293518,0.3302262723445892,0.6428004503250122,643.0
bg_38069,0.8534061312675476,0.3135982155799866,0.6188008189201355,253.0
bg_38070,0.8296374082565308,0.2300155460834503,0.5526968240737915,188.0
bg_38071,0.8812811970710754,0.3718194663524627,0.6853771805763245,219.0
bg_38072,0.8338173627853394,0.3778347373008728,0.6659095287322998,265.0
bg_38076,0.8176561594009399,0.2716200351715088,0.5836670994758606,408.0
bg_38081,0.8692695498466492,0.3058921694755554,0.6196574568748474,540.0
bg_38083,0.8458794355392456,0.3179103434085846,0.63022381067276,148.0
bg_38088,0.6750389337539673,0.0741080567240715,0.3400592505931854,454.0
bg_38089,0.7872592210769653,0.2439736127853393,0.5407859086990356,118.0
bg_38099,0.8538920283317566,0.3522361814975738,0.6591178178787231,179.0
bg_38101,0.8379504084587097,0.2972945272922516,0.6015708446502686,508.0
bg_38108,0.8656118512153625,0.3469405472278595,0.6622735261917114,308.0
bg_38110,0.8300614953041077,0.3412880599498749,0.642659604549408,141.0
bg_38113,0.8468129634857178,0.3389103710651397,0.6424656510353088,168.0
bg_38116,0.8499754667282104,0.3455954790115356,0.6507343053817749,530.0
bg_38120,0.8268576264381409,0.2637438774108886,0.5651265978813171,607.0
bg_38125,0.8812149167060852,0.3893216550350189,0.6976602077484131,175.0
bg_38127,0.85337233543396,0.3373506963253021,0.6429671049118042,193.0
bg_38132,0.8421657681465149,0.3325013518333435,0.6542485952377319,315.0
bg_38138,0.8612262606620789,0.3808265030384063,0.6694934964179993,322.0
bg_38149,0.8734628558158875,0.353700578212738,0.6616313457489014,382.0
bg_38150,0.8144880533218384,0.2405712455511093,0.5416674613952637,272.0
bg_38157,0.8534113168716431,0.3388824164867401,0.6350365281105042,125.0
bg_38164,0.8537333607673645,0.3100813031196594,0.5878320336341858,477.0
bg_38171,0.857422411441803,0.263462632894516,0.5954626202583313,511.0
bg_38172,0.8729759454727173,0.2722765803337097,0.6073107123374939,507.0
bg_38173,0.8258939385414124,0.274634301662445,0.5844239592552185,596.0
bg_38181,0.5693433880805969,0.1650386154651641,0.3577909767627716,484.0
bg_38185,0.7314814329147339,0.2344875484704971,0.5330666899681091,74.0
bg_38188,0.8305333256721497,0.216523215174675,0.5331810712814331,507.0
bg_38189,0.525128185749054,0.057237658649683,0.2656433582305908,494.0
bg_38190,0.8413444757461548,0.278997540473938,0.5835209488868713,466.0
bg_38193,0.8421210646629333,0.2725434601306915,0.5977600812911987,358.0
bg_38197,0.8652318716049194,0.2512010037899017,0.5648640990257263,262.0
bg_38206,0.4860863089561462,0.1447042822837829,0.3297190964221954,508.0
bg_38213,0.8569281101226807,0.3954025506973266,0.6855418682098389,197.0
bg_38217,0.8298391103744507,0.2564712166786194,0.571557343006134,504.0
bg_38220,0.8089893460273743,0.2124474495649337,0.4943673312664032,123.0
bg_38224,0.8459881544113159,0.3376502096652984,0.6424954533576965,100.0
bg_38251,0.8893962502479553,0.3547410070896148,0.6584397554397583,583.0
bg_38252,0.8236405849456787,0.272246778011322,0.557776153087616,368.0
bg_38253,0.8192624449729919,0.3185615539550781,0.6287803053855896,201.0
bg_38254,0.8006941676139832,0.2292250245809555,0.5214074850082397,456.0
bg_38260,0.7993212342262268,0.2683365643024444,0.5818431377410889,80.0
bg_38261,0.7985567450523376,0.3218396604061126,0.6188808083534241,117.0
bg_38266,0.849392831325531,0.3540026545524597,0.6460833549499512,421.0
bg_38282,0.6522150039672852,0.2061958312988281,0.4589911997318268,217.0
bg_38284,0.8437865376472473,0.2804583013057709,0.6014930605888367,116.0
bg_38290,0.6307268142700195,0.1160247474908828,0.3657117486000061,491.0
bg_38302,0.8602198362350464,0.3956746757030487,0.6890223026275635,316.0
bg_38305,0.8342297077178955,0.2859167158603668,0.5952883362770081,413.0
bg_38306,0.8649039268493652,0.3293721973896026,0.5997663736343384,766.0
bg_38310,0.7698651552200317,0.3093046545982361,0.5961077809333801,126.0
bg_38316,0.8732084631919861,0.2785995900630951,0.5949522852897644,554.0
bg_38325,0.8459709882736206,0.3258583545684814,0.6274724006652832,507.0
bg_38328,0.6972735524177551,0.0882895961403846,0.3336626291275024,501.0
bg_38338,0.8143762946128845,0.2284258902072906,0.5491945147514343,483.0
bg_38343,0.8516703844070435,0.26039719581604,0.5873218178749084,568.0
bg_38362,0.7046180963516235,0.1956628262996673,0.4725596308708191,404.0
bg_38368,0.8554015755653381,0.3077595829963684,0.6245135068893433,252.0
bg_38370,0.855369508266449,0.3023992776870727,0.636888861656189,174.0
bg_38372,0.8735814690589905,0.3492585718631744,0.6305034756660461,169.0
bg_38382,0.7991359233856201,0.1964210569858551,0.5053077340126038,139.0
bg_38387,0.8101158738136292,0.2235416620969772,0.5407004952430725,209.0
bg_38398,0.7526177763938904,0.241971954703331,0.5258893966674805,49.0
bg_38403,0.7400963306427002,0.2444118857383728,0.5489316582679749,430.0
bg_38408,0.7759573459625244,0.2596513926982879,0.5713450312614441,259.0
bg_38410,0.7743751406669617,0.2793614268302917,0.5922747254371643,451.0
bg_38420,0.8266074657440186,0.2385237216949463,0.5374463200569153,448.0
bg_38445,0.8487064838409424,0.3368514776229858,0.6345691680908203,391.0
bg_38449,0.7826390862464905,0.2384382486343383,0.5319437384605408,198.0
bg_38452,0.7982282638549805,0.3585499227046966,0.6387845873832703,257.0
bg_38454,0.8304871320724487,0.3194664418697357,0.6310033202171326,127.0
bg_38456,0.8143554925918579,0.2469313740730285,0.5519464612007141,486.0
bg_38461,0.8058803677558899,0.313823401927948,0.6358110308647156,145.0
bg_38467,0.8374565839767456,0.3134103715419769,0.6306838393211365,89.0
bg_38475,0.8422884345054626,0.2956458628177643,0.6096663475036621,242.0
bg_38481,0.8223548531532288,0.3416244387626648,0.6462907791137695,106.0
bg_38489,0.8097549676895142,0.2088525295257568,0.5365390777587891,217.0
bg_38491,0.8598796129226685,0.3328780829906463,0.6539190411567688,127.0
bg_38492,0.8538122773170471,0.2912579178810119,0.5973691940307617,380.0
bg_38494,0.7949231266975403,0.1607962548732757,0.4992523491382599,152.0
bg_38499,0.8611502051353455,0.3623573780059814,0.6745419502258301,178.0
bg_38501,0.830237090587616,0.2909094393253326,0.6031569838523865,151.0
bg_38506,0.8297767639160156,0.3222830593585968,0.6135220527648926,602.0
bg_38507,0.8691432476043701,0.3684496879577636,0.6661615967750549,598.0
bg_38529,0.8062556385993958,0.2264672517776489,0.5224677324295044,459.0
bg_38537,0.8417775630950928,0.2773122787475586,0.595011830329895,126.0
bg_38553,0.8337892293930054,0.251653105020523,0.5764489769935608,515.0
bg_38558,0.8371974229812622,0.3189726769924164,0.6043975949287415,311.0
bg_38565,0.8421961665153503,0.3113215267658233,0.6153460144996643,544.0
bg_38566,0.8062066435813904,0.2922000586986542,0.5713602900505066,292.0
bg_38569,0.8849096298217773,0.2552222907543182,0.5996457934379578,490.0
bg_38581,0.846167802810669,0.3211440443992615,0.6384943127632141,135.0
bg_38583,0.7990575432777405,0.2742568254470825,0.5472863912582397,157.0
bg_38590,0.8540589213371277,0.3550683856010437,0.6616182327270508,130.0
bg_38598,0.8573976755142212,0.3453936278820038,0.6385177969932556,381.0
bg_38601,0.7639960050582886,0.2366570383310318,0.5131916999816895,408.0
bg_38603,0.725968599319458,0.2486032396554947,0.5422465801239014,128.0
bg_38605,0.8556849956512451,0.2812150716781616,0.5930147171020508,178.0
bg_38616,0.7770213484764099,0.1619075238704681,0.4628345072269439,324.0
bg_38648,0.8024653196334839,0.272863894701004,0.5639689564704895,415.0
bg_38649,0.7442152500152588,0.3382703065872192,0.5956711173057556,167.0
bg_38653,0.8250453472137451,0.3186355829238891,0.6296461224555969,152.0
bg_38661,0.873161792755127,0.369592010974884,0.6583159565925598,259.0
bg_38670,0.8783884644508362,0.3578598797321319,0.6624078154563904,268.0
bg_38676,0.8222628831863403,0.2674046754837036,0.5778128504753113,192.0
bg_38690,0.865380585193634,0.3720281720161438,0.6576254963874817,383.0
bg_38695,0.8302820324897766,0.3104425966739654,0.6186568737030029,147.0
bg_38704,0.857897937297821,0.3614399135112762,0.6547149419784546,366.0
bg_38708,0.8535608649253845,0.3334680199623108,0.6527236104011536,204.0
bg_38713,0.7946910262107849,0.3263191878795624,0.6342509984970093,438.0
bg_38714,0.8528792262077332,0.452983409166336,0.7242683172225952,88.0
bg_38716,0.8301035165786743,0.2683821022510528,0.5838519930839539,396.0
bg_38718,0.8575957417488098,0.3232901692390442,0.6279855966567993,382.0
bg_38719,0.8377935886383057,0.339028537273407,0.6464657187461853,555.0
bg_38730,0.8028379678726196,0.2480263262987136,0.5720966458320618,465.0
bg_38735,0.8732193112373352,0.250588595867157,0.5802491903305054,364.0
bg_38741,0.8458414673805237,0.2943219840526581,0.6150017380714417,130.0
bg_38753,0.8499929308891296,0.3625709414482116,0.6662651300430298,145.0
bg_38754,0.8073511123657227,0.2523242235183716,0.569821298122406,218.0
bg_38761,0.8340144157409668,0.2449807822704315,0.5686023831367493,488.0
bg_38766,0.8067604899406433,0.2705651521682739,0.5848726034164429,464.0
bg_38775,0.4423727989196777,0.0675799176096916,0.3144417703151703,443.0
bg_38783,0.8610546588897705,0.2685688138008117,0.5993862748146057,452.0
bg_38790,0.8695009350776672,0.2899307012557983,0.6074748635292053,484.0
bg_38800,0.8397318720817566,0.3228120505809784,0.6205334663391113,174.0
bg_38801,0.8269045948982239,0.2087645530700683,0.5410339832305908,193.0
bg_38806,0.8429313898086548,0.3237849473953247,0.636665403842926,126.0
bg_38816,0.8142054080963135,0.2599731385707855,0.5798137784004211,195.0
bg_38819,0.8655017018318176,0.3885214328765869,0.6813468337059021,295.0
bg_38823,0.8966459035873413,0.3837379813194275,0.6858237981796265,570.0
bg_38833,0.7800150513648987,0.1509394943714141,0.4079131186008453,267.0
bg_38839,0.7866705060005188,0.2038588225841522,0.5151655673980713,541.0
bg_38843,0.8502855896949768,0.3212931454181671,0.6339367032051086,205.0
bg_38855,0.8490087389945984,0.3259792029857635,0.6324230432510376,164.0
bg_38857,0.8908330202102661,0.366541713476181,0.6700087189674377,376.0
bg_38861,0.8258357048034668,0.2927934229373932,0.5956389904022217,168.0
bg_38868,0.8807042837142944,0.2978813648223877,0.6275022029876709,424.0
bg_38869,0.8266379237174988,0.241009309887886,0.5488289594650269,656.0
bg_38887,0.8065054416656494,0.297637939453125,0.6112674474716187,135.0
bg_38893,0.8729317784309387,0.3646209239959717,0.6576687097549438,167.0
bg_38894,0.8924143314361572,0.3898085057735443,0.685542106628418,364.0
bg_38896,0.8300783038139343,0.0998889580368995,0.428509771823883,587.0
bg_38907,0.8428178429603577,0.2766664922237396,0.5937464237213135,120.0
bg_38910,0.8572599291801453,0.3778861761093139,0.666193962097168,338.0
bg_38916,0.843075156211853,0.3112977147102356,0.623146653175354,116.0
bg_38918,0.6074127554893494,0.0717211365699768,0.3220120370388031,467.0
bg_38919,0.8014589548110962,0.230415865778923,0.5412809252738953,156.0
bg_38920,0.8489269614219666,0.2683712542057037,0.568115770816803,468.0
bg_38924,0.7560350298881531,0.2681562006473541,0.5430881381034851,71.0
bg_38928,0.8342999219894409,0.3133852481842041,0.6258386373519897,127.0
bg_38930,0.7647554874420166,0.2217292338609695,0.4727770984172821,161.0
bg_38941,0.8454257249832153,0.3365714848041534,0.6426765322685242,558.0
bg_38944,0.7917148470878601,0.2567690312862396,0.5424111485481262,333.0
bg_38953,0.8730815052986145,0.3345289230346679,0.6499531865119934,129.0
bg_38955,0.8731467127799988,0.2761192321777344,0.5839731693267822,897.0
bg_38956,0.8655227422714233,0.3347649276256561,0.6580345630645752,327.0
bg_38959,0.8557336926460266,0.3000172674655914,0.6223061680793762,125.0
bg_38961,0.8558798432350159,0.3368634283542633,0.6307970285415649,370.0
bg_38967,0.8235946893692017,0.3452415764331817,0.64065021276474,166.0
bg_38977,0.8295937180519104,0.2839629054069519,0.5761997699737549,360.0
bg_38980,0.8107231855392456,0.2172971367835998,0.5254685282707214,355.0
bg_38983,0.8735847473144531,0.3458608388900757,0.6536443829536438,202.0
bg_38986,0.8602930903434753,0.3797692060470581,0.673849880695343,177.0
bg_38987,0.8654828667640686,0.3250444829463959,0.6271834969520569,322.0
bg_38996,0.8774693608283997,0.3371842205524444,0.6426706314086914,207.0
bg_39000,0.6807942986488342,0.2059892565011978,0.4743350446224212,184.0
bg_39008,0.8108240962028503,0.2453041821718216,0.5606851577758789,203.0
bg_39011,0.8304162621498108,0.2997398674488067,0.5891297459602356,424.0
bg_39012,0.8731992840766907,0.3604933619499206,0.6663495302200317,117.0
bg_39015,0.7870417237281799,0.2589566707611084,0.5505505204200745,462.0
bg_39017,0.8847124576568604,0.3412369191646576,0.6581169962882996,217.0
bg_39021,0.7917265295982361,0.2080697119235992,0.5176275372505188,479.0
bg_39023,0.8496826887130737,0.3547124862670898,0.6542953848838806,766.0
bg_39025,0.6932356953620911,0.1428606808185577,0.3886653184890747,845.0
bg_39027,0.8763641119003296,0.3712309300899505,0.6850957274436951,176.0
bg_39031,0.8343530893325806,0.244805172085762,0.5487196445465088,387.0
bg_39040,0.8380594253540039,0.3218699693679809,0.6195626258850098,496.0
bg_39050,0.8343923687934875,0.2946240305900574,0.6036836504936218,70.0
bg_39056,0.849533200263977,0.3863944709300995,0.6819682717323303,405.0
bg_39057,0.8302125334739685,0.2590064704418182,0.5802668929100037,434.0
bg_39064,0.8656537532806396,0.3311574161052704,0.63199383020401,133.0
bg_39065,0.8456447124481201,0.3211710155010223,0.6229079365730286,189.0
bg_39069,0.8416594862937927,0.3348241150379181,0.6347463130950928,95.0
bg_39079,0.8142792582511902,0.2708631753921509,0.5566975474357605,307.0
bg_39080,0.8365809917449951,0.2548289597034454,0.548535168170929,238.0
bg_39081,0.779314398765564,0.147753819823265,0.4606728553771972,96.0
bg_39093,0.8844625949859619,0.4356220066547394,0.708653450012207,360.0
bg_39097,0.8615297079086304,0.2765792310237884,0.5991848111152649,405.0
bg_39103,0.7050538659095764,0.1346917748451233,0.4045185446739197,444.0
bg_39106,0.8653982281684875,0.3693234920501709,0.6662074327468872,285.0
bg_39107,0.7764774560928345,0.1281103938817978,0.4391812980175018,178.0
bg_39123,0.8183081150054932,0.2942115068435669,0.607769250869751,506.0
bg_39124,0.8448048830032349,0.3627645969390869,0.6504635214805603,155.0
bg_39127,0.8425719738006592,0.2627511918544769,0.5746273398399353,172.0
bg_39128,0.8484843373298645,0.340741217136383,0.650551974773407,571.0
bg_39131,0.8339660167694092,0.2286851108074188,0.5523050427436829,991.0
bg_39134,0.8727165460586548,0.1705461144447326,0.4787192344665527,538.0
bg_39140,0.8541848659515381,0.3251507878303528,0.6225956082344055,188.0
bg_39144,0.8447887301445007,0.3547337353229522,0.6548041701316833,129.0
bg_39148,0.8457964658737183,0.2861313223838806,0.5992923378944397,397.0
bg_39150,0.8395829200744629,0.3008407652378082,0.6069478988647461,170.0
bg_39151,0.8418471813201904,0.3737134635448456,0.6547772288322449,360.0
bg_39154,0.8727361559867859,0.3798123002052307,0.6745344996452332,158.0
bg_39157,0.8572911024093628,0.3721469044685364,0.64287269115448,324.0
bg_39158,0.8339866995811462,0.3392679393291473,0.6315425634384155,195.0
bg_39161,0.7913409471511841,0.2018274813890457,0.5217272639274597,123.0
bg_39167,0.8577939867973328,0.3507201969623565,0.6657317280769348,202.0
bg_39175,0.7440999746322632,0.2273447811603546,0.521424412727356,454.0
bg_39185,0.8653914928436279,0.2470714747905731,0.580158531665802,973.0
bg_39190,0.8693421483039856,0.3324250876903534,0.6423755884170532,343.0
bg_39198,0.799075722694397,0.2409598380327224,0.5567322373390198,418.0
bg_39212,0.7311996817588806,0.2904267013072967,0.5450790524482727,628.0
bg_39215,0.8573208451271057,0.3876440823078155,0.6816285252571106,510.0
bg_39219,0.7227267622947693,0.2657434642314911,0.5316494107246399,44.0
bg_39222,0.8696399331092834,0.3131745159626007,0.6349285244941711,209.0
bg_39224,0.8579354882240295,0.3458058536052704,0.6389420628547668,125.0
bg_39227,0.8236504197120667,0.2586610615253448,0.5571832656860352,113.0
bg_39231,0.8691515326499939,0.3261232376098633,0.6396223902702332,236.0
bg_39241,0.8453901410102844,0.2919833064079284,0.6035302877426147,335.0
bg_39244,0.877204418182373,0.2832046747207641,0.5994728803634644,477.0
bg_39246,0.7984997034072876,0.3333043456077575,0.6240921020507812,452.0
bg_39250,0.7799850106239319,0.2450652867555618,0.5354157090187073,93.0
bg_39256,0.8653494715690613,0.385926753282547,0.6895334720611572,265.0
bg_39263,0.8450974822044373,0.2880484461784363,0.6001450419425964,101.0
bg_39266,0.8551813364028931,0.3608206212520599,0.650213360786438,408.0
bg_39273,0.8379599452018738,0.3694506585597992,0.6656796336174011,216.0
bg_39277,0.849489152431488,0.2821164727210998,0.5689873099327087,152.0
bg_39295,0.865898072719574,0.3778774440288543,0.6698636412620544,420.0
bg_39302,0.8554813861846924,0.3849844336509704,0.6738232970237732,334.0
bg_39307,0.8061375021934509,0.2075901925563812,0.5180690884590149,469.0
bg_39308,0.6854599118232727,0.2143522650003433,0.4830706417560577,73.0
bg_39311,0.8295845985412598,0.2938916683197021,0.5926457047462463,438.0
bg_39312,0.8373705744743347,0.3054931461811065,0.6196929812431335,139.0
bg_39313,0.8494535088539124,0.3446091115474701,0.6267130970954895,376.0
bg_39314,0.6227172613143921,0.2052756994962692,0.4906379580497741,496.0
bg_39320,0.8337271213531494,0.2325005084276199,0.5564091801643372,867.0
bg_39321,0.834419846534729,0.3046323955059051,0.6157764196395874,110.0
bg_39323,0.8259029984474182,0.3029949367046356,0.5992894172668457,531.0
bg_39325,0.8566638827323914,0.4120254516601562,0.696843683719635,96.0
bg_39327,0.8923894762992859,0.3810551464557647,0.6872482299804688,196.0
bg_39331,0.7914835810661316,0.266767144203186,0.5679983496665955,328.0
bg_39348,0.7093951106071472,0.1686334162950515,0.4507548809051513,440.0
bg_39363,0.8524487614631653,0.3418440222740173,0.6424899697303772,150.0
bg_39370,0.6242257952690125,0.2195749133825302,0.4773653149604797,409.0
bg_39381,0.8553778529167175,0.3388399481773376,0.6499892473220825,362.0
bg_39387,0.8613494038581848,0.3583510816097259,0.6661461591720581,263.0
bg_39395,0.8640707731246948,0.3224143087863922,0.6272150874137878,144.0
bg_39397,0.7980386018753052,0.2499543726444244,0.5515727400779724,68.0
bg_39403,0.7129873037338257,0.2539030909538269,0.5338342785835266,118.0
bg_39404,0.8536457419395447,0.3135099709033966,0.6265638470649719,620.0
bg_39408,0.8334280848503113,0.3182943761348724,0.6191607117652893,416.0
bg_39412,0.847779393196106,0.3605001270771026,0.6584749221801758,198.0
bg_39414,0.8383867740631104,0.326268583536148,0.6306601166725159,391.0
bg_39435,0.8580606579780579,0.3189582228660583,0.644428014755249,309.0
bg_39438,0.8749138116836548,0.3930722773075104,0.678066074848175,110.0
bg_39439,0.6208180785179138,0.1701758652925491,0.4624020159244537,488.0
bg_39442,0.7819175124168396,0.2766452431678772,0.5887243151664734,226.0
bg_39452,0.6818195581436157,0.3538907170295715,0.5533744692802429,147.0
bg_39453,0.819634735584259,0.31876140832901,0.6268163919448853,147.0
bg_39455,0.8812130093574524,0.3257876932621002,0.6428073048591614,546.0
bg_39457,0.8653677105903625,0.3158302307128906,0.6381068229675293,227.0
bg_39463,0.8574049472808838,0.3530504107475281,0.67359858751297,452.0
bg_39465,0.8572106957435608,0.3502602875232696,0.6583816409111023,353.0
bg_39488,0.8228772282600403,0.2667692899703979,0.5717400908470154,537.0
bg_39503,0.7329328656196594,0.2330535799264907,0.4863247275352478,101.0
bg_39505,0.7529880404472351,0.1585491299629211,0.4799838364124298,77.0
bg_39514,0.7986963987350464,0.314056396484375,0.6228804588317871,615.0
bg_39515,0.8180826306343079,0.3066257536411285,0.5999150276184082,215.0
bg_39517,0.853513240814209,0.3611568212509155,0.670380175113678,409.0
bg_39519,0.8266803622245789,0.3024568557739258,0.6112827062606812,527.0
bg_39521,0.8813738226890564,0.3582382202148437,0.6658017635345459,184.0
bg_39531,0.8652960658073425,0.3727487325668335,0.6738013625144958,382.0
bg_39535,0.8349398970603943,0.2663072347640991,0.595095157623291,268.0
bg_39539,0.8541527390480042,0.2880033552646637,0.6110130548477173,160.0
bg_39545,0.816179633140564,0.3177841305732727,0.6075661182403564,441.0
bg_39547,0.8494041562080383,0.3104627132415771,0.6075307130813599,383.0
bg_39559,0.5625808238983154,0.1785789281129837,0.4389615952968597,166.0
bg_39564,0.8498036861419678,0.2725264132022857,0.5937331914901733,386.0
bg_39566,0.8609394431114197,0.263646125793457,0.579581081867218,465.0
bg_39567,0.8619838953018188,0.3075741529464721,0.6231253743171692,299.0
bg_39574,0.8391755819320679,0.3140038549900055,0.6087022423744202,155.0
bg_39576,0.6156976222991943,0.0409168116748333,0.2636824250221252,445.0
bg_39590,0.8771657347679138,0.3691871762275696,0.670183539390564,313.0
bg_39597,0.8188139200210571,0.2406735271215438,0.5595593452453613,98.0
bg_39605,0.8353891372680664,0.3026457130908966,0.6280178427696228,98.0
bg_39606,0.8640763163566589,0.3115813434123993,0.6231762766838074,201.0
bg_39613,0.802911639213562,0.2833307683467865,0.5605297684669495,755.0
bg_39614,0.8925487399101257,0.3832293152809143,0.6824290156364441,142.0
bg_39617,0.7827056050300598,0.2757781445980072,0.5755825638771057,101.0
bg_39629,0.8729459047317505,0.3442782759666443,0.6663663983345032,185.0
bg_39630,0.8266527056694031,0.3450417518615722,0.6519322991371155,129.0
bg_39648,0.8706008791923523,0.2917757630348205,0.5995466113090515,439.0
bg_39650,0.8454785346984863,0.2887091040611267,0.5905689001083374,306.0
bg_39653,0.8693245649337769,0.3587546348571777,0.670214831829071,377.0
bg_39655,0.880814254283905,0.3599472045898437,0.6659902334213257,158.0
bg_39671,0.8770087957382202,0.3611165583133697,0.6385579109191895,517.0
bg_39679,0.8731094598770142,0.3065419495105743,0.6205952763557434,498.0
bg_39681,0.7950447201728821,0.2011942863464355,0.5171830654144287,521.0
bg_39685,0.6531871557235718,0.1460542380809784,0.4429343044757843,464.0
bg_39686,0.7965298295021057,0.2587942481040954,0.5527793169021606,438.0
bg_39716,0.8808538913726807,0.3318684101104736,0.6327722668647766,148.0
bg_39718,0.7204871773719788,0.1669023334980011,0.4470807015895843,403.0
bg_39722,0.7679439783096313,0.1826499849557876,0.4725271165370941,522.0
bg_39725,0.6991837024688721,0.2331552058458328,0.4916500747203827,329.0
bg_39728,0.8493902683258057,0.3300504684448242,0.6312235593795776,144.0
bg_39731,0.8735548853874207,0.3880356550216675,0.6891006231307983,245.0
bg_39735,0.8097885847091675,0.165740355849266,0.5020986795425415,458.0
bg_39736,0.7862579822540283,0.2489967346191406,0.5239341259002686,295.0
bg_39737,0.8810490965843201,0.4125012755393982,0.7046798467636108,382.0
bg_39739,0.818952202796936,0.1670589298009872,0.4743245840072632,353.0
bg_39750,0.851848840713501,0.3264939785003662,0.6310083270072937,524.0
bg_39756,0.8689260482788086,0.3221354782581329,0.6544735431671143,196.0
bg_39767,0.8600385785102844,0.3932755887508392,0.6691970229148865,82.0
bg_39775,0.8071320056915283,0.3573271930217743,0.6462534070014954,494.0
bg_39779,0.8492759466171265,0.3507710695266723,0.6615496873855591,449.0
bg_39783,0.8067392110824585,0.2783842980861664,0.5757371187210083,479.0
bg_39787,0.8454023003578186,0.3050735592842102,0.6148030161857605,134.0
bg_39797,0.6904518604278564,0.2947696149349212,0.5817455649375916,326.0
bg_39806,0.8340475559234619,0.3317272961139679,0.6499390006065369,94.0
bg_39807,0.7984032034873962,0.325213074684143,0.6191579699516296,372.0
bg_39808,0.7906293869018555,0.285731166601181,0.5716462135314941,231.0
bg_39810,0.8460404276847839,0.3559091985225677,0.655825138092041,160.0
bg_39819,0.8534115552902222,0.3271896541118622,0.6230659484863281,297.0
bg_39820,0.7917683124542236,0.2431805729866027,0.5421091318130493,421.0
bg_39832,0.8280164003372192,0.3102198243141174,0.6197735071182251,470.0
bg_39835,0.8140366673469543,0.2589835524559021,0.5566744208335876,454.0
bg_39839,0.8621129393577576,0.3429928719997406,0.6505848169326782,159.0
bg_39845,0.8497907519340515,0.3414540886878967,0.593268096446991,150.0
bg_39856,0.8226075172424316,0.3118397295475006,0.6030121445655823,99.0
bg_39860,0.8261682391166687,0.2831851243972778,0.5971135497093201,151.0
bg_39862,0.833655834197998,0.238642618060112,0.5518163442611694,112.0
bg_39866,0.7869492173194885,0.3266253769397735,0.6165392994880676,109.0
bg_39867,0.7981025576591492,0.326464831829071,0.6223909258842468,93.0
bg_39868,0.7826251983642578,0.1780151724815368,0.4747061729431152,505.0
bg_39871,0.7600285410881042,0.2642574906349182,0.541735053062439,262.0
bg_39872,0.7908834218978882,0.3572185635566711,0.6625857353210449,451.0
bg_39882,0.8184383511543274,0.3339928686618805,0.6382858753204346,355.0
bg_39888,0.8417242765426636,0.2905234694480896,0.6075474619865417,544.0
bg_39896,0.8151354789733887,0.2844714820384979,0.5863091945648193,72.0
bg_39902,0.8569663763046265,0.3058558404445648,0.5958666205406189,539.0
bg_39912,0.8084962368011475,0.2959373593330383,0.5844298601150513,252.0
bg_39932,0.6036185026168823,0.1579112410545349,0.4126196205615997,494.0
bg_39937,0.8682065606117249,0.3335753977298736,0.642406165599823,135.0
bg_39957,0.8650186061859131,0.3643310666084289,0.6694816946983337,186.0
bg_39960,0.8698333501815796,0.3387864530086517,0.643413782119751,108.0
bg_39964,0.8112094402313232,0.2603175044059753,0.563218355178833,103.0
bg_39972,0.8690329194068909,0.3151634931564331,0.631109356880188,448.0
bg_39975,0.8530288934707642,0.3094890713691711,0.6187084317207336,363.0
bg_39984,0.8418168425559998,0.2493175566196441,0.5566816329956055,429.0
bg_39986,0.796109139919281,0.2516569793224334,0.5606865882873535,160.0
bg_39990,0.8609841465950012,0.3191078007221222,0.6173368096351624,542.0
bg_39994,0.833594799041748,0.2980864942073822,0.608495831489563,158.0
bg_39998,0.8219555616378784,0.3301979005336761,0.6165185570716858,312.0
bg_40012,0.6264129281044006,0.1466380357742309,0.4517228007316589,381.0
bg_40026,0.8539857268333435,0.2740457355976105,0.6033735275268555,457.0
bg_40030,0.8348835110664368,0.3132766485214233,0.6298902630805969,131.0
bg_40039,0.859915018081665,0.3911793529987335,0.6843178272247314,164.0
bg_40049,0.8922733068466187,0.3379603624343872,0.6621232628822327,666.0
bg_40054,0.8117597103118896,0.3210803568363189,0.6151565313339233,160.0
bg_40059,0.8424632549285889,0.322405993938446,0.6353503465652466,361.0
bg_40062,0.8187211155891418,0.2256210893392563,0.5180337429046631,366.0
bg_40066,0.857317328453064,0.3623086512088775,0.6779356598854065,334.0
bg_40068,0.8267468214035034,0.2592226266860962,0.5532128214836121,328.0
bg_40069,0.8811973333358765,0.3616134524345398,0.6697520017623901,1040.0
bg_40077,0.7359223365783691,0.2973322570323944,0.5632667541503906,61.0
bg_40083,0.8644587993621826,0.3521721363067627,0.6541063785552979,311.0
bg_40084,0.8649911284446716,0.3505078852176666,0.6502158045768738,849.0
bg_40088,0.8462899923324585,0.2364036589860916,0.5663020014762878,364.0
bg_40092,0.8730621337890625,0.2869876325130462,0.5878120064735413,501.0
bg_40095,0.8190740346908569,0.2923972308635711,0.5922950506210327,374.0
bg_40096,0.8108608722686768,0.3175269365310669,0.6232523918151855,374.0
bg_40102,0.7330537438392639,0.1461883038282394,0.4192071557044983,415.0
bg_40107,0.7396970987319946,0.2084909975528717,0.5214650630950928,463.0
bg_40109,0.8456601500511169,0.372951865196228,0.6621367335319519,267.0
bg_40117,0.853584349155426,0.327001690864563,0.6432511210441589,117.0
bg_40125,0.8166093826293945,0.3221969306468963,0.6234104633331299,638.0
bg_40126,0.8481016159057617,0.3389638364315033,0.6462280750274658,131.0
bg_40143,0.6118485927581787,-0.1254423409700393,0.1212431117892265,527.0
bg_40145,0.8242142200469971,0.2750394642353058,0.5916193127632141,444.0
bg_40147,0.8046218156814575,0.3226848840713501,0.6211627721786499,370.0
bg_40151,0.8651437163352966,0.3777756094932556,0.6778972744941711,486.0
bg_40157,0.8613873720169067,0.2997637391090393,0.614918053150177,520.0
bg_40158,0.8300377130508423,0.2822516560554504,0.564211368560791,813.0
bg_40159,0.8646658062934875,0.3506934642791748,0.6543735861778259,259.0
bg_40168,0.8710455894470215,0.2978210747241974,0.6265366077423096,376.0
bg_40172,0.8415225148200989,0.2977561056613922,0.6108843684196472,412.0
bg_40173,0.794019341468811,0.2749834358692169,0.592135488986969,478.0
bg_40175,0.8320715427398682,0.2527846395969391,0.5686860680580139,502.0
bg_40176,0.8868253827095032,0.4043702185153961,0.6895644068717957,368.0
bg_40188,0.8808805346488953,0.3962450623512268,0.6936596035957336,369.0
bg_40191,0.8294633626937866,0.3511667549610138,0.6309157609939575,255.0
bg_40196,0.8185524940490723,0.1840277910232544,0.5106951594352722,87.0
bg_40209,0.8572643399238586,0.3768116235733032,0.6740900278091431,529.0
bg_40216,0.830514669418335,0.3447205722332001,0.642775297164917,165.0
bg_40218,0.8775270581245422,0.389162540435791,0.6772288680076599,135.0
bg_40223,0.5230326652526855,0.0833720713853836,0.271251231431961,125.0
bg_40227,0.876956045627594,0.3622309863567352,0.6540441513061523,365.0
bg_40228,0.751907229423523,0.176322266459465,0.4985333979129791,175.0
bg_40237,0.8606574535369873,0.3452262580394745,0.6653278470039368,140.0
bg_40238,0.8576076030731201,0.3475385904312134,0.657787561416626,206.0
bg_40247,0.7949997782707214,0.2994753122329712,0.5898299217224121,380.0
bg_40250,0.8221859931945801,0.2756785452365875,0.5924497246742249,409.0
bg_40261,0.829275906085968,0.2997632920742035,0.6075970530509949,408.0
bg_40263,0.7799293994903564,0.1892156153917312,0.5101957321166992,372.0
bg_40268,0.8497457504272461,0.3834344148635864,0.6821064352989197,322.0
bg_40287,0.8563328981399536,0.1973955482244491,0.4934564530849457,725.0
bg_40288,0.8772297501564026,0.3545822501182556,0.6738730072975159,547.0
bg_40289,0.8414385318756104,0.361355721950531,0.6421363949775696,498.0
bg_40297,0.8265001177787781,0.2478219270706176,0.5571109056472778,191.0
bg_40299,0.8491384387016296,0.2716630697250366,0.6075812578201294,449.0
bg_40301,0.8377037048339844,0.3251499533653259,0.6460784077644348,554.0
bg_40303,0.7948461174964905,0.314054787158966,0.5934651494026184,156.0
bg_40309,0.8511463403701782,0.3184459507465362,0.6262288689613342,133.0
bg_40324,0.8295570015907288,0.3679456114768982,0.6502108573913574,230.0
bg_40333,0.8239264488220215,0.3413789272308349,0.6193392872810364,369.0
bg_40357,0.8769257664680481,0.3583588600158691,0.6734212040901184,528.0
bg_40360,0.8302116394042969,0.328897625207901,0.638462483882904,180.0
bg_40362,0.8381803631782532,0.1465149372816085,0.4754082262516022,251.0
bg_40368,0.7948554754257202,0.238892912864685,0.50944983959198,217.0
bg_40373,0.8608994483947754,0.3551019430160522,0.6585384607315063,173.0
bg_40381,0.8238934278488159,0.2675190567970276,0.5677741765975952,367.0
bg_40386,0.8846773505210876,0.3682087659835815,0.6853713393211365,354.0
bg_40391,0.8813040256500244,0.3619848489761352,0.6434159874916077,195.0
bg_40406,0.7245557904243469,0.1387978643178939,0.4350527226924896,453.0
bg_40414,0.8730488419532776,0.4242511093616485,0.7022640705108643,79.0
bg_40415,0.8537552952766418,0.3443607091903686,0.6589370369911194,119.0
bg_40416,0.7774401307106018,0.3113276958465576,0.6070428490638733,272.0
bg_40419,0.8423452377319336,0.3337031900882721,0.6351796388626099,275.0
bg_40421,0.8336228728294373,0.3300576508045196,0.6267436742782593,261.0
bg_40425,0.8710026144981384,0.2822042107582092,0.6310300827026367,488.0
bg_40431,0.8651648163795471,0.3274665772914886,0.6308043003082275,151.0
bg_40441,0.7220165729522705,0.2732309699058532,0.553898811340332,176.0
bg_40457,0.8503280878067017,0.3146443367004394,0.621975302696228,142.0
bg_40459,0.8689408898353577,0.3214946687221527,0.642641544342041,537.0
bg_40470,0.8576940894126892,0.3106581568717956,0.5997843742370605,76.0
bg_40473,0.8311201930046082,0.3279592990875244,0.638567328453064,146.0
bg_40479,0.6942106485366821,0.2441388070583343,0.5035380721092224,199.0
bg_40483,0.826324999332428,0.332409530878067,0.6355259418487549,186.0
bg_40489,0.841799259185791,0.317901074886322,0.6188660264015198,98.0
bg_40501,0.8061085343360901,0.1681838780641555,0.5009269714355469,500.0
bg_40505,0.8078304529190063,0.3105678558349609,0.6140807867050171,176.0
bg_40522,0.8219208121299744,0.202399268746376,0.5101978778839111,400.0
bg_40523,0.8274232745170593,0.3032491207122803,0.6316357851028442,147.0
bg_40532,0.8534337878227234,0.3332001566886902,0.6390605568885803,114.0
bg_40533,0.849026083946228,0.3179835081100464,0.6351564526557922,153.0
bg_40554,0.8119998574256897,0.246756836771965,0.5435702800750732,294.0
bg_40555,0.8650289177894592,0.4199326336383819,0.6934532523155212,501.0
bg_40557,0.8298478722572327,0.3368518650531769,0.6468110084533691,458.0
bg_40560,0.8464182019233704,0.2970677018165588,0.6149763464927673,110.0
bg_40562,0.8187720775604248,0.2556916177272796,0.5722624659538269,548.0
bg_40563,0.8850259184837341,0.3884915709495544,0.6859118938446045,529.0
bg_40565,0.7437059879302979,0.1929840743541717,0.4396398663520813,523.0
bg_40572,0.8489663004875183,0.3291884958744049,0.6268457770347595,184.0
bg_40573,0.4543870091438293,0.1226030960679054,0.3251318633556366,399.0
bg_40577,0.839651346206665,0.3170537650585174,0.6289410591125488,162.0
bg_40579,0.8494714498519897,0.2479554414749145,0.5573983192443848,318.0
bg_40582,0.8063145279884338,0.2306596934795379,0.5216425061225891,433.0
bg_40584,0.8040866255760193,0.2364840805530548,0.5513308644294739,84.0
bg_40602,0.8729318976402283,0.342817485332489,0.6583826541900635,165.0
bg_40604,0.849236249923706,0.4001667499542236,0.697293758392334,265.0
bg_40625,0.71718829870224,0.2639358639717102,0.5733659267425537,430.0
bg_40626,0.8649729490280151,0.37014901638031,0.6619504690170288,535.0
bg_40629,0.8417601585388184,0.3398464322090149,0.6385265588760376,114.0
bg_40633,0.7063003182411194,0.2352792620658874,0.4986037015914917,48.0
bg_40636,0.8416354060173035,0.280329555273056,0.5956104397773743,465.0
bg_40641,0.7634807229042053,0.3263247013092041,0.6150065064430237,451.0
bg_40642,0.8564044833183289,0.3398639261722564,0.6510197520256042,156.0
bg_40646,0.8286334872245789,0.2896092236042022,0.6076902747154236,154.0
bg_40647,0.8770655989646912,0.3572999835014343,0.6777834296226501,1105.0
bg_40649,0.2599934041500091,-0.0146430376917123,0.2287724614143371,155.0
bg_40669,0.8313511610031128,0.3488619923591614,0.6421491503715515,87.0
bg_40675,0.8144827485084534,0.2861676514148712,0.5915738940238953,498.0
bg_40689,0.8488896489143372,0.3097637891769409,0.6314507722854614,127.0
bg_40691,0.8302875757217407,0.2822521030902862,0.6154236793518066,373.0
bg_40696,0.8340438008308411,0.3064621388912201,0.6191353797912598,260.0
bg_40702,0.8497751355171204,0.3623412549495697,0.6701877117156982,253.0
bg_40707,0.838832437992096,0.3422381281852722,0.6467801928520203,219.0
bg_40708,0.8473242521286011,0.2830040156841278,0.6044538021087646,58.0
bg_40716,0.7283004522323608,0.1979483067989349,0.4609830677509308,488.0
bg_40717,0.8811041116714478,0.3399192690849304,0.6544827818870544,200.0
bg_40723,0.8670291304588318,0.3530898094177246,0.661430299282074,230.0
bg_40724,0.857089638710022,0.3214351534843445,0.6272346377372742,339.0
bg_40725,0.884522557258606,0.3467539250850677,0.6663017272949219,494.0
bg_40727,0.8457589745521545,0.3183474838733673,0.6218729019165039,113.0
bg_40734,0.7593875527381897,0.2617955207824707,0.5440201759338379,590.0
bg_40740,0.8385107517242432,0.3774917125701904,0.6651095747947693,153.0
bg_40749,0.7421579360961914,0.1638094335794448,0.4464301764965057,266.0
bg_40753,0.8222653269767761,0.3630931079387665,0.668377697467804,184.0
bg_40762,0.8457195162773132,0.272404134273529,0.5801026821136475,527.0
bg_40767,0.8499213457107544,0.3291097283363342,0.6425963044166565,139.0
bg_40770,0.8763331174850464,0.4056525230407715,0.6933274865150452,399.0
bg_40771,0.8462502360343933,0.2917757332324981,0.6117749214172363,453.0
bg_40772,0.7796072363853455,0.2310477942228317,0.552979588508606,363.0
bg_40777,0.8310248851776123,0.254294216632843,0.5637235045433044,90.0
bg_40782,0.8190560340881348,0.3177604079246521,0.6148837208747864,535.0
bg_40783,0.8613949418067932,0.3470901250839233,0.6506415009498596,125.0
bg_40785,0.8204873204231262,0.303534984588623,0.6018404960632324,128.0
bg_40786,0.8227830529212952,0.2794335186481476,0.5794814229011536,354.0
bg_40790,0.7482379078865051,0.31425741314888,0.5679851770401001,438.0
bg_40795,0.841482400894165,0.3203657567501068,0.6213342547416687,156.0
bg_40796,0.8646522760391235,0.3566213846206665,0.6499187350273132,167.0
bg_40799,0.7108821868896484,0.1489833891391754,0.4536245465278625,452.0
bg_40805,0.8380307555198669,0.3174238801002502,0.6274217367172241,155.0
bg_40821,0.8684571981430054,0.4052780270576477,0.6935122609138489,355.0
bg_40823,0.8848934769630432,0.3811793923377991,0.6968862414360046,514.0
bg_40826,0.8123180866241455,0.2957830131053924,0.6016784310340881,358.0
bg_40830,0.7793499231338501,0.2370818704366684,0.5391879081726074,512.0
bg_40837,0.8576025366783142,0.3700755834579468,0.6697962284088135,288.0
bg_40838,0.8567150235176086,0.3033900558948517,0.6079443693161011,97.0
bg_40849,0.8500925302505493,0.2914262413978576,0.603027880191803,422.0
bg_40852,0.8771488070487976,0.2618364095687866,0.5920425057411194,530.0
bg_40857,0.8614066243171692,0.3330453336238861,0.6348817348480225,425.0
bg_40860,0.8929957151412964,0.4084777534008026,0.6975311636924744,387.0
bg_40869,0.8064075112342834,0.3534380495548248,0.6267766356468201,224.0
bg_40871,0.8331663012504578,0.3152152597904205,0.6352764964103699,125.0
bg_40872,0.8733012080192566,0.3924532532691955,0.685233473777771,451.0
bg_40879,0.8324304819107056,0.3462351560592651,0.6506665945053101,382.0
bg_40883,0.8764445781707764,0.3308856785297394,0.6583017110824585,209.0
bg_40884,0.8672217726707458,0.3348602056503296,0.6459652781486511,422.0
bg_40891,0.8258214592933655,0.2950391769409179,0.5788185596466064,139.0
bg_40892,0.8492659330368042,0.2900525331497192,0.6035176515579224,477.0
bg_40894,0.7675067186355591,0.2070874124765396,0.5145044326782227,364.0
bg_40895,0.8460125923156738,0.2861662209033966,0.5954053401947021,584.0
bg_40902,0.7834053635597229,0.2761635184288025,0.5844261050224304,185.0
bg_40908,0.8264103531837463,0.180800661444664,0.4936497807502746,549.0
bg_40913,0.8816684484481812,0.3733208179473877,0.6780808568000793,121.0
bg_40918,0.8578649759292603,0.3936293125152588,0.6935920119285583,471.0
bg_40919,0.8335013389587402,0.3054608404636383,0.6069990992546082,414.0
bg_40921,0.8145352005958557,0.3661702871322632,0.6660866141319275,147.0
bg_40925,0.8692108988761902,0.3860408663749695,0.6895424723625183,167.0
bg_40935,0.8455694913864136,0.3585928678512573,0.6464903950691223,195.0
bg_40937,0.7870397567749023,0.2589446604251861,0.5676444172859192,445.0
bg_40942,0.8617427349090576,0.3509999811649322,0.6547343730926514,109.0
bg_40950,0.7870246171951294,0.2450244426727295,0.5451500415802002,365.0
bg_40957,0.8306689262390137,0.373315691947937,0.6506486535072327,364.0
bg_40963,0.7091508507728577,0.1034123450517654,0.3686268627643585,430.0
bg_40968,0.8592289686203003,0.2999428808689117,0.6268206238746643,260.0
bg_40972,0.8570964932441711,0.362448126077652,0.6494536995887756,162.0
bg_40977,0.8377103805541992,0.2985970973968506,0.6033368706703186,840.0
bg_40978,0.8102083206176758,0.2479569911956787,0.5566043257713318,509.0
bg_40994,0.8384135365486145,0.3221577107906341,0.6307323575019836,440.0
bg_40995,0.8844447731971741,0.3644444048404693,0.6462264060974121,163.0
bg_41000,0.7948896288871765,0.2908785343170166,0.5885553359985352,380.0
bg_41001,0.825975239276886,0.294238418340683,0.5998531579971313,249.0
bg_41010,0.5285988450050354,0.1574724018573761,0.4312481582164764,149.0
bg_41030,0.827413022518158,0.2407930642366409,0.5447387099266052,155.0
bg_41034,0.7713890075683594,0.3723598420619964,0.650557816028595,375.0
bg_41035,0.8607358336448669,0.3111271262168884,0.6185564398765564,179.0
bg_41039,0.85744309425354,0.3192605078220367,0.6384657025337219,267.0
bg_41043,0.8730642199516296,0.3356756567955017,0.6541644930839539,152.0
bg_41047,0.8439377546310425,0.3418115377426147,0.6501787304878235,330.0
bg_41052,0.7988187074661255,0.3192979693412781,0.5880747437477112,456.0
bg_41053,0.8567547798156738,0.3347706198692322,0.6583263874053955,107.0
bg_41066,0.8845175504684448,0.3709526360034942,0.6511213779449463,220.0
bg_41073,0.8927288055419922,0.3483743369579315,0.6582253575325012,476.0
bg_41076,0.7522167563438416,0.2244761735200882,0.5140584111213684,202.0
bg_41095,0.8268865346908569,0.3119951784610748,0.6233839988708496,116.0
bg_41112,0.7685683369636536,0.2176928520202636,0.5080869197845459,276.0
bg_41118,0.8062670230865479,0.1930653154850006,0.4941291213035583,389.0
bg_41119,0.8420872092247009,0.4154073596000671,0.7014234662055969,151.0
bg_41122,0.8768220543861389,0.3407998979091644,0.6385716795921326,312.0
bg_41128,0.8610135912895203,0.4160868525505066,0.6895748972892761,113.0
bg_41131,0.8371312618255615,0.3534662425518036,0.6461645364761353,182.0
bg_41138,0.7298833727836609,0.2004802525043487,0.4903810322284698,509.0
bg_41151,0.8537480235099792,0.3002872467041015,0.6107416152954102,229.0
bg_41155,0.8743681907653809,0.4423214495182037,0.715281069278717,112.0
bg_41166,0.8654801249504089,0.3478480279445648,0.6527034044265747,144.0
bg_41168,0.8869900703430176,0.3620533645153045,0.661875307559967,185.0
bg_41172,0.892550528049469,0.3878604471683502,0.700951337814331,510.0
bg_41197,0.8691304326057434,0.3641611933708191,0.6740527749061584,135.0
bg_41199,0.8614035248756409,0.3001006543636322,0.6192622780799866,506.0
bg_41213,0.8263980746269226,0.372770607471466,0.6466390490531921,942.0
bg_41220,0.8320774435997009,0.3370836675167084,0.6387776732444763,172.0
bg_41224,0.7879398465156555,0.1387815773487091,0.4505683779716491,366.0
bg_41230,0.8578462600708008,0.3454427421092987,0.6545575857162476,150.0
bg_41231,0.7539224028587341,0.2635107040405273,0.5642078518867493,111.0
bg_41233,0.8812416791915894,0.3615733683109283,0.6738304495811462,323.0
bg_41242,0.8539212346076965,0.3171640932559967,0.6188479065895081,236.0
bg_41248,0.7836334109306335,0.2590361833572387,0.55884850025177,73.0
bg_41251,0.8085697293281555,0.3185997605323791,0.6272222995758057,310.0
bg_41253,0.7787922620773315,0.2549212574958801,0.556688666343689,127.0
bg_41256,0.8410578370094299,0.3338929414749145,0.6315231919288635,101.0
bg_41261,0.8620684146881104,0.2548782229423523,0.5578422546386719,516.0
bg_41264,0.8789576292037964,0.4084536433219909,0.7166768908500671,239.0
bg_41267,0.8575701117515564,0.2901846170425415,0.5880826115608215,280.0
bg_41269,0.8457763195037842,0.2363590747117996,0.553143322467804,466.0
bg_41271,0.8378556370735168,0.3140300512313843,0.619164228439331,149.0
bg_41273,0.8578733801841736,0.3547106981277466,0.6580410599708557,143.0
bg_41278,0.8339129090309143,0.3114561140537262,0.6041660904884338,169.0
bg_41287,0.8730459809303284,0.381729245185852,0.6737784147262573,151.0
bg_41288,0.8418566584587097,0.2957163751125335,0.6146014332771301,492.0
bg_41300,0.8455816507339478,0.2817370891571045,0.5996338129043579,615.0
bg_41304,0.8495946526527405,0.3642117083072662,0.6556023359298706,263.0
bg_41305,0.8438634872436523,0.2560051381587982,0.5569208860397339,442.0
bg_41308,0.8330604434013367,0.3812892138957977,0.6797555088996887,192.0
bg_41311,0.7569904923439026,0.2165037840604782,0.5118531584739685,412.0
bg_41317,0.8151583075523376,0.2376284897327423,0.5329086184501648,76.0
bg_41321,0.8589873909950256,0.3552344739437103,0.6631826758384705,90.0
bg_41323,0.7910897731781006,0.2164157032966613,0.5337504744529724,471.0
bg_41324,0.8499115705490112,0.3351556956768036,0.6505638957023621,165.0
bg_41325,0.8223656415939331,0.2840166091918945,0.5757403373718262,387.0
bg_41332,0.7640175223350525,0.1508879661560058,0.4630283117294311,511.0
bg_41336,0.853893518447876,0.3202256262302398,0.6182386875152588,61.0
bg_41337,0.8342412114143372,0.2864847481250763,0.6017832159996033,70.0
bg_41362,0.8770679235458374,0.3883560597896576,0.6818462610244751,1028.0
bg_41372,0.7918246984481812,0.2450677454471588,0.5527369976043701,175.0
bg_41374,0.8227165341377258,0.2959134578704834,0.6157717704772949,115.0
bg_41382,0.8416811227798462,0.2633842229843139,0.566726565361023,379.0
bg_41383,0.8121908903121948,0.2609619200229645,0.5719265937805176,244.0
bg_41386,0.8113675713539124,0.2292569577693939,0.5397807955741882,108.0
bg_41391,0.7966557741165161,0.3290218114852905,0.6155604720115662,172.0
bg_41393,0.8651813864707947,0.3487858474254608,0.6548922061920166,328.0
bg_41413,0.8260696530342102,0.3296416103839874,0.6309158205986023,213.0
bg_41415,0.865467369556427,0.353782594203949,0.6508126854896545,519.0
bg_41419,0.7834488749504089,0.2298257797956466,0.5448263883590698,383.0
bg_41423,0.8421093821525574,0.3384639322757721,0.6426478028297424,399.0
bg_41429,0.8499176502227783,0.3485954701900482,0.6503706574440002,356.0
bg_41430,0.742861270904541,0.224909707903862,0.5182303786277771,220.0
bg_41432,0.772146463394165,0.2909248769283294,0.5999661684036255,598.0
bg_41439,0.8115838170051575,0.334917664527893,0.635528564453125,133.0
bg_41440,0.8489847183227539,0.3179348111152649,0.6267979741096497,179.0
bg_41445,0.8500121235847473,0.2893062531948089,0.5958912968635559,494.0
bg_41454,0.8962967991828918,0.3885000646114349,0.6819553375244141,396.0
bg_41457,0.8737053871154785,0.3582614362239837,0.6702837944030762,255.0
bg_41464,0.8478973507881165,0.3967688381671905,0.6974185109138489,471.0
bg_41474,0.8578475713729858,0.2909668087959289,0.5728116631507874,175.0
bg_41478,0.8729109764099121,0.3354872167110443,0.6545395851135254,319.0
bg_41479,0.7256779074668884,0.1976899802684784,0.4738532304763794,440.0
bg_41480,0.8804541230201721,0.3698214292526245,0.6773261427879333,344.0
bg_41486,0.8525556325912476,0.3700911700725555,0.6766078472137451,141.0
bg_41487,0.7736809849739075,0.2315742224454879,0.5586358904838562,182.0
bg_41496,0.7436410188674927,0.2333898395299911,0.4946250915527344,448.0
bg_41500,0.8376538157463074,0.3601152002811432,0.6461247205734253,456.0
bg_41505,0.8497909903526306,0.3804899752140045,0.6743370890617371,312.0
bg_41524,0.8106266856193542,0.3592484593391418,0.6381620168685913,187.0
bg_41529,0.7628186941146851,0.2954347729682922,0.5656436085700989,183.0
bg_41548,0.8846026062965393,0.3486190140247345,0.6580483913421631,274.0
bg_41551,0.7201007008552551,0.1193062737584114,0.3691117167472839,452.0
bg_41556,0.8558075428009033,0.4473741054534912,0.7088162302970886,286.0
bg_41565,0.8710319399833679,0.3032786846160888,0.6119292974472046,154.0
bg_41567,0.8164120316505432,0.3019576668739319,0.5842223763465881,430.0
bg_41570,0.8496040105819702,0.3269453942775726,0.642098069190979,275.0
bg_41578,0.8765988349914551,0.3644841015338897,0.6698070168495178,336.0
bg_41580,0.8771953582763672,0.3798644840717315,0.6903866529464722,184.0
bg_41581,0.8228329420089722,0.329979807138443,0.6268848776817322,452.0
bg_41583,0.8493707776069641,0.2794452607631683,0.5918183922767639,449.0
bg_41597,0.8446869254112244,0.336473137140274,0.6262211799621582,125.0
bg_41599,0.8686634302139282,0.2656223773956299,0.5992442965507507,412.0
bg_41600,0.8569672107696533,0.3076508939266205,0.6189491152763367,87.0
bg_41612,0.5136833190917969,0.1110593527555465,0.3801693618297577,458.0
bg_41614,0.865200936794281,0.3411982953548431,0.6405004262924194,546.0
bg_41615,0.8340052962303162,0.2404337376356125,0.5484439134597778,361.0
bg_41620,0.8021361231803894,0.2887507379055023,0.5896323919296265,138.0
bg_41623,0.8382208943367004,0.330144464969635,0.6312809586524963,250.0
bg_41626,0.8652365207672119,0.3117378950119018,0.631278395652771,489.0
bg_41634,0.838225781917572,0.2902048230171203,0.6111478209495544,225.0
bg_41646,0.8117759227752686,0.2653394937515259,0.572229266166687,116.0
bg_41651,0.8292866945266724,0.254820317029953,0.5723420977592468,442.0
bg_41664,0.8403627872467041,0.3459970355033874,0.6547101736068726,168.0
bg_41667,0.8068325519561768,0.3043479025363922,0.607312023639679,302.0
bg_41668,0.6701326966285706,0.0752508118748664,0.3572120368480682,435.0
bg_41675,0.8471755981445312,0.299475759267807,0.6088617444038391,161.0
bg_41677,0.7248027324676514,0.2840631604194641,0.51413494348526,475.0
bg_41680,0.8731610774993896,0.3181762993335724,0.6226661801338196,159.0
bg_41683,0.6506837606430054,0.0800267681479454,0.3418458700180053,421.0
bg_41686,0.6922033429145813,0.1548051685094833,0.4201310873031616,481.0
bg_41701,0.8489452004432678,0.3461809158325195,0.6618295311927795,131.0
bg_41702,0.6194581389427185,0.1825007796287536,0.4242797493934631,502.0
bg_41703,0.83773273229599,0.3144126534461975,0.6149505376815796,473.0
bg_41707,0.88478022813797,0.3965826034545898,0.6918651461601257,203.0
bg_41725,0.8656194806098938,0.2545787990093231,0.5844162702560425,498.0
bg_41728,0.840546727180481,0.2449896335601806,0.5568771362304688,422.0
bg_41733,0.8515022993087769,0.3371780216693878,0.6464608907699585,438.0
bg_41735,0.8726611733436584,0.2996764183044433,0.6232016682624817,284.0
bg_41737,0.8691195249557495,0.3703479766845703,0.6627567410469055,183.0
bg_41746,0.8775294423103333,0.236020028591156,0.5683850646018982,539.0
bg_41747,0.8168551921844482,0.3341666460037231,0.6269567608833313,170.0
bg_41757,0.8631690144538879,0.3307347297668457,0.623782753944397,182.0
bg_41760,0.8131805062294006,0.290354460477829,0.5980117917060852,159.0
bg_41769,0.81721431016922,0.2602050900459289,0.5761027932167053,148.0
bg_41772,0.8651099801063538,0.3953262865543365,0.7007852792739868,227.0
bg_41775,0.840176522731781,0.2925841212272644,0.6019771695137024,124.0
bg_41786,0.861583411693573,0.2723352015018463,0.6020627617835999,148.0
bg_41787,0.8561538457870483,0.3416818380355835,0.6386408805847168,112.0
bg_41795,0.4041968882083893,-0.0361830331385135,0.185843214392662,224.0
bg_41796,0.876893162727356,0.2988522350788116,0.6231347918510437,338.0
bg_41816,0.859348475933075,0.3538705706596374,0.6654748320579529,370.0
bg_41826,0.8577402234077454,0.2704946398735046,0.6001769304275513,365.0
bg_41830,0.8355262875556946,0.3251187801361084,0.6322540044784546,119.0
bg_41838,0.8730327486991882,0.3526515960693359,0.6680092811584473,560.0
bg_41849,0.5562488436698914,0.1344642043113708,0.3492583334445953,555.0
bg_41856,0.7586605548858643,0.2381578087806701,0.5189031958580017,268.0
bg_41864,0.7805178165435791,0.2950643301010132,0.5792720317840576,196.0
bg_41875,0.7637980580329895,0.2091608792543411,0.5065768361091614,491.0
bg_41877,0.8460451364517212,0.2276540547609329,0.5548592209815979,502.0
bg_41878,0.664638340473175,0.1833704560995102,0.4183617234230041,177.0
bg_41882,0.8731874823570251,0.3251021802425384,0.6424855589866638,393.0
bg_41886,0.8572032451629639,0.3600299060344696,0.6570501327514648,159.0
bg_41893,0.8579488396644592,0.3427511751651764,0.6501653790473938,564.0
bg_41896,0.8415414690971375,0.3339754045009613,0.6229198575019836,434.0
bg_41902,0.7715317606925964,0.2710059881210327,0.5640177130699158,451.0
bg_41906,0.6459512710571289,0.1074807569384574,0.3816050887107849,497.0
bg_41909,0.8225149512290955,0.343889057636261,0.6407806277275085,344.0
bg_41922,0.82179194688797,0.2499999850988388,0.5590611100196838,196.0
bg_41924,0.8297052979469299,0.2842135429382324,0.6173158884048462,180.0
bg_41928,0.8176059126853943,0.2079493403434753,0.5187975168228149,259.0
bg_41931,0.7913155555725098,0.2324495613574981,0.5255531072616577,332.0
bg_41936,0.6759727001190186,0.1855485588312149,0.4917474091053009,120.0
bg_41949,0.8770020008087158,0.2883543372154236,0.6068676710128784,421.0
bg_41953,0.8317588567733765,0.3420171737670898,0.6441680788993835,488.0
bg_41964,0.7535934448242188,0.2251953780651092,0.4821428656578064,97.0
bg_41973,0.7618739008903503,0.2372034192085266,0.5422964096069336,572.0
bg_41979,0.8256512880325317,0.3217328190803528,0.6310846209526062,151.0
bg_41981,0.797170102596283,0.3028866648674011,0.5918418765068054,266.0
bg_41983,0.8414456844329834,0.3388988971710205,0.6361767649650574,125.0
bg_41986,0.8301278352737427,0.3251145184040069,0.6427010893821716,450.0
bg_41988,0.865201473236084,0.3703888356685638,0.6563648581504822,408.0
bg_41992,0.7589721083641052,0.2021946460008621,0.5095527768135071,387.0
bg_41996,0.8847131133079529,0.3309997618198395,0.6540862917900085,193.0
bg_42002,0.7319286465644836,0.1212750524282455,0.4084188938140869,508.0
bg_42003,0.8846064805984497,0.3693353533744812,0.6720729470252991,494.0
bg_42004,0.8099192380905151,0.3175079524517059,0.6110550165176392,185.0
bg_42013,0.674710214138031,0.1349512189626693,0.4165287613868713,421.0
bg_42014,0.8493196368217468,0.2866991758346557,0.6154531240463257,357.0
bg_42019,0.8063898682594299,0.244632676243782,0.564247190952301,102.0
bg_42039,0.7199839949607849,0.1396391540765762,0.4272655546665191,433.0
bg_42040,0.8267655372619629,0.3572047650814056,0.6566437482833862,336.0
bg_42042,0.873222827911377,0.3722027540206909,0.6700777411460876,189.0
bg_42050,0.8802712559700012,0.385732501745224,0.682076096534729,249.0
bg_42055,0.825879693031311,0.190154954791069,0.5330919027328491,516.0
bg_42059,0.7941375374794006,0.2861969769001007,0.5907048583030701,146.0
bg_42062,0.8847324848175049,0.3250385224819183,0.6511750221252441,346.0
bg_42069,0.8185465931892395,0.2528980672359466,0.5681704878807068,483.0
bg_42078,0.7957920432090759,0.3089460134506225,0.5798218250274658,76.0
bg_42084,0.7596061825752258,0.2509881854057312,0.5336425304412842,633.0
bg_42087,0.842190146446228,0.3051385283470154,0.6115875244140625,418.0
bg_42090,0.854206383228302,0.309321790933609,0.620029091835022,161.0
bg_42092,0.84605473279953,0.2956347465515136,0.611108660697937,169.0
bg_42109,0.7931534647941589,0.3026755750179291,0.5954123139381409,386.0
bg_42121,0.8611922860145569,0.2820472717285156,0.5917829871177673,450.0
bg_42133,0.8504263758659363,0.283259779214859,0.591994047164917,202.0
bg_42138,0.7828084230422974,0.1876106113195419,0.4880595207214355,450.0
bg_42139,0.7872834801673889,0.2415805757045745,0.5411333441734314,338.0
bg_42140,0.8491760492324829,0.3078673779964447,0.6072585582733154,299.0
bg_42143,0.8422927856445312,0.2782117426395416,0.5877417325973511,664.0
bg_42144,0.7902230620384216,0.2065972238779068,0.5056546926498413,71.0
bg_42149,0.818124532699585,0.305579125881195,0.6110913157463074,459.0
bg_42158,0.8163668513298035,0.2526556253433227,0.5521110892295837,312.0
bg_42162,0.8098214268684387,0.2519258558750152,0.5486461520195007,164.0
bg_42166,0.8228060007095337,0.2531131207942962,0.5720304846763611,510.0
bg_42174,0.7797728180885315,0.1826727837324142,0.4828875064849853,74.0
bg_42175,0.8729495406150818,0.3676926493644714,0.6589487791061401,376.0
bg_42183,0.8699129223823547,0.3425840139389038,0.6587443351745605,144.0
bg_42190,0.8619540929794312,0.3808710277080536,0.685555100440979,203.0
bg_42195,0.7909453511238098,0.293936014175415,0.564662516117096,385.0
bg_42209,0.7602148652076721,0.1806996166706085,0.4937469065189361,461.0
bg_42222,0.8889450430870056,0.3965304791927337,0.697598397731781,584.0
bg_42226,0.8150019645690918,0.3258935213088989,0.6267889142036438,425.0
bg_42229,0.8810818791389465,0.3147404491901397,0.6305093765258789,902.0
bg_42234,0.8847450613975525,0.3623826801776886,0.6663670539855957,357.0
bg_42236,0.6330153346061707,0.1656355559825897,0.4305534362792969,164.0
bg_42252,0.846308708190918,0.3231745958328247,0.6509840488433838,173.0
bg_42254,0.8322182297706604,0.3341289162635803,0.6507141590118408,411.0
bg_42256,0.831922709941864,0.2599635422229767,0.5523850321769714,144.0
bg_42275,0.814677357673645,0.3195171654224396,0.6387244462966919,363.0
bg_42283,0.7280388474464417,0.2338223606348037,0.5080058574676514,446.0
bg_42289,0.8260496258735657,0.2762805521488189,0.585309624671936,138.0
bg_42291,0.6047375202178955,0.1456980109214782,0.3649680018424988,214.0
bg_42293,0.8532118201255798,0.3179700076580047,0.6230400800704956,137.0
bg_42302,0.8768710494041443,0.3160446882247925,0.6500256061553955,164.0
bg_42312,0.8611466884613037,0.3353092074394226,0.6582702398300171,161.0
bg_42315,0.7520042061805725,0.1696432679891586,0.4554962813854217,699.0
bg_42316,0.7874264717102051,0.3254086673259735,0.6077983379364014,451.0
bg_42320,0.8022803664207458,0.2568607926368713,0.5685263872146606,107.0
bg_42329,0.8301402926445007,0.290821373462677,0.6053001284599304,376.0
bg_42333,0.7631300091743469,0.2456395179033279,0.5536735653877258,143.0
bg_42335,0.8147278428077698,0.2826370298862457,0.5876591801643372,497.0
bg_42344,0.8502001166343689,0.2446375340223312,0.5566111207008362,411.0
bg_42345,0.8259518146514893,0.2944433987140655,0.5947248339653015,165.0
bg_42351,0.8186975121498108,0.3221913576126098,0.6226098537445068,473.0
bg_42365,0.7207754254341125,0.2823189198970794,0.5330429077148438,375.0
bg_42366,0.7307612299919128,0.2329584062099456,0.5139073133468628,444.0
bg_42376,0.7080870270729065,0.2126275151968002,0.4867401719093323,410.0
bg_42382,0.8655387759208679,0.375551164150238,0.663919985294342,132.0
bg_42389,0.6502232551574707,0.1010867208242416,0.3937488496303558,136.0
bg_42395,0.8355446457862854,0.3027317523956299,0.603833019733429,472.0
bg_42397,0.8535032868385315,0.2139908820390701,0.5368412137031555,557.0
bg_42400,0.8437522053718567,0.3168563842773437,0.6101507544517517,198.0
bg_42403,0.8487928509712219,0.2559776604175567,0.5564150810241699,121.0
bg_42412,0.896656334400177,0.3646215796470642,0.6734107732772827,180.0
bg_42416,0.8343139290809631,0.3615569472312927,0.6154589653015137,407.0
bg_42418,0.7880198955535889,0.2257908582687378,0.5255661010742188,460.0
bg_42427,0.8850191235542297,0.3270294964313507,0.6385146379470825,183.0
bg_42428,0.8099513649940491,0.2445759773254394,0.555572509765625,510.0
bg_42430,0.865466833114624,0.2920107245445251,0.6153848767280579,541.0
bg_42437,0.810407817363739,0.2782629728317261,0.5686423182487488,370.0
bg_42438,0.7950971126556396,0.2084151357412338,0.5293344855308533,483.0
bg_42442,0.8353305459022522,0.2765215039253235,0.5879415273666382,119.0
bg_42455,0.8542515635490417,0.3256331086158752,0.6457991600036621,106.0
bg_42465,0.8424255847930908,0.3691240549087524,0.6659095287322998,395.0
bg_42469,0.856994092464447,0.3818680942058563,0.6815411448478699,325.0
bg_42478,0.8502932786941528,0.2609187960624695,0.5723316073417664,351.0
bg_42479,0.8187443017959595,0.314480572938919,0.6185259222984314,119.0
bg_42483,0.8414131999015808,0.3420464992523193,0.6232384443283081,266.0
bg_42484,0.8457499742507935,0.429509550333023,0.6971945762634277,62.0
bg_42500,0.8239730596542358,0.2879587709903717,0.5917360782623291,145.0
bg_42507,0.85727858543396,0.3620409071445465,0.6659539341926575,382.0
bg_42517,0.7910443544387817,0.3307286202907562,0.6032577157020569,573.0
bg_42518,0.8502304553985596,0.2883231937885284,0.5958883762359619,460.0
bg_42520,0.8230822086334229,0.2865770161151886,0.564599335193634,487.0
bg_42522,0.8652465343475342,0.3256178200244903,0.6273424029350281,252.0
bg_42525,0.7912829518318176,0.244736447930336,0.5522282719612122,505.0
bg_42527,0.8452666401863098,0.2932233810424804,0.6186797022819519,58.0
bg_42529,0.8240727782249451,0.2909428477287292,0.5899950265884399,346.0
bg_42531,0.8535003066062927,0.3446944057941437,0.646019458770752,297.0
bg_42533,0.8655492067337036,0.349113255739212,0.6466271281242371,157.0
bg_42535,0.869469404220581,0.3366340100765228,0.6659762263298035,165.0
bg_42540,0.8729656934738159,0.3368977010250091,0.6426064372062683,527.0
bg_42547,0.794063925743103,0.3583383858203888,0.6415122151374817,363.0
bg_42548,0.8733987212181091,0.3213091194629669,0.6506341099739075,454.0
bg_42558,0.7374511361122131,0.208923801779747,0.5057878494262695,448.0
bg_42561,0.8464046120643616,0.2553845345973968,0.5670676231384277,208.0
bg_42564,0.761654794216156,0.2048363238573074,0.532991349697113,711.0
bg_42565,0.8453735709190369,0.3765564560890198,0.6668241620063782,195.0
bg_42567,0.8574634790420532,0.3211741745471954,0.6343268752098083,141.0
bg_42572,0.8613813519477844,0.338251918554306,0.6616654992103577,444.0
bg_42577,0.8364303112030029,0.3377557098865509,0.634327232837677,280.0
bg_42583,0.8153383135795593,0.2240365445613861,0.5506072044372559,556.0
bg_42589,0.8774452209472656,0.4100058376789093,0.709094762802124,140.0
bg_42591,0.8226339221000671,0.3423075079917907,0.6346756815910339,455.0
bg_42592,0.7581107020378113,0.2129811197519302,0.467162013053894,270.0
bg_42611,0.8334819674491882,0.3460243046283722,0.645841121673584,333.0
bg_42614,0.822562038898468,0.2862319350242615,0.6106734275817871,109.0
bg_42617,0.8882040977478027,0.3614233732223511,0.6731802821159363,266.0
bg_42624,0.7949383854866028,0.2356542646884918,0.5524256229400635,439.0
bg_42625,0.8334270715713501,0.2762146294116974,0.5832753777503967,259.0
bg_42631,0.7626650929450989,0.1854015886783599,0.4891654849052429,487.0
bg_42644,0.8841308355331421,0.4317237436771393,0.7252189517021179,379.0
bg_42646,0.8493849039077759,0.3228657841682434,0.6198948621749878,205.0
bg_42648,0.8526940941810608,0.3663265407085418,0.6585270762443542,143.0
bg_42650,0.8148944973945618,0.2411094456911087,0.5449832081794739,453.0
bg_42651,0.7596319913864136,0.2679666578769684,0.5803967714309692,460.0
bg_42655,0.7709952592849731,0.200861319899559,0.4857024550437927,435.0
bg_42657,0.699711263179779,0.1922190189361572,0.4767726063728332,83.0
bg_42662,0.8534470200538635,0.3388760685920715,0.642574667930603,149.0
bg_42667,0.8728459477424622,0.3697442412376404,0.6660450100898743,352.0
bg_42670,0.8728401064872742,0.298499196767807,0.6193157434463501,589.0
bg_42677,0.8262214064598083,0.3098748326301574,0.6076585650444031,467.0
bg_42679,0.8063532114028931,0.3031665086746216,0.5869888663291931,135.0
bg_42687,0.8483068346977234,0.2822154462337494,0.5800684690475464,310.0
bg_42694,0.7782399654388428,0.1240108609199523,0.4237207174301147,398.0
bg_42698,0.3839200437068939,0.0526494681835174,0.2608748376369476,444.0
bg_42700,0.7715608477592468,0.2568487823009491,0.5445179343223572,328.0
bg_42713,0.8656710982322693,0.2908090651035309,0.6189597249031067,197.0
bg_42715,0.8427620530128479,0.3337671458721161,0.638688862323761,473.0
bg_42719,0.8537841439247131,0.2999888658523559,0.615993320941925,173.0
bg_42723,0.8614256978034973,0.3194796741008758,0.6389561295509338,224.0
bg_42726,0.8769869804382324,0.3271695077419281,0.6352946758270264,377.0
bg_42728,0.8068380355834961,0.1998454183340072,0.4857375025749206,227.0
bg_42729,0.8373162150382996,0.3114091753959656,0.6271332502365112,242.0
bg_42734,0.8686084747314453,0.3393414914608001,0.6559720635414124,144.0
bg_42735,0.8618272542953491,0.3178321123123169,0.6252707839012146,206.0
bg_42743,0.76744544506073,0.2258635908365249,0.5099089741706848,491.0
bg_42745,0.8422772288322449,0.2850512862205505,0.5947315096855164,166.0
bg_42748,0.7371500134468079,0.2661313712596893,0.5345742106437683,210.0
bg_42749,0.8513239622116089,0.3692059218883514,0.6607400178909302,252.0
bg_42771,0.8135615587234497,0.2899584174156189,0.603659451007843,172.0
bg_42773,0.8338713645935059,0.2669914066791534,0.5683241486549377,409.0
bg_42780,0.8787529468536377,0.3214009404182434,0.6307448148727417,403.0
bg_42784,0.8575868010520935,0.3464128077030182,0.6701925992965698,157.0
bg_42785,0.865132749080658,0.3359848260879516,0.6641873717308044,218.0
bg_42791,0.823276937007904,0.2911822199821472,0.6078765988349915,116.0
bg_42794,0.8101468086242676,0.2441158294677734,0.5876910090446472,251.0
bg_42795,0.7442570924758911,0.214770033955574,0.5143846273422241,280.0
bg_42796,0.8769703507423401,0.2721568942070007,0.5998265743255615,271.0
bg_42799,0.7397268414497375,0.289748877286911,0.536047101020813,353.0
bg_42803,0.8572729825973511,0.3509168326854706,0.6428933143615723,413.0
bg_42804,0.8385297060012817,0.3397088646888733,0.6395597457885742,161.0
bg_42808,0.8325691819190979,0.3035292327404022,0.5823344588279724,381.0
bg_42820,0.7954232692718506,0.334855854511261,0.6250468492507935,88.0
bg_42826,0.7479729652404785,0.1972016096115112,0.4864165484905243,341.0
bg_42835,0.8413294553756714,0.3228172361850738,0.5956937670707703,413.0
bg_42838,0.8222208023071289,0.3152129054069519,0.5994207859039307,483.0
bg_42841,0.8492313027381897,0.3035199344158172,0.6040056347846985,133.0
bg_42842,0.8772224187850952,0.396499365568161,0.6933469772338867,185.0
bg_42844,0.5619813799858093,0.208498477935791,0.4744943678379059,274.0
bg_42853,0.8540910482406616,0.3562036454677582,0.6695530414581299,113.0
bg_42859,0.8657010793685913,0.3023026287555694,0.6034315228462219,132.0
bg_42863,0.8688641786575317,0.3524198830127716,0.6546639204025269,451.0
bg_42866,0.8532668948173523,0.3655867576599121,0.6585356593132019,375.0
bg_42887,0.8649870157241821,0.3370034396648407,0.6544755101203918,166.0
bg_42889,0.8343830108642578,0.3039613664150238,0.6070287227630615,125.0
bg_42890,0.8337318301200867,0.3022674024105072,0.5978772640228271,372.0
bg_42892,0.814378559589386,0.1629832237958908,0.4855460822582245,414.0
bg_42901,0.7794594168663025,0.1808415651321411,0.4820664227008819,670.0
bg_42911,0.849030077457428,0.3642137348651886,0.6663100123405457,258.0
bg_42912,0.830564022064209,0.3036060333251953,0.6189321279525757,153.0
bg_42920,0.7917497158050537,0.2356025129556656,0.5083415508270264,401.0
bg_42931,0.8460239171981812,0.3035142421722412,0.6189624071121216,466.0
bg_42936,0.8321212530136108,0.2909383475780487,0.6073309183120728,389.0
bg_42937,0.5707448720932007,0.0022702959831804,0.2130494266748428,471.0
bg_42940,0.7642707824707031,0.3068486750125885,0.5921490788459778,318.0
bg_42941,0.8490679860115051,0.3260054886341095,0.6222091913223267,163.0
bg_42942,0.8499888181686401,0.3372596204280853,0.641969621181488,117.0
bg_42943,0.8651273250579834,0.387211263179779,0.6778578162193298,171.0
bg_42952,0.8461352586746216,0.3524204194545746,0.6262239217758179,107.0
bg_42962,0.8158312439918518,0.2534828782081604,0.5552145838737488,90.0
bg_42967,0.8538002371788025,0.3650764226913452,0.6616466045379639,176.0
bg_42969,0.853630781173706,0.3542156815528869,0.6773380041122437,299.0
bg_42970,0.8315654397010803,0.265844464302063,0.5712757706642151,96.0
bg_42971,0.8300154209136963,0.249757707118988,0.5568603277206421,192.0
bg_42973,0.6900808811187744,0.2204737514257431,0.4988192021846771,159.0
bg_42976,0.8772190809249878,0.4705794155597687,0.7364866733551025,525.0
bg_42983,0.8453860282897949,0.349688708782196,0.6268191933631897,131.0
bg_42984,0.7211698293685913,0.2013628482818603,0.470410943031311,410.0
bg_42985,0.8520318865776062,0.3607966601848602,0.6433709263801575,440.0
bg_42988,0.8101208806037903,0.2990683913230896,0.5759117603302002,960.0
bg_42989,0.880138635635376,0.3421980142593384,0.6352992057800293,376.0
bg_42996,0.8809905648231506,0.3858586549758911,0.6814928650856018,391.0
bg_43001,0.8845846056938171,0.3924361169338226,0.6851693391799927,365.0
bg_43003,0.8085030913352966,0.2216322273015976,0.5210154056549072,126.0
bg_43023,0.8766356706619263,0.342719703912735,0.6502988338470459,321.0
bg_43024,0.819073498249054,0.3073998093605041,0.591472864151001,517.0
bg_43033,0.8416443467140198,0.2690641283988952,0.5917834043502808,542.0
bg_43047,0.8213893175125122,0.2995394170284271,0.6004748940467834,163.0
bg_43054,0.834035336971283,0.2854304909706116,0.5998841524124146,460.0
bg_43063,0.8347192406654358,0.2535922229290008,0.5685544013977051,550.0
bg_43064,0.8383397459983826,0.3335905969142914,0.6428588628768921,378.0
bg_43068,0.8343794941902161,0.2238304018974304,0.5397256016731262,181.0
bg_43069,0.8183389902114868,0.3021187484264374,0.6232476830482483,186.0
bg_43080,0.8151862621307373,0.2561396360397339,0.587890625,189.0
bg_43084,0.8650476932525635,0.3069217503070831,0.6229012608528137,764.0
bg_43091,0.8334892392158508,0.3176544904708862,0.6311718225479126,159.0
bg_43094,0.8528203964233398,0.380741685628891,0.6699157953262329,300.0
bg_43107,0.7831057906150818,0.2486505955457687,0.5340441465377808,462.0
bg_43113,0.78331458568573,0.2587501108646393,0.545369029045105,474.0
bg_43118,0.8574722409248352,0.2724458277225494,0.5916992425918579,529.0
bg_43140,0.8791364431381226,0.3643535673618316,0.6544308662414551,172.0
bg_43141,0.8256815671920776,0.2798124849796295,0.6110765933990479,343.0
bg_43147,0.8375930786132812,0.3274146318435669,0.6186690926551819,99.0
bg_43166,0.7673395276069641,0.236463189125061,0.5291661620140076,436.0
bg_43170,0.6684229373931885,0.2280466258525848,0.4585484862327575,394.0
bg_43175,0.802759051322937,0.2039536237716674,0.5140702128410339,173.0
bg_43193,0.732064962387085,0.2910033762454986,0.5406887531280518,433.0
bg_43201,0.881267786026001,0.41207355260849,0.6896041631698608,323.0
bg_43202,0.8340462446212769,0.3142872750759125,0.6154856085777283,396.0
bg_43210,0.8300187587738037,0.260742038488388,0.5721648335456848,450.0
bg_43211,0.834349513053894,0.3195332884788513,0.6225491166114807,175.0
bg_43214,0.8005669116973877,0.2331772595643997,0.53263258934021,292.0
bg_43220,0.8231196403503418,0.2368294447660446,0.5097967386245728,295.0
bg_43224,0.8138209581375122,0.2790697813034057,0.600216805934906,169.0
bg_43233,0.8767293691635132,0.3343536257743835,0.6511217355728149,171.0
bg_43237,0.7772293090820312,0.2465394735336303,0.5055930614471436,103.0
bg_43246,0.8536416888237,0.305703341960907,0.6196528673171997,212.0
bg_43259,0.8762897253036499,0.3219275176525116,0.6463780999183655,131.0
bg_43264,0.7909285426139832,0.283623993396759,0.5784846544265747,456.0
bg_43267,0.7871909737586975,0.2601027488708496,0.5371994972229004,485.0
bg_43269,0.8614799976348877,0.2960160970687866,0.6311559677124023,486.0
bg_43280,0.8032864928245544,0.2311145365238189,0.5373908281326294,449.0
bg_43281,0.7792338728904724,0.106059193611145,0.4531763792037964,246.0
bg_43283,0.8451541662216187,0.27528777718544,0.5797300338745117,413.0
bg_43284,0.8224613070487976,0.3082127869129181,0.607282280921936,512.0
bg_43290,0.8417792320251465,0.32203409075737,0.6309977173805237,467.0
bg_43293,0.7625769972801208,0.2658165693283081,0.5238504409790039,300.0
bg_43295,0.8396137952804565,0.3253411054611206,0.6291099786758423,172.0
bg_43297,0.8615031838417053,0.328893780708313,0.6389372944831848,424.0
bg_43300,0.7864853739738464,0.2601074576377868,0.5801011323928833,371.0
bg_43306,0.8531973361968994,0.3271997570991516,0.6387609243392944,161.0
bg_43323,0.8550683856010437,0.2887941300868988,0.6054107546806335,384.0
bg_43326,0.8227805495262146,0.3448082208633423,0.6378803253173828,255.0
bg_43332,0.8215798735618591,0.279613196849823,0.5878897309303284,350.0
bg_43334,0.7574126124382019,0.2513079941272735,0.5369576811790466,382.0
bg_43338,0.7907789349555969,0.2530617713928222,0.5608440637588501,363.0
bg_43345,0.8616704344749451,0.346643716096878,0.6538741588592529,156.0
bg_43352,0.8134227991104126,0.2984615266323089,0.6107990145683289,168.0
bg_43363,0.8874975442886353,0.3638634085655212,0.6622802019119263,584.0
bg_43364,0.8150955438613892,0.3062610030174255,0.5998600721359253,129.0
bg_43366,0.8632495403289795,0.2882121801376343,0.5973994135856628,270.0
bg_43379,0.8416045308113098,0.3181959092617035,0.6128873229026794,172.0
bg_43381,0.7949869632720947,0.1847690194845199,0.5097594261169434,364.0
bg_43385,0.8345708250999451,0.2787612676620483,0.5794885754585266,115.0
bg_43387,0.8693972826004028,0.4190285205841064,0.7051963210105896,398.0
bg_43388,0.8493804931640625,0.3427769243717193,0.6537060737609863,374.0
bg_43398,0.8777186274528503,0.3291100561618805,0.6279631853103638,297.0
bg_43401,0.8600649237632751,0.3621793985366821,0.681236982345581,212.0
bg_43402,0.7596971988677979,0.2700895667076111,0.5565330386161804,460.0
bg_43429,0.7610398530960083,0.2525904178619385,0.5287708640098572,328.0
bg_43432,0.8576569557189941,0.3080592155456543,0.6193556189537048,408.0
bg_43439,0.8494446873664856,0.2948631942272186,0.619282066822052,125.0
bg_43440,0.8591111898422241,0.3699262142181396,0.6695923805236816,157.0
bg_43446,0.8373705148696899,0.292184442281723,0.5888303518295288,518.0
bg_43449,0.8890514969825745,0.3759360611438751,0.6740878224372864,134.0
bg_43463,0.8100409507751465,0.2422005534172058,0.5604661107063293,490.0
bg_43466,0.8476036787033081,0.287084698677063,0.579840362071991,422.0
bg_43467,0.4515206515789032,-0.0061421953141689,0.2089782506227493,519.0
bg_43468,0.8147855997085571,0.2294879257678985,0.5448888540267944,208.0
bg_43482,0.7857927680015564,0.2993862628936767,0.5960217118263245,128.0
bg_43486,0.8567014336585999,0.3925060033798218,0.6855457425117493,186.0
bg_43494,0.8770388960838318,0.3419753313064575,0.6661092638969421,161.0
bg_43495,0.8459915518760681,0.3058769106864929,0.6234334111213684,121.0
bg_43503,0.8495767116546631,0.3093717396259308,0.6386000514030457,407.0
bg_43511,0.7885560989379883,0.2513485252857208,0.5501807928085327,48.0
bg_43523,0.6987900137901306,0.1973750591278076,0.409466028213501,439.0
bg_43524,0.7988192439079285,0.2960990667343139,0.5681313872337341,407.0
bg_43527,0.8756031394004822,0.281963974237442,0.6115143895149231,411.0
bg_43543,0.8244202136993408,0.2522748112678528,0.5527657270431519,434.0
bg_43559,0.8614413738250732,0.3429471254348755,0.6700200438499451,233.0
bg_43572,0.7676677703857422,0.3140177130699157,0.6227599382400513,127.0
bg_43573,0.8381717801094055,0.3065972924232483,0.6240499019622803,297.0
bg_43578,0.7974184155464172,0.2470954358577728,0.5484924912452698,244.0
bg_43583,0.8536260724067688,0.3955969214439392,0.681530773639679,186.0
bg_43585,0.8652383089065552,0.2641035914421081,0.5920548439025879,524.0
bg_43600,0.8421425223350525,0.2214398235082626,0.5521504878997803,286.0
bg_43601,0.8103166818618774,0.243176981806755,0.5512763261795044,97.0
bg_43602,0.7988573908805847,0.2521882951259613,0.559429407119751,458.0
bg_43603,0.828209400177002,0.2563781440258026,0.5568825602531433,78.0
bg_43624,0.8571221828460693,0.2520772516727447,0.5800536274909973,377.0
bg_43625,0.5456616878509521,0.0947648957371711,0.3421792984008789,483.0
bg_43634,0.7967694997787476,0.3343606889247894,0.6129549145698547,146.0
bg_43635,0.8039041757583618,0.2024498283863067,0.513180673122406,99.0
bg_43637,0.7908369302749634,0.3025193214416504,0.5802834630012512,129.0
bg_43639,0.8850303292274475,0.4170109033584595,0.7009723782539368,353.0
bg_43647,0.8372677564620972,0.3148494362831116,0.6305478811264038,466.0
bg_43657,0.8217945694923401,0.3575431108474731,0.6660476922988892,397.0
bg_43660,0.8182717561721802,0.2250265181064605,0.5153758525848389,83.0
bg_43665,0.8458551168441772,0.3565018475055694,0.6581044793128967,456.0
bg_43666,0.8422019481658936,0.3067770600318908,0.6088595986366272,452.0
bg_43672,0.8460584878921509,0.2205977737903595,0.5209097266197205,497.0
bg_43673,0.7861510515213013,0.2288870513439178,0.5370790958404541,414.0
bg_43675,0.869157612323761,0.3143271207809448,0.6425197124481201,164.0
bg_43681,0.8300969004631042,0.3491650521755218,0.6424314975738525,381.0
bg_43682,0.8927538990974426,0.3626533448696136,0.673775315284729,503.0
bg_43687,0.8536534905433655,0.3251092135906219,0.6430856585502625,240.0
bg_43692,0.7962550520896912,0.2332731038331985,0.506308913230896,341.0
bg_43694,0.8761383295059204,0.3569206595420837,0.6464223861694336,180.0
bg_43696,0.814824640750885,0.2945275008678436,0.5771576762199402,145.0
bg_43701,0.8397364020347595,0.3292830288410187,0.6139772534370422,156.0
bg_43709,0.9043149948120116,0.3857568502426147,0.6736632585525513,715.0
bg_43715,0.8412193655967712,0.3149225413799286,0.6018733978271484,158.0
bg_43720,0.8652505874633789,0.3383096158504486,0.6372220516204834,509.0
bg_43725,0.8408232927322388,0.3888899981975555,0.69191974401474,130.0
bg_43732,0.8537788987159729,0.3277808129787445,0.6271493434906006,508.0
bg_43735,0.7195350527763367,0.2760663330554962,0.5515112280845642,277.0
bg_43741,0.5662072896957397,0.0381217747926712,0.2758992314338684,518.0
bg_43748,0.818200409412384,0.3564483821392059,0.6581419706344604,818.0
bg_43771,0.8420071601867676,0.361341267824173,0.6583235859870911,206.0
bg_43775,0.8300908803939819,0.3546432852745056,0.6557787656784058,138.0
bg_43782,0.8140115141868591,0.2820856273174286,0.5920754671096802,176.0
bg_43786,0.8434293270111084,0.3225712478160858,0.6309198141098022,422.0
bg_43809,0.806710958480835,0.2252284288406372,0.5324289202690125,348.0
bg_43810,0.8806247115135193,0.3273822665214538,0.6509681344032288,195.0
bg_43815,0.8066044449806213,0.2948068678379059,0.5961886644363403,298.0
bg_43816,0.8812609910964966,0.4210221171379089,0.7088444232940674,363.0
bg_43817,0.8341376185417175,0.3522117733955383,0.6625263690948486,147.0
bg_43818,0.8067008256912231,0.3335250914096832,0.6272767186164856,427.0
bg_43824,0.8340733647346497,0.256865531206131,0.5907980799674988,266.0
bg_43832,0.8730084896087646,0.3761476278305053,0.6771082282066345,225.0
bg_43837,0.7318669557571411,0.1564168035984039,0.4558540284633636,156.0
bg_43839,0.8579282164573669,0.4193108975887298,0.7088172435760498,274.0
bg_43860,0.7356187701225281,0.1803931295871734,0.4829031527042389,421.0
bg_43864,0.7358903288841248,0.3454891741275787,0.6296766400337219,195.0
bg_43865,0.8694636821746826,0.3802560269832611,0.6630193591117859,416.0
bg_43869,0.8222028613090515,0.2592038214206695,0.5711453557014465,165.0
bg_43874,0.8502363562583923,0.381063163280487,0.6619855761528015,364.0
bg_43878,0.8527542948722839,0.420499175786972,0.6837813258171082,120.0
bg_43883,0.1774987131357193,0.083071582019329,0.2525056302547455,120.0
bg_43890,0.8200318813323975,0.2194272428750991,0.5351125597953796,616.0
bg_43891,0.7864366769790649,0.2646222710609436,0.5606891512870789,385.0
bg_43895,0.8377278447151184,0.2626972794532776,0.5836433172225952,268.0
bg_43898,0.7440735697746277,0.0958516672253608,0.3105857968330383,612.0
bg_43899,0.7441073060035706,0.2366570234298706,0.5132170915603638,497.0
bg_43900,0.8332663178443909,0.1579708307981491,0.5096016526222229,517.0
bg_43901,0.8647391200065613,0.3497224152088165,0.6541755795478821,751.0
bg_43905,0.8477855920791626,0.3185908198356628,0.6260955333709717,342.0
bg_43907,0.8730834126472473,0.350843608379364,0.6625648140907288,205.0
bg_43916,0.8186813592910767,0.290328174829483,0.6113390922546387,152.0
bg_43919,0.8419154286384583,0.3295541405677795,0.6471264362335205,455.0
bg_43923,0.8493595719337463,0.3131723403930664,0.6317553520202637,227.0
bg_43924,0.837944507598877,0.2930803894996643,0.6038343906402588,164.0
bg_43928,0.8460525274276733,0.3479503393173218,0.6576107144355774,176.0
bg_43943,0.7890849113464355,0.2679471671581268,0.5585349798202515,494.0
bg_43950,0.8297526240348816,0.3060265779495239,0.6005774140357971,185.0
bg_43952,0.876960039138794,0.3805274665355682,0.6659137606620789,363.0
bg_43960,0.8645022511482239,0.3468891084194183,0.6508203744888306,132.0
bg_43973,0.7994268536567688,0.2411113381385803,0.5524232983589172,393.0
bg_43975,0.895472526550293,0.3766904473304748,0.6739019155502319,173.0
bg_43980,0.783683180809021,0.2398688197135925,0.5133916735649109,475.0
bg_43988,0.8304671049118042,0.3182793259620666,0.606835126876831,229.0
bg_43992,0.7207068800926208,0.0788854286074638,0.3837662637233734,335.0
bg_44005,0.8202105760574341,0.3255188167095184,0.6521756649017334,130.0
bg_44010,0.8621463179588318,0.4081036746501922,0.7047297954559326,344.0
bg_44020,0.8965041041374207,0.3968055844306946,0.6933754682540894,402.0
bg_44028,0.8691633939743042,0.302580863237381,0.6213975548744202,720.0
bg_44029,0.8378711342811584,0.3268112242221832,0.6360703110694885,82.0
bg_44033,0.880581259727478,0.3877501189708709,0.6861835718154907,320.0
bg_44037,0.8034451007843018,0.1811774522066116,0.4902167618274688,370.0
bg_44048,0.8225663304328918,0.3347147405147552,0.6509316563606262,231.0
bg_44050,0.8534336090087891,0.3133943676948547,0.6312481760978699,521.0
bg_44058,0.8458544015884399,0.3097001612186432,0.5878232717514038,498.0
bg_44059,0.8265357613563538,0.3104278445243835,0.5955877900123596,390.0
bg_44068,0.8545300364494324,0.2946116030216217,0.6073588728904724,249.0
bg_44069,0.7168707847595215,0.2284603416919708,0.4545977413654327,155.0
bg_44074,0.8298919796943665,0.3420064449310303,0.6341729164123535,160.0
bg_44081,0.8464486598968506,0.3395051658153534,0.6385683417320251,144.0
bg_44090,0.8496952056884766,0.3730454742908478,0.6775379776954651,443.0
bg_44100,0.8104912042617798,0.3038832545280456,0.6030876636505127,337.0
bg_44101,0.831095278263092,0.2828946709632873,0.587055504322052,67.0
bg_44106,0.8804883360862732,0.3523809909820556,0.6545944213867188,341.0
bg_44109,0.7987173199653625,0.3107369840145111,0.5920593738555908,397.0
bg_44110,0.8452905416488647,0.3028876781463623,0.6251698732376099,158.0
bg_44118,0.7935488820075989,0.3141234219074249,0.6213922500610352,90.0
bg_44120,0.8257128000259399,0.2920282185077667,0.605802059173584,118.0
bg_44128,0.8809506893157959,0.3339755833148956,0.6303077340126038,325.0
bg_44130,0.8723693490028381,0.3918354511260986,0.6967961192131042,376.0
bg_44131,0.8455642461776733,0.3527733385562897,0.6426669359207153,514.0
bg_44134,0.7876205444335938,0.2558010518550873,0.5567050576210022,181.0
bg_44135,0.8614484071731567,0.3070163428783417,0.6226168870925903,596.0
bg_44141,0.8810665011405945,0.3033393919467926,0.6113544702529907,444.0
bg_44147,0.8067131638526917,0.3538822829723358,0.6429715752601624,484.0
bg_44150,0.837985634803772,0.3555624783039093,0.6648533344268799,160.0
bg_44155,0.5875757932662964,0.1227559074759483,0.3215672671794891,382.0
bg_44160,0.8338095545768738,0.3718213438987732,0.6585288643836975,263.0
bg_44172,0.723993718624115,0.1485067158937454,0.4275636970996856,533.0
bg_44176,0.8107104897499084,0.2069348841905594,0.5023248791694641,374.0
bg_44178,0.8589618802070618,0.3772103190422058,0.6621177792549133,388.0
bg_44186,0.8616054058074951,0.3389143049716949,0.6577944755554199,149.0
bg_44188,0.8262890577316284,0.2568951845169067,0.5643899440765381,501.0
bg_44210,0.8256641030311584,0.2642790973186493,0.578504741191864,178.0
bg_44221,0.8300967812538147,0.1971763521432876,0.5449835658073425,512.0
bg_44226,0.7952350378036499,0.1983165591955185,0.5061084032058716,553.0
bg_44227,0.8458816409111023,0.3208243548870086,0.6367533206939697,122.0
bg_44229,0.8264564871788025,0.2880310118198395,0.5876508355140686,412.0
bg_44232,0.7777912616729736,0.2740955352783203,0.5746005177497864,112.0
bg_44237,0.8460248708724976,0.2946743071079254,0.5916382670402527,237.0
bg_44238,0.611477255821228,0.0098720798268914,0.2835393249988556,413.0
bg_44239,0.8690320253372192,0.2891455590724945,0.6107136607170105,412.0
bg_44248,0.8300523161888123,0.1863143593072891,0.5058783888816833,443.0
bg_44250,0.8535124659538269,0.3377872407436371,0.6468403339385986,327.0
bg_44251,0.8810824155807495,0.427920401096344,0.7089986801147461,376.0
bg_44253,0.7873441576957703,0.2442698776721954,0.5370781421661377,646.0
bg_44255,0.6935294270515442,0.18857142329216,0.4900025725364685,463.0
bg_44261,0.842417299747467,0.317807525396347,0.6392498016357422,157.0
bg_44263,0.8256233334541321,0.2922315895557403,0.6012861728668213,127.0
bg_44278,0.7939333915710449,0.2605909407138824,0.5422021746635437,72.0
bg_44281,0.8689798712730408,0.381811112165451,0.6697096824645996,407.0
bg_44282,0.7644150257110596,0.2306639403104782,0.5237912535667419,71.0
bg_44284,0.8848661780357361,0.3339453935623169,0.6287280917167664,482.0
bg_44287,0.8655605316162109,0.3885033130645752,0.6818186044692993,279.0
bg_44290,0.8082083463668823,0.2831513881683349,0.5879799127578735,421.0
bg_44292,0.7913686633110046,0.2198276370763778,0.5253857970237732,655.0
bg_44293,0.8338664174079895,0.2095637172460556,0.5371381044387817,220.0
bg_44295,0.8618065118789673,0.330780029296875,0.6586770415306091,155.0
bg_44297,0.8490501046180725,0.3369080424308777,0.635101318359375,134.0
bg_44301,0.8222895264625549,0.3013425171375274,0.6115395426750183,477.0
bg_44302,0.8720910549163818,0.3415680527687073,0.6497684121131897,171.0
bg_44312,0.7598787546157837,0.2086337655782699,0.4778438508510589,193.0
bg_44319,0.8580275774002075,0.2880812883377075,0.594713568687439,470.0
bg_44320,0.7677882313728333,0.172485813498497,0.482594221830368,443.0
bg_44321,0.8455624580383301,0.3618481159210205,0.6658118963241577,341.0
bg_44326,0.8422871232032776,0.2987133860588074,0.6133266687393188,112.0
bg_44334,0.8419708013534546,0.313684344291687,0.6189494729042053,298.0
bg_44355,0.5559517741203308,0.1751431971788406,0.4118934273719787,327.0
bg_44359,0.8648396134376526,0.3311853110790252,0.6272264719009399,466.0
bg_44365,0.8142710328102112,0.2618373036384582,0.5526456236839294,181.0
bg_44368,0.8492347598075867,0.3232355713844299,0.6306369304656982,399.0
bg_44370,0.7788329720497131,0.227996677160263,0.5372804403305054,453.0
bg_44376,0.8814961910247803,0.3624989688396454,0.654529333114624,407.0
bg_44379,0.7967077493667603,0.3074566125869751,0.5989571809768677,79.0
bg_44389,0.8772876858711243,0.3838065862655639,0.6891805529594421,392.0
bg_44390,0.8651235699653625,0.3730069994926452,0.660406768321991,442.0
bg_44394,0.8259450793266296,0.2668944597244262,0.5800873637199402,400.0
bg_44399,0.839279055595398,0.3044906854629516,0.6242302060127258,106.0
bg_44402,0.6483378410339355,0.1503586322069168,0.4235018789768219,478.0
bg_44404,0.8257587552070618,0.2682458162307739,0.5943235158920288,124.0
bg_44411,0.8575395345687866,0.3402922749519348,0.6544046401977539,133.0
bg_44414,0.7373348474502563,0.2011861056089401,0.4942790269851684,487.0
bg_44415,0.7615861296653748,0.1848027855157852,0.4777469933032989,388.0
bg_44428,0.869087815284729,0.3391248881816864,0.6384795308113098,275.0
bg_44432,0.8385143876075745,0.3371022939682007,0.619670569896698,264.0
bg_44438,0.8410578966140747,0.2088307738304138,0.5250476598739624,273.0
bg_44439,0.521787166595459,0.1610942929983139,0.3298142254352569,452.0
bg_44445,0.8924195766448975,0.315641701221466,0.6500980257987976,478.0
bg_44447,0.8499804735183716,0.3189257681369781,0.6154411435127258,200.0
bg_44454,0.8726820945739746,0.3733230829238891,0.6626339554786682,311.0
bg_44460,0.8106829524040222,0.1909346282482147,0.506035327911377,499.0
bg_44468,0.8460527658462524,0.2948697209358215,0.6033833026885986,411.0
bg_44470,0.8454553484916687,0.3152760565280914,0.6233422756195068,159.0
bg_44471,0.8378686308860779,0.3217709958553314,0.631145179271698,220.0
bg_44473,0.8730956315994263,0.360409528017044,0.6623120307922363,226.0
bg_44478,0.8066150546073914,0.2452372163534164,0.5411538481712341,409.0
bg_44490,0.8333374857902527,0.354449450969696,0.6548137068748474,140.0
bg_44495,0.5204648375511169,0.0715039148926734,0.3075124323368072,185.0
bg_44498,0.838096022605896,0.3485463857650757,0.6346673965454102,225.0
bg_44499,0.867587149143219,0.3231703639030456,0.6326017379760742,148.0
bg_44507,0.8338785767555237,0.3671161532402038,0.6654567718505859,230.0
bg_44509,0.8418910503387451,0.3064204156398773,0.6148467659950256,659.0
bg_44511,0.7306279540061951,0.2611773610115051,0.5414284467697144,452.0
bg_44513,0.783053994178772,0.2588042020797729,0.5632140636444092,464.0
bg_44515,0.8534401655197144,0.3220046758651733,0.6206400394439697,168.0
bg_44520,0.8338940143585205,0.2759066522121429,0.5755743384361267,357.0
bg_44530,0.8304216265678406,0.3233737349510193,0.6152240037918091,187.0
bg_44532,0.8140854239463806,0.1924854218959808,0.5062150955200195,533.0
bg_44536,0.8500191569328308,0.2637607455253601,0.5798562169075012,228.0
bg_44543,0.8066309690475464,0.3214508891105652,0.6234148740768433,453.0
bg_44546,0.8484773635864258,0.3569003641605377,0.6621475219726562,132.0
bg_44548,0.853440523147583,0.3142352402210235,0.6252767443656921,146.0
bg_44551,0.4437601268291473,0.0141241298988461,0.1808005422353744,481.0
bg_44555,0.8334981799125671,0.2861303091049194,0.6046997904777527,140.0
bg_44567,0.8255148530006409,0.3057662844657898,0.5999430418014526,125.0
bg_44580,0.8538118600845337,0.3233601450920105,0.6344395875930786,357.0
bg_44581,0.8618877530097961,0.3432576060295105,0.62669837474823,169.0
bg_44586,0.8418711423873901,0.369275689125061,0.6697343587875366,166.0
bg_44587,0.8455775380134583,0.3603688776493072,0.6470098495483398,500.0
bg_44592,0.8124076128005981,0.2948931157588959,0.622858464717865,122.0
bg_44604,0.873258113861084,0.3380846381187439,0.6541069149971008,215.0
bg_44610,0.86616450548172,0.3286100924015045,0.6391711235046387,208.0
bg_44611,0.8418837785720825,0.2432369440793991,0.5719732642173767,484.0
bg_44614,0.6698372960090637,0.2089155316352844,0.4395825564861297,417.0
bg_44615,0.8441875576972961,0.3248189687728882,0.6120627522468567,148.0
bg_44617,0.7964056730270386,0.2862576842308044,0.5915225744247437,274.0
bg_44618,0.69175785779953,0.1394213885068893,0.4361099898815155,361.0
bg_44632,0.8375765681266785,0.3611396551132202,0.6459935307502747,175.0
bg_44641,0.8460797667503357,0.3139736652374267,0.6293770670890808,204.0
bg_44649,0.8570278286933899,0.3329292833805084,0.6421374082565308,425.0
bg_44661,0.8246778249740601,0.2846906185150146,0.5891542434692383,160.0
bg_44662,0.7474508881568909,0.2480288594961166,0.547212541103363,168.0
bg_44664,0.8501169681549072,0.3271436095237732,0.6313579678535461,353.0
bg_44672,0.7947429418563843,0.2587213218212127,0.5643801689147949,396.0
bg_44674,0.7994357943534851,0.2365812361240387,0.5132178068161011,251.0
bg_44679,0.8655719757080078,0.3102845847606659,0.6355976462364197,249.0
bg_44681,0.78569096326828,0.2244215458631515,0.4951241314411163,420.0
bg_44683,0.8152334094047546,0.2864768505096435,0.6147449016571045,139.0
bg_44691,0.8443958759307861,0.3524589538574219,0.6542599201202393,102.0
bg_44697,0.8178444504737854,0.3315165340900421,0.6306238174438477,173.0
bg_44712,0.8580971956253052,0.3836897611618042,0.6818876266479492,370.0
bg_44727,0.8766247630119324,0.3427074551582336,0.6384633779525757,339.0
bg_44733,0.7992644309997559,0.2097868919372558,0.5252695083618164,370.0
bg_44740,0.8420557379722595,0.2766561210155487,0.584805965423584,141.0
bg_44758,0.8261258006095886,0.2899684011936188,0.6188108921051025,498.0
bg_44763,0.8553694486618042,0.3300979733467102,0.6359850168228149,140.0
bg_44764,0.8770397901535034,0.3525821566581726,0.6552707552909851,477.0
bg_44771,0.587852418422699,0.0877771526575088,0.3347833454608917,325.0
bg_44783,0.7961379289627075,0.2921108305454254,0.6033262014389038,191.0
bg_44789,0.8534042239189148,0.3383370339870453,0.6498857140541077,302.0
bg_44796,0.8655100464820862,0.3963408470153808,0.685418963432312,249.0
bg_44805,0.8423095941543579,0.3224139213562011,0.6211935877799988,424.0
bg_44818,0.8308886289596558,0.1820689439773559,0.5062372088432312,552.0
bg_44819,0.8299293518066406,0.3073528409004211,0.6002294421195984,103.0
bg_44821,0.8225884437561035,0.2610781192779541,0.5719502568244934,343.0
bg_44833,0.8499918580055237,0.3036435544490814,0.6198263168334961,442.0
bg_44837,0.887782096862793,0.3652809262275696,0.6697250008583069,349.0
bg_44843,0.8216149806976318,0.2724372744560241,0.5836527943611145,149.0
bg_44852,0.8539193272590637,0.309350311756134,0.6309770941734314,389.0
bg_44854,0.834282636642456,0.2977659106254577,0.5837186574935913,165.0
bg_44857,0.9002512693405151,0.3850716650485992,0.6855580806732178,158.0
bg_44858,0.8611775636672974,0.3421694934368133,0.6510095596313477,791.0
bg_44860,0.8179922699928284,0.3156019151210785,0.6195325255393982,363.0
bg_44862,0.8260881900787354,0.3116357922554016,0.5999661684036255,984.0
bg_44863,0.4190007150173187,0.0411145985126495,0.2171689420938491,451.0
bg_44864,0.8655122518539429,0.3409182429313659,0.647092342376709,394.0
bg_44876,0.79522305727005,0.2592945396900177,0.5799995064735413,497.0
bg_44877,0.7680220603942871,0.2040122151374817,0.5021002292633057,453.0
bg_44879,0.8774623274803162,0.3455836474895477,0.652099072933197,244.0
bg_44898,0.8867110013961792,0.3349911272525787,0.635269284248352,700.0
bg_44900,0.8477041721343994,0.3414294123649597,0.6383166909217834,564.0
bg_44904,0.8669679760932922,0.361070305109024,0.6723465919494629,160.0
bg_44906,0.8645613789558411,0.3582726120948791,0.6638703942298889,434.0
bg_44908,0.6581630110740662,0.1034086570143699,0.3615700900554657,318.0
bg_44911,0.8427315354347229,0.3151469528675079,0.6388254165649414,202.0
bg_44916,0.8575525283813477,0.3505136966705322,0.6547732949256897,496.0
bg_44920,0.7222781777381897,0.2193237096071243,0.5116724371910095,176.0
bg_44924,0.8414953351020813,0.3097393214702606,0.607124924659729,119.0
bg_44928,0.8768212199211121,0.4052148461341858,0.6980838179588318,402.0
bg_44931,0.7832021713256836,0.2403080314397812,0.5364625453948975,213.0
bg_44932,0.8571140766143799,0.3403671681880951,0.6469283103942871,177.0
bg_44940,0.8616616725921631,0.3301674723625183,0.6424724459648132,416.0
bg_44942,0.8452516794204712,0.3300903439521789,0.6490451097488403,79.0
bg_44946,0.8750649690628052,0.3738754391670227,0.6661418676376343,410.0
bg_44952,0.8008481860160828,0.2137710750102996,0.5214079022407532,350.0
bg_44960,0.8453331589698792,0.329189121723175,0.6353948712348938,164.0
bg_44967,0.7882127165794373,0.2729077041149139,0.5403102040290833,97.0
bg_44968,0.7525383830070496,0.18258036673069,0.4448584616184234,464.0
bg_44971,0.7927327752113342,0.3026588559150696,0.5917723178863525,258.0
bg_44986,0.7553542852401733,0.3068631291389465,0.605908989906311,409.0
bg_44994,0.7719357013702393,0.2746610641479492,0.5822330713272095,488.0
bg_44997,0.802409291267395,0.2681080400943756,0.5622162222862244,272.0
bg_45004,0.7683192491531372,0.2472693622112274,0.548542320728302,482.0
bg_45005,0.8534191846847534,0.369534969329834,0.6581529974937439,751.0
bg_45008,0.8301596641540527,0.2822239696979522,0.5850732922554016,408.0
bg_45023,0.8260571956634521,0.3195818066596985,0.614387035369873,141.0
bg_45024,0.8141736388206482,0.2434429675340652,0.556865394115448,362.0
bg_45035,0.8363996744155884,0.3336820304393768,0.6581458449363708,113.0
bg_45053,0.8221166133880615,0.2866050601005554,0.5952062606811523,524.0
bg_45054,0.8575155138969421,0.3265420496463775,0.6267954111099243,547.0
bg_45056,0.8415452837944031,0.2792869210243225,0.5996014475822449,520.0
bg_45057,0.8021064400672913,0.2551989257335663,0.5677018761634827,471.0
bg_45062,0.8806473612785339,0.31206014752388,0.6386754512786865,398.0
bg_45080,0.713107705116272,0.1006709635257721,0.3658344149589538,553.0
bg_45081,0.8857174515724182,0.3886447846889496,0.6965769529342651,102.0
bg_45084,0.8539798259735107,0.3252894580364227,0.6378065347671509,133.0
bg_45088,0.837922990322113,0.2980251312255859,0.5996885895729065,344.0
bg_45095,0.8143680691719055,0.2119159698486328,0.5262680649757385,428.0
bg_45097,0.8459093570709229,0.3388824462890625,0.6469743251800537,185.0
bg_45108,0.7323124408721924,0.1816313564777374,0.4669438898563385,470.0
bg_45116,0.8500818610191345,0.2995617389678955,0.6349613666534424,154.0
bg_45121,0.8250163793563843,0.3299649357795715,0.634609580039978,310.0
bg_45127,0.8764758706092834,0.3391906917095184,0.6613477468490601,104.0
bg_45131,0.7837647795677185,0.2245213687419891,0.5222046971321106,445.0
bg_45133,0.7792515158653259,0.2898941338062286,0.5757708549499512,185.0
bg_45156,0.8693399429321289,0.3544583320617676,0.6427637934684753,161.0
bg_45158,0.8415054082870483,0.3069217801094055,0.6231525540351868,467.0
bg_45160,0.8538612723350525,0.3111052215099334,0.6067825555801392,240.0
bg_45164,0.8494035601615906,0.2716545164585113,0.6153672337532043,546.0
bg_45167,0.8228150606155396,0.3016371428966522,0.623389720916748,131.0
bg_45169,0.8363956809043884,0.3338463008403778,0.6267237067222595,432.0
bg_45170,0.7913432121276855,0.182379737496376,0.4941793978214264,293.0
bg_45174,0.88510662317276,0.3856008648872375,0.669826328754425,184.0
bg_45177,0.8108294010162354,0.3030871748924255,0.6077257990837097,453.0
bg_45183,0.8412582278251648,0.2654849588871002,0.5761758685112,320.0
bg_45201,0.6904988884925842,0.0181355513632297,0.3381767868995666,265.0
bg_45215,0.8483123779296875,0.3656698763370514,0.6566028594970703,432.0
bg_45222,0.744674801826477,0.2101279497146606,0.5103713274002075,499.0
bg_45229,0.7294278740882874,0.2706310451030731,0.5297650098800659,383.0
bg_45230,0.8340590596199036,0.3030316531658172,0.619749128818512,115.0
bg_45237,0.814422607421875,0.3352046310901642,0.6309208869934082,481.0
bg_45246,0.8341625928878784,0.2596481442451477,0.5367969870567322,114.0
bg_45248,0.864824116230011,0.3431619703769684,0.6450165510177612,154.0
bg_45252,0.880772590637207,0.3830258846282959,0.6812949776649475,174.0
bg_45253,0.8379372954368591,0.2843053340911865,0.6131131649017334,142.0
bg_45257,0.8625506162643433,0.3012349307537079,0.6140890717506409,164.0
bg_45263,0.8652807474136353,0.3605249524116516,0.6748797297477722,159.0
bg_45264,0.8104962110519409,0.280247300863266,0.5786795020103455,184.0
bg_45266,0.8679161667823792,0.3552977740764618,0.6534931063652039,144.0
bg_45278,0.830170750617981,0.2766592800617218,0.586606502532959,103.0
bg_45280,0.8185503482818604,0.1785071790218353,0.4884433150291443,160.0
bg_45283,0.8390345573425293,0.3111235797405243,0.6031922698020935,105.0
bg_45286,0.7230459451675415,0.1796700805425644,0.445494681596756,202.0
bg_45294,0.8187442421913147,0.2552208304405212,0.5409525632858276,145.0
bg_45302,0.8461270928382874,0.2672411799430847,0.5645128488540649,435.0
bg_45317,0.7462667226791382,0.1974000632762909,0.4944746494293213,482.0
bg_45320,0.8491269946098328,0.3347369730472564,0.642389178276062,145.0
bg_45325,0.8501886129379272,0.2827131152153015,0.6030292510986328,427.0
bg_45328,0.8410029411315918,0.3000089824199676,0.6170311570167542,140.0
bg_45333,0.8063672184944153,0.2906606793403625,0.5838406085968018,115.0
bg_45340,0.772156298160553,0.197433665394783,0.5026556253433228,461.0
bg_45344,0.8226540088653564,0.3345993161201477,0.6233536005020142,134.0
bg_45345,0.8704938292503357,0.3546817600727081,0.662109375,159.0
bg_45353,0.865330696105957,0.3346856832504272,0.6506021618843079,274.0
bg_45360,0.8398146033287048,0.3017080426216125,0.6073688864707947,506.0
bg_45361,0.8481885194778442,0.1193153411149978,0.4475458562374115,456.0
bg_45371,0.8706803917884827,0.2909308671951294,0.6189359426498413,1043.0
bg_45375,0.8809658885002136,0.3380934298038482,0.6657557487487793,530.0
bg_45378,0.8256217241287231,0.3282051384449005,0.6223658323287964,475.0
bg_45381,0.8534329533576965,0.2880431413650512,0.6110707521438599,318.0
bg_45384,0.8619867563247681,0.380067229270935,0.6856679320335388,135.0
bg_45394,0.8296988010406494,0.2863443493843078,0.583599328994751,493.0
bg_45396,0.8033050894737244,0.3160386085510254,0.6114585399627686,364.0
bg_45407,0.8397800922393799,0.3385953605175018,0.6349412202835083,533.0
bg_45408,0.8532609343528748,0.3782308101654053,0.6589937806129456,205.0
bg_45409,0.8340850472450256,0.3191383481025696,0.6158242225646973,481.0
bg_45421,0.8565011620521545,0.3190794289112091,0.6266567707061768,137.0
bg_45422,0.884998083114624,0.2840763330459595,0.6189786791801453,456.0
bg_45426,0.7904744744300842,0.2009859830141067,0.5330012440681458,544.0
bg_45431,0.8578518629074097,0.3678683340549469,0.6622341275215149,523.0
bg_45441,0.8451831936836243,0.352421760559082,0.6464805006980896,141.0
bg_45448,0.8536356687545776,0.249243825674057,0.5729275345802307,469.0
bg_45449,0.7905437350273132,0.2749079465866089,0.5801741480827332,453.0
bg_45450,0.8001903295516968,0.3464116752147674,0.6304840445518494,110.0
bg_45452,0.1912519186735153,-0.3164447844028473,-0.0742244198918342,433.0
bg_45458,0.8613574504852295,0.3357908427715301,0.6462358832359314,166.0
bg_45461,0.8614287376403809,0.3704102635383606,0.6894696950912476,280.0
bg_45476,0.8332343101501465,0.3169251382350921,0.6194038391113281,79.0
bg_45485,0.8147106170654297,0.3326939940452575,0.631140410900116,162.0
bg_45486,0.8583858609199524,0.3454506695270538,0.6425683498382568,164.0
bg_45487,0.845439612865448,0.2909241914749145,0.618779182434082,328.0
bg_45489,0.8496077656745911,0.3485567569732666,0.6500586867332458,500.0
bg_45511,0.4984166324138641,0.1035806834697723,0.3690432012081146,453.0
bg_45522,0.7852804660797119,0.2404164373874664,0.5331241488456726,498.0
bg_45523,0.8586438894271851,0.2901105582714081,0.6069210171699524,168.0
bg_45529,0.8654250502586365,0.2843535840511322,0.6265443563461304,116.0
bg_45530,0.8857428431510925,0.360457569360733,0.6657946109771729,195.0
bg_45532,0.8242321014404297,0.231120690703392,0.5356860756874084,198.0
bg_45536,0.7051271796226501,0.2588000893592834,0.5445125699043274,449.0
bg_45541,0.8219953179359436,0.2665518522262573,0.567676842212677,373.0
bg_45550,0.8453435897827148,0.3334478139877319,0.6537840962409973,195.0
bg_45556,0.7749300599098206,0.2545792758464813,0.5531677603721619,503.0
bg_45563,0.8263172507286072,0.2351857423782348,0.5531792640686035,404.0
bg_45564,0.8731814622879028,0.3234800994396209,0.6391616463661194,125.0
bg_45568,0.7870898842811584,0.2774459421634674,0.5685878992080688,476.0
bg_45578,0.8473495244979858,0.3195054531097412,0.6334536671638489,118.0
bg_45579,0.8105685710906982,0.2828267216682434,0.603448212146759,142.0
bg_45587,0.80263352394104,0.3806466162204742,0.6471346616744995,258.0
bg_45588,0.857033908367157,0.347377598285675,0.6424083113670349,165.0
bg_45592,0.8376468420028687,0.2945240437984466,0.5724497437477112,406.0
bg_45600,0.8848268389701843,0.3193025588989258,0.6425391435623169,332.0
bg_45607,0.7822914719581604,0.2285793572664261,0.5366122722625732,503.0
bg_45620,0.8339632749557495,0.2676817178726196,0.5872290730476379,479.0
bg_45623,0.8656309843063354,0.2902368009090423,0.5919910073280334,180.0
bg_45628,0.7559307813644409,0.278096079826355,0.5640192031860352,307.0
bg_45631,0.779258131980896,0.2553493082523346,0.5330168008804321,188.0
bg_45636,0.8852359056472778,0.4085130989551544,0.7007130980491638,150.0
bg_45637,0.8450879454612732,0.2543027698993683,0.5647163987159729,320.0
bg_45641,0.8351195454597473,0.2883155047893524,0.6081392168998718,65.0
bg_45644,0.7985906004905701,0.304663211107254,0.6095119118690491,163.0
bg_45645,0.8346356153488159,0.2665262520313263,0.5960902571678162,513.0
bg_45648,0.8379566669464111,0.3474375307559967,0.6217615604400635,418.0
bg_45651,0.8337397575378418,0.3096099495887756,0.6367605328559875,118.0
bg_45666,0.818845272064209,0.2519092261791229,0.552825391292572,414.0
bg_45674,0.8483487367630005,0.3028903603553772,0.6112600564956665,274.0
bg_45681,0.8378894329071045,0.2859081327915191,0.5836940407752991,601.0
bg_45684,0.7986838817596436,0.1113108620047569,0.4313978254795074,978.0
bg_45685,0.8502410650253296,0.3488972783088684,0.66346675157547,162.0
bg_45687,0.8311221599578857,0.2618750929832458,0.572124719619751,422.0
bg_45693,0.6657714247703552,0.1470863819122314,0.4082555174827575,367.0
bg_45703,0.8337675333023071,0.3034306466579437,0.6069226861000061,343.0
bg_45704,0.5768717527389526,0.1024093404412269,0.3070618510246277,450.0
bg_45709,0.8808150887489319,0.3295100927352905,0.6149251461029053,131.0
bg_45715,0.8262141942977905,0.3380093276500702,0.6350273489952087,1002.0
bg_45727,0.8227459788322449,0.3029443621635437,0.6155750155448914,124.0
bg_45729,0.7793661952018738,0.2424973994493484,0.5325369834899902,271.0
bg_45730,0.8665743470191956,0.3404170572757721,0.6438184380531311,122.0
bg_45732,0.8064942359924316,0.2947431802749634,0.5936371088027954,480.0
bg_45737,0.8340142965316772,0.3349711298942566,0.6362875699996948,114.0
bg_45740,0.7829984426498413,0.1686897724866867,0.4864970445632934,530.0
bg_45744,0.880951464176178,0.3594070672988891,0.669696569442749,526.0
bg_45745,0.8717166781425476,0.3442885279655456,0.6468892693519592,304.0
bg_45747,0.8661211729049683,0.3740822672843933,0.6780887842178345,237.0
bg_45757,0.8383442163467407,0.3577853143215179,0.6258920431137085,76.0
bg_45784,0.8645279407501221,0.3771594166755676,0.6777130365371704,424.0
bg_45785,0.8438853621482849,0.3461765944957733,0.6588640213012695,102.0
bg_45791,0.8415058255195618,0.3707586824893951,0.6622092723846436,141.0
bg_45797,0.8455256223678589,0.2434703409671783,0.5566633939743042,544.0
bg_45798,0.8618393540382385,0.3181498348712921,0.6266509890556335,411.0
bg_45799,0.7694486975669861,0.2544135153293609,0.5509518384933472,75.0
bg_45810,0.8215087056159973,0.2915322482585907,0.597265899181366,436.0
bg_45812,0.8691295385360718,0.3134414553642273,0.6389440298080444,391.0
bg_45814,0.8818066120147705,0.2583952248096466,0.5687220096588135,293.0
bg_45815,0.8066281080245972,0.3061955273151397,0.5936533212661743,402.0
bg_45823,0.8785683512687683,0.3837708830833435,0.6735468506813049,380.0
bg_45824,0.8769341111183167,0.3720574676990509,0.6780170798301697,605.0
bg_45825,0.8467034101486206,0.3101601302623749,0.6291504502296448,264.0
bg_45828,0.845878541469574,0.2393569499254226,0.576775848865509,510.0
bg_45829,0.8404664993286133,0.295177012681961,0.5749663710594177,176.0
bg_45832,0.8307908177375793,0.3103033602237701,0.5912570953369141,495.0
bg_45833,0.8501949310302734,0.311457097530365,0.6364108920097351,246.0
bg_45835,0.7906979322433472,0.2838358581066131,0.5893337726593018,440.0
bg_45841,0.869329035282135,0.3442773818969726,0.6619487404823303,281.0
bg_45842,0.8970563411712646,0.3821456730365753,0.6774904727935791,412.0
bg_45848,0.7985858917236328,0.29639932513237,0.5919443964958191,177.0
bg_45850,0.8372436165809631,0.2450957745313644,0.5412585139274597,505.0
bg_45852,0.8265765309333801,0.1976833343505859,0.5133047699928284,253.0
bg_45853,0.8303813338279724,0.3076710999011993,0.6113651394844055,165.0
bg_45857,0.7517695426940918,0.1928415298461914,0.4939247369766235,492.0
bg_45858,0.8669044971466064,0.4045023322105407,0.6930296421051025,396.0
bg_45859,0.8342190980911255,0.3039256930351257,0.6168272495269775,144.0
bg_45867,0.8204672932624817,0.3805857598781585,0.6769533753395081,182.0
bg_45875,0.8652334809303284,0.280046135187149,0.6069898009300232,249.0
bg_45878,0.8542694449424744,0.274147629737854,0.6084190607070923,78.0
bg_45883,0.8690093159675598,0.3378492593765259,0.6617426872253418,1101.0
bg_45884,0.8522351980209351,0.3164690732955932,0.618821918964386,246.0
bg_45887,0.5835766792297363,0.19742152094841,0.4296488165855407,146.0
bg_45890,0.8554264307022095,0.2913825213909149,0.6113250255584717,578.0
bg_45893,0.830215334892273,0.2158609181642532,0.544898271560669,470.0
bg_45900,0.830305278301239,0.2952194809913635,0.5898462533950806,489.0
bg_45903,0.7958265542984009,0.2438484877347946,0.5370579957962036,777.0
bg_45904,0.8393774628639221,0.3104626834392547,0.6058875918388367,400.0
bg_45908,0.8114307522773743,0.320778340101242,0.6225947737693787,479.0
bg_45910,0.8260046243667603,0.3906311988830566,0.6800389885902405,252.0
bg_45913,0.8301470279693604,0.288766473531723,0.6068338751792908,364.0
bg_45915,0.8544901013374329,0.269618421792984,0.6082865595817566,139.0
bg_45916,0.8718841075897217,0.344909131526947,0.6495233178138733,172.0
bg_45917,0.8355779051780701,0.2801938951015472,0.5810961723327637,274.0
bg_45931,0.3331809639930725,0.0607761964201927,0.2639928162097931,383.0
bg_45949,0.8764936327934265,0.4045945107936859,0.7049714922904968,383.0
bg_45952,0.8459221720695496,0.2168774157762527,0.5416637659072876,1098.0
bg_45956,0.8224770426750183,0.2207117229700088,0.5368274450302124,549.0
bg_45958,0.8387041091918945,0.2936187982559204,0.6192591786384583,134.0
bg_45966,0.8318086862564087,0.2717964351177215,0.5877028703689575,127.0
bg_45970,0.8334982991218567,0.3023359775543213,0.6132804155349731,112.0
bg_45975,0.7238611578941345,0.200579285621643,0.4972773790359497,421.0
bg_45976,0.8336541652679443,0.2963268160820007,0.6113933324813843,216.0
bg_45981,0.8021519184112549,0.2672662436962127,0.5766233205795288,105.0
bg_45987,0.8579627275466919,0.3327717185020447,0.6465211510658264,130.0
bg_45990,0.8144644498825073,0.3308956623077392,0.6234112977981567,159.0
bg_45991,0.8472649455070496,0.2514317333698272,0.5743345618247986,602.0
bg_46016,0.680996835231781,0.2095895856618881,0.4669873416423797,549.0
bg_46019,0.8570937514305115,0.3469561338424682,0.6466755270957947,123.0
bg_46023,0.7001177072525024,0.1622299700975418,0.4394301474094391,172.0
bg_46025,0.8663744926452637,0.2844099998474121,0.6077509522438049,269.0
bg_46027,0.8884626030921936,0.4040861427783966,0.6925832033157349,354.0
bg_46030,0.7908959984779358,0.2511129379272461,0.564875066280365,272.0
bg_46034,0.8220599889755249,0.2421593368053436,0.5493403077125549,472.0
bg_46043,0.8688117265701294,0.2567794322967529,0.5683649182319641,140.0
bg_46044,0.8214914202690125,0.2664447426795959,0.5764516592025757,369.0
bg_46049,0.8656463623046875,0.3096063435077667,0.6267662048339844,427.0
bg_46056,0.8534233570098877,0.2960014939308166,0.6151979565620422,480.0
bg_46060,0.88116455078125,0.3602630198001861,0.6739915013313293,428.0
bg_46063,0.8377285003662109,0.282274067401886,0.6072028279304504,392.0
bg_46066,0.861073911190033,0.3235983550548553,0.6429915428161621,153.0
bg_46077,0.8368042707443237,0.3213853240013122,0.6345634460449219,154.0
bg_46081,0.8692442774772644,0.3704489171504974,0.6697606444358826,175.0
bg_46083,0.7921883463859558,0.1960895210504531,0.5072308778762817,74.0
bg_46092,0.8731677532196045,0.3643226623535156,0.6661138534545898,357.0
bg_46099,0.8267565369606018,0.3316839039325714,0.6278769969940186,90.0
bg_46100,0.7594796419143677,0.2469680309295654,0.5407292246818542,475.0
bg_46102,0.841097891330719,0.1382962316274643,0.4748735725879669,381.0
bg_46103,0.8645420670509338,0.3334569633007049,0.6393319368362427,166.0
bg_46105,0.8636691570281982,0.3853607475757599,0.6662994027137756,183.0
bg_46127,0.8389167189598083,0.2938782572746277,0.6147496700286865,171.0
bg_46136,0.8733798265457153,0.3532511293888092,0.6719018816947937,202.0
bg_46138,0.8375683426856995,0.2836191058158874,0.5884017944335938,465.0
bg_46141,0.8453858494758606,0.3496990799903869,0.6388915777206421,160.0
bg_46145,0.741067111492157,0.2080728411674499,0.4745524525642395,499.0
bg_46150,0.7752385139465332,0.256537914276123,0.5490283966064453,387.0
bg_46160,0.8298206925392151,0.3329012393951416,0.6390141844749451,358.0
bg_46167,0.8333561420440674,0.2980634272098541,0.5954025983810425,189.0
bg_46171,0.8227568864822388,0.3026720583438873,0.6345344185829163,153.0
bg_46173,0.884925365447998,0.3210734724998474,0.6273019313812256,651.0
bg_46174,0.8257825374603271,0.323146790266037,0.5986882448196411,95.0
bg_46177,0.833915650844574,0.297875165939331,0.6115411520004272,78.0
bg_46180,0.8659765720367432,0.3363448083400726,0.6413097977638245,161.0
bg_46184,0.8571442365646362,0.3459598422050476,0.6506308913230896,383.0
bg_46187,0.8848036527633667,0.364595502614975,0.6778019070625305,692.0
bg_46198,0.7834776043891907,0.2455248683691024,0.525047779083252,93.0
bg_46203,0.862677276134491,0.3691377639770508,0.6608426570892334,110.0
bg_46231,0.8538381457328796,0.2869143784046173,0.6276748776435852,352.0
bg_46232,0.8767701983451843,0.406962513923645,0.6972248554229736,321.0
bg_46242,0.8618130087852478,0.3609115481376648,0.6657624840736389,128.0
bg_46248,0.759136974811554,0.3044314384460449,0.5766757130622864,182.0
bg_46271,0.8690409064292908,0.3662779331207275,0.6696968078613281,375.0
bg_46274,0.8648481965065002,0.3536220788955688,0.665682315826416,343.0
bg_46279,0.8656238317489624,0.3226933777332306,0.6383021473884583,298.0
bg_46295,0.770160973072052,0.2601591050624847,0.5263694524765015,382.0
bg_46300,0.7730444669723511,0.3004751205444336,0.5954815745353699,146.0
bg_46307,0.8146225810050964,0.3058255016803741,0.6115744709968567,608.0
bg_46337,0.6732572317123413,0.1483557522296905,0.4017370939254761,165.0
bg_46338,0.8104820251464844,0.2743427455425262,0.5789119601249695,486.0
bg_46345,0.7482525706291199,0.2979689240455627,0.5222033858299255,165.0
bg_46347,0.837409496307373,0.2763244807720184,0.59171462059021,465.0
bg_46350,0.8531703948974609,0.2508504986763,0.5760634541511536,460.0
bg_46358,0.8691714406013489,0.36628058552742,0.681828498840332,1041.0
bg_46362,0.7470167279243469,0.2118935734033584,0.5052832365036011,205.0
bg_46363,0.7873260378837585,0.2193430960178375,0.5137048959732056,421.0
bg_46367,0.8167117834091187,0.2637997269630432,0.5756810903549194,467.0
bg_46373,0.8494387865066528,0.2488344758749008,0.552456259727478,96.0
bg_46375,0.8654463291168213,0.3348287940025329,0.653546154499054,223.0
bg_46378,0.7986031770706177,0.313495397567749,0.6036264300346375,75.0
bg_46381,0.8159381151199341,0.2833954989910126,0.5670471787452698,248.0
bg_46382,0.8576152324676514,0.3342017829418182,0.6513621211051941,116.0
bg_46395,0.7891339063644409,0.2453531771898269,0.5526790618896484,416.0
bg_46397,0.8142524361610413,0.263702243566513,0.5762696862220764,482.0
bg_46411,0.8932585716247559,0.4150766432285309,0.6740604043006897,168.0
bg_46413,0.5570570826530457,0.1825811266899109,0.395659476518631,245.0
bg_46415,0.7798089385032654,0.2563214302062988,0.5470855832099915,162.0
bg_46420,0.8218878507614136,0.3166478872299194,0.5983639359474182,108.0
bg_46422,0.873108983039856,0.3897281587123871,0.6927483081817627,444.0
bg_46436,0.7068008184432983,0.2357300817966461,0.5506597757339478,513.0
bg_46440,0.8194259405136108,0.3098478615283966,0.5888680219650269,354.0
bg_46442,0.8887706995010376,0.2989517152309418,0.5997648239135742,369.0
bg_46448,0.7752774357795715,0.2488693445920944,0.5448378324508667,473.0
bg_46450,0.8456596732139587,0.3503661751747131,0.6560848355293274,182.0
bg_46461,0.8465292453765869,0.321210116147995,0.619028627872467,78.0
bg_46471,0.8458876609802246,0.3369127810001373,0.6577628254890442,481.0
bg_46479,0.7281729578971863,0.1741568148136139,0.4514177441596985,527.0
bg_46483,0.8079585433006287,0.1668924838304519,0.5015435218811035,94.0
bg_46485,0.8597528338432312,0.3105133175849914,0.6094450354576111,164.0
bg_46488,0.8296816349029541,0.3570283651351928,0.6504499316215515,101.0
bg_46491,0.8148900866508484,0.3542168438434601,0.6312111616134644,519.0
bg_46495,0.7851521968841553,0.2869569361209869,0.5640366077423096,536.0
bg_46503,0.8084188103675842,0.3346344530582428,0.6069626808166504,145.0
bg_46508,0.8107277154922485,0.3496935963630676,0.6317907571792603,240.0
bg_46512,0.7708442807197571,0.1889706403017044,0.4987768232822418,500.0
bg_46513,0.8238568902015686,0.1740864515304565,0.4943601787090301,353.0
bg_46514,0.8580357432365417,0.3086425960063934,0.6151814460754395,108.0
bg_46517,0.7949697375297546,0.2117465585470199,0.5158360004425049,430.0
bg_46518,0.8489102721214294,0.2433483600616455,0.5577588677406311,176.0
bg_46524,0.6526418924331665,0.1558766365051269,0.3967918455600738,266.0
bg_46527,0.8071960806846619,0.2892171740531921,0.606277585029602,114.0
bg_46529,0.8457368016242981,0.3309170007705688,0.6349449753761292,1024.0
bg_46530,0.8532546162605286,0.2871066033840179,0.6120827794075012,462.0
bg_46533,0.7803670763969421,0.2766942679882049,0.5714307427406311,159.0
bg_46534,0.8691843152046204,0.2626115977764129,0.6032450795173645,529.0
bg_46537,0.5810843110084534,0.1855040490627288,0.4000032544136047,409.0
bg_46541,0.7874258160591125,0.221564844250679,0.5220630168914795,467.0
bg_46555,0.8612039685249329,0.3532538115978241,0.6595447659492493,155.0
bg_46556,0.8650586009025574,0.3649768829345703,0.6616455912590027,558.0
bg_46561,0.7672910690307617,0.2138400971889495,0.5212065577507019,470.0
bg_46568,0.8421983122825623,0.3353169560432434,0.6302025318145752,102.0
bg_46579,0.8453711867332458,0.3045310378074646,0.611501157283783,412.0
bg_46582,0.8026258945465088,0.318295955657959,0.603477418422699,179.0
bg_46583,0.82328200340271,0.3244389593601227,0.6034871339797974,132.0
bg_46592,0.8223387598991394,0.3184956014156341,0.5996689200401306,407.0
bg_46593,0.8142461776733398,0.2596334815025329,0.5725761651992798,380.0
bg_46612,0.818348228931427,0.28742516040802,0.6069405674934387,165.0
bg_46623,0.7562192678451538,0.2571853101253509,0.5361500382423401,335.0
bg_46624,0.732300341129303,0.1638745814561844,0.4747646749019623,442.0
bg_46626,0.8341590762138367,0.3260408341884613,0.639147937297821,476.0
bg_46631,0.8478443622589111,0.2360167056322097,0.5369621515274048,396.0
bg_46634,0.8790336847305298,0.3718612790107727,0.682094156742096,402.0
bg_46640,0.84956294298172,0.3219747841358185,0.6270062923431396,1002.0
bg_46641,0.8713779449462891,0.4119130373001098,0.701008677482605,400.0
bg_46644,0.8405215740203857,0.3060447573661804,0.6229367256164551,83.0
bg_46651,0.873371958732605,0.3133043050765991,0.6151322722434998,180.0
bg_46656,0.8266377449035645,0.3423366248607635,0.6345207691192627,469.0
bg_46660,0.8379475474357605,0.3371897041797638,0.6420918703079224,152.0
bg_46664,0.8864743113517761,0.2716153562068939,0.6191489696502686,893.0
bg_46672,0.8578674793243408,0.2832399010658264,0.6074301600456238,507.0
bg_46679,0.8215101957321167,0.2824118733406067,0.5971724390983582,206.0
bg_46683,0.8493852019309998,0.3154666423797607,0.6113523840904236,185.0
bg_46687,0.6890538334846497,0.2636027634143829,0.5216575264930725,311.0
bg_46690,0.8148091435432434,0.3145323395729065,0.626545786857605,170.0
bg_46696,0.8207401037216187,0.3504992723464966,0.6542870998382568,127.0
bg_46702,0.8021013736724854,0.1883883029222488,0.4892482459545135,275.0
bg_46704,0.8414382338523865,0.1706113666296005,0.5056564211845398,535.0
bg_46715,0.8454829454421997,0.284174382686615,0.6000175476074219,417.0
bg_46725,0.8732990026473999,0.4037491381168365,0.7088902592658997,198.0
bg_46731,0.8455756902694702,0.3063539266586303,0.6193023920059204,384.0
bg_46738,0.8106690645217896,0.3108121454715729,0.6115391254425049,365.0
bg_46739,0.8654663562774658,0.336727112531662,0.635079562664032,310.0
bg_46759,0.7487291097640991,0.2432148605585098,0.5449000597000122,131.0
bg_46769,0.8574234247207642,0.3078178167343139,0.6261496543884277,82.0
bg_46775,0.8459205031394958,0.3216899037361145,0.6163265109062195,155.0
bg_46790,0.8575925230979919,0.3228896856307983,0.6298143267631531,153.0
bg_46793,0.6365580558776855,0.2437587231397628,0.4867249727249145,46.0
bg_46795,0.7804015874862671,0.2859897315502167,0.603609025478363,109.0
bg_46799,0.8800100684165955,0.3329383134841919,0.6497334837913513,175.0
bg_46802,0.8146119117736816,0.2763397097587585,0.5801778435707092,539.0
bg_46803,0.6476898193359375,0.2394954562187194,0.4858025312423706,108.0
bg_46806,0.8131625652313232,0.2940987348556518,0.6192975044250488,120.0
bg_46807,0.8617823123931885,0.3468705713748932,0.6502651572227478,449.0
bg_46810,0.5647817850112915,0.0135132782161235,0.2366101741790771,443.0
bg_46834,0.8424596190452576,0.3075175881385803,0.6188156008720398,168.0
bg_46844,0.8067502975463867,0.2872307598590851,0.5877217650413513,252.0
bg_46848,0.853526771068573,0.3378416299819946,0.6312742829322815,502.0
bg_46853,0.8512499928474426,0.3092246353626251,0.6043956279754639,59.0
bg_46863,0.7864981889724731,0.2081323415040969,0.527049720287323,364.0
bg_46864,0.8424233198165894,0.2818650305271148,0.5923119187355042,305.0
bg_46865,0.8228853344917297,0.3094089329242706,0.59632807970047,311.0
bg_46881,0.8315010070800781,0.2980833351612091,0.611335039138794,170.0
bg_46885,0.8611281514167786,0.3448794782161712,0.6583294868469238,114.0
bg_46886,0.8499568700790405,0.3384472131729126,0.646061897277832,172.0
bg_46889,0.7981759905815125,0.258457213640213,0.5441803336143494,167.0
bg_46896,0.869185209274292,0.3468479514122009,0.6659359335899353,441.0
bg_46901,0.8205650448799133,0.2840697169303894,0.5719935297966003,580.0
bg_46903,0.886745810508728,0.3829163908958435,0.685716986656189,188.0
bg_46906,0.8027254939079285,0.2840224802494049,0.6036584973335266,370.0
bg_46909,0.799410879611969,0.2102145999670028,0.5014262199401855,401.0
bg_46910,0.8497539758682251,0.2864696681499481,0.5953111052513123,395.0
bg_46915,0.8114239573478699,0.2668499052524566,0.5833868980407715,390.0
bg_46917,0.857754647731781,0.3439726531505584,0.6422688364982605,368.0
bg_46926,0.8189572095870972,0.2633743584156036,0.5606186389923096,480.0
bg_46930,0.8325971961021423,0.3159842193126678,0.6152033805847168,82.0
bg_46949,0.8831586241722107,0.3607329130172729,0.6680503487586975,270.0
bg_46950,0.8536770939826965,0.2881645858287811,0.6196416616439819,346.0
bg_46958,0.7908961176872253,0.2635156512260437,0.5644974112510681,282.0
bg_46965,0.7198598384857178,0.1585023701190948,0.4342029094696045,466.0
bg_46971,0.8174758553504944,0.2216237038373947,0.5444314479827881,425.0
bg_46979,0.8613311052322388,0.3293222486972809,0.6504406929016113,393.0
bg_47000,0.7455837726593018,0.2513221204280853,0.5209923982620239,552.0
bg_47002,0.8772968053817749,0.2881262898445129,0.6271459460258484,269.0
bg_47009,0.8027943968772888,0.2845718562602997,0.5876197814941406,117.0
bg_47011,0.7001991868019104,0.1776915788650512,0.4358384013175964,383.0
bg_47013,0.8181901574134827,0.3065272569656372,0.5913188457489014,467.0
bg_47015,0.8109333515167236,0.2100986242294311,0.5235366821289062,102.0
bg_47019,0.8298661112785339,0.2510104775428772,0.5776134133338928,170.0
bg_47027,0.795073926448822,0.2598594129085541,0.5602068305015564,319.0
bg_47029,0.7983109354972839,0.2455153614282608,0.5448803901672363,235.0
bg_47031,0.8384310603141785,0.3197270929813385,0.6188107132911682,417.0
bg_47043,0.7680386900901794,0.2523703575134277,0.536898136138916,137.0
bg_47046,0.7683022618293762,0.1651669442653656,0.4444032609462738,273.0
bg_47050,0.8574185371398926,0.3350348472595215,0.6472682952880859,209.0
bg_47053,0.8406367897987366,0.3416945040225982,0.6469388604164124,504.0
bg_47072,0.7853164076805115,0.2630802094936371,0.5584967732429504,394.0
bg_47077,0.7154281139373779,0.2044452577829361,0.5019492506980896,451.0
bg_47078,0.8305617570877075,0.3270923197269439,0.5961560010910034,351.0
bg_47079,0.6695446968078613,0.201983243227005,0.4400740563869476,129.0
bg_47087,0.8357334136962891,0.2520839273929596,0.5835785865783691,334.0
bg_47089,0.8561229705810547,0.2742272615432739,0.5908082127571106,99.0
bg_47096,0.837778627872467,0.3252351582050323,0.6351304054260254,180.0
bg_47099,0.8927115201950073,0.3808996975421905,0.6738288998603821,748.0
bg_47106,0.8726121187210083,0.358410894870758,0.6546148061752319,117.0
bg_47129,0.8149821758270264,0.2235419750213623,0.4921866953372955,462.0
bg_47137,0.8340699672698975,0.3144169449806213,0.5737758278846741,389.0
bg_47152,0.8185980319976807,0.2416005432605743,0.5644635558128357,213.0
bg_47155,0.8575875163078308,0.3108221888542175,0.5975384712219238,438.0
bg_47157,0.817974328994751,0.301871508359909,0.6035577058792114,86.0
bg_47159,0.8558492064476013,0.3322287797927856,0.6051322221755981,426.0
bg_47163,0.8537446856498718,0.3349916636943817,0.6579657793045044,143.0
bg_47167,0.6839281916618347,0.312502771615982,0.5330700874328613,410.0
bg_47171,0.8453382849693298,0.3266516029834747,0.6271179914474487,146.0
bg_47172,0.8188857436180115,0.2639724016189575,0.5759124159812927,370.0
bg_47175,0.8576281666755676,0.2744814753532409,0.6069563627243042,464.0
bg_47181,0.8167735934257507,0.2447514235973358,0.5604221224784851,392.0
bg_47188,0.8771040439605713,0.1809341013431549,0.5378194451332092,490.0
bg_47191,0.761959433555603,0.2831778824329376,0.5377870798110962,239.0
bg_47192,0.842138946056366,0.3271461427211761,0.6343954801559448,202.0
bg_47197,0.8308262825012207,0.3212287724018097,0.615435779094696,444.0
bg_47198,0.8557872772216797,0.3120604753494262,0.6312293410301208,202.0
bg_47202,0.8422175645828247,0.3214396834373474,0.6152299046516418,371.0
bg_47204,0.8417152762413025,0.353798359632492,0.6535649299621582,126.0
bg_47205,0.8149955868721008,0.270679771900177,0.5865979194641113,223.0
bg_47217,0.8612682223320007,0.2323640137910843,0.5759842991828918,521.0
bg_47223,0.8611359596252441,0.2863913774490356,0.6191197037696838,1013.0
bg_47239,0.7558190226554871,0.2290526330471038,0.5091620683670044,77.0
bg_47240,0.8420882225036621,0.2347182035446167,0.5448094606399536,488.0
bg_47251,0.8089055418968201,0.3026610016822815,0.6151882410049438,598.0
bg_47255,0.8021886348724365,0.200328454375267,0.5130524635314941,362.0
bg_47256,0.8439497351646423,0.2954288721084595,0.6131839752197266,400.0
bg_47260,0.806807816028595,0.2610916197299957,0.5567790269851685,462.0
bg_47263,0.8537186980247498,0.2799241542816162,0.6001733541488647,439.0
bg_47271,0.8528581261634827,0.344848096370697,0.650331974029541,151.0
bg_47272,0.8252518773078918,0.3241802752017975,0.6398623585700989,208.0
bg_47273,0.8736089468002319,0.3799181580543518,0.6822883486747742,179.0
bg_47279,0.845199465751648,0.2940493524074554,0.6083704233169556,279.0
bg_47281,0.8810297250747681,0.3934907913208008,0.6853407025337219,325.0
bg_47287,0.7719665169715881,0.2705017328262329,0.5793958306312561,99.0
bg_47302,0.8533176779747009,0.3805617094039917,0.6621631383895874,306.0
bg_47307,0.8510183095932007,0.336499273777008,0.619381308555603,400.0
bg_47310,0.8455501794815063,0.380104511976242,0.6464095711708069,408.0
bg_47314,0.807014524936676,0.3230395019054413,0.618442177772522,315.0
bg_47317,0.8384304642677307,0.3307465314865112,0.6354753971099854,115.0
bg_47318,0.7642744779586792,0.2316706478595733,0.5115005373954773,79.0
bg_47327,0.8443616032600403,0.3455392122268677,0.6490802764892578,136.0
bg_47342,0.8414003849029541,0.3113965690135956,0.6269505620002747,363.0
bg_47343,0.8416361212730408,0.2810472846031189,0.5960946083068848,542.0
bg_47346,0.8656899929046631,0.4360632598400116,0.7241480350494385,207.0
bg_47355,0.8532196283340454,0.3390121459960937,0.6424180865287781,453.0
bg_47357,0.861221194267273,0.3416767120361328,0.6538161635398865,408.0
bg_47358,0.8573564291000366,0.356233537197113,0.6664347648620605,163.0
bg_47373,0.8457103371620178,0.2902241945266723,0.6035317778587341,709.0
bg_47376,0.8186013102531433,0.1964304894208908,0.5088484287261963,317.0
bg_47380,0.8617247343063354,0.3055547475814819,0.5988794565200806,549.0
bg_47382,0.8709824681282043,0.3075244128704071,0.6349642872810364,298.0
bg_47386,0.8070054650306702,0.2257693260908126,0.5400726795196533,401.0
bg_47388,0.829239547252655,0.3767357170581817,0.6615260243415833,183.0
bg_47404,0.8854658007621765,0.4155057370662689,0.6966755986213684,365.0
bg_47409,0.7404869198799133,0.2238708138465881,0.4807551503181457,518.0
bg_47413,0.8324726819992065,0.270956814289093,0.5655036568641663,226.0
bg_47416,0.7679309844970703,0.3162389397621155,0.5677281022071838,472.0
bg_47418,0.8026478290557861,0.2999334335327148,0.5911003947257996,175.0
bg_47419,0.861392617225647,0.308362066745758,0.6271992325782776,132.0
bg_47422,0.8170919418334961,0.2872913181781769,0.5622941255569458,114.0
bg_47423,0.6302424669265747,0.2129342257976532,0.4667587280273437,170.0
bg_47428,0.826958417892456,0.3349775671958923,0.6482457518577576,186.0
bg_47440,0.8575963973999023,0.2961089313030243,0.6155423521995544,255.0
bg_47447,0.8123769164085388,0.2997290194034576,0.6010851860046387,188.0
bg_47452,0.8411713242530823,0.3575105965137481,0.6457245349884033,150.0
bg_47457,0.7517013549804688,0.2131803184747696,0.5092105865478516,429.0
bg_47458,0.849384069442749,0.3108870089054107,0.6115529537200928,371.0
bg_47461,0.736970841884613,0.2169155925512313,0.4897001385688782,504.0
bg_47463,0.8527684211730957,0.2742028832435608,0.5956915020942688,469.0
bg_47465,0.8465158343315125,0.2777222692966461,0.5950254201889038,144.0
bg_47469,0.7832967042922974,0.1576555520296096,0.4679940342903137,390.0
bg_47470,0.8025307059288025,0.3372871875762939,0.6231401562690735,496.0
bg_47473,0.8337764739990234,0.3816564977169037,0.6724972724914551,422.0
bg_47477,0.8651313781738281,0.2998754382133484,0.6311357021331787,426.0
bg_47483,0.8004819750785828,0.2635330855846405,0.5583488941192627,227.0
bg_47491,0.5594600439071655,0.0882316678762435,0.3208155333995819,92.0
bg_47502,0.7286157011985779,0.2423049211502075,0.5443040728569031,306.0
bg_47509,0.856016218662262,0.3613619804382324,0.6596396565437317,282.0
bg_47524,0.8329612612724304,0.3529552817344665,0.6656606197357178,213.0
bg_47525,0.8278372883796692,0.2936170101165771,0.5931520462036133,35.0
bg_47532,0.7963086366653442,0.2901867926120758,0.595865786075592,620.0
bg_47533,0.8451480269432068,0.3313919007778168,0.6417287588119507,139.0
bg_47534,0.894628643989563,0.3853636384010315,0.6735568642616272,137.0
bg_47535,0.8580215573310852,0.305777907371521,0.632451593875885,121.0
bg_47541,0.6192077994346619,0.1269224137067794,0.3608414232730865,607.0
bg_47553,0.7769704461097717,0.2279030382633209,0.557535707950592,466.0
bg_47554,0.7066881060600281,0.2100793719291687,0.5056982636451721,406.0
bg_47568,0.7900656461715698,0.3086741268634796,0.6160294413566589,111.0
bg_47572,0.8651430606842041,0.3562398850917816,0.6510018110275269,158.0
bg_47573,0.6976816654205322,0.1579091697931289,0.4046601355075836,518.0
bg_47576,0.6698184609413147,0.1890301704406738,0.4201969504356384,336.0
bg_47577,0.8306391835212708,0.2765471637248993,0.5894140005111694,166.0
bg_47580,0.8397898077964783,0.241129070520401,0.5623683333396912,378.0
bg_47585,0.8655056357383728,0.3183509707450866,0.6486948728561401,180.0
bg_47586,0.8221508264541626,0.2872239947319031,0.5812807083129883,230.0
bg_47594,0.8500232100486755,0.2587666511535644,0.5831232070922852,197.0
bg_47597,0.817787766456604,0.3039368987083435,0.6092863082885742,104.0
bg_47611,0.8533755540847778,0.3454509973526001,0.6343507766723633,164.0
bg_47612,0.8695076107978821,0.3741201758384704,0.6781091094017029,198.0
bg_47613,0.7131578922271729,0.1232973039150238,0.4127810597419739,654.0
bg_47634,0.8616153001785278,0.3612636625766754,0.6656036972999573,150.0
bg_47639,0.8067286014556885,0.2539464831352234,0.5407993197441101,432.0
bg_47640,0.8595104217529297,0.3291573524475097,0.6504305005073547,296.0
bg_47641,0.860698938369751,0.3332508504390716,0.644584596157074,80.0
bg_47645,0.8381972312927246,0.2911032736301422,0.6120368242263794,502.0
bg_47647,0.8073840141296387,0.245646446943283,0.5487440824508667,357.0
bg_47649,0.8176029324531555,0.2284349650144577,0.5460450649261475,63.0
bg_47650,0.86253422498703,0.3777589499950409,0.6899681687355042,351.0
bg_47655,0.6937093734741211,0.236266627907753,0.5096150636672974,395.0
bg_47658,0.809192419052124,0.2549298107624054,0.5523602366447449,432.0
bg_47673,0.722603976726532,0.1973409354686737,0.5080655217170715,410.0
bg_47676,0.8573081493377686,0.3769929409027099,0.6737627387046814,433.0
bg_47694,0.7845911979675293,0.2476300597190857,0.5258185863494873,409.0
bg_47703,0.8732929825782776,0.3040090501308441,0.627974271774292,327.0
bg_47716,0.8688265085220337,0.2244303375482559,0.5601600408554077,429.0
bg_47720,0.8494411110877991,0.2153524160385131,0.5370967984199524,435.0
bg_47724,0.8769955635070801,0.348348319530487,0.6652510166168213,297.0
bg_47732,0.8618217706680298,0.3377777636051178,0.6492743492126465,148.0
bg_47743,0.8648390173912048,0.2774013876914978,0.6089867949485779,106.0
bg_47749,0.8638458251953125,0.3337585926055908,0.6352540254592896,461.0
bg_47751,0.8299571871757507,0.305915355682373,0.5999218225479126,405.0
bg_47755,0.8306710720062256,0.3183405697345733,0.5945664048194885,141.0
bg_47758,0.8573934435844421,0.3456320762634277,0.6542021632194519,143.0
bg_47768,0.780075192451477,0.230005994439125,0.528844952583313,173.0
bg_47771,0.8144329786300659,0.237488716840744,0.5508409738540649,424.0
bg_47775,0.8222267031669617,0.2746737897396087,0.594300389289856,104.0
bg_47779,0.8345574140548706,0.2402613908052444,0.5455255508422852,382.0
bg_47785,0.8780162930488586,0.334860622882843,0.6340571641921997,161.0
bg_47788,0.8217250108718872,0.2725313901901245,0.5762539505958557,355.0
bg_47791,0.8475779294967651,0.3055943250656128,0.6268678903579712,211.0
bg_47794,0.8584867119789124,0.3323038220405578,0.6483392119407654,110.0
bg_47795,0.7590603232383728,0.1382356733083725,0.4401463270187378,509.0
bg_47804,0.8383734822273254,0.3452880680561065,0.6595606803894043,151.0
bg_47819,0.8533689379692078,0.3115964531898498,0.6229094862937927,137.0
bg_47823,0.7511906623840332,0.2386710941791534,0.5171888470649719,173.0
bg_47829,0.8544347286224365,0.320751428604126,0.6309271454811096,168.0
bg_47830,0.1554719656705856,-0.0839982256293296,0.0212232694029808,556.0
bg_47831,0.8064598441123962,0.2574678957462311,0.5373134016990662,397.0
bg_47832,0.7944368124008179,0.2911945879459381,0.5876961350440979,446.0
bg_47841,0.8187543749809265,0.2351995706558227,0.5409896969795227,421.0
bg_47842,0.8457517623901367,0.3033741116523742,0.6032755970954895,205.0
bg_47844,0.7717480063438416,0.1942459642887115,0.5096786618232727,457.0
bg_47853,0.8810701966285706,0.3644089698791504,0.6816222071647644,541.0
bg_47854,0.8299672603607178,0.1839489191770553,0.5252998471260071,405.0
bg_47857,0.7646715044975281,0.2800523936748504,0.5802469253540039,53.0
bg_47862,0.8692135810852051,0.3192396163940429,0.6297376155853271,133.0
bg_47864,0.8766053318977356,0.4119115471839905,0.705406904220581,329.0
bg_47870,0.790920615196228,0.3390431404113769,0.6151068806648254,231.0
bg_47871,0.8339548110961914,0.303583562374115,0.6150094270706177,121.0
bg_47883,0.8262884020805359,0.2077267915010452,0.5332781076431274,227.0
bg_47889,0.8538097143173218,0.2920450270175934,0.6142306327819824,199.0
bg_47897,0.8218148946762085,0.2966307699680328,0.5852515697479248,163.0
bg_47898,0.816057026386261,0.2726597487926483,0.5799727439880371,108.0
bg_47900,0.869182825088501,0.2059810310602188,0.5331020355224609,418.0
bg_47902,0.8417676091194153,0.3178192377090454,0.6143434047698975,162.0
bg_47903,0.8304299712181091,0.3011218607425689,0.6034573912620544,181.0
bg_47906,0.658496618270874,0.1306605637073516,0.4237110614776611,581.0
bg_47923,0.8278918862342834,0.284656286239624,0.5760244727134705,468.0
bg_47932,0.7632009387016296,0.1728818565607071,0.471492737531662,490.0
bg_47934,0.84172523021698,0.2744712233543396,0.5917170643806458,423.0
bg_47935,0.821908712387085,0.2998851239681244,0.598591148853302,89.0
bg_47941,0.8730860352516174,0.3794910609722137,0.6694517731666565,366.0
bg_47942,0.6858816742897034,0.2042502760887146,0.4830040633678436,537.0
bg_47946,0.8458503484725952,0.3807598948478699,0.6849783658981323,235.0
bg_47950,0.8022804856300354,0.1781360656023025,0.5136719346046448,279.0
bg_47954,0.8301562666893005,0.4450064897537231,0.7131195068359375,204.0
bg_47955,0.8230102062225342,0.302097350358963,0.6147612929344177,145.0
bg_47956,0.8400744199752808,0.2606466114521026,0.5838495492935181,480.0
bg_47959,0.7634633183479309,0.326360285282135,0.6431546211242676,459.0
bg_47967,0.7927463054656982,0.2535188496112823,0.5446159243583679,352.0
bg_47974,0.864886462688446,0.3757816255092621,0.6659064888954163,158.0
bg_47975,0.8292862176895142,0.2536937892436981,0.5527377128601074,135.0
bg_47976,0.7896859049797058,0.2248129993677139,0.5177959203720093,325.0
bg_47978,0.8302592039108276,0.2675199508666992,0.5882292985916138,397.0
bg_47987,0.7830978035926819,0.212844118475914,0.5298861265182495,171.0
bg_47992,0.8730510473251343,0.1657483875751495,0.4986069500446319,427.0
bg_48001,0.8454191088676453,0.3171275556087494,0.6423651576042175,256.0
bg_48002,0.8768926858901978,0.3662222027778625,0.6856256723403931,1050.0
bg_48005,0.8887100219726562,0.3828150331974029,0.6817094087600708,1490.0
bg_48006,0.8620151281356812,0.3522440195083618,0.6620757579803467,171.0
bg_48007,0.8098357319831848,0.1744322329759597,0.5183788537979126,235.0
bg_48023,0.8102371692657471,0.3571630120277405,0.6543474793434143,101.0
bg_48025,0.8177562952041626,0.2283532321453094,0.5099659562110901,510.0
bg_48026,0.8812424540519714,0.3563994169235229,0.654566764831543,423.0
bg_48040,0.869523823261261,0.3576349020004272,0.6773051023483276,363.0
bg_48056,0.8733283877372742,0.3339661657810211,0.6303417682647705,202.0
bg_48057,0.7520628571510315,0.2783332169055938,0.5650766491889954,339.0
bg_48068,0.8385090827941895,0.287944346666336,0.6061667799949646,173.0
bg_48074,0.8303533792495728,0.2405951917171478,0.5493456721305847,525.0
bg_48076,0.8349233865737915,0.4041540026664734,0.6914726495742798,198.0
bg_48091,0.8486377000808716,0.3601934313774109,0.6623462438583374,153.0
bg_48095,0.8375603556632996,0.2008407115936279,0.5096165537834167,372.0
bg_48102,0.8120304346084595,0.2098811715841293,0.5293357968330383,69.0
bg_48107,0.7851203680038452,0.3163210451602936,0.5878918170928955,252.0
bg_48108,0.8263216614723206,0.2808705866336822,0.5996605157852173,161.0
bg_48113,0.8656099438667297,0.2829297482967376,0.6216703653335571,464.0
bg_48118,0.8569613695144653,0.4006063938140869,0.7011120319366455,383.0
bg_48128,0.8582240343093872,0.3844058811664581,0.6680963635444641,122.0
bg_48138,0.8800294995307922,0.3331494033336639,0.6347761154174805,160.0
bg_48145,0.8228252530097961,0.3426278829574585,0.6346408128738403,251.0
bg_48148,0.8655315041542053,0.3373028337955475,0.6575899124145508,140.0
bg_48149,0.7968804836273193,0.3011001646518707,0.6157232522964478,198.0
bg_48155,0.8767072558403015,0.3756261467933655,0.6777013540267944,172.0
bg_48160,0.7920190691947937,0.3481961786746979,0.6342938542366028,114.0
bg_48162,0.7405152320861816,0.1774179488420486,0.4816124737262726,451.0
bg_48166,0.875170886516571,0.3680126368999481,0.6695923805236816,442.0
bg_48169,0.864818811416626,0.3386527597904205,0.6537244319915771,444.0
bg_48174,0.8728317618370056,0.3381180763244629,0.6427701711654663,733.0
bg_48182,0.6898133158683777,0.1774050742387771,0.459072470664978,439.0
bg_48184,0.8401213884353638,0.2542175054550171,0.5804930925369263,110.0
bg_48186,0.7971763610839844,0.2374741286039352,0.5096169114112854,422.0
bg_48190,0.8613061904907227,0.2625484466552734,0.5808489322662354,198.0
bg_48196,0.8616496920585632,0.3730736374855041,0.654456377029419,377.0
bg_48210,0.8057050704956055,0.284521996974945,0.6045269966125488,127.0
bg_48221,0.84117591381073,0.2912155091762543,0.6030937433242798,108.0
bg_48224,0.8496814966201782,0.2788233458995819,0.6035429239273071,518.0
bg_48228,0.8339803814888,0.2902298867702484,0.5936106443405151,214.0
bg_48229,0.8146077394485474,0.2509129345417022,0.5495498776435852,389.0
bg_48239,0.7485939860343933,0.1972361654043197,0.4972279071807861,472.0
bg_48241,0.8723953366279602,0.3648752868175506,0.6692795753479004,335.0
bg_48243,0.8616482615470886,0.2943044006824493,0.615174412727356,531.0
bg_48255,0.8734662532806396,0.3401082754135132,0.6467933058738708,902.0
bg_48257,0.8650341629981995,0.3214257359504699,0.6421321630477905,157.0
bg_48258,0.8305821418762207,0.3433337211608886,0.651833713054657,111.0
bg_48281,0.8213263154029846,0.2705930173397064,0.5930590629577637,115.0
bg_48286,0.8371078372001648,0.315276563167572,0.6425236463546753,159.0
bg_48301,0.6910912990570068,0.1265508532524109,0.353643536567688,149.0
bg_48313,0.8029336929321289,0.2625851631164551,0.5755678415298462,279.0
bg_48318,0.8555411100387573,0.331254094839096,0.6351239085197449,176.0
bg_48323,0.8307005167007446,0.2375637888908386,0.5649735331535339,153.0
bg_48336,0.8335198760032654,0.3080467879772186,0.6034676432609558,425.0
bg_48337,0.8118301033973694,0.3050391674041748,0.6077629923820496,115.0
bg_48340,0.8728305101394653,0.3524535000324249,0.6507555246353149,111.0
bg_48341,0.8885546326637268,0.3822986483573913,0.6895502805709839,370.0
bg_48342,0.8612263202667236,0.2937169373035431,0.618897557258606,153.0
bg_48351,0.8389042019844055,0.3152302503585815,0.6277790665626526,131.0
bg_48354,0.8345011472702026,0.23300501704216,0.5257614254951477,514.0
bg_48358,0.8647754788398743,0.2838412821292877,0.6109067797660828,193.0
bg_48364,0.8457881808280945,0.3455334007740021,0.6349326968193054,705.0
bg_48368,0.8625558614730835,0.3362863063812256,0.6301908493041992,169.0
bg_48377,0.878395140171051,0.2897075116634369,0.6033250689506531,164.0
bg_48380,0.841879665851593,0.3174984157085418,0.6227462887763977,378.0
bg_48382,0.8435181379318237,0.3104495406150818,0.6230744123458862,474.0
bg_48385,0.8429449200630188,0.31525719165802,0.6150456666946411,139.0
bg_48388,0.774175226688385,0.3696159422397613,0.6584343314170837,203.0
bg_48389,0.8495146036148071,0.3025048375129699,0.6344819068908691,392.0
bg_48395,0.8141851425170898,0.3768889605998993,0.6501197814941406,523.0
bg_48398,0.8690442442893982,0.3232494592666626,0.6388768553733826,645.0
bg_48406,0.8272014856338501,0.3374725878238678,0.6210982799530029,366.0
bg_48407,0.8218957781791687,0.2109712213277816,0.5203002095222473,186.0
bg_48414,0.728783905506134,0.2250865697860717,0.5274646282196045,59.0
bg_48421,0.7988578677177429,0.2643709480762481,0.5620257258415222,182.0
bg_48423,0.779298722743988,0.2474841475486755,0.5495526194572449,225.0
bg_48426,0.7586507201194763,0.337862491607666,0.6217419505119324,54.0
bg_48429,0.8575566411018372,0.3213531672954559,0.6380555033683777,149.0
bg_48435,0.8387423753738403,0.3290738463401794,0.627135694026947,171.0
bg_48438,0.856905996799469,0.3480754494667053,0.6540957093238831,214.0
bg_48442,0.6945260167121887,0.1187444478273391,0.3846142292022705,268.0
bg_48452,0.7870259881019592,0.2834064066410064,0.5998541712760925,457.0
bg_48453,0.8298459053039551,0.289769560098648,0.5990265011787415,360.0
bg_48454,0.8396298885345459,0.2713515162467956,0.581793487071991,412.0
bg_48457,0.8370327949523926,0.2918707132339477,0.6035857200622559,111.0
bg_48459,0.8178248405456543,0.3773521780967712,0.6622694730758667,165.0
bg_48460,0.849303662776947,0.3247466087341308,0.642905056476593,153.0
bg_48472,0.863838255405426,0.373928427696228,0.665900707244873,272.0
bg_48473,0.8495917320251465,0.3368213176727295,0.6427322626113892,114.0
bg_48482,0.8594126105308533,0.314161092042923,0.6422420144081116,236.0
bg_48484,0.8220566511154175,0.2013238072395324,0.5264283418655396,203.0
bg_48489,0.8538957238197327,0.3822983801364898,0.6778184175491333,401.0
bg_48499,0.8736215829849243,0.3191205561161041,0.6456650495529175,101.0
bg_48503,0.8141884803771973,0.20094034075737,0.5142278671264648,495.0
bg_48507,0.8653078675270081,0.317409336566925,0.6145817637443542,445.0
bg_48508,0.7605128288269043,0.2131900787353515,0.4887502193450928,122.0
bg_48509,0.7444993257522583,0.2736274003982544,0.5494617819786072,72.0
bg_48511,0.865449845790863,0.3504674434661865,0.6626790165901184,378.0
bg_48518,0.8042476773262024,0.2939578294754028,0.5847436785697937,160.0
bg_48523,0.8947651386260986,0.3722227811813354,0.6660642623901367,376.0
bg_48525,0.8335961699485779,0.3212533891201019,0.627195417881012,231.0
bg_48526,0.8494606018066406,0.3027682900428772,0.599288821220398,148.0
bg_48528,0.8763872385025024,0.3759161233901977,0.6851033568382263,207.0
bg_48536,0.8696173429489136,0.3331337869167328,0.6470656991004944,439.0
bg_48539,0.8801885843276978,0.3573903441429138,0.6729053854942322,188.0
bg_48547,0.8326829075813293,0.3719282746315002,0.6614518761634827,277.0
bg_48554,0.8570914268493652,0.3525001406669616,0.6587555408477783,149.0
bg_48559,0.8802924752235413,0.3369863927364349,0.6467036604881287,419.0
bg_48563,0.8612892627716064,0.3418175876140594,0.662064790725708,510.0
bg_48571,0.833915114402771,0.3216176331043243,0.6302554607391357,131.0
bg_48575,0.6412082314491272,0.1571899056434631,0.4252678155899048,586.0
bg_48576,0.8768510818481445,0.3082198798656463,0.6145369410514832,450.0
bg_48586,0.8497428297996521,0.3138330280780792,0.606396496295929,123.0
bg_48589,0.7977812886238098,0.2861189246177673,0.5954118967056274,67.0
bg_48593,0.8455480337142944,0.3844926059246063,0.6698646545410156,543.0
bg_48599,0.8108176589012146,0.2781520783901214,0.5840107798576355,355.0
bg_48608,0.8394314050674438,0.3380406498908996,0.6410115957260132,130.0
bg_48615,0.8418619632720947,0.2607623040676117,0.5642293095588684,453.0
bg_48616,0.7886123657226562,0.2636668384075165,0.5494206547737122,370.0
bg_48619,0.8322657346725464,0.3157365024089813,0.6229549646377563,391.0
bg_48633,0.7992910146713257,0.2792118787765503,0.5870491862297058,139.0
bg_48634,0.8572099804878235,0.3251851201057434,0.6383144855499268,531.0
bg_48639,0.8605476021766663,0.3134810626506805,0.615276575088501,268.0
bg_48656,0.7916203141212463,0.1986569017171859,0.4732034206390381,64.0
bg_48660,0.8574228882789612,0.3332376182079315,0.6424775719642639,160.0
bg_48666,0.7713989019393921,0.2721096873283386,0.5789473652839661,159.0
bg_48667,0.838208019733429,0.239225834608078,0.5805848836898804,236.0
bg_48670,0.7980343699455261,0.2477536797523498,0.4986090362071991,129.0
bg_48675,0.8177132606506348,0.2753674983978271,0.5722821950912476,148.0
bg_48676,0.8186120390892029,0.3117261528968811,0.6150694489479065,233.0
bg_48682,0.8527730703353882,0.3076267540454864,0.6303355693817139,174.0
bg_48684,0.8591657876968384,0.3720634579658508,0.6655808091163635,442.0
bg_48685,0.8469778299331665,0.3079358339309692,0.599602460861206,189.0
bg_48688,0.8692016005516052,0.3721043765544891,0.6655508279800415,376.0
bg_48701,0.8729965686798096,0.361847311258316,0.6706678867340088,171.0
bg_48706,0.8687812685966492,0.3295304477214813,0.6346041560173035,316.0
bg_48709,0.8885977268218994,0.3510171771049499,0.6546505093574524,172.0
bg_48731,0.7944205403327942,0.2835542559623718,0.5773937106132507,423.0
bg_48732,0.8112031817436218,0.2478779852390289,0.5486621856689453,548.0
bg_48749,0.7910769581794739,0.3156555593013763,0.6158146262168884,72.0
bg_48755,0.7601917386054993,0.2960829436779022,0.5852957963943481,167.0
bg_48756,0.8848223686218262,0.3308704793453216,0.6503279209136963,468.0
bg_48761,0.8104602098464966,0.2673948109149933,0.564887523651123,398.0
bg_48763,0.8306608200073242,0.2806396484375,0.5919932126998901,328.0
bg_48772,0.8354753851890564,0.2995823621749878,0.6131826043128967,172.0
bg_48774,0.8646504878997803,0.3637981712818146,0.6748738884925842,162.0
bg_48784,0.8303764462471008,0.3497389554977417,0.6506091952323914,163.0
bg_48786,0.8281834721565247,0.3202287554740906,0.6458991765975952,138.0
bg_48787,0.8653838634490967,0.3843535482883453,0.6701427698135376,236.0
bg_48788,0.7554657459259033,0.2205391526222229,0.5021418929100037,379.0
bg_48790,0.8654584884643555,0.3311898708343506,0.654542088508606,206.0
bg_48793,0.8495663404464722,0.366021454334259,0.6734484434127808,161.0
bg_48801,0.8499711751937866,0.2975401580333709,0.5993497967720032,268.0
bg_48805,0.8187658786773682,0.3104035556316376,0.6108124852180481,365.0
bg_48806,0.8643196225166321,0.3527775406837463,0.6546858549118042,158.0
bg_48810,0.8850167989730835,0.3261444270610809,0.6308895349502563,577.0
bg_48811,0.8301972150802612,0.2919296622276306,0.596587598323822,170.0
bg_48814,0.8462929725646973,0.3273599743843078,0.6190462708473206,312.0
bg_48817,0.8355978727340698,0.3089047074317932,0.6233317852020264,134.0
bg_48827,0.8111491203308105,0.2390152215957641,0.5570060014724731,191.0
bg_48837,0.8170434832572937,0.3734087646007538,0.6415584683418274,61.0
bg_48840,0.8466209173202515,0.2557612359523773,0.5687276124954224,534.0
bg_48841,0.838653564453125,0.3660373985767364,0.6581527590751648,338.0
bg_48842,0.8411179184913635,0.2981911301612854,0.6112301349639893,362.0
bg_48852,0.8571830987930298,0.3374593555927276,0.6448171138763428,170.0
bg_48859,0.8190048336982727,0.3600894212722778,0.6351108551025391,187.0
bg_48865,0.8150208592414856,0.2626601755619049,0.565719485282898,95.0
bg_48869,0.8294035792350769,0.3200635612010956,0.6232247352600098,116.0
bg_48885,0.8493567705154419,0.3383332192897796,0.6507935523986816,410.0
bg_48896,0.8222572207450867,0.213744580745697,0.5332855582237244,277.0
bg_48901,0.8337177038192749,0.223508208990097,0.5529123544692993,526.0
bg_48903,0.8628823161125183,0.3327918946743011,0.6315671801567078,158.0
bg_48920,0.8598103523254395,0.2764735519886017,0.5916370153427124,418.0
bg_48922,0.7915797233581543,0.3645569086074829,0.646706759929657,149.0
bg_48926,0.880811870098114,0.3574268817901611,0.6544017791748047,463.0
bg_48928,0.8789834976196289,0.4235653579235077,0.7043974995613098,388.0
bg_48930,0.8141904473304749,0.3299627602100372,0.6272479295730591,453.0
bg_48936,0.8450558185577393,0.2753341495990753,0.5604559779167175,332.0
bg_48937,0.1186259090900421,-0.1106437966227531,0.0211708322167396,484.0
bg_48941,0.7598744630813599,0.2440281808376312,0.5057963132858276,743.0
bg_48946,0.795123815536499,0.2165940850973129,0.4858743250370025,378.0
bg_48948,0.8568512201309204,0.3645921647548675,0.6775986552238464,158.0
bg_48957,0.8923885226249695,0.3144394755363464,0.619148850440979,554.0
bg_48959,0.8552693128585815,0.3327088057994842,0.646508514881134,372.0
bg_48961,0.8538705110549927,0.2925173938274383,0.5953167080879211,316.0
bg_48967,0.8457337021827698,0.3151484727859497,0.6159882545471191,441.0
bg_48979,0.8497680425643921,0.2635394930839538,0.5919890403747559,420.0
bg_48989,0.8186051845550537,0.2647792994976043,0.5838921666145325,154.0
bg_48991,0.8297408223152161,0.3143840134143829,0.607891857624054,403.0
bg_48995,0.8353976011276245,0.3016890585422516,0.6188380122184753,79.0
bg_49003,0.8535149097442627,0.3350759744644165,0.618167519569397,319.0
bg_49014,0.8321863412857056,0.3220832347869873,0.6188514232635498,151.0
bg_49016,0.8145576119422913,0.1484219282865524,0.4668083786964416,408.0
bg_49019,0.8275014162063599,0.2763403356075287,0.5763112902641296,228.0
bg_49020,0.8377603888511658,0.2253041714429855,0.5528952479362488,224.0
bg_49023,0.8342602849006653,0.3052358031272888,0.6080031394958496,97.0
bg_49026,0.808219850063324,0.3210997581481933,0.6231788992881775,170.0
bg_49029,0.5643362402915955,0.1426464915275573,0.4082591831684112,483.0
bg_49036,0.8933528661727905,0.3402965068817138,0.6463274359703064,162.0
bg_49037,0.8534373641014099,0.3064622282981872,0.6152604222297668,467.0
bg_49040,0.8652635216712952,0.3251231610774994,0.6347585916519165,191.0
bg_49047,0.8549901843070984,0.2860696911811828,0.599886953830719,1096.0
bg_49049,0.8227421045303345,0.3022559583187103,0.6145740747451782,161.0
bg_49055,0.8242530822753906,0.3142066895961761,0.6114808917045593,121.0
bg_49057,0.85773766040802,0.3030107915401459,0.6224778890609741,408.0
bg_49064,0.7831092476844788,0.1944115459918975,0.5099025964736938,187.0
bg_49065,0.7867103815078735,0.2445707321166992,0.5489205121994019,279.0
bg_49076,0.8017394542694092,0.3219035863876343,0.6029537320137024,71.0
bg_49092,0.8814783096313477,0.313293993473053,0.6458945274353027,208.0
bg_49093,0.8653609752655029,0.3660617768764496,0.6736462116241455,1021.0
bg_49097,0.803607702255249,0.232630580663681,0.5305749177932739,64.0
bg_49106,0.7475846409797668,0.1810958981513977,0.474515438079834,434.0
bg_49119,0.8761308789253235,0.2723751068115234,0.5797607898712158,149.0
bg_49122,0.8554311990737915,0.2917893528938293,0.6195791363716125,229.0
bg_49132,0.8346300721168518,0.3059212863445282,0.6236551403999329,157.0
bg_49142,0.7924479842185974,0.2751422226428985,0.5660848617553711,374.0
bg_49144,0.8705189228057861,0.4001175165176391,0.6820093989372253,380.0
bg_49145,0.8702693581581116,0.3468811810016632,0.6526209115982056,125.0
bg_49148,0.8736802339553833,0.3155059814453125,0.6422683596611023,201.0
bg_49154,0.8495727777481079,0.2810011208057403,0.6228013038635254,116.0
bg_49157,0.7873997688293457,0.2171256393194198,0.536561906337738,483.0
bg_49158,0.8700465559959412,0.3484032154083252,0.6581457257270813,180.0
bg_49160,0.7932546734809875,0.2567432224750519,0.5560371279716492,136.0
bg_49162,0.7950367331504822,0.2546798586845398,0.560282826423645,429.0
bg_49165,0.7676398754119873,0.2735857963562011,0.5607190728187561,446.0
bg_49181,0.8765251636505127,0.325871080160141,0.6385156512260437,227.0
bg_49186,0.8807713985443115,0.3410853445529938,0.6418582201004028,366.0
bg_49190,0.8612013459205627,0.3066726922988891,0.6112202405929565,521.0
bg_49191,0.8464173078536987,0.2017901539802551,0.541105329990387,164.0
bg_49202,0.8735975027084351,0.3802903592586517,0.6932015419006348,287.0
bg_49208,0.8499974012374878,0.3109406530857086,0.6309857368469238,134.0
bg_49212,0.8002265095710754,0.260315328836441,0.5220409631729126,221.0
bg_49220,0.8256007432937622,0.3329931199550628,0.638098955154419,176.0
bg_49221,0.8383848667144775,0.3535759449005127,0.6495180130004883,184.0
bg_49222,0.8659235835075378,0.3796025216579437,0.6894986033439636,149.0
bg_49223,0.838905930519104,0.333660215139389,0.6496010422706604,142.0
bg_49225,0.8432472944259644,0.2733208835124969,0.5877532958984375,110.0
bg_49246,0.8445229530334473,0.3602779507637024,0.6387315988540649,271.0
bg_49249,0.8419867157936096,0.3295994997024536,0.6501744389533997,489.0
bg_49250,0.8343533277511597,0.3097903132438659,0.6181262731552124,65.0
bg_49254,0.7170156240463257,0.3895127177238464,0.642894983291626,365.0
bg_49256,0.8240743279457092,0.306367427110672,0.6264341473579407,406.0
bg_49273,0.8633333444595337,0.3576962649822235,0.6626071333885193,144.0
bg_49279,0.8253854513168335,0.3194592297077179,0.638881504535675,128.0
bg_49284,0.8341530561447144,0.1977181434631347,0.5370335578918457,184.0
bg_49289,0.8417691588401794,0.2984720766544342,0.6231861114501953,141.0
bg_49295,0.6751968860626221,0.1107201427221298,0.3544859588146209,96.0
bg_49300,0.8407377004623413,0.3014037907123565,0.6037192344665527,485.0
bg_49304,0.745802104473114,0.1821001470088958,0.4616420567035675,554.0
bg_49310,0.822205662727356,0.2794676721096039,0.6109392642974854,125.0
bg_49314,0.8262162208557129,0.2332146316766739,0.5636972188949585,189.0
bg_49319,0.8459916114807129,0.3207079470157623,0.6285147666931152,102.0
bg_49320,0.8257719874382019,0.3077908754348755,0.6037323474884033,439.0
bg_49328,0.7623751163482666,0.1897696256637573,0.4933451414108276,168.0
bg_49329,0.8532838225364685,0.3425129652023315,0.6383160352706909,179.0
bg_49332,0.8517367839813232,0.3946894109249115,0.6661036014556885,94.0
bg_49336,0.8418943881988525,0.2786858081817627,0.5836663246154785,726.0
bg_49337,0.8422152400016785,0.2339753657579422,0.5564746856689453,404.0
bg_49339,0.8061825037002563,0.231528639793396,0.5405222177505493,478.0
bg_49342,0.7466843724250793,0.2051777690649032,0.47486212849617,450.0
bg_49353,0.778839647769928,0.2432677149772644,0.557153582572937,793.0
bg_49369,0.7770252823829651,0.298927903175354,0.5906327962875366,416.0
bg_49370,0.8336768746376038,0.3253641128540039,0.6348922848701477,1101.0
bg_49373,0.7935178279876709,0.3175349235534668,0.6211877465248108,340.0
bg_49378,0.8287496566772461,0.1891943663358688,0.4984294772148132,578.0
bg_49379,0.8462515473365784,0.294725626707077,0.6115540862083435,230.0
bg_49381,0.8539398312568665,0.3533306419849396,0.654796302318573,519.0
bg_49383,0.8220396041870117,0.2865676283836365,0.6183647513389587,161.0
bg_49384,0.8107284307479858,0.2845706641674042,0.6031781435012817,380.0
bg_49389,0.8270998597145081,0.2976433038711548,0.6038092970848083,147.0
bg_49396,0.8450936079025269,0.3272692263126373,0.6229337453842163,478.0
bg_49397,0.8814834952354431,0.3392039239406585,0.654302179813385,158.0
bg_49399,0.8646220564842224,0.3264729678630829,0.6310313940048218,201.0
bg_49401,0.8500728607177734,0.3652920424938202,0.6462154388427734,265.0
bg_49412,0.7994260191917419,0.2145653069019317,0.5157871246337891,96.0
bg_49416,0.8568743467330933,0.3235649168491363,0.6308699250221252,174.0
bg_49418,0.8254050016403198,0.3153432011604309,0.6232587695121765,115.0
bg_49425,0.8711269497871399,0.3962391316890716,0.6972134113311768,336.0
bg_49430,0.8507789373397827,0.4044387340545654,0.6947962045669556,150.0
bg_49434,0.8421944379806519,0.4003888070583343,0.6623088717460632,338.0
bg_49442,0.8557083606719971,0.3506112694740295,0.6499658823013306,280.0
bg_49445,0.8029606938362122,0.2668684720993042,0.5797175765037537,197.0
bg_49448,0.8881053328514099,0.3387194573879242,0.6583991050720215,295.0
bg_49457,0.8644461631774902,0.3966569304466247,0.6932489275932312,243.0
bg_49473,0.8499934077262878,0.2921949625015259,0.6153673529624939,511.0
bg_49474,0.8225389122962952,0.2662501633167267,0.5955945253372192,152.0
bg_49482,0.8610820770263672,0.3404326140880584,0.6506549715995789,375.0
bg_49488,0.8049502968788147,0.2852967083454132,0.5651935338973999,252.0
bg_49501,0.8429582118988037,0.3404836654663086,0.6422873139381409,107.0
bg_49502,0.7124701738357544,0.193164587020874,0.4937953650951385,413.0
bg_49504,0.8221790790557861,0.3128749430179596,0.6018468141555786,180.0
bg_49508,0.8211832046508789,0.3070191144943237,0.6111742258071899,265.0
bg_49515,0.7286970019340515,0.2173406779766082,0.4828501939773559,464.0
bg_49530,0.8136897683143616,0.3108351230621338,0.5838287472724915,201.0
bg_49536,0.8461651802062988,0.3289629220962524,0.639367938041687,121.0
bg_49540,0.7908852100372314,0.2522420883178711,0.5489433407783508,450.0
bg_49547,0.7289553880691528,0.2524052262306213,0.5102891325950623,231.0
bg_49551,0.8131518363952637,0.3103951215744018,0.6099534630775452,132.0
bg_49556,0.8698106408119202,0.4124075174331665,0.6856200098991394,303.0
bg_49561,0.8537644743919373,0.3157023191452026,0.6309372186660767,367.0
bg_49567,0.7026021480560303,0.3278407156467438,0.5634929537773132,150.0
bg_49571,0.8658238649368286,0.3151318430900574,0.6309360265731812,415.0
bg_49573,0.817720890045166,0.3339725732803345,0.6429568529129028,363.0
bg_49574,0.8333421945571899,0.3064315915107727,0.6107949614524841,125.0
bg_49578,0.8401414752006531,0.3146887719631195,0.6450086236000061,273.0
bg_49580,0.8421818614006042,0.3181821405887604,0.6267536878585815,432.0
bg_49581,0.8687136769294739,0.3018098175525665,0.6270071864128113,337.0
bg_49585,0.8455324172973633,0.3414914906024933,0.6501570343971252,262.0
bg_49592,0.8886611461639404,0.4228212535381317,0.7170467972755432,357.0
bg_49598,0.6955257654190063,0.2722513377666473,0.5334917902946472,334.0
bg_49600,0.833830714225769,0.2911019027233124,0.5896894931793213,464.0
bg_49616,0.8558677434921265,0.3060210347175598,0.6125857830047607,214.0
bg_49621,0.8382342457771301,0.2646681666374206,0.5766469836235046,509.0
bg_49625,0.8248381018638611,0.2601701021194458,0.5685935616493225,555.0
bg_49639,0.8241351842880249,0.1730097085237503,0.5067842602729797,217.0
bg_49643,0.8262036442756653,0.2909170985221863,0.6071479320526123,463.0
bg_49654,0.8302210569381714,0.3143269717693329,0.6192013621330261,461.0
bg_49658,0.8786634206771851,0.4316180050373077,0.7090230584144592,316.0
bg_49665,0.7636798620223999,0.3121009469032287,0.6035036444664001,160.0
bg_49668,0.8500522375106812,0.3181890845298767,0.6155042052268982,500.0
bg_49672,0.8242586255073547,0.2514724433422088,0.5681653618812561,364.0
bg_49674,0.8459400534629822,0.2485863864421844,0.5552563667297363,212.0
bg_49675,0.8638164401054382,0.3385577499866485,0.6423797011375427,194.0
bg_49677,0.8639148473739624,0.3171747624874115,0.6073223948478699,123.0
bg_49678,-0.048940721899271,-0.0107770944014191,0.0422231815755367,165.0
bg_49695,0.8026658296585083,0.3568464815616607,0.6443912982940674,154.0
bg_49700,0.8807448148727417,0.3493206799030304,0.6549535393714905,294.0
bg_49704,0.7948696613311768,0.2367210984230041,0.5372687578201294,447.0
bg_49708,0.8482188582420349,0.3432342410087585,0.6537289619445801,194.0
bg_49710,0.8337106704711914,0.2171044498682022,0.5281803607940674,539.0
bg_49720,0.8164815902709961,0.2429925352334976,0.5334850549697876,137.0
bg_49726,0.8340631127357483,0.266313374042511,0.5525755882263184,483.0
bg_49728,0.8808150887489319,0.3673464953899383,0.6817178726196289,368.0
bg_49730,0.7440850734710693,0.208380252122879,0.5045760273933411,470.0
bg_49735,0.805784285068512,0.2803486585617065,0.5691370368003845,460.0
bg_49740,0.8576112389564514,0.3966178894042969,0.69770747423172,488.0
bg_49743,0.8345286250114441,0.3305184543132782,0.6305158138275146,191.0
bg_49749,0.8769358992576599,0.4040271341800689,0.7012839913368225,351.0
bg_49750,0.8538480997085571,0.3032436370849609,0.6538969278335571,166.0
bg_49759,0.8398951292037964,0.3103422522544861,0.6128478050231934,110.0
bg_49767,0.8493973016738892,0.3584898710250854,0.6540417075157166,187.0
bg_49771,0.86545729637146,0.2782528698444366,0.5869017243385315,195.0
bg_49780,0.6544345617294312,0.2032213360071182,0.4793052971363067,316.0
bg_49782,0.856482744216919,0.2803168296813965,0.5995047092437744,439.0
bg_49789,0.8547386527061462,0.3438012897968292,0.6544890403747559,156.0
bg_49790,0.79887455701828,0.3222445547580719,0.5969447493553162,204.0
bg_49800,0.8032581806182861,0.2544510662555694,0.5693762898445129,109.0
bg_49807,0.8492526412010193,0.3535793125629425,0.6657894253730774,590.0
bg_49813,0.8496315479278564,0.3687025606632232,0.6782970428466797,333.0
bg_49827,0.8844911456108093,0.3415065705776214,0.6305334568023682,522.0
bg_49834,0.8695396780967712,0.3260420858860016,0.6460914015769958,541.0
bg_49835,0.834426760673523,0.3526955544948578,0.6389042735099792,389.0
bg_49839,0.8114581108093262,0.2897616922855377,0.5922532677650452,224.0
bg_49840,0.7405501008033752,0.2413891851902008,0.5370886921882629,157.0
bg_49846,0.873448371887207,0.3338434100151062,0.6545263528823853,792.0
bg_49857,0.8300368785858154,0.278028666973114,0.580451488494873,349.0
bg_49861,0.8067035675048828,0.2716632783412933,0.5646188855171204,437.0
bg_49869,0.7558783888816833,0.1961448788642883,0.4944602847099304,436.0
bg_49873,0.8925184011459351,0.3798573315143585,0.6691375970840454,215.0
bg_49879,0.8536903858184814,0.3447260558605194,0.6542202830314636,434.0
bg_49887,0.7373853325843811,0.2513438165187835,0.5493769645690918,71.0
bg_49888,0.8261801600456238,0.2761519849300384,0.5683462619781494,99.0
bg_49895,0.8614776134490967,0.3340311050415039,0.6427611112594604,454.0
bg_49900,0.8431620597839355,0.3245024681091308,0.6215643286705017,108.0
bg_49901,0.8143221735954285,0.2415743470191955,0.5491756796836853,660.0
bg_49911,0.8652138710021973,0.3377860188484192,0.6624557971954346,559.0
bg_49918,0.8083202242851257,0.2406256794929504,0.5661930441856384,206.0
bg_49919,0.802516520023346,0.2319287210702896,0.559831976890564,357.0
bg_49924,0.8485217690467834,0.3209711909294128,0.6224523782730103,275.0
bg_49931,0.8502006530761719,0.3035194277763366,0.6030628085136414,203.0
bg_49934,0.7365580201148987,0.2153251022100448,0.5069408416748047,64.0
bg_49935,0.8887009024620056,0.3601758778095245,0.6620358228683472,754.0
bg_49939,0.7584651708602905,0.1751273870468139,0.4430774748325348,472.0
bg_49956,0.8729661703109741,0.3067367672920227,0.6299863457679749,1454.0
bg_49966,0.8064450621604919,0.3098835945129394,0.6309487223625183,581.0
bg_49973,0.857850193977356,0.3522613048553467,0.6657708287239075,257.0
bg_49976,0.8157610893249512,0.3260593116283417,0.6366579532623291,167.0
bg_49981,0.8767359256744385,0.3681537806987762,0.6703827381134033,213.0
bg_49982,0.8299754858016968,0.3117452263832092,0.6154612302780151,154.0
bg_49992,0.8226950764656067,0.3354458808898926,0.6375153064727783,124.0
bg_49993,0.8772770762443542,0.3846763968467712,0.6859750151634216,665.0
bg_49996,0.8686670064926147,0.3167877197265625,0.618905246257782,467.0
bg_49997,0.8461665511131287,0.2256795912981033,0.541107714176178,553.0
