uid,NDVI,NDMI,NBR,n_obs,before
2018_52,,,,,2018-03-12
2018_53,,,,,2018-05-26
2018_55,,,,,2018-05-26
2018_57,,,,,2018-05-26
2018_58,,,,,2018-05-26
2018_59,,,,,2018-05-26
2018_60,,,,,2018-05-26
2018_61,,,,,2018-05-26
2018_62,,,,,2018-05-26
2018_35,,,,,2018-05-31
2018_39,-0.0003224117099307477,-0.0616855025291442,0.0281935930252075,2.0,2018-06-25
2018_6,,,,,2018-07-10
2018_45,0.8697851300239563,0.2840484976768493,0.5769956111907959,2.0,2018-07-10
2018_14,,,,,2018-07-25
2018_15,0.7576355338096619,0.2899855673313141,0.5525262355804443,2.0,2018-07-25
2018_17,,,,,2018-07-25
2018_18,0.7139353156089783,0.2409389764070511,0.5265794396400452,2.0,2018-07-25
2018_27,0.61455899477005,0.1331435143947601,0.4334745705127716,3.0,2018-07-25
2018_38,0.7284752130508423,0.2087635248899459,0.5001342296600342,2.0,2018-07-25
2018_46,0.9117054343223572,0.3583228290081024,0.654340922832489,2.0,2018-07-25
2018_7,0.739892840385437,0.1849394589662552,0.4757281541824341,1.0,2018-07-30
2018_8,0.8070253133773804,0.242243617773056,0.5364839434623718,1.0,2018-07-30
2018_9,0.8682900071144104,0.3242677748203277,0.6094072461128235,1.0,2018-07-30
2018_10,0.8257943987846375,0.2687362134456634,0.544592022895813,1.0,2018-07-30
2018_11,0.7565551996231079,0.2212744504213333,0.4680337607860565,1.0,2018-07-30
2018_12,,,,,2018-07-30
2018_24,,,,,2018-07-30
2018_26,0.7783191204071045,0.3169505894184112,0.5782716274261475,2.0,2018-07-30
2018_32,0.8493423461914062,0.3325145542621612,0.6454976201057434,3.0,2018-07-30
2018_33,0.579741358757019,0.116952359676361,0.3922127187252044,3.0,2018-07-30
2018_34,0.798309862613678,0.1705170720815658,0.4662379622459411,3.0,2018-07-30
2018_37,0.8709700107574463,0.2550705969333648,0.581626296043396,2.0,2018-07-30
2018_40,0.3148491382598877,0.0954989641904831,0.3297977149486542,2.0,2018-07-30
2018_41,,,,,2018-07-30
2018_47,0.8867924809455872,0.3180440366268158,0.613163411617279,1.0,2018-09-03
2018_64,,,,,2018-09-03
2018_65,,,,,2018-09-03
2018_66,,,,,2018-09-03
2018_67,,,,,2018-09-03
2018_68,,,,,2018-09-03
2018_69,,,,,2018-09-03
2018_70,,,,,2018-09-03
2018_72,0.895652174949646,0.361919641494751,0.6615278124809265,1.0,2018-09-03
2019_38,0.6763907670974731,0.1492223739624023,0.4561447501182556,13.0,2019-02-08
2019_52,0.6838207840919495,0.1413557380437851,0.421694278717041,9.0,2019-02-08
2019_37,0.6528782844543457,0.069136157631874,0.2952168583869934,14.0,2019-02-21
2019_40,0.760417640209198,0.200180098414421,0.4770376086235046,6.0,2019-02-21
2019_42,0.7782486081123352,0.2261009514331817,0.5286586284637451,8.0,2019-02-21
2019_49,0.7780898213386536,0.1587409526109695,0.4305908381938934,8.0,2019-02-21
2019_50,0.4470276534557342,-0.0994063019752502,0.1023432537913322,4.0,2019-02-21
2019_102,0.6860243082046509,0.0139956530183553,0.231547549366951,8.0,2019-03-27
2019_104,0.8139317631721497,0.2526417076587677,0.5357975363731384,7.0,2019-03-27
2019_105,0.7512690424919128,0.2951006293296814,0.5617926716804504,7.0,2019-03-27
2019_106,0.6919263601303101,0.1968923211097717,0.5152599811553955,8.0,2019-03-27
2019_96,0.7820001244544983,0.119849108159542,0.4153434336185455,16.0,2019-04-11
2019_54,0.6735188961029053,0.1600692719221115,0.4274484813213348,10.0,2019-04-26
2019_55,0.6477110981941223,0.2247347384691238,0.5034462809562683,10.0,2019-04-26
2019_60,0.6626213192939758,0.0529607944190502,0.3226820230484009,9.0,2019-04-26
2019_62,0.8016247749328613,0.328149676322937,0.6015464663505554,8.0,2019-04-26
2019_63,0.7591241002082825,0.145548328757286,0.3941048085689544,9.0,2019-04-26
2019_64,0.7520472407341003,0.2075713872909546,0.5123615264892578,10.0,2019-04-26
2019_65,0.7556147575378418,0.2620147466659546,0.5404902100563049,10.0,2019-04-26
2019_66,0.6437613368034363,0.1108435541391372,0.3377000093460083,10.0,2019-04-26
2019_67,0.582755982875824,0.1661341786384582,0.408220887184143,11.0,2019-04-26
2019_68,0.8136077523231506,0.220181718468666,0.4691987037658691,19.0,2019-04-26
2019_69,0.2320675253868103,0.0170336551964283,0.1552619189023971,9.0,2019-04-26
2019_73,0.8731692433357239,0.4180747866630554,0.6799979209899902,8.0,2019-04-26
2019_75,0.7342407703399658,0.1492102146148681,0.4784342050552368,22.0,2019-04-26
2019_81,0.7614306211471558,0.1812278032302856,0.4992273449897766,20.0,2019-04-26
2019_83,0.4686186015605926,-0.1109569296240806,0.0484261028468608,20.0,2019-04-26
2019_84,0.5967652797698975,0.1205020695924758,0.3272255361080169,20.0,2019-04-26
2019_85,0.7304013967514038,0.2116046994924545,0.4659891128540039,16.0,2019-04-26
2019_88,0.580047607421875,-0.04191829636693,0.1652731150388717,18.0,2019-04-26
2019_89,0.7432572245597839,0.2505240440368652,0.5101600885391235,20.0,2019-04-26
2019_90,0.8122634291648865,0.3381060361862182,0.6112210154533386,18.0,2019-04-26
2019_91,0.8368656635284424,0.2719816565513611,0.5723320841789246,22.0,2019-04-26
2019_92,0.8491933941841125,0.1556551456451416,0.4505982995033264,20.0,2019-04-26
2019_93,0.7740164399147034,0.0987195149064064,0.3755003213882446,22.0,2019-04-26
2019_95,0.53843092918396,0.1583349257707595,0.3996673226356506,20.0,2019-04-26
2019_99,0.7834942936897278,0.2675057053565979,0.577218234539032,4.0,2019-04-26
2019_100,0.670039176940918,0.2618299722671509,0.461489588022232,6.0,2019-04-26
2019_14,0.8623809218406677,0.3311018943786621,0.6251927018165588,6.0,2019-06-20
2019_15,0.7808125615119934,0.2701570093631744,0.5595067143440247,8.0,2019-06-20
2019_22,0.7309461832046509,0.2766943871974945,0.5600547790527344,2.0,2019-06-20
2019_0,0.8103258609771729,0.2264946550130844,0.5417356491088867,5.0,2019-07-15
2019_2,0.7033562660217285,0.2121457010507583,0.4918606281280517,10.0,2019-07-15
2019_3,0.8070108294487,0.2438534796237945,0.4901475012302398,10.0,2019-07-15
2019_5,0.8295910954475403,0.3252336084842682,0.6391235589981079,8.0,2019-07-15
2019_7,0.814085066318512,0.2008124589920044,0.4917635321617126,10.0,2019-07-15
2019_9,0.4667211472988128,0.1542637795209884,0.3720379769802093,8.0,2019-07-15
2019_10,0.8035363554954529,0.3079090118408203,0.6007382273674011,9.0,2019-07-15
2019_12,0.7937847375869751,0.2456815689802169,0.5540596842765808,8.0,2019-07-15
2019_13,0.8300045132637024,0.260943055152893,0.593741238117218,6.0,2019-07-15
2019_19,0.7882810235023499,0.2823541462421417,0.571718156337738,6.0,2019-07-15
2019_20,0.8443113565444946,0.2412120997905731,0.5681470036506653,5.0,2019-07-15
2019_21,0.326358437538147,0.0976863801479339,0.3043146133422851,3.0,2019-07-15
2019_23,0.804594099521637,0.2267566174268722,0.5220316052436829,10.0,2019-07-15
2019_25,0.7229917049407959,0.1492905467748642,0.4300518035888672,11.0,2019-07-15
2019_26,0.8425124287605286,0.1945073008537292,0.5053314566612244,4.0,2019-07-15
2019_27,0.7943460941314697,0.1703260093927383,0.5140236020088196,5.0,2019-07-15
2019_28,0.8363701105117798,0.3471432328224182,0.6158344149589539,12.0,2019-07-15
2019_30,0.8327534794807434,0.2932405471801758,0.604089617729187,2.0,2019-07-15
2019_33,0.8297892212867737,0.3452592492103576,0.6392675042152405,10.0,2019-07-15
2019_35,0.6703395843505859,0.1581216603517532,0.4454586207866668,6.0,2019-07-15
2019_43,0.8113458752632141,0.3785690665245056,0.6618596911430359,14.0,2019-07-15
2019_44,0.771395742893219,0.2424000203609466,0.5595448613166809,11.0,2019-07-15
2019_45,0.8715115189552307,0.3622165024280548,0.6697186827659607,7.0,2019-07-15
2019_46,0.8301419019699097,0.317035436630249,0.6223999857902527,7.0,2019-07-15
2019_47,0.8601033687591553,0.3531203269958496,0.6286952495574951,4.0,2019-07-15
2019_135,0.8145042657852173,0.2826211452484131,0.5673861503601074,10.0,2019-07-15
2019_136,0.8351953625679016,0.2082583904266357,0.5307270288467407,6.0,2019-07-15
2020_21,0.4516908228397369,0.0987013056874275,0.4221388399600982,9.0,2020-02-21
2020_20,0.6990358829498291,0.0018846692983061,0.2721553146839142,36.0,2020-03-26
2020_0,0.7013116478919983,0.065737783908844,0.2935291826725006,36.0,2020-05-05
2020_10,0.6149215698242188,0.08570346981287,0.3658726513385772,40.0,2020-05-05
2020_4,0.7757712602615356,0.2377874851226806,0.5443164706230164,17.0,2020-05-15
2020_6,0.8312929272651672,0.1744521111249923,0.4842073321342468,18.0,2020-05-15
2020_11,0.6512006521224976,0.201089933514595,0.4059011340141296,33.0,2020-05-15
2020_12,0.8115473389625549,0.2154603004455566,0.5130065679550171,18.0,2020-05-15
2020_14,0.7265833020210266,0.3071683645248413,0.5119906067848206,20.0,2020-05-15
2021_0,0.6089838743209839,0.2503604888916015,0.4715901017189026,18.0,2021-05-15
2021_1,0.645090639591217,0.2318381369113922,0.5058392882347107,18.0,2021-05-15
2021_3,0.7481873631477356,0.1618174463510513,0.3986661434173584,24.0,2021-05-15
2021_6,0.7015960812568665,0.1680724620819091,0.4571221470832824,18.0,2021-05-15
2021_9,0.7971190810203552,0.2391692698001861,0.5307323336601257,26.0,2021-05-15
2021_13,0.3986152708530426,0.020453929901123,0.2224539816379547,16.0,2021-05-15
2021_14,0.6929250359535217,0.2780212461948395,0.5492847561836243,20.0,2021-05-15
2021_15,0.8044921159744263,0.0407589301466941,0.3958901464939117,18.0,2021-05-15
2021_17,0.5233941674232483,0.0291677471250295,0.2308590561151504,22.0,2021-05-15
2021_19,0.6547398567199707,0.1181381195783615,0.394988477230072,40.0,2021-05-15
2021_20,0.568149209022522,0.1788792908191681,0.4791279137134552,17.0,2021-05-15
2021_23,0.399829089641571,0.0275455452501773,0.246534377336502,22.0,2021-05-15
2021_24,0.5986891984939575,0.1701041311025619,0.4295542538166046,24.0,2021-05-15
2021_25,0.542526125907898,0.1503305286169052,0.3708556592464447,32.0,2021-05-15
2021_26,0.7290191054344177,0.1378517746925354,0.4117569327354431,16.0,2021-05-15
2021_43,0.4629684090614319,-0.0002179254370275885,0.240872323513031,19.0,2021-05-15
2021_46,0.6416711211204529,0.1389313042163849,0.4173485934734344,21.0,2021-05-15
2021_47,0.6197357177734375,0.1154008135199546,0.3802895545959472,24.0,2021-05-15
2021_76,0.6660098433494568,0.1885436326265335,0.4544326663017273,16.0,2021-05-15
2021_77,0.5360321402549744,0.0202329829335212,0.2892546951770782,16.0,2021-05-15
2021_104,0.7092188000679016,0.3122180700302124,0.6134027242660522,18.0,2021-05-15
2021_214,0.3967913687229156,-0.0353716313838958,0.1581418365240097,20.0,2021-05-15
2021_37,0.475233793258667,-0.0449913702905178,0.1814633160829544,14.0,2021-07-09
2021_39,0.7258281707763672,0.1886351853609085,0.4629067778587341,14.0,2021-07-09
2021_41,0.5534230470657349,-0.0060857222415506,0.2567934989929199,12.0,2021-07-09
2021_48,0.7919758558273315,0.2888456583023071,0.5599387884140015,10.0,2021-07-09
2021_50,0.7820308208465576,0.2587307691574096,0.5609477758407593,11.0,2021-07-09
2021_51,0.7875714302062988,0.2761810421943664,0.5377197265625,18.0,2021-07-09
2021_52,0.6693113446235657,0.1650055646896362,0.4015454351902008,11.0,2021-07-09
2021_55,0.8012045621871948,0.3098774552345276,0.5984077453613281,16.0,2021-07-09
2021_56,0.8475171327590942,0.2552540004253387,0.5721956491470337,14.0,2021-07-09
2021_78,0.6045525074005127,0.1033898815512657,0.361567735671997,12.0,2021-07-09
2021_80,0.6231890916824341,0.1074073985219001,0.3248500525951385,12.0,2021-07-09
2021_92,0.3906261622905731,-0.1004538387060165,0.0932860374450683,14.0,2021-07-09
2021_106,0.7082447409629822,0.123193472623825,0.4173546135425567,12.0,2021-07-09
2021_108,0.8206514716148376,0.2600931525230407,0.5463375449180603,12.0,2021-07-09
2021_110,0.7296228408813477,0.1961436718702316,0.4807236194610595,16.0,2021-07-09
2021_112,0.6478437185287476,0.1152500361204147,0.3406701385974884,16.0,2021-07-09
2021_116,0.836310863494873,0.2256348580121994,0.5237554907798767,14.0,2021-07-09
2021_118,0.6878756284713745,0.1066378280520439,0.3647896647453308,13.0,2021-07-09
2021_121,0.5439499616622925,0.036653496325016,0.2558671832084656,14.0,2021-07-09
2021_123,0.685272216796875,0.1092078611254692,0.3740835785865783,14.0,2021-07-09
2021_124,0.4573296010494232,0.0152012715116143,0.2187577486038208,16.0,2021-07-09
2021_125,0.3727384209632873,-0.0560958497226238,0.1361818313598632,10.0,2021-07-09
2021_126,0.7016887664794922,0.1200083419680595,0.3179592788219452,10.0,2021-07-09
2021_127,0.6998506188392639,0.2032197415828704,0.4102536737918854,10.0,2021-07-09
2021_128,0.7082956433296204,0.1641819477081298,0.4057602882385254,16.0,2021-07-09
2021_129,0.7730939984321594,0.2050947099924087,0.4564694762229919,16.0,2021-07-09
2021_133,0.7238916158676147,0.3118631839752197,0.5196948051452637,10.0,2021-07-09
2021_135,0.7278372645378113,0.2306388765573501,0.4909267425537109,16.0,2021-07-09
2021_136,0.7545858025550842,0.258687824010849,0.5057554244995117,16.0,2021-07-09
2021_137,0.7023162841796875,0.1554095149040222,0.4481184780597687,16.0,2021-07-09
2021_139,0.6905490159988403,0.1536316573619842,0.410742312669754,10.0,2021-07-09
2021_140,0.814336359500885,0.3008151352405548,0.5869214534759521,16.0,2021-07-09
2021_143,0.7169679999351501,0.1464147120714187,0.4403235912322998,12.0,2021-07-09
2021_146,0.4632656872272491,-0.0660539641976356,0.1237943321466445,12.0,2021-07-09
2021_166,0.7905693054199219,0.2407432496547699,0.5268102884292603,14.0,2021-07-09
2021_177,0.7013537883758545,0.1687604635953903,0.4715266227722168,14.0,2021-07-09
2021_181,0.7007193565368652,0.1036979183554649,0.3817188739776611,16.0,2021-07-09
2021_182,0.585395097732544,-0.0048796460032463,0.2214402854442596,10.0,2021-07-09
2021_196,0.8269935250282288,0.3039317727088928,0.5475044250488281,11.0,2021-07-09
2021_203,0.4970137178897857,0.0513666346669197,0.2640391588211059,14.0,2021-07-09
2021_230,0.1864034980535507,-0.0484699569642543,0.0934291556477546,11.0,2021-07-09
2021_231,0.5190487504005432,0.0134106799960136,0.1463627815246582,12.0,2021-07-09
2021_232,0.5084404945373535,0.0215864554047584,0.25399249792099,16.0,2021-07-09
2021_235,0.8050204515457153,0.1530339121818542,0.4329977035522461,12.0,2021-07-09
2021_236,0.804686427116394,0.2197841256856918,0.5093873739242554,14.0,2021-07-09
2021_239,0.8327798843383789,0.2537921071052551,0.5581551790237427,8.0,2021-07-09
2021_241,0.7243666648864746,0.0977163016796112,0.3676745593547821,8.0,2021-07-09
2021_242,0.7285776138305664,0.1357564330101013,0.4075259864330292,10.0,2021-07-09
2021_256,0.8240483999252319,0.2233868241310119,0.520382285118103,14.0,2021-07-09
2021_257,0.6385040283203125,-0.0004907019319944084,0.2313561290502548,12.0,2021-07-09
2021_258,0.8166584968566895,0.2038577198982238,0.5143277049064636,10.0,2021-07-09
2021_259,0.547600269317627,0.1491048783063888,0.3751471936702728,12.0,2021-07-09
2021_260,0.7487297058105469,0.2297385334968567,0.5172139406204224,14.0,2021-07-09
2021_261,0.748119056224823,0.2069685757160186,0.5096850991249084,14.0,2021-07-09
2021_262,0.6880834698677063,0.2043189704418182,0.4070265591144562,16.0,2021-07-09
2021_263,0.842735767364502,0.2089642733335495,0.5171385407447815,12.0,2021-07-09
2021_264,0.5006444454193115,0.0403124056756496,0.2940238416194916,12.0,2021-07-09
2021_266,0.8214578628540039,0.2189621776342392,0.5075669884681702,14.0,2021-07-09
2021_267,0.6112212538719177,0.0790233984589576,0.3142914474010467,10.0,2021-07-09
2021_274,0.3761321902275085,0.0486396215856075,0.2767418920993805,8.0,2021-07-09
2021_278,0.8228209018707275,0.259874552488327,0.5674206614494324,14.0,2021-07-09
2021_279,0.5669764876365662,0.088403008878231,0.3069050312042236,16.0,2021-07-09
2021_281,0.6457064151763916,0.1867762953042984,0.3335135877132416,12.0,2021-07-09
2021_282,0.5610088109970093,0.0486256256699562,0.2140992581844329,14.0,2021-07-09
2021_284,0.7126425504684448,0.1810402274131775,0.444619745016098,16.0,2021-07-09
2021_285,0.8934726119041443,0.3751019239425659,0.6715622544288635,14.0,2021-07-09
2021_287,0.7061746120452881,0.1245585232973098,0.3882029950618744,15.0,2021-07-09
2021_294,0.7576525211334229,0.2287255674600601,0.5243807435035706,10.0,2021-07-09
2021_297,0.771838903427124,0.2270495295524597,0.4919350147247314,12.0,2021-07-09
2021_298,0.7892162203788757,0.1612890809774398,0.4753189384937286,6.0,2021-07-09
2021_299,0.5681122541427612,0.136557251214981,0.3808704018592834,10.0,2021-07-09
2021_301,0.6973395347595215,0.2019479423761367,0.417740911245346,18.0,2021-07-09
2021_302,0.7188882231712341,0.1608100086450576,0.4160188734531402,8.0,2021-07-09
2021_306,0.6536900997161865,0.1127932369709014,0.3502980470657348,14.0,2021-07-09
2021_311,0.4933696091175079,0.0834245681762695,0.3265363872051239,21.0,2021-07-09
2021_312,0.6508884429931641,0.0939221531152725,0.3530556261539459,16.0,2021-07-09
2021_313,0.7839726805686951,0.3380634486675262,0.608462393283844,12.0,2021-07-09
2021_314,0.413062185049057,0.0312605276703834,0.2084375619888305,24.0,2021-07-09
2021_315,0.7427359223365784,0.0941148772835731,0.3546015918254852,6.0,2021-07-09
2021_316,0.7590907216072083,0.3303799033164978,0.6006933450698853,18.0,2021-07-09
2021_318,0.6232928037643433,0.0268007889389991,0.2597796022891998,24.0,2021-07-09
2021_320,0.6855400204658508,0.1617566049098968,0.4471891224384308,20.0,2021-07-09
2021_325,0.6615095734596252,0.1951411068439483,0.4117047488689422,14.0,2021-07-09
2021_327,0.720108151435852,0.157150462269783,0.4410985112190246,14.0,2021-07-09
2021_331,0.8401407599449158,0.2392341196537017,0.5260499715805054,12.0,2021-07-09
2021_333,0.5611041784286499,0.0369280725717544,0.2584558129310608,10.0,2021-07-09
2021_334,0.6946801543235779,0.0414051711559295,0.3175744414329529,14.0,2021-07-09
2021_336,0.7469764351844788,0.1325786411762237,0.4089783132076263,10.0,2021-07-09
2021_338,0.5616887211799622,0.0838932245969772,0.3396592140197754,10.0,2021-07-09
2021_340,0.614955723285675,0.12180857360363,0.2989172041416168,12.0,2021-07-09
2021_343,0.7509551644325256,0.1489686667919159,0.456207811832428,10.0,2021-07-09
2021_345,0.745372474193573,0.1602902561426162,0.445130854845047,10.0,2021-07-09
2021_350,0.6687114834785461,0.0998464748263359,0.3756133913993835,16.0,2021-07-09
2021_353,0.6352307200431824,0.1009093597531318,0.3669200837612152,12.0,2021-07-09
2021_360,0.6393606662750244,0.2486281245946884,0.4963694810867309,16.0,2021-07-09
2021_369,0.8900635242462158,0.2918928563594818,0.616447925567627,4.0,2021-07-09
2021_371,0.8235202431678772,0.2471061497926712,0.5587326288223267,6.0,2021-07-09
2021_372,0.8536964654922485,0.2882562279701233,0.6005375385284424,5.0,2021-07-09
2021_374,0.8288288116455078,0.2588422000408172,0.5488936305046082,19.0,2021-07-09
2021_375,0.8521877527236938,0.2128024995326995,0.5303927063941956,12.0,2021-07-09
2021_376,0.6954343318939209,0.1853721737861633,0.4362732470035553,4.0,2021-07-09
2021_377,0.7771809101104736,0.1273427903652191,0.4618942737579345,6.0,2021-07-09
2021_378,0.7460434436798096,0.2404829859733581,0.5093261003494263,16.0,2021-07-09
2021_379,0.5611347556114197,0.2084307372570037,0.4582906663417816,16.0,2021-07-09
2021_394,0.7893328070640564,0.3124804496765136,0.6000000238418579,7.0,2021-07-09
2021_404,0.8293216824531555,0.254313588142395,0.5781028866767883,3.0,2021-07-09
2021_405,0.7179083228111267,0.1838570833206176,0.4650234282016754,4.0,2021-07-09
2021_406,0.7301269173622131,0.2738226950168609,0.5632358193397522,5.0,2021-07-09
2021_410,0.6416707634925842,0.1628232896327972,0.4627853035926819,18.0,2021-07-09
2021_29,0.4756351709365845,0.0528182312846183,0.2834154367446899,6.0,2021-07-14
2021_30,0.8612518310546875,0.2817947268486023,0.6026983857154846,8.0,2021-07-14
2021_32,0.7316831350326538,0.2123473584651947,0.5237689018249512,7.0,2021-07-14
2021_33,0.5503037571907043,0.2471390068531036,0.5134999752044678,4.0,2021-07-14
2021_34,0.341307133436203,0.1635914891958236,0.3230381906032562,2.0,2021-07-14
2021_35,0.50155109167099,0.1627824157476425,0.4102357029914856,6.0,2021-07-14
2021_36,0.8555240631103516,0.2697899937629699,0.5570523142814636,3.0,2021-07-14
2021_38,0.7173476219177246,0.1889561116695404,0.4586554169654846,14.0,2021-07-14
2021_57,0.5669560432434082,0.0026089893653988,0.2657238841056824,12.0,2021-07-14
2021_58,0.402186781167984,0.1099785417318344,0.3608011305332184,12.0,2021-07-14
2021_59,0.7827090620994568,0.3120968341827392,0.5969459414482117,8.0,2021-07-14
2021_61,0.686823308467865,0.1025693714618682,0.3724328875541687,14.0,2021-07-14
2021_67,0.8355979323387146,0.2728261649608612,0.5626963376998901,20.0,2021-07-14
2021_68,0.3055247068405151,-0.0119552165269851,0.1764000952243805,30.0,2021-07-14
2021_69,0.4908087849617004,0.0165957417339086,0.2174185365438461,32.0,2021-07-14
2021_73,0.7750536799430847,0.1969820857048034,0.4737847447395324,14.0,2021-07-14
2021_74,0.7892661690711975,0.2509479522705078,0.4997334480285644,10.0,2021-07-14
2021_85,0.6897417306900024,0.2281014919281005,0.466225802898407,14.0,2021-07-14
2021_86,0.7998244166374207,0.267165869474411,0.5694554448127747,15.0,2021-07-14
2021_101,0.603550910949707,0.1293623298406601,0.3897593021392822,12.0,2021-07-14
2021_141,0.8066137433052063,0.2008076310157776,0.5135331153869629,14.0,2021-07-14
2021_142,0.668631911277771,0.0644543841481208,0.3457433581352234,14.0,2021-07-14
2021_144,0.6553665995597839,0.0075470069423317,0.243155226111412,16.0,2021-07-14
2021_145,0.608834445476532,0.1010300889611244,0.3600152134895324,14.0,2021-07-14
2021_147,0.4672853946685791,-0.0224032904952764,0.1298978775739669,14.0,2021-07-14
2021_149,0.4570831060409546,-0.0990430414676666,0.0756062343716621,8.0,2021-07-14
2021_155,0.4182702898979187,-0.0475132279098033,0.1686360239982605,12.0,2021-07-14
2021_156,0.2657160460948944,-0.0590259805321693,0.1249611899256706,12.0,2021-07-14
2021_158,0.5409185290336609,0.0259823948144912,0.245365098118782,14.0,2021-07-14
2021_161,0.4923439919948578,0.0166726093739271,0.230253517627716,16.0,2021-07-14
2021_163,0.7643484473228455,0.1820651441812515,0.4949023425579071,14.0,2021-07-14
2021_164,0.6783639788627625,0.0922670140862464,0.3252369463443756,14.0,2021-07-14
2021_168,0.7806532979011536,0.1361390650272369,0.3703868389129638,14.0,2021-07-14
2021_171,0.6007797122001648,0.072667546570301,0.2969725430011749,14.0,2021-07-14
2021_173,0.7943646311759949,0.1425876915454864,0.4399339258670807,10.0,2021-07-14
2021_176,0.7667122483253479,0.224841222167015,0.4935475587844848,16.0,2021-07-14
2021_180,0.7455596327781677,0.1405222862958908,0.3992118835449219,12.0,2021-07-14
2021_194,0.6605682969093323,0.1212947443127632,0.3296398818492889,14.0,2021-07-14
2021_199,0.7557207345962524,0.1983585804700851,0.4875428378582001,16.0,2021-07-14
2021_200,0.743495523929596,0.1715191602706909,0.4469137489795685,16.0,2021-07-14
2021_201,0.5561158657073975,-0.0073186848312616,0.2219700068235397,14.0,2021-07-14
2021_202,0.4066225290298462,-0.0526315681636333,0.1491824090480804,15.0,2021-07-14
2021_204,0.7912245988845825,0.1162132322788238,0.398670345544815,12.0,2021-07-14
2021_208,0.6680724620819092,0.1312247663736343,0.3733121752738952,11.0,2021-07-14
2021_209,0.2850831747055053,-0.0363193042576313,0.1525518000125885,16.0,2021-07-14
2021_210,0.4965217113494873,0.0943847149610519,0.3097276389598846,13.0,2021-07-14
2021_215,0.6908953785896301,0.1306746155023574,0.4130735099315643,14.0,2021-07-14
2021_221,0.7756956815719604,0.1753190755844116,0.4540453851222992,18.0,2021-07-14
2021_222,0.4420329332351684,0.020163832232356,0.2909990847110748,16.0,2021-07-14
2021_223,0.779534637928009,0.1806155890226364,0.445277988910675,14.0,2021-07-14
2021_224,0.5405897498130798,0.0480393581092357,0.2743538618087768,14.0,2021-07-14
2021_229,0.7414389252662659,0.0894400477409362,0.335105836391449,12.0,2021-07-14
2021_237,0.8292443156242371,0.2138101160526275,0.5179128646850586,14.0,2021-07-14
2021_244,0.742414653301239,0.1330874860286712,0.4411994516849518,16.0,2021-07-14
2021_245,0.3899934291839599,-0.022640436887741,0.2356056272983551,16.0,2021-07-14
2021_246,0.7687751054763794,0.1841338276863098,0.4338865876197815,15.0,2021-07-14
2021_247,0.7098640203475952,0.197026178240776,0.4871350526809692,12.0,2021-07-14
2021_249,0.8216089010238647,0.1488587856292724,0.4623074829578399,7.0,2021-07-14
2021_250,0.7964791655540466,0.3364131450653076,0.5831542611122131,7.0,2021-07-14
2021_252,0.3808980584144592,0.1131001263856887,0.3728990852832794,24.0,2021-07-14
2021_268,0.6450870633125305,0.0677357912063598,0.2991013824939728,11.0,2021-07-14
2021_269,0.6687197685241699,0.0793661698698997,0.340325266122818,10.0,2021-07-14
2021_273,0.6112827658653259,0.0732965543866157,0.3210854530334472,12.0,2021-07-14
2021_276,0.6073538661003113,0.2083331197500229,0.4672087728977203,12.0,2021-07-14
2021_303,0.7380409836769104,0.1045964732766151,0.4045099020004272,13.0,2021-07-14
2021_304,0.6088342070579529,0.1198402121663093,0.3693139553070068,12.0,2021-07-14
2021_308,0.4421965479850769,0.0553056374192237,0.2395979911088943,14.0,2021-07-14
2021_321,0.7544112205505371,0.1679168939590454,0.4430578947067261,14.0,2021-07-14
2021_323,0.7847222089767456,0.1847507357597351,0.5042158365249634,15.0,2021-07-14
2021_324,0.558926522731781,0.0822953358292579,0.2979046106338501,14.0,2021-07-14
2021_351,0.7118147015571594,0.1097473800182342,0.3854866921901703,16.0,2021-07-14
2021_355,0.7477477788925171,0.0595911182463169,0.3552155792713165,11.0,2021-07-14
2021_356,0.6285358667373657,0.0788719430565834,0.3236347734928131,12.0,2021-07-14
2021_357,0.7603045701980591,0.2641927301883697,0.5130090117454529,14.0,2021-07-14
2021_358,0.7274054288864136,0.1979152411222458,0.4577679336071014,14.0,2021-07-14
2021_364,0.7553895115852356,0.1801237016916275,0.3950467109680176,14.0,2021-07-14
2021_365,0.5222711563110352,0.0994857251644134,0.2966437339782715,7.0,2021-07-14
2021_367,0.7664476037025452,0.206724613904953,0.4942064881324768,6.0,2021-07-14
2021_382,0.586449146270752,0.1721933484077453,0.351196676492691,6.0,2021-09-07
2021_393,0.8251082301139832,0.3409669399261474,0.6232567429542542,5.0,2021-09-07
2021_395,0.7776023149490356,0.2115596830844879,0.5020560026168823,10.0,2021-09-07
2021_397,0.8795058131217957,0.3266473412513733,0.6395258903503418,14.0,2021-09-07
2021_385,0.4651404619216919,0.0643619298934936,0.3180436193943023,8.0,2021-09-22
2021_386,0.699255645275116,0.1162616088986396,0.399843156337738,8.0,2021-09-22
2021_387,0.7068815231323242,0.1428162753582,0.4268586039543152,8.0,2021-09-22
2021_388,0.8234895467758179,0.1808801740407943,0.5089236497879028,8.0,2021-09-22
2021_389,0.4897155463695526,0.0210772641003131,0.1552261114120483,9.0,2021-09-22
2021_391,0.8070175647735596,0.2125279456377029,0.51396644115448,5.0,2021-09-22
2021_392,0.799473226070404,0.2355820536613464,0.5263253450393677,6.0,2021-09-22
2021_398,0.8741258978843689,0.3172286450862884,0.6301703453063965,7.0,2021-09-22
2021_399,0.7990726232528687,0.1865472942590713,0.4740006029605865,11.0,2021-09-22
2021_401,0.6083390116691589,0.1664498150348663,0.4348248541355133,8.0,2021-09-22
2021_403,0.8877596259117126,0.2801595032215118,0.6182783246040344,11.0,2021-09-22
2021_407,0.6897314190864563,0.2349824756383896,0.4974439740180969,10.0,2021-09-22
2022_3,0.9025406241416932,0.3482880890369415,0.6074606776237488,3.0,2022-07-24
2022_4,0.8594470024108887,0.3156715035438537,0.6336032748222351,5.0,2022-07-24
2022_5,0.7641698718070984,0.1924957931041717,0.5220106840133667,4.0,2022-07-24
2022_7,0.8880041837692261,0.3162005543708801,0.640657901763916,6.0,2022-07-24
2022_9,0.8726315498352051,0.3028953075408935,0.6171408295631409,7.0,2022-07-24
2022_10,0.8814038038253784,0.2962757050991058,0.6020380854606628,3.0,2022-07-24
2022_11,0.8793802857398987,0.2985194325447082,0.617599606513977,8.0,2022-07-24
2022_13,0.7688308954238892,0.2986369132995605,0.5944927930831909,8.0,2022-07-24
2022_61,0.8675406575202942,0.3429542481899261,0.6416828036308289,8.0,2022-10-02
2022_62,0.748732328414917,0.2677683234214782,0.5871554613113403,6.0,2022-10-02
2022_65,0.8894643783569336,0.317226231098175,0.6375600695610046,8.0,2022-10-02
2022_69,0.8441246747970581,0.362085610628128,0.6486997604370117,9.0,2022-10-02
2022_72,0.8766026496887207,0.2741928994655609,0.611088752746582,6.0,2022-10-02
2022_73,0.8170102834701538,0.2957408428192138,0.5905245542526245,7.0,2022-10-02
2022_74,0.8995633125305176,0.3321958482265472,0.669295072555542,7.0,2022-10-02
2022_77,0.8789227604866028,0.3705772757530212,0.6659281849861145,9.0,2022-10-02
2022_78,0.8430319428443909,0.3591032028198242,0.657431960105896,9.0,2022-10-02
2022_79,0.8742192387580872,0.3528352677822113,0.6705638766288757,9.0,2022-10-02
2022_80,0.8681318759918213,0.3220886588096618,0.621676504611969,7.0,2022-10-02
2022_81,0.8454039096832275,0.3619996607303619,0.6188148856163025,7.0,2022-10-02
2022_82,0.874669075012207,0.2998022139072418,0.5279681086540222,8.0,2022-10-02
2022_83,0.8595147132873535,0.2953348457813263,0.6146461367607117,7.0,2022-10-02
2022_86,0.7479768991470337,0.2808340191841125,0.6105050444602966,7.0,2022-10-02
2022_87,0.6720741391181946,0.14542056620121,0.3500131666660309,7.0,2022-10-02
2022_88,0.8947824239730835,0.4250191450119018,0.6948102116584778,7.0,2022-10-02
2022_89,0.7015061378479004,0.1901037395000457,0.4294478297233581,7.0,2022-10-02
2022_92,0.2999584972858429,0.0532014034688472,0.2656241655349731,8.0,2022-10-02
2022_93,0.7847642302513123,0.1955276131629943,0.4347534477710724,5.0,2022-10-02
2022_94,0.8903962969779968,0.243093341588974,0.5799925327301025,6.0,2022-10-02
2022_96,0.7623812556266785,0.1701003462076187,0.3746135830879211,6.0,2022-10-02
2022_97,0.6762778759002686,0.1498116701841354,0.4247756004333496,7.0,2022-10-02
2022_98,0.8631862998008728,0.3312180638313293,0.6226280331611633,7.0,2022-10-02
2022_99,0.8373538255691528,0.287576824426651,0.592151939868927,10.0,2022-10-02
2022_100,0.8957453966140747,0.3644425570964813,0.6588283777236938,8.0,2022-10-02
2022_102,0.8932687640190125,0.4175699353218078,0.7144134044647217,6.0,2022-10-02
2022_103,0.901624321937561,0.3945654034614563,0.6958456635475159,5.0,2022-10-02
2022_105,0.7742049694061279,0.2735472321510315,0.571835994720459,10.0,2022-10-02
2022_106,0.8227406740188599,0.2237001061439514,0.5174933075904846,12.0,2022-10-02
2022_107,0.7857438921928406,0.2408331930637359,0.5142740607261658,18.0,2022-10-02
2022_108,0.2960962951183319,0.0228228867053985,0.2541179656982422,20.0,2022-10-02
2022_109,0.870586633682251,0.3820526301860809,0.6675747036933899,8.0,2022-10-02
2022_111,0.8736427426338196,0.1797805875539779,0.5227036476135254,4.0,2022-10-02
2022_112,0.8518685102462769,0.2055342644453048,0.5480812191963196,7.0,2022-10-02
2022_114,0.8782219290733337,0.3685872852802276,0.6644171476364136,8.0,2022-10-02
2022_117,0.8549346327781677,0.2964224815368652,0.6034237146377563,7.0,2022-10-02
2022_172,0.9031785130500792,0.3269329667091369,0.6602316498756409,7.0,2022-10-02
2022_169,0.8902205228805542,0.3539257645606994,0.6663020253181458,6.0,2022-10-27
2022_170,0.7077232003211975,0.216859295964241,0.5328623652458191,9.0,2022-10-27
2022_171,0.8540900349617004,0.2856040298938751,0.600805938243866,6.0,2022-10-27
2023_1932,0.8542056083679199,0.3487423658370971,0.624454140663147,1.0,2023-02-12
2023_2067,0.8410080671310425,0.2073552906513214,0.5472221374511719,6.0,2023-02-12
2023_2068,0.867804229259491,0.2799634039402008,0.5917706489562988,2.0,2023-02-12
2023_2050,0.7514106035232544,0.1113823503255844,0.4235163629055023,48.0,2023-03-16
2023_2051,0.5514596104621887,0.1209911182522773,0.3999555706977844,24.0,2023-03-16
2023_2052,0.8760048151016235,0.3502648770809173,0.668398380279541,36.0,2023-03-16
2023_2055,0.8044087290763855,0.123733565211296,0.4579135477542877,20.0,2023-03-16
2023_2056,0.5794558525085449,-0.0142516223713755,0.2570507228374481,20.0,2023-03-16
2023_2057,0.4571568965911865,-0.0256746057420969,0.1938377171754837,24.0,2023-03-16
2023_2058,0.6038581728935242,0.0320940166711807,0.292144626379013,26.0,2023-03-16
2023_2046,0.5503990054130554,0.0646411627531051,0.3328494131565094,2.0,2023-05-28
2023_2047,0.4319086968898773,0.0653460100293159,0.2974607050418854,6.0,2023-05-28
2023_530,0.5824201703071594,0.1465579271316528,0.3961779773235321,4.0,2023-06-07
2023_531,0.8605928421020508,0.3037000000476837,0.6133506298065186,4.0,2023-06-07
2023_545,0.8267444968223572,0.3322732150554657,0.5974292159080505,6.0,2023-06-07
2023_547,0.1290647089481353,-0.0368684418499469,0.1241367235779762,5.0,2023-06-07
2023_548,0.7489498853683472,0.1920952498912811,0.4909575581550598,6.0,2023-06-07
2023_550,0.8329070806503296,0.3323005437850952,0.608378529548645,5.0,2023-06-07
2023_551,0.8324244022369385,0.3420649170875549,0.6101067066192627,5.0,2023-06-07
2023_553,0.2237463444471359,-0.0618594400584697,0.0681392028927803,5.0,2023-06-07
2023_555,0.5714285969734192,0.1396874785423278,0.3695080578327179,5.0,2023-06-07
2023_556,0.7064324021339417,0.1416113525629043,0.3952493071556091,5.0,2023-06-07
2023_560,0.7253128290176392,0.2309706658124923,0.4930929541587829,4.0,2023-06-07
2023_561,0.835652768611908,0.189579576253891,0.4687760472297668,5.0,2023-06-07
2023_562,0.8703017234802246,0.2858300805091858,0.5958684682846069,4.0,2023-06-07
2023_568,0.8883411288261414,0.3230820298194885,0.6111960411071777,4.0,2023-06-07
2023_569,0.8825356960296631,0.36216801404953,0.6721152663230896,4.0,2023-06-07
2023_570,0.7972721457481384,0.1834571659564972,0.4089454710483551,6.0,2023-06-07
2023_572,0.9090699553489684,0.3448219895362854,0.626745343208313,5.0,2023-06-07
2023_573,0.8197153210639954,0.2095787227153778,0.4840231537818908,5.0,2023-06-07
2023_574,0.7292572855949402,0.1363184750080108,0.3723357319831848,4.0,2023-06-07
2023_578,0.8149589896202087,0.2133529782295227,0.4769803285598755,4.0,2023-06-07
2023_579,0.8236522078514099,0.2300049215555191,0.499559611082077,4.0,2023-06-07
2023_580,0.8981330990791321,0.3259510993957519,0.6246002316474915,4.0,2023-06-07
2023_675,0.8652985692024231,0.3287424445152282,0.621833324432373,4.0,2023-06-07
2023_706,0.4596298635005951,-0.1357315778732299,0.0663810968399047,6.0,2023-06-07
2023_707,0.8336166739463806,0.3107503950595855,0.5860794186592102,6.0,2023-06-07
2023_708,0.8174953460693359,0.3521178960800171,0.6392142176628113,6.0,2023-06-07
2023_711,0.8477284908294678,0.2847544550895691,0.5517004132270813,6.0,2023-06-07
2023_712,0.8525307178497314,0.3534997999668121,0.6488549709320068,5.0,2023-06-07
2023_713,0.8066704273223877,0.2934609055519104,0.5892612338066101,5.0,2023-06-07
2023_714,0.8192096948623657,0.2453852295875549,0.5263662934303284,4.0,2023-06-07
2023_715,0.8073863387107849,0.2369533777236938,0.5345031023025513,4.0,2023-06-07
2023_716,0.8169934749603271,0.2042576521635055,0.5119815468788147,5.0,2023-06-07
2023_719,0.8376573920249939,0.3187565505504608,0.626701295375824,6.0,2023-06-07
2023_721,0.5550992488861084,0.0634729489684104,0.3103829026222229,4.0,2023-06-07
2023_723,0.8099303841590881,0.1422827541828155,0.4686139523983001,4.0,2023-06-07
2023_726,0.7663360238075256,0.2071168273687362,0.482182502746582,4.0,2023-06-07
2023_728,0.7802900671958923,0.2443474680185318,0.5298707485198975,5.0,2023-06-07
2023_729,0.830141007900238,0.2574706673622131,0.56850665807724,4.0,2023-06-07
2023_730,0.8432844281196594,0.2395661622285843,0.5435397624969482,4.0,2023-06-07
2023_731,0.8370606899261475,0.2534807622432709,0.5620754957199097,5.0,2023-06-07
2023_733,0.806503415107727,0.1617679744958877,0.4790059924125671,5.0,2023-06-07
2023_734,0.8186097145080566,0.2840417027473449,0.576604962348938,5.0,2023-06-07
2023_736,0.8458872437477112,0.2572099268436432,0.5722447633743286,4.0,2023-06-07
2023_737,0.8372316360473633,0.2810559272766113,0.5888300538063049,5.0,2023-06-07
2023_738,0.8671095371246338,0.2789659798145294,0.569339394569397,4.0,2023-06-07
2023_740,0.7898606657981873,0.2214981764554977,0.5128543972969055,4.0,2023-06-07
2023_741,0.8853555917739868,0.3482139110565185,0.6242576837539673,4.0,2023-06-07
2023_743,0.6999437212944031,0.1699173897504806,0.4623290598392486,4.0,2023-06-07
2023_744,0.9090644121170044,0.3350761234760284,0.6176635026931763,5.0,2023-06-07
2023_745,0.8552552461624146,0.3362095654010772,0.6408703923225403,5.0,2023-06-07
2023_746,0.8398786187171936,0.3587880730628967,0.6414566040039062,5.0,2023-06-07
2023_747,0.7838090658187866,0.2964549958705902,0.5761306881904602,5.0,2023-06-07
2023_748,0.7166666984558105,0.2098080813884735,0.4741491079330444,5.0,2023-06-07
2023_750,0.5549389719963074,0.0631758794188499,0.3387482166290283,5.0,2023-06-07
2023_761,0.6466317176818848,0.0415271110832691,0.306599348783493,4.0,2023-06-07
2023_762,0.8057431578636169,0.2292510420083999,0.5228177309036255,6.0,2023-06-07
2023_967,0.8431949615478516,0.2736200392246246,0.5631809234619141,6.0,2023-06-07
2023_968,0.7263626456260681,0.2459349334239959,0.54524827003479,5.0,2023-06-07
2023_972,0.7681072950363159,0.2383795231580734,0.4855998158454895,7.0,2023-06-07
2023_973,0.5151789784431458,0.0470383316278457,0.3374130725860595,5.0,2023-06-07
2023_982,0.8552411198616028,0.2737046480178833,0.5845414400100708,4.0,2023-06-07
2023_1001,0.8793542385101318,0.3746053874492645,0.6796911358833313,4.0,2023-06-07
2023_1170,0.7335250973701477,0.2023546397686004,0.4864593744277954,6.0,2023-06-07
2023_1184,0.8537545800209045,0.3398812711238861,0.6420602202415466,4.0,2023-06-07
2023_1185,0.8301714062690735,0.3655778467655182,0.6388364434242249,4.0,2023-06-07
2023_1187,0.7754623293876648,0.2193201929330825,0.5079646110534668,5.0,2023-06-07
2023_1188,0.7094552516937256,0.1898017078638076,0.4598930478096008,5.0,2023-06-07
2023_1189,0.8481637239456177,0.3090815842151642,0.6141492128372192,4.0,2023-06-07
2023_1191,0.8346409201622009,0.294653981924057,0.5674862265586853,5.0,2023-06-07
2023_1192,0.8027149438858032,0.2304475158452987,0.5506486296653748,5.0,2023-06-07
2023_1193,0.8268879055976868,0.2804688513278961,0.5861427783966064,6.0,2023-06-07
2023_1194,0.7663264870643616,0.3011385500431061,0.5894148945808411,6.0,2023-06-07
2023_1198,0.7608979344367981,0.2272688746452331,0.5148125290870667,10.0,2023-06-07
2023_1200,0.8678258657455444,0.3214168846607208,0.6100776195526123,12.0,2023-06-07
2023_1201,0.5152112245559692,0.0311577096581459,0.2880869805812835,10.0,2023-06-07
2023_1202,0.7775846719741821,0.1787758022546768,0.4885613322257995,10.0,2023-06-07
2023_1361,0.8563677072525024,0.2819501757621765,0.5967850089073181,5.0,2023-06-07
2023_1363,0.8059298992156982,0.3503527045249939,0.6334823369979858,5.0,2023-06-07
2023_1365,0.8862606883049011,0.3075178861618042,0.6127366423606873,5.0,2023-06-07
2023_1366,0.8565958738327026,0.3285180628299713,0.6608996391296387,5.0,2023-06-07
2023_1367,0.8827794790267944,0.3748917877674103,0.6766632199287415,5.0,2023-06-07
2023_1368,0.8431230187416077,0.1943522691726684,0.5302771329879761,4.0,2023-06-07
2023_1369,0.8552379608154297,0.3472598791122436,0.6410046219825745,4.0,2023-06-07
2023_1370,0.8726385831832886,0.3527095019817352,0.6639806628227234,4.0,2023-06-07
2023_1371,0.8825016021728516,0.3404682278633117,0.663070559501648,5.0,2023-06-07
2023_1373,0.8423393368721008,0.28423011302948,0.6109591722488403,4.0,2023-06-07
2023_1374,0.7156930565834045,0.1326523423194885,0.4225371181964874,4.0,2023-06-07
2023_1375,0.8717206716537476,0.0973158553242683,0.4949493408203125,4.0,2023-06-07
2023_1377,0.8380014896392822,0.2337398380041122,0.540120542049408,5.0,2023-06-07
2023_1380,0.8382172584533691,0.3353740870952606,0.6309328079223633,6.0,2023-06-07
2023_1381,0.7498167157173157,0.2918221950531006,0.5980796813964844,6.0,2023-06-07
2023_1382,0.8345060348510742,0.3365788757801056,0.6211927533149719,6.0,2023-06-07
2023_1383,0.5407251715660095,0.1279091835021972,0.3486660420894623,5.0,2023-06-07
2023_1387,0.8104129433631897,0.1526442319154739,0.4976574778556824,5.0,2023-06-07
2023_1388,0.8347775936126709,0.2973856329917907,0.5983895659446716,5.0,2023-06-07
2023_1391,0.7652333378791809,0.2405973970890045,0.5291348099708557,6.0,2023-06-07
2023_1505,0.8254346251487732,0.2684306502342224,0.571502685546875,12.0,2023-06-07
2023_1516,0.8111780881881714,0.255824476480484,0.5446633696556091,10.0,2023-06-07
2023_1517,0.7755622863769531,0.1986426711082458,0.5087431073188782,10.0,2023-06-07
2023_1539,0.8228605389595032,0.3019354939460754,0.5924830436706543,13.0,2023-06-07
2023_1541,0.7358886003494263,0.1850733458995819,0.4860175549983978,10.0,2023-06-07
2023_1543,0.8896317481994629,0.3038638532161712,0.6230912208557129,10.0,2023-06-07
2023_1544,0.7206992506980896,0.2138183116912841,0.4962329268455505,12.0,2023-06-07
2023_1589,0.8172974586486816,0.2150534242391586,0.5341701507568359,8.0,2023-06-07
2023_1590,0.7527005076408386,0.2192337214946746,0.4780089557170868,4.0,2023-06-07
2023_1591,0.7762854695320129,0.3027917742729187,0.5962304472923279,4.0,2023-06-07
2023_1592,0.8663284778594971,0.3071070909500122,0.5897708535194397,4.0,2023-06-07
2023_1594,0.8276013135910034,0.2583871483802795,0.5501178503036499,4.0,2023-06-07
2023_1595,0.8335999250411987,0.2956053018569946,0.5930904746055603,4.0,2023-06-07
2023_1596,0.7495682239532471,0.2807842493057251,0.5907636880874634,4.0,2023-06-07
2023_1597,0.7219545841217041,0.1623678505420684,0.4688752293586731,7.0,2023-06-07
2023_1602,0.7885547876358032,0.1950116008520126,0.4973348379135132,8.0,2023-06-07
2023_1603,0.797007143497467,0.2776412665843963,0.5778066515922546,9.0,2023-06-07
2023_1604,0.7820224761962891,0.1737280339002609,0.4834933280944824,9.0,2023-06-07
2023_1605,0.8305116891860962,0.279667854309082,0.5741514563560486,10.0,2023-06-07
2023_1606,0.6397228837013245,0.1587399542331695,0.4003483355045318,9.0,2023-06-07
2023_1609,0.8060322403907776,0.2501030564308166,0.5124284029006958,10.0,2023-06-07
2023_1610,0.6488071084022522,0.2365843504667282,0.5249710083007812,12.0,2023-06-07
2023_1613,0.8034728169441223,0.3369524478912353,0.608985424041748,10.0,2023-06-07
2023_1629,0.4205072224140167,0.1039763987064361,0.2958033084869385,6.0,2023-06-07
2023_1630,0.5724267363548279,0.0779455155134201,0.3137301802635193,6.0,2023-06-07
2023_1644,0.7433180809020996,0.2322783172130584,0.4971702992916107,12.0,2023-06-07
2023_1645,0.6870826482772827,0.1329931020736694,0.4269289970397949,8.0,2023-06-07
2023_1646,0.7045624256134033,0.132786363363266,0.4157235324382782,10.0,2023-06-07
2023_1648,0.8195247650146484,0.2431011945009231,0.4726412296295166,10.0,2023-06-07
2023_1649,0.7770470380783081,0.3295385539531708,0.5941936373710632,10.0,2023-06-07
2023_1650,0.7344213724136353,0.2264062762260437,0.5262991189956665,12.0,2023-06-07
2023_1652,0.7916814684867859,0.3095285892486572,0.5934959053993225,11.0,2023-06-07
2023_1653,0.698428213596344,0.2274560779333114,0.5275933146476746,10.0,2023-06-07
2023_1654,0.5989188551902771,0.2207897156476974,0.4477014541625976,12.0,2023-06-07
2023_1659,0.6749051213264465,0.2572637796401977,0.5469250082969666,10.0,2023-06-07
2023_1661,0.8177176713943481,0.3130522966384887,0.6079474687576294,13.0,2023-06-07
2023_1664,0.6320294737815857,0.249111607670784,0.5212962627410889,12.0,2023-06-07
2023_1665,0.6584398746490479,0.2218602001667022,0.5269957780838013,6.0,2023-06-07
2023_1666,0.8024203181266785,0.1961973309516906,0.5098079442977905,7.0,2023-06-07
2023_1667,0.8238860964775085,0.2758128941059112,0.579577624797821,12.0,2023-06-07
2023_1668,0.8073200583457947,0.28365159034729,0.6009942293167114,14.0,2023-06-07
2023_1671,0.7634575366973877,0.2930443286895752,0.5692873597145081,16.0,2023-06-07
2023_1674,0.6089743375778198,0.2491838783025741,0.4476670622825622,15.0,2023-06-07
2023_1681,0.8343803882598877,0.2612879276275635,0.5708688497543335,9.0,2023-06-07
2023_2060,0.3933282196521759,-0.0036480028647929,0.1871028989553451,16.0,2023-06-26
2023_2061,0.6571162343025208,0.0918983221054077,0.3564422130584717,24.0,2023-06-26
2023_537,0.704085111618042,0.2843615710735321,0.5664042234420776,7.0,2023-07-03
2023_538,0.644859790802002,0.1756302416324615,0.4531290531158447,7.0,2023-07-03
2023_583,0.8635562658309937,0.3189657628536224,0.5986536741256714,16.0,2023-07-03
2023_584,0.7581458687782288,0.2437404990196228,0.5429009199142456,14.0,2023-07-03
2023_588,0.8748100399971008,0.3233193159103393,0.5897268652915955,16.0,2023-07-03
2023_590,0.6910820603370667,0.1009168252348899,0.4143981039524078,16.0,2023-07-03
2023_591,0.8970194458961487,0.3338415324687958,0.6522274017333984,16.0,2023-07-03
2023_592,0.7254781126976013,0.2446443140506744,0.5498721599578857,16.0,2023-07-03
2023_593,0.78258216381073,0.121064618229866,0.4340994954109192,16.0,2023-07-03
2023_594,0.493521124124527,0.1035796999931335,0.3821657299995422,16.0,2023-07-03
2023_596,0.824920117855072,0.3394653499126434,0.6281659603118896,17.0,2023-07-03
2023_597,0.8624556064605713,0.3055633008480072,0.6090844869613647,8.0,2023-07-03
2023_599,0.8235148191452026,0.2360817641019821,0.5418620109558105,15.0,2023-07-03
2023_600,0.2548354268074035,-0.0040398580022156,0.214337944984436,15.0,2023-07-03
2023_601,0.535333514213562,0.1077253744006156,0.3941043019294739,15.0,2023-07-03
2023_602,0.8667303919792175,0.2646275460720062,0.5747923254966736,14.0,2023-07-03
2023_603,0.3629112839698791,0.095658853650093,0.3057240843772888,17.0,2023-07-03
2023_604,0.8247787356376648,0.2727001905441284,0.5613843202590942,17.0,2023-07-03
2023_606,0.5015829801559448,0.0777470991015434,0.2875170111656189,17.0,2023-07-03
2023_607,0.8527355194091797,0.3155236542224884,0.596709132194519,17.0,2023-07-03
2023_608,0.8520690202713013,0.3449762463569641,0.6381412744522095,16.0,2023-07-03
2023_609,0.8667648434638977,0.3513513505458832,0.6318086385726929,13.0,2023-07-03
2023_610,0.863278865814209,0.3053412437438965,0.613933265209198,15.0,2023-07-03
2023_612,0.8649519085884094,0.2820282876491546,0.5692011713981628,14.0,2023-07-03
2023_613,0.8833107352256775,0.2882169783115387,0.5888069868087769,15.0,2023-07-03
2023_614,0.8593611121177673,0.2984237372875213,0.6033360958099365,15.0,2023-07-03
2023_615,0.8913670778274536,0.327226459980011,0.617957353591919,5.0,2023-07-03
2023_616,0.8691014051437378,0.3393924236297607,0.6319329142570496,6.0,2023-07-03
2023_617,0.9004026651382446,0.3429467380046844,0.6539884805679321,6.0,2023-07-03
2023_618,0.8844798803329468,0.3359840810298919,0.623508095741272,6.0,2023-07-03
2023_619,0.8912529349327087,0.3484087288379669,0.6380016207695007,5.0,2023-07-03
2023_620,0.8913220167160034,0.343654602766037,0.6384724974632263,6.0,2023-07-03
2023_621,0.8177399635314941,0.2859838604927063,0.5771092176437378,5.0,2023-07-03
2023_622,0.8619645833969116,0.3605181872844696,0.6586902737617493,8.0,2023-07-03
2023_624,0.884157121181488,0.3440532684326172,0.6556870341300964,8.0,2023-07-03
2023_627,0.8928768634796143,0.3397265374660492,0.6336433291435242,7.0,2023-07-03
2023_628,0.7939871549606323,0.2723191380500793,0.5720146894454956,7.0,2023-07-03
2023_629,0.8978978991508484,0.3395482301712036,0.6357360482215881,7.0,2023-07-03
2023_630,0.8065646886825562,0.2066003233194351,0.4921185672283172,8.0,2023-07-03
2023_632,0.8781903982162476,0.3519502282142639,0.6479626297950745,16.0,2023-07-03
2023_633,0.8880077004432678,0.338786631822586,0.6393512487411499,5.0,2023-07-03
2023_634,0.8540974259376526,0.261426568031311,0.5734272003173828,4.0,2023-07-03
2023_635,0.8532664775848389,0.3240112364292145,0.630083441734314,18.0,2023-07-03
2023_637,0.7958887219429016,0.2299131453037262,0.5003793835639954,16.0,2023-07-03
2023_638,0.8076267838478088,0.3005561530590057,0.5734643936157227,14.0,2023-07-03
2023_639,0.8509393334388733,0.3500619530677795,0.6548478007316589,14.0,2023-07-03
2023_640,0.8383243083953857,0.2792247831821441,0.5590747594833374,18.0,2023-07-03
2023_641,0.8483964800834656,0.3527871370315552,0.6442619562149048,17.0,2023-07-03
2023_643,0.8734047412872314,0.3206549882888794,0.6185977458953857,14.0,2023-07-03
2023_644,0.8805479407310486,0.3575828671455383,0.6295774579048157,13.0,2023-07-03
2023_645,0.8689833283424377,0.2939587235450744,0.5916429162025452,13.0,2023-07-03
2023_646,0.8689402937889099,0.2930165529251098,0.6082382202148438,13.0,2023-07-03
2023_647,0.8529411554336548,0.3119856417179107,0.5896103978157043,9.0,2023-07-03
2023_648,0.6025041937828064,0.0749893486499786,0.3172311186790466,8.0,2023-07-03
2023_652,0.8618566393852234,0.2649002969264984,0.5666185021400452,12.0,2023-07-03
2023_654,0.889439582824707,0.3351092040538788,0.6461572051048279,7.0,2023-07-03
2023_655,0.8964598178863525,0.3751424849033355,0.6772028803825378,12.0,2023-07-03
2023_656,0.6725906133651733,0.1665111482143402,0.4388242065906524,10.0,2023-07-03
2023_658,0.8246479034423828,0.2920607626438141,0.599764883518219,12.0,2023-07-03
2023_661,0.8641101717948914,0.3491920530796051,0.6335646510124207,12.0,2023-07-03
2023_662,0.8146588206291199,0.2299186140298843,0.4929157495498657,7.0,2023-07-03
2023_664,0.8570334315299988,0.2982330918312073,0.5572682619094849,5.0,2023-07-03
2023_665,0.811583399772644,0.2783722281455993,0.5602654814720154,5.0,2023-07-03
2023_666,0.6829511523246765,0.1661485284566879,0.4152169227600097,5.0,2023-07-03
2023_667,0.8435081839561462,0.297429621219635,0.5860921144485474,7.0,2023-07-03
2023_671,0.7469850778579712,0.2105464190244674,0.5028478503227234,7.0,2023-07-03
2023_672,0.631510853767395,0.1420537829399109,0.4015268981456756,8.0,2023-07-03
2023_674,0.5159475803375244,0.1476839184761047,0.4199004173278808,12.0,2023-07-03
2023_681,0.5955160856246948,0.1472380459308624,0.4075172841548919,7.0,2023-07-03
2023_683,0.714460015296936,0.1628388017416,0.4603724479675293,7.0,2023-07-03
2023_685,0.5334861874580383,0.1398172974586486,0.3957346677780151,12.0,2023-07-03
2023_688,0.856480062007904,0.2695671319961548,0.5764204263687134,12.0,2023-07-03
2023_689,0.7614597678184509,0.1770678758621215,0.4905127584934234,12.0,2023-07-03
2023_690,0.8849586844444275,0.3362754285335541,0.6235089898109436,12.0,2023-07-03
2023_691,0.8673325181007385,0.3085560798645019,0.6101220846176147,14.0,2023-07-03
2023_692,0.8671765923500061,0.3146454393863678,0.6026449203491211,12.0,2023-07-03
2023_693,0.7874855399131775,0.2279109805822372,0.5362271666526794,14.0,2023-07-03
2023_695,0.8268508911132812,0.2211427092552185,0.5202881693840027,12.0,2023-07-03
2023_772,0.7873146533966064,0.3250339031219482,0.6104041337966919,6.0,2023-07-03
2023_975,0.8212842345237732,0.2886417806148529,0.6196944117546082,5.0,2023-07-03
2023_976,0.6676629185676575,0.1475923508405685,0.4300864934921264,5.0,2023-07-03
2023_977,0.4439834058284759,0.0981697142124176,0.3027386963367462,5.0,2023-07-03
2023_979,0.848654568195343,0.3168439865112304,0.6062133312225342,6.0,2023-07-03
2023_985,0.6501630544662476,0.1841042935848236,0.4944942891597748,6.0,2023-07-03
2023_986,0.8722619414329529,0.3262551426887512,0.6206509470939636,5.0,2023-07-03
2023_1024,0.6390150189399719,0.301707923412323,0.5505520105361938,6.0,2023-07-03
2023_1025,0.642094075679779,0.2420185953378677,0.4782931804656982,6.0,2023-07-03
2023_1026,0.5540118217468262,0.0960313603281974,0.3283848166465759,5.0,2023-07-03
2023_1027,0.8650306463241577,0.3326122164726257,0.658514678478241,5.0,2023-07-03
2023_1028,0.8529090881347656,0.2827006876468658,0.5845442414283752,6.0,2023-07-03
2023_1030,0.8724954128265381,0.3474452495574951,0.6552342176437378,5.0,2023-07-03
2023_1031,0.8140769004821777,0.2432074546813964,0.5618363618850708,6.0,2023-07-03
2023_1032,0.73069828748703,0.1493306159973144,0.4522640705108642,5.0,2023-07-03
2023_1033,0.8506616353988647,0.3044637143611908,0.6081741452217102,5.0,2023-07-03
2023_1039,0.8885191082954407,0.3749624788761139,0.6570188403129578,5.0,2023-07-03
2023_1040,0.877682626247406,0.3421193063259125,0.6544627547264099,6.0,2023-07-03
2023_1122,0.8480082154273987,0.3256298303604126,0.619346022605896,6.0,2023-07-03
2023_1123,0.7410643100738525,0.2806026637554168,0.5535081624984741,7.0,2023-07-03
2023_1124,0.8986886143684387,0.3452359139919281,0.6656891703605652,7.0,2023-07-03
2023_1125,0.8775381445884705,0.3019157648086548,0.610109806060791,8.0,2023-07-03
2023_1126,0.841760516166687,0.313216358423233,0.614679753780365,8.0,2023-07-03
2023_1128,0.8318431973457336,0.2909579873085022,0.5794152617454529,8.0,2023-07-03
2023_1130,0.8608619570732117,0.294775515794754,0.5880854725837708,7.0,2023-07-03
2023_1131,0.8892989158630371,0.3313987255096435,0.6275274753570557,5.0,2023-07-03
2023_1132,0.8751230835914612,0.3327061533927917,0.613312304019928,6.0,2023-07-03
2023_1133,0.8322740793228149,0.3009597957134247,0.6042138338088989,8.0,2023-07-03
2023_1134,0.8908570408821106,0.3549423217773437,0.6550822257995605,6.0,2023-07-03
2023_1135,0.8786845207214355,0.3409379124641418,0.6482959985733032,7.0,2023-07-03
2023_1136,0.8891916275024414,0.3992107212543487,0.6743488907814026,7.0,2023-07-03
2023_1137,0.9149959683418274,0.3478066921234131,0.6782077550888062,7.0,2023-07-03
2023_1139,0.8742079138755798,0.3577248156070709,0.6202069520950317,7.0,2023-07-03
2023_1140,0.8530842065811157,0.3430562317371368,0.6395648121833801,7.0,2023-07-03
2023_1141,0.8737704753875732,0.2598396837711334,0.5808398127555847,6.0,2023-07-03
2023_1148,0.8863871097564697,0.2879570722579956,0.6210329532623291,6.0,2023-07-03
2023_1149,0.8901418447494507,0.3199061751365661,0.6450428366661072,7.0,2023-07-03
2023_1150,0.666140079498291,0.2492969632148742,0.5180394649505615,7.0,2023-07-03
2023_1151,0.910676658153534,0.3597053587436676,0.6708012223243713,5.0,2023-07-03
2023_1171,0.8783450126647949,0.3253767192363739,0.6534080505371094,6.0,2023-07-03
2023_1173,0.7919902205467224,0.2953709363937378,0.5888988375663757,6.0,2023-07-03
2023_1174,0.8209490776062012,0.2408995032310485,0.548167884349823,6.0,2023-07-03
2023_1177,0.771268367767334,0.2538301944732666,0.5258750319480896,8.0,2023-07-03
2023_1178,0.7696910500526428,0.2783712744712829,0.5432381629943848,6.0,2023-07-03
2023_1195,0.3241656422615051,0.069058671593666,0.2678694427013397,6.0,2023-07-03
2023_1196,0.8587440252304077,0.3007315993309021,0.5899087190628052,7.0,2023-07-03
2023_1203,0.849257230758667,0.2674637734889984,0.5856090784072876,14.0,2023-07-03
2023_1205,0.8531073331832886,0.2603265941143036,0.5800883173942566,7.0,2023-07-03
2023_1206,0.7373961210250854,0.2402395904064178,0.523809552192688,13.0,2023-07-03
2023_1207,0.8831880688667297,0.3522132039070129,0.6536484360694885,14.0,2023-07-03
2023_1208,0.810355007648468,0.295838862657547,0.5801634192466736,12.0,2023-07-03
2023_1209,0.8840125203132629,0.3819685578346252,0.6696165204048157,15.0,2023-07-03
2023_1216,0.7864661812782288,0.2401862889528274,0.5001106858253479,9.0,2023-07-03
2023_1217,0.5842069983482361,0.1801561713218689,0.3999691605567932,12.0,2023-07-03
2023_1218,0.874194860458374,0.3445521295070648,0.6202014088630676,6.0,2023-07-03
2023_1219,0.8821520209312439,0.3842038512229919,0.6731239557266235,7.0,2023-07-03
2023_1221,0.8499307036399841,0.305768609046936,0.6036036014556885,7.0,2023-07-03
2023_1222,0.8266785144805908,0.2425778359174728,0.517690122127533,7.0,2023-07-03
2023_1223,0.8971759676933289,0.3967510759830475,0.688927948474884,7.0,2023-07-03
2023_1225,0.898337721824646,0.3778033256530761,0.6728952527046204,7.0,2023-07-03
2023_1226,0.8963750004768372,0.36140176653862,0.6674386262893677,7.0,2023-07-03
2023_1227,0.6584781408309937,0.1348999142646789,0.4253347218036651,7.0,2023-07-03
2023_1228,0.86799556016922,0.355057030916214,0.656614363193512,6.0,2023-07-03
2023_1229,0.8833247423171997,0.3058225214481354,0.6340740919113159,7.0,2023-07-03
2023_1230,0.8493372797966003,0.2686707973480224,0.5756244659423828,6.0,2023-07-03
2023_1231,0.8728010654449463,0.3025586009025574,0.6352201104164124,7.0,2023-07-03
2023_1232,0.9014347791671752,0.3429044783115387,0.6609185934066772,7.0,2023-07-03
2023_1233,0.912649631500244,0.4054537117481231,0.6949540972709656,7.0,2023-07-03
2023_1234,0.8688693642616272,0.2475884407758712,0.5669687986373901,7.0,2023-07-03
2023_1235,0.8933551907539368,0.3535496890544891,0.6675986647605896,7.0,2023-07-03
2023_1236,0.8838046193122864,0.2626555562019348,0.5899327397346497,7.0,2023-07-03
2023_1237,0.9048349857330322,0.3023049533367157,0.6296296119689941,7.0,2023-07-03
2023_1238,0.8836936354637146,0.3516580760478973,0.6630468368530273,7.0,2023-07-03
2023_1240,0.8786084651947021,0.3138324320316314,0.6276097297668457,7.0,2023-07-03
2023_1242,0.7180411219596863,0.231423795223236,0.484900951385498,7.0,2023-07-03
2023_1243,0.8296751379966736,0.2490260601043701,0.5585585236549377,7.0,2023-07-03
2023_1244,0.8606271743774414,0.2323105633258819,0.5816757082939148,7.0,2023-07-03
2023_1245,0.8993666768074036,0.3703734874725342,0.6801885366439819,6.0,2023-07-03
2023_1246,0.8713745474815369,0.3176531493663788,0.5965572595596313,7.0,2023-07-03
2023_1247,0.8736106753349304,0.3046465218067169,0.627424418926239,7.0,2023-07-03
2023_1248,0.8788430690765381,0.3059996664524078,0.6166960597038269,7.0,2023-07-03
2023_1249,0.8813996315002441,0.2712486386299133,0.5849646925926208,6.0,2023-07-03
2023_1251,0.8557687401771545,0.2992982864379883,0.6047125458717346,6.0,2023-07-03
2023_1252,0.8881290555000305,0.2952986657619476,0.6151508092880249,6.0,2023-07-03
2023_1253,0.9135591387748718,0.3810314238071441,0.679123044013977,6.0,2023-07-03
2023_1254,0.8510769009590149,0.2852186262607574,0.5781741738319397,7.0,2023-07-03
2023_1255,0.8749693632125854,0.2547486126422882,0.5963158011436462,7.0,2023-07-03
2023_1256,0.890350878238678,0.279909074306488,0.6106951832771301,7.0,2023-07-03
2023_1257,0.3172414302825928,0.0602736994624137,0.3056842982769012,6.0,2023-07-03
2023_1259,0.8813248872756958,0.3572454452514648,0.6473569869995117,6.0,2023-07-03
2023_1260,0.8903658390045166,0.3242664635181427,0.6443209648132324,6.0,2023-07-03
2023_1261,0.8867643475532532,0.3050867021083832,0.614488959312439,6.0,2023-07-03
2023_1262,0.8411309123039246,0.280650645494461,0.5795808434486389,6.0,2023-07-03
2023_1263,0.8952865600585938,0.3263304829597473,0.6416314244270325,6.0,2023-07-03
2023_1264,0.8284258246421814,0.3111971318721771,0.6006162166595459,6.0,2023-07-03
2023_1265,0.7781651616096497,0.2814070284366607,0.5786418914794922,7.0,2023-07-03
2023_1266,0.8208000063896179,0.3157571852207184,0.6138442754745483,7.0,2023-07-03
2023_1267,0.8443560004234314,0.326397955417633,0.6238770484924316,6.0,2023-07-03
2023_1268,0.8211981654167175,0.2779304981231689,0.5519340634346008,7.0,2023-07-03
2023_1269,0.6642929911613464,0.2163742631673813,0.4772008955478668,7.0,2023-07-03
2023_1271,0.8117833733558655,0.1825329214334488,0.5071467161178589,8.0,2023-07-03
2023_1272,0.8704731464385986,0.3348839581012726,0.6401495337486267,8.0,2023-07-03
2023_1274,0.8534177541732788,0.3515394628047943,0.6319445371627808,6.0,2023-07-03
2023_1275,0.8563231229782104,0.3241598308086395,0.6227652430534363,6.0,2023-07-03
2023_1276,0.8615224361419678,0.2820250988006592,0.6006993651390076,6.0,2023-07-03
2023_1277,0.8971280455589294,0.3400647044181824,0.6437696814537048,6.0,2023-07-03
2023_1278,0.8876668810844421,0.3446983397006988,0.6313360929489136,6.0,2023-07-03
2023_1279,0.9037604928016664,0.3018714189529419,0.6269865036010742,6.0,2023-07-03
2023_1280,0.8974779844284058,0.3339500725269317,0.6463805437088013,6.0,2023-07-03
2023_1281,0.8482034802436829,0.2871837317943573,0.5825270414352417,6.0,2023-07-03
2023_1283,0.8717676401138306,0.3181902766227722,0.6301652789115906,7.0,2023-07-03
2023_1284,0.871795654296875,0.2835413813591003,0.5999416708946228,6.0,2023-07-03
2023_1285,0.8861787915229797,0.306716650724411,0.6073424816131592,6.0,2023-07-03
2023_1287,0.8733153343200684,0.3279197514057159,0.6333456039428711,7.0,2023-07-03
2023_1288,0.8600142002105713,0.3145723342895508,0.6159877181053162,6.0,2023-07-03
2023_1289,0.8716006278991699,0.3093376159667969,0.5999378561973572,6.0,2023-07-03
2023_1291,0.8909519910812378,0.2878362238407135,0.6144410967826843,7.0,2023-07-03
2023_1294,0.9105671644210817,0.3570429384708404,0.6453182101249695,7.0,2023-07-03
2023_1299,0.7724204659461975,0.3069956302642822,0.596185564994812,7.0,2023-07-03
2023_1300,0.8453550338745117,0.297034204006195,0.5832743644714355,6.0,2023-07-03
2023_1301,0.8983901143074036,0.3117322027683258,0.6073594093322754,7.0,2023-07-03
2023_1306,0.6761778593063354,0.2059447765350341,0.4567215144634247,7.0,2023-07-03
2023_1307,0.4800266325473785,0.0917856469750404,0.3225904107093811,6.0,2023-07-03
2023_1312,0.8933882713317871,0.3543211221694946,0.6722492575645447,8.0,2023-07-03
2023_1313,0.8717063069343567,0.3725414574146271,0.6705358028411865,8.0,2023-07-03
2023_1314,0.8582825064659119,0.3232566118240356,0.6162744164466858,7.0,2023-07-03
2023_1316,0.6030814051628113,0.0791957899928093,0.3349530696868896,8.0,2023-07-03
2023_1317,0.8427648544311523,0.324064701795578,0.6452575325965881,8.0,2023-07-03
2023_1318,0.7067063450813293,0.2384063750505447,0.519930362701416,8.0,2023-07-03
2023_1319,0.8732202053070068,0.3300739824771881,0.6200085878372192,6.0,2023-07-03
2023_1321,0.8532718420028687,0.2988262176513672,0.6119042038917542,8.0,2023-07-03
2023_1322,0.8810198307037354,0.3073439598083496,0.6218856573104858,7.0,2023-07-03
2023_1323,0.8761339783668518,0.2986983358860016,0.6004619002342224,6.0,2023-07-03
2023_1324,0.8362503051757812,0.326629102230072,0.6119663715362549,6.0,2023-07-03
2023_1330,0.8787878751754761,0.3500680327415466,0.6478404998779297,7.0,2023-07-03
2023_1331,0.8135818839073181,0.2788043618202209,0.5650149583816528,7.0,2023-07-03
2023_1332,0.8036659955978394,0.2975291907787323,0.5985863208770752,7.0,2023-07-03
2023_1333,0.4123907387256622,0.1071709096431732,0.3195204734802246,6.0,2023-07-03
2023_1334,0.8823323845863342,0.2866570353507995,0.5950739979743958,6.0,2023-07-03
2023_1335,0.8706002831459045,0.2472721338272094,0.5697436928749084,6.0,2023-07-03
2023_1336,0.7496472597122192,0.1491625159978866,0.458100825548172,6.0,2023-07-03
2023_1337,0.6633590459823608,0.1800852417945861,0.4888944923877716,6.0,2023-07-03
2023_1338,0.8274306058883667,0.2106954455375671,0.5560107827186584,6.0,2023-07-03
2023_1339,0.2886103391647339,0.0982744172215461,0.3371188640594482,6.0,2023-07-03
2023_1340,0.7461123466491699,0.2685939073562622,0.5568904876708984,6.0,2023-07-03
2023_1341,0.7818834781646729,0.2911863327026367,0.5756410360336304,7.0,2023-07-03
2023_1342,0.8246594667434692,0.1924218386411667,0.5304751992225647,7.0,2023-07-03
2023_1343,0.8824630975723267,0.3512927591800689,0.6601279973983765,7.0,2023-07-03
2023_1345,0.8155038952827454,0.2933576107025146,0.5665552020072937,7.0,2023-07-03
2023_1346,0.7714696526527405,0.3077130317687988,0.6022833585739136,6.0,2023-07-03
2023_1347,0.8022770881652832,0.3096585869789123,0.5832966566085815,6.0,2023-07-03
2023_1348,0.8398367762565613,0.2810927629470825,0.582241952419281,5.0,2023-07-03
2023_1349,0.8076152205467224,0.2869142293930053,0.5850803256034851,5.0,2023-07-03
2023_1350,0.846160888671875,0.2941339015960693,0.6052027940750122,6.0,2023-07-03
2023_1351,0.5861654281616211,0.2158433496952057,0.4932049810886383,5.0,2023-07-03
2023_1352,0.5599370002746582,0.182654395699501,0.4123875796794891,6.0,2023-07-03
2023_1355,0.7872701287269592,0.2849990129470825,0.5235109925270081,5.0,2023-07-03
2023_1356,0.6052872538566589,0.1729825586080551,0.4695474505424499,6.0,2023-07-03
2023_1357,0.1734890043735504,0.0021664747036993,0.1581666022539138,6.0,2023-07-03
2023_1358,0.8558914661407471,0.278567224740982,0.5970795154571533,5.0,2023-07-03
2023_1392,0.8101800680160522,0.3467217981815338,0.6026241779327393,7.0,2023-07-03
2023_1394,0.8192003965377808,0.3093677163124084,0.6053928136825562,5.0,2023-07-03
2023_1395,0.8580556511878967,0.3480132222175598,0.6478445529937744,5.0,2023-07-03
2023_1397,0.8811659216880798,0.3364335596561432,0.6353691816329956,5.0,2023-07-03
2023_1398,0.8352220058441162,0.2786299288272857,0.588950514793396,6.0,2023-07-03
2023_1399,0.5332208871841431,0.1602858603000641,0.4233654737472534,7.0,2023-07-03
2023_1400,0.8277680277824402,0.2846612930297851,0.5701415538787842,7.0,2023-07-03
2023_1401,0.8459763526916504,0.2917462289333343,0.6020025014877319,7.0,2023-07-03
2023_1402,0.8195757865905762,0.3065071403980255,0.6046878695487976,7.0,2023-07-03
2023_1403,0.8195250630378723,0.3428519368171692,0.6607690453529358,7.0,2023-07-03
2023_1404,0.7621569633483887,0.2203921526670456,0.516569197177887,7.0,2023-07-03
2023_1405,0.6735674142837524,0.2142620533704757,0.4921651482582092,6.0,2023-07-03
2023_1406,0.8645609021186829,0.2995255887508392,0.6071211695671082,5.0,2023-07-03
2023_1407,0.767729640007019,0.2269615530967712,0.4929517209529876,5.0,2023-07-03
2023_1411,0.8444104194641113,0.2968703508377075,0.6070928573608398,6.0,2023-07-03
2023_1413,0.7028571367263794,0.2396449893712997,0.4981046319007873,5.0,2023-07-03
2023_1414,0.2214207351207733,0.0619962066411972,0.2902877330780029,6.0,2023-07-03
2023_1415,0.8446362614631653,0.308582991361618,0.6039648652076721,5.0,2023-07-03
2023_1422,0.8977869153022766,0.2789052724838257,0.5729954838752747,3.0,2023-07-03
2023_1425,0.8659611940383911,0.3148982524871826,0.6230105757713318,5.0,2023-07-03
2023_1426,0.7953690886497498,0.199999988079071,0.5126967430114746,5.0,2023-07-03
2023_1427,0.7375277280807495,0.2441850304603576,0.5061087012290955,6.0,2023-07-03
2023_1428,0.6966145038604736,0.1820414215326309,0.5045584440231323,6.0,2023-07-03
2023_1429,0.661865234375,0.1283715665340423,0.4258312880992889,6.0,2023-07-03
2023_1430,0.8721422553062439,0.3075103461742401,0.6209677457809448,5.0,2023-07-03
2023_1431,0.8999999761581421,0.3262518942356109,0.6030914783477783,5.0,2023-07-03
2023_1436,0.5926817655563354,0.2081811428070068,0.4019919335842132,5.0,2023-07-03
2023_1438,0.2567997276782989,-0.0283997766673564,0.15519480407238,5.0,2023-07-03
2023_1439,0.7675134539604187,0.2575345933437347,0.4960387051105499,4.0,2023-07-03
2023_1440,0.901391327381134,0.3522897362709045,0.6419427990913391,6.0,2023-07-03
2023_1441,0.9082254767417908,0.3384698033332824,0.6353412866592407,6.0,2023-07-03
2023_1442,0.7950343489646912,0.2803485691547394,0.5755280256271362,6.0,2023-07-03
2023_1444,0.8422492742538452,0.4262247383594513,0.6230776309967041,6.0,2023-07-03
2023_1445,0.9101943373680116,0.3980646431446075,0.7059531211853027,6.0,2023-07-03
2023_1446,0.8309859037399292,0.2304250448942184,0.545996367931366,5.0,2023-07-03
2023_1447,0.82045578956604,0.2685311138629913,0.5570799708366394,6.0,2023-07-03
2023_1448,0.8508997559547424,0.3045231997966766,0.6140490770339966,7.0,2023-07-03
2023_1453,0.8775045275688171,0.3142159879207611,0.6140876412391663,3.0,2023-07-03
2023_1454,0.823969304561615,0.2302121073007583,0.5214331150054932,3.0,2023-07-03
2023_1455,0.6102147698402405,0.1931904852390289,0.4667533934116363,4.0,2023-07-03
2023_1456,0.3922036588191986,0.0063868477009236,0.2424758523702621,9.0,2023-07-03
2023_1457,0.708875298500061,0.1994490325450897,0.4741649925708771,6.0,2023-07-03
2023_1458,0.8783590793609619,0.2527072131633758,0.533211886882782,6.0,2023-07-03
2023_1459,0.8887292146682739,0.3227893710136413,0.6207284927368164,3.0,2023-07-03
2023_1460,0.8940004110336304,0.4028812944889068,0.6491764187812805,9.0,2023-07-03
2023_1461,0.8709968328475952,0.2864383459091186,0.5637893080711365,7.0,2023-07-03
2023_1462,0.9002708792686462,0.3424842655658722,0.6564767956733704,10.0,2023-07-03
2023_1463,0.8807892203330994,0.3637420833110809,0.66219562292099,10.0,2023-07-03
2023_1464,0.8637323379516602,0.3522865176200866,0.6165536642074585,8.0,2023-07-03
2023_1465,0.4060378074645996,0.1654257327318191,0.3680567145347595,10.0,2023-07-03
2023_1466,0.6873661279678345,0.1878566443920135,0.4269262254238128,7.0,2023-07-03
2023_1467,0.8909361362457275,0.3349100053310394,0.6259333491325378,5.0,2023-07-03
2023_1468,0.8552107214927673,0.2200327664613723,0.5267484188079834,10.0,2023-07-03
2023_1469,0.7972251772880554,0.2184196412563324,0.5253623127937317,9.0,2023-07-03
2023_1470,0.7495481371879578,0.3307240605354309,0.6129493117332458,9.0,2023-07-03
2023_1471,0.7983651161193848,0.2780410647392273,0.5565175414085388,9.0,2023-07-03
2023_1472,0.8781794905662537,0.3197999000549316,0.6181308031082153,10.0,2023-07-03
2023_1473,0.8736889362335205,0.2810986936092376,0.5891110301017761,10.0,2023-07-03
2023_1474,0.7469385862350464,0.1745805591344833,0.4571267366409302,10.0,2023-07-03
2023_1478,0.7820649147033691,0.2837684750556946,0.5593748092651367,10.0,2023-07-03
2023_1485,0.8246464729309082,0.2364943474531173,0.537760853767395,10.0,2023-07-03
2023_1486,0.6544715166091919,0.2840704619884491,0.5465605854988098,12.0,2023-07-03
2023_1488,0.7891504168510437,0.1620009243488311,0.4628420770168304,12.0,2023-07-03
2023_1489,0.8367713093757629,0.2823461890220642,0.5825567245483398,13.0,2023-07-03
2023_1492,0.8733357191085815,0.3143110573291778,0.6143633723258972,12.0,2023-07-03
2023_1497,0.6790370941162109,0.1943298131227493,0.4323219358921051,9.0,2023-07-03
2023_1499,0.7708737850189209,0.2705645859241485,0.55409836769104,11.0,2023-07-03
2023_1500,0.3113904893398285,0.0037530085537582,0.2008760720491409,10.0,2023-07-03
2023_1507,0.8316336870193481,0.3198027908802032,0.6005231142044067,16.0,2023-07-03
2023_1508,0.8530325293540955,0.3214165568351745,0.6043978333473206,14.0,2023-07-03
2023_1511,0.781450092792511,0.2897809445858001,0.5589615106582642,13.0,2023-07-03
2023_1512,0.7865952849388123,0.2860044240951538,0.5574579834938049,10.0,2023-07-03
2023_1513,0.4430062770843506,0.1540896147489547,0.3368920683860779,13.0,2023-07-03
2023_1518,0.8953279256820679,0.3670416176319122,0.6593379974365234,14.0,2023-07-03
2023_1519,0.8946966528892517,0.3469109237194061,0.6428784132003784,10.0,2023-07-03
2023_1520,0.7992817163467407,0.2138397544622421,0.5067435503005981,14.0,2023-07-03
2023_1522,0.8898618221282959,0.3971063792705536,0.6816397905349731,15.0,2023-07-03
2023_1523,0.8086689710617065,0.284773051738739,0.5961576700210571,14.0,2023-07-03
2023_1524,0.8115237951278687,0.2401649504899978,0.5449798107147217,16.0,2023-07-03
2023_1525,0.8827372193336487,0.3176109492778778,0.6257748007774353,14.0,2023-07-03
2023_1526,0.7961336970329285,0.2887911796569824,0.5813308358192444,14.0,2023-07-03
2023_1527,0.8115919232368469,0.3159857392311096,0.6221184134483337,16.0,2023-07-03
2023_1528,0.8224606513977051,0.2974827289581299,0.6005212664604187,16.0,2023-07-03
2023_1529,0.907009780406952,0.3724039793014526,0.6824847459793091,14.0,2023-07-03
2023_1530,0.8890052437782288,0.3714016079902649,0.6478760242462158,13.0,2023-07-03
2023_1533,0.8215357661247253,0.2908016443252563,0.5732367038726807,16.0,2023-07-03
2023_1534,0.8071514368057251,0.300510823726654,0.5821453332901001,16.0,2023-07-03
2023_1535,0.795386791229248,0.3066167533397674,0.5907843112945557,16.0,2023-07-03
2023_1536,0.7661108374595642,0.2745769619941711,0.5511469841003418,14.0,2023-07-03
2023_1537,0.8030825257301331,0.2549348175525665,0.5490028858184814,14.0,2023-07-03
2023_1545,0.7198454141616821,0.1710042208433151,0.4183467328548431,4.0,2023-07-03
2023_1546,0.6962623596191406,0.182408332824707,0.4839367568492889,4.0,2023-07-03
2023_1547,0.8837562799453735,0.3510280549526214,0.6393827795982361,4.0,2023-07-03
2023_1548,0.8486605286598206,0.3306047320365906,0.6167214512825012,10.0,2023-07-03
2023_1549,0.877263605594635,0.2919343113899231,0.5943415760993958,9.0,2023-07-03
2023_1550,0.7961041927337646,0.347365528345108,0.6489285230636597,8.0,2023-07-03
2023_1551,0.8561484813690186,0.350021094083786,0.6216216087341309,7.0,2023-07-03
2023_1552,0.8228621482849121,0.3326320350170135,0.62834632396698,8.0,2023-07-03
2023_1553,0.8460579514503479,0.3807918131351471,0.6756592988967896,7.0,2023-07-03
2023_1554,0.8152105808258057,0.2728074193000793,0.5995569229125977,7.0,2023-07-03
2023_1556,0.7645660042762756,0.2155025601387024,0.5205114483833313,5.0,2023-07-03
2023_1557,0.8757815957069397,0.306044727563858,0.5750787258148193,5.0,2023-07-03
2023_1558,0.5491217374801636,0.098783865571022,0.3908539414405823,8.0,2023-07-03
2023_1559,0.8683130145072937,0.2918364107608795,0.5956788659095764,8.0,2023-07-03
2023_1561,0.8209956288337708,0.2694128155708313,0.544939398765564,8.0,2023-07-03
2023_1563,0.5152308344841003,0.0896218717098236,0.3460878729820251,8.0,2023-07-03
2023_1564,0.7506534457206726,0.2579706609249115,0.5474740862846375,8.0,2023-07-03
2023_1566,0.892023503780365,0.337528645992279,0.6538170576095581,6.0,2023-07-03
2023_1567,0.8637848496437073,0.2870868146419525,0.5754486918449402,5.0,2023-07-03
2023_1568,0.8365384340286255,0.2028271853923797,0.4810126721858978,5.0,2023-07-03
2023_1569,0.915841579437256,0.4051437079906463,0.6743177175521851,5.0,2023-07-03
2023_1570,0.8757889270782471,0.3009980618953705,0.5825346112251282,5.0,2023-07-03
2023_1571,0.8898466229438782,0.34438556432724,0.6483035683631897,6.0,2023-07-03
2023_1573,0.5955061912536621,0.1744295954704284,0.4742336869239807,8.0,2023-07-03
2023_1574,0.8137649297714233,0.2731083333492279,0.5546466112136841,8.0,2023-07-03
2023_1575,0.8154874444007874,0.2869090735912323,0.5610963106155396,8.0,2023-07-03
2023_1580,0.7486535310745239,0.2143527865409851,0.4539933204650879,9.0,2023-07-03
2023_1581,0.8108395338058472,0.2704311013221741,0.5550817251205444,7.0,2023-07-03
2023_1582,0.6576110124588013,0.1881681382656097,0.3734797835350036,8.0,2023-07-03
2023_1583,0.8557055592536926,0.2834787368774414,0.5960772037506104,8.0,2023-07-03
2023_1587,0.8555959463119507,0.3265325725078583,0.615903913974762,12.0,2023-07-03
2023_1601,0.8483909368515015,0.3241723775863647,0.61932373046875,10.0,2023-07-03
2023_1611,0.8429158926010132,0.3342912197113037,0.6321285963058472,12.0,2023-07-03
2023_1615,0.8221360445022583,0.2759000062942505,0.5438401699066162,12.0,2023-07-03
2023_1616,0.7443730235099792,0.1884151250123977,0.4761756360530853,14.0,2023-07-03
2023_1617,0.8053430914878845,0.2758959531784057,0.5314629673957825,10.0,2023-07-03
2023_1618,0.8363692760467529,0.2540425956249237,0.5249876379966736,4.0,2023-07-03
2023_1619,0.8992457985877991,0.3352606892585754,0.6394334435462952,4.0,2023-07-03
2023_1620,0.8801630139350891,0.2968684732913971,0.6072692275047302,4.0,2023-07-03
2023_1621,0.6245886087417603,0.1537110209465026,0.4557163119316101,4.0,2023-07-03
2023_1622,0.7959044575691223,0.2526456117630005,0.5397563576698303,4.0,2023-07-03
2023_1623,0.88820880651474,0.297838807106018,0.6002367734909058,4.0,2023-07-03
2023_1624,0.7491528987884521,0.2484565675258636,0.5138975381851196,6.0,2023-07-03
2023_1627,0.7705013155937195,0.2501361072063446,0.5438536405563354,8.0,2023-07-03
2023_1631,0.7107981443405151,0.0501956902444362,0.319293737411499,11.0,2023-07-03
2023_1632,0.5815911293029785,0.0723357498645782,0.2913365960121155,12.0,2023-07-03
2023_1633,0.6609137058258057,0.2161308228969574,0.4187854528427124,9.0,2023-07-03
2023_1677,0.476623386144638,0.1797255426645279,0.4198725521564483,5.0,2023-07-03
2023_1678,0.4418960213661194,0.2201069444417953,0.447845458984375,5.0,2023-07-03
2023_1683,0.6396217346191406,0.2610080540180206,0.5010253190994263,7.0,2023-07-03
2023_1684,0.8053238391876221,0.232256606221199,0.543107807636261,8.0,2023-07-03
2023_1690,0.4658367335796356,0.1598269790410995,0.3230085968971252,12.0,2023-07-03
2023_1692,0.8590577244758606,0.2913989722728729,0.5890523195266724,6.0,2023-07-03
2023_1693,0.9030133485794068,0.4175906777381897,0.7038936018943787,4.0,2023-07-03
2023_1694,0.874824583530426,0.2468577325344085,0.5752699375152588,9.0,2023-07-03
2023_1699,0.7915418148040771,0.2011371701955795,0.5281739234924316,5.0,2023-07-03
2023_294,0.6510319113731384,0.2558352351188659,0.4852320551872253,3.0,2023-07-04
2023_359,0.8648633360862732,0.2765079736709595,0.5908170938491821,14.0,2023-07-07
2023_360,0.7849324345588684,0.191714733839035,0.4335567057132721,10.0,2023-07-07
2023_361,,,,,2023-07-07
2023_362,,,,,2023-07-07
2023_363,0.7422680258750916,0.18770132958889,0.4900808334350586,1.0,2023-07-07
2023_364,0.827010989189148,0.3366671204566955,0.6527937650680542,4.0,2023-07-07
2023_365,0.8553072810173035,0.3737750351428985,0.6390914916992188,4.0,2023-07-07
2023_366,0.8567636609077454,0.2607612609863281,0.5761822462081909,4.0,2023-07-07
2023_367,0.8485351800918579,0.2340450286865234,0.5731801390647888,4.0,2023-07-07
2023_368,0.5885760188102722,0.1841154247522354,0.3607749342918396,2.0,2023-07-07
2023_369,0.8204593062400818,0.1141396686434745,0.5017221570014954,1.0,2023-07-07
2023_370,0.8446788191795349,0.2921423614025116,0.5986705422401428,1.0,2023-07-07
2023_371,0.8198473453521729,0.2755632698535919,0.5905697345733643,5.0,2023-07-07
2023_372,0.5554866790771484,0.1894175559282302,0.4021544754505157,6.0,2023-07-07
2023_373,0.7666749954223633,0.2195205986499786,0.4764091670513153,5.0,2023-07-07
2023_374,0.7667386531829834,0.256326287984848,0.5620951056480408,5.0,2023-07-07
2023_375,0.7291947603225708,0.196804016828537,0.545898973941803,3.0,2023-07-07
2023_376,0.823655903339386,0.2815652787685394,0.594219446182251,5.0,2023-07-07
2023_377,0.8377256393432617,0.3080142736434936,0.611227810382843,5.0,2023-07-07
2023_378,0.8228487372398376,0.2718731760978699,0.5709882378578186,3.0,2023-07-07
2023_381,0.5917496681213379,0.2636928260326385,0.5131846070289612,1.0,2023-07-07
2023_382,0.8540671467781067,0.2543359994888305,0.5716849565505981,8.0,2023-07-07
2023_383,,,,,2023-07-07
2023_384,0.8200505375862122,0.2683730125427246,0.5783199667930603,3.0,2023-07-07
2023_385,0.7600984573364258,0.2928320467472076,0.593632161617279,2.0,2023-07-07
2023_387,0.8128872513771057,0.3181883692741394,0.6000000238418579,5.0,2023-07-07
2023_389,0.7667879462242126,0.2200393825769424,0.4938594400882721,14.0,2023-07-07
2023_390,0.7665610313415527,0.269584447145462,0.4761861860752105,2.0,2023-07-07
2023_391,0.8433709144592285,0.3742541968822479,0.6463139653205872,4.0,2023-07-07
2023_534,0.7784678936004639,0.2993990778923034,0.5516616106033325,7.0,2023-07-07
2023_575,0.8541266918182373,0.3038516342639923,0.5985928177833557,7.0,2023-07-07
2023_577,0.900050938129425,0.3378900289535522,0.6481878757476807,6.0,2023-07-07
2023_581,0.8677040934562683,0.3702277541160583,0.6763354539871216,6.0,2023-07-07
2023_698,0.7822735905647278,0.3168397545814514,0.5986858010292053,6.0,2023-07-07
2023_699,0.8298607468605042,0.3225750625133514,0.6125333309173584,6.0,2023-07-07
2023_717,0.8960798978805542,0.3508486747741699,0.6441758275032043,10.0,2023-07-07
2023_722,0.8774793148040771,0.3000946640968323,0.6065509915351868,5.0,2023-07-07
2023_751,0.8968825340270996,0.354890763759613,0.6499432921409607,8.0,2023-07-07
2023_752,0.8864783048629761,0.3277698755264282,0.6256521940231323,5.0,2023-07-07
2023_753,0.8876389265060425,0.3066418766975403,0.6227977871894836,8.0,2023-07-07
2023_754,0.8527607321739197,0.2694409191608429,0.5911485552787781,9.0,2023-07-07
2023_755,0.8186294436454773,0.2160210311412811,0.5159870982170105,11.0,2023-07-07
2023_758,0.8584428429603577,0.2832955121994018,0.5572815537452698,7.0,2023-07-07
2023_760,0.8875062465667725,0.3205641806125641,0.6081424951553345,7.0,2023-07-07
2023_765,0.6010576486587524,0.1248910799622535,0.3537593781948089,6.0,2023-07-07
2023_766,0.8836235404014587,0.3394984304904938,0.6200947761535645,5.0,2023-07-07
2023_768,0.8604790568351746,0.373521625995636,0.6532785296440125,4.0,2023-07-07
2023_769,0.8397354483604431,0.326972484588623,0.6103317737579346,5.0,2023-07-07
2023_770,0.6992743015289307,0.2677425742149353,0.543156087398529,5.0,2023-07-07
2023_987,0.8893082737922668,0.3492339551448822,0.6451798677444458,6.0,2023-07-07
2023_988,0.8808559775352478,0.291683554649353,0.6138957738876343,7.0,2023-07-07
2023_989,0.4077750444412231,0.0518032871186733,0.2446973770856857,5.0,2023-07-07
2023_991,0.8516675233840942,0.3841860592365265,0.6839264631271362,7.0,2023-07-07
2023_992,0.8196014165878296,0.3547695577144623,0.6708661317825317,7.0,2023-07-07
2023_993,0.8004584908485413,0.3224139809608459,0.6391427516937256,6.0,2023-07-07
2023_994,0.8182933926582336,0.3500047624111175,0.640455961227417,6.0,2023-07-07
2023_995,0.8284006118774414,0.3287564516067505,0.6425672769546509,6.0,2023-07-07
2023_997,0.8594778776168823,0.3781512379646301,0.6842272281646729,6.0,2023-07-07
2023_998,0.8689622282981873,0.3855442404747009,0.70097416639328,7.0,2023-07-07
2023_999,0.6445494294166565,0.2190339118242263,0.4695499241352081,6.0,2023-07-07
2023_1000,0.8412315249443054,0.2942923903465271,0.5985563397407532,7.0,2023-07-07
2023_1002,0.7659735679626465,0.280220627784729,0.5771790742874146,6.0,2023-07-07
2023_1004,0.8801523447036743,0.3775955438613891,0.6775334477424622,6.0,2023-07-07
2023_1006,0.756049394607544,0.2491478472948074,0.501365602016449,5.0,2023-07-07
2023_1007,0.8712776303291321,0.3272906541824341,0.6277210116386414,5.0,2023-07-07
2023_1009,0.7705943584442139,0.2548105120658874,0.5400763750076294,7.0,2023-07-07
2023_1010,0.8502767086029053,0.3452187776565552,0.6597857475280762,5.0,2023-07-07
2023_1011,0.8353808522224426,0.3327386081218719,0.6490943431854248,5.0,2023-07-07
2023_1012,0.8565649390220642,0.3242392539978027,0.6328912377357483,5.0,2023-07-07
2023_1013,0.855487048625946,0.3491124212741852,0.6298245787620544,5.0,2023-07-07
2023_1014,0.7930614352226257,0.3469583094120025,0.6568453311920166,4.0,2023-07-07
2023_1034,0.4980876445770263,0.1178657412528991,0.3816216289997101,7.0,2023-07-07
2023_1035,0.8708116412162781,0.3241929113864898,0.6281847357749939,8.0,2023-07-07
2023_1036,0.8095101118087769,0.2847323715686798,0.5726156234741211,8.0,2023-07-07
2023_1043,0.8721088767051697,0.3338119089603424,0.62129145860672,5.0,2023-07-07
2023_1046,0.8323023915290833,0.2836169004440307,0.6044276356697083,5.0,2023-07-07
2023_1047,0.8655520677566528,0.4000784158706665,0.681104838848114,5.0,2023-07-07
2023_1048,0.8298429250717163,0.2178060412406921,0.5397445559501648,5.0,2023-07-07
2023_1049,0.5371555685997009,0.1622894555330276,0.4681242108345032,6.0,2023-07-07
2023_1051,0.8440314531326294,0.2438931465148925,0.5677752494812012,6.0,2023-07-07
2023_1053,0.668156087398529,0.1582100838422775,0.4165292978286743,6.0,2023-07-07
2023_1054,0.8540564775466919,0.3491881787776947,0.6145075559616089,6.0,2023-07-07
2023_1055,0.8461511135101318,0.3007774353027344,0.5927851796150208,6.0,2023-07-07
2023_1056,0.8275392055511475,0.3100028932094574,0.6350332498550415,6.0,2023-07-07
2023_1057,0.8615102767944336,0.3316490054130554,0.6432309150695801,6.0,2023-07-07
2023_1058,0.8378365635871887,0.294508159160614,0.6149620413780212,6.0,2023-07-07
2023_1060,0.8506578803062439,0.3252373039722442,0.6290079951286316,6.0,2023-07-07
2023_1061,0.8136727809906006,0.2803829610347748,0.5859386324882507,6.0,2023-07-07
2023_1063,0.7227745056152344,0.2056487202644348,0.479270726442337,6.0,2023-07-07
2023_1067,0.7097625136375427,0.2458015382289886,0.5436863303184509,5.0,2023-07-07
2023_1069,0.5707184672355652,0.0688663125038147,0.3277451694011688,7.0,2023-07-07
2023_1070,0.8676633834838867,0.3261793553829193,0.630585789680481,6.0,2023-07-07
2023_1071,0.8254051208496094,0.2884253859519958,0.5865334272384644,5.0,2023-07-07
2023_1072,0.8526826500892639,0.2300518006086349,0.5526487827301025,5.0,2023-07-07
2023_1073,0.8741841316223145,0.2788345217704773,0.5998169779777527,6.0,2023-07-07
2023_1074,0.8834720849990845,0.3301630616188049,0.6371237635612488,7.0,2023-07-07
2023_1078,0.8766141533851624,0.3846980631351471,0.6822940707206726,8.0,2023-07-07
2023_1082,0.826788067817688,0.3017049729824066,0.6014592051506042,7.0,2023-07-07
2023_1083,0.8431870341300964,0.2771005034446716,0.5947310924530029,7.0,2023-07-07
2023_1084,0.8562850952148438,0.3498281836509704,0.6123347878456116,7.0,2023-07-07
2023_1085,0.8587786555290222,0.4543378949165344,0.716113805770874,7.0,2023-07-07
2023_1086,0.8674870729446411,0.3396311104297638,0.6261942386627197,6.0,2023-07-07
2023_1088,0.8501833081245422,0.2990069687366485,0.5832928419113159,7.0,2023-07-07
2023_1089,0.7799699902534485,0.254650741815567,0.5366911888122559,6.0,2023-07-07
2023_1090,0.8720231652259827,0.3387292623519897,0.6433184146881104,5.0,2023-07-07
2023_1091,0.7965068221092224,0.361265480518341,0.6581882834434509,7.0,2023-07-07
2023_1092,0.8397737741470337,0.3315143287181854,0.6486486196517944,7.0,2023-07-07
2023_1093,0.8832942247390747,0.3379025757312774,0.6619946956634521,6.0,2023-07-07
2023_1094,0.6310900449752808,0.2133970111608505,0.498846173286438,6.0,2023-07-07
2023_1096,0.8404494524002075,0.3170731961727142,0.6300023198127747,5.0,2023-07-07
2023_1097,0.7775784730911255,0.2928619086742401,0.5959221124649048,5.0,2023-07-07
2023_1098,0.822983980178833,0.3122134208679199,0.6168464422225952,5.0,2023-07-07
2023_1099,0.8511477112770081,0.3118204176425934,0.625380277633667,5.0,2023-07-07
2023_1100,0.7292576432228088,0.1377342939376831,0.4384337663650512,5.0,2023-07-07
2023_1101,0.8576512336730957,0.3501098453998565,0.6602316498756409,5.0,2023-07-07
2023_1102,0.8209441304206848,0.2248803675174713,0.5358771085739136,5.0,2023-07-07
2023_1111,0.8263566493988037,0.2593511939048767,0.5189819931983948,6.0,2023-07-07
2023_1112,0.6402592062950134,0.2012468427419662,0.4513603746891022,6.0,2023-07-07
2023_1114,0.8130614161491394,0.3662240207195282,0.6689794063568115,6.0,2023-07-07
2023_1120,0.8559359312057495,0.3098548948764801,0.6296033263206482,4.0,2023-07-07
2023_1121,0.7840304374694824,0.2854794263839721,0.5598404407501221,5.0,2023-07-07
2023_1143,0.8939191102981567,0.3724212944507599,0.6797342300415039,7.0,2023-07-07
2023_1147,0.8587160706520081,0.2866461873054504,0.6007401943206787,7.0,2023-07-07
2023_1152,0.8559918403625488,0.2326026707887649,0.5606082081794739,6.0,2023-07-07
2023_1155,0.8303393125534058,0.3090649545192718,0.6340678334236145,7.0,2023-07-07
2023_1156,0.8407079577445984,0.3499584496021271,0.666495680809021,7.0,2023-07-07
2023_1157,0.8093914985656738,0.3385405838489532,0.6506971120834351,7.0,2023-07-07
2023_1162,0.834643542766571,0.3405873775482178,0.6350888609886169,6.0,2023-07-07
2023_1163,0.7354196310043335,0.2124814391136169,0.4923913180828094,7.0,2023-07-07
2023_1164,0.832719624042511,0.2582951486110687,0.5642662048339844,7.0,2023-07-07
2023_1165,0.5252225399017334,0.16609588265419,0.3947226703166961,7.0,2023-07-07
2023_1166,0.8474264740943909,0.3327814638614654,0.6424381732940674,7.0,2023-07-07
2023_1168,0.7883211970329285,0.2414291054010391,0.5336602926254272,9.0,2023-07-07
2023_1181,0.8993653655052185,0.3231590688228607,0.6290197968482971,6.0,2023-07-07
2023_1182,0.8970696330070496,0.3505963683128357,0.6616643071174622,6.0,2023-07-07
2023_1585,0.8444022536277771,0.3149943351745605,0.5969331860542297,13.0,2023-07-07
2023_1598,0.7888099551200867,0.3001106977462768,0.6001946926116943,10.0,2023-07-07
2023_1599,0.8936198353767395,0.3266202211380005,0.6325927376747131,12.0,2023-07-07
2023_1933,0.7032742500305176,0.2070494890213012,0.5142502784729004,2.0,2023-07-07
2023_1934,0.918367326259613,0.3492177426815033,0.6379160284996033,1.0,2023-07-07
2023_1935,0.723410964012146,0.2260449379682541,0.4560544192790985,2.0,2023-07-07
2023_1936,0.601790726184845,0.1995333284139633,0.4089522063732147,2.0,2023-07-07
2023_1937,0.8442906737327576,0.3077749013900757,0.6268599629402161,3.0,2023-07-07
2023_1938,0.542350172996521,0.14827761054039,0.4641450345516205,6.0,2023-07-07
2023_1939,0.8651102781295776,0.2952038049697876,0.6243999004364014,1.0,2023-07-07
2023_1940,,,,,2023-07-07
2023_1941,,,,,2023-07-07
2023_1942,0.5203337073326111,0.132280632853508,0.3371647596359253,9.0,2023-07-07
2023_1943,0.8420758843421936,0.3069977760314941,0.6052299737930298,4.0,2023-07-07
2023_1944,0.8577741980552673,0.3807106614112854,0.6531998515129089,1.0,2023-07-07
2023_1945,0.6858771443367004,0.1794388890266418,0.4625445902347564,5.0,2023-07-07
2023_1948,0.8028534054756165,0.3524689674377441,0.6209912300109863,1.0,2023-07-07
2023_1949,,,,,2023-07-07
2023_1950,,,,,2023-07-07
2023_1951,0.7243207097053528,0.1198622658848762,0.4023174345493316,1.0,2023-07-07
2023_1952,0.7301435470581055,0.3852283060550689,0.6463303565979004,1.0,2023-07-07
2023_1953,0.6414151787757874,0.2350130379199981,0.492349237203598,2.0,2023-07-07
2023_1954,0.7407746315002441,0.3121839165687561,0.5857757925987244,1.0,2023-07-07
2023_1955,0.7810285687446594,0.2252088338136673,0.5470567941665649,10.0,2023-07-07
2023_1956,0.8674029111862183,0.240736573934555,0.5706912875175476,8.0,2023-07-07
2023_1957,0.8745387196540833,0.2950924038887024,0.6152623295783997,1.0,2023-07-07
2023_1958,0.8652849793434143,0.2234042584896087,0.5206611752510071,1.0,2023-07-07
2023_1959,,,,,2023-07-07
2023_1960,0.8368633985519409,0.2637092769145965,0.5533759593963623,4.0,2023-07-07
2023_1961,0.822609007358551,0.246800035238266,0.5526294708251953,4.0,2023-07-07
2023_1962,0.7283046245574951,0.2476370632648468,0.491760641336441,7.0,2023-07-07
2023_1963,0.859542727470398,0.3027302920818329,0.6217726469039917,4.0,2023-07-07
2023_1964,0.7795172929763794,0.3343581855297088,0.6325590014457703,7.0,2023-07-07
2023_1966,0.8193617463111877,0.3463934361934662,0.6478428840637207,12.0,2023-07-07
2023_1970,0.6150841116905212,0.2177544385194778,0.454374223947525,12.0,2023-07-07
2023_1971,0.8796924352645874,0.4211728870868683,0.6779957413673401,3.0,2023-07-07
2023_1972,0.8207547068595886,0.2663023769855499,0.565129280090332,3.0,2023-07-07
2023_1973,0.7986401915550232,0.2654659152030945,0.56475430727005,3.0,2023-07-07
2023_1974,0.8603364825248718,0.3377830982208252,0.6269187927246094,4.0,2023-07-07
2023_1975,0.8563357591629028,0.3341067433357239,0.6277424097061157,1.0,2023-07-07
2023_1976,0.7150442600250244,0.1667194068431854,0.4397813975811004,3.0,2023-07-07
2023_1977,,,,,2023-07-07
2023_1978,0.7444695234298706,0.3738666772842407,0.550250768661499,3.0,2023-07-07
2023_1979,0.8207152485847473,0.270046979188919,0.5812827944755554,1.0,2023-07-07
2023_1980,0.6337419152259827,0.1364896148443222,0.3880304992198944,12.0,2023-07-07
2023_1981,0.1616559475660324,0.0002031324693234637,0.1930236220359802,12.0,2023-07-07
2023_1982,0.6521135568618774,0.1274820566177368,0.3568460345268249,8.0,2023-07-07
2023_1983,0.6686664819717407,0.0670927241444587,0.3504219949245453,12.0,2023-07-07
2023_1984,0.6966687440872192,0.1715151667594909,0.4129745662212372,10.0,2023-07-07
2023_1985,0.8321788907051086,0.2751734554767608,0.5878943800926208,12.0,2023-07-07
2023_1986,0.5411844849586487,0.2173679322004318,0.3809088170528412,3.0,2023-07-07
2023_1987,0.5393996238708496,0.0271496791392564,0.2576929926872253,10.0,2023-07-07
2023_1988,0.8288226127624512,0.3274605274200439,0.6060693860054016,10.0,2023-07-07
2023_1989,,,,,2023-07-07
2023_1990,0.7539066076278687,0.1968155652284622,0.4743809700012207,6.0,2023-07-07
2023_1991,0.807195246219635,0.3076077401638031,0.6164308190345764,10.0,2023-07-07
2023_1992,0.8631163835525513,0.3225986957550049,0.6188517808914185,1.0,2023-07-07
2023_1993,0.6605005264282227,0.3035130500793457,0.5242416858673096,3.0,2023-07-07
2023_1995,0.4788669645786285,0.1951107382774353,0.4005982279777527,4.0,2023-07-07
2023_1996,0.2183630317449569,0.0460795052349567,0.142540156841278,4.0,2023-07-07
2023_1997,0.8347631692886353,0.3312584459781647,0.6492875218391418,1.0,2023-07-07
2023_1998,,,,,2023-07-07
2023_1999,0.4833513796329498,0.0756024196743965,0.3081465661525726,16.0,2023-07-07
2023_2000,0.7618069648742676,0.3206492364406585,0.583143949508667,2.0,2023-07-07
2023_2001,0.6616854071617126,0.2798525989055633,0.5470362305641174,4.0,2023-07-07
2023_2002,0.6177255511283875,0.1796907633543014,0.4630792140960693,3.0,2023-07-07
2023_2003,0.7172398567199707,0.2283236980438232,0.509099006652832,7.0,2023-07-07
2023_2004,0.7956250905990601,0.3540144264698028,0.6484299898147583,12.0,2023-07-07
2023_2005,0.748378574848175,0.1878784745931625,0.4159172475337982,6.0,2023-07-07
2023_2006,0.8885290026664734,0.3166461884975433,0.6226756572723389,2.0,2023-07-07
2023_2007,0.8221636414527893,0.2830439507961273,0.5799795389175415,4.0,2023-07-07
2023_2008,0.8407370448112488,0.332597017288208,0.6092902421951294,4.0,2023-07-07
2023_2009,0.688497006893158,0.2543795704841614,0.4953252673149109,10.0,2023-07-07
2023_2010,0.6557055115699768,0.2565576136112213,0.5445180535316467,10.0,2023-07-07
2023_2011,0.6568655371665955,0.2252993881702423,0.4734102189540863,6.0,2023-07-07
2023_2012,0.6919468641281128,0.2373130321502685,0.520578145980835,6.0,2023-07-07
2023_2014,0.7930486798286438,0.3158220052719116,0.5757513046264648,6.0,2023-07-07
2023_2016,0.640156090259552,0.2081965506076812,0.4688494801521301,8.0,2023-07-07
2023_2017,0.7536466717720032,0.267220675945282,0.58259117603302,8.0,2023-07-07
2023_2018,0.8962284326553345,0.341185986995697,0.649644672870636,4.0,2023-07-07
2023_2019,0.5988712906837463,0.2046739906072616,0.484949380159378,8.0,2023-07-07
2023_2020,0.6911759972572327,0.1489660739898681,0.4589686691761017,8.0,2023-07-07
2023_2021,0.6166133880615234,0.2297090590000152,0.511782169342041,5.0,2023-07-07
2023_2023,0.8674023747444153,0.2508357465267181,0.5523734092712402,2.0,2023-07-07
2023_2025,0.7924531102180481,0.2917757928371429,0.5958601832389832,12.0,2023-07-07
2023_2027,0.6557267904281616,0.2526301145553589,0.5248344540596008,10.0,2023-07-07
2023_2029,0.8190045356750488,0.3023847341537475,0.601250946521759,9.0,2023-07-07
2023_2030,0.660804033279419,0.0880200564861297,0.3694736659526825,15.0,2023-07-07
2023_2031,0.5013589859008789,0.1434735506772995,0.3275070786476135,17.0,2023-07-07
2023_2032,0.743769109249115,0.3017400801181793,0.5871298313140869,9.0,2023-07-07
2023_2035,0.701084315776825,0.2743106186389923,0.5684216618537903,26.0,2023-07-07
2023_2036,0.8670892715454102,0.3061981797218323,0.6221752166748047,20.0,2023-07-07
2023_2037,0.7435360550880432,0.2587074339389801,0.5574133992195129,28.0,2023-07-07
2023_2038,0.785757839679718,0.2559940218925476,0.5497494339942932,16.0,2023-07-07
2023_2039,0.8201680779457092,0.2906669080257416,0.6049565672874451,4.0,2023-07-07
2023_2041,0.783650815486908,0.2721062898635864,0.553887128829956,20.0,2023-07-07
2023_2042,0.7237459421157837,0.2681900262832641,0.5442244410514832,6.0,2023-07-07
2023_2044,0.8012615442276001,0.2958662509918213,0.593648374080658,6.0,2023-07-07
2023_2070,0.5024104714393616,-0.0168390739709138,0.2507722973823547,14.0,2023-07-07
2023_2071,0.7189072370529175,0.1744931638240814,0.4510371387004852,14.0,2023-07-07
2023_2072,0.8313855528831482,0.2427938431501388,0.5682958364486694,16.0,2023-07-07
2023_2073,0.6196053624153137,0.2077814042568206,0.4685955643653869,2.0,2023-07-07
2023_2074,,,,,2023-07-07
2023_2075,,,,,2023-07-07
2023_2076,0.7639991641044617,0.2457575798034668,0.5310987234115601,1.0,2023-07-07
2023_2078,0.7909253239631653,0.2370824217796325,0.5089485049247742,2.0,2023-07-07
2023_2079,0.8687179684638977,0.2712366878986358,0.5895310640335083,3.0,2023-07-07
2023_2080,0.74746173620224,0.2149024754762649,0.4867657423019409,2.0,2023-07-07
2023_2081,0.6547927260398865,0.235734686255455,0.4833829998970032,4.0,2023-07-07
2023_2082,0.6886134743690491,0.2419356107711792,0.5605911612510681,6.0,2023-07-07
2023_2084,0.5050795674324036,0.2756872177124023,0.4725845456123352,6.0,2023-07-07
2023_2087,0.8658056855201721,0.2760960459709167,0.5888020992279053,2.0,2023-07-07
2023_2088,0.8430403470993042,0.3196589648723602,0.6177070140838623,8.0,2023-07-07
2023_2089,0.6004021167755127,0.2183865755796432,0.4590227007865906,9.0,2023-07-07
2023_2090,0.7155635356903076,0.3085088431835174,0.5521032810211182,10.0,2023-07-07
2023_2091,0.7307584881782532,0.2678083479404449,0.5439995527267456,10.0,2023-07-07
2023_2092,0.7271706461906433,0.228238821029663,0.4669545590877533,28.0,2023-07-07
2023_19,0.8011583089828491,0.3343119025230407,0.613490104675293,3.0,2023-07-09
2023_130,0.8747886419296265,0.3325613439083099,0.6369556188583374,6.0,2023-07-09
2023_163,,,,,2023-07-09
2023_195,,,,,2023-07-09
2023_196,0.738779604434967,0.3338491320610046,0.624116837978363,3.0,2023-07-09
2023_269,0.7883369326591492,0.3014482855796814,0.5650060772895813,1.0,2023-07-09
2023_270,0.8817967176437378,0.343233197927475,0.6590245962142944,1.0,2023-07-09
2023_271,,,,,2023-07-09
2023_272,,,,,2023-07-09
2023_273,0.6669862270355225,0.3573596477508545,0.6298127174377441,2.0,2023-07-09
2023_274,0.7528867125511169,0.234683021903038,0.5168430805206299,2.0,2023-07-09
2023_276,0.776481568813324,0.2529239654541015,0.5128101706504822,6.0,2023-07-09
2023_278,,,,,2023-07-09
2023_287,0.6202990412712097,0.2429614216089248,0.4595918357372284,1.0,2023-07-09
2023_288,0.7777261137962341,0.3532743155956268,0.6278475522994995,1.0,2023-07-09
2023_289,0.8697898983955383,0.3891234993934631,0.6833617687225342,1.0,2023-07-09
2023_295,0.5065855979919434,0.2272162288427353,0.4059673547744751,2.0,2023-07-09
2023_296,0.9483282566070556,0.3623804152011871,0.6802096962928772,1.0,2023-07-09
2023_297,,,,,2023-07-09
2023_298,,,,,2023-07-09
2023_299,,,,,2023-07-09
2023_300,,,,,2023-07-09
2023_301,0.4671467244625091,0.1258849948644638,0.3857598304748535,1.0,2023-07-09
2023_302,0.3770151138305664,0.0638810992240905,0.2761445939540863,1.0,2023-07-09
2023_303,0.6939629316329956,0.1248263493180275,0.3991607129573822,1.0,2023-07-09
2023_304,0.7025042176246643,0.2086754441261291,0.4997547566890716,4.0,2023-07-09
2023_305,0.3313159942626953,0.10923882573843,0.2523260712623596,4.0,2023-07-09
2023_306,0.6849642395973206,0.1500212401151657,0.4205231666564941,3.0,2023-07-09
2023_307,0.7303664684295654,0.3095591962337494,0.5925312638282776,1.0,2023-07-09
2023_308,0.7462068796157837,0.2856054604053497,0.5899528861045837,1.0,2023-07-09
2023_309,0.7147037386894226,0.2221139222383499,0.4958473742008209,9.0,2023-07-09
2023_327,0.8531481623649597,0.3792153894901275,0.6421070694923401,2.0,2023-07-09
2023_328,0.8482601046562195,0.2796208560466766,0.599210262298584,1.0,2023-07-09
2023_329,0.5770733952522278,0.0707547292113304,0.4072065055370331,1.0,2023-07-09
2023_330,0.8974454402923584,0.3430117666721344,0.6516799330711365,1.0,2023-07-09
2023_331,,,,,2023-07-09
2023_357,0.8412209749221802,0.2886958420276642,0.6138779520988464,4.0,2023-07-09
2023_358,0.4313501119613647,0.066925324499607,0.3610492646694183,21.0,2023-07-09
2023_447,0.7807347178459167,0.1730948239564895,0.4945939183235168,17.0,2023-07-09
2023_452,0.8239132761955261,0.2772524058818817,0.5734097957611084,16.0,2023-07-09
2023_471,0.5608603954315186,0.1182629093527793,0.3011981248855591,12.0,2023-07-09
2023_477,0.7538957595825195,0.178240954875946,0.4438433349132538,12.0,2023-07-09
2023_486,0.8285062313079834,0.3163510262966156,0.6172598600387573,10.0,2023-07-09
2023_519,0.8935902714729309,0.36090287566185,0.6642197370529175,18.0,2023-07-09
2023_520,0.7221376299858093,0.1728464961051941,0.4529476463794708,16.0,2023-07-09
2023_521,0.8582565784454346,0.2181413620710373,0.5524875521659851,14.0,2023-07-09
2023_525,0.8701507449150085,0.3375344574451446,0.645348846912384,17.0,2023-07-09
2023_526,0.8791092038154602,0.3366848528385162,0.6383802890777588,19.0,2023-07-09
2023_527,0.6435275077819824,0.1641447395086288,0.4634846150875091,6.0,2023-07-09
2023_771,0.8878327012062073,0.3990841805934906,0.6996148824691772,7.0,2023-07-09
2023_827,0.7016821503639221,0.1998692750930786,0.4589912295341491,6.0,2023-07-09
2023_828,0.6197835803031921,0.2118567079305648,0.4684631824493408,7.0,2023-07-09
2023_830,0.7999141216278076,0.264042466878891,0.5332618355751038,7.0,2023-07-09
2023_831,0.8357141613960266,0.3040666580200195,0.5966435670852661,6.0,2023-07-09
2023_832,0.7625558376312256,0.2350815087556839,0.5372193455696106,6.0,2023-07-09
2023_833,0.7788698077201843,0.24911729991436,0.5470291972160339,7.0,2023-07-09
2023_834,0.7400000095367432,0.2408163100481033,0.5580077767372131,7.0,2023-07-09
2023_835,0.7362908124923706,0.1729392856359481,0.4707724452018738,7.0,2023-07-09
2023_837,0.8537881970405579,0.3335836231708526,0.6267538070678711,7.0,2023-07-09
2023_839,0.8232558369636536,0.3002731502056122,0.5903366804122925,5.0,2023-07-09
2023_840,0.8526517152786255,0.2864932119846344,0.6043304800987244,8.0,2023-07-09
2023_841,0.8624333739280701,0.3634483218193054,0.6684759259223938,8.0,2023-07-09
2023_843,0.875,0.2036088854074478,0.5522012710571289,5.0,2023-07-09
2023_844,0.8442444801330566,0.3380782902240753,0.646314799785614,5.0,2023-07-09
2023_846,0.873435378074646,0.3130773305892944,0.6365035176277161,6.0,2023-07-09
2023_848,0.7028824687004089,0.1381000578403473,0.4536431133747101,6.0,2023-07-09
2023_850,0.8358662724494934,0.2972508370876312,0.6076656579971313,7.0,2023-07-09
2023_852,0.772905170917511,0.2490968853235244,0.5265465974807739,6.0,2023-07-09
2023_857,0.8048095703125,0.248493954539299,0.5322268605232239,8.0,2023-07-09
2023_860,0.808874249458313,0.2928801476955414,0.593703031539917,8.0,2023-07-09
2023_861,0.8549047708511353,0.26169154047966,0.5873148441314697,7.0,2023-07-09
2023_862,0.8573337197303772,0.3416327536106109,0.6395552754402161,7.0,2023-07-09
2023_863,0.8483180403709412,0.2658971846103668,0.5732915997505188,7.0,2023-07-09
2023_865,0.618461549282074,0.220157116651535,0.4565416276454925,7.0,2023-07-09
2023_869,0.8291457295417786,0.3246187567710876,0.6298657059669495,7.0,2023-07-09
2023_870,0.7971896529197693,0.2481682896614074,0.4917487204074859,8.0,2023-07-09
2023_872,0.8566474318504333,0.2738795876502991,0.5601239204406738,7.0,2023-07-09
2023_877,0.8639503121376038,0.2978303134441376,0.5936458706855774,4.0,2023-07-09
2023_878,0.4192215502262115,0.0306651275604963,0.241064190864563,8.0,2023-07-09
2023_879,0.90738844871521,0.3643322288990021,0.6587882041931152,8.0,2023-07-09
2023_881,0.8735676407814026,0.2993346452713012,0.5824869275093079,8.0,2023-07-09
2023_883,0.5148935914039612,0.1997397541999817,0.462586909532547,7.0,2023-07-09
2023_885,0.9177033305168152,0.3735498785972595,0.6873661875724792,7.0,2023-07-09
2023_886,0.8827794790267944,0.3115557432174682,0.6263291239738464,7.0,2023-07-09
2023_887,0.7775267958641052,0.2958748340606689,0.5815972089767456,9.0,2023-07-09
2023_889,0.7296971678733826,0.3052632808685303,0.566473126411438,8.0,2023-07-09
2023_890,0.6785783767700195,0.1530960798263549,0.444835364818573,6.0,2023-07-09
2023_891,0.747195303440094,0.2475682646036148,0.5434341430664062,8.0,2023-07-09
2023_893,0.7692705392837524,0.2733386754989624,0.5426271557807922,9.0,2023-07-09
2023_894,0.8435373902320862,0.243022471666336,0.5669268369674683,7.0,2023-07-09
2023_895,0.5613104701042175,0.154978334903717,0.3539710640907287,5.0,2023-07-09
2023_897,0.8711600303649902,0.2593961060047149,0.6117585301399231,6.0,2023-07-09
2023_898,0.883449912071228,0.3591253161430359,0.6714935898780823,7.0,2023-07-09
2023_899,0.8707683682441711,0.3768164813518524,0.6850595474243164,6.0,2023-07-09
2023_901,0.903249442577362,0.3576158881187439,0.6709566712379456,7.0,2023-07-09
2023_902,0.857433021068573,0.3438940346240997,0.645327091217041,6.0,2023-07-09
2023_903,0.8525366187095642,0.3189964294433594,0.6283186078071594,7.0,2023-07-09
2023_905,0.8533158898353577,0.3242805898189544,0.6092645525932312,8.0,2023-07-09
2023_907,0.8523995280265808,0.2138478904962539,0.5657790303230286,8.0,2023-07-09
2023_908,0.8303911685943604,0.3076499998569488,0.6064794659614563,7.0,2023-07-09
2023_910,0.8165938854217529,0.2800000011920929,0.5722543597221375,15.0,2023-07-09
2023_912,0.9065999984741212,0.3295947909355163,0.6395264267921448,6.0,2023-07-09
2023_916,0.857569694519043,0.3594414293766022,0.6455181837081909,8.0,2023-07-09
2023_917,0.874306857585907,0.2511848211288452,0.5770630836486816,9.0,2023-07-09
2023_918,0.8798735737800598,0.3588140904903412,0.6622241735458374,9.0,2023-07-09
2023_919,0.8302257657051086,0.2930311262607574,0.5778093934059143,8.0,2023-07-09
2023_921,0.8663927912712097,0.4020148813724518,0.6864315271377563,6.0,2023-07-09
2023_922,0.6745792031288147,0.2214367240667343,0.5158974528312683,9.0,2023-07-09
2023_923,0.8601959347724915,0.3195924758911133,0.6112359166145325,8.0,2023-07-09
2023_924,0.8439933061599731,0.2586443722248077,0.5850017070770264,8.0,2023-07-09
2023_925,0.863070547580719,0.2917532920837402,0.6177517175674438,9.0,2023-07-09
2023_930,0.8990747928619385,0.3442359566688537,0.6573024988174438,8.0,2023-07-09
2023_933,0.729360044002533,0.2011109143495559,0.4465049803256988,13.0,2023-07-09
2023_935,0.8758432865142822,0.2992372512817383,0.6008617281913757,12.0,2023-07-09
2023_936,0.8346217274665833,0.224828615784645,0.5172238945960999,16.0,2023-07-09
2023_937,0.8819969892501831,0.2736527919769287,0.5760640501976013,17.0,2023-07-09
2023_940,0.7776761054992676,0.2926488816738128,0.5914610028266907,20.0,2023-07-09
2023_942,0.8387575745582581,0.3218766450881958,0.5996110439300537,6.0,2023-07-09
2023_951,0.4660476148128509,-0.0075911744497716,0.1524403542280197,5.0,2023-07-09
2023_960,0.6985391974449158,0.1869886219501495,0.4528167247772217,9.0,2023-07-09
2023_963,0.8146789073944092,0.3063494563102722,0.5351576209068298,13.0,2023-07-09
2023_964,0.7414987087249756,0.1936929523944854,0.4984270930290222,8.0,2023-07-09
2023_966,0.6961815357208252,0.1380171626806259,0.3883693218231201,10.0,2023-07-09
2023_1635,0.4505086541175842,0.1318746656179428,0.3417358696460724,4.0,2023-07-09
2023_1636,0.8071130514144897,0.231343001127243,0.5554459095001221,8.0,2023-07-09
2023_1639,0.7255403995513916,0.201566144824028,0.4635964632034302,14.0,2023-07-09
2023_1641,0.8549123406410217,0.3515916764736175,0.6471608281135559,17.0,2023-07-09
2023_1642,0.8100972175598145,0.2789118587970733,0.5731605291366577,10.0,2023-07-09
2023_1643,0.8366336822509766,0.2292258739471435,0.5398322939872742,11.0,2023-07-09
2023_1687,0.5827997922897339,0.12229984998703,0.3342087864875793,10.0,2023-07-09
2023_489,0.8897813558578491,0.3865419924259186,0.7015177011489868,7.0,2023-07-12
2023_776,0.7647700309753418,0.2728779017925262,0.5066602230072021,6.0,2023-07-12
2023_779,0.6615384817123413,0.0716510787606239,0.3524290919303894,5.0,2023-07-12
2023_781,0.7888038754463196,0.1986911445856094,0.4843043088912964,6.0,2023-07-12
2023_783,0.8861308097839355,0.2954359352588653,0.6197816133499146,6.0,2023-07-12
2023_784,0.7446657419204712,0.1990679204463958,0.4796529710292816,6.0,2023-07-12
2023_786,0.8526356220245361,0.2791689336299896,0.5551631450653076,4.0,2023-07-12
2023_789,0.552163302898407,-0.0038290643133223,0.2110467702150344,10.0,2023-07-12
2023_790,0.76768559217453,0.3103253245353699,0.6038034558296204,9.0,2023-07-12
2023_801,0.8398405313491821,0.3362958133220672,0.5730701088905334,8.0,2023-07-12
2023_809,0.8643215894699097,0.3348284363746643,0.6280087828636169,7.0,2023-07-12
2023_810,0.8523613214492798,0.2945252954959869,0.6055006384849548,7.0,2023-07-12
2023_1,0.8123079538345337,0.3191323280334472,0.5956301689147949,6.0,2023-07-14
2023_5,0.8155440092086792,0.291206032037735,0.5383002758026123,10.0,2023-07-14
2023_8,0.7575864791870117,0.2834440171718597,0.58465975522995,8.0,2023-07-14
2023_12,0.5151515007019043,0.0548460073769092,0.3066542744636535,11.0,2023-07-14
2023_13,0.8654255270957947,0.2587089240550995,0.582399308681488,3.0,2023-07-14
2023_14,0.761314868927002,0.2493175119161605,0.5658555030822754,2.0,2023-07-14
2023_15,0.710034966468811,0.2664102613925934,0.5552152395248413,4.0,2023-07-14
2023_21,0.7874892950057983,0.2443308979272842,0.5110192894935608,5.0,2023-07-14
2023_22,0.3855331838130951,-0.1136635392904281,0.0489946343004703,5.0,2023-07-14
2023_24,0.8475789427757263,0.3367860019207001,0.6236817836761475,5.0,2023-07-14
2023_27,0.8828105926513672,0.266509860754013,0.6058729290962219,3.0,2023-07-14
2023_28,0.8204551935195923,0.2826527655124664,0.5881068110466003,4.0,2023-07-14
2023_29,0.8316690325737,0.3033327758312225,0.5976772904396057,1.0,2023-07-14
2023_30,0.8051670789718628,0.3001024425029754,0.5696619749069214,3.0,2023-07-14
2023_31,0.4750967621803283,0.215548887848854,0.4068856239318847,2.0,2023-07-14
2023_32,0.8258844614028931,0.2831164896488189,0.5663650631904602,4.0,2023-07-14
2023_33,0.8619362711906433,0.2893106639385223,0.5927308201789856,4.0,2023-07-14
2023_34,0.364230066537857,0.0731863528490066,0.2787135243415832,2.0,2023-07-14
2023_35,0.730712890625,0.2760139405727386,0.5619475245475769,4.0,2023-07-14
2023_40,0.2925466001033783,0.0760082900524139,0.2598006725311279,7.0,2023-07-14
2023_42,0.8140151500701904,0.1541083306074142,0.4056290686130523,8.0,2023-07-14
2023_43,0.7203065156936646,0.0760934725403785,0.3458372950553894,5.0,2023-07-14
2023_44,0.6746203899383545,0.164869025349617,0.4940711259841919,9.0,2023-07-14
2023_47,0.7002946138381958,0.2880471050739288,0.5561230182647705,4.0,2023-07-14
2023_51,0.6928399801254272,0.1825781911611557,0.4002259075641632,6.0,2023-07-14
2023_52,0.6791442632675171,0.1553729921579361,0.4064668118953705,6.0,2023-07-14
2023_53,0.7813698649406433,0.1895353198051452,0.5096355080604553,5.0,2023-07-14
2023_55,0.8326693177223206,0.1722365170717239,0.4935064911842346,7.0,2023-07-14
2023_56,0.7957910895347595,0.2876171767711639,0.5741289258003235,7.0,2023-07-14
2023_59,0.8133333325386047,0.1828876733779907,0.3610596358776092,7.0,2023-07-14
2023_60,0.1291979700326919,-0.0121266022324562,0.1570850312709808,5.0,2023-07-14
2023_62,0.3774209022521972,-0.1049513518810272,0.0153072075918316,6.0,2023-07-14
2023_65,0.748267650604248,0.2382474094629287,0.5288696885108948,8.0,2023-07-14
2023_70,0.8539378046989441,0.3237442374229431,0.6303731203079224,8.0,2023-07-14
2023_72,0.6383938789367676,0.0507851354777812,0.2971003949642181,8.0,2023-07-14
2023_73,0.7656067609786987,0.2172191739082336,0.493332952260971,8.0,2023-07-14
2023_74,0.6591359972953796,0.1920198947191238,0.4464612007141113,8.0,2023-07-14
2023_80,0.8503503799438477,0.3168299496173858,0.6236294507980347,7.0,2023-07-14
2023_81,0.6872280836105347,0.1952486932277679,0.4831874668598175,7.0,2023-07-14
2023_84,0.7640808820724487,0.2459290027618408,0.5437390804290771,8.0,2023-07-14
2023_85,0.6487864851951599,0.1722921133041381,0.4238416254520416,6.0,2023-07-14
2023_86,0.5302035212516785,0.1514167338609695,0.3536359667778015,4.0,2023-07-14
2023_88,0.6517001390457153,0.2558062672615051,0.5175938606262207,7.0,2023-07-14
2023_90,0.5988200902938843,0.2291867434978485,0.4493840038776397,2.0,2023-07-14
2023_95,0.3877557218074798,0.1327900886535644,0.2660707235336303,4.0,2023-07-14
2023_96,0.4430930316448211,0.1400791108608245,0.356194406747818,2.0,2023-07-14
2023_99,0.858135998249054,0.2889813482761383,0.588290274143219,8.0,2023-07-14
2023_102,0.6122331619262695,0.1445772498846054,0.4124699831008911,6.0,2023-07-14
2023_103,0.8337727785110474,0.298595130443573,0.6059922575950623,8.0,2023-07-14
2023_106,0.6356367468833923,0.1843504011631012,0.4633922576904297,9.0,2023-07-14
2023_109,0.7915774583816528,0.2916340827941894,0.5726190209388733,9.0,2023-07-14
2023_110,0.8363329172134399,0.1844261586666107,0.4881440997123718,8.0,2023-07-14
2023_112,0.7555555701255798,0.1548794656991958,0.4282921850681305,7.0,2023-07-14
2023_117,0.7960890531539917,0.2130425423383712,0.5089139938354492,8.0,2023-07-14
2023_118,0.728482723236084,0.2403669655323028,0.5228522419929504,9.0,2023-07-14
2023_128,0.809060275554657,0.231656327843666,0.537636399269104,5.0,2023-07-14
2023_131,0.7438153028488159,0.1708845496177673,0.4983467161655426,5.0,2023-07-14
2023_135,0.8816261887550354,0.2925105988979339,0.6235325932502747,4.0,2023-07-14
2023_136,0.8651108741760254,0.3616568446159363,0.6592276096343994,6.0,2023-07-14
2023_137,0.8889538049697876,0.2402148693799972,0.592510461807251,1.0,2023-07-14
2023_138,0.8415480852127075,0.294267863035202,0.5929768681526184,6.0,2023-07-14
2023_139,0.8009631037712097,0.1754966974258422,0.5050344467163086,3.0,2023-07-14
2023_140,0.8081618547439575,0.2472691088914871,0.5525339841842651,3.0,2023-07-14
2023_143,0.8650927543640137,0.3160791397094726,0.6318701505661011,1.0,2023-07-14
2023_145,0.8319546580314636,0.0709189623594284,0.3751004040241241,4.0,2023-07-14
2023_146,0.8438509106636047,0.1806051433086395,0.4960705041885376,3.0,2023-07-14
2023_147,0.8634625673294067,0.2791002690792084,0.5873458981513977,1.0,2023-07-14
2023_152,0.7823522686958313,0.1860031187534332,0.4797998964786529,16.0,2023-07-14
2023_155,0.8560059070587158,0.3491302132606506,0.6515488624572754,6.0,2023-07-14
2023_156,0.8933120965957642,0.360035628080368,0.6561893820762634,5.0,2023-07-14
2023_157,0.7423935532569885,0.1583033502101898,0.475826621055603,4.0,2023-07-14
2023_158,0.8204959034919739,0.3459351062774658,0.6176411509513855,6.0,2023-07-14
2023_161,0.8608695864677429,0.3532181978225708,0.6447967290878296,5.0,2023-07-14
2023_162,0.817238986492157,0.3113986551761627,0.6116810441017151,6.0,2023-07-14
2023_164,0.8769934773445129,0.3450578153133392,0.6493437886238098,4.0,2023-07-14
2023_169,0.694779098033905,0.160479262471199,0.4459036886692047,7.0,2023-07-14
2023_170,0.7864804863929749,0.3123474419116974,0.6074066162109375,6.0,2023-07-14
2023_171,0.7340702414512634,0.2014398425817489,0.5227200984954834,4.0,2023-07-14
2023_175,0.8474666476249695,0.257731944322586,0.5715152621269226,5.0,2023-07-14
2023_176,0.76053786277771,0.1582171022891998,0.4145024120807647,1.0,2023-07-14
2023_177,0.698502779006958,0.1802596598863601,0.4845969080924988,2.0,2023-07-14
2023_178,0.875347912311554,0.3234995603561401,0.6079789996147156,2.0,2023-07-14
2023_182,0.8398462533950806,0.2822857201099396,0.5940330028533936,3.0,2023-07-14
2023_184,0.8745678663253784,0.3567385077476501,0.6524670124053955,2.0,2023-07-14
2023_185,0.8837770223617554,0.3617291152477264,0.6687168478965759,2.0,2023-07-14
2023_186,0.6597590446472168,0.2654785811901092,0.5303266048431396,3.0,2023-07-14
2023_189,0.8215962648391724,0.2398807108402252,0.5594855546951294,3.0,2023-07-14
2023_192,0.851290762424469,0.3321773707866668,0.6324016451835632,2.0,2023-07-14
2023_202,0.8239462971687317,0.2578594088554382,0.5637831091880798,7.0,2023-07-14
2023_203,0.8330605626106262,0.2304490953683853,0.5786429047584534,5.0,2023-07-14
2023_204,0.8617234230041504,0.3328951895236969,0.6565244197845459,7.0,2023-07-14
2023_205,0.8396071791648865,0.3341317474842071,0.6552748680114746,7.0,2023-07-14
2023_206,0.7264870405197144,0.2237837761640548,0.5215053558349609,5.0,2023-07-14
2023_208,0.8677253127098083,0.3563737869262695,0.6592181921005249,6.0,2023-07-14
2023_209,0.6654876470565796,-0.0977608039975166,0.0442477725446224,7.0,2023-07-14
2023_210,0.8398390412330627,0.2339131534099578,0.5503664612770081,7.0,2023-07-14
2023_211,0.731569766998291,0.2504565417766571,0.5345630049705505,5.0,2023-07-14
2023_213,0.731745183467865,0.2640332579612732,0.5217292308807373,3.0,2023-07-14
2023_218,0.5648168921470642,0.1606705486774444,0.4450517892837524,4.0,2023-07-14
2023_219,0.9224689602851868,0.4112581312656402,0.7086986899375916,2.0,2023-07-14
2023_220,0.6286881566047668,0.2549842596054077,0.4887966811656952,1.0,2023-07-14
2023_221,0.7148148417472839,0.2028043419122696,0.5186255574226379,2.0,2023-07-14
2023_222,0.9071696400642396,0.3615341186523437,0.674934983253479,1.0,2023-07-14
2023_223,0.8288127779960632,0.3331054449081421,0.6505393981933594,2.0,2023-07-14
2023_226,0.7764028310775757,0.2799385190010071,0.5889313220977783,5.0,2023-07-14
2023_229,0.779202401638031,0.2453859150409698,0.5428823828697205,16.0,2023-07-14
2023_230,0.7950050830841064,0.3144452273845672,0.5654112696647644,8.0,2023-07-14
2023_232,0.7737813591957092,0.2562334239482879,0.5277853012084961,7.0,2023-07-14
2023_233,0.6449704170227051,0.209011822938919,0.4392033517360687,15.0,2023-07-14
2023_234,0.346701830625534,0.0745140388607978,0.2754366397857666,13.0,2023-07-14
2023_239,0.7977319955825806,0.2136784642934799,0.4964438378810882,7.0,2023-07-14
2023_243,0.6384232044219971,0.3111782670021057,0.5356037020683289,7.0,2023-07-14
2023_244,0.6552547812461853,0.2297749370336532,0.487906664609909,6.0,2023-07-14
2023_245,0.1482649743556976,-0.0102782556787133,0.2089502960443496,7.0,2023-07-14
2023_248,0.5205835103988647,0.1371625363826751,0.3560158908367157,8.0,2023-07-14
2023_249,0.417136400938034,0.0454189330339431,0.2066115438938141,9.0,2023-07-14
2023_254,0.4446786046028137,-0.0334860906004905,0.1540403962135315,9.0,2023-07-14
2023_256,0.5070382356643677,0.1927894055843353,0.4045068323612213,10.0,2023-07-14
2023_261,0.8096608519554138,0.235059380531311,0.5052720904350281,8.0,2023-07-14
2023_267,0.7578125,0.3150204420089721,0.5321756601333618,1.0,2023-07-14
2023_277,0.7915983200073242,0.2508174777030945,0.5398070216178894,12.0,2023-07-14
2023_290,0.8585406541824341,0.3810396194458008,0.6447120904922485,2.0,2023-07-14
2023_291,0.8651685118675232,0.3598197698593139,0.6662484407424927,3.0,2023-07-14
2023_318,0.7940132021903992,0.2538245320320129,0.5604186654090881,3.0,2023-07-14
2023_319,0.8232161998748779,0.2757079303264618,0.5947834253311157,1.0,2023-07-14
2023_320,0.8498070240020752,0.2064262777566909,0.5285963416099548,12.0,2023-07-14
2023_323,0.6717064380645752,0.0760320425033569,0.3624515831470489,14.0,2023-07-14
2023_333,0.5558373928070068,0.1544680148363113,0.4505374133586883,2.0,2023-07-14
2023_334,0.836061418056488,0.205255925655365,0.5427275896072388,10.0,2023-07-14
2023_335,0.7955354452133179,0.1785941869020462,0.5106151103973389,5.0,2023-07-14
2023_336,0.7966747283935547,0.1750266253948211,0.4825128614902496,4.0,2023-07-14
2023_337,0.8145996332168579,0.2359424531459808,0.5546857118606567,7.0,2023-07-14
2023_338,0.7401666045188904,0.1710589528083801,0.4888043403625488,8.0,2023-07-14
2023_339,0.7684163451194763,0.2272673398256302,0.4816124439239502,8.0,2023-07-14
2023_340,0.8807467818260193,0.3053420782089233,0.5796516537666321,4.0,2023-07-14
2023_341,0.8075998425483704,0.1860080510377884,0.4902336001396179,2.0,2023-07-14
2023_342,0.8026981353759766,0.2187930047512054,0.5315186381340027,5.0,2023-07-14
2023_343,0.6822220683097839,0.222503662109375,0.4996100664138794,6.0,2023-07-14
2023_344,0.8043146729469299,0.2338026314973831,0.5527319312095642,8.0,2023-07-14
2023_345,0.6781692504882812,0.2883733510971069,0.5582382082939148,7.0,2023-07-14
2023_346,0.5894160866737366,0.1530921310186386,0.3921633064746856,2.0,2023-07-14
2023_347,0.45485520362854,0.3120027780532837,0.6003748178482056,3.0,2023-07-14
2023_349,0.8848921060562134,0.2844195067882538,0.6038803458213806,3.0,2023-07-14
2023_350,0.8779974579811096,0.2860900461673736,0.5974867343902588,3.0,2023-07-14
2023_351,0.8014217019081116,0.2894898653030395,0.5892220139503479,5.0,2023-07-14
2023_352,0.7170701026916504,0.1412980705499649,0.4506194591522217,16.0,2023-07-14
2023_353,0.8631395101547241,0.3004483580589294,0.5977238416671753,6.0,2023-07-14
2023_354,0.7342185974121094,0.1709275245666504,0.446541428565979,6.0,2023-07-14
2023_430,0.6994818449020386,0.1481938809156417,0.4283736944198608,9.0,2023-07-14
2023_431,0.6660435199737549,0.121241882443428,0.3735435009002685,10.0,2023-07-14
2023_433,0.7299207448959351,0.2207651436328888,0.4897047579288482,24.0,2023-07-14
2023_434,0.6082337498664856,0.0836177617311477,0.3284519016742706,15.0,2023-07-14
2023_437,0.5114912390708923,0.1341087371110916,0.3735527992248535,6.0,2023-07-14
2023_440,0.4675678610801697,0.0037720042746514,0.2105197310447693,22.0,2023-07-14
2023_444,0.2319562137126922,0.0018483330495655,0.1520117372274398,22.0,2023-07-14
2023_453,0.7423502802848816,0.175143301486969,0.4316358864307403,14.0,2023-07-14
2023_454,0.5674216151237488,0.0223702806979417,0.2254035472869873,12.0,2023-07-14
2023_455,0.7785910964012146,0.19034343957901,0.4715672433376312,18.0,2023-07-14
2023_456,0.6648168563842773,0.134001150727272,0.4323227703571319,11.0,2023-07-14
2023_458,0.88515704870224,0.1705859452486038,0.5296425819396973,14.0,2023-07-14
2023_459,0.8610891699790955,0.3180547952651977,0.5952532291412354,13.0,2023-07-14
2023_460,0.7733550071716309,0.2212566882371902,0.5083577036857605,16.0,2023-07-14
2023_463,0.8115100264549255,0.1691066473722458,0.419225811958313,22.0,2023-07-14
2023_464,0.670631468296051,0.1514749526977539,0.3978176414966583,20.0,2023-07-14
2023_465,0.6822415590286255,0.1821835786104202,0.4419054090976715,18.0,2023-07-14
2023_466,0.8895322680473328,0.3045082986354828,0.6061528921127319,16.0,2023-07-14
2023_467,0.7550168633460999,0.2053859829902649,0.521465539932251,22.0,2023-07-14
2023_468,0.7637683749198914,0.2607553899288177,0.5319847464561462,24.0,2023-07-14
2023_470,0.8308321833610535,0.2897196114063263,0.5767025351524353,29.0,2023-07-14
2023_480,0.3081115186214447,-0.0930982455611229,0.0854402557015419,14.0,2023-07-14
2023_481,0.8459675908088684,0.2914706170558929,0.5770110487937927,12.0,2023-07-14
2023_490,0.895983099937439,0.3527435660362243,0.6624761819839478,9.0,2023-07-15
2023_491,0.8905123472213745,0.355283111333847,0.6522670388221741,9.0,2023-07-15
2023_492,0.8009949922561646,0.2725940942764282,0.5500705242156982,9.0,2023-07-15
2023_494,0.8232017159461975,0.2831089198589325,0.5589148998260498,7.0,2023-07-15
2023_496,0.8155219554901123,0.2826500236988067,0.5197040438652039,9.0,2023-07-15
2023_497,0.8201569318771362,0.2174381017684936,0.4631306529045105,9.0,2023-07-15
2023_498,0.8924879431724548,0.3208232522010803,0.6301454305648804,9.0,2023-07-15
2023_500,0.9091593623161316,0.316056340932846,0.6442984342575073,7.0,2023-07-15
2023_501,0.7917405366897583,0.293492704629898,0.5701598525047302,9.0,2023-07-15
2023_502,0.8291139006614685,0.148420438170433,0.4529914557933807,7.0,2023-07-15
2023_504,0.784894585609436,0.2670651078224182,0.5332416296005249,9.0,2023-07-15
2023_505,0.873713493347168,0.260952353477478,0.5646921992301941,7.0,2023-07-15
2023_506,0.41193488240242,0.0514408722519874,0.2664319276809692,7.0,2023-07-15
2023_511,0.8154122233390808,0.2181112170219421,0.5189312100410461,8.0,2023-07-15
2023_518,0.8607871532440186,0.3911008834838867,0.6743878126144409,8.0,2023-07-15
2023_805,0.7846739888191223,0.2667788863182068,0.5770431756973267,8.0,2023-07-15
2023_806,0.8826040625572205,0.3406143486499786,0.664691686630249,9.0,2023-07-15
2023_807,0.8849180936813354,0.2905003726482391,0.6191006898880005,8.0,2023-07-15
2023_808,0.8747657537460327,0.3378728330135345,0.6278010010719299,8.0,2023-07-15
2023_812,0.9165273904800416,0.3830421864986419,0.6557778716087341,8.0,2023-07-15
2023_815,0.8766322731971741,0.3256908357143402,0.6393662691116333,8.0,2023-07-15
2023_817,0.8998569250106812,0.3673822581768036,0.6813673973083496,9.0,2023-07-15
2023_820,0.8839367032051086,0.3473030626773834,0.6211281418800354,8.0,2023-07-15
2023_825,0.8944604396820068,0.283220887184143,0.6079819202423096,10.0,2023-07-15
2023_892,0.8923594355583191,0.3312515914440155,0.626915693283081,6.0,2023-07-15
2023_944,0.8808442950248718,0.3567132949829101,0.6523885130882263,8.0,2023-07-15
2023_945,0.8679775595664978,0.3352643549442291,0.6256869435310364,8.0,2023-07-15
2023_947,0.8676236271858215,0.3072125613689422,0.5968011617660522,8.0,2023-07-15
2023_953,0.8981372117996216,0.3502769768238067,0.6663216948509216,9.0,2023-07-15
2023_954,0.8603883981704712,0.29315185546875,0.5880730152130127,8.0,2023-07-15
2023_1686,0.8973647952079773,0.3381707668304443,0.6516724228858948,9.0,2023-07-15
2023_941,0.8687558770179749,0.3401317894458771,0.6446091532707214,6.0,2023-08-01
2023_948,0.6808488965034485,0.1809857785701751,0.4438286423683166,4.0,2023-08-01
2023_949,0.8996763825416565,0.2674660384654999,0.5933952331542969,13.0,2023-08-01
2023_393,0.5114536285400391,0.1490242481231689,0.3712374866008758,2.0,2023-08-07
2023_394,0.4154828786849975,0.0418491996824741,0.2484152168035507,2.0,2023-08-07
2023_395,0.8706551790237427,0.2928622961044311,0.5920634865760803,6.0,2023-08-07
2023_396,0.8145171999931335,0.2703308165073395,0.5883404612541199,6.0,2023-08-07
2023_397,0.881901741027832,0.3241166472434997,0.6219956874847412,6.0,2023-08-07
2023_398,0.518216609954834,0.2606713473796844,0.4039999842643738,5.0,2023-08-07
2023_399,0.8682051301002502,0.3090143799781799,0.6418829560279846,3.0,2023-08-07
2023_409,0.8642053008079529,0.262116938829422,0.6004882454872131,10.0,2023-08-12
2023_410,0.8734570741653442,0.1653434038162231,0.5014641284942627,8.0,2023-08-12
2023_412,0.686225950717926,0.2395947128534317,0.5183961391448975,10.0,2023-08-12
2023_415,0.8862355947494507,0.2730059623718261,0.5877125263214111,10.0,2023-08-12
2023_416,0.8475880026817322,0.2080169171094894,0.4976634085178375,10.0,2023-08-12
2023_417,0.5183830261230469,0.0345598123967647,0.2870025336742401,10.0,2023-08-12
2023_423,0.7781832218170166,0.2855085730552673,0.5852931141853333,8.0,2023-08-12
2023_424,0.8318068385124207,0.3468013405799866,0.6356877088546753,7.0,2023-08-12
2023_425,0.8080453872680664,0.25870481133461,0.5428400635719299,14.0,2023-08-12
2023_426,0.7605788111686707,0.2213204950094223,0.5062912702560425,16.0,2023-08-12
2023_427,0.8260592222213745,0.3201064467430115,0.5543214082717896,13.0,2023-08-12
2023_1871,0.8576169013977051,0.2911829352378845,0.6163972616195679,6.0,2023-08-19
2023_1872,0.881256103515625,0.3174445629119873,0.6459790468215942,5.0,2023-08-19
2023_1873,0.4213727116584778,-0.2368286252021789,-0.0496815033257007,5.0,2023-08-19
2023_1875,0.8761534690856934,0.3336736559867859,0.655851423740387,7.0,2023-08-19
2023_1876,0.8419632911682129,0.2593908309936523,0.4983283281326294,8.0,2023-08-19
2023_1878,0.8499271273612976,0.3231874108314514,0.6300417184829712,7.0,2023-08-19
2023_1879,0.4084951877593994,0.1950442045927047,0.3571674227714538,18.0,2023-08-19
2023_1880,0.5509478449821472,0.1302700191736221,0.3575101792812347,13.0,2023-08-19
2023_1881,0.700350284576416,0.2874552011489868,0.554019033908844,13.0,2023-08-19
2023_1883,0.7929759621620178,0.2068965584039688,0.5067301392555237,13.0,2023-08-19
2023_1884,0.8203621506690979,0.2928974330425262,0.5612096786499023,12.0,2023-08-19
2023_1885,0.853996992111206,0.2421154826879501,0.5583164095878601,11.0,2023-08-19
2023_1886,0.8251516819000244,0.3801147937774658,0.6546059846878052,7.0,2023-08-19
2023_2066,0.7189681529998779,0.2125883102416992,0.5079872012138367,9.0,2023-08-19
2023_241,0.7991718649864197,0.2592137455940246,0.540520429611206,5.0,2023-08-23
2023_283,0.8331226110458374,0.2673363387584686,0.5760628581047058,7.0,2023-08-23
2023_284,0.4962080121040344,0.0428544394671916,0.2382310926914215,7.0,2023-08-23
2023_285,0.926503360271454,0.3470701873302459,0.6549633741378784,5.0,2023-08-23
2023_400,0.8768340349197388,0.2934530675411224,0.5816062092781067,15.0,2023-08-26
2023_401,0.707297146320343,0.1903791427612304,0.4505945742130279,14.0,2023-08-26
2023_402,0.4102559685707092,0.0069296867586672,0.2168682068586349,12.0,2023-08-26
2023_403,0.7143868803977966,0.2054307013750076,0.4420912265777588,12.0,2023-08-26
2023_406,0.5821205973625183,0.1265393644571304,0.2971639931201935,11.0,2023-08-26
2023_1707,0.5039164423942566,0.1396201401948928,0.3414483368396759,7.0,2023-08-26
2023_1708,0.8676678538322449,0.3108969628810882,0.6166273355484009,6.0,2023-08-26
2023_1709,0.4778615832328796,-0.0237923674285411,0.1798396408557891,5.0,2023-08-26
2023_1710,0.7814708948135376,0.3674346506595611,0.6633892059326172,6.0,2023-08-26
2023_1711,0.6394129991531372,0.1507750153541565,0.3965778648853302,5.0,2023-08-26
2023_1712,0.321928471326828,0.1060158833861351,0.2978156507015228,5.0,2023-08-26
2023_1713,0.8778480887413025,0.3395630121231079,0.6497186422348022,4.0,2023-08-26
2023_1714,0.7324527502059937,0.2576519548892975,0.575537919998169,6.0,2023-08-26
2023_1715,0.7664974927902222,0.2628806531429291,0.5353701114654541,7.0,2023-08-26
2023_1716,0.8393285274505615,0.2620961666107178,0.5011366009712219,7.0,2023-08-26
2023_1717,0.8609197735786438,0.3278376758098602,0.5899817943572998,7.0,2023-08-26
2023_1718,0.8410411477088928,0.2860731184482574,0.5981440544128418,7.0,2023-08-26
2023_1720,0.5613315105438232,0.1664111912250518,0.4355932176113128,7.0,2023-08-26
2023_1722,0.5007712244987488,0.1015398427844047,0.3330563008785248,7.0,2023-08-26
2023_1723,0.835580050945282,0.3097826242446899,0.6225932836532593,6.0,2023-08-26
2023_1726,0.4760312438011169,0.1571675390005111,0.3506269156932831,15.0,2023-08-26
2023_1727,0.4246507585048675,0.04774821549654,0.3219409883022308,16.0,2023-08-26
2023_1728,0.4738362729549408,0.1291121691465377,0.4054582715034485,8.0,2023-08-26
2023_1729,0.4612722992897033,0.1847216486930847,0.4407533407211303,7.0,2023-08-26
2023_1730,0.4639073312282562,0.0603556931018829,0.2993436157703399,6.0,2023-08-26
2023_1731,0.7602117657661438,0.1870047450065612,0.4393439590930938,6.0,2023-08-26
2023_1732,0.8745537996292114,0.3329947590827942,0.6514987945556641,9.0,2023-08-26
2023_1734,0.7349338531494141,0.3003858625888824,0.5581848621368408,12.0,2023-08-26
2023_1735,0.7882078886032104,0.2522306144237518,0.5847650766372681,14.0,2023-08-26
2023_1736,0.6443117260932922,0.2545061111450195,0.4654807150363922,13.0,2023-08-26
2023_1738,0.8625567555427551,0.2529138326644897,0.5793553590774536,10.0,2023-08-26
2023_1743,0.8705434203147888,0.3372900784015655,0.6373276710510254,13.0,2023-08-26
2023_1744,0.6912207007408142,0.2203152179718017,0.5291503667831421,14.0,2023-08-26
2023_1745,0.8723108768463135,0.297173261642456,0.6136715412139893,14.0,2023-08-26
2023_1748,0.8729551434516907,0.338947057723999,0.6431137323379517,8.0,2023-08-26
2023_1750,0.794468343257904,0.2984243631362915,0.5937815308570862,6.0,2023-08-26
2023_1756,0.6349356174468994,0.2007400840520858,0.4657149314880371,9.0,2023-08-26
2023_1758,0.883874237537384,0.3218426406383514,0.6252307891845703,10.0,2023-08-26
2023_1760,0.8557016253471375,0.2775220870971679,0.5760501623153687,14.0,2023-08-26
2023_1762,0.8476915955543518,0.2364668250083923,0.5158640146255493,14.0,2023-08-26
2023_1764,0.9063538908958436,0.3029183149337768,0.6286302804946899,12.0,2023-08-26
2023_1765,0.6233713030815125,0.1427334398031234,0.4605719149112701,12.0,2023-08-26
2023_1766,0.5013006925582886,0.1609013378620147,0.4394422173500061,12.0,2023-08-26
2023_1768,0.7957894206047058,0.2216869741678238,0.5387424826622009,12.0,2023-08-26
2023_1770,0.8781271576881409,0.3296560943126678,0.5655494332313538,10.0,2023-08-26
2023_1773,0.779094398021698,0.2862322926521301,0.5732245445251465,16.0,2023-08-26
2023_1775,0.8217431306838989,0.2855872213840484,0.5951368808746338,18.0,2023-08-26
2023_1776,0.8732410669326782,0.3912763893604278,0.6773041486740112,10.0,2023-08-26
2023_1778,0.8828793168067932,0.2655250430107116,0.5806567072868347,14.0,2023-08-26
2023_1779,0.6908168196678162,0.27703657746315,0.5212787985801697,15.0,2023-08-26
2023_1780,0.9107822179794312,0.3765548169612884,0.6811636090278625,6.0,2023-08-26
2023_1781,0.8740572333335876,0.3738315105438232,0.6573991179466248,6.0,2023-08-26
2023_1782,0.8127700686454773,0.2841409742832184,0.5783417820930481,5.0,2023-08-26
2023_1783,0.9106299877166748,0.3678137362003326,0.6772012114524841,4.0,2023-08-26
2023_1784,0.8933860063552856,0.3107407987117767,0.6093534827232361,5.0,2023-08-26
2023_1785,0.7392967939376831,0.1524752676486969,0.4616724550724029,5.0,2023-08-26
2023_1786,0.8082888126373291,0.2570134401321411,0.5727055072784424,7.0,2023-08-26
2023_1787,0.883082389831543,0.3028444051742553,0.5996990203857422,5.0,2023-08-26
2023_1788,0.901560604572296,0.3641282618045807,0.6617363095283508,5.0,2023-08-26
2023_1789,0.9026753902435304,0.3897950053215027,0.6896488666534424,5.0,2023-08-26
2023_1790,0.866021990776062,0.2757976055145263,0.6155886054039001,4.0,2023-08-26
2023_1791,0.9107476472854614,0.3716292381286621,0.6679077744483948,6.0,2023-08-26
2023_1792,0.8916478753089905,0.355090469121933,0.6639364957809448,5.0,2023-08-26
2023_1793,0.9225313663482666,0.3335856199264526,0.6575729250907898,5.0,2023-08-26
2023_1795,0.9216501712799072,0.2207752913236618,0.5635682940483093,2.0,2023-08-26
2023_1798,0.8938775658607483,0.3637391328811645,0.6665406227111816,7.0,2023-08-26
2023_1799,0.8615601062774658,0.3421576619148254,0.6309306621551514,6.0,2023-08-26
2023_1800,0.8806782364845276,0.3313609361648559,0.6546465158462524,5.0,2023-08-26
2023_1801,0.9164535403251648,0.3833309710025787,0.6878570318222046,5.0,2023-08-26
2023_1803,0.6399677991867065,0.2613022625446319,0.4902279675006866,4.0,2023-08-26
2023_1804,0.8950766921043396,0.3505895733833313,0.6640680432319641,5.0,2023-08-26
2023_1805,0.9073819518089294,0.3283582031726837,0.6456977725028992,5.0,2023-08-26
2023_1806,0.6942734718322754,0.25754314661026,0.5117599368095398,6.0,2023-08-26
2023_1807,0.893690288066864,0.3723014593124389,0.6760759353637695,6.0,2023-08-26
2023_1808,0.8803254961967468,0.3360465168952942,0.645348846912384,5.0,2023-08-26
2023_1809,0.8469334840774536,0.3374767303466797,0.6216497421264648,6.0,2023-08-26
2023_1810,0.8461434841156006,0.3176881670951843,0.5899988412857056,6.0,2023-08-26
2023_1811,0.7571931481361389,0.2889784872531891,0.5744187831878662,4.0,2023-08-26
2023_1812,0.910201609134674,0.3415789008140564,0.6378613710403442,6.0,2023-08-26
2023_1813,0.90816992521286,0.3650968968868255,0.6741664409637451,4.0,2023-08-26
2023_1814,0.8214285373687744,0.2204310297966003,0.5428113341331482,5.0,2023-08-26
2023_1823,0.8642115592956543,0.2869163453578949,0.5902631282806396,6.0,2023-08-26
2023_1824,0.8600615859031677,0.3035350441932678,0.6238036155700684,6.0,2023-08-26
2023_1825,0.8759424686431885,0.2839682400226593,0.599994957447052,6.0,2023-08-26
2023_1829,0.8263182044029236,0.2485132813453674,0.5421266555786133,6.0,2023-08-26
2023_1830,0.898532509803772,0.3357956111431122,0.6517602205276489,7.0,2023-08-26
2023_1831,0.8904481530189514,0.3552881479263305,0.6616314053535461,7.0,2023-08-26
2023_1832,0.886776328086853,0.3488102257251739,0.6485932469367981,7.0,2023-08-26
2023_1833,0.8385899662971497,0.3032839596271515,0.6172592639923096,7.0,2023-08-26
2023_1834,0.9016229510307312,0.3210754692554474,0.6362126469612122,7.0,2023-08-26
2023_1835,0.881344735622406,0.3321841359138489,0.6364034414291382,5.0,2023-08-26
2023_1836,0.9141550064086914,0.4084833264350891,0.7016202211380005,6.0,2023-08-26
2023_1837,0.9066501259803772,0.3618527948856354,0.680684506893158,5.0,2023-08-26
2023_1838,0.8129813075065613,0.2923253774642944,0.6153403520584106,5.0,2023-08-26
2023_1839,0.8867006897926331,0.3470085263252258,0.6613957285881042,5.0,2023-08-26
2023_1840,0.8643776774406433,0.3205128312110901,0.6262087821960449,5.0,2023-08-26
2023_1841,0.8997342586517334,0.3586313426494598,0.6749716401100159,6.0,2023-08-26
2023_1842,0.8952360153198242,0.3436829149723053,0.6627835631370544,7.0,2023-08-26
2023_1843,0.9150511622428894,0.3567102253437042,0.6758104562759399,5.0,2023-08-26
2023_1844,0.9002279043197632,0.3067150712013244,0.6390913128852844,5.0,2023-08-26
2023_1845,0.7090163826942444,0.3141341507434845,0.5583015084266663,7.0,2023-08-26
2023_1846,0.7134503126144409,0.2447528094053268,0.5298612713813782,7.0,2023-08-26
2023_1847,0.9133286476135254,0.3468319177627563,0.6629310250282288,7.0,2023-08-26
2023_1848,0.9170653820037842,0.3981481492519378,0.6983330249786377,7.0,2023-08-26
2023_1849,0.9254464507102966,0.3833991885185241,0.6844366192817688,7.0,2023-08-26
2023_1850,0.870789647102356,0.2578710615634918,0.5796657800674438,7.0,2023-08-26
2023_1851,0.9149975776672364,0.3294001817703247,0.6029810309410095,7.0,2023-08-26
2023_1852,0.8507808446884155,0.2460148632526397,0.6017831563949585,6.0,2023-08-26
2023_1853,0.8460274934768677,0.3330289125442505,0.6383179426193237,5.0,2023-08-26
2023_1854,0.5370217561721802,0.1491952985525131,0.4032052755355835,5.0,2023-08-26
2023_1855,0.4177529513835907,0.0722720772027969,0.3091118633747101,3.0,2023-08-26
2023_1856,0.6882771253585815,0.2380250543355941,0.503482460975647,6.0,2023-08-26
2023_1857,0.6449231505393982,0.2058284431695938,0.4760963320732116,6.0,2023-08-26
2023_1858,0.8802083134651184,0.3177186250686645,0.6224719285964966,7.0,2023-08-26
2023_1859,0.6474164128303528,0.0622917339205741,0.3600262701511383,5.0,2023-08-26
2023_1860,0.9070409536361694,0.3602373898029327,0.6656976938247681,13.0,2023-08-26
2023_1861,0.7990148067474365,0.2795687615871429,0.5846067667007446,8.0,2023-08-26
2023_1862,0.82603919506073,0.2502999901771545,0.5691337585449219,8.0,2023-08-26
2023_1863,0.8502726554870605,0.2984293401241302,0.5858875513076782,9.0,2023-08-26
2023_1864,0.8345810174942017,0.239151269197464,0.5194208025932312,12.0,2023-08-26
2023_1865,0.883709728717804,0.3127493560314178,0.6289216876029968,9.0,2023-08-26
2023_1866,0.8876404762268066,0.3337195813655853,0.6529400944709778,11.0,2023-08-26
2023_1867,0.7752946019172668,0.2416477650403976,0.5496183037757874,9.0,2023-08-26
2023_1891,0.8436808586120605,0.3240546286106109,0.5919939875602722,8.0,2023-08-26
2023_1892,0.7814707159996033,0.2303435653448104,0.513243556022644,8.0,2023-08-26
2023_1893,0.7575939893722534,0.2320743352174759,0.537085771560669,7.0,2023-08-26
2023_1898,0.7940536737442017,0.3335728347301483,0.6057115197181702,7.0,2023-08-26
2023_1899,0.8114517331123352,0.216546893119812,0.5515970587730408,7.0,2023-08-26
2023_1900,0.8751037120819092,0.3453252613544464,0.649750292301178,4.0,2023-08-26
2023_1901,0.7718631029129028,0.1882071644067764,0.4796586632728576,5.0,2023-08-26
2023_1903,0.8994245529174805,0.3231090903282165,0.6390389204025269,5.0,2023-08-26
2023_1908,0.871999979019165,0.3428662121295929,0.6574787497520447,6.0,2023-08-26
2023_1909,0.3439788222312927,0.0206283908337354,0.2060260772705078,6.0,2023-08-26
2023_1910,0.8917838931083679,0.3368087112903595,0.6585721373558044,6.0,2023-08-26
2023_159,0.8871086835861206,0.3115716278553009,0.6261311173439026,7.0,2023-08-28
2023_160,0.8703017234802246,0.2986583411693573,0.5846602320671082,7.0,2023-08-28
2023_253,0.80373215675354,0.2375964224338531,0.5398744344711304,12.0,2023-08-28
2023_264,0.3204159140586853,0.1835110336542129,0.317820280790329,12.0,2023-08-28
2023_265,0.852790117263794,0.3380174040794372,0.6145584583282471,13.0,2023-08-28
2023_268,0.5606737732887268,0.289406418800354,0.5060540437698364,5.0,2023-08-28
2023_275,0.7931151986122131,0.1587661951780319,0.4669941663742065,10.0,2023-08-28
2023_279,0.3818577229976654,0.1150559112429618,0.3480753600597381,13.0,2023-08-28
2023_281,0.775087296962738,0.2327201068401336,0.5362111926078796,12.0,2023-08-28
2023_282,0.914459466934204,0.3472137153148651,0.6691755056381226,7.0,2023-08-28
2023_311,0.6314257383346558,0.1869267374277115,0.4322317242622375,14.0,2023-08-28
2023_312,0.8631948828697205,0.3177159428596496,0.6307536363601685,21.0,2023-08-28
2023_313,0.8521332144737244,0.1640242487192154,0.5158252120018005,24.0,2023-08-28
2023_314,0.8421052694320679,0.3343610167503357,0.6325323581695557,15.0,2023-08-28
2023_315,0.5822571516036987,0.1669956594705581,0.4168024063110351,21.0,2023-08-28
2023_317,0.7912009954452515,0.2893299162387848,0.5679306387901306,6.0,2023-08-28
2023_321,0.854343831539154,0.3189104497432709,0.5950185656547546,7.0,2023-08-28
2023_325,0.8786475658416748,0.391739010810852,0.6795510053634644,8.0,2023-08-28
2023_326,0.91655433177948,0.3615441918373108,0.6726124882698059,16.0,2023-08-28
2023_429,0.8838248252868652,0.3262566328048706,0.640868067741394,13.0,2023-09-14
2023_1911,0.842951774597168,0.2553321123123169,0.5509703755378723,7.0,2023-09-14
2023_1912,0.8846795558929443,0.2235588282346725,0.5583258867263794,7.0,2023-09-14
2023_1913,0.8903680443763733,0.3322875797748565,0.6482736468315125,7.0,2023-09-14
2023_1914,0.8890827894210815,0.3969935774803161,0.6926556825637817,16.0,2023-09-14
2023_1915,0.805061936378479,0.2352254986763,0.5169775485992432,13.0,2023-09-14
2023_1916,0.8204041719436646,0.2556101977825165,0.581713080406189,6.0,2023-09-14
2023_1917,0.861940324306488,0.3170159161090851,0.6140494346618652,7.0,2023-09-14
2023_1919,0.9263149499893188,0.3546356558799743,0.6521854400634766,8.0,2023-09-14
2023_1920,0.8295716047286987,0.291265457868576,0.5611797571182251,13.0,2023-09-14
2023_1921,0.7996219396591187,0.2528024017810821,0.5438596606254578,15.0,2023-09-14
2023_1922,0.8980032801628113,0.3366235196590423,0.6591724753379822,10.0,2023-09-14
2023_1923,0.7856466770172119,0.2315323501825332,0.5407304167747498,10.0,2023-09-14
2023_1924,0.914787769317627,0.346785306930542,0.6654048562049866,14.0,2023-09-14
2023_1925,0.9043055772781372,0.3631558120250702,0.6715143918991089,14.0,2023-09-14
2023_1926,0.8923857808113098,0.3119831085205078,0.6364832520484924,15.0,2023-09-14
2023_1927,0.9044885635375975,0.3446309268474579,0.6409465670585632,14.0,2023-09-14
2023_1928,0.8946398496627808,0.3283149003982544,0.6177103519439697,14.0,2023-09-14
2023_1929,0.9160783886909484,0.3629606962203979,0.6820385456085205,18.0,2023-09-14
2023_1931,0.6960451602935791,0.1085735559463501,0.4046489298343658,5.0,2023-09-14
2024_93,0.8366184830665588,0.3041678369045257,0.6054474711418152,6.0,2024-02-14
2024_117,0.7584964036941528,0.2869635820388794,0.5290102362632751,7.0,2024-02-14
2024_327,0.7706535458564758,0.2623612582683563,0.5504162907600403,7.0,2024-02-14
2024_951,0.5573526620864868,0.101001039147377,0.335204929113388,2.0,2024-02-14
2024_7249,0.2669568657875061,-0.1239505112171173,0.0508433133363723,18.0,2024-02-14
2024_7251,0.125423714518547,-0.0832750275731086,0.0591702684760093,9.0,2024-02-14
2024_7257,0.3956900238990783,0.0134591795504093,0.1752335727214813,26.0,2024-02-14
2024_7267,0.6757360696792603,0.2292770594358444,0.4461202919483185,12.0,2024-02-14
2024_7270,0.3795994818210602,0.0202362928539514,0.1931201964616775,14.0,2024-02-14
2024_7274,0.2498902827501297,-0.0175635516643524,0.0800153836607933,12.0,2024-02-14
2024_7275,0.2066967189311981,0.1520146429538726,0.3727643191814422,15.0,2024-02-14
2024_7276,0.8230228424072266,0.3005986511707306,0.6039431691169739,2.0,2024-02-14
2024_7277,0.7507240772247314,0.1952163428068161,0.4686927199363708,6.0,2024-02-14
2024_7279,0.6286603212356567,0.2928684949874878,0.5763503909111023,8.0,2024-02-14
2024_7281,0.7770953178405762,0.2064628899097442,0.5159167051315308,8.0,2024-02-14
2024_7282,0.4119122922420501,0.1583195328712463,0.3553676605224609,4.0,2024-02-14
2024_7283,0.8935670256614685,0.3031733334064483,0.5989953279495239,4.0,2024-02-14
2024_7284,0.0586596243083477,-0.0046697109937667,0.0690166726708412,4.0,2024-02-14
2024_7286,0.7695621252059937,0.3449584245681762,0.5498674511909485,14.0,2024-02-14
2024_7287,0.6399834156036377,0.3158860206604004,0.5747109651565552,11.0,2024-02-14
2024_7288,0.6295441389083862,0.0225708968937397,0.3557369112968445,5.0,2024-02-14
2024_7289,0.8383836150169373,0.2846761047840118,0.6006115078926086,8.0,2024-02-14
2024_7298,0.2521988451480865,-0.0387569069862365,0.0994467064738273,20.0,2024-02-14
2024_7299,0.5698190331459045,-0.0181479677557945,0.1801854521036148,16.0,2024-02-14
2024_7308,0.1623525768518448,-0.0997170507907867,0.0365542881190776,20.0,2024-02-14
2024_7309,0.2572915852069855,-0.0582275278866291,0.0936411693692207,18.0,2024-02-14
2024_7316,0.5347917079925537,0.0373045913875103,0.2701500058174133,18.0,2024-02-14
2024_7335,0.4734883308410644,0.1162226945161819,0.2234069555997848,2.0,2024-02-14
2024_7336,0.8244444131851196,0.3553445935249328,0.6695474982261658,1.0,2024-02-14
2024_7337,0.3435208797454834,0.0751948803663253,0.1414844393730163,4.0,2024-02-14
2024_7339,0.7835415005683899,0.2757027447223663,0.5814001560211182,8.0,2024-02-14
2024_7340,0.7394179105758667,0.068227469921112,0.3849599063396454,6.0,2024-02-14
2024_7341,0.7248047590255737,0.1378916352987289,0.3827577233314514,10.0,2024-02-14
2024_7342,,,,,2024-02-14
2024_7347,0.6867577433586121,0.1884312033653259,0.4215303957462311,8.0,2024-02-14
2024_7349,0.8049954771995544,0.2960242033004761,0.5869939923286438,13.0,2024-02-14
2024_7351,0.5544070601463318,0.1013767719268798,0.3291597664356231,6.0,2024-02-14
2024_7354,0.5567237734794617,0.1713649034500122,0.4054110944271087,8.0,2024-02-14
2024_7355,0.7597402334213257,0.2520276308059692,0.5781900882720947,9.0,2024-02-14
2024_7356,0.5112704634666443,0.2353433668613433,0.463384211063385,3.0,2024-02-14
2024_7358,0.8424203395843506,0.278575986623764,0.5849712491035461,8.0,2024-02-14
2024_7359,0.1673536598682403,0.0209973640739917,0.1655430644750595,11.0,2024-02-14
2024_7361,0.3862324357032776,0.1496683210134506,0.3582763373851776,4.0,2024-02-14
2024_7362,0.7642276287078857,0.3234818577766418,0.621534526348114,5.0,2024-02-14
2024_7364,0.552275538444519,0.1092067882418632,0.3717391490936279,3.0,2024-02-14
2024_7365,0.6323155164718628,0.0960566326975822,0.3665301203727722,3.0,2024-02-14
2024_7366,0.7401800751686096,0.2027076929807663,0.5267587304115295,4.0,2024-02-14
2024_7367,0.725248396396637,0.2182192504405975,0.4959488213062286,5.0,2024-02-14
2024_7368,0.6975609660148621,-0.0616915337741375,0.2399999797344207,5.0,2024-02-14
2024_7369,0.8098701238632202,0.0983606502413749,0.4261801242828369,3.0,2024-02-14
2024_7373,0.7497397661209106,0.2041293829679489,0.5190250277519226,4.0,2024-02-14
2024_7377,0.799631655216217,0.3832657933235168,0.6489503383636475,10.0,2024-02-14
2024_7381,0.8464066982269287,0.2168359160423278,0.4949258863925934,8.0,2024-02-14
2024_7384,0.0497651994228363,-0.1495944410562515,-0.131174236536026,14.0,2024-02-14
2024_7386,0.8840159177780151,0.1354186534881591,0.4001942574977875,18.0,2024-02-14
2024_7387,0.5614035129547119,0.1487759053707122,0.477250725030899,23.0,2024-02-14
2024_7388,0.6395025849342346,0.19463911652565,0.3842044174671173,24.0,2024-02-14
2024_7389,0.6335104703903198,0.0253741294145584,0.2512181103229522,16.0,2024-02-14
2024_7390,0.2857707440853119,0.1473418623208999,0.3047903776168823,18.0,2024-02-14
2024_7392,0.7739207744598389,0.2055254429578781,0.5193765163421631,18.0,2024-02-14
2024_7397,0.6954926252365112,0.1726164668798446,0.4836459457874298,22.0,2024-02-14
2024_7419,0.0149488328024744,0.004139982163906,0.0968456044793129,13.0,2024-02-14
2024_7420,0.4393276274204254,-0.4017697274684906,-0.2864737212657928,20.0,2024-02-14
2024_7426,0.8271535634994507,0.2171632498502731,0.4370124936103821,20.0,2024-02-14
2024_7427,0.5033790469169617,-0.00033069922938011587,0.2651469111442566,20.0,2024-02-14
2024_7428,0.4091350138187408,-0.02808672003448,0.1064542606472969,20.0,2024-02-14
2024_7432,0.4732435643672943,0.0536245815455913,0.2132435888051986,20.0,2024-02-14
2024_7435,0.2614849805831909,0.0598790049552917,0.1240181624889373,3.0,2024-02-14
2024_7442,0.8405900001525879,-0.0022238085512071,0.3386102616786957,20.0,2024-02-14
2024_7446,0.078108973801136,-0.0340588428080081,0.1165594607591629,8.0,2024-02-14
2024_7455,0.3976651430130005,0.1662437915802002,0.3136686682701111,12.0,2024-02-14
2024_7457,-0.0467968992888927,0.0307226181030273,0.0957501307129859,15.0,2024-02-14
2024_7460,0.8321812748908997,0.2727667987346649,0.5654137134552002,30.0,2024-02-14
2024_7469,0.6188604831695557,0.1495754420757293,0.2960050404071808,29.0,2024-02-14
2024_7471,0.4572185277938843,-0.1847479045391082,0.0138569744303822,24.0,2024-02-14
2024_7483,0.2973637878894806,-0.0436600483953952,0.1093028336763382,36.0,2024-02-14
2024_7501,0.5936794281005859,0.0255258399993181,0.2356465309858322,35.0,2024-02-14
2024_7524,0.0376554019749164,9.301272802986205e-05,0.0567528828978538,18.0,2024-02-14
2024_7530,0.6528412103652954,0.0117394421249628,0.2525555193424225,4.0,2024-02-14
2024_7533,0.8255033493041992,0.2176670283079147,0.5041580200195312,5.0,2024-02-14
2024_7534,0.7154150605201721,0.3195058405399322,0.5867052674293518,2.0,2024-02-14
2024_7535,0.7513301372528076,0.2883850038051605,0.5707330703735352,4.0,2024-02-14
2024_7536,0.7464553713798523,0.2919944524765014,0.5436785817146301,1.0,2024-02-14
2024_7540,0.7409301400184631,0.2029659450054168,0.4937556087970733,6.0,2024-02-14
2024_7541,0.4931495785713196,0.1662300080060959,0.3340139091014862,4.0,2024-02-14
2024_7542,0.748699426651001,0.1310745030641555,0.3796432316303253,4.0,2024-02-14
2024_7543,0.6296547651290894,0.2296622991561889,0.4214461743831634,2.0,2024-02-14
2024_7544,0.4233409464359283,0.1705480962991714,0.331220269203186,7.0,2024-02-14
2024_7545,0.8102644085884094,0.2299065738916397,0.5280603766441345,5.0,2024-02-14
2024_7546,0.8271710872650146,0.2762205600738525,0.6007629632949829,6.0,2024-02-14
2024_7547,0.1913142055273056,0.0293411593884229,0.1379750967025756,4.0,2024-02-14
2024_7549,0.2797852158546448,0.0577069744467735,0.2233792692422866,2.0,2024-02-14
2024_7550,,,,,2024-02-14
2024_7551,,,,,2024-02-14
2024_7552,0.7641391158103943,0.2736119031906128,0.5225379467010498,2.0,2024-02-14
2024_7554,0.5932642817497253,0.0222419947385787,0.2030390352010727,7.0,2024-02-14
2024_7555,0.8524871468544006,0.450549453496933,0.7193669676780701,7.0,2024-02-14
2024_7556,0.8347107768058777,0.3492023348808288,0.6388803720474243,3.0,2024-02-14
2024_7557,0.7805498838424683,0.3243963122367859,0.5915984511375427,6.0,2024-02-14
2024_7563,0.7116174101829529,0.2303535640239715,0.5110501646995544,4.0,2024-02-14
2024_7564,0.7258771657943726,0.1762114465236663,0.4438936412334442,3.0,2024-02-14
2024_7565,0.3042665719985962,0.0233868490904569,0.17769455909729,14.0,2024-02-14
2024_7566,0.0999160259962081,-0.1394699960947036,0.1109040006995201,9.0,2024-02-14
2024_7567,0.1820712387561798,-0.0512566454708576,0.1495678275823593,6.0,2024-02-14
2024_7568,0.5521015524864197,0.1607053428888321,0.3986461162567138,12.0,2024-02-14
2024_7569,0.3308530151844024,0.0847669392824173,0.2256883680820465,8.0,2024-02-14
2024_7572,0.6708860993385315,0.2837542295455932,0.5631037950515747,5.0,2024-02-14
2024_7573,0.7932102680206299,0.2848687469959259,0.4991191923618316,2.0,2024-02-14
2024_7574,0.5200238823890686,0.2412291020154953,0.4251585900783539,2.0,2024-02-14
2024_7578,0.8225597143173218,0.394360214471817,0.6149680018424988,5.0,2024-02-14
2024_7579,0.747382640838623,0.3079217374324798,0.510807991027832,2.0,2024-02-14
2024_7581,0.7570000290870667,0.2998338341712951,0.5461689233779907,6.0,2024-02-14
2024_7583,0.5758086442947388,0.0989089906215667,0.3572252988815307,2.0,2024-02-14
2024_7586,0.6488834023475647,0.1908602118492126,0.4278807342052459,5.0,2024-02-14
2024_7588,0.7934679388999939,0.2650551497936249,0.504183292388916,4.0,2024-02-14
2024_7589,0.4285714328289032,0.0925110280513763,0.2034940272569656,1.0,2024-02-14
2024_7591,0.7212899327278137,0.1331066042184829,0.327994704246521,2.0,2024-02-14
2024_7619,0.7958384156227112,0.0452692098915576,0.3613717257976532,20.0,2024-02-14
2024_7630,0.7558037042617798,0.1636790484189987,0.4345939755439758,18.0,2024-02-14
2024_7638,0.7118847370147705,0.0733205303549766,0.3455245196819305,11.0,2024-02-14
2024_7643,0.9099859595298768,0.3056234717369079,0.6532137393951416,17.0,2024-02-14
2024_7644,0.7011383175849915,0.1036937162280082,0.3543214201927185,18.0,2024-02-14
2024_7650,0.4080717265605926,-0.0404312796890735,0.0949227511882782,21.0,2024-02-14
2024_7660,0.0133743425831198,-0.0143382856622338,0.0441580489277839,20.0,2024-02-14
2024_7661,0.6913332939147949,0.0617488734424114,0.3752483129501343,20.0,2024-02-14
2024_7664,0.8696387410163879,0.2294880449771881,0.5101143717765808,16.0,2024-02-14
2024_7686,0.1360000073909759,-0.0471253655850887,0.0539523065090179,15.0,2024-02-14
2024_7697,0.7450697422027588,0.146288201212883,0.4904187321662903,9.0,2024-02-14
2024_7700,0.5300682187080383,0.098390907049179,0.4398179650306701,5.0,2024-02-14
2024_7705,0.8308724761009216,0.2014981359243393,0.5285792350769043,5.0,2024-02-14
2024_7713,0.3192771077156067,-0.0137989334762096,0.1335593163967132,5.0,2024-02-14
2024_7720,0.595775306224823,0.1539966017007827,0.3618847131729126,4.0,2024-02-14
2024_7722,0.0087378267198801,-0.010949651710689,0.0643463879823684,6.0,2024-02-14
2024_7723,0.1193439438939094,-0.0698503032326698,0.0600000470876693,4.0,2024-02-14
2024_7724,0.2698850333690643,-0.0477638468146324,0.0928095504641532,4.0,2024-02-14
2024_7725,0.5336692333221436,0.0540450811386108,0.2707964181900024,4.0,2024-02-14
2024_7731,0.3799728751182556,-0.0439535081386566,0.0956632047891616,4.0,2024-02-14
2024_7736,0.636242151260376,0.1909817159175872,0.4260055720806122,4.0,2024-02-14
2024_7740,0.1745664626359939,-0.0742596834897995,0.0076775276102125,7.0,2024-02-14
2024_7744,0.1335149854421615,-0.1493306010961532,0.0854139104485511,7.0,2024-02-14
2024_7745,0.8054601550102234,0.258572518825531,0.5391132235527039,8.0,2024-02-14
2024_7746,0.5464555025100708,0.0820701047778129,0.3867701888084411,6.0,2024-02-14
2024_7748,0.2057416439056396,-0.1780610382556915,-0.0556586161255836,7.0,2024-02-14
2024_7750,0.3155986368656158,-0.2854367792606354,-0.1641178429126739,8.0,2024-02-14
2024_7751,0.5835866332054138,0.0296442601829767,0.3617021441459656,7.0,2024-02-14
2024_7752,0.0506040230393409,-0.0170453619211912,0.0587668120861053,2.0,2024-02-14
2024_7753,0.6324951648712158,0.1912928819656372,0.420928418636322,5.0,2024-02-14
2024_7754,0.5583133101463318,0.1462009400129318,0.3534253239631653,8.0,2024-02-14
2024_7756,0.1789492070674896,-0.216421976685524,0.009583625011146,6.0,2024-02-14
2024_7757,0.7570977807044983,0.2297825515270233,0.5090998411178589,3.0,2024-02-14
2024_7758,0.6641989946365356,0.1701020002365112,0.4388120770454407,7.0,2024-02-14
2024_7762,0.7133260369300842,0.1062070801854133,0.3703609704971313,4.0,2024-02-14
2024_7763,0.2866578698158264,0.0606103688478469,0.1239470615983009,5.0,2024-02-14
2024_7764,0.7369348406791687,0.1810561567544937,0.4348268806934356,5.0,2024-02-14
2024_7768,0.8654012084007263,0.2298682183027267,0.5642639398574829,7.0,2024-02-14
2024_7769,0.1128144487738609,0.0800017789006233,0.1888219565153122,4.0,2024-02-14
2024_7770,0.524765133857727,-0.1341631412506103,0.0728519111871719,4.0,2024-02-14
2024_7771,0.7525773048400879,0.1990740895271301,0.4763092398643493,5.0,2024-02-14
2024_7772,0.8051331043243408,0.2594439685344696,0.5823853611946106,8.0,2024-02-14
2024_7773,0.6459914445877075,0.2058497965335846,0.4440154135227203,4.0,2024-02-14
2024_7776,0.7351431846618652,0.3974346816539764,0.6513689160346985,6.0,2024-02-14
2024_7778,0.6075352430343628,0.1820745021104812,0.4253036379814148,8.0,2024-02-14
2024_7779,0.0262437965720891,0.0472266599535942,0.1017350926995277,6.0,2024-02-14
2024_7786,0.7137609720230103,0.1607701182365417,0.4009598791599273,6.0,2024-02-14
2024_7787,0.4299888908863067,-0.2018987387418747,0.0503409430384635,8.0,2024-02-14
2024_7798,0.5137724280357361,0.2333004176616668,0.4587420523166656,5.0,2024-02-14
2024_7799,0.3969919681549072,0.1024145111441612,0.3987234830856323,2.0,2024-02-14
2024_7804,0.5931963324546814,0.0951327383518219,0.3665653467178345,9.0,2024-02-14
2024_7807,0.778294563293457,0.1785255521535873,0.4795227348804474,1.0,2024-02-14
2024_7809,0.833260178565979,0.3527829051017761,0.6249033808708191,8.0,2024-02-14
2024_7812,0.7759727239608765,0.1796823441982269,0.473869264125824,6.0,2024-02-14
2024_7821,0.3200003206729889,-0.225722074508667,-0.1261624693870544,4.0,2024-02-14
2024_7826,0.55513995885849,0.0934903398156166,0.338112324476242,6.0,2024-02-14
2024_7829,-0.0012359207030385,-0.0199508666992187,0.1019230857491493,8.0,2024-02-14
2024_7833,0.0435512326657772,0.0318702980875968,0.1023157909512519,10.0,2024-02-14
2024_7834,0.3936073184013366,-0.0530561432242393,0.1415240913629531,9.0,2024-02-14
2024_7835,0.0101867690682411,0.001292546512559,0.0909090936183929,9.0,2024-02-14
2024_7841,-0.0359119437634944,-0.0071082948707044,0.0647608339786529,10.0,2024-02-14
2024_7846,0.1411825269460678,0.0534996353089809,0.1600018292665481,10.0,2024-02-14
2024_7848,0.6373728513717651,0.0820650234818458,0.328906387090683,8.0,2024-02-14
2024_7850,0.2015596628189087,0.008366952650249,0.1336089372634887,8.0,2024-02-14
2024_7851,0.1908517181873321,0.049919493496418,0.1491128653287887,7.0,2024-02-14
2024_7853,0.3965781033039093,0.0407774895429611,0.2102236598730087,8.0,2024-02-14
2024_7856,0.1239898279309272,0.0306164659559726,0.1370718479156494,8.0,2024-02-14
2024_7857,0.1423220932483673,-0.1212271228432655,0.0150987040251493,9.0,2024-02-14
2024_7859,-0.0392426736652851,0.0980480387806892,0.1497542858123779,8.0,2024-02-14
2024_7861,0.209840252995491,-0.0102136386558413,0.1490099132061004,8.0,2024-02-14
2024_7863,0.1006693094968795,0.0296727288514375,0.1198864802718162,8.0,2024-02-14
2024_7865,0.1953255385160446,0.112872377038002,0.222189262509346,9.0,2024-02-14
2024_7866,0.4704796969890594,0.0760563164949417,0.2622883021831512,9.0,2024-02-14
2024_7867,-0.0125786159187555,-0.0279850829392671,0.0504420362412929,9.0,2024-02-14
2024_7871,0.5931320786476135,0.0590251013636589,0.2741177976131439,8.0,2024-02-14
2024_7878,0.0613702833652496,-0.0455118231475353,0.0499157980084419,8.0,2024-02-14
2024_7881,0.1904379278421402,-0.0152823477983474,0.0825441926717758,8.0,2024-02-14
2024_7882,0.0065400185994803,-0.0228304248303174,0.0513967089354991,8.0,2024-02-14
2024_7886,0.1034482643008232,-0.0476768836379051,0.0728395283222198,9.0,2024-02-14
2024_7892,0.149053081870079,-0.0703186690807342,0.0352867767214775,8.0,2024-02-14
2024_7893,0.9047619104385376,0.3024911284446716,0.6339285969734192,7.0,2024-02-14
2024_7897,0.7601601481437683,0.4113804697990417,0.6969534158706665,8.0,2024-02-14
2024_7898,0.0255689658224582,-0.124118760228157,-0.0123604964464902,8.0,2024-02-14
2024_7901,0.3567469120025635,0.0873931273818016,0.2278100848197937,8.0,2024-02-14
2024_7902,0.8121196031570435,0.1445171982049942,0.4537208378314972,8.0,2024-02-14
2024_7903,0.2648902833461761,-0.0346889793872833,0.0969850867986679,7.0,2024-02-14
2024_7904,0.8202898502349854,0.1652733087539672,0.4368159174919128,5.0,2024-02-14
2024_7905,0.7756714224815369,0.3631002306938171,0.6238863468170166,7.0,2024-02-14
2024_7907,0.8753774166107178,0.377855896949768,0.6659351587295532,5.0,2024-02-14
2024_7908,0.6694788932800293,0.1649831384420395,0.4057668149471283,7.0,2024-02-14
2024_7911,0.4635416865348816,-0.1680236756801605,0.1118684262037277,9.0,2024-02-14
2024_7912,0.8421921730041504,0.2935251891613006,0.5876379609107971,3.0,2024-02-14
2024_7914,0.7155594825744629,0.2674867808818817,0.5503388047218323,8.0,2024-02-14
2024_7917,0.4630021154880523,0.0316622518002986,0.2862453758716583,9.0,2024-02-14
2024_7919,0.4321243464946747,0.0842266380786895,0.3375262022018432,9.0,2024-02-14
2024_7923,0.4782967865467071,0.071306824684143,0.2555250823497772,8.0,2024-02-14
2024_7924,0.5983899831771851,-0.2107133120298385,0.0842685401439666,8.0,2024-02-14
2024_7927,0.199272483587265,-0.0647586211562156,0.0962220728397369,10.0,2024-02-14
2024_7928,0.2405857890844345,-0.066666655242443,0.0925771370530128,9.0,2024-02-14
2024_7929,0.2619047462940216,0.0061480808071792,0.1773537546396255,9.0,2024-02-14
2024_7932,0.7434961199760437,0.3167701661586761,0.5179124474525452,9.0,2024-02-14
2024_7935,0.2359065264463424,0.1231234595179557,0.2674818634986877,8.0,2024-02-14
2024_7936,0.5139240622520447,0.0509554110467433,0.4070588052272796,7.0,2024-02-14
2024_7938,0.1098204776644706,-0.0101729370653629,0.0877102091908454,9.0,2024-02-14
2024_7940,0.8011472821235657,0.2367244660854339,0.5218155980110168,4.0,2024-02-14
2024_7943,0.4256410300731659,0.0582226887345314,0.2576687335968017,9.0,2024-02-14
2024_7945,0.8369482755661011,0.2696307599544525,0.5952368974685669,4.0,2024-02-14
2024_7946,0.8707185983657837,0.3590551018714905,0.6657779216766357,6.0,2024-02-14
2024_7947,0.3910256624221802,-0.0841978415846824,0.0695970579981803,3.0,2024-02-14
2024_7948,0.0465666726231575,-0.038275733590126,0.0565736852586269,9.0,2024-02-14
2024_7949,0.6974309682846069,0.2642324566841125,0.4562678039073944,8.0,2024-02-14
2024_7953,0.5970824956893921,0.1997892409563064,0.4277861714363098,10.0,2024-02-14
2024_7955,0.5016180872917175,0.1487822383642196,0.3424807786941528,9.0,2024-02-14
2024_7956,0.6580166220664978,-0.0758289992809295,0.2041149139404297,6.0,2024-02-14
2024_7958,0.7372689247131348,0.2904211580753326,0.5326581001281738,10.0,2024-02-14
2024_7959,0.2334581911563873,-0.0876168012619018,0.0483221672475338,9.0,2024-02-14
2024_7961,0.8498498201370239,0.4031890630722046,0.6327013969421387,5.0,2024-02-14
2024_7962,0.6516408324241638,0.2931347489356994,0.5170454382896423,5.0,2024-02-14
2024_7964,,,,,2024-02-14
2024_7965,0.2890625,-0.4237644672393799,-0.123999997973442,9.0,2024-02-14
2024_7970,0.2450613975524902,0.0060157324187457,0.1343584507703781,9.0,2024-02-14
2024_7971,0.8137601017951965,0.3372154235839844,0.5746943950653076,2.0,2024-02-14
2024_7973,0.4703748524188995,0.1902257800102234,0.4548203945159912,3.0,2024-02-14
2024_7974,0.5734273195266724,0.2719228565692901,0.4797663390636444,6.0,2024-02-14
2024_7975,0.8384770154953003,0.3507854640483856,0.6330721974372864,4.0,2024-02-14
2024_7985,0.8146835565567017,0.257102757692337,0.5508437752723694,3.0,2024-02-14
2024_7989,0.4480571150779724,-0.0287941172719001,0.08688785135746,5.0,2024-02-14
2024_7990,0.6881455779075623,0.2219959497451782,0.5025041699409485,3.0,2024-02-14
2024_7993,0.7788251042366028,0.293499618768692,0.5896987318992615,2.0,2024-02-14
2024_8000,0.7590149641036987,0.2823252975940704,0.5278838872909546,1.0,2024-02-14
2024_8003,0.6958831548690796,0.1954158097505569,0.5491241216659546,5.0,2024-02-14
2024_8007,0.5312091112136841,0.0253147669136524,0.2213451117277145,5.0,2024-02-14
2024_8018,0.6720778942108154,0.1235011965036392,0.4015802145004272,9.0,2024-02-14
2024_8020,0.0367935486137867,-0.1379443109035492,-0.0707555562257766,8.0,2024-02-14
2024_8021,-0.0061981100589036,-0.056228581815958,0.02127655595541,8.0,2024-02-14
2024_8022,0.4504980444908142,0.059499517083168,0.2800550460815429,8.0,2024-02-14
2024_8024,0.0217519290745258,0.0327001102268695,0.1120181307196617,7.0,2024-02-14
2024_8031,0.8021978139877319,0.283832311630249,0.613243043422699,7.0,2024-02-14
2024_8033,0.7043900489807129,0.1405835747718811,0.4086814224720001,9.0,2024-02-14
2024_8036,,,,,2024-02-14
2024_8038,0.8017866611480713,0.3804190456867218,0.685473620891571,6.0,2024-02-14
2024_8039,0.5816556811332703,0.1618293821811676,0.3612176179885864,6.0,2024-02-14
2024_8041,0.0487295426428318,-0.0379778891801834,0.026601044461131,8.0,2024-02-14
2024_8042,0.045558001846075,-0.0903771370649337,-0.0468303859233856,8.0,2024-02-14
2024_8043,0.0172744654119014,0.0291262082755565,0.1264612078666687,3.0,2024-02-14
2024_8044,0.590695858001709,0.0562405847012996,0.2769354581832886,6.0,2024-02-14
2024_8046,0.6592074632644653,0.2633440792560577,0.5052163004875183,4.0,2024-02-14
2024_8048,0.4197926223278045,0.1285296380519867,0.3113248646259308,2.0,2024-02-14
2024_8052,0.8204686045646667,0.2233452349901199,0.508089005947113,4.0,2024-02-14
2024_8055,0.8697317838668823,0.2190899848937988,0.5831452012062073,4.0,2024-02-14
2024_8056,0.3518123626708984,-0.2040175795555114,-0.0510949082672596,5.0,2024-02-14
2024_8057,0.7134865522384644,0.2059479355812072,0.455844908952713,4.0,2024-02-14
2024_8059,0.6618766188621521,0.4758374989032745,0.6226142644882202,1.0,2024-02-14
2024_8060,0.4810148775577545,0.1096550598740577,0.4046566188335418,8.0,2024-02-14
2024_8063,0.130086749792099,-0.1031829491257667,0.0836855247616767,7.0,2024-02-14
2024_8065,0.6845380663871765,0.000590042385738343,0.2479902654886245,8.0,2024-02-14
2024_8068,0.615356981754303,0.1007717996835708,0.2473459094762802,8.0,2024-02-14
2024_8075,0.7829849123954773,0.3473565578460693,0.7111673951148987,8.0,2024-02-14
2024_8076,0.6221765875816345,0.1818723976612091,0.4937238693237304,9.0,2024-02-14
2024_8077,0.8463889360427856,0.241223469376564,0.5285741686820984,8.0,2024-02-14
2024_8078,0.8146067261695862,0.1379029899835586,0.5504000186920166,9.0,2024-02-14
2024_8080,0.816213846206665,0.4077470600605011,0.650752604007721,14.0,2024-02-14
2024_8082,0.8456221222877502,0.4195835292339325,0.7198067903518677,9.0,2024-02-14
2024_8083,0.847284734249115,0.4184733927249908,0.7087849378585815,12.0,2024-02-14
2024_8085,0.6541315913200378,0.1564296334981918,0.4721148610115051,10.0,2024-02-14
2024_8086,0.7224169373512268,0.289800614118576,0.5631000995635986,14.0,2024-02-14
2024_8088,0.9006772041320801,0.396737664937973,0.6795212626457214,11.0,2024-02-14
2024_8090,0.8877317309379578,0.2667874693870544,0.6022382378578186,8.0,2024-02-14
2024_8091,0.4634348452091217,0.3270747661590576,0.5059030055999756,11.0,2024-02-14
2024_8093,0.8780231475830078,0.3515482544898987,0.695652186870575,11.0,2024-02-14
2024_8100,0.7955703139305115,0.235565960407257,0.5336245894432068,6.0,2024-02-14
2024_8101,0.7213528752326965,0.2745666801929474,0.3628025352954864,10.0,2024-02-14
2024_8102,0.8410712480545044,0.346165657043457,0.6467571258544922,8.0,2024-02-14
2024_8104,0.5377060770988464,-0.1691124439239502,0.0665746629238128,20.0,2024-02-14
2024_8109,0.2846730351448059,-0.111439399421215,0.0740400180220604,4.0,2024-02-14
2024_8110,0.7493914365768433,0.3105335235595703,0.5089808702468872,6.0,2024-02-14
2024_8114,0.8156542778015137,0.3354005217552185,0.6997033357620239,10.0,2024-02-14
2024_8126,0.4128317534923553,-0.0058316346257925,0.1289861053228378,12.0,2024-02-14
2024_8127,0.1515743285417556,-0.2488766014575958,-0.1578269898891449,14.0,2024-02-14
2024_8128,0.7465010285377502,0.0337456427514553,0.33892622590065,12.0,2024-02-14
2024_8131,0.7397104501724243,0.330470860004425,0.5640515089035034,12.0,2024-02-14
2024_8132,0.8335340619087219,0.2125155925750732,0.5546556115150452,14.0,2024-02-14
2024_8141,0.5124374628067017,0.2339400202035904,0.5146116018295288,12.0,2024-02-14
2024_8155,0.5771151781082153,0.0393260344862937,0.3000998198986053,14.0,2024-02-14
2024_8157,0.7693651914596558,0.1882121711969375,0.4560151994228363,13.0,2024-02-14
2024_8161,0.3620153367519378,-0.046668455004692,0.1703002750873565,8.0,2024-02-14
2024_8162,0.5230934619903564,0.0200364328920841,0.2394865006208419,7.0,2024-02-14
2024_8164,0.5293072462081909,-0.001919395988807,0.1563981026411056,7.0,2024-02-14
2024_8167,0.652255654335022,0.0887787416577339,0.3627906739711761,5.0,2024-02-14
2024_8168,0.0153677342459559,0.0512249283492565,0.122561864554882,7.0,2024-02-14
2024_8169,0.4796553552150726,0.0490584447979927,0.2191932648420334,6.0,2024-02-14
2024_8170,0.7635614275932312,0.2774808704853058,0.5227208733558655,8.0,2024-02-14
2024_8173,0.8250362277030945,0.2976897954940796,0.5852225422859192,5.0,2024-02-14
2024_8180,0.8922260403633118,0.2905919849872589,0.6612123847007751,8.0,2024-02-14
2024_8181,0.7055476307868958,0.1510066986083984,0.398579329252243,7.0,2024-02-14
2024_8183,0.6314018368721008,0.0651003494858741,0.2995830774307251,7.0,2024-02-14
2024_8184,0.5944540500640869,-0.0224063005298376,0.1569301486015319,9.0,2024-02-14
2024_8185,-0.0564581304788589,-0.1013289541006088,-0.0647651106119155,4.0,2024-02-14
2024_8190,0.674325704574585,0.1191709861159324,0.3816982805728912,7.0,2024-02-14
2024_8191,0.6184548735618591,0.1234739422798156,0.35088711977005,6.0,2024-02-14
2024_8194,0.6275334358215332,0.2108746320009231,0.4276588857173919,6.0,2024-02-14
2024_8198,0.8934270739555359,0.3945537805557251,0.6827653646469116,7.0,2024-02-14
2024_8199,0.579500675201416,0.0413510054349899,0.2772245407104492,5.0,2024-02-14
2024_8203,0.2861365675926208,0.1414830535650253,0.2928488850593567,4.0,2024-02-14
2024_8206,0.3532338440418243,0.1232262775301933,0.3171270787715912,5.0,2024-02-14
2024_8207,0.6202903985977173,0.0637484118342399,0.340007871389389,6.0,2024-02-14
2024_8210,0.8066985607147217,-0.0405471362173557,0.2605904936790466,3.0,2024-02-14
2024_8211,0.4091688394546509,0.147737056016922,0.3876967430114746,4.0,2024-02-14
2024_8213,0.6700819730758667,0.2509244382381439,0.5208770632743835,3.0,2024-02-14
2024_8214,0.3346253931522369,0.0523860938847065,0.1981537193059921,4.0,2024-02-14
2024_8215,0.4752619862556457,0.1553112119436264,0.3412034511566162,6.0,2024-02-14
2024_8216,0.1184383779764175,-0.1204050406813621,-0.0206791348755359,4.0,2024-02-14
2024_8217,0.6945493221282959,0.1915045827627182,0.4452225267887115,6.0,2024-02-14
2024_8220,0.6486860513687134,0.3243801593780517,0.6660168766975403,3.0,2024-02-14
2024_8221,0.7329518795013428,0.2570588588714599,0.6026386618614197,2.0,2024-02-14
2024_8224,0.8929361701011658,0.3097538650035858,0.6287844181060791,2.0,2024-02-14
2024_8226,0.6253776550292969,0.2912658452987671,0.544867217540741,3.0,2024-02-14
2024_8228,0.7596566677093506,0.3898305296897888,0.7154499292373657,5.0,2024-02-14
2024_8234,0.7959339022636414,0.3046348094940185,0.6000052690505981,4.0,2024-02-14
2024_8235,0.2329240590333938,0.1831026077270507,0.3909746408462524,6.0,2024-02-14
2024_8236,0.536965012550354,0.1177285462617874,0.3338842988014221,3.0,2024-02-14
2024_8237,0.2383900880813598,0.2254902124404907,0.5146198868751526,7.0,2024-02-14
2024_8238,0.214048221707344,-0.05438032746315,0.1534552127122879,6.0,2024-02-14
2024_8239,0.6797313094139099,0.2605190873146057,0.5433049201965332,6.0,2024-02-14
2024_8240,0.6596736311912537,0.2834791839122772,0.5244094729423523,3.0,2024-02-14
2024_8253,0.6292775869369507,0.2699551582336426,0.5133386850357056,5.0,2024-02-14
2024_8256,0.6198347210884094,0.1634349077939987,0.3874469101428985,3.0,2024-02-14
2024_8260,0.7351998686790466,0.1420311480760574,0.4323931038379669,4.0,2024-02-14
2024_8261,0.2906076908111572,-0.0061427461914718,0.0973681584000587,4.0,2024-02-14
2024_8262,0.3850238919258117,-0.0025804874021559,0.1821862310171127,7.0,2024-02-14
2024_8265,0.7721530795097351,0.2873928546905517,0.5721973776817322,2.0,2024-02-14
2024_8267,0.7861751317977905,0.2074659019708633,0.447504311800003,5.0,2024-02-14
2024_8270,0.633093535900116,0.1179941073060035,0.3471416532993316,7.0,2024-02-14
2024_8272,0.3675344586372375,0.0389476306736469,0.1931279599666595,3.0,2024-02-14
2024_8275,0.7510170936584473,0.0207735002040863,0.3016660511493683,3.0,2024-02-14
2024_8276,0.4608089327812195,0.0817897692322731,0.2593186199665069,4.0,2024-02-14
2024_8278,0.6776264309883118,0.0931255221366882,0.4800843894481659,4.0,2024-02-14
2024_8279,0.8397790789604187,0.2856022119522095,0.6752094626426697,2.0,2024-02-14
2024_8281,0.5069257616996765,0.079406127333641,0.2272040247917175,2.0,2024-02-14
2024_8285,0.7574316263198853,0.1795301884412765,0.5359164476394653,5.0,2024-02-14
2024_8286,0.5850773453712463,0.0235460959374904,0.2685115933418274,9.0,2024-02-14
2024_8287,0.7442165017127991,0.2879935503005981,0.5316846966743469,3.0,2024-02-14
2024_8293,0.6154910326004028,0.1845841854810714,0.4477563202381134,7.0,2024-02-14
2024_8297,0.3221129179000854,-0.023052841424942,0.186898723244667,4.0,2024-02-14
2024_8299,0.6710718870162964,0.3017130196094513,0.481035828590393,4.0,2024-02-14
2024_8301,0.8401162624359131,0.3095422685146332,0.6025316119194031,7.0,2024-02-14
2024_8302,0.6926320195198059,0.1151300743222236,0.3432449698448181,6.0,2024-02-14
2024_8304,0.7384026050567627,0.2049396485090255,0.4395205676555633,6.0,2024-02-14
2024_8307,0.8539919257164001,0.3663003742694855,0.6467991471290588,3.0,2024-02-14
2024_8312,0.5,-0.3033418953418731,-0.1320754587650299,11.0,2024-02-14
2024_8314,0.4527421295642853,0.194272369146347,0.3991387784481048,35.0,2024-02-14
2024_7,0.8538922667503357,0.3241278231143951,0.6326938271522522,16.0,2024-04-04
2024_10,0.6804360747337341,0.1412348449230194,0.3772782981395721,18.0,2024-04-04
2024_11,0.8705828785896301,0.296006828546524,0.5991008281707764,16.0,2024-04-04
2024_12,0.872203528881073,0.299111932516098,0.6047548055648804,16.0,2024-04-04
2024_54,0.6285105347633362,0.1679979413747787,0.4435107111930847,36.0,2024-04-04
2024_55,0.7366964817047119,0.3362650871276855,0.6295884251594543,35.0,2024-04-04
2024_169,0.501717209815979,0.0513268746435642,0.267974704504013,16.0,2024-04-04
2024_170,0.5644067525863647,0.1789208054542541,0.3550961315631866,7.0,2024-04-04
2024_173,0.7786517143249512,0.2693686485290527,0.5017329454421997,10.0,2024-04-04
2024_179,0.5297561287879944,0.0533405430614948,0.2607868611812591,16.0,2024-04-04
2024_196,0.8295047283172607,0.2417560964822769,0.5553913712501526,16.0,2024-04-04
2024_198,0.7024973034858704,0.2309421598911285,0.4834250807762146,21.0,2024-04-04
2024_248,0.7212520837783813,0.1213994324207305,0.38721364736557,24.0,2024-04-04
2024_249,0.7840796113014221,0.2150349020957946,0.5152596235275269,26.0,2024-04-04
2024_709,0.3864343464374542,-0.091353990137577,0.120267242193222,3.0,2024-04-04
2024_719,0.8452305793762207,0.2650606334209442,0.5013028979301453,8.0,2024-04-04
2024_778,0.8573595285415649,0.2667119204998016,0.5780664682388306,14.0,2024-04-04
2024_793,0.7468805909156799,0.2884615361690521,0.5263407826423645,11.0,2024-04-04
2024_859,0.5543071031570435,0.1808772832155227,0.4076900482177734,15.0,2024-04-04
2024_862,0.7893570065498352,0.3727408051490783,0.5647115707397461,7.0,2024-04-04
2024_880,0.6196630597114563,0.0277218241244554,0.2650502324104309,12.0,2024-04-04
2024_907,0.6417466998100281,0.1797204464673996,0.4368056952953338,14.0,2024-04-04
2024_5229,0.7262332439422607,0.1871911585330963,0.4604652822017669,16.0,2024-04-14
2024_0,0.691223680973053,0.0850845351815223,0.3296081125736236,14.0,2024-04-29
2024_114,0.6006702184677124,0.1280798316001892,0.358176052570343,7.0,2024-04-29
2024_130,0.765411913394928,0.3167378902435303,0.587986171245575,11.0,2024-04-29
2024_135,0.7270236015319824,0.159571960568428,0.4155409932136535,6.0,2024-04-29
2024_148,0.800696849822998,0.292751133441925,0.5803313255310059,7.0,2024-04-29
2024_149,0.4138336479663849,0.0761830955743789,0.2398111671209335,10.0,2024-04-29
2024_158,0.7160499691963196,0.2152015119791031,0.488835722208023,28.0,2024-04-29
2024_162,0.6812540888786316,0.1861515194177627,0.4427830278873443,9.0,2024-04-29
2024_200,0.6495187282562256,0.2030985355377197,0.430215835571289,1.0,2024-04-29
2024_241,0.8693071007728577,0.1133330985903739,0.4291795194149017,20.0,2024-04-29
2024_638,0.416382223367691,-0.016426583752036,0.1773049533367157,3.0,2024-04-29
2024_730,0.7083511352539062,0.165483757853508,0.4543299674987793,10.0,2024-04-29
2024_734,0.5388756394386292,0.082673005759716,0.3198789656162262,10.0,2024-04-29
2024_766,0.842721700668335,0.3687411248683929,0.6688086986541748,3.0,2024-04-29
2024_786,0.695749819278717,0.2416036278009414,0.5340539216995239,12.0,2024-04-29
2024_827,0.8090090155601501,0.2379266768693924,0.5271366238594055,5.0,2024-04-29
2024_836,0.7998528480529785,0.3476742506027221,0.5870654582977295,9.0,2024-04-29
2024_847,0.7845357656478882,0.2154880613088607,0.4738791584968567,18.0,2024-04-29
2024_851,0.6847754120826721,0.2171528935432434,0.4433104395866394,22.0,2024-04-29
2024_863,0.0779798477888107,-0.027526244521141,0.0880230963230133,10.0,2024-04-29
2024_864,0.7096385359764099,0.161127507686615,0.4110781252384186,12.0,2024-04-29
2024_888,0.0356268435716629,0.0277850497514009,0.1174077466130256,18.0,2024-04-29
2024_890,0.0527102537453174,0.0256943982094526,0.1284513920545578,20.0,2024-04-29
2024_990,0.0902637019753456,-0.1581649035215377,-0.1778690218925476,5.0,2024-04-29
2024_1020,0.6392785310745239,0.0212218835949897,0.2952691912651062,9.0,2024-04-29
2024_1053,0.6222927570343018,0.1766431778669357,0.4072542190551758,10.0,2024-04-29
2024_1054,0.6222927570343018,0.1766431778669357,0.4072542190551758,10.0,2024-04-29
2024_3596,0.7741230130195618,0.1132540330290794,0.4483254849910736,8.0,2024-04-29
2024_3597,0.7755348086357117,0.3376785218715668,0.5920668244361877,8.0,2024-04-29
2024_3598,0.7100124359130859,0.2499240785837173,0.5155183672904968,7.0,2024-04-29
2024_3599,0.7242339849472046,0.1181648448109626,0.3908427357673645,7.0,2024-04-29
2024_3601,0.8528167009353638,0.28049236536026,0.6084805727005005,11.0,2024-04-29
2024_3602,0.5282158851623535,0.1530542373657226,0.3736993670463562,6.0,2024-04-29
2024_3605,0.77845299243927,0.257519006729126,0.5589185953140259,4.0,2024-04-29
2024_3610,0.5918880105018616,0.0743581876158714,0.3549645543098449,6.0,2024-04-29
2024_3611,0.7656668424606323,0.2451254725456237,0.5374005436897278,6.0,2024-04-29
2024_3612,0.741623044013977,0.2110842019319534,0.5098636150360107,6.0,2024-04-29
2024_3613,0.5692077875137329,0.121121272444725,0.3549390137195587,6.0,2024-04-29
2024_3615,0.5280255675315857,0.1191598922014236,0.3335157036781311,6.0,2024-04-29
2024_3617,0.7193463444709778,0.2330240607261657,0.5250133872032166,4.0,2024-04-29
2024_3618,0.8236193656921387,0.2640027701854706,0.5636783838272095,12.0,2024-04-29
2024_3619,0.8059572577476501,0.2935317158699035,0.5936071276664734,8.0,2024-04-29
2024_3623,0.7660782337188721,0.3087100982666015,0.5925008058547974,4.0,2024-04-29
2024_3624,0.8204488754272461,0.3045575320720672,0.568206250667572,5.0,2024-04-29
2024_3625,0.6953455805778503,0.0725593566894531,0.3692631423473358,5.0,2024-04-29
2024_3626,0.819963276386261,0.1586077958345413,0.4889779388904571,3.0,2024-04-29
2024_3627,0.8565346002578735,0.3229049146175384,0.6280306577682495,2.0,2024-04-29
2024_3628,0.812253475189209,0.2374197989702224,0.5339033603668213,6.0,2024-04-29
2024_3629,0.7245894074440002,0.3352044522762298,0.5963056683540344,2.0,2024-04-29
2024_3630,0.4662068784236908,0.26209557056427,0.4566632211208343,3.0,2024-04-29
2024_3631,0.6058428287506104,0.2093192785978317,0.4428766667842865,2.0,2024-04-29
2024_3632,0.7113208174705505,0.3298862278461456,0.6250818967819214,2.0,2024-04-29
2024_3633,0.8503106236457825,0.3391251266002655,0.6331616044044495,2.0,2024-04-29
2024_3634,0.6134655475616455,0.2540805637836456,0.4905580878257751,2.0,2024-04-29
2024_3635,0.5495798587799072,0.2731377184391022,0.4474097490310669,3.0,2024-04-29
2024_3636,0.6248267889022827,0.3348844945430755,0.51995849609375,5.0,2024-04-29
2024_3637,0.7370942234992981,0.3625345528125763,0.6116700172424316,5.0,2024-04-29
2024_3638,0.577852725982666,0.2714039087295532,0.5190597772598267,6.0,2024-04-29
2024_3639,0.578739583492279,0.2415183335542678,0.4587446451187134,2.0,2024-04-29
2024_3640,0.8633282780647278,0.3339996933937073,0.6345364451408386,2.0,2024-04-29
2024_3641,0.8470086455345154,0.2641848623752594,0.5687358975410461,2.0,2024-04-29
2024_3642,0.8136020302772522,0.2585212588310241,0.569311261177063,3.0,2024-04-29
2024_3643,0.8102051019668579,0.3885173201560974,0.6652457118034363,2.0,2024-04-29
2024_3644,0.8564755320549011,0.2812322080135345,0.580964207649231,2.0,2024-04-29
2024_3645,0.8352763652801514,0.2605035901069641,0.5527788400650024,2.0,2024-04-29
2024_3646,0.8092973232269287,0.309850811958313,0.6124672889709473,2.0,2024-04-29
2024_3647,0.8046581745147705,0.2298739105463028,0.5615763664245605,3.0,2024-04-29
2024_3648,0.7958208322525024,0.2566778361797333,0.5624386072158813,2.0,2024-04-29
2024_3649,0.8732231855392456,0.309178739786148,0.6162499785423279,3.0,2024-04-29
2024_3650,0.7041977047920227,0.2414253652095794,0.4935483336448669,4.0,2024-04-29
2024_3651,0.8461538553237915,0.2614740133285522,0.5748929977416992,3.0,2024-04-29
2024_3652,0.6036348342895508,0.1736178994178772,0.4347313344478607,4.0,2024-04-29
2024_3653,0.7654075622558594,0.309997022151947,0.5623487830162048,5.0,2024-04-29
2024_3654,0.7560975551605225,0.2713597118854522,0.5510404109954834,5.0,2024-04-29
2024_3655,0.7668038010597229,0.2601072192192077,0.5101685523986816,4.0,2024-04-29
2024_3656,0.5724503397941589,0.207575187087059,0.45893394947052,5.0,2024-04-29
2024_3657,0.751559853553772,0.3067394495010376,0.588477373123169,5.0,2024-04-29
2024_3659,0.7732871770858765,0.2840856909751892,0.5587773323059082,4.0,2024-04-29
2024_3660,0.5183541774749756,0.2117416709661483,0.4115501344203949,3.0,2024-04-29
2024_3661,0.839455783367157,0.2987512052059173,0.6011369228363037,1.0,2024-04-29
2024_3662,0.8728845715522766,0.2955254912376404,0.6226783990859985,1.0,2024-04-29
2024_3666,0.3853728771209717,0.1231422275304794,0.2626233994960785,4.0,2024-04-29
2024_3667,0.5420186519622803,0.175798013806343,0.4062678217887878,3.0,2024-04-29
2024_3669,0.7905237078666687,-0.2204125821590423,0.2036881893873214,1.0,2024-04-29
2024_3670,0.800000011920929,0.2434210628271103,0.5361393690109253,1.0,2024-04-29
2024_3671,0.776660680770874,0.2554634511470794,0.5418787598609924,3.0,2024-04-29
2024_3672,0.525201141834259,-0.0439235121011734,0.1562416553497314,2.0,2024-04-29
2024_3673,0.7838224768638611,0.2215686291456222,0.5007528066635132,3.0,2024-04-29
2024_3674,0.7155484557151794,0.2682620286941528,0.5274353623390198,4.0,2024-04-29
2024_3675,0.1908397078514099,0.1172386407852172,0.2693261206150055,5.0,2024-04-29
2024_3678,0.7753800749778748,0.2748230695724487,0.5368286967277527,3.0,2024-04-29
2024_3680,0.7554945349693298,0.2183031588792801,0.5472155213356018,1.0,2024-04-29
2024_3681,0.375394344329834,0.1022029817104339,0.2351274937391281,3.0,2024-04-29
2024_3682,0.8204426765441895,0.261416494846344,0.5193026065826416,1.0,2024-04-29
2024_3683,0.5184966325759888,0.120149441063404,0.3754525482654571,4.0,2024-04-29
2024_3684,0.6661441922187805,0.1674452275037765,0.4560259580612182,4.0,2024-04-29
2024_3685,0.7709912061691284,0.2917549908161163,0.5989258289337158,4.0,2024-04-29
2024_3686,0.4228584468364715,0.2316753268241882,0.4286831617355346,2.0,2024-04-29
2024_3687,0.5322715640068054,0.2544175684452057,0.4837662279605865,3.0,2024-04-29
2024_3690,0.6806332468986511,0.2333045601844787,0.5159496665000916,4.0,2024-04-29
2024_3691,0.5772609710693359,0.2156940996646881,0.4990176856517792,3.0,2024-04-29
2024_3692,0.8188194036483765,0.340512603521347,0.6353126764297485,1.0,2024-04-29
2024_3693,0.6653128266334534,0.2145635932683944,0.4766333103179931,4.0,2024-04-29
2024_3694,0.723823606967926,0.2592264413833618,0.5294603705406189,2.0,2024-04-29
2024_3695,0.7399056553840637,0.3031694591045379,0.5702868700027466,2.0,2024-04-29
2024_3696,0.4397810399532318,0.1909434050321579,0.3668254613876343,3.0,2024-04-29
2024_3697,0.6500014662742615,0.2395027726888656,0.4948327243328094,4.0,2024-04-29
2024_3698,0.5341849327087402,0.1963043957948684,0.4314390122890472,4.0,2024-04-29
2024_3699,0.5787462592124939,0.1987558603286743,0.4562413394451141,4.0,2024-04-29
2024_3700,0.3890746831893921,0.219200775027275,0.4513686597347259,5.0,2024-04-29
2024_3701,0.3745053112506866,0.1373824030160904,0.3222695291042328,4.0,2024-04-29
2024_3702,0.3107692003250122,0.1825121194124221,0.3944353461265564,3.0,2024-04-29
2024_3703,0.5267393589019775,0.2737837135791778,0.482329249382019,4.0,2024-04-29
2024_3706,0.7894334197044373,0.2766617834568023,0.5720751881599426,4.0,2024-04-29
2024_3707,0.8093219995498657,0.2243727296590805,0.5382767915725708,3.0,2024-04-29
2024_3708,0.8864656090736389,0.3631130158901214,0.6516761779785156,2.0,2024-04-29
2024_3709,0.6785017251968384,0.2423920631408691,0.5415957570075989,4.0,2024-04-29
2024_3711,0.6852388381958008,0.1521835029125213,0.4649830162525177,2.0,2024-04-29
2024_3712,0.784193754196167,0.2712028920650482,0.5524895191192627,2.0,2024-04-29
2024_3713,0.8015398383140564,0.2676192224025726,0.5728170871734619,2.0,2024-04-29
2024_3715,0.422664612531662,0.0926198214292526,0.2938718795776367,3.0,2024-04-29
2024_3716,0.321524828672409,0.0387409180402755,0.2613009810447693,3.0,2024-04-29
2024_3717,0.8062893152236938,0.23050557076931,0.491990864276886,3.0,2024-04-29
2024_3718,0.8040816187858582,0.0120817990973591,0.2294853925704956,3.0,2024-04-29
2024_3719,0.824469804763794,0.2977488934993744,0.5968018174171448,3.0,2024-04-29
2024_3720,0.688662052154541,0.1774949580430984,0.4579792320728302,3.0,2024-04-29
2024_3721,0.8178123831748962,0.2343067675828933,0.4990226328372955,3.0,2024-04-29
2024_3722,0.8367952704429626,0.2845095694065094,0.5953608155250549,3.0,2024-04-29
2024_3723,0.5912263989448547,0.0803490281105041,0.2380067706108093,4.0,2024-04-29
2024_3724,0.8281296491622925,0.3007239103317261,0.5902741551399231,3.0,2024-04-29
2024_3725,0.5602755546569824,0.0524685606360435,0.2594995498657226,1.0,2024-04-29
2024_3726,0.7730158567428589,0.1302491277456283,0.366823673248291,3.0,2024-04-29
2024_3727,0.8550724387168884,0.3157690763473511,0.615988552570343,3.0,2024-04-29
2024_5256,0.632674515247345,0.2287320643663406,0.4984517097473144,18.0,2024-04-29
2024_5257,0.7082533240318298,0.2319391816854477,0.5015773177146912,21.0,2024-04-29
2024_5258,0.7080098986625671,0.1798804849386215,0.3855140507221222,10.0,2024-04-29
2024_5259,0.729911208152771,-0.0880180597305297,0.2471074610948562,18.0,2024-04-29
2024_4330,0.8903570175170898,0.2354782223701477,0.5421570539474487,14.0,2024-05-04
2024_4331,0.7694826126098633,0.0617209486663341,0.3077381551265716,14.0,2024-05-04
2024_4336,0.843120813369751,0.3324481546878814,0.624804675579071,18.0,2024-05-04
2024_4351,0.4893032610416412,0.0190580915659666,0.2585814893245697,18.0,2024-05-04
2024_5219,0.8444763422012329,0.2410957962274551,0.5343002676963806,18.0,2024-05-04
2024_5501,0.8108537793159485,0.2698463499546051,0.5414227843284607,6.0,2024-06-23
2024_7206,0.643426775932312,0.214241549372673,0.503329873085022,4.0,2024-07-01
2024_7207,0.7111716866493225,0.2795808315277099,0.5798742175102234,3.0,2024-07-01
2024_7208,0.7238282561302185,0.0784503296017646,0.4103351235389709,8.0,2024-07-01
2024_7221,0.6513242721557617,0.0893191546201706,0.39576256275177,8.0,2024-07-01
2024_7222,0.7851553559303284,0.2647702097892761,0.550147294998169,10.0,2024-07-01
2024_7223,0.7840452194213867,0.2604051232337951,0.5375704765319824,6.0,2024-07-01
2024_7225,0.8005910515785217,0.2191592901945114,0.5271306037902832,4.0,2024-07-01
2024_7232,0.5166637897491455,0.1073057875037193,0.3299457132816314,2.0,2024-07-01
2024_7233,0.3532510995864868,0.1502515375614166,0.3096664547920227,12.0,2024-07-01
2024_3736,0.8030554056167603,0.1895084977149963,0.5088332295417786,8.0,2024-07-03
2024_3764,0.5358469486236572,0.1207012757658958,0.2708226144313812,12.0,2024-07-03
2024_3770,0.7621947526931763,0.2115309536457061,0.5207734107971191,6.0,2024-07-03
2024_3960,0.6167932152748108,0.1815653592348098,0.4304394125938415,9.0,2024-07-03
2024_3962,0.6754915714263916,0.2037529051303863,0.453124850988388,12.0,2024-07-03
2024_3963,0.6461747884750366,0.2071245908737182,0.4813953638076782,10.0,2024-07-03
2024_4380,0.7351561188697815,0.1270277649164199,0.4333039820194244,2.0,2024-07-03
2024_4381,0.6232403516769409,0.2536753714084625,0.4692270755767822,4.0,2024-07-03
2024_4382,0.5682684183120728,0.2446698546409607,0.4756606817245483,12.0,2024-07-03
2024_4383,0.6941150426864624,0.1582720130681991,0.4764733016490936,6.0,2024-07-03
2024_4384,0.5963091254234314,0.1779215037822723,0.4333821535110473,13.0,2024-07-03
2024_4385,0.5746583342552185,0.0147013384848833,0.2091549187898636,10.0,2024-07-03
2024_4386,0.8015340566635132,0.3650350868701935,0.6154755353927612,12.0,2024-07-03
2024_4387,0.5449022650718689,-0.0078262202441692,0.2667552530765533,12.0,2024-07-03
2024_4389,0.6848921179771423,0.254297137260437,0.5396760702133179,8.0,2024-07-03
2024_4495,0.7747849225997925,0.3152494430541992,0.6077598929405212,18.0,2024-07-03
2024_4499,0.7430869340896606,0.2294656038284301,0.4810901284217834,12.0,2024-07-03
2024_5244,0.5375887751579285,0.1975953429937362,0.4569890797138214,10.0,2024-07-03
2024_5251,0.1231393069028854,-0.0907166674733161,0.027808716520667,12.0,2024-07-03
2024_5254,0.6292004585266113,0.0675778165459632,0.3426438868045807,11.0,2024-07-03
2024_5330,0.6728132367134094,0.0990978181362152,0.3832193911075592,4.0,2024-07-03
2024_5332,0.462431937456131,0.0158110242336988,0.2664421498775482,6.0,2024-07-03
2024_5333,0.6861605644226074,0.2255727499723434,0.4574382901191711,10.0,2024-07-03
2024_5389,0.9089030027389526,0.3582637906074524,0.6579878330230713,4.0,2024-07-03
2024_7203,0.6383666396141052,0.1965105384588241,0.4504907131195068,6.0,2024-07-03
2024_4305,,,,,2024-07-08
2024_4317,0.6786417961120605,0.1554954200983047,0.41116464138031,8.0,2024-07-08
2024_4335,0.8185824155807495,0.3062726259231567,0.5930371880531311,8.0,2024-07-08
2024_4356,0.4639388024806976,0.0839162096381187,0.2920519411563873,12.0,2024-07-08
2024_4373,0.4279671013355255,0.006442233454436,0.2041177898645401,8.0,2024-07-08
2024_4374,0.841373085975647,0.2940855622291565,0.6146913766860962,9.0,2024-07-08
2024_4398,0.7626181840896606,0.2473230510950088,0.4860767722129822,10.0,2024-07-08
2024_4400,0.7453700304031372,0.2747774422168731,0.5569618940353394,16.0,2024-07-08
2024_4504,0.8418154716491699,0.2839768230915069,0.5937629342079163,4.0,2024-07-08
2024_5202,0.7928775548934937,0.2712326943874359,0.578123927116394,6.0,2024-07-08
2024_5203,0.7974693179130554,0.2322358191013336,0.5255263447761536,6.0,2024-07-08
2024_5204,0.7076464295387268,0.1566689610481262,0.401530385017395,6.0,2024-07-08
2024_5205,0.8043039441108704,0.2713371217250824,0.5472502708435059,8.0,2024-07-08
2024_5206,0.8128092885017395,0.2899371087551117,0.5482824444770813,6.0,2024-07-08
2024_5208,0.7820450663566589,0.2957366704940796,0.5857216119766235,8.0,2024-07-08
2024_5211,0.8685128092765808,0.3069147169589996,0.5470537543296814,8.0,2024-07-08
2024_5214,0.8682058453559875,0.3176614344120025,0.6196783185005188,9.0,2024-07-08
2024_5215,0.6945508718490601,0.1154898181557655,0.3455987274646759,10.0,2024-07-08
2024_5216,0.8274765610694885,0.2711014151573181,0.5496893525123596,12.0,2024-07-08
2024_5217,0.8330532908439636,0.2749003171920776,0.5493726134300232,12.0,2024-07-08
2024_5218,0.5312507748603821,0.06833466142416,0.2755676209926605,10.0,2024-07-08
2024_5224,0.8057522177696228,0.2631228566169739,0.5548665523529053,12.0,2024-07-08
2024_5226,0.5,0.1466922312974929,0.3830656409263611,9.0,2024-07-08
2024_5227,0.5499818325042725,0.0783863440155983,0.3205326795578003,7.0,2024-07-08
2024_5228,0.5242802500724792,0.162937119603157,0.3768937885761261,8.0,2024-07-08
2024_5234,0.7661772966384888,0.2201091796159744,0.4914424419403076,12.0,2024-07-08
2024_5238,0.8388379812240601,0.3135454356670379,0.6160396337509155,8.0,2024-07-08
2024_5241,0.6273641586303711,0.1766569912433624,0.4323368668556213,7.0,2024-07-08
2024_5492,0.7496082186698914,0.2474375069141388,0.51865154504776,18.0,2024-07-08
2024_3,0.8000908493995667,0.3335078060626983,0.6417036056518555,10.0,2024-07-18
2024_13,0.552158772945404,0.1734975576400756,0.3074264228343963,2.0,2024-07-18
2024_15,0.8555798530578613,0.3212838768959045,0.6268017292022705,3.0,2024-07-18
2024_19,0.7403945922851562,0.1545818001031875,0.4451390504837036,7.0,2024-07-18
2024_24,0.8552747964859009,0.2580635845661163,0.565629243850708,10.0,2024-07-18
2024_32,0.8807286620140076,0.2707812488079071,0.5834702253341675,8.0,2024-07-18
2024_34,0.6562984585762024,0.201250672340393,0.4252990782260895,8.0,2024-07-18
2024_36,0.7663186192512512,0.1899073421955108,0.4982109069824219,4.0,2024-07-18
2024_39,0.8214501738548279,0.2378640323877334,0.5414082407951355,2.0,2024-07-18
2024_43,0.8275862336158752,0.2867981791496277,0.6006039977073669,5.0,2024-07-18
2024_49,0.799346923828125,0.2254533320665359,0.5003536343574524,4.0,2024-07-18
2024_50,0.8315467238426208,0.2500908076763153,0.5629920959472656,21.0,2024-07-18
2024_58,0.9141507148742676,0.3348798751831054,0.6393402814865112,8.0,2024-07-18
2024_61,0.8227894902229309,0.260422796010971,0.5620101690292358,8.0,2024-07-18
2024_63,0.8103107810020447,0.2801229655742645,0.5809266567230225,6.0,2024-07-18
2024_67,0.8585150241851807,0.3163729906082153,0.5872591137886047,8.0,2024-07-18
2024_72,0.8274566531181335,0.2645579874515533,0.5796021819114685,10.0,2024-07-18
2024_74,0.8621197938919067,0.317199558019638,0.5831418633460999,4.0,2024-07-18
2024_77,0.8433573246002197,0.2763637602329254,0.5477976202964783,10.0,2024-07-18
2024_78,0.8268696665763855,0.2783651351928711,0.5760242938995361,6.0,2024-07-18
2024_120,0.7310089468955994,0.2458379715681076,0.5441190004348755,6.0,2024-07-18
2024_127,0.8432326316833496,0.203507199883461,0.5257208943367004,8.0,2024-07-18
2024_128,0.6129167079925537,0.1548237204551696,0.4076918959617615,8.0,2024-07-18
2024_132,0.8680117726325989,0.3099484145641327,0.6250268220901489,3.0,2024-07-18
2024_165,0.7975280284881592,0.195405974984169,0.4697683453559875,4.0,2024-07-18
2024_177,0.5383598208427429,0.174209326505661,0.4756258130073547,5.0,2024-07-18
2024_187,0.626844048500061,0.146249771118164,0.370739609003067,9.0,2024-07-18
2024_192,0.3409954905509949,0.1377044767141342,0.2364091873168945,2.0,2024-07-18
2024_197,0.8039777278900146,0.2945019900798797,0.579448401927948,12.0,2024-07-18
2024_202,0.8239135146141052,0.283160537481308,0.5773136615753174,14.0,2024-07-18
2024_203,0.8994947075843811,0.3452727794647217,0.6509560346603394,6.0,2024-07-18
2024_205,0.8691588640213013,0.2561334669589996,0.570166826248169,7.0,2024-07-18
2024_208,0.7782019972801208,0.2540531754493713,0.5609853863716125,4.0,2024-07-18
2024_219,0.8138076066970825,0.2647803127765655,0.5432626605033875,8.0,2024-07-18
2024_220,0.8197786808013916,0.2694918215274811,0.5536680817604065,2.0,2024-07-18
2024_221,0.6883440613746643,0.1777121722698211,0.4387806057929992,4.0,2024-07-18
2024_235,0.6262362599372864,0.1904832124710083,0.4078239202499389,8.0,2024-07-18
2024_236,0.6796243786811829,0.1332195103168487,0.3969103395938873,8.0,2024-07-18
2024_252,0.7844370603561401,0.2769745886325836,0.5796095132827759,10.0,2024-07-18
2024_253,0.7079232335090637,0.3007614314556122,0.5955555438995361,10.0,2024-07-18
2024_254,0.7872244715690613,0.2582509815692901,0.559258759021759,6.0,2024-07-18
2024_255,0.8985437154769897,0.3358805477619171,0.6392872929573059,2.0,2024-07-18
2024_264,0.4423676133155823,0.0347648225724697,0.2724149823188782,11.0,2024-07-18
2024_305,0.8620408177375793,0.3137815594673157,0.6213966012001038,6.0,2024-07-18
2024_314,0.7437858581542969,0.1967683881521225,0.4879464209079742,3.0,2024-07-18
2024_315,0.8415755033493042,0.3044987916946411,0.5860443115234375,5.0,2024-07-18
2024_317,0.5251491665840149,0.2016813606023788,0.4687131941318512,4.0,2024-07-18
2024_319,0.87687748670578,0.3243243098258972,0.6460707783699036,3.0,2024-07-18
2024_626,0.6041179299354553,0.1949404925107956,0.4406568109989166,9.0,2024-07-18
2024_628,0.7656753659248352,0.1697423309087753,0.4703079164028168,6.0,2024-07-18
2024_642,0.8333397507667542,0.2409511655569076,0.532180905342102,6.0,2024-07-18
2024_648,0.1601423323154449,-0.0220000185072422,0.1481795161962509,3.0,2024-07-18
2024_652,0.6562051773071289,0.2698907852172851,0.4795320034027099,6.0,2024-07-18
2024_654,0.8564791083335876,0.3197125792503357,0.5971671342849731,10.0,2024-07-18
2024_660,0.6550582051277161,0.1678553968667984,0.453100711107254,4.0,2024-07-18
2024_663,0.6628824472427368,0.1732671111822128,0.4954703450202942,8.0,2024-07-18
2024_664,0.8831354379653931,0.323752611875534,0.6249914169311523,6.0,2024-07-18
2024_689,0.7522385120391846,0.1947041749954223,0.4876164197921753,12.0,2024-07-18
2024_699,0.8801615238189697,0.2539319097995758,0.562989354133606,12.0,2024-07-18
2024_716,0.8830806016921997,0.2694515287876129,0.5671495199203491,8.0,2024-07-18
2024_721,0.7454836368560791,0.2191260904073715,0.5073316097259521,14.0,2024-07-18
2024_722,0.5646563768386841,0.097015880048275,0.3770279288291931,10.0,2024-07-18
2024_746,0.2004111111164093,0.1209213137626648,0.1765298545360565,3.0,2024-07-18
2024_764,0.4573682248592376,0.2270166575908661,0.4269567728042602,6.0,2024-07-18
2024_792,0.7009360790252686,0.1981225460767746,0.5010790228843689,4.0,2024-07-18
2024_806,0.7026665210723877,0.2258071601390838,0.5324031710624695,2.0,2024-07-18
2024_807,0.7382646799087524,0.2536396086215973,0.5547389388084412,2.0,2024-07-18
2024_808,0.7074210047721863,0.2521210014820099,0.5559274554252625,2.0,2024-07-18
2024_810,0.8459591269493103,0.325531929731369,0.6064464449882507,3.0,2024-07-18
2024_826,0.199380561709404,0.0154047841206192,0.1672946512699127,5.0,2024-07-18
2024_850,0.4348690807819366,0.111425407230854,0.3404045104980469,22.0,2024-07-18
2024_865,0.4802510142326355,0.0791322588920593,0.3109550178050995,8.0,2024-07-18
2024_869,0.2582322359085083,0.0167034193873405,0.2764778733253479,8.0,2024-07-18
2024_873,0.7880737781524658,0.29051074385643,0.576216459274292,6.0,2024-07-18
2024_877,0.7211581468582153,0.2321861535310745,0.4814174473285675,9.0,2024-07-18
2024_879,0.5059588551521301,-0.064054250717163,0.129356175661087,5.0,2024-07-18
2024_885,0.6658704280853271,0.2175954282283783,0.4358924031257629,4.0,2024-07-18
2024_898,0.4936096668243408,0.0544350035488605,0.3044607937335968,4.0,2024-07-18
2024_909,0.540421724319458,0.0343035124242305,0.3112706542015075,10.0,2024-07-18
2024_918,0.18621926009655,-0.0909372121095657,0.0799036473035812,12.0,2024-07-18
2024_953,0.6019108295440674,0.1656891256570816,0.3545781075954437,3.0,2024-07-18
2024_1003,0.2920517325401306,-0.083317145705223,0.094972051680088,9.0,2024-07-18
2024_1011,0.3337209224700928,-0.0626003146171569,0.1397000849246978,5.0,2024-07-18
2024_1034,0.111458346247673,0.1411764919757843,0.2728899717330932,5.0,2024-07-18
2024_1046,0.549450695514679,0.136969968676567,0.3811821341514587,12.0,2024-07-18
2024_1048,0.8827745318412781,0.2386636435985565,0.5473198294639587,6.0,2024-07-18
2024_1051,0.8730158805847168,0.325119137763977,0.6083241105079651,8.0,2024-07-18
2024_1057,0.6914437413215637,0.1815305799245834,0.4541219472885132,10.0,2024-07-18
2024_3730,0.8461122512817383,0.3177471756935119,0.6266036629676819,6.0,2024-07-18
2024_3731,0.8193548321723938,0.3253925144672394,0.5989661812782288,7.0,2024-07-18
2024_3733,0.6952714323997498,0.201716735959053,0.3793103396892547,5.0,2024-07-18
2024_3739,0.4843875765800476,0.0302708279341459,0.2818290293216705,6.0,2024-07-18
2024_3740,0.6126859188079834,0.1938499808311462,0.4661903381347656,3.0,2024-07-18
2024_3741,0.8482916355133057,0.2944338321685791,0.5574050545692444,4.0,2024-07-18
2024_3742,0.7954545617103577,0.2268730252981186,0.54112309217453,3.0,2024-07-18
2024_3743,0.8719056844711304,0.3654164373874664,0.6671915650367737,7.0,2024-07-18
2024_3744,0.8222231268882751,0.2451754212379455,0.5584576725959778,4.0,2024-07-18
2024_3745,0.6690605282783508,0.2720543444156647,0.5059764981269836,6.0,2024-07-18
2024_3746,0.7345485091209412,0.2727912068367004,0.5297616124153137,6.0,2024-07-18
2024_3747,0.9020313620567322,0.3160169422626495,0.6278914213180542,10.0,2024-07-18
2024_3748,0.8863943815231323,0.3192524313926697,0.603613555431366,4.0,2024-07-18
2024_3749,0.6475247740745544,0.1023517698049545,0.3754908144474029,3.0,2024-07-18
2024_3750,0.891390323638916,0.3160791397094726,0.6162858605384827,4.0,2024-07-18
2024_3751,0.9044344425201416,0.3154774606227875,0.6271951794624329,2.0,2024-07-18
2024_3752,0.9117032289505004,0.329445868730545,0.6498265266418457,2.0,2024-07-18
2024_3753,0.9093979597091676,0.3726610541343689,0.6874451637268066,3.0,2024-07-18
2024_3754,0.854202389717102,0.3273336291313171,0.6290238499641418,2.0,2024-07-18
2024_3755,0.8256658315658569,0.3033707737922668,0.6079615950584412,3.0,2024-07-18
2024_3756,0.9029448628425598,0.3039706349372864,0.6103896498680115,3.0,2024-07-18
2024_3757,0.9112386703491212,0.3684529066085815,0.678737223148346,3.0,2024-07-18
2024_3758,0.8935298919677734,0.3277625739574432,0.6063922047615051,3.0,2024-07-18
2024_3759,0.9162253141403198,0.3235783278942108,0.6548856496810913,3.0,2024-07-18
2024_3760,0.8752471208572388,0.3341090679168701,0.6298295855522156,4.0,2024-07-18
2024_3761,0.8584352135658264,0.3459183573722839,0.6384783387184143,6.0,2024-07-18
2024_3762,0.8557301163673401,0.318396657705307,0.6100683808326721,10.0,2024-07-18
2024_3776,0.8215802907943726,0.1760128885507583,0.419375479221344,11.0,2024-07-18
2024_3778,0.7746354937553406,0.2241460382938385,0.5029325485229492,8.0,2024-07-18
2024_3780,0.8121658563613892,0.2844849228858948,0.5705728530883789,8.0,2024-07-18
2024_3781,0.7762969732284546,0.2446223050355911,0.5173816084861755,11.0,2024-07-18
2024_3782,0.8971703052520752,0.3468122184276581,0.6339560747146606,11.0,2024-07-18
2024_3783,0.8324816823005676,0.2859370112419128,0.5855440497398376,5.0,2024-07-18
2024_3785,0.8551708459854126,0.3058708012104034,0.597867488861084,11.0,2024-07-18
2024_3789,0.7185863256454468,0.1398890614509582,0.4042988717556,4.0,2024-07-18
2024_3790,0.8641166687011719,0.2617884576320648,0.594561755657196,4.0,2024-07-18
2024_3791,0.8509457111358643,0.3104929625988006,0.6225709319114685,4.0,2024-07-18
2024_3792,0.6232985258102417,0.129381775856018,0.4185338616371155,5.0,2024-07-18
2024_3796,0.8358798027038574,0.2539572715759277,0.5677452683448792,8.0,2024-07-18
2024_3797,0.728739857673645,0.2227240651845932,0.4783293008804321,8.0,2024-07-18
2024_3798,0.8474165201187134,0.2395768463611602,0.5194507837295532,5.0,2024-07-18
2024_3799,0.881742000579834,0.263487309217453,0.5934499502182007,10.0,2024-07-18
2024_3800,0.7610018253326416,0.1853053718805313,0.4636112749576568,10.0,2024-07-18
2024_3801,0.8703253865242004,0.3185220658779144,0.6192566156387329,10.0,2024-07-18
2024_3806,0.5279875993728638,-0.0086922338232398,0.1887992322444915,12.0,2024-07-18
2024_3807,0.747132420539856,0.1948045343160629,0.4974799752235412,12.0,2024-07-18
2024_3809,0.8414581418037415,0.2357334941625595,0.5169475078582764,12.0,2024-07-18
2024_3810,0.7267738580703735,0.1794666498899459,0.4815804362297058,12.0,2024-07-18
2024_3811,0.7752934098243713,0.1028551161289215,0.3668333292007446,12.0,2024-07-18
2024_3815,0.84197598695755,0.2974867820739746,0.6109499335289001,10.0,2024-07-18
2024_3817,0.8655274510383606,0.2982515096664428,0.6209973096847534,12.0,2024-07-18
2024_3819,0.8507516980171204,0.3007684051990509,0.6053633689880371,7.0,2024-07-18
2024_3821,0.8816388249397278,0.3052734136581421,0.6016836762428284,14.0,2024-07-18
2024_3823,0.8758696913719177,0.3047015368938446,0.615535318851471,14.0,2024-07-18
2024_3824,0.5176532864570618,0.115800604224205,0.3343319892883301,14.0,2024-07-18
2024_3826,0.7670537829399109,0.2671597003936767,0.5392090082168579,14.0,2024-07-18
2024_3827,0.8438246250152588,0.1896406561136245,0.4783926010131836,6.0,2024-07-18
2024_3828,0.8347328305244446,0.2749980986118316,0.5619767308235168,12.0,2024-07-18
2024_3829,0.836303174495697,0.2131629586219787,0.5205524563789368,10.0,2024-07-18
2024_3830,0.851680338382721,0.2765173017978668,0.5901990532875061,12.0,2024-07-18
2024_3831,0.8684777617454529,0.2766801714897156,0.5740255117416382,16.0,2024-07-18
2024_3840,0.7851777672767639,0.2260601073503494,0.5411069989204407,12.0,2024-07-18
2024_3841,0.730746865272522,0.2573397159576416,0.512340247631073,6.0,2024-07-18
2024_3842,0.6687520146369934,0.1161428615450859,0.3758035004138946,8.0,2024-07-18
2024_3843,0.5075945854187012,0.030054559931159,0.2705665528774261,12.0,2024-07-18
2024_3844,0.6668131947517395,0.154557779431343,0.4195530414581299,14.0,2024-07-18
2024_3847,0.8495838642120361,0.3435400128364563,0.6231072545051575,14.0,2024-07-18
2024_3848,0.854556679725647,0.3457069993019104,0.6003550887107849,14.0,2024-07-18
2024_3849,0.69140625,0.2695878148078918,0.4919004440307617,7.0,2024-07-18
2024_3850,0.8500256538391113,0.244039312005043,0.4766814708709717,12.0,2024-07-18
2024_3851,0.8655874133110046,0.2533284723758697,0.574341356754303,11.0,2024-07-18
2024_3853,0.8051398992538452,0.23264180123806,0.5445606112480164,14.0,2024-07-18
2024_3861,0.9428333044052124,0.3647955656051636,0.6537027359008789,3.0,2024-07-18
2024_3862,0.8854148387908936,0.2809387445449829,0.5941305756568909,14.0,2024-07-18
2024_3864,0.8214303255081177,0.3265190422534942,0.5788314938545227,6.0,2024-07-18
2024_3865,0.910835325717926,0.4060888290405273,0.6846558451652527,8.0,2024-07-18
2024_3868,0.9157760143280028,0.312013179063797,0.6199386119842529,4.0,2024-07-18
2024_3869,0.923961102962494,0.3324106335639953,0.6463004946708679,4.0,2024-07-18
2024_3871,0.7027420997619629,0.1595044881105423,0.4016954004764557,8.0,2024-07-18
2024_3876,0.5231761932373047,0.1068769916892051,0.3085574507713318,10.0,2024-07-18
2024_3878,0.7340856194496155,0.2561697661876678,0.5435230731964111,6.0,2024-07-18
2024_3882,0.85421222448349,0.3070252239704132,0.6247381567955017,10.0,2024-07-18
2024_3884,0.8247331380844116,0.3042202591896057,0.5998541116714478,8.0,2024-07-18
2024_3885,0.6798542737960815,0.1748745739459991,0.4544572532176971,10.0,2024-07-18
2024_3892,0.7834786176681519,0.2422975897789001,0.5338123440742493,8.0,2024-07-18
2024_3894,0.883949339389801,0.2618516981601715,0.5818884372711182,8.0,2024-07-18
2024_3895,0.8228511214256287,0.2371128052473068,0.5387365818023682,8.0,2024-07-18
2024_3899,0.7363942861557007,0.2205819636583328,0.503064751625061,2.0,2024-07-18
2024_3900,0.7887207865715027,0.2822654545307159,0.5609659552574158,8.0,2024-07-18
2024_3903,0.8185351490974426,0.2533531188964844,0.5271052122116089,8.0,2024-07-18
2024_3904,0.8952794075012207,0.2940183281898498,0.6105826497077942,10.0,2024-07-18
2024_3905,0.387004941701889,0.0481793172657489,0.2678078114986419,6.0,2024-07-18
2024_3908,0.9298319220542908,0.3568134307861328,0.6469895243644714,6.0,2024-07-18
2024_3913,0.8390472531318665,0.2782353460788727,0.569003164768219,6.0,2024-07-18
2024_3915,0.8635937571525574,0.2033976167440414,0.5542804598808289,10.0,2024-07-18
2024_3918,0.7037864923477173,0.2185118198394775,0.4818583130836487,10.0,2024-07-18
2024_3919,0.7485881447792053,0.2758242487907409,0.5609841346740723,4.0,2024-07-18
2024_3925,0.7796357274055481,0.2538817524909973,0.5069767832756042,8.0,2024-07-18
2024_3926,0.8822273015975952,0.2960450947284698,0.5948623418807983,8.0,2024-07-18
2024_3927,0.8982210159301758,0.3297874331474304,0.6378083825111389,8.0,2024-07-18
2024_3928,0.9044814109802246,0.3232480883598327,0.6276363134384155,2.0,2024-07-18
2024_3929,0.5744305849075317,0.2317747324705124,0.4930742979049682,8.0,2024-07-18
2024_3933,0.8476752042770386,0.2744446992874145,0.5621417164802551,10.0,2024-07-18
2024_3934,0.7621716260910034,0.2083328962326049,0.4958022236824035,10.0,2024-07-18
2024_3938,0.6929854154586792,0.308487057685852,0.6015743017196655,14.0,2024-07-18
2024_3944,0.7891201972961426,0.2530900537967682,0.5704460740089417,9.0,2024-07-18
2024_3948,0.8554368019104004,0.3201960921287536,0.6243463754653931,6.0,2024-07-18
2024_3949,0.8683034777641296,0.2995813488960266,0.6009635925292969,10.0,2024-07-18
2024_3950,0.8122896552085876,0.2083411067724228,0.5320123434066772,12.0,2024-07-18
2024_3951,0.8445785641670227,0.2628900706768036,0.577659010887146,13.0,2024-07-18
2024_3952,0.8577701449394226,0.2588426172733307,0.5786997675895691,12.0,2024-07-18
2024_3953,0.8700160384178162,0.2998844683170318,0.6020707488059998,14.0,2024-07-18
2024_3967,0.5983425378799438,0.2196723222732544,0.4610912501811981,12.0,2024-07-18
2024_3975,0.8642547130584717,0.3056478500366211,0.5982155203819275,14.0,2024-07-18
2024_3987,0.8472270965576172,0.2498572617769241,0.4920127987861633,9.0,2024-07-18
2024_3989,0.8318909406661987,0.2561412751674652,0.5440241098403931,12.0,2024-07-18
2024_3992,0.9025322198867798,0.3407954573631286,0.6426205635070801,20.0,2024-07-18
2024_3996,0.8439507484436035,0.2495680451393127,0.5446851253509521,20.0,2024-07-18
2024_3997,0.8186088800430298,0.2125823646783828,0.5069576501846313,18.0,2024-07-18
2024_4001,0.8248872756958008,0.2930592000484466,0.5420098900794983,18.0,2024-07-18
2024_4002,0.850105881690979,0.2905321419239044,0.5805317163467407,20.0,2024-07-18
2024_4005,0.8233181238174438,0.2784866690635681,0.5738031268119812,16.0,2024-07-18
2024_4009,0.6863430142402649,0.2243058085441589,0.4666529893875122,12.0,2024-07-18
2024_4013,0.8594178557395935,0.2576885223388672,0.5628449320793152,8.0,2024-07-18
2024_4014,0.8574569225311279,0.1833872944116592,0.52103590965271,6.0,2024-07-18
2024_4015,0.8097793459892273,0.2688547372817993,0.5849326848983765,10.0,2024-07-18
2024_4016,0.8443312048912048,0.3114082813262939,0.6275659203529358,8.0,2024-07-18
2024_4018,0.8772908449172974,0.2773293256759643,0.5587225556373596,7.0,2024-07-18
2024_4019,0.8631494641304016,0.2938319444656372,0.5702320337295532,6.0,2024-07-18
2024_4020,0.7578125,0.2447576522827148,0.4665846526622772,9.0,2024-07-18
2024_4021,0.5934681296348572,0.2033262550830841,0.3843007087707519,14.0,2024-07-18
2024_4024,0.8136428594589233,0.1978862881660461,0.4757595062255859,8.0,2024-07-18
2024_4026,0.8214176297187805,0.2185072600841522,0.4861052930355072,12.0,2024-07-18
2024_4028,0.7622185945510864,0.1990992277860641,0.5074712038040161,16.0,2024-07-18
2024_4029,0.8266953825950623,0.293322741985321,0.5862069129943848,23.0,2024-07-18
2024_4032,0.6827490329742432,0.2017479985952377,0.4535031914710998,19.0,2024-07-18
2024_4033,0.6631655693054199,0.1529187709093094,0.3608678579330444,24.0,2024-07-18
2024_4034,0.6080413460731506,0.1172683909535408,0.3362392783164978,22.0,2024-07-18
2024_4035,0.6399491429328918,0.1110061481595039,0.3694555461406708,15.0,2024-07-18
2024_4039,0.5066917538642883,0.0585056729614734,0.26291623711586,10.0,2024-07-18
2024_4040,0.869145393371582,0.2998531758785248,0.5953950881958008,8.0,2024-07-18
2024_4041,0.8190768361091614,0.2815055549144745,0.5874172449111938,10.0,2024-07-18
2024_4042,0.8871080875396729,0.2521688640117645,0.5736086368560791,4.0,2024-07-18
2024_4043,0.8886457681655884,0.2659583985805511,0.5823312401771545,10.0,2024-07-18
2024_4045,0.7834276556968689,0.214493378996849,0.4841523170471191,8.0,2024-07-18
2024_4047,0.7093713283538818,0.1697545200586319,0.4039467573165893,6.0,2024-07-18
2024_4052,0.8644559383392334,0.2962957322597503,0.6085757613182068,6.0,2024-07-18
2024_4057,0.731436014175415,0.0975011065602302,0.4001369476318359,10.0,2024-07-18
2024_4060,0.8818861842155457,0.2859520018100738,0.6066692471504211,10.0,2024-07-18
2024_4063,0.8123351335525513,0.2977629601955414,0.6022117137908936,6.0,2024-07-18
2024_4064,0.7723520994186401,0.2549039423465729,0.5549109578132629,6.0,2024-07-18
2024_4066,0.9022587537765504,0.3343051671981811,0.6463890075683594,12.0,2024-07-18
2024_4067,0.803694486618042,0.1985169649124145,0.5223158001899719,10.0,2024-07-18
2024_4072,0.8053861856460571,0.2482216507196426,0.4892478585243225,12.0,2024-07-18
2024_4074,0.6160470247268677,0.2559581995010376,0.5214554071426392,5.0,2024-07-18
2024_4075,0.9071628451347352,0.3065453767776489,0.6180379986763,10.0,2024-07-18
2024_4076,0.8390947580337524,0.1929176151752472,0.5069656372070312,8.0,2024-07-18
2024_4087,0.92655748128891,0.3230093717575073,0.6325712203979492,12.0,2024-07-18
2024_4088,0.6001905798912048,0.0706228613853454,0.3553395867347717,10.0,2024-07-18
2024_4091,0.8921604156494141,0.2913350164890289,0.6059593558311462,10.0,2024-07-18
2024_4092,0.8774034976959229,0.3262503147125244,0.6210631728172302,12.0,2024-07-18
2024_4096,0.8884073495864868,0.3135319650173187,0.6195358037948608,10.0,2024-07-18
2024_4097,0.7967767119407654,0.2247326076030731,0.5503951907157898,10.0,2024-07-18
2024_4102,0.8746973276138306,0.3340446949005127,0.6358456015586853,10.0,2024-07-18
2024_4103,0.78596431016922,0.2842874825000763,0.5745407938957214,14.0,2024-07-18
2024_4112,0.7657056450843811,0.2514717578887939,0.5369711518287659,6.0,2024-07-18
2024_4119,0.9022061824798584,0.2934967577457428,0.6170423030853271,4.0,2024-07-18
2024_4121,0.8981114029884338,0.3187650740146637,0.6214104890823364,6.0,2024-07-18
2024_4123,0.8814505934715271,0.2998123466968536,0.6092183589935303,8.0,2024-07-18
2024_4126,0.8397176265716553,0.2404033541679382,0.5645548105239868,10.0,2024-07-18
2024_4127,0.905323088169098,0.3185015320777893,0.6351908445358276,8.0,2024-07-18
2024_4130,0.5344935655593872,0.1478105783462524,0.4342916309833526,8.0,2024-07-18
2024_4131,0.3837496638298034,0.0645170658826828,0.2867674529552459,8.0,2024-07-18
2024_4132,0.2140921205282211,-0.0190411228686571,0.1232236921787262,7.0,2024-07-18
2024_4134,0.870670735836029,0.2678582072257995,0.5839435458183289,4.0,2024-07-18
2024_4136,0.8828940391540527,0.3203446269035339,0.6081991791725159,10.0,2024-07-18
2024_4137,0.8136882185935974,0.3322323262691498,0.6384563446044922,5.0,2024-07-18
2024_4140,0.881004273891449,0.2860316634178161,0.5821269154548645,6.0,2024-07-18
2024_4145,0.798700749874115,0.2603593468666076,0.5730886459350586,10.0,2024-07-18
2024_4147,0.8314031362533569,0.2459722012281417,0.4950773119926452,10.0,2024-07-18
2024_4148,0.7149770855903625,0.2234880924224853,0.5062899589538574,10.0,2024-07-18
2024_4149,0.8193687796592712,0.2424091100692749,0.5444381833076477,10.0,2024-07-18
2024_4152,0.8306120038032532,0.2799615561962127,0.5471600294113159,10.0,2024-07-18
2024_4153,0.8791192173957825,0.3436002135276794,0.6389256715774536,10.0,2024-07-18
2024_4155,0.8415377140045166,0.2697795331478119,0.5957749485969543,9.0,2024-07-18
2024_4156,0.8901404142379761,0.2756360173225403,0.593977153301239,10.0,2024-07-18
2024_4157,0.7763917446136475,0.1788798570632934,0.4791152477264404,8.0,2024-07-18
2024_4164,0.8893390893936157,0.2519957423210144,0.5895320773124695,6.0,2024-07-18
2024_4165,0.8919896483421326,0.3668472170829773,0.6360637545585632,10.0,2024-07-18
2024_4168,0.8576556444168091,0.2473319768905639,0.5543874502182007,12.0,2024-07-18
2024_4170,0.2981084883213043,0.0285364594310522,0.1859461963176727,8.0,2024-07-18
2024_4172,0.8676967620849609,0.3003636300563812,0.6144116520881653,11.0,2024-07-18
2024_4173,0.8762492537498474,0.3066820800304413,0.617245614528656,10.0,2024-07-18
2024_4174,0.7162323594093323,0.1881599724292755,0.4756558239459991,12.0,2024-07-18
2024_4175,0.8594439625740051,0.3318443596363067,0.609982430934906,10.0,2024-07-18
2024_4177,0.6514497399330139,0.1801546365022659,0.457537442445755,10.0,2024-07-18
2024_4178,0.8786530494689941,0.2767618894577026,0.5829760432243347,10.0,2024-07-18
2024_4180,0.7716068625450134,0.194177433848381,0.4246090650558471,14.0,2024-07-18
2024_4182,0.7459326386451721,0.2890063524246216,0.5615631341934204,8.0,2024-07-18
2024_4183,0.3166859745979309,0.060847770422697,0.2615699470043182,10.0,2024-07-18
2024_4185,0.729911744594574,0.1620450615882873,0.4438813328742981,6.0,2024-07-18
2024_4186,0.4591484367847442,0.1440694481134414,0.3560814559459686,5.0,2024-07-18
2024_4188,0.8603464365005493,0.2905935049057007,0.5966871380805969,12.0,2024-07-18
2024_4189,0.8813378810882568,0.3045366406440735,0.61885005235672,10.0,2024-07-18
2024_4190,0.7733917832374573,0.1473681628704071,0.4725658893585205,10.0,2024-07-18
2024_4191,0.761587381362915,0.2053204923868179,0.5146268010139465,10.0,2024-07-18
2024_4192,0.8592562675476074,0.2740391790866852,0.5781760811805725,10.0,2024-07-18
2024_4194,0.7007386684417725,0.2377828061580658,0.5014379620552063,10.0,2024-07-18
2024_4196,0.6487637162208557,0.1751995384693145,0.4972451627254486,10.0,2024-07-18
2024_4197,0.8276066780090332,0.2844871878623962,0.5625891089439392,12.0,2024-07-18
2024_4199,0.635979950428009,0.2529568672180176,0.5054805278778076,5.0,2024-07-18
2024_4201,0.8060135841369629,0.3005685210227966,0.5829967856407166,7.0,2024-07-18
2024_4202,0.7996653318405151,0.2481816262006759,0.5070914626121521,12.0,2024-07-18
2024_4203,0.646681010723114,0.23708476126194,0.460157185792923,12.0,2024-07-18
2024_4204,0.834293007850647,0.3258765041828155,0.6176664233207703,6.0,2024-07-18
2024_4207,0.7929869294166565,0.3229426443576813,0.6051158905029297,5.0,2024-07-18
2024_4208,0.7765592932701111,0.296562135219574,0.617573618888855,5.0,2024-07-18
2024_4209,0.7369893789291382,0.3076216876506805,0.5731736421585083,5.0,2024-07-18
2024_4210,0.7580941915512085,0.2904835045337677,0.5763421654701233,6.0,2024-07-18
2024_4211,0.7246376872062683,0.2610293924808502,0.5051383376121521,5.0,2024-07-18
2024_4216,0.8279613852500916,0.2785388231277466,0.5325774550437927,15.0,2024-07-18
2024_4217,0.7525773048400879,0.1882140934467315,0.4140368998050689,15.0,2024-07-18
2024_4224,0.8791057467460632,0.3155762851238251,0.6171677112579346,18.0,2024-07-18
2024_4225,0.5287078619003296,0.0533333197236061,0.2938736081123352,22.0,2024-07-18
2024_4226,0.4929006099700928,0.1867605894804,0.3390557765960693,25.0,2024-07-18
2024_4228,0.7889376878738403,0.3120034039020538,0.5873979330062866,16.0,2024-07-18
2024_4229,0.8269896507263184,0.2875145971775055,0.5899998545646667,12.0,2024-07-18
2024_4230,0.7850806713104248,0.2507689595222473,0.5508712530136108,10.0,2024-07-18
2024_4231,0.6793601512908936,0.2701421678066253,0.4813198149204254,12.0,2024-07-18
2024_4232,0.8366840481758118,0.3691442906856537,0.634636640548706,5.0,2024-07-18
2024_4233,0.4842360317707062,0.1767344772815704,0.441979169845581,3.0,2024-07-18
2024_4234,0.7832038402557373,0.2900820076465606,0.5540085434913635,7.0,2024-07-18
2024_4236,0.7252665162086487,0.1530638635158538,0.4041224718093872,4.0,2024-07-18
2024_4239,0.8319536447525024,0.2869365513324737,0.5423793196678162,6.0,2024-07-18
2024_4242,0.8097633719444275,0.293444275856018,0.5769224166870117,6.0,2024-07-18
2024_4244,0.8554815053939819,0.3157297372817993,0.6051993370056152,2.0,2024-07-18
2024_4245,0.6878056526184082,0.2092248797416687,0.4835466742515564,6.0,2024-07-18
2024_4248,0.8507809042930603,0.2911695837974548,0.6093422770500183,8.0,2024-07-18
2024_4252,0.8972936868667603,0.3069342076778412,0.6154632568359375,2.0,2024-07-18
2024_4253,0.7585309743881226,0.2357537001371383,0.4607636928558349,4.0,2024-07-18
2024_4255,0.8286888599395752,0.2779490053653717,0.5719201564788818,4.0,2024-07-18
2024_4256,0.8035603165626526,0.2599712312221527,0.5523455739021301,4.0,2024-07-18
2024_4257,0.2153801620006561,0.1349471509456634,0.2776271998882293,3.0,2024-07-18
2024_4262,0.8406296968460083,0.316148966550827,0.6099362969398499,8.0,2024-07-18
2024_4263,0.8354039192199707,0.3360626101493835,0.6390238404273987,6.0,2024-07-18
2024_4264,0.7843160033226013,0.2898037731647491,0.564961314201355,8.0,2024-07-18
2024_4265,0.8239943385124207,0.2312078773975372,0.5611161589622498,4.0,2024-07-18
2024_4266,0.8910492062568665,0.2674314677715301,0.5771604180335999,6.0,2024-07-18
2024_4267,0.8409963846206665,0.2896963953971863,0.5756242871284485,6.0,2024-07-18
2024_4268,0.8285033106803894,0.2465231865644455,0.5373636484146118,6.0,2024-07-18
2024_4269,0.8706610202789307,0.2039594650268554,0.5278440117835999,4.0,2024-07-18
2024_4270,0.8656219244003296,0.222469761967659,0.5350844264030457,4.0,2024-07-18
2024_4271,0.8450132012367249,0.3217192590236664,0.6248366832733154,6.0,2024-07-18
2024_4272,0.5365762114524841,0.0689445957541465,0.2911475300788879,4.0,2024-07-18
2024_4275,0.9112539887428284,0.3297472298145294,0.6325420141220093,2.0,2024-07-18
2024_4279,0.8759949207305908,0.2993986308574676,0.5772441625595093,6.0,2024-07-18
2024_4281,0.7749446630477905,0.2497136294841766,0.5443845391273499,6.0,2024-07-18
2024_4284,0.8158438205718994,0.2905805706977844,0.5989628434181213,8.0,2024-07-18
2024_4285,0.743876039981842,0.1780623942613601,0.5107418298721313,8.0,2024-07-18
2024_4288,0.581497848033905,0.1174358576536178,0.3633408546447754,2.0,2024-07-18
2024_4289,0.4929185211658478,0.1994760036468505,0.442350834608078,5.0,2024-07-18
2024_4290,0.7148526906967163,0.2021244466304779,0.5074905157089233,4.0,2024-07-18
2024_4291,0.7033819556236267,0.1949781477451324,0.4868414103984833,4.0,2024-07-18
2024_4294,0.607850193977356,0.1365835666656494,0.4121704399585724,2.0,2024-07-18
2024_4298,0.3921313285827636,0.0547706671059131,0.2968317568302154,2.0,2024-07-18
2024_4299,0.6634933948516846,0.2942639291286468,0.5700103044509888,8.0,2024-07-18
2024_4300,0.8546175360679626,0.2539426386356354,0.5716593861579895,6.0,2024-07-18
2024_4301,0.8665353655815125,0.2786084711551666,0.5986148118972778,6.0,2024-07-18
2024_4302,0.8576071262359619,0.3148040473461151,0.6164371967315674,8.0,2024-07-18
2024_4303,0.847732663154602,0.2984459400177002,0.6039204001426697,6.0,2024-07-18
2024_4304,0.7764298319816589,0.2989070117473602,0.5925422310829163,7.0,2024-07-18
2024_4306,0.8264375329017639,0.316012978553772,0.6126947402954102,6.0,2024-07-18
2024_4309,0.7054541707038879,0.1422178000211715,0.4121488332748413,6.0,2024-07-18
2024_4319,0.675884485244751,0.1552344411611557,0.3535682260990143,8.0,2024-07-18
2024_4322,0.7600663900375366,0.2840133905410766,0.5737926363945007,8.0,2024-07-18
2024_4324,0.7539951205253601,0.2973450422286987,0.5850503444671631,10.0,2024-07-18
2024_4326,0.6190357208251953,0.1794054806232452,0.4357090890407562,8.0,2024-07-18
2024_4328,0.7152761816978455,0.1845088005065918,0.467618852853775,8.0,2024-07-18
2024_4337,0.639376163482666,0.1774506717920303,0.3946496546268463,12.0,2024-07-18
2024_4338,0.2736918926239013,-0.0376747883856296,0.1535090655088424,8.0,2024-07-18
2024_4346,0.7342990636825562,0.2204532623291015,0.4976701140403747,12.0,2024-07-18
2024_4347,0.8205285668373108,0.1819632947444915,0.4688448309898376,11.0,2024-07-18
2024_4348,0.676134467124939,0.1655824482440948,0.4576770663261413,8.0,2024-07-18
2024_4349,0.4392970204353332,0.119448609650135,0.3403896689414978,10.0,2024-07-18
2024_4354,0.7952931523323059,0.2355391234159469,0.517073929309845,8.0,2024-07-18
2024_4355,0.5676226615905762,0.1443747580051422,0.4087472856044769,12.0,2024-07-18
2024_4363,0.8393795490264893,0.2907303273677826,0.5866693258285522,9.0,2024-07-18
2024_4405,0.7131365537643433,0.1858725845813751,0.4861670136451721,12.0,2024-07-18
2024_4410,0.6792189478874207,0.2133019864559173,0.4471665322780609,13.0,2024-07-18
2024_4411,0.7655489444732666,0.1968870460987091,0.4823868572711944,14.0,2024-07-18
2024_4412,0.7974332571029663,0.2397137731313705,0.526348888874054,14.0,2024-07-18
2024_4414,0.6931591629981995,0.150065615773201,0.3899036645889282,8.0,2024-07-18
2024_4417,0.7611852884292603,0.1855808943510055,0.4644982814788818,10.0,2024-07-18
2024_4426,0.8524095416069031,0.2998518347740173,0.590707004070282,10.0,2024-07-18
2024_4430,0.881232500076294,0.2496362477540969,0.5834462642669678,10.0,2024-07-18
2024_4431,0.846480131149292,0.2758991420269012,0.5854857563972473,12.0,2024-07-18
2024_4433,0.8703050017356873,0.2791311144828796,0.6081061363220215,10.0,2024-07-18
2024_4435,0.860256016254425,0.3089104294776916,0.614389181137085,10.0,2024-07-18
2024_4438,0.8755865097045898,0.2685316801071167,0.5737270712852478,10.0,2024-07-18
2024_4441,0.75230473279953,0.2019155621528625,0.5084974765777588,6.0,2024-07-18
2024_4443,0.8744034767150879,0.3281171023845672,0.6253812313079834,10.0,2024-07-18
2024_4446,0.905949890613556,0.2614974677562713,0.5901857018470764,10.0,2024-07-18
2024_4451,0.8871555328369141,0.3163184225559234,0.6329137086868286,10.0,2024-07-18
2024_4452,0.9012070298194884,0.327116310596466,0.6268091797828674,10.0,2024-07-18
2024_4456,0.8871555328369141,0.3163184225559234,0.6329137086868286,10.0,2024-07-18
2024_4457,0.9012070298194884,0.327116310596466,0.6268091797828674,10.0,2024-07-18
2024_4463,0.9250507950782776,0.3979773819446563,0.6887286901473999,8.0,2024-07-18
2024_4464,0.884030818939209,0.3166368007659912,0.6118636131286621,8.0,2024-07-18
2024_4467,0.8873350620269775,0.3039792478084564,0.6222434043884277,8.0,2024-07-18
2024_4468,0.8633754849433899,0.3003363311290741,0.6162289381027222,8.0,2024-07-18
2024_4471,0.9181649088859558,0.3945935368537903,0.6927677392959595,8.0,2024-07-18
2024_4473,0.8101580739021301,0.2679998576641083,0.5661731958389282,8.0,2024-07-18
2024_4475,0.8182433843612671,0.3029260635375976,0.5878591537475586,8.0,2024-07-18
2024_4479,0.8812206387519836,0.2423944622278213,0.5473198294639587,6.0,2024-07-18
2024_4481,0.8583512902259827,0.2797200083732605,0.5744995474815369,8.0,2024-07-18
2024_4482,0.8463966250419617,0.3195310533046722,0.5894591212272644,8.0,2024-07-18
2024_4486,0.9215189814567566,0.3106254637241363,0.6368350386619568,6.0,2024-07-18
2024_4490,0.7518282532691956,0.2183981984853744,0.5009297132492065,15.0,2024-07-18
2024_4492,0.7690898180007935,0.2667617797851562,0.5151411890983582,23.0,2024-07-18
2024_4500,0.6419896483421326,0.248801127076149,0.4837278127670288,20.0,2024-07-18
2024_4501,0.4744364321231842,0.1197950765490531,0.3018426895141601,14.0,2024-07-18
2024_4502,0.8625310063362122,0.3417243957519531,0.6352404952049255,20.0,2024-07-18
2024_4508,0.7535930871963501,0.2842017710208893,0.5489501953125,8.0,2024-07-18
2024_4510,0.699699878692627,0.1319005042314529,0.4100740253925323,8.0,2024-07-18
2024_4512,0.4186282455921173,0.0750558227300643,0.2668474912643432,10.0,2024-07-18
2024_4514,0.7110673785209656,0.1977525353431701,0.4127724468708038,6.0,2024-07-18
2024_4523,0.9075087308883668,0.2784143984317779,0.603844940662384,12.0,2024-07-18
2024_4524,0.8267495036125183,0.2782268524169922,0.5772884488105774,10.0,2024-07-18
2024_4528,0.7785566449165344,0.2215565592050552,0.5324955582618713,8.0,2024-07-18
2024_4535,0.8258964419364929,0.2240515202283859,0.5082324743270874,10.0,2024-07-18
2024_4540,0.7889142036437988,0.2776369750499725,0.574751079082489,14.0,2024-07-18
2024_4546,0.7946256399154663,0.2454962581396103,0.5083122253417969,16.0,2024-07-18
2024_4548,0.7778262495994568,0.2428077906370163,0.5439403057098389,14.0,2024-07-18
2024_4552,0.8153383731842041,0.2433066815137863,0.5471738576889038,12.0,2024-07-18
2024_4553,0.2949106693267822,0.0449726656079292,0.2308437973260879,12.0,2024-07-18
2024_4555,0.7529065608978271,0.1734417080879211,0.4533748626708984,18.0,2024-07-18
2024_4557,0.8815765380859375,0.2785031497478485,0.5753182172775269,14.0,2024-07-18
2024_4560,0.7336909174919128,0.1812750399112701,0.4688877165317535,10.0,2024-07-18
2024_4561,0.7406482696533203,0.1954417675733566,0.4954614043235779,12.0,2024-07-18
2024_4562,0.6377246379852295,0.1276944130659103,0.4158755838871002,12.0,2024-07-18
2024_4563,0.7186035513877869,0.1378723680973053,0.4169734716415405,8.0,2024-07-18
2024_4564,0.5647906064987183,0.1180661544203758,0.3570961654186249,8.0,2024-07-18
2024_4567,0.8321756720542908,0.3162650465965271,0.6089128255844116,8.0,2024-07-18
2024_4569,0.8221884369850159,0.3048564791679382,0.587816596031189,5.0,2024-07-18
2024_4577,0.7398795485496521,0.1587962359189987,0.4469194412231445,12.0,2024-07-18
2024_4578,0.7351558208465576,0.2237437814474105,0.506120502948761,10.0,2024-07-18
2024_4579,0.8198131918907166,0.2847620248794555,0.5914825201034546,10.0,2024-07-18
2024_4580,0.7646687030792236,0.1802251636981964,0.4198853969573974,8.0,2024-07-18
2024_4582,0.6679045557975769,0.1442674845457077,0.3955155611038208,6.0,2024-07-18
2024_4585,0.853016197681427,0.2269498258829116,0.527195155620575,6.0,2024-07-18
2024_4589,0.7057477235794067,0.1737651526927948,0.4620943665504455,6.0,2024-07-18
2024_4591,0.6791753172874451,0.222358301281929,0.4883720576763153,4.0,2024-07-18
2024_4594,0.8830305337905884,0.2849278748035431,0.5807232856750488,6.0,2024-07-18
2024_4595,0.7451624274253845,0.1920908242464065,0.5142620205879211,4.0,2024-07-18
2024_4598,0.8626479506492615,0.3068486750125885,0.6065837740898132,6.0,2024-07-18
2024_4600,0.7621633410453796,0.2401410341262817,0.5328673720359802,8.0,2024-07-18
2024_4601,0.8903329968452454,0.3142777979373932,0.6096362471580505,8.0,2024-07-18
2024_4602,0.887018084526062,0.334557294845581,0.6360546350479126,6.0,2024-07-18
2024_4603,0.8054210543632507,0.1804772466421127,0.4498670101165771,6.0,2024-07-18
2024_4606,0.7420646548271179,0.2512653768062591,0.5131644606590271,9.0,2024-07-18
2024_4607,0.872643768787384,0.2324927002191543,0.555256187915802,8.0,2024-07-18
2024_4608,0.8614609837532043,0.2341842651367187,0.5280433893203735,11.0,2024-07-18
2024_4609,0.8195044994354248,0.2646329402923584,0.5454818606376648,8.0,2024-07-18
2024_4610,0.6745197176933289,0.2067537605762481,0.4455649554729461,8.0,2024-07-18
2024_4615,0.8683270812034607,0.3267681300640106,0.6155401468276978,8.0,2024-07-18
2024_4619,0.8775633573532104,0.2923799753189087,0.6200661063194275,8.0,2024-07-18
2024_4621,0.6815822124481201,0.2363333404064178,0.4815515577793121,11.0,2024-07-18
2024_4622,0.812106728553772,0.2677096724510193,0.5557875633239746,10.0,2024-07-18
2024_4628,0.7289777994155884,0.227384552359581,0.5137490034103394,10.0,2024-07-18
2024_4630,0.804364025592804,0.2435874491930008,0.5278225541114807,12.0,2024-07-18
2024_4631,0.8387297987937927,0.2627359628677368,0.5689523816108704,2.0,2024-07-18
2024_4632,0.7657082080841064,0.0974681600928306,0.3646090626716614,1.0,2024-07-18
2024_4633,0.822134256362915,0.2591952085494995,0.519400954246521,4.0,2024-07-18
2024_4634,0.8862385153770447,0.3335446119308471,0.6425005197525024,5.0,2024-07-18
2024_4635,0.848702073097229,0.3237303495407104,0.6071748733520508,5.0,2024-07-18
2024_4636,0.8788649439811707,0.3013659417629242,0.6158464550971985,10.0,2024-07-18
2024_4637,0.8521058559417725,0.2528827786445617,0.5600751638412476,10.0,2024-07-18
2024_4638,0.8875986933708191,0.3230543434619903,0.6351616978645325,10.0,2024-07-18
2024_4640,0.8678598403930664,0.3037814795970917,0.5964195728302002,10.0,2024-07-18
2024_4641,0.7965725064277649,0.2122253775596618,0.5100059509277344,10.0,2024-07-18
2024_4642,0.8241978287696838,0.2299224287271499,0.5168412923812866,10.0,2024-07-18
2024_4643,0.8366814255714417,0.23931884765625,0.5007843971252441,10.0,2024-07-18
2024_4644,0.7702620029449463,0.1806312948465347,0.4499695599079132,5.0,2024-07-18
2024_4645,0.8785998821258545,0.2995099425315857,0.6056337952613831,5.0,2024-07-18
2024_4646,0.7964285612106323,0.2025019377470016,0.5050651431083679,5.0,2024-07-18
2024_4647,0.8162179589271545,0.2188454866409301,0.4842569828033447,2.0,2024-07-18
2024_4651,0.8770574331283569,0.3394053876399994,0.6573110222816467,8.0,2024-07-18
2024_4654,0.8267556428909302,0.3348137140274048,0.5948975682258606,2.0,2024-07-18
2024_4657,0.8438934683799744,0.3214873373508453,0.6245706081390381,3.0,2024-07-18
2024_4660,0.865353524684906,0.3129808306694031,0.6277582049369812,4.0,2024-07-18
2024_4662,0.6271982192993164,0.2573907971382141,0.4828157424926758,2.0,2024-07-18
2024_4665,0.8698908686637878,0.3665936589241028,0.6524205803871155,1.0,2024-07-18
2024_4666,0.8181084394454956,0.3621860444545746,0.6273938417434692,2.0,2024-07-18
2024_4667,0.7729490399360657,0.2931182086467743,0.5717212557792664,4.0,2024-07-18
2024_4668,0.8881862163543701,0.2895646095275879,0.5816910266876221,5.0,2024-07-18
2024_4672,0.6635338068008423,0.187955617904663,0.4774624407291412,5.0,2024-07-18
2024_4673,0.6415531635284424,0.1765983551740646,0.41324183344841,2.0,2024-07-18
2024_4674,0.813438355922699,0.2376952916383743,0.5311720967292786,3.0,2024-07-18
2024_4675,0.8588104844093323,0.3264248669147491,0.604606568813324,5.0,2024-07-18
2024_4676,0.8761692643165588,0.3367184996604919,0.6523551344871521,5.0,2024-07-18
2024_4679,0.8243411183357239,0.3594471216201782,0.6134628653526306,4.0,2024-07-18
2024_4680,0.8328699469566345,0.2085232734680175,0.5276201963424683,2.0,2024-07-18
2024_4681,0.8799447417259216,0.3263583779335022,0.5990033149719238,2.0,2024-07-18
2024_4682,0.8547458052635193,0.2986147701740265,0.6041666865348816,3.0,2024-07-18
2024_4683,0.896425187587738,0.3594015836715698,0.6622591018676758,4.0,2024-07-18
2024_4684,0.8624062538146973,0.3001861274242401,0.6129463315010071,4.0,2024-07-18
2024_4685,0.8857213258743286,0.4321867227554321,0.6955170631408691,3.0,2024-07-18
2024_4686,0.8254035115242004,0.3063212633132934,0.5608764290809631,4.0,2024-07-18
2024_4687,0.8248289227485657,0.3238815069198608,0.5734869837760925,4.0,2024-07-18
2024_4692,0.780931293964386,0.271474152803421,0.549541175365448,3.0,2024-07-18
2024_4693,0.8158357739448547,0.2162639945745468,0.4430202841758728,1.0,2024-07-18
2024_4695,0.745978832244873,0.1729898154735565,0.4174429476261139,2.0,2024-07-18
2024_4696,0.538131058216095,0.1064322814345359,0.3458646535873413,3.0,2024-07-18
2024_4697,0.6202661395072937,-0.0552940964698791,0.1996968537569046,3.0,2024-07-18
2024_4698,0.8607714176177979,0.235220655798912,0.5345228910446167,1.0,2024-07-18
2024_4699,0.7029203772544861,0.1877282857894897,0.4575087428092956,2.0,2024-07-18
2024_4700,0.7832689881324768,0.1938652247190475,0.4508900344371795,3.0,2024-07-18
2024_4701,0.7980278730392456,0.1060447692871093,0.3604322075843811,1.0,2024-07-18
2024_4702,0.7890400290489197,0.2225278615951538,0.5146904587745667,2.0,2024-07-18
2024_4703,0.8675496578216553,0.2345859259366989,0.5413345694541931,3.0,2024-07-18
2024_4704,0.6584838032722473,0.2040077000856399,0.4520922303199768,2.0,2024-07-18
2024_4705,0.8569929599761963,0.2100648432970047,0.5491701364517212,2.0,2024-07-18
2024_4706,0.7472734451293945,0.2229425013065338,0.4978679716587066,2.0,2024-07-18
2024_4707,0.8614181876182556,0.2735657691955566,0.5791400074958801,3.0,2024-07-18
2024_4708,0.901576042175293,0.2844584584236145,0.598019003868103,3.0,2024-07-18
2024_4709,0.8795180916786194,0.2582923173904419,0.5930641889572144,3.0,2024-07-18
2024_4710,0.4118486642837524,0.3616158068180084,0.6158534288406372,2.0,2024-07-18
2024_4711,0.8267039656639099,0.2851701080799103,0.58010333776474,3.0,2024-07-18
2024_4712,0.8931552767753601,0.3436595499515533,0.6591486930847168,3.0,2024-07-18
2024_4713,0.885019838809967,0.3374232947826385,0.6491393446922302,3.0,2024-07-18
2024_4714,0.8655683994293213,0.2962652742862701,0.5925127267837524,4.0,2024-07-18
2024_4715,0.7950549721717834,0.2102577239274978,0.4982607066631317,4.0,2024-07-18
2024_4716,0.5198463201522827,0.2163600474596023,0.3881658911705017,3.0,2024-07-18
2024_4717,0.835228681564331,0.255196064710617,0.5751546025276184,3.0,2024-07-18
2024_4718,0.5681234002113342,-0.0296924486756324,0.137588083744049,1.0,2024-07-18
2024_4719,0.8625525832176208,0.3380122780799866,0.6234718561172485,3.0,2024-07-18
2024_4720,0.7928760051727295,0.1592997014522552,0.4438687264919281,3.0,2024-07-18
2024_4721,0.7642477750778198,0.2625103890895843,0.5137433409690857,3.0,2024-07-18
2024_4722,0.7923591732978821,0.276752769947052,0.5871559381484985,3.0,2024-07-18
2024_4723,0.6713292002677917,0.199452742934227,0.4691312909126282,2.0,2024-07-18
2024_4724,0.868853747844696,0.343700110912323,0.636982262134552,4.0,2024-07-18
2024_4725,0.7990843057632446,0.0555789396166801,0.3478494584560394,3.0,2024-07-18
2024_4729,0.8278068900108337,0.310724675655365,0.5849676728248596,4.0,2024-07-18
2024_4730,0.8616952896118164,0.2802653908729553,0.5884931087493896,4.0,2024-07-18
2024_4731,0.8421995639801025,0.2420508861541748,0.5389376878738403,4.0,2024-07-18
2024_4732,0.8639247417449951,0.231617659330368,0.5659824013710022,5.0,2024-07-18
2024_4734,0.8071972727775574,0.2187777012586593,0.5114235877990723,3.0,2024-07-18
2024_4736,0.8932158350944519,0.3209772408008575,0.6205043196678162,3.0,2024-07-18
2024_4737,0.8367999792098999,0.156704381108284,0.3817452192306518,3.0,2024-07-18
2024_4738,0.7554486393928528,0.1766268163919448,0.466193825006485,3.0,2024-07-18
2024_4739,0.4748398959636688,0.0534226484596729,0.2717948853969574,3.0,2024-07-18
2024_4740,0.8516239523887634,0.1864183843135833,0.4993672668933868,3.0,2024-07-18
2024_4741,0.6338711977005005,0.1126647293567657,0.3488833606243133,2.0,2024-07-18
2024_4742,0.5263077616691589,0.20658640563488,0.4085314869880676,2.0,2024-07-18
2024_4743,0.4618259370326996,0.1278458833694458,0.3206386566162109,3.0,2024-07-18
2024_4744,0.8319702744483948,0.2478055357933044,0.5513116717338562,1.0,2024-07-18
2024_4745,0.7437607645988464,0.1579859107732772,0.4058689475059509,4.0,2024-07-18
2024_4746,0.8542413711547852,0.2361609041690826,0.5264322757720947,1.0,2024-07-18
2024_4747,0.8535096645355225,0.3011962175369262,0.5954465866088867,1.0,2024-07-18
2024_4748,0.6015589237213135,0.1737592667341232,0.4188763201236725,2.0,2024-07-18
2024_4749,0.6626916527748108,0.173721358180046,0.3905624449253082,3.0,2024-07-18
2024_4750,0.8745258450508118,0.2980400323867798,0.6035946011543274,1.0,2024-07-18
2024_4751,0.5481542944908142,0.222750723361969,0.438465416431427,2.0,2024-07-18
2024_4752,0.8197987079620361,0.2224492877721786,0.4442793428897857,1.0,2024-07-18
2024_4753,0.8727735280990601,0.3198565244674682,0.6082637906074524,1.0,2024-07-18
2024_4754,0.7330079674720764,0.2769992351531982,0.5463173985481262,2.0,2024-07-18
2024_4755,0.754448413848877,0.1631930768489837,0.358750581741333,1.0,2024-07-18
2024_4756,0.8531956672668457,0.2592451870441437,0.5118396878242493,1.0,2024-07-18
2024_4757,0.8533972501754761,0.1935366839170456,0.4044007658958435,1.0,2024-07-18
2024_4759,0.7743751406669617,0.2106314301490783,0.5110259056091309,3.0,2024-07-18
2024_4760,0.8254486322402954,0.2520714402198791,0.5212528109550476,3.0,2024-07-18
2024_4761,0.7879728078842163,0.2414662688970565,0.5420117974281311,4.0,2024-07-18
2024_4764,0.725373387336731,0.2616708874702453,0.4962359666824341,4.0,2024-07-18
2024_4765,0.262536883354187,0.0730484426021575,0.2121524363756179,3.0,2024-07-18
2024_4766,0.3822449445724487,0.205294594168663,0.3802005350589752,4.0,2024-07-18
2024_4770,0.4968843162059784,0.1126516759395599,0.2941632568836212,4.0,2024-07-18
2024_4771,0.8105882406234741,0.2332702428102493,0.5124221444129944,4.0,2024-07-18
2024_4775,0.796005368232727,0.2306606322526931,0.4784091711044311,6.0,2024-07-18
2024_4776,0.930161476135254,0.2924765646457672,0.6016610264778137,2.0,2024-07-18
2024_4779,0.7400721907615662,0.2476554363965988,0.4935550987720489,3.0,2024-07-18
2024_4780,0.5223754048347473,0.1167606189846992,0.3464472591876983,6.0,2024-07-18
2024_4781,0.8622769713401794,0.1946176439523697,0.532608687877655,5.0,2024-07-18
2024_4782,0.8661439418792725,0.3495342433452606,0.6341344118118286,5.0,2024-07-18
2024_4784,0.8053587675094604,0.1955239027738571,0.5226742625236511,5.0,2024-07-18
2024_4789,0.7380337715148926,0.1208615452051162,0.4255324304103851,4.0,2024-07-18
2024_4790,0.8502863049507141,0.2273924052715301,0.5218682885169983,4.0,2024-07-18
2024_4793,0.8498367667198181,0.3213741779327392,0.588283121585846,5.0,2024-07-18
2024_4794,0.5805000066757202,0.1620992422103881,0.44535893201828,5.0,2024-07-18
2024_4795,0.8595494031906128,0.2132371068000793,0.4782749116420746,2.0,2024-07-18
2024_4796,0.8315256237983704,0.2461844086647033,0.5295538306236267,6.0,2024-07-18
2024_4797,0.7418657541275024,0.2980968654155731,0.5687143802642822,6.0,2024-07-18
2024_4798,0.8997349739074707,0.3313944041728973,0.6526417136192322,5.0,2024-07-18
2024_4800,0.8116526007652283,0.222613587975502,0.4631681144237518,7.0,2024-07-18
2024_4801,0.8265150189399719,0.2591373026371002,0.538095235824585,7.0,2024-07-18
2024_4802,0.8424941301345825,0.2743192017078399,0.5882910490036011,6.0,2024-07-18
2024_4803,0.8570494651794434,0.2340288758277893,0.5191128253936768,4.0,2024-07-18
2024_4804,0.8232638835906982,0.2558680772781372,0.5677804946899414,4.0,2024-07-18
2024_4805,0.896814227104187,0.3314927816390991,0.6465087532997131,4.0,2024-07-18
2024_4806,0.8695289492607117,0.2660238146781921,0.5446366667747498,3.0,2024-07-18
2024_4807,0.9012471437454224,0.3214873373508453,0.6385148763656616,3.0,2024-07-18
2024_4808,0.8843077421188354,0.3167102336883545,0.6356632709503174,6.0,2024-07-18
2024_4809,0.9057896733283995,0.3717423677444458,0.6645027995109558,4.0,2024-07-18
2024_4810,0.8877722024917603,0.3468537330627441,0.6549192667007446,5.0,2024-07-18
2024_4811,0.903217613697052,0.2942798137664795,0.6285495162010193,3.0,2024-07-18
2024_4812,0.915115773677826,0.3449838161468506,0.6636435389518738,3.0,2024-07-18
2024_4813,0.8562551140785217,0.262345939874649,0.5678349733352661,6.0,2024-07-18
2024_4814,0.9102531671524048,0.3952956199645996,0.6878302693367004,4.0,2024-07-18
2024_4817,0.8382764458656311,0.2135958224534988,0.5268598794937134,4.0,2024-07-18
2024_4818,0.8727662563323975,0.2775705456733703,0.5531319975852966,4.0,2024-07-18
2024_4819,0.7643555998802185,0.2337893992662429,0.4945054948329925,3.0,2024-07-18
2024_4821,0.9175257682800292,0.3361632823944092,0.6640911102294922,3.0,2024-07-18
2024_4822,0.7713806629180908,0.1544639021158218,0.4283064007759094,6.0,2024-07-18
2024_4823,0.8593968749046326,0.2812743484973907,0.5754926204681396,6.0,2024-07-18
2024_4824,0.888323962688446,0.3021746575832367,0.6180994510650635,6.0,2024-07-18
2024_4825,0.889564573764801,0.2681537568569183,0.5827220678329468,5.0,2024-07-18
2024_4826,0.8777490258216858,0.350933313369751,0.644285261631012,4.0,2024-07-18
2024_4827,0.7430894374847412,0.1915502995252609,0.4933812022209167,5.0,2024-07-18
2024_4828,0.5778342485427856,0.0360903739929199,0.3352441787719726,4.0,2024-07-18
2024_4829,0.7890822887420654,0.1292920708656311,0.4386690557003021,4.0,2024-07-18
2024_4830,0.8877484202384949,0.3454165756702423,0.6444631218910217,4.0,2024-07-18
2024_4831,0.8321532011032104,0.2795287072658539,0.571932852268219,4.0,2024-07-18
2024_4832,0.891811728477478,0.3477649688720703,0.6685504913330078,4.0,2024-07-18
2024_4833,0.8865374326705933,0.3323890268802643,0.6163548231124878,4.0,2024-07-18
2024_4834,0.8078069686889648,0.2553721368312835,0.5541883111000061,4.0,2024-07-18
2024_4835,0.8938180208206177,0.3260702490806579,0.6596091985702515,4.0,2024-07-18
2024_4836,0.8558922410011292,0.3297887146472931,0.6247605085372925,3.0,2024-07-18
2024_4837,0.8201229572296143,0.2559940218925476,0.574065625667572,4.0,2024-07-18
2024_4838,0.8497942686080933,0.2352331578731537,0.5481326580047607,5.0,2024-07-18
2024_4839,0.8601622581481934,0.3190949559211731,0.5869465470314026,4.0,2024-07-18
2024_4841,0.8935481309890747,0.3232330977916717,0.645733654499054,4.0,2024-07-18
2024_4842,0.8829231262207031,0.3185687661170959,0.6316565275192261,4.0,2024-07-18
2024_4843,0.8046431541442871,0.2792403101921081,0.5957710146903992,4.0,2024-07-18
2024_4844,0.8458574414253235,0.2188200205564499,0.52601158618927,5.0,2024-07-18
2024_4845,0.828777015209198,0.2347155809402465,0.5291375517845154,5.0,2024-07-18
2024_4846,0.8485856652259827,0.2679761946201324,0.5698348879814148,5.0,2024-07-18
2024_4847,0.8295503258705139,0.2957233786582947,0.608433723449707,5.0,2024-07-18
2024_4848,0.869229257106781,0.3527435660362243,0.6415848731994629,5.0,2024-07-18
2024_4849,0.7721139192581177,0.2747546732425689,0.5743414163589478,5.0,2024-07-18
2024_4850,0.8481662273406982,0.3287848234176636,0.5907284617424011,1.0,2024-07-18
2024_4851,0.890007734298706,0.3120630979537964,0.5897541642189026,3.0,2024-07-18
2024_4852,0.896091878414154,0.3009927570819855,0.6143596172332764,4.0,2024-07-18
2024_4853,0.7756097316741943,0.1938724964857101,0.4664627313613891,5.0,2024-07-18
2024_4854,0.8763337731361389,0.2926084399223327,0.5909774303436279,7.0,2024-07-18
2024_4855,0.7722128629684448,0.2802226543426513,0.5719777941703796,3.0,2024-07-18
2024_4856,0.7737881541252136,0.2627811729907989,0.5195324420928955,3.0,2024-07-18
2024_4857,0.7173822522163391,0.2497343271970749,0.5142443180084229,3.0,2024-07-18
2024_4858,0.5487581491470337,0.0913820937275886,0.3584294617176056,3.0,2024-07-18
2024_4859,0.6662933826446533,0.2123845666646957,0.4381778538227081,3.0,2024-07-18
2024_4860,0.3438411951065063,0.1424788981676101,0.2476964592933654,3.0,2024-07-18
2024_4861,0.5068817734718323,0.1115391701459884,0.3136310875415802,2.0,2024-07-18
2024_4862,0.8534418940544128,0.3465985655784607,0.6275593042373657,3.0,2024-07-18
2024_4863,0.8255674839019775,0.3544229567050934,0.6210973262786865,3.0,2024-07-18
2024_4864,0.7409496903419495,0.1989315152168274,0.4917269349098205,2.0,2024-07-18
2024_4865,0.7155430912971497,0.1133807823061943,0.3694524466991424,2.0,2024-07-18
2024_4866,0.6314682960510254,0.1343155652284622,0.339024156332016,2.0,2024-07-18
2024_4867,0.8596106767654419,0.3022746741771698,0.6086075305938721,4.0,2024-07-18
2024_4869,0.6863484978675842,0.0946802422404289,0.3236116468906402,2.0,2024-07-18
2024_4870,0.8697262406349182,0.311103492975235,0.6122449636459351,2.0,2024-07-18
2024_4871,0.7256825566291809,0.1148732081055641,0.3638356626033783,2.0,2024-07-18
2024_4872,0.880906879901886,0.3153423368930816,0.6056029796600342,5.0,2024-07-18
2024_4873,0.8190386891365051,0.2064841538667678,0.4663525819778442,2.0,2024-07-18
2024_4874,0.7021627426147461,0.0824343487620353,0.2983291745185852,2.0,2024-07-18
2024_4875,0.7779296040534973,0.3126497566699981,0.5832065343856812,3.0,2024-07-18
2024_4876,0.779200553894043,0.1453637480735778,0.4197000563144684,2.0,2024-07-18
2024_4877,0.8273119926452637,0.2481676638126373,0.536210298538208,2.0,2024-07-18
2024_4878,0.8800910711288452,0.3147001564502716,0.5972490906715393,1.0,2024-07-18
2024_4879,0.7284901142120361,0.1793265789747238,0.4258395433425903,2.0,2024-07-18
2024_4880,0.8102719187736511,0.232575312256813,0.510517418384552,4.0,2024-07-18
2024_4881,0.499967873096466,-0.0185897052288055,0.1797450184822082,2.0,2024-07-18
2024_4882,0.6593825817108154,0.2437221109867096,0.4987737834453583,2.0,2024-07-18
2024_4885,0.8755336999893188,0.310732901096344,0.5989857316017151,2.0,2024-07-18
2024_4886,0.5943775177001953,0.0225370433181524,0.2548400163650512,1.0,2024-07-18
2024_4887,0.5341165661811829,0.2064144313335418,0.4177086651325226,2.0,2024-07-18
2024_4888,0.7549699544906616,0.2188038527965545,0.5058537125587463,3.0,2024-07-18
2024_4889,0.5555450916290283,0.1227765753865242,0.3401338458061218,4.0,2024-07-18
2024_4891,0.8073104023933411,0.3188548684120178,0.6139206290245056,3.0,2024-07-18
2024_4892,0.8290888667106628,0.195487305521965,0.5243268013000488,7.0,2024-07-18
2024_4893,0.7827484607696533,0.2591741681098938,0.5553800463676453,6.0,2024-07-18
2024_4897,0.8479913473129272,0.2612078785896301,0.580682635307312,1.0,2024-07-18
2024_4899,0.8506527543067932,0.3320999145507812,0.6027985215187073,3.0,2024-07-18
2024_4900,0.765606164932251,0.2568550109863281,0.5101367831230164,2.0,2024-07-18
2024_4901,0.8504124283790588,0.2481248825788498,0.5325926542282104,2.0,2024-07-18
2024_4902,0.7847746014595032,0.2535316944122314,0.4962711036205292,2.0,2024-07-18
2024_4903,0.7044100165367126,0.1044176518917083,0.3243193030357361,1.0,2024-07-18
2024_4904,0.7556270360946655,0.1778347045183181,0.4492368996143341,1.0,2024-07-18
2024_4905,0.8830706477165222,0.2702332139015198,0.5589225888252258,1.0,2024-07-18
2024_4906,0.8493744134902954,0.278868556022644,0.5698529481887817,1.0,2024-07-18
2024_4907,0.6459890604019165,0.0070332512259483,0.2014692276716232,2.0,2024-07-18
2024_4908,0.741925060749054,0.2261595278978347,0.4996692836284637,2.0,2024-07-18
2024_4909,0.7427563071250916,0.180006057024002,0.4489991962909698,2.0,2024-07-18
2024_4910,0.8926112651824951,0.3152607381343841,0.6062317490577698,1.0,2024-07-18
2024_4911,0.8362645506858826,0.2528558075428009,0.4675681591033935,2.0,2024-07-18
2024_4912,0.8666753768920898,0.2672569751739502,0.5966167449951172,4.0,2024-07-18
2024_4913,0.8230822682380676,0.2658147811889648,0.5438938736915588,5.0,2024-07-18
2024_4914,0.6599610447883606,0.1035375520586967,0.2974892258644104,1.0,2024-07-18
2024_4915,0.8989441990852356,0.3729552924633026,0.6906893253326416,1.0,2024-07-18
2024_4916,0.6348137259483337,0.3054990470409393,0.5570237040519714,4.0,2024-07-18
2024_4917,0.8722610473632812,0.2971576154232025,0.6345136165618896,1.0,2024-07-18
2024_4919,0.8711237907409668,0.2747977077960968,0.5843575596809387,1.0,2024-07-18
2024_4920,0.7460812330245972,0.2508300840854645,0.5381755232810974,2.0,2024-07-18
2024_4921,0.8791795372962952,0.244047611951828,0.5670102834701538,1.0,2024-07-18
2024_4922,0.8425531983375549,0.2262815088033676,0.5332860946655273,1.0,2024-07-18
2024_4923,0.8474758267402649,0.2717190682888031,0.5051411390304565,1.0,2024-07-18
2024_4924,,,,,2024-07-18
2024_4925,,,,,2024-07-18
2024_4926,0.5439894199371338,0.1461070775985717,0.4320019483566284,1.0,2024-07-18
2024_4927,0.8743455410003662,0.2213526219129562,0.5322256088256836,1.0,2024-07-18
2024_4928,0.5984951257705688,0.2184051126241684,0.4376353621482849,2.0,2024-07-18
2024_4931,0.8986666798591614,0.3538679480552673,0.6561282277107239,3.0,2024-07-18
2024_4932,0.8634533286094666,0.2268625497817993,0.5224270224571228,2.0,2024-07-18
2024_4933,0.9078473448753356,0.2663268744945526,0.5814601182937622,3.0,2024-07-18
2024_4934,0.8756957054138184,0.3552278578281402,0.6594173312187195,1.0,2024-07-18
2024_4935,0.6595945954322815,0.2448012083768844,0.4914688766002655,2.0,2024-07-18
2024_4936,0.8386023044586182,0.2102957218885421,0.5559727549552917,1.0,2024-07-18
2024_4937,0.8627499341964722,0.3019323647022247,0.5737226009368896,1.0,2024-07-18
2024_4938,0.711077094078064,0.1401360780000686,0.3811289668083191,1.0,2024-07-18
2024_4939,0.7929447889328003,0.2636130154132843,0.5638796091079712,3.0,2024-07-18
2024_4943,,,,,2024-07-18
2024_4944,0.8111391067504883,0.2718493342399597,0.5548996329307556,1.0,2024-07-18
2024_4945,0.8382099866867065,0.3064219951629638,0.602100133895874,1.0,2024-07-18
2024_4946,0.8493459820747375,0.3024142384529114,0.5811800956726074,1.0,2024-07-18
2024_4947,0.71010422706604,0.3162733018398285,0.5526325106620789,2.0,2024-07-18
2024_4948,0.7571718096733093,0.1811453104019165,0.4761441051959991,1.0,2024-07-18
2024_4949,0.8131634593009949,0.264716774225235,0.5623142123222351,1.0,2024-07-18
2024_4952,0.6729986667633057,0.0196402762085199,0.2724458277225494,1.0,2024-07-18
2024_4953,0.7772189378738403,0.012340540997684,0.2072373926639557,6.0,2024-07-18
2024_4955,0.7782294154167175,0.2847173511981964,0.5774278044700623,4.0,2024-07-18
2024_4957,0.8331007361412048,0.2525112628936767,0.5672131180763245,5.0,2024-07-18
2024_4958,0.8312746286392212,0.2276995927095413,0.5405581593513489,4.0,2024-07-18
2024_4959,0.7812074422836304,0.2405943721532821,0.5283349752426147,5.0,2024-07-18
2024_4960,0.8439126014709473,0.2550458908081054,0.5511608123779297,5.0,2024-07-18
2024_4961,0.8228452205657959,0.2555464208126068,0.5159235596656799,5.0,2024-07-18
2024_4962,0.8613007664680481,0.3869507312774658,0.6615090370178223,5.0,2024-07-18
2024_4964,0.8130447864532471,0.2405634522438049,0.5313053727149963,6.0,2024-07-18
2024_4968,0.6542643904685974,0.1455549895763397,0.406298965215683,6.0,2024-07-18
2024_4969,0.8042744398117065,0.2540240585803985,0.5672913193702698,3.0,2024-07-18
2024_4970,0.8072289228439331,0.2506012320518493,0.5192831754684448,3.0,2024-07-18
2024_4971,0.8877259492874146,0.3501190841197967,0.6567849516868591,1.0,2024-07-18
2024_4972,0.6792861223220825,0.256398856639862,0.522879958152771,2.0,2024-07-18
2024_4973,0.7869362235069275,0.3595621883869171,0.6321189403533936,5.0,2024-07-18
2024_4976,0.9092936515808104,0.2992945909500122,0.6224202513694763,5.0,2024-07-18
2024_4979,0.8725355267524719,0.3441352546215057,0.6491015553474426,5.0,2024-07-18
2024_4980,0.802398681640625,0.3088442683219909,0.6027815341949463,2.0,2024-07-18
2024_4981,0.8272027373313904,0.3387703895568847,0.6314684152603149,5.0,2024-07-18
2024_4982,0.8002711534500122,0.2926366627216339,0.6034649014472961,5.0,2024-07-18
2024_4983,0.7862138152122498,0.2783751487731933,0.5770672559738159,5.0,2024-07-18
2024_4984,0.7922196984291077,0.2781233489513397,0.575538158416748,5.0,2024-07-18
2024_4985,0.8880601525306702,0.3215264678001404,0.6363199353218079,2.0,2024-07-18
2024_4986,0.8636984825134277,0.3073972761631012,0.6198043823242188,3.0,2024-07-18
2024_4987,0.9100151658058168,0.2945819795131683,0.5973820686340332,5.0,2024-07-18
2024_4988,0.7954971790313721,0.2964054048061371,0.6067156195640564,5.0,2024-07-18
2024_4989,0.8052022457122803,0.3131382465362549,0.6168839335441589,6.0,2024-07-18
2024_4990,0.8467087149620056,0.3047410547733307,0.5866743922233582,5.0,2024-07-18
2024_4991,0.8680716753005981,0.2846376597881317,0.5947358012199402,3.0,2024-07-18
2024_4992,0.6333798766136169,0.1916535794734954,0.4407534301280975,2.0,2024-07-18
2024_4993,0.7571260333061218,0.2752520143985748,0.583457887172699,2.0,2024-07-18
2024_4994,0.7707129120826721,0.3049343228340149,0.6046878695487976,5.0,2024-07-18
2024_4995,0.7458643317222595,0.3251603841781616,0.6275908350944519,6.0,2024-07-18
2024_4996,0.6590708494186401,0.2849910855293274,0.5336381196975708,3.0,2024-07-18
2024_4997,0.7928014397621155,0.2607496678829193,0.5847750902175903,4.0,2024-07-18
2024_4998,0.8718605637550354,0.3454141020774841,0.6571565866470337,5.0,2024-07-18
2024_4999,0.8361259698867798,0.3263242840766907,0.6286324262619019,4.0,2024-07-18
2024_5000,0.8913924694061279,0.3663173317909241,0.6703891754150391,4.0,2024-07-18
2024_5001,0.8851743936538696,0.3032503426074981,0.6305429339408875,3.0,2024-07-18
2024_5002,0.8871268630027771,0.3221819698810577,0.6391248106956482,4.0,2024-07-18
2024_5003,0.5379835367202759,0.171978548169136,0.3924788236618042,4.0,2024-07-18
2024_5004,0.814907431602478,0.18022121489048,0.4514903128147125,3.0,2024-07-18
2024_5005,0.8833469748497009,0.3020538687705993,0.6073505282402039,1.0,2024-07-18
2024_5006,0.6614090204238892,0.1261582374572754,0.3916786313056946,3.0,2024-07-18
2024_5007,0.8176020383834839,0.2655417323112488,0.5706806182861328,1.0,2024-07-18
2024_5008,0.8434572219848633,0.2050573080778122,0.5357502698898315,1.0,2024-07-18
2024_5009,0.9266055226325988,0.3406848609447479,0.6650648713111877,1.0,2024-07-18
2024_5010,0.8928349018096924,0.3220191597938537,0.6365595459938049,1.0,2024-07-18
2024_5011,0.6694490909576416,0.2437810748815536,0.488095223903656,3.0,2024-07-18
2024_5012,0.8761579394340515,0.2973347008228302,0.6099656224250793,3.0,2024-07-18
2024_5013,0.8486354947090149,0.3001788258552551,0.625223696231842,6.0,2024-07-18
2024_5014,0.8858748078346252,0.3512312471866607,0.6750189065933228,6.0,2024-07-18
2024_5015,0.8682644367218018,0.2852583229541778,0.5695570111274719,6.0,2024-07-18
2024_5017,0.907117486000061,0.3061928749084472,0.62350994348526,6.0,2024-07-18
2024_5018,0.8816575407981873,0.311426430940628,0.6197420358657837,6.0,2024-07-18
2024_5019,0.8916317224502563,0.313687652349472,0.6463078260421753,6.0,2024-07-18
2024_5020,0.7377163767814636,0.2863054275512695,0.5685285925865173,8.0,2024-07-18
2024_5022,0.8186319470405579,0.2768778204917907,0.512099027633667,10.0,2024-07-18
2024_5023,0.8928640484809875,0.3529756665229797,0.6660968065261841,2.0,2024-07-18
2024_5024,0.8535727262496948,0.2363147437572479,0.571337103843689,2.0,2024-07-18
2024_5025,0.8935173749923706,0.3117297291755676,0.6487961411476135,4.0,2024-07-18
2024_5026,0.8895906805992126,0.328709214925766,0.6368841528892517,6.0,2024-07-18
2024_5027,0.8870297074317932,0.2269436120986938,0.5612950921058655,8.0,2024-07-18
2024_5029,0.6836445331573486,0.1193593740463256,0.4243500232696533,8.0,2024-07-18
2024_5030,0.8747205138206482,0.3364581167697906,0.6559887528419495,8.0,2024-07-18
2024_5031,0.6042996048927307,0.115148089826107,0.3649123311042785,10.0,2024-07-18
2024_5032,0.8843658566474915,0.3628936409950256,0.6742352843284607,8.0,2024-07-18
2024_5033,0.8823114037513733,0.347858726978302,0.6462269425392151,8.0,2024-07-18
2024_5034,0.8910041451454163,0.3622012436389923,0.6749418377876282,8.0,2024-07-18
2024_5035,0.8842465281486511,0.3435937464237213,0.6669745445251465,8.0,2024-07-18
2024_5037,0.4785109162330627,0.1634483486413955,0.3389626145362854,2.0,2024-07-18
2024_5038,0.7457895874977112,0.1278478950262069,0.4312229752540588,2.0,2024-07-18
2024_5039,0.8478959202766418,0.2755310535430908,0.6011418700218201,2.0,2024-07-18
2024_5040,0.6594455242156982,0.1450244039297104,0.4510819017887115,2.0,2024-07-18
2024_5041,0.8573524951934814,0.2815534174442291,0.5764706134796143,5.0,2024-07-18
2024_5042,0.8715885877609253,0.2727424204349518,0.6000022888183594,10.0,2024-07-18
2024_5043,0.8516836762428284,0.3432128727436065,0.6356629729270935,10.0,2024-07-18
2024_5044,0.8892637491226196,0.3321235179901123,0.6266568303108215,6.0,2024-07-18
2024_5045,0.8112525939941406,0.168906107544899,0.462037980556488,8.0,2024-07-18
2024_5046,0.8030785918235779,0.2753873467445373,0.5457366704940796,6.0,2024-07-18
2024_5048,0.752344012260437,0.327617883682251,0.5983485579490662,5.0,2024-07-18
2024_5049,0.8062533736228943,0.2376490086317062,0.556218683719635,6.0,2024-07-18
2024_5050,0.8529046177864075,0.2125627100467682,0.5634171366691589,4.0,2024-07-18
2024_5051,0.8758688569068909,0.3646359443664551,0.6838805675506592,6.0,2024-07-18
2024_5053,0.8602888584136963,0.3108605146408081,0.6204297542572021,6.0,2024-07-18
2024_5054,0.7887699604034424,0.1946240365505218,0.4850368797779083,8.0,2024-07-18
2024_5057,0.8643043041229248,0.3004776537418365,0.618931770324707,6.0,2024-07-18
2024_5058,0.8985828757286072,0.3151849806308746,0.6503875851631165,6.0,2024-07-18
2024_5060,0.8564972281455994,0.3278673589229584,0.6415125727653503,6.0,2024-07-18
2024_5061,0.892661988735199,0.2899194061756134,0.618034839630127,8.0,2024-07-18
2024_5065,0.8422643542289734,0.2819479405879974,0.5920209288597107,3.0,2024-07-18
2024_5067,0.7560898065567017,0.2531205117702484,0.5409627556800842,10.0,2024-07-18
2024_5068,0.8929589986801147,0.350872665643692,0.6633127331733704,6.0,2024-07-18
2024_5069,0.8728913068771362,0.3398286402225494,0.6430035829544067,8.0,2024-07-18
2024_5070,0.8810424208641052,0.3569281697273254,0.6592622995376587,6.0,2024-07-18
2024_5071,0.901253879070282,0.3275455832481384,0.6697109341621399,6.0,2024-07-18
2024_5072,0.8736252784729004,0.317318707704544,0.6370344161987305,4.0,2024-07-18
2024_5075,0.8154891729354858,0.3210435807704925,0.6076895594596863,5.0,2024-07-18
2024_5077,0.6647399067878723,0.2427080422639846,0.5215644240379333,3.0,2024-07-18
2024_5079,0.6143268346786499,0.2627662122249603,0.4665066301822662,3.0,2024-07-18
2024_5082,0.8084690570831299,0.2708842754364013,0.5540212392807007,5.0,2024-07-18
2024_5083,0.7730257511138916,0.1887111067771911,0.5157156586647034,8.0,2024-07-18
2024_5084,0.8512705564498901,0.2602260708808899,0.5811723470687866,6.0,2024-07-18
2024_5087,0.8659564852714539,0.2877929210662842,0.6200385093688965,3.0,2024-07-18
2024_5088,0.790351390838623,0.2739053666591644,0.553087055683136,3.0,2024-07-18
2024_5091,0.6954732537269592,0.203376829624176,0.4726461768150329,5.0,2024-07-18
2024_5092,0.7454334497451782,0.2744961977005005,0.5427970886230469,5.0,2024-07-18
2024_5093,0.8320895433425903,0.2806122601032257,0.564628541469574,5.0,2024-07-18
2024_5094,0.8314047455787659,0.2253943681716919,0.5118096470832825,6.0,2024-07-18
2024_5096,0.8597525358200073,0.268450915813446,0.5204678177833557,5.0,2024-07-18
2024_5097,0.6814589500427246,0.1595330834388733,0.3850776255130768,5.0,2024-07-18
2024_5098,0.7496839761734009,0.1744110584259033,0.4268041253089905,5.0,2024-07-18
2024_5099,0.9010509848594666,0.3239015340805053,0.6404196619987488,4.0,2024-07-18
2024_5100,0.6468835473060608,0.2308834642171859,0.5267035365104675,5.0,2024-07-18
2024_5101,0.8540452122688293,0.2971956729888916,0.6106947660446167,5.0,2024-07-18
2024_5104,0.777778148651123,0.2582583725452423,0.5202060341835022,8.0,2024-07-18
2024_5109,0.8467514514923096,0.2894239723682403,0.5894522666931152,14.0,2024-07-18
2024_5110,0.5327715277671814,0.1197696402668953,0.3308464288711548,8.0,2024-07-18
2024_5112,0.4898252487182617,0.1343337148427963,0.3491673767566681,12.0,2024-07-18
2024_5113,0.8271914720535278,0.2343651354312896,0.5419512987136841,6.0,2024-07-18
2024_5118,0.8766447305679321,0.3572960495948791,0.6470657587051392,10.0,2024-07-18
2024_5120,0.8857058882713318,0.2800333499908447,0.6015480756759644,12.0,2024-07-18
2024_5121,0.5920172333717346,0.1517036408185959,0.4064604341983795,8.0,2024-07-18
2024_5129,0.8804627060890198,0.314091682434082,0.6273366808891296,9.0,2024-07-18
2024_5130,0.7817221283912659,0.2090138792991638,0.4899937212467193,6.0,2024-07-18
2024_5134,0.7186065316200256,0.1527047604322433,0.4052907526493072,6.0,2024-07-18
2024_5135,0.7655668258666992,0.2772609293460846,0.5420649647712708,6.0,2024-07-18
2024_5136,0.8994652628898621,0.2725576758384704,0.6030871272087097,5.0,2024-07-18
2024_5139,0.7753435373306274,0.2543632388114929,0.5357820391654968,4.0,2024-07-18
2024_5140,0.3148445785045624,0.0512290075421333,0.2536373734474182,4.0,2024-07-18
2024_5141,0.6282528042793274,0.199184238910675,0.4887398183345794,5.0,2024-07-18
2024_5145,0.8750156760215759,0.3545481860637665,0.6620475649833679,6.0,2024-07-18
2024_5146,0.7948424816131592,0.267540842294693,0.5696044564247131,12.0,2024-07-18
2024_5148,0.6322252154350281,0.2121940404176712,0.4451264441013336,4.0,2024-07-18
2024_5149,0.7862558960914612,0.3300667107105255,0.6070358157157898,8.0,2024-07-18
2024_5150,0.8422380685806274,0.2639284133911133,0.5692355036735535,6.0,2024-07-18
2024_5152,0.6223979592323303,0.1544359773397445,0.4154036045074463,4.0,2024-07-18
2024_5153,0.8485726714134216,0.2550500035285949,0.5506439208984375,8.0,2024-07-18
2024_5155,0.8799073100090027,0.3070155680179596,0.5911786556243896,10.0,2024-07-18
2024_5156,0.8597301840782166,0.3021745085716247,0.5985418558120728,14.0,2024-07-18
2024_5157,0.8180219531059265,0.3090678751468658,0.5910751819610596,5.0,2024-07-18
2024_5161,0.8570329546928406,0.2221393138170242,0.5360398292541504,10.0,2024-07-18
2024_5163,0.6685641407966614,0.2459510564804077,0.5194150805473328,4.0,2024-07-18
2024_5164,0.7650793790817261,0.2929292917251587,0.5534804463386536,3.0,2024-07-18
2024_5166,0.7059483528137207,0.1270908564329147,0.4138702750205993,5.0,2024-07-18
2024_5167,0.7391927242279053,0.2854122519493103,0.563347339630127,5.0,2024-07-18
2024_5168,0.8647651672363281,0.2961887121200561,0.6124165058135986,5.0,2024-07-18
2024_5171,0.8580207824707031,0.3254724144935608,0.6041923761367798,3.0,2024-07-18
2024_5172,0.8996827006340027,0.3623431921005249,0.6507821083068848,2.0,2024-07-18
2024_5173,0.7999376654624939,0.3155779838562011,0.6027535796165466,2.0,2024-07-18
2024_5175,0.8526480197906494,0.2982717156410217,0.5909822583198547,4.0,2024-07-18
2024_5177,0.845676064491272,0.2471202909946441,0.5566380620002747,4.0,2024-07-18
2024_5179,0.8614271283149719,0.3025538623332977,0.6141059398651123,4.0,2024-07-18
2024_5180,0.5380097031593323,0.1660943627357483,0.3937987685203552,4.0,2024-07-18
2024_5181,0.6392694115638733,0.1165884286165237,0.4264575242996216,5.0,2024-07-18
2024_5182,0.8655924201011658,0.3425127565860748,0.6493165493011475,4.0,2024-07-18
2024_5183,0.8284642696380615,0.3517533540725708,0.6329171657562256,4.0,2024-07-18
2024_5185,0.6664239168167114,0.2414541542530059,0.5082399249076843,3.0,2024-07-18
2024_5186,0.5758723020553589,0.3082841634750366,0.538566529750824,2.0,2024-07-18
2024_5187,0.7932364344596863,0.1912709772586822,0.4976884722709656,6.0,2024-07-18
2024_5190,0.9205372333526612,0.3284855782985687,0.6420550346374512,10.0,2024-07-18
2024_5197,0.5580188035964966,0.1452115625143051,0.4005719125270843,12.0,2024-07-18
2024_5198,0.8476734161376953,0.3040477037429809,0.613043487071991,11.0,2024-07-18
2024_5199,0.875710666179657,0.3309982419013977,0.6030246019363403,11.0,2024-07-18
2024_5231,0.8748765587806702,0.31190025806427,0.6189113855361938,10.0,2024-07-18
2024_5232,0.762061357498169,0.218376412987709,0.5072948336601257,8.0,2024-07-18
2024_5233,0.7943548560142517,0.2603366076946258,0.5477901101112366,14.0,2024-07-18
2024_5248,0.7678192853927612,0.2729285061359405,0.5451694130897522,18.0,2024-07-18
2024_5263,0.8211018443107605,0.2682995796203613,0.5490159392356873,9.0,2024-07-18
2024_5264,0.7805837988853455,0.2702866792678833,0.6057052612304688,10.0,2024-07-18
2024_5276,0.6647246479988098,0.1940744817256927,0.4248168468475342,8.0,2024-07-18
2024_5281,0.8246456980705261,0.3342905938625335,0.6097749471664429,8.0,2024-07-18
2024_5282,0.5207006335258484,0.0391462109982967,0.2792607545852661,10.0,2024-07-18
2024_5290,0.8648160099983215,0.2661055326461792,0.5736899971961975,6.0,2024-07-18
2024_5303,0.7982984781265259,0.1844632476568222,0.4700490236282348,6.0,2024-07-18
2024_5304,0.8406714200973511,0.2202455401420593,0.4923669397830963,6.0,2024-07-18
2024_5307,0.6505529284477234,0.2071349918842315,0.4168033599853515,4.0,2024-07-18
2024_5311,0.841948390007019,0.2153300195932388,0.5421523451805115,8.0,2024-07-18
2024_5314,0.6187267899513245,0.1290873736143112,0.3481648862361908,8.0,2024-07-18
2024_5316,0.6686964631080627,0.2084121406078338,0.4606232941150665,10.0,2024-07-18
2024_5317,0.6855787634849548,0.1768185645341873,0.3850602209568023,8.0,2024-07-18
2024_5318,0.880109965801239,0.3178071677684784,0.6055276989936829,6.0,2024-07-18
2024_5319,0.736562967300415,0.1023134142160415,0.3342173397541046,12.0,2024-07-18
2024_5321,0.7832151055335999,0.2417932599782943,0.497173011302948,10.0,2024-07-18
2024_5322,0.7618709802627563,0.2182951122522354,0.5015628933906555,12.0,2024-07-18
2024_5323,0.7972686886787415,0.24860280752182,0.5403846502304077,12.0,2024-07-18
2024_5324,0.597435474395752,0.1516579240560531,0.3293702304363251,12.0,2024-07-18
2024_5326,0.8406697511672974,0.2940015792846679,0.5955678820610046,15.0,2024-07-18
2024_5340,0.6271668076515198,0.2008371204137802,0.4395060241222381,12.0,2024-07-18
2024_5341,0.6177657246589661,0.2338664829730987,0.4696808755397796,10.0,2024-07-18
2024_5344,0.5181686878204346,0.2149194628000259,0.408670574426651,10.0,2024-07-18
2024_5346,0.7344508171081543,0.2186580002307891,0.4792452752590179,13.0,2024-07-18
2024_5347,0.4767475426197052,0.1794555038213729,0.4334056973457336,8.0,2024-07-18
2024_5348,0.7393722534179688,0.2863208949565887,0.5471912026405334,8.0,2024-07-18
2024_5351,0.6254885792732239,0.2455763667821884,0.5198084115982056,10.0,2024-07-18
2024_5352,0.6012827157974243,0.1982102990150451,0.4507042169570923,9.0,2024-07-18
2024_5353,0.6222187280654907,0.1508846431970596,0.3797975182533264,8.0,2024-07-18
2024_5354,0.7149916291236877,0.285493940114975,0.5036606788635254,8.0,2024-07-18
2024_5358,0.797954797744751,0.3036781549453735,0.5752965211868286,4.0,2024-07-18
2024_5361,0.8304499983787537,0.3470163643360138,0.6300957798957825,12.0,2024-07-18
2024_5364,0.7770318388938904,0.2347189784049987,0.504862368106842,8.0,2024-07-18
2024_5365,0.8886716961860657,0.2781187891960144,0.5935848951339722,4.0,2024-07-18
2024_5371,0.7594424486160278,0.1884666383266449,0.4881246387958526,20.0,2024-07-18
2024_5372,0.8730682730674744,0.3381363749504089,0.6397003531455994,12.0,2024-07-18
2024_5375,0.7658303380012512,0.2455767840147018,0.5303085446357727,23.0,2024-07-18
2024_5383,0.7927080988883972,0.2330558747053146,0.4465562105178833,9.0,2024-07-18
2024_5384,0.6909492015838623,0.1207022666931152,0.3792952597141266,9.0,2024-07-18
2024_5386,0.6517789363861084,0.1961062103509903,0.4544485807418823,15.0,2024-07-18
2024_5387,0.6423541903495789,0.1798355281352996,0.4116533696651459,12.0,2024-07-18
2024_5391,0.8335964679718018,0.2478967607021331,0.5507708787918091,12.0,2024-07-18
2024_5392,0.8942031264305115,0.3469942212104797,0.6323226690292358,9.0,2024-07-18
2024_5393,0.8680939078330994,0.3182490766048431,0.6148893237113953,10.0,2024-07-18
2024_5402,0.812809944152832,0.2250049859285354,0.4842378795146942,6.0,2024-07-18
2024_5404,0.7003821730613708,0.2241992801427841,0.4996541142463684,9.0,2024-07-18
2024_5409,0.7487850785255432,0.2677195370197296,0.5528676509857178,8.0,2024-07-18
2024_5418,0.8219336867332458,0.3006650805473327,0.592583417892456,10.0,2024-07-18
2024_5420,0.7686808705329895,0.2612771391868591,0.5481170415878296,8.0,2024-07-18
2024_5421,0.8839846849441528,0.3203457295894623,0.6347478628158569,8.0,2024-07-18
2024_5422,0.7198120355606079,0.1382881104946136,0.3837675750255584,6.0,2024-07-18
2024_5425,0.8457698822021484,0.2898693382740021,0.5603315830230713,8.0,2024-07-18
2024_5426,0.7566355466842651,0.2366781383752823,0.4873961508274078,4.0,2024-07-18
2024_5427,0.8039796948432922,0.3000763654708862,0.6022846698760986,4.0,2024-07-18
2024_5428,0.840729296207428,0.3364315330982208,0.6071411967277527,6.0,2024-07-18
2024_5433,0.831270158290863,0.2913535535335541,0.5833852887153625,6.0,2024-07-18
2024_5434,0.7741314768791199,0.1912229806184768,0.4907459616661072,8.0,2024-07-18
2024_5442,0.8423258066177368,0.2857843041419983,0.582131564617157,2.0,2024-07-18
2024_5444,0.7894949913024902,0.216583177447319,0.5322961807250977,8.0,2024-07-18
2024_5449,0.8685994744300842,0.2747167348861694,0.5945971012115479,14.0,2024-07-18
2024_5450,0.8175417184829712,0.2883857786655426,0.5909876823425293,14.0,2024-07-18
2024_5452,0.747406005859375,0.1940081566572189,0.503399133682251,12.0,2024-07-18
2024_5454,0.7495113611221313,0.1610666513442993,0.4328140616416931,14.0,2024-07-18
2024_5458,0.8794340491294861,0.3054602742195129,0.6172861456871033,12.0,2024-07-18
2024_5460,0.8510792851448059,0.2704197764396667,0.5563468933105469,9.0,2024-07-18
2024_5462,0.7945395708084106,0.278077483177185,0.563218355178833,11.0,2024-07-18
2024_5466,0.820722758769989,0.2520433664321899,0.5341712236404419,8.0,2024-07-18
2024_5467,0.7445374727249146,0.173790842294693,0.4855293929576874,8.0,2024-07-18
2024_5468,0.8294324278831482,0.2553438544273376,0.5490596890449524,8.0,2024-07-18
2024_5469,0.7993350028991699,0.2286539822816848,0.5288678407669067,8.0,2024-07-18
2024_5470,0.8724754452705383,0.2876499593257904,0.604339599609375,8.0,2024-07-18
2024_5471,0.8290927410125732,0.1713867634534835,0.5159181356430054,8.0,2024-07-18
2024_5473,0.5078630447387695,0.1358188837766647,0.423814982175827,8.0,2024-07-18
2024_5474,0.8314180374145508,0.2783671915531158,0.5335967540740967,12.0,2024-07-18
2024_5477,0.8391852378845215,0.1970935314893722,0.5125085711479187,13.0,2024-07-18
2024_5481,0.8023620247840881,0.1996281743049621,0.4997140765190124,2.0,2024-07-18
2024_5482,0.8849075436592102,0.3504437804222107,0.6369094848632812,6.0,2024-07-18
2024_5484,0.8582055568695068,0.3322140872478485,0.6294087171554565,8.0,2024-07-18
2024_5487,0.8965783715248108,0.283034086227417,0.6071561574935913,6.0,2024-07-18
2024_5490,0.5272372961044312,0.0571126714348793,0.3224347531795501,18.0,2024-07-18
2024_5494,0.8902875185012817,0.3550642430782318,0.6504592895507812,16.0,2024-07-18
2024_5495,0.8997976183891296,0.3632550835609436,0.6537101864814758,16.0,2024-07-18
2024_5496,0.8579418063163757,0.3011483550071716,0.6031189560890198,4.0,2024-07-18
2024_5521,0.8927467465400696,0.2432619035243988,0.5833961963653564,12.0,2024-07-18
2024_5528,0.640235185623169,0.1142848134040832,0.4037691950798034,14.0,2024-07-18
2024_5530,0.8718826174736023,0.2434627413749694,0.525707483291626,1.0,2024-07-18
2024_5531,0.8654634952545166,0.3044557869434356,0.5815353393554688,3.0,2024-07-18
2024_5532,0.9146721959114076,0.3744239509105682,0.6627177596092224,3.0,2024-07-18
2024_5533,0.6924619078636169,0.1275788992643356,0.4177024662494659,4.0,2024-07-18
2024_5536,0.8450416326522827,0.2605438530445099,0.580829381942749,8.0,2024-07-18
2024_5538,0.8780216574668884,0.3315637409687042,0.6467447280883789,2.0,2024-07-18
2024_5540,0.7788770794868469,0.2582271993160248,0.5653614401817322,10.0,2024-07-18
2024_5541,0.7183002233505249,0.0750428736209869,0.3695711493492126,3.0,2024-07-18
2024_5542,0.3580445051193237,0.0857226476073265,0.2357417643070221,2.0,2024-07-18
2024_5543,0.9162245392799376,0.3290318250656128,0.6402350068092346,2.0,2024-07-18
2024_5544,0.8545902371406555,0.2729963958263397,0.5416133403778076,1.0,2024-07-18
2024_5545,0.7410798668861389,0.1282995790243148,0.3906683623790741,1.0,2024-07-18
2024_5546,0.8407625555992126,0.2663452327251434,0.5898305177688599,1.0,2024-07-18
2024_5547,0.8443113565444946,0.2813918590545654,0.5973597764968872,1.0,2024-07-18
2024_5548,0.8056955933570862,0.2561374306678772,0.5525563359260559,10.0,2024-07-18
2024_5549,0.3675618767738342,0.0312484912574291,0.2571833729743957,10.0,2024-07-18
2024_5550,0.8892519474029541,0.3335797786712646,0.6509581208229065,10.0,2024-07-18
2024_5551,0.8829268217086792,0.3107559382915497,0.6156712770462036,10.0,2024-07-18
2024_5552,0.4134585261344909,0.2007444649934768,0.370977520942688,1.0,2024-07-18
2024_5554,0.7866437435150146,0.2611948251724243,0.5171982645988464,2.0,2024-07-18
2024_7204,0.8755666613578796,0.3962264060974121,0.6780705451965332,3.0,2024-07-18
2024_7243,0.5761995315551758,0.2068766504526138,0.4996744990348816,6.0,2024-07-18
2024_7244,0.800952136516571,0.2743894159793854,0.5804945230484009,10.0,2024-07-18
2024_7245,0.3615927994251251,0.1175451427698135,0.3808312118053436,9.0,2024-07-18
2024_5599,0.8036893606185913,0.2060722410678863,0.5211488008499146,18.0,2024-08-02
2024_5615,0.7574736475944519,0.1877131313085556,0.4020168781280517,4.0,2024-08-02
2024_5617,0.895035445690155,0.3463217914104461,0.6710444092750549,5.0,2024-08-02
2024_5619,0.8483283519744873,0.2661898136138916,0.5785207748413086,5.0,2024-08-02
2024_5620,0.8547026515007019,0.3159897923469543,0.623170793056488,6.0,2024-08-02
2024_5624,0.8730370402336121,0.2819449603557586,0.6026951670646667,12.0,2024-08-02
2024_5625,0.8087797164916992,0.1620350331068039,0.4523131251335144,4.0,2024-08-02
2024_5626,0.7804632186889648,0.2808210253715515,0.5663633346557617,3.0,2024-08-02
2024_5627,0.8948769569396973,0.3357009291648865,0.6588590741157532,4.0,2024-08-02
2024_5960,0.698926568031311,0.215426504611969,0.4732341766357422,4.0,2024-08-02
2024_5961,0.5878841280937195,0.226047933101654,0.4366825222969055,4.0,2024-08-02
2024_5962,0.5989930033683777,0.2697589099407196,0.4636596739292145,2.0,2024-08-02
2024_5963,0.5723908543586731,0.2493782490491867,0.4125914275646209,2.0,2024-08-02
2024_5964,0.6627163887023926,0.2404868751764297,0.4867681562900543,4.0,2024-08-02
2024_5966,0.680044412612915,0.2885893285274505,0.5333126783370972,2.0,2024-08-02
2024_5967,0.7754355072975159,0.1767863929271698,0.4822099804878235,6.0,2024-08-02
2024_5968,0.8554251790046692,0.3222657144069671,0.6305742263793945,6.0,2024-08-02
2024_6028,0.8801079392433167,0.4045186936855316,0.6882927417755127,6.0,2024-08-02
2024_6031,0.6031107306480408,0.2194809764623642,0.4102923572063446,6.0,2024-08-02
2024_6041,,,,,2024-08-02
2024_6042,0.8612032532691956,0.3160774707794189,0.6221679449081421,2.0,2024-08-02
2024_6043,0.7540526390075684,0.2412169128656387,0.5271830558776855,2.0,2024-08-02
2024_6044,0.868628740310669,0.3222667574882507,0.6338607668876648,2.0,2024-08-02
2024_6045,0.8674922585487366,0.3052142560482025,0.6140195727348328,2.0,2024-08-02
2024_6047,0.8609486818313599,0.2947772145271301,0.590522050857544,3.0,2024-08-02
2024_5510,0.7135229706764221,0.167097732424736,0.4605468809604645,12.0,2024-08-17
2024_5511,0.5581100583076477,0.0784474089741706,0.3450876772403717,12.0,2024-08-17
2024_5512,0.8307275176048279,0.2188739031553268,0.5243186354637146,14.0,2024-08-17
2024_5513,0.5828346610069275,0.1321916878223419,0.4037856161594391,12.0,2024-08-17
2024_5515,0.5773200988769531,0.0681669786572456,0.3351975381374359,16.0,2024-08-17
2024_5516,0.708293616771698,0.1300228089094162,0.455773115158081,15.0,2024-08-17
2024_131,0.8567748665809631,0.2589285671710968,0.5869660973548889,7.0,2024-08-22
2024_134,0.8393574357032776,0.3071954250335693,0.6129749417304993,5.0,2024-08-22
2024_145,0.857732892036438,0.3138638436794281,0.6179056763648987,5.0,2024-08-22
2024_324,0.7589008808135986,0.3138088583946228,0.5453710556030273,4.0,2024-08-22
2024_790,0.6304303407669067,0.1883718371391296,0.4709793329238891,4.0,2024-08-22
2024_812,0.5980619192123413,0.2210132777690887,0.4650205671787262,3.0,2024-08-22
2024_855,0.832921028137207,0.3410404622554779,0.624498724937439,23.0,2024-08-22
2024_858,0.4169867634773254,0.1416173726320266,0.3620609045028686,21.0,2024-08-22
2024_861,0.8675205707550049,0.2943992614746094,0.6160627603530884,14.0,2024-08-22
2024_1016,0.84375,0.264243334531784,0.5801952481269836,7.0,2024-08-22
2024_122,0.8709531426429749,0.325169175863266,0.6295644640922546,7.0,2024-08-27
2024_167,0.3169754445552826,0.049414437264204,0.2766969501972198,12.0,2024-08-27
2024_190,0.7817127108573914,0.2826293110847473,0.5630136132240295,12.0,2024-08-27
2024_320,0.829206645488739,0.2877979278564453,0.6178770661354065,5.0,2024-08-27
2024_710,0.7838917374610901,0.1888215392827987,0.4730670750141144,3.0,2024-08-27
2024_872,0.7718250751495361,0.2732811868190765,0.5431859493255615,12.0,2024-08-27
2024_952,0.2204006761312484,0.1155268102884292,0.277729868888855,4.0,2024-08-27
2024_5585,0.8412064909934998,0.2629528939723968,0.5735018849372864,12.0,2024-08-27
2024_5586,0.8396425843238831,0.2645364105701446,0.5838195085525513,7.0,2024-08-27
2024_17,0.6654891967773438,0.1093733087182045,0.3536695539951324,14.0,2024-09-01
2024_96,0.730279803276062,0.1138539761304855,0.3680358529090881,10.0,2024-09-01
2024_104,0.8934405446052551,0.2754548490047455,0.6021786332130432,9.0,2024-09-01
2024_105,0.724214494228363,0.14824940264225,0.4300287365913391,6.0,2024-09-01
2024_124,0.8820948600769043,0.3261683881282806,0.6342856884002686,9.0,2024-09-01
2024_144,0.8638687133789062,0.323541909456253,0.6407269835472107,8.0,2024-09-01
2024_163,0.4970080554485321,0.130275085568428,0.3698678910732269,16.0,2024-09-01
2024_164,0.8763859272003174,0.3048050105571747,0.6186736822128296,16.0,2024-09-01
2024_172,0.7561520934104919,0.2677492499351501,0.5266017913818359,12.0,2024-09-01
2024_175,0.8607203960418701,0.2724953293800354,0.5821420550346375,8.0,2024-09-01
2024_180,0.6883401274681091,0.1955042332410812,0.4527227878570556,8.0,2024-09-01
2024_256,0.8287026286125183,0.2430354952812194,0.5877193808555603,10.0,2024-09-01
2024_273,0.7941333055496216,0.2478857189416885,0.4908043444156647,7.0,2024-09-01
2024_284,0.6966707706451416,0.1038023605942726,0.3269045352935791,5.0,2024-09-01
2024_295,0.6688463687896729,0.253198891878128,0.45225790143013,9.0,2024-09-01
2024_300,0.816963255405426,0.2381410300731659,0.5396572351455688,19.0,2024-09-01
2024_302,0.556947648525238,0.0585309676826,0.2149088084697723,17.0,2024-09-01
2024_303,-0.0196078661829233,-0.0422901660203933,0.0705454647541046,13.0,2024-09-01
2024_326,0.2253104746341705,-0.082982949912548,0.0694193691015243,11.0,2024-09-01
2024_597,0.7809621095657349,0.2951155304908752,0.5494787693023682,17.0,2024-09-01
2024_602,0.8691304326057434,0.3174477219581604,0.6106215119361877,14.0,2024-09-01
2024_791,0.8646557927131653,0.2376937717199325,0.5891917943954468,10.0,2024-09-01
2024_5555,0.8650299310684204,0.2551376521587372,0.5840880870819092,18.0,2024-09-01
2024_5556,0.8477752804756165,0.2005824297666549,0.4616893529891968,20.0,2024-09-01
2024_5557,0.8108699321746826,0.2900561392307281,0.5809405446052551,18.0,2024-09-01
2024_5558,0.8642470240592957,0.2736128568649292,0.5706548094749451,48.0,2024-09-01
2024_5559,0.8336052298545837,0.2688729763031006,0.5842965245246887,43.0,2024-09-01
2024_5560,0.7052342891693115,0.1373454928398132,0.4121379256248474,20.0,2024-09-01
2024_5564,0.9084678292274476,0.3542613983154297,0.6506347060203552,9.0,2024-09-01
2024_5573,0.8870765566825867,0.3339288830757141,0.6416484117507935,5.0,2024-09-01
2024_5574,0.8475536704063416,0.3289851248264313,0.6311078071594238,6.0,2024-09-01
2024_5575,0.6215506196022034,0.1169335097074508,0.3349368572235107,7.0,2024-09-01
2024_5576,0.7634690999984741,0.1741334050893783,0.4718992114067077,7.0,2024-09-01
2024_5584,0.877352774143219,0.3114157915115356,0.6221644878387451,6.0,2024-09-01
2024_5587,0.6542388796806335,0.1368360817432403,0.3927452266216278,14.0,2024-09-01
2024_5588,0.7558414340019226,0.1932358145713806,0.4954887330532074,5.0,2024-09-01
2024_5589,0.6226101517677307,0.1955204606056213,0.4500372111797333,13.0,2024-09-01
2024_5634,0.8104739785194397,0.2736242711544037,0.5370396375656128,20.0,2024-09-01
2024_5635,0.867022693157196,0.3166310787200928,0.6295283436775208,16.0,2024-09-01
2024_5636,0.9075882434844972,0.3596976697444916,0.6536439061164856,16.0,2024-09-01
2024_5638,0.8646005988121033,0.2644002735614776,0.5706684589385986,12.0,2024-09-01
2024_5639,0.8974668979644775,0.3058274984359741,0.604561448097229,2.0,2024-09-01
2024_5640,0.918281078338623,0.3522206246852875,0.6507270932197571,8.0,2024-09-01
2024_5641,0.9082677364349364,0.340619295835495,0.6470993161201477,5.0,2024-09-01
2024_5642,0.7072521448135376,0.2850216925144195,0.5441552400588989,11.0,2024-09-01
2024_5658,0.8887563347816467,0.3526752889156341,0.6483879685401917,38.0,2024-09-01
2024_5659,0.7771071195602417,0.2501170635223388,0.5182279944419861,38.0,2024-09-01
2024_5660,0.8857329487800598,0.3459393680095672,0.6521350741386414,23.0,2024-09-01
2024_5668,0.8400678038597107,0.2625057995319366,0.5841429829597473,9.0,2024-09-01
2024_5671,0.8853787779808044,0.3209783136844635,0.6261429190635681,14.0,2024-09-01
2024_5672,0.900756537914276,0.3586653769016266,0.6563994884490967,12.0,2024-09-01
2024_5673,0.8675735592842102,0.3534179031848907,0.6599830985069275,14.0,2024-09-01
2024_5674,0.8476893901824951,0.2998380064964294,0.6090109348297119,14.0,2024-09-01
2024_5675,0.8933157324790955,0.3124973773956299,0.6290757060050964,12.0,2024-09-01
2024_5676,0.5150163769721985,0.1474433094263076,0.4541782438755035,2.0,2024-09-01
2024_5677,0.8675574660301208,0.3375994861125946,0.6274212002754211,5.0,2024-09-01
2024_5678,0.8616592884063721,0.277478277683258,0.5864204168319702,6.0,2024-09-01
2024_5679,0.9103872776031494,0.3594099879264831,0.6446724534034729,8.0,2024-09-01
2024_5680,0.911596179008484,0.371806651353836,0.6591631174087524,6.0,2024-09-01
2024_5681,0.9085702300071716,0.3449261486530304,0.6464635729789734,10.0,2024-09-01
2024_5682,0.9230278730392456,0.3749246597290039,0.6660382747650146,8.0,2024-09-01
2024_5684,0.8962128758430481,0.3328129053115845,0.6178366541862488,10.0,2024-09-01
2024_5686,0.7371504902839661,0.323555588722229,0.5419579148292542,6.0,2024-09-01
2024_5687,0.8549785017967224,0.2738563418388366,0.5935378074645996,8.0,2024-09-01
2024_5688,0.4777362942695617,0.1614127308130264,0.4206488132476806,10.0,2024-09-01
2024_5689,0.1390774548053741,-0.0153403570875525,0.1154057085514068,8.0,2024-09-01
2024_5690,0.5067399144172668,0.2689548134803772,0.4774259626865387,19.0,2024-09-01
2024_5691,0.5034095644950867,0.1535857170820236,0.4253660440444946,19.0,2024-09-01
2024_5692,0.7218299508094788,0.2143124639987945,0.411937415599823,12.0,2024-09-01
2024_5693,0.8622328042984009,0.3037127256393432,0.6088144779205322,13.0,2024-09-01
2024_5694,0.6038991808891296,0.1320675313472747,0.3932474553585052,18.0,2024-09-01
2024_5695,0.7839892506599426,0.2663067579269409,0.5530667304992676,22.0,2024-09-01
2024_5697,0.7699680328369141,0.279561847448349,0.5107765793800354,33.0,2024-09-01
2024_5698,0.4199273884296417,0.1245094537734985,0.3481424748897552,33.0,2024-09-01
2024_5699,0.8414182662963867,0.2938383817672729,0.5980669856071472,32.0,2024-09-01
2024_5700,0.8728359937667847,0.3094579875469208,0.6048262119293213,16.0,2024-09-01
2024_5713,0.8982678055763245,0.3440820872783661,0.673478364944458,5.0,2024-09-01
2024_5714,0.8974520564079285,0.317621111869812,0.6421732902526855,6.0,2024-09-01
2024_5715,0.9020372629165648,0.3126249611377716,0.6148316264152527,7.0,2024-09-01
2024_5716,0.8546546697616577,0.3486679196357727,0.6370383501052856,7.0,2024-09-01
2024_5717,0.887037456035614,0.3393359780311584,0.639986515045166,7.0,2024-09-01
2024_5744,0.8673850893974304,0.3147986233234405,0.632494330406189,18.0,2024-09-01
2024_5745,0.7914968729019165,0.2471716552972793,0.558384895324707,18.0,2024-09-01
2024_5746,0.782293438911438,0.2288971692323684,0.5630632638931274,18.0,2024-09-01
2024_5747,0.8157302141189575,0.2794294655323028,0.5732896327972412,18.0,2024-09-01
2024_5748,0.8861292600631714,0.2136515527963638,0.561590850353241,18.0,2024-09-01
2024_5749,0.8954116702079773,0.3183055222034454,0.6257107257843018,16.0,2024-09-01
2024_5750,0.9016959071159364,0.3208722770214081,0.629467248916626,15.0,2024-09-01
2024_5751,0.162482351064682,0.0529907457530498,0.211977869272232,16.0,2024-09-01
2024_5752,0.8375275731086731,0.248896837234497,0.567811131477356,18.0,2024-09-01
2024_5753,0.8300298452377319,0.2094433903694152,0.5445438623428345,8.0,2024-09-01
2024_5754,0.8915416598320007,0.2907172739505768,0.601682186126709,8.0,2024-09-01
2024_5755,0.9091105461120604,0.3064988255500793,0.6365895867347717,8.0,2024-09-01
2024_5756,0.9127717614173888,0.219100072979927,0.5680000185966492,6.0,2024-09-01
2024_5757,0.9071027636528016,0.3257381916046142,0.6459670066833496,4.0,2024-09-01
2024_5758,0.8456265926361084,0.2330178320407867,0.55014568567276,6.0,2024-09-01
2024_5759,0.8576107621192932,0.3280795812606811,0.6355041265487671,12.0,2024-09-01
2024_5760,0.7645164132118225,0.227790966629982,0.5256067514419556,6.0,2024-09-01
2024_5761,0.639624297618866,0.2035171687602996,0.490968257188797,10.0,2024-09-01
2024_5762,0.8708240389823914,0.2659268379211426,0.5972342491149902,7.0,2024-09-01
2024_5763,0.8766237497329712,0.324425995349884,0.6154468059539795,12.0,2024-09-01
2024_5764,0.7985708713531494,0.2812410593032837,0.5575574040412903,12.0,2024-09-01
2024_5765,0.8626508712768555,0.2906013429164886,0.6135712265968323,6.0,2024-09-01
2024_5766,0.2800652384757995,0.1327561438083648,0.3607800900936126,7.0,2024-09-01
2024_5767,0.8846839666366577,0.3436926305294037,0.6519480347633362,7.0,2024-09-01
2024_5768,0.9047508835792542,0.2765911519527435,0.5863308310508728,8.0,2024-09-01
2024_5769,0.8525102138519287,0.3140782117843628,0.623572587966919,7.0,2024-09-01
2024_5771,0.8889975547790527,0.3395895361900329,0.6523182392120361,8.0,2024-09-01
2024_5772,0.9006860256195068,0.3392861187458038,0.6433843374252319,8.0,2024-09-01
2024_5773,0.8839200735092163,0.2975484728813171,0.6048355102539062,7.0,2024-09-01
2024_5774,0.8928247094154358,0.2863253951072693,0.5980812311172485,7.0,2024-09-01
2024_5775,0.8505788445472717,0.3315283060073852,0.6319871544837952,18.0,2024-09-01
2024_5776,0.8156719207763672,0.2441751956939697,0.5444655418395996,13.0,2024-09-01
2024_5777,0.8276920914649963,0.2400900721549987,0.5489438772201538,12.0,2024-09-01
2024_5778,0.8053880333900452,0.2312280833721161,0.548212468624115,16.0,2024-09-01
2024_5779,0.855912983417511,0.3241209983825683,0.6292760372161865,3.0,2024-09-01
2024_5780,0.7530072331428528,0.2610100209712982,0.5812366604804993,3.0,2024-09-01
2024_5781,0.8099104762077332,0.2998478412628174,0.5868657231330872,6.0,2024-09-01
2024_5782,0.8590078353881836,0.3507951498031616,0.6182293891906738,7.0,2024-09-01
2024_5783,0.8543413877487183,0.3056105375289917,0.5820434093475342,6.0,2024-09-01
2024_5784,0.8875429630279541,0.3563523590564728,0.6446124911308289,7.0,2024-09-01
2024_5785,0.6728381514549255,0.2121109962463379,0.4819117486476898,12.0,2024-09-01
2024_5787,0.8777881264686584,0.2819029092788696,0.5890167951583862,11.0,2024-09-01
2024_5788,0.7891934514045715,0.2381373196840286,0.5335842370986938,10.0,2024-09-01
2024_5789,0.8141698837280273,0.2454612553119659,0.5345243811607361,10.0,2024-09-01
2024_5790,0.8138271570205688,0.2887175977230072,0.5954925417900085,14.0,2024-09-01
2024_5791,0.885949432849884,0.3339703679084778,0.633485734462738,17.0,2024-09-01
2024_5792,0.2124049216508865,-0.0690391659736633,0.1419681012630462,15.0,2024-09-01
2024_5793,0.8830850720405579,0.3348944783210754,0.6439298987388611,14.0,2024-09-01
2024_5794,0.8930965662002563,0.3377814888954162,0.6374495625495911,3.0,2024-09-01
2024_5795,0.8269432187080383,0.2848091721534729,0.584094762802124,5.0,2024-09-01
2024_5796,0.8840460777282715,0.3193012475967407,0.630060076713562,4.0,2024-09-01
2024_5877,0.7281508445739746,0.2299262881278991,0.4888777732849121,10.0,2024-09-01
2024_5878,0.7041906118392944,0.3018098771572113,0.5422059297561646,9.0,2024-09-01
2024_5879,0.4921159744262695,0.1842889636754989,0.3959789276123047,10.0,2024-09-01
2024_5881,0.9294458031654358,0.4637256860733032,0.7407435774803162,8.0,2024-09-01
2024_5882,0.9178447127342224,0.3337825238704681,0.6323785781860352,6.0,2024-09-01
2024_5883,0.9116568565368652,0.3570367693901062,0.6607022285461426,6.0,2024-09-01
2024_5884,0.8028168678283691,0.3247260153293609,0.6052428483963013,35.0,2024-09-01
2024_5885,0.90575510263443,0.3400584459304809,0.6504064202308655,26.0,2024-09-01
2024_5887,0.7960219979286194,0.2674437761306762,0.5837310552597046,27.0,2024-09-01
2024_5888,0.9130784273147584,0.3872274160385132,0.6867663264274597,18.0,2024-09-01
2024_5889,0.8567167520523071,0.3415052890777588,0.6489593386650085,16.0,2024-09-01
2024_5890,0.706325352191925,0.2266219556331634,0.5358800292015076,12.0,2024-09-01
2024_5891,0.8866810202598572,0.3510979115962982,0.646662175655365,12.0,2024-09-01
2024_5892,0.7872275710105896,0.2412155568599701,0.5517593026161194,8.0,2024-09-01
2024_5893,0.8648537397384644,0.2940013706684112,0.6121883988380432,10.0,2024-09-01
2024_5894,0.8594915270805359,0.3206064403057098,0.6186128258705139,10.0,2024-09-01
2024_5895,0.7758774161338806,0.2109660059213638,0.5247460603713989,8.0,2024-09-01
2024_5896,0.8970752358436584,0.3125837445259094,0.634920060634613,8.0,2024-09-01
2024_5897,0.7345954775810242,0.2386292964220047,0.5250203609466553,10.0,2024-09-01
2024_5898,0.7986860871315002,0.2927040755748749,0.5800289511680603,10.0,2024-09-01
2024_5899,0.8718250393867493,0.3916761577129364,0.6954933404922485,8.0,2024-09-01
2024_5901,0.7975885272026062,0.3136251866817474,0.6156376004219055,10.0,2024-09-01
2024_5903,0.7803542017936707,0.3357776403427124,0.6268213987350464,10.0,2024-09-01
2024_5904,0.8345428109169006,0.2968636453151703,0.6107916235923767,14.0,2024-09-01
2024_5907,0.7664429545402527,0.3458306193351745,0.6371873021125793,13.0,2024-09-01
2024_5908,0.8739362955093384,0.3483708202838897,0.6381791830062866,14.0,2024-09-01
2024_5909,0.8833546042442322,0.34266397356987,0.6340177655220032,13.0,2024-09-01
2024_5911,0.8943890333175659,0.326374351978302,0.618299126625061,8.0,2024-09-01
2024_5912,0.8017373085021973,0.2143496423959732,0.5433441996574402,8.0,2024-09-01
2024_5913,0.9055258631706238,0.3574632704257965,0.6575518250465393,13.0,2024-09-01
2024_5914,0.8745929002761841,0.3241950869560241,0.6359502077102661,12.0,2024-09-01
2024_5915,0.8637251257896423,0.3063210248947143,0.6205564737319946,10.0,2024-09-01
2024_5916,0.8915500640869141,0.320709615945816,0.6287728548049927,14.0,2024-09-01
2024_5917,0.7034463286399841,0.2049025595188141,0.5272567868232727,14.0,2024-09-01
2024_5918,0.8941420316696167,0.3011892139911651,0.6211628317832947,14.0,2024-09-01
2024_5919,0.6828658580780029,0.2479352355003357,0.5408983826637268,14.0,2024-09-01
2024_5920,0.7964101433753967,0.2810799181461334,0.5704243779182434,14.0,2024-09-01
2024_5923,0.8588775396347046,0.3408735692501068,0.6362765431404114,18.0,2024-09-01
2024_5924,0.9061457514762878,0.3569753170013428,0.6514841914176941,16.0,2024-09-01
2024_5930,0.8642857074737549,0.3722093403339386,0.6678629517555237,25.0,2024-09-01
2024_5932,0.8721626996994019,0.332998514175415,0.6455399990081787,12.0,2024-09-01
2024_5935,0.9033600091934204,0.3193634748458862,0.6313148140907288,4.0,2024-09-01
2024_5937,0.8504936695098877,0.3059057593345642,0.5919035077095032,5.0,2024-09-01
2024_5939,0.8823529481887817,0.2479265928268432,0.5594125390052795,3.0,2024-09-01
2024_5941,0.8962101340293884,0.3626473248004913,0.6480262875556946,5.0,2024-09-01
2024_5942,0.901094615459442,0.3303077220916748,0.6205884218215942,6.0,2024-09-01
2024_5944,0.9101349711418152,0.3311320841312408,0.6454810500144958,3.0,2024-09-01
2024_5945,0.7586508393287659,0.2110715061426162,0.5317767262458801,8.0,2024-09-01
2024_5946,0.918097734451294,0.3640435039997101,0.6735560894012451,13.0,2024-09-01
2024_5947,0.8958644866943359,0.2990781664848327,0.6219096183776855,3.0,2024-09-01
2024_5948,0.9011217355728148,0.3293803930282593,0.646213948726654,4.0,2024-09-01
2024_5950,0.9120234847068788,0.3560145795345306,0.673926055431366,5.0,2024-09-01
2024_5952,0.8638264536857605,0.3194751441478729,0.6362040638923645,2.0,2024-09-01
2024_5956,0.8467592597007751,0.2958512902259826,0.610424280166626,26.0,2024-09-01
2024_5958,0.7250087857246399,0.1921306550502777,0.4647955894470215,22.0,2024-09-01
2024_5973,0.8528765439987183,0.3318063020706177,0.6420907378196716,28.0,2024-09-01
2024_6015,0.8449421525001526,0.2792018949985504,0.565560519695282,17.0,2024-09-01
2024_6017,0.7133988738059998,0.2280628085136413,0.4520098567008972,21.0,2024-09-01
2024_6018,0.829959511756897,0.3165697157382965,0.6076993942260742,9.0,2024-09-01
2024_6019,0.6178467869758606,0.1757012605667114,0.4138972759246826,15.0,2024-09-01
2024_6020,0.8625249862670898,0.3319396674633026,0.632371187210083,12.0,2024-09-01
2024_6022,0.8788333535194397,0.3861095309257507,0.6827685236930847,6.0,2024-09-01
2024_6023,0.80191570520401,0.3105913996696472,0.5924788117408752,18.0,2024-09-01
2024_6024,0.8523024916648865,0.342690646648407,0.6364114880561829,18.0,2024-09-01
2024_6027,0.8367829918861389,0.2971662282943725,0.5807058215141296,18.0,2024-09-01
2024_5562,0.8960633873939514,0.3624889254570007,0.6640560626983643,14.0,2024-09-11
2024_5566,0.8671871423721313,0.2500747442245483,0.5841771960258484,8.0,2024-09-11
2024_5567,0.0744541063904762,-0.0514718629419803,0.1257488578557968,14.0,2024-09-11
2024_5568,0.8112581372261047,0.2212509661912918,0.5157938599586487,14.0,2024-09-11
2024_5569,0.8756468296051025,0.2719581723213196,0.6091886162757874,16.0,2024-09-11
2024_5570,0.8131676316261292,0.297431081533432,0.6127974987030029,22.0,2024-09-11
2024_5572,0.8712736368179321,0.2568446397781372,0.5803654193878174,16.0,2024-09-11
2024_5579,0.6466496586799622,0.2416746318340301,0.5192132592201233,16.0,2024-09-11
2024_5580,0.745319128036499,0.2273077219724655,0.4750708043575287,6.0,2024-09-11
2024_5581,0.8469184637069702,0.286223292350769,0.5967563390731812,7.0,2024-09-11
2024_5582,0.6843147277832031,0.1851472407579422,0.4126984179019928,7.0,2024-09-11
2024_5583,0.7911087274551392,0.2366170287132263,0.5076269507408142,9.0,2024-09-11
2024_5594,0.5978426933288574,0.2169421017169952,0.4312076866626739,18.0,2024-09-11
2024_5596,0.8501251935958862,0.2915935516357422,0.6017126441001892,16.0,2024-09-11
2024_5597,0.8988537192344666,0.3539197444915771,0.6750142574310303,16.0,2024-09-11
2024_5598,0.9092004895210266,0.3746614754199981,0.6643356680870056,11.0,2024-09-11
2024_5601,0.8787096738815308,0.2982604801654815,0.6307995915412903,11.0,2024-09-11
2024_5602,0.8950433135032654,0.2920593321323395,0.6045674681663513,12.0,2024-09-11
2024_5603,0.7938489317893982,0.3144055306911468,0.6036698818206787,8.0,2024-09-11
2024_5604,0.6319712400436401,0.1997434645891189,0.4453579187393188,10.0,2024-09-11
2024_5605,0.8396475911140442,0.2947711050510406,0.6078028678894043,9.0,2024-09-11
2024_5606,0.8962185382843018,0.3548481464385986,0.6629268527030945,6.0,2024-09-11
2024_5607,0.6477773785591125,0.1278475075960159,0.3870258331298828,19.0,2024-09-11
2024_5609,0.8627423048019409,0.3191036581993103,0.6172929406166077,20.0,2024-09-11
2024_5611,0.8022562861442566,0.2866917252540588,0.5808282494544983,16.0,2024-09-11
2024_5612,0.7283386588096619,0.1949664652347564,0.4628753066062927,18.0,2024-09-11
2024_5613,0.8883947134017944,0.2611606419086456,0.6011037230491638,22.0,2024-09-11
2024_5643,0.8372763991355896,0.3023898899555206,0.5773695707321167,6.0,2024-09-11
2024_5644,0.895483136177063,0.3585412800312042,0.6454164385795593,6.0,2024-09-11
2024_5645,0.91839998960495,0.3653399646282196,0.656363308429718,5.0,2024-09-11
2024_5646,0.9200655817985536,0.3492584228515625,0.6412029266357422,5.0,2024-09-11
2024_5647,0.3045333325862884,0.0058708400465548,0.2487852275371551,5.0,2024-09-11
2024_5648,0.9251013398170472,0.3334522247314453,0.6489438414573669,6.0,2024-09-11
2024_5649,0.915054976940155,0.3673588931560516,0.6626207828521729,6.0,2024-09-11
2024_5650,0.8994016647338867,0.3686380982398987,0.6620356440544128,6.0,2024-09-11
2024_5651,0.8991566896438599,0.3294797539710998,0.6151202917098999,5.0,2024-09-11
2024_5653,0.916581392288208,0.3367619812488556,0.6327338218688965,6.0,2024-09-11
2024_5654,0.896353006362915,0.332188993692398,0.6263922452926636,6.0,2024-09-11
2024_5655,0.9119226336479188,0.361680269241333,0.6440149545669556,6.0,2024-09-11
2024_5656,0.8542429208755493,0.3478471338748932,0.6352164149284363,3.0,2024-09-11
2024_5657,0.9261385798454284,0.3142572939395904,0.6150885224342346,6.0,2024-09-11
2024_5661,0.9118314981460572,0.3448854088783264,0.6525555849075317,4.0,2024-09-11
2024_5662,0.9012070298194884,0.3490790128707886,0.6589562296867371,6.0,2024-09-11
2024_5663,0.9143871665000916,0.4159073531627655,0.7041916251182556,7.0,2024-09-11
2024_5664,0.9212671518325806,0.3424857556819916,0.6552247405052185,5.0,2024-09-11
2024_5665,0.8173797726631165,0.313507616519928,0.5783424973487854,5.0,2024-09-11
2024_5666,0.8531587719917297,0.3262399435043335,0.6258322596549988,3.0,2024-09-11
2024_5667,0.8694628477096558,0.3022632002830505,0.6088398098945618,3.0,2024-09-11
2024_5711,0.8725041747093201,0.3054706454277038,0.6155002117156982,12.0,2024-09-11
2024_5712,0.8510028719902039,0.3007135689258575,0.6114261746406555,19.0,2024-09-11
2024_5720,0.7173162698745728,0.1744398772716522,0.4920757412910461,6.0,2024-09-11
2024_5721,0.8993588089942932,0.2943820655345917,0.5939543843269348,6.0,2024-09-11
2024_5722,0.8974781632423401,0.3086989521980285,0.6325157284736633,6.0,2024-09-11
2024_5723,0.8308370113372803,0.2976813018321991,0.5975399017333984,9.0,2024-09-11
2024_5724,0.9048383831977844,0.3313626050949096,0.6277234554290771,9.0,2024-09-11
2024_5725,0.8738442063331604,0.3011351227760315,0.6247200965881348,6.0,2024-09-11
2024_5726,0.8972077369689941,0.3266931474208832,0.6352097392082214,8.0,2024-09-11
2024_5727,0.8876726031303406,0.3040052652359009,0.6346477270126343,8.0,2024-09-11
2024_5728,0.9095418453216552,0.3113114535808563,0.6299813389778137,10.0,2024-09-11
2024_5729,0.8892245888710022,0.2825624942779541,0.5967545509338379,9.0,2024-09-11
2024_5730,0.8547378778457642,0.3352989256381988,0.6438798308372498,7.0,2024-09-11
2024_5731,0.9241256713867188,0.3660727441310882,0.6567884087562561,7.0,2024-09-11
2024_5732,0.9069055914878844,0.3408113121986389,0.6422246098518372,7.0,2024-09-11
2024_5733,0.8949360847473145,0.3308154642581939,0.643093466758728,5.0,2024-09-11
2024_5734,0.8054956793785095,0.2417141497135162,0.5491999387741089,8.0,2024-09-11
2024_5735,0.8818835020065308,0.2518762946128845,0.5575178861618042,6.0,2024-09-11
2024_5736,0.690693736076355,0.2022782266139984,0.441847026348114,5.0,2024-09-11
2024_5737,0.7749537825584412,0.2415441274642944,0.494909256696701,5.0,2024-09-11
2024_5738,0.9110949635505676,0.2983146011829376,0.6137812733650208,4.0,2024-09-11
2024_5739,0.9072211980819702,0.3113325238227844,0.616270124912262,9.0,2024-09-11
2024_5740,0.9124231934547424,0.3132529556751251,0.6167594194412231,8.0,2024-09-11
2024_5741,0.8783716559410095,0.313391238451004,0.5817974805831909,8.0,2024-09-11
2024_5742,0.9137274622917176,0.3263230323791504,0.6411672234535217,8.0,2024-09-11
2024_5743,0.822456419467926,0.2766539454460144,0.5909329652786255,18.0,2024-09-11
2024_5798,0.5811312198638916,0.2092867791652679,0.4644012749195099,7.0,2024-09-11
2024_5799,0.8689996600151062,0.2907470464706421,0.6078054904937744,8.0,2024-09-11
2024_5800,0.8737072348594666,0.2696171998977661,0.5777716636657715,4.0,2024-09-11
2024_5801,0.8951138257980347,0.3340679705142975,0.6569000482559204,7.0,2024-09-11
2024_5802,0.8612724542617798,0.2629573941230774,0.5896797776222229,8.0,2024-09-11
2024_5803,0.8107151389122009,0.2658067643642425,0.5176985263824463,26.0,2024-09-11
2024_5804,0.8579828143119812,0.3522595763206482,0.6702663898468018,17.0,2024-09-11
2024_5805,0.8659105896949768,0.3600172698497772,0.672899067401886,16.0,2024-09-11
2024_5806,0.8784169554710388,0.3914710283279419,0.7115384340286255,15.0,2024-09-11
2024_5807,0.900018036365509,0.379502922296524,0.6827442049980164,19.0,2024-09-11
2024_5808,0.8467683792114258,0.2444204241037368,0.5665504932403564,10.0,2024-09-11
2024_5809,0.7204442024230957,0.251127690076828,0.5638677477836609,12.0,2024-09-11
2024_5810,0.8615140318870544,0.2524721324443817,0.5948317646980286,18.0,2024-09-11
2024_5812,0.8676841259002686,0.3190470933914184,0.6291373372077942,16.0,2024-09-11
2024_5813,0.9023953080177308,0.384013682603836,0.6835821866989136,14.0,2024-09-11
2024_5814,0.8815357089042664,0.3194200098514557,0.6344309449195862,10.0,2024-09-11
2024_5815,0.6857972145080566,0.2106931507587433,0.4769371449947357,16.0,2024-09-11
2024_5816,0.8784234523773193,0.2952882647514343,0.6090579628944397,10.0,2024-09-11
2024_5817,0.8823729157447815,0.2727029621601105,0.5881197452545166,14.0,2024-09-11
2024_5818,0.8331997394561768,0.2842110097408294,0.5968583226203918,14.0,2024-09-11
2024_5819,0.8088474869728088,0.2376086413860321,0.534122884273529,8.0,2024-09-11
2024_5820,0.793376088142395,0.2892234921455383,0.5487231612205505,8.0,2024-09-11
2024_5821,0.8480347394943237,0.338132232427597,0.6422007083892822,14.0,2024-09-11
2024_5822,0.884751558303833,0.3459620773792267,0.6553032994270325,10.0,2024-09-11
2024_5824,0.8948151469230652,0.3130597770214081,0.6404592394828796,12.0,2024-09-11
2024_5825,0.7763490080833435,0.2474226951599121,0.5537505745887756,11.0,2024-09-11
2024_5826,0.891792893409729,0.2853925824165344,0.5994777083396912,10.0,2024-09-11
2024_5827,0.8498215675354004,0.2686820328235626,0.5758346319198608,12.0,2024-09-11
2024_5828,0.8575751185417175,0.3051563799381256,0.6226696372032166,11.0,2024-09-11
2024_5829,0.736779510974884,0.2680021226406097,0.5790204405784607,14.0,2024-09-11
2024_5830,0.5079275965690613,0.1570914983749389,0.4252113401889801,18.0,2024-09-11
2024_5831,0.8453924655914307,0.3417558968067169,0.6539613008499146,18.0,2024-09-11
2024_5832,0.6157407164573669,0.2537008821964264,0.513390064239502,17.0,2024-09-11
2024_5833,0.8293683528900146,0.2934603989124298,0.601965606212616,19.0,2024-09-11
2024_5834,0.9048718810081482,0.3224932253360748,0.6490630507469177,15.0,2024-09-11
2024_5835,0.8914955854415894,0.3047589063644409,0.6249210834503174,9.0,2024-09-11
2024_5836,0.9102232456207277,0.3415986895561218,0.6627766489982605,9.0,2024-09-11
2024_5837,0.8446459174156189,0.2889923453330993,0.606965184211731,9.0,2024-09-11
2024_5838,0.9028791189193726,0.3596872389316559,0.6527748107910156,8.0,2024-09-11
2024_5839,0.8595685958862305,0.3024804592132568,0.6142735481262207,9.0,2024-09-11
2024_5840,0.9015201330184937,0.3854121565818786,0.6942341923713684,8.0,2024-09-11
2024_5841,0.8915849924087524,0.3369849026203155,0.6185604929924011,8.0,2024-09-11
2024_5844,0.8921919465065002,0.3314286172389984,0.6434529423713684,8.0,2024-09-11
2024_5845,0.8626179695129395,0.3450226187705993,0.6387263536453247,10.0,2024-09-11
2024_5846,0.9242908358573914,0.3053401112556457,0.6263318061828613,6.0,2024-09-11
2024_5847,0.893001914024353,0.3593294024467468,0.6673226356506348,16.0,2024-09-11
2024_5848,0.9168483018875122,0.408954381942749,0.6952606439590454,16.0,2024-09-11
2024_5849,0.9182002544403076,0.4035051465034485,0.6964006423950195,14.0,2024-09-11
2024_5850,0.9159274101257324,0.353840559720993,0.6627495884895325,16.0,2024-09-11
2024_5851,0.6928327679634094,0.2452501207590103,0.5393233895301819,9.0,2024-09-11
2024_5852,0.901668906211853,0.3626058101654053,0.6460469961166382,9.0,2024-09-11
2024_5853,0.8931416273117065,0.3298269808292389,0.6356826424598694,9.0,2024-09-11
2024_5854,0.88666170835495,0.2680729031562805,0.612500011920929,9.0,2024-09-11
2024_5855,0.8959311246871948,0.3270050883293152,0.631528913974762,10.0,2024-09-11
2024_5856,0.8630897402763367,0.3352485001087188,0.6292722225189209,13.0,2024-09-11
2024_5858,0.8728448152542114,0.2506516575813293,0.576939582824707,14.0,2024-09-11
2024_5859,0.8199488520622253,0.3106496036052704,0.6031286716461182,14.0,2024-09-11
2024_5860,0.8781203627586365,0.3376978039741516,0.6407356262207031,6.0,2024-09-11
2024_5861,0.7880184650421143,0.2354782521724701,0.5508604049682617,7.0,2024-09-11
2024_5862,0.7433562278747559,0.2322483956813812,0.5336524844169617,8.0,2024-09-11
2024_5863,0.7720911502838135,0.2333178520202636,0.5255642533302307,10.0,2024-09-11
2024_5864,0.8416858911514282,0.3092668056488037,0.6280797719955444,12.0,2024-09-11
2024_5865,0.877447247505188,0.3046010434627533,0.6369380354881287,11.0,2024-09-11
2024_5867,0.7971471548080444,0.2291158586740493,0.5527675747871399,8.0,2024-09-11
2024_5868,0.902470588684082,0.3016616404056549,0.576447069644928,6.0,2024-09-11
2024_5869,0.8726860880851746,0.3557193279266357,0.6495551466941833,8.0,2024-09-11
2024_5870,0.81186842918396,0.2855671644210815,0.5833642482757568,8.0,2024-09-11
2024_5871,0.9104660153388976,0.3305646181106567,0.6352803707122803,10.0,2024-09-11
2024_5872,0.876755952835083,0.3470478355884552,0.644255518913269,10.0,2024-09-11
2024_5874,0.9182694554328918,0.3860944807529449,0.6889290809631348,8.0,2024-09-11
2024_5875,0.8900255560874939,0.3017285764217376,0.609771728515625,12.0,2024-09-11
2024_5959,0.8828102946281433,0.3685717284679413,0.6695523858070374,10.0,2024-09-11
2024_5975,0.6448488831520081,0.2160557508468628,0.5020719170570374,8.0,2024-09-11
2024_5977,0.8490971326828003,0.2857623696327209,0.6057494878768921,7.0,2024-09-11
2024_5978,0.8817141652107239,0.3477511405944824,0.6405951976776123,7.0,2024-09-11
2024_5980,0.8529273867607117,0.2815030813217163,0.5935548543930054,7.0,2024-09-11
2024_5981,0.8361405730247498,0.3103649020195007,0.6108802556991577,7.0,2024-09-11
2024_5982,0.8903141021728516,0.2918983995914459,0.6135988235473633,8.0,2024-09-11
2024_5983,0.8858990669250488,0.2516660690307617,0.5774257183074951,8.0,2024-09-11
2024_5984,0.8738089799880981,0.2470064014196396,0.5843261480331421,8.0,2024-09-11
2024_5985,0.9029957056045532,0.2619422376155853,0.6055635809898376,6.0,2024-09-11
2024_5986,0.8720930218696594,0.3068799972534179,0.6173819303512573,9.0,2024-09-11
2024_5987,0.8497409224510193,0.3271375596523285,0.6537348031997681,9.0,2024-09-11
2024_5989,0.8924513459205627,0.3223065733909607,0.6382269263267517,8.0,2024-09-11
2024_5991,0.809086263179779,0.2636833786964416,0.5602025389671326,5.0,2024-09-11
2024_5994,0.8826247453689575,0.3036826252937317,0.6273595690727234,9.0,2024-09-11
2024_5995,0.8978102207183838,0.3274456560611725,0.6477320790290833,7.0,2024-09-11
2024_5996,0.6871165633201599,0.2195400148630142,0.5167849063873291,9.0,2024-09-11
2024_5997,0.8633570671081543,0.3025102913379669,0.6075617074966431,5.0,2024-09-11
2024_5998,0.8687707185745239,0.2138892412185669,0.5300697684288025,6.0,2024-09-11
2024_6000,0.8875434398651123,0.3166923522949219,0.6390851140022278,10.0,2024-09-11
2024_6001,0.91498064994812,0.3698245584964752,0.6728498935699463,9.0,2024-09-11
2024_6002,0.8631219863891602,0.3696323037147522,0.6658701300621033,6.0,2024-09-11
2024_6003,0.7106301188468933,0.2693579196929931,0.5371712446212769,12.0,2024-09-11
2024_6004,0.9054352641105652,0.3680202960968017,0.670993983745575,9.0,2024-09-11
2024_6006,0.8557505011558533,0.349137932062149,0.6339596509933472,9.0,2024-09-11
2024_6007,0.8786059617996216,0.3161760866641998,0.6332849264144897,8.0,2024-09-11
2024_6008,0.8926359415054321,0.3176808655261993,0.6362554430961609,7.0,2024-09-11
2024_6009,0.8563936948776245,0.2445482611656189,0.576325535774231,5.0,2024-09-11
2024_6010,0.8601500391960144,0.3236704170703888,0.6329998970031738,26.0,2024-09-11
2024_6011,0.8260038495063782,0.2775919735431671,0.5736408829689026,15.0,2024-09-11
2024_6012,0.8471759557723999,0.282600462436676,0.5847269892692566,12.0,2024-09-11
2024_6013,0.7978930473327637,0.2642445862293243,0.5499045848846436,14.0,2024-09-11
2024_6034,0.8204433917999268,0.2500745952129364,0.5714153051376343,8.0,2024-09-11
2024_6035,0.8396793603897095,0.2960893809795379,0.608588695526123,7.0,2024-09-11
2024_6036,0.5302606821060181,0.0048563000746071,0.3022947311401367,8.0,2024-09-11
2024_6037,0.8877168893814087,0.3948101997375488,0.6731131076812744,15.0,2024-09-11
2024_6038,0.8034135103225708,0.2362593114376068,0.5371556878089905,16.0,2024-09-11
2024_6048,0.7971736192703247,0.2695795595645904,0.528079092502594,16.0,2024-10-06
2024_330,0.7963073253631592,0.2058461159467697,0.5073739886283875,9.0,2024-10-16
2024_760,0.8111391067504883,0.2343017756938934,0.5564309358596802,5.0,2024-10-16
2024_772,0.861172616481781,0.2356310039758682,0.5643314123153687,8.0,2024-10-16
2024_1015,0.8473091125488281,0.3008225560188293,0.6075512766838074,5.0,2024-10-16
2024_1058,0.819094181060791,0.1924725621938705,0.530780017375946,14.0,2024-10-16
2024_7199,0.8745063543319702,0.3598599433898926,0.6606107354164124,7.0,2024-10-16
2024_7200,0.6377608776092529,0.0881200805306434,0.271536260843277,10.0,2024-10-16
2024_6049,0.8745723962783813,0.3157262802124023,0.6402777433395386,7.0,2024-10-19
2024_6052,0.8875645399093628,0.282330721616745,0.6089450120925903,6.0,2024-10-19
2024_6055,0.8074873685836792,0.2811296284198761,0.568795382976532,8.0,2024-10-19
2024_6066,0.808904767036438,0.2026649415493011,0.5431106090545654,9.0,2024-10-19
2024_6069,0.7939262390136719,0.3057722449302673,0.5883826017379761,7.0,2024-10-19
2024_6070,0.7468097805976868,0.2401157617568969,0.5249287486076355,10.0,2024-10-19
2024_6071,0.6776682734489441,0.2898958027362823,0.4917503595352173,10.0,2024-10-19
2024_6073,0.8478002548217773,0.2987249493598938,0.6135294437408447,11.0,2024-10-19
2024_6074,0.7964413166046143,0.2632046043872833,0.559950590133667,9.0,2024-10-19
2024_6078,0.8874894976615906,0.4041224420070648,0.7037037014961243,5.0,2024-10-19
2024_6090,0.8492997288703918,0.2703213393688202,0.6012611985206604,7.0,2024-10-19
2024_6097,0.85822993516922,0.3533796966075897,0.6670401096343994,8.0,2024-10-19
2024_6107,0.8600179553031921,0.3404247164726257,0.6481720805168152,6.0,2024-10-19
2024_6108,0.8381534218788147,0.279545396566391,0.6049569249153137,4.0,2024-10-19
2024_6112,0.5806357264518738,0.117962472140789,0.4215909242630005,11.0,2024-10-19
2024_6115,0.8620094656944275,0.3136451840400696,0.6358118653297424,8.0,2024-10-19
2024_6126,0.8245717287063599,0.2341214120388031,0.5577530860900879,10.0,2024-10-19
2024_6130,0.7854630947113037,0.2601644098758697,0.5676262974739075,9.0,2024-10-19
2024_6134,0.8447362780570984,0.1710056811571121,0.5325947999954224,20.0,2024-10-19
2024_6135,0.8539546132087708,0.2412862777709961,0.5688188076019287,14.0,2024-10-19
2024_6136,0.7248651385307312,0.2592222392559051,0.5540668964385986,16.0,2024-10-19
2024_6137,0.8812070488929749,0.3091400563716888,0.6286342144012451,14.0,2024-10-19
2024_6138,0.8769683837890625,0.3253491818904876,0.6275623440742493,16.0,2024-10-19
2024_6139,0.8646944165229797,0.3096992373466491,0.6052408814430237,16.0,2024-10-19
2024_6140,0.84891277551651,0.2998821437358856,0.6201469302177429,15.0,2024-10-19
2024_6141,0.8032357096672058,0.2597087323665619,0.5490660667419434,17.0,2024-10-19
2024_6142,0.8590438961982727,0.2956658899784088,0.6066184043884277,17.0,2024-10-19
2024_6144,0.8249224424362183,0.2290922999382019,0.5756831169128418,8.0,2024-10-19
2024_6145,0.8789394497871399,0.2776412665843963,0.5884615182876587,7.0,2024-10-19
2024_6146,0.8758620619773865,0.3297923803329468,0.6448639035224915,7.0,2024-10-19
2024_6148,0.8074408173561096,0.2762298882007599,0.576214075088501,7.0,2024-10-19
2024_6149,0.8702437281608582,0.2820678055286407,0.6014717817306519,18.0,2024-10-19
2024_6150,0.8795811533927917,0.3881038427352905,0.6858638525009155,9.0,2024-10-19
2024_6152,0.8949185013771057,0.4049579799175262,0.6900577545166016,8.0,2024-10-19
2024_6153,0.7871416211128235,0.2114813774824142,0.5209499001502991,6.0,2024-10-19
2024_6154,0.7961326241493225,0.2891999185085296,0.6034075021743774,15.0,2024-10-19
2024_6156,0.8178995251655579,0.2242680639028549,0.5137443542480469,16.0,2024-10-19
2024_6157,0.8061599135398865,0.1507281810045242,0.4473626017570495,13.0,2024-10-19
2024_6158,0.8337901830673218,0.2425490766763687,0.5202752351760864,14.0,2024-10-19
2024_6159,0.8827662467956543,0.2779476046562195,0.6047404408454895,15.0,2024-10-19
2024_6161,0.6745010018348694,0.1559438407421112,0.4644829928874969,10.0,2024-10-19
2024_6166,0.8528483510017395,0.3406222462654114,0.6446185111999512,10.0,2024-10-19
2024_6177,0.8224391937255859,0.2656384408473968,0.5932152271270752,10.0,2024-10-19
2024_6181,0.810203492641449,0.2126887887716293,0.5418339967727661,8.0,2024-10-19
2024_6184,0.7736883163452148,0.2567148208618164,0.5509412884712219,8.0,2024-10-19
2024_6204,0.6989224553108215,0.0402013771235942,0.3254525661468506,8.0,2024-10-19
2024_6205,0.8431918621063232,0.254743218421936,0.5678768754005432,7.0,2024-10-19
2024_6206,0.7581831812858582,0.2204977422952652,0.5219199657440186,8.0,2024-10-19
2024_6210,0.7883672118186951,0.2098623812198639,0.4930125474929809,9.0,2024-10-19
2024_6211,0.8937108516693115,0.3261059820652008,0.6458333134651184,9.0,2024-10-19
2024_6213,0.8180661797523499,0.2763543725013733,0.499082088470459,11.0,2024-10-19
2024_6214,0.7433724999427795,0.1833437234163284,0.4759790301322937,10.0,2024-10-19
2024_6215,0.6176378130912781,0.140422523021698,0.3782450258731842,7.0,2024-10-19
2024_6223,0.8865156173706055,0.3999329507350921,0.7010391354560852,9.0,2024-10-19
2024_6224,0.7385209202766418,0.1452204287052154,0.4156209826469421,10.0,2024-10-19
2024_6225,0.7704257369041443,0.2067315727472305,0.460274338722229,10.0,2024-10-19
2024_6226,0.8306021690368652,0.2777385115623474,0.5935935974121094,11.0,2024-10-19
2024_6227,0.8534798622131348,0.3083387315273285,0.6251141428947449,7.0,2024-10-19
2024_6228,0.6138433218002319,0.0860061272978782,0.2865723669528961,5.0,2024-10-19
2024_6229,0.8232514262199402,0.3089058697223663,0.6129032373428345,5.0,2024-10-19
2024_6232,0.8358621001243591,0.3030664920806885,0.5991494059562683,11.0,2024-10-19
2024_6233,0.8083982467651367,0.3327265083789825,0.6086146235466003,10.0,2024-10-19
2024_6234,0.8487955927848816,0.3330793976783752,0.6246786713600159,9.0,2024-10-19
2024_6235,0.8967809081077576,0.3676711022853851,0.6834256052970886,8.0,2024-10-19
2024_6236,0.8508556485176086,0.2735879123210907,0.5859500765800476,8.0,2024-10-19
2024_6237,0.8905426859855652,0.3458982408046722,0.6449046730995178,8.0,2024-10-19
2024_6238,0.8830052614212036,0.3496721088886261,0.6534637212753296,8.0,2024-10-19
2024_6240,0.902074694633484,0.3060316443443298,0.6264756321907043,8.0,2024-10-19
2024_6242,0.7882594466209412,0.209788978099823,0.5176694989204407,37.0,2024-10-19
2024_6243,0.7935536503791809,0.1938446313142776,0.5134087204933167,37.0,2024-10-19
2024_6245,0.8073403239250183,0.2220830768346786,0.553480863571167,44.0,2024-10-19
2024_6247,0.8063958287239075,0.1899721324443817,0.5201808214187622,39.0,2024-10-19
2024_6248,0.7248260974884033,0.230453535914421,0.5334998965263367,43.0,2024-10-19
2024_6249,0.827904224395752,0.2579827308654785,0.5949411392211914,44.0,2024-10-19
2024_6251,0.7970107793807983,0.2551780045032501,0.5644059181213379,6.0,2024-10-19
2024_6259,0.8111319541931152,0.2763331830501556,0.5610116124153137,9.0,2024-10-19
2024_6262,0.8134484887123108,0.1012712866067886,0.3993094861507416,12.0,2024-10-19
2024_6263,0.7264906764030457,0.2195153385400772,0.4927713572978973,14.0,2024-10-19
2024_6264,0.3809065222740173,0.1510237008333206,0.3805604875087738,12.0,2024-10-19
2024_6274,0.8474300503730774,0.2859247326850891,0.5909281969070435,8.0,2024-10-19
2024_6279,0.8720100522041321,0.3247495889663696,0.6336677670478821,8.0,2024-10-19
2024_7197,0.8933616876602173,0.3709134459495544,0.668404221534729,16.0,2024-10-19
2024_7198,0.880044162273407,0.301688402891159,0.6156131625175476,10.0,2024-10-19
2025_11,0.8847488760948181,0.3794464468955993,0.695106029510498,20.0,2025-03-25
2025_12,0.7980458736419678,0.172813668847084,0.4827241003513336,12.0,2025-03-25
2025_13,0.8437372446060181,0.4740175306797027,0.7283162474632263,14.0,2025-03-25
2025_15,0.719045877456665,0.2030669152736663,0.4345740675926208,18.0,2025-03-25
2025_18,0.3710464835166931,0.1495626419782638,0.3317197859287262,14.0,2025-03-25
2025_23,0.7074756026268005,0.2765957713127136,0.5215654969215393,7.0,2025-03-25
2025_24,0.7973568439483643,0.3362323641777038,0.6070191264152527,11.0,2025-03-25
2025_26,0.5338891744613647,0.194543719291687,0.4155775904655456,18.0,2025-03-25
2025_27,0.803174614906311,0.249008372426033,0.548633873462677,15.0,2025-03-25
2025_29,0.6816269755363464,0.2284315824508667,0.4723121523857116,20.0,2025-03-25
2025_30,0.6153106093406677,-0.0264622364193201,0.2534698843955993,22.0,2025-03-25
2025_32,0.8224737048149109,0.2871447503566742,0.5474321842193604,4.0,2025-03-25
2025_33,0.7847579121589661,0.2620180547237396,0.5611782073974609,4.0,2025-03-25
2025_34,0.816029965877533,0.1526918709278106,0.4662643074989319,2.0,2025-03-25
2025_35,0.7299423217773438,0.1964530646800995,0.4817121624946594,2.0,2025-03-25
2025_36,0.7019571661949158,0.2196298539638519,0.4802305102348327,18.0,2025-03-25
2025_148,0.7092443704605103,0.4323368668556213,0.684369683265686,1.0,2025-03-25
2025_1778,0.724395751953125,0.2322948575019836,0.5002649426460266,8.0,2025-03-25
2025_1782,0.8488669991493225,0.3339220285415649,0.6159293055534363,16.0,2025-03-25
2025_1783,0.7655507326126099,0.2142621576786041,0.493180364370346,8.0,2025-03-25
2025_1784,0.3756128549575805,0.0809812843799591,0.2561354637145996,14.0,2025-03-25
2025_1785,0.7555146813392639,0.1904762089252472,0.4949401915073395,7.0,2025-03-25
2025_1786,0.7188120484352112,0.1223214343190193,0.365473061800003,20.0,2025-03-25
2025_1787,0.8892339468002319,0.329883724451065,0.6273794770240784,20.0,2025-03-25
2025_1788,0.8659271001815796,0.3678041398525238,0.6493294835090637,16.0,2025-03-25
2025_1790,0.5914390087127686,0.1208317950367927,0.3844723105430603,12.0,2025-03-25
2025_1792,0.8447567224502563,0.2411506623029709,0.5288829207420349,10.0,2025-03-25
2025_1793,0.8802460432052612,0.3426900207996368,0.6475071310997009,12.0,2025-03-25
2025_1800,0.7959843277931213,0.3060910403728485,0.5573210120201111,12.0,2025-03-25
2025_1801,0.8202601671218872,0.227861225605011,0.5390235781669617,9.0,2025-03-25
2025_1802,0.8107905983924866,0.2969017922878265,0.5970031023025513,4.0,2025-03-25
2025_1803,0.8456072807312012,0.2860278785228729,0.6262230277061462,12.0,2025-03-25
2025_1804,0.8829906582832336,0.4216737449169159,0.7058334946632385,10.0,2025-03-25
2025_1805,0.3075173497200012,0.0913029909133911,0.2716375589370727,4.0,2025-03-25
2025_1806,0.9000673890113831,0.3641333281993866,0.6748858094215393,8.0,2025-03-25
2025_1807,0.8145017027854919,0.3161262273788452,0.552157998085022,2.0,2025-03-25
2025_1808,0.8537261486053467,0.2612769901752472,0.5788325071334839,3.0,2025-03-25
2025_1810,0.7417782545089722,0.2093259245157241,0.4870211184024811,2.0,2025-03-25
2025_1812,0.8488578200340271,0.2595628798007965,0.5014514923095703,2.0,2025-03-25
2025_1813,0.818920373916626,0.150647833943367,0.4473320841789245,2.0,2025-03-25
2025_1814,0.7403408288955688,0.2535091936588287,0.5302939414978027,2.0,2025-03-25
2025_1815,0.8187717199325562,0.3656301200389862,0.636078417301178,3.0,2025-03-25
2025_1816,0.8419231176376343,0.1819439232349395,0.4973189532756805,2.0,2025-03-25
2025_1817,0.8145064115524292,0.2513750791549682,0.5353418588638306,2.0,2025-03-25
2025_1818,0.8299252986907959,0.264405220746994,0.5607312917709351,2.0,2025-03-25
2025_1819,0.5983871221542358,0.1540029197931289,0.4388384819030761,1.0,2025-03-25
2025_1820,0.578044593334198,0.0657399371266365,0.3304410576820373,1.0,2025-03-25
2025_1821,0.5953277945518494,0.2653751373291015,0.4836426079273224,2.0,2025-03-25
2025_1822,0.7413793206214905,0.2794307768344879,0.5390002131462097,7.0,2025-03-25
2025_1823,0.671819269657135,0.1969818472862243,0.4735161066055298,7.0,2025-03-25
2025_1824,0.8301833868026733,0.2694189250469208,0.541458785533905,1.0,2025-03-25
2025_1825,0.7822248339653015,0.1956807971000671,0.4783458113670349,3.0,2025-03-25
2025_1826,0.5825696587562561,0.1341297179460525,0.3333758413791656,4.0,2025-03-25
2025_1827,,,,,2025-03-25
2025_1828,0.7621145248413086,0.3302034437656402,0.5988714098930359,1.0,2025-03-25
2025_1829,0.6323987245559692,0.1891073882579803,0.4392309188842773,3.0,2025-03-25
2025_1830,0.6501457691192627,0.1381848007440567,0.3021515607833862,3.0,2025-03-25
2025_1831,0.6981576085090637,0.1298145502805709,0.4189310073852539,3.0,2025-03-25
2025_1832,0.7757879495620728,0.2468827962875366,0.5494267344474792,3.0,2025-03-25
2025_1833,0.6764535903930664,0.114878661930561,0.3485956788063049,2.0,2025-03-25
2025_1835,0.5488851070404053,0.2098475992679596,0.4296457469463348,3.0,2025-03-25
2025_1836,0.6437554955482483,0.123101495206356,0.3798182904720306,1.0,2025-03-25
2025_1837,0.6422305107116699,0.1799832880496978,0.4666556417942047,2.0,2025-03-25
2025_1838,0.6149490475654602,0.2005956321954727,0.4629341661930084,3.0,2025-03-25
2025_1839,,,,,2025-03-25
2025_1841,0.7365163564682007,0.2450252473354339,0.5165415406227112,5.0,2025-03-25
2025_1842,0.6679226160049438,0.1447587460279464,0.4273858964443207,3.0,2025-03-25
2025_1844,0.8252990245819092,0.2534509599208832,0.5602960586547852,4.0,2025-03-25
2025_1846,0.678644061088562,0.2533535957336426,0.4798232614994049,3.0,2025-03-25
2025_1847,0.7401309609413147,0.2948504686355591,0.5506516098976135,2.0,2025-03-25
2025_1848,,,,,2025-03-25
2025_1849,0.787337601184845,0.2603201568126678,0.5468615293502808,4.0,2025-03-25
2025_1850,,,,,2025-03-25
2025_1851,0.6830339431762695,0.1555433869361877,0.3730662763118744,1.0,2025-03-25
2025_1852,0.8634812235832214,0.2262773811817169,0.540197491645813,1.0,2025-03-25
2025_1858,0.7824773192405701,0.2945804297924042,0.5620300769805908,3.0,2025-03-25
2025_1860,0.678352952003479,0.1971615552902221,0.4408052265644073,2.0,2025-03-25
2025_1861,0.5977687239646912,0.2208705395460128,0.46476611495018,2.0,2025-03-25
2025_1863,0.6961832046508789,0.2486653625965118,0.5382485389709473,1.0,2025-03-25
2025_1864,0.773179292678833,0.2513149380683899,0.5295707583427429,2.0,2025-03-25
2025_1865,,,,,2025-03-25
2025_1866,0.7142857313156128,0.1982617974281311,0.4776240587234497,3.0,2025-03-25
2025_1868,0.5922234654426575,0.1359749883413314,0.4673607647418976,2.0,2025-03-25
2025_1869,0.7735828161239624,0.2397288382053375,0.5410237908363342,2.0,2025-03-25
2025_1870,,,,,2025-03-25
2025_1871,0.8576230406761169,0.3048524558544159,0.6038304567337036,4.0,2025-03-25
2025_1872,0.7468805909156799,0.2283780425786972,0.5326868891716003,1.0,2025-03-25
2025_1877,0.8508892059326172,0.2879580855369568,0.5983461141586304,3.0,2025-03-25
2025_1878,0.8596748113632202,0.3116863369941711,0.6100268363952637,2.0,2025-03-25
2025_1879,0.8216409087181091,0.1959406733512878,0.5339174270629883,3.0,2025-03-25
2025_1883,0.7232095003128052,0.2470771521329879,0.4939309060573578,3.0,2025-03-25
2025_1887,0.5917864441871643,0.0285246353596448,0.2128544449806213,5.0,2025-03-25
2025_1889,0.70871901512146,0.0905908644199371,0.3471124172210693,2.0,2025-03-25
2025_1890,0.7827466130256653,0.163053274154663,0.4468455910682678,2.0,2025-03-25
2025_1891,0.6636363863945007,0.0678337141871452,0.3297002911567688,3.0,2025-03-25
2025_1892,0.8322275876998901,0.3218774497509002,0.6036739349365234,2.0,2025-03-25
2025_1893,0.8276109099388123,0.2215096354484558,0.5262027382850647,4.0,2025-03-25
2025_1894,0.7537245154380798,0.1784746348857879,0.4561109840869903,3.0,2025-03-25
2025_1895,0.8262068629264832,0.3358091711997986,0.5877758860588074,3.0,2025-03-25
2025_1896,0.7368582487106323,0.158665269613266,0.4206060767173767,2.0,2025-03-25
2025_1898,0.1611682474613189,0.0265849512070417,0.2376431822776794,4.0,2025-03-25
2025_1899,0.7895069122314453,0.2177211642265319,0.5170318484306335,2.0,2025-03-25
2025_1900,0.6408898234367371,0.0876510813832283,0.3445696532726288,2.0,2025-03-25
2025_1901,0.680365264415741,0.2574791312217712,0.4640025496482849,3.0,2025-03-25
2025_1902,0.6178818345069885,0.1030478775501251,0.3141945898532867,3.0,2025-03-25
2025_1903,0.7958475947380066,0.2140223532915115,0.5071392059326172,2.0,2025-03-25
2025_1904,0.7662574052810669,0.3066442310810089,0.5327545404434204,3.0,2025-03-25
2025_1905,0.6729292869567871,0.2380692213773727,0.4919060170650482,4.0,2025-03-25
2025_1906,0.7213930487632751,0.1227826252579689,0.4636209607124328,3.0,2025-03-25
2025_1907,0.7777777910232544,0.2933066487312317,0.5345646739006042,3.0,2025-03-25
2025_1908,0.6516035199165344,0.0848017558455467,0.3859327435493469,3.0,2025-03-25
2025_1910,0.7979135513305664,0.2169512212276458,0.514057993888855,2.0,2025-03-25
2025_1913,0.3665057420730591,0.1250382214784622,0.3270825743675232,3.0,2025-03-25
2025_1914,0.3313609659671783,-0.0974478051066398,0.0731034353375434,3.0,2025-03-25
2025_1915,0.4170500338077545,0.1146753653883934,0.2412192225456237,2.0,2025-03-25
2025_1916,0.8086956739425659,0.2365930676460266,0.5351301431655884,3.0,2025-03-25
2025_1918,0.8165804147720337,0.2884454727172851,0.5427230596542358,2.0,2025-03-25
2025_1919,0.8330156207084656,0.2035043835639953,0.4518900215625763,3.0,2025-03-25
2025_1920,0.8572222590446472,0.2615388333797455,0.5594924092292786,2.0,2025-03-25
2025_1921,0.8340697288513184,0.263020396232605,0.5534136295318604,3.0,2025-03-25
2025_1922,0.8747037053108215,0.2865979373455047,0.5865257382392883,5.0,2025-03-25
2025_1923,0.7798241972923279,0.2154173552989959,0.4998373985290527,5.0,2025-03-25
2025_1924,0.8088317513465881,0.2537775933742523,0.5167564749717712,3.0,2025-03-25
2025_1925,0.5720524191856384,0.0764233097434043,0.2786352336406708,5.0,2025-03-25
2025_1926,0.7692027688026428,0.1770404428243637,0.4704992473125458,3.0,2025-03-25
2025_1927,0.8006124496459961,0.2678486108779907,0.5394040942192078,3.0,2025-03-25
2025_1928,0.834721565246582,0.2710629999637604,0.5540504455566406,2.0,2025-03-25
2025_1929,0.6888518929481506,0.1312343180179596,0.4146341383457184,1.0,2025-03-25
2025_1930,0.786530077457428,0.2370840162038803,0.4474516808986664,2.0,2025-03-25
2025_1932,0.668150007724762,0.1733557283878326,0.4234004318714142,3.0,2025-03-25
2025_1936,0.6365079283714294,0.1558296084403991,0.4181568026542663,3.0,2025-03-25
2025_1940,0.6941637992858887,0.1701558977365493,0.4239372014999389,4.0,2025-03-25
2025_1941,0.7677770256996155,0.2130262106657028,0.5126391053199768,2.0,2025-03-25
2025_1946,0.7546319365501404,0.1767130494117736,0.4547770917415619,3.0,2025-03-25
2025_1950,0.7385146617889404,0.0995786860585212,0.3598144352436065,4.0,2025-03-25
2025_1951,0.8363367915153503,0.2732486426830292,0.5618090033531189,3.0,2025-03-25
2025_1956,0.8203805685043335,0.2366565018892288,0.544439435005188,8.0,2025-03-25
2025_1958,0.83866286277771,0.3848127722740173,0.657463550567627,6.0,2025-03-25
2025_1959,0.8008051514625549,0.372765451669693,0.650381863117218,6.0,2025-03-25
2025_1960,0.740831732749939,0.2075631022453308,0.4580946862697601,14.0,2025-03-25
2025_1961,0.8724836111068726,0.2652917504310608,0.5826537013053894,12.0,2025-03-25
2025_1962,0.7744183540344238,0.2829155027866363,0.5726965665817261,12.0,2025-03-25
2025_1963,0.7509850263595581,0.2115283012390136,0.5047619342803955,11.0,2025-03-25
2025_1964,0.6961809992790222,0.1773938685655594,0.4123294651508331,12.0,2025-03-25
2025_1965,0.8796899318695068,0.3443315625190735,0.6421253085136414,10.0,2025-03-25
2025_1966,0.8149779438972473,0.2592020630836487,0.5525230169296265,3.0,2025-03-25
2025_1967,0.8033530116081238,0.2811490893363952,0.566632091999054,8.0,2025-03-25
2025_1968,0.7591103911399841,0.2620434165000915,0.5367004871368408,8.0,2025-03-25
2025_1969,0.6992126107215881,0.2959681749343872,0.5854899287223816,3.0,2025-03-25
2025_1970,0.8178181052207947,0.1873093098402023,0.4887415766716003,10.0,2025-03-25
2025_1971,0.8266276717185974,0.2827887535095215,0.5800547003746033,10.0,2025-03-25
2025_1972,0.7759619355201721,0.2097140550613403,0.5204896330833435,8.0,2025-03-25
2025_1973,0.7697204947471619,0.2666336297988891,0.5323279500007629,8.0,2025-03-25
2025_1976,0.841471254825592,0.2960809469223022,0.6128379106521606,12.0,2025-03-25
2025_1977,0.8571258783340454,0.3491836786270141,0.6410231590270996,8.0,2025-03-25
2025_1978,0.8811424970626831,0.3369319438934326,0.6538146734237671,8.0,2025-03-25
2025_1979,0.7536630034446716,0.2282762378454208,0.4690549671649933,16.0,2025-03-25
2025_1983,0.6075894832611084,0.0485762283205986,0.2337789386510849,21.0,2025-03-25
2025_1984,0.8493536114692688,0.2992871105670929,0.5868223309516907,2.0,2025-03-25
2025_1985,0.6392694115638733,0.2525341808795929,0.5412147641181946,5.0,2025-03-25
2025_1986,0.6238313913345337,0.268866628408432,0.4754935801029205,2.0,2025-03-25
2025_1988,0.7070707082748413,0.1920062601566314,0.479931890964508,1.0,2025-03-25
2025_1989,0.7388569116592407,0.251294195652008,0.5474916696548462,6.0,2025-03-25
2025_1990,0.7694994211196899,0.2922422885894775,0.5849843621253967,1.0,2025-03-25
2025_1996,0.7664461135864258,0.0468184165656566,0.3273603022098541,2.0,2025-03-25
2025_1997,0.6960218548774719,0.2284194082021713,0.4577109813690185,8.0,2025-03-25
2025_1998,0.6916046142578125,0.2294123470783233,0.5393491983413696,4.0,2025-03-25
2025_2001,0.6957862377166748,0.1623811423778534,0.3783880472183227,3.0,2025-03-25
2025_2002,0.7396380305290222,0.263859212398529,0.5428063869476318,4.0,2025-03-25
2025_2003,,,,,2025-03-25
2025_2010,0.6461033821105957,0.1511930674314499,0.4226061999797821,12.0,2025-03-25
2025_2011,0.79107666015625,0.3240338265895843,0.5828321576118469,11.0,2025-03-25
2025_2012,0.8497671484947205,0.2831460833549499,0.5564776062965393,9.0,2025-03-25
2025_2014,0.8128541707992554,0.3535534739494324,0.6087223291397095,4.0,2025-03-25
2025_2015,0.7407137751579285,0.174447163939476,0.4640122354030609,5.0,2025-03-25
2025_2019,0.7419322729110718,0.2127068787813186,0.5415550470352173,8.0,2025-03-25
2025_2021,0.8231734037399292,0.2875423729419708,0.5852494239807129,8.0,2025-03-25
2025_2024,0.7721563577651978,0.2573335766792297,0.5595686435699463,4.0,2025-03-25
2025_2025,0.8475093245506287,0.3278653025627136,0.6191604137420654,10.0,2025-03-25
2025_2026,0.8656230568885803,0.3044761717319488,0.6084399819374084,8.0,2025-03-25
2025_2027,0.8489100933074951,0.3432199954986572,0.6157935261726379,8.0,2025-03-25
2025_2028,0.8366332650184631,0.2747233808040619,0.5662083625793457,10.0,2025-03-25
2025_2029,0.7215955257415771,0.1569818556308746,0.4237211048603058,4.0,2025-03-25
2025_2030,0.7991867661476135,0.178205668926239,0.4953940510749817,7.0,2025-03-25
2025_2031,0.6912344694137573,0.1615259498357772,0.4077717363834381,5.0,2025-03-25
2025_2032,0.8085558414459229,0.2289793789386749,0.5625201463699341,8.0,2025-03-25
2025_2033,0.372271865606308,0.2675585448741913,0.4128611385822296,9.0,2025-03-25
2025_2034,0.8503162264823914,0.2992191016674042,0.5990052223205566,2.0,2025-03-25
2025_2035,0.7753449082374573,0.3149903416633606,0.5992010831832886,2.0,2025-03-25
2025_2036,0.7224826812744141,0.2746177017688751,0.5642732381820679,2.0,2025-03-25
2025_2037,0.8567561507225037,0.3576598465442657,0.642879068851471,2.0,2025-03-25
2025_2038,0.8714770078659058,0.3537500500679016,0.6428235173225403,2.0,2025-03-25
2025_2039,,,,,2025-03-25
2025_2040,,,,,2025-03-25
2025_2041,,,,,2025-03-25
2025_2042,0.7513943910598755,0.1782363802194595,0.4771505296230316,1.0,2025-03-25
2025_2043,0.7530028223991394,0.2760553658008575,0.535839855670929,2.0,2025-03-25
2025_2044,0.4982578456401825,0.2754237353801727,0.490837037563324,3.0,2025-03-25
2025_2045,0.8583243489265442,0.2738476693630218,0.5921133756637573,1.0,2025-03-25
2025_2046,0.8782094120979309,0.3425313830375671,0.6375892758369446,6.0,2025-03-25
2025_2047,0.8462610840797424,0.3074724078178406,0.6149688959121704,4.0,2025-03-25
2025_2048,0.8217836618423462,0.2271425873041153,0.5384617447853088,6.0,2025-03-25
2025_2049,0.8091460466384888,0.2275396585464477,0.5053993463516235,8.0,2025-03-25
2025_2051,0.7981767058372498,0.1102835088968277,0.4223708510398865,6.0,2025-03-25
2025_2052,0.7389549016952515,0.2570678889751434,0.4990883767604828,8.0,2025-03-25
2025_2053,0.7621697783470154,0.1712424159049987,0.4640447199344635,6.0,2025-03-25
2025_2054,0.6750670075416565,0.222222238779068,0.4677002727985382,3.0,2025-03-25
2025_2055,0.8645357489585876,0.3661580979824066,0.631807804107666,3.0,2025-03-25
2025_2056,0.855513334274292,0.3303044140338897,0.611004114151001,1.0,2025-03-25
2025_2057,0.7548919320106506,0.3073602020740509,0.5384347438812256,4.0,2025-03-25
2025_2058,0.860890805721283,0.3463676571846008,0.641991913318634,3.0,2025-03-25
2025_2059,0.8513209223747253,0.3696969747543335,0.6523487567901611,1.0,2025-03-25
2025_2060,0.6242628693580627,0.2063099145889282,0.4762634038925171,3.0,2025-03-25
2025_2061,0.8765720725059509,0.370251715183258,0.6675021052360535,3.0,2025-03-25
2025_2062,0.7833513021469116,0.2581587135791778,0.550849199295044,4.0,2025-03-25
2025_2063,0.7964693307876587,0.2685609459877014,0.5529623031616211,1.0,2025-03-25
2025_2064,0.6170328855514526,0.2287119030952453,0.4249539673328399,2.0,2025-03-25
2025_2065,0.5708543658256531,0.2170133590698242,0.4180929958820343,2.0,2025-03-25
2025_2066,,,,,2025-03-25
2025_2067,0.5012811422348022,0.021591879427433,0.2980917692184448,2.0,2025-03-25
2025_2068,0.7666824460029602,0.2724080979824066,0.5639896392822266,4.0,2025-03-25
2025_2069,0.7678140997886658,0.3174586296081543,0.587963342666626,6.0,2025-03-25
2025_2070,0.8013264536857605,0.3073740601539612,0.5954383015632629,6.0,2025-03-25
2025_2071,0.6856530904769897,0.1378519237041473,0.4052519500255584,3.0,2025-03-25
2025_2072,0.7491986751556396,0.2341593652963638,0.5310430526733398,4.0,2025-03-25
2025_2073,0.8523169755935669,0.2591003179550171,0.5728893280029297,4.0,2025-03-25
2025_2074,0.8430891633033752,0.332888126373291,0.6187777519226074,2.0,2025-03-25
2025_2075,0.8725637197494507,0.2794860303401947,0.6040024161338806,3.0,2025-03-25
2025_2076,0.7721205353736877,0.1202446296811103,0.4307451248168945,2.0,2025-03-25
2025_2077,0.8343981504440308,0.2750621438026428,0.5765371918678284,5.0,2025-03-25
2025_2078,0.7129232883453369,0.2255280911922454,0.5309834480285645,6.0,2025-03-25
2025_2079,0.7718300819396973,0.2199954092502594,0.4880658388137817,3.0,2025-03-25
2025_2080,0.8334269523620605,0.2599276006221771,0.5516262650489807,4.0,2025-03-25
2025_2081,0.8561626672744751,0.3121369481086731,0.6038432717323303,3.0,2025-03-25
2025_2082,0.768770158290863,0.3264248669147491,0.5923699140548706,3.0,2025-03-25
2025_2083,0.6410836577415466,0.2243243008852005,0.453671246767044,4.0,2025-03-25
2025_2084,0.8012021780014038,0.2359590530395507,0.5353713035583496,2.0,2025-03-25
2025_2085,0.8730993270874023,0.3628578782081604,0.6501514911651611,4.0,2025-03-25
2025_2086,0.8280233144760132,0.2616560459136963,0.5567431449890137,3.0,2025-03-25
2025_2087,0.7858545184135437,0.2980627119541168,0.5989511013031006,4.0,2025-03-25
2025_2088,0.3729240000247955,0.1380892693996429,0.2617946267127991,5.0,2025-03-25
2025_2089,0.6214190125465393,0.2184334397315979,0.454243004322052,4.0,2025-03-25
2025_2090,0.838516116142273,0.3413126766681671,0.6087402701377869,2.0,2025-03-25
2025_2091,0.7852477431297302,0.3061475157737732,0.5650792121887207,2.0,2025-03-25
2025_2092,0.7731733322143555,0.2552549540996551,0.5457067489624023,4.0,2025-03-25
2025_2093,0.822277843952179,0.3180236518383026,0.5885930061340332,7.0,2025-03-25
2025_2094,0.7653598785400391,0.2341887503862381,0.5273818373680115,7.0,2025-03-25
2025_2096,0.7819318771362305,0.2938886284828186,0.5618909597396851,8.0,2025-03-25
2025_2097,0.8177660703659058,0.3362411260604858,0.6246334314346313,8.0,2025-03-25
2025_2098,0.8686223030090332,0.2992841005325317,0.5739186406135559,6.0,2025-03-25
2025_2099,0.8637268543243408,0.316789835691452,0.6262389421463013,2.0,2025-03-25
2025_2101,0.7102782130241394,0.0426319725811481,0.3702695071697235,6.0,2025-03-25
2025_2102,0.889255940914154,0.3381478786468506,0.6557917594909668,6.0,2025-03-25
2025_2103,0.8405991792678833,0.3078896105289459,0.6176398396492004,6.0,2025-03-25
2025_2104,0.7186675071716309,0.0880954712629318,0.3511264026165008,6.0,2025-03-25
2025_2105,0.7960407733917236,0.3031403720378876,0.5829471945762634,11.0,2025-03-25
2025_2106,0.8302149772644043,0.2997165322303772,0.5703035593032837,10.0,2025-03-25
2025_2107,0.7851596474647522,0.1516488492488861,0.4405356049537658,4.0,2025-03-25
2025_2108,0.7801796793937683,0.2895881831645965,0.5479974746704102,4.0,2025-03-25
2025_2109,0.7196784615516663,0.2620176076889038,0.5147783160209656,5.0,2025-03-25
2025_2110,0.8039215803146362,0.3123401999473572,0.5875906348228455,5.0,2025-03-25
2025_2111,0.8532770872116089,0.2540955245494842,0.5346137881278992,8.0,2025-03-25
2025_2112,0.7210535407066345,0.226248100399971,0.4806897640228271,5.0,2025-03-25
2025_2113,0.8315303921699524,0.3620399534702301,0.6362130641937256,4.0,2025-03-25
2025_2114,0.6381692886352539,0.0813417062163353,0.363705575466156,2.0,2025-03-25
2025_2115,0.7737217545509338,0.1636249274015426,0.4532438516616821,2.0,2025-03-25
2025_2116,0.7919013500213623,0.2518439292907715,0.5252883434295654,2.0,2025-03-25
2025_2118,0.8135509490966797,0.2009073495864868,0.5044907331466675,2.0,2025-03-25
2025_2119,0.8266170024871826,0.3149512708187103,0.6030286550521851,5.0,2025-03-25
2025_2121,0.8421584963798523,0.3145607411861419,0.5984117984771729,3.0,2025-03-25
2025_2122,0.8225035667419434,0.2895770370960235,0.5749507546424866,6.0,2025-03-25
2025_2123,0.8061180710792542,0.2151983976364135,0.4420364797115326,5.0,2025-03-25
2025_2124,0.7720572352409363,0.3151535093784332,0.5488461852073669,5.0,2025-03-25
2025_2125,0.8711851239204407,0.3625519275665283,0.6453790664672852,4.0,2025-03-25
2025_2126,0.7042112350463867,0.2917592525482178,0.4879871308803558,4.0,2025-03-25
2025_2128,0.6597510576248169,0.2982167303562164,0.534246563911438,3.0,2025-03-25
2025_2129,0.7779839038848877,0.1140394434332847,0.437458336353302,2.0,2025-03-25
2025_2130,0.868351936340332,0.2876725196838379,0.5871675610542297,2.0,2025-03-25
2025_2131,0.871785581111908,0.3053801357746124,0.6185405254364014,3.0,2025-03-25
2025_2132,0.8158921599388123,0.2729296088218689,0.586571991443634,2.0,2025-03-25
2025_2133,0.731638491153717,0.2255033552646637,0.5288289189338684,2.0,2025-03-25
2025_2134,0.8176795840263367,0.27027028799057,0.5774648189544678,3.0,2025-03-25
2025_2135,0.7388285994529724,0.2843576371669769,0.5283582210540771,3.0,2025-03-25
2025_2136,0.6981226205825806,0.2940738797187805,0.5051608085632324,4.0,2025-03-25
2025_2137,0.6885196566581726,0.2331212759017944,0.4480817019939422,4.0,2025-03-25
2025_2138,0.773565411567688,0.2480637729167938,0.5499909520149231,4.0,2025-03-25
2025_2139,0.6713420152664185,0.2781310081481933,0.5290254354476929,4.0,2025-03-25
2025_2140,0.776627779006958,0.296944111585617,0.5722711086273193,4.0,2025-03-25
2025_2142,0.5925925970077515,0.0318325348198413,0.2718014121055603,11.0,2025-03-25
2025_2143,0.753197193145752,0.2018464356660843,0.4441120624542236,8.0,2025-03-25
2025_2144,0.5284473896026611,0.2214627563953399,0.3759893178939819,8.0,2025-03-25
2025_2146,0.7073057889938354,0.1203391328454017,0.3848861157894134,4.0,2025-03-25
2025_2147,0.8013967871665955,0.1594760715961456,0.4694022834300995,4.0,2025-03-25
2025_2148,0.7700458765029907,0.2143350541591644,0.5006446838378906,6.0,2025-03-25
2025_2149,0.2062412351369857,0.1003649532794952,0.1431279480457306,3.0,2025-03-25
2025_2150,0.4451743066310882,0.1115500777959823,0.2574646770954132,2.0,2025-03-25
2025_2154,0.7744227051734924,0.3690284192562103,0.6201010942459106,11.0,2025-03-25
2025_2155,0.7950115203857422,0.2656057775020599,0.5687911510467529,4.0,2025-03-25
2025_2156,0.8457061052322388,0.3164569437503814,0.5965756177902222,6.0,2025-03-25
2025_2157,0.61219322681427,0.0410133488476276,0.3395686149597168,8.0,2025-03-25
2025_2158,0.801841676235199,0.2195362299680709,0.4822733104228973,12.0,2025-03-25
2025_2160,0.8093698024749756,0.2988905608654022,0.6115131378173828,8.0,2025-03-25
2025_2162,0.7714723944664001,0.182492971420288,0.4694656729698181,3.0,2025-03-25
2025_2165,0.6884087920188904,-0.0151140606030821,0.220708429813385,3.0,2025-03-25
2025_2166,0.8073721528053284,0.2375330626964569,0.4764448702335357,3.0,2025-03-25
2025_2167,0.6960173845291138,0.1264143288135528,0.364078015089035,4.0,2025-03-25
2025_2168,0.73081374168396,0.0571356490254402,0.3380057215690613,3.0,2025-03-25
2025_2169,0.8181818127632141,0.3241379261016845,0.5808045268058777,1.0,2025-03-25
2025_2170,0.8018511533737183,0.3843498528003692,0.6464360356330872,6.0,2025-03-25
2025_2171,0.8494629263877869,0.2916102409362793,0.5919331312179565,2.0,2025-03-25
2025_2172,0.8338922262191772,0.3210127353668213,0.5909076929092407,2.0,2025-03-25
2025_2173,0.8146133422851562,0.327041745185852,0.6044601798057556,2.0,2025-03-25
2025_2174,0.4884981215000152,0.2300395667552948,0.3815029263496399,6.0,2025-03-25
2025_2175,0.8239967823028564,0.2479341328144073,0.5478466749191284,2.0,2025-03-25
2025_2176,0.6590451002120972,0.264757752418518,0.5163992047309875,4.0,2025-03-25
2025_2177,0.8269799947738647,0.2543207108974457,0.5725834369659424,2.0,2025-03-25
2025_2178,0.6052939891815186,0.2169487029314041,0.4489701390266418,4.0,2025-03-25
2025_2179,0.8391890525817871,0.2663439512252807,0.5656973123550415,6.0,2025-03-25
2025_2180,0.4768829941749573,0.1710226386785507,0.3771263659000397,6.0,2025-03-25
2025_2181,0.7799704074859619,0.2164261937141418,0.4948839247226715,5.0,2025-03-25
2025_2182,0.7408465147018433,0.3235236406326294,0.5721739530563354,3.0,2025-03-25
2025_2183,0.6308201551437378,0.2938920259475708,0.5194627642631531,4.0,2025-03-25
2025_2184,0.6556485891342163,0.3090495765209198,0.5116581916809082,4.0,2025-03-25
2025_2185,0.8696907162666321,0.3446415960788727,0.6152384281158447,4.0,2025-03-25
2025_2186,0.7490805983543396,0.3620569407939911,0.6223317384719849,6.0,2025-03-25
2025_2187,0.8634388446807861,0.2650652825832367,0.589621365070343,7.0,2025-03-25
2025_2188,0.4440089464187622,0.0822492614388465,0.2188090682029724,1.0,2025-03-25
2025_2189,0.7159558534622192,0.1981048882007599,0.4675989747047424,6.0,2025-03-25
2025_2190,0.7268469929695129,0.2013144344091415,0.498517632484436,2.0,2025-03-25
2025_2191,0.7630220651626587,0.2377989143133163,0.5301378965377808,6.0,2025-03-25
2025_2192,0.6930847764015198,0.1248355358839035,0.4130515158176422,14.0,2025-03-25
2025_2193,0.8178249001502991,0.2706239521503448,0.5732191205024719,14.0,2025-03-25
2025_2194,0.785398006439209,0.293895274400711,0.5690796971321106,14.0,2025-03-25
2025_2199,0.8624793887138367,0.3214893043041229,0.6089087724685669,10.0,2025-03-25
2025_2200,0.817621648311615,0.2153097540140152,0.5171082615852356,10.0,2025-03-25
2025_2201,0.7834039330482483,0.1809600889682769,0.4684600234031677,2.0,2025-03-25
2025_2202,0.8636905550956726,0.2392562180757522,0.5720646381378174,2.0,2025-03-25
2025_2203,0.8094679117202759,0.2879159152507782,0.583871603012085,2.0,2025-03-25
2025_2204,0.7941427230834961,0.3518048822879791,0.620963990688324,3.0,2025-03-25
2025_2205,0.8289498090744019,0.3354093134403229,0.6466465592384338,4.0,2025-03-25
2025_2206,0.6849453449249268,0.1418016701936721,0.3816636502742767,12.0,2025-03-25
2025_2207,0.7244846224784851,0.0730514898896217,0.3969960212707519,10.0,2025-03-25
2025_2208,0.543698251247406,0.1356253772974014,0.3437306582927704,10.0,2025-03-25
2025_2210,0.8626062273979187,0.3130123019218445,0.5850515365600586,13.0,2025-03-25
2025_2211,0.508676290512085,0.1284528076648712,0.4070387184619903,18.0,2025-03-25
2025_2212,0.8454755544662476,0.2739578783512115,0.5787650942802429,10.0,2025-03-25
2025_2213,0.708435595035553,0.1732114106416702,0.457541823387146,6.0,2025-03-25
2025_2215,0.7894089818000793,0.2949153780937195,0.5519542098045349,12.0,2025-03-25
2025_2217,0.7832467555999756,0.233404591679573,0.549336850643158,16.0,2025-03-25
2025_2218,0.8156120777130127,0.2439873069524765,0.5604085326194763,14.0,2025-03-25
2025_2220,0.6806443333625793,0.1234986260533332,0.3946788907051086,16.0,2025-03-25
2025_2221,0.7944902181625366,0.2720186412334442,0.5574531555175781,10.0,2025-03-25
2025_2222,0.8624644875526428,0.3284468352794647,0.6188538074493408,12.0,2025-03-25
2025_2224,0.7959843277931213,0.3060910403728485,0.5573210120201111,12.0,2025-03-25
2025_2225,0.8202601671218872,0.227861225605011,0.5390235781669617,9.0,2025-03-25
2025_2226,0.8107905983924866,0.2969017922878265,0.5970031023025513,4.0,2025-03-25
2025_2227,0.8456072807312012,0.2860278785228729,0.6262230277061462,12.0,2025-03-25
2025_2228,0.8829906582832336,0.4216737449169159,0.7058334946632385,10.0,2025-03-25
2025_2229,0.3075173497200012,0.0913029909133911,0.2716375589370727,4.0,2025-03-25
2025_2230,0.9000673890113831,0.3641333281993866,0.6748858094215393,8.0,2025-03-25
2025_2232,0.6116479635238647,0.0462667904794216,0.3061029314994812,4.0,2025-03-25
2025_2233,0.7358871102333069,0.2289854884147644,0.4620689451694488,5.0,2025-03-25
2025_2234,0.784959614276886,0.2299785912036895,0.4946656227111816,5.0,2025-03-25
2025_2235,0.7490636706352234,0.1420419961214065,0.4147942364215851,5.0,2025-03-25
2025_2236,0.7946076989173889,0.2368474900722503,0.5315589308738708,7.0,2025-03-25
2025_2239,0.8327308297157288,0.315921813249588,0.6228020787239075,8.0,2025-03-25
2025_2240,0.686610758304596,0.1605293005704879,0.4285930395126343,24.0,2025-03-25
2025_2241,0.6740738153457642,0.1314893960952758,0.339360624551773,28.0,2025-03-25
2025_2243,0.8760303258895874,0.3470644056797027,0.5775551199913025,21.0,2025-03-25
2025_2244,0.7683964371681213,0.2713239192962646,0.5569061040878296,24.0,2025-03-25
2025_2246,0.7651913166046143,0.1802039593458175,0.4863919615745544,10.0,2025-03-25
2025_2247,0.8735777735710144,0.3494863510131836,0.6331828236579895,10.0,2025-03-25
2025_2248,0.7951357364654541,0.2932724058628082,0.5652620792388916,12.0,2025-03-25
2025_2252,0.7695719003677368,0.1009259298443794,0.3596596419811249,14.0,2025-03-25
2025_2253,0.6200527548789978,0.0074237054213881,0.241192415356636,13.0,2025-03-25
2025_2255,0.7175967693328857,0.2003948539495468,0.4411380589008331,10.0,2025-03-25
2025_2256,0.8525189161300659,0.2353389859199524,0.5105191469192505,10.0,2025-03-25
2025_2257,0.8585847020149231,0.284929096698761,0.5877845287322998,12.0,2025-03-25
2025_2258,0.7830719351768494,0.2872091829776764,0.5730154514312744,12.0,2025-03-25
2025_2260,0.8716380000114441,0.2963685691356659,0.6128336787223816,12.0,2025-03-25
2025_2263,0.8691341876983643,0.2906494736671448,0.5898289084434509,12.0,2025-03-25
2025_2266,0.6109133362770081,0.1249933540821075,0.3583032488822937,14.0,2025-03-25
2025_2267,0.8558092713356018,0.283647745847702,0.5874307751655579,12.0,2025-03-25
2025_2270,0.8390379548072815,0.2920615077018738,0.5761099457740784,15.0,2025-03-25
2025_2271,0.7156880497932434,0.2065224945545196,0.4529814124107361,20.0,2025-03-25
2025_2272,0.845271646976471,0.2535615563392639,0.5593747496604919,14.0,2025-03-25
2025_2275,0.6168535947799683,0.1128739789128303,0.37150838971138,13.0,2025-03-25
2025_2277,0.5420456528663635,0.0654845908284187,0.2859760224819183,20.0,2025-03-25
2025_2278,0.8705516457557678,0.3242155909538269,0.6179673671722412,12.0,2025-03-25
2025_2279,0.667378842830658,0.1837206184864044,0.4469664394855499,18.0,2025-03-25
2025_2280,0.8084266781806946,0.2623943090438843,0.5357767343521118,16.0,2025-03-25
2025_2281,0.6458370089530945,0.1136023923754692,0.4053152799606323,16.0,2025-03-25
2025_2287,0.5989044904708862,0.0801685154438018,0.3087937235832214,18.0,2025-03-25
2025_2288,0.7306061387062073,0.1573157459497451,0.444909930229187,12.0,2025-03-25
2025_2291,0.7499043941497803,0.1846720278263092,0.4610831141471863,15.0,2025-03-25
2025_2292,0.656923770904541,0.0508084222674369,0.3369491398334503,14.0,2025-03-25
2025_2293,0.6883116960525513,0.1313027888536453,0.415399968624115,17.0,2025-03-25
2025_2295,0.6444326639175415,0.0142771983519196,0.1999834030866623,12.0,2025-03-25
2025_2296,0.8045845627784729,0.1966117322444915,0.5036168694496155,14.0,2025-03-25
2025_2297,0.8614877462387085,0.2783648073673248,0.5909783244132996,10.0,2025-03-25
2025_2299,0.6122071743011475,0.0177466459572315,0.2448898404836654,14.0,2025-03-25
2025_2301,0.6944803595542908,0.0919221639633178,0.3859949707984924,10.0,2025-03-25
2025_2303,0.8517745137214661,0.309895396232605,0.6164493560791016,12.0,2025-03-25
2025_2304,0.7632077932357788,0.1886757910251617,0.4657192230224609,13.0,2025-03-25
2025_2305,0.7261126637458801,0.0466249659657478,0.2904598712921142,16.0,2025-03-25
2025_2307,0.5637837648391724,0.004292509984225,0.2333551049232483,16.0,2025-03-25
2025_2310,0.7713522911071777,0.0896195992827415,0.3905345499515533,17.0,2025-03-25
2025_2313,0.8008338809013367,0.1415770649909973,0.4244094789028168,16.0,2025-03-25
2025_2314,0.8681318759918213,0.3324386477470398,0.6380952596664429,17.0,2025-03-25
2025_2315,0.8117148876190186,0.2540220618247986,0.550269365310669,14.0,2025-03-25
2025_2317,0.7688193321228027,0.1565385162830352,0.4598425626754761,16.0,2025-03-25
2025_2320,0.446006029844284,-0.0656038001179695,0.1233571618795394,14.0,2025-03-25
2025_2321,0.7246525883674622,0.1718981564044952,0.467428982257843,16.0,2025-03-25
2025_2322,0.6220521926879883,0.0705227106809616,0.2979635596275329,20.0,2025-03-25
2025_2323,0.581388533115387,0.0993320047855377,0.2599478363990783,24.0,2025-03-25
2025_2324,0.76018887758255,0.2111637741327285,0.4753507375717163,12.0,2025-03-25
2025_2325,0.8284398317337036,0.2526913285255432,0.5447742938995361,21.0,2025-03-25
2025_2326,0.8572555184364319,0.2217239588499069,0.5558375716209412,19.0,2025-03-25
2025_2327,0.8421590924263,0.2596887648105621,0.5638505816459656,14.0,2025-03-25
2025_2328,0.7950363755226135,0.2462410628795623,0.5339692234992981,32.0,2025-03-25
2025_2329,0.8285855054855347,0.2484717816114425,0.548834502696991,14.0,2025-03-25
2025_2330,0.8755980730056763,0.3219063282012939,0.6320000290870667,17.0,2025-03-25
2025_2334,0.8400784730911255,0.3122826814651489,0.6130896210670471,10.0,2025-03-25
2025_2335,0.773206353187561,0.2352951318025589,0.504073977470398,16.0,2025-03-25
2025_2336,0.6340627074241638,0.1437557339668274,0.3462070524692535,14.0,2025-03-25
2025_2337,0.846113383769989,0.3223685324192047,0.6080653667449951,16.0,2025-03-25
2025_2338,0.8363324999809265,0.2510667145252228,0.5422565340995789,14.0,2025-03-25
2025_2341,0.7389134168624878,0.2786040902137756,0.5171599388122559,18.0,2025-03-25
2025_2344,0.675513505935669,0.0939172357320785,0.3408053815364837,18.0,2025-03-25
2025_2345,0.6789932250976562,0.1118589267134666,0.3849566876888275,18.0,2025-03-25
2025_2351,0.8599501848220825,0.3434650301933288,0.64453125,21.0,2025-03-25
2025_2352,0.8738792538642883,0.2496506720781326,0.5527488589286804,15.0,2025-03-25
2025_2354,0.7798337340354919,0.1748014241456985,0.4058700501918793,24.0,2025-03-25
2025_2355,0.6560940146446228,0.0642348900437355,0.255760908126831,22.0,2025-03-25
2025_2357,0.6631049513816833,0.0905837640166282,0.2954712510108948,15.0,2025-03-25
2025_2358,0.8488576412200928,0.3123343288898468,0.5840391516685486,3.0,2025-03-25
2025_2359,0.7304377555847168,0.180733174085617,0.4602003395557403,3.0,2025-03-25
2025_2360,0.825039267539978,0.2809624671936035,0.5490759611129761,3.0,2025-03-25
2025_2361,0.4711115956306457,0.0753610655665397,0.298655241727829,4.0,2025-03-25
2025_2363,0.8494752645492554,0.306142508983612,0.5474159717559814,3.0,2025-03-25
2025_2364,0.6995609998703003,0.334827184677124,0.6230822205543518,6.0,2025-03-25
2025_2365,0.621684730052948,0.1819152534008026,0.449165940284729,4.0,2025-03-25
2025_2366,0.8382317423820496,0.3332429230213165,0.6204855442047119,6.0,2025-03-25
2025_2367,0.8743464946746826,0.3158317506313324,0.6173585057258606,2.0,2025-03-25
2025_2370,0.7731829881668091,0.1373725831508636,0.4447936415672302,4.0,2025-03-25
2025_2371,0.7044146060943604,0.129732459783554,0.3375906944274902,19.0,2025-03-25
2025_2372,0.6886276602745056,0.0756569057703018,0.3070092499256134,6.0,2025-03-25
2025_2373,0.7995337843894958,0.2137582600116729,0.4732824563980102,9.0,2025-03-25
2025_2374,0.7658324241638184,0.2348027527332306,0.5136862993240356,2.0,2025-03-25
2025_2375,0.8599767684936523,0.2911937832832336,0.5890045762062073,14.0,2025-03-25
2025_2376,0.782391369342804,0.2142936140298843,0.5392553806304932,16.0,2025-03-25
2025_2377,0.8486030101776123,0.2636705935001373,0.5836213827133179,15.0,2025-03-25
2025_2378,0.8580603003501892,0.3090037703514099,0.6112123131752014,18.0,2025-03-25
2025_2380,0.7143809795379639,0.1554420739412307,0.3967715203762054,16.0,2025-03-25
2025_2382,0.5607402920722961,-0.0113629782572388,0.219860091805458,10.0,2025-03-25
2025_2383,0.8259799480438232,0.2273964583873748,0.5315291285514832,12.0,2025-03-25
2025_2385,0.7278190851211548,0.1378190815448761,0.3787517249584198,14.0,2025-03-25
2025_2386,0.7770513892173767,0.183288112282753,0.4679805338382721,10.0,2025-03-25
2025_2387,0.7656593918800354,0.1785709410905838,0.4605346322059631,12.0,2025-03-25
2025_2392,0.7400451302528381,0.2199131399393081,0.4624286293983459,16.0,2025-03-25
2025_2393,0.7961157560348511,0.2562821209430694,0.5130504965782166,14.0,2025-03-25
2025_2394,0.8368602395057678,0.3051731586456299,0.6157870292663574,18.0,2025-03-25
2025_2395,0.8442400693893433,0.2802508175373077,0.5854503512382507,20.0,2025-03-25
2025_2396,0.7593116164207458,0.175239697098732,0.4756154119968414,20.0,2025-03-25
2025_2397,0.7850015759468079,0.2071274667978286,0.5189233422279358,20.0,2025-03-25
2025_2399,0.5077760815620422,0.1176224201917648,0.3115274608135223,13.0,2025-03-25
2025_2400,0.7202237248420715,0.1557916700839996,0.4364961385726928,12.0,2025-03-25
2025_2402,0.7348297834396362,0.1556863933801651,0.4214364290237427,12.0,2025-03-25
2025_2403,0.719463050365448,0.1908869594335556,0.4655532538890838,13.0,2025-03-25
2025_2406,0.7683854699134827,0.2980522513389587,0.5482385754585266,18.0,2025-03-25
2025_2410,0.8466232419013977,0.365448385477066,0.6456772685050964,20.0,2025-03-25
2025_2412,0.8044164180755615,0.2695401012897491,0.5476245880126953,17.0,2025-03-25
2025_2414,0.8656919002532959,0.3437284529209137,0.6369260549545288,14.0,2025-03-25
2025_2416,0.7920572757720947,0.271497517824173,0.5448665022850037,16.0,2025-03-25
2025_2418,0.6363213658332825,0.0517312474548816,0.3453315198421478,16.0,2025-03-25
2025_2419,0.7795891165733337,0.1949891000986099,0.4809244573116302,12.0,2025-03-25
2025_2420,0.7961069345474243,0.2836051285266876,0.5404965877532959,16.0,2025-03-25
2025_2421,0.6574357748031616,0.0997962430119514,0.378467857837677,16.0,2025-03-25
2025_2422,0.6082543730735779,0.0316143780946731,0.2904642224311828,16.0,2025-03-25
2025_2423,0.797767698764801,0.2915010452270508,0.5652550458908081,14.0,2025-03-25
2025_2425,0.7907736301422119,0.2451921850442886,0.5380165576934814,8.0,2025-03-25
2025_2426,0.8678506016731262,0.3722881972789764,0.6480613946914673,4.0,2025-03-25
2025_2429,0.6772291660308838,0.0944938510656356,0.3500145375728607,3.0,2025-03-25
2025_2430,0.3105334937572479,-0.0357322730123996,0.1878487169742584,3.0,2025-03-25
2025_2432,0.6563727855682373,0.1811907738447189,0.4116604030132293,4.0,2025-03-25
2025_2433,0.8620932698249817,0.3248149454593658,0.6028810143470764,10.0,2025-03-25
2025_2434,0.8835299611091614,0.3112233877182007,0.6150595545768738,10.0,2025-03-25
2025_2435,0.7797056436538696,0.2166709899902343,0.5248525142669678,6.0,2025-03-25
2025_2436,0.785319447517395,0.3386344015598297,0.625163197517395,8.0,2025-03-25
2025_2437,0.9128103852272034,0.3522012531757355,0.6772972941398621,4.0,2025-03-25
2025_2438,0.8319911360740662,0.320434421300888,0.6088073253631592,8.0,2025-03-25
2025_2439,0.8713716268539429,0.348160833120346,0.6184852123260498,5.0,2025-03-25
2025_2440,0.5655563473701477,0.263934314250946,0.5086401700973511,12.0,2025-03-25
2025_2442,0.7682041525840759,0.2271094173192978,0.5225492119789124,2.0,2025-03-25
2025_2444,0.4313036501407623,0.0855733007192611,0.2926845252513885,6.0,2025-03-25
2025_2445,0.7035972476005554,0.2370268851518631,0.5037457346916199,10.0,2025-03-25
2025_2446,0.6257452368736267,0.1491569429636001,0.4118876159191131,8.0,2025-03-25
2025_2447,0.7215345501899719,0.1884510517120361,0.4343841075897217,10.0,2025-03-25
2025_2448,0.869046688079834,0.4079371094703674,0.6963952779769897,14.0,2025-03-25
2025_2449,0.7041617035865784,0.1560848504304886,0.4169542789459228,16.0,2025-03-25
2025_2452,0.1556585431098938,0.0602906011044979,0.2103264778852462,16.0,2025-03-25
2025_2455,0.7571302652359009,0.2688127756118774,0.4981198310852051,3.0,2025-03-25
2025_2456,0.4871794879436493,0.0737005397677421,0.3363062143325805,5.0,2025-03-25
2025_2457,0.7129043936729431,0.0569135919213295,0.3508925139904022,6.0,2025-03-25
2025_2460,0.6654275059700012,0.0044414070434868,0.2793733775615692,7.0,2025-03-25
2025_2463,0.863365650177002,0.2186561524868011,0.5451410412788391,16.0,2025-03-25
2025_2464,0.6726402044296265,0.159403845667839,0.4366696178913116,10.0,2025-03-25
2025_2465,0.8861660361289978,0.1873111724853515,0.5081547498703003,17.0,2025-03-25
2025_2467,0.8409538269042969,0.274926483631134,0.573025643825531,16.0,2025-03-25
2025_2468,0.7962484359741211,0.2065189480781555,0.5139425992965698,14.0,2025-03-25
2025_2469,0.825745165348053,0.2037861943244934,0.5042207837104797,16.0,2025-03-25
2025_2471,0.704007625579834,0.1391295939683914,0.4160733520984649,12.0,2025-03-25
2025_2472,0.8364881277084351,0.2215344160795211,0.5071719288825989,13.0,2025-03-25
2025_2473,0.7962768077850342,0.2095624208450317,0.5140379071235657,12.0,2025-03-25
2025_2474,0.8547893762588501,0.2623881101608276,0.5607683658599854,10.0,2025-03-25
2025_2477,0.8364153504371643,0.2536879181861877,0.5489243268966675,12.0,2025-03-25
2025_2479,0.8088445067405701,0.2961849570274353,0.5813532471656799,12.0,2025-03-25
2025_2480,0.8835975527763367,0.3445038795471191,0.6525909304618835,16.0,2025-03-25
2025_2481,0.7940650582313538,0.1620269864797592,0.4822640419006347,14.0,2025-03-25
2025_2482,0.7915327548980713,0.2351700365543365,0.5450603365898132,14.0,2025-03-25
2025_2490,0.8472690582275391,0.2751850485801697,0.5533263683319092,12.0,2025-03-25
2025_2492,0.8287560343742371,0.3071895241737366,0.5904572606086731,13.0,2025-03-25
2025_2493,0.548878014087677,0.2559615671634674,0.4028213918209076,4.0,2025-03-25
2025_2494,0.8384885787963867,0.3104607462882995,0.5854270458221436,2.0,2025-03-25
2025_2496,0.5144202709197998,0.0240503381937742,0.2890596985816955,6.0,2025-03-25
2025_2497,0.8288136124610901,0.267875611782074,0.5260652303695679,12.0,2025-03-25
2025_2669,0.8205215930938721,0.2947783768177032,0.5930254459381104,12.0,2025-03-25
2025_2670,0.7903724908828735,0.3146595656871795,0.5856682658195496,16.0,2025-03-25
2025_2671,0.9034932851791382,0.3788666427135467,0.6820984482765198,6.0,2025-03-25
2025_2672,0.8987898826599121,0.3116937279701233,0.6472432613372803,5.0,2025-03-25
2025_2673,0.7371009588241577,0.2870836853981018,0.5736239552497864,16.0,2025-03-25
2025_172,0.8437047600746155,0.2351954132318496,0.5310549736022949,3.0,2025-04-14
2025_174,0.7834738492965698,0.1969636529684066,0.4929418563842773,3.0,2025-04-14
2025_175,0.8112359642982483,0.2719922959804535,0.5752085447311401,3.0,2025-04-14
2025_177,0.7728657722473145,0.3150008022785187,0.5883138179779053,4.0,2025-04-14
2025_211,0.7915006875991821,0.2079695612192154,0.4993053674697876,1.0,2025-04-14
2025_212,0.5865415930747986,0.122710607945919,0.4043527841567993,1.0,2025-04-14
2025_218,0.803917646408081,0.2887468934059143,0.5880051255226135,18.0,2025-04-14
2025_985,0.6676056385040283,0.2064333111047744,0.4529607892036438,19.0,2025-04-14
2025_986,0.828393816947937,0.2717146277427673,0.5503281354904175,16.0,2025-04-14
2025_987,0.7047459483146667,0.0948021709918975,0.3138699829578399,16.0,2025-04-14
2025_988,0.7943925261497498,0.2526881694793701,0.539383590221405,17.0,2025-04-14
2025_990,0.6750131845474243,0.119874358177185,0.3785522282123565,14.0,2025-04-14
2025_994,0.8210774660110474,0.2718209624290466,0.5591159462928772,14.0,2025-04-14
2025_995,0.8458787202835083,0.2660908997058868,0.5531356334686279,16.0,2025-04-14
2025_996,0.7177836894989014,0.2062838077545166,0.4553616642951965,28.0,2025-04-14
2025_998,0.8133698105812073,0.14511039853096,0.44825080037117,20.0,2025-04-14
2025_999,0.858636736869812,0.3392035961151123,0.6182026267051697,20.0,2025-04-14
2025_1000,0.7578616142272949,0.2584205865859985,0.5487618446350098,17.0,2025-04-14
2025_1008,0.5893115401268005,0.0587132833898067,0.3525506556034088,6.0,2025-04-14
2025_1009,0.7865201234817505,0.2673748135566711,0.5296703577041626,5.0,2025-04-14
2025_1010,0.65076744556427,0.0769768431782722,0.3180833756923675,4.0,2025-04-14
2025_1016,0.7158702611923218,0.1916294544935226,0.4640361964702606,20.0,2025-04-14
2025_1017,0.682151734828949,0.1944826394319534,0.4671625792980194,18.0,2025-04-14
2025_1018,0.71677166223526,0.1128325909376144,0.3835487067699432,16.0,2025-04-14
2025_1019,0.7450271248817444,0.25660040974617,0.5479404926300049,13.0,2025-04-14
2025_1020,0.8479446172714233,0.3629451096057892,0.6183803081512451,12.0,2025-04-14
2025_1021,0.7390708923339844,0.1930268108844757,0.4805367588996887,14.0,2025-04-14
2025_1022,0.8091580271720886,0.2385532259941101,0.5359919667243958,15.0,2025-04-14
2025_1024,0.7892934083938599,0.3110143840312958,0.5724580883979797,22.0,2025-04-14
2025_1025,0.5438713431358337,-0.0098062474280595,0.1992761939764022,14.0,2025-04-14
2025_1026,0.6986059546470642,0.1305453330278396,0.4012729227542877,10.0,2025-04-14
2025_1027,0.7129634022712708,0.0821762010455131,0.3581336438655853,10.0,2025-04-14
2025_1028,0.8292025327682495,0.276860237121582,0.5754072070121765,16.0,2025-04-14
2025_1029,0.7702054381370544,0.2146889716386795,0.5086444616317749,16.0,2025-04-14
2025_1030,0.8029126524925232,0.1665370911359787,0.4743954241275787,16.0,2025-04-14
2025_1032,0.8054139614105225,0.2305792868137359,0.5208654403686523,16.0,2025-04-14
2025_1033,0.6909316182136536,0.1691519767045974,0.4469442963600158,16.0,2025-04-14
2025_1034,0.8439454436302185,0.2993589639663696,0.606634259223938,12.0,2025-04-14
2025_1035,0.7091950178146362,0.235665813088417,0.497493028640747,17.0,2025-04-14
2025_1037,0.759058952331543,0.1746405810117721,0.4395863711833954,16.0,2025-04-14
2025_1038,0.776104748249054,0.2605694532394409,0.5457192659378052,15.0,2025-04-14
2025_1039,0.8117504715919495,0.2869125604629516,0.5779268741607666,14.0,2025-04-14
2025_1040,0.6398437023162842,0.23026143014431,0.5072879195213318,16.0,2025-04-14
2025_1044,0.7530753016471863,0.2764577865600586,0.5807796716690063,14.0,2025-04-14
2025_1045,0.7957696914672852,0.1838271617889404,0.4932326376438141,16.0,2025-04-14
2025_1048,0.846912145614624,0.2430840730667114,0.5511940717697144,14.0,2025-04-14
2025_1049,0.7751574516296387,0.1494241207838058,0.4866437613964081,8.0,2025-04-14
2025_1051,0.7604198455810547,0.180326297879219,0.5155221223831177,16.0,2025-04-14
2025_1052,0.8161928057670593,0.1839116960763931,0.4885532259941101,14.0,2025-04-14
2025_1053,0.8635876774787903,0.2532814741134643,0.5733089447021484,8.0,2025-04-14
2025_1054,0.8018550872802734,0.1952018141746521,0.5137627124786377,10.0,2025-04-14
2025_1059,0.6728240251541138,-0.0966566801071167,0.2606737017631531,12.0,2025-04-14
2025_1060,0.8059744834899902,0.3050580024719238,0.6082407832145691,16.0,2025-04-14
2025_1061,0.877385139465332,0.2948724329471588,0.6276748776435852,12.0,2025-04-14
2025_1062,0.8752545118331909,0.3209265470504761,0.6102722883224487,20.0,2025-04-14
2025_1063,0.7934433817863464,0.1387402564287185,0.4614242017269134,20.0,2025-04-14
2025_1065,0.849031388759613,0.3263057172298431,0.6180385947227478,21.0,2025-04-14
2025_1067,0.7552099227905273,0.1309259384870529,0.4022647142410278,14.0,2025-04-14
2025_1068,0.8590786457061768,0.3716332912445068,0.6488677859306335,16.0,2025-04-14
2025_1074,0.8329898118972778,0.2535395622253418,0.5471600890159607,18.0,2025-04-14
2025_1077,0.7899450659751892,0.261674016714096,0.5629733204841614,8.0,2025-04-14
2025_1078,0.8387271761894226,0.2555343806743622,0.5782943964004517,20.0,2025-04-14
2025_1079,0.8671519756317139,0.3291219174861908,0.5695635676383972,9.0,2025-04-14
2025_1080,0.7318952083587646,0.2981713116168976,0.5368620157241821,5.0,2025-04-14
2025_1081,0.7519088983535767,0.2039420455694198,0.4976519346237182,16.0,2025-04-14
2025_1083,0.9021694660186768,0.3836615085601806,0.6821901202201843,12.0,2025-04-14
2025_1084,0.8530005216598511,0.3237624764442444,0.6013209819793701,12.0,2025-04-14
2025_1088,0.7953051924705505,0.3337284922599792,0.6000000238418579,5.0,2025-04-14
2025_1089,0.8194063305854797,0.2717132270336151,0.5665295720100403,16.0,2025-04-14
2025_1090,0.8096030354499817,0.2911681830883026,0.579653799533844,14.0,2025-04-14
2025_1091,0.7299110889434814,0.1751100122928619,0.4392136335372925,14.0,2025-04-14
2025_1093,0.7804872393608093,0.2116919755935669,0.4870631396770477,2.0,2025-04-14
2025_1094,0.8229762315750122,0.2211875766515731,0.5224912166595459,2.0,2025-04-14
2025_1095,0.8028769493103027,0.2736168801784515,0.5473251342773438,3.0,2025-04-14
2025_1096,0.6756501197814941,0.239594280719757,0.5239733457565308,3.0,2025-04-14
2025_1097,0.843999981880188,0.2855269014835357,0.5410225987434387,3.0,2025-04-14
2025_1098,0.8243243098258972,0.2502411603927612,0.5450901985168457,3.0,2025-04-14
2025_1099,0.8309352397918701,0.2335303127765655,0.5355603694915771,3.0,2025-04-14
2025_1100,0.8298189043998718,0.2643126547336578,0.5306501388549805,5.0,2025-04-14
2025_1101,0.8220493793487549,0.3061007261276245,0.5589131116867065,4.0,2025-04-14
2025_1103,0.7386883497238159,0.2828376293182373,0.5789473652839661,3.0,2025-04-14
2025_1106,0.6535190343856812,0.0258690509945154,0.3316998779773712,4.0,2025-04-14
2025_1108,0.7455742955207825,0.1467606723308563,0.4030736088752746,5.0,2025-04-14
2025_1109,0.8820490837097168,0.3504247069358825,0.6356154084205627,3.0,2025-04-14
2025_1110,0.6554297804832458,0.1994688212871551,0.4944693148136139,4.0,2025-04-14
2025_1111,0.5864478945732117,0.1129288077354431,0.4094590842723846,2.0,2025-04-14
2025_1112,0.6882231831550598,0.1368097364902496,0.4038303792476654,4.0,2025-04-14
2025_1113,0.3984929025173187,0.2241286933422088,0.4400517046451568,4.0,2025-04-14
2025_1114,0.7390332221984863,0.2660699784755707,0.5030185580253601,3.0,2025-04-14
2025_1117,0.5222482085227966,0.0496568232774734,0.2938541769981384,3.0,2025-04-14
2025_1118,0.5448318719863892,0.1450927853584289,0.3836150765419006,2.0,2025-04-14
2025_1119,0.6007955074310303,0.2392726093530655,0.5318893790245056,2.0,2025-04-14
2025_1120,0.7911427021026611,0.3191061019897461,0.6129985451698303,5.0,2025-04-14
2025_1121,0.3317457139492035,0.1342707872390747,0.335535317659378,2.0,2025-04-14
2025_1122,0.7814685106277466,0.2794072329998016,0.5371105670928955,15.0,2025-04-14
2025_1123,0.7651353478431702,0.2177920192480087,0.4535259902477264,16.0,2025-04-14
2025_1124,0.6441127061843872,0.1819762289524078,0.4308042824268341,20.0,2025-04-14
2025_1125,0.4979461431503296,0.1102847605943679,0.3458438217639923,18.0,2025-04-14
2025_1126,0.7023664116859436,0.1963739544153213,0.4161220192909241,18.0,2025-04-14
2025_1127,0.817681074142456,0.2419086843729019,0.5224929451942444,20.0,2025-04-14
2025_1128,0.1390840262174606,0.0066862716339528,0.1626705974340438,17.0,2025-04-14
2025_1129,0.8634948134422302,0.3478289544582367,0.638401985168457,6.0,2025-04-14
2025_1130,0.2825848758220672,0.0925028845667839,0.3206915855407715,9.0,2025-04-14
2025_1131,0.778599739074707,0.2121346145868301,0.5067377090454102,6.0,2025-04-14
2025_1132,0.7837477326393127,0.2960707247257232,0.6075369715690613,8.0,2025-04-14
2025_1133,0.8283189535140991,0.2879408597946167,0.5901710391044617,10.0,2025-04-14
2025_1134,0.84075927734375,0.2403488606214523,0.5311861038208008,6.0,2025-04-14
2025_1135,0.6306835412979126,0.1838649362325668,0.4326086938381195,9.0,2025-04-14
2025_1138,0.6280863881111145,0.2170230895280838,0.5146934986114502,21.0,2025-04-14
2025_1141,0.8895800113677979,0.3245006799697876,0.6262634992599487,10.0,2025-04-14
2025_1142,0.8335012793540955,0.2750316560268402,0.5644401907920837,6.0,2025-04-14
2025_1143,0.6364803910255432,0.2857866585254669,0.4917559623718261,8.0,2025-04-14
2025_1144,0.6222816109657288,0.2371353358030319,0.52863609790802,12.0,2025-04-14
2025_1145,0.5650240182876587,0.1394570022821426,0.3456249237060547,14.0,2025-04-14
2025_1146,0.7167691588401794,0.1566131114959716,0.3465001583099365,16.0,2025-04-14
2025_1148,0.6798445582389832,0.1365552693605423,0.4643160104751587,16.0,2025-04-14
2025_1149,0.7521389126777649,0.1582346707582473,0.4411695301532745,16.0,2025-04-14
2025_1150,0.3699629306793213,0.152073249220848,0.3390024602413177,10.0,2025-04-14
2025_1151,0.743142306804657,0.1987349987030029,0.4420909881591797,10.0,2025-04-14
2025_1152,0.8404785394668579,0.2059298306703567,0.5143511295318604,8.0,2025-04-14
2025_1153,0.8710947036743164,0.2511906027793884,0.5866480469703674,10.0,2025-04-14
2025_1154,0.7972731590270996,0.2013506591320037,0.5148695111274719,14.0,2025-04-14
2025_1155,0.7925686240196228,0.2840888798236847,0.5596388578414917,8.0,2025-04-14
2025_1156,0.6341333389282227,0.2325020134449005,0.497556209564209,1.0,2025-04-14
2025_1157,0.7777666449546814,0.292766124010086,0.5842458605766296,2.0,2025-04-14
2025_1158,0.7316491603851318,0.2731074690818786,0.5611705780029297,2.0,2025-04-14
2025_1159,0.6435284614562988,0.3064889013767242,0.5676955580711365,2.0,2025-04-14
2025_1160,0.8693525195121765,0.1951176524162292,0.5415852665901184,4.0,2025-04-14
2025_1161,0.8269291520118713,0.3334440588951111,0.6229092478752136,2.0,2025-04-14
2025_1162,0.5787610411643982,0.295264333486557,0.5917602777481079,5.0,2025-04-14
2025_1163,0.6886674761772156,0.1637393832206726,0.4267716705799103,5.0,2025-04-14
2025_1164,0.8369800448417664,0.3558118939399719,0.6258487701416016,9.0,2025-04-14
2025_1165,0.4496990740299225,0.0548405088484287,0.2583833038806915,4.0,2025-04-14
2025_1166,0.8122391104698181,0.3003287613391876,0.5948264002799988,4.0,2025-04-14
2025_1167,0.7749493718147278,0.2911210060119629,0.562394380569458,10.0,2025-04-14
2025_1168,0.8615655899047852,0.2911632657051086,0.5832043290138245,10.0,2025-04-14
2025_1169,0.7342073917388916,0.2699348032474518,0.5480578541755676,11.0,2025-04-14
2025_1170,0.8610005974769592,0.394534558057785,0.6578993201255798,10.0,2025-04-14
2025_1171,0.853069543838501,0.3560802042484283,0.6338542699813843,10.0,2025-04-14
2025_1172,0.7829379439353943,0.3615083992481231,0.6091598272323608,10.0,2025-04-14
2025_1173,0.8489322662353516,0.3655246496200561,0.664188027381897,12.0,2025-04-14
2025_1174,0.7283602952957153,0.2424122989177703,0.4925554394721985,11.0,2025-04-14
2025_1175,0.8270493149757385,0.3078195750713348,0.6016499400138855,12.0,2025-04-14
2025_1176,0.8744479417800903,0.3595826923847198,0.6399229168891907,12.0,2025-04-14
2025_1177,0.880301833152771,0.3831595778465271,0.6668498516082764,10.0,2025-04-14
2025_1178,0.8523531556129456,0.3424264192581177,0.6410399079322815,10.0,2025-04-14
2025_1181,0.6870245337486267,0.2233064472675323,0.5178532004356384,12.0,2025-04-14
2025_1183,0.8844649195671082,0.2931622564792633,0.5704933404922485,14.0,2025-04-14
2025_1184,0.5384615659713745,0.1410579532384872,0.3267424702644348,11.0,2025-04-14
2025_1185,0.8957011103630066,0.3597616851329803,0.6598052382469177,16.0,2025-04-14
2025_1186,0.6456917524337769,0.2600070238113403,0.5576611161231995,8.0,2025-04-14
2025_1187,0.8923652172088623,0.4011705815792084,0.6796291470527649,16.0,2025-04-14
2025_1188,0.708717942237854,0.250049889087677,0.506342887878418,13.0,2025-04-14
2025_1189,0.1919770836830139,0.0481012724339962,0.2208363860845565,15.0,2025-04-14
2025_1190,0.8173885941505432,0.301321417093277,0.5971943736076355,13.0,2025-04-14
2025_1191,0.8703213930130005,0.2515839636325836,0.5542851090431213,12.0,2025-04-14
2025_1194,0.6577585339546204,0.0817229524254798,0.3304153680801391,14.0,2025-04-14
2025_1196,0.8232863545417786,0.2609680593013763,0.5363651514053345,24.0,2025-04-14
2025_1197,0.2159167677164077,-0.0481764636933803,0.0759656950831413,16.0,2025-04-14
2025_1198,0.469733864068985,0.0332011952996254,0.2151831835508346,16.0,2025-04-14
2025_1200,0.8512651920318604,0.3220477104187011,0.6268587112426758,6.0,2025-04-14
2025_1202,0.1799343377351761,0.0503712221980094,0.2077775746583938,16.0,2025-04-14
2025_1204,0.8512537479400635,0.3513261973857879,0.6163265109062195,7.0,2025-04-14
2025_1205,0.8877617120742798,0.3765732944011688,0.6900549530982971,8.0,2025-04-14
2025_1207,0.8523105382919312,0.3526681661605835,0.6432783007621765,10.0,2025-04-14
2025_1208,0.5932363271713257,0.1505265831947326,0.4164513647556305,10.0,2025-04-14
2025_1209,0.7964238524436951,0.2559901475906372,0.5492528080940247,10.0,2025-04-14
2025_1210,0.5550563335418701,0.2312251478433609,0.4609873294830322,8.0,2025-04-14
2025_1211,0.7296639680862427,0.2718443870544433,0.4877571165561676,8.0,2025-04-14
2025_1212,0.8940338492393494,0.3538733124732971,0.6465381383895874,6.0,2025-04-14
2025_1213,0.7357954382896423,0.339629590511322,0.5739179253578186,14.0,2025-04-14
2025_1215,0.6600565314292908,0.1265479326248169,0.3949790894985199,30.0,2025-04-14
2025_1216,0.6450082659721375,0.1499636769294738,0.4187080264091491,26.0,2025-04-14
2025_1217,0.8469770550727844,0.2989544570446014,0.5982091426849365,12.0,2025-04-14
2025_1219,0.8762083053588867,0.3379411101341247,0.645465075969696,8.0,2025-04-14
2025_1220,0.3515837788581848,0.0971602275967598,0.2919138967990875,12.0,2025-04-14
2025_1221,0.8273679614067078,0.3260457515716553,0.6313749551773071,6.0,2025-04-14
2025_1222,0.4581403732299804,0.1062824353575706,0.4098138809204101,8.0,2025-04-14
2025_1223,0.8211187124252319,0.2122081220149994,0.4992385506629944,14.0,2025-04-14
2025_1224,0.3502839207649231,-0.0508863925933837,0.106728509068489,16.0,2025-04-14
2025_1228,0.8485863208770752,0.2595263421535492,0.5760204792022705,18.0,2025-04-14
2025_1229,0.7732821702957153,0.1658976972103119,0.4382578730583191,21.0,2025-04-14
2025_1230,0.7507709264755249,0.2714093625545501,0.550381600856781,18.0,2025-04-14
2025_1231,0.8556120991706848,0.2868866324424743,0.5370047092437744,14.0,2025-04-14
2025_1233,0.8308594822883606,0.2462405860424041,0.5634118914604187,21.0,2025-04-14
2025_1234,0.7950180172920227,0.1600480079650879,0.445655345916748,16.0,2025-04-14
2025_1235,0.8258585333824158,0.2641015946865082,0.5527898669242859,18.0,2025-04-14
2025_1236,0.721824049949646,0.1537269502878189,0.4030519723892212,18.0,2025-04-14
2025_1237,0.7174551486968994,0.1805019229650497,0.4121565520763397,19.0,2025-04-14
2025_1238,0.7044159173965454,0.1109075248241424,0.3906587064266205,20.0,2025-04-14
2025_1239,0.7519344091415405,0.1190201416611671,0.418651282787323,14.0,2025-04-14
2025_1240,0.7491880059242249,0.3425109088420868,0.6193836331367493,12.0,2025-04-14
2025_1258,0.5277667045593262,0.0593255162239074,0.2741539776325226,15.0,2025-04-14
2025_1259,0.678169846534729,0.2604352533817291,0.5011684894561768,15.0,2025-04-14
2025_1261,0.6589556932449341,0.1250666081905365,0.3948468863964081,14.0,2025-04-14
2025_1266,0.7661248445510864,0.3587062954902649,0.6116955280303955,21.0,2025-04-14
2025_1268,0.7452590465545654,0.3698475360870361,0.6267223358154297,21.0,2025-04-14
2025_1270,0.7505568861961365,0.2750062644481659,0.5572026968002319,22.0,2025-04-14
2025_1271,0.6879220008850098,0.1191245838999748,0.3543100655078888,31.0,2025-04-14
2025_1275,0.5520868301391602,0.1615150868892669,0.3564535975456238,30.0,2025-04-14
2025_1279,0.3417890667915344,0.0574890449643135,0.2138298004865646,23.0,2025-04-14
2025_1280,0.72898930311203,0.1932626813650131,0.440988153219223,18.0,2025-04-14
2025_1282,0.7830357551574707,0.3570173382759094,0.634124219417572,14.0,2025-04-14
2025_1284,0.6914086937904358,0.2036178708076477,0.4784340858459472,16.0,2025-04-14
2025_1286,0.3000083863735199,-0.0604503601789474,0.0598382055759429,12.0,2025-04-14
2025_1287,0.805703341960907,0.3658820688724518,0.6470752954483032,14.0,2025-04-14
2025_1292,0.765344500541687,0.2305267602205276,0.5120101571083069,16.0,2025-04-14
2025_1297,0.8054568767547607,0.2695586681365967,0.5701260566711426,16.0,2025-04-14
2025_1304,0.6899703741073608,0.1914333403110504,0.4208593666553497,16.0,2025-04-14
2025_1309,0.7327417135238647,-0.0063883028924465,0.3639017939567566,16.0,2025-04-14
2025_1312,0.7404834032058716,0.2336304932832718,0.5117290616035461,12.0,2025-04-14
2025_1318,0.7401983141899109,0.1959010511636734,0.4837314188480377,14.0,2025-04-14
2025_1319,0.6262985467910767,0.1734795868396759,0.3627074956893921,16.0,2025-04-14
2025_1321,0.7800201773643494,0.1956284046173095,0.5123029947280884,15.0,2025-04-14
2025_1322,0.7550064325332642,0.1734335273504257,0.4739636778831482,16.0,2025-04-14
2025_1323,0.7632012963294983,0.2130801677703857,0.5393442511558533,14.0,2025-04-14
2025_1324,0.7044357061386108,0.231568843126297,0.5304946899414062,16.0,2025-04-14
2025_1325,0.7241302728652954,0.3016327619552612,0.584226667881012,16.0,2025-04-14
2025_1326,0.7731557488441467,0.2825461328029632,0.5690861940383911,14.0,2025-04-14
2025_1331,0.8077883124351501,0.2562246024608612,0.5544108152389526,15.0,2025-04-14
2025_1334,0.7654155492782593,0.286364734172821,0.5599629282951355,17.0,2025-04-14
2025_1336,0.7321896553039551,0.3170197010040283,0.5634732246398926,13.0,2025-04-14
2025_1338,0.6519948840141296,0.1605714261531829,0.4358479082584381,14.0,2025-04-14
2025_1339,0.7934332489967346,0.2220638841390609,0.5139279365539551,15.0,2025-04-14
2025_1341,0.8220183253288269,0.2444633841514587,0.5420079231262207,11.0,2025-04-14
2025_1342,0.8169993162155151,0.2776808440685272,0.5683629512786865,11.0,2025-04-14
2025_1346,0.7836002707481384,0.2679577469825744,0.5645102858543396,16.0,2025-04-14
2025_1347,0.748271107673645,0.3224155604839325,0.6077616214752197,15.0,2025-04-14
2025_1353,0.85238116979599,0.2918896973133087,0.602993905544281,12.0,2025-04-14
2025_1355,0.7694429159164429,0.0653021559119224,0.4112334251403808,13.0,2025-04-14
2025_1356,0.8347045183181763,0.2545581758022308,0.5586347579956055,16.0,2025-04-14
2025_1357,0.8137785792350769,0.2559194266796112,0.5606890916824341,14.0,2025-04-14
2025_1359,0.7182198762893677,0.2237971574068069,0.5312305688858032,14.0,2025-04-14
2025_1361,0.8399296402931213,0.3484372496604919,0.6018564701080322,11.0,2025-04-14
2025_1362,0.4896942675113678,0.1055674105882644,0.3486048281192779,10.0,2025-04-14
2025_1367,0.8657054305076599,0.3273244500160217,0.638498842716217,16.0,2025-04-14
2025_1370,0.7145443558692932,0.1310189217329025,0.4668430387973785,12.0,2025-04-14
2025_1371,0.6645542979240417,0.1514866203069687,0.4631237685680389,16.0,2025-04-14
2025_1372,0.71825110912323,0.3143207728862762,0.589950442314148,16.0,2025-04-14
2025_1373,0.8505299687385559,0.2476931363344192,0.5569431781768799,15.0,2025-04-14
2025_1374,0.6683260202407837,0.3178701102733612,0.612321674823761,18.0,2025-04-14
2025_1379,0.8161089420318604,0.2396050244569778,0.5595425367355347,14.0,2025-04-14
2025_1388,0.7555500864982605,0.2329165637493133,0.5034373998641968,14.0,2025-04-14
2025_1389,0.832283079624176,0.3185689449310303,0.6028591394424438,10.0,2025-04-14
2025_1390,0.7712103724479675,0.2295235991477966,0.5216623544692993,20.0,2025-04-14
2025_1391,0.7580519914627075,0.2936423122882843,0.5807554125785828,20.0,2025-04-14
2025_1393,0.7454662919044495,0.1674899905920028,0.4480655193328857,14.0,2025-04-14
2025_1394,0.7556880712509155,0.2087203562259674,0.4921610951423645,14.0,2025-04-14
2025_1397,0.7844611406326294,0.2359466105699539,0.5526727437973022,17.0,2025-04-14
2025_1398,0.7413517832756042,0.2368775159120559,0.500230073928833,15.0,2025-04-14
2025_1400,0.7332343459129333,0.1936089545488357,0.4579013288021087,14.0,2025-04-14
2025_1401,0.714183509349823,0.1862676590681076,0.4467829465866089,16.0,2025-04-14
2025_1402,0.6331778764724731,0.0683881044387817,0.3754105567932129,14.0,2025-04-14
2025_1404,0.7598484754562378,0.219464898109436,0.4433930218219757,14.0,2025-04-14
2025_1408,0.8025320768356323,0.2203743159770965,0.5607818365097046,16.0,2025-04-14
2025_1409,0.5964350700378418,0.0901316404342651,0.4103207290172577,16.0,2025-04-14
2025_1410,0.7962154150009155,0.1893824487924575,0.4880198836326599,16.0,2025-04-14
2025_1411,0.8100672960281372,0.1140199452638626,0.471936821937561,16.0,2025-04-14
2025_1412,0.8344347476959229,0.2792074382305145,0.5940609574317932,16.0,2025-04-14
2025_1413,0.7327643036842346,0.2288020402193069,0.5359549522399902,16.0,2025-04-14
2025_1417,0.6543065309524536,0.102476067841053,0.4264388382434845,16.0,2025-04-14
2025_1418,0.7001277804374695,0.1242706477642059,0.420223206281662,18.0,2025-04-14
2025_1420,0.7094385027885437,0.1262460500001907,0.4306659698486328,16.0,2025-04-14
2025_1421,0.6599351763725281,0.0210148505866527,0.2983274757862091,16.0,2025-04-14
2025_1423,0.2564675509929657,0.0070157623849809,0.1827733218669891,12.0,2025-04-14
2025_1424,0.778298556804657,0.3105106949806213,0.5694140791893005,10.0,2025-04-14
2025_1427,0.3260869681835174,0.034512523561716,0.3096668720245361,15.0,2025-04-14
2025_1429,0.8130561709403992,0.2536032497882843,0.5264402031898499,12.0,2025-04-14
2025_1430,0.7717257142066956,0.1211810931563377,0.4348304569721222,18.0,2025-04-14
2025_1433,0.6388664841651917,0.0341739393770694,0.2874197363853454,14.0,2025-04-14
2025_1434,0.7326496243476868,0.1861463636159896,0.5196322798728943,14.0,2025-04-14
2025_1437,0.7624177932739258,0.307013064622879,0.5812214612960815,18.0,2025-04-14
2025_1438,0.7832111716270447,0.2700981199741363,0.5525345206260681,18.0,2025-04-14
2025_1439,0.7376582026481628,0.3180795311927795,0.5954305529594421,18.0,2025-04-14
2025_1440,0.7112633585929871,0.1652148365974426,0.42731973528862,18.0,2025-04-14
2025_1443,0.7366581559181213,0.2587245404720306,0.5141476392745972,16.0,2025-04-14
2025_1445,0.7410557866096497,0.2858012020587921,0.5696582198143005,18.0,2025-04-14
2025_1446,0.7305817008018494,0.1773122400045395,0.4298450946807861,18.0,2025-04-14
2025_1449,0.7516619563102722,0.1993200778961181,0.4866513609886169,14.0,2025-04-14
2025_1452,0.7472853064537048,0.2574548423290252,0.5330396294593811,17.0,2025-04-14
2025_1454,0.7894654870033264,0.3276285827159881,0.594071090221405,18.0,2025-04-14
2025_1455,0.6651009917259216,0.0709207728505134,0.3212720155715942,10.0,2025-04-14
2025_1458,0.6268783211708069,0.2718805968761444,0.5383205413818359,12.0,2025-04-14
2025_1466,0.9002016186714172,0.3542430698871612,0.642577588558197,10.0,2025-04-14
2025_1467,0.8752959966659546,0.3237801492214203,0.6196553707122803,11.0,2025-04-14
2025_1468,0.8821699619293213,0.3597646355628967,0.6595744490623474,11.0,2025-04-14
2025_1469,0.7290470600128174,0.1219645142555236,0.4205853343009949,11.0,2025-04-14
2025_1474,0.3674786686897278,0.0305184610188007,0.2170845419168472,16.0,2025-04-14
2025_1476,0.6039075255393982,0.0429079309105873,0.3529525697231293,18.0,2025-04-14
2025_1488,0.7352162599563599,0.1737773269414901,0.4422497451305389,15.0,2025-04-14
2025_1490,0.7618793249130249,0.2084130197763443,0.5343680381774902,15.0,2025-04-14
2025_1491,0.526550829410553,0.0584192685782909,0.3724138140678406,17.0,2025-04-14
2025_1492,0.7387512922286987,0.1656931936740875,0.441714346408844,14.0,2025-04-14
2025_1493,0.7890984416007996,0.1227534413337707,0.4454126060009002,12.0,2025-04-14
2025_1494,0.7223875522613525,0.2704420387744903,0.553706169128418,14.0,2025-04-14
2025_1495,0.3748511970043182,0.0920531824231147,0.3464949131011963,20.0,2025-04-14
2025_1496,0.7419157028198242,0.2234983295202255,0.5029072165489197,18.0,2025-04-14
2025_1497,0.839952290058136,0.228636160492897,0.5351634621620178,18.0,2025-04-14
2025_1498,0.7292237877845764,0.1461724042892456,0.4333326518535614,16.0,2025-04-14
2025_1500,0.8539425134658813,0.3202172815799713,0.6222149729728699,14.0,2025-04-14
2025_1501,0.7914202809333801,0.207352340221405,0.4884676039218902,16.0,2025-04-14
2025_1502,0.6741693615913391,0.2006927132606506,0.4833633005619049,13.0,2025-04-14
2025_1511,0.5243832468986511,0.0603086277842521,0.2865116596221924,16.0,2025-04-14
2025_1512,0.6519420742988586,0.0625752955675125,0.3471567332744598,18.0,2025-04-14
2025_1513,0.6034702658653259,0.1051769480109214,0.3742141127586365,18.0,2025-04-14
2025_1515,0.8199819922447205,0.2190601676702499,0.5015175342559814,16.0,2025-04-14
2025_1518,0.8593042492866516,0.3373869657516479,0.639628529548645,14.0,2025-04-14
2025_1519,0.8494678735733032,0.2116753011941909,0.5345640182495117,12.0,2025-04-14
2025_1520,0.8375499844551086,0.2884554862976074,0.5551408529281616,14.0,2025-04-14
2025_1521,0.8113445043563843,0.2582975029945373,0.544465184211731,12.0,2025-04-14
2025_1522,0.7883540391921997,0.3362365663051605,0.602891206741333,12.0,2025-04-14
2025_1523,0.8158678412437439,0.3192973434925079,0.6258983016014099,16.0,2025-04-14
2025_1525,0.8532097339630127,0.298899233341217,0.6040907502174377,12.0,2025-04-14
2025_1526,0.5991619229316711,0.0952202230691909,0.3147970139980316,14.0,2025-04-14
2025_1527,0.6698049902915955,0.0919155776500701,0.3710719347000122,12.0,2025-04-14
2025_1529,0.6900931596755981,0.2160397917032241,0.4936014413833618,16.0,2025-04-14
2025_1534,0.5557755827903748,0.1104703322052955,0.3561269044876098,15.0,2025-04-14
2025_1536,0.6611596345901489,0.1839818358421325,0.4365140497684479,12.0,2025-04-14
2025_1538,0.7919062376022339,0.1376950442790985,0.4863862097263336,14.0,2025-04-14
2025_1539,0.7428995966911316,0.1074539572000503,0.4058924615383148,14.0,2025-04-14
2025_1540,0.7137548923492432,0.185186356306076,0.4724569916725158,20.0,2025-04-14
2025_1543,0.7243180871009827,0.2012244313955307,0.4875076115131378,14.0,2025-04-14
2025_1546,0.7137221097946167,0.2847548425197601,0.5545939207077026,8.0,2025-04-14
2025_1552,0.8378468155860901,0.3357163071632385,0.62456214427948,20.0,2025-04-14
2025_1553,0.7242662906646729,0.1741978675127029,0.458401471376419,14.0,2025-04-14
2025_1554,0.4574112892150879,0.0710540264844894,0.3425585925579071,16.0,2025-04-14
2025_1555,0.5678382515907288,0.1222622841596603,0.3590048253536224,16.0,2025-04-14
2025_1557,0.7087609171867371,0.2483188211917877,0.531110405921936,18.0,2025-04-14
2025_1558,0.7981261610984802,0.1868124604225158,0.4839216470718384,16.0,2025-04-14
2025_1562,0.8348720073699951,0.1896511167287826,0.492152452468872,16.0,2025-04-14
2025_1563,0.7630901336669922,0.1310072541236877,0.4393531084060669,15.0,2025-04-14
2025_1564,0.7944358587265015,0.1712404042482376,0.493562251329422,15.0,2025-04-14
2025_1565,0.6740126609802246,0.1634889394044876,0.4692892134189605,16.0,2025-04-14
2025_1566,0.7115651965141296,0.2125190198421478,0.4728257060050964,16.0,2025-04-14
2025_1568,0.8069658875465393,0.3284205794334411,0.6011857390403748,20.0,2025-04-14
2025_1570,0.7222928404808044,0.2336706072092056,0.4967764914035797,16.0,2025-04-14
2025_1575,0.8540749549865723,0.2993865609169006,0.587218165397644,18.0,2025-04-14
2025_1578,0.8608191013336182,0.3437736630439758,0.6516318321228027,16.0,2025-04-14
2025_1579,0.8113916516304016,0.2016698867082595,0.5016850233078003,18.0,2025-04-14
2025_1580,0.7871536612510681,0.2764554023742676,0.5857489705085754,14.0,2025-04-14
2025_1581,0.4695214033126831,-0.0039147641509771,0.2093248963356018,14.0,2025-04-14
2025_1583,0.8361315131187439,0.2205019891262054,0.5360541939735413,14.0,2025-04-14
2025_1584,0.7276384830474854,0.1044360250234603,0.3153500258922577,13.0,2025-04-14
2025_1586,0.3769290745258331,-0.0150399189442396,0.1667876243591308,18.0,2025-04-14
2025_1587,0.7502155900001526,0.1540337204933166,0.4300086796283722,16.0,2025-04-14
2025_1590,0.1585081815719604,0.1141584739089012,0.2777092754840851,16.0,2025-04-14
2025_1591,0.8294432759284973,0.2509708404541015,0.562680721282959,16.0,2025-04-14
2025_1593,0.6188666224479675,0.0684724375605583,0.3697583675384521,16.0,2025-04-14
2025_1595,0.7519600987434387,0.2677369117736816,0.5732164978981018,15.0,2025-04-14
2025_1597,0.7113649845123291,0.2258234620094299,0.5326003432273865,15.0,2025-04-14
2025_1598,0.7681944370269775,0.3351932764053345,0.5886128544807434,14.0,2025-04-14
2025_1599,0.7733866572380066,0.2791398465633392,0.5607852935791016,14.0,2025-04-14
2025_1600,0.8650650978088379,0.30091193318367,0.6117985248565674,8.0,2025-04-14
2025_1606,0.8783056139945984,0.3073666393756866,0.6347123384475708,12.0,2025-04-14
2025_1607,0.7899911403656006,0.2260854542255401,0.5803300738334656,14.0,2025-04-14
2025_1608,0.8087571859359741,0.2177899032831192,0.5190582275390625,14.0,2025-04-14
2025_1609,0.8337787985801697,0.2726195454597473,0.5626100897789001,14.0,2025-04-14
2025_1610,0.807382345199585,0.2769050598144531,0.5780346989631653,14.0,2025-04-14
2025_1611,0.8579270243644714,0.3032065033912658,0.5804427862167358,18.0,2025-04-14
2025_1613,0.829691469669342,0.2410879582166671,0.5463582873344421,18.0,2025-04-14
2025_1614,0.8505383133888245,0.2510657608509063,0.5738075375556946,17.0,2025-04-14
2025_1615,0.8555770516395569,0.306156724691391,0.5954508781433105,19.0,2025-04-14
2025_1617,0.817774772644043,0.1604570299386978,0.4554517269134521,5.0,2025-04-14
2025_1618,0.5718483924865723,0.1446788907051086,0.3565398454666137,16.0,2025-04-14
2025_1622,0.7235389351844788,0.2765516638755798,0.5645619034767151,14.0,2025-04-14
2025_1623,0.7530997395515442,0.2198049426078796,0.4904841184616089,15.0,2025-04-14
2025_1624,0.6867362856864929,0.2608104050159454,0.5410783290863037,18.0,2025-04-14
2025_1625,0.7560334801673889,0.2435000985860824,0.5389925241470337,16.0,2025-04-14
2025_1626,0.7201089859008789,0.1963223218917846,0.5121829509735107,18.0,2025-04-14
2025_1627,0.8009325265884399,0.2716115713119507,0.5870642066001892,18.0,2025-04-14
2025_1628,0.729537308216095,0.2004115134477615,0.4759569764137268,20.0,2025-04-14
2025_1629,0.8051947951316833,0.3186119198799133,0.6021630764007568,14.0,2025-04-14
2025_1630,0.7206830978393555,0.1576041132211685,0.4325001835823059,16.0,2025-04-14
2025_1631,0.6875799894332886,0.0988188609480857,0.3595286607742309,16.0,2025-04-14
2025_1634,0.5836960673332214,-0.018136627972126,0.2456786483526229,19.0,2025-04-14
2025_1639,0.7332804203033447,0.1561753302812576,0.4528637528419494,16.0,2025-04-14
2025_1640,0.8395006656646729,0.2571565210819244,0.5466816425323486,14.0,2025-04-14
2025_1641,0.5771051645278931,0.1545622050762176,0.3495208323001861,14.0,2025-04-14
2025_1642,0.8135810494422913,0.2887490093708038,0.5640884041786194,15.0,2025-04-14
2025_1644,0.8017733693122864,0.3386989533901214,0.6026924848556519,14.0,2025-04-14
2025_1645,0.7616336345672607,0.1477923840284347,0.4314275085926056,16.0,2025-04-14
2025_1648,0.6605141162872314,0.1810728162527084,0.4631681740283966,16.0,2025-04-14
2025_1650,0.6889171004295349,0.1514052599668502,0.4209898114204407,16.0,2025-04-14
2025_1651,0.5719066858291626,0.1220553368330001,0.4050013124942779,16.0,2025-04-14
2025_1653,0.6690419912338257,0.3002473711967468,0.5301027894020081,15.0,2025-04-14
2025_1655,0.7427652478218079,0.2535567879676819,0.5210477113723755,17.0,2025-04-14
2025_1657,0.7415079474449158,0.218729481101036,0.5046003460884094,16.0,2025-04-14
2025_1658,0.5037516951560974,0.0871582701802253,0.3368218243122101,18.0,2025-04-14
2025_1660,0.4779483675956726,0.037349808961153,0.2453276813030243,19.0,2025-04-14
2025_1662,0.7192370295524597,0.2108054906129837,0.5050461888313293,18.0,2025-04-14
2025_1663,0.6810958981513977,0.0718723759055137,0.3337933421134949,18.0,2025-04-14
2025_1665,0.610605001449585,0.1972281783819198,0.4520227015018463,22.0,2025-04-14
2025_1666,0.7147852778434753,0.1904498487710952,0.4759524464607239,22.0,2025-04-14
2025_1668,0.7824543714523315,0.16957388818264,0.4331308603286743,16.0,2025-04-14
2025_1670,0.8344882130622864,0.3143219649791717,0.5797112584114075,14.0,2025-04-14
2025_1671,0.8130926489830017,0.2490298748016357,0.5592694878578186,16.0,2025-04-14
2025_1673,0.8053669333457947,0.3299222886562347,0.6149923801422119,19.0,2025-04-14
2025_1676,0.8410935401916504,0.3465470969676971,0.6149028539657593,16.0,2025-04-14
2025_1677,0.7300971746444702,0.1479565352201461,0.4549331963062286,14.0,2025-04-14
2025_1679,0.7456139326095581,0.204616516828537,0.5051722526550293,18.0,2025-04-14
2025_1682,0.4396580755710602,0.0396111607551574,0.2842679321765899,16.0,2025-04-14
2025_1709,0.5650501847267151,-0.0861582681536674,0.1304620802402496,10.0,2025-04-14
2025_1710,0.8043735027313232,0.244433507323265,0.5411744713783264,10.0,2025-04-14
2025_1711,0.6983105540275574,0.1921201646327972,0.4399580359458923,2.0,2025-04-14
2025_1713,0.7262247800827026,0.1065099835395813,0.3757122159004211,6.0,2025-04-14
2025_1714,0.6027088165283203,0.0188340973109006,0.2704093158245086,3.0,2025-04-14
2025_1715,0.7446082234382629,0.2625016570091247,0.5468558073043823,6.0,2025-04-14
2025_1728,0.8069599270820618,0.2347945719957351,0.5462658405303955,17.0,2025-04-14
2025_1754,0.786614179611206,0.235345259308815,0.4937417805194855,4.0,2025-04-14
2025_1755,0.6537380814552307,0.0855904519557952,0.317554235458374,5.0,2025-04-14
2025_1756,0.8181818127632141,0.2745659053325653,0.5556590557098389,5.0,2025-04-14
2025_1757,0.6775707006454468,0.1419346630573272,0.4318405091762543,14.0,2025-04-14
2025_1758,0.7479103803634644,0.2122190743684768,0.517440676689148,15.0,2025-04-14
2025_1759,0.758473813533783,0.2180878669023513,0.4636870920658111,14.0,2025-04-14
2025_1762,0.7938144207000732,0.2788850665092468,0.541284441947937,21.0,2025-04-14
2025_1766,0.6493651270866394,0.0929595530033111,0.3525020182132721,12.0,2025-04-14
2025_2557,0.7261067628860474,0.1346818059682846,0.4321295320987701,7.0,2025-04-14
2025_2559,0.7870410680770874,0.2458241432905197,0.4863558709621429,4.0,2025-04-14
2025_2560,0.8173530101776123,0.2626764476299286,0.5681776404380798,4.0,2025-04-14
2025_2561,0.6223648190498352,0.097377136349678,0.3643178343772888,3.0,2025-04-14
2025_2565,0.8604002594947815,0.3306950032711029,0.6399632692337036,14.0,2025-04-14
2025_2568,0.8007728457450867,0.2456300854682922,0.5325287580490112,12.0,2025-04-14
2025_2571,0.8649265766143799,0.299602746963501,0.5858277678489685,17.0,2025-04-14
2025_2574,0.8159462809562683,0.3442628681659698,0.6041083335876465,20.0,2025-04-14
2025_2577,0.7658756971359253,0.4488577246665954,0.6764882206916809,10.0,2025-04-14
2025_2580,0.7984660267829895,0.2432246953248977,0.542999804019928,3.0,2025-04-14
2025_2581,0.850619912147522,0.2799171805381775,0.6128358840942383,3.0,2025-04-14
2025_2582,0.5893243551254272,0.0948523730039596,0.3403087258338928,16.0,2025-04-14
2025_2583,0.6913578510284424,0.1444756984710693,0.4286353588104248,18.0,2025-04-14
2025_2584,0.8764898777008057,0.3308800458908081,0.6298932433128357,16.0,2025-04-14
2025_2585,0.7761166095733643,0.2999760508537292,0.5687711238861084,14.0,2025-04-14
2025_2587,0.668836772441864,0.1835671216249466,0.478520393371582,18.0,2025-04-14
2025_2589,0.8452731966972351,0.2637464106082916,0.5416412949562073,18.0,2025-04-14
2025_2591,0.62855064868927,0.1304119527339935,0.4005637466907501,15.0,2025-04-14
2025_2592,0.3714233934879303,0.0574838146567344,0.2832390069961548,14.0,2025-04-14
2025_2593,0.8174622058868408,0.2615746855735779,0.5673878788948059,16.0,2025-04-14
2025_2594,0.659752368927002,0.0617411397397518,0.3481295704841614,14.0,2025-04-14
2025_2596,0.6362961530685425,0.1071149408817291,0.3483040034770965,20.0,2025-04-14
2025_2597,0.6594577431678772,0.2116730660200119,0.4924828708171844,14.0,2025-04-14
2025_2602,0.7633549571037292,0.3503251075744629,0.6148564219474792,13.0,2025-04-14
2025_2603,0.8631808757781982,0.1825826615095138,0.4606576859951019,14.0,2025-04-14
2025_2604,0.7886741161346436,0.2436413615942001,0.5279936194419861,8.0,2025-04-14
2025_2605,0.6257803440093994,0.1340027898550033,0.386238157749176,10.0,2025-04-14
2025_2608,0.7682393789291382,0.116831324994564,0.3812190294265747,10.0,2025-04-14
2025_2611,0.3998469114303589,0.127414733171463,0.3015421330928802,3.0,2025-04-14
2025_2612,0.8798151016235352,0.2630788385868072,0.5823141932487488,3.0,2025-04-14
2025_2613,0.6293929815292358,0.0919305384159088,0.3425431549549103,3.0,2025-04-14
2025_2616,0.8305268287658691,0.335836261510849,0.5416143536567688,14.0,2025-04-14
2025_2617,0.8357155919075012,0.3328997492790222,0.6175538897514343,14.0,2025-04-14
2025_2619,0.857940137386322,0.3610515296459198,0.6744568347930908,14.0,2025-04-14
2025_2621,0.7942972183227539,0.218300387263298,0.4870433211326599,16.0,2025-04-14
2025_2622,0.7558001279830933,0.2375066578388214,0.4707993566989898,14.0,2025-04-14
2025_2624,0.6224626302719116,0.1362103521823883,0.3642259836196899,20.0,2025-04-14
2025_2625,0.7490953207015991,0.1121817007660865,0.3663309216499328,19.0,2025-04-14
2025_2626,0.7910535931587219,0.2990376353263855,0.5946418046951294,20.0,2025-04-14
2025_2627,0.7895699739456177,0.3135268986225128,0.582858681678772,21.0,2025-04-14
2025_2628,0.5377877354621887,0.1181981638073921,0.3853032886981964,4.0,2025-04-14
2025_2629,0.6900559067726135,0.3097563087940216,0.5590959191322327,8.0,2025-04-14
2025_2631,0.683921217918396,0.2997551560401916,0.486687958240509,17.0,2025-04-14
2025_2632,0.4117273986339569,0.1251188665628433,0.3389497399330139,6.0,2025-04-14
2025_2633,0.7764616012573242,0.2240609675645828,0.5120120644569397,6.0,2025-04-14
2025_2634,0.6617928743362427,0.2211525291204452,0.4775856137275696,4.0,2025-04-14
2025_2635,0.7171846032142639,0.1278192549943924,0.4339195489883423,8.0,2025-04-14
2025_2656,0.7268267273902893,0.1903354972600937,0.4009373486042022,17.0,2025-04-14
2025_2658,0.7016646862030029,0.2381527572870254,0.4695889353752136,8.0,2025-04-14
2025_2659,0.7813261151313782,0.2657692432403564,0.5225949287414551,3.0,2025-04-14
2025_2660,0.6144222021102905,0.1651179641485214,0.3967162072658539,4.0,2025-04-14
2025_2661,0.7266233563423157,0.1957082450389862,0.4990975856781006,6.0,2025-04-14
2025_2662,0.7766348123550415,0.1538461446762085,0.4532183110713959,5.0,2025-04-14
2025_2663,0.8483682870864868,0.2060107737779617,0.5108104944229126,2.0,2025-04-14
2025_2664,0.7192184329032898,0.1627066731452942,0.4269423484802246,2.0,2025-04-14
2025_2666,0.8279024362564087,0.2854422926902771,0.5314086079597473,17.0,2025-04-14
2025_31,0.6405162811279297,0.2326638102531433,0.4274625480175018,14.0,2025-04-29
2025_213,0.6100659370422363,0.0900792554020881,0.3466268181800842,32.0,2025-06-28
2025_214,0.6839243173599243,0.1519637554883957,0.4304759204387665,18.0,2025-06-28
2025_215,0.7180659174919128,0.1422800123691558,0.4380792081356048,20.0,2025-06-28
2025_217,0.4557291567325592,0.0197642650455236,0.1881967484951019,21.0,2025-06-28
2025_239,0.4530456662178039,0.0203591547906398,0.2198615223169326,16.0,2025-06-28
2025_243,0.8839344382286072,0.3266803026199341,0.6231811046600342,18.0,2025-06-28
2025_244,0.8336360454559326,0.2921799421310425,0.5811424851417542,18.0,2025-06-28
2025_246,0.8645033836364746,0.263974666595459,0.5735772252082825,21.0,2025-06-28
2025_247,0.8706808686256409,0.3400041460990906,0.6311758756637573,20.0,2025-06-28
2025_250,0.7012191414833069,0.2172721624374389,0.5038620829582214,14.0,2025-06-28
2025_251,0.8698546290397644,0.2878107130527496,0.5925402641296387,16.0,2025-06-28
2025_252,0.828660786151886,0.3113785982131958,0.5882455110549927,20.0,2025-06-28
2025_253,0.6912928819656372,0.2160646170377731,0.4879481494426727,17.0,2025-06-28
2025_254,0.8355868458747864,0.1968299746513366,0.5249568223953247,18.0,2025-06-28
2025_256,0.8835630416870117,0.3179945647716522,0.611226499080658,24.0,2025-06-28
2025_258,0.5283876657485962,0.1688376069068908,0.3656456172466278,22.0,2025-06-28
2025_259,0.873644232749939,0.2761793136596679,0.5895188450813293,18.0,2025-06-28
2025_262,0.8746014833450317,0.272974818944931,0.5753122568130493,19.0,2025-06-28
2025_263,0.8702093362808228,0.3049427568912506,0.61896812915802,18.0,2025-06-28
2025_269,0.8204825520515442,0.2968350648880005,0.5619580745697021,20.0,2025-06-28
2025_270,0.7999246120452881,0.2861773669719696,0.5486438870429993,20.0,2025-06-28
2025_272,0.7265686392784119,0.2222024947404861,0.4875130951404571,18.0,2025-06-28
2025_276,0.8615854978561401,0.2868333756923675,0.5550202131271362,20.0,2025-06-28
2025_278,0.7782202959060669,0.2318790555000305,0.5338529348373413,12.0,2025-06-28
2025_281,0.8575517535209656,0.3329807221889496,0.629196286201477,18.0,2025-06-28
2025_282,0.6210604310035706,0.1731863319873809,0.4327335059642792,17.0,2025-06-28
2025_283,0.58647221326828,0.2030258774757385,0.4676502346992492,16.0,2025-06-28
2025_284,0.5884813070297241,0.1530480086803436,0.4446270167827606,18.0,2025-06-28
2025_285,0.8223082423210144,0.3159618079662323,0.6044256687164307,16.0,2025-06-28
2025_288,0.5768786072731018,0.091380126774311,0.3354876637458801,17.0,2025-06-28
2025_289,0.7565922737121582,0.2119089066982269,0.4910905063152313,13.0,2025-06-28
2025_291,0.515824556350708,0.0670470595359802,0.2485707849264145,17.0,2025-06-28
2025_292,0.8567394018173218,0.2505683004856109,0.5426008701324463,15.0,2025-06-28
2025_293,0.8240252733230591,0.2591130137443542,0.5192577242851257,22.0,2025-06-28
2025_296,0.5541322231292725,0.1780255585908889,0.3725544810295105,18.0,2025-06-28
2025_298,0.8719483613967896,0.3534870743751526,0.6283020973205566,14.0,2025-06-28
2025_299,0.8696789741516113,0.2810525298118591,0.6005433797836304,18.0,2025-06-28
2025_301,0.68763267993927,0.1955934464931488,0.5057322978973389,16.0,2025-06-28
2025_302,0.5856791138648987,0.1233564391732215,0.389581561088562,16.0,2025-06-28
2025_303,0.6576283574104309,0.1763689070940017,0.4635714888572693,14.0,2025-06-28
2025_306,0.1218941882252693,-0.0464774556457996,0.087817944586277,18.0,2025-06-28
2025_307,0.8341392874717712,0.2913895547389984,0.5825226902961731,18.0,2025-06-28
2025_308,0.8417269587516785,0.2973604202270508,0.5970278978347778,20.0,2025-06-28
2025_309,0.8613850474357605,0.2803540825843811,0.5964910984039307,16.0,2025-06-28
2025_310,0.8696468472480774,0.2013569921255111,0.5114938020706177,16.0,2025-06-28
2025_311,0.8263992667198181,0.3364394307136535,0.6306658387184143,14.0,2025-06-28
2025_312,0.7732742428779602,0.2320855408906936,0.5017430782318115,13.0,2025-06-28
2025_313,0.8785001635551453,0.3488815724849701,0.6287892460823059,12.0,2025-06-28
2025_314,0.7707318067550659,0.2359693646430969,0.4885372817516327,12.0,2025-06-28
2025_315,0.8569648861885071,0.2874514162540436,0.5976853370666504,12.0,2025-06-28
2025_316,0.889676034450531,0.2739399671554565,0.5981639623641968,18.0,2025-06-28
2025_317,0.7111908793449402,0.1939219087362289,0.4659677445888519,20.0,2025-06-28
2025_318,0.8421733379364014,0.2857879400253296,0.5785007476806641,15.0,2025-06-28
2025_319,0.7708156108856201,0.2548445165157318,0.5462824702262878,12.0,2025-06-28
2025_320,0.8839665651321411,0.3316781520843506,0.6325989365577698,16.0,2025-06-28
2025_325,0.7518772482872009,0.2828424572944641,0.4654731452465057,11.0,2025-06-28
2025_326,0.6757103204727173,0.217130422592163,0.4786969125270843,12.0,2025-06-28
2025_328,0.8706263899803162,0.2955376207828522,0.5847267508506775,16.0,2025-06-28
2025_329,0.0722251832485199,-0.0010401470353826,0.1651232838630676,16.0,2025-06-28
2025_330,0.6050482392311096,0.1513439118862152,0.3873827159404754,16.0,2025-06-28
2025_331,0.8795196413993835,0.2860393822193146,0.5866407155990601,16.0,2025-06-28
2025_332,0.3346007764339447,0.1154863238334655,0.302006334066391,17.0,2025-06-28
2025_333,0.8465768694877625,0.3153456747531891,0.5222246646881104,13.0,2025-06-28
2025_334,0.2065692692995071,0.0537114366888999,0.2381565570831298,14.0,2025-06-28
2025_335,0.866648256778717,0.3531398773193359,0.6652894616127014,10.0,2025-06-28
2025_336,0.8771994709968567,0.3656763434410095,0.6600510478019714,12.0,2025-06-28
2025_337,0.8638907074928284,0.3057167828083038,0.5891842246055603,16.0,2025-06-28
2025_338,0.8771710395812988,0.2927703559398651,0.5946598649024963,16.0,2025-06-28
2025_339,0.4553295373916626,0.077371560037136,0.2925383150577545,16.0,2025-06-28
2025_340,0.8214551210403442,0.3742881715297699,0.6396610140800476,14.0,2025-06-28
2025_343,0.2691225707530975,0.0314848572015762,0.2002804577350616,18.0,2025-06-28
2025_345,0.8228031396865845,0.0880050286650657,0.4071526229381561,16.0,2025-06-28
2025_350,0.7900213003158569,0.1480394154787063,0.4756841361522674,22.0,2025-06-28
2025_351,0.8889966011047363,0.3153488934040069,0.6235542893409729,20.0,2025-06-28
2025_354,0.7666009664535522,0.2135602533817291,0.5294412970542908,18.0,2025-06-28
2025_355,0.8392740488052368,0.2552586197853088,0.5354407429695129,18.0,2025-06-28
2025_356,0.891852855682373,0.3619418740272522,0.670458972454071,18.0,2025-06-28
2025_359,0.8093740344047546,0.2357188612222671,0.5148594379425049,22.0,2025-06-28
2025_360,0.8406552076339722,0.2412008345127105,0.5147272944450378,22.0,2025-06-28
2025_361,0.5480767488479614,0.1704995930194854,0.3836298584938049,18.0,2025-06-28
2025_363,0.8961572051048279,0.3312838077545166,0.6254880428314209,21.0,2025-06-28
2025_365,0.8203952312469482,0.2211218178272247,0.5423762798309326,22.0,2025-06-28
2025_370,0.9077031016349792,0.3252056241035461,0.6401547789573669,18.0,2025-06-28
2025_371,0.7599233984947205,0.1831389814615249,0.4584940671920776,22.0,2025-06-28
2025_372,0.8241435289382935,0.2465399205684662,0.556232213973999,22.0,2025-06-28
2025_373,0.8625859022140503,0.2616675198078155,0.5736389756202698,24.0,2025-06-28
2025_374,0.8401135802268982,0.229563295841217,0.5311439633369446,24.0,2025-06-28
2025_375,0.8800557851791382,0.3382802307605743,0.6145753860473633,23.0,2025-06-28
2025_377,0.8047882318496704,0.2408579438924789,0.541887104511261,23.0,2025-06-28
2025_378,0.7921805381774902,0.2132714539766311,0.5260546207427979,17.0,2025-06-28
2025_381,0.7054648995399475,0.2736537456512451,0.5221827626228333,18.0,2025-06-28
2025_383,0.8005712032318115,0.1482253223657608,0.4372603595256805,14.0,2025-06-28
2025_384,0.8493673801422119,0.3692463338375091,0.6411726474761963,18.0,2025-06-28
2025_386,0.8351621031761169,0.2890330851078033,0.5741555094718933,16.0,2025-06-28
2025_387,0.8437570929527283,0.3173284530639648,0.6121962666511536,22.0,2025-06-28
2025_388,0.4261183440685272,0.1696693152189254,0.443189412355423,18.0,2025-06-28
2025_390,0.6960776448249817,0.2277325689792633,0.4632733166217804,22.0,2025-06-28
2025_393,0.8887212872505188,0.3432222902774811,0.6437107920646667,14.0,2025-06-28
2025_394,0.8782566785812378,0.2904146909713745,0.5923606157302856,20.0,2025-06-28
2025_395,0.8596497774124146,0.3364330232143402,0.6415994763374329,20.0,2025-06-28
2025_403,0.6399819254875183,0.0861436873674392,0.3404916822910309,17.0,2025-06-28
2025_406,0.4255382418632507,0.074470542371273,0.3327347934246063,22.0,2025-06-28
2025_407,0.8567261099815369,0.2592602074146271,0.5642296075820923,22.0,2025-06-28
2025_408,0.9025952219963074,0.334881842136383,0.6438220739364624,18.0,2025-06-28
2025_410,0.8086345195770264,0.2559630274772644,0.5403504967689514,20.0,2025-06-28
2025_415,0.8936609029769897,0.3087829053401947,0.6140926480293274,22.0,2025-06-28
2025_416,0.835483193397522,0.2537398338317871,0.5606407523155212,21.0,2025-06-28
2025_417,0.8439339399337769,0.2886168658733368,0.5679865479469299,20.0,2025-06-28
2025_419,0.7600844502449036,0.2085659950971603,0.5003476142883301,16.0,2025-06-28
2025_422,0.8667348027229309,0.3124649226665497,0.6161182522773743,12.0,2025-06-28
2025_426,0.9262164235115052,0.3398867845535278,0.6528818607330322,12.0,2025-06-28
2025_427,0.7782645225524902,0.1656197607517242,0.3954655230045318,16.0,2025-06-28
2025_430,0.5071259140968323,0.2193842828273773,0.4399597942829132,18.0,2025-06-28
2025_433,0.8384778499603271,0.2865926623344421,0.5866172313690186,14.0,2025-06-28
2025_434,0.8831819891929626,0.3199372589588165,0.626309871673584,14.0,2025-06-28
2025_435,0.6090517044067383,0.1873885244131088,0.4374901056289673,14.0,2025-06-28
2025_436,0.7355771064758301,0.2351967394351959,0.5122627019882202,12.0,2025-06-28
2025_437,0.8797471523284912,0.299592524766922,0.6015140414237976,12.0,2025-06-28
2025_438,0.8452107310295105,0.2421333938837051,0.5484941601753235,14.0,2025-06-28
2025_443,0.8253359198570251,0.2537695467472076,0.5503009557723999,12.0,2025-06-28
2025_445,0.7414366602897644,0.1687773168087005,0.436774343252182,18.0,2025-06-28
2025_446,0.8406928181648254,0.2887896299362182,0.5243505239486694,18.0,2025-06-28
2025_447,0.8454819321632385,0.2550136148929596,0.552727997303009,16.0,2025-06-28
2025_450,0.887042760848999,0.3306268453598022,0.6308369040489197,22.0,2025-06-28
2025_453,0.8693182468414307,0.3006984293460846,0.6090065836906433,20.0,2025-06-28
2025_455,0.8015875220298767,0.2154577672481537,0.50783371925354,22.0,2025-06-28
2025_456,0.7561451196670532,0.2304703742265701,0.4803769588470459,18.0,2025-06-28
2025_457,0.8625680208206177,0.3048943877220154,0.6006065607070923,16.0,2025-06-28
2025_458,0.8177749514579773,0.2420856058597564,0.5204498171806335,14.0,2025-06-28
2025_459,0.8283126354217529,0.2533116936683655,0.52814120054245,18.0,2025-06-28
2025_460,0.7901882529258728,0.2629489600658417,0.513065755367279,18.0,2025-06-28
2025_461,0.7839433550834656,0.2525570392608642,0.5224736928939819,15.0,2025-06-28
2025_462,0.8475410342216492,0.2603633403778076,0.5647701025009155,20.0,2025-06-28
2025_464,0.8343471884727478,0.2784988284111023,0.5762243270874023,19.0,2025-06-28
2025_467,0.8746287226676941,0.317660391330719,0.6228086948394775,17.0,2025-06-28
2025_469,0.867647647857666,0.2967370748519897,0.5935762524604797,20.0,2025-06-28
2025_471,0.5510905981063843,0.1312928050756454,0.3919594585895538,18.0,2025-06-28
2025_472,0.6314502954483032,0.2046568095684051,0.4829184412956238,16.0,2025-06-28
2025_473,0.6956074833869934,0.1381910145282745,0.4061719179153442,16.0,2025-06-28
2025_475,0.8438129425048828,0.2761218547821045,0.5459105968475342,13.0,2025-06-28
2025_476,0.921510934829712,0.3992812931537628,0.6931759119033813,14.0,2025-06-28
2025_478,0.8221500515937805,0.2448174357414245,0.5484874844551086,10.0,2025-06-28
2025_479,0.7917149066925049,0.243206650018692,0.5235795378684998,12.0,2025-06-28
2025_480,0.8310149908065796,0.2419563829898834,0.5454245209693909,16.0,2025-06-28
2025_484,0.8584140539169312,0.2723668217658996,0.5558187961578369,18.0,2025-06-28
2025_486,0.8522818088531494,0.3201664686203003,0.5884966254234314,16.0,2025-06-28
2025_488,0.6764149069786072,0.1754485070705413,0.4287964403629303,18.0,2025-06-28
2025_489,0.8874671459197998,0.3193658888339996,0.5896989107131958,16.0,2025-06-28
2025_494,0.4849206507205963,0.1116827502846717,0.3497872352600097,18.0,2025-06-28
2025_495,0.635951042175293,0.1987172365188598,0.4485705494880676,16.0,2025-06-28
2025_501,0.8218950033187866,0.2792464196681976,0.5847687721252441,16.0,2025-06-28
2025_502,0.8259322643280029,0.2687353789806366,0.5610857605934143,18.0,2025-06-28
2025_503,0.8480305075645447,0.2576594948768616,0.5504950284957886,19.0,2025-06-28
2025_504,0.8476485013961792,0.3150625228881836,0.5912005305290222,20.0,2025-06-28
2025_505,0.7989868521690369,0.2434469163417816,0.5137739777565002,20.0,2025-06-28
2025_506,0.8709368705749512,0.2840435206890106,0.5763627886772156,18.0,2025-06-28
2025_510,0.7360706329345703,0.2542071938514709,0.4628468751907348,18.0,2025-06-28
2025_512,0.6363187432289124,0.1672640442848205,0.4559014439582824,18.0,2025-06-28
2025_515,0.8019870519638062,0.2660745084285736,0.5290096402168274,14.0,2025-06-28
2025_517,0.8261964917182922,0.2595326006412506,0.5705521702766418,15.0,2025-06-28
2025_520,0.8643537163734436,0.2976008057594299,0.5796047449111938,20.0,2025-06-28
2025_521,0.8824812769889832,0.3160026669502258,0.6170933246612549,20.0,2025-06-28
2025_522,0.8736366629600525,0.3243916034698486,0.6008068919181824,14.0,2025-06-28
2025_524,0.8686861991882324,0.317967802286148,0.6085479259490967,14.0,2025-06-28
2025_525,0.7040685415267944,0.2178063541650772,0.4658711552619934,16.0,2025-06-28
2025_526,0.8511970639228821,0.2670281827449798,0.5662492513656616,18.0,2025-06-28
2025_527,0.7787804007530212,0.2500869631767273,0.5181037187576294,16.0,2025-06-28
2025_528,0.8611578941345215,0.3319240212440491,0.6321538686752319,18.0,2025-06-28
2025_529,0.8579308390617371,0.3378536403179168,0.6218259334564209,14.0,2025-06-28
2025_531,0.8813762664794922,0.3206072747707367,0.6175469756126404,16.0,2025-06-28
2025_533,0.814810037612915,0.2998605072498321,0.5458821058273315,18.0,2025-06-28
2025_534,0.5499367713928223,0.1660273969173431,0.4391798973083496,16.0,2025-06-28
2025_536,0.8527271151542664,0.3518502712249756,0.6330481171607971,16.0,2025-06-28
2025_539,0.8958287835121155,0.3475002646446228,0.6593023538589478,14.0,2025-06-28
2025_542,0.804117739200592,0.2969287931919098,0.5433253645896912,36.0,2025-06-28
2025_544,0.7633981108665466,0.2935107946395874,0.5535678267478943,38.0,2025-06-28
2025_545,0.6648878455162048,0.2069338858127594,0.4739393591880798,40.0,2025-06-28
2025_550,0.790123462677002,0.2819753289222717,0.5066530108451843,43.0,2025-06-28
2025_555,0.851760983467102,0.2816442251205444,0.5625859498977661,19.0,2025-06-28
2025_558,0.7814658880233765,0.2542997896671295,0.5431552529335022,20.0,2025-06-28
2025_559,0.9059829711914062,0.3287963569164276,0.6446713209152222,18.0,2025-06-28
2025_560,0.8153699040412903,0.286697655916214,0.5794633030891418,20.0,2025-06-28
2025_561,0.8045623302459717,0.2075777649879455,0.5026261210441589,24.0,2025-06-28
2025_562,0.8587083220481873,0.3153408765792846,0.6077539920806885,24.0,2025-06-28
2025_563,0.809752345085144,0.3172942698001861,0.5469598770141602,24.0,2025-06-28
2025_564,0.8413379192352295,0.3347617089748382,0.617548942565918,20.0,2025-06-28
2025_565,0.8447415232658386,0.2819831371307373,0.5695248246192932,40.0,2025-06-28
2025_566,0.8465576171875,0.3603826463222503,0.6549808979034424,40.0,2025-06-28
2025_567,0.8590235710144043,0.420767992734909,0.7017847299575806,44.0,2025-06-28
2025_569,0.8686056733131409,0.2966103553771972,0.6016288995742798,44.0,2025-06-28
2025_570,0.9148471355438232,0.3421464562416076,0.6605896353721619,20.0,2025-06-28
2025_572,0.3862455785274505,0.132404625415802,0.3622059822082519,20.0,2025-06-28
2025_573,0.8420127034187317,0.2791179716587066,0.5560341477394104,20.0,2025-06-28
2025_574,0.7070453763008118,0.2367388010025024,0.4884857535362243,20.0,2025-06-28
2025_575,0.801377534866333,0.2541089057922363,0.5363729596138,24.0,2025-06-28
2025_576,0.7425640225410461,0.1613899171352386,0.4276143610477447,26.0,2025-06-28
2025_577,0.8388746380805969,0.2823269069194793,0.5743973851203918,24.0,2025-06-28
2025_578,0.8646641373634338,0.3354283571243286,0.6409502625465393,26.0,2025-06-28
2025_579,0.8542084097862244,0.2374653220176696,0.5283018946647644,23.0,2025-06-28
2025_580,0.8813126683235168,0.3079033195972442,0.6227220296859741,22.0,2025-06-28
2025_581,0.7477239966392517,0.2601070702075958,0.5561609268188477,26.0,2025-06-28
2025_582,0.8029407262802124,0.2509663999080658,0.5557022094726562,26.0,2025-06-28
2025_583,0.9002617597579956,0.3385405540466308,0.6312605738639832,14.0,2025-06-28
2025_584,0.8616485595703125,0.2741951942443847,0.5939419269561768,14.0,2025-06-28
2025_585,0.878997802734375,0.3386443257331848,0.6232916116714478,14.0,2025-06-28
2025_587,0.7278947234153748,0.1274364292621612,0.4325778484344482,16.0,2025-06-28
2025_589,0.814300537109375,0.2087546586990356,0.5216822624206543,14.0,2025-06-28
2025_595,0.6674633026123047,0.1987166702747345,0.4015566408634186,15.0,2025-06-28
2025_597,0.3030077517032623,0.1005612164735794,0.3310714066028595,24.0,2025-06-28
2025_599,0.8067237138748169,0.2056434005498886,0.4945070445537567,22.0,2025-06-28
2025_600,0.8908512592315674,0.3357371091842651,0.6275537014007568,22.0,2025-06-28
2025_603,0.8895207643508911,0.3351019918918609,0.6219676733016968,22.0,2025-06-28
2025_604,0.886787474155426,0.3136742413043976,0.608142614364624,18.0,2025-06-28
2025_605,0.8833501935005188,0.332704097032547,0.622846782207489,22.0,2025-06-28
2025_607,0.8820308446884155,0.3638069331645965,0.6400734782218933,22.0,2025-06-28
2025_608,0.8585299849510193,0.2975647747516632,0.595647931098938,22.0,2025-06-28
2025_609,0.4643039107322693,0.1280200481414795,0.2938917577266693,22.0,2025-06-28
2025_610,0.8726179003715515,0.2780840396881103,0.5728554725646973,22.0,2025-06-28
2025_616,0.8372223377227783,0.1869527697563171,0.5150914192199707,12.0,2025-06-28
2025_617,0.8579304218292236,0.2781018614768982,0.5782967805862427,14.0,2025-06-28
2025_622,0.7260580062866211,0.2109022438526153,0.5118255019187927,20.0,2025-06-28
2025_623,0.7926693558692932,0.2577795088291168,0.5224262475967407,20.0,2025-06-28
2025_628,0.7881026268005371,0.2338617444038391,0.4622060060501098,16.0,2025-06-28
2025_630,0.8226495385169983,0.2682830393314361,0.5569150447845459,20.0,2025-06-28
2025_631,0.5360971689224243,0.1073425635695457,0.3143169581890106,18.0,2025-06-28
2025_633,0.7657859325408936,0.2370047271251678,0.5124276876449585,14.0,2025-06-28
2025_634,0.8785232901573181,0.3351092636585235,0.6320633292198181,16.0,2025-06-28
2025_635,0.8566638827323914,0.3571586608886719,0.6334643363952637,18.0,2025-06-28
2025_636,0.8524558544158936,0.3126537799835205,0.5861445069313049,17.0,2025-06-28
2025_642,0.8797265887260437,0.3188929557800293,0.6152642965316772,18.0,2025-06-28
2025_646,0.8178943991661072,0.2967389523983001,0.5694238543510437,10.0,2025-06-28
2025_647,0.8398454785346985,0.314726859331131,0.5583123564720154,16.0,2025-06-28
2025_648,0.876681387424469,0.3358567953109741,0.624038815498352,16.0,2025-06-28
2025_649,0.8216313123703003,0.2476062476634979,0.5572024583816528,12.0,2025-06-28
2025_651,0.748997151851654,0.2212501317262649,0.5219999551773071,18.0,2025-06-28
2025_653,0.4224436581134796,0.0442396067082881,0.285518079996109,14.0,2025-06-28
2025_658,0.7990143895149231,0.2531991004943847,0.5507345795631409,14.0,2025-06-28
2025_659,0.6906244158744812,0.2237838059663772,0.4996717274188995,10.0,2025-06-28
2025_660,0.7411167621612549,0.2008928507566452,0.4636871516704559,9.0,2025-06-28
2025_661,0.8312625288963318,0.3196694254875183,0.6245450377464294,12.0,2025-06-28
2025_662,0.7381241917610168,0.235081598162651,0.483113169670105,8.0,2025-06-28
2025_667,0.8273645639419556,0.2828267812728882,0.6032063961029053,19.0,2025-06-28
2025_668,0.861908495426178,0.3646473288536072,0.6574050188064575,24.0,2025-06-28
2025_670,0.8017264008522034,0.2638057768344879,0.5713953971862793,21.0,2025-06-28
2025_671,0.8419155478477478,0.3571717739105224,0.6547173261642456,34.0,2025-06-28
2025_675,0.7896739840507507,0.2427438199520111,0.5084754824638367,12.0,2025-06-28
2025_676,0.8467447757720947,0.3424154222011566,0.6481775045394897,21.0,2025-06-28
2025_677,0.7101051807403564,0.2408385723829269,0.5218241214752197,21.0,2025-06-28
2025_678,0.7494852542877197,0.2870025038719177,0.5690901279449463,14.0,2025-06-28
2025_680,0.7540233731269836,0.2846272587776184,0.5583893060684204,14.0,2025-06-28
2025_682,0.842234194278717,0.2821394205093384,0.5653457641601562,15.0,2025-06-28
2025_683,0.709659218788147,0.240190252661705,0.4856953918933868,15.0,2025-06-28
2025_684,0.8055481314659119,0.313136339187622,0.6150982975959778,16.0,2025-06-28
2025_685,0.8803757429122925,0.37618088722229,0.6669347882270813,14.0,2025-06-28
2025_686,0.8612171411514282,0.3264192044734955,0.6257286071777344,13.0,2025-06-28
2025_687,0.836698591709137,0.2697516679763794,0.5752760767936707,16.0,2025-06-28
2025_688,0.8743759393692017,0.361810028553009,0.6421687006950378,14.0,2025-06-28
2025_689,0.8769844174385071,0.3513504266738891,0.6571476459503174,20.0,2025-06-28
2025_693,0.8383747339248657,0.267885684967041,0.5646352767944336,15.0,2025-06-28
2025_698,0.5571536421775818,0.1418898552656173,0.4099463820457458,14.0,2025-06-28
2025_703,0.7395508885383606,0.1907617300748825,0.4424467384815216,18.0,2025-06-28
2025_704,0.7260878086090088,0.2038732320070266,0.434430867433548,18.0,2025-06-28
2025_706,0.8798676133155823,0.3258960843086242,0.6274893879890442,24.0,2025-06-28
2025_708,0.6811424493789673,0.1083019375801086,0.3596732318401336,22.0,2025-06-28
2025_709,0.8744591474533081,0.3280754089355469,0.601878821849823,24.0,2025-06-28
2025_714,0.7652125954627991,0.2249366343021392,0.5078012943267822,16.0,2025-06-28
2025_715,0.8121483325958252,0.2349177151918411,0.5108430981636047,16.0,2025-06-28
2025_719,0.8162643313407898,0.2786668837070465,0.5793763995170593,15.0,2025-06-28
2025_720,0.8789855241775513,0.3384536206722259,0.632699728012085,14.0,2025-06-28
2025_721,0.857027530670166,0.3196854293346405,0.6221944689750671,14.0,2025-06-28
2025_722,0.8696160316467285,0.3336002826690674,0.6467529535293579,14.0,2025-06-28
2025_723,0.8665024638175964,0.1502407044172287,0.4845446050167084,18.0,2025-06-28
2025_724,0.8278906345367432,0.3148562908172607,0.5733784437179565,18.0,2025-06-28
2025_725,0.748677134513855,0.2150119692087173,0.475778579711914,14.0,2025-06-28
2025_726,0.8118811845779419,0.2815594971179962,0.5477109551429749,15.0,2025-06-28
2025_728,0.6453444957733154,0.1226723045110702,0.3861104547977447,17.0,2025-06-28
2025_729,0.4888308644294739,0.1122994646430015,0.3780460655689239,21.0,2025-06-28
2025_732,0.8276333808898926,0.2703150808811188,0.5689293146133423,17.0,2025-06-28
2025_733,0.8188883066177368,0.3212528228759765,0.609486997127533,18.0,2025-06-28
2025_734,0.8379017114639282,0.3154782652854919,0.6080013513565063,8.0,2025-06-28
2025_735,0.8016742467880249,0.2161040306091308,0.5382704734802246,12.0,2025-06-28
2025_736,0.6594863533973694,0.0783025100827217,0.3954239785671234,6.0,2025-06-28
2025_737,0.6220147013664246,0.2250883728265762,0.4903680086135864,10.0,2025-06-28
2025_738,0.817388117313385,0.309137225151062,0.5842039585113525,16.0,2025-06-28
2025_744,0.7969945669174194,0.3495904207229614,0.5704300403594971,12.0,2025-06-28
2025_745,0.7610009908676147,0.2615367770195007,0.5483724474906921,12.0,2025-06-28
2025_746,0.7841070294380188,0.2873463928699493,0.531628429889679,16.0,2025-06-28
2025_747,0.5377109050750732,0.1561409384012222,0.3769108951091766,14.0,2025-06-28
2025_749,0.2330331653356552,-0.0408560894429683,0.1161970272660255,8.0,2025-06-28
2025_750,0.7635488510131836,0.1869542300701141,0.4521347880363464,12.0,2025-06-28
2025_751,0.8655306100845337,0.2783925533294678,0.5885286331176758,10.0,2025-06-28
2025_752,0.2527803778648376,-0.1007045730948448,0.0028369689825922,16.0,2025-06-28
2025_753,0.6019866466522217,0.1844822913408279,0.4142970442771911,10.0,2025-06-28
2025_754,0.4834091365337372,0.2146264314651489,0.4591284692287445,14.0,2025-06-28
2025_755,0.7524723410606384,0.2017041891813278,0.44248166680336,16.0,2025-06-28
2025_756,0.1684825718402862,0.0681899189949035,0.1842630803585052,14.0,2025-06-28
2025_757,0.6282509565353394,0.2691237330436706,0.5279182195663452,10.0,2025-06-28
2025_758,0.2385229468345642,-0.0261569451540708,0.0685742497444152,13.0,2025-06-28
2025_760,0.8189713954925537,0.2200308591127395,0.5329494476318359,16.0,2025-06-28
2025_761,0.8742207288742065,0.3291286826133728,0.617599606513977,22.0,2025-06-28
2025_764,0.8659561276435852,0.3394903540611267,0.6082932353019714,21.0,2025-06-28
2025_765,0.8996134996414185,0.3407573699951172,0.6522097587585449,10.0,2025-06-28
2025_766,0.8471744060516357,0.2228854894638061,0.5388550162315369,16.0,2025-06-28
2025_770,0.8888580203056335,0.3391300737857818,0.653391420841217,14.0,2025-06-28
2025_773,0.6792580485343933,0.185404971241951,0.437946081161499,16.0,2025-06-28
2025_774,0.6861578226089478,0.1914223432540893,0.4656123518943786,16.0,2025-06-28
2025_775,0.8502545356750488,0.3880674839019775,0.6301738619804382,16.0,2025-06-28
2025_776,0.8605217337608337,0.3467063009738922,0.5977793335914612,16.0,2025-06-28
2025_777,0.8676729202270508,0.2959139347076416,0.5997556447982788,16.0,2025-06-28
2025_778,0.7347506880760193,0.2323198467493057,0.4928229749202728,17.0,2025-06-28
2025_779,0.9009497165679932,0.3785738050937652,0.6775844097137451,16.0,2025-06-28
2025_780,0.6908819079399109,0.18709097802639,0.3740740418434143,17.0,2025-06-28
2025_781,0.7024173140525818,0.1140787675976753,0.3611631095409393,18.0,2025-06-28
2025_786,0.8719961643218994,0.3097639083862304,0.5927284955978394,20.0,2025-06-28
2025_787,0.7167810797691345,0.2572015523910522,0.4912442564964294,22.0,2025-06-28
2025_789,0.6474611163139343,0.0736184939742088,0.3308085501194,14.0,2025-06-28
2025_790,0.6740384697914124,0.1649795621633529,0.4468967020511627,14.0,2025-06-28
2025_793,0.8791055083274841,0.2577632665634155,0.5750114917755127,18.0,2025-06-28
2025_794,0.8474732637405396,0.2619526982307434,0.5556538701057434,16.0,2025-06-28
2025_796,0.7616249918937683,0.2257241308689117,0.4931265115737915,18.0,2025-06-28
2025_804,0.8175662755966187,0.3150088489055633,0.6153980493545532,15.0,2025-06-28
2025_807,0.6978591084480286,0.242123007774353,0.4386973679065704,14.0,2025-06-28
2025_811,0.7568813562393188,0.290615439414978,0.5533488988876343,16.0,2025-06-28
2025_812,0.860908031463623,0.3365920186042785,0.641139566898346,14.0,2025-06-28
2025_814,0.8508824110031128,0.3740694522857666,0.6726358532905579,14.0,2025-06-28
2025_815,0.8357633948326111,0.3260360956192016,0.6067639589309692,10.0,2025-06-28
2025_816,0.7683044672012329,0.2213914394378662,0.5217573046684265,10.0,2025-06-28
2025_817,0.8162839412689209,0.2640911936759949,0.5584618449211121,13.0,2025-06-28
2025_818,0.697476327419281,0.2218891084194183,0.4860265851020813,16.0,2025-06-28
2025_819,0.7854571342468262,0.2839539051055908,0.5608820915222168,15.0,2025-06-28
2025_820,0.679083526134491,0.1703386753797531,0.4075940549373626,16.0,2025-06-28
2025_822,0.838926374912262,0.2102288007736206,0.4986471533775329,18.0,2025-06-28
2025_824,0.7760446667671204,0.2806347906589508,0.5508255362510681,18.0,2025-06-28
2025_827,0.7232074737548828,0.2195949852466583,0.5083813071250916,16.0,2025-06-28
2025_828,0.7017819285392761,0.0703669488430023,0.4157238900661468,14.0,2025-06-28
2025_829,0.7354713678359985,0.2560063898563385,0.5145742297172546,4.0,2025-06-28
2025_830,0.7077270746231079,0.1300973892211914,0.4177888631820678,14.0,2025-06-28
2025_832,0.7477365136146545,0.2050172984600067,0.4765631258487701,16.0,2025-06-28
2025_833,0.8245558142662048,0.2553959488868713,0.5080786943435669,20.0,2025-06-28
2025_835,0.8145065903663635,0.2184514105319976,0.5164389610290527,18.0,2025-06-28
2025_836,0.7584265470504761,0.2367611080408096,0.5273758172988892,16.0,2025-06-28
2025_837,0.6819983720779419,0.1921316087245941,0.4642596542835235,14.0,2025-06-28
2025_838,0.8483143448829651,0.2980683147907257,0.5741772651672363,18.0,2025-06-28
2025_839,0.5676331520080566,0.2078446298837661,0.4602950513362884,18.0,2025-06-28
2025_842,0.6350502967834473,0.199977621436119,0.4922682046890259,16.0,2025-06-28
2025_843,0.8593232035636902,0.3801193833351135,0.6566795706748962,18.0,2025-06-28
2025_846,0.6082974076271057,0.1186908558011055,0.3631366491317749,16.0,2025-06-28
2025_847,0.7853474617004395,0.1895766109228134,0.4917092621326446,18.0,2025-06-28
2025_848,0.7238157987594604,0.1501151919364929,0.4076977670192718,22.0,2025-06-28
2025_849,0.748037576675415,0.2835268080234527,0.5211330056190491,14.0,2025-06-28
2025_850,0.7690479159355164,0.2668381929397583,0.5766561627388,14.0,2025-06-28
2025_853,0.8902732133865356,0.3251989185810089,0.6294846534729004,11.0,2025-06-28
2025_857,0.8269152045249939,0.2615620195865631,0.5802512168884277,18.0,2025-06-28
2025_859,0.7974827289581299,0.2765614688396454,0.5568198561668396,18.0,2025-06-28
2025_860,0.8540209531784058,0.3222448527812958,0.5785132646560669,18.0,2025-06-28
2025_862,0.816123366355896,0.2558879852294922,0.5382367372512817,18.0,2025-06-28
2025_865,0.8321866989135742,0.2707650065422058,0.529681384563446,22.0,2025-06-28
2025_866,0.7291349768638611,0.228057861328125,0.4933584928512573,20.0,2025-06-28
2025_869,0.8561795353889465,0.2650692164897918,0.5880330801010132,18.0,2025-06-28
2025_870,0.844475269317627,0.2603656351566314,0.5609148740768433,18.0,2025-06-28
2025_871,0.8768012523651123,0.3251948058605194,0.6302992701530457,20.0,2025-06-28
2025_878,0.7802319526672363,0.2377698272466659,0.5491663813591003,14.0,2025-06-28
2025_879,0.241385668516159,-0.0079244896769523,0.2083887606859207,14.0,2025-06-28
2025_880,0.8170291185379028,0.3038802742958069,0.5767494440078735,14.0,2025-06-28
2025_885,0.8018248081207275,0.2341630160808563,0.5251737833023071,12.0,2025-06-28
2025_886,0.8017982840538025,0.2730796337127685,0.5421789884567261,12.0,2025-06-28
2025_887,0.7437845468521118,0.2157011777162552,0.5088787078857422,12.0,2025-06-28
2025_889,0.8251263499259949,0.2777220904827118,0.5533175468444824,20.0,2025-06-28
2025_890,0.8424718379974365,0.2521475851535797,0.5406290292739868,18.0,2025-06-28
2025_895,0.7775676846504211,0.2372201532125473,0.5537057518959045,22.0,2025-06-28
2025_899,0.80169677734375,0.2787877023220062,0.566558301448822,14.0,2025-06-28
2025_900,0.2119433432817459,-0.0953927412629127,0.1021083891391754,22.0,2025-06-28
2025_902,0.8397753238677979,0.2625247538089752,0.5766153931617737,10.0,2025-06-28
2025_905,0.4419026672840118,0.1275248378515243,0.3723690807819366,18.0,2025-06-28
2025_907,0.834354043006897,0.3100559711456299,0.5865777730941772,22.0,2025-06-28
2025_913,0.6998181343078613,0.2414897680282592,0.4863478243350982,14.0,2025-06-28
2025_914,0.7579919695854187,0.2978109717369079,0.5453020334243774,15.0,2025-06-28
2025_915,0.6540601849555969,0.173153281211853,0.4469387829303741,12.0,2025-06-28
2025_916,0.7142662405967712,0.2201704531908035,0.5090472102165222,10.0,2025-06-28
2025_918,0.7353429198265076,0.2401034086942672,0.5095742344856262,10.0,2025-06-28
2025_919,0.6513936519622803,0.1941113322973251,0.4602125585079193,10.0,2025-06-28
2025_920,0.8608250021934509,0.3400650024414062,0.6563864350318909,10.0,2025-06-28
2025_923,0.8268724083900452,0.2956015169620514,0.584192156791687,8.0,2025-06-28
2025_925,0.8457014560699463,0.3058585822582245,0.596365213394165,8.0,2025-06-28
2025_927,0.7093775868415833,0.2496256083250045,0.520023763179779,12.0,2025-06-28
2025_928,0.8253480792045593,0.2826847732067108,0.5762056708335876,10.0,2025-06-28
2025_929,0.8069639205932617,0.204861581325531,0.4981181025505066,10.0,2025-06-28
2025_933,0.779640257358551,0.2733520269393921,0.5660033226013184,20.0,2025-06-28
2025_934,0.7583542466163635,0.2728085219860077,0.555696964263916,20.0,2025-06-28
2025_937,0.5050400495529175,0.2419597953557968,0.4566000699996948,20.0,2025-06-28
2025_941,0.8154008388519287,0.2062342017889022,0.4676406383514404,22.0,2025-06-28
2025_944,0.8452668190002441,0.2920297086238861,0.5937108993530273,24.0,2025-06-28
2025_946,0.8688741326332092,0.3564234972000122,0.6320973038673401,24.0,2025-06-28
2025_952,0.7503787279129028,0.2260962277650833,0.4740717709064483,16.0,2025-06-28
2025_953,0.8296650648117065,0.2709344029426574,0.523308277130127,19.0,2025-06-28
2025_954,0.8652389049530029,0.2959793508052826,0.6145095229148865,18.0,2025-06-28
2025_955,0.7785605788230896,0.3531918823719024,0.638644814491272,18.0,2025-06-28
2025_956,0.1145816594362258,0.0310889258980751,0.2414810508489608,20.0,2025-06-28
2025_957,0.8204471468925476,0.3476631939411163,0.6393012404441833,18.0,2025-06-28
2025_958,0.8097142577171326,0.1660743057727813,0.5122981667518616,20.0,2025-06-28
2025_960,0.876247227191925,0.26021608710289,0.594275712966919,20.0,2025-06-28
2025_967,0.3768115937709808,0.1275655776262283,0.3254437744617462,21.0,2025-06-28
2025_968,0.5437613725662231,0.2505868673324585,0.4885168075561523,20.0,2025-06-28
2025_970,0.8353538513183594,0.2715868055820465,0.5702842473983765,12.0,2025-06-28
2025_971,0.6462171077728271,0.1498034447431564,0.4346111416816711,18.0,2025-06-28
2025_972,0.8870401978492737,0.2462403774261474,0.5686964988708496,16.0,2025-06-28
2025_973,0.788949728012085,0.32924684882164,0.6062721610069275,20.0,2025-06-28
2025_974,0.8861035108566284,0.3434039354324341,0.651355504989624,20.0,2025-06-28
2025_976,0.6378770470619202,0.2513401806354522,0.477388471364975,20.0,2025-06-28
2025_977,0.882328987121582,0.2649171948432922,0.5920105576515198,18.0,2025-06-28
2025_979,0.760611891746521,0.1429621130228042,0.4532063603401184,16.0,2025-06-28
2025_980,0.8615351319313049,0.2065363824367523,0.5539015531539917,16.0,2025-06-28
2025_981,0.8773826956748962,0.3017387986183166,0.631876528263092,18.0,2025-06-28
2025_983,0.8665907979011536,0.2700341045856476,0.5618469715118408,22.0,2025-06-28
2025_1683,0.8602325320243835,0.3329930901527405,0.6292355060577393,16.0,2025-06-28
2025_1690,0.867809534072876,0.3116403520107269,0.6161469221115112,18.0,2025-06-28
2025_1691,0.8705568909645081,0.2742550373077392,0.5782751441001892,18.0,2025-06-28
2025_1692,0.8900435566902161,0.313737690448761,0.6142932772636414,18.0,2025-06-28
2025_1695,0.8505620956420898,0.3377445042133331,0.6374126672744751,20.0,2025-06-28
2025_1696,0.7840524315834045,0.3095543086528778,0.5687785744667053,20.0,2025-06-28
2025_1700,0.8660134673118591,0.3356582522392273,0.6236704587936401,12.0,2025-06-28
2025_1702,0.7779262065887451,0.2551673054695129,0.5647324323654175,12.0,2025-06-28
2025_1706,0.8171815872192383,0.287852019071579,0.5377562642097473,8.0,2025-06-28
2025_1707,0.8414431810379028,0.2959741055965423,0.593126654624939,14.0,2025-06-28
2025_1716,0.8898696899414062,0.3848837018013,0.6830216646194458,23.0,2025-06-28
2025_1717,0.8084820508956909,0.2798316180706024,0.5455989837646484,21.0,2025-06-28
2025_1718,0.8903602361679077,0.3409179151058197,0.641521692276001,14.0,2025-06-28
2025_1720,0.3836893141269684,0.0553480796515941,0.2702529430389404,8.0,2025-06-28
2025_1725,0.7145953178405762,0.3125829994678497,0.5956656336784363,14.0,2025-06-28
2025_1726,0.7540715336799622,0.2960703670978546,0.5619751811027527,12.0,2025-06-28
2025_1727,0.797213613986969,0.2535718381404876,0.5523810386657715,14.0,2025-06-28
2025_1729,0.4316305518150329,0.1223381906747818,0.3435871005058288,18.0,2025-06-28
2025_1731,0.8842917680740356,0.3585976958274841,0.6443247199058533,16.0,2025-06-28
2025_1732,0.7193042039871216,0.1880108416080474,0.428793728351593,16.0,2025-06-28
2025_1733,0.7505376935005188,0.2724075615406036,0.5120530724525452,18.0,2025-06-28
2025_1734,0.8514769077301025,0.2778976857662201,0.5807563066482544,18.0,2025-06-28
2025_1735,0.781952440738678,0.1957058608531952,0.4309963583946228,28.0,2025-06-28
2025_1737,0.713493824005127,0.1844232380390167,0.4378289580345154,20.0,2025-06-28
2025_1738,0.4390972852706909,0.0526691190898418,0.276080846786499,24.0,2025-06-28
2025_1740,0.604485809803009,0.1594920456409454,0.4189761281013489,16.0,2025-06-28
2025_1743,0.582281768321991,0.1544204205274582,0.3186028301715851,22.0,2025-06-28
2025_1744,0.8047948479652405,0.3120685219764709,0.5524091124534607,14.0,2025-06-28
2025_1745,0.4845157861709595,0.0816568285226821,0.2851900458335876,18.0,2025-06-28
2025_1746,0.833984911441803,0.3014715313911438,0.5661332607269287,14.0,2025-06-28
2025_1750,0.7888025641441345,0.2770680785179138,0.5306532979011536,14.0,2025-06-28
2025_1751,0.8482780456542969,0.2877474725246429,0.5812222361564636,12.0,2025-06-28
2025_2636,0.8560400605201721,0.2585850059986114,0.5731440782546997,17.0,2025-06-28
2025_2637,0.8375398516654968,0.3142167031764984,0.6086313724517822,18.0,2025-06-28
2025_2639,0.8087698817253113,0.2301620990037918,0.5082820057868958,18.0,2025-06-28
2025_2640,0.7767209410667419,0.2298021763563156,0.5138588547706604,18.0,2025-06-28
2025_2642,0.8320742845535278,0.3110316097736358,0.6288824677467346,18.0,2025-06-28
2025_2643,0.7696050405502319,0.2540907263755798,0.4796548783779144,18.0,2025-06-28
2025_2644,0.890776515007019,0.321878582239151,0.6204342246055603,20.0,2025-06-28
2025_2645,0.8863909840583801,0.3887286782264709,0.6530823707580566,22.0,2025-06-28
2025_2646,0.8396013379096985,0.2774874567985534,0.545799970626831,48.0,2025-06-28
2025_2647,0.8429489731788635,0.3678090274333954,0.6407371759414673,44.0,2025-06-28
2025_2649,0.7606305480003357,0.2461462914943695,0.512410044670105,12.0,2025-06-28
2025_2652,0.8361718058586121,0.2923196256160736,0.5717628002166748,12.0,2025-06-28
2025_1721,0.666827917098999,0.1779206842184066,0.4314082860946655,12.0,2025-07-03
2025_1722,0.8518690466880798,0.3478489220142364,0.6487407088279724,14.0,2025-07-03
2025_2665,0.8154780268669128,0.2988088130950928,0.5832037925720215,22.0,2025-07-03
2025_173,0.7945123314857483,0.3139517605304718,0.6014298796653748,5.0,2025-07-23
2025_223,0.8399269580841064,0.3181557357311249,0.5798156261444092,15.0,2025-07-23
2025_224,0.5604469180107117,0.1326105445623397,0.2965704500675201,14.0,2025-07-23
2025_229,0.207951620221138,-0.049578957259655,0.1133468970656395,18.0,2025-07-23
2025_230,0.3873514533042907,0.0952524691820144,0.2493813037872314,18.0,2025-07-23
2025_232,0.7923581004142761,0.2574054598808288,0.5213631987571716,18.0,2025-07-23
2025_235,0.9088225960731506,0.3273072838783264,0.6360182166099548,22.0,2025-07-23
2025_236,0.7040421366691589,0.1911650002002716,0.4471619725227356,22.0,2025-07-23
2025_205,0.3223894834518432,0.0232920832931995,0.2191376090049743,10.0,2025-08-06
2025_178,0.8807769417762756,0.3177360594272613,0.6261763572692871,3.0,2025-08-07
2025_180,0.6254914402961731,0.3337595760822296,0.5724579691886902,5.0,2025-08-07
2025_181,0.770864725112915,0.3128736317157745,0.6154036521911621,4.0,2025-08-07
2025_183,0.8729646801948547,0.3438716232776642,0.654179573059082,28.0,2025-08-07
2025_189,0.8083720803260803,0.3509381413459778,0.6263079047203064,3.0,2025-08-07
2025_191,0.8763493895530701,0.3245345056056976,0.6247470378875732,5.0,2025-08-07
2025_195,0.7911800146102905,0.2403087615966797,0.5236513614654541,18.0,2025-08-07
2025_197,0.8988996148109436,0.3545711636543274,0.6540008187294006,22.0,2025-08-07
2025_198,0.8246463537216187,0.2755659818649292,0.5672225952148438,20.0,2025-08-07
2025_200,0.8140015006065369,0.2771178781986236,0.5338760614395142,12.0,2025-08-07
2025_201,0.8755740523338318,0.3015165328979492,0.5899360179901123,8.0,2025-08-07
2025_203,0.8908196687698364,0.3225885927677154,0.6341222524642944,14.0,2025-08-07
2025_206,0.8494489789009094,0.2589806318283081,0.5710494518280029,14.0,2025-08-07
2025_208,0.8212447762489319,0.3249024748802185,0.6044949293136597,20.0,2025-08-07
2025_209,0.8656346201896667,0.2908656001091003,0.573975682258606,22.0,2025-08-07
2025_2536,0.8504926562309265,0.2364712804555893,0.5540554523468018,36.0,2025-08-07
2025_2539,0.8689509630203247,0.3259560167789459,0.6428449153900146,16.0,2025-08-07
2025_2540,0.8698293566703796,0.3017225861549377,0.61667400598526,7.0,2025-08-07
2025_2541,0.8384084701538086,0.379141092300415,0.6795995235443115,15.0,2025-08-07
2025_2542,0.8829571604728699,0.3035882711410522,0.6259472370147705,10.0,2025-08-07
2025_2544,0.86680006980896,0.2646761834621429,0.6093581318855286,10.0,2025-08-07
2025_2545,0.862747848033905,0.3406630456447601,0.6537773013114929,10.0,2025-08-07
2025_2546,0.8438204526901245,0.2737213373184204,0.5899295806884766,12.0,2025-08-07
2025_2548,0.8345369696617126,0.2541578710079193,0.5647252798080444,16.0,2025-08-07
2025_2549,0.793364942073822,0.2348642945289611,0.5337029695510864,13.0,2025-08-07
2025_2550,0.7819882035255432,0.2294412404298782,0.5645004510879517,12.0,2025-08-07
2025_2551,0.8470918536186218,0.2503224611282348,0.5844666957855225,8.0,2025-08-07
2025_2556,0.9151487350463868,0.3222591280937195,0.6446893215179443,15.0,2025-08-07
2025_153,0.5085790157318115,0.1209051311016082,0.3179953098297119,2.0,2025-08-22
2025_1774,0.8546546697616577,0.3617521822452545,0.5909090638160706,5.0,2025-08-22
2025_1775,0.8726637959480286,0.3068654239177704,0.5962885022163391,5.0,2025-08-22
2025_1776,0.8780932426452637,0.3156302273273468,0.6280900835990906,6.0,2025-08-22
2025_59,0.9001259207725525,0.3554273545742035,0.6604326963424683,7.0,2025-08-23
2025_46,0.7867022156715393,0.2273174524307251,0.5446918606758118,40.0,2025-09-11
2025_48,0.8591311573982239,0.3033212721347809,0.6140350699424744,5.0,2025-09-11
2025_49,0.8472963571548462,0.3214782774448395,0.6461721658706665,5.0,2025-09-11
2025_50,0.8683325052261353,0.349676638841629,0.6548399329185486,5.0,2025-09-11
2025_51,0.8612405061721802,0.3105865120887756,0.6324374079704285,5.0,2025-09-11
2025_52,0.8667409420013428,0.3483107686042785,0.6553112864494324,6.0,2025-09-11
2025_53,0.861450731754303,0.2931442260742187,0.6076585650444031,6.0,2025-09-11
2025_55,0.6744186282157898,0.2636579275131225,0.5433070659637451,9.0,2025-09-11
2025_56,0.8203321695327759,0.2437323927879333,0.5282537341117859,9.0,2025-09-11
2025_57,0.5021834373474121,0.1776788979768753,0.3434876203536987,11.0,2025-09-11
2025_58,0.5544942021369934,0.1920678168535232,0.3921274542808532,22.0,2025-09-11
2025_61,0.6979437470436096,0.2548471689224243,0.509048342704773,7.0,2025-09-11
2025_62,0.825123131275177,0.3633854389190674,0.6291682124137878,5.0,2025-09-11
2025_63,0.7268344759941101,0.3210344314575195,0.5903232097625732,7.0,2025-09-11
2025_64,0.0954115018248558,-0.1748540103435516,0.047835998237133,7.0,2025-09-11
2025_67,0.7305020689964294,0.1395647078752517,0.4077298939228058,8.0,2025-09-11
2025_68,0.6676158308982849,0.2090399712324142,0.4770686030387878,12.0,2025-09-11
2025_69,0.7614874243736267,0.2486795336008072,0.529107928276062,12.0,2025-09-11
2025_70,0.8664573431015015,0.3352276682853699,0.6495518088340759,14.0,2025-09-11
2025_71,0.8767481446266174,0.3373344242572784,0.6486294269561768,12.0,2025-09-11
2025_72,0.7894220948219299,0.247060626745224,0.5518839359283447,16.0,2025-09-11
2025_74,0.8650504350662231,0.3085342049598694,0.6217874884605408,16.0,2025-09-11
2025_77,0.8626653552055359,0.2824282646179199,0.6117879152297974,10.0,2025-09-11
2025_78,0.8357113003730774,0.3333222568035126,0.6332272887229919,18.0,2025-09-11
2025_86,0.7422243356704712,0.2414977848529815,0.5076579451560974,16.0,2025-09-11
2025_90,0.84763103723526,0.2895512282848358,0.6130234599113464,12.0,2025-09-11
2025_91,0.7942628860473633,0.3933140933513641,0.663596510887146,16.0,2025-09-11
2025_92,0.592784583568573,0.3196839690208435,0.545414388179779,14.0,2025-09-11
2025_94,0.8296458721160889,0.3762386441230774,0.6492284536361694,16.0,2025-09-11
2025_95,0.8588148951530457,0.2912933528423309,0.5870590806007385,8.0,2025-09-11
2025_97,0.8674479722976685,0.3622681200504303,0.6130369305610657,7.0,2025-09-11
2025_100,0.8846242427825928,0.3683212101459503,0.6571952104568481,7.0,2025-09-11
2025_101,0.8712145686149597,0.3467653095722198,0.6184348464012146,8.0,2025-09-11
2025_102,0.8749411702156067,0.3465970754623413,0.6408255100250244,8.0,2025-09-11
2025_103,0.8370181918144226,0.265711098909378,0.571885883808136,14.0,2025-09-11
2025_104,0.7325908541679382,0.2124756872653961,0.4965100586414337,14.0,2025-09-11
2025_108,0.8010709285736084,0.3477413058280945,0.6236050128936768,16.0,2025-09-11
2025_109,0.8783454895019531,0.3704584240913391,0.6463389992713928,3.0,2025-09-11
2025_111,0.7115716934204102,0.2508893311023712,0.4924699068069458,7.0,2025-09-11
2025_112,0.5463331341743469,0.2429162561893463,0.4489118456840515,9.0,2025-09-11
2025_113,0.861560583114624,0.2665503621101379,0.5905499458312988,8.0,2025-09-11
2025_115,0.8093807697296143,0.2714943885803222,0.577227771282196,6.0,2025-09-11
2025_116,0.8108946084976196,0.3157958388328552,0.5942079424858093,6.0,2025-09-11
2025_117,0.8682570457458496,0.3341517150402069,0.623642086982727,4.0,2025-09-11
2025_118,0.8235366940498352,0.2154821157455444,0.5283194780349731,12.0,2025-09-11
2025_119,0.7652266621589661,0.2867459058761596,0.5526393055915833,6.0,2025-09-11
2025_120,0.7713586688041687,0.3253573775291443,0.5757970213890076,6.0,2025-09-11
2025_121,0.8802164196968079,0.3614104688167572,0.6720977425575256,10.0,2025-09-11
2025_123,0.9048659801483154,0.3098234236240387,0.6182536482810974,10.0,2025-09-11
2025_124,0.8949366807937622,0.3379196226596832,0.6245148181915283,10.0,2025-09-11
2025_125,0.9007214903831482,0.2934668064117431,0.6204282641410828,12.0,2025-09-11
2025_129,0.8475582003593445,0.3042094707489013,0.5963172912597656,15.0,2025-09-11
2025_130,0.8688583374023438,0.3478501439094543,0.6463814377784729,16.0,2025-09-11
2025_131,0.8883540034294128,0.3278458416461944,0.6481234431266785,12.0,2025-09-11
2025_132,0.8290902972221375,0.3275211751461029,0.6202005743980408,8.0,2025-09-11
2025_133,0.8709203004837036,0.3514623343944549,0.6536819934844971,8.0,2025-09-11
2025_134,0.8652409911155701,0.3550321459770202,0.6502894759178162,16.0,2025-09-11
2025_135,0.8549988269805908,0.3232082724571228,0.6235151290893555,6.0,2025-09-11
2025_136,0.8263428211212158,0.3048514723777771,0.6116225123405457,6.0,2025-09-11
2025_137,0.8083788752555847,0.3208633065223694,0.6052069067955017,5.0,2025-09-11
2025_139,0.8409205079078674,0.2175715565681457,0.5620245337486267,16.0,2025-09-11
2025_141,0.8719272613525391,0.3538806438446045,0.6471871137619019,11.0,2025-09-11
2025_155,0.8819946646690369,0.3570220172405243,0.6575955748558044,3.0,2025-09-11
2025_156,0.9061292409896852,0.4129217565059662,0.6886443495750427,14.0,2025-09-11
2025_157,0.916525661945343,0.382475197315216,0.6770948767662048,14.0,2025-09-11
2025_158,0.8550786375999451,0.2756119072437286,0.5449045300483704,12.0,2025-09-11
2025_159,0.9016618132591248,0.3344753980636596,0.6556516885757446,12.0,2025-09-11
2025_160,0.9171212911605836,0.3052019476890564,0.6272811889648438,10.0,2025-09-11
2025_161,0.8337249159812927,0.3197928071022033,0.6281691789627075,10.0,2025-09-11
2025_162,0.8991037011146545,0.3252230286598205,0.642541229724884,13.0,2025-09-11
2025_163,0.8693194389343262,0.3514834344387054,0.6587274670600891,8.0,2025-09-11
2025_164,0.8534182906150818,0.2976717054843902,0.5834702849388123,9.0,2025-09-11
2025_144,0.8366310000419617,0.3031871616840362,0.6116496920585632,14.0,2025-09-21
2025_145,0.8479491472244263,0.3302354216575622,0.6179143190383911,16.0,2025-09-21
2025_149,0.4827057421207428,0.1448433697223663,0.3525197803974151,12.0,2025-09-21
2025_150,0.8690338730812073,0.3630401790142059,0.644660234451294,9.0,2025-09-21
2025_167,0.6548139452934265,0.2045745104551315,0.4522454440593719,12.0,2025-09-21
2025_168,0.5977203845977783,0.1930058747529983,0.4578692018985748,10.0,2025-09-21
2025_169,0.8911207914352417,0.3446720242500305,0.6502184271812439,10.0,2025-09-21
2025_170,0.7355747818946838,0.2564612030982971,0.5467970371246338,12.0,2025-09-21
2025_2518,0.8272300362586975,0.2995528876781463,0.6208178400993347,5.0,2025-09-21
2025_2519,0.6315902471542358,0.2055782526731491,0.4636195302009582,2.0,2025-09-21
2025_2521,0.7926636338233948,0.293790340423584,0.6182838082313538,6.0,2025-09-21
2025_2523,0.8228021860122681,0.3552267849445343,0.6642106771469116,3.0,2025-09-21
2025_2524,0.7488435506820679,0.3129266500473022,0.5740148425102234,4.0,2025-09-21
2025_2525,0.832339346408844,0.3663587272167206,0.6607098579406738,2.0,2025-09-21
2025_2526,0.6055986285209656,0.2495334893465042,0.4550396502017975,5.0,2025-09-21
2025_2527,0.7862705588340759,0.2551668286323547,0.5577015280723572,8.0,2025-09-21
2025_2528,0.7258507013320923,0.2200168520212173,0.5130613446235657,8.0,2025-09-21
2025_2529,0.8781583905220032,0.3319052755832672,0.6523645520210266,10.0,2025-09-21
2025_2530,0.8804497122764587,0.3054485321044922,0.6220460534095764,10.0,2025-09-21
2025_2532,0.6721407175064087,0.2706167995929718,0.52472323179245,4.0,2025-09-21
2025_1,0.8811612725257874,0.3434995114803314,0.665077269077301,8.0,2025-10-12
2025_2,0.8971061110496521,0.398450642824173,0.7051334381103516,7.0,2025-10-12
2025_3,0.6352788805961609,0.0426728427410125,0.3105295598506927,9.0,2025-10-12
2025_5,0.7383204698562622,0.1308990865945816,0.3889457881450653,10.0,2025-10-12
2025_6,0.8893139362335205,0.3130956590175628,0.6265559792518616,9.0,2025-10-12
2025_7,0.8879926204681396,0.3418509364128113,0.6566236019134521,9.0,2025-10-12
2025_1767,0.7900444269180298,0.2145801335573196,0.4329207837581634,12.0,2025-10-16
2025_1768,0.8558997511863708,0.2864883840084076,0.5931830406188965,7.0,2025-10-16
2025_1769,0.8840870261192322,0.2895967960357666,0.6177974939346313,8.0,2025-10-16
2025_1770,0.910916268825531,0.3855520784854889,0.6797922253608704,8.0,2025-10-16
2025_1772,0.8938203454017639,0.3653410971164703,0.6774578094482422,9.0,2025-10-16
2025_1773,0.9005159735679626,0.3697657883167267,0.6758755445480347,11.0,2025-10-16
2025_1777,0.8802057504653931,0.3704663515090942,0.6760947108268738,8.0,2025-10-16
