uid,NDVI,NDMI,NBR,n_obs,before
bg_12233,,,,,2018-03-12
bg_18248,,,,,2018-03-12
bg_23417,,,,,2018-03-12
bg_45587,,,,,2018-03-12
bg_4412,,,,,2018-05-26
bg_7696,,,,,2018-05-26
bg_8689,,,,,2018-05-26
bg_10969,,,,,2018-05-26
bg_11006,,,,,2018-05-26
bg_13250,,,,,2018-05-26
bg_13637,,,,,2018-05-26
bg_17753,,,,,2018-05-26
bg_18920,,,,,2018-05-26
bg_20184,,,,,2018-05-26
bg_20949,,,,,2018-05-26
bg_21721,,,,,2018-05-26
bg_25146,,,,,2018-05-26
bg_25533,,,,,2018-05-26
bg_30460,,,,,2018-05-26
bg_32424,,,,,2018-05-26
bg_36606,,,,,2018-05-26
bg_37879,,,,,2018-05-26
bg_38001,,,,,2018-05-26
bg_43281,,,,,2018-05-26
bg_43924,,,,,2018-05-26
bg_49585,,,,,2018-05-26
bg_49708,,,,,2018-05-26
bg_24598,,,,,2018-05-31
bg_44135,,,,,2018-05-31
bg_27575,0.8715658783912659,0.2226355820894241,0.5425230860710144,2.0,2018-06-25
bg_38157,,,,,2018-07-10
bg_77,0.8972087502479553,0.3033747673034668,0.6201874613761902,2.0,2018-07-25
bg_6233,0.7528827786445618,0.1584179401397705,0.4588069319725036,2.0,2018-07-25
bg_11985,0.5647113919258118,0.0861974209547042,0.3468104302883148,2.0,2018-07-25
bg_14501,0.8695636987686157,0.2239707559347152,0.5483763217926025,2.0,2018-07-25
bg_15165,,,,,2018-07-25
bg_15959,,,,,2018-07-25
bg_16408,0.8951718807220459,0.376503974199295,0.6438656449317932,2.0,2018-07-25
bg_19758,0.903401494026184,0.2999110221862793,0.6151030659675598,2.0,2018-07-25
bg_23454,0.6813287734985352,0.1708220541477203,0.4708566665649414,2.0,2018-07-25
bg_24260,,,,,2018-07-25
bg_24375,,,,,2018-07-25
bg_25729,0.4156050980091095,0.0158656165003776,0.2029016762971878,2.0,2018-07-25
bg_26338,0.7601863145828247,0.2441896945238113,0.5547046065330505,2.0,2018-07-25
bg_28643,0.8628144264221191,0.2303654849529266,0.5263768434524536,2.0,2018-07-25
bg_31907,0.8594550490379333,0.2809813320636749,0.5514201521873474,2.0,2018-07-25
bg_33308,,,,,2018-07-25
bg_37770,,,,,2018-07-25
bg_40573,,,,,2018-07-25
bg_47077,,,,,2018-07-25
bg_49162,0.7922068238258362,0.2678367495536804,0.5594728589057922,2.0,2018-07-25
bg_495,0.8512396812438965,0.347368448972702,0.6730906367301941,3.0,2018-07-30
bg_542,0.9061843752861024,0.38722825050354,0.6921483278274536,1.0,2018-07-30
bg_550,0.8676607608795166,0.3048998713493347,0.6060909628868103,3.0,2018-07-30
bg_1612,0.7546615600585938,0.2480862587690353,0.522917628288269,2.0,2018-07-30
bg_2332,0.8747107982635498,0.3861463963985443,0.6918671131134033,2.0,2018-07-30
bg_2471,0.8901322484016418,0.4075757563114166,0.7231625318527222,1.0,2018-07-30
bg_3443,0.8311722874641418,0.2278145551681518,0.5360397696495056,3.0,2018-07-30
bg_3581,,,,,2018-07-30
bg_4169,0.8795353770256042,0.3975071907043457,0.7238048315048218,2.0,2018-07-30
bg_4394,0.6743555068969727,0.2267926037311554,0.4707985818386078,1.0,2018-07-30
bg_4612,0.9253150820732116,0.3294354379177093,0.6447842717170715,2.0,2018-07-30
bg_5172,0.3582982420921325,0.0737431943416595,0.1440835893154144,1.0,2018-07-30
bg_5695,,,,,2018-07-30
bg_6994,0.7996464371681213,0.2228228449821472,0.540090799331665,3.0,2018-07-30
bg_7255,0.8911929726600647,0.3561931550502777,0.6855838298797607,3.0,2018-07-30
bg_7754,0.8351966142654419,0.2242439687252044,0.4885806739330292,2.0,2018-07-30
bg_8229,0.6466290354728699,0.1798795908689499,0.4257103204727173,2.0,2018-07-30
bg_8332,0.490893691778183,0.2092064619064331,0.4184968769550323,3.0,2018-07-30
bg_9263,0.8929188251495361,0.356435626745224,0.6822716593742371,1.0,2018-07-30
bg_9739,0.3187706768512726,-0.0242423973977565,0.1780984848737716,2.0,2018-07-30
bg_10507,0.8411867618560791,0.3051749169826507,0.6402245759963989,3.0,2018-07-30
bg_10597,0.8113207817077637,0.2711022794246673,0.55402672290802,3.0,2018-07-30
bg_11695,,,,,2018-07-30
bg_11850,0.8567748665809631,0.3118875622749328,0.6372865438461304,3.0,2018-07-30
bg_12526,0.802187979221344,0.3187387883663177,0.615587592124939,3.0,2018-07-30
bg_12528,0.7408226132392883,0.3324590027332306,0.6187538504600525,3.0,2018-07-30
bg_12854,0.8307393193244934,0.2916952669620514,0.5772051215171814,3.0,2018-07-30
bg_14266,0.7666717171669006,0.2994244992733001,0.5772662162780762,2.0,2018-07-30
bg_14574,0.8460192680358887,0.2663165628910064,0.5681902766227722,1.0,2018-07-30
bg_15340,,,,,2018-07-30
bg_15659,0.7510999441146851,0.1003159657120704,0.4107969105243683,3.0,2018-07-30
bg_16706,0.8838504552841187,0.364841490983963,0.6850094795227051,1.0,2018-07-30
bg_16826,0.7421442866325378,0.3170595467090606,0.550064206123352,2.0,2018-07-30
bg_17961,0.8551763296127319,0.4144896566867828,0.6822365522384644,2.0,2018-07-30
bg_18548,0.778555691242218,0.3396551012992859,0.6152200698852539,2.0,2018-07-30
bg_20611,0.853628933429718,0.2880354523658752,0.5962343215942383,1.0,2018-07-30
bg_21323,0.8346810340881348,0.2493117153644561,0.5614604949951172,3.0,2018-07-30
bg_21381,0.869479238986969,0.3233784437179565,0.6277801990509033,1.0,2018-07-30
bg_21516,0.8355679512023926,0.2328966706991195,0.5347678661346436,3.0,2018-07-30
bg_21892,,,,,2018-07-30
bg_22262,0.8368279337882996,0.3499288558959961,0.6315983533859253,3.0,2018-07-30
bg_22486,0.8204081654548645,0.3232458233833313,0.6268466114997864,3.0,2018-07-30
bg_22702,0.613627552986145,0.1205364689230918,0.3648564517498016,2.0,2018-07-30
bg_22736,0.7752221822738647,0.2072520405054092,0.5110122561454773,3.0,2018-07-30
bg_23303,0.8522167205810547,0.2632395625114441,0.5851995944976807,3.0,2018-07-30
bg_23911,,,,,2018-07-30
bg_24227,0.8694281578063965,0.3003754615783691,0.6180649995803833,3.0,2018-07-30
bg_25106,0.8870491981506348,0.3246234059333801,0.6317586302757263,2.0,2018-07-30
bg_25586,0.8925831317901611,0.303849309682846,0.6214564442634583,3.0,2018-07-30
bg_26793,,,,,2018-07-30
bg_27502,0.5087814331054688,-0.1675402224063873,0.053432572633028,2.0,2018-07-30
bg_27600,0.8854942321777344,0.3627760112285614,0.6721311211585999,1.0,2018-07-30
bg_27624,0.8471440076828003,0.2587719261646271,0.5764994025230408,3.0,2018-07-30
bg_28987,0.8877455592155457,0.3629428744316101,0.6722129583358765,3.0,2018-07-30
bg_29027,0.8485260605812073,0.3289859592914581,0.6310524344444275,3.0,2018-07-30
bg_29352,0.5559150576591492,0.0222309846431016,0.2837286293506622,2.0,2018-07-30
bg_29855,0.7306802272796631,0.3307240903377533,0.6306954622268677,3.0,2018-07-30
bg_31233,0.8714946508407593,0.3284625113010406,0.659932553768158,2.0,2018-07-30
bg_31633,0.8580324053764343,0.2928943037986755,0.6355165839195251,1.0,2018-07-30
bg_32841,0.7682750821113586,0.1519050151109695,0.4143748581409454,3.0,2018-07-30
bg_33175,0.8763832449913025,0.3504273593425751,0.6735676527023315,1.0,2018-07-30
bg_35138,0.8112772703170776,0.1677508950233459,0.4851045310497284,2.0,2018-07-30
bg_35180,0.7879282236099243,0.1464435011148452,0.4613558650016784,3.0,2018-07-30
bg_35226,0.8938072323799133,0.3694105446338653,0.6904998421669006,2.0,2018-07-30
bg_35878,0.8384268879890442,0.3074979186058044,0.6146483421325684,1.0,2018-07-30
bg_35962,0.7804659008979797,0.3147780299186706,0.5151336789131165,2.0,2018-07-30
bg_36450,0.8854886293411255,0.3324032127857208,0.6558300852775574,1.0,2018-07-30
bg_37127,,,,,2018-07-30
bg_37702,0.8791238069534302,0.3671275079250335,0.7123616933822632,1.0,2018-07-30
bg_38252,0.871921181678772,0.2296257019042968,0.5576225519180298,3.0,2018-07-30
bg_38558,0.8513088822364807,0.3120593428611755,0.5995174646377563,1.0,2018-07-30
bg_38690,,,,,2018-07-30
bg_39093,0.8787878751754761,0.3793554902076721,0.6736800670623779,1.0,2018-07-30
bg_39465,,,,,2018-07-30
bg_39737,0.8801937103271484,0.3185349702835083,0.6526779532432556,3.0,2018-07-30
bg_40176,0.7951030731201172,0.2626331448554992,0.5678109526634216,3.0,2018-07-30
bg_40223,,,,,2018-07-30
bg_40770,0.6884502172470093,0.1948694586753845,0.4535797536373138,2.0,2018-07-30
bg_41001,0.8839048147201538,0.2861907482147217,0.6071509122848511,2.0,2018-07-30
bg_41034,0.5961538553237915,0.2138939499855041,0.4932533502578735,3.0,2018-07-30
bg_43818,0.3722627460956573,0.0318331345915794,0.1775759309530258,1.0,2018-07-30
bg_44681,0.7696737051010132,0.1670886278152465,0.4392195343971252,3.0,2018-07-30
bg_45784,0.8107632994651794,0.2391608357429504,0.575577974319458,3.0,2018-07-30
bg_46279,0.9260067343711852,0.3483069539070129,0.6693785190582275,2.0,2018-07-30
bg_47404,0.8525073528289795,0.3133496046066284,0.6143959164619446,1.0,2018-07-30
bg_48118,0.8574297428131104,0.4145884215831756,0.7098821401596069,3.0,2018-07-30
bg_307,,,,,2018-09-03
bg_1950,,,,,2018-09-03
bg_3585,,,,,2018-09-03
bg_12830,,,,,2018-09-03
bg_16901,0.7630794048309326,0.2113987654447555,0.5055555701255798,1.0,2018-09-03
bg_17878,,,,,2018-09-03
bg_19483,,,,,2018-09-03
bg_20737,,,,,2018-09-03
bg_23333,,,,,2018-09-03
bg_24061,0.8973977565765381,0.3732735514640808,0.6782113313674927,1.0,2018-09-03
bg_30071,0.8362338542938232,0.3670902550220489,0.6728368997573853,2.0,2018-09-03
bg_30533,0.780074954032898,0.3295213580131531,0.6378006339073181,2.0,2018-09-03
bg_30564,,,,,2018-09-03
bg_30747,,,,,2018-09-03
bg_30999,,,,,2018-09-03
bg_31910,,,,,2018-09-03
bg_35749,,,,,2018-09-03
bg_47795,,,,,2018-09-03
bg_48423,0.7582521438598633,0.2968451976776123,0.5962681174278259,2.0,2018-09-03
bg_1307,0.889644980430603,0.1672268807888031,0.5400393009185791,14.0,2019-02-08
bg_11653,0.951772391796112,0.3008043766021728,0.6390323042869568,18.0,2019-02-08
bg_13388,0.8668707013130188,0.3672346174716949,0.6199461221694946,9.0,2019-02-08
bg_20041,0.8905472755432129,0.1415730416774749,0.4926624596118927,9.0,2019-02-08
bg_21585,0.7297428846359253,-0.0111556919291615,0.2753277420997619,16.0,2019-02-08
bg_21703,0.935793161392212,0.3378596007823944,0.6682582497596741,16.0,2019-02-08
bg_22753,0.626423716545105,0.0960055887699127,0.3918181657791137,13.0,2019-02-08
bg_24770,0.8378989100456238,0.357224553823471,0.6392157077789307,9.0,2019-02-08
bg_27108,0.8252252340316772,0.0738408714532852,0.4441878497600555,7.0,2019-02-08
bg_30790,0.8168701529502869,0.0730781257152557,0.4298739731311798,9.0,2019-02-08
bg_30982,0.8889814019203186,-0.039810474961996,0.2098224312067031,8.0,2019-02-08
bg_34009,0.5959365963935852,-0.0097117815166711,0.3143856227397918,16.0,2019-02-08
bg_34159,0.5407572388648987,0.0848308429121971,0.3067875802516937,14.0,2019-02-08
bg_36640,0.5002912282943726,0.2131514251232147,0.4994179308414459,9.0,2019-02-08
bg_37196,0.8640776872634888,0.2379603236913681,0.578000009059906,13.0,2019-02-08
bg_38120,0.8589211702346802,0.2088920027017593,0.5342137217521667,13.0,2019-02-08
bg_47906,0.5790408253669739,0.0032728146761655,0.2758229076862335,17.0,2019-02-08
bg_10188,0.8514211177825928,0.3650729656219482,0.6459546089172363,6.0,2019-02-21
bg_11082,0.8597534894943237,0.5061091184616089,0.7627586126327515,7.0,2019-02-21
bg_12450,0.8715953230857849,0.4051358699798584,0.6892010569572449,7.0,2019-02-21
bg_29202,0.6507505178451538,0.3812953233718872,0.6121570467948914,8.0,2019-02-21
bg_44679,0.8353376388549805,0.4184093177318573,0.7199826836585999,7.0,2019-02-21
bg_13881,0.2011667340993881,-0.080889455974102,0.0052079325541853,8.0,2019-03-27
bg_16200,0.7974481582641602,0.234042540192604,0.5061224102973938,7.0,2019-03-27
bg_26920,0.8262618780136108,0.2750817537307739,0.5755755305290222,10.0,2019-03-27
bg_30228,0.8080194592475891,0.1790808290243148,0.5403726696968079,7.0,2019-03-27
bg_42042,0.8519999980926514,0.3472356796264648,0.6442734599113464,7.0,2019-03-27
bg_44134,0.7278033494949341,0.1716666519641876,0.4772786796092987,7.0,2019-03-27
bg_13676,0.7517635226249695,0.132397711277008,0.3587284088134765,16.0,2019-04-11
bg_17685,0.8416159152984619,0.2904530763626098,0.6044828295707703,17.0,2019-04-11
bg_940,0.5845057368278503,0.0483352802693843,0.3198692202568054,16.0,2019-04-26
bg_991,0.8211318850517273,0.3025995790958404,0.5956775546073914,8.0,2019-04-26
bg_2527,0.7589669823646545,0.2327143549919128,0.5061549544334412,7.0,2019-04-26
bg_3055,0.7902432680130005,0.2961393892765045,0.5826538801193237,18.0,2019-04-26
bg_4141,0.8274295926094055,0.2670598030090332,0.5770235061645508,21.0,2019-04-26
bg_4536,0.8432368040084839,0.321965605020523,0.615963876247406,9.0,2019-04-26
bg_6859,0.7690351009368896,0.1172192618250846,0.3974188268184662,20.0,2019-04-26
bg_7000,0.8482276797294617,0.2811347246170044,0.6067598462104797,19.0,2019-04-26
bg_7273,0.5721625089645386,0.1496883332729339,0.4006445407867431,4.0,2019-04-26
bg_7770,0.350741982460022,-0.23378387093544,-0.0442458651959896,20.0,2019-04-26
bg_8996,0.7504636645317078,0.208893671631813,0.5031890273094177,8.0,2019-04-26
bg_9079,0.8371681571006775,0.3218719959259033,0.6199765801429749,9.0,2019-04-26
bg_10519,0.7066930532455444,0.0650255605578422,0.3545159697532654,20.0,2019-04-26
bg_10667,0.7374444007873535,0.1432761996984481,0.392619639635086,20.0,2019-04-26
bg_10788,0.8495243787765503,0.3710937798023224,0.6354261636734009,7.0,2019-04-26
bg_10830,0.6767955422401428,0.1097825691103935,0.4166307151317596,4.0,2019-04-26
bg_10927,0.7003822326660156,0.054252702742815,0.3539634943008423,10.0,2019-04-26
bg_10975,0.7980997562408447,0.2788344919681549,0.5792104005813599,5.0,2019-04-26
bg_11875,0.7417375445365906,0.190028503537178,0.4936694204807281,18.0,2019-04-26
bg_12194,0.8350391387939453,0.2430219501256942,0.5799326300621033,9.0,2019-04-26
bg_12709,0.7939578890800476,0.2239225953817367,0.4840523302555084,18.0,2019-04-26
bg_12798,0.7148148417472839,0.2771660983562469,0.5952167510986328,7.0,2019-04-26
bg_15014,0.7595248222351074,0.2289109975099563,0.4856052100658417,22.0,2019-04-26
bg_16969,0.7645400762557983,0.2413126677274704,0.5490469932556152,6.0,2019-04-26
bg_18094,0.8654124140739441,0.314156711101532,0.6465436220169067,18.0,2019-04-26
bg_21473,0.8414918780326843,0.3655822575092315,0.6607581973075867,18.0,2019-04-26
bg_22310,0.8171906471252441,0.3426423072814941,0.6401509046554565,9.0,2019-04-26
bg_23592,0.7625325918197632,0.3355483710765838,0.6335172653198242,4.0,2019-04-26
bg_23949,0.9011144638061525,0.4082222282886505,0.7102640867233276,8.0,2019-04-26
bg_25036,0.687329113483429,0.2611339092254638,0.5121207237243652,11.0,2019-04-26
bg_25562,0.7883925437927246,0.347186416387558,0.6261793375015259,18.0,2019-04-26
bg_25770,0.7964031100273132,0.1995391845703125,0.5187638998031616,16.0,2019-04-26
bg_27000,0.7672287821769714,0.2379421591758728,0.5063889622688293,6.0,2019-04-26
bg_28543,0.7608022093772888,0.2466557919979095,0.5438849329948425,16.0,2019-04-26
bg_29639,0.799411952495575,0.2433648258447647,0.5310002565383911,9.0,2019-04-26
bg_30128,0.7680757641792297,0.131599873304367,0.4196737706661224,18.0,2019-04-26
bg_32629,0.7386877536773682,0.1972437500953674,0.4946236610412597,11.0,2019-04-26
bg_32668,0.7941420078277588,0.2277290672063827,0.5330867767333984,20.0,2019-04-26
bg_34049,0.8089271783828735,0.2973883748054504,0.5827338099479675,7.0,2019-04-26
bg_35057,0.7567254304885864,0.1919938772916793,0.4833746552467346,8.0,2019-04-26
bg_36769,0.8150424361228943,0.2870920300483703,0.6133221983909607,4.0,2019-04-26
bg_36936,0.86690753698349,0.3216798305511474,0.6442199945449829,7.0,2019-04-26
bg_37777,0.7450442314147949,0.1467559188604354,0.3976229727268219,20.0,2019-04-26
bg_38499,0.8640776872634888,0.3274948000907898,0.6438356041908264,7.0,2019-04-26
bg_39215,0.8508310914039612,0.3773360252380371,0.6719490885734558,20.0,2019-04-26
bg_39387,0.8618165850639343,0.3742044270038605,0.6763071417808533,10.0,2019-04-26
bg_39453,0.8090100884437561,0.3461896479129791,0.6401861310005188,4.0,2019-04-26
bg_39671,0.8666850328445435,0.3654892444610595,0.6198925971984863,20.0,2019-04-26
bg_45280,0.6351645588874817,0.1626399755477905,0.4250343739986419,4.0,2019-04-26
bg_48575,0.4816489517688751,0.0619687214493751,0.2904675006866455,22.0,2019-04-26
bg_49668,0.8288361430168152,0.2610836923122406,0.563297688961029,18.0,2019-04-26
bg_4062,0.8072176575660706,0.3915032148361206,0.6623730659484863,2.0,2019-06-20
bg_10711,0.7963438034057617,0.3590019345283508,0.6218361258506775,4.0,2019-06-20
bg_29582,0.7762085795402527,0.3260340392589569,0.6236345767974854,1.0,2019-06-20
bg_312,0.7265664339065552,0.3120113611221313,0.5530152916908264,8.0,2019-07-15
bg_722,0.8422933220863342,0.2888938784599304,0.6109737157821655,2.0,2019-07-15
bg_1402,0.7803278565406799,0.2543859481811523,0.598137378692627,7.0,2019-07-15
bg_1611,0.8874185085296631,0.3564054071903229,0.6763818860054016,7.0,2019-07-15
bg_2404,0.8751562833786011,0.2745645046234131,0.6055039167404175,12.0,2019-07-15
bg_3018,0.8048107624053955,0.3006131649017334,0.5642035603523254,12.0,2019-07-15
bg_3453,0.8439699411392212,0.314984381198883,0.6179645657539368,10.0,2019-07-15
bg_6556,0.8650875687599182,0.3412444293498993,0.6387078166007996,8.0,2019-07-15
bg_6917,0.7395833134651184,0.2529384791851043,0.5401844382286072,5.0,2019-07-15
bg_6954,0.7342857122421265,0.3054007291793823,0.6121528744697571,7.0,2019-07-15
bg_7333,0.8541854023933411,0.3165042400360107,0.6536223292350769,7.0,2019-07-15
bg_7588,0.8369359374046326,0.3060793876647949,0.6070095896720886,7.0,2019-07-15
bg_7911,0.8612829446792603,0.3224132359027862,0.6344462037086487,4.0,2019-07-15
bg_9251,0.5133410692214966,0.270222008228302,0.5181165337562561,10.0,2019-07-15
bg_10272,0.861469566822052,0.3028847277164459,0.6212074160575867,8.0,2019-07-15
bg_10896,0.8450900912284851,0.2737404108047485,0.5881337523460388,6.0,2019-07-15
bg_12493,0.7625457644462585,0.2149607241153717,0.4833969473838806,10.0,2019-07-15
bg_12670,0.8642517328262329,0.3285188674926758,0.6480638384819031,8.0,2019-07-15
bg_13753,0.8463680744171143,0.2928336560726166,0.6136550307273865,13.0,2019-07-15
bg_15417,0.8628972768783569,0.3166075348854065,0.6236463785171509,10.0,2019-07-15
bg_15656,0.8179388642311096,0.2741512954235077,0.5826752185821533,12.0,2019-07-15
bg_16397,0.7696850299835205,0.2337786257266998,0.5556302666664124,7.0,2019-07-15
bg_16777,0.7990536689758301,0.3044623136520386,0.5861290097236633,6.0,2019-07-15
bg_18927,0.8390631079673767,0.3156220614910126,0.5934107303619385,5.0,2019-07-15
bg_20165,0.6038492918014526,0.1889958679676056,0.4311968982219696,12.0,2019-07-15
bg_20645,0.83008873462677,0.3118155896663666,0.6253888010978699,6.0,2019-07-15
bg_21982,0.7001471519470215,0.2262028604745865,0.4878706634044647,12.0,2019-07-15
bg_23344,0.8383432626724243,0.3232254683971405,0.6573085188865662,12.0,2019-07-15
bg_25903,0.8239515423774719,0.2831088006496429,0.5825499892234802,12.0,2019-07-15
bg_26189,0.8740553855895996,0.3337010443210602,0.6592897772789001,5.0,2019-07-15
bg_27072,0.825951337814331,0.2229571938514709,0.5594145655632019,9.0,2019-07-15
bg_27309,0.241632267832756,-0.0729202404618263,0.0862414687871933,5.0,2019-07-15
bg_27904,0.8245718479156494,0.3235460519790649,0.6230650544166565,14.0,2019-07-15
bg_28307,0.8623372316360474,0.327968567609787,0.6535254716873169,6.0,2019-07-15
bg_28898,0.8536900877952576,0.3113190829753876,0.6105191707611084,6.0,2019-07-15
bg_29255,0.8212290406227112,0.3224065005779266,0.6192572712898254,8.0,2019-07-15
bg_29810,0.6417121887207031,0.2683277130126953,0.5295549631118774,4.0,2019-07-15
bg_31756,0.7404105067253113,0.2403890341520309,0.5399690270423889,14.0,2019-07-15
bg_32024,0.7391281127929688,0.2657862603664398,0.5532898306846619,12.0,2019-07-15
bg_32188,0.8234767317771912,0.2800754904747009,0.586891770362854,7.0,2019-07-15
bg_32480,0.8447734117507935,0.3047754764556885,0.6246542930603027,7.0,2019-07-15
bg_33010,0.6811336278915405,0.2637865543365478,0.4931791424751282,4.0,2019-07-15
bg_33565,0.7933868765830994,0.3393163383007049,0.6199442744255066,6.0,2019-07-15
bg_34022,0.839202344417572,0.3196073472499847,0.6186578869819641,12.0,2019-07-15
bg_34451,0.8518421053886414,0.2844723463058471,0.594182014465332,6.0,2019-07-15
bg_34610,0.7691310048103333,0.1737211048603058,0.5426136255264282,9.0,2019-07-15
bg_34795,0.7400598526000977,0.2494092434644699,0.5364288687705994,3.0,2019-07-15
bg_36556,0.8568925857543945,0.3210786581039428,0.6135890483856201,12.0,2019-07-15
bg_37054,0.8310804963111877,0.3531793355941772,0.6533877849578857,12.0,2019-07-15
bg_37954,0.8627145290374756,0.2831356227397918,0.6295238137245178,7.0,2019-07-15
bg_38941,0.8602842092514038,0.3532951176166534,0.6583530902862549,10.0,2019-07-15
bg_40288,0.817338228225708,0.3060045540332794,0.6251780986785889,12.0,2019-07-15
bg_41172,0.8878334760665894,0.3986818194389343,0.7007845044136047,10.0,2019-07-15
bg_43687,0.8440007567405701,0.3128800392150879,0.6428210735321045,7.0,2019-07-15
bg_43973,0.5628779530525208,0.2917492985725403,0.5402244329452515,6.0,2019-07-15
bg_44852,0.676397979259491,0.3325462341308594,0.6242468357086182,6.0,2019-07-15
bg_44877,0.737876296043396,0.1923637986183166,0.4629493355751037,12.0,2019-07-15
bg_45375,0.8596353530883789,0.3802701830863952,0.6900147795677185,10.0,2019-07-15
bg_46679,0.7656728625297546,0.2923686504364013,0.5690972208976746,6.0,2019-07-15
bg_46844,0.8350551724433899,0.2988430857658386,0.6064308881759644,7.0,2019-07-15
bg_46896,0.5107368230819702,0.1930847615003585,0.3758288621902466,9.0,2019-07-15
bg_47192,0.8206447958946228,0.3068529069423675,0.6227642297744751,3.0,2019-07-15
bg_48001,0.8336222171783447,0.2963360548019409,0.6137404441833496,7.0,2019-07-15
bg_49381,0.6531033515930176,0.2262773811817169,0.470313549041748,11.0,2019-07-15
bg_6290,0.8200803399085999,0.3184184432029724,0.6159558296203613,36.0,2020-03-26
bg_11070,0.8754218816757202,0.3298588395118713,0.6467300057411194,35.0,2020-03-26
bg_16027,0.9891107082366944,0.0916666686534881,0.3905683159828186,31.0,2020-03-26
bg_18982,0.861561119556427,0.2567567527294159,0.5339568853378296,35.0,2020-03-26
bg_23081,0.8527140021324158,0.2219815701246261,0.5712901949882507,36.0,2020-03-26
bg_23833,0.8855068683624268,0.072499006986618,0.4370860755443573,33.0,2020-03-26
bg_24637,0.8693137168884277,0.2531937658786773,0.5854660868644714,28.0,2020-03-26
bg_27105,0.8108870387077332,0.2378163188695907,0.554542601108551,36.0,2020-03-26
bg_31593,0.878900408744812,0.3623104095458984,0.6465321183204651,40.0,2020-03-26
bg_40049,0.9086900353431702,0.4067062139511108,0.7114929556846619,36.0,2020-03-26
bg_48398,0.8515008091926575,0.2879580855369568,0.5888051390647888,37.0,2020-03-26
bg_301,0.8624374866485596,0.3814751803874969,0.6808839440345764,18.0,2020-05-05
bg_840,0.8359792828559875,0.4238101840019226,0.690787136554718,20.0,2020-05-05
bg_3783,0.8535060286521912,0.3566845655441284,0.6616435647010803,34.0,2020-05-05
bg_4597,0.7990949749946594,0.320968896150589,0.5942330360412598,20.0,2020-05-05
bg_6389,0.835849940776825,0.35579913854599,0.6687615513801575,22.0,2020-05-05
bg_9716,0.8430197834968567,0.3160700798034668,0.6461748480796814,21.0,2020-05-05
bg_12651,0.8203965425491333,0.2817959189414978,0.5955836176872253,16.0,2020-05-05
bg_12937,0.8438034653663635,0.3999044001102447,0.7046247720718384,18.0,2020-05-05
bg_14438,0.7053107619285583,0.2511239349842071,0.5281115770339966,22.0,2020-05-05
bg_18186,0.7827260494232178,0.2957249879837036,0.5961422920227051,19.0,2020-05-05
bg_19873,0.7185558676719666,0.1639862656593322,0.4464280307292938,36.0,2020-05-05
bg_23214,0.80694979429245,0.2929292917251587,0.5925096869468689,19.0,2020-05-05
bg_25638,0.672958493232727,0.1987941861152649,0.418310135602951,36.0,2020-05-05
bg_38955,0.8479607105255127,0.2293395847082138,0.5353641510009766,40.0,2020-05-05
bg_47771,0.8228118419647217,0.3105773329734802,0.6003059148788452,18.0,2020-05-05
bg_5384,0.7864364385604858,0.2497956901788711,0.5517399311065674,18.0,2020-05-15
bg_12035,0.775017499923706,0.3259114921092987,0.5745577812194824,18.0,2020-05-15
bg_14132,0.7941659092903137,0.1596060693264007,0.5082930326461792,14.0,2020-05-15
bg_15743,0.822648286819458,0.3466513752937317,0.6326994299888611,17.0,2020-05-15
bg_18892,0.8049817681312561,0.238364964723587,0.5241871476173401,32.0,2020-05-15
bg_25295,0.8102862238883972,0.1951377242803573,0.51961350440979,16.0,2020-05-15
bg_25924,0.7332035303115845,0.1527508199214935,0.4378339946269989,27.0,2020-05-15
bg_40522,0.7942147254943848,0.192236840724945,0.4930919110774994,16.0,2020-05-15
bg_44858,0.7631161212921143,0.2097470015287399,0.5093388557434082,30.0,2020-05-15
bg_1069,0.6858256459236145,0.2286799252033233,0.5098762512207031,18.0,2021-05-15
bg_3539,0.7101597189903259,0.1805673986673355,0.4833849668502807,20.0,2021-05-15
bg_4556,0.7524187564849854,0.2270327359437942,0.521881103515625,17.0,2021-05-15
bg_6527,0.7450549602508545,0.2720566987991333,0.5861392617225647,20.0,2021-05-15
bg_7291,0.5684931874275208,0.0815635621547699,0.3167054653167724,20.0,2021-05-15
bg_8859,0.7549309730529785,0.2094011902809143,0.5242415070533752,20.0,2021-05-15
bg_9882,0.8502081036567688,0.3523145616054535,0.647637665271759,20.0,2021-05-15
bg_14129,0.8636595606803894,0.3596251606941223,0.6784443259239197,16.0,2021-05-15
bg_15064,0.5855973958969116,0.0694698542356491,0.3077753782272339,19.0,2021-05-15
bg_15092,0.5674448609352112,0.0315754860639572,0.2834881246089935,34.0,2021-05-15
bg_15582,0.7137910723686218,0.2372538149356842,0.5421352386474609,16.0,2021-05-15
bg_16928,0.7307753562927246,0.2173073589801788,0.5463765859603882,8.0,2021-05-15
bg_18636,0.5475671887397766,-0.0048250081017613,0.2447292655706405,24.0,2021-05-15
bg_18672,0.7312430143356323,0.29122194647789,0.590377926826477,16.0,2021-05-15
bg_19339,0.750325083732605,0.2416905015707016,0.5328629612922668,27.0,2021-05-15
bg_20192,0.7830113768577576,0.365955650806427,0.6311711072921753,18.0,2021-05-15
bg_21789,0.7235386967658997,0.2227221578359604,0.526194155216217,19.0,2021-05-15
bg_21794,0.6457369327545166,0.1689472496509552,0.4507220089435577,18.0,2021-05-15
bg_22970,0.587985098361969,0.0947413071990013,0.3681318163871765,20.0,2021-05-15
bg_26580,0.6463514566421509,0.1575091332197189,0.4601167142391205,21.0,2021-05-15
bg_28168,0.8040060997009277,0.3000540733337402,0.6113368272781372,20.0,2021-05-15
bg_28308,0.4769574105739593,0.0239119753241539,0.240714430809021,18.0,2021-05-15
bg_29450,0.7040630578994751,0.0939791649580001,0.4263381063938141,20.0,2021-05-15
bg_29969,0.6834065318107605,0.219638243317604,0.4834535121917724,19.0,2021-05-15
bg_32003,0.5048497319221497,0.0783812776207923,0.3313839137554168,16.0,2021-05-15
bg_32089,0.6310164332389832,0.1413536220788955,0.4429950714111328,22.0,2021-05-15
bg_32225,0.575828492641449,0.1086813583970069,0.4361720681190491,16.0,2021-05-15
bg_32236,0.736051082611084,0.1289162784814834,0.3926782310009002,17.0,2021-05-15
bg_33425,0.6309205889701843,0.0739369317889213,0.3368504047393799,16.0,2021-05-15
bg_34662,0.7133321762084961,0.1465260088443756,0.4420347511768341,20.0,2021-05-15
bg_35189,0.6544231176376343,0.0897834300994873,0.3593103587627411,32.0,2021-05-15
bg_38173,0.7499322295188904,0.1752412170171737,0.4617379307746887,24.0,2021-05-15
bg_38362,0.5719807744026184,0.123289480805397,0.3676718473434448,20.0,2021-05-15
bg_38445,0.7355847358703613,0.2683541476726532,0.5665799975395203,16.0,2021-05-15
bg_48937,0.1570614725351333,-0.1185223311185836,0.030640248209238,24.0,2021-05-15
bg_347,0.2806391417980194,-0.2406232953071594,-0.1534781008958816,4.0,2021-07-09
bg_369,0.8128806352615356,0.2163865119218826,0.522555947303772,16.0,2021-07-09
bg_433,0.6372944712638855,0.0625452548265457,0.3269387781620025,12.0,2021-07-09
bg_933,0.7728127837181091,0.204993650317192,0.5337843298912048,16.0,2021-07-09
bg_2021,0.794766366481781,0.2769526839256286,0.5062306523323059,16.0,2021-07-09
bg_2271,0.7745975255966187,0.2245654761791229,0.5534709095954895,9.0,2021-07-09
bg_3519,0.8240887522697449,0.3331380784511566,0.620841383934021,5.0,2021-07-09
bg_3617,0.6452569365501404,0.1087105572223663,0.334500789642334,16.0,2021-07-09
bg_3765,0.8099346160888672,0.312375545501709,0.5794984698295593,18.0,2021-07-09
bg_4019,0.7450820207595825,0.1632658988237381,0.4752323031425476,12.0,2021-07-09
bg_4234,0.8026899695396423,0.2808889746665954,0.5725182890892029,10.0,2021-07-09
bg_4259,0.7780968546867371,0.222614899277687,0.4856157302856445,14.0,2021-07-09
bg_4808,0.7949064373970032,0.2517901062965393,0.5342004895210266,8.0,2021-07-09
bg_5382,0.8436570167541504,0.3798510432243347,0.6674001812934875,15.0,2021-07-09
bg_7321,0.8069296479225159,0.1309420466423034,0.4338167607784271,12.0,2021-07-09
bg_7918,0.8287291526794434,0.2494660466909408,0.5725715160369873,10.0,2021-07-09
bg_8164,0.5591978430747986,0.0446218736469745,0.27806356549263,14.0,2021-07-09
bg_9102,0.7711097002029419,0.1749578267335891,0.4529663026332855,12.0,2021-07-09
bg_10135,0.667361319065094,0.1161597371101379,0.3523472249507904,10.0,2021-07-09
bg_10422,0.7328757047653198,0.1680662631988525,0.4434426724910736,14.0,2021-07-09
bg_10926,0.7119811773300171,0.245707556605339,0.5131601691246033,24.0,2021-07-09
bg_10962,0.8402945399284363,0.2396106421947479,0.5343897342681885,2.0,2021-07-09
bg_11223,0.6758103370666504,0.1488067209720611,0.4009110629558563,10.0,2021-07-09
bg_11781,0.8832004070281982,0.2999467253684997,0.6221261024475098,3.0,2021-07-09
bg_12115,0.7261452674865723,0.2336089164018631,0.5325789451599121,10.0,2021-07-09
bg_12168,0.8467952013015747,0.2885132431983948,0.6116416454315186,5.0,2021-07-09
bg_12411,0.7850489616394043,0.1747400164604187,0.4855872690677643,10.0,2021-07-09
bg_12735,0.8180432915687561,0.2247732132673263,0.5518049597740173,10.0,2021-07-09
bg_14407,0.8241109848022461,0.2404806911945343,0.5307512283325195,6.0,2021-07-09
bg_15688,0.8310009241104126,0.3027483224868774,0.5996257662773132,4.0,2021-07-09
bg_15697,0.8053213953971863,0.2268574237823486,0.5216867327690125,10.0,2021-07-09
bg_15737,0.6634113192558289,0.184323102235794,0.4678536057472229,21.0,2021-07-09
bg_16105,0.7357730269432068,0.1731733977794647,0.4525586068630218,14.0,2021-07-09
bg_16703,0.8504104614257812,0.235834464430809,0.5542783737182617,14.0,2021-07-09
bg_17038,0.8287662863731384,0.3427176475524902,0.6303444504737854,18.0,2021-07-09
bg_17252,0.7834323644638062,0.2937184870243072,0.5900058150291443,12.0,2021-07-09
bg_17315,0.7093834280967712,0.2993897199630737,0.5547794103622437,6.0,2021-07-09
bg_17380,0.8383426070213318,0.3222288191318512,0.5895326137542725,8.0,2021-07-09
bg_17666,0.8568538427352905,0.3613205850124359,0.6741217374801636,10.0,2021-07-09
bg_18700,0.8027330636978149,0.2120750695466995,0.5086155533790588,12.0,2021-07-09
bg_19310,0.7980599403381348,0.2361677438020706,0.554955005645752,12.0,2021-07-09
bg_19359,0.8473179936408997,0.379574567079544,0.6922644376754761,34.0,2021-07-09
bg_19482,0.7571351528167725,0.2045238018035888,0.5076152682304382,12.0,2021-07-09
bg_19732,0.6798791885375977,0.0873996540904045,0.354886382818222,12.0,2021-07-09
bg_19763,0.8060749173164368,0.1222592294216156,0.4331618249416351,4.0,2021-07-09
bg_20427,0.7560611963272095,0.2503892779350281,0.564994752407074,12.0,2021-07-09
bg_20689,0.6730616688728333,0.0342220850288867,0.3113087713718414,12.0,2021-07-09
bg_20695,0.7561195492744446,0.2171203345060348,0.5330002903938293,14.0,2021-07-09
bg_20910,0.7818531394004822,0.1979936510324478,0.4977572858333587,16.0,2021-07-09
bg_21153,0.4738777577877044,0.1412229388952255,0.2914277911186218,8.0,2021-07-09
bg_21180,0.7953890562057495,0.1787023246288299,0.4797535240650177,11.0,2021-07-09
bg_21341,0.8416789770126343,0.2691037058830261,0.5809885859489441,14.0,2021-07-09
bg_21577,0.5772395730018616,-0.1189212426543235,0.1477545499801635,10.0,2021-07-09
bg_21651,0.7997209429740906,0.2334556132555008,0.5086659789085388,10.0,2021-07-09
bg_22498,0.7556199431419373,0.1598864942789077,0.4492806196212768,12.0,2021-07-09
bg_22500,0.8018923997879028,0.284061074256897,0.6056624054908752,10.0,2021-07-09
bg_22530,0.7223414182662964,0.1957713812589645,0.4346618354320526,16.0,2021-07-09
bg_22603,0.6545498371124268,0.2531675994396209,0.5207412838935852,12.0,2021-07-09
bg_22733,0.8300283551216125,0.2665804326534271,0.5632184147834778,11.0,2021-07-09
bg_22972,0.6809530854225159,0.2146847546100616,0.4426612257957458,10.0,2021-07-09
bg_23409,0.5685791373252869,0.014070525765419,0.2286549806594848,14.0,2021-07-09
bg_23421,0.7966192960739136,0.216326966881752,0.5125119686126709,8.0,2021-07-09
bg_23524,0.6006194949150085,0.134534940123558,0.3585541248321533,14.0,2021-07-09
bg_23768,0.73983234167099,0.1018351316452026,0.3866565823554992,16.0,2021-07-09
bg_23785,0.8161298632621765,0.2534002065658569,0.5495051741600037,10.0,2021-07-09
bg_24102,0.7712194323539734,0.220095008611679,0.5277988314628601,12.0,2021-07-09
bg_25522,0.8022484183311462,0.1959966719150543,0.4649912118911743,6.0,2021-07-09
bg_26944,0.734417200088501,0.1943209916353225,0.5062305927276611,20.0,2021-07-09
bg_27296,0.742683470249176,0.1463721692562103,0.4275771081447601,10.0,2021-07-09
bg_27523,0.7782963514328003,0.2867442965507507,0.574922502040863,5.0,2021-07-09
bg_27633,0.7848622798919678,0.2281458079814911,0.5118955969810486,18.0,2021-07-09
bg_27640,0.8469958305358887,0.2715563476085663,0.5880982279777527,8.0,2021-07-09
bg_27651,0.6008007526397705,0.1462715864181518,0.4198380708694458,16.0,2021-07-09
bg_28118,0.7209904193878174,0.2306450456380844,0.5195112228393555,20.0,2021-07-09
bg_28369,0.6985533237457275,0.0926764383912086,0.3471156358718872,14.0,2021-07-09
bg_28641,0.8173020482063293,0.1951178461313247,0.5190994739532471,10.0,2021-07-09
bg_29128,0.7509437799453735,0.1858852952718734,0.4631454050540924,12.0,2021-07-09
bg_29196,0.7600968480110168,0.2338491082191467,0.5604062676429749,14.0,2021-07-09
bg_29234,0.8187119960784912,0.314335823059082,0.594495415687561,21.0,2021-07-09
bg_29634,0.7769373655319214,0.1741918921470642,0.4792962968349457,6.0,2021-07-09
bg_30168,0.8110334873199463,0.2216646075248718,0.5227227807044983,10.0,2021-07-09
bg_31281,0.7842336297035217,0.1475109308958053,0.4530913829803467,8.0,2021-07-09
bg_32235,0.8016210198402405,0.255569577217102,0.561274528503418,19.0,2021-07-09
bg_32364,0.7880412936210632,0.2519349157810211,0.5614020228385925,10.0,2021-07-09
bg_32509,0.6418092846870422,0.1130377501249313,0.3868090510368347,28.0,2021-07-09
bg_33424,0.569312334060669,0.0573487021028995,0.2732653319835663,28.0,2021-07-09
bg_33540,0.880450427532196,0.3659485280513763,0.6461088061332703,10.0,2021-07-09
bg_34083,0.7434872984886169,0.1543611884117126,0.4390091001987457,12.0,2021-07-09
bg_34262,0.8334055542945862,0.2383643090724945,0.535526692867279,10.0,2021-07-09
bg_34494,0.6874488592147827,0.1183611005544662,0.3614895939826965,12.0,2021-07-09
bg_34499,0.7947594523429871,0.2144059389829635,0.5011368989944458,12.0,2021-07-09
bg_34535,0.7209676504135132,0.1526200473308563,0.4047625660896301,12.0,2021-07-09
bg_34966,0.6953148245811462,0.1404286175966262,0.43667733669281,14.0,2021-07-09
bg_35331,0.6091644167900085,0.0942427814006805,0.3723767697811126,27.0,2021-07-09
bg_35882,0.5277564525604248,0.0258478429168462,0.2500000298023224,19.0,2021-07-09
bg_36846,0.7760657072067261,0.2065588533878326,0.5025529265403748,8.0,2021-07-09
bg_36940,0.2217894494533538,-0.126675397157669,-0.0328030698001384,10.0,2021-07-09
bg_39011,0.5982434153556824,0.1401522010564804,0.3700925409793854,18.0,2021-07-09
bg_39397,0.8869190216064453,0.3106089830398559,0.6252671480178833,3.0,2021-07-09
bg_40895,0.8146922588348389,0.1425010561943054,0.4558003544807434,13.0,2021-07-09
bg_41311,0.7930166721343994,0.2195708006620407,0.513421356678009,9.0,2021-07-09
bg_41423,0.8326708674430847,0.2855174541473388,0.6063115000724792,10.0,2021-07-09
bg_41964,0.8385498523712158,0.2413187772035598,0.4703035056591034,4.0,2021-07-09
bg_42019,0.7243638038635254,0.2045054733753204,0.4979207813739776,3.0,2021-07-09
bg_42084,0.5800245404243469,0.0694339573383331,0.3011824786663055,15.0,2021-07-09
bg_42677,0.780362069606781,0.248179018497467,0.5362420678138733,16.0,2021-07-09
bg_43603,0.8897914886474609,0.3058201968669891,0.6050168871879578,4.0,2021-07-09
bg_44010,0.827930212020874,0.3894804120063782,0.6807186007499695,10.0,2021-07-09
bg_44290,0.411862701177597,0.1360896676778793,0.2998105585575104,12.0,2021-07-09
bg_44614,0.5555607080459595,-0.0208764374256134,0.1641026735305786,8.0,2021-07-09
bg_45121,0.8492611050605774,0.371756911277771,0.6636750102043152,10.0,2021-07-09
bg_45407,0.7675172090530396,0.2486268579959869,0.4880546033382416,15.0,2021-07-09
bg_45644,0.8922927975654602,0.3786362707614898,0.6858281493186951,5.0,2021-07-09
bg_45824,0.7904485464096069,0.1683374345302581,0.4700066447257995,14.0,2021-07-09
bg_45981,0.7277300953865051,0.2559484243392944,0.5547270178794861,5.0,2021-07-09
bg_46044,0.6320531368255615,0.2119864076375961,0.4573146104812622,6.0,2021-07-09
bg_46461,0.8972275853157043,0.3055016100406647,0.6185345649719238,4.0,2021-07-09
bg_47172,0.7139073014259338,0.0602623932063579,0.3495612740516662,11.0,2021-07-09
bg_47343,0.8810526132583618,0.2498231530189514,0.5677148103713989,10.0,2021-07-09
bg_47554,0.6822239756584167,0.168576955795288,0.4354951679706573,12.0,2021-07-09
bg_47658,0.7297825217247009,0.1810014396905899,0.4682657122611999,14.0,2021-07-09
bg_48473,0.7343671917915344,0.3373191952705383,0.6065801978111267,7.0,2021-07-09
bg_48684,0.8184565305709839,0.3413454592227936,0.6354532837867737,20.0,2021-07-09
bg_48936,0.7881463766098022,0.1940040737390518,0.4722736775875091,12.0,2021-07-09
bg_49353,0.5139803290367126,0.0506954975426197,0.304980993270874,24.0,2021-07-09
bg_49373,0.7726553082466125,0.2016192376613617,0.4601301550865173,14.0,2021-07-09
bg_49869,0.8035096526145935,0.2339292913675308,0.5310656428337097,14.0,2021-07-09
bg_116,0.2170254439115524,0.0908424332737922,0.3142366409301758,6.0,2021-07-14
bg_154,0.8170706629753113,0.344597578048706,0.6512559056282043,5.0,2021-07-14
bg_157,0.6840972900390625,0.315112441778183,0.6317821741104126,6.0,2021-07-14
bg_161,0.8263722062110901,0.3143326938152313,0.6299065351486206,5.0,2021-07-14
bg_164,0.6787490248680115,0.2547879219055176,0.5320594906806946,6.0,2021-07-14
bg_167,0.7257833480834961,0.2204393297433853,0.4687290489673614,8.0,2021-07-14
bg_185,0.8824567794799805,0.3764611482620239,0.6633780598640442,20.0,2021-07-14
bg_314,0.3709630370140075,0.1290283799171447,0.382223516702652,7.0,2021-07-14
bg_422,0.6459776759147644,0.2350404262542724,0.4781107604503631,6.0,2021-07-14
bg_525,0.8262051343917847,0.3084118664264679,0.5943750739097595,6.0,2021-07-14
bg_586,0.4636431634426117,-0.0002133349480573088,0.2268833220005035,14.0,2021-07-14
bg_660,0.7629338502883911,0.2875348031520843,0.6095476150512695,6.0,2021-07-14
bg_721,0.7213941812515259,0.2102958709001541,0.5021026134490967,4.0,2021-07-14
bg_783,0.813451886177063,0.2679928243160248,0.5631802678108215,10.0,2021-07-14
bg_979,0.802344799041748,0.303685188293457,0.595614492893219,24.0,2021-07-14
bg_1030,0.7543666958808899,0.2097318023443222,0.5136532783508301,8.0,2021-07-14
bg_1032,0.6915901303291321,0.2177249491214752,0.4402208626270294,12.0,2021-07-14
bg_1131,0.7094493508338928,0.3563931882381439,0.5832506418228149,7.0,2021-07-14
bg_1376,0.8741061091423035,0.3587553799152374,0.671578049659729,6.0,2021-07-14
bg_1451,0.8442841172218323,0.3263387680053711,0.6472371220588684,6.0,2021-07-14
bg_1584,0.80780428647995,0.2568398714065552,0.534466028213501,7.0,2021-07-14
bg_1634,0.8561580777168274,0.2945232093334198,0.6311748623847961,6.0,2021-07-14
bg_1747,0.8501152992248535,0.3452025353908539,0.6616842746734619,6.0,2021-07-14
bg_1829,0.6253818869590759,0.2694796621799469,0.480229377746582,7.0,2021-07-14
bg_1840,0.7291904091835022,0.1389410346746444,0.4150024056434631,15.0,2021-07-14
bg_1871,0.8352059721946716,0.3138496577739715,0.6424604654312134,5.0,2021-07-14
bg_2066,0.9017746448516846,0.4292804002761841,0.7219730615615845,7.0,2021-07-14
bg_2121,0.6682114601135254,0.215069830417633,0.5326160192489624,20.0,2021-07-14
bg_2495,0.7044429779052734,0.2773497104644775,0.5704517364501953,8.0,2021-07-14
bg_2545,0.8973971009254456,0.3204259872436523,0.6381597518920898,6.0,2021-07-14
bg_2564,0.6357215642929077,0.0924283936619758,0.370926022529602,14.0,2021-07-14
bg_2628,0.6567297577857971,0.2846402525901794,0.5521984696388245,6.0,2021-07-14
bg_2653,0.7767902612686157,0.3828974664211273,0.6395277380943298,10.0,2021-07-14
bg_2784,0.7963838577270508,0.3080325424671173,0.6206470131874084,3.0,2021-07-14
bg_3023,0.882948100566864,0.3457322716712951,0.6807870864868164,4.0,2021-07-14
bg_3044,0.8187934160232544,0.2840203940868377,0.5948511958122253,18.0,2021-07-14
bg_3300,0.7996323704719543,0.3090423047542572,0.6316666603088379,5.0,2021-07-14
bg_3397,0.6610658764839172,0.3237914741039276,0.6218382120132446,12.0,2021-07-14
bg_3572,0.602920651435852,0.2108662724494934,0.4398924112319946,4.0,2021-07-14
bg_3696,0.8125782608985901,0.268791139125824,0.5915170907974243,6.0,2021-07-14
bg_3698,0.8319435715675354,0.2973955273628235,0.6332443952560425,5.0,2021-07-14
bg_3739,0.7977426052093506,0.2746683061122894,0.5458425283432007,6.0,2021-07-14
bg_3741,0.8439201712608337,0.3096979856491089,0.6310427188873291,5.0,2021-07-14
bg_3746,0.7844892144203186,0.3443034291267395,0.6372427344322205,12.0,2021-07-14
bg_3955,0.8222017288208008,0.3024761080741882,0.6092140078544617,13.0,2021-07-14
bg_4227,0.8310154676437378,0.3180461525917053,0.6380313634872437,6.0,2021-07-14
bg_4374,0.7649428844451904,0.3025222718715668,0.6117381453514099,13.0,2021-07-14
bg_4381,0.742583155632019,0.3277966380119324,0.6111962795257568,20.0,2021-07-14
bg_4421,0.8511343002319336,0.2683637738227844,0.5848312973976135,14.0,2021-07-14
bg_4453,0.7548604607582092,0.3153120279312134,0.6220788359642029,6.0,2021-07-14
bg_4507,0.9017313718795776,0.3139094710350036,0.6403617262840271,7.0,2021-07-14
bg_4608,0.7176216244697571,0.2324983924627304,0.5145853161811829,7.0,2021-07-14
bg_4746,0.3565854430198669,0.1270483136177063,0.2329353839159011,2.0,2021-07-14
bg_4889,0.8420513272285461,0.3309881091117859,0.636245846748352,8.0,2021-07-14
bg_4903,0.8159627914428711,0.3029428422451019,0.6001742482185364,8.0,2021-07-14
bg_4969,0.8494431972503662,0.2923287153244018,0.5982551574707031,7.0,2021-07-14
bg_5034,0.8123158812522888,0.1627331972122192,0.4701785445213318,8.0,2021-07-14
bg_5083,0.8455453515052795,0.252817690372467,0.5713182091712952,12.0,2021-07-14
bg_5116,0.5275177955627441,0.2478972226381302,0.4540270864963531,1.0,2021-07-14
bg_5142,0.8064596056938171,0.329851895570755,0.6200917363166809,12.0,2021-07-14
bg_5145,0.679469108581543,0.0891105532646179,0.3936175107955932,16.0,2021-07-14
bg_5218,0.2661667466163635,-0.0685933008790016,0.0567750968039035,16.0,2021-07-14
bg_5247,0.4631901979446411,-0.0096297562122344,0.2176008522510528,14.0,2021-07-14
bg_5303,0.533128023147583,0.088975116610527,0.365958958864212,20.0,2021-07-14
bg_5322,0.5953155159950256,0.279864639043808,0.485887199640274,6.0,2021-07-14
bg_5804,0.7290586233139038,0.2232368737459182,0.4828547835350036,2.0,2021-07-14
bg_5863,0.8552488684654236,0.3356282413005829,0.6574757099151611,5.0,2021-07-14
bg_6020,0.8723767995834351,0.2936663329601288,0.6440113186836243,4.0,2021-07-14
bg_6095,0.903868854045868,0.4099502861499786,0.7083274126052856,20.0,2021-07-14
bg_6165,0.8199133276939392,0.2849444448947906,0.5781769752502441,6.0,2021-07-14
bg_6187,0.482574313879013,-0.0276491325348615,0.1642625033855438,12.0,2021-07-14
bg_6256,0.6015331745147705,0.0798280388116836,0.3576551675796509,14.0,2021-07-14
bg_6418,0.7517327666282654,0.1681643575429916,0.4764631986618042,10.0,2021-07-14
bg_6464,0.8336708545684814,0.3880912959575653,0.6984671950340271,6.0,2021-07-14
bg_6568,0.7779690027236938,0.1961648911237716,0.5065629482269287,5.0,2021-07-14
bg_6643,0.8080416917800903,0.2085810899734497,0.5062217712402344,14.0,2021-07-14
bg_6705,0.8255457878112793,0.3748842477798462,0.6832783818244934,6.0,2021-07-14
bg_6805,0.8246593475341797,0.1679702252149582,0.4868538081645965,14.0,2021-07-14
bg_7213,0.7300754189491272,0.1356774866580963,0.403184026479721,6.0,2021-07-14
bg_7313,0.8466140031814575,0.3063769042491913,0.6156219840049744,10.0,2021-07-14
bg_7369,0.828724205493927,0.2591473460197449,0.5844038128852844,10.0,2021-07-14
bg_7419,0.8589509725570679,0.4047543406486511,0.688595712184906,10.0,2021-07-14
bg_7476,0.8544333577156067,0.3594048321247101,0.6780609488487244,6.0,2021-07-14
bg_7486,0.8297963738441467,0.2824519276618957,0.5997001528739929,7.0,2021-07-14
bg_7569,0.685367226600647,0.2590599656105041,0.5523201823234558,18.0,2021-07-14
bg_7600,0.7936862707138062,0.1096129566431045,0.4537085592746734,18.0,2021-07-14
bg_7620,0.7256282567977905,0.1979525238275528,0.5079113245010376,10.0,2021-07-14
bg_7862,0.761913001537323,0.2887548506259918,0.5660678744316101,6.0,2021-07-14
bg_8043,0.8740316033363342,0.3471909165382385,0.6668629050254822,6.0,2021-07-14
bg_8256,0.8675296902656555,0.3823059797286987,0.6821682453155518,5.0,2021-07-14
bg_8258,0.7858404517173767,0.2581595182418823,0.5983639359474182,20.0,2021-07-14
bg_8412,0.8932353854179382,0.3148300051689148,0.6480032801628113,5.0,2021-07-14
bg_8544,0.8541982173919678,0.3290593028068542,0.6626421213150024,4.0,2021-07-14
bg_8569,0.825421154499054,0.2586333453655243,0.581741988658905,5.0,2021-07-14
bg_8575,0.8422273993492126,0.3236750662326813,0.6566444635391235,5.0,2021-07-14
bg_8700,0.8372896909713745,0.2580574452877044,0.5819404721260071,6.0,2021-07-14
bg_8709,0.8309631943702698,0.2894966602325439,0.5936747193336487,6.0,2021-07-14
bg_8712,0.8333907127380371,0.2012262493371963,0.5322060585021973,10.0,2021-07-14
bg_8760,0.8172048330307007,0.3027035593986511,0.6297126412391663,4.0,2021-07-14
bg_8953,0.8467123508453369,0.393801212310791,0.6815428137779236,10.0,2021-07-14
bg_9159,0.825588583946228,0.2287311553955078,0.5907540917396545,6.0,2021-07-14
bg_9174,0.8815076351165771,0.3073545396327972,0.6459475755691528,4.0,2021-07-14
bg_9265,0.802563488483429,0.2795862853527069,0.5901862978935242,2.0,2021-07-14
bg_9422,0.865875780582428,0.3451866805553436,0.6690788269042969,6.0,2021-07-14
bg_9444,0.8563565015792847,0.3641628921031952,0.6501172780990601,10.0,2021-07-14
bg_9558,0.7753833532333374,0.3167358338832855,0.6219124794006348,7.0,2021-07-14
bg_9652,0.0765900239348411,-0.078972227871418,0.015925021842122,10.0,2021-07-14
bg_9689,0.8673169016838074,0.336540937423706,0.6530311107635498,4.0,2021-07-14
bg_9698,0.8384155035018921,0.3028005361557007,0.5910903811454773,8.0,2021-07-14
bg_9701,0.743081271648407,0.1917078495025634,0.5186433792114258,24.0,2021-07-14
bg_9715,0.7857661247253418,0.2526362836360931,0.5167179107666016,14.0,2021-07-14
bg_9768,0.8731852769851685,0.3302665054798126,0.6552817225456238,4.0,2021-07-14
bg_9919,0.7565100789070129,0.2873585522174835,0.5543413758277893,3.0,2021-07-14
bg_9959,0.7601808309555054,0.2288904339075088,0.556038498878479,12.0,2021-07-14
bg_10001,0.7468651533126831,0.1398797333240509,0.3936835825443268,14.0,2021-07-14
bg_10035,0.7891610860824585,0.299222320318222,0.6183854341506958,6.0,2021-07-14
bg_10093,0.8193535208702087,0.3468823730945587,0.6580832004547119,6.0,2021-07-14
bg_10111,0.818111002445221,0.2532031834125519,0.5245871543884277,13.0,2021-07-14
bg_10467,0.8433515429496765,0.3181987404823303,0.6193056106567383,7.0,2021-07-14
bg_10644,0.8207020163536072,0.1937304139137268,0.4927925765514374,15.0,2021-07-14
bg_10672,0.797275185585022,0.1092600375413894,0.3811862468719482,32.0,2021-07-14
bg_10866,0.8335151076316833,0.4118964374065399,0.6861106753349304,1.0,2021-07-14
bg_10876,0.4829651117324829,0.086437851190567,0.31486576795578,2.0,2021-07-14
bg_10912,0.7789662480354309,0.3793907165527344,0.6469971537590027,20.0,2021-07-14
bg_10946,0.7939607501029968,0.2777594029903412,0.5856645107269287,4.0,2021-07-14
bg_11219,0.7710069417953491,0.3457944691181183,0.6769804954528809,6.0,2021-07-14
bg_11393,0.8492884039878845,0.3086464405059814,0.6475383639335632,6.0,2021-07-14
bg_11508,0.8017147779464722,0.3215173184871673,0.6170241236686707,10.0,2021-07-14
bg_11594,0.865725576877594,0.356516033411026,0.6722824573516846,6.0,2021-07-14
bg_11620,0.8466682434082031,0.305778831243515,0.6411857008934021,4.0,2021-07-14
bg_11801,0.8391035795211792,0.389343798160553,0.6789736747741699,26.0,2021-07-14
bg_11951,0.8762982487678528,0.2931059300899505,0.6123824119567871,10.0,2021-07-14
bg_11990,0.8017804026603699,0.3236860930919647,0.6299228072166443,6.0,2021-07-14
bg_12272,0.8008407950401306,0.2902861535549164,0.6142251491546631,5.0,2021-07-14
bg_12383,0.7995690107345581,0.3155111074447632,0.5905980467796326,4.0,2021-07-14
bg_12443,0.8543791770935059,0.3682593107223511,0.66416335105896,6.0,2021-07-14
bg_12479,0.640058159828186,0.244985893368721,0.3977807164192199,2.0,2021-07-14
bg_12524,0.8045670986175537,0.2277781665325164,0.553092896938324,8.0,2021-07-14
bg_12779,0.8241796493530273,0.2704229056835174,0.5945293307304382,4.0,2021-07-14
bg_12943,0.6316966414451599,0.2170564532279968,0.5017895102500916,12.0,2021-07-14
bg_13042,0.5164051055908203,0.1977236270904541,0.3533916771411896,7.0,2021-07-14
bg_13137,0.8578189611434937,0.3719205260276794,0.6673436164855957,6.0,2021-07-14
bg_13225,0.7693086266517639,0.1662765592336654,0.4889346957206726,14.0,2021-07-14
bg_13280,0.7994005084037781,0.2851461172103882,0.6115074753761292,5.0,2021-07-14
bg_13348,0.7587127685546875,0.244595929980278,0.5101173520088196,6.0,2021-07-14
bg_13459,0.6949794292449951,0.3013287186622619,0.5323269367218018,8.0,2021-07-14
bg_13521,0.8169890642166138,0.2650004923343658,0.5981284379959106,10.0,2021-07-14
bg_13526,0.8515128493309021,0.3193157613277435,0.6437923312187195,7.0,2021-07-14
bg_13587,0.8777258992195129,0.3774254620075226,0.6869029402732849,6.0,2021-07-14
bg_13668,0.8781147003173828,0.3252335488796234,0.6324515342712402,4.0,2021-07-14
bg_13846,0.83574378490448,0.2777601182460785,0.5767524242401123,3.0,2021-07-14
bg_13923,0.748738169670105,0.1793964654207229,0.5028622150421143,14.0,2021-07-14
bg_14029,0.7766150236129761,0.246376097202301,0.5500768423080444,6.0,2021-07-14
bg_14146,0.7297973036766052,0.137175902724266,0.3974091708660126,16.0,2021-07-14
bg_14293,0.7288195490837097,0.2936452031135559,0.574450671672821,2.0,2021-07-14
bg_14391,0.8194445967674255,0.2284558117389679,0.5625761151313782,4.0,2021-07-14
bg_14508,0.7911393642425537,0.2985979914665222,0.5859748125076294,14.0,2021-07-14
bg_14600,0.6547933220863342,0.2251796871423721,0.5122660398483276,6.0,2021-07-14
bg_14623,0.8198021054267883,0.2661823332309723,0.5611740946769714,12.0,2021-07-14
bg_14893,0.6479690670967102,0.1338904350996017,0.3967213034629822,17.0,2021-07-14
bg_14948,0.641980767250061,0.2707445919513702,0.5656635165214539,12.0,2021-07-14
bg_14955,0.8784007430076599,0.3581936657428741,0.665617823600769,5.0,2021-07-14
bg_14975,0.5173200368881226,0.272620141506195,0.4671533405780792,2.0,2021-07-14
bg_14992,0.7524363994598389,0.1782925128936767,0.4454932510852813,16.0,2021-07-14
bg_15186,0.8318542242050171,0.2829137742519378,0.5966366529464722,12.0,2021-07-14
bg_15201,0.7842982411384583,0.3106484115123749,0.6053880453109741,6.0,2021-07-14
bg_15506,0.6530848741531372,0.1822828203439712,0.4280991852283478,16.0,2021-07-14
bg_15713,0.8221442699432373,0.3044082224369049,0.6184346675872803,6.0,2021-07-14
bg_15860,0.8395460247993469,0.2596771419048309,0.5291270613670349,6.0,2021-07-14
bg_16359,0.6442322134971619,0.1570014953613281,0.4628150165081024,14.0,2021-07-14
bg_16475,0.791496217250824,0.2677123844623565,0.5780301690101624,14.0,2021-07-14
bg_16493,0.8594188094139099,0.3007089793682098,0.6391443014144897,4.0,2021-07-14
bg_16565,0.8986222743988037,0.3657542467117309,0.6666911244392395,6.0,2021-07-14
bg_16576,0.8346474170684814,0.3294156193733215,0.6518474817276001,5.0,2021-07-14
bg_16597,0.8616619110107422,0.2677080631256103,0.5952838659286499,10.0,2021-07-14
bg_16615,0.8510761857032776,0.3311872780323028,0.6627219319343567,7.0,2021-07-14
bg_16838,0.466603010892868,0.1995057910680771,0.2835564911365509,2.0,2021-07-14
bg_17078,0.7342095971107483,0.1894354224205017,0.4893680810928345,14.0,2021-07-14
bg_17137,0.7649096250534058,0.2977429926395416,0.6051773428916931,6.0,2021-07-14
bg_17162,0.8608123064041138,0.380856990814209,0.674718976020813,6.0,2021-07-14
bg_17284,0.593064546585083,0.1984495967626571,0.4173777103424072,16.0,2021-07-14
bg_17527,0.817716658115387,0.2920807898044586,0.5961953997612,7.0,2021-07-14
bg_17556,0.8031949996948242,0.3144496381282806,0.6022087931632996,12.0,2021-07-14
bg_17559,0.6965753436088562,0.1914566159248352,0.4813185632228851,14.0,2021-07-14
bg_17650,0.7987866401672363,0.3119335472583771,0.6236839890480042,12.0,2021-07-14
bg_17738,0.8252199292182922,0.3097642958164215,0.6461366415023804,7.0,2021-07-14
bg_17813,0.8284839391708374,0.3076320588588714,0.6254748702049255,12.0,2021-07-14
bg_17821,0.8595944046974182,0.2855482697486877,0.6260720491409302,5.0,2021-07-14
bg_17924,0.7559003829956055,0.1746452152729034,0.4814098477363586,14.0,2021-07-14
bg_17976,0.7327012419700623,0.2753747403621673,0.470349371433258,4.0,2021-07-14
bg_18119,0.8548113703727722,0.2623318433761596,0.5918338894844055,4.0,2021-07-14
bg_18161,0.8098357319831848,0.1916064023971557,0.4910411834716797,14.0,2021-07-14
bg_18166,0.8048924207687378,0.3522037863731384,0.6386822462081909,7.0,2021-07-14
bg_18185,0.8667033314704895,0.3146458864212036,0.6300236582756042,8.0,2021-07-14
bg_18257,0.856714129447937,0.3461544811725616,0.6641038060188293,6.0,2021-07-14
bg_18311,0.8075720071792603,0.3518292307853699,0.6537393927574158,4.0,2021-07-14
bg_18367,,,,,2021-07-14
bg_18386,0.7477853894233704,0.1582219004631042,0.4587401151657104,14.0,2021-07-14
bg_18452,0.8465129137039185,0.3039475381374359,0.6182268261909485,10.0,2021-07-14
bg_18537,0.7196322083473206,0.217370256781578,0.4825136959552765,10.0,2021-07-14
bg_18703,0.870248556137085,0.3460924625396728,0.6615869402885437,4.0,2021-07-14
bg_18932,0.7431237101554871,0.2127345353364944,0.4357138574123382,4.0,2021-07-14
bg_19209,0.7908138036727905,0.3196898996829986,0.6305826306343079,5.0,2021-07-14
bg_19248,0.8131512999534607,0.2483711540699005,0.5455811619758606,12.0,2021-07-14
bg_19268,0.7809162735939026,0.2167340964078903,0.5443918704986572,8.0,2021-07-14
bg_19331,0.8428991436958313,0.2626349329948425,0.5535250306129456,10.0,2021-07-14
bg_19500,0.5438982844352722,0.3186348080635071,0.556006669998169,2.0,2021-07-14
bg_19567,0.8572532534599304,0.307964950799942,0.6231481432914734,5.0,2021-07-14
bg_19602,0.6200699210166931,0.0254573710262775,0.2129166722297668,12.0,2021-07-14
bg_19686,0.5648695826530457,0.202335849404335,0.3779301345348358,6.0,2021-07-14
bg_19900,0.8132800459861755,0.3635339736938476,0.6484115123748779,3.0,2021-07-14
bg_19986,0.5163826942443848,0.2742290794849396,0.4242191016674042,3.0,2021-07-14
bg_20005,0.8578431010246277,0.3219972550868988,0.6539367437362671,4.0,2021-07-14
bg_20017,0.4015911519527435,0.1744927614927292,0.3735593259334564,1.0,2021-07-14
bg_20092,0.7074135541915894,0.2370626628398895,0.5081881284713745,2.0,2021-07-14
bg_20106,0.54083651304245,0.2045820355415344,0.469252198934555,20.0,2021-07-14
bg_20119,0.8118245601654053,0.2935103476047516,0.6020236015319824,7.0,2021-07-14
bg_20265,0.8492241501808167,0.2623907625675201,0.579354465007782,4.0,2021-07-14
bg_20448,0.9039080142974854,0.4093218445777893,0.6923915147781372,6.0,2021-07-14
bg_20559,0.7018492817878723,0.2956437766551971,0.5582157373428345,8.0,2021-07-14
bg_20606,0.72978675365448,0.288814902305603,0.576141357421875,6.0,2021-07-14
bg_20675,0.690015971660614,0.3117002844810486,0.5891392230987549,12.0,2021-07-14
bg_20707,0.8297665119171143,0.3244228363037109,0.6440351009368896,15.0,2021-07-14
bg_20881,0.7466185688972473,0.2930290102958679,0.5598953366279602,3.0,2021-07-14
bg_21135,0.8653681874275208,0.3593601286411285,0.6446602940559387,24.0,2021-07-14
bg_21141,0.7936912775039673,0.2112422585487365,0.5166047811508179,16.0,2021-07-14
bg_21251,0.8118828535079956,0.3223871886730194,0.6244799494743347,4.0,2021-07-14
bg_21389,0.5578553080558777,-0.0079002166166901,0.2320132255554199,14.0,2021-07-14
bg_21434,0.4754731655120849,0.0468621514737606,0.2569924294948578,3.0,2021-07-14
bg_21502,0.8189627528190613,0.3195879757404327,0.6460239887237549,6.0,2021-07-14
bg_21583,0.8759002685546875,0.3495871126651764,0.6661698818206787,5.0,2021-07-14
bg_21890,0.830897331237793,0.3094685077667236,0.61244797706604,9.0,2021-07-14
bg_21981,0.9139195680618286,0.4063014388084411,0.6934601068496704,6.0,2021-07-14
bg_22192,0.8246197700500488,0.3800312280654907,0.632857620716095,14.0,2021-07-14
bg_22279,0.7742072343826294,0.2700586915016174,0.571922779083252,8.0,2021-07-14
bg_22298,0.8145580291748047,0.3297348618507385,0.6375366449356079,9.0,2021-07-14
bg_22348,0.8392717242240906,0.2594558298587799,0.5529119968414307,14.0,2021-07-14
bg_22534,0.6849533915519714,0.1255754083395004,0.3733531534671783,14.0,2021-07-14
bg_22595,0.7849916815757751,0.3082558214664459,0.6065998077392578,8.0,2021-07-14
bg_22602,0.7717286944389343,0.2278178483247757,0.4898894429206848,14.0,2021-07-14
bg_22729,0.8092737197875977,0.2216086685657501,0.5413080453872681,10.0,2021-07-14
bg_22738,0.7924433350563049,0.0741695463657379,0.4253470599651336,24.0,2021-07-14
bg_22794,0.8076839447021484,0.4410576522350311,0.6906211972236633,7.0,2021-07-14
bg_22961,0.6367121934890747,0.2956770360469818,0.5436601638793945,10.0,2021-07-14
bg_23231,0.83042973279953,0.2862781584262848,0.6105263233184814,5.0,2021-07-14
bg_23350,0.662197470664978,0.2195997983217239,0.5104005336761475,6.0,2021-07-14
bg_23427,0.8096926808357239,0.2565201818943023,0.6040992140769958,6.0,2021-07-14
bg_23641,0.7909440994262695,0.1774372160434723,0.5261174440383911,6.0,2021-07-14
bg_23697,0.8257840871810913,0.3305261135101318,0.647643506526947,6.0,2021-07-14
bg_23703,0.7535545229911804,0.3523131608963012,0.6546248197555542,7.0,2021-07-14
bg_23720,0.8784067034721375,0.3885542452335357,0.6786885261535645,5.0,2021-07-14
bg_23758,0.792227566242218,0.3073413670063019,0.6492229700088501,7.0,2021-07-14
bg_24192,0.8639800548553467,0.3379537463188171,0.6195666193962097,8.0,2021-07-14
bg_24212,0.8690524101257324,0.3670865297317505,0.6788978576660156,8.0,2021-07-14
bg_24583,0.839421272277832,0.1776519864797592,0.5152350664138794,4.0,2021-07-14
bg_24669,0.8638219833374023,0.3271877765655517,0.6720195412635803,6.0,2021-07-14
bg_24758,0.8363585472106934,0.3299452662467956,0.6228969693183899,6.0,2021-07-14
bg_24805,0.8172198534011841,0.3511846363544464,0.6267235279083252,28.0,2021-07-14
bg_25102,0.8443514704704285,0.3592736721038818,0.6472346782684326,3.0,2021-07-14
bg_25422,0.8541381359100342,0.2540141344070434,0.5925430655479431,10.0,2021-07-14
bg_25527,0.7884294390678406,0.2226327061653137,0.5371190905570984,4.0,2021-07-14
bg_25621,0.8075255155563354,0.2879944145679474,0.5859352946281433,8.0,2021-07-14
bg_25742,0.767412006855011,0.1838253140449524,0.476722240447998,14.0,2021-07-14
bg_25823,0.7773592472076416,0.1525080204010009,0.4557790756225586,16.0,2021-07-14
bg_25998,0.8770810961723328,0.3529194593429565,0.6440256834030151,8.0,2021-07-14
bg_26149,0.8291361331939697,0.3243839740753174,0.5611915588378906,12.0,2021-07-14
bg_26289,0.7078251838684082,0.2002820521593094,0.5143225193023682,16.0,2021-07-14
bg_26299,0.8576386570930481,0.3274718821048736,0.6575428247451782,6.0,2021-07-14
bg_26431,0.8496007323265076,0.3425559401512146,0.6336239576339722,6.0,2021-07-14
bg_26537,0.6896790266036987,0.1374576240777969,0.4117613732814789,14.0,2021-07-14
bg_26599,0.7759843468666077,0.1079779043793678,0.4085708260536194,14.0,2021-07-14
bg_26743,0.8624871969223022,0.3701094686985016,0.6442339420318604,6.0,2021-07-14
bg_26860,0.8068451285362244,0.269145667552948,0.5878499150276184,7.0,2021-07-14
bg_26926,0.8695552349090576,0.2982722222805023,0.6305515766143799,4.0,2021-07-14
bg_26979,0.7003998160362244,0.2150945663452148,0.5094817876815796,18.0,2021-07-14
bg_27056,0.542415201663971,-0.0341318286955356,0.1870569884777069,14.0,2021-07-14
bg_27115,0.8244321346282959,0.2838012874126434,0.6048564910888672,7.0,2021-07-14
bg_27383,0.8375974297523499,0.2605287730693817,0.6073609590530396,4.0,2021-07-14
bg_27389,0.8580858111381531,0.3538405299186706,0.6751797795295715,7.0,2021-07-14
bg_27436,0.8168166875839233,0.3334406316280365,0.6228797435760498,10.0,2021-07-14
bg_27501,0.7650910019874573,0.2831438183784485,0.5520576238632202,14.0,2021-07-14
bg_27513,,,,,2021-07-14
bg_27545,0.8356349468231201,0.3386589586734772,0.6426403522491455,12.0,2021-07-14
bg_27566,0.8613629937171936,0.2720334231853485,0.6091954112052917,3.0,2021-07-14
bg_27576,0.7734097838401794,0.1986222565174102,0.514410138130188,11.0,2021-07-14
bg_27611,0.8299845457077026,0.312260240316391,0.6180076003074646,7.0,2021-07-14
bg_27918,0.5290729403495789,0.0900995135307312,0.3158580660820007,14.0,2021-07-14
bg_28030,0.813866138458252,0.251977801322937,0.5677455067634583,6.0,2021-07-14
bg_28175,0.8609508275985718,0.3667003214359283,0.6795635223388672,1.0,2021-07-14
bg_28193,0.8284313678741455,0.2144185900688171,0.5925586819648743,5.0,2021-07-14
bg_28261,0.8457190990447998,0.2696067690849304,0.606377124786377,5.0,2021-07-14
bg_28331,0.8581808805465698,0.3506584763526916,0.6400500535964966,6.0,2021-07-14
bg_28345,0.8246783018112183,0.3414780497550964,0.6665060520172119,4.0,2021-07-14
bg_28371,0.7947186827659607,0.3897886872291565,0.6803268790245056,6.0,2021-07-14
bg_28438,0.8015599250793457,0.1775745004415512,0.4804510772228241,10.0,2021-07-14
bg_28453,0.723250150680542,0.2021679878234863,0.4762503802776336,20.0,2021-07-14
bg_28494,0.8114060163497925,0.1963453441858291,0.5254398584365845,1.0,2021-07-14
bg_28532,0.7313794493675232,0.2245730757713318,0.4954597651958465,12.0,2021-07-14
bg_28625,0.7712569832801819,0.2624522745609283,0.4974176287651062,14.0,2021-07-14
bg_28748,0.647614061832428,0.2951384484767914,0.5392982363700867,22.0,2021-07-14
bg_28800,0.6677895784378052,0.3858742415904999,0.6114171147346497,1.0,2021-07-14
bg_28957,0.8042002320289612,0.2189715951681137,0.5032746195793152,12.0,2021-07-14
bg_29124,0.5231767296791077,0.2425006926059723,0.4794669449329376,6.0,2021-07-14
bg_29309,0.7755231261253357,0.2938005626201629,0.6043431162834167,7.0,2021-07-14
bg_29333,0.8348009586334229,0.3341793119907379,0.6431748867034912,6.0,2021-07-14
bg_29616,0.8552167415618896,0.2641696035861969,0.5954334735870361,3.0,2021-07-14
bg_29631,0.7430102825164795,0.1341325491666793,0.4270594120025635,12.0,2021-07-14
bg_29836,0.8611635565757751,0.328313410282135,0.6460195183753967,4.0,2021-07-14
bg_29862,0.8351671099662781,0.2906451523303985,0.6000799536705017,5.0,2021-07-14
bg_29939,0.7117193341255188,0.1705324947834015,0.424915611743927,10.0,2021-07-14
bg_30053,0.8391242027282715,0.3140365183353424,0.6188153624534607,8.0,2021-07-14
bg_30187,0.7737470269203186,0.3259406089782715,0.6603025197982788,7.0,2021-07-14
bg_30204,0.7593108415603638,0.2100400030612945,0.4981233477592468,14.0,2021-07-14
bg_30241,0.7950103282928467,0.3098234832286834,0.6169470548629761,8.0,2021-07-14
bg_30310,0.8222934603691101,0.3246999680995941,0.6301586031913757,6.0,2021-07-14
bg_30342,0.7737048864364624,0.3059104979038238,0.6333306431770325,4.0,2021-07-14
bg_30625,0.8542029857635498,0.3400149941444397,0.6602919101715088,6.0,2021-07-14
bg_30799,0.7328944206237793,0.3501072824001312,0.6065790057182312,2.0,2021-07-14
bg_30801,0.7094778418540955,0.2062852531671524,0.4598478376865387,7.0,2021-07-14
bg_30842,0.8551288843154907,0.3848222494125366,0.6838271617889404,2.0,2021-07-14
bg_31077,0.6772466897964478,0.3112136721611023,0.5308164954185486,8.0,2021-07-14
bg_31138,0.8370162844657898,0.2357254028320312,0.5381484031677246,12.0,2021-07-14
bg_31312,0.8292971253395081,0.3778551518917084,0.6838955283164978,7.0,2021-07-14
bg_31337,0.7214133143424988,0.2087922096252441,0.4896763265132904,14.0,2021-07-14
bg_31360,0.7983033657073975,0.27667897939682,0.590683102607727,32.0,2021-07-14
bg_31444,0.8743479251861572,0.367114782333374,0.6785964965820312,7.0,2021-07-14
bg_31517,0.6650798320770264,0.2864561080932617,0.5970991253852844,7.0,2021-07-14
bg_31534,0.7834072113037109,0.21610888838768,0.5190408825874329,15.0,2021-07-14
bg_31653,0.6598311066627502,0.2562635540962219,0.5447656512260437,9.0,2021-07-14
bg_31680,0.8327392339706421,0.2339945882558822,0.5507241487503052,8.0,2021-07-14
bg_31965,0.833450973033905,0.3712039291858673,0.6789113283157349,10.0,2021-07-14
bg_31968,0.5372112989425659,0.3187408745288849,0.5459854006767273,5.0,2021-07-14
bg_32233,0.8583603501319885,0.3034235537052154,0.6326388120651245,6.0,2021-07-14
bg_32261,0.8101084232330322,0.3087659776210785,0.6314559578895569,6.0,2021-07-14
bg_32314,0.849793016910553,0.3236916661262512,0.6331861615180969,5.0,2021-07-14
bg_32316,0.8337090015411377,0.3175630569458008,0.6160471439361572,8.0,2021-07-14
bg_32399,0.8457502126693726,0.3795894086360931,0.6905734539031982,10.0,2021-07-14
bg_32401,0.8738701939582825,0.3588203191757202,0.660876989364624,6.0,2021-07-14
bg_32429,0.8255844712257385,0.3379315435886383,0.6585036516189575,6.0,2021-07-14
bg_32431,0.6963170766830444,0.0715142488479614,0.393181562423706,14.0,2021-07-14
bg_32490,0.8478618264198303,0.329341322183609,0.623350977897644,6.0,2021-07-14
bg_32600,0.7377837896347046,0.1431140303611755,0.4325152337551117,16.0,2021-07-14
bg_32630,0.6029044389724731,0.1199730783700943,0.4007816016674042,13.0,2021-07-14
bg_32742,0.8254327178001404,0.2278400808572769,0.5497511625289917,12.0,2021-07-14
bg_32800,0.5107083916664124,0.0022085879463702,0.2383262515068054,13.0,2021-07-14
bg_32894,0.776736855506897,0.2040219753980636,0.498441994190216,12.0,2021-07-14
bg_33053,0.7008481025695801,0.0713908076286315,0.3645990788936615,17.0,2021-07-14
bg_33169,0.7200989723205566,0.2643508017063141,0.5096845626831055,9.0,2021-07-14
bg_33182,0.7936825752258301,0.1975422799587249,0.5063918232917786,16.0,2021-07-14
bg_33207,0.7954484224319458,0.1949443370103836,0.5104261636734009,12.0,2021-07-14
bg_33312,0.5309988856315613,0.1231198459863662,0.3749146163463592,12.0,2021-07-14
bg_33331,0.8679410815238953,0.3580341637134552,0.6745988130569458,4.0,2021-07-14
bg_33637,0.8147728443145752,0.2912754118442535,0.6003810167312622,8.0,2021-07-14
bg_33708,0.6482924222946167,0.0528284907341003,0.3080058693885803,16.0,2021-07-14
bg_33820,0.8226675391197205,0.240128219127655,0.5328133702278137,16.0,2021-07-14
bg_33977,0.814035952091217,0.2378976643085479,0.5494107007980347,5.0,2021-07-14
bg_34067,0.8780620098114014,0.3896157741546631,0.6458127498626709,6.0,2021-07-14
bg_34568,0.8615916967391968,0.3619171679019928,0.6558969020843506,7.0,2021-07-14
bg_34724,0.8027930855751038,0.2140122056007385,0.5299909114837646,15.0,2021-07-14
bg_34845,0.8136494159698486,0.1610590517520904,0.4555188715457916,14.0,2021-07-14
bg_35017,0.8669343590736389,0.3592860996723175,0.6610240936279297,2.0,2021-07-14
bg_35127,0.7015274167060852,0.2356241047382354,0.5104156732559204,6.0,2021-07-14
bg_35398,0.7248181700706482,0.183753490447998,0.4492239356040954,14.0,2021-07-14
bg_35528,0.8634716868400574,0.2542541921138763,0.5583177804946899,4.0,2021-07-14
bg_35614,0.5971258878707886,-0.0262151360511779,0.2431160509586334,12.0,2021-07-14
bg_35622,0.6287034749984741,0.2427876740694046,0.5070754885673523,5.0,2021-07-14
bg_35803,0.7718536853790283,0.3353520333766937,0.6493688821792603,7.0,2021-07-14
bg_35931,0.6792216897010803,0.1855318546295166,0.4116299450397491,20.0,2021-07-14
bg_35982,0.8414897918701172,0.2724297046661377,0.6014203429222107,7.0,2021-07-14
bg_36068,0.6353591084480286,0.279988944530487,0.5859588980674744,7.0,2021-07-14
bg_36132,0.8723098635673523,0.3569186627864837,0.6616613268852234,4.0,2021-07-14
bg_36199,0.8575006723403931,0.3252581357955932,0.6639242172241211,7.0,2021-07-14
bg_36276,0.8495591282844543,0.3550309836864471,0.66607666015625,6.0,2021-07-14
bg_36652,0.8283826112747192,0.2902092039585113,0.6034160852432251,4.0,2021-07-14
bg_36666,0.8458244204521179,0.3085280358791351,0.6242379546165466,5.0,2021-07-14
bg_36692,0.6400403380393982,0.206021636724472,0.478010892868042,24.0,2021-07-14
bg_36705,0.744868278503418,0.256615400314331,0.5690987706184387,6.0,2021-07-14
bg_36727,0.8615453243255615,0.3440825343132019,0.6480822563171387,5.0,2021-07-14
bg_37012,0.5866541266441345,0.2450265735387802,0.4663127660751343,2.0,2021-07-14
bg_37129,0.7964337468147278,0.2075323015451431,0.513853132724762,16.0,2021-07-14
bg_37194,0.814358115196228,0.2336865216493606,0.4976475834846496,12.0,2021-07-14
bg_37287,0.7383283972740173,0.1803537011146545,0.4815969169139862,6.0,2021-07-14
bg_37299,0.7877838015556335,0.3426655530929565,0.637310266494751,10.0,2021-07-14
bg_37346,0.8515592813491821,0.3393895328044891,0.6335898041725159,4.0,2021-07-14
bg_37371,0.5814526677131653,-0.0074629606679081,0.2455946207046508,10.0,2021-07-14
bg_37380,0.7171686887741089,0.0675024092197418,0.3596406877040863,10.0,2021-07-14
bg_37441,0.8699461221694946,0.3582554459571838,0.6784420013427734,3.0,2021-07-14
bg_37489,0.8398576378822327,0.3839718997478485,0.6667338013648987,15.0,2021-07-14
bg_37498,0.803255021572113,0.293775737285614,0.5981332659721375,6.0,2021-07-14
bg_37540,0.7844929099082947,0.329225093126297,0.6330281496047974,6.0,2021-07-14
bg_37664,0.7490774989128113,0.302591472864151,0.5933176875114441,5.0,2021-07-14
bg_37685,0.7908051609992981,0.2635051608085632,0.592816948890686,5.0,2021-07-14
bg_37736,0.7545979022979736,0.3039768040180206,0.594648003578186,20.0,2021-07-14
bg_37741,0.8219895362854004,0.3369293808937073,0.6371293067932129,6.0,2021-07-14
bg_37888,0.8063548803329468,0.1425734013319015,0.4825958609580993,10.0,2021-07-14
bg_37972,0.5894057750701904,-0.0313219055533409,0.2288177162408828,16.0,2021-07-14
bg_38033,0.597481906414032,-0.0255002472549676,0.2421953380107879,10.0,2021-07-14
bg_38467,0.7791239619255066,0.290736973285675,0.544157862663269,5.0,2021-07-14
bg_38492,0.8349602222442627,0.2733067274093628,0.5746341943740845,4.0,2021-07-14
bg_38565,0.7590866088867188,0.2560425698757171,0.5454097390174866,14.0,2021-07-14
bg_38566,0.9057932496070862,0.4032066464424133,0.6863065958023071,6.0,2021-07-14
bg_38581,0.8573426604270935,0.3400605320930481,0.6575682163238525,5.0,2021-07-14
bg_38590,0.8556454181671143,0.3678052425384521,0.6776332855224609,7.0,2021-07-14
bg_38855,0.8627630472183228,0.2933142781257629,0.613590657711029,5.0,2021-07-14
bg_38861,0.8042203783988953,0.2486210167407989,0.5410993099212646,7.0,2021-07-14
bg_38887,0.7832988500595093,0.2263882160186767,0.574169933795929,7.0,2021-07-14
bg_39148,0.8248514533042908,0.293535977602005,0.5940489172935486,7.0,2021-07-14
bg_39150,0.8157168030738831,0.2985401451587677,0.60746830701828,5.0,2021-07-14
bg_39185,0.7663152813911438,0.2719935476779938,0.54951411485672,24.0,2021-07-14
bg_39227,0.7825888395309448,0.2950074374675751,0.5435224175453186,6.0,2021-07-14
bg_39312,0.8162506818771362,0.2739802598953247,0.6033755540847778,5.0,2021-07-14
bg_39320,0.7613407373428345,0.2296269088983535,0.5268600583076477,16.0,2021-07-14
bg_39321,0.8630477786064148,0.2975077331066131,0.6462971568107605,4.0,2021-07-14
bg_39363,0.8711747527122498,0.337409496307373,0.6344039440155029,3.0,2021-07-14
bg_39797,0.8228701949119568,0.1584055423736572,0.4859496653079986,6.0,2021-07-14
bg_39810,0.8617122769355774,0.3597133755683899,0.6683710813522339,6.0,2021-07-14
bg_39868,0.566623330116272,0.0597313866019248,0.297775000333786,16.0,2021-07-14
bg_40582,0.8492598533630371,0.2775022983551025,0.571559727191925,12.0,2021-07-14
bg_40604,0.8174141049385071,0.3410034775733948,0.6579082012176514,6.0,2021-07-14
bg_40646,0.8351912498474121,0.2496063709259033,0.5847510099411011,6.0,2021-07-14
bg_40675,0.7410479784011841,0.1453855484724044,0.433043509721756,16.0,2021-07-14
bg_40725,0.8617743253707886,0.2886234819889068,0.6265944838523865,9.0,2021-07-14
bg_40727,0.8424779176712036,0.352069616317749,0.6597819924354553,6.0,2021-07-14
bg_40777,0.8523768782615662,0.3125177323818207,0.6231697201728821,4.0,2021-07-14
bg_40871,0.8177955150604248,0.3429563343524933,0.6349737048149109,5.0,2021-07-14
bg_41043,0.8582351803779602,0.3531955778598785,0.6645686626434326,5.0,2021-07-14
bg_41131,0.4403724372386932,0.2379617244005203,0.4228076040744781,2.0,2021-07-14
bg_41151,0.874524712562561,0.3245469331741333,0.6490935683250427,5.0,2021-07-14
bg_41317,0.8514093160629272,0.3169566094875335,0.6087816953659058,2.0,2021-07-14
bg_41415,0.8813676834106445,0.3577756583690643,0.6589435935020447,14.0,2021-07-14
bg_41626,0.8447447419166565,0.2755143344402313,0.5905376076698303,14.0,2021-07-14
bg_42040,0.8589192032814026,0.3179946839809418,0.6370196342468262,6.0,2021-07-14
bg_42144,0.8523349761962891,0.3083127439022064,0.604519784450531,3.0,2021-07-14
bg_42174,0.7090215682983398,0.186633825302124,0.465019017457962,3.0,2021-07-14
bg_42312,0.859387993812561,0.3243006765842438,0.6469139456748962,6.0,2021-07-14
bg_42397,0.7792746424674988,0.1732347756624221,0.4513412117958069,14.0,2021-07-14
bg_42535,0.8526045680046082,0.3134152889251709,0.6489095687866211,4.0,2021-07-14
bg_42572,0.8192009925842285,0.3195368647575378,0.6195823550224304,8.0,2021-07-14
bg_42655,0.5412359237670898,0.0015599190955981,0.2266776114702224,12.0,2021-07-14
bg_42771,0.8156906366348267,0.3347224295139313,0.6287686228752136,5.0,2021-07-14
bg_42784,0.870322585105896,0.3633986711502075,0.6837663650512695,6.0,2021-07-14
bg_42970,0.7875177264213562,0.2920575141906738,0.5919191837310791,4.0,2021-07-14
bg_43084,0.5894169807434082,0.2081053406000137,0.3730821907520294,20.0,2021-07-14
bg_43300,0.535992443561554,0.0688206925988197,0.3291251063346863,8.0,2021-07-14
bg_43306,0.8519850969314575,0.3621978163719177,0.6705538630485535,4.0,2021-07-14
bg_43495,0.8683003783226013,0.3210410177707672,0.6544733643531799,6.0,2021-07-14
bg_43543,0.7563601136207581,0.1429464966058731,0.4025896191596985,12.0,2021-07-14
bg_43634,0.8146917819976807,0.3416467905044555,0.6421391367912292,7.0,2021-07-14
bg_43817,0.8461189270019531,0.3278688490390777,0.6427457332611084,5.0,2021-07-14
bg_43899,0.7585041522979736,0.218130275607109,0.5026012659072876,10.0,2021-07-14
bg_44160,0.8228369951248169,0.2875536680221557,0.5967487096786499,5.0,2021-07-14
bg_44232,0.5967227816581726,0.2394459247589111,0.462981253862381,7.0,2021-07-14
bg_44261,0.8598743081092834,0.3471691906452179,0.6688190698623657,4.0,2021-07-14
bg_44295,0.5295220613479614,0.2227008938789367,0.4234627187252044,5.0,2021-07-14
bg_44355,0.7901309132575989,0.3034169375896454,0.5474401712417603,3.0,2021-07-14
bg_44399,0.832892894744873,0.3359410464763641,0.635454535484314,5.0,2021-07-14
bg_44415,0.6333832144737244,0.0839084535837173,0.3185476660728454,10.0,2021-07-14
bg_44445,0.8440671563148499,0.2837498188018799,0.6157223582267761,10.0,2021-07-14
bg_44532,0.7653679251670837,0.2120415121316909,0.4772158861160278,16.0,2021-07-14
bg_44536,0.8086212277412415,0.2855280339717865,0.5848122239112854,5.0,2021-07-14
bg_44617,0.804844319820404,0.2862507998943329,0.6016997694969177,8.0,2021-07-14
bg_44691,0.8007712364196777,0.3338876366615295,0.627472996711731,4.0,2021-07-14
bg_44764,0.8162585496902466,0.3094549179077148,0.5757974982261658,14.0,2021-07-14
bg_44908,0.6090958118438721,0.0781194865703582,0.3201133012771606,9.0,2021-07-14
bg_45054,0.7793589234352112,0.1827488094568252,0.4584912657737732,14.0,2021-07-14
bg_45302,0.8179887533187866,0.3059139251708984,0.5866003632545471,10.0,2021-07-14
bg_45360,0.8028373718261719,0.2415675520896911,0.5494778752326965,15.0,2021-07-14
bg_45674,0.7595112323760986,0.2425862997770309,0.5530261397361755,7.0,2021-07-14
bg_45987,0.841929018497467,0.2975267767906189,0.6214622855186462,7.0,2021-07-14
bg_46083,0.7965953946113586,0.2306772172451019,0.5255745053291321,5.0,2021-07-14
bg_46395,0.7295819520950317,0.0790517032146453,0.3593466877937317,14.0,2021-07-14
bg_46664,0.822810173034668,0.2421634048223495,0.5607041120529175,16.0,2021-07-14
bg_46731,0.8452988862991333,0.2554216682910919,0.5729357600212097,6.0,2021-07-14
bg_46775,0.8535506725311279,0.3082219660282135,0.6032504439353943,7.0,2021-07-14
bg_46886,0.8465719819068909,0.3606310188770294,0.6509364247322083,8.0,2021-07-14
bg_47053,0.7898522615432739,0.2909741103649139,0.5884421467781067,12.0,2021-07-14
bg_47096,0.8172867894172668,0.3287077248096466,0.6286492943763733,3.0,2021-07-14
bg_47137,0.8126052618026733,0.2604625523090362,0.5209999084472656,10.0,2021-07-14
bg_47191,0.7464340329170227,0.2927813827991485,0.5533355474472046,6.0,2021-07-14
bg_47223,0.805825412273407,0.2884857654571533,0.5968329906463623,28.0,2021-07-14
bg_47373,0.7345998883247375,0.2156251370906829,0.5113831758499146,18.0,2021-07-14
bg_47419,0.8750542402267456,0.3856481909751892,0.6566128134727478,6.0,2021-07-14
bg_47457,0.6328337788581848,0.0005214952980168164,0.2437713891267776,14.0,2021-07-14
bg_47509,0.8317530751228333,0.3351512849330902,0.6305981278419495,6.0,2021-07-14
bg_47611,0.8469781279563904,0.3534675538539886,0.6428329348564148,7.0,2021-07-14
bg_47749,0.8471415042877197,0.3053582906723022,0.6007094383239746,10.0,2021-07-14
bg_47758,0.8262805938720703,0.3030351102352142,0.6398863196372986,7.0,2021-07-14
bg_47779,0.7723302245140076,0.2051932513713836,0.5042833089828491,12.0,2021-07-14
bg_48005,0.8668938279151917,0.3553459346294403,0.67091965675354,30.0,2021-07-14
bg_48102,0.7670355439186096,0.2290061116218567,0.5691220760345459,5.0,2021-07-14
bg_48107,0.7591241002082825,0.2949603497982025,0.5735157132148743,5.0,2021-07-14
bg_48108,0.857872724533081,0.2538996636867523,0.5803164839744568,4.0,2021-07-14
bg_48255,0.7613068222999573,0.2896332144737243,0.5729419589042664,28.0,2021-07-14
bg_48435,0.5828931331634521,0.2603970766067505,0.4796387553215027,2.0,2021-07-14
bg_48593,0.7644028663635254,0.2795742750167846,0.5885109901428223,12.0,2021-07-14
bg_48608,0.8448393940925598,0.3375064432621002,0.6479000449180603,8.0,2021-07-14
bg_48948,0.8608126044273376,0.3865912556648254,0.6819304823875427,4.0,2021-07-14
bg_49047,0.8333960175514221,0.2171297818422317,0.5371308326721191,28.0,2021-07-14
bg_49049,0.8000599145889282,0.3470342457294464,0.612796425819397,2.0,2021-07-14
bg_49202,0.7907872796058655,0.3199857175350189,0.6399776935577393,6.0,2021-07-14
bg_49289,0.8547888994216919,0.3480556905269623,0.6592475771903992,5.0,2021-07-14
bg_49300,0.7729595899581909,0.1913952529430389,0.479986160993576,14.0,2021-07-14
bg_49508,0.8633034825325012,0.3935798108577728,0.6911567449569702,5.0,2021-07-14
bg_49571,0.7429555058479309,0.3072057664394378,0.5938010215759277,10.0,2021-07-14
bg_49767,0.8184006810188293,0.3356992602348327,0.6400176882743835,6.0,2021-07-14
bg_49846,0.7935704588890076,0.3029311597347259,0.6076112389564514,16.0,2021-07-14
bg_49901,0.5342848300933838,0.1752501428127288,0.4309651553630829,18.0,2021-07-14
bg_49911,0.7816255688667297,0.2872721254825592,0.6030765175819397,14.0,2021-07-14
bg_49956,0.819469690322876,0.3310807049274444,0.6316125392913818,30.0,2021-07-14
bg_12527,0.9104071855545044,0.4002828001976013,0.6999022960662842,14.0,2021-09-07
bg_16804,0.7599151730537415,0.1920817345380783,0.5007929801940918,10.0,2021-09-07
bg_34355,0.8731927871704102,0.3613004982471466,0.6649703979492188,12.0,2021-09-07
bg_45829,0.8288973569869995,0.3125649094581604,0.6006295680999756,5.0,2021-09-07
bg_205,0.8761457800865173,0.3368083536624908,0.6821392774581909,5.0,2021-09-22
bg_1250,0.8954795598983765,0.369304895401001,0.6875683069229126,8.0,2021-09-22
bg_2993,0.850716233253479,0.3026711642742157,0.6226415038108826,5.0,2021-09-22
bg_3430,0.8133736252784729,0.3419559299945831,0.6326259970664978,5.0,2021-09-22
bg_3866,0.896871030330658,0.2430104613304138,0.533035397529602,8.0,2021-09-22
bg_5049,0.9167264699935912,0.3946247398853302,0.6905444264411926,15.0,2021-09-22
bg_5966,0.8788273334503174,0.3087855279445648,0.6409672498703003,11.0,2021-09-22
bg_9533,0.3341899216175079,0.1531910300254821,0.3017659783363342,6.0,2021-09-22
bg_9797,0.8844631910324097,0.3627879321575165,0.6752831935882568,5.0,2021-09-22
bg_10307,0.7771536707878113,0.2200796008110046,0.5465317964553833,8.0,2021-09-22
bg_10828,0.8758721947669983,0.3678571581840515,0.6791584491729736,5.0,2021-09-22
bg_14987,0.8879376649856567,0.3129947185516357,0.6527082324028015,2.0,2021-09-22
bg_15662,0.7895711660385132,0.3095703423023224,0.5924244523048401,8.0,2021-09-22
bg_16090,0.860587477684021,0.3811074793338775,0.6714090704917908,11.0,2021-09-22
bg_16590,0.8803197145462036,0.3341508209705353,0.6493585705757141,15.0,2021-09-22
bg_20543,0.8767205476760864,0.3365534842014313,0.638168215751648,5.0,2021-09-22
bg_21580,0.8506912589073181,0.3727098405361175,0.6561086177825928,13.0,2021-09-22
bg_23683,0.8557196855545044,0.3001583516597748,0.6212219595909119,2.0,2021-09-22
bg_24528,0.8793945908546448,0.3271152973175049,0.6354513764381409,8.0,2021-09-22
bg_24876,0.8888888955116272,0.3460473716259002,0.661982536315918,5.0,2021-09-22
bg_24952,0.83088219165802,0.2808237075805664,0.5976324081420898,6.0,2021-09-22
bg_27395,0.8854086995124817,0.3482654988765716,0.6608344316482544,5.0,2021-09-22
bg_27779,0.7328813672065735,0.3033916652202606,0.5985490083694458,5.0,2021-09-22
bg_29151,0.775931179523468,0.2893484532833099,0.5929225087165833,6.0,2021-09-22
bg_29751,0.8890621662139893,0.3827020823955536,0.6851533055305481,7.0,2021-09-22
bg_30191,0.8737449645996094,0.3280888795852661,0.6379480361938477,8.0,2021-09-22
bg_30381,0.8681620955467224,0.3506887257099151,0.654624342918396,2.0,2021-09-22
bg_32786,0.853302001953125,0.2675955593585968,0.5905017852783203,5.0,2021-09-22
bg_33128,0.8184888362884521,0.3109736144542694,0.6116722822189331,13.0,2021-09-22
bg_33863,0.9020631313323976,0.305802047252655,0.6388948559761047,1.0,2021-09-22
bg_34979,0.8742804527282715,0.2763337790966034,0.5898274183273315,9.0,2021-09-22
bg_35478,0.8954493999481201,0.3740500211715698,0.6909611225128174,11.0,2021-09-22
bg_36165,0.8371924161911011,0.2905263304710388,0.6003429889678955,8.0,2021-09-22
bg_37996,0.7687100172042847,0.2928019165992737,0.600568950176239,4.0,2021-09-22
bg_38907,0.623334527015686,0.2679148018360138,0.5170789361000061,7.0,2021-09-22
bg_41264,0.9024444818496704,0.4262531101703644,0.7367674112319946,10.0,2021-09-22
bg_43511,0.8961102962493896,0.2853805124759674,0.6283298134803772,1.0,2021-09-22
bg_44931,0.8334031105041504,0.2355212271213531,0.5524551868438721,7.0,2021-09-22
bg_45156,0.8488414883613586,0.322751373052597,0.6168771982192993,8.0,2021-09-22
bg_47152,0.8197020888328552,0.2323703169822693,0.5602205395698547,8.0,2021-09-22
bg_411,0.8796648979187012,0.3895289301872253,0.7090582847595215,5.0,2022-07-24
bg_537,0.8281607031822205,0.3368492424488067,0.653967559337616,3.0,2022-07-24
bg_739,0.8457831144332886,0.2862849831581116,0.6137640476226807,5.0,2022-07-24
bg_816,,,,,2022-07-24
bg_1072,0.8729948997497559,0.352461576461792,0.657073974609375,2.0,2022-07-24
bg_1297,0.8165368437767029,0.2972597181797027,0.5897272229194641,2.0,2022-07-24
bg_1305,0.6763010621070862,0.2295941263437271,0.5062903761863708,4.0,2022-07-24
bg_1833,0.892531156539917,0.3612211644649505,0.6775987148284912,4.0,2022-07-24
bg_1962,0.8804038763046265,0.3975040018558502,0.6928050518035889,4.0,2022-07-24
bg_2028,0.8111892938613892,0.3133244514465332,0.6170609593391418,2.0,2022-07-24
bg_2272,0.843324601650238,0.3677121996879577,0.6669546365737915,5.0,2022-07-24
bg_2349,0.8228495121002197,0.3626747727394104,0.6451852321624756,4.0,2022-07-24
bg_2594,0.8958796262741089,0.3505521714687347,0.6711483597755432,7.0,2022-07-24
bg_2711,0.8573021292686462,0.261943370103836,0.5812198519706726,5.0,2022-07-24
bg_2717,0.8699808716773987,0.3212996423244476,0.6119613647460938,3.0,2022-07-24
bg_2799,0.7583892345428467,0.315364807844162,0.6210363507270813,9.0,2022-07-24
bg_3396,0.8913294672966003,0.3803921639919281,0.6944003105163574,9.0,2022-07-24
bg_4810,0.7503587007522583,0.299655556678772,0.5482233762741089,3.0,2022-07-24
bg_4900,0.8573172688484192,0.3130752146244049,0.6221570372581482,4.0,2022-07-24
bg_5069,0.8335146903991699,0.3132466375827789,0.6214355826377869,3.0,2022-07-24
bg_5101,0.7823952436447144,0.3010304272174835,0.592349112033844,4.0,2022-07-24
bg_5200,0.7019370794296265,0.2959528565406799,0.5751702189445496,2.0,2022-07-24
bg_5490,0.8419644832611084,0.3423230051994324,0.6348722577095032,5.0,2022-07-24
bg_5813,0.856249988079071,0.3410569131374359,0.6451861262321472,9.0,2022-07-24
bg_6303,0.8805229663848877,0.3678329885005951,0.6660588383674622,8.0,2022-07-24
bg_6589,0.8590635657310486,0.2905578315258026,0.6147134900093079,8.0,2022-07-24
bg_6959,0.8404735922813416,0.3720550239086151,0.6750069260597229,4.0,2022-07-24
bg_7430,0.8710865378379822,0.2973663210868835,0.6194460988044739,1.0,2022-07-24
bg_7477,0.8690148591995239,0.3206299841403961,0.6505467891693115,1.0,2022-07-24
bg_7480,0.580542266368866,0.2897348403930664,0.4905057251453399,1.0,2022-07-24
bg_7527,0.7602382898330688,0.3035036027431488,0.6058242321014404,3.0,2022-07-24
bg_7631,0.8680552840232849,0.3079790472984314,0.627153754234314,4.0,2022-07-24
bg_7997,0.8761880397796631,0.3539237380027771,0.6664080619812012,3.0,2022-07-24
bg_8009,0.8888698816299438,0.3892683088779449,0.6837524175643921,7.0,2022-07-24
bg_8236,0.861094057559967,0.2646918892860412,0.5885396003723145,5.0,2022-07-24
bg_8318,0.8555191159248352,0.332160472869873,0.6508630514144897,6.0,2022-07-24
bg_8503,0.8974612355232239,0.333060085773468,0.6698796153068542,2.0,2022-07-24
bg_8789,0.8791092038154602,0.4190190434455871,0.703194260597229,3.0,2022-07-24
bg_9536,0.616368293762207,0.3103877604007721,0.4417513608932495,3.0,2022-07-24
bg_10134,0.8686002492904663,0.3162034451961517,0.6241315603256226,2.0,2022-07-24
bg_10217,0.8494623899459839,0.2260835766792297,0.5456559062004089,5.0,2022-07-24
bg_10304,0.8604632019996643,0.4361195862293243,0.7169421315193176,6.0,2022-07-24
bg_10479,0.6619183421134949,0.1855472177267074,0.4783526957035064,5.0,2022-07-24
bg_10785,0.82827228307724,0.2913804054260254,0.6036446690559387,7.0,2022-07-24
bg_11646,0.8474969267845154,0.2558603286743164,0.5790137648582458,4.0,2022-07-24
bg_12221,0.8600019216537476,0.3151350319385528,0.6295492053031921,4.0,2022-07-24
bg_12521,0.8417559862136841,0.302103579044342,0.6263241171836853,5.0,2022-07-24
bg_12700,0.5447596311569214,0.2560773491859436,0.4881361424922943,1.0,2022-07-24
bg_12802,,,,,2022-07-24
bg_12838,0.8287547826766968,0.3226976096630096,0.639403223991394,5.0,2022-07-24
bg_13360,0.655548632144928,0.2622247338294983,0.5203043222427368,2.0,2022-07-24
bg_13517,0.8649857640266418,0.3413856327533722,0.6634058356285095,6.0,2022-07-24
bg_13600,0.9076324701309204,0.3639207482337951,0.682692289352417,7.0,2022-07-24
bg_14032,0.8678334355354309,0.3050811886787414,0.6393008828163147,3.0,2022-07-24
bg_14227,0.8774433732032776,0.3783690929412842,0.672806441783905,6.0,2022-07-24
bg_14603,0.7916497588157654,0.365295797586441,0.6589054465293884,5.0,2022-07-24
bg_14805,,,,,2022-07-24
bg_14944,0.8548136949539185,0.2892606556415558,0.6030867099761963,5.0,2022-07-24
bg_15090,0.9178764224052428,0.3636498749256134,0.6714975833892822,9.0,2022-07-24
bg_15434,0.8438103199005127,0.2841202020645141,0.5771725177764893,5.0,2022-07-24
bg_15563,0.8513792157173157,0.3342352509498596,0.6487258076667786,4.0,2022-07-24
bg_15739,0.8632256388664246,0.2092512995004654,0.5288794636726379,4.0,2022-07-24
bg_16053,0.4647473692893982,0.1524761915206909,0.3191352784633636,2.0,2022-07-24
bg_16256,0.8915621042251587,0.3918804228305816,0.6779513955116272,4.0,2022-07-24
bg_16260,0.8280657529830933,0.3121091723442077,0.6204707026481628,5.0,2022-07-24
bg_16698,0.5443488955497742,0.1888744533061981,0.3411748111248016,2.0,2022-07-24
bg_16927,0.890518844127655,0.3906505107879638,0.6865574717521667,2.0,2022-07-24
bg_17597,0.8750211596488953,0.3214786350727081,0.6523473262786865,2.0,2022-07-24
bg_17714,0.8773930072784424,0.3403857946395874,0.6483388543128967,9.0,2022-07-24
bg_18062,0.9109792113304138,0.4237944185733795,0.7104913592338562,1.0,2022-07-24
bg_18424,0.7629446983337402,0.265006959438324,0.552901029586792,5.0,2022-07-24
bg_19407,,,,,2022-07-24
bg_19502,0.8383680582046509,0.3387818336486816,0.631627082824707,8.0,2022-07-24
bg_19592,0.7375405430793762,0.3056135177612304,0.6206435561180115,2.0,2022-07-24
bg_19762,0.7607060670852661,0.388621985912323,0.6468374133110046,2.0,2022-07-24
bg_20705,0.8771186470985413,0.3305725753307342,0.6565792560577393,3.0,2022-07-24
bg_20798,0.8770419955253601,0.3723686635494232,0.6904693841934204,6.0,2022-07-24
bg_20934,0.855624794960022,0.3573565185070038,0.6640474796295166,5.0,2022-07-24
bg_20942,0.8714097738265991,0.3347115218639374,0.6556710600852966,5.0,2022-07-24
bg_21229,0.856782078742981,0.3238168656826019,0.6259674429893494,3.0,2022-07-24
bg_21694,0.8438081741333008,0.3119713962078094,0.627323567867279,4.0,2022-07-24
bg_21938,0.8487421274185181,0.407634824514389,0.7063944339752197,6.0,2022-07-24
bg_22078,0.8714523911476135,0.3008661568164825,0.6271463632583618,3.0,2022-07-24
bg_22131,0.8641766905784607,0.3128162622451782,0.6266078352928162,4.0,2022-07-24
bg_22380,0.8556141257286072,0.3288643062114715,0.6510962843894958,8.0,2022-07-24
bg_22897,0.8004291653633118,0.2299674451351165,0.5231948494911194,3.0,2022-07-24
bg_22912,0.743025004863739,0.2879582643508911,0.5899685621261597,4.0,2022-07-24
bg_23097,,,,,2022-07-24
bg_23198,0.8533552885055542,0.404656320810318,0.6969696879386902,3.0,2022-07-24
bg_23235,0.8702623844146729,0.3401810526847839,0.6537057161331177,3.0,2022-07-24
bg_23279,0.8301169276237488,0.3682809174060821,0.6710423231124878,6.0,2022-07-24
bg_23927,0.5844058990478516,0.2829822897911072,0.5233776569366455,6.0,2022-07-24
bg_23952,0.8353117108345032,0.2907449305057525,0.6225560903549194,6.0,2022-07-24
bg_24081,0.7689111232757568,0.3113982677459717,0.5984723567962646,2.0,2022-07-24
bg_24095,0.4841628968715668,0.256945788860321,0.4389120638370514,5.0,2022-07-24
bg_24107,0.8936407566070557,0.3871504068374634,0.6812018752098083,7.0,2022-07-24
bg_24155,0.8210669159889221,0.3063209652900696,0.609014093875885,2.0,2022-07-24
bg_24864,0.9116000533103944,0.395126074552536,0.697343647480011,3.0,2022-07-24
bg_25590,0.8814691305160522,0.3066666722297668,0.6300849914550781,5.0,2022-07-24
bg_25763,0.8472915291786194,0.2874559760093689,0.5890319347381592,5.0,2022-07-24
bg_25806,0.8475208282470703,0.3300571143627167,0.6536719799041748,4.0,2022-07-24
bg_25964,0.8220005035400391,0.316792219877243,0.6218221187591553,6.0,2022-07-24
bg_26287,0.8425776958465576,0.3325806558132171,0.619664192199707,5.0,2022-07-24
bg_26391,0.8653256893157959,0.2485685497522354,0.5611283183097839,8.0,2022-07-24
bg_26900,0.8283884525299072,0.3132193982601166,0.6260440349578857,3.0,2022-07-24
bg_27024,0.894562304019928,0.3477022647857666,0.6583549380302429,4.0,2022-07-24
bg_27231,0.8726114630699158,0.3981191217899322,0.691949725151062,3.0,2022-07-24
bg_27325,0.8579632043838501,0.3112685978412628,0.5830056071281433,6.0,2022-07-24
bg_27362,0.873323380947113,0.3609419167041778,0.6849865913391113,1.0,2022-07-24
bg_27797,0.8775861859321594,0.3602605760097503,0.6797764897346497,5.0,2022-07-24
bg_28053,,,,,2022-07-24
bg_28397,0.8863900899887085,0.3852458894252777,0.6833909749984741,3.0,2022-07-24
bg_28626,0.8951495289802551,0.4316319227218628,0.7068385481834412,4.0,2022-07-24
bg_28665,,,,,2022-07-24
bg_28937,0.8471484780311584,0.348043829202652,0.6431991457939148,5.0,2022-07-24
bg_29289,,,,,2022-07-24
bg_29386,0.8798989057540894,0.3496119678020477,0.664387583732605,6.0,2022-07-24
bg_29521,0.8589047789573669,0.2921768724918365,0.6325741410255432,5.0,2022-07-24
bg_29644,0.8673025369644165,0.3777059912681579,0.6908212304115295,5.0,2022-07-24
bg_29783,,,,,2022-07-24
bg_29828,0.8171045780181885,0.4276462197303772,0.70222008228302,5.0,2022-07-24
bg_29873,0.869849681854248,0.3199621140956878,0.6467834115028381,6.0,2022-07-24
bg_29964,0.8464853167533875,0.4069353342056274,0.6806986331939697,5.0,2022-07-24
bg_29995,0.8899842500686646,0.3643609285354614,0.6656970977783203,7.0,2022-07-24
bg_30253,0.721581220626831,0.323272556066513,0.6050530076026917,2.0,2022-07-24
bg_30267,0.8873534202575684,0.4059953987598419,0.7071642875671387,6.0,2022-07-24
bg_30325,0.8523358702659607,0.3164540529251098,0.6395797729492188,8.0,2022-07-24
bg_31070,0.7644834518432617,0.3975575268268585,0.6576990485191345,6.0,2022-07-24
bg_31488,0.8570328950881958,0.362337201833725,0.6795254945755005,6.0,2022-07-24
bg_31736,,,,,2022-07-24
bg_31783,0.8810968399047852,0.3613861203193664,0.6761478781700134,7.0,2022-07-24
bg_32014,0.8427391052246094,0.384673923254013,0.6971836686134338,4.0,2022-07-24
bg_32327,0.900881052017212,0.3067286908626556,0.6479349732398987,7.0,2022-07-24
bg_33205,0.8039005994796753,0.2891030609607696,0.5982153415679932,2.0,2022-07-24
bg_33487,0.5696561336517334,0.2834782600402832,0.5112627744674683,1.0,2022-07-24
bg_33785,0.8832221031188965,0.3144599199295044,0.6329820156097412,7.0,2022-07-24
bg_33902,0.88323974609375,0.4141247868537903,0.694471538066864,2.0,2022-07-24
bg_34268,0.8556193709373474,0.3566214740276336,0.6607929468154907,3.0,2022-07-24
bg_34625,0.6686341762542725,0.2872432470321655,0.5418660044670105,2.0,2022-07-24
bg_34629,,,,,2022-07-24
bg_34726,0.8999616503715515,0.359005331993103,0.6882346272468567,4.0,2022-07-24
bg_34738,0.8944278359413147,0.4476048648357391,0.7105718851089478,2.0,2022-07-24
bg_34921,0.6761629581451416,0.3333107531070709,0.5748818516731262,4.0,2022-07-24
bg_35151,0.8879551887512207,0.4086525738239288,0.708010733127594,3.0,2022-07-24
bg_35742,,,,,2022-07-24
bg_36131,0.843002200126648,0.2937586605548858,0.5942593812942505,9.0,2022-07-24
bg_36515,0.6937138438224792,0.3798092901706695,0.6005640625953674,5.0,2022-07-24
bg_36728,0.8683301210403442,0.4090865850448608,0.6819561719894409,10.0,2022-07-24
bg_37293,0.7428480386734009,0.3538987338542938,0.662510097026825,6.0,2022-07-24
bg_37583,0.8251041769981384,0.3217040002346039,0.6331596374511719,8.0,2022-07-24
bg_38387,0.8737578392028809,0.2786387801170349,0.5809433460235596,4.0,2022-07-24
bg_38449,0.8513346910476685,0.3233524262905121,0.6051272749900818,5.0,2022-07-24
bg_38454,0.8452066779136658,0.3480899930000305,0.6661108732223511,5.0,2022-07-24
bg_38649,0.8309775590896606,0.3720851242542267,0.6621637940406799,4.0,2022-07-24
bg_38653,0.8824408650398254,0.3523954153060913,0.6669963002204895,4.0,2022-07-24
bg_39008,0.7771971821784973,0.3216213583946228,0.6234806776046753,4.0,2022-07-24
bg_39124,0.7899519801139832,0.393817126750946,0.6701704859733582,2.0,2022-07-24
bg_39250,0.6853150129318237,0.2594538033008575,0.5368015170097351,4.0,2022-07-24
bg_39862,0.8709970712661743,0.3498798906803131,0.6499098539352417,3.0,2022-07-24
bg_39964,0.8079661726951599,0.3030605614185333,0.6174150705337524,4.0,2022-07-24
bg_40723,0.8746383786201477,0.4010810852050781,0.7086354494094849,3.0,2022-07-24
bg_40869,0.8363988399505615,0.3543859720230102,0.6364028453826904,5.0,2022-07-24
bg_40902,0.8462929725646973,0.2826583087444305,0.6012546420097351,3.0,2022-07-24
bg_41095,0.4560669362545013,0.1617210656404495,0.3706783354282379,1.0,2022-07-24
bg_41119,0.865787923336029,0.4163129031658172,0.7013979554176331,7.0,2022-07-24
bg_41664,0.860776424407959,0.3196181654930115,0.6368346810340881,5.0,2022-07-24
bg_41701,,,,,2022-07-24
bg_41772,0.8603821396827698,0.3977794647216797,0.7052779197692871,5.0,2022-07-24
bg_42092,0.7105634212493896,0.3675127923488617,0.5878247618675232,2.0,2022-07-24
bg_42320,,,,,2022-07-24
bg_42749,0.8565970659255981,0.4354443848133087,0.7110239267349243,6.0,2022-07-24
bg_42794,0.8819429278373718,0.3366336822509765,0.6603320837020874,9.0,2022-07-24
bg_43091,0.8549107313156128,0.2986859977245331,0.6366322040557861,7.0,2022-07-24
bg_43864,0.8046687841415405,0.333608478307724,0.6200538873672485,4.0,2022-07-24
bg_43928,0.7319057583808899,0.3625000119209289,0.6336093544960022,3.0,2022-07-24
bg_44641,0.8662262558937073,0.3693118095397949,0.6706708669662476,3.0,2022-07-24
bg_45550,0.8474777340888977,0.3571563363075256,0.6523151397705078,4.0,2022-07-24
bg_45727,0.8412284255027771,0.3236581087112427,0.6482032537460327,4.0,2022-07-24
bg_45852,0.892393946647644,0.283616691827774,0.5827047228813171,8.0,2022-07-24
bg_45910,0.8660250902175903,0.3897741138935089,0.6811308860778809,8.0,2022-07-24
bg_46450,0.7948866486549377,0.3478327393531799,0.6629217863082886,8.0,2022-07-24
bg_46527,0.8472005128860474,0.3130505383014679,0.6149287819862366,4.0,2022-07-24
bg_46660,0.869492769241333,0.3826982378959656,0.6878091096878052,5.0,2022-07-24
bg_46806,0.8488221764564514,0.3271173238754272,0.6530365347862244,3.0,2022-07-24
bg_47428,0.7963436245918274,0.3513322174549103,0.6413841247558594,2.0,2022-07-24
bg_47775,0.7865168452262878,0.3742861449718475,0.654096245765686,1.0,2022-07-24
bg_48148,0.7519535422325134,0.3624182045459747,0.6032270193099976,1.0,2022-07-24
bg_48210,0.6658075451850891,0.2856539785861969,0.513952910900116,2.0,2022-07-24
bg_48358,0.8409595489501953,0.2900302112102508,0.6012364625930786,7.0,2022-07-24
bg_48484,0.7594059705734253,0.1814505457878112,0.5013973116874695,4.0,2022-07-24
bg_48827,0.8258917331695557,0.2638825476169586,0.598488450050354,9.0,2022-07-24
bg_49221,0.8458117246627808,0.3419563472270965,0.6422094106674194,5.0,2022-07-24
bg_49314,0.8662687540054321,0.2533688247203827,0.5864402055740356,2.0,2022-07-24
bg_49383,0.8329038619995117,0.2915789186954498,0.6318907737731934,6.0,2022-07-24
bg_49976,0.8385093212127686,0.3172690570354461,0.6373801827430725,7.0,2022-07-24
bg_481,0.8769230842590332,0.3585397601127624,0.679624080657959,9.0,2022-10-02
bg_802,0.8676318526268005,0.4070420265197754,0.6906154751777649,5.0,2022-10-02
bg_904,0.9155158400535583,0.4499685168266296,0.7375144958496094,19.0,2022-10-02
bg_1064,0.9033962488174438,0.3898961544036865,0.7098305225372314,5.0,2022-10-02
bg_1079,0.7924944758415222,0.3195652067661285,0.6281569004058838,7.0,2022-10-02
bg_1191,0.8785796165466309,0.2783195674419403,0.6268754005432129,5.0,2022-10-02
bg_1517,0.8628318905830383,0.3106318414211273,0.6402597427368164,7.0,2022-10-02
bg_1549,0.8577777743339539,0.1860139667987823,0.518352746963501,5.0,2022-10-02
bg_1618,0.8888713717460632,0.387391060590744,0.6827009320259094,8.0,2022-10-02
bg_1929,0.8607169389724731,0.2361190170049667,0.5315390825271606,6.0,2022-10-02
bg_2158,0.828428328037262,0.3394495248794555,0.6423735618591309,7.0,2022-10-02
bg_2190,0.8844838738441467,0.2878203392028808,0.6189284324645996,2.0,2022-10-02
bg_2283,0.8725565075874329,0.3245786130428314,0.6581239104270935,7.0,2022-10-02
bg_2367,0.8670438528060913,0.303450733423233,0.6223157048225403,7.0,2022-10-02
bg_2531,0.8529170155525208,0.3040364682674408,0.62125164270401,4.0,2022-10-02
bg_2547,0.8893644213676453,0.3319598138332367,0.665366530418396,6.0,2022-10-02
bg_2900,0.8735971450805664,0.3151735961437225,0.6484732031822205,7.0,2022-10-02
bg_3016,0.8719805479049683,0.1858453452587127,0.5453769564628601,6.0,2022-10-02
bg_3221,0.8688593506813049,0.3932336866855621,0.6958436965942383,7.0,2022-10-02
bg_3388,0.8785973191261292,0.3512448668479919,0.6651201844215393,7.0,2022-10-02
bg_3542,0.869600236415863,0.3361457288265228,0.6586142778396606,7.0,2022-10-02
bg_3591,0.8885941505432129,0.3256565034389496,0.6441358923912048,7.0,2022-10-02
bg_4081,0.8808757066726685,0.2915827333927154,0.6387327313423157,5.0,2022-10-02
bg_4132,0.8662224411964417,0.3435996174812317,0.6394597887992859,9.0,2022-10-02
bg_4307,0.8647446036338806,0.3110402226448059,0.6379847526550293,12.0,2022-10-02
bg_4340,0.8149532675743103,0.2808127999305725,0.5957667827606201,5.0,2022-10-02
bg_4364,0.8692015409469604,0.3562752902507782,0.6702151894569397,7.0,2022-10-02
bg_4466,0.844322919845581,0.3852752447128296,0.6583143472671509,10.0,2022-10-02
bg_4475,0.8876590132713318,0.379267156124115,0.6889811158180237,6.0,2022-10-02
bg_4758,0.8439878821372986,0.2469128668308258,0.5502845644950867,6.0,2022-10-02
bg_4959,0.8766324520111084,0.3301232755184173,0.6592816114425659,6.0,2022-10-02
bg_5177,0.8541515469551086,0.2606926262378692,0.6062546372413635,6.0,2022-10-02
bg_5393,0.8797672986984253,0.3175048828125,0.645596981048584,3.0,2022-10-02
bg_5557,0.8758571743965149,0.3266711235046386,0.6292985081672668,6.0,2022-10-02
bg_5640,0.8539164662361145,0.2908363044261932,0.6000518798828125,6.0,2022-10-02
bg_5826,0.8915473222732544,0.3424836099147796,0.6612832546234131,6.0,2022-10-02
bg_5954,0.8938307166099548,0.3185239732265472,0.6508254408836365,7.0,2022-10-02
bg_6053,0.8688700199127197,0.3516720235347748,0.6682815551757812,6.0,2022-10-02
bg_6088,0.8549557328224182,0.3335040211677551,0.6324615478515625,8.0,2022-10-02
bg_6106,0.8174974322319031,0.1611241847276687,0.4962387084960937,8.0,2022-10-02
bg_6124,0.8614217638969421,0.2741843163967132,0.5867828726768494,6.0,2022-10-02
bg_6183,0.8280842900276184,0.3177525103092193,0.6476911902427673,9.0,2022-10-02
bg_6379,0.8730425834655762,0.2687249779701233,0.6127333641052246,6.0,2022-10-02
bg_6567,0.8600645661354065,0.3548020422458648,0.6782273650169373,9.0,2022-10-02
bg_6579,0.8815659284591675,0.3351063728332519,0.6361631751060486,7.0,2022-10-02
bg_7990,0.8035567998886108,0.222551941871643,0.556552529335022,7.0,2022-10-02
bg_8321,0.8671770691871643,0.3447915017604828,0.6608258485794067,6.0,2022-10-02
bg_8363,0.844789445400238,0.2968281805515289,0.6381915807723999,8.0,2022-10-02
bg_8415,0.8509015440940857,0.2536687552928924,0.588691771030426,5.0,2022-10-02
bg_8491,0.8573821187019348,0.3557479977607727,0.6646683812141418,7.0,2022-10-02
bg_9035,0.8702290058135986,0.2895891666412353,0.6244934797286987,7.0,2022-10-02
bg_9130,0.8911917209625244,0.3512820601463318,0.6640124320983887,17.0,2022-10-02
bg_9145,0.889002799987793,0.2937323451042175,0.6179372668266296,6.0,2022-10-02
bg_9453,0.7035670280456543,0.2486339509487152,0.5487341284751892,6.0,2022-10-02
bg_9946,0.8610334992408752,0.2213565409183502,0.5786728262901306,3.0,2022-10-02
bg_10030,0.844231903553009,0.2614132165908813,0.5455814599990845,14.0,2022-10-02
bg_10126,0.8235446214675903,0.2579582631587982,0.5859291553497314,8.0,2022-10-02
bg_10312,0.8802443742752075,0.2906418740749359,0.6234672665596008,5.0,2022-10-02
bg_10621,0.8791152238845825,0.2902825176715851,0.6155490875244141,9.0,2022-10-02
bg_10721,0.8871016502380371,0.2844588458538055,0.6050269603729248,5.0,2022-10-02
bg_11000,0.8687728047370911,0.3376820981502533,0.6630434393882751,9.0,2022-10-02
bg_11036,0.8693031072616577,0.2877526879310608,0.5644803047180176,5.0,2022-10-02
bg_11233,0.8996463418006897,0.3975973427295685,0.6978759765625,9.0,2022-10-02
bg_11327,0.8579800724983215,0.3059700727462768,0.6463373303413391,4.0,2022-10-02
bg_11943,0.9083820581436156,0.3618525564670563,0.6729641556739807,9.0,2022-10-02
bg_11948,0.8952001929283142,0.4022612273693084,0.7144415974617004,5.0,2022-10-02
bg_12111,0.9004424810409546,0.3539775907993316,0.661107063293457,9.0,2022-10-02
bg_12501,0.8916701078414917,0.3439467847347259,0.655698835849762,6.0,2022-10-02
bg_12702,0.8562000393867493,0.2772503197193146,0.5765787363052368,12.0,2022-10-02
bg_12788,0.8778889179229736,0.3819012343883514,0.69635409116745,5.0,2022-10-02
bg_12804,0.8692750334739685,0.2803821861743927,0.5676510334014893,7.0,2022-10-02
bg_13023,0.8325312733650208,0.3525773286819458,0.6694432497024536,5.0,2022-10-02
bg_13287,0.8829924464225769,0.3300768136978149,0.6592293977737427,2.0,2022-10-02
bg_13318,0.8730041980743408,0.3095389306545257,0.5986974835395813,5.0,2022-10-02
bg_13352,0.8813923597335815,0.2802339196205139,0.6155085563659668,6.0,2022-10-02
bg_13369,0.849183976650238,0.3191067278385162,0.6275791525840759,6.0,2022-10-02
bg_13648,0.8649758100509644,0.30604287981987,0.6436963677406311,6.0,2022-10-02
bg_13703,0.7632529735565186,0.2829672396183014,0.5365497469902039,8.0,2022-10-02
bg_13906,0.8779054880142212,0.3860863745212555,0.6978738903999329,7.0,2022-10-02
bg_14015,0.845002293586731,0.3263038396835327,0.6305878758430481,4.0,2022-10-02
bg_14112,0.8687384724617004,0.2714278101921081,0.5856464505195618,6.0,2022-10-02
bg_14601,0.8830302357673645,0.3760898411273956,0.6811803579330444,8.0,2022-10-02
bg_14830,0.8756024241447449,0.3344456851482391,0.6662960052490234,4.0,2022-10-02
bg_14871,0.8812199234962463,0.3600136637687683,0.6687232851982117,9.0,2022-10-02
bg_14904,0.8727272748947144,0.3579930365085602,0.6560879349708557,5.0,2022-10-02
bg_15102,0.8022266030311584,0.3817573487758636,0.6770963668823242,5.0,2022-10-02
bg_15114,0.8891363739967346,0.3535310328006744,0.6770492792129517,8.0,2022-10-02
bg_15247,0.815017580986023,0.2081360220909118,0.5038110017776489,4.0,2022-10-02
bg_15328,0.5418730974197388,0.1149549409747123,0.3169453740119934,5.0,2022-10-02
bg_15364,0.587353527545929,0.1389641761779785,0.4050226807594299,6.0,2022-10-02
bg_15374,0.8892241716384888,0.2850159108638763,0.6196269392967224,6.0,2022-10-02
bg_15803,0.8881874680519104,0.334425687789917,0.6378899216651917,8.0,2022-10-02
bg_15953,0.7640553116798401,0.2740888893604278,0.5317875742912292,7.0,2022-10-02
bg_15985,0.8476821184158325,0.2954149842262268,0.6248803734779358,7.0,2022-10-02
bg_16056,0.752291202545166,0.2198685109615326,0.5082262754440308,7.0,2022-10-02
bg_16452,0.8571079969406128,0.3245217502117157,0.6425999402999878,5.0,2022-10-02
bg_16621,0.8567755818367004,0.3470149338245392,0.6528388261795044,6.0,2022-10-02
bg_16740,0.8684124946594238,0.2708388566970825,0.6057761907577515,4.0,2022-10-02
bg_16776,0.8795718550682068,0.3396428525447845,0.65827476978302,4.0,2022-10-02
bg_16797,0.8347934484481812,0.3486660420894623,0.6528481841087341,6.0,2022-10-02
bg_16808,0.7924438118934631,0.3121784329414367,0.5790200233459473,8.0,2022-10-02
bg_17226,0.8714536428451538,0.3249217569828033,0.6338288187980652,8.0,2022-10-02
bg_17322,0.805352509021759,0.2998401820659637,0.5984082818031311,8.0,2022-10-02
bg_17524,0.8797745108604431,0.2854546308517456,0.6211299300193787,4.0,2022-10-02
bg_17609,0.8750280737876892,0.36265429854393,0.6812988519668579,7.0,2022-10-02
bg_18065,0.8638449311256409,0.3318295180797577,0.6354832649230957,6.0,2022-10-02
bg_18076,0.8778746724128723,0.3155555427074432,0.6465908885002136,5.0,2022-10-02
bg_18484,0.8797468543052673,0.2976827025413513,0.5986740589141846,7.0,2022-10-02
bg_18489,0.9012987017631532,0.3940919935703277,0.7033159136772156,5.0,2022-10-02
bg_18582,0.8760377764701843,0.3446788787841797,0.6824400424957275,6.0,2022-10-02
bg_18698,0.8859813213348389,0.3873694837093353,0.6876437664031982,7.0,2022-10-02
bg_18734,0.8692312240600586,0.3280590176582336,0.6516826748847961,6.0,2022-10-02
bg_18742,0.8456642627716064,0.2306627482175827,0.5396145582199097,7.0,2022-10-02
bg_18775,0.8565737009048462,0.3146972358226776,0.6351466774940491,6.0,2022-10-02
bg_19019,0.8663594722747803,0.2703719139099121,0.6154628396034241,5.0,2022-10-02
bg_19025,0.8838383555412292,0.3155936896800995,0.6401913166046143,8.0,2022-10-02
bg_19110,0.870343029499054,0.2456191033124923,0.5878911018371582,6.0,2022-10-02
bg_19114,0.8269391655921936,0.2702460885047912,0.5756208896636963,8.0,2022-10-02
bg_19165,0.8931937217712402,0.3960010111331939,0.7069597244262695,3.0,2022-10-02
bg_19204,0.8810942769050598,0.3130384385585785,0.638328492641449,6.0,2022-10-02
bg_19554,0.8570212721824646,0.3178317844867706,0.6360232830047607,7.0,2022-10-02
bg_19780,0.8848167657852173,0.3799172043800354,0.684410035610199,7.0,2022-10-02
bg_19812,0.8842456936836243,0.3092084527015686,0.6188702583312988,6.0,2022-10-02
bg_19905,0.8782187104225159,0.301700621843338,0.6196447014808655,5.0,2022-10-02
bg_19951,0.9039422273635864,0.4553633630275726,0.750129759311676,6.0,2022-10-02
bg_20090,0.8965609669685364,0.3773468136787414,0.6885926127433777,4.0,2022-10-02
bg_20166,0.8712935447692871,0.3708640038967132,0.6671047210693359,6.0,2022-10-02
bg_20308,0.8959774374961853,0.2822658717632293,0.5835421681404114,5.0,2022-10-02
bg_20727,0.8662407994270325,0.3378453850746155,0.660183310508728,6.0,2022-10-02
bg_20749,0.8929802179336548,0.418565958738327,0.7052357196807861,6.0,2022-10-02
bg_20839,0.8633846044540405,0.3915766477584839,0.7098883986473083,7.0,2022-10-02
bg_20853,0.8923354148864746,0.3872694671154022,0.6804179549217224,9.0,2022-10-02
bg_21246,0.883141040802002,0.4123581349849701,0.7091707587242126,5.0,2022-10-02
bg_21271,0.906180202960968,0.3633942902088165,0.6868621110916138,3.0,2022-10-02
bg_21334,0.8405796885490417,0.3257271349430084,0.6372296214103699,7.0,2022-10-02
bg_21752,0.8777562975883484,0.3046557903289795,0.6294411420822144,8.0,2022-10-02
bg_22093,0.8530817627906799,0.3368420898914337,0.6449307799339294,7.0,2022-10-02
bg_22110,0.8272629380226135,0.3355775475502014,0.6140754818916321,6.0,2022-10-02
bg_22132,0.885394275188446,0.3209060728549957,0.6305722594261169,6.0,2022-10-02
bg_22504,0.8948520421981812,0.4062676727771759,0.7056352496147156,4.0,2022-10-02
bg_22710,0.8835158944129944,0.3094462752342224,0.6432884335517883,7.0,2022-10-02
bg_24158,0.8714788556098938,0.359807014465332,0.628333330154419,7.0,2022-10-02
bg_24167,0.8648180365562439,0.2241980880498886,0.5722543597221375,5.0,2022-10-02
bg_24257,0.898659884929657,0.3783757090568542,0.6792466640472412,4.0,2022-10-02
bg_24353,0.5858688354492188,0.2140388339757919,0.4477881491184234,8.0,2022-10-02
bg_24366,0.8756349682807922,0.342208981513977,0.6754180192947388,6.0,2022-10-02
bg_24930,0.8563894629478455,0.3706998825073242,0.6710050702095032,7.0,2022-10-02
bg_25334,0.8001525402069092,0.312996506690979,0.6012400388717651,7.0,2022-10-02
bg_25414,0.8386291861534119,0.3161610066890716,0.6484784483909607,6.0,2022-10-02
bg_25463,0.8833877444267273,0.3080110549926758,0.6361014246940613,4.0,2022-10-02
bg_25516,0.882124125957489,0.3187729716300964,0.6382154226303101,4.0,2022-10-02
bg_25552,0.8475084900856018,0.3876446783542633,0.6814265847206116,7.0,2022-10-02
bg_25846,0.8669537305831909,0.3431896865367889,0.6718334555625916,2.0,2022-10-02
bg_25847,0.8887686729431152,0.3692061901092529,0.6895999908447266,9.0,2022-10-02
bg_26045,0.890726625919342,0.3495324850082397,0.6490126252174377,8.0,2022-10-02
bg_26736,0.881678581237793,0.299035370349884,0.6373352408409119,7.0,2022-10-02
bg_26737,0.8808325529098511,0.3261025249958038,0.6535062789916992,8.0,2022-10-02
bg_26831,0.8945633172988892,0.4174765944480896,0.704304575920105,8.0,2022-10-02
bg_27033,0.8916576504707336,0.3236009776592254,0.6219229102134705,5.0,2022-10-02
bg_27330,0.9034233689308168,0.4054502248764038,0.6914846301078796,8.0,2022-10-02
bg_27737,0.905402898788452,0.4622668325901031,0.7506011724472046,5.0,2022-10-02
bg_27788,0.8656919598579407,0.2744407653808594,0.5833219885826111,4.0,2022-10-02
bg_27796,0.0207110624760389,0.0267783589661121,0.0542412921786308,14.0,2022-10-02
bg_27937,0.8908215165138245,0.4132215082645416,0.713909387588501,4.0,2022-10-02
bg_28002,0.7742782235145569,0.2621359229087829,0.5844536423683167,5.0,2022-10-02
bg_28019,0.8287737369537354,0.2886554598808288,0.6046314835548401,7.0,2022-10-02
bg_28049,0.9071964621543884,0.2966672778129577,0.6155989170074463,5.0,2022-10-02
bg_28239,0.8883071541786194,0.3587062954902649,0.6705120205879211,9.0,2022-10-02
bg_28591,0.8313799500465393,0.2495424300432205,0.5825030207633972,7.0,2022-10-02
bg_28621,0.888501763343811,0.3564013838768005,0.6657702922821045,3.0,2022-10-02
bg_28663,0.5263378620147705,0.1861997991800308,0.3734897375106811,8.0,2022-10-02
bg_28691,0.8474910855293274,0.3136676251888275,0.6149477958679199,7.0,2022-10-02
bg_28820,0.8666285276412964,0.2988056540489197,0.6256344318389893,8.0,2022-10-02
bg_28978,0.8632572293281555,0.3337115049362182,0.6433423757553101,8.0,2022-10-02
bg_29180,0.8933026194572449,0.3851788938045501,0.667475163936615,6.0,2022-10-02
bg_29264,0.8721473217010498,0.3889905512332916,0.6933168172836304,4.0,2022-10-02
bg_29387,0.9007732272148132,0.374015748500824,0.694088876247406,6.0,2022-10-02
bg_29553,0.8819645047187805,0.4123745858669281,0.7137014269828796,9.0,2022-10-02
bg_29676,0.8924508690834045,0.3812523186206817,0.6938704252243042,7.0,2022-10-02
bg_29777,0.917670965194702,0.4153199791908264,0.7341382503509521,4.0,2022-10-02
bg_29908,0.8200725317001343,0.2445308715105056,0.5058462619781494,7.0,2022-10-02
bg_30264,0.8796296119689941,0.3688572943210602,0.6635935306549072,7.0,2022-10-02
bg_30343,0.8727169036865234,0.3794447183609009,0.6804165244102478,7.0,2022-10-02
bg_30409,0.8387384414672852,0.2321315556764602,0.5858887434005737,7.0,2022-10-02
bg_30490,0.8651350736618042,0.3706424832344055,0.6855055689811707,5.0,2022-10-02
bg_31040,0.8939550518989563,0.4226282238960266,0.7151890993118286,4.0,2022-10-02
bg_31052,0.8867286443710327,0.3962374329566955,0.6981582641601562,7.0,2022-10-02
bg_31165,0.8787878751754761,0.3452621698379516,0.6626453995704651,5.0,2022-10-02
bg_31451,0.8371522426605225,0.3197216093540191,0.629249095916748,6.0,2022-10-02
bg_31524,0.8695233464241028,0.2995871305465698,0.6035242676734924,9.0,2022-10-02
bg_31627,0.8964536190032959,0.3554950058460235,0.6879780888557434,8.0,2022-10-02
bg_31668,0.9154139757156372,0.3862526714801788,0.689684271812439,4.0,2022-10-02
bg_31820,0.8970627784729004,0.412318080663681,0.7224811911582947,5.0,2022-10-02
bg_31838,0.8849053382873535,0.3823967576026916,0.7093241214752197,6.0,2022-10-02
bg_31988,0.8962088227272034,0.3902402520179748,0.6925508379936218,6.0,2022-10-02
bg_32053,0.856387734413147,0.3341498374938965,0.6462603807449341,8.0,2022-10-02
bg_32186,0.5686060786247253,0.172192245721817,0.3558980822563171,6.0,2022-10-02
bg_32273,0.8301197290420532,0.2996219396591186,0.6129117012023926,8.0,2022-10-02
bg_32421,0.8736007213592529,0.2918764054775238,0.6280829906463623,6.0,2022-10-02
bg_32491,0.9059731960296632,0.3639870285987854,0.6495006680488586,7.0,2022-10-02
bg_32527,0.8842772245407104,0.3775783181190491,0.6720802783966064,6.0,2022-10-02
bg_32925,0.8322399258613586,0.2496639639139175,0.5675394535064697,5.0,2022-10-02
bg_33112,0.8939716815948486,0.3200394213199615,0.6516380906105042,6.0,2022-10-02
bg_33221,0.8882439136505127,0.3707640767097473,0.6798391342163086,20.0,2022-10-02
bg_33634,0.4220402538776397,0.0228220764547586,0.2445954233407974,9.0,2022-10-02
bg_33726,0.8664886355400085,0.3858049213886261,0.6891230940818787,5.0,2022-10-02
bg_33849,0.8961474299430847,0.3330716490745544,0.6661965250968933,7.0,2022-10-02
bg_33877,0.8841401934623718,0.3606730997562408,0.6632140874862671,6.0,2022-10-02
bg_33973,0.8388521075248718,0.220736414194107,0.5559187531471252,7.0,2022-10-02
bg_34157,0.851897120475769,0.3357202708721161,0.638194739818573,4.0,2022-10-02
bg_34287,0.8135772347450256,0.1833830922842025,0.5246636867523193,5.0,2022-10-02
bg_34533,0.8346936106681824,0.3078695237636566,0.6092168688774109,6.0,2022-10-02
bg_34615,0.8821703791618347,0.4025235474109649,0.685046911239624,8.0,2022-10-02
bg_34787,0.8870571255683899,0.4039829969406128,0.7000824213027954,6.0,2022-10-02
bg_34804,0.5715676546096802,0.1152702495455741,0.1975514888763427,7.0,2022-10-02
bg_34967,0.8715067505836487,0.2794281244277954,0.6153228878974915,5.0,2022-10-02
bg_35007,0.3295054733753204,0.138406366109848,0.3326497972011566,4.0,2022-10-02
bg_35246,0.8743608593940735,0.3518798947334289,0.6659877896308899,9.0,2022-10-02
bg_35256,0.7658624053001404,0.2734600007534027,0.5477429032325745,7.0,2022-10-02
bg_35401,0.8543785214424133,0.4017422497272491,0.6604840755462646,22.0,2022-10-02
bg_35555,0.8978869318962097,0.3547875881195068,0.6485654711723328,8.0,2022-10-02
bg_35833,0.8536608219146729,0.3434536159038543,0.6372869610786438,6.0,2022-10-02
bg_35893,0.8123827576637268,0.2284783571958542,0.5734962821006775,7.0,2022-10-02
bg_35907,0.8623332977294922,0.3299412131309509,0.6641770601272583,6.0,2022-10-02
bg_36196,0.8792718648910522,0.3352461159229278,0.6474624872207642,8.0,2022-10-02
bg_36297,0.8584462404251099,0.3098795413970947,0.625386655330658,6.0,2022-10-02
bg_36457,0.8446465730667114,0.2713102996349334,0.5982853770256042,5.0,2022-10-02
bg_36745,0.8811357021331787,0.3275837004184723,0.6476777791976929,7.0,2022-10-02
bg_36748,0.8682505488395691,0.3002928495407104,0.6515021324157715,5.0,2022-10-02
bg_36964,0.8422589898109436,0.3109217584133148,0.6128523349761963,7.0,2022-10-02
bg_37004,0.8980226516723633,0.3312721848487854,0.6663568615913391,6.0,2022-10-02
bg_37145,0.8991466164588928,0.4294260442256927,0.7182022333145142,5.0,2022-10-02
bg_38070,0.8504902124404907,0.2172510921955108,0.5416028499603271,5.0,2022-10-02
bg_38213,0.9059789776802064,0.4387145936489105,0.7252633571624756,7.0,2022-10-02
bg_38253,0.8347793817520142,0.3409203588962555,0.655168354511261,8.0,2022-10-02
bg_38461,0.8778448700904846,0.3323036134243011,0.6664637327194214,6.0,2022-10-02
bg_38676,0.8868722915649414,0.2912115454673767,0.6206132173538208,6.0,2022-10-02
bg_38801,0.8448794484138489,0.1936958581209182,0.5369555950164795,6.0,2022-10-02
bg_38967,0.862748920917511,0.3855993151664734,0.6761297583580017,6.0,2022-10-02
bg_39065,0.8779565691947937,0.3418751955032348,0.6620149612426758,6.0,2022-10-02
bg_40191,0.9030329585075378,0.3982857465744018,0.7028194069862366,6.0,2022-10-02
bg_40216,0.8905693292617798,0.3979250192642212,0.6977230906486511,6.0,2022-10-02
bg_40572,0.8758620619773865,0.3225953578948974,0.6279168725013733,7.0,2022-10-02
bg_40753,0.8796241879463196,0.369242787361145,0.6910098791122437,5.0,2022-10-02
bg_40805,0.8847517967224121,0.3480101525783539,0.6594051122665405,7.0,2022-10-02
bg_40913,0.9062168598175048,0.4171536862850189,0.7194258570671082,5.0,2022-10-02
bg_41308,0.8686197996139526,0.3746459186077118,0.6890456676483154,6.0,2022-10-02
bg_41372,0.8449606895446777,0.2554944455623626,0.5913798213005066,6.0,2022-10-02
bg_41391,0.9190090298652648,0.390144944190979,0.6636300086975098,9.0,2022-10-02
bg_41474,0.8976640701293945,0.32231405377388,0.6087695360183716,7.0,2022-10-02
bg_41524,0.8481012582778931,0.3805935978889465,0.6612933874130249,7.0,2022-10-02
bg_41747,0.8506293892860413,0.3716244995594024,0.6640665531158447,3.0,2022-10-02
bg_41787,0.8906754851341248,0.3814908266067505,0.6720840334892273,4.0,2022-10-02
bg_41983,0.867911696434021,0.3518276512622833,0.6634179353713989,6.0,2022-10-02
bg_42252,0.8776704668998718,0.3250428736209869,0.6581701040267944,7.0,2022-10-02
bg_42400,0.8791503310203552,0.3360261023044586,0.6412103772163391,7.0,2022-10-02
bg_42500,0.8847969770431519,0.3257490992546081,0.6574631333351135,7.0,2022-10-02
bg_42565,0.9085549712181092,0.4230355620384216,0.7170529365539551,6.0,2022-10-02
bg_42679,0.837865948677063,0.3682294189929962,0.6368052363395691,6.0,2022-10-02
bg_42804,0.8846625685691833,0.3529824614524841,0.6703939437866211,5.0,2022-10-02
bg_42842,0.8832423090934753,0.3901301920413971,0.6914935111999512,9.0,2022-10-02
bg_43068,0.8697252869606018,0.2387096583843231,0.5928525924682617,5.0,2022-10-02
bg_43069,0.8707154989242554,0.3296088576316833,0.65794438123703,6.0,2022-10-02
bg_43080,0.8867509365081787,0.3163819909095764,0.6392899751663208,7.0,2022-10-02
bg_43782,0.8669165968894958,0.3117254674434662,0.6342769861221313,5.0,2022-10-02
bg_44069,0.7784430980682373,0.2687789499759674,0.4939341247081756,7.0,2022-10-02
bg_44074,0.875662624835968,0.3442735075950622,0.6405353546142578,9.0,2022-10-02
bg_44312,0.8358662724494934,0.2459611445665359,0.5121484994888306,5.0,2022-10-02
bg_44326,0.8893958926200867,0.3247174620628357,0.6630374193191528,4.0,2022-10-02
bg_44404,0.868385374546051,0.2623953223228454,0.6135435104370117,5.0,2022-10-02
bg_44911,0.8812485337257385,0.3427135646343231,0.6713665723800659,7.0,2022-10-02
bg_45248,0.8588215708732605,0.3509076237678528,0.6608423590660095,6.0,2022-10-02
bg_45328,0.8980352878570557,0.3476088643074035,0.6674677729606628,5.0,2022-10-02
bg_45532,0.8741092681884766,0.2511123120784759,0.5706486105918884,7.0,2022-10-02
bg_45833,0.8818076252937317,0.349072515964508,0.6791020035743713,7.0,2022-10-02
bg_45958,0.9032219052314758,0.3877439796924591,0.7119953036308289,4.0,2022-10-02
bg_46081,0.8928143382072449,0.3675785660743713,0.6831996440887451,6.0,2022-10-02
bg_46127,0.8353526592254639,0.3155838251113891,0.6356530785560608,6.0,2022-10-02
bg_46623,0.8126298785209656,0.2834053933620453,0.5862072110176086,12.0,2022-10-02
bg_46696,0.8663646578788757,0.4043252766132355,0.6996785402297974,3.0,2022-10-02
bg_46834,0.879870593547821,0.3354383707046509,0.6505950689315796,4.0,2022-10-02
bg_47388,0.8556765913963318,0.3776864409446716,0.6851961016654968,8.0,2022-10-02
bg_47649,0.8822073340415955,0.2423200458288192,0.5860474109649658,4.0,2022-10-02
bg_47823,0.838958740234375,0.2528052628040313,0.5559210777282715,7.0,2022-10-02
bg_47842,0.8700404763221741,0.3264957368373871,0.6305156350135803,7.0,2022-10-02
bg_48007,0.879936933517456,0.2122224420309066,0.5659722685813904,8.0,2022-10-02
bg_48257,0.8782945871353149,0.333605945110321,0.6645742654800415,6.0,2022-10-02
bg_48318,0.8800637722015381,0.3406732976436615,0.6462716460227966,8.0,2022-10-02
bg_48351,0.8875828385353088,0.3386684954166412,0.6685075759887695,8.0,2022-10-02
bg_48518,0.888198733329773,0.322555810213089,0.6283507347106934,5.0,2022-10-02
bg_49026,0.840015172958374,0.3564249575138092,0.6650922298431396,6.0,2022-10-02
bg_49097,0.8916855454444885,0.3117042779922485,0.6572670340538025,4.0,2022-10-02
bg_49220,0.8818631172180176,0.378836989402771,0.6893249154090881,7.0,2022-10-02
bg_49310,0.9124965667724608,0.3149088323116302,0.6546013951301575,3.0,2022-10-02
bg_49504,0.8535593152046204,0.3406033217906952,0.6360563635826111,5.0,2022-10-02
bg_49675,0.9084632992744446,0.3687878251075744,0.6808919906616211,5.0,2022-10-02
bg_49743,0.8682366013526917,0.3292573392391205,0.6420047879219055,7.0,2022-10-02
bg_6517,0.8842853307723999,0.3466721475124359,0.6773253083229065,8.0,2022-10-27
bg_21039,0.7634408473968506,0.3049205839633941,0.6159728169441223,5.0,2022-10-27
bg_26280,0.8766544461250305,0.3606047034263611,0.6695489287376404,7.0,2022-10-27
bg_30339,0.882001519203186,0.3352172374725342,0.6461684107780457,7.0,2022-10-27
bg_33728,0.8691985607147217,0.2996465563774109,0.6295846104621887,6.0,2022-10-27
bg_4110,0.8416836857795715,0.3728454709053039,0.6758840084075928,2.0,2023-02-12
bg_11533,0.8822599649429321,0.4325665235519409,0.6913766860961914,3.0,2023-02-12
bg_2688,0.85820072889328,0.2495465576648712,0.5667963624000549,20.0,2023-03-16
bg_3826,0.8872248530387878,0.4389954209327698,0.7249656319618225,26.0,2023-03-16
bg_5440,0.6161623597145081,0.2388583719730377,0.4918793439865112,20.0,2023-03-16
bg_5735,0.7943276166915894,0.2214684039354324,0.5181501507759094,20.0,2023-03-16
bg_6665,0.7915745973587036,0.2620702087879181,0.546017587184906,22.0,2023-03-16
bg_6792,0.8613129258155823,0.3322441875934601,0.6346407532691956,26.0,2023-03-16
bg_6862,0.8054237365722656,0.2211837917566299,0.5497142672538757,19.0,2023-03-16
bg_8352,0.8823130130767822,0.4069959819316864,0.7089214324951172,26.0,2023-03-16
bg_9333,0.8734453916549683,0.3837414383888244,0.6915667653083801,22.0,2023-03-16
bg_9748,0.813065230846405,0.3619131445884704,0.6485323905944824,24.0,2023-03-16
bg_10239,0.8453531265258789,0.2846844494342804,0.5897822976112366,24.0,2023-03-16
bg_11888,0.8699994683265686,0.2302790731191635,0.5082359313964844,24.0,2023-03-16
bg_13993,0.9038565158843994,0.4865054786205292,0.7659327387809753,22.0,2023-03-16
bg_14488,0.8357428908348083,0.4042463600635528,0.6923925876617432,24.0,2023-03-16
bg_15549,0.7524460554122925,0.3204037547111511,0.5999860167503357,24.0,2023-03-16
bg_15706,0.7993894219398499,0.1774530410766601,0.513473629951477,19.0,2023-03-16
bg_16945,0.7567671537399292,0.2214179188013076,0.508854866027832,38.0,2023-03-16
bg_18218,0.8480061888694763,0.3130207061767578,0.620084285736084,20.0,2023-03-16
bg_19085,0.8104258179664612,0.2183093726634979,0.5030887126922607,24.0,2023-03-16
bg_20186,0.8393317461013794,0.2814240157604217,0.5967841744422913,26.0,2023-03-16
bg_21276,0.8697317838668823,0.1980558931827545,0.5619524121284485,21.0,2023-03-16
bg_21414,0.8869898915290833,0.2839946150779724,0.6445068120956421,26.0,2023-03-16
bg_22057,0.7736270427703857,0.1585775315761566,0.4917054772377014,20.0,2023-03-16
bg_23498,0.7951074838638306,0.2611065804958343,0.5585842132568359,40.0,2023-03-16
bg_24215,0.8121037483215332,0.3066898286342621,0.5918367505073547,19.0,2023-03-16
bg_25990,0.8747352361679077,0.2057040184736251,0.5511435270309448,22.0,2023-03-16
bg_26065,0.8030476570129395,0.1935804188251495,0.4770062565803528,48.0,2023-03-16
bg_26337,0.7643011212348938,0.1609578877687454,0.4489393830299377,20.0,2023-03-16
bg_26596,0.7529501914978027,0.1393580585718155,0.4538902342319488,20.0,2023-03-16
bg_26771,0.8811673521995544,0.3555355668067932,0.6644335985183716,24.0,2023-03-16
bg_27183,0.8176676630973816,0.2559196352958679,0.597825288772583,22.0,2023-03-16
bg_27447,0.874187171459198,0.381541758775711,0.6580744385719299,44.0,2023-03-16
bg_28069,0.8003175258636475,0.3034290075302124,0.6333393454551697,24.0,2023-03-16
bg_29066,0.863113284111023,0.283070832490921,0.6002228856086731,22.0,2023-03-16
bg_32396,0.8939346075057983,0.391083300113678,0.7036784291267395,24.0,2023-03-16
bg_32730,0.8680586814880371,0.3861826658248901,0.6826762557029724,24.0,2023-03-16
bg_34000,0.8300060629844666,0.2279567718505859,0.5380898714065552,40.0,2023-03-16
bg_34636,0.8874322772026062,0.2901797890663147,0.6320006847381592,24.0,2023-03-16
bg_36699,0.8691436648368835,0.261463314294815,0.5654973983764648,20.0,2023-03-16
bg_38116,0.8509804010391235,0.3975903689861297,0.6921373009681702,23.0,2023-03-16
bg_39519,0.8296224474906921,0.4459404349327087,0.6843783259391785,23.0,2023-03-16
bg_40892,0.8641024231910706,0.3869248330593109,0.6829749941825867,24.0,2023-03-16
bg_41288,0.8555967211723328,0.1832065880298614,0.5660574436187744,24.0,2023-03-16
bg_41838,0.8691918849945068,0.3821946978569031,0.6860553026199341,26.0,2023-03-16
bg_43732,0.8183320164680481,0.274585485458374,0.5779317617416382,20.0,2023-03-16
bg_44439,0.4581671059131622,0.1249674037098884,0.2845476567745209,22.0,2023-03-16
bg_45828,0.8306320309638977,0.2132814228534698,0.5450678467750549,24.0,2023-03-16
bg_45850,0.8034965395927429,0.1730304360389709,0.45759117603302,22.0,2023-03-16
bg_46187,0.8943754434585571,0.3847754597663879,0.6945419311523438,36.0,2023-03-16
bg_46534,0.872658908367157,0.2548745572566986,0.6021586656570435,24.0,2023-03-16
bg_47573,0.5862109661102295,0.0128795644268393,0.2175967693328857,26.0,2023-03-16
bg_48382,0.7976298928260803,0.3078027963638305,0.6107211112976074,21.0,2023-03-16
bg_4127,0.5376046299934387,0.1332530826330185,0.3676118850708008,8.0,2023-05-28
bg_6757,0.8448159098625183,0.390760600566864,0.6816619634628296,6.0,2023-05-28
bg_9763,0.6257786154747009,0.1244689598679542,0.3774227499961853,4.0,2023-05-28
bg_12536,0.7393069267272949,0.2967573702335357,0.5687509775161743,10.0,2023-05-28
bg_14223,0.7382198572158813,0.3251079618930816,0.5930901765823364,7.0,2023-05-28
bg_14707,0.7484028935432434,0.20879727602005,0.5140344500541687,12.0,2023-05-28
bg_17507,0.3987262845039367,0.0566980428993701,0.2777499556541443,6.0,2023-05-28
bg_21898,0.6927666068077087,0.2408947944641113,0.5468483567237854,7.0,2023-05-28
bg_22404,0.7445284724235535,0.377976506948471,0.6730241775512695,8.0,2023-05-28
bg_23040,0.588998019695282,0.1041574850678443,0.3609004914760589,10.0,2023-05-28
bg_23675,0.85182785987854,0.3394657969474792,0.6373708248138428,4.0,2023-05-28
bg_26901,0.806175947189331,0.3274669647216797,0.6500967741012573,6.0,2023-05-28
bg_27959,0.8177473545074463,0.42037433385849,0.6733452081680298,8.0,2023-05-28
bg_27964,0.7343083620071411,0.2689949572086334,0.6000000238418579,5.0,2023-05-28
bg_31338,0.4763889908790588,0.0358591750264167,0.2660785913467407,8.0,2023-05-28
bg_32114,0.6086791753768921,0.0874985083937645,0.3401868343353271,8.0,2023-05-28
bg_32218,0.7137494087219238,0.3009229302406311,0.5781886577606201,7.0,2023-05-28
bg_32232,0.7655545473098755,0.2720511555671692,0.555371880531311,11.0,2023-05-28
bg_33081,0.8179210424423218,0.4303525388240814,0.7005559802055359,2.0,2023-05-28
bg_33277,0.8006823062896729,0.3779351115226745,0.6615788340568542,10.0,2023-05-28
bg_33666,0.6824877262115479,0.1816091984510421,0.4884169995784759,7.0,2023-05-28
bg_35442,0.7668576836585999,0.3753509819507599,0.6623215675354004,8.0,2023-05-28
bg_36302,0.6745256185531616,0.1407354176044464,0.4250014424324035,8.0,2023-05-28
bg_37365,0.7941489815711975,0.2795213162899017,0.5946296453475952,8.0,2023-05-28
bg_38819,0.7404876351356506,0.2585649788379669,0.5873554348945618,2.0,2023-05-28
bg_39731,,,,,2023-05-28
bg_40696,,,,,2023-05-28
bg_42437,0.6813235282897949,0.0974165722727775,0.3640241026878357,10.0,2023-05-28
bg_42465,0.73906409740448,0.2840723693370819,0.5776836276054382,8.0,2023-05-28
bg_42985,0.7229482531547546,0.2487639486789703,0.5300893783569336,11.0,2023-05-28
bg_43524,0.6774864196777344,0.1382331252098083,0.3874445557594299,10.0,2023-05-28
bg_43681,0.6297649145126343,0.2387259304523468,0.5170363187789917,8.0,2023-05-28
bg_43692,0.6530323028564453,0.0590324364602565,0.3197335004806518,4.0,2023-05-28
bg_44178,0.7834777235984802,0.2760155797004699,0.5973137021064758,2.0,2023-05-28
bg_44946,0.8377662897109985,0.3266509175300598,0.6325358152389526,6.0,2023-05-28
bg_45541,0.7225911617279053,0.1315676420927047,0.4285071194171905,10.0,2023-05-28
bg_47473,0.8006700277328491,0.4088698029518127,0.6694844961166382,7.0,2023-05-28
bg_47694,0.6473872661590576,0.1210069581866264,0.3883275389671325,10.0,2023-05-28
bg_48241,0.8535211086273193,0.3855062425136566,0.6789283752441406,5.0,2023-05-28
bg_48489,0.7297377586364746,0.2995204925537109,0.597082257270813,12.0,2023-05-28
bg_367,0.8016626834869385,0.2628065943717956,0.5572642683982849,5.0,2023-06-07
bg_615,0.8039497137069702,0.3187366724014282,0.6240282654762268,5.0,2023-06-07
bg_1158,0.8050824999809265,0.22671839594841,0.5513707399368286,10.0,2023-06-07
bg_1858,0.8061704039573669,0.2140155583620071,0.4895021915435791,4.0,2023-06-07
bg_2509,0.8095238208770752,0.2169884145259857,0.5548877716064453,5.0,2023-06-07
bg_3395,0.8202337622642517,0.2810610830783844,0.5894991755485535,4.0,2023-06-07
bg_4192,0.7607282400131226,0.2523246705532074,0.5304314494132996,11.0,2023-06-07
bg_4228,0.7528557181358337,0.2365234792232513,0.5330967903137207,12.0,2023-06-07
bg_5161,0.826686680316925,0.3434622287750244,0.6180610656738281,5.0,2023-06-07
bg_5297,0.8440400958061218,0.236861765384674,0.574508547782898,3.0,2023-06-07
bg_6294,0.7987749576568604,0.3225916922092438,0.5977004766464233,12.0,2023-06-07
bg_8518,0.7381419539451599,0.3177762627601623,0.6034518480300903,12.0,2023-06-07
bg_9259,0.7799792885780334,0.2642205059528351,0.5438073873519897,10.0,2023-06-07
bg_9432,0.8323212265968323,0.2680462598800659,0.5749931931495667,10.0,2023-06-07
bg_9799,0.8279076814651489,0.2424382418394088,0.5686402320861816,4.0,2023-06-07
bg_11066,0.656895637512207,0.279170274734497,0.5773585438728333,12.0,2023-06-07
bg_11220,0.7441234588623047,0.235955074429512,0.547116756439209,5.0,2023-06-07
bg_13877,0.7445439696311951,0.1717625111341476,0.4481966495513916,12.0,2023-06-07
bg_14308,0.8688324689865112,0.3451675176620483,0.6255131363868713,4.0,2023-06-07
bg_14849,0.7877349853515625,0.2214954942464828,0.5269960761070251,6.0,2023-06-07
bg_15010,0.7410822510719299,0.2363644987344741,0.5197738409042358,6.0,2023-06-07
bg_15024,0.780734121799469,0.3001865148544311,0.5906891226768494,12.0,2023-06-07
bg_16564,0.8559467792510986,0.3313305675983429,0.6474042534828186,6.0,2023-06-07
bg_17866,0.8787798881530762,0.3426344096660614,0.6691679358482361,2.0,2023-06-07
bg_19037,0.7765082716941833,0.2539694309234619,0.5779556035995483,12.0,2023-06-07
bg_20724,0.8326517939567566,0.2443400174379348,0.5359873175621033,5.0,2023-06-07
bg_22274,0.7871323227882385,0.3098667860031128,0.5668328404426575,10.0,2023-06-07
bg_22414,0.7251908183097839,0.2025249749422073,0.479851096868515,5.0,2023-06-07
bg_24105,0.6235724687576294,0.1110883206129074,0.4118827283382416,10.0,2023-06-07
bg_24228,0.8123885989189148,0.2373252958059311,0.5494613647460938,6.0,2023-06-07
bg_24968,0.8009597063064575,0.3266915678977966,0.6277056336402893,5.0,2023-06-07
bg_26851,0.8680202960968018,0.3455246984958648,0.6479360461235046,6.0,2023-06-07
bg_27315,0.1817087829113006,0.1235698014497757,0.2725874781608581,5.0,2023-06-07
bg_27519,0.7773494720458984,0.2928985953330993,0.6035040616989136,12.0,2023-06-07
bg_27667,0.8099547624588013,0.3151693642139435,0.6155585646629333,9.0,2023-06-07
bg_29129,0.0477523729205131,0.0539404675364494,0.144460916519165,6.0,2023-06-07
bg_29886,0.8129376173019409,0.2492508441209793,0.5633913278579712,8.0,2023-06-07
bg_29923,0.475084900856018,0.2572598755359649,0.5007477402687073,10.0,2023-06-07
bg_32139,0.7421510815620422,0.3273124098777771,0.548296332359314,8.0,2023-06-07
bg_32711,0.8165767788887024,0.35059255361557,0.6630496978759766,5.0,2023-06-07
bg_33177,0.8390069603919983,0.3272073268890381,0.6136003732681274,4.0,2023-06-07
bg_33460,0.8397775888442993,0.3653413355350494,0.6766467094421387,5.0,2023-06-07
bg_35161,0.796230673789978,0.293510228395462,0.5965312123298645,6.0,2023-06-07
bg_36486,0.391364574432373,0.0703374594449997,0.238134354352951,5.0,2023-06-07
bg_37007,0.7908629775047302,0.2697439789772033,0.5638463497161865,5.0,2023-06-07
bg_37556,0.5435077548027039,0.2935618758201599,0.5610658526420593,18.0,2023-06-07
bg_37616,0.8321743607521057,0.3003092408180237,0.5794697999954224,10.0,2023-06-07
bg_38343,0.8322769999504089,0.2729828357696533,0.5794720649719238,12.0,2023-06-07
bg_40301,0.777182400226593,0.3044163882732391,0.6172084808349609,11.0,2023-06-07
bg_40419,0.8337991833686829,0.3056788742542267,0.6109663248062134,4.0,2023-06-07
bg_41112,0.7589162588119507,0.2243217825889587,0.5361502170562744,5.0,2023-06-07
bg_41304,0.8772274255752563,0.3344979584217071,0.6412519812583923,4.0,2023-06-07
bg_42561,0.8464688062667847,0.2302795946598053,0.5492957830429077,3.0,2023-06-07
bg_42583,0.7451967597007751,0.2505069971084595,0.5557524561882019,12.0,2023-06-07
bg_44050,0.8494993448257446,0.3828547596931457,0.6635033488273621,8.0,2023-06-07
bg_44438,0.7939311861991882,0.1616826951503753,0.4755788147449493,6.0,2023-06-07
bg_44604,0.8514650464057922,0.3346235752105713,0.6458233594894409,5.0,2023-06-07
bg_45729,0.7051969170570374,0.2380221337080001,0.5283868312835693,6.0,2023-06-07
bg_45917,0.8291385173797607,0.344258576631546,0.630023717880249,6.0,2023-06-07
bg_47002,0.7440993785858154,0.2068617492914199,0.4979994893074035,7.0,2023-06-07
bg_47380,0.7808129191398621,0.2664351165294647,0.5582608580589294,12.0,2023-06-07
bg_48482,0.844710648059845,0.2761466205120086,0.6004471778869629,4.0,2023-06-07
bg_7400,0.7891209721565247,0.3198539912700653,0.6018601655960083,32.0,2023-06-26
bg_7629,0.8124895691871643,0.2034189105033874,0.5542717576026917,14.0,2023-06-26
bg_13454,0.5980849266052246,0.2542471885681152,0.5375611782073975,16.0,2023-06-26
bg_24855,0.6373158097267151,0.190273180603981,0.4969795346260071,24.0,2023-06-26
bg_25530,0.8140729069709778,0.3131967186927795,0.6319568753242493,21.0,2023-06-26
bg_27099,0.7705803513526917,0.2422473281621933,0.5410001873970032,20.0,2023-06-26
bg_29039,0.7708408236503601,0.2254653722047805,0.5114893913269043,26.0,2023-06-26
bg_32729,0.81735759973526,0.2208970487117767,0.5392354726791382,16.0,2023-06-26
bg_34377,0.7429975867271423,0.1485156416893005,0.4417029023170471,32.0,2023-06-26
bg_244,0.8884913325309753,0.2818198204040527,0.5900867581367493,11.0,2023-07-03
bg_755,0.8831505179405212,0.358074426651001,0.6571692824363708,4.0,2023-07-03
bg_780,0.8809245824813843,0.3040159940719604,0.6100302338600159,13.0,2023-07-03
bg_1050,0.8247281908988953,0.3001866042613983,0.5681400895118713,14.0,2023-07-03
bg_1765,0.8915401101112366,0.3597929179668426,0.6623579859733582,17.0,2023-07-03
bg_2572,0.8140862584114075,0.2832703292369842,0.5893368721008301,4.0,2023-07-03
bg_3659,0.8321004509925842,0.2901133298873901,0.5923901796340942,8.0,2023-07-03
bg_4296,0.7859274744987488,0.2977997958660126,0.6120092272758484,5.0,2023-07-03
bg_4486,0.857711911201477,0.2939494252204895,0.5906680226325989,10.0,2023-07-03
bg_5173,0.887503445148468,0.3351988792419433,0.6466213464736938,2.0,2023-07-03
bg_5183,0.8779186010360718,0.1714523732662201,0.5018949508666992,7.0,2023-07-03
bg_7186,0.8422477841377258,0.342633306980133,0.6368355751037598,14.0,2023-07-03
bg_7392,0.7950876951217651,0.3096720576286316,0.5884377956390381,6.0,2023-07-03
bg_7813,0.8505523204803467,0.2459230273962021,0.6026851534843445,7.0,2023-07-03
bg_8918,0.8080428838729858,0.4006733894348144,0.6444666981697083,7.0,2023-07-03
bg_8977,0.87795490026474,0.3493208587169647,0.6615167260169983,8.0,2023-07-03
bg_9134,0.7930463552474976,0.2177061140537262,0.5269709825515747,11.0,2023-07-03
bg_11210,0.8393861055374146,0.2829461693763733,0.5570711493492126,12.0,2023-07-03
bg_11439,0.8359495997428894,0.2916221618652344,0.5885885953903198,9.0,2023-07-03
bg_11682,0.8532595634460449,0.2596063911914825,0.5402522087097168,9.0,2023-07-03
bg_11852,0.8119160532951355,0.2700690031051636,0.6003376841545105,8.0,2023-07-03
bg_11893,0.7269527316093445,0.2003692090511322,0.4724625945091247,14.0,2023-07-03
bg_13039,0.56938636302948,0.077639639377594,0.3251759111881256,4.0,2023-07-03
bg_13152,0.766056478023529,0.2355894446372985,0.5250086784362793,14.0,2023-07-03
bg_13201,0.8594672083854675,0.3290626108646393,0.6237147450447083,10.0,2023-07-03
bg_14357,0.8621670007705688,0.3296945989131927,0.6231136918067932,6.0,2023-07-03
bg_14361,0.8521879315376282,0.3315873742103576,0.6087851524353027,17.0,2023-07-03
bg_15183,0.853825569152832,0.2963935136795044,0.5922102928161621,12.0,2023-07-03
bg_15515,0.7855877876281738,0.2695798277854919,0.5607624650001526,14.0,2023-07-03
bg_15518,0.7920330762863159,0.2792146801948547,0.579119086265564,9.0,2023-07-03
bg_17548,0.9044635891914368,0.3121308386325836,0.6322532296180725,7.0,2023-07-03
bg_17758,0.8268232941627502,0.332536369562149,0.6452644467353821,5.0,2023-07-03
bg_18190,0.8458387851715088,0.3136020302772522,0.630673348903656,6.0,2023-07-03
bg_19151,0.8998557329177856,0.303862601518631,0.6135467886924744,10.0,2023-07-03
bg_19223,0.8478873372077942,0.3047726452350616,0.6252101063728333,5.0,2023-07-03
bg_19941,0.511393666267395,0.1400797814130783,0.3368465006351471,4.0,2023-07-03
bg_20338,0.6275992393493652,0.1577323377132415,0.4291677474975586,13.0,2023-07-03
bg_20523,0.8588667511940002,0.2888655066490173,0.5884472727775574,12.0,2023-07-03
bg_20622,0.7327356934547424,0.2181118577718734,0.4558729529380798,12.0,2023-07-03
bg_21776,0.8378399014472961,0.3637345433235168,0.6485944390296936,6.0,2023-07-03
bg_22594,0.7185341119766235,0.2074452191591262,0.4543027877807617,4.0,2023-07-03
bg_22801,0.9018062353134156,0.3853110074996948,0.6928842067718506,4.0,2023-07-03
bg_23361,0.5970003008842468,0.200628399848938,0.4464611411094665,6.0,2023-07-03
bg_24506,0.886609673500061,0.3718819320201874,0.6786085963249207,12.0,2023-07-03
bg_24508,0.8339483141899109,0.2959582805633545,0.5742016434669495,13.0,2023-07-03
bg_26157,0.8847671747207642,0.3376775681972503,0.6353363990783691,7.0,2023-07-03
bg_26255,0.8030900955200195,0.185233473777771,0.4558966159820556,14.0,2023-07-03
bg_27740,0.7957272529602051,0.3116380572319031,0.6088989973068237,12.0,2023-07-03
bg_30528,0.8236861228942871,0.3492205739021301,0.6473419666290283,5.0,2023-07-03
bg_30535,0.8371082544326782,0.2682934105396271,0.462859034538269,6.0,2023-07-03
bg_32260,0.8481528759002686,0.3138878345489502,0.609276294708252,14.0,2023-07-03
bg_33525,0.8480935096740723,0.2769329845905304,0.5789528489112854,10.0,2023-07-03
bg_33633,0.8681542873382568,0.3057611584663391,0.6298428177833557,8.0,2023-07-03
bg_34111,0.8294864892959595,0.3693434298038482,0.6506229043006897,8.0,2023-07-03
bg_35165,0.8404279351234436,0.2665973901748657,0.5754804015159607,8.0,2023-07-03
bg_36848,0.8744029998779297,0.2944648861885071,0.6183047294616699,10.0,2023-07-03
bg_37763,0.8622331023216248,0.3014770746231079,0.603195309638977,6.0,2023-07-03
bg_38030,0.8111659288406372,0.3230591118335724,0.6250001192092896,8.0,2023-07-03
bg_38661,0.8169934749603271,0.2989076375961303,0.5909183025360107,7.0,2023-07-03
bg_38839,0.8259854316711426,0.2454140186309814,0.5764645338058472,16.0,2023-07-03
bg_39231,0.8854394555091858,0.3275210857391357,0.6333333253860474,3.0,2023-07-03
bg_39535,0.8594339489936829,0.3156077563762665,0.6313185095787048,8.0,2023-07-03
bg_39679,0.8539326190948486,0.2176783233880996,0.5423925518989563,9.0,2023-07-03
bg_41548,0.8556446433067322,0.3175646066665649,0.6089863777160645,5.0,2023-07-03
bg_42050,0.8697764873504639,0.3176988065242767,0.6262087821960449,5.0,2023-07-03
bg_42335,0.772230863571167,0.230968177318573,0.5256690979003906,13.0,2023-07-03
bg_43063,0.8690513372421265,0.3083057403564453,0.6149200797080994,16.0,2023-07-03
bg_43366,0.7788131237030029,0.2367137670516967,0.4895800352096557,6.0,2023-07-03
bg_44237,0.8955632448196411,0.3259570896625519,0.6073178648948669,4.0,2023-07-03
bg_45812,0.851913571357727,0.2463503032922744,0.5631027817726135,6.0,2023-07-03
bg_45841,0.8049264550209045,0.2843589186668396,0.6173222064971924,6.0,2023-07-03
bg_46524,0.7879018187522888,0.2467349022626876,0.5228161811828613,5.0,2023-07-03
bg_46704,0.6741198897361755,0.1613871753215789,0.4747107326984405,12.0,2023-07-03
bg_47175,0.7129140496253967,0.2301327288150787,0.47807577252388,11.0,2023-07-03
bg_47263,0.8445353507995605,0.2546213567256927,0.5657268166542053,5.0,2023-07-03
bg_47440,0.8597840070724487,0.349986732006073,0.6671306490898132,7.0,2023-07-03
bg_47524,0.8068031668663025,0.2878344058990478,0.5996508002281189,4.0,2023-07-03
bg_48224,0.8122045397758484,0.3117631077766418,0.602438747882843,12.0,2023-07-03
bg_48507,0.5849624276161194,0.1924181431531906,0.4284569323062897,7.0,2023-07-03
bg_48639,0.8447942733764648,0.2792898714542389,0.580672025680542,8.0,2023-07-03
bg_48896,0.8073619604110718,0.2764259874820709,0.5713233351707458,5.0,2023-07-03
bg_49997,0.8429751992225647,0.27137091755867,0.5687041282653809,10.0,2023-07-03
bg_72,0.8541839122772217,0.3667157590389251,0.6750418543815613,7.0,2023-07-07
bg_119,0.8954448103904724,0.3235103189945221,0.6292343139648438,7.0,2023-07-07
bg_521,0.3851041197776794,0.172393187880516,0.3552063405513763,1.0,2023-07-07
bg_895,0.8741750717163086,0.3340050280094147,0.6457427144050598,9.0,2023-07-07
bg_923,0.7325290441513062,0.2415473312139511,0.5487368702888489,24.0,2023-07-07
bg_1004,0.474441796541214,0.1529581695795059,0.3250414729118347,1.0,2023-07-07
bg_1189,0.7060148119926453,0.3479034006595611,0.6109338998794556,1.0,2023-07-07
bg_1263,0.8696209788322449,0.4028833210468292,0.6998075842857361,8.0,2023-07-07
bg_1492,0.812975287437439,0.2635066509246826,0.5805026888847351,8.0,2023-07-07
bg_2643,0.8618797659873962,0.2927379012107849,0.5878992676734924,4.0,2023-07-07
bg_2942,0.6968262195587158,0.0906438529491424,0.3619127869606018,14.0,2023-07-07
bg_2965,0.8253220915794373,0.2794333100318908,0.5491815805435181,2.0,2023-07-07
bg_3155,0.9052085280418396,0.3531989157199859,0.661253035068512,4.0,2023-07-07
bg_3491,0.8060891628265381,0.3318029344081878,0.6492602229118347,8.0,2023-07-07
bg_3762,0.4802611470222473,0.1596883833408355,0.3437783718109131,2.0,2023-07-07
bg_3858,,,,,2023-07-07
bg_4207,0.8744197487831116,0.3145990371704101,0.6213017702102661,1.0,2023-07-07
bg_4720,0.75094074010849,0.2346034497022628,0.5066307187080383,6.0,2023-07-07
bg_5207,,,,,2023-07-07
bg_5463,0.904009222984314,0.4021291732788086,0.7025163769721985,3.0,2023-07-07
bg_5526,0.8207100629806519,0.3265862166881561,0.6384451389312744,7.0,2023-07-07
bg_6018,0.8277945518493652,0.3501558601856231,0.6496250629425049,5.0,2023-07-07
bg_6226,0.519424557685852,0.1725383549928665,0.3094440400600433,2.0,2023-07-07
bg_6254,0.8922340869903564,0.3761352002620697,0.686548113822937,4.0,2023-07-07
bg_6410,0.8872313499450684,0.4155129790306091,0.6998406052589417,1.0,2023-07-07
bg_6484,0.8866737484931946,0.3365477323532104,0.6514958739280701,4.0,2023-07-07
bg_6783,0.8394290804862976,0.3194688856601715,0.6329439878463745,1.0,2023-07-07
bg_6983,,,,,2023-07-07
bg_7610,0.8868163228034973,0.3480912744998932,0.6642498970031738,1.0,2023-07-07
bg_7712,0.8486747145652771,0.2733609974384308,0.5976676344871521,1.0,2023-07-07
bg_7852,0.8937973976135254,0.2921296954154968,0.6060549020767212,1.0,2023-07-07
bg_7963,0.868528425693512,0.3408580124378204,0.6342900395393372,16.0,2023-07-07
bg_8243,0.6079994440078735,0.2472990900278091,0.5001770853996277,6.0,2023-07-07
bg_8645,0.7876805663108826,0.3322634398937225,0.5876380801200867,6.0,2023-07-07
bg_8657,0.8346184492111206,0.2877401411533355,0.6091974377632141,14.0,2023-07-07
bg_8944,0.6945512890815735,0.2830385565757751,0.5657099485397339,12.0,2023-07-07
bg_9166,0.5762943029403687,0.1095660477876663,0.3234200775623321,1.0,2023-07-07
bg_9288,0.1014188155531883,0.101997897028923,0.2186046540737152,1.0,2023-07-07
bg_9391,0.8869718909263611,0.2190675735473632,0.5869724750518799,2.0,2023-07-07
bg_9397,0.7598382830619812,0.2952647805213928,0.5751721262931824,4.0,2023-07-07
bg_9610,0.8052569627761841,0.3050960600376129,0.6151430010795593,8.0,2023-07-07
bg_9657,0.8364549875259399,0.362816572189331,0.6617514491081238,2.0,2023-07-07
bg_9679,0.8644799590110779,0.3457944095134735,0.669887900352478,5.0,2023-07-07
bg_9915,0.7490099668502808,0.3456045985221863,0.6220827698707581,2.0,2023-07-07
bg_10058,0.906075954437256,0.3661828637123108,0.6686313152313232,6.0,2023-07-07
bg_10107,0.8080717325210571,0.2868426144123077,0.5851922035217285,5.0,2023-07-07
bg_10390,0.8280081152915955,0.327193945646286,0.6157970428466797,4.0,2023-07-07
bg_10391,0.8443803787231445,0.363364577293396,0.6752387881278992,7.0,2023-07-07
bg_10448,0.743962824344635,0.381609559059143,0.6499741077423096,8.0,2023-07-07
bg_10781,0.8343419432640076,0.3106996119022369,0.597415566444397,6.0,2023-07-07
bg_11201,0.8543493151664734,0.3820665180683136,0.6729944944381714,7.0,2023-07-07
bg_11353,0.8114187121391296,0.2561583817005157,0.567710280418396,3.0,2023-07-07
bg_11363,0.6617339253425598,0.3213425576686859,0.6245153546333313,6.0,2023-07-07
bg_12131,0.7914690375328064,0.2332320064306259,0.5476952195167542,12.0,2023-07-07
bg_12171,0.8207318186759949,0.3081415593624115,0.6147223114967346,4.0,2023-07-07
bg_12282,0.8477964401245117,0.2929147779941559,0.6110862493515015,3.0,2023-07-07
bg_12856,0.89241623878479,0.3725615441799164,0.6762350797653198,3.0,2023-07-07
bg_13065,0.8735745549201965,0.2605977654457092,0.5883615612983704,2.0,2023-07-07
bg_13067,0.9111111164093018,0.3182602226734161,0.6404387354850769,1.0,2023-07-07
bg_13102,0.6230952739715576,0.1131536215543747,0.3821886479854584,2.0,2023-07-07
bg_13226,0.818347156047821,0.3203714489936828,0.6216270327568054,8.0,2023-07-07
bg_13608,0.8005609512329102,0.3421045839786529,0.5806427001953125,2.0,2023-07-07
bg_13901,0.8715032339096069,0.3508027195930481,0.6552473902702332,5.0,2023-07-07
bg_14546,0.7481964826583862,0.2539970874786377,0.5417024493217468,6.0,2023-07-07
bg_14645,0.5726680755615234,0.1753632128238678,0.400627851486206,3.0,2023-07-07
bg_14872,0.8297829031944275,0.3605791330337524,0.6575879454612732,30.0,2023-07-07
bg_15106,0.6601616144180298,0.2366098314523697,0.5148992538452148,4.0,2023-07-07
bg_15194,0.8431384563446045,0.3621790111064911,0.6622540354728699,8.0,2023-07-07
bg_15717,0.8592156767845154,0.299236387014389,0.6166585087776184,8.0,2023-07-07
bg_15745,0.8071686625480652,0.3070739507675171,0.590220034122467,3.0,2023-07-07
bg_16170,0.8564516305923462,0.3663514852523803,0.6828885674476624,9.0,2023-07-07
bg_16283,0.8609514832496643,0.3542282581329345,0.6631262898445129,8.0,2023-07-07
bg_16303,0.851574718952179,0.3353799879550934,0.6265637874603271,6.0,2023-07-07
bg_16393,0.8971815705299377,0.3368182778358459,0.6318087577819824,6.0,2023-07-07
bg_16460,0.0184615384787321,0.0711974129080772,0.1774121820926666,1.0,2023-07-07
bg_16563,,,,,2023-07-07
bg_16787,0.8273354768753052,0.2683483362197876,0.5769950747489929,6.0,2023-07-07
bg_16853,0.8453598618507385,0.3447762727737427,0.6579411625862122,26.0,2023-07-07
bg_16921,0.8250747919082642,0.3216164112091064,0.6255574226379395,4.0,2023-07-07
bg_17357,0.9089449644088744,0.3815882503986358,0.68797367811203,4.0,2023-07-07
bg_17435,,,,,2023-07-07
bg_17438,0.8817967772483826,0.3414219915866852,0.6576652526855469,20.0,2023-07-07
bg_17581,0.9010030031204224,0.3265096247196197,0.6388410329818726,2.0,2023-07-07
bg_17644,0.692158579826355,0.3339379429817199,0.5816118121147156,18.0,2023-07-07
bg_17713,0.868676483631134,0.3165160417556762,0.6050408482551575,4.0,2023-07-07
bg_17782,,,,,2023-07-07
bg_17966,,,,,2023-07-07
bg_18111,0.8136178851127625,0.2887383699417114,0.5969922542572021,6.0,2023-07-07
bg_18138,0.5036965012550354,0.3003672659397125,0.5230877995491028,2.0,2023-07-07
bg_18195,0.7372697591781616,0.1377115100622177,0.4270813465118408,2.0,2023-07-07
bg_18200,,,,,2023-07-07
bg_18206,0.9146118760108948,0.3894465863704681,0.697228193283081,12.0,2023-07-07
bg_18377,0.8592989444732666,0.3438239991664886,0.6600812673568726,10.0,2023-07-07
bg_18711,0.9143131375312804,0.1965211331844329,0.5368852019309998,2.0,2023-07-07
bg_19218,0.8947124481201172,0.3479623794555664,0.6578733921051025,1.0,2023-07-07
bg_19431,,,,,2023-07-07
bg_19630,0.8549597263336182,0.3378399014472961,0.6550478339195251,10.0,2023-07-07
bg_19660,0.7224180698394775,0.3069473206996918,0.5990160703659058,2.0,2023-07-07
bg_20046,0.7610847353935242,0.2722252607345581,0.5866608619689941,10.0,2023-07-07
bg_20311,0.8459945321083069,0.3522464036941528,0.6331081986427307,8.0,2023-07-07
bg_20314,0.0200072135776281,0.0549828074872493,0.1323871314525604,1.0,2023-07-07
bg_20511,0.6982795000076294,0.2357110977172851,0.525734007358551,10.0,2023-07-07
bg_21220,0.7953253984451294,0.1878437995910644,0.4889089167118072,12.0,2023-07-07
bg_21492,0.8016194105148315,0.3594329953193664,0.654275119304657,5.0,2023-07-07
bg_21648,0.7005782127380371,0.2641526162624359,0.5358319878578186,6.0,2023-07-07
bg_21662,0.873145580291748,0.3885902762413025,0.6877234578132629,3.0,2023-07-07
bg_21680,0.796467125415802,0.2776197791099548,0.5651931762695312,18.0,2023-07-07
bg_21848,,,,,2023-07-07
bg_21883,0.8533579707145691,0.3557362258434295,0.6543369889259338,7.0,2023-07-07
bg_21927,0.872410237789154,0.3210886418819427,0.6034441590309143,7.0,2023-07-07
bg_22006,0.8353983759880066,0.3832488656044006,0.6588677167892456,12.0,2023-07-07
bg_22446,0.7854543924331665,0.2422336935997009,0.5253705382347107,4.0,2023-07-07
bg_22484,0.8115656971931458,0.3522543609142303,0.6197245717048645,4.0,2023-07-07
bg_22516,0.8803921341896057,0.3927680850028991,0.6887349486351013,5.0,2023-07-07
bg_22635,,,,,2023-07-07
bg_22857,0.8578242063522339,0.3410215675830841,0.6546673774719238,22.0,2023-07-07
bg_22880,,,,,2023-07-07
bg_22973,0.8350858688354492,0.3736920952796936,0.6832490563392639,6.0,2023-07-07
bg_22976,,,,,2023-07-07
bg_23123,0.8443877696990967,0.3685897290706634,0.656108558177948,5.0,2023-07-07
bg_23267,0.8852065205574036,0.3122701644897461,0.6225713491439819,9.0,2023-07-07
bg_23754,0.8360520601272583,0.364380270242691,0.6661145687103271,12.0,2023-07-07
bg_24211,,,,,2023-07-07
bg_24396,0.8863307237625122,0.3459945917129516,0.6610470414161682,2.0,2023-07-07
bg_24419,0.8867231607437134,0.3489733338356018,0.6595923900604248,8.0,2023-07-07
bg_24898,0.8345900774002075,0.3197300732135772,0.6307164430618286,6.0,2023-07-07
bg_25256,0.8677684664726257,0.3323697447776794,0.6390684843063354,8.0,2023-07-07
bg_25265,0.8667292594909668,0.3173922896385193,0.6150673627853394,14.0,2023-07-07
bg_25289,0.8229342103004456,0.2497109770774841,0.5815654397010803,3.0,2023-07-07
bg_25478,0.6461741328239441,0.2251904010772705,0.4773080945014953,2.0,2023-07-07
bg_25819,0.8968282341957092,0.368548721075058,0.6839019656181335,6.0,2023-07-07
bg_25875,0.8226051926612854,0.2772169411182403,0.602824330329895,19.0,2023-07-07
bg_25953,0.8559858202934265,0.3255180418491363,0.6354053020477295,14.0,2023-07-07
bg_25978,0.889788031578064,0.3690675497055053,0.6881239414215088,1.0,2023-07-07
bg_26104,0.9016700387001038,0.4679518043994903,0.7629865407943726,1.0,2023-07-07
bg_26153,0.8844110369682312,0.3738884031772613,0.6883007884025574,2.0,2023-07-07
bg_26513,0.3909737169742584,0.1270292699337005,0.2960031926631927,2.0,2023-07-07
bg_27043,,,,,2023-07-07
bg_27244,0.0181543063372373,0.1014729887247085,0.2323186099529266,1.0,2023-07-07
bg_27349,0.8693084120750427,0.295867919921875,0.6099033355712891,2.0,2023-07-07
bg_27470,0.8353790640830994,0.2790029048919678,0.5904259085655212,2.0,2023-07-07
bg_27484,0.8364012837409973,0.3067397475242615,0.6210991740226746,22.0,2023-07-07
bg_27680,0.8236566781997681,0.3615871071815491,0.641058087348938,16.0,2023-07-07
bg_28230,0.7319587469100952,0.3211009204387665,0.5558986067771912,1.0,2023-07-07
bg_28510,0.7834877371788025,0.2805089056491852,0.6063414216041565,10.0,2023-07-07
bg_28685,0.6242979764938354,0.2074897587299347,0.4325993061065674,4.0,2023-07-07
bg_29086,0.6665287613868713,0.2359619438648224,0.4765395820140838,1.0,2023-07-07
bg_29177,0.8788670897483826,0.2348224520683288,0.5524752736091614,1.0,2023-07-07
bg_29511,-0.0189813021570444,0.107104867696762,0.23747219145298,2.0,2023-07-07
bg_30099,0.7700244188308716,0.2953103482723236,0.5900625586509705,8.0,2023-07-07
bg_30271,0.7350407838821411,0.2992094457149505,0.5705959796905518,2.0,2023-07-07
bg_30411,0.8878591060638428,0.3558166623115539,0.6532919406890869,2.0,2023-07-07
bg_30596,0.8415052890777588,0.385415643453598,0.6750743985176086,4.0,2023-07-07
bg_30837,,,,,2023-07-07
bg_30843,0.8173393607139587,0.310786485671997,0.6409669518470764,6.0,2023-07-07
bg_30987,0.8675870895385742,0.3063202202320099,0.634610116481781,5.0,2023-07-07
bg_31241,0.8610883951187134,0.3658672273159027,0.6755991578102112,4.0,2023-07-07
bg_31348,0.8740912079811096,0.3065466582775116,0.6188621520996094,8.0,2023-07-07
bg_31487,0.8550545573234558,0.3295982182025909,0.6424757838249207,5.0,2023-07-07
bg_31574,0.8259852528572083,0.3160262703895569,0.6197646260261536,24.0,2023-07-07
bg_31798,0.6745663285255432,0.1537735909223556,0.4505878388881683,14.0,2023-07-07
bg_32165,0.42303666472435,0.0565180219709873,0.263064444065094,2.0,2023-07-07
bg_32287,,,,,2023-07-07
bg_32432,0.8686613440513611,0.3309881687164306,0.6487760543823242,10.0,2023-07-07
bg_32734,0.8499048948287964,0.433232694864273,0.7093483805656433,2.0,2023-07-07
bg_33341,0.8106255531311035,0.3436805605888366,0.6387954354286194,4.0,2023-07-07
bg_33547,0.6596187353134155,0.3128598928451538,0.5375722646713257,1.0,2023-07-07
bg_34087,0.6605042219161987,0.184160903096199,0.4643365144729614,5.0,2023-07-07
bg_34327,0.8370869159698486,0.3531782925128937,0.6536566615104675,3.0,2023-07-07
bg_34561,0.782278835773468,0.3458899557590484,0.6556041836738586,6.0,2023-07-07
bg_34570,0.8968227505683899,0.3227933943271637,0.6427761912345886,2.0,2023-07-07
bg_35055,0.8634504079818726,0.3405485153198242,0.6486320495605469,6.0,2023-07-07
bg_35146,0.8693479299545288,0.2962266802787781,0.6211147308349609,4.0,2023-07-07
bg_35278,0.7698792219161987,0.4041937589645386,0.6633833050727844,1.0,2023-07-07
bg_35340,0.3267472088336944,0.1725884228944778,0.2785974144935608,2.0,2023-07-07
bg_35877,0.879520833492279,0.3394028544425964,0.63993239402771,2.0,2023-07-07
bg_36158,0.6515167951583862,0.2887440919876098,0.571835458278656,12.0,2023-07-07
bg_36679,0.8285714387893677,0.272926777601242,0.5905974507331848,5.0,2023-07-07
bg_36913,0.692307710647583,0.2776142656803131,0.5586404800415039,7.0,2023-07-07
bg_36981,0.599734902381897,0.0917203798890113,0.3847486674785614,5.0,2023-07-07
bg_37077,0.8019548654556274,0.3238038122653961,0.6232852339744568,8.0,2023-07-07
bg_37110,0.6190226674079895,0.0760471820831298,0.3624633550643921,8.0,2023-07-07
bg_37525,0.8452259302139282,0.2978120148181915,0.6123079657554626,6.0,2023-07-07
bg_37565,0.782302975654602,0.3285048902034759,0.615177571773529,8.0,2023-07-07
bg_37901,0.5496221780776978,0.2392661869525909,0.4777804315090179,5.0,2023-07-07
bg_38224,0.8805328607559204,0.3533322811126709,0.661666989326477,1.0,2023-07-07
bg_38491,0.8736733198165894,0.3295370936393738,0.6457480788230896,1.0,2023-07-07
bg_38823,0.8617883324623108,0.3772095441818237,0.6775725483894348,18.0,2023-07-07
bg_38987,0.899592399597168,0.3114821910858154,0.6245012283325195,6.0,2023-07-07
bg_39308,,,,,2023-07-07
bg_39517,0.8465878963470459,0.3230112493038177,0.634976327419281,6.0,2023-07-07
bg_39839,0.8778138160705566,0.3288000822067261,0.6474732160568237,2.0,2023-07-07
bg_39896,,,,,2023-07-07
bg_39975,0.769429087638855,0.3349301517009735,0.6481025218963623,13.0,2023-07-07
bg_40228,0.6984842419624329,0.0479354485869407,0.3170295059680938,3.0,2023-07-07
bg_40261,0.8613084554672241,0.2768714129924774,0.5962247848510742,10.0,2023-07-07
bg_40268,0.6971470713615417,0.302907258272171,0.5579016804695129,4.0,2023-07-07
bg_40324,0.7932075262069702,0.3010803461074829,0.6085946559906006,5.0,2023-07-07
bg_40724,0.834289014339447,0.3080727458000183,0.6193107962608337,8.0,2023-07-07
bg_41430,0.8528896570205688,0.2957328557968139,0.5821402668952942,7.0,2023-07-07
bg_41580,0.8409039378166199,0.333524227142334,0.6680017709732056,4.0,2023-07-07
bg_41600,0.7115294933319092,0.3304305970668793,0.592126190662384,1.0,2023-07-07
bg_41620,0.5458167195320129,0.2359968274831771,0.4568210244178772,1.0,2023-07-07
bg_41623,0.8598061203956604,0.3540936112403869,0.6667172908782959,4.0,2023-07-07
bg_42183,0.852664589881897,0.3033769726753235,0.6125511527061462,3.0,2023-07-07
bg_42236,0.5408560037612915,0.0339425578713417,0.2739946246147156,3.0,2023-07-07
bg_42469,0.8621047139167786,0.4061792194843292,0.6901887655258179,8.0,2023-07-07
bg_42952,0.8747970461845398,0.3564808666706085,0.6513586640357971,1.0,2023-07-07
bg_43003,0.8166922330856323,0.2287445664405822,0.5279930830001831,3.0,2023-07-07
bg_43468,0.8481926918029785,0.1662876904010772,0.5197826027870178,2.0,2023-07-07
bg_43482,0.8851978778839111,0.3497578799724579,0.6771247386932373,2.0,2023-07-07
bg_43578,0.8235024809837341,0.2508143186569214,0.5326671600341797,7.0,2023-07-07
bg_43709,0.8787806630134583,0.3961476683616638,0.6856183409690857,24.0,2023-07-07
bg_44186,0.8454861640930176,0.3117958605289459,0.6387979984283447,2.0,2023-07-07
bg_44432,0.7787982225418091,0.3231446743011474,0.5915849208831787,4.0,2023-07-07
bg_44454,0.9158440828323364,0.3738534450531006,0.6799883246421814,2.0,2023-07-07
bg_44567,0.8048669695854187,0.2663156390190124,0.568069577217102,1.0,2023-07-07
bg_44664,0.8793982863426208,0.3288601636886596,0.6532425880432129,6.0,2023-07-07
bg_44920,0.6830304265022278,0.2156680822372436,0.4940843284130096,4.0,2023-07-07
bg_45294,0.8590624928474426,0.3170180320739746,0.5132035613059998,2.0,2023-07-07
bg_45345,0.7151632308959961,0.2994967103004455,0.5805956721305847,2.0,2023-07-07
bg_45486,0.861391007900238,0.3185151517391205,0.6234327554702759,2.0,2023-07-07
bg_45530,0.8181920647621155,0.2850264608860016,0.5939893126487732,4.0,2023-07-07
bg_45564,0.8454354405403137,0.2944644689559936,0.6196721196174622,1.0,2023-07-07
bg_45631,0.8046035766601562,0.255069375038147,0.5315824151039124,3.0,2023-07-07
bg_45641,0.8351195454597473,0.25361368060112,0.5764872431755066,1.0,2023-07-07
bg_46092,0.8504377603530884,0.351381778717041,0.6557881832122803,10.0,2023-07-07
bg_46173,0.8869973421096802,0.2961444854736328,0.5964710712432861,16.0,2023-07-07
bg_46362,0.8889337778091431,0.2742388248443603,0.5991851687431335,2.0,2023-07-07
bg_46683,0.8788360953330994,0.3036934435367584,0.6235767602920532,2.0,2023-07-07
bg_47009,0.6013423204421997,0.245072990655899,0.4848223030567169,2.0,2023-07-07
bg_47078,0.790216863155365,0.3145780265331268,0.6013392806053162,6.0,2023-07-07
bg_47099,0.8716553449630737,0.3760098814964294,0.6425026655197144,20.0,2023-07-07
bg_47327,0.8207558393478394,0.3381054997444153,0.6466655731201172,2.0,2023-07-07
bg_47413,0.8757875561714172,0.3508345484733581,0.6284430623054504,5.0,2023-07-07
bg_47483,0.8363228440284729,0.3319780528545379,0.6416938304901123,5.0,2023-07-07
bg_47585,0.8827008605003357,0.305153876543045,0.6461241841316223,5.0,2023-07-07
bg_47857,,,,,2023-07-07
bg_48536,0.8600469827651978,0.2828457653522491,0.6111346483230591,10.0,2023-07-07
bg_48774,0.8709034323692322,0.3378556370735168,0.6664328575134277,2.0,2023-07-07
bg_48941,0.7299172282218933,0.2172617763280868,0.491327553987503,26.0,2023-07-07
bg_49055,0.6527839303016663,0.2299405634403228,0.4763226211071014,2.0,2023-07-07
bg_49076,,,,,2023-07-07
bg_49482,0.8804342746734619,0.3291424810886383,0.654642641544342,10.0,2023-07-07
bg_49598,0.7535830736160278,0.2852667868137359,0.5715312957763672,8.0,2023-07-07
bg_49935,0.8561530113220215,0.3371771574020386,0.6448943018913269,26.0,2023-07-07
bg_49973,0.8289531469345093,0.3017643392086029,0.6217660903930664,6.0,2023-07-07
bg_49993,0.8771792650222778,0.3436978161334991,0.6644181609153748,16.0,2023-07-07
bg_808,0.8686953783035278,0.2428691387176513,0.5590904951095581,6.0,2023-07-09
bg_900,0.8482070565223694,0.2878209352493286,0.6018483638763428,4.0,2023-07-09
bg_1196,0.8638191223144531,0.3920127153396606,0.696308434009552,8.0,2023-07-09
bg_1303,0.8634082674980164,0.3659521639347076,0.6721309423446655,12.0,2023-07-09
bg_1884,0.8304445147514343,0.2422630190849304,0.5495577454566956,10.0,2023-07-09
bg_2436,0.8038848638534546,0.2455658316612243,0.5628302097320557,6.0,2023-07-09
bg_2473,0.8351254463195801,0.2670807540416717,0.5901857018470764,17.0,2023-07-09
bg_2908,0.8086636662483215,0.2652724683284759,0.5627868175506592,4.0,2023-07-09
bg_3087,0.894645631313324,0.1705243587493896,0.4970531761646271,8.0,2023-07-09
bg_3113,,,,,2023-07-09
bg_3488,,,,,2023-07-09
bg_4246,0.7140778303146362,0.3247469961643219,0.5973377823829651,3.0,2023-07-09
bg_4697,,,,,2023-07-09
bg_5255,0.8719100952148438,0.3672548234462738,0.6519583463668823,1.0,2023-07-09
bg_5636,0.8952789902687073,0.3684536814689636,0.6806850433349609,1.0,2023-07-09
bg_6068,0.8247590661048889,0.2917728722095489,0.588580310344696,4.0,2023-07-09
bg_6877,0.7950025200843811,0.2656023204326629,0.5293443202972412,7.0,2023-07-09
bg_7012,0.8557959198951721,0.2827993333339691,0.5881062150001526,6.0,2023-07-09
bg_7532,0.8223714232444763,0.3071229159832001,0.6186761856079102,8.0,2023-07-09
bg_7644,0.8718807101249695,0.3231530487537384,0.6308172941207886,12.0,2023-07-09
bg_8306,0.8456855416297913,0.2870315611362457,0.5880623459815979,10.0,2023-07-09
bg_8467,,,,,2023-07-09
bg_8785,,,,,2023-07-09
bg_9307,0.7901797890663147,0.2933228611946106,0.5877102017402649,9.0,2023-07-09
bg_9328,,,,,2023-07-09
bg_9484,0.851313591003418,0.3270345628261566,0.6550616025924683,5.0,2023-07-09
bg_9776,0.6724511981010437,0.2430471628904342,0.5051244497299194,1.0,2023-07-09
bg_10313,0.7988431453704834,0.1998700201511383,0.4941239953041076,6.0,2023-07-09
bg_11101,0.9041460752487184,0.3341540098190307,0.6430371403694153,2.0,2023-07-09
bg_11253,0.8675282597541809,0.2859259247779846,0.602658748626709,3.0,2023-07-09
bg_11487,,,,,2023-07-09
bg_12463,0.8737761378288269,0.2557605504989624,0.5644210577011108,4.0,2023-07-09
bg_12470,0.8026593923568726,0.3214686214923858,0.6177253127098083,10.0,2023-07-09
bg_12897,,,,,2023-07-09
bg_13006,0.7544155716896057,0.3424977362155914,0.6442466378211975,4.0,2023-07-09
bg_13213,0.4949276745319366,0.1684564352035522,0.3213888108730316,2.0,2023-07-09
bg_13263,0.8086668252944946,0.294854462146759,0.5631194710731506,8.0,2023-07-09
bg_13722,0.779267430305481,0.2880956828594208,0.5704125165939331,11.0,2023-07-09
bg_14187,0.7622743844985962,0.1605288088321685,0.4273788034915924,10.0,2023-07-09
bg_14762,0.8579133152961731,0.3079390227794647,0.6229546666145325,6.0,2023-07-09
bg_14774,0.872941255569458,0.2750124931335449,0.5945708751678467,10.0,2023-07-09
bg_15279,0.7951294779777527,0.3293258845806122,0.5779816508293152,1.0,2023-07-09
bg_15632,0.7497119307518005,0.2282802015542984,0.5352881550788879,3.0,2023-07-09
bg_16012,0.918109118938446,0.338620126247406,0.665998101234436,8.0,2023-07-09
bg_16119,0.7936257719993591,0.2324881702661514,0.5331125855445862,11.0,2023-07-09
bg_16274,0.8199844360351562,0.2814550399780273,0.5803892016410828,14.0,2023-07-09
bg_16687,0.4712401330471039,0.0481727793812751,0.3098680078983307,7.0,2023-07-09
bg_17479,0.8375124335289001,0.2441451400518417,0.5466797947883606,12.0,2023-07-09
bg_17792,0.8026961088180542,0.2277256548404693,0.504045307636261,16.0,2023-07-09
bg_18113,0.877284586429596,0.4184502363204956,0.7058544754981995,6.0,2023-07-09
bg_18247,0.779104471206665,0.2236044555902481,0.4871990978717804,11.0,2023-07-09
bg_18331,0.8943833708763123,0.3125522136688232,0.6045724153518677,12.0,2023-07-09
bg_18757,0.6631237864494324,0.1822051852941513,0.4225097298622131,8.0,2023-07-09
bg_18902,,,,,2023-07-09
bg_18935,,,,,2023-07-09
bg_19102,0.5683425664901733,0.2255637049674987,0.4258978366851806,2.0,2023-07-09
bg_20405,0.8667899966239929,0.3484795093536377,0.6515130400657654,16.0,2023-07-09
bg_20411,0.5411617159843445,0.3329919874668121,0.6391111016273499,3.0,2023-07-09
bg_20476,0.8460211157798767,0.2995631396770477,0.6063768267631531,8.0,2023-07-09
bg_20629,0.6924794316291809,0.1730364710092544,0.441802442073822,14.0,2023-07-09
bg_20679,0.7460185289382935,0.2543531656265259,0.5448451042175293,8.0,2023-07-09
bg_20868,0.8046428561210632,0.2596998512744903,0.5680942535400391,4.0,2023-07-09
bg_21262,0.8885738849639893,0.3220471441745758,0.6217657327651978,6.0,2023-07-09
bg_21652,0.6045823693275452,0.1855016201734542,0.4575774073600769,10.0,2023-07-09
bg_21795,0.8732089996337891,0.3579072654247284,0.6656195521354675,3.0,2023-07-09
bg_22770,0.8442102670669556,0.3889647424221039,0.6978796124458313,2.0,2023-07-09
bg_23525,0.8339681625366211,0.3084872961044311,0.602347731590271,8.0,2023-07-09
bg_23542,0.8390026688575745,0.3333269655704498,0.6779952049255371,10.0,2023-07-09
bg_24259,0.8499217629432678,0.3985702097415924,0.6722723245620728,6.0,2023-07-09
bg_24961,,,,,2023-07-09
bg_25119,0.4788532257080078,0.1216573044657707,0.329772025346756,14.0,2023-07-09
bg_25304,0.7777945399284363,0.2352286428213119,0.5539668798446655,8.0,2023-07-09
bg_25502,0.8911139965057373,0.2732393741607666,0.5914939641952515,10.0,2023-07-09
bg_27499,0.7642122507095337,0.2459683865308761,0.4962609112262726,10.0,2023-07-09
bg_28072,0.6506555080413818,0.1801554709672927,0.4478162229061126,14.0,2023-07-09
bg_28219,,,,,2023-07-09
bg_28559,0.8144426345825195,0.3287793397903442,0.6454668045043945,4.0,2023-07-09
bg_29179,0.8552544116973877,0.3152901232242584,0.6212692260742188,2.0,2023-07-09
bg_29451,0.7142857313156128,0.296311616897583,0.5708068013191223,3.0,2023-07-09
bg_29651,0.7191322445869446,0.3086135387420654,0.5521909594535828,2.0,2023-07-09
bg_30202,0.88922518491745,0.2592699527740478,0.5744147300720215,8.0,2023-07-09
bg_30311,0.8398025631904602,0.3256621062755584,0.5948718190193176,12.0,2023-07-09
bg_30367,0.8559853434562683,0.3564886748790741,0.6537185311317444,10.0,2023-07-09
bg_30900,0.8189569711685181,0.307937890291214,0.6222183108329773,8.0,2023-07-09
bg_31032,0.8766391277313232,0.3609584271907806,0.6645405888557434,13.0,2023-07-09
bg_31331,0.4276922941207886,0.1477516144514084,0.4198164641857147,9.0,2023-07-09
bg_31474,0.8656527400016785,0.2798940241336822,0.60515958070755,5.0,2023-07-09
bg_32163,0.8792878985404968,0.3069668412208557,0.6232760548591614,9.0,2023-07-09
bg_32179,0.8186014294624329,0.2296751290559768,0.545704185962677,3.0,2023-07-09
bg_32291,0.8135783672332764,0.3010619580745697,0.6088873147964478,8.0,2023-07-09
bg_32773,0.8816958069801331,0.3248567581176758,0.6013116240501404,14.0,2023-07-09
bg_32976,0.8088011741638184,0.333366334438324,0.6108593344688416,16.0,2023-07-09
bg_33408,0.8383314609527588,0.3684866726398468,0.6515733003616333,13.0,2023-07-09
bg_33639,0.567164957523346,0.2758172750473022,0.5358245968818665,2.0,2023-07-09
bg_33794,0.7459352612495422,0.1820718199014663,0.4573960304260254,10.0,2023-07-09
bg_33936,0.804251492023468,0.2959915995597839,0.5725338459014893,4.0,2023-07-09
bg_35015,0.8139629364013672,0.2115901559591293,0.5107178092002869,10.0,2023-07-09
bg_35424,0.8524113893508911,0.3146391808986664,0.6136540174484253,9.0,2023-07-09
bg_35908,0.8898414969444275,0.3310586214065552,0.6472358107566833,8.0,2023-07-09
bg_36094,0.772764265537262,0.2414778769016266,0.521884560585022,10.0,2023-07-09
bg_36111,0.884882926940918,0.3491936326026916,0.6496233344078064,6.0,2023-07-09
bg_36607,0.7048757076263428,0.0531763806939125,0.3252221345901489,10.0,2023-07-09
bg_36659,0.8571826815605164,0.3569819033145904,0.6594014167785645,6.0,2023-07-09
bg_36757,0.6379131078720093,0.2044079005718231,0.4008888900279999,9.0,2023-07-09
bg_37851,0.4609203934669494,0.1954572647809982,0.3908205926418304,1.0,2023-07-09
bg_39564,0.7937109470367432,0.2278768271207809,0.5353052616119385,12.0,2023-07-09
bg_39767,,,,,2023-07-09
bg_40209,0.8301123380661011,0.3516160547733307,0.65625,9.0,2023-07-09
bg_40479,0.8327183127403259,0.2885342538356781,0.5937662124633789,5.0,2023-07-09
bg_40708,,,,,2023-07-09
bg_40942,,,,,2023-07-09
bg_41321,,,,,2023-07-09
bg_41949,0.8515061736106873,0.282567024230957,0.5932852029800415,11.0,2023-07-09
bg_42726,0.8584973812103271,0.3284845054149627,0.6360651850700378,4.0,2023-07-09
bg_42785,0.8159188032150269,0.3294865190982818,0.6164684891700745,6.0,2023-07-09
bg_42796,0.8713086843490601,0.2925960719585418,0.6006600856781006,7.0,2023-07-09
bg_42890,0.8683467507362366,0.310251384973526,0.5968961119651794,8.0,2023-07-09
bg_43283,0.6610169410705566,0.1730354279279709,0.4487179517745971,9.0,2023-07-09
bg_43345,0.8737878799438477,0.3255212604999542,0.6399227380752563,2.0,2023-07-09
bg_43432,0.9013095498085022,0.3134399652481079,0.6152830719947815,8.0,2023-07-09
bg_43950,0.690868616104126,0.2106655836105346,0.508878767490387,3.0,2023-07-09
bg_44028,0.8193172216415405,0.3128322064876556,0.6314261555671692,16.0,2023-07-09
bg_44530,0.7652356624603271,0.30158731341362,0.5358501672744751,3.0,2023-07-09
bg_44674,0.8170114755630493,0.2858765721321106,0.5517241358757019,5.0,2023-07-09
bg_44940,0.8560503125190735,0.3059290945529938,0.6145623326301575,4.0,2023-07-09
bg_45056,0.884003758430481,0.309169590473175,0.6317371129989624,11.0,2023-07-09
bg_45080,0.759277880191803,0.1864796876907348,0.4539078176021576,12.0,2023-07-09
bg_45201,0.5320795178413391,0.0793352201581001,0.3927004039287567,6.0,2023-07-09
bg_45878,,,,,2023-07-09
bg_47046,0.7850428223609924,0.2276348024606704,0.533398449420929,6.0,2023-07-09
bg_47188,0.8586011528968811,0.2920703291893005,0.6061552166938782,19.0,2023-07-09
bg_47204,0.8193596601486206,0.2987128794193268,0.6070238947868347,2.0,2023-07-09
bg_47950,0.8133854269981384,0.2453595250844955,0.5619608759880066,7.0,2023-07-09
bg_48057,0.6119546890258789,0.1835796236991882,0.4924401044845581,9.0,2023-07-09
bg_48957,0.8536694645881653,0.2831292748451233,0.5868591070175171,14.0,2023-07-09
bg_49332,,,,,2023-07-09
bg_2388,0.0886998623609542,-0.0296468250453472,0.1031146124005317,7.0,2023-07-12
bg_8528,0.8726797699928284,0.3562199175357818,0.6667853593826294,8.0,2023-07-12
bg_12223,0.7706338763237,0.2912538051605224,0.5994387269020081,8.0,2023-07-12
bg_17993,0.7408689260482788,0.3008803427219391,0.5802637338638306,7.0,2023-07-12
bg_24217,0.8401074409484863,0.2336042821407318,0.4996126890182495,10.0,2023-07-12
bg_34502,0.842994213104248,0.3377423584461212,0.626063346862793,8.0,2023-07-12
bg_35924,0.8986021280288696,0.2124737054109573,0.5655083060264587,12.0,2023-07-12
bg_37567,0.8541111946105957,0.2952070832252502,0.6120181083679199,6.0,2023-07-12
bg_37798,0.8632235527038574,0.3198582530021667,0.6129055023193359,6.0,2023-07-12
bg_76,0.814120352268219,0.2084584087133407,0.5144973397254944,10.0,2023-07-14
bg_89,0.8684210777282715,0.3255993723869324,0.6540409922599792,15.0,2023-07-14
bg_223,0.844221830368042,0.2788282632827759,0.5831131339073181,2.0,2023-07-14
bg_391,0.8465902209281921,0.2923591732978821,0.5943172574043274,4.0,2023-07-14
bg_480,0.824032187461853,0.2633903920650482,0.5764417052268982,7.0,2023-07-14
bg_540,0.8476769328117371,0.301043152809143,0.6106783151626587,14.0,2023-07-14
bg_549,0.8638224005699158,0.3250893950462341,0.6302167177200317,8.0,2023-07-14
bg_761,0.8118184208869934,0.2969010472297668,0.6182951927185059,5.0,2023-07-14
bg_833,0.8715919852256775,0.3276942670345306,0.636557936668396,6.0,2023-07-14
bg_889,0.6121086478233337,0.2835211753845215,0.5189726948738098,2.0,2023-07-14
bg_1095,0.905299186706543,0.3721286356449127,0.6788458228111267,3.0,2023-07-14
bg_1337,0.8533095121383667,0.3047256767749786,0.5322580337524414,7.0,2023-07-14
bg_1743,,,,,2023-07-14
bg_2003,0.8435565829277039,0.252293586730957,0.5852891206741333,1.0,2023-07-14
bg_2169,0.8038052320480347,0.2470199912786483,0.5584930777549744,7.0,2023-07-14
bg_2402,0.8626638054847717,0.3489013314247131,0.6443983912467957,8.0,2023-07-14
bg_2492,0.8770743608474731,0.3412384986877441,0.6542372703552246,3.0,2023-07-14
bg_2778,0.8775951266288757,0.353914201259613,0.6544492840766907,6.0,2023-07-14
bg_2898,0.7890388369560242,0.2787401676177978,0.5649241209030151,1.0,2023-07-14
bg_2955,0.8008618354797363,0.3453806042671203,0.5820667743682861,14.0,2023-07-14
bg_3060,0.848605215549469,0.2856465876102447,0.6028890609741211,2.0,2023-07-14
bg_3080,0.3599855601787567,0.1714207679033279,0.3369590640068054,4.0,2023-07-14
bg_3374,0.6793433427810669,0.3106361627578735,0.5305282473564148,2.0,2023-07-14
bg_3415,0.7117570042610168,0.1997356861829757,0.4861834347248077,6.0,2023-07-14
bg_3543,0.8637168407440186,0.3208225071430206,0.6129626035690308,5.0,2023-07-14
bg_3640,0.8538152575492859,0.3226818144321441,0.6244269013404846,3.0,2023-07-14
bg_3673,0.3619931042194366,0.1788502484560012,0.3731110095977783,2.0,2023-07-14
bg_4344,0.7462866306304932,0.2538882493972778,0.5529227256774902,2.0,2023-07-14
bg_4354,0.3812617659568786,0.0994327515363693,0.2823506295681,1.0,2023-07-14
bg_4437,0.8625909686088562,0.3353588879108429,0.638778805732727,9.0,2023-07-14
bg_4682,0.8593155741691589,0.3058799207210541,0.6337382793426514,5.0,2023-07-14
bg_5496,0.8358520865440369,0.3118563592433929,0.6252912282943726,18.0,2023-07-14
bg_5498,0.8560858964920044,0.3033115565776825,0.6252720355987549,4.0,2023-07-14
bg_5671,0.8976863026618958,0.3572849035263061,0.6528836488723755,8.0,2023-07-14
bg_6081,0.8536942005157471,0.3297746181488037,0.6149829030036926,3.0,2023-07-14
bg_6083,0.8804780840873718,0.3648351728916168,0.6696353554725647,3.0,2023-07-14
bg_6312,0.8498387932777405,0.2923572063446045,0.5908100605010986,5.0,2023-07-14
bg_6402,0.4237369894981384,0.243448868393898,0.5715811848640442,3.0,2023-07-14
bg_6470,0.8253243565559387,0.2165779322385788,0.5347942113876343,16.0,2023-07-14
bg_6497,0.8174757361412048,0.2227699160575866,0.5382087230682373,7.0,2023-07-14
bg_6500,0.8569557070732117,0.2849891483783722,0.6160510778427124,1.0,2023-07-14
bg_6892,0.7232609987258911,0.1540195196866989,0.3964148163795471,3.0,2023-07-14
bg_6982,0.729354977607727,0.2479196339845657,0.5197356939315796,4.0,2023-07-14
bg_7200,0.4628099203109741,0.2818311750888824,0.5654072761535645,3.0,2023-07-14
bg_7305,0.8939165472984314,0.3696189820766449,0.6614778637886047,4.0,2023-07-14
bg_7557,0.875441312789917,0.3886738419532776,0.6937992572784424,10.0,2023-07-14
bg_7591,0.8781031966209412,0.34010910987854,0.643707811832428,4.0,2023-07-14
bg_7816,0.5790882110595703,0.322648823261261,0.6196588277816772,2.0,2023-07-14
bg_7994,0.8390804529190063,0.3167279958724975,0.6315228939056396,7.0,2023-07-14
bg_8252,0.6951939463615417,0.1906348168849945,0.4883528053760528,2.0,2023-07-14
bg_8286,0.7084047794342041,0.2754513919353485,0.5497121214866638,3.0,2023-07-14
bg_8628,0.5657726526260376,0.2258214205503463,0.4713471233844757,2.0,2023-07-14
bg_8763,0.8783351182937622,0.3340913355350494,0.6440915465354919,5.0,2023-07-14
bg_9126,0.8093162178993225,0.3274711370468139,0.6067054271697998,8.0,2023-07-14
bg_9146,0.8651289343833923,0.3088192045688629,0.5979509353637695,4.0,2023-07-14
bg_9365,0.5980066061019897,0.2832369804382324,0.5407407283782959,3.0,2023-07-14
bg_9631,0.827011227607727,0.2472104281187057,0.5624150037765503,2.0,2023-07-14
bg_9636,0.7494084239006042,0.3206345736980438,0.5682507157325745,2.0,2023-07-14
bg_9697,0.8921680450439453,0.2725668251514435,0.6047927141189575,4.0,2023-07-14
bg_9999,0.5713301301002502,0.1538285911083221,0.4148308932781219,3.0,2023-07-14
bg_10060,0.6652863621711731,0.2088644057512283,0.4524628520011902,18.0,2023-07-14
bg_10277,,,,,2023-07-14
bg_10480,0.8649552464485168,0.3499946594238281,0.6748476624488831,12.0,2023-07-14
bg_10602,0.8472917079925537,0.3316736221313476,0.6515333652496338,4.0,2023-07-14
bg_10823,0.8032716512680054,0.2574367225170135,0.5448551177978516,2.0,2023-07-14
bg_10837,0.7575392723083496,0.2124642729759216,0.5153723955154419,16.0,2023-07-14
bg_10904,0.7920767068862915,0.264376699924469,0.5611150860786438,5.0,2023-07-14
bg_11205,0.8677685856819153,0.2768361866474151,0.5929515361785889,1.0,2023-07-14
bg_11224,0.8358396291732788,0.0660098493099212,0.4227481782436371,3.0,2023-07-14
bg_11360,0.7699578404426575,0.2007413655519485,0.5303049087524414,12.0,2023-07-14
bg_11717,0.8862203359603882,0.3241670727729797,0.6209923028945923,10.0,2023-07-14
bg_11825,0.7721216082572937,0.2576760947704315,0.5550874471664429,8.0,2023-07-14
bg_11958,0.8604544997215271,0.2643983662128448,0.5555482506752014,16.0,2023-07-14
bg_11975,0.665810763835907,0.3430443108081817,0.638911783695221,2.0,2023-07-14
bg_12215,0.850931704044342,0.3398853242397308,0.6179775595664978,15.0,2023-07-14
bg_12396,0.8880348801612854,0.3445312082767486,0.6637325286865234,2.0,2023-07-14
bg_12532,0.7782923579216003,0.1949559599161148,0.4923488199710846,3.0,2023-07-14
bg_13040,0.6757242679595947,0.2222445905208587,0.4850116968154907,4.0,2023-07-14
bg_13089,0.8086158633232117,0.2699805200099945,0.5707803964614868,24.0,2023-07-14
bg_13643,0.8652572631835938,0.3184586465358734,0.6308444738388062,4.0,2023-07-14
bg_13710,0.6932097673416138,0.2457067668437957,0.5025994181632996,2.0,2023-07-14
bg_13897,0.8751267194747925,0.2947798669338226,0.629753053188324,4.0,2023-07-14
bg_13922,0.8736109137535095,0.303135871887207,0.6103336811065674,5.0,2023-07-14
bg_14334,0.8337368965148926,0.3813649415969848,0.6842105388641357,3.0,2023-07-14
bg_14464,0.8414818048477173,0.2694688439369201,0.6038172841072083,20.0,2023-07-14
bg_14482,0.0748017728328704,0.122685931622982,0.2702028155326843,2.0,2023-07-14
bg_14529,0.8684654235839844,0.35121950507164,0.6727684140205383,3.0,2023-07-14
bg_14861,0.8381417989730835,0.2904222309589386,0.5884217023849487,1.0,2023-07-14
bg_14870,0.8879808783531189,0.3205676078796386,0.6476593017578125,4.0,2023-07-14
bg_14957,0.8387773036956787,0.2165460586547851,0.5592916011810303,2.0,2023-07-14
bg_15140,0.9071868658065796,0.3802856802940368,0.692974865436554,3.0,2023-07-14
bg_15277,0.7976653575897217,0.305084764957428,0.5651127696037292,3.0,2023-07-14
bg_15388,0.8923766613006592,0.3030660450458526,0.6189419031143188,7.0,2023-07-14
bg_15465,0.5688358545303345,0.1787261515855789,0.370192676782608,4.0,2023-07-14
bg_15550,0.6691140532493591,0.0957762822508812,0.3581505715847015,16.0,2023-07-14
bg_15761,0.852239191532135,0.3706928789615631,0.6741299629211426,4.0,2023-07-14
bg_15977,0.8178550004959106,0.2484413236379623,0.5595463514328003,15.0,2023-07-14
bg_16046,0.8472939729690552,0.3232503831386566,0.6191117167472839,13.0,2023-07-14
bg_16322,0.9128705859184264,0.3811453282833099,0.70647794008255,2.0,2023-07-14
bg_16610,0.6129554510116577,0.1215496435761451,0.4566037654876709,3.0,2023-07-14
bg_16888,,,,,2023-07-14
bg_16982,0.8583681583404541,0.2873248159885406,0.5910374522209167,1.0,2023-07-14
bg_17064,0.7769547700881958,0.2853213548660278,0.5826849341392517,16.0,2023-07-14
bg_17089,,,,,2023-07-14
bg_17343,0.8828911185264587,0.3708576261997223,0.6748929023742676,15.0,2023-07-14
bg_17350,0.696315586566925,0.2371512204408645,0.4653158485889435,2.0,2023-07-14
bg_18035,0.8624013066291809,0.3125247061252594,0.5904749631881714,10.0,2023-07-14
bg_18082,0.8932714462280273,0.2428498715162277,0.5579125881195068,1.0,2023-07-14
bg_18171,0.8168509602546692,0.2992560565471649,0.6170339584350586,8.0,2023-07-14
bg_18256,0.8498435616493225,0.247977465391159,0.5747020840644836,5.0,2023-07-14
bg_18586,0.5666589140892029,0.1706210821866989,0.3473895490169525,1.0,2023-07-14
bg_18608,0.907548189163208,0.3642943799495697,0.6727200150489807,2.0,2023-07-14
bg_19208,0.8978250622749329,0.3507793247699737,0.6519074440002441,4.0,2023-07-14
bg_19270,0.855084240436554,0.2871708273887634,0.6141214370727539,12.0,2023-07-14
bg_19403,0.8657447695732117,0.3680796027183532,0.659248948097229,12.0,2023-07-14
bg_19718,0.6848700046539307,0.2483297288417816,0.529330313205719,2.0,2023-07-14
bg_19911,0.8769551515579224,0.3205166757106781,0.6365786194801331,5.0,2023-07-14
bg_19987,0.8601921200752258,0.3480044305324554,0.6656898260116577,8.0,2023-07-14
bg_20145,0.8454925417900085,0.3032987415790558,0.5956605672836304,2.0,2023-07-14
bg_20210,0.873634934425354,0.3137648105621338,0.6251691579818726,1.0,2023-07-14
bg_20563,0.8450453281402588,0.2983471155166626,0.594421923160553,4.0,2023-07-14
bg_20663,0.882114827632904,0.2556962072849273,0.5900833606719971,3.0,2023-07-14
bg_20717,0.8507205247879028,0.1645194441080093,0.4813598394393921,4.0,2023-07-14
bg_20754,,,,,2023-07-14
bg_20772,0.8865212798118591,0.3052721321582794,0.6404629945755005,2.0,2023-07-14
bg_20817,0.8669138550758362,0.3511256873607635,0.6518410444259644,3.0,2023-07-14
bg_20945,0.6055443286895752,0.2452407628297805,0.4621959328651428,1.0,2023-07-14
bg_21206,0.8267563581466675,0.3156725466251373,0.5831860899925232,4.0,2023-07-14
bg_21554,0.7195428013801575,0.1672975122928619,0.4404120743274688,7.0,2023-07-14
bg_21762,0.8619704842567444,0.3070497810840606,0.6138613820075989,1.0,2023-07-14
bg_22215,0.823503315448761,0.2809968590736389,0.603118896484375,3.0,2023-07-14
bg_22300,0.7401078939437866,0.2472956031560897,0.533469557762146,8.0,2023-07-14
bg_22494,0.3319772183895111,0.1654928177595138,0.3112958073616028,4.0,2023-07-14
bg_22965,0.6779248714447021,0.2343089282512664,0.4552165567874908,2.0,2023-07-14
bg_23568,0.8549601435661316,0.315286248922348,0.6130252480506897,8.0,2023-07-14
bg_23652,0.8929442763328552,0.3555968701839447,0.6729100942611694,10.0,2023-07-14
bg_24072,0.8747545480728149,0.3283858895301819,0.6378192901611328,1.0,2023-07-14
bg_24301,0.7756936550140381,0.3163383603096008,0.5991553664207458,1.0,2023-07-14
bg_24488,0.3894992768764496,-0.0304093118757009,0.1426842957735061,20.0,2023-07-14
bg_25086,0.8423855304718018,0.3174968957901001,0.5959409475326538,3.0,2023-07-14
bg_25353,0.8555476665496826,0.3207836151123047,0.6232299208641052,6.0,2023-07-14
bg_25457,0.8031959533691406,0.2792362570762634,0.5738281607627869,5.0,2023-07-14
bg_25595,0.8392902612686157,0.341738760471344,0.6484149694442749,3.0,2023-07-14
bg_25665,0.4304812848567962,0.0628961399197578,0.3173076808452606,3.0,2023-07-14
bg_25945,0.8867180347442627,0.420058935880661,0.7077789902687073,8.0,2023-07-14
bg_26219,0.8551276326179504,0.3329119980335235,0.6427550911903381,6.0,2023-07-14
bg_26221,0.8870448470115662,0.3181791305541992,0.6385148763656616,4.0,2023-07-14
bg_26434,0.8381057381629944,0.3044196665287018,0.6123194694519043,4.0,2023-07-14
bg_26688,0.8763379454612732,0.2414870411157608,0.5634450912475586,8.0,2023-07-14
bg_26805,0.7647486329078674,0.3401754200458526,0.6153842210769653,8.0,2023-07-14
bg_26984,0.7386847734451294,0.1459507048130035,0.4521445035934448,18.0,2023-07-14
bg_27046,0.8693311810493469,0.2764767110347748,0.580632746219635,4.0,2023-07-14
bg_27052,0.8694204092025757,0.1982415467500686,0.5114866495132446,3.0,2023-07-14
bg_27202,0.8927172422409058,0.3780531883239746,0.6775822639465332,4.0,2023-07-14
bg_27573,0.8595536351203918,0.2516441941261291,0.56056809425354,3.0,2023-07-14
bg_27687,0.8024818897247314,0.3500705659389496,0.6380245089530945,2.0,2023-07-14
bg_27861,0.7162426710128784,0.2090298235416412,0.4892804026603699,1.0,2023-07-14
bg_28106,0.8593684434890747,0.3182692229747772,0.6396903395652771,5.0,2023-07-14
bg_28503,0.7878189086914062,0.2942174971103668,0.5726603865623474,16.0,2023-07-14
bg_28707,0.3767741918563843,0.1767300963401794,0.3199319839477539,3.0,2023-07-14
bg_28778,0.8694656491279602,0.3168729841709137,0.6159002184867859,6.0,2023-07-14
bg_28797,0.8725470304489136,0.3669024109840393,0.6711049675941467,7.0,2023-07-14
bg_28890,0.8567325472831726,0.2643135786056518,0.5905944108963013,4.0,2023-07-14
bg_28918,0.8862370848655701,0.236689493060112,0.5835301876068115,3.0,2023-07-14
bg_29146,-0.0069803446531295,0.1214752197265625,0.2768184244632721,2.0,2023-07-14
bg_29334,0.864047646522522,0.3473768532276153,0.6510598659515381,4.0,2023-07-14
bg_29452,0.6782534122467041,0.2473203837871551,0.5280666351318359,4.0,2023-07-14
bg_29764,0.8110982179641724,0.3074302673339844,0.6000737547874451,2.0,2023-07-14
bg_29914,0.4623496532440185,0.1711821258068084,0.3804090023040771,2.0,2023-07-14
bg_30179,,,,,2023-07-14
bg_30212,0.6318778991699219,0.2680590450763702,0.5179989337921143,8.0,2023-07-14
bg_30917,0.8841284513473511,0.369327038526535,0.6584092974662781,4.0,2023-07-14
bg_31009,0.885514497756958,0.3395460844039917,0.6779816150665283,2.0,2023-07-14
bg_31325,0.839401364326477,0.2461283653974533,0.5815318822860718,22.0,2023-07-14
bg_31531,0.8995137810707092,0.3511802852153778,0.6687296628952026,5.0,2023-07-14
bg_31855,0.8311905860900879,0.2571428716182709,0.5715999007225037,3.0,2023-07-14
bg_31894,0.888420581817627,0.336746484041214,0.6459866166114807,14.0,2023-07-14
bg_31960,,,,,2023-07-14
bg_32028,0.8527362942695618,0.2523961365222931,0.5729672312736511,1.0,2023-07-14
bg_32035,0.9029961228370668,0.3073739111423492,0.5779059529304504,2.0,2023-07-14
bg_32204,0.7014354467391968,0.3418426513671875,0.6068654656410217,4.0,2023-07-14
bg_32297,0.8413084745407104,0.3461526930332184,0.6398113965988159,8.0,2023-07-14
bg_32385,0.8057368993759155,0.2891365587711334,0.5891684889793396,4.0,2023-07-14
bg_32413,0.8386104106903076,0.2796348035335541,0.6005200743675232,6.0,2023-07-14
bg_32473,0.8948205709457397,0.3345287442207336,0.6128146648406982,4.0,2023-07-14
bg_32483,0.8564885258674622,0.2456889301538467,0.5643224716186523,1.0,2023-07-14
bg_32488,0.7871628999710083,0.2838349342346191,0.5577006340026855,2.0,2023-07-14
bg_32845,0.7566020488739014,0.2488602697849273,0.5239893794059753,20.0,2023-07-14
bg_32849,0.4538924694061279,0.1995926946401596,0.4027762413024902,2.0,2023-07-14
bg_32908,0.8684558868408203,0.3522550463676452,0.6370736360549927,4.0,2023-07-14
bg_32939,0.8467275500297546,0.3301097154617309,0.6503143906593323,2.0,2023-07-14
bg_32989,0.7188000679016113,0.2321420162916183,0.4760661125183105,2.0,2023-07-14
bg_33153,0.8754595518112183,0.2941442131996155,0.6177016496658325,2.0,2023-07-14
bg_33306,0.8721174001693726,0.3005643486976623,0.6188533902168274,1.0,2023-07-14
bg_33469,,,,,2023-07-14
bg_33583,0.8558653593063354,0.209669142961502,0.5349140763282776,3.0,2023-07-14
bg_33693,0.8639333248138428,0.3650401532649994,0.660405695438385,7.0,2023-07-14
bg_34041,0.7512869834899902,0.3137847483158111,0.6264005899429321,4.0,2023-07-14
bg_34138,0.8413001894950867,0.2571801543235779,0.5501006245613098,5.0,2023-07-14
bg_34200,0.7534521222114563,0.1976410746574401,0.5030712485313416,8.0,2023-07-14
bg_34379,0.6735459566116333,0.2887264788150787,0.5071810483932495,5.0,2023-07-14
bg_34472,0.8602638840675354,0.3345959782600403,0.6518082618713379,5.0,2023-07-14
bg_34882,0.793000340461731,0.282502144575119,0.5808923840522766,16.0,2023-07-14
bg_34947,0.7183908224105835,0.1208855062723159,0.4252472519874573,5.0,2023-07-14
bg_35298,0.8948635458946228,0.3106010556221008,0.6446231007575989,6.0,2023-07-14
bg_35384,0.7239508628845215,0.156722605228424,0.4616778790950775,16.0,2023-07-14
bg_35454,0.886403501033783,0.3074935376644134,0.6084581613540649,5.0,2023-07-14
bg_35514,0.7129277586936951,0.2956959307193756,0.5860417485237122,5.0,2023-07-14
bg_35556,0.7613529562950134,0.2739760875701904,0.557439386844635,7.0,2023-07-14
bg_35712,0.8559737801551819,0.3064515888690948,0.6107954382896423,1.0,2023-07-14
bg_35820,0.8263971209526062,0.2681867480278015,0.5873159766197205,3.0,2023-07-14
bg_35853,0.8440711498260498,0.2962290644645691,0.6274561285972595,8.0,2023-07-14
bg_36294,0.870582640171051,0.2980944514274597,0.6337851881980896,3.0,2023-07-14
bg_36688,0.8443943858146667,0.2647298872470855,0.5466707944869995,18.0,2023-07-14
bg_36763,0.7991529703140259,0.3104852437973022,0.6080557703971863,18.0,2023-07-14
bg_36786,0.5998518466949463,0.1738788485527038,0.390452116727829,2.0,2023-07-14
bg_36955,0.7998530268669128,0.2720330357551574,0.5828382968902588,12.0,2023-07-14
bg_37219,0.8078831434249878,0.312199980020523,0.6094529628753662,2.0,2023-07-14
bg_37233,0.8252086043357849,0.1655095070600509,0.5079687237739563,3.0,2023-07-14
bg_37402,0.8727514147758484,0.3709789514541626,0.6620262861251831,4.0,2023-07-14
bg_37418,0.8272563815116882,0.2166870385408401,0.5306655764579773,2.0,2023-07-14
bg_37530,0.6503623723983765,0.2972652018070221,0.5260534882545471,4.0,2023-07-14
bg_37771,0.9110461473464966,0.4433052837848663,0.7331863045692444,5.0,2023-07-14
bg_37826,0.8292537331581116,0.349779725074768,0.6461318135261536,3.0,2023-07-14
bg_37844,0.861751139163971,0.2738738656044006,0.6210948824882507,3.0,2023-07-14
bg_37999,0.6280786991119385,0.26298588514328,0.480943351984024,4.0,2023-07-14
bg_38206,0.4471179842948913,0.102965697646141,0.2888047397136688,16.0,2023-07-14
bg_38370,0.8476714491844177,0.2921111583709717,0.6173300743103027,6.0,2023-07-14
bg_38893,0.7599188685417175,0.3129469752311706,0.5524356365203857,4.0,2023-07-14
bg_38930,0.7412992715835571,0.188646450638771,0.4025973975658417,5.0,2023-07-14
bg_38983,0.9022904634475708,0.3544423878192901,0.666997492313385,6.0,2023-07-14
bg_39027,0.8850904107093811,0.33146533370018,0.6555211544036865,4.0,2023-07-14
bg_39161,0.8474324941635132,0.19485504925251,0.5498008131980896,3.0,2023-07-14
bg_39327,0.9053674340248108,0.3987947702407837,0.6910539269447327,6.0,2023-07-14
bg_39442,0.8941059112548828,0.3019742667675018,0.6337631940841675,7.0,2023-07-14
bg_39521,0.8878071308135986,0.2916500270366668,0.6311806440353394,3.0,2023-07-14
bg_39539,0.8564809560775757,0.3174909055233001,0.632571816444397,4.0,2023-07-14
bg_39787,0.8897285461425781,0.3633345663547516,0.6721568703651428,5.0,2023-07-14
bg_39986,0.8212180733680725,0.2879210710525512,0.5978994965553284,7.0,2023-07-14
bg_40357,0.8299145102500916,0.2679705619812011,0.5981888771057129,14.0,2023-07-14
bg_40717,0.8661985397338867,0.3834586441516876,0.6932467222213745,7.0,2023-07-14
bg_40925,0.8361986875534058,0.3621070683002472,0.6728373169898987,4.0,2023-07-14
bg_41166,0.8581604361534119,0.3794007003307342,0.6902086734771729,5.0,2023-07-14
bg_41242,0.8610122203826904,0.3118138015270233,0.6027571558952332,8.0,2023-07-14
bg_41336,0.7105154395103455,0.2920105755329132,0.5783866047859192,1.0,2023-07-14
bg_41599,0.8330982327461243,0.2527256906032562,0.5168754458427429,14.0,2023-07-14
bg_41680,0.896740734577179,0.3287739753723144,0.6115530133247375,4.0,2023-07-14
bg_41996,0.8476027250289917,0.3546968102455139,0.6591048240661621,7.0,2023-07-14
bg_42427,0.7305224537849426,0.3060378432273865,0.5500820875167847,5.0,2023-07-14
bg_42517,0.7897400259971619,0.2541701197624206,0.5502302050590515,20.0,2023-07-14
bg_42670,0.8032439351081848,0.278544157743454,0.5749925971031189,16.0,2023-07-14
bg_42859,0.8562329411506653,0.2692486941814422,0.5691683292388916,3.0,2023-07-14
bg_43118,0.8472545146942139,0.2171271741390228,0.5226011276245117,18.0,2023-07-14
bg_43449,0.8743455410003662,0.3490343987941742,0.6596484184265137,3.0,2023-07-14
bg_43486,0.865528404712677,0.361446738243103,0.6605856418609619,6.0,2023-07-14
bg_43715,0.8774080872535706,0.3359511196613312,0.6317612528800964,3.0,2023-07-14
bg_43810,0.8707386255264282,0.3281114101409912,0.6502078771591187,5.0,2023-07-14
bg_43839,0.8344612121582031,0.3710130453109741,0.6710466742515564,7.0,2023-07-14
bg_44058,0.8104918003082275,0.2859282791614532,0.5250038504600525,14.0,2023-07-14
bg_44282,0.2068543434143066,0.2579204738140106,0.4913032650947571,3.0,2023-07-14
bg_44284,0.8698830604553223,0.3465218544006347,0.6314336061477661,14.0,2023-07-14
bg_44390,0.8433013558387756,0.2937213182449341,0.5933579206466675,10.0,2023-07-14
bg_44470,0.8063424229621887,0.3612620234489441,0.6684527397155762,4.0,2023-07-14
bg_44498,0.7625390291213989,0.352036565542221,0.6564354300498962,6.0,2023-07-14
bg_44515,0.8651484847068787,0.3247337639331817,0.6354991793632507,5.0,2023-07-14
bg_44548,0.7960140705108643,0.3064761161804199,0.6037788987159729,4.0,2023-07-14
bg_44581,0.8904224038124084,0.3641164898872375,0.6466302275657654,3.0,2023-07-14
bg_44740,0.8870159983634949,0.265040785074234,0.5734026432037354,4.0,2023-07-14
bg_44843,0.8448600769042969,0.2996655702590942,0.6187694668769836,4.0,2023-07-14
bg_45116,0.8287732005119324,0.2698548138141632,0.5933565497398376,3.0,2023-07-14
bg_45257,0.8388761281967163,0.3172009885311126,0.6183409690856934,4.0,2023-07-14
bg_45286,0.6557289361953735,0.1360552608966827,0.4050937592983246,4.0,2023-07-14
bg_45529,0.8767631649971008,0.3078117072582245,0.634482741355896,1.0,2023-07-14
bg_45915,0.6501104831695557,0.2563901841640472,0.5006093978881836,2.0,2023-07-14
bg_45956,0.8228424191474915,0.2684788405895233,0.565734326839447,20.0,2023-07-14
bg_46043,0.7209880352020264,0.2169802188873291,0.5319353342056274,4.0,2023-07-14
bg_46177,,,,,2023-07-14
bg_46180,0.8868722915649414,0.3326484560966491,0.6447462439537048,2.0,2023-07-14
bg_46612,0.7331879734992981,0.353563904762268,0.6314447522163391,2.0,2023-07-14
bg_46848,0.8237949013710022,0.2460087984800338,0.5440531373023987,14.0,2023-07-14
bg_47157,,,,,2023-07-14
bg_47272,0.8243921995162964,0.350949615240097,0.66994309425354,7.0,2023-07-14
bg_47525,,,,,2023-07-14
bg_47743,0.9130616784095764,0.299644410610199,0.6249719262123108,2.0,2023-07-14
bg_47785,0.8900501132011414,0.3608714938163757,0.6479807496070862,4.0,2023-07-14
bg_47853,0.8474798798561096,0.3036454319953918,0.6167040467262268,18.0,2023-07-14
bg_47862,0.7934163808822632,0.2587116658687591,0.5548931360244751,4.0,2023-07-14
bg_47889,0.8123569488525391,0.2420939952135086,0.5742753744125366,7.0,2023-07-14
bg_47898,0.831672191619873,0.2589914202690124,0.5839118957519531,3.0,2023-07-14
bg_48006,0.8802647590637207,0.3723730146884918,0.6904138326644897,4.0,2023-07-14
bg_48149,0.821279764175415,0.3294847309589386,0.6347488164901733,4.0,2023-07-14
bg_48414,0.2233514040708542,0.1334279775619506,0.3255939185619354,2.0,2023-07-14
bg_48525,0.8676925301551819,0.3084960579872131,0.6182563900947571,8.0,2023-07-14
bg_48634,0.8553904294967651,0.2836678028106689,0.5853427052497864,14.0,2023-07-14
bg_48682,0.7085002660751343,0.2808093130588531,0.5669654607772827,6.0,2023-07-14
bg_48995,,,,,2023-07-14
bg_49016,0.7552337050437927,0.1629321128129959,0.4766460657119751,12.0,2023-07-14
bg_49728,0.9134092330932616,0.3562398552894592,0.6723929643630981,11.0,2023-07-14
bg_49888,0.8555765748023987,0.3093023896217346,0.6216946840286255,2.0,2023-07-14
bg_2168,0.7842122912406921,0.3091206550598144,0.6166927814483643,8.0,2023-07-15
bg_6190,0.8347650170326233,0.3764705955982208,0.661275327205658,9.0,2023-07-15
bg_20958,0.8884268403053284,0.3582924306392669,0.6635879874229431,8.0,2023-07-15
bg_33880,0.8974213600158691,0.3367088437080383,0.65162593126297,9.0,2023-07-15
bg_36127,0.8013778924942017,0.281106024980545,0.5903816819190979,8.0,2023-07-15
bg_36585,0.4924965798854828,0.0757459700107574,0.2728330194950104,7.0,2023-07-15
bg_38670,0.9030896425247192,0.3576948344707489,0.6671736836433411,9.0,2023-07-15
bg_42522,0.8734962940216064,0.3502012491226196,0.6634057760238647,9.0,2023-07-15
bg_46413,0.6879251599311829,0.3175289928913116,0.5098809003829956,8.0,2023-07-15
bg_1882,0.8984270095825195,0.3219459056854248,0.6428969502449036,4.0,2023-08-07
bg_4731,0.8818583488464355,0.2918900549411773,0.6112181544303894,6.0,2023-08-07
bg_7773,0.8288605809211731,0.3570124506950378,0.6420596241950989,4.0,2023-08-07
bg_20655,0.6279253959655762,0.1825926452875137,0.4172730147838592,4.0,2023-08-07
bg_23921,0.8471074104309082,0.287539929151535,0.600608229637146,7.0,2023-08-07
bg_27622,0.8962104916572571,0.2880800068378448,0.6322460174560547,3.0,2023-08-07
bg_29209,0.8153846263885498,0.2733812928199768,0.5670650601387024,5.0,2023-08-07
bg_32439,0.8731589913368225,0.2778897285461426,0.615188717842102,3.0,2023-08-07
bg_34214,0.9082568883895874,0.3522559404373169,0.6660523414611816,5.0,2023-08-07
bg_38953,0.8945479393005371,0.3275674879550934,0.6545292735099792,4.0,2023-08-07
bg_42527,0.8909854292869568,0.2951986789703369,0.6338179111480713,2.0,2023-08-07
bg_44029,0.8490875363349915,0.3028026521205902,0.5990481972694397,3.0,2023-08-07
bg_44379,0.8813687562942505,0.3388746678829193,0.6618340611457825,4.0,2023-08-07
bg_45081,0.8990476131439209,0.3720569908618927,0.6806633472442627,5.0,2023-08-07
bg_46514,0.8900675177574158,0.3038122355937958,0.6252073049545288,3.0,2023-08-07
bg_49887,0.8157534003257751,0.2113319635391235,0.5626289248466492,3.0,2023-08-07
bg_10306,0.8998535871505737,0.309039443731308,0.6525234580039978,9.0,2023-08-12
bg_17458,0.914044201374054,0.3283176720142364,0.6592493653297424,10.0,2023-08-12
bg_20453,0.8987746834754944,0.3436543345451355,0.6719313263893127,8.0,2023-08-12
bg_21131,0.8190791010856628,0.3183348774909973,0.6156882047653198,18.0,2023-08-12
bg_33725,0.9040668606758118,0.3183600902557373,0.6541475057601929,10.0,2023-08-12
bg_43246,0.893604040145874,0.2982302010059356,0.6323598027229309,10.0,2023-08-12
bg_49924,0.8649505376815796,0.3244922459125519,0.6091922521591187,12.0,2023-08-12
bg_2310,0.8787635564804077,0.356521725654602,0.6560941338539124,5.0,2023-08-19
bg_3485,0.8868323564529419,0.36980140209198,0.6806167364120483,9.0,2023-08-19
bg_8855,0.8665377497673035,0.2483808398246765,0.571865439414978,5.0,2023-08-19
bg_12147,0.8863515853881836,0.2984828948974609,0.6364892721176147,7.0,2023-08-19
bg_12428,0.891945481300354,0.3536121845245361,0.6787290573120117,5.0,2023-08-19
bg_14913,0.8747357130050659,0.3307336270809173,0.654916524887085,7.0,2023-08-19
bg_18917,0.8948283195495605,0.3473424017429352,0.6425548195838928,5.0,2023-08-19
bg_19120,0.9096774458885192,0.4049257934093475,0.7026325464248657,7.0,2023-08-19
bg_20377,0.7840819358825684,0.2533134818077087,0.4967287480831146,9.0,2023-08-19
bg_23692,0.8823529481887817,0.3772924542427063,0.7024608254432678,5.0,2023-08-19
bg_24017,0.8733311295509338,0.3145734965801239,0.6358857154846191,6.0,2023-08-19
bg_29786,0.8779020309448242,0.3434092700481415,0.6743474006652832,6.0,2023-08-19
bg_31112,0.8899534344673157,0.2428384274244308,0.5846263766288757,5.0,2023-08-19
bg_31686,0.7999355792999268,0.1602999418973922,0.4858912527561188,10.0,2023-08-19
bg_35371,0.8858757615089417,0.327536016702652,0.6591904163360596,6.0,2023-08-19
bg_43094,0.857925534248352,0.373013287782669,0.678097128868103,13.0,2023-08-19
bg_46167,0.8199076652526855,0.1960090100765228,0.5345532894134521,5.0,2023-08-19
bg_49639,0.8760694861412048,0.234069138765335,0.5776419639587402,6.0,2023-08-19
bg_12580,0.8950971364974976,0.3334589004516601,0.6553055047988892,6.0,2023-08-23
bg_13092,0.8961937427520752,0.1472514867782592,0.5078645348548889,5.0,2023-08-23
bg_20407,0.9065895676612854,0.3358349204063415,0.6397849321365356,5.0,2023-08-23
bg_39845,0.901400864124298,0.3731641471385956,0.6422845125198364,6.0,2023-08-23
bg_45174,0.9122227430343628,0.3646823465824127,0.666803777217865,5.0,2023-08-23
bg_11,0.8342596292495728,0.3554123640060425,0.6665165424346924,4.0,2023-08-26
bg_261,0.9011532068252563,0.4000865519046783,0.7091254591941833,7.0,2023-08-26
bg_267,0.850852906703949,0.3354787230491638,0.6378459334373474,6.0,2023-08-26
bg_1304,0.9084481000900269,0.396479994058609,0.7021596431732178,7.0,2023-08-26
bg_1897,0.8927789926528931,0.2958213984966278,0.6453431248664856,12.0,2023-08-26
bg_1904,0.8728876709938049,0.3232888281345367,0.6297186613082886,12.0,2023-08-26
bg_2574,0.8859574198722839,0.2336002588272094,0.5824863314628601,5.0,2023-08-26
bg_2846,0.8537994623184204,0.3702160120010376,0.6826645731925964,5.0,2023-08-26
bg_3043,0.8760164380073547,0.3261608779430389,0.6588128209114075,8.0,2023-08-26
bg_3063,0.8986517190933228,0.3424756824970245,0.6497515439987183,4.0,2023-08-26
bg_3230,0.9083255529403688,0.3374856412410736,0.6259527206420898,5.0,2023-08-26
bg_3435,0.8641339540481567,0.2823007106781006,0.6063576340675354,7.0,2023-08-26
bg_3624,0.6550537347793579,0.2517891824245453,0.4653465151786804,5.0,2023-08-26
bg_4553,0.8994804620742798,0.3822437524795532,0.6816565990447998,6.0,2023-08-26
bg_4575,0.9105097651481628,0.3147785067558288,0.6491509675979614,6.0,2023-08-26
bg_4883,0.9130803346633912,0.3452593982219696,0.6536558866500854,5.0,2023-08-26
bg_4946,0.9153915643692015,0.3873451650142669,0.6886715888977051,7.0,2023-08-26
bg_5001,0.8859236240386963,0.353289246559143,0.6807116270065308,7.0,2023-08-26
bg_5191,0.8651468753814697,0.357348620891571,0.6701939702033997,6.0,2023-08-26
bg_5312,0.8920963406562805,0.4130885303020477,0.7047533392906189,7.0,2023-08-26
bg_5577,0.8918887972831726,0.2776286900043487,0.5684106945991516,6.0,2023-08-26
bg_5858,0.8836668133735657,0.3426202237606048,0.6523809432983398,7.0,2023-08-26
bg_6099,0.8648665547370911,0.2870879173278808,0.6062049865722656,4.0,2023-08-26
bg_6234,0.8720842599868774,0.3380902409553528,0.6314257979393005,5.0,2023-08-26
bg_6523,0.8475873470306396,0.2697302997112274,0.6001944541931152,6.0,2023-08-26
bg_6743,0.9066147804260254,0.3829599320888519,0.6949282288551331,7.0,2023-08-26
bg_7801,0.9086803793907166,0.3943610489368438,0.6893163323402405,9.0,2023-08-26
bg_8166,0.8505812287330627,0.2768098711967468,0.6013684868812561,6.0,2023-08-26
bg_8257,0.8885264992713928,0.38431316614151,0.6832530498504639,6.0,2023-08-26
bg_8348,0.8523347973823547,0.3921549320220947,0.6872622966766357,8.0,2023-08-26
bg_8374,0.8672060966491699,0.4038578569889068,0.7209914326667786,7.0,2023-08-26
bg_9596,0.8828927874565125,0.308190643787384,0.6416885852813721,6.0,2023-08-26
bg_10105,0.7614105343818665,0.3756553828716278,0.6001471877098083,6.0,2023-08-26
bg_10478,0.886566162109375,0.3158351480960846,0.6427290439605713,6.0,2023-08-26
bg_10790,0.9114003777503968,0.3612353801727295,0.6753562688827515,5.0,2023-08-26
bg_11633,0.9046928286552428,0.3386106491088867,0.6464172601699829,10.0,2023-08-26
bg_12102,0.893737256526947,0.4000309705734253,0.693489670753479,7.0,2023-08-26
bg_12143,0.908848762512207,0.350336343050003,0.659216046333313,4.0,2023-08-26
bg_12156,0.8729323148727417,0.32206991314888,0.6514332890510559,6.0,2023-08-26
bg_12533,0.8982068300247192,0.3934557139873504,0.7099395394325256,7.0,2023-08-26
bg_12546,0.8675814867019653,0.3718275725841522,0.6614083647727966,7.0,2023-08-26
bg_12595,0.840663731098175,0.2977307140827179,0.5878371000289917,10.0,2023-08-26
bg_12616,0.7429078221321106,0.2549396753311157,0.5171533226966858,4.0,2023-08-26
bg_12733,0.3434727489948272,0.0467775389552116,0.3298118114471435,3.0,2023-08-26
bg_12805,0.9106445908546448,0.3681238293647766,0.662148118019104,14.0,2023-08-26
bg_12948,0.9194381833076476,0.3530904948711395,0.6609736680984497,2.0,2023-08-26
bg_13208,0.899714469909668,0.2862465381622314,0.628044843673706,6.0,2023-08-26
bg_13246,0.8886954188346863,0.3467876315116882,0.6446401476860046,4.0,2023-08-26
bg_13314,0.8968203663825989,0.3991220593452453,0.6964019536972046,3.0,2023-08-26
bg_13417,0.8721303343772888,0.3494662046432495,0.6668131947517395,7.0,2023-08-26
bg_13527,0.8888289332389832,0.3534415960311889,0.6623129844665527,7.0,2023-08-26
bg_13733,0.8916659951210022,0.3218865692615509,0.6420336365699768,4.0,2023-08-26
bg_14013,0.9156818985939026,0.34104123711586,0.6689382791519165,6.0,2023-08-26
bg_14457,0.9033350944519044,0.3809256553649902,0.6928252577781677,6.0,2023-08-26
bg_14962,0.8588624596595764,0.2730976343154907,0.589840292930603,12.0,2023-08-26
bg_15142,0.9186071753501892,0.3767631351947784,0.6855868101119995,14.0,2023-08-26
bg_15689,0.8984528183937073,0.3854423761367798,0.6766809821128845,7.0,2023-08-26
bg_15732,0.8777286410331726,0.3495669960975647,0.6653041839599609,10.0,2023-08-26
bg_15818,0.855972409248352,0.35452401638031,0.6604354381561279,7.0,2023-08-26
bg_16058,0.6529374718666077,0.2671613097190857,0.5195605754852295,6.0,2023-08-26
bg_16250,0.8973284363746643,0.2972300350666046,0.6169142723083496,8.0,2023-08-26
bg_16410,0.903896152973175,0.3481982946395874,0.6410163640975952,6.0,2023-08-26
bg_16542,0.9040558338165284,0.3566907048225403,0.6740797758102417,5.0,2023-08-26
bg_16857,0.9051504135131836,0.3606956601142883,0.6729908585548401,13.0,2023-08-26
bg_16947,0.912459135055542,0.3722684979438782,0.680610179901123,14.0,2023-08-26
bg_17311,0.8910338878631592,0.3493975698947906,0.6641251444816589,7.0,2023-08-26
bg_17353,0.8764695525169373,0.2989535927772522,0.6197437047958374,6.0,2023-08-26
bg_17612,0.8720086812973022,0.281578004360199,0.5968243479728699,8.0,2023-08-26
bg_17717,0.8875682353973389,0.2402148693799972,0.5831095576286316,7.0,2023-08-26
bg_18463,0.8904121518135071,0.3728789985179901,0.6951632499694824,4.0,2023-08-26
bg_18626,0.8884758353233337,0.3167963624000549,0.6296147704124451,7.0,2023-08-26
bg_18862,0.8814666271209717,0.3261896073818207,0.657493531703949,4.0,2023-08-26
bg_18959,0.8864375948905945,0.2552806437015533,0.5898089408874512,11.0,2023-08-26
bg_20415,0.6738797426223755,0.3106921911239624,0.5225029587745667,6.0,2023-08-26
bg_21746,0.9176973104476928,0.3887619972229004,0.676440417766571,13.0,2023-08-26
bg_22349,0.8053181767463684,0.3153387010097503,0.6281819343566895,6.0,2023-08-26
bg_22945,0.833197832107544,0.3321685791015625,0.6494494080543518,12.0,2023-08-26
bg_22996,0.9143743515014648,0.4101287126541137,0.6999077200889587,4.0,2023-08-26
bg_23130,0.8178196549415588,0.2828630805015564,0.580460250377655,8.0,2023-08-26
bg_24179,0.8583365082740784,0.2412317246198654,0.5723104476928711,14.0,2023-08-26
bg_24378,0.9006514549255371,0.3948901891708374,0.6870256662368774,7.0,2023-08-26
bg_24384,0.8353842496871948,0.2517560124397278,0.5807425379753113,12.0,2023-08-26
bg_24498,0.883833110332489,0.3174370229244232,0.633499026298523,6.0,2023-08-26
bg_25209,0.9064714312553406,0.3523203432559967,0.672153651714325,3.0,2023-08-26
bg_25244,0.881779134273529,0.3730198442935943,0.6786725521087646,8.0,2023-08-26
bg_25271,0.8691330552101135,0.3116897046566009,0.6372851133346558,4.0,2023-08-26
bg_25474,0.8370277881622314,0.3271924555301666,0.6428549289703369,8.0,2023-08-26
bg_26036,0.8998255729675293,0.403276264667511,0.7291902899742126,7.0,2023-08-26
bg_26119,0.8890058398246765,0.2434931546449661,0.5946345925331116,6.0,2023-08-26
bg_26557,0.9023429155349731,0.3579288125038147,0.6720462441444397,7.0,2023-08-26
bg_26604,0.818885087966919,0.2469193339347839,0.5568581819534302,7.0,2023-08-26
bg_26883,0.883225679397583,0.3708413243293762,0.6852248311042786,7.0,2023-08-26
bg_28788,0.9166501760482788,0.4403421580791473,0.7152826189994812,7.0,2023-08-26
bg_28986,0.7849547266960144,0.2160377353429794,0.4809776842594147,7.0,2023-08-26
bg_29003,0.9130551218986512,0.3937046825885772,0.6848348379135132,4.0,2023-08-26
bg_29425,0.858769953250885,0.3266915678977966,0.6335292458534241,9.0,2023-08-26
bg_29943,0.8891275525093079,0.3603662252426147,0.6656953692436218,8.0,2023-08-26
bg_29958,0.8497930765151978,0.3148197829723358,0.6359986662864685,4.0,2023-08-26
bg_30171,0.9138660430908204,0.3532476723194122,0.6628254652023315,13.0,2023-08-26
bg_30699,0.7988099455833435,0.3336856663227081,0.6015478372573853,2.0,2023-08-26
bg_31670,0.8487914800643921,0.3779338896274566,0.6762081384658813,6.0,2023-08-26
bg_32427,0.8764108419418335,0.332827091217041,0.6409047245979309,10.0,2023-08-26
bg_32685,0.8795304894447327,0.3697582483291626,0.6813872456550598,8.0,2023-08-26
bg_33301,0.8796651363372803,0.3787162899971008,0.6982821226119995,4.0,2023-08-26
bg_33342,0.8469914197921753,0.3289377391338348,0.6371841430664062,7.0,2023-08-26
bg_33617,0.9462859630584716,0.4681935608386993,0.7590603828430176,6.0,2023-08-26
bg_33625,0.901591181755066,0.3277033269405365,0.6556776762008667,5.0,2023-08-26
bg_33733,0.8728403449058533,0.3250517547130584,0.6588124632835388,5.0,2023-08-26
bg_33831,0.8965531587600708,0.3490895926952362,0.6669992208480835,4.0,2023-08-26
bg_34086,0.7471790313720703,0.299181580543518,0.585595965385437,8.0,2023-08-26
bg_34302,0.8948507308959961,0.2708759605884552,0.6062743663787842,8.0,2023-08-26
bg_34357,0.6160974502563477,0.0788264572620391,0.319697618484497,3.0,2023-08-26
bg_35081,0.9244060516357422,0.4391467869281769,0.7252830266952515,5.0,2023-08-26
bg_35099,0.7817922234535217,0.2963930964469909,0.5975950360298157,5.0,2023-08-26
bg_35357,0.8556216359138489,0.3360589444637298,0.6427748203277588,6.0,2023-08-26
bg_35553,0.8923869729042053,0.362456202507019,0.6945156455039978,3.0,2023-08-26
bg_35693,0.8813696503639221,0.2957466542720794,0.6231042146682739,10.0,2023-08-26
bg_35915,0.8832974433898926,0.2807867527008056,0.6062581539154053,15.0,2023-08-26
bg_36694,0.8940668106079102,0.3322630524635315,0.6496204137802124,6.0,2023-08-26
bg_37222,0.8797893524169922,0.3277711570262909,0.6352293491363525,7.0,2023-08-26
bg_37668,0.915036141872406,0.3726733326911926,0.6911281943321228,4.0,2023-08-26
bg_38171,0.8842052817344666,0.2881587445735931,0.6079812049865723,8.0,2023-08-26
bg_38382,0.8640361428260803,0.2815819680690765,0.6185758709907532,5.0,2023-08-26
bg_38605,0.9060158133506776,0.3010434508323669,0.632313072681427,7.0,2023-08-26
bg_38695,0.7428349852561951,0.308329701423645,0.5544041395187378,5.0,2023-08-26
bg_38959,0.8801332116127014,0.3125323057174682,0.6337681412696838,5.0,2023-08-26
bg_39000,0.7713398933410645,0.206153854727745,0.4985383450984955,7.0,2023-08-26
bg_39154,0.9088284373283386,0.3889433443546295,0.6904258728027344,6.0,2023-08-26
bg_39614,0.9075087308883668,0.3507378101348877,0.6624051928520203,5.0,2023-08-26
bg_39629,0.8911457061767578,0.3736985325813293,0.6885213255882263,7.0,2023-08-26
bg_40579,0.8878836631774902,0.2929073274135589,0.6104995608329773,12.0,2023-08-26
bg_40602,0.8883056640625,0.3372205793857574,0.6551724076271057,7.0,2023-08-26
bg_40972,0.9075454473495485,0.3814089596271515,0.684536337852478,6.0,2023-08-26
bg_41030,0.8817754983901978,0.337879329919815,0.6660647988319397,4.0,2023-08-26
bg_41261,0.8954758048057556,0.3730949461460113,0.6526027321815491,13.0,2023-08-26
bg_41337,0.7864728569984436,0.3060890734195709,0.60280841588974,3.0,2023-08-26
bg_41440,0.9045595526695251,0.3576261699199676,0.6668305397033691,6.0,2023-08-26
bg_41757,0.902576506137848,0.3492463529109955,0.6591889262199402,6.0,2023-08-26
bg_42121,0.874049723148346,0.3174780309200287,0.6180556416511536,12.0,2023-08-26
bg_42139,0.8327118754386902,0.2536753416061401,0.5743197202682495,6.0,2023-08-26
bg_42646,0.9095022678375244,0.3726474046707153,0.6699103116989136,7.0,2023-08-26
bg_42729,0.831250011920929,0.297366201877594,0.6010929346084595,7.0,2023-08-26
bg_42735,0.8947368264198303,0.2558222115039825,0.5895472168922424,7.0,2023-08-26
bg_42748,0.8228749632835388,0.4296671152114868,0.6957151889801025,5.0,2023-08-26
bg_43559,0.8201899528503418,0.3231118619441986,0.6579696536064148,7.0,2023-08-26
bg_43975,0.9210861325263976,0.3715352416038513,0.6777933835983276,5.0,2023-08-26
bg_44365,0.9007031917572021,0.3221527636051178,0.6392269134521484,7.0,2023-08-26
bg_45592,0.8927115797996521,0.3683016002178192,0.6753830313682556,10.0,2023-08-26
bg_45600,0.8998631834983826,0.3087149262428283,0.6330275535583496,11.0,2023-08-26
bg_45623,0.8927805423736572,0.3249231576919555,0.6192923188209534,5.0,2023-08-26
bg_45636,0.9078773856163024,0.3943845331668854,0.7035671472549438,6.0,2023-08-26
bg_45681,0.9029824137687684,0.3454406261444092,0.6519026756286621,13.0,2023-08-26
bg_46518,0.8936765789985657,0.28487229347229,0.6155340075492859,5.0,2023-08-26
bg_46725,0.9107430577278136,0.4162316024303436,0.7225322127342224,7.0,2023-08-26
bg_47079,0.880419135093689,0.2351510971784591,0.5597484111785889,5.0,2023-08-26
bg_47376,0.848730206489563,0.2181807607412338,0.5309971570968628,12.0,2023-08-26
bg_47831,0.8707867860794067,0.3079278469085693,0.5993274450302124,10.0,2023-08-26
bg_47902,0.8855105638504028,0.3531444370746612,0.6707032322883606,7.0,2023-08-26
bg_48056,0.9114829301834106,0.3642595410346985,0.6594235897064209,6.0,2023-08-26
bg_48709,0.8990731239318848,0.3550488650798797,0.6557593941688538,7.0,2023-08-26
bg_48755,0.8408077955245972,0.3123122155666351,0.6193921566009521,6.0,2023-08-26
bg_48772,0.8996267318725586,0.3603190779685974,0.6633375883102417,5.0,2023-08-26
bg_49160,0.8547622561454773,0.2939940392971039,0.6135203838348389,6.0,2023-08-26
bg_49790,0.8894009590148926,0.377341091632843,0.6541135907173157,8.0,2023-08-26
bg_1791,0.9130884408950806,0.3762085139751434,0.6738954782485962,6.0,2023-08-28
bg_1947,0.907317042350769,0.3724684417247772,0.6846606135368347,19.0,2023-08-28
bg_2447,0.8906489610671997,0.3670975863933563,0.6873630285263062,21.0,2023-08-28
bg_3763,0.868983268737793,0.3720341622829437,0.6678503155708313,14.0,2023-08-28
bg_13854,0.7298744320869446,0.2233685702085495,0.4736588895320892,14.0,2023-08-28
bg_14323,0.9033257961273192,0.3703024983406067,0.6911504864692688,10.0,2023-08-28
bg_15356,0.898364245891571,0.3552673161029815,0.665640652179718,21.0,2023-08-28
bg_18009,0.8895678520202637,0.3499763607978821,0.6813459396362305,10.0,2023-08-28
bg_18323,0.8618817329406738,0.3081683218479156,0.6348209381103516,10.0,2023-08-28
bg_19892,0.8993887901306152,0.3794513642787933,0.7068018913269043,15.0,2023-08-28
bg_20921,0.8336052298545837,0.235361635684967,0.5425383448600769,7.0,2023-08-28
bg_21241,0.8060673475265503,0.2742311358451843,0.5625419020652771,18.0,2023-08-28
bg_21839,0.8315199613571167,0.2152094393968582,0.5396276116371155,18.0,2023-08-28
bg_22251,0.8480995893478394,0.404661625623703,0.7030571103096008,16.0,2023-08-28
bg_25398,0.797024130821228,0.2937287986278534,0.5772728323936462,18.0,2023-08-28
bg_26451,0.90484356880188,0.3492559194564819,0.6736553907394409,3.0,2023-08-28
bg_28440,0.8124780058860779,0.3012260496616363,0.633208692073822,14.0,2023-08-28
bg_32345,0.8157036900520325,0.3287238776683807,0.5983307361602783,13.0,2023-08-28
bg_40626,0.9008554220199584,0.3626406192779541,0.6726017594337463,17.0,2023-08-28
bg_46556,0.8951208591461182,0.3375640511512756,0.6602916121482849,21.0,2023-08-28
bg_47676,0.8758103251457214,0.3472261726856231,0.6568029522895813,14.0,2023-08-28
bg_1935,0.8581827282905579,0.3176981210708618,0.6440821290016174,6.0,2023-09-14
bg_3150,0.8241311311721802,0.2909673750400543,0.6104628443717957,12.0,2023-09-14
bg_3167,0.8949313759803772,0.3399081826210022,0.6660988330841064,7.0,2023-09-14
bg_3206,0.9042456150054932,0.3465489447116852,0.6515588164329529,14.0,2023-09-14
bg_4310,0.4469151496887207,0.1156650409102439,0.3901301324367523,15.0,2023-09-14
bg_4730,0.9122111797332764,0.3729426264762878,0.6838737726211548,14.0,2023-09-14
bg_5287,0.9231632947921752,0.3198306858539581,0.6377096772193909,14.0,2023-09-14
bg_5311,0.916057586669922,0.3737585544586181,0.6804537773132324,10.0,2023-09-14
bg_9765,0.8768529295921326,0.3381642401218414,0.6542477607727051,13.0,2023-09-14
bg_14557,0.8373527526855469,0.2854006588459015,0.609827995300293,7.0,2023-09-14
bg_14998,0.8871086835861206,0.3250086605548858,0.6572811603546143,11.0,2023-09-14
bg_18676,0.8813770413398743,0.3869438767433166,0.6943699717521667,13.0,2023-09-14
bg_23668,0.889041543006897,0.3380468487739563,0.6551467180252075,10.0,2023-09-14
bg_24073,0.8735139966011047,0.3031108379364013,0.6294995546340942,13.0,2023-09-14
bg_24832,0.8721452355384827,0.345605731010437,0.6599605083465576,6.0,2023-09-14
bg_25190,0.8783592581748962,0.3370021879673004,0.6322489380836487,15.0,2023-09-14
bg_25212,0.8426915407180786,0.2784026861190796,0.6051406860351562,12.0,2023-09-14
bg_26726,0.8697697520256042,0.3154070973396301,0.6321635246276855,14.0,2023-09-14
bg_29111,0.8842089176177979,0.2885928452014923,0.6216790080070496,10.0,2023-09-14
bg_32792,0.9213652610778807,0.3647437393665313,0.6813294887542725,18.0,2023-09-14
bg_33459,0.8992381691932678,0.3047411739826202,0.6120886206626892,3.0,2023-09-14
bg_35986,0.7338877320289612,0.2361597865819931,0.5214908719062805,11.0,2023-09-14
bg_36665,0.85881507396698,0.2634782791137695,0.5755274891853333,14.0,2023-09-14
bg_36743,0.8600572347640991,0.2289630025625229,0.5649857521057129,2.0,2023-09-14
bg_36795,0.8368532061576843,0.3133752048015594,0.6294838190078735,11.0,2023-09-14
bg_40083,0.8926510214805603,0.3550468683242798,0.6654306650161743,12.0,2023-09-14
bg_40095,0.8409096598625183,0.294109970331192,0.6019595861434937,14.0,2023-09-14
bg_40157,0.912500023841858,0.2875712215900421,0.6173179149627686,3.0,2023-09-14
bg_40838,0.848088264465332,0.3325657248497009,0.6450433731079102,5.0,2023-09-14
bg_41323,0.7412896752357483,0.1965652853250503,0.4856745898723602,14.0,2023-09-14
bg_42540,0.8955743312835693,0.335690438747406,0.6519812941551208,13.0,2023-09-14
bg_42989,0.9268885254859924,0.3689936399459839,0.6670477986335754,14.0,2023-09-14
bg_45252,0.9149117469787598,0.3867223262786865,0.6914227604866028,7.0,2023-09-14
bg_45814,0.9119882583618164,0.2427834868431091,0.5820818543434143,12.0,2023-09-14
bg_47273,0.9046010971069336,0.4279519915580749,0.7148662209510803,7.0,2023-09-14
bg_49396,0.8947368264198303,0.2834413945674896,0.6050110459327698,3.0,2023-09-14
bg_15,0.8713471293449402,0.4111254513263702,0.7085427641868591,12.0,2024-02-14
bg_25,0.8667513728141785,0.3867378830909729,0.685302197933197,6.0,2024-02-14
bg_32,0.7654398083686829,0.2277657091617584,0.5001325011253357,3.0,2024-02-14
bg_37,0.6602067351341248,0.3632144331932068,0.5810520052909851,3.0,2024-02-14
bg_70,0.825027346611023,0.3088201284408569,0.5643097758293152,16.0,2024-02-14
bg_90,0.7836167216300964,0.2014575749635696,0.5354838967323303,7.0,2024-02-14
bg_187,0.8638522624969482,0.3793670237064361,0.6755217909812927,13.0,2024-02-14
bg_239,0.779631495475769,0.2660976946353912,0.5770071744918823,4.0,2024-02-14
bg_257,0.826786458492279,0.3300823271274566,0.6227076053619385,6.0,2024-02-14
bg_275,0.5902658700942993,0.0606389306485652,0.3096154034137726,6.0,2024-02-14
bg_285,0.7749156951904297,0.3555035293102264,0.6127055287361145,1.0,2024-02-14
bg_345,0.7939170002937317,0.2904888987541199,0.6264907717704773,6.0,2024-02-14
bg_409,0.8202521800994873,0.2191930413246154,0.5329614281654358,8.0,2024-02-14
bg_577,0.7099910974502563,0.2032402008771896,0.4650429785251617,4.0,2024-02-14
bg_601,0.8703607320785522,-0.0288100317120552,0.3201578259468078,10.0,2024-02-14
bg_607,0.8577967286109924,0.4159812033176422,0.6978235840797424,6.0,2024-02-14
bg_635,0.9037315845489502,0.4642169177532196,0.7305449843406677,20.0,2024-02-14
bg_685,0.7703724503517151,0.3470255434513092,0.6162667870521545,28.0,2024-02-14
bg_716,0.6478492617607117,0.2280673533678054,0.4575899839401245,6.0,2024-02-14
bg_1106,0.8887397050857544,0.425416886806488,0.7119680047035217,14.0,2024-02-14
bg_1146,0.8965203762054443,0.3413884043693542,0.6374013423919678,2.0,2024-02-14
bg_1160,0.4177499413490295,0.2634897232055664,0.4493832290172577,2.0,2024-02-14
bg_1261,0.8731889724731445,0.3810469806194305,0.6767557263374329,16.0,2024-02-14
bg_1354,0.8933416604995728,0.4022087454795837,0.7099243402481079,24.0,2024-02-14
bg_1389,0.8953661918640137,0.1156126335263252,0.3888280391693115,5.0,2024-02-14
bg_1680,0.7031342387199402,0.2935099601745605,0.5205913186073303,3.0,2024-02-14
bg_1687,0.8762736320495605,0.3643821477890014,0.6621534824371338,1.0,2024-02-14
bg_1690,0.820334255695343,0.3038141131401062,0.6091105341911316,7.0,2024-02-14
bg_1816,,,,,2024-02-14
bg_1899,0.8875824809074402,0.2185631096363067,0.5840091705322266,22.0,2024-02-14
bg_1973,0.8950331807136536,0.3535367846488952,0.6597685217857361,11.0,2024-02-14
bg_2009,0.8621701002120972,0.318563312292099,0.6529368162155151,8.0,2024-02-14
bg_2116,0.2360684275627136,-0.0303404051810503,0.0826558098196983,20.0,2024-02-14
bg_2251,0.8633720874786377,0.3526773750782013,0.6695652008056641,3.0,2024-02-14
bg_2305,0.8388603329658508,0.3456844091415405,0.619399905204773,10.0,2024-02-14
bg_2333,0.8877988457679749,0.4351502060890198,0.6700292229652405,14.0,2024-02-14
bg_2429,0.8628329038619995,0.3571428656578064,0.6470097899436951,5.0,2024-02-14
bg_2451,0.8688750863075256,0.3036156892776489,0.624691367149353,5.0,2024-02-14
bg_2487,0.7345854043960571,0.3363524675369262,0.525770366191864,12.0,2024-02-14
bg_2534,0.8808373808860779,0.4936061203479767,0.7596566677093506,9.0,2024-02-14
bg_2549,0.6520770788192749,0.2845593094825744,0.4882502853870392,4.0,2024-02-14
bg_2609,0.8643425703048706,0.2540540397167206,0.5744825005531311,5.0,2024-02-14
bg_2682,0.8569326400756836,0.3459233343601227,0.6338481903076172,6.0,2024-02-14
bg_2804,0.734024167060852,0.3315265476703644,0.5072118639945984,2.0,2024-02-14
bg_2861,0.8011471629142761,0.2370036244392395,0.5599532127380371,8.0,2024-02-14
bg_2879,0.8695000410079956,0.2416818886995315,0.5745384097099304,6.0,2024-02-14
bg_3109,0.8853408098220825,0.5485522747039795,0.7876335978507996,8.0,2024-02-14
bg_3222,0.9082696437835692,0.358893483877182,0.6774587631225586,5.0,2024-02-14
bg_3392,0.8391143679618835,0.2170940190553665,0.5589615106582642,1.0,2024-02-14
bg_3413,0.858935534954071,0.2544378638267517,0.5987933874130249,3.0,2024-02-14
bg_3464,0.8669056296348572,0.3579015731811523,0.6879688501358032,10.0,2024-02-14
bg_3471,0.8317432999610901,0.3319318890571594,0.6146789193153381,3.0,2024-02-14
bg_3497,0.908883810043335,0.3906125426292419,0.7003890872001648,9.0,2024-02-14
bg_3603,0.674104630947113,0.173810139298439,0.3508851528167724,1.0,2024-02-14
bg_3609,0.8631150722503662,0.305677980184555,0.6104893088340759,3.0,2024-02-14
bg_3612,0.6259798407554626,0.2807997763156891,0.5172414183616638,5.0,2024-02-14
bg_3616,0.8765231370925903,0.3338753283023834,0.6532612442970276,5.0,2024-02-14
bg_3618,0.8796770572662354,0.3404709994792938,0.6698663830757141,10.0,2024-02-14
bg_3715,0.725092887878418,0.2966453731060028,0.5385264158248901,12.0,2024-02-14
bg_3788,0.8442452549934387,0.3164100348949432,0.6263902187347412,4.0,2024-02-14
bg_3865,0.8778509497642517,0.3856347203254699,0.6529725790023804,14.0,2024-02-14
bg_3881,0.8475132584571838,0.2642364501953125,0.5610705614089966,5.0,2024-02-14
bg_3893,0.7275146842002869,0.195753738284111,0.4811014235019684,14.0,2024-02-14
bg_3987,0.9115265011787416,0.3345283567905426,0.6544444561004639,7.0,2024-02-14
bg_4085,0.8494990468025208,0.3094994723796844,0.6117714643478394,4.0,2024-02-14
bg_4365,0.7574032545089722,0.32254359126091,0.623683750629425,6.0,2024-02-14
bg_4368,0.915004312992096,0.5040872097015381,0.7638315558433533,7.0,2024-02-14
bg_4458,0.8314736485481262,0.2411994934082031,0.5637319684028625,7.0,2024-02-14
bg_4550,0.8556700944900513,0.2867783904075622,0.5856777429580688,3.0,2024-02-14
bg_4577,0.6000000238418579,-0.058788988739252,0.1831737011671066,12.0,2024-02-14
bg_4602,0.7463600635528564,0.390955239534378,0.7004179358482361,2.0,2024-02-14
bg_4607,0.8654773831367493,0.3671330511569977,0.6712522506713867,4.0,2024-02-14
bg_4638,0.7979568839073181,0.3246632516384125,0.6262833476066589,5.0,2024-02-14
bg_4691,0.5013567209243774,0.1787633895874023,0.3273091912269592,2.0,2024-02-14
bg_4702,0.8971037268638611,0.4217071831226349,0.6960128545761108,14.0,2024-02-14
bg_4703,0.6069270968437195,0.2827432751655578,0.5272988080978394,2.0,2024-02-14
bg_4732,0.8304324746131897,0.3900513052940368,0.6539943814277649,6.0,2024-02-14
bg_4738,0.8690783977508545,0.2133239060640335,0.5527272820472717,3.0,2024-02-14
bg_4802,0.878118097782135,0.3297691643238067,0.6381579041481018,3.0,2024-02-14
bg_4896,0.857374370098114,0.2969172596931457,0.5838837623596191,7.0,2024-02-14
bg_5016,,,,,2024-02-14
bg_5117,0.8448125720024109,-0.0304518565535545,0.3317422270774841,13.0,2024-02-14
bg_5164,0.8994480967521667,0.3108712136745453,0.6588026285171509,14.0,2024-02-14
bg_5219,0.8042338490486145,0.3426281809806824,0.6063057780265808,14.0,2024-02-14
bg_5240,0.8754340410232544,0.3039881587028503,0.6385575532913208,6.0,2024-02-14
bg_5379,0.6312956809997559,0.1260979324579239,0.3752517998218536,16.0,2024-02-14
bg_5514,0.8667449355125427,0.3034402728080749,0.601871132850647,5.0,2024-02-14
bg_5547,0.8017621040344238,0.3365253210067749,0.6538298726081848,5.0,2024-02-14
bg_5625,-0.0988596975803375,-0.0815918371081352,0.0763317793607711,8.0,2024-02-14
bg_5688,0.8597707152366638,0.2937685549259186,0.6200650334358215,3.0,2024-02-14
bg_5689,0.6192725300788879,0.218627780675888,0.4461084008216858,1.0,2024-02-14
bg_5747,0.8696728348731995,0.3554587364196777,0.659447968006134,6.0,2024-02-14
bg_5799,0.8683181405067444,0.3794263005256653,0.6740654110908508,5.0,2024-02-14
bg_5833,0.9249791502952576,0.4527401328086853,0.738214373588562,9.0,2024-02-14
bg_5864,0.413072794675827,0.1996607780456543,0.3577653765678406,2.0,2024-02-14
bg_6006,0.6236135363578796,0.1986539214849472,0.4856517910957336,4.0,2024-02-14
bg_6077,0.8715974688529968,0.3351447284221649,0.6398187875747681,20.0,2024-02-14
bg_6156,0.8353812098503113,0.2110497802495956,0.5444165468215942,6.0,2024-02-14
bg_6232,0.6548727750778198,0.1004216596484184,0.3123959600925445,4.0,2024-02-14
bg_6342,0.8948240280151367,0.3570195138454437,0.6344916224479675,5.0,2024-02-14
bg_6422,0.875175952911377,0.2753368616104126,0.6201991438865662,7.0,2024-02-14
bg_6443,0.8082191944122314,0.2465315014123916,0.6629921197891235,3.0,2024-02-14
bg_6486,0.6444091200828552,0.1067505478858947,0.3791831135749817,6.0,2024-02-14
bg_6491,0.8422796726226807,0.0976058989763259,0.4518879354000091,7.0,2024-02-14
bg_6551,0.5752993226051331,0.3451708257198334,0.596933901309967,5.0,2024-02-14
bg_6569,0.8823978304862976,0.4034591317176819,0.7023009061813354,12.0,2024-02-14
bg_6580,0.6513493657112122,0.4140105545520782,0.6762982606887817,3.0,2024-02-14
bg_6591,0.8704684376716614,0.2924289405345917,0.6277915835380554,5.0,2024-02-14
bg_6654,0.9071165919303894,0.3072989284992218,0.6483001112937927,7.0,2024-02-14
bg_6696,0.8488326072692871,0.3996405005455017,0.6404494643211365,1.0,2024-02-14
bg_6736,0.6777806282043457,0.2679002285003662,0.4880361258983612,5.0,2024-02-14
bg_6867,0.7489626407623291,0.2445473968982696,0.5649427771568298,19.0,2024-02-14
bg_6919,0.6735156774520874,-0.0304114371538162,0.2793458998203277,6.0,2024-02-14
bg_7049,0.848304808139801,0.4717506468296051,0.7371731400489807,3.0,2024-02-14
bg_7172,0.7295733690261841,0.3103448450565338,0.6283186078071594,3.0,2024-02-14
bg_7278,0.8498445153236389,0.3928286731243133,0.6891167759895325,9.0,2024-02-14
bg_7280,0.8141711354255676,0.2859725952148437,0.5970484614372253,5.0,2024-02-14
bg_7373,0.8663792014122009,0.3462661504745483,0.6589889526367188,10.0,2024-02-14
bg_7471,0.8378292322158813,0.2953178882598877,0.6040973663330078,4.0,2024-02-14
bg_7497,0.8365868330001831,0.2991579473018646,0.6005527973175049,20.0,2024-02-14
bg_7552,0.8423589468002319,0.4108738899230957,0.6921036243438721,8.0,2024-02-14
bg_7733,0.5539164543151855,0.2427324056625366,0.3975740671157837,2.0,2024-02-14
bg_7738,0.881770670413971,0.5138794779777527,0.761694610118866,4.0,2024-02-14
bg_7797,0.7831050157546997,0.2747252881526947,0.5832687616348267,13.0,2024-02-14
bg_7800,0.8775421380996704,0.3957816362380981,0.640949547290802,19.0,2024-02-14
bg_7830,0.8307254910469055,0.2742857038974762,0.5845337510108948,5.0,2024-02-14
bg_7869,0.9327265620231628,0.114244058728218,0.5046097040176392,7.0,2024-02-14
bg_7935,0.708695650100708,0.2917008996009826,0.5502958297729492,1.0,2024-02-14
bg_7951,0.8506361842155457,0.470087319612503,0.7174681425094604,4.0,2024-02-14
bg_7984,0.7703081369400024,0.1632928401231765,0.4798283278942108,11.0,2024-02-14
bg_8100,0.6555435657501221,-0.0166240539401769,0.3526813685894012,7.0,2024-02-14
bg_8133,0.8436590433120728,0.2664436995983124,0.6005696058273315,5.0,2024-02-14
bg_8146,0.7346512079238892,0.1943317204713821,0.5118932723999023,10.0,2024-02-14
bg_8154,0.8604651093482971,0.3772023022174835,0.6616562008857727,7.0,2024-02-14
bg_8180,0.5572232604026794,0.1604370474815368,0.4226295351982116,5.0,2024-02-14
bg_8330,0.8884245157241821,0.4457404315471649,0.705329179763794,3.0,2024-02-14
bg_8440,0.8665739893913269,0.4428399503231048,0.7026106715202332,5.0,2024-02-14
bg_8449,0.8785988688468933,0.3639833331108093,0.671833872795105,20.0,2024-02-14
bg_8532,0.8318350315093994,0.2938046455383301,0.5900849103927612,3.0,2024-02-14
bg_8537,0.2870026528835296,0.0367982909083366,0.1211267560720443,5.0,2024-02-14
bg_8651,0.8761308193206787,0.37050461769104,0.6905089616775513,5.0,2024-02-14
bg_8658,0.9005405306816101,0.4682960510253906,0.7449131608009338,5.0,2024-02-14
bg_8698,0.8966792225837708,0.3497582972049713,0.6674755811691284,4.0,2024-02-14
bg_8753,0.865944504737854,0.2639925479888916,0.5764979720115662,5.0,2024-02-14
bg_8768,0.7896436452865601,0.2553127110004425,0.5516197681427002,10.0,2024-02-14
bg_8840,0.7289732694625854,0.3863958716392517,0.6498943567276001,8.0,2024-02-14
bg_8847,,,,,2024-02-14
bg_8854,0.6265348196029663,0.1019074544310569,0.327042281627655,14.0,2024-02-14
bg_8972,0.7459978461265564,0.2004581689834594,0.4977831542491913,9.0,2024-02-14
bg_9005,0.8029972314834595,0.3247075974941253,0.6182087659835815,4.0,2024-02-14
bg_9010,0.870635449886322,0.3048709332942962,0.6259431838989258,4.0,2024-02-14
bg_9032,0.8062578439712524,0.2293070703744888,0.5332189798355103,12.0,2024-02-14
bg_9041,0.893200159072876,0.3997890055179596,0.6915232539176941,7.0,2024-02-14
bg_9211,0.6100418567657471,0.1926947385072708,0.3693950176239013,9.0,2024-02-14
bg_9335,0.8264663219451904,0.2892099916934967,0.5933147668838501,5.0,2024-02-14
bg_9420,0.847538948059082,0.1119565665721893,0.4216874837875366,8.0,2024-02-14
bg_9438,0.8706499338150024,0.2130335569381714,0.5649027228355408,4.0,2024-02-14
bg_9616,0.7059205770492554,0.2462781816720962,0.5639206767082214,6.0,2024-02-14
bg_9699,0.3601160049438476,0.0787030830979347,0.2574193775653839,6.0,2024-02-14
bg_9714,0.7768651843070984,0.2741104662418365,0.5368819236755371,7.0,2024-02-14
bg_9803,0.8134103417396545,0.2885929346084595,0.6127517819404602,14.0,2024-02-14
bg_9816,0.7386924624443054,0.3498265445232391,0.5863694548606873,4.0,2024-02-14
bg_9922,0.8709442019462585,0.462216854095459,0.7309854030609131,11.0,2024-02-14
bg_10118,0.8573915958404541,0.4824151694774627,0.7345491647720337,8.0,2024-02-14
bg_10127,0.857261061668396,0.5315315127372742,0.778698205947876,37.0,2024-02-14
bg_10162,0.848156213760376,0.321167916059494,0.6244041919708252,9.0,2024-02-14
bg_10209,0.8762626051902771,0.2927756905555725,0.6428074836730957,7.0,2024-02-14
bg_10246,0.7247474789619446,0.1811539530754089,0.4828544855117798,7.0,2024-02-14
bg_10320,0.846204936504364,0.2637989819049835,0.5733370184898376,4.0,2024-02-14
bg_10412,0.7365679740905762,0.3222769498825073,0.5684173107147217,2.0,2024-02-14
bg_10434,0.7975882887840271,0.3577117025852203,0.6232985258102417,4.0,2024-02-14
bg_10462,0.7915682196617126,0.0881597846746444,0.4769463241100311,6.0,2024-02-14
bg_10552,0.856521725654602,0.2968868613243103,0.6139240264892578,5.0,2024-02-14
bg_10615,0.8707653880119324,0.2494381964206695,0.5933365821838379,5.0,2024-02-14
bg_10618,0.8926050662994385,0.3766293227672577,0.685330331325531,7.0,2024-02-14
bg_10699,0.4618739783763885,0.0955426692962646,0.2576054632663727,4.0,2024-02-14
bg_10716,0.8646602034568787,0.3479819893836975,0.6336267590522766,6.0,2024-02-14
bg_10779,0.6414374113082886,0.235212042927742,0.3821175396442413,10.0,2024-02-14
bg_10892,0.8498876094818115,0.1753283739089965,0.5491155385971069,7.0,2024-02-14
bg_10943,0.8575498461723328,0.3252032697200775,0.6360033750534058,7.0,2024-02-14
bg_10999,0.8137065768241882,0.0431945510208606,0.3932709395885467,6.0,2024-02-14
bg_11249,0.6942085027694702,0.1989071071147918,0.491264134645462,9.0,2024-02-14
bg_11258,0.7932418584823608,0.2713217735290527,0.5573651790618896,10.0,2024-02-14
bg_11392,0.8459214568138123,0.4067952334880829,0.6715766787528992,3.0,2024-02-14
bg_11518,0.8860759735107422,0.3168261051177978,0.637988805770874,5.0,2024-02-14
bg_11536,0.8313347101211548,0.2966949939727783,0.63881915807724,10.0,2024-02-14
bg_11560,0.7736833095550537,0.2257213294506073,0.4810944497585296,18.0,2024-02-14
bg_11591,0.8660399317741394,0.3507229685783386,0.6410609483718872,5.0,2024-02-14
bg_11630,0.6829530000686646,0.2921713590621948,0.5001237988471985,4.0,2024-02-14
bg_11647,0.8590693473815918,0.2817511856555938,0.5692686438560486,6.0,2024-02-14
bg_11651,0.7488494515419006,0.0928512811660766,0.4531754851341247,5.0,2024-02-14
bg_11704,0.8498573303222656,0.3314898908138275,0.6282244324684143,2.0,2024-02-14
bg_11726,0.7885845899581909,0.2908369302749634,0.5262326002120972,14.0,2024-02-14
bg_11764,0.871375560760498,0.2783240079879761,0.5731167197227478,2.0,2024-02-14
bg_11780,0.8663171529769897,0.3487403094768524,0.6266849637031555,1.0,2024-02-14
bg_11820,0.8066034913063049,0.3024514019489288,0.5884274244308472,14.0,2024-02-14
bg_11882,0.7262044548988342,0.3110218644142151,0.4830893576145172,1.0,2024-02-14
bg_11884,0.8005565404891968,0.2249099612236023,0.521521806716919,4.0,2024-02-14
bg_11954,0.7062795758247375,0.2890612483024597,0.5188617706298828,4.0,2024-02-14
bg_11966,0.7900146842002869,0.2711157500743866,0.5660497546195984,21.0,2024-02-14
bg_11982,0.8909741044044495,0.5051383376121521,0.7522477507591248,7.0,2024-02-14
bg_12025,0.7223993539810181,0.1653535813093185,0.4533770084381103,6.0,2024-02-14
bg_12103,0.8077170252799988,0.3192280828952789,0.5733757615089417,10.0,2024-02-14
bg_12151,0.8729140162467957,0.2788818776607513,0.6023176312446594,5.0,2024-02-14
bg_12154,0.8924942016601562,0.3759827613830566,0.6873619556427002,20.0,2024-02-14
bg_12187,0.5736867785453796,0.2698121666908264,0.4631107747554779,2.0,2024-02-14
bg_12206,0.7248840928077698,0.3040430247783661,0.5551839470863342,1.0,2024-02-14
bg_12220,0.8702036738395691,0.3799725472927093,0.6809533834457397,11.0,2024-02-14
bg_12227,0.8611987233161926,0.335472822189331,0.646766185760498,5.0,2024-02-14
bg_12240,0.8464311957359314,0.2836560606956482,0.5656970143318176,4.0,2024-02-14
bg_12255,,,,,2024-02-14
bg_12286,0.8882210850715637,0.3347117602825165,0.6513510346412659,8.0,2024-02-14
bg_12326,0.8885931968688965,0.3550282120704651,0.6887766718864441,4.0,2024-02-14
bg_12358,0.6886035203933716,0.2105868756771087,0.5585185289382935,3.0,2024-02-14
bg_12427,0.8544232845306396,0.2913880944252014,0.5786463618278503,13.0,2024-02-14
bg_12456,0.8578295111656189,0.2081470340490341,0.5490720868110657,18.0,2024-02-14
bg_12530,0.8644192218780518,0.3676761984825134,0.6896551847457886,23.0,2024-02-14
bg_12581,0.8505698442459106,0.3191635012626648,0.6353591084480286,5.0,2024-02-14
bg_12592,0.8845171332359314,0.166773185133934,0.5248434543609619,7.0,2024-02-14
bg_12633,0.8456848859786987,0.3013979792594909,0.6134719848632812,4.0,2024-02-14
bg_12642,0.8314844965934753,0.2755479514598846,0.6146864295005798,4.0,2024-02-14
bg_12697,0.8376876711845398,0.3820924162864685,0.6668844223022461,2.0,2024-02-14
bg_12813,0.8646303415298462,0.3343231976032257,0.6522781848907471,5.0,2024-02-14
bg_12818,0.7904488444328308,0.241688922047615,0.4964920282363891,8.0,2024-02-14
bg_12828,0.7344589233398438,0.2075078189373016,0.4597083628177643,19.0,2024-02-14
bg_12864,0.8563106656074524,0.3315436244010925,0.6267725229263306,3.0,2024-02-14
bg_12883,0.8564858436584473,0.3804534077644348,0.694442093372345,2.0,2024-02-14
bg_12912,0.8883444666862488,0.327702522277832,0.6434603333473206,6.0,2024-02-14
bg_12913,0.5436296463012695,0.1418007165193557,0.3261756598949432,3.0,2024-02-14
bg_12980,0.6092324256896973,0.25151327252388,0.4905027747154236,5.0,2024-02-14
bg_12998,0.856662929058075,0.4006336033344269,0.6705289483070374,7.0,2024-02-14
bg_13076,0.8384097218513489,0.2866101562976837,0.5967833995819092,4.0,2024-02-14
bg_13090,0.8344537615776062,0.274630457162857,0.5909879207611084,16.0,2024-02-14
bg_13131,0.8843007683753967,0.3401097953319549,0.6345299482345581,6.0,2024-02-14
bg_13182,0.8014598488807678,0.224720761179924,0.5640050768852234,9.0,2024-02-14
bg_13234,0.8795003890991211,0.3421200215816498,0.6514837741851807,5.0,2024-02-14
bg_13291,0.8810811042785645,0.2569712698459625,0.6076447367668152,7.0,2024-02-14
bg_13319,0.6911787986755371,0.1839113235473632,0.4430835843086242,2.0,2024-02-14
bg_13325,0.6834970116615295,0.2467478811740875,0.5247474908828735,3.0,2024-02-14
bg_13346,0.8911115527153015,0.3551045656204223,0.6541448831558228,12.0,2024-02-14
bg_13392,0.8844537734985352,0.3470476269721985,0.6562060713768005,13.0,2024-02-14
bg_13438,0.8926516771316528,0.3115413188934326,0.6219000220298767,6.0,2024-02-14
bg_13972,0.8472468852996826,0.2724902331829071,0.6000000238418579,5.0,2024-02-14
bg_13983,0.8822512626647949,0.2871740162372589,0.5963554382324219,14.0,2024-02-14
bg_14091,0.6845213174819946,0.0149538749828934,0.3120408952236175,13.0,2024-02-14
bg_14233,0.8532373905181885,0.3297974765300751,0.6247373223304749,5.0,2024-02-14
bg_14239,0.8116062879562378,0.3368153274059295,0.5685686469078064,12.0,2024-02-14
bg_14283,0.8550090789794922,0.3459582030773163,0.6427732110023499,4.0,2024-02-14
bg_14349,0.4474097490310669,0.2541452944278717,0.4577054977416992,3.0,2024-02-14
bg_14433,0.8488790392875671,0.3456762433052063,0.6261937618255615,9.0,2024-02-14
bg_14452,0.8593939542770386,0.3088293969631195,0.692148745059967,5.0,2024-02-14
bg_14532,0.8388003706932068,0.2630902826786041,0.592547595500946,5.0,2024-02-14
bg_14592,0.8458527326583862,0.3412872850894928,0.6526111960411072,9.0,2024-02-14
bg_14607,0.8741573095321655,0.2701979577541351,0.600269615650177,7.0,2024-02-14
bg_14642,0.4712845087051391,0.2836218178272247,0.5230768918991089,5.0,2024-02-14
bg_14657,0.8479670882225037,0.3201830983161926,0.6208674311637878,16.0,2024-02-14
bg_14676,0.8756988048553467,0.3801113069057464,0.6746755242347717,3.0,2024-02-14
bg_14689,0.85196852684021,0.4007850289344787,0.6924921870231628,5.0,2024-02-14
bg_14711,0.864617645740509,0.3435700535774231,0.6491909027099609,5.0,2024-02-14
bg_14779,0.784907877445221,0.2003929167985916,0.4672130942344665,11.0,2024-02-14
bg_14795,0.0310645624995231,0.2492467015981674,0.4522214531898498,3.0,2024-02-14
bg_14823,0.8008298873901367,0.190303698182106,0.5095652341842651,5.0,2024-02-14
bg_14827,,,,,2024-02-14
bg_14869,0.8965129852294922,0.3739485740661621,0.6954638957977295,36.0,2024-02-14
bg_14903,0.8290932774543762,0.1273688971996307,0.4533692896366119,7.0,2024-02-14
bg_14932,0.6343558430671692,0.2562087476253509,0.4473017156124115,3.0,2024-02-14
bg_14940,0.6971439719200134,-0.0960117653012275,0.2703031599521637,4.0,2024-02-14
bg_14976,0.8478543758392334,0.2721904516220093,0.5919321179389954,4.0,2024-02-14
bg_15108,0.8623469471931458,0.4019501209259033,0.6762101054191589,2.0,2024-02-14
bg_15243,0.8166108131408691,0.405093789100647,0.6878515481948853,12.0,2024-02-14
bg_15248,0.676348090171814,0.3013066053390503,0.5506788492202759,2.0,2024-02-14
bg_15276,0.846846878528595,0.3724679350852966,0.661445140838623,7.0,2024-02-14
bg_15327,0.862881064414978,0.3349046409130096,0.6147068738937378,6.0,2024-02-14
bg_15397,0.8736292123794556,0.3355555534362793,0.6602209806442261,5.0,2024-02-14
bg_15409,0.6808128952980042,0.237325519323349,0.399701327085495,3.0,2024-02-14
bg_15461,0.6014779806137085,0.1893462836742401,0.3960825204849243,2.0,2024-02-14
bg_15580,0.8175623416900635,0.2982410788536072,0.6016843914985657,4.0,2024-02-14
bg_15667,0.8942107558250427,0.4881038069725036,0.7458974719047546,3.0,2024-02-14
bg_15694,0.8681454062461853,0.2790550589561462,0.5875486135482788,13.0,2024-02-14
bg_15906,0.9417726993560792,0.3331538140773773,0.6143341064453125,16.0,2024-02-14
bg_15919,0.593478798866272,0.0206315275281667,0.2959509789943695,16.0,2024-02-14
bg_15986,0.9047619104385376,0.3913958668708801,0.6797966957092285,7.0,2024-02-14
bg_16064,0.8458933234214783,0.1190964952111244,0.4316078126430511,5.0,2024-02-14
bg_16137,0.8114080429077148,0.3935746252536773,0.6893664002418518,10.0,2024-02-14
bg_16144,0.8886981010437012,0.0622128993272781,0.4522734880447387,20.0,2024-02-14
bg_16271,0.852898895740509,0.2654463946819305,0.610016942024231,4.0,2024-02-14
bg_16286,0.8896380662918091,0.3645004630088806,0.6661880016326904,6.0,2024-02-14
bg_16508,0.9027511477470398,0.2838333547115326,0.6006458401679993,1.0,2024-02-14
bg_16511,0.8509300947189331,0.3110158145427704,0.6273009777069092,4.0,2024-02-14
bg_16626,0.8668114542961121,0.3393092751502991,0.6506639719009399,7.0,2024-02-14
bg_16662,0.8546217083930969,0.2584394812583923,0.6338801383972168,18.0,2024-02-14
bg_16705,0.8879814743995667,0.376005083322525,0.6803752183914185,6.0,2024-02-14
bg_16709,0.8510730266571045,0.2496353983879089,0.5590063333511353,10.0,2024-02-14
bg_16727,0.8558074235916138,0.160875916481018,0.5042019486427307,20.0,2024-02-14
bg_16870,0.8714772462844849,0.3095423281192779,0.5909043550491333,12.0,2024-02-14
bg_17013,0.4414150416851043,0.1633398830890655,0.2498748153448104,4.0,2024-02-14
bg_17036,0.2190602421760559,0.1289070695638656,0.189922496676445,1.0,2024-02-14
bg_17059,0.8460802435874939,0.1398795545101165,0.4749283194541931,20.0,2024-02-14
bg_17065,0.7706237435340881,0.2652767896652221,0.5956482291221619,3.0,2024-02-14
bg_17109,0.8020022511482239,0.1603149771690368,0.508855938911438,7.0,2024-02-14
bg_17131,0.8634746074676514,0.307604968547821,0.6323210597038269,5.0,2024-02-14
bg_17134,,,,,2024-02-14
bg_17147,0.7021538615226746,0.2808520495891571,0.4580917358398437,1.0,2024-02-14
bg_17186,0.8015286922454834,0.209654301404953,0.3931390047073364,14.0,2024-02-14
bg_17205,0.8972814679145813,0.3954302966594696,0.6954864859580994,16.0,2024-02-14
bg_17259,0.6749171018600464,0.0429323986172676,0.286639392375946,4.0,2024-02-14
bg_17277,0.7428354620933533,0.2310794591903686,0.4829149842262268,4.0,2024-02-14
bg_17399,0.8411405086517334,-0.2621908187866211,0.0157303530722856,3.0,2024-02-14
bg_17467,0.8725423812866211,0.2944470047950744,0.6247058510780334,5.0,2024-02-14
bg_17510,0.8309623599052429,0.2206992954015731,0.5382716059684753,9.0,2024-02-14
bg_17518,0.4959544539451599,0.180229976773262,0.3315364122390747,3.0,2024-02-14
bg_17528,0.8578397035598755,0.295522391796112,0.6090020537376404,5.0,2024-02-14
bg_17622,0.7780860066413879,0.2089629918336868,0.552704393863678,9.0,2024-02-14
bg_17631,0.8479202389717102,0.3574805557727813,0.6535306572914124,4.0,2024-02-14
bg_17790,0.8733850121498108,0.3960546255111694,0.6854287385940552,5.0,2024-02-14
bg_17803,0.8890052437782288,0.3888888955116272,0.6683107018470764,3.0,2024-02-14
bg_17825,0.8112812638282776,0.2324062138795852,0.5256069898605347,4.0,2024-02-14
bg_17864,0.8536741137504578,0.261335164308548,0.5897282958030701,5.0,2024-02-14
bg_17881,0.83933025598526,0.3212586343288421,0.6298841238021851,6.0,2024-02-14
bg_17929,0.7703232169151306,0.3023677468299866,0.5859028100967407,6.0,2024-02-14
bg_17938,0.6844833493232727,0.2894980311393738,0.5949543714523315,6.0,2024-02-14
bg_17955,0.8961719870567322,0.4395842254161834,0.7339593172073364,9.0,2024-02-14
bg_17960,0.8713120222091675,0.1018344685435295,0.4536983370780945,12.0,2024-02-14
bg_17971,0.7476063370704651,0.3916194140911102,0.5987172722816467,2.0,2024-02-14
bg_18000,0.4713965952396393,0.2542540729045868,0.3721308410167694,3.0,2024-02-14
bg_18029,0.6112843155860901,0.0260254424065351,0.2869315445423126,14.0,2024-02-14
bg_18104,0.8239516019821167,0.2553820013999939,0.5682650208473206,20.0,2024-02-14
bg_18176,,,,,2024-02-14
bg_18182,0.8641098141670227,0.3463364243507385,0.6354920864105225,4.0,2024-02-14
bg_18188,0.7357163429260254,0.1868237555027008,0.4136474430561065,10.0,2024-02-14
bg_18198,0.8593267202377319,0.4157061576843261,0.6965423226356506,20.0,2024-02-14
bg_18207,0.8392144441604614,0.2685349583625793,0.5935465097427368,6.0,2024-02-14
bg_18240,0.5777263045310974,0.193819373846054,0.3764910399913788,4.0,2024-02-14
bg_18245,0.8687229752540588,0.3078698813915252,0.6297087073326111,6.0,2024-02-14
bg_18327,0.8574236631393433,0.3034965395927429,0.6252115964889526,6.0,2024-02-14
bg_18500,0.645736038684845,0.423343151807785,0.6630749106407166,22.0,2024-02-14
bg_18528,0.8090874552726746,0.3182346224784851,0.6310365796089172,2.0,2024-02-14
bg_18550,0.8557931184768677,0.2711171507835388,0.5989717245101929,3.0,2024-02-14
bg_18733,0.8081991672515869,0.439922034740448,0.6985976099967957,6.0,2024-02-14
bg_18785,0.8638802766799927,0.3825750052928924,0.6615988612174988,7.0,2024-02-14
bg_18819,0.8712916374206543,0.4219224452972412,0.6956161856651306,7.0,2024-02-14
bg_18921,0.5230125188827515,0.1221551448106765,0.3120494186878204,5.0,2024-02-14
bg_19043,0.8586102724075317,0.2067965418100357,0.5690439939498901,7.0,2024-02-14
bg_19132,0.7598013877868652,0.2700560390949249,0.5770410299301147,10.0,2024-02-14
bg_19191,0.8888888955116272,0.443015992641449,0.7118713855743408,9.0,2024-02-14
bg_19220,0.830477237701416,0.3316723704338074,0.6179397106170654,10.0,2024-02-14
bg_19231,0.8830283284187317,0.3255221545696258,0.6461492776870728,7.0,2024-02-14
bg_19245,0.6018662452697754,0.0649594962596893,0.372212678194046,5.0,2024-02-14
bg_19260,0.8774193525314331,0.3901131749153137,0.7138779759407043,7.0,2024-02-14
bg_19263,0.8512530326843262,0.2950819730758667,0.6286600232124329,7.0,2024-02-14
bg_19292,0.9094249606132508,0.3962916731834411,0.6990095376968384,10.0,2024-02-14
bg_19317,0.8945102095603943,0.3024173676967621,0.6332487463951111,5.0,2024-02-14
bg_19419,0.8836748003959656,0.2401103377342224,0.5768020153045654,6.0,2024-02-14
bg_19471,0.8123419880867004,0.2143543362617492,0.5513456463813782,10.0,2024-02-14
bg_19480,0.7650009989738464,0.3078641891479492,0.5646024346351624,8.0,2024-02-14
bg_19484,0.8232645988464355,0.2703926265239715,0.5766218304634094,4.0,2024-02-14
bg_19570,0.5833077430725098,0.2056194096803665,0.3743937909603119,13.0,2024-02-14
bg_19580,0.6876832246780396,0.1086306869983673,0.3496849238872528,12.0,2024-02-14
bg_19600,0.8757990598678589,0.3899509608745575,0.6672077775001526,5.0,2024-02-14
bg_19652,0.8706689476966858,0.3210785984992981,0.6386594772338867,4.0,2024-02-14
bg_19743,0.7444712519645691,0.1806150525808334,0.461243599653244,6.0,2024-02-14
bg_19871,0.7605118751525879,0.2833583056926727,0.4418865740299225,1.0,2024-02-14
bg_19909,0.8781038522720337,0.3547868430614471,0.6594468355178833,5.0,2024-02-14
bg_19928,0.8892804980278015,0.2773687839508056,0.6111310720443726,16.0,2024-02-14
bg_19932,0.8625637888908386,0.3524524569511413,0.6423507332801819,6.0,2024-02-14
bg_19971,0.7559523582458496,0.2394957989454269,0.5562310218811035,3.0,2024-02-14
bg_19979,0.774013102054596,0.3049893081188202,0.5876361131668091,4.0,2024-02-14
bg_19993,0.869552493095398,0.2269971072673797,0.5756422281265259,31.0,2024-02-14
bg_19999,0.6625368595123291,0.2532799541950226,0.4650377035140991,1.0,2024-02-14
bg_20054,0.8234826326370239,0.2198241502046585,0.5670948624610901,5.0,2024-02-14
bg_20101,0.8508077263832092,0.3787484169006347,0.5935930609703064,16.0,2024-02-14
bg_20160,0.5142514109611511,0.2689683139324188,0.4644604027271271,2.0,2024-02-14
bg_20199,0.8186488747596741,0.4466693997383117,0.6949964165687561,3.0,2024-02-14
bg_20249,0.8516923189163208,0.3378623127937317,0.637155294418335,5.0,2024-02-14
bg_20306,0.8387741446495056,0.4126983880996704,0.7021037936210632,9.0,2024-02-14
bg_20346,0.6365566849708557,0.2016031742095947,0.3844993114471435,4.0,2024-02-14
bg_20422,0.9219403266906738,0.3712675869464874,0.5532681345939636,4.0,2024-02-14
bg_20541,0.7930347323417664,0.4042943716049194,0.7259345650672913,4.0,2024-02-14
bg_20736,0.874808132648468,0.2395142316818237,0.557488739490509,14.0,2024-02-14
bg_20769,0.6426332592964172,0.2922318279743194,0.4641984105110168,3.0,2024-02-14
bg_20912,0.8518298268318176,0.3518679440021515,0.6504905819892883,3.0,2024-02-14
bg_20941,0.8401538133621216,0.2011074870824813,0.5813911557197571,4.0,2024-02-14
bg_21082,0.8460012078285217,0.317225694656372,0.6290870904922485,16.0,2024-02-14
bg_21099,0.6774305701255798,0.1256592571735382,0.39022096991539,2.0,2024-02-14
bg_21159,0.7698203921318054,0.1749221235513687,0.4818295538425445,8.0,2024-02-14
bg_21327,0.8678988814353943,0.3025018870830536,0.6029857993125916,1.0,2024-02-14
bg_21441,0.8956034779548645,0.481820285320282,0.7455399036407471,8.0,2024-02-14
bg_21480,0.7274072766304016,0.3148686289787292,0.6129803657531738,4.0,2024-02-14
bg_21530,0.779880940914154,0.3113452494144439,0.597755491733551,4.0,2024-02-14
bg_21612,-0.0187951698899269,0.3966729640960693,0.5502046346664429,1.0,2024-02-14
bg_21627,0.8681521415710449,0.3226004540920257,0.6613515615463257,6.0,2024-02-14
bg_21668,0.7431387901306152,-0.0148889850825071,0.1994886845350265,14.0,2024-02-14
bg_21717,0.7467362880706787,0.3381001055240631,0.6895734667778015,5.0,2024-02-14
bg_21719,0.8549653887748718,0.2021732777357101,0.5596116781234741,5.0,2024-02-14
bg_21792,0.839820384979248,0.2827004194259643,0.6193181872367859,5.0,2024-02-14
bg_21809,0.7698765397071838,0.1776215136051178,0.4743342399597168,9.0,2024-02-14
bg_21930,0.8403592705726624,0.3153013885021209,0.6093562841415405,6.0,2024-02-14
bg_21945,0.8383759260177612,0.3234754502773285,0.6164194345474243,18.0,2024-02-14
bg_21955,0.8867676258087158,0.3612985610961914,0.6507936716079712,7.0,2024-02-14
bg_21980,0.6641223430633545,-0.1252715289592743,0.1408696174621582,2.0,2024-02-14
bg_21983,0.8887908458709717,0.2715789377689361,0.6155903935432434,5.0,2024-02-14
bg_22090,0.7573964595794678,0.2396576553583145,0.5864979028701782,7.0,2024-02-14
bg_22096,0.8937339782714844,0.3184637427330017,0.6359311938285828,4.0,2024-02-14
bg_22203,0.8541921377182007,0.478898674249649,0.7668312788009644,18.0,2024-02-14
bg_22207,0.751857340335846,0.3052864670753479,0.5381604433059692,1.0,2024-02-14
bg_22250,0.7098158597946167,0.1613810509443283,0.4006534218788147,16.0,2024-02-14
bg_22384,0.7801501750946045,0.3924798965454101,0.6521831154823303,4.0,2024-02-14
bg_22385,0.8237190246582031,0.373305082321167,0.6495077610015869,6.0,2024-02-14
bg_22462,0.867760419845581,0.2952839434146881,0.611923098564148,6.0,2024-02-14
bg_22508,0.770827054977417,0.3273166418075561,0.6040770411491394,8.0,2024-02-14
bg_22509,0.8430173397064209,0.2994106709957123,0.6000000238418579,3.0,2024-02-14
bg_22513,0.8615993857383728,0.3932965099811554,0.714362382888794,8.0,2024-02-14
bg_22522,0.8933901786804199,0.3405303955078125,0.6230472922325134,5.0,2024-02-14
bg_22525,0.839601457118988,0.2667242288589477,0.5979626774787903,4.0,2024-02-14
bg_22632,0.8507021069526672,0.3110485076904297,0.6009342670440674,18.0,2024-02-14
bg_22649,0.5596821308135986,0.0417139045894146,0.3058032095432281,6.0,2024-02-14
bg_22746,0.8042123913764954,0.3073142468929291,0.6035059094429016,2.0,2024-02-14
bg_22756,0.8592281341552734,0.3189142942428589,0.6434137225151062,8.0,2024-02-14
bg_22759,0.6659877896308899,0.3551079034805298,0.593859076499939,11.0,2024-02-14
bg_22761,0.6506239175796509,1.5577024115032145e-08,0.3070259988307953,9.0,2024-02-14
bg_22915,0.5423333644866943,0.2810499370098114,0.4812753200531006,8.0,2024-02-14
bg_23084,0.883353590965271,0.4483835101127624,0.7328396439552307,5.0,2024-02-14
bg_23125,0.8383838534355164,0.3061023354530334,0.6174718737602234,3.0,2024-02-14
bg_23201,0.8677918314933777,0.311993658542633,0.6295244693756104,7.0,2024-02-14
bg_23208,0.5819903016090393,0.2016859799623489,0.4095820486545563,4.0,2024-02-14
bg_23277,0.8472468852996826,0.3070905804634094,0.5911872386932373,7.0,2024-02-14
bg_23295,0.8648648858070374,0.2805970311164856,0.5907384157180786,5.0,2024-02-14
bg_23319,0.8497692942619324,0.336184412240982,0.6706067323684692,10.0,2024-02-14
bg_23446,0.8074352145195007,0.3976465463638305,0.675246000289917,6.0,2024-02-14
bg_23529,0.79253751039505,0.1973103731870651,0.4802238345146179,4.0,2024-02-14
bg_23538,0.8656660318374634,0.2972111701965332,0.6161616444587708,5.0,2024-02-14
bg_23654,0.8969057202339172,0.3543315529823303,0.6872442960739136,30.0,2024-02-14
bg_23799,0.8569123148918152,0.2332886457443237,0.5534204244613647,4.0,2024-02-14
bg_23831,0.8905022740364075,0.2953130304813385,0.6113888025283813,17.0,2024-02-14
bg_23859,0.8095791339874268,0.2500326633453369,0.5752976536750793,18.0,2024-02-14
bg_23878,0.8209614753723145,0.3877649307250976,0.6582445502281189,14.0,2024-02-14
bg_23914,0.7184538841247559,0.4072398841381073,0.5658746361732483,2.0,2024-02-14
bg_23994,0.7154790163040161,0.2704991400241852,0.5099281072616577,2.0,2024-02-14
bg_24055,0.883449912071228,0.0316966883838176,0.417591780424118,3.0,2024-02-14
bg_24066,0.8878048658370972,0.4162854552268982,0.6978338360786438,3.0,2024-02-14
bg_24134,0.8691866993904114,0.4245233535766601,0.7034832239151001,12.0,2024-02-14
bg_24169,0.8162661194801331,0.256290853023529,0.5197640657424927,2.0,2024-02-14
bg_24273,0.9076610803604126,0.3198666572570801,0.6090801358222961,6.0,2024-02-14
bg_24354,0.8572196960449219,0.3818670213222503,0.6752175688743591,6.0,2024-02-14
bg_24367,0.8830997347831726,0.1766667366027832,0.5195080637931824,2.0,2024-02-14
bg_24468,0.874365508556366,0.3550458550453186,0.6447661519050598,3.0,2024-02-14
bg_24605,0.839195966720581,0.2137602120637893,0.508650541305542,3.0,2024-02-14
bg_24643,0.8902217149734497,0.3111447095870971,0.6431896090507507,5.0,2024-02-14
bg_24661,0.8784517049789429,0.407792866230011,0.6759421229362488,8.0,2024-02-14
bg_24860,0.8541973233222961,0.428512305021286,0.7064579129219055,19.0,2024-02-14
bg_24861,0.8178579211235046,0.2968983948230743,0.586629331111908,4.0,2024-02-14
bg_24916,0.0591197274625301,0.0761640891432762,0.2120187878608703,4.0,2024-02-14
bg_24937,0.7841259837150574,0.0494063198566436,0.3607773780822754,8.0,2024-02-14
bg_24942,0.8292614817619324,0.5948106050491333,0.7786872982978821,6.0,2024-02-14
bg_25034,0.4909586012363434,0.1579470187425613,0.3096094727516174,6.0,2024-02-14
bg_25065,0.8755980730056763,0.3207547068595886,0.6526366472244263,5.0,2024-02-14
bg_25175,0.6434988379478455,0.2706038951873779,0.5468088388442993,8.0,2024-02-14
bg_25180,0.8383448123931885,0.2287145256996154,0.5648593306541443,7.0,2024-02-14
bg_25195,0.8684442043304443,0.4342547953128814,0.6774413585662842,20.0,2024-02-14
bg_25254,0.8919984102249146,0.2575135231018066,0.6027919054031372,7.0,2024-02-14
bg_25319,0.8557392954826355,0.2457122057676315,0.5754017233848572,4.0,2024-02-14
bg_25358,0.8506599068641663,0.2670506238937378,0.5996790528297424,6.0,2024-02-14
bg_25426,0.7133636474609375,0.2072131633758545,0.4758169651031494,4.0,2024-02-14
bg_25449,0.8383371829986572,0.1944517195224762,0.5109142661094666,5.0,2024-02-14
bg_25484,0.8488888740539551,0.1273268759250641,0.4713411331176758,11.0,2024-02-14
bg_25720,0.5404121279716492,0.2026490569114685,0.3930391371250152,8.0,2024-02-14
bg_25738,0.7433031797409058,0.2246514856815338,0.5406122803688049,6.0,2024-02-14
bg_25782,0.6124938130378723,0.2908413410186767,0.4604681134223938,2.0,2024-02-14
bg_25957,0.9045187830924988,0.245767056941986,0.6159869432449341,6.0,2024-02-14
bg_26114,0.8523761630058289,0.2023656368255615,0.5545212626457214,5.0,2024-02-14
bg_26293,0.9086115956306458,0.4641833901405334,0.636690616607666,3.0,2024-02-14
bg_26567,0.6150385141372681,0.1970696449279785,0.4516358971595764,6.0,2024-02-14
bg_26576,0.5616211891174316,0.1857506334781646,0.3428464233875274,15.0,2024-02-14
bg_26701,0.4961937665939331,0.0387982316315174,0.2259729504585266,4.0,2024-02-14
bg_26744,0.9096842408180236,0.1665584743022918,0.553003191947937,4.0,2024-02-14
bg_26788,0.8792372941970825,0.4577714800834656,0.7030214667320251,19.0,2024-02-14
bg_26806,0.8289477229118347,0.2622025907039642,0.5904098153114319,20.0,2024-02-14
bg_26923,0.8149186968803406,0.3707512617111206,0.6586365699768066,7.0,2024-02-14
bg_26977,0.8527778387069702,0.3711128532886505,0.6661613583564758,8.0,2024-02-14
bg_27050,0.7869449853897095,0.2642653882503509,0.5630332827568054,6.0,2024-02-14
bg_27138,0.7996668219566345,0.214231863617897,0.5238421559333801,20.0,2024-02-14
bg_27162,0.8037382960319519,0.0875451192259788,0.4367601275444031,7.0,2024-02-14
bg_27163,0.8715951442718506,0.168918028473854,0.5126537084579468,8.0,2024-02-14
bg_27268,0.6179401874542236,0.051973421126604,0.3425224125385284,7.0,2024-02-14
bg_27310,0.7064473628997803,0.2682369649410248,0.5398325324058533,6.0,2024-02-14
bg_27334,0.8916328549385071,0.3957045376300812,0.6974276304244995,8.0,2024-02-14
bg_27367,0.8622366786003113,0.3040929734706878,0.6252700090408325,8.0,2024-02-14
bg_27386,0.8862855434417725,0.3182002305984497,0.6349924802780151,5.0,2024-02-14
bg_27402,0.8831942677497864,0.3533190786838531,0.6489216089248657,7.0,2024-02-14
bg_27506,0.8701688647270203,0.3962380588054657,0.6882923245429993,5.0,2024-02-14
bg_27511,0.8095724582672119,0.1566013544797897,0.4697257280349731,4.0,2024-02-14
bg_27546,0.6572268605232239,0.3345199823379516,0.5395054221153259,2.0,2024-02-14
bg_27555,0.9146026372909546,0.3521395325660705,0.6560459136962891,6.0,2024-02-14
bg_27588,0.8173940777778625,0.1795396208763122,0.5079490542411804,20.0,2024-02-14
bg_27706,0.8599992990493774,0.3702518045902252,0.6649050712585449,8.0,2024-02-14
bg_27714,0.6800025105476379,0.111815795302391,0.3568898439407348,6.0,2024-02-14
bg_27738,0.8594476580619812,0.3283246755599975,0.646180272102356,4.0,2024-02-14
bg_27774,0.8565694689750671,0.3464511632919311,0.649604082107544,6.0,2024-02-14
bg_27778,0.6545842289924622,-0.032629556953907,0.2360514998435974,9.0,2024-02-14
bg_27832,0.9016596674919128,0.4574388861656189,0.7441081404685974,8.0,2024-02-14
bg_27912,0.5430609583854675,0.2573505640029907,0.4728508293628692,2.0,2024-02-14
bg_28041,0.8784894943237305,0.3468964993953705,0.6243259906768799,6.0,2024-02-14
bg_28078,0.8886753916740417,0.1249862313270568,0.5148007869720459,4.0,2024-02-14
bg_28086,0.7718446850776672,0.2088480293750763,0.4872665405273437,9.0,2024-02-14
bg_28092,0.8556416630744934,0.2972684800624847,0.6239323616027832,4.0,2024-02-14
bg_28225,0.7936772108078003,-0.0802047774195671,0.2689141035079956,3.0,2024-02-14
bg_28278,0.8391003012657166,0.2714071869850158,0.5857614874839783,22.0,2024-02-14
bg_28312,0.8647208213806152,0.3635337948799133,0.6695637106895447,22.0,2024-02-14
bg_28320,0.8737977147102356,0.4551024138927459,0.7122698426246643,8.0,2024-02-14
bg_28333,0.6019972562789917,0.3415088951587677,0.555072546005249,2.0,2024-02-14
bg_28343,0.8665643930435181,0.3089598417282104,0.627776026725769,5.0,2024-02-14
bg_28394,0.8008314371109009,0.0751288011670112,0.4183782041072845,22.0,2024-02-14
bg_28417,0.5455093383789062,0.227484256029129,0.4095656871795654,3.0,2024-02-14
bg_28436,0.8581673502922058,0.2813186645507812,0.60495525598526,5.0,2024-02-14
bg_28449,0.8812445998191833,0.2484099864959716,0.5803757905960083,6.0,2024-02-14
bg_28564,0.878983199596405,0.3378947675228119,0.6435953378677368,5.0,2024-02-14
bg_28595,0.7574405074119568,0.1777611672878265,0.4775160551071167,9.0,2024-02-14
bg_28668,0.794016420841217,0.3383369743824005,0.6068295240402222,5.0,2024-02-14
bg_28700,0.8753122091293335,0.3672772943973541,0.6486876606941223,6.0,2024-02-14
bg_28757,0.720565140247345,0.1878612637519836,0.4619830846786499,5.0,2024-02-14
bg_28875,0.8108711838722229,0.3287292718887329,0.545381486415863,3.0,2024-02-14
bg_28922,0.8910558223724365,0.3621323704719543,0.6732172966003418,7.0,2024-02-14
bg_28956,0.8491288423538208,0.3905916810035705,0.6089993119239807,2.0,2024-02-14
bg_28964,0.8347339034080505,0.2822186052799225,0.6126384735107422,7.0,2024-02-14
bg_29009,0.8445059061050415,0.2043272107839584,0.5276398658752441,2.0,2024-02-14
bg_29025,0.8199774026870728,0.3006775379180908,0.6054949164390564,10.0,2024-02-14
bg_29042,0.27872234582901,0.073276050388813,0.1786255091428756,2.0,2024-02-14
bg_29107,0.8872961401939392,0.3592417240142822,0.6646527647972107,6.0,2024-02-14
bg_29122,0.879484236240387,0.2799311280250549,0.6188914179801941,6.0,2024-02-14
bg_29189,0.2925876677036285,0.0103154126554727,0.0687545165419578,2.0,2024-02-14
bg_29199,0.8283029198646545,0.2930175960063934,0.5730494260787964,8.0,2024-02-14
bg_29204,0.2142857164144516,0.2338709682226181,0.3814898431301117,7.0,2024-02-14
bg_29243,0.8538222312927246,0.2374706864356994,0.5685098171234131,4.0,2024-02-14
bg_29273,0.8641200661659241,0.3351573050022125,0.615511953830719,1.0,2024-02-14
bg_29383,,,,,2024-02-14
bg_29422,0.8888314366340637,0.4409160017967224,0.7273380756378174,10.0,2024-02-14
bg_29487,0.6581063270568848,0.1856299191713333,0.3908546566963196,8.0,2024-02-14
bg_29508,0.8463488221168518,0.2588816285133362,0.6116483807563782,4.0,2024-02-14
bg_29510,0.8263061046600342,0.2627792954444885,0.5793442130088806,6.0,2024-02-14
bg_29617,0.8695902824401855,0.2085042893886566,0.5507455468177795,5.0,2024-02-14
bg_29659,0.8478789925575256,0.3857964277267456,0.6733100414276123,20.0,2024-02-14
bg_29809,0.8019880652427673,0.2885982394218445,0.5828136205673218,5.0,2024-02-14
bg_29860,0.7297882437705994,0.1168309599161148,0.4318857192993164,20.0,2024-02-14
bg_30080,0.6205910444259644,0.0575427748262882,0.321928471326828,3.0,2024-02-14
bg_30141,0.8283348679542542,0.1994246691465377,0.5160537362098694,20.0,2024-02-14
bg_30170,0.9096660614013672,0.4617517292499542,0.692320704460144,6.0,2024-02-14
bg_30180,0.7789337038993835,0.1860095411539077,0.4865493178367615,15.0,2024-02-14
bg_30220,0.4264642298221588,0.1496345549821853,0.3306461274623871,4.0,2024-02-14
bg_30274,0.7571251392364502,0.1468812823295593,0.5605749487876892,3.0,2024-02-14
bg_30278,0.8929332494735718,0.3838316202163696,0.6917134523391724,12.0,2024-02-14
bg_30295,0.7572455406188965,0.2325478345155716,0.5392151474952698,22.0,2024-02-14
bg_30333,0.8571445345878601,0.3943075239658355,0.664588212966919,6.0,2024-02-14
bg_30486,0.756693422794342,0.295498251914978,0.5982001423835754,4.0,2024-02-14
bg_30491,0.8676893711090088,0.3557360470294952,0.6504916548728943,22.0,2024-02-14
bg_30657,0.8449781537055969,0.3302897214889526,0.6205644011497498,7.0,2024-02-14
bg_30682,0.5623865127563477,0.1301423460245132,0.4541288912296295,4.0,2024-02-14
bg_30744,0.8601747751235962,0.3595706522464752,0.672167181968689,5.0,2024-02-14
bg_30768,0.8868544697761536,0.3262236416339874,0.6580464243888855,8.0,2024-02-14
bg_30822,0.7877604365348816,0.3094746470451355,0.5970901250839233,11.0,2024-02-14
bg_30916,0.752293586730957,0.3650982975959778,0.6359742879867554,1.0,2024-02-14
bg_31067,0.8508239388465881,0.2699826657772064,0.5866983532905579,5.0,2024-02-14
bg_31207,0.8672986030578613,0.3077169358730316,0.6428009271621704,5.0,2024-02-14
bg_31333,0.881999135017395,0.3038354814052582,0.629748523235321,6.0,2024-02-14
bg_31336,0.7838899493217468,0.2898212671279907,0.5713873505592346,3.0,2024-02-14
bg_31345,0.706538200378418,0.2983360290527344,0.5397831797599792,4.0,2024-02-14
bg_31373,0.8764629364013672,0.425361156463623,0.7043529748916626,7.0,2024-02-14
bg_31454,0.7065111398696899,0.4676547944545746,0.7130618691444397,4.0,2024-02-14
bg_31576,0.7504891157150269,0.27597576379776,0.5501654148101807,4.0,2024-02-14
bg_31586,0.858229398727417,0.3157142996788025,0.5985496044158936,9.0,2024-02-14
bg_31606,0.830040454864502,0.1695106029510498,0.507188618183136,4.0,2024-02-14
bg_31744,0.7001320123672485,0.1308759599924087,0.3471149206161499,10.0,2024-02-14
bg_31745,0.7393671274185181,0.2123307436704635,0.5358873009681702,3.0,2024-02-14
bg_31829,0.6597731709480286,0.3441382944583893,0.6010295748710632,1.0,2024-02-14
bg_31830,0.8127438426017761,0.2004624456167221,0.5429420471191406,3.0,2024-02-14
bg_31862,0.7759783864021301,0.2537313401699066,0.5660160779953003,3.0,2024-02-14
bg_31970,0.8825256824493408,0.2850726544857025,0.6191744208335876,5.0,2024-02-14
bg_32118,0.8825864195823669,0.4213139414787292,0.7021026611328125,6.0,2024-02-14
bg_32211,0.8640949130058289,0.4009781181812286,0.6614684462547302,6.0,2024-02-14
bg_32248,0.7384238243103027,-0.0084365531802177,0.3666883707046509,2.0,2024-02-14
bg_32259,0.8641328811645508,0.4375873804092407,0.704853355884552,8.0,2024-02-14
bg_32338,0.7415928840637207,0.251908391714096,0.541111946105957,3.0,2024-02-14
bg_32449,0.7461183667182922,0.2329443544149398,0.4913386106491089,2.0,2024-02-14
bg_32569,0.5674116611480713,0.0803633630275726,0.2980688214302063,23.0,2024-02-14
bg_32642,0.8961839079856873,0.4622536301612854,0.7392932176589966,5.0,2024-02-14
bg_32657,0.8350305557250977,0.2949036061763763,0.591151773929596,5.0,2024-02-14
bg_32692,0.8056027293205261,0.2965559065341949,0.613808810710907,3.0,2024-02-14
bg_32787,0.8147639632225037,0.2341160923242569,0.4847255945205688,6.0,2024-02-14
bg_32852,0.7767803072929382,0.4425167143344879,0.736055850982666,8.0,2024-02-14
bg_32883,0.8083887100219727,0.0224069952964782,0.3069021701812744,18.0,2024-02-14
bg_32955,0.540942370891571,0.2183521538972854,0.3321059346199035,2.0,2024-02-14
bg_32978,0.8525022268295288,0.3195460736751556,0.6508174538612366,8.0,2024-02-14
bg_32988,0.8402985334396362,0.2168763875961303,0.5642560720443726,3.0,2024-02-14
bg_32990,0.8360655903816223,0.3102607727050781,0.6305732131004333,7.0,2024-02-14
bg_33126,0.8514789342880249,0.3511988818645477,0.6477177143096924,7.0,2024-02-14
bg_33187,0.7547271847724915,0.3330473601818084,0.57151198387146,7.0,2024-02-14
bg_33274,0.7462621927261353,0.196320354938507,0.4401640295982361,18.0,2024-02-14
bg_33346,0.852519154548645,0.4350912570953369,0.6850812435150146,5.0,2024-02-14
bg_33358,0.8867031931877136,0.3634130358695984,0.6849709749221802,30.0,2024-02-14
bg_33376,0.859935998916626,0.4666157066822052,0.7299917936325073,22.0,2024-02-14
bg_33441,0.8535420298576355,0.3696462213993072,0.6556808352470398,16.0,2024-02-14
bg_33500,0.7766420841217041,0.1816029995679855,0.4911534190177917,10.0,2024-02-14
bg_33557,0.878864049911499,0.2887576222419739,0.6388441920280457,6.0,2024-02-14
bg_33624,0.8274683356285095,0.2062586843967437,0.5284936428070068,12.0,2024-02-14
bg_33629,0.8454840779304504,0.2438750565052032,0.541928231716156,16.0,2024-02-14
bg_33632,0.7945739030838013,0.338462084531784,0.6341375708580017,4.0,2024-02-14
bg_33656,0.8152156472206116,0.3884269893169403,0.6488386988639832,2.0,2024-02-14
bg_33664,0.8703888058662415,0.4039186835289001,0.6579476594924927,3.0,2024-02-14
bg_33714,0.8499822020530701,0.232469767332077,0.5544123649597168,3.0,2024-02-14
bg_33789,0.8581008911132812,0.3195205628871918,0.6294677257537842,2.0,2024-02-14
bg_33808,0.863682210445404,0.3233228921890259,0.6466203927993774,8.0,2024-02-14
bg_33825,0.8423973321914673,-0.116080954670906,0.2948517799377441,9.0,2024-02-14
bg_33850,0.8776882290840149,0.2741373777389526,0.6179162263870239,10.0,2024-02-14
bg_33866,0.8875247836112976,0.379826545715332,0.6602879166603088,8.0,2024-02-14
bg_33923,0.4595573544502258,0.2278699874877929,0.4031120538711548,12.0,2024-02-14
bg_33929,0.8618689179420471,0.4028990566730499,0.6762418746948242,20.0,2024-02-14
bg_33971,0.8773972392082214,0.2914016544818878,0.588128387928009,5.0,2024-02-14
bg_33988,0.8841364979743958,0.3568902015686035,0.6492971777915955,6.0,2024-02-14
bg_34119,0.8454074859619141,0.3966887295246124,0.6551491618156433,10.0,2024-02-14
bg_34281,0.8677089214324951,0.3170211613178253,0.6506763696670532,4.0,2024-02-14
bg_34292,0.6762506365776062,0.2364388406276703,0.4888077974319458,6.0,2024-02-14
bg_34314,0.90178245306015,0.2923610210418701,0.6166756749153137,19.0,2024-02-14
bg_34315,0.8958235383033752,0.3727159798145294,0.6756532788276672,7.0,2024-02-14
bg_34423,0.67427659034729,0.1668045669794082,0.3831153512001037,2.0,2024-02-14
bg_34478,0.4488084614276886,0.1196928769350051,0.25765061378479,4.0,2024-02-14
bg_34519,0.857047438621521,0.2867703437805176,0.5926966071128845,7.0,2024-02-14
bg_34705,0.7952477335929871,0.0212938785552978,0.3098276853561401,18.0,2024-02-14
bg_34727,0.8525594472885132,0.3273040354251861,0.6023005843162537,12.0,2024-02-14
bg_34748,0.8915694952011108,0.4097614586353302,0.7122188210487366,10.0,2024-02-14
bg_34765,0.8876743316650391,0.3677763044834137,0.6861953139305115,3.0,2024-02-14
bg_34972,0.8443262577056885,0.3407110571861267,0.6379492878913879,8.0,2024-02-14
bg_34999,0.8603079319000244,0.2611094713211059,0.5763257741928101,20.0,2024-02-14
bg_35054,0.8936170339584351,0.1564147919416427,0.519630491733551,5.0,2024-02-14
bg_35214,0.8418490886688232,0.3276220560073852,0.6289775371551514,12.0,2024-02-14
bg_35221,0.8625719547271729,0.4727576076984405,0.7211503386497498,5.0,2024-02-14
bg_35249,0.8819037079811096,0.4487815797328949,0.7340015172958374,8.0,2024-02-14
bg_35259,0.828993558883667,0.3144632577896118,0.6090794205665588,17.0,2024-02-14
bg_35352,0.8280898928642273,0.2091324031352996,0.5415734052658081,6.0,2024-02-14
bg_35353,0.6351531147956848,0.4430082142353058,0.6232650279998779,1.0,2024-02-14
bg_35455,0.851073682308197,0.2593136429786682,0.5630086660385132,18.0,2024-02-14
bg_35461,0.9041647911071776,0.3307164013385772,0.6220095753669739,3.0,2024-02-14
bg_35473,0.8222222328186035,0.2907033860683441,0.5698418021202087,3.0,2024-02-14
bg_35498,0.8616164326667786,0.3508982062339782,0.661674439907074,15.0,2024-02-14
bg_35535,0.708550214767456,0.0474836602807045,0.3395511507987976,3.0,2024-02-14
bg_35545,0.8578431606292725,0.3000000119209289,0.6078431606292725,5.0,2024-02-14
bg_35624,0.8840188384056091,0.4376939535140991,0.7104710936546326,2.0,2024-02-14
bg_35823,0.906830906867981,0.5016832947731018,0.7495682835578918,2.0,2024-02-14
bg_35993,0.3067658841609955,0.1026148647069931,0.1511839479207992,2.0,2024-02-14
bg_36070,0.8850786685943604,0.3148844838142395,0.6391018629074097,8.0,2024-02-14
bg_36179,0.5717757940292358,0.0891005620360374,0.3197889626026153,22.0,2024-02-14
bg_36185,0.2691771388053894,0.2976515591144562,0.4835126101970672,3.0,2024-02-14
bg_36211,0.8244218826293945,0.3554422855377197,0.6266655921936035,2.0,2024-02-14
bg_36323,0.8568876385688782,0.3209767937660217,0.633343517780304,6.0,2024-02-14
bg_36377,0.7465792894363403,0.1282660365104675,0.4195897579193115,2.0,2024-02-14
bg_36382,0.8586530089378357,0.2532315552234649,0.5869972705841064,12.0,2024-02-14
bg_36494,0.8627087473869324,0.246647223830223,0.594916582107544,3.0,2024-02-14
bg_36533,0.683186948299408,0.284690260887146,0.520088255405426,4.0,2024-02-14
bg_36725,0.7206125855445862,0.3234928250312805,0.5642880201339722,10.0,2024-02-14
bg_36749,0.8310862183570862,0.2274071276187896,0.5098564028739929,2.0,2024-02-14
bg_36752,0.5517900586128235,0.0857323706150055,0.3057400584220886,4.0,2024-02-14
bg_36756,0.8521469831466675,0.2810615301132202,0.6198219060897827,7.0,2024-02-14
bg_36962,0.7538660168647766,0.3345476388931274,0.5848413109779358,2.0,2024-02-14
bg_37195,0.8599004149436951,0.3109513223171234,0.631944477558136,4.0,2024-02-14
bg_37197,0.8393374681472778,0.0957079529762268,0.4549623429775238,1.0,2024-02-14
bg_37359,0.8885907530784607,0.3867742121219635,0.691333532333374,8.0,2024-02-14
bg_37366,0.708451509475708,0.119020290672779,0.4264250993728637,11.0,2024-02-14
bg_37472,0.875,0.4750339984893799,0.7238158583641052,3.0,2024-02-14
bg_37480,0.7604450583457947,0.4812227189540863,0.7563221454620361,4.0,2024-02-14
bg_37643,0.510475218296051,-0.1650038212537765,0.0556274428963661,5.0,2024-02-14
bg_37832,0.8200743198394775,0.1996686309576034,0.5262252688407898,9.0,2024-02-14
bg_37939,0.813566267490387,0.1999504566192627,0.5180835723876953,18.0,2024-02-14
bg_37982,0.8534221649169922,0.3956670463085174,0.6730453968048096,3.0,2024-02-14
bg_38017,0.8318518996238708,0.3804697692394256,0.6183856129646301,4.0,2024-02-14
bg_38108,0.8920672535896301,0.3923611342906952,0.6946645379066467,7.0,2024-02-14
bg_38150,0.8343057036399841,0.279063731431961,0.5648226737976074,11.0,2024-02-14
bg_38220,0.829912006855011,0.1358562409877777,0.4613583087921142,5.0,2024-02-14
bg_38328,0.6902134418487549,0.0337758660316467,0.3066994547843933,20.0,2024-02-14
bg_38398,,,,,2024-02-14
bg_38494,0.8423253893852234,0.1525536626577377,0.4813973903656006,6.0,2024-02-14
bg_38506,0.9212138652801514,0.2825639247894287,0.5927996635437012,22.0,2024-02-14
bg_38719,0.780332088470459,0.3688472509384155,0.6234521269798279,15.0,2024-02-14
bg_38843,0.8427593111991882,0.3279595971107483,0.6336265206336975,8.0,2024-02-14
bg_38896,0.8849929571151733,0.0561514273285865,0.4180168509483337,27.0,2024-02-14
bg_38986,0.8315492272377014,0.3894990384578705,0.6626186370849609,4.0,2024-02-14
bg_39050,0.8405466675758362,0.3233504593372345,0.6261574029922485,3.0,2024-02-14
bg_39064,0.903838574886322,0.3609197437763214,0.6702756285667419,4.0,2024-02-14
bg_39081,0.8120703101158142,0.1734855771064758,0.510820746421814,7.0,2024-02-14
bg_39151,0.8303089737892151,0.3781450092792511,0.6628915071487427,10.0,2024-02-14
bg_39273,0.8535494804382324,0.4132553339004516,0.7038778066635132,7.0,2024-02-14
bg_39381,0.8778191208839417,0.2868453860282898,0.6470588445663452,9.0,2024-02-14
bg_39403,0.6323097944259644,0.2644196152687073,0.4497736692428589,4.0,2024-02-14
bg_39435,0.8585963249206543,0.329619288444519,0.6365794539451599,8.0,2024-02-14
bg_39515,0.8635562658309937,0.4160914719104767,0.6815648078918457,2.0,2024-02-14
bg_39531,0.8912529349327087,0.4482909739017486,0.7362995147705078,11.0,2024-02-14
bg_39597,0.8676634430885315,0.2587016522884369,0.6028376221656799,4.0,2024-02-14
bg_39617,0.5455889701843262,0.1533683836460113,0.2985507249832153,3.0,2024-02-14
bg_39736,0.8175055384635925,0.2496262639760971,0.5259933471679688,8.0,2024-02-14
bg_39756,0.8749622702598572,0.347222238779068,0.6634512543678284,7.0,2024-02-14
bg_39856,0.8293938636779785,0.3655014038085937,0.6556901931762695,2.0,2024-02-14
bg_39866,0.7848605513572693,0.3468620777130127,0.6523743271827698,1.0,2024-02-14
bg_39867,0.9195287227630616,0.4230197072029114,0.771498441696167,2.0,2024-02-14
bg_39912,0.7758778929710388,0.2502149641513824,0.5193312764167786,9.0,2024-02-14
bg_39960,0.8865888118743896,0.3554454743862152,0.661209762096405,2.0,2024-02-14
bg_39990,0.8832899332046509,0.335725337266922,0.6321499943733215,20.0,2024-02-14
bg_39994,0.8604993224143982,0.3097803890705108,0.6254186034202576,6.0,2024-02-14
bg_39998,0.7421320080757141,0.2138078510761261,0.4941227734088897,9.0,2024-02-14
bg_40030,0.825036346912384,0.285941869020462,0.5958982110023499,6.0,2024-02-14
bg_40069,0.8956290483474731,0.3747190833091736,0.6819770336151123,32.0,2024-02-14
bg_40145,0.852475643157959,0.3146209120750427,0.6308295130729675,16.0,2024-02-14
bg_40151,0.8644774556159973,0.3962344229221344,0.6819160580635071,23.0,2024-02-14
bg_40158,0.8374637365341187,0.2251669466495514,0.498381108045578,30.0,2024-02-14
bg_40188,0.8983880281448364,0.4906147420406341,0.7471851110458374,8.0,2024-02-14
bg_40196,0.862490177154541,0.1783297210931778,0.5236568450927734,6.0,2024-02-14
bg_40297,0.8591759204864502,0.1160160079598426,0.4689202606678009,4.0,2024-02-14
bg_40373,0.8675345182418823,0.4459165930747986,0.7148615717887878,4.0,2024-02-14
bg_40425,0.8772736191749573,0.2574920952320099,0.614982545375824,18.0,2024-02-14
bg_40470,0.8626400232315063,0.3521923720836639,0.6433175802230835,1.0,2024-02-14
bg_40532,0.8236037492752075,0.3527171909809112,0.6330965161323547,5.0,2024-02-14
bg_40560,0.8617931604385376,0.2929443120956421,0.6195681095123291,4.0,2024-02-14
bg_40647,0.8941526412963867,0.3704051971435547,0.6931708455085754,36.0,2024-02-14
bg_40649,0.3989401161670685,-0.0850683450698852,0.2265114933252334,6.0,2024-02-14
bg_40783,0.861575186252594,0.3577023446559906,0.6503570675849915,3.0,2024-02-14
bg_40796,0.8841544389724731,0.3693369328975677,0.6835116147994995,5.0,2024-02-14
bg_40852,0.8919911980628967,0.2913673520088196,0.5962342023849487,20.0,2024-02-14
bg_40935,0.8782389760017395,0.3142772018909454,0.6382870674133301,6.0,2024-02-14
bg_41233,0.9020372033119202,0.3646083474159241,0.681696891784668,10.0,2024-02-14
bg_41253,0.7618853449821472,0.2684170603752136,0.5718735456466675,6.0,2024-02-14
bg_41278,0.8228614926338196,0.282291054725647,0.5565803647041321,5.0,2024-02-14
bg_41324,0.8456899523735046,0.3372157216072082,0.6420673131942749,6.0,2024-02-14
bg_41362,0.949002206325531,0.418864905834198,0.7042424082756042,31.0,2024-02-14
bg_41386,0.8160754442214966,0.3052690327167511,0.5940337777137756,6.0,2024-02-14
bg_41439,0.5089651942253113,0.2835773527622223,0.4276687800884247,2.0,2024-02-14
bg_41486,0.870387613773346,0.4053470194339752,0.7170731425285339,5.0,2024-02-14
bg_41529,0.8062260746955872,0.3285402655601501,0.6155717968940735,8.0,2024-02-14
bg_41634,0.7607739567756653,0.2906976640224457,0.5939490795135498,11.0,2024-02-14
bg_41675,0.8153414726257324,0.2906165719032287,0.6217570304870605,3.0,2024-02-14
bg_41733,0.9223353266716005,0.4078061580657959,0.7015646696090698,10.0,2024-02-14
bg_41737,0.8741127848625183,0.3737745583057403,0.6654742956161499,4.0,2024-02-14
bg_41760,0.8058329820632935,0.2638731598854065,0.5516649484634399,3.0,2024-02-14
bg_41769,0.8325434327125549,0.2782941460609436,0.6022099256515503,5.0,2024-02-14
bg_41786,0.8696275353431702,0.2564102411270141,0.5885575413703918,5.0,2024-02-14
bg_41878,0.613551676273346,0.1292805969715118,0.3435026705265045,8.0,2024-02-14
bg_41893,0.8694120049476624,0.4392310082912445,0.7136855721473694,22.0,2024-02-14
bg_41928,0.8579072952270508,0.2024394273757934,0.5123217105865479,8.0,2024-02-14
bg_41936,0.3451140522956848,0.1264862269163131,0.4700315296649933,3.0,2024-02-14
bg_41979,0.5021026134490967,0.2577464878559112,0.171723797917366,3.0,2024-02-14
bg_41981,0.8042906522750854,0.2214220315217971,0.5408216714859009,10.0,2024-02-14
bg_42003,0.9092265963554382,0.2780410945415497,0.6434823274612427,18.0,2024-02-14
bg_42078,0.8550218343734741,0.2534671127796173,0.5657943487167358,1.0,2024-02-14
bg_42140,0.8871725797653198,0.3816275596618652,0.6709376573562622,10.0,2024-02-14
bg_42162,0.8373333215713501,0.2905038595199585,0.5865384936332703,7.0,2024-02-14
bg_42289,0.8348968029022217,0.2458929568529129,0.5479581952095032,5.0,2024-02-14
bg_42351,0.7771636247634888,0.4272011220455169,0.721979558467865,20.0,2024-02-14
bg_42442,0.844774067401886,0.2881542444229126,0.6226415038108826,7.0,2024-02-14
bg_42455,0.8484543561935425,0.3219338655471802,0.6679128408432007,4.0,2024-02-14
bg_42577,0.8270008563995361,0.3525315821170807,0.6250671744346619,4.0,2024-02-14
bg_42614,0.7919999957084656,0.2383675426244735,0.5283926725387573,3.0,2024-02-14
bg_42657,0.7667490243911743,0.2035587430000305,0.4816350042819977,4.0,2024-02-14
bg_42723,0.8827470541000366,0.3321779370307922,0.6391275525093079,9.0,2024-02-14
bg_42734,0.8907975554466248,0.3820173442363739,0.6911477446556091,5.0,2024-02-14
bg_42791,0.8286893963813782,0.3872722685337066,0.7176332473754883,5.0,2024-02-14
bg_42820,0.6485788226127625,0.4089069068431854,0.6585788726806641,3.0,2024-02-14
bg_42841,0.8533270359039307,0.2687685489654541,0.5708373188972473,4.0,2024-02-14
bg_42887,0.890347421169281,0.3792339563369751,0.6784089207649231,6.0,2024-02-14
bg_42941,0.7619738578796387,0.1712493896484375,0.5154426693916321,5.0,2024-02-14
bg_42962,0.8125883936882019,0.2522796392440796,0.5538041591644287,5.0,2024-02-14
bg_42967,0.6976373791694641,0.4270069599151611,0.670307993888855,4.0,2024-02-14
bg_43193,0.5367785096168518,0.1673938333988189,0.3306951522827148,18.0,2024-02-14
bg_43211,0.8393277525901794,0.2116917818784713,0.5393227338790894,7.0,2024-02-14
bg_43237,0.7773411870002747,0.3375241756439209,0.5613207817077637,7.0,2024-02-14
bg_43352,0.7909201383590698,0.4884804785251617,0.7294525504112244,8.0,2024-02-14
bg_43385,0.8712269067764282,0.2986030280590057,0.6153571605682373,4.0,2024-02-14
bg_43494,0.8911260366439819,0.3372001051902771,0.6711696982383728,7.0,2024-02-14
bg_43583,0.8643068075180054,0.346378743648529,0.6423313021659851,7.0,2024-02-14
bg_43601,0.6045746803283691,0.1100941598415374,0.3161165714263916,2.0,2024-02-14
bg_43637,0.8325281739234924,0.3142174482345581,0.5844436287879944,5.0,2024-02-14
bg_43675,0.8957816362380981,0.3267481029033661,0.6517799496650696,7.0,2024-02-14
bg_43775,0.7079958915710449,0.2960556149482727,0.4942047595977783,2.0,2024-02-14
bg_43916,0.8362790942192078,0.2246944457292556,0.5760478973388672,5.0,2024-02-14
bg_43923,0.8442601561546326,0.2865062654018402,0.617195188999176,8.0,2024-02-14
bg_44118,0.6884139180183411,0.3178226351737976,0.5534281730651855,5.0,2024-02-14
bg_44147,0.8160184621810913,0.4661535322666168,0.7096129655838013,16.0,2024-02-14
bg_44226,0.7873066067695618,0.159180611371994,0.4961491525173187,22.0,2024-02-14
bg_44263,0.8313007950782776,0.2411489635705948,0.5828118324279785,5.0,2024-02-14
bg_44376,0.9023861289024352,0.3259577751159668,0.6326942443847656,11.0,2024-02-14
bg_44490,0.82017982006073,0.4076865315437317,0.7177011370658875,5.0,2024-02-14
bg_44507,0.8272086381912231,0.3851029872894287,0.6777202486991882,10.0,2024-02-14
bg_44543,0.8204714059829712,0.3018983602523803,0.614386796951294,14.0,2024-02-14
bg_44555,0.8191612362861633,0.23060904443264,0.5564005374908447,3.0,2024-02-14
bg_44618,0.5524365305900574,0.1113244518637657,0.3666995763778686,12.0,2024-02-14
bg_44632,0.7375508546829224,0.4074287414550781,0.6151382923126221,7.0,2024-02-14
bg_44662,0.8233312368392944,0.2056918442249298,0.5687527060508728,8.0,2024-02-14
bg_44712,0.890692412853241,0.4481022655963897,0.7292805910110474,4.0,2024-02-14
bg_44796,0.8870877623558044,0.4184487760066986,0.6965069770812988,9.0,2024-02-14
bg_44854,0.8233060240745544,0.3142483234405517,0.5939931869506836,6.0,2024-02-14
bg_44924,0.8604987263679504,0.4490565955638885,0.727516770362854,3.0,2024-02-14
bg_44942,0.837394654750824,0.3990180790424347,0.6581935882568359,2.0,2024-02-14
bg_44967,0.8399010896682739,0.4466116726398468,0.7058096528053284,2.0,2024-02-14
bg_45127,0.8726333975791931,0.3608886301517486,0.6798469424247742,5.0,2024-02-14
bg_45222,0.7440577149391174,0.1845213621854782,0.5080551505088806,16.0,2024-02-14
bg_45230,0.8759546279907227,0.362503707408905,0.6515099406242371,4.0,2024-02-14
bg_45431,0.823982834815979,0.3339905142784118,0.6404361724853516,24.0,2024-02-14
bg_45458,0.8583363890647888,0.3193936347961426,0.626812756061554,5.0,2024-02-14
bg_45523,0.7992565035820007,0.2242095917463302,0.4900199472904205,5.0,2024-02-14
bg_45651,0.8608425855636597,0.4076277911663055,0.714925229549408,4.0,2024-02-14
bg_45791,0.8490999341011047,0.3630717098712921,0.66310715675354,5.0,2024-02-14
bg_45799,0.7595744729042053,0.2077400535345077,0.5393205881118774,1.0,2024-02-14
bg_45825,0.8044297099113464,0.3451090455055237,0.6413708925247192,8.0,2024-02-14
bg_45859,0.8690871596336365,0.3404421508312225,0.6458884477615356,6.0,2024-02-14
bg_45916,0.8051856756210327,0.3648346066474914,0.5976184606552124,5.0,2024-02-14
bg_45970,0.8333740234375,0.2057318091392517,0.5421611070632935,6.0,2024-02-14
bg_45990,0.8457481861114502,0.3549479842185974,0.6321772336959839,5.0,2024-02-14
bg_46066,0.8765432238578796,0.3517709970474243,0.6727709174156189,5.0,2024-02-14
bg_46203,0.8713573217391968,0.379523903131485,0.6484736204147339,3.0,2024-02-14
bg_46274,0.7476223111152649,0.3626618981361389,0.6094774603843689,14.0,2024-02-14
bg_46337,0.6251218318939209,0.0793173611164093,0.320961982011795,6.0,2024-02-14
bg_46373,0.8425883054733276,0.2773230373859405,0.5642381310462952,4.0,2024-02-14
bg_46378,0.8655257225036621,0.4072676002979278,0.6686936616897583,2.0,2024-02-14
bg_46420,0.8082048296928406,0.3281088769435882,0.6031864285469055,3.0,2024-02-14
bg_46448,0.7631980180740356,0.2394701242446899,0.5325316190719604,16.0,2024-02-14
bg_46483,0.8191214203834534,0.0410546138882637,0.4321243464946747,5.0,2024-02-14
bg_46583,0.8280842900276184,0.3104097843170166,0.6000982522964478,4.0,2024-02-14
bg_46640,0.8901758790016174,0.2999145686626434,0.6317483186721802,37.0,2024-02-14
bg_46641,0.8906283974647522,0.450521171092987,0.7245399355888367,12.0,2024-02-14
bg_46793,-0.0110497092828154,0.3085991144180298,0.5081622004508972,1.0,2024-02-14
bg_46795,0.855566680431366,0.3622975051403045,0.6609105467796326,3.0,2024-02-14
bg_46799,0.8922563195228577,0.3466780185699463,0.6518128514289856,4.0,2024-02-14
bg_46865,0.806706964969635,0.317370593547821,0.5958543419837952,14.0,2024-02-14
bg_46885,0.8186427354812622,0.2994456589221954,0.6193873882293701,6.0,2024-02-14
bg_46979,0.8710333108901978,0.1955886781215667,0.5887745022773743,12.0,2024-02-14
bg_47015,0.8284228444099426,0.0456085428595542,0.4003490507602691,3.0,2024-02-14
bg_47171,0.8729507923126221,0.3392243385314941,0.6399521231651306,5.0,2024-02-14
bg_47287,0.024143561720848,0.2247408032417297,0.374330073595047,2.0,2024-02-14
bg_47358,0.8752391338348389,0.369550496339798,0.6961128115653992,4.0,2024-02-14
bg_47422,0.722908079624176,0.1568928509950637,0.4497883915901184,5.0,2024-02-14
bg_47465,0.8878406882286072,0.2069135755300521,0.5829015374183655,7.0,2024-02-14
bg_47470,0.8497187495231628,0.4308153390884399,0.693714439868927,18.0,2024-02-14
bg_47491,0.2050417363643646,-0.0373165421187877,0.0889846533536911,4.0,2024-02-14
bg_47533,0.870288610458374,0.3258524239063263,0.6409956216812134,5.0,2024-02-14
bg_47535,0.8770008683204651,0.2673499286174774,0.6098265647888184,5.0,2024-02-14
bg_47594,0.8689991235733032,0.2524506151676178,0.5883298516273499,8.0,2024-02-14
bg_47755,0.8106712698936462,0.3330535292625427,0.5951478481292725,3.0,2024-02-14
bg_47768,0.758029043674469,0.1569945067167282,0.4978783428668976,7.0,2024-02-14
bg_47819,0.8503788113594055,0.2963696420192718,0.6222499012947083,3.0,2024-02-14
bg_47829,0.8409531116485596,0.2809529602527618,0.5983074903488159,6.0,2024-02-14
bg_47864,0.8994459509849548,0.4792144298553467,0.7554371953010559,10.0,2024-02-14
bg_47871,0.545619785785675,0.2040209323167801,0.3753840923309326,3.0,2024-02-14
bg_47942,0.8421541452407837,0.327942281961441,0.6046480536460876,19.0,2024-02-14
bg_47954,0.8133229613304138,0.4809216856956482,0.7265838384628296,8.0,2024-02-14
bg_47955,0.8020833134651184,0.1360212415456771,0.4782357811927795,3.0,2024-02-14
bg_48040,0.8943347930908203,0.3501165807247162,0.692307710647583,11.0,2024-02-14
bg_48068,0.804844319820404,0.2687910497188568,0.564487099647522,5.0,2024-02-14
bg_48091,0.8755090236663818,0.317891389131546,0.64838707447052,5.0,2024-02-14
bg_48184,0.8838925957679749,0.3687089681625366,0.6786313056945801,5.0,2024-02-14
bg_48286,0.6719440817832947,0.3088331818580627,0.5213782787322998,4.0,2024-02-14
bg_48323,0.881610095500946,0.2571121752262115,0.6118999123573303,5.0,2024-02-14
bg_48389,0.8620377779006958,0.3166416883468628,0.6673292517662048,12.0,2024-02-14
bg_48407,0.8478478193283081,0.1936631053686142,0.4971613883972168,7.0,2024-02-14
bg_48426,,,,,2024-02-14
bg_48438,0.8400721549987793,0.2599239945411682,0.5908387899398804,4.0,2024-02-14
bg_48453,0.8087829947471619,0.316281110048294,0.5775960087776184,4.0,2024-02-14
bg_48503,0.8247653245925903,0.0373395569622516,0.3505507111549377,11.0,2024-02-14
bg_48526,0.8435689210891724,0.1844380348920822,0.5465663075447083,5.0,2024-02-14
bg_48571,0.8482586741447449,0.3301338851451874,0.6449130773544312,7.0,2024-02-14
bg_48633,0.7866849303245544,0.1410452872514724,0.4592693150043487,6.0,2024-02-14
bg_48660,0.8883461356163025,0.3339685499668121,0.6479902267456055,5.0,2024-02-14
bg_48685,0.829287052154541,0.1311566680669784,0.5129615068435669,6.0,2024-02-14
bg_48706,0.852913498878479,0.3161210119724273,0.6285256147384644,10.0,2024-02-14
bg_48811,0.8685228824615479,0.2856203615665436,0.6054738759994507,6.0,2024-02-14
bg_48837,0.6176024079322815,0.3472146391868591,0.5281785130500793,3.0,2024-02-14
bg_48865,0.8374999761581421,0.3480055034160614,0.6265560388565063,3.0,2024-02-14
bg_48869,0.8358112573623657,0.3246268928050995,0.6228571534156799,5.0,2024-02-14
bg_48959,0.8960762023925781,0.421429306268692,0.7193688750267029,14.0,2024-02-14
bg_48989,0.8614362478256226,0.3020579814910888,0.6221973299980164,5.0,2024-02-14
bg_49040,0.8891398906707764,0.3955935835838318,0.6810270547866821,8.0,2024-02-14
bg_49065,0.7829673886299133,0.2103792130947113,0.5169614553451538,8.0,2024-02-14
bg_49093,0.8587919473648071,0.3811351954936981,0.6874874234199524,40.0,2024-02-14
bg_49122,0.8645203113555908,0.309836596250534,0.6300082206726074,4.0,2024-02-14
bg_49132,0.7733184695243835,0.4010569453239441,0.6816172003746033,3.0,2024-02-14
bg_49181,0.8622051477432251,0.4435274302959442,0.706133246421814,10.0,2024-02-14
bg_49250,0.8412221074104309,0.4843529164791107,0.7343713045120239,1.0,2024-02-14
bg_49319,0.8816414475440979,0.3505376279354095,0.6515450477600098,3.0,2024-02-14
bg_49328,0.7675907611846924,0.1313373893499374,0.4752614498138428,6.0,2024-02-14
bg_49378,0.9580292105674744,0.3005714118480682,0.5920217633247375,21.0,2024-02-14
bg_49379,0.8458099961280823,0.4330419301986694,0.6986975073814392,8.0,2024-02-14
bg_49401,0.7078331708908081,0.3802133202552795,0.5858270525932312,8.0,2024-02-14
bg_49430,0.8675937652587891,0.4071613550186157,0.7148206830024719,4.0,2024-02-14
bg_49530,0.6245864629745483,0.2187172174453735,0.4290684759616852,4.0,2024-02-14
bg_49567,0.5999630689620972,0.3847028017044067,0.5789676308631897,2.0,2024-02-14
bg_49740,0.8667963147163391,0.4316384196281433,0.7296913862228394,13.0,2024-02-14
bg_49750,0.926734209060669,0.2789699733257293,0.6481069326400757,7.0,2024-02-14
bg_49759,0.862218976020813,0.3422104120254516,0.634847104549408,3.0,2024-02-14
bg_49771,0.8926241993904114,0.1198699474334716,0.5120993852615356,5.0,2024-02-14
bg_49800,0.9093876481056212,0.1092482581734657,0.5108880996704102,4.0,2024-02-14
bg_49827,0.9108007550239564,0.399770975112915,0.6852467656135559,16.0,2024-02-14
bg_49918,0.9092024564743042,0.2737588584423065,0.5968819856643677,5.0,2024-02-14
bg_49982,0.8449020981788635,0.3274370431900024,0.6364892721176147,7.0,2024-02-14
bg_2322,0.8426375389099121,0.3272643089294433,0.6020219326019287,16.0,2024-04-04
bg_2567,0.7672376036643982,0.288092166185379,0.5627184510231018,1.0,2024-04-04
bg_2582,0.7817860841751099,0.2291070073843002,0.5387795567512512,10.0,2024-04-04
bg_4677,0.7771961092948914,0.0758209973573684,0.3733776807785034,14.0,2024-04-04
bg_4983,0.6887329816818237,0.2820754945278168,0.5670222043991089,11.0,2024-04-04
bg_5613,0.810339093208313,0.2687982022762298,0.5648454427719116,24.0,2024-04-04
bg_5888,0.8249136209487915,0.2154939025640487,0.5402055978775024,16.0,2024-04-04
bg_6620,0.8520791530609131,0.2968881726264953,0.5935552716255188,10.0,2024-04-04
bg_8458,0.8654792308807373,0.2325145900249481,0.5140857100486755,18.0,2024-04-04
bg_8543,0.8283007144927979,0.3237959146499634,0.6256943345069885,16.0,2024-04-04
bg_9925,0.8649939894676208,0.3732380867004394,0.6856226921081543,18.0,2024-04-04
bg_10627,0.8443945050239563,0.3473504185676574,0.6417298913002014,6.0,2024-04-04
bg_11284,0.8211920857429504,0.2898969054222107,0.575818657875061,35.0,2024-04-04
bg_12117,0.8481351733207703,0.364549845457077,0.6593050360679626,18.0,2024-04-04
bg_12264,0.7151247262954712,0.1046476513147354,0.412486582994461,16.0,2024-04-04
bg_14149,0.8051585555076599,0.3152940273284912,0.5531249642372131,14.0,2024-04-04
bg_15701,0.8398712277412415,0.2849932312965393,0.5743893384933472,24.0,2024-04-04
bg_15780,0.8163981437683105,0.1246793568134307,0.4392904639244079,16.0,2024-04-04
bg_16815,0.8353637456893921,0.2731046378612518,0.563831090927124,16.0,2024-04-04
bg_17543,0.8016877770423889,0.2718987166881561,0.5888667702674866,17.0,2024-04-04
bg_17974,0.8349050879478455,0.2914366722106933,0.5980280637741089,16.0,2024-04-04
bg_18937,0.8326552510261536,0.3294423222541809,0.6140952706336975,16.0,2024-04-04
bg_19081,0.6831541061401367,0.1643878668546676,0.4256520569324493,12.0,2024-04-04
bg_19922,0.8068512082099915,0.20855413377285,0.536213219165802,12.0,2024-04-04
bg_22622,0.8461230397224426,0.2327790856361389,0.5185245871543884,25.0,2024-04-04
bg_22715,0.882283091545105,0.2815153896808624,0.5943916440010071,18.0,2024-04-04
bg_22888,0.8473067283630371,0.2897023260593414,0.5888338088989258,14.0,2024-04-04
bg_25561,0.7725541591644287,0.2161412090063095,0.4501495361328125,4.0,2024-04-04
bg_25897,0.8949003219604492,0.3882951736450195,0.6788163185119629,11.0,2024-04-04
bg_25905,0.8090077042579651,0.278773546218872,0.5846997499465942,16.0,2024-04-04
bg_26314,0.8026651740074158,0.161043182015419,0.4584725201129913,12.0,2024-04-04
bg_28429,0.8283671140670776,0.2306458204984665,0.5032647848129272,15.0,2024-04-04
bg_28463,0.8924121856689453,0.3968654870986938,0.697396993637085,16.0,2024-04-04
bg_29185,0.8217548131942749,0.2463483065366745,0.5691167116165161,6.0,2024-04-04
bg_30743,0.8642026782035828,0.3014116585254669,0.6094815731048584,14.0,2024-04-04
bg_31193,0.7694077491760254,-0.002192263957113,0.3363432884216308,18.0,2024-04-04
bg_33907,0.7222222089767456,0.1057810708880424,0.412411630153656,9.0,2024-04-04
bg_36252,0.8470281958580017,0.2578012943267822,0.528602659702301,24.0,2024-04-04
bg_36765,0.9096118211746216,0.3958010375499725,0.7048118114471436,20.0,2024-04-04
bg_37068,0.8615550398826599,0.2679779827594757,0.5865682363510132,10.0,2024-04-04
bg_37218,0.8212401866912842,0.290969580411911,0.5999594330787659,12.0,2024-04-04
bg_38266,0.856370210647583,0.3299874365329742,0.6289780139923096,13.0,2024-04-04
bg_38783,0.8588137030601501,0.2812662124633789,0.6106188297271729,16.0,2024-04-04
bg_39718,0.8251566886901855,0.0930709093809127,0.4226356446743011,16.0,2024-04-04
bg_39984,0.8397299647331238,0.2300033867359161,0.5351208448410034,12.0,2024-04-04
bg_40333,0.8360328078269958,0.3424340188503265,0.6136093735694885,14.0,2024-04-04
bg_41567,0.8379152417182922,0.3446107804775238,0.6217317581176758,17.0,2024-04-04
bg_41735,0.8896310925483704,0.3310087025165558,0.6472195982933044,12.0,2024-04-04
bg_42416,0.866277813911438,0.4187643229961395,0.6820158958435059,16.0,2024-04-04
bg_42564,0.7022964358329773,0.17202028632164,0.4486366808414459,36.0,2024-04-04
bg_43429,0.733157217502594,0.1266150027513504,0.3980769217014313,15.0,2024-04-04
bg_43905,0.8471918702125549,0.3045029938220978,0.614142656326294,16.0,2024-04-04
bg_48166,0.8851674795150757,0.3861551284790039,0.6759776473045349,15.0,2024-04-04
bg_49488,0.7815126180648804,0.2559842467308044,0.5333603024482727,15.0,2024-04-04
bg_39648,0.8743798732757568,0.2283602058887481,0.5381139516830444,16.0,2024-04-14
bg_639,0.8759305477142334,0.3234135508537292,0.6227529048919678,1.0,2024-04-29
bg_691,0.8486570119857788,0.3504659533500671,0.6550610661506653,8.0,2024-04-29
bg_773,0.6915665864944458,0.1308653205633163,0.4119938910007477,4.0,2024-04-29
bg_1542,0.5681070685386658,0.2114890664815902,0.4130988717079162,2.0,2024-04-29
bg_1659,0.848842978477478,0.2531530857086181,0.6012272238731384,14.0,2024-04-29
bg_1728,0.4380590319633484,0.0538697615265846,0.2243602722883224,2.0,2024-04-29
bg_1809,0.8279816508293152,0.3594882786273956,0.6719512343406677,9.0,2024-04-29
bg_2519,0.7620541453361511,0.3607366681098938,0.6424459218978882,4.0,2024-04-29
bg_2760,0.3648960590362549,0.1663430333137512,0.3162892460823059,19.0,2024-04-29
bg_2773,0.8756476640701294,0.3538322448730469,0.6601053476333618,3.0,2024-04-29
bg_2918,0.866100549697876,0.329274445772171,0.6284558773040771,6.0,2024-04-29
bg_2960,0.7981206774711609,0.2337770611047744,0.5014261603355408,11.0,2024-04-29
bg_3234,0.7592808604240417,0.2719689905643463,0.5631734132766724,4.0,2024-04-29
bg_3292,0.8057354092597961,0.3044947683811188,0.5750064849853516,9.0,2024-04-29
bg_3541,0.7817611694335938,0.3051766157150268,0.6051071286201477,11.0,2024-04-29
bg_3870,0.8291912078857422,0.3311383724212646,0.6426674723625183,8.0,2024-04-29
bg_4274,0.833655059337616,0.3131955862045288,0.6386832594871521,12.0,2024-04-29
bg_4493,0.8462482690811157,0.2761637270450592,0.5939494371414185,22.0,2024-04-29
bg_5373,0.6101387739181519,0.2353060841560363,0.5132037997245789,5.0,2024-04-29
bg_5511,0.8394654989242554,0.3169165849685669,0.616782546043396,8.0,2024-04-29
bg_5956,0.8616898059844971,0.3525032699108124,0.6522269248962402,2.0,2024-04-29
bg_5957,0.8268064260482788,0.2914798259735107,0.5663277506828308,23.0,2024-04-29
bg_6108,0.84038245677948,0.3187456130981445,0.6180352568626404,12.0,2024-04-29
bg_6185,0.8819051384925842,0.3909882605075836,0.6893224716186523,6.0,2024-04-29
bg_6351,0.8623619079589844,0.2636054456233978,0.5433333516120911,3.0,2024-04-29
bg_6460,0.7905691266059875,0.28917196393013,0.5770201683044434,9.0,2024-04-29
bg_6532,0.7162355780601501,0.265920877456665,0.5618765950202942,4.0,2024-04-29
bg_6727,0.7221095561981201,0.335693210363388,0.6036572456359863,5.0,2024-04-29
bg_6733,0.7936471104621887,0.2985382676124573,0.5920435190200806,10.0,2024-04-29
bg_7065,0.8723101615905762,0.2976159453392029,0.6240865588188171,28.0,2024-04-29
bg_7190,0.5998547673225403,0.185364544391632,0.4282009899616241,1.0,2024-04-29
bg_7251,0.8896926045417786,0.3540782630443573,0.6655290126800537,9.0,2024-04-29
bg_8271,0.7813949584960938,0.3675613403320312,0.6498202681541443,4.0,2024-04-29
bg_8502,0.8642809391021729,0.3218912780284881,0.6584108471870422,10.0,2024-04-29
bg_9127,0.653644859790802,0.2312549203634262,0.478074312210083,20.0,2024-04-29
bg_9137,0.7939804196357727,0.3743426501750946,0.6177234053611755,8.0,2024-04-29
bg_9868,0.8903961181640625,0.388877809047699,0.6865230202674866,7.0,2024-04-29
bg_9905,0.8359085321426392,0.2723464369773865,0.6053068041801453,6.0,2024-04-29
bg_10310,0.8397031426429749,0.2082842737436294,0.540363609790802,20.0,2024-04-29
bg_10786,0.5972588062286377,0.2469135820865631,0.4874815940856933,5.0,2024-04-29
bg_10977,0.7784885168075562,0.4208861887454986,0.6644774675369263,8.0,2024-04-29
bg_10994,0.8455548286437988,0.3120919167995453,0.6066517233848572,3.0,2024-04-29
bg_11495,0.552786648273468,0.2718593180179596,0.4698324799537658,2.0,2024-04-29
bg_11688,0.866159200668335,0.3109713494777679,0.6197149157524109,9.0,2024-04-29
bg_12357,0.7932752370834351,0.3026548624038696,0.6119605898857117,9.0,2024-04-29
bg_12364,0.8284106850624084,0.2655147016048431,0.5517755746841431,1.0,2024-04-29
bg_12455,0.8100069761276245,0.3287172019481659,0.6320457458496094,6.0,2024-04-29
bg_12499,0.858769953250885,0.367597758769989,0.6363636255264282,1.0,2024-04-29
bg_12763,0.8766817450523376,0.3124854266643524,0.625938355922699,26.0,2024-04-29
bg_12975,0.7079915404319763,0.17209292948246,0.482856810092926,20.0,2024-04-29
bg_12994,0.7766791582107544,0.1714449524879455,0.492168664932251,10.0,2024-04-29
bg_13492,0.8799275755882263,0.3500111401081085,0.6498333811759949,22.0,2024-04-29
bg_13735,0.8698441982269287,0.3383631110191345,0.6285115480422974,13.0,2024-04-29
bg_13835,0.774925947189331,0.2116564512252807,0.4211180210113525,9.0,2024-04-29
bg_14375,0.737523078918457,0.1221609562635421,0.3564213514328003,3.0,2024-04-29
bg_14485,0.7569489479064941,0.2567678391933441,0.5596609115600586,7.0,2024-04-29
bg_14576,0.8357775807380676,0.3058188557624817,0.6187511086463928,6.0,2024-04-29
bg_15548,0.8855223655700684,0.4105740785598755,0.710204541683197,8.0,2024-04-29
bg_15588,0.8618618845939636,0.3347755670547485,0.635123610496521,9.0,2024-04-29
bg_15597,0.847549557685852,0.2952024042606354,0.5998126864433289,8.0,2024-04-29
bg_17855,0.8108946084976196,0.2547485530376434,0.546379804611206,20.0,2024-04-29
bg_17959,0.6966394782066345,0.3592185378074646,0.6113733649253845,4.0,2024-04-29
bg_17998,0.8505494594573975,0.2677541077136993,0.5928618311882019,13.0,2024-04-29
bg_18266,0.868094801902771,0.3380368649959564,0.6293097138404846,12.0,2024-04-29
bg_18340,0.8623412251472473,0.3637042641639709,0.6582766771316528,10.0,2024-04-29
bg_18655,0.8749563694000244,0.3709799647331238,0.672813892364502,12.0,2024-04-29
bg_18697,0.8173943758010864,0.2011862099170684,0.5246981382369995,10.0,2024-04-29
bg_19083,0.8254011273384094,0.3509532213211059,0.6411101818084717,7.0,2024-04-29
bg_19169,0.7801315188407898,0.29616579413414,0.6131881475448608,16.0,2024-04-29
bg_19434,0.8731781244277954,0.3468926548957824,0.6322378516197205,5.0,2024-04-29
bg_19822,0.8368026614189148,0.2732174396514892,0.5719532370567322,8.0,2024-04-29
bg_19942,0.8605117201805115,0.3206782341003418,0.6143162250518799,4.0,2024-04-29
bg_20075,0.669741690158844,0.1764351278543472,0.4191203117370605,7.0,2024-04-29
bg_20253,0.6756957173347473,0.192878320813179,0.5173067450523376,5.0,2024-04-29
bg_20320,0.8596873879432678,0.2893983125686645,0.6109785437583923,17.0,2024-04-29
bg_20706,0.8027279376983643,0.2197247743606567,0.5359760522842407,6.0,2024-04-29
bg_20792,0.7566959261894226,0.3100990056991577,0.5898304581642151,16.0,2024-04-29
bg_21756,0.7710364460945129,0.3440197110176086,0.5762825012207031,9.0,2024-04-29
bg_21932,0.715147078037262,0.2295369803905487,0.5036004185676575,4.0,2024-04-29
bg_22001,0.7927675247192383,0.4100819230079651,0.6640671491622925,10.0,2024-04-29
bg_22443,0.7334710955619812,0.2411242425441742,0.5366300344467163,5.0,2024-04-29
bg_22647,0.5771157741546631,0.2450345158576965,0.4242227673530578,2.0,2024-04-29
bg_22778,0.8130280375480652,0.2806421518325805,0.5760274529457092,6.0,2024-04-29
bg_22840,0.8426966071128845,0.3159522712230682,0.635726809501648,9.0,2024-04-29
bg_23433,0.8446155190467834,0.3548453152179718,0.6576789617538452,24.0,2024-04-29
bg_24086,0.743842363357544,0.328006386756897,0.5905644297599792,3.0,2024-04-29
bg_24387,0.7974008321762085,0.3155519962310791,0.5710640549659729,4.0,2024-04-29
bg_24593,0.837682843208313,0.3053790926933288,0.6203995943069458,7.0,2024-04-29
bg_25904,0.8553493022918701,0.3179942071437835,0.6342929005622864,24.0,2024-04-29
bg_25914,0.8691308498382568,0.3712821304798126,0.6536180973052979,2.0,2024-04-29
bg_26003,0.7737442851066589,0.1977709084749221,0.5015819668769836,10.0,2024-04-29
bg_26407,0.8212164640426636,0.280250608921051,0.600446343421936,6.0,2024-04-29
bg_26455,0.7263157963752747,0.0167987421154975,0.3639455735683441,5.0,2024-04-29
bg_26781,0.8055381774902344,0.2224398106336593,0.5104684233665466,4.0,2024-04-29
bg_26819,0.8085666298866272,0.2226197272539138,0.512891411781311,12.0,2024-04-29
bg_27406,0.7099812030792236,0.2009371221065521,0.4452396631240845,11.0,2024-04-29
bg_27590,0.8244075775146484,0.2904261946678161,0.5839582085609436,4.0,2024-04-29
bg_28154,0.8049635887145996,0.3187790811061859,0.6264393925666809,6.0,2024-04-29
bg_28214,0.6094836592674255,0.2382159680128097,0.4683206379413605,2.0,2024-04-29
bg_28315,0.855357825756073,0.3620159924030304,0.6230573654174805,13.0,2024-04-29
bg_28480,0.8367648124694824,0.3795980513095855,0.652765154838562,20.0,2024-04-29
bg_28851,0.840873658657074,0.3646477162837982,0.6750453114509583,13.0,2024-04-29
bg_29068,0.8809126615524292,0.3451927304267883,0.6584856510162354,11.0,2024-04-29
bg_29226,0.8124741911888123,0.2253481149673462,0.5576854944229126,3.0,2024-04-29
bg_29557,0.8032200336456299,0.2268640846014022,0.5289982557296753,11.0,2024-04-29
bg_29740,0.8349877595901489,0.2853173017501831,0.5891512036323547,26.0,2024-04-29
bg_29779,0.7917460203170776,0.211983636021614,0.5473775863647461,5.0,2024-04-29
bg_29956,0.733781099319458,0.2624701857566833,0.5556572675704956,6.0,2024-04-29
bg_30021,0.8281835317611694,0.1922702342271804,0.5211547017097473,12.0,2024-04-29
bg_30036,0.7939815521240234,0.2315101772546768,0.5372092127799988,16.0,2024-04-29
bg_30042,0.904308259487152,0.4188860654830932,0.6632134914398193,2.0,2024-04-29
bg_30192,0.7408095002174377,0.1980577707290649,0.5112830400466919,3.0,2024-04-29
bg_30413,0.7718388438224792,0.2188985049724578,0.5433627963066101,7.0,2024-04-29
bg_30624,0.8607594966888428,0.375641256570816,0.6816015243530273,9.0,2024-04-29
bg_30975,0.7509340047836304,0.2295458167791366,0.5387140512466431,7.0,2024-04-29
bg_31692,0.8235035538673401,0.1585736274719238,0.4756383299827575,10.0,2024-04-29
bg_31787,0.7984418869018555,0.3354776501655578,0.6130841374397278,8.0,2024-04-29
bg_31955,0.854324221611023,0.3584034740924835,0.6547034382820129,12.0,2024-04-29
bg_32741,0.8459468483924866,0.3745364546775818,0.6696696877479553,11.0,2024-04-29
bg_33057,0.85391765832901,0.401958554983139,0.6586095094680786,9.0,2024-04-29
bg_33273,0.6867736577987671,0.1678161025047302,0.4760290682315826,3.0,2024-04-29
bg_33531,0.6826975345611572,0.3293835818767547,0.5917395949363708,4.0,2024-04-29
bg_33749,0.7660571932792664,0.2729502916336059,0.5590877532958984,18.0,2024-04-29
bg_33909,0.8405728340148926,0.3857628405094147,0.6819431185722351,8.0,2024-04-29
bg_34742,0.7772511839866638,0.2720173299312591,0.5655801892280579,9.0,2024-04-29
bg_35240,0.8584877848625183,0.2683785855770111,0.594203770160675,24.0,2024-04-29
bg_35332,0.8796109557151794,0.4245723485946655,0.7070333361625671,12.0,2024-04-29
bg_35463,0.8664556741714478,0.3116030693054199,0.6522487998008728,20.0,2024-04-29
bg_35723,0.689935028553009,0.2959548234939575,0.5762020945549011,5.0,2024-04-29
bg_35817,0.4776240885257721,-0.1968897432088852,0.0110864825546741,27.0,2024-04-29
bg_35879,0.8502058386802673,0.2869914472103119,0.5921952724456787,10.0,2024-04-29
bg_36447,0.7528332471847534,0.2111876606941223,0.5103464722633362,3.0,2024-04-29
bg_36505,0.8394831418991089,0.3417955636978149,0.6427135467529297,8.0,2024-04-29
bg_36672,0.3791044652462005,0.0641939938068389,0.1982703804969787,7.0,2024-04-29
bg_36797,0.8282647132873535,0.2828944325447082,0.5498661994934082,10.0,2024-04-29
bg_36911,0.8208625316619873,0.2972050309181213,0.6075254678726196,7.0,2024-04-29
bg_37003,0.800310492515564,0.2987772822380066,0.5947297811508179,8.0,2024-04-29
bg_37236,0.6449368596076965,0.31818288564682,0.625765323638916,8.0,2024-04-29
bg_37390,0.8023386597633362,0.3074023127555847,0.5655384063720703,10.0,2024-04-29
bg_37687,0.8417226672172546,0.2949692904949188,0.6064382195472717,14.0,2024-04-29
bg_37846,0.8197135925292969,0.3337717950344085,0.6355019211769104,7.0,2024-04-29
bg_37910,0.8525756597518921,0.3606005609035492,0.6455197334289551,12.0,2024-04-29
bg_37964,0.8322536945343018,0.2073825746774673,0.5524267554283142,8.0,2024-04-29
bg_38125,0.8611987233161926,0.4071161150932312,0.7002851963043213,9.0,2024-04-29
bg_38408,0.6989381909370422,0.1646328717470169,0.4584450721740722,9.0,2024-04-29
bg_38583,0.729707658290863,0.1992107629776001,0.4637479484081268,4.0,2024-04-29
bg_38910,0.8778757452964783,0.322880208492279,0.6156935691833496,14.0,2024-04-29
bg_39224,0.8694227337837219,0.3498361706733703,0.641797661781311,1.0,2024-04-29
bg_39503,0.7097183465957642,0.2268754541873932,0.4893899261951446,5.0,2024-04-29
bg_39574,0.7169811129570007,0.3139024078845978,0.5376344323158264,3.0,2024-04-29
bg_39819,0.8144059777259827,0.2949706315994262,0.6019948720932007,12.0,2024-04-29
bg_40109,0.8257948756217957,0.3526157438755035,0.6253883242607117,10.0,2024-04-29
bg_40125,0.802122175693512,0.3541683256626129,0.6323019862174988,18.0,2024-04-29
bg_40381,0.8092687726020813,0.2972534894943237,0.580818772315979,12.0,2024-04-29
bg_41256,0.7957464456558228,0.3892834186553955,0.6747081875801086,3.0,2024-04-29
bg_41487,0.7892812490463257,0.1712116301059723,0.5205168724060059,8.0,2024-04-29
bg_42567,0.8654349446296692,0.2918688058853149,0.6082448363304138,4.0,2024-04-29
bg_42911,0.8427368998527527,0.3326693475246429,0.6411851644515991,12.0,2024-04-29
bg_43837,0.6944370865821838,0.1384444236755371,0.4035796523094177,10.0,2024-04-29
bg_43883,0.2331505119800567,0.0927653089165687,0.2566427290439605,2.0,2024-04-29
bg_45133,0.7822141647338867,0.2449255883693695,0.5271347165107727,9.0,2024-04-29
bg_45237,0.8433363437652588,0.3446088433265686,0.6399232745170593,20.0,2024-04-29
bg_45450,0.7331677079200745,0.2573493421077728,0.458841472864151,3.0,2024-04-29
bg_45709,0.7142640352249146,0.24396613240242,0.5395907759666443,4.0,2024-04-29
bg_46019,0.8488056659698486,0.3595988750457763,0.6420122981071472,6.0,2024-04-29
bg_46381,0.7943111062049866,0.2768304049968719,0.5468527674674988,8.0,2024-04-29
bg_46382,0.8599548935890198,0.3128711879253387,0.6349154710769653,4.0,2024-04-29
bg_46508,0.8609055876731873,0.3919160962104797,0.6690178513526917,4.0,2024-04-29
bg_46739,0.7889167070388794,0.3115029633045196,0.6042468547821045,12.0,2024-04-29
bg_46803,0.6333800554275513,0.0978379547595977,0.3386896848678589,6.0,2024-04-29
bg_47382,0.8503420948982239,0.307150274515152,0.6342873573303223,16.0,2024-04-29
bg_47751,0.7848348021507263,0.1880966871976852,0.4813805520534515,16.0,2024-04-29
bg_47967,0.7764015793800354,0.1836164444684982,0.4869728088378906,14.0,2024-04-29
bg_48313,0.7870067954063416,0.1969434320926666,0.4958938062191009,8.0,2024-04-29
bg_49023,0.8440616726875305,0.2398658990859985,0.5847292542457581,3.0,2024-04-29
bg_49578,0.792610228061676,0.3232080042362213,0.6397778391838074,13.0,2024-04-29
bg_49807,0.8436647653579712,0.3181423842906952,0.6286085844039917,24.0,2024-04-29
bg_3913,0.8969219923019409,0.2685888707637787,0.5833859443664551,14.0,2024-05-04
bg_5588,0.8591556549072266,0.2204235941171646,0.5478338003158569,14.0,2024-05-04
bg_22518,0.8636019229888916,0.2658037841320038,0.5835792422294617,14.0,2024-05-04
bg_22699,0.8259077072143555,0.1780180186033249,0.5025883913040161,14.0,2024-05-04
bg_29696,0.7800993919372559,0.1959182322025299,0.4564763903617859,14.0,2024-05-04
bg_34987,0.7533679008483887,0.2122554183006286,0.4871731400489807,17.0,2024-05-04
bg_44155,0.4320500791072845,0.0491740591824054,0.2325855642557144,14.0,2024-05-04
bg_44176,0.7786818742752075,0.1943936496973037,0.4829884171485901,17.0,2024-05-04
bg_14103,0.801848292350769,0.1955663412809372,0.47049081325531,6.0,2024-06-23
bg_42518,0.7433892488479614,0.2013338655233383,0.4922198057174682,8.0,2024-06-23
bg_16158,0.7938417196273804,0.2973363101482391,0.5835290551185608,10.0,2024-07-01
bg_18645,0.6703223586082458,0.1658104658126831,0.4723542630672455,8.0,2024-07-01
bg_25018,0.713235080242157,0.2506032884120941,0.5487862825393677,6.0,2024-07-01
bg_25784,0.8069828152656555,0.2915591895580292,0.6056771874427795,10.0,2024-07-01
bg_27443,0.4869225323200226,0.0906633287668228,0.296083390712738,4.0,2024-07-01
bg_42687,0.811680257320404,0.267923504114151,0.5699996948242188,4.0,2024-07-01
bg_46513,0.6969616413116455,0.2124755829572677,0.4990988671779632,2.0,2024-07-01
bg_131,0.776147186756134,0.2490311712026596,0.5499517321586609,12.0,2024-07-03
bg_1568,0.5327582359313965,0.0897421464323997,0.3261829018592834,6.0,2024-07-03
bg_2299,0.6028962731361389,0.1885438114404678,0.4292052388191223,12.0,2024-07-03
bg_2949,0.6994729042053223,0.266038715839386,0.4996419847011566,10.0,2024-07-03
bg_3270,0.4771546721458435,0.0909965559840202,0.3001068830490112,2.0,2024-07-03
bg_5179,0.7763795852661133,0.396673321723938,0.6662962436676025,7.0,2024-07-03
bg_5581,0.8458967804908752,0.2795963287353515,0.5744547843933105,6.0,2024-07-03
bg_5829,0.7317920327186584,0.2944918274879455,0.6141864657402039,8.0,2024-07-03
bg_5836,0.7926209568977356,0.2448771595954895,0.5578274130821228,10.0,2024-07-03
bg_5889,0.8619637489318848,0.3359870016574859,0.6419782638549805,6.0,2024-07-03
bg_6431,0.6590204834938049,-0.0055535230785608,0.2720814347267151,7.0,2024-07-03
bg_7177,0.8784096240997314,0.3539439439773559,0.6630585789680481,6.0,2024-07-03
bg_7925,0.6710461378097534,0.0995178818702697,0.3669836819171905,14.0,2024-07-03
bg_8175,0.7215712070465088,0.2228176444768905,0.5206639766693115,6.0,2024-07-03
bg_8600,0.791833758354187,0.2247319519519806,0.5412935018539429,4.0,2024-07-03
bg_9190,0.7164835333824158,0.1913402676582336,0.4509983360767364,11.0,2024-07-03
bg_9254,0.8272528052330017,0.2807766199111938,0.6024358868598938,6.0,2024-07-03
bg_9364,0.891965389251709,0.3667105734348297,0.6633238792419434,6.0,2024-07-03
bg_9462,0.8177970051765442,0.2610723674297333,0.5485832691192627,6.0,2024-07-03
bg_9550,0.8010392189025879,0.2227280437946319,0.5384625196456909,8.0,2024-07-03
bg_10488,0.7758370041847229,0.1933351010084152,0.5483871102333069,7.0,2024-07-03
bg_11604,0.7951179146766663,0.2582418620586395,0.5582929849624634,8.0,2024-07-03
bg_12153,0.7303653955459595,0.1801775991916656,0.4919427931308746,5.0,2024-07-03
bg_12494,0.7644387483596802,0.2741855084896087,0.5166753530502319,8.0,2024-07-03
bg_12576,0.803149938583374,0.31425541639328,0.624305784702301,6.0,2024-07-03
bg_12904,0.811286211013794,0.2106686979532241,0.5160552263259888,12.0,2024-07-03
bg_13367,0.6413768529891968,0.1651495099067688,0.4542023241519928,10.0,2024-07-03
bg_14113,0.7000214457511902,0.1936586648225784,0.4715457558631897,2.0,2024-07-03
bg_14121,0.7345622181892395,0.2538348436355591,0.5309680700302124,8.0,2024-07-03
bg_14222,0.8209530115127563,0.2755686938762665,0.5895248651504517,6.0,2024-07-03
bg_14706,0.8046930432319641,0.2635993063449859,0.5776934027671814,6.0,2024-07-03
bg_15013,0.7735319137573242,0.2485549002885818,0.5618783235549927,9.0,2024-07-03
bg_15278,0.5968034863471985,0.2001734226942062,0.538062572479248,7.0,2024-07-03
bg_16241,0.7514397501945496,0.376930832862854,0.6502065658569336,14.0,2024-07-03
bg_17160,0.8516418933868408,0.2994488775730133,0.6016910672187805,8.0,2024-07-03
bg_17293,0.7966316938400269,0.2761158645153045,0.5906198024749756,6.0,2024-07-03
bg_18376,0.7682004570960999,0.1645821630954742,0.5007435083389282,10.0,2024-07-03
bg_18390,0.8134689331054688,0.3025087416172027,0.5974825024604797,6.0,2024-07-03
bg_19046,0.8102243542671204,0.2335516959428787,0.5528435707092285,10.0,2024-07-03
bg_19054,0.7207637429237366,0.2053877562284469,0.4942687153816223,4.0,2024-07-03
bg_20290,0.6813266277313232,0.2827702462673187,0.5755994915962219,12.0,2024-07-03
bg_20327,0.7390098571777344,0.2135458290576934,0.5347520709037781,4.0,2024-07-03
bg_21218,0.7201377153396606,0.1609833091497421,0.4700300991535187,8.0,2024-07-03
bg_21225,0.6520361304283142,0.1185793653130531,0.4204637706279754,8.0,2024-07-03
bg_21987,0.8045887351036072,0.257321685552597,0.5545773506164551,8.0,2024-07-03
bg_22392,0.7922521829605103,0.2466524690389633,0.5397298336029053,8.0,2024-07-03
bg_22654,0.8474679589271545,0.3304696679115295,0.64046311378479,6.0,2024-07-03
bg_23502,0.8197343349456787,0.2049630880355835,0.5298105478286743,5.0,2024-07-03
bg_24262,0.8213053345680237,0.2493790686130523,0.5414426326751709,8.0,2024-07-03
bg_25159,0.6862190961837769,0.1746440529823303,0.4727741479873657,8.0,2024-07-03
bg_26100,0.7958150506019592,0.2820063531398773,0.5855361819267273,8.0,2024-07-03
bg_26322,0.7615234851837158,0.1621832847595214,0.4857968986034393,6.0,2024-07-03
bg_26732,0.8126267194747925,0.2779050767421722,0.6070124506950378,6.0,2024-07-03
bg_26889,0.7317125201225281,0.2118999660015106,0.5059260725975037,15.0,2024-07-03
bg_27693,0.8534707427024841,0.2687645852565765,0.5851343870162964,6.0,2024-07-03
bg_27782,0.6380429863929749,0.2226795703172683,0.4506420195102691,6.0,2024-07-03
bg_27951,0.8371289968490601,0.3360762000083923,0.6456187963485718,8.0,2024-07-03
bg_28234,0.8527992367744446,0.2529325187206268,0.5625333189964294,4.0,2024-07-03
bg_28607,0.5574777722358704,0.1284996122121811,0.3553763031959533,2.0,2024-07-03
bg_29159,0.7245703935623169,0.2363005876541137,0.5342557430267334,10.0,2024-07-03
bg_30294,0.5580865740776062,0.1315895169973373,0.3845396339893341,3.0,2024-07-03
bg_31570,0.6445664763450623,0.217636689543724,0.5207048654556274,9.0,2024-07-03
bg_33553,0.6649717092514038,0.2523480951786041,0.503939688205719,12.0,2024-07-03
bg_34946,0.7911584973335266,0.2181445211172104,0.5108538866043091,4.0,2024-07-03
bg_35048,0.8694473505020142,0.3105000853538513,0.6334646344184875,6.0,2024-07-03
bg_36110,0.8287084698677063,0.233245700597763,0.5561752915382385,6.0,2024-07-03
bg_36313,0.7826073169708252,0.3065632581710815,0.6010963320732117,8.0,2024-07-03
bg_36433,0.7920629382133484,0.3087721168994903,0.6252150535583496,10.0,2024-07-03
bg_37655,0.7783302068710327,0.2703862488269806,0.4514658153057098,5.0,2024-07-03
bg_37793,0.6821305155754089,0.0809491276741027,0.3599445521831512,8.0,2024-07-03
bg_38254,0.7092063426971436,0.2576280236244201,0.5119616985321045,5.0,2024-07-03
bg_38704,0.7925336956977844,0.2304884493350982,0.5464752912521362,10.0,2024-07-03
bg_39266,0.8550816178321838,0.3306009471416473,0.6318972706794739,6.0,2024-07-03
bg_39302,0.8339999318122864,0.3574472963809967,0.6589943170547485,14.0,2024-07-03
bg_39871,0.6915659308433533,0.1880358308553695,0.4432458281517029,8.0,2024-07-03
bg_40782,0.777352511882782,0.3253053724765777,0.5950474739074707,12.0,2024-07-03
bg_40837,0.8611379265785217,0.3469205498695373,0.657437264919281,12.0,2024-07-03
bg_41269,0.6423050165176392,0.0906346216797828,0.4001001715660095,4.0,2024-07-03
bg_41570,0.6480042934417725,0.3092921674251556,0.55492103099823,12.0,2024-07-03
bg_41875,0.6192831993103027,0.0670557171106338,0.345881313085556,6.0,2024-07-03
bg_42087,0.7209445238113403,0.13050077855587,0.4533040821552276,9.0,2024-07-03
bg_42901,0.6518699526786804,0.2242501676082611,0.4638121128082275,8.0,2024-07-03
bg_43284,0.7415263056755066,0.2565170526504516,0.5289781093597412,6.0,2024-07-03
bg_44106,0.8696833848953247,0.3356692790985107,0.6390193104743958,6.0,2024-07-03
bg_44864,0.7804086804389954,0.2475980669260025,0.5247817039489746,12.0,2024-07-03
bg_44900,0.8202611804008484,0.3349092602729797,0.6310502886772156,8.0,2024-07-03
bg_45108,0.5029498338699341,0.1769896447658538,0.3966101706027984,11.0,2024-07-03
bg_45563,0.8234568238258362,0.2152275145053863,0.5430649518966675,8.0,2024-07-03
bg_45693,0.7580143809318542,0.190139889717102,0.4864944815635681,8.0,2024-07-03
bg_46864,0.7853841781616211,0.1936104297637939,0.5016789436340332,6.0,2024-07-03
bg_46910,0.8656034469604492,0.3128580749034881,0.6349953413009644,6.0,2024-07-03
bg_47027,0.7294460535049438,0.2023075222969055,0.479670763015747,7.0,2024-07-03
bg_47673,0.7808480262756348,0.2280744165182113,0.533096969127655,10.0,2024-07-03
bg_48801,0.6275861859321594,0.2849180996417999,0.5592920184135437,11.0,2024-07-03
bg_48841,0.7745118737220764,0.2807395160198211,0.5797507762908936,10.0,2024-07-03
bg_48961,0.824421226978302,0.2770545184612274,0.6032057404518127,6.0,2024-07-03
bg_49249,0.7445887327194214,0.2273779362440109,0.5572471022605896,6.0,2024-07-03
bg_602,0.8038423657417297,0.2698999643325805,0.5466434955596924,10.0,2024-07-08
bg_1648,0.7438828945159912,0.2937402725219726,0.5928124189376831,4.0,2024-07-08
bg_2630,0.7271573543548584,0.2604262828826904,0.5482224822044373,6.0,2024-07-08
bg_3567,0.7299207448959351,0.227336511015892,0.52315354347229,8.0,2024-07-08
bg_3873,0.6187382936477661,0.1953804045915603,0.4271595180034637,8.0,2024-07-08
bg_4427,0.8218836784362793,0.2891524136066437,0.6126697659492493,14.0,2024-07-08
bg_5936,0.6968128085136414,0.2928254306316376,0.5630167126655579,5.0,2024-07-08
bg_8546,0.6594496965408325,0.2037472575902938,0.4038305878639221,14.0,2024-07-08
bg_9506,0.7454773187637329,0.2151558250188827,0.4346998035907745,14.0,2024-07-08
bg_9936,0.8162737488746643,0.2887881696224212,0.6036283373832703,6.0,2024-07-08
bg_11740,0.8445248603820801,0.3114339709281921,0.619000256061554,6.0,2024-07-08
bg_11969,0.8016905784606934,0.2520243227481842,0.566895067691803,10.0,2024-07-08
bg_13494,0.6028976440429688,0.1721850782632827,0.416086733341217,10.0,2024-07-08
bg_13978,0.7127801179885864,0.2259800285100937,0.4969385862350464,4.0,2024-07-08
bg_15363,0.7817266583442688,0.2401692420244217,0.5533289313316345,2.0,2024-07-08
bg_15885,0.754648745059967,0.2257022410631179,0.5542104244232178,12.0,2024-07-08
bg_16638,0.7372937202453613,0.2313450574874878,0.5174401998519897,5.0,2024-07-08
bg_17404,0.644015908241272,0.2126664668321609,0.4521815478801727,4.0,2024-07-08
bg_18157,0.6508874297142029,0.2458396553993225,0.483855128288269,14.0,2024-07-08
bg_19833,0.6495842337608337,0.1654225885868072,0.4508427381515503,16.0,2024-07-08
bg_21994,0.8075543642044067,0.3206530511379242,0.601834774017334,12.0,2024-07-08
bg_24391,0.5024549961090088,0.1007497608661651,0.3715038299560547,8.0,2024-07-08
bg_24462,0.8081911206245422,0.3032659590244293,0.6012171506881714,2.0,2024-07-08
bg_24567,0.7894497513771057,0.2788293361663818,0.5690385103225708,7.0,2024-07-08
bg_25237,0.5775308609008789,0.2019449174404144,0.4596279561519623,10.0,2024-07-08
bg_26785,0.523491382598877,0.2634971439838409,0.5329381823539734,14.0,2024-07-08
bg_26953,0.7759039998054504,0.3283340632915497,0.5960236191749573,8.0,2024-07-08
bg_28475,0.7457780241966248,0.1393558084964752,0.4171397089958191,8.0,2024-07-08
bg_29140,0.8094598054885864,0.2768224775791168,0.5742555260658264,12.0,2024-07-08
bg_31239,0.7148165106773376,0.1563103646039962,0.4704391658306122,10.0,2024-07-08
bg_31751,0.741848886013031,0.3067872524261474,0.6117956042289734,4.0,2024-07-08
bg_31932,0.4936831593513489,0.1488952785730362,0.3991031348705292,7.0,2024-07-08
bg_32307,0.6778204441070557,0.2791908979415893,0.5107409358024597,16.0,2024-07-08
bg_32516,0.8508957028388977,0.3406906127929687,0.6435574293136597,10.0,2024-07-08
bg_34098,0.6214810013771057,0.2477214336395263,0.4869701564311981,12.0,2024-07-08
bg_34280,0.7222103476524353,0.1725547462701797,0.4216273427009582,11.0,2024-07-08
bg_35905,0.7976722121238708,0.3155408799648285,0.6225364208221436,2.0,2024-07-08
bg_36047,0.7976180911064148,0.2288095206022262,0.5219844579696655,6.0,2024-07-08
bg_39439,0.6948158740997314,0.1723120212554931,0.4547621309757232,12.0,2024-07-08
bg_40857,0.8440810441970825,0.3570724427700043,0.6373494267463684,6.0,2024-07-08
bg_42838,0.7691351771354675,0.2516011297702789,0.5459811091423035,11.0,2024-07-08
bg_44359,0.801915168762207,0.3098634481430053,0.5946683287620544,8.0,2024-07-08
bg_45904,0.7712430357933044,0.2641800343990326,0.5483918190002441,8.0,2024-07-08
bg_46909,0.7738950848579407,0.1692382395267486,0.453222781419754,4.0,2024-07-08
bg_47934,0.7319134473800659,0.2588587403297424,0.5526169538497925,6.0,2024-07-08
bg_60,0.8709458708763123,0.3439974784851074,0.6708840131759644,4.0,2024-07-18
bg_106,0.7129766941070557,0.1190114766359329,0.3960008323192596,8.0,2024-07-18
bg_132,0.8526315689086914,0.2438162565231323,0.5442160964012146,3.0,2024-07-18
bg_158,0.8743116855621338,0.2854277193546295,0.6018924713134766,12.0,2024-07-18
bg_198,0.8991804718971252,0.3245624005794525,0.6415720582008362,10.0,2024-07-18
bg_210,0.7773505449295044,0.2481001764535904,0.5465989708900452,14.0,2024-07-18
bg_332,0.8678160905838013,0.2762088477611542,0.5957446694374084,3.0,2024-07-18
bg_365,0.84392249584198,0.2430868744850158,0.5687031149864197,10.0,2024-07-18
bg_423,0.8448722958564758,0.2999372780323028,0.629101574420929,14.0,2024-07-18
bg_559,0.8496666550636292,0.3469826281070709,0.646693766117096,4.0,2024-07-18
bg_629,0.8858087062835693,0.2860795855522156,0.6043116450309753,8.0,2024-07-18
bg_634,0.9251191020011902,0.3849587142467499,0.6765140295028687,10.0,2024-07-18
bg_647,0.8279616236686707,0.2711326479911804,0.586392343044281,8.0,2024-07-18
bg_650,0.8965590000152588,0.3634904623031616,0.673652172088623,5.0,2024-07-18
bg_651,0.8821389675140381,0.3980316519737243,0.6807055473327637,2.0,2024-07-18
bg_664,0.8533639907836914,0.283552348613739,0.616754412651062,1.0,2024-07-18
bg_666,0.77224200963974,0.2062140852212906,0.5,11.0,2024-07-18
bg_693,0.8782973885536194,0.2906282246112823,0.6029675006866455,1.0,2024-07-18
bg_717,0.8946107625961304,0.3147063851356506,0.6553773283958435,8.0,2024-07-18
bg_733,0.8362399935722351,0.3568180203437805,0.6649605631828308,4.0,2024-07-18
bg_788,0.1146122962236404,-0.0198315698653459,0.2158382385969162,1.0,2024-07-18
bg_813,0.834266185760498,0.3041777610778808,0.6049913763999939,8.0,2024-07-18
bg_859,0.8908491730690002,0.2735863327980041,0.5994915962219238,6.0,2024-07-18
bg_879,0.6956852674484253,0.2613975703716278,0.5161693096160889,6.0,2024-07-18
bg_915,0.8335102200508118,0.1946474462747573,0.4949828088283539,6.0,2024-07-18
bg_993,0.8335566520690918,0.2920432388782501,0.6081326603889465,8.0,2024-07-18
bg_1031,0.8621779680252075,0.1912979483604431,0.5218711495399475,6.0,2024-07-18
bg_1123,0.8956355452537537,0.3442403674125671,0.6339303255081177,8.0,2024-07-18
bg_1149,0.8283420205116272,0.3820097744464874,0.6596337556838989,2.0,2024-07-18
bg_1156,0.8534257411956787,0.2919630408287048,0.6059480309486389,10.0,2024-07-18
bg_1178,0.7492592930793762,0.2782805860042572,0.5388328433036804,6.0,2024-07-18
bg_1222,0.88278728723526,0.3089509010314941,0.6323264837265015,3.0,2024-07-18
bg_1229,0.8631100654602051,0.2608775198459625,0.5972053408622742,4.0,2024-07-18
bg_1334,0.8417689204216003,0.2425940930843353,0.5663833022117615,12.0,2024-07-18
bg_1348,0.7741919159889221,0.131190150976181,0.4423617422580719,8.0,2024-07-18
bg_1378,0.8632911443710327,0.3109692633152008,0.6295202970504761,5.0,2024-07-18
bg_1398,0.80594402551651,0.2201167345046997,0.512758195400238,14.0,2024-07-18
bg_1434,0.803991436958313,0.2588250935077667,0.564024031162262,8.0,2024-07-18
bg_1437,0.877883791923523,0.2811293601989746,0.5953397750854492,8.0,2024-07-18
bg_1498,0.8161427974700928,0.2610179185867309,0.5473921298980713,6.0,2024-07-18
bg_1579,0.9195231199264526,0.3291741907596588,0.6573182940483093,3.0,2024-07-18
bg_1590,0.8356379270553589,0.315256804227829,0.644426167011261,12.0,2024-07-18
bg_1678,0.8634329438209534,0.3577866852283478,0.6462448239326477,4.0,2024-07-18
bg_1736,0.880165159702301,0.3906048238277435,0.6848270893096924,6.0,2024-07-18
bg_1786,0.8148539662361145,0.2577151656150818,0.5657514929771423,8.0,2024-07-18
bg_1807,0.8257393836975098,0.0662139132618904,0.4199395775794983,7.0,2024-07-18
bg_1832,0.8821870684623718,0.3967032134532928,0.696016788482666,4.0,2024-07-18
bg_1918,0.821364164352417,0.2215127795934677,0.5429966449737549,12.0,2024-07-18
bg_1937,0.5504052042961121,0.1125884652137756,0.3365469872951507,12.0,2024-07-18
bg_1944,0.8391674757003784,0.2591873407363891,0.5844922065734863,7.0,2024-07-18
bg_1988,0.6521036624908447,0.3451100587844848,0.5973307490348816,2.0,2024-07-18
bg_2018,0.8504477739334106,0.2960430681705475,0.5954434275627136,8.0,2024-07-18
bg_2029,0.7646459341049194,0.2640029191970825,0.5477533936500549,3.0,2024-07-18
bg_2030,0.8415511250495911,0.1776915490627288,0.5147037506103516,12.0,2024-07-18
bg_2109,0.8851819634437561,0.3522983193397522,0.6520015597343445,13.0,2024-07-18
bg_2126,0.8828685879707336,0.2800127565860748,0.6143485307693481,6.0,2024-07-18
bg_2150,0.7608410120010376,0.2502915859222412,0.5581395626068115,3.0,2024-07-18
bg_2223,0.6944928169250488,0.3543369472026825,0.5987908840179443,18.0,2024-07-18
bg_2301,0.8859630227088928,0.402768611907959,0.7002341747283936,5.0,2024-07-18
bg_2342,0.8776692748069763,0.2807259559631347,0.60382479429245,4.0,2024-07-18
bg_2409,0.8581646084785461,0.318006694316864,0.6318272352218628,2.0,2024-07-18
bg_2440,0.886963427066803,0.3350315392017364,0.6403420567512512,12.0,2024-07-18
bg_2454,0.8735712766647339,0.419537603855133,0.698630154132843,7.0,2024-07-18
bg_2457,0.87017822265625,0.3176297545433044,0.6146241426467896,17.0,2024-07-18
bg_2491,0.8172605633735657,0.2981241643428802,0.6035835146903992,12.0,2024-07-18
bg_2512,0.9018275141716005,0.3162675201892853,0.6351406574249268,4.0,2024-07-18
bg_2515,0.8916634917259216,0.3238338530063629,0.6189380288124084,5.0,2024-07-18
bg_2520,0.8284198641777039,0.255242645740509,0.5818212032318115,8.0,2024-07-18
bg_2536,0.9139031767845154,0.3060578107833862,0.6467084884643555,6.0,2024-07-18
bg_2575,0.8199357390403748,0.2653164863586426,0.5541830658912659,4.0,2024-07-18
bg_2596,0.8595796227455139,0.3063946962356567,0.5877603888511658,12.0,2024-07-18
bg_2646,0.8170474171638489,0.2580375373363495,0.5622430443763733,16.0,2024-07-18
bg_2714,0.9373673796653748,0.3485173881053924,0.6480209231376648,6.0,2024-07-18
bg_2724,0.8968446850776672,0.3294492959976196,0.6264308094978333,13.0,2024-07-18
bg_2815,0.886583685874939,0.4098191261291504,0.6908517479896545,5.0,2024-07-18
bg_2824,0.8340928554534912,0.3012455403804779,0.6448624134063721,6.0,2024-07-18
bg_2869,0.8978464007377625,0.3242704272270202,0.6461107134819031,2.0,2024-07-18
bg_2873,0.7197768092155457,0.1179929450154304,0.416487455368042,15.0,2024-07-18
bg_2874,0.8804113864898682,0.3569089770317077,0.648218035697937,7.0,2024-07-18
bg_2977,0.8683804869651794,0.3170506358146667,0.6233997941017151,6.0,2024-07-18
bg_2987,0.8632065057754517,0.29482501745224,0.580837607383728,6.0,2024-07-18
bg_2995,0.8615714907646179,0.2911044061183929,0.5747088193893433,6.0,2024-07-18
bg_3037,0.1016042903065681,-0.0849527940154075,0.0255133882164955,1.0,2024-07-18
bg_3101,0.8219591975212097,0.1543125659227371,0.4631259143352508,14.0,2024-07-18
bg_3120,0.8805902600288391,0.3283570110797882,0.6392791867256165,10.0,2024-07-18
bg_3124,0.899219274520874,0.3443233370780945,0.6543219089508057,10.0,2024-07-18
bg_3146,0.893048107624054,0.2962903976440429,0.6024404764175415,1.0,2024-07-18
bg_3148,0.9013323187828064,0.3123443126678467,0.6286484003067017,12.0,2024-07-18
bg_3174,0.8309859037399292,0.1562897264957428,0.4739229083061218,1.0,2024-07-18
bg_3216,0.7938829660415649,0.3376123011112213,0.6559461355209351,5.0,2024-07-18
bg_3247,0.8856755495071411,0.3503744602203369,0.6658439040184021,8.0,2024-07-18
bg_3281,0.9139724969863892,0.3636308908462524,0.6593501567840576,12.0,2024-07-18
bg_3330,0.6030615568161011,0.3156414628028869,0.5235495567321777,4.0,2024-07-18
bg_3344,0.8782979846000671,0.2952345311641693,0.60661381483078,10.0,2024-07-18
bg_3390,0.8596308827400208,0.3371962606906891,0.6501901149749756,13.0,2024-07-18
bg_3431,0.7639505863189697,0.3322541415691376,0.6015567779541016,7.0,2024-07-18
bg_3461,0.8637953996658325,0.2709251046180725,0.6380411386489868,1.0,2024-07-18
bg_3473,0.6162203550338745,0.2309127449989318,0.531079113483429,2.0,2024-07-18
bg_3508,0.7864513993263245,0.2606147825717926,0.5431561470031738,8.0,2024-07-18
bg_3533,0.8937920928001404,0.3326315581798553,0.6281938552856445,3.0,2024-07-18
bg_3544,0.8717712163925171,0.2975220084190368,0.6311941742897034,5.0,2024-07-18
bg_3558,0.8441388607025146,0.2910109758377075,0.5885536074638367,12.0,2024-07-18
bg_3575,0.8650755882263184,0.3575328588485718,0.6757059693336487,8.0,2024-07-18
bg_3611,0.88335782289505,0.3595788478851318,0.6550593972206116,4.0,2024-07-18
bg_3773,0.8527851104736328,0.3233126699924469,0.6320309042930603,8.0,2024-07-18
bg_3774,0.8881866931915283,0.3212375938892364,0.6530278325080872,3.0,2024-07-18
bg_3787,0.6030179858207703,0.1527248173952102,0.4602272808551788,5.0,2024-07-18
bg_3806,0.6908924579620361,0.1455021649599075,0.4224704205989837,4.0,2024-07-18
bg_3834,0.8914311528205872,0.339268684387207,0.651714026927948,13.0,2024-07-18
bg_3926,0.911027491092682,0.3236270546913147,0.64190274477005,2.0,2024-07-18
bg_3951,0.9179338812828064,0.3351762294769287,0.6471784710884094,6.0,2024-07-18
bg_3983,0.7987321019172668,0.1903206557035446,0.5175869464874268,14.0,2024-07-18
bg_4004,0.7549437880516052,0.297948271036148,0.602154016494751,12.0,2024-07-18
bg_4048,0.829325795173645,0.2321372032165527,0.5461247563362122,1.0,2024-07-18
bg_4096,0.5967541933059692,0.2759517729282379,0.4556998014450073,2.0,2024-07-18
bg_4104,0.8968392610549927,0.3675380945205688,0.671672523021698,5.0,2024-07-18
bg_4120,0.8453360199928284,0.2213609963655471,0.5381906032562256,12.0,2024-07-18
bg_4156,0.8015919327735901,0.3133314251899719,0.5988972783088684,3.0,2024-07-18
bg_4175,0.8369325399398804,0.4639503955841064,0.6752483248710632,3.0,2024-07-18
bg_4190,0.8203324675559998,0.3107677698135376,0.603858232498169,12.0,2024-07-18
bg_4222,0.8869361877441406,0.2613895535469055,0.5880361795425415,12.0,2024-07-18
bg_4267,0.8679152727127075,0.3227156698703766,0.6287435293197632,8.0,2024-07-18
bg_4349,0.8955841660499573,0.32785564661026,0.6233996152877808,1.0,2024-07-18
bg_4377,0.9256702661514282,0.3163870573043823,0.6206405162811279,6.0,2024-07-18
bg_4384,0.8833214640617371,0.3507357537746429,0.6870076060295105,2.0,2024-07-18
bg_4392,0.8209119439125061,0.2858207821846008,0.599109947681427,13.0,2024-07-18
bg_4456,0.8593658804893494,0.2934917509555816,0.5912380218505859,4.0,2024-07-18
bg_4510,0.9163769483566284,0.2995765805244446,0.6249586343765259,10.0,2024-07-18
bg_4512,0.3673473596572876,0.0985597893595695,0.2323915958404541,2.0,2024-07-18
bg_4525,0.7708637714385986,0.1835241317749023,0.4558492600917816,10.0,2024-07-18
bg_4543,0.8648413419723511,0.3205684721469879,0.6264879107475281,10.0,2024-07-18
bg_4568,0.8800850510597229,0.344754546880722,0.6501463651657104,4.0,2024-07-18
bg_4578,0.8318494558334351,0.3164960443973541,0.6256262063980103,14.0,2024-07-18
bg_4587,0.8611056804656982,0.2982597649097442,0.6168796420097351,12.0,2024-07-18
bg_4599,0.8639041185379028,0.346643716096878,0.6625957489013672,21.0,2024-07-18
bg_4610,0.8521773219108582,0.3206806480884552,0.6244297623634338,12.0,2024-07-18
bg_4637,0.8931572437286377,0.2949602305889129,0.641327440738678,10.0,2024-07-18
bg_4656,0.8819602727890015,0.2698548436164856,0.5992751121520996,12.0,2024-07-18
bg_4799,0.7451928853988647,0.209501177072525,0.5155051946640015,6.0,2024-07-18
bg_4912,0.8020746111869812,0.1933889389038086,0.4577146470546722,2.0,2024-07-18
bg_4954,0.8030070662498474,0.2748969495296478,0.5963053703308105,5.0,2024-07-18
bg_4958,0.8736131191253662,0.3094910681247711,0.5798251032829285,3.0,2024-07-18
bg_4963,0.9162563681602478,0.3502141237258911,0.6407859921455383,8.0,2024-07-18
bg_5118,0.8302951455116272,0.2587048411369324,0.5745980143547058,7.0,2024-07-18
bg_5166,0.9100409150123596,0.2838912904262543,0.5981549620628357,9.0,2024-07-18
bg_5222,0.8559049367904663,0.3420752584934234,0.639903724193573,5.0,2024-07-18
bg_5259,0.8753759860992432,0.3078823983669281,0.6248212456703186,6.0,2024-07-18
bg_5274,0.8552504181861877,0.2235243767499923,0.5418904423713684,1.0,2024-07-18
bg_5324,0.9261190891265868,0.3475220501422882,0.6529055237770081,9.0,2024-07-18
bg_5468,0.9009070992469788,0.3317715525627136,0.6537745594978333,2.0,2024-07-18
bg_5495,0.8963991403579712,0.3097696006298065,0.6324710249900818,10.0,2024-07-18
bg_5521,0.6057096719741821,0.1490196138620376,0.4668547213077545,3.0,2024-07-18
bg_5563,0.8195834159851074,0.1959997564554214,0.4994521737098694,6.0,2024-07-18
bg_5711,0.8711358308792114,0.2831562757492065,0.5797274112701416,10.0,2024-07-18
bg_5719,0.6636549830436707,0.3281587958335876,0.5887793302536011,4.0,2024-07-18
bg_5753,0.8110432028770447,0.3183575272560119,0.6390555500984192,10.0,2024-07-18
bg_5766,0.8939564824104309,0.3388718664646148,0.6158827543258667,11.0,2024-07-18
bg_5810,0.8857054114341736,0.3405315279960632,0.6542422771453857,4.0,2024-07-18
bg_5901,0.8654109835624695,0.3085342645645141,0.6273928284645081,10.0,2024-07-18
bg_5982,0.8155856132507324,0.2696967124938965,0.5498913526535034,12.0,2024-07-18
bg_5996,0.6574364900588989,0.3562666475772857,0.6060895919799805,2.0,2024-07-18
bg_6026,0.8897362351417542,0.3187462389469147,0.62721848487854,12.0,2024-07-18
bg_6071,0.843950629234314,0.3129138350486755,0.6211761236190796,4.0,2024-07-18
bg_6148,0.880910336971283,0.2564745545387268,0.5913988947868347,8.0,2024-07-18
bg_6301,0.8423293232917786,0.2980395853519439,0.5859630107879639,14.0,2024-07-18
bg_6334,0.6976837515830994,0.2977684736251831,0.5690006613731384,4.0,2024-07-18
bg_6374,0.8558290004730225,0.3141054213047027,0.6433982253074646,6.0,2024-07-18
bg_6584,0.8120589256286621,0.2515767514705658,0.5698606967926025,12.0,2024-07-18
bg_6655,0.8616387248039246,0.3625239431858063,0.654173731803894,6.0,2024-07-18
bg_6674,0.8499335050582886,0.3161264955997467,0.6173490285873413,4.0,2024-07-18
bg_6716,0.8635504841804504,0.2906159460544586,0.5956213474273682,6.0,2024-07-18
bg_6724,0.704402506351471,0.2437197118997573,0.4937321245670318,5.0,2024-07-18
bg_6732,0.8806317448616028,0.2507274448871612,0.573003351688385,6.0,2024-07-18
bg_6744,0.8754152655601501,0.3246138989925384,0.6125691533088684,13.0,2024-07-18
bg_6918,0.7832979559898376,0.3299840986728668,0.6273008584976196,4.0,2024-07-18
bg_6950,0.9412490725517272,0.3159303963184356,0.6184400320053101,1.0,2024-07-18
bg_6955,0.8588052988052368,0.2723311483860016,0.5930680632591248,13.0,2024-07-18
bg_7006,0.8343716859817505,0.3892073631286621,0.6764784455299377,12.0,2024-07-18
bg_7115,0.8347877264022827,0.2256624698638916,0.5355798006057739,14.0,2024-07-18
bg_7122,0.8595438599586487,0.3202822804450989,0.630098283290863,12.0,2024-07-18
bg_7129,0.868925929069519,0.2801769077777862,0.5948867797851562,6.0,2024-07-18
bg_7155,0.7732143998146057,0.2249437719583511,0.5510700941085815,4.0,2024-07-18
bg_7184,0.8969980478286743,0.2833985388278961,0.6180408596992493,1.0,2024-07-18
bg_7246,0.8687412738800049,0.2944083213806152,0.6245352029800415,10.0,2024-07-18
bg_7322,0.8885370492935181,0.3180853724479675,0.6160576343536377,10.0,2024-07-18
bg_7364,0.8643844723701477,0.3322701454162597,0.6319851279258728,4.0,2024-07-18
bg_7371,0.8708148002624512,0.2622116506099701,0.5849143862724304,4.0,2024-07-18
bg_7396,0.7758834958076477,0.3270423710346222,0.562222957611084,4.0,2024-07-18
bg_7475,0.800865650177002,0.1654650270938873,0.4748463630676269,12.0,2024-07-18
bg_7519,0.8987993001937866,0.3436813354492187,0.6510066986083984,5.0,2024-07-18
bg_7521,0.6878268718719482,0.2811980843544006,0.5917184948921204,4.0,2024-07-18
bg_7544,0.657511293888092,0.2265124917030334,0.4989442527294159,18.0,2024-07-18
bg_7612,0.8829113841056824,0.3145282566547394,0.6245734095573425,13.0,2024-07-18
bg_7638,0.8406828045845032,0.3621839880943298,0.666320264339447,4.0,2024-07-18
bg_7670,0.8230584263801575,0.3005798459053039,0.5847148895263672,2.0,2024-07-18
bg_7682,0.860788881778717,0.3178294599056244,0.6263295412063599,5.0,2024-07-18
bg_7690,0.7984992861747742,0.2714951038360595,0.5814230442047119,4.0,2024-07-18
bg_7708,0.9131383895874025,0.2794054746627807,0.6220329999923706,5.0,2024-07-18
bg_7808,0.9134169816970824,0.2644371092319488,0.6006001234054565,6.0,2024-07-18
bg_7834,0.7028802037239075,0.2326230257749557,0.4755555093288421,20.0,2024-07-18
bg_7917,0.8797869086265564,0.3395302891731262,0.6528839468955994,10.0,2024-07-18
bg_7919,0.8021083474159241,0.2250116467475891,0.5432644486427307,10.0,2024-07-18
bg_7922,0.8610460758209229,0.2514435648918152,0.5812513828277588,1.0,2024-07-18
bg_7959,0.8603049516677856,0.2078830152750015,0.5468053221702576,5.0,2024-07-18
bg_7968,0.653743326663971,0.1806706041097641,0.4723939895629883,4.0,2024-07-18
bg_7973,0.824226438999176,0.2068623453378677,0.5045040249824524,10.0,2024-07-18
bg_7974,0.9086350202560424,0.3144747316837311,0.632161557674408,4.0,2024-07-18
bg_8013,0.7582264542579651,0.1044874861836433,0.3359275162220001,6.0,2024-07-18
bg_8061,0.6410325169563293,0.3423924446105957,0.574229896068573,2.0,2024-07-18
bg_8136,0.8659671545028687,0.2977833747863769,0.6054681539535522,10.0,2024-07-18
bg_8141,0.8002784848213196,0.2804829776287079,0.5911169052124023,16.0,2024-07-18
bg_8174,0.7202475070953369,0.3866375684738159,0.6247031092643738,2.0,2024-07-18
bg_8264,0.8819634914398193,0.311621755361557,0.6077322959899902,4.0,2024-07-18
bg_8275,0.8946882486343384,0.2388927489519119,0.5955299139022827,4.0,2024-07-18
bg_8346,0.7808140516281128,0.0099696340039372,0.3294147849082947,10.0,2024-07-18
bg_8349,0.8337231874465942,0.2947915196418762,0.5922324061393738,12.0,2024-07-18
bg_8353,0.7736765742301941,0.3171745240688324,0.5853164792060852,5.0,2024-07-18
bg_8379,0.8232500553131104,0.3153038024902344,0.6239929795265198,24.0,2024-07-18
bg_8387,0.7009037733078003,0.2411698251962661,0.5578286051750183,8.0,2024-07-18
bg_8392,0.8821777701377869,0.3289796113967895,0.6408120393753052,5.0,2024-07-18
bg_8410,0.8723462820053101,0.2490110248327255,0.5710774660110474,10.0,2024-07-18
bg_8419,0.890811026096344,0.280584305524826,0.6002389192581177,5.0,2024-07-18
bg_8471,,,,,2024-07-18
bg_8474,0.8717504143714905,0.2923813462257385,0.6183816194534302,5.0,2024-07-18
bg_8480,0.8245871663093567,0.2561326026916504,0.5564074516296387,5.0,2024-07-18
bg_8504,0.7339120507240295,0.3126302361488342,0.6034768223762512,10.0,2024-07-18
bg_8529,0.8717528581619263,0.3061418235301971,0.6243981719017029,10.0,2024-07-18
bg_8534,0.8519664406776428,0.3471455872058868,0.6427810788154602,12.0,2024-07-18
bg_8558,0.8656502962112427,0.3285647630691528,0.6320917010307312,5.0,2024-07-18
bg_8593,0.7583872675895691,0.2943008244037628,0.585399866104126,12.0,2024-07-18
bg_8616,0.8851963877677917,0.2731312215328216,0.5657345056533813,11.0,2024-07-18
bg_8621,0.6262934803962708,0.2948094606399536,0.5955923795700073,4.0,2024-07-18
bg_8703,0.873140275478363,0.2731439471244812,0.5747527480125427,10.0,2024-07-18
bg_8758,0.8394160270690918,0.2731291353702545,0.5906500816345215,5.0,2024-07-18
bg_8764,0.8844854831695557,0.3504649102687835,0.6545710563659668,22.0,2024-07-18
bg_8801,0.8447520732879639,0.2685194313526153,0.5852426886558533,4.0,2024-07-18
bg_8818,0.8820363283157349,0.3412406146526336,0.6555619239807129,4.0,2024-07-18
bg_8857,0.8199999928474426,0.2623525559902191,0.5833666324615479,5.0,2024-07-18
bg_8867,0.7986385226249695,0.2510034441947937,0.5623151659965515,12.0,2024-07-18
bg_8894,0.8709145188331604,0.3544565737247467,0.6636689901351929,24.0,2024-07-18
bg_8896,0.5476297736167908,0.1986013799905777,0.5117971301078796,1.0,2024-07-18
bg_8950,0.8660898208618164,0.2867391705513,0.6000194549560547,10.0,2024-07-18
bg_8964,0.911224603652954,0.2925925850868225,0.588526725769043,8.0,2024-07-18
bg_9000,0.8276728391647339,0.3564389646053314,0.6422043442726135,12.0,2024-07-18
bg_9067,0.8287385106086731,0.3160285353660583,0.6233937740325928,8.0,2024-07-18
bg_9098,0.4763526618480682,0.1376259624958038,0.3707451820373535,6.0,2024-07-18
bg_9100,0.67772376537323,0.2145281583070755,0.4489240348339081,12.0,2024-07-18
bg_9143,0.8740840554237366,0.2331352680921554,0.5822373032569885,2.0,2024-07-18
bg_9157,0.8590414524078369,0.3059156537055969,0.6151326894760132,12.0,2024-07-18
bg_9162,0.869012713432312,0.2796092629432678,0.6000000238418579,5.0,2024-07-18
bg_9199,0.8667304515838623,0.3149881362915039,0.6313188672065735,4.0,2024-07-18
bg_9207,0.863139808177948,0.3611748516559601,0.6800210475921631,12.0,2024-07-18
bg_9222,0.8835368156433105,0.344518780708313,0.648497998714447,6.0,2024-07-18
bg_9258,0.8772238492965698,0.3857659995555877,0.6795309782028198,12.0,2024-07-18
bg_9276,0.7763475775718689,0.3356890380382538,0.6112868189811707,11.0,2024-07-18
bg_9370,0.8041942715644836,0.2361622899770736,0.5359065532684326,8.0,2024-07-18
bg_9406,0.9069599509239196,0.4007947146892547,0.6995018720626831,1.0,2024-07-18
bg_9408,0.7867590188980103,0.2318491637706756,0.5108261108398438,14.0,2024-07-18
bg_9451,0.799424409866333,0.2167664617300033,0.5223824381828308,1.0,2024-07-18
bg_9463,0.0071450970135629,-0.0778418853878974,-0.0207229722291231,4.0,2024-07-18
bg_9475,0.8702123761177063,0.2055792510509491,0.5399260520935059,10.0,2024-07-18
bg_9500,0.8458111882209778,0.2919491827487945,0.5884010791778564,12.0,2024-07-18
bg_9524,0.8773130774497986,0.3047921061515808,0.6280500888824463,1.0,2024-07-18
bg_9537,0.899552583694458,0.3815644681453705,0.6922377347946167,4.0,2024-07-18
bg_9543,0.9057954549789428,0.3642975091934204,0.6735604405403137,1.0,2024-07-18
bg_9549,0.8356253504753113,0.3250564336776733,0.637418806552887,10.0,2024-07-18
bg_9555,0.8878867626190186,0.3569817841053009,0.6550081968307495,2.0,2024-07-18
bg_9577,0.8091807961463928,0.3115803897380829,0.5989383459091187,4.0,2024-07-18
bg_9590,0.814372181892395,0.3104037940502167,0.6081793308258057,12.0,2024-07-18
bg_9623,0.8349721431732178,0.2772266268730163,0.6004154086112976,4.0,2024-07-18
bg_9643,0.9017472863197328,0.3127645850181579,0.6186556816101074,8.0,2024-07-18
bg_9729,0.8731746673583984,0.308515191078186,0.6159881949424744,6.0,2024-07-18
bg_9852,0.9032425880432128,0.3551446497440338,0.6687657237052917,8.0,2024-07-18
bg_9860,0.8685376048088074,0.3308488428592682,0.624022364616394,4.0,2024-07-18
bg_9965,0.9006844758987427,0.3279338479042053,0.624518871307373,8.0,2024-07-18
bg_10061,0.8677858710289001,0.3560866117477417,0.6428931355476379,12.0,2024-07-18
bg_10113,0.909528374671936,0.2810864448547363,0.5882244110107422,7.0,2024-07-18
bg_10159,0.8177469372749329,0.3322275578975677,0.6188235282897949,5.0,2024-07-18
bg_10250,0.658803403377533,0.3550314605236053,0.590760350227356,3.0,2024-07-18
bg_10251,0.842629611492157,0.3058634400367737,0.6120980978012085,8.0,2024-07-18
bg_10276,0.8630714416503906,0.3351790904998779,0.65818852186203,18.0,2024-07-18
bg_10324,0.793516218662262,0.3132731914520263,0.6142557263374329,12.0,2024-07-18
bg_10367,0.5777938365936279,0.1616737991571426,0.3907086253166199,2.0,2024-07-18
bg_10426,0.9162893891334534,0.3361891210079193,0.6488617062568665,8.0,2024-07-18
bg_10435,0.8759047389030457,0.3318590223789215,0.6413076519966125,10.0,2024-07-18
bg_10503,0.9000826478004456,0.278399109840393,0.5950896739959717,4.0,2024-07-18
bg_10523,0.8382383584976196,0.3015975654125213,0.6077060103416443,6.0,2024-07-18
bg_10532,0.8804903626441956,0.2373523861169815,0.5773577690124512,10.0,2024-07-18
bg_10541,0.8721730709075928,0.2812920808792114,0.5953079462051392,1.0,2024-07-18
bg_10569,0.889776349067688,0.3793619871139526,0.6895982623100281,5.0,2024-07-18
bg_10626,0.8940869569778442,0.2431727349758148,0.580704391002655,12.0,2024-07-18
bg_10652,0.8868640661239624,0.3207630813121795,0.6277257204055786,6.0,2024-07-18
bg_10663,0.8086152076721191,0.384836733341217,0.6543699502944946,3.0,2024-07-18
bg_10696,0.7785655856132507,0.2353755682706833,0.5475867390632629,16.0,2024-07-18
bg_10704,0.858591616153717,0.2067455500364303,0.5206570625305176,8.0,2024-07-18
bg_10775,0.7613345980644226,0.2600482702255249,0.528282105922699,2.0,2024-07-18
bg_10784,0.7536323070526123,0.3696997761726379,0.6396964192390442,6.0,2024-07-18
bg_10792,0.4881791770458221,0.2591634392738342,0.5498207807540894,3.0,2024-07-18
bg_10817,0.8580681085586548,0.2738188207149505,0.6078688502311707,10.0,2024-07-18
bg_10824,0.8540663123130798,0.2856484949588775,0.591275155544281,8.0,2024-07-18
bg_10840,0.8252999782562256,0.1957678645849228,0.4674176275730133,4.0,2024-07-18
bg_10889,0.8780003786087036,0.3086896240711212,0.6314573287963867,12.0,2024-07-18
bg_10920,0.889526903629303,0.3124648928642273,0.6145484447479248,12.0,2024-07-18
bg_10986,0.9125177264213562,0.3339144587516784,0.6538362503051758,6.0,2024-07-18
bg_11012,0.8640775084495544,0.3045514523983001,0.5992335081100464,8.0,2024-07-18
bg_11049,0.6717813014984131,0.2882614433765411,0.554550051689148,4.0,2024-07-18
bg_11085,0.7415463328361511,0.1923644840717315,0.4597649872303009,24.0,2024-07-18
bg_11107,0.7216007709503174,0.2965807020664215,0.6023738980293274,4.0,2024-07-18
bg_11153,0.8895301222801208,0.318912535905838,0.6304571628570557,12.0,2024-07-18
bg_11158,0.7974140048027039,0.2700046300888061,0.5735301375389099,4.0,2024-07-18
bg_11239,0.8841619491577148,0.3283504545688629,0.637419581413269,8.0,2024-07-18
bg_11247,0.8983252048492432,0.3176522850990295,0.6172345876693726,6.0,2024-07-18
bg_11359,0.8848419189453125,0.2818445265293121,0.5903494954109192,10.0,2024-07-18
bg_11378,0.9020574688911438,0.3584040999412536,0.6441463232040405,7.0,2024-07-18
bg_11413,0.8690940737724304,0.2571428418159485,0.5789880156517029,5.0,2024-07-18
bg_11430,0.8472182154655457,0.2943742275238037,0.6100934743881226,8.0,2024-07-18
bg_11435,0.861384391784668,0.2819269597530365,0.5901822447776794,4.0,2024-07-18
bg_11444,0.9123655557632446,0.3683288395404815,0.6630144119262695,8.0,2024-07-18
bg_11463,0.7243874669075012,0.1961064785718917,0.4919361174106598,8.0,2024-07-18
bg_11475,0.8566015362739563,0.3432896435260772,0.6260862350463867,8.0,2024-07-18
bg_11511,0.901515007019043,0.2861637771129608,0.6069989800453186,8.0,2024-07-18
bg_11517,0.8100456595420837,0.2805587947368622,0.5797788500785828,5.0,2024-07-18
bg_11520,0.8454512357711792,0.2643176913261413,0.5788664817810059,12.0,2024-07-18
bg_11530,0.8939712643623352,0.3610049188137054,0.6569148898124695,13.0,2024-07-18
bg_11565,0.7861920595169067,0.2913886308670044,0.5959233045578003,8.0,2024-07-18
bg_11615,0.7815174460411072,0.2048653811216354,0.4979431331157684,12.0,2024-07-18
bg_11625,0.9061503410339355,0.3162524402141571,0.6151737570762634,6.0,2024-07-18
bg_11662,0.8355712890625,0.4357840418815613,0.7039142847061157,5.0,2024-07-18
bg_11718,0.8760848641395569,0.357878178358078,0.6792951226234436,15.0,2024-07-18
bg_11744,0.6502808332443237,0.2472972422838211,0.5086438059806824,16.0,2024-07-18
bg_11763,0.8525108695030212,0.2908712327480316,0.6080837845802307,6.0,2024-07-18
bg_11766,0.8279497623443604,0.2775657773017883,0.5901039242744446,2.0,2024-07-18
bg_11797,0.8677375912666321,0.2890025675296783,0.6283847093582153,7.0,2024-07-18
bg_11970,0.8325562477111816,0.2663193345069885,0.5889251828193665,13.0,2024-07-18
bg_12009,0.6648377180099487,0.2755149900913238,0.5272922515869141,2.0,2024-07-18
bg_12020,0.7951748967170715,0.3570318818092346,0.6221005320549011,4.0,2024-07-18
bg_12039,0.7556052803993225,0.2937428057193756,0.586743175983429,6.0,2024-07-18
bg_12072,0.8797816634178162,0.3150537014007568,0.6201321482658386,10.0,2024-07-18
bg_12112,0.9208565354347228,0.3206132054328918,0.6450799107551575,6.0,2024-07-18
bg_12136,0.8582974076271057,0.387379914522171,0.694301962852478,6.0,2024-07-18
bg_12152,0.8540070056915283,0.3148542046546936,0.6339772343635559,6.0,2024-07-18
bg_12157,0.735328197479248,0.4146035611629486,0.6583601236343384,2.0,2024-07-18
bg_12183,0.8696082234382629,0.345416784286499,0.6161245703697205,8.0,2024-07-18
bg_12232,0.876015841960907,0.2824506759643554,0.5617318749427795,12.0,2024-07-18
bg_12263,0.8746001124382019,0.2523253262042999,0.5490247011184692,7.0,2024-07-18
bg_12424,0.8355992436408997,0.3112169504165649,0.6319171190261841,5.0,2024-07-18
bg_12506,0.8980494141578674,0.2990387976169586,0.6138876676559448,1.0,2024-07-18
bg_12507,0.5641966462135315,0.3333333134651184,0.5605133175849915,9.0,2024-07-18
bg_12550,0.87222820520401,0.2804335653781891,0.6023046374320984,12.0,2024-07-18
bg_12646,0.8461538553237915,0.2405063509941101,0.5902637243270874,5.0,2024-07-18
bg_12660,0.703369677066803,0.3071149885654449,0.5790668725967407,4.0,2024-07-18
bg_12671,0.881191611289978,0.2592592537403106,0.5805687308311462,5.0,2024-07-18
bg_12716,0.8625240325927734,0.3044482767581939,0.60494464635849,5.0,2024-07-18
bg_12812,0.8855183124542236,0.2915413677692413,0.6211416721343994,10.0,2024-07-18
bg_12815,0.9172239303588868,0.3714285492897033,0.6776846051216125,3.0,2024-07-18
bg_12832,0.7760342359542847,0.2861866950988769,0.6007616519927979,7.0,2024-07-18
bg_12848,0.892625629901886,0.376653641462326,0.6782384514808655,2.0,2024-07-18
bg_12908,0.8688283562660217,0.2922169864177704,0.6204073429107666,4.0,2024-07-18
bg_12916,0.9134919047355652,0.3577097058296203,0.6591480374336243,12.0,2024-07-18
bg_12945,0.8056155443191528,0.2916949689388275,0.6225128173828125,3.0,2024-07-18
bg_12946,0.7942201495170593,0.2687771916389465,0.5799699425697327,4.0,2024-07-18
bg_12990,0.8979365825653076,0.3264758288860321,0.6317463517189026,6.0,2024-07-18
bg_13010,0.897142767906189,0.2695346176624298,0.582554817199707,10.0,2024-07-18
bg_13020,0.7504758238792419,0.3379532098770141,0.5952863097190857,2.0,2024-07-18
bg_13051,0.8619341254234314,0.2452297955751419,0.5487955212593079,6.0,2024-07-18
bg_13132,0.8123317360877991,0.0991078317165374,0.3602747321128845,8.0,2024-07-18
bg_13162,0.6507042050361633,0.2528059780597687,0.4574093222618103,3.0,2024-07-18
bg_13237,0.8937376737594604,0.2581151127815246,0.5772847533226013,12.0,2024-07-18
bg_13317,0.8947368264198303,0.3032229542732239,0.6444689035415649,3.0,2024-07-18
bg_13353,0.8781163692474365,0.2454932779073715,0.5606983304023743,7.0,2024-07-18
bg_13377,0.9283867478370668,0.3740166127681732,0.6793789267539978,2.0,2024-07-18
bg_13386,0.8932145237922668,0.3633143901824951,0.6771072745323181,2.0,2024-07-18
bg_13422,0.891250729560852,0.2797008752822876,0.5805529952049255,10.0,2024-07-18
bg_13451,0.8561877012252808,0.3073945045471191,0.6316992044448853,4.0,2024-07-18
bg_13468,0.8017817139625549,0.2936170101165771,0.5929116606712341,9.0,2024-07-18
bg_13489,0.8877257108688354,0.2775082290172577,0.609018087387085,12.0,2024-07-18
bg_13531,0.8898823261260986,0.2588045299053192,0.5973759889602661,11.0,2024-07-18
bg_13565,0.7012605667114258,0.2887653708457947,0.5477231740951538,8.0,2024-07-18
bg_13731,0.6233675479888916,0.1082295849919319,0.3364812135696411,4.0,2024-07-18
bg_13766,0.8828877806663513,0.3363576233386993,0.6388692259788513,14.0,2024-07-18
bg_13798,0.647929847240448,0.1123674735426902,0.3276191651821136,12.0,2024-07-18
bg_13819,0.8847612142562866,0.4053137600421905,0.691731870174408,3.0,2024-07-18
bg_13836,0.8817875981330872,0.2866266667842865,0.6050732135772705,18.0,2024-07-18
bg_13855,0.8823164105415344,0.3176136612892151,0.6432176828384399,6.0,2024-07-18
bg_13876,0.8838295936584473,0.2766117751598358,0.5958596467971802,4.0,2024-07-18
bg_13886,0.8432984352111816,0.2514437735080719,0.5571653842926025,8.0,2024-07-18
bg_13889,0.8659678101539612,0.3731639087200165,0.6577007174491882,5.0,2024-07-18
bg_13966,0.852090060710907,0.2532955706119537,0.560072124004364,5.0,2024-07-18
bg_13973,0.8894312381744385,0.250361829996109,0.5688538551330566,18.0,2024-07-18
bg_13985,0.8980627655982971,0.3649839162826538,0.671513557434082,10.0,2024-07-18
bg_13986,0.8549492955207825,0.320316344499588,0.620093047618866,10.0,2024-07-18
bg_14048,0.8973808288574219,0.2694022357463836,0.588399350643158,12.0,2024-07-18
bg_14130,0.8665145635604858,0.3712635934352875,0.6719468832015991,5.0,2024-07-18
bg_14131,0.9022711515426636,0.4358441531658172,0.7264209985733032,5.0,2024-07-18
bg_14147,0.6597608327865601,0.2766675055027008,0.4551014304161072,2.0,2024-07-18
bg_14148,0.8469192981719971,0.3286875188350677,0.6436720490455627,12.0,2024-07-18
bg_14156,0.7984575033187866,0.3241252303123474,0.6358232498168945,10.0,2024-07-18
bg_14196,0.8633353114128113,0.3329470753669739,0.6263316869735718,12.0,2024-07-18
bg_14249,0.8532135486602783,0.2510254681110382,0.5896735787391663,14.0,2024-07-18
bg_14287,0.8632417321205139,0.359895646572113,0.6549871563911438,10.0,2024-07-18
bg_14289,0.897602379322052,0.312272846698761,0.6352910995483398,12.0,2024-07-18
bg_14348,0.8604334592819214,0.2604434490203857,0.5795453786849976,8.0,2024-07-18
bg_14352,0.8946545720100403,0.2981119751930237,0.6192324757575989,6.0,2024-07-18
bg_14366,0.5521658062934875,0.1563718467950821,0.3407711088657379,2.0,2024-07-18
bg_14500,0.824682891368866,0.3120603561401367,0.6008289456367493,6.0,2024-07-18
bg_14517,0.8836871385574341,0.3265886604785919,0.6482415199279785,10.0,2024-07-18
bg_14539,0.8453798890113831,0.3189639449119568,0.6520988941192627,10.0,2024-07-18
bg_14572,0.635075032711029,0.1162413656711578,0.3948604464530945,4.0,2024-07-18
bg_14612,,,,,2024-07-18
bg_14663,0.9046688079833984,0.3483301699161529,0.6812160611152649,5.0,2024-07-18
bg_14672,0.8806427121162415,0.3177842497825622,0.6470850706100464,5.0,2024-07-18
bg_14748,0.7834578156471252,0.2227512001991272,0.5004830956459045,8.0,2024-07-18
bg_14770,0.7812981009483337,0.2541233003139496,0.5493570566177368,5.0,2024-07-18
bg_14858,0.8789433240890503,0.2825630009174347,0.5704008340835571,3.0,2024-07-18
bg_14978,0.87680983543396,0.2654657363891601,0.5614202618598938,2.0,2024-07-18
bg_14980,0.8623307943344116,0.2500171661376953,0.5642238259315491,14.0,2024-07-18
bg_15063,0.8280656337738037,0.2897349596023559,0.6299450993537903,2.0,2024-07-18
bg_15096,0.8844532370567322,0.3225082159042358,0.6247878074645996,5.0,2024-07-18
bg_15103,0.6819515824317932,0.1013023480772972,0.3039052784442901,8.0,2024-07-18
bg_15118,0.8844617605209351,0.3531164228916168,0.6615552306175232,8.0,2024-07-18
bg_15191,0.8550520539283752,0.2512735724449157,0.5584617257118225,10.0,2024-07-18
bg_15217,0.2443453222513198,-0.0863157957792282,0.0640152469277381,1.0,2024-07-18
bg_15235,0.7137080430984497,0.2746268808841705,0.5432482957839966,3.0,2024-07-18
bg_15250,0.8553944230079651,0.3234158158302307,0.6464447975158691,12.0,2024-07-18
bg_15261,0.8690928816795349,0.2730114459991455,0.6006208062171936,2.0,2024-07-18
bg_15284,0.8993313908576965,0.2531006634235382,0.5759298801422119,4.0,2024-07-18
bg_15296,0.8370816111564636,0.2926525473594665,0.5881196856498718,4.0,2024-07-18
bg_15321,0.8715829849243164,0.2972214818000793,0.6308193802833557,8.0,2024-07-18
bg_15337,0.840916097164154,0.3449349105358124,0.6226981282234192,5.0,2024-07-18
bg_15412,0.8310115933418274,0.176579013466835,0.4990045726299286,6.0,2024-07-18
bg_15433,0.8485233783721924,0.2577259242534637,0.5890817642211914,12.0,2024-07-18
bg_15437,0.7246935367584229,0.1341001689434051,0.3195164799690246,10.0,2024-07-18
bg_15450,0.87424635887146,0.2920551896095276,0.629552960395813,9.0,2024-07-18
bg_15472,0.4982317984104156,0.1719021797180175,0.4474018216133117,4.0,2024-07-18
bg_15474,0.8444687724113464,0.2424771785736084,0.570166826248169,11.0,2024-07-18
bg_15498,0.8746580481529236,0.2467747181653976,0.5215986967086792,7.0,2024-07-18
bg_15534,0.669633150100708,0.1910845339298248,0.436616986989975,24.0,2024-07-18
bg_15544,0.8852285742759705,0.1889810264110565,0.52687007188797,14.0,2024-07-18
bg_15555,0.8796719312667847,0.2203683108091354,0.5522559285163879,8.0,2024-07-18
bg_15566,0.8511160016059875,0.2777684926986694,0.6176773905754089,6.0,2024-07-18
bg_15617,0.6809929013252258,0.2206375449895858,0.5308656692504883,12.0,2024-07-18
bg_15629,0.8482875823974609,0.3320181369781494,0.6402689218521118,4.0,2024-07-18
bg_15746,0.8694828152656555,0.223029226064682,0.5443823933601379,5.0,2024-07-18
bg_15765,0.879776656627655,0.271988183259964,0.601722776889801,2.0,2024-07-18
bg_15767,0.8262434005737305,0.2786665558815002,0.5804464817047119,8.0,2024-07-18
bg_15786,0.8903344869613647,0.3028208613395691,0.6057841777801514,4.0,2024-07-18
bg_15838,0.8752214312553406,0.3218681514263153,0.6230627298355103,8.0,2024-07-18
bg_15839,0.7288130521774292,0.3025107979774475,0.5742823481559753,8.0,2024-07-18
bg_15873,0.8573117256164551,0.3339726030826568,0.6347671151161194,10.0,2024-07-18
bg_15876,0.9044398665428162,0.3138314485549927,0.6228862404823303,8.0,2024-07-18
bg_15957,0.7954635620117188,0.3096549808979034,0.6273248195648193,4.0,2024-07-18
bg_16344,0.6660179495811462,0.0801432430744171,0.3490199446678161,6.0,2024-07-18
bg_16364,0.8832786679267883,0.2683644890785217,0.6201579570770264,5.0,2024-07-18
bg_16384,0.4932636320590973,0.1775855720043182,0.3877069056034088,2.0,2024-07-18
bg_16416,0.7083825469017029,0.1790161281824112,0.4936643540859222,7.0,2024-07-18
bg_16513,0.8980405926704407,0.2641590535640716,0.5871952176094055,8.0,2024-07-18
bg_16547,0.8558639883995056,0.2140474915504455,0.5337955355644226,8.0,2024-07-18
bg_16557,0.8701562285423279,0.2940034866333008,0.6364240646362305,10.0,2024-07-18
bg_16596,0.878734290599823,0.2954477965831756,0.6023346781730652,10.0,2024-07-18
bg_16636,0.8828651905059814,0.302837073802948,0.6024211645126343,8.0,2024-07-18
bg_16716,0.857732892036438,0.2463856041431427,0.5549412369728088,8.0,2024-07-18
bg_16733,0.8560693860054016,0.2504010200500488,0.5868544578552246,3.0,2024-07-18
bg_16743,0.8090177774429321,0.2134743928909301,0.5238635540008545,8.0,2024-07-18
bg_16746,0.5525322556495667,0.2426897287368774,0.4611907601356506,8.0,2024-07-18
bg_16779,0.8693076968193054,0.3131313323974609,0.6307998895645142,14.0,2024-07-18
bg_16781,0.8382843136787415,0.1979701668024063,0.5203028917312622,6.0,2024-07-18
bg_16837,0.8832291960716248,0.314439058303833,0.620760977268219,1.0,2024-07-18
bg_16895,0.7673367261886597,0.2183471918106079,0.5249285697937012,4.0,2024-07-18
bg_16905,0.9027454257011414,0.326252818107605,0.6436280608177185,8.0,2024-07-18
bg_16910,0.9291696548461914,0.2982882261276245,0.6090999841690063,8.0,2024-07-18
bg_16983,0.8692905902862549,0.2570932507514953,0.5969030857086182,12.0,2024-07-18
bg_17104,0.9003578424453735,0.2658599317073822,0.6082281470298767,3.0,2024-07-18
bg_17138,0.8651626706123352,0.2799279987812042,0.6071428656578064,3.0,2024-07-18
bg_17141,0.7520400285720825,0.2798191010951996,0.522316038608551,9.0,2024-07-18
bg_17214,0.8095781207084656,0.2516660392284393,0.5360140204429626,8.0,2024-07-18
bg_17246,0.8653993010520935,0.3152940273284912,0.6222404837608337,10.0,2024-07-18
bg_17263,0.8722453117370605,0.3316728472709656,0.6299460530281067,12.0,2024-07-18
bg_17388,0.8861989974975586,0.3193421959877014,0.6400142312049866,6.0,2024-07-18
bg_17416,0.2286668568849563,0.0209650713950395,0.1078860834240913,11.0,2024-07-18
bg_17421,0.8131030797958374,0.2895037531852722,0.6016260981559753,6.0,2024-07-18
bg_17449,0.6518778204917908,0.1228354945778846,0.4165624380111694,12.0,2024-07-18
bg_17500,0.8663946986198425,0.2677519917488098,0.5947955250740051,5.0,2024-07-18
bg_17513,0.7845365405082703,0.2856337428092956,0.5966253280639648,6.0,2024-07-18
bg_17569,0.8667809367179871,0.2411337941884994,0.5424997806549072,4.0,2024-07-18
bg_17598,0.9299672245979308,0.3443776071071625,0.6533787846565247,2.0,2024-07-18
bg_17602,0.8266239762306213,0.2610423266887665,0.5681068897247314,4.0,2024-07-18
bg_17653,0.909639298915863,0.4160380363464355,0.677878201007843,6.0,2024-07-18
bg_17706,0.8640670776367188,0.3450838029384613,0.6364810466766357,6.0,2024-07-18
bg_17712,0.7919341325759888,0.3088379204273224,0.600762665271759,2.0,2024-07-18
bg_17729,0.8111587762832642,0.3019335865974426,0.6015180349349976,5.0,2024-07-18
bg_17764,0.8473681211471558,0.2512803971767425,0.5910863280296326,12.0,2024-07-18
bg_17796,0.8024796843528748,0.2867705225944519,0.5902776718139648,6.0,2024-07-18
bg_17807,0.8140179514884949,0.1616808474063873,0.4796385765075683,4.0,2024-07-18
bg_17818,,,,,2024-07-18
bg_17835,0.7282596230506897,0.2320860773324966,0.491202712059021,12.0,2024-07-18
bg_17907,0.9085944294929504,0.2956419587135315,0.626255214214325,3.0,2024-07-18
bg_17914,0.7180862426757812,0.2948660850524902,0.6064610481262207,5.0,2024-07-18
bg_17934,0.9015430212020874,0.3303724527359009,0.6453856825828552,10.0,2024-07-18
bg_17986,0.6881338357925415,0.3060888051986694,0.6076260209083557,6.0,2024-07-18
bg_17997,0.8809013366699219,0.3205060362815857,0.6511003375053406,8.0,2024-07-18
bg_18096,0.9047977924346924,0.3468919992446899,0.6659034490585327,10.0,2024-07-18
bg_18147,0.881489098072052,0.3366343677043915,0.6530804634094238,6.0,2024-07-18
bg_18148,0.8832303881645203,0.2959202229976654,0.6175433993339539,2.0,2024-07-18
bg_18163,0.8622505068778992,0.1792245805263519,0.4863387942314148,2.0,2024-07-18
bg_18172,0.8911728262901306,0.351182222366333,0.6458930373191833,10.0,2024-07-18
bg_18181,0.9194945693016052,0.3233690559864044,0.6124943494796753,8.0,2024-07-18
bg_18214,0.8856179714202881,0.2886722385883331,0.6046118140220642,12.0,2024-07-18
bg_18267,0.8548707962036133,0.2146106958389282,0.5141792297363281,3.0,2024-07-18
bg_18302,0.4103685021400451,0.3067129552364349,0.4683791100978851,3.0,2024-07-18
bg_18306,0.855338454246521,0.3595458567142486,0.6615711450576782,2.0,2024-07-18
bg_18387,0.2347048819065094,-0.0622906610369682,0.0979289263486862,14.0,2024-07-18
bg_18440,0.7361630797386169,0.2652471959590912,0.5370376706123352,6.0,2024-07-18
bg_18445,0.8525118231773376,0.2952461242675781,0.576583206653595,10.0,2024-07-18
bg_18449,0.8116683959960938,0.310030847787857,0.5720831751823425,13.0,2024-07-18
bg_18451,0.8535242080688477,0.320252776145935,0.6225109696388245,10.0,2024-07-18
bg_18458,0.6124451756477356,0.2064603120088577,0.4340009391307831,10.0,2024-07-18
bg_18485,0.7435075044631958,0.2564435303211212,0.5588629245758057,8.0,2024-07-18
bg_18487,0.8644875288009644,0.2484116852283477,0.5596163272857666,10.0,2024-07-18
bg_18512,0.8269180059432983,0.1565959900617599,0.4563688933849334,10.0,2024-07-18
bg_18547,0.8858287334442139,0.3315429091453552,0.6421739459037781,8.0,2024-07-18
bg_18574,0.8231456875801086,0.3767955899238586,0.6540990471839905,5.0,2024-07-18
bg_18602,0.8871103525161743,0.1822565048933029,0.5111311078071594,5.0,2024-07-18
bg_18657,0.8450043797492981,0.2221183627843856,0.5318939089775085,8.0,2024-07-18
bg_18714,0.7763414978981018,0.2888641655445099,0.5862153768539429,14.0,2024-07-18
bg_18721,0.8785836696624756,0.3350512981414795,0.6504051089286804,12.0,2024-07-18
bg_18741,0.8060079216957092,0.3432557880878448,0.620429515838623,4.0,2024-07-18
bg_18751,0.8893803358078003,0.3638201057910919,0.6745452284812927,2.0,2024-07-18
bg_18853,0.8527993559837341,0.2842726409435272,0.6082056760787964,8.0,2024-07-18
bg_18891,0.7488191723823547,0.2101138979196548,0.4546303749084472,6.0,2024-07-18
bg_18938,0.8746153712272644,0.280299961566925,0.5846179127693176,3.0,2024-07-18
bg_19096,0.7896064519882202,0.2487140744924545,0.5292266607284546,12.0,2024-07-18
bg_19113,0.8781248331069946,0.2927024960517883,0.5950394868850708,8.0,2024-07-18
bg_19141,0.8706302642822266,0.2233395427465438,0.5419915318489075,8.0,2024-07-18
bg_19149,0.7418458461761475,0.2186675071716308,0.4923942387104034,8.0,2024-07-18
bg_19181,0.7871121764183044,0.2409273087978363,0.5101920366287231,3.0,2024-07-18
bg_19199,0.8867164254188538,0.3146387636661529,0.6364919543266296,10.0,2024-07-18
bg_19200,0.888776421546936,0.4124282896518707,0.7019211053848267,4.0,2024-07-18
bg_19235,0.927015781402588,0.3204682469367981,0.6344967484474182,12.0,2024-07-18
bg_19238,0.7850378155708313,0.3191336393356323,0.6043385863304138,16.0,2024-07-18
bg_19264,0.808492124080658,0.2485065758228302,0.5842058658599854,8.0,2024-07-18
bg_19303,0.8860510587692261,0.3354352712631225,0.6666666865348816,5.0,2024-07-18
bg_19312,0.8038842678070068,0.3049862086772918,0.5732079148292542,16.0,2024-07-18
bg_19333,0.8066242337226868,0.2476822733879089,0.5213540196418762,10.0,2024-07-18
bg_19370,0.8864853978157043,0.2959529459476471,0.606090784072876,6.0,2024-07-18
bg_19391,0.8649756908416748,0.2412753701210022,0.5756793022155762,8.0,2024-07-18
bg_19492,0.9153010249137878,0.3186995089054107,0.6571201086044312,8.0,2024-07-18
bg_19572,0.894440233707428,0.3400231003761291,0.6341426968574524,4.0,2024-07-18
bg_19576,0.6664329767227173,0.2700348496437073,0.5297495126724243,12.0,2024-07-18
bg_19593,0.8313841223716736,0.2535679340362549,0.5612303614616394,10.0,2024-07-18
bg_19651,0.8554753661155701,0.2763375639915466,0.5797427892684937,10.0,2024-07-18
bg_19658,0.865530788898468,0.2944882810115814,0.612326979637146,10.0,2024-07-18
bg_19676,0.905235767364502,0.3619891107082367,0.6686222553253174,6.0,2024-07-18
bg_19730,0.798852801322937,0.3815313875675201,0.6792490482330322,3.0,2024-07-18
bg_19764,0.7238689661026001,0.2263176143169403,0.5532323122024536,9.0,2024-07-18
bg_19778,0.7521319389343262,0.1729556620121002,0.4762694239616394,8.0,2024-07-18
bg_19835,0.909253716468811,0.3114993870258331,0.6281473636627197,12.0,2024-07-18
bg_19842,0.9015079140663148,0.3111873865127563,0.6277778148651123,3.0,2024-07-18
bg_19874,0.8191139698028564,0.2743253707885742,0.5589276552200317,4.0,2024-07-18
bg_19929,0.914076805114746,0.3758212924003601,0.6970576047897339,5.0,2024-07-18
bg_19946,0.882479190826416,0.2682752311229706,0.6021314263343811,7.0,2024-07-18
bg_20016,0.811378002166748,0.1839229464530944,0.5090909600257874,12.0,2024-07-18
bg_20067,0.8444924354553223,0.3433026969432831,0.6546929478645325,5.0,2024-07-18
bg_20083,0.7776162624359131,0.1347715109586715,0.4533571004867553,1.0,2024-07-18
bg_20149,0.9019030332565308,0.3572419583797455,0.6457568407058716,8.0,2024-07-18
bg_20219,0.8812989592552185,0.3065826594829559,0.6269015073776245,5.0,2024-07-18
bg_20222,0.8974280953407288,0.3271157145500183,0.6519432663917542,8.0,2024-07-18
bg_20235,0.2797083854675293,0.055099181830883,0.1889817118644714,1.0,2024-07-18
bg_20336,0.8727242350578308,0.2873835265636444,0.6163396239280701,14.0,2024-07-18
bg_20366,0.8735766410827637,0.2362211644649505,0.5302509069442749,8.0,2024-07-18
bg_20367,0.8074482679367065,0.2759493589401245,0.5574043393135071,1.0,2024-07-18
bg_20595,0.8787428736686707,0.3125864267349243,0.6397129893302917,3.0,2024-07-18
bg_20608,0.8562537431716919,0.25274857878685,0.5444145798683167,10.0,2024-07-18
bg_20630,0.8504868149757385,0.2532292902469635,0.5631462931632996,10.0,2024-07-18
bg_20671,0.7125808596611023,0.1368450075387954,0.4200412929058075,8.0,2024-07-18
bg_20682,0.6269173622131348,0.2603005170822143,0.5166051387786865,3.0,2024-07-18
bg_20726,0.9120718836784364,0.3066940307617187,0.6186482906341553,8.0,2024-07-18
bg_20735,0.8307692408561707,0.2803103625774383,0.5381627678871155,15.0,2024-07-18
bg_20756,0.9104019403457642,0.3276650309562683,0.6390621662139893,8.0,2024-07-18
bg_20759,0.5423519611358643,0.1984684467315673,0.4161016345024109,10.0,2024-07-18
bg_20771,0.9057625532150269,0.2963142693042755,0.6159772872924805,16.0,2024-07-18
bg_20825,0.4985239505767822,0.0469981133937835,0.2102059721946716,8.0,2024-07-18
bg_20894,0.8541964292526245,0.3412112295627594,0.6416561007499695,5.0,2024-07-18
bg_20902,0.8838101625442505,0.2948717772960663,0.6097086071968079,4.0,2024-07-18
bg_20939,0.849329948425293,0.251163899898529,0.5548111796379089,7.0,2024-07-18
bg_20980,0.8956129550933838,0.3459333181381225,0.6524654626846313,8.0,2024-07-18
bg_20995,0.7809826731681824,0.3414458632469177,0.6220324635505676,8.0,2024-07-18
bg_21002,0.8913081288337708,0.3242174685001373,0.6412707567214966,8.0,2024-07-18
bg_21024,0.8977019786834717,0.3360261023044586,0.6757686734199524,3.0,2024-07-18
bg_21074,0.7422086596488953,0.2714255750179291,0.5584820508956909,10.0,2024-07-18
bg_21168,0.8647427558898926,0.3505878746509552,0.6407318711280823,20.0,2024-07-18
bg_21173,0.8271409869194031,0.3157252669334411,0.6146392822265625,8.0,2024-07-18
bg_21190,0.8995248079299927,0.3721055388450622,0.6625074148178101,5.0,2024-07-18
bg_21226,0.4946214854717254,0.010257557965815,0.2456714063882827,12.0,2024-07-18
bg_21227,,,,,2024-07-18
bg_21300,0.8754636645317078,0.2836173474788666,0.5948625206947327,5.0,2024-07-18
bg_21343,0.7651059627532959,0.1928533911705017,0.4918464124202728,6.0,2024-07-18
bg_21390,0.8358725905418396,0.2924850881099701,0.61400306224823,5.0,2024-07-18
bg_21398,0.7076794505119324,0.2503256201744079,0.4977494776248932,4.0,2024-07-18
bg_21408,0.8893584609031677,0.3202890455722809,0.622695803642273,12.0,2024-07-18
bg_21443,0.7102904319763184,0.0478910356760025,0.3906705379486084,1.0,2024-07-18
bg_21465,0.8994391560554504,0.3082578778266907,0.6154863834381104,2.0,2024-07-18
bg_21475,0.923596441745758,0.3866666555404663,0.6865925192832947,3.0,2024-07-18
bg_21478,0.916455090045929,0.3496818244457245,0.6617618799209595,3.0,2024-07-18
bg_21491,0.8310189843177795,0.3009880483150482,0.6255889534950256,6.0,2024-07-18
bg_21513,0.767224907875061,0.251411497592926,0.5713094472885132,5.0,2024-07-18
bg_21553,0.8713945746421814,0.2626931667327881,0.5947955250740051,9.0,2024-07-18
bg_21591,0.8385410308837891,0.2725305557250976,0.5659151673316956,6.0,2024-07-18
bg_21597,0.9198065400123596,0.2975905537605285,0.6154605150222778,14.0,2024-07-18
bg_21602,0.8709677457809448,0.3833605051040649,0.6911321878433228,5.0,2024-07-18
bg_21613,0.8747491836547852,0.3261080682277679,0.6176785230636597,2.0,2024-07-18
bg_21635,0.8985382914543152,0.3474369347095489,0.6514585018157959,1.0,2024-07-18
bg_21660,0.818355917930603,0.2730219066143036,0.5706981420516968,14.0,2024-07-18
bg_21679,0.8635770082473755,0.2633940279483795,0.568554699420929,8.0,2024-07-18
bg_21735,0.8322476148605347,0.2980852723121643,0.5963347554206848,6.0,2024-07-18
bg_21823,0.6552244424819946,0.2669265270233154,0.5241403579711914,5.0,2024-07-18
bg_21858,0.7027373909950256,0.2399756461381912,0.4964279532432556,8.0,2024-07-18
bg_21919,0.8892046213150024,0.3636074364185333,0.6765893697738647,4.0,2024-07-18
bg_21960,0.8768904805183411,0.3151683211326599,0.6167923212051392,6.0,2024-07-18
bg_21962,0.8509988784790039,0.3145295679569244,0.6211645007133484,4.0,2024-07-18
bg_22022,0.599205732345581,0.1312985569238662,0.3475246429443359,10.0,2024-07-18
bg_22097,0.8875615000724792,0.3063888549804687,0.6033303737640381,7.0,2024-07-18
bg_22119,0.906558871269226,0.3270794451236725,0.6505056023597717,1.0,2024-07-18
bg_22244,0.8428429961204529,0.3189091086387634,0.6150735020637512,10.0,2024-07-18
bg_22313,0.8498705625534058,0.3273229300975799,0.6291854381561279,15.0,2024-07-18
bg_22335,0.9063149690628052,0.288457453250885,0.6206868290901184,8.0,2024-07-18
bg_22343,0.8848255276679993,0.3320026695728302,0.6391485929489136,15.0,2024-07-18
bg_22382,0.890740156173706,0.3198362588882446,0.6366699934005737,12.0,2024-07-18
bg_22426,0.8218963146209717,0.2740479707717895,0.5629106163978577,16.0,2024-07-18
bg_22431,0.8608452677726746,0.2564108967781067,0.5359432697296143,8.0,2024-07-18
bg_22432,0.8605687618255615,0.3118021786212921,0.607420802116394,10.0,2024-07-18
bg_22434,0.8549700975418091,0.349040687084198,0.6521728038787842,2.0,2024-07-18
bg_22436,0.8977089524269104,0.3234816491603851,0.6368734836578369,4.0,2024-07-18
bg_22507,0.86955326795578,0.292772114276886,0.5914466381072998,4.0,2024-07-18
bg_22540,0.8728522062301636,0.3646322190761566,0.6757180094718933,3.0,2024-07-18
bg_22564,0.8392639756202698,0.2963671088218689,0.592934250831604,12.0,2024-07-18
bg_22610,0.8403988480567932,0.352633535861969,0.652721643447876,6.0,2024-07-18
bg_22689,0.8085463643074036,0.2217249274253845,0.4864441454410553,10.0,2024-07-18
bg_22901,0.8094955682754517,0.2892947494983673,0.5684529542922974,10.0,2024-07-18
bg_22918,0.4820239543914795,0.2069947123527526,0.4101995527744293,1.0,2024-07-18
bg_22978,0.9056000113487244,0.4145419001579284,0.7116313576698303,8.0,2024-07-18
bg_23061,0.7790697813034058,0.4155552685260772,0.6164053082466125,3.0,2024-07-18
bg_23062,0.8233016729354858,0.2025152444839477,0.5370275378227234,8.0,2024-07-18
bg_23071,0.7845219969749451,0.3076353073120117,0.5870445370674133,3.0,2024-07-18
bg_23078,0.9066179394721984,0.3858639299869537,0.6798425912857056,5.0,2024-07-18
bg_23189,0.8638269901275635,0.2516997754573822,0.5829626321792603,10.0,2024-07-18
bg_23215,0.8016529083251953,0.3552398085594177,0.5929203629493713,5.0,2024-07-18
bg_23273,0.4339896738529205,0.1997588872909546,0.436449646949768,6.0,2024-07-18
bg_23393,0.8210594654083252,0.1402039974927902,0.4708506464958191,10.0,2024-07-18
bg_23620,0.8686306476593018,0.2694535851478576,0.5629028677940369,4.0,2024-07-18
bg_23653,0.7556278109550476,0.2660749554634094,0.5335825681686401,4.0,2024-07-18
bg_23658,0.8400055170059204,0.2798064053058624,0.5687781572341919,4.0,2024-07-18
bg_23676,0.8610316514968872,0.3335276544094085,0.6316352486610413,12.0,2024-07-18
bg_23749,0.8595278263092041,0.2986149489879608,0.5695162415504456,2.0,2024-07-18
bg_23753,0.7928878664970398,0.2326726019382476,0.5274059176445007,7.0,2024-07-18
bg_23756,0.8364456295967102,0.2284366488456726,0.5390726923942566,12.0,2024-07-18
bg_23771,0.8931636810302734,0.3047244846820831,0.6136500835418701,10.0,2024-07-18
bg_23814,0.8555211424827576,0.231085255742073,0.5550270080566406,3.0,2024-07-18
bg_23848,0.7177271246910095,0.1763316839933395,0.4647265076637268,10.0,2024-07-18
bg_23849,0.4765404462814331,0.1150460764765739,0.301583468914032,3.0,2024-07-18
bg_23895,0.8221131563186646,0.2690724432468414,0.5748787522315979,4.0,2024-07-18
bg_23951,0.7000621557235718,0.1545396596193313,0.4128084480762481,12.0,2024-07-18
bg_23993,0.8190100193023682,0.2312435656785965,0.5347168445587158,1.0,2024-07-18
bg_24029,0.8781548142433167,0.2843264043331146,0.5916045308113098,8.0,2024-07-18
bg_24089,0.9034706950187684,0.30916827917099,0.6202423572540283,6.0,2024-07-18
bg_24097,0.9100732803344728,0.2508209347724914,0.5783830881118774,6.0,2024-07-18
bg_24108,0.8416093587875366,0.2906383872032165,0.6097685098648071,7.0,2024-07-18
bg_24135,0.8727092146873474,0.24967922270298,0.5792622566223145,12.0,2024-07-18
bg_24210,0.8957192301750183,0.3866789937019348,0.6784260272979736,5.0,2024-07-18
bg_24225,0.8107695579528809,0.33757084608078,0.6273511052131653,5.0,2024-07-18
bg_24233,0.8530983924865723,0.1803397983312606,0.4730242490768432,3.0,2024-07-18
bg_24268,0.91558837890625,0.3255354762077331,0.6320716142654419,8.0,2024-07-18
bg_24274,0.8092671632766724,0.2782960534095764,0.5354698896408081,10.0,2024-07-18
bg_24292,0.9436318278312684,0.4205997288227081,0.7067669034004211,3.0,2024-07-18
bg_24323,0.8384968042373657,0.1676466614007949,0.4826551079750061,8.0,2024-07-18
bg_24351,0.8171160817146301,0.2199921309947967,0.535171627998352,3.0,2024-07-18
bg_24389,0.9010598063468932,0.3426519334316253,0.6421857476234436,10.0,2024-07-18
bg_24441,0.8863577842712402,0.3133648931980133,0.6284418106079102,10.0,2024-07-18
bg_24457,0.8598117828369141,0.3141352534294128,0.6006647944450378,20.0,2024-07-18
bg_24495,0.568708598613739,0.2334775328636169,0.4331519603729248,2.0,2024-07-18
bg_24505,0.7502142190933228,0.2984537184238434,0.5673503875732422,14.0,2024-07-18
bg_24562,0.8391535878181458,0.3416923284530639,0.6343259215354919,10.0,2024-07-18
bg_24577,0.8406381607055664,0.2648331522941589,0.5393187999725342,18.0,2024-07-18
bg_24582,0.8983924388885498,0.2937730252742767,0.592282235622406,12.0,2024-07-18
bg_24607,0.7200757265090942,0.1236195042729377,0.4185607135295868,10.0,2024-07-18
bg_24614,,,,,2024-07-18
bg_24641,0.8798965215682983,0.2340631484985351,0.5584701299667358,6.0,2024-07-18
bg_24653,0.8721303939819336,0.3161998093128204,0.6510389447212219,12.0,2024-07-18
bg_24678,0.873070478439331,0.3073512017726898,0.632580578327179,10.0,2024-07-18
bg_24689,0.8513885140419006,0.2721334099769592,0.5879828333854675,1.0,2024-07-18
bg_24699,0.8197795152664185,0.2364577651023864,0.5506701469421387,4.0,2024-07-18
bg_24734,0.8681440353393555,0.3000598847866058,0.6292378306388855,15.0,2024-07-18
bg_24773,0.8787938356399536,0.3080677092075348,0.6103863716125488,4.0,2024-07-18
bg_24799,0.8788265585899353,0.2412911355495453,0.5542535781860352,9.0,2024-07-18
bg_24849,0.8256059288978577,0.1759909242391586,0.4926323592662811,20.0,2024-07-18
bg_24914,0.8152191042900085,0.3256998360157013,0.6219056844711304,6.0,2024-07-18
bg_25031,0.8137986660003662,0.2400817722082138,0.5574896931648254,12.0,2024-07-18
bg_25049,0.8064516186714172,0.2762165665626526,0.5762962698936462,3.0,2024-07-18
bg_25058,0.92387855052948,0.3387857675552368,0.6563533544540405,7.0,2024-07-18
bg_25062,0.8030867576599121,0.2760828733444214,0.5891181826591492,5.0,2024-07-18
bg_25111,0.902523934841156,0.2691622078418731,0.5866448879241943,7.0,2024-07-18
bg_25137,0.62558513879776,0.0554624795913696,0.2716088891029358,6.0,2024-07-18
bg_25157,0.8498516082763672,0.2234947383403778,0.5067750811576843,2.0,2024-07-18
bg_25206,0.8842133283615112,0.3047272562980652,0.6398413777351379,5.0,2024-07-18
bg_25345,0.8374846577644348,0.2547584474086761,0.5722343325614929,10.0,2024-07-18
bg_25354,0.8925606608390808,0.3168533742427826,0.6428536176681519,12.0,2024-07-18
bg_25394,0.654710054397583,0.2965589761734009,0.548063337802887,1.0,2024-07-18
bg_25476,0.8851508498191833,0.3149195313453674,0.6438190937042236,12.0,2024-07-18
bg_25499,0.6354398131370544,0.3402699828147888,0.563410758972168,2.0,2024-07-18
bg_25578,0.7694715261459351,0.324220061302185,0.6197787523269653,8.0,2024-07-18
bg_25676,0.8092643022537231,0.3211739361286163,0.6133456826210022,5.0,2024-07-18
bg_25707,0.7520077228546143,0.1437463462352752,0.4732577204704284,5.0,2024-07-18
bg_25741,0.8604651093482971,0.2638230919837951,0.5915119647979736,1.0,2024-07-18
bg_25830,0.776028037071228,0.2686235606670379,0.569710373878479,10.0,2024-07-18
bg_25831,0.6773838996887207,0.1942024528980255,0.5059792995452881,6.0,2024-07-18
bg_25844,0.8115299344062805,0.2636415958404541,0.5774378776550293,7.0,2024-07-18
bg_25889,0.5379787087440491,0.3196569681167602,0.520720899105072,4.0,2024-07-18
bg_25923,0.394039511680603,0.0769469067454338,0.2902137339115143,8.0,2024-07-18
bg_25999,0.882049560546875,0.3125841021537781,0.634219765663147,10.0,2024-07-18
bg_26056,0.5703149437904358,0.0941297560930252,0.3336678445339203,11.0,2024-07-18
bg_26086,0.7721716165542603,0.3289838433265686,0.5881945490837097,24.0,2024-07-18
bg_26092,0.7421633005142212,0.206072136759758,0.4110755920410156,14.0,2024-07-18
bg_26107,0.6344451904296875,0.3586634397506714,0.5854494571685791,4.0,2024-07-18
bg_26112,0.861090362071991,0.3523347675800323,0.654916524887085,3.0,2024-07-18
bg_26151,0.9053432941436768,0.3344835638999939,0.6737474799156189,2.0,2024-07-18
bg_26158,,,,,2024-07-18
bg_26205,0.8423919081687927,0.280771940946579,0.6244292855262756,6.0,2024-07-18
bg_26207,0.902440309524536,0.3251877725124359,0.6490434408187866,12.0,2024-07-18
bg_26208,0.8547075986862183,0.2337172627449035,0.5758332014083862,10.0,2024-07-18
bg_26335,0.8314481973648071,0.2921700179576874,0.5701615810394287,6.0,2024-07-18
bg_26342,0.8723029494285583,0.3168885111808777,0.6146129965782166,11.0,2024-07-18
bg_26368,0.8528981804847717,0.3429951667785644,0.6305186748504639,5.0,2024-07-18
bg_26371,0.8666458129882812,0.3293225765228271,0.6442131996154785,4.0,2024-07-18
bg_26379,0.8914758563041687,0.3536387681961059,0.6603878736495972,6.0,2024-07-18
bg_26401,0.7940336465835571,0.2058980166912078,0.4660751819610595,6.0,2024-07-18
bg_26411,0.8721418380737305,0.3164889216423034,0.6224523782730103,3.0,2024-07-18
bg_26457,0.8622459769248962,0.3021593689918518,0.6147738099098206,11.0,2024-07-18
bg_26583,0.8851063847541809,0.2536082565784454,0.5987969636917114,3.0,2024-07-18
bg_26592,0.8000522255897522,0.2749454081058502,0.5693961381912231,11.0,2024-07-18
bg_26616,0.8794105648994446,0.3326289653778076,0.6469936370849609,14.0,2024-07-18
bg_26618,0.8727947473526001,0.311358779668808,0.6192523837089539,14.0,2024-07-18
bg_26686,0.8015217781066895,0.1967226564884185,0.507362961769104,8.0,2024-07-18
bg_26796,0.8777411580085754,0.3295795321464538,0.6293518543243408,14.0,2024-07-18
bg_26817,0.8895482420921326,0.2951103746891022,0.6102309226989746,6.0,2024-07-18
bg_26874,0.9043593406677246,0.3464097380638122,0.6451793313026428,6.0,2024-07-18
bg_26880,0.9028545022010804,0.3847589492797851,0.6819040179252625,3.0,2024-07-18
bg_26924,0.898216724395752,0.3154722154140472,0.6281870007514954,6.0,2024-07-18
bg_27009,0.8598717451095581,0.2778645753860473,0.5399707555770874,8.0,2024-07-18
bg_27063,0.8179860711097717,0.2076674997806549,0.53177410364151,12.0,2024-07-18
bg_27090,0.905001699924469,0.2599268853664398,0.5676727890968323,6.0,2024-07-18
bg_27109,0.7405425310134888,0.2069903165102005,0.5500892996788025,6.0,2024-07-18
bg_27113,0.9154456257820128,0.3065769374370575,0.6164591908454895,4.0,2024-07-18
bg_27134,0.8739583492279053,0.2982456386089325,0.6292510628700256,3.0,2024-07-18
bg_27149,0.8548752665519714,0.3970964848995209,0.6801228523254395,3.0,2024-07-18
bg_27181,0.8088802695274353,0.290112167596817,0.5474635362625122,2.0,2024-07-18
bg_27211,0.8592356443405151,0.2562943994998932,0.5769854187965393,1.0,2024-07-18
bg_27223,0.8424850106239319,0.2543819844722748,0.547512412071228,10.0,2024-07-18
bg_27226,0.8315631747245789,0.3287873268127441,0.6261230111122131,10.0,2024-07-18
bg_27239,0.8119595050811768,0.3924640715122223,0.6814572811126709,7.0,2024-07-18
bg_27242,0.8868892788887024,0.3436590433120727,0.6612261533737183,10.0,2024-07-18
bg_27247,0.8301535844802856,0.3252021670341491,0.632215142250061,26.0,2024-07-18
bg_27261,0.8752931952476501,0.3512886762619018,0.655035138130188,14.0,2024-07-18
bg_27301,0.8501348495483398,0.2939233779907226,0.6086745262145996,8.0,2024-07-18
bg_27312,0.8895578980445862,0.2685136198997497,0.592742383480072,10.0,2024-07-18
bg_27342,0.8852993845939636,0.2451669871807098,0.5676825046539307,2.0,2024-07-18
bg_27343,0.88213711977005,0.2651048004627228,0.5727151036262512,1.0,2024-07-18
bg_27346,0.8748738765716553,0.3017345666885376,0.641567587852478,5.0,2024-07-18
bg_27374,0.8477477431297302,0.2448656857013702,0.5842011570930481,12.0,2024-07-18
bg_27429,0.8894472122192383,0.3118720650672912,0.6371545791625977,5.0,2024-07-18
bg_27475,0.8648756146430969,0.3585966825485229,0.6277799010276794,6.0,2024-07-18
bg_27503,0.822385847568512,0.1648282557725906,0.4752001166343689,4.0,2024-07-18
bg_27524,0.2841563522815704,0.0523840114474296,0.2038917988538742,22.0,2024-07-18
bg_27582,0.5412026643753052,0.2799013555049896,0.5133953094482422,1.0,2024-07-18
bg_27629,0.9142438769340516,0.3175157010555267,0.623843789100647,11.0,2024-07-18
bg_27652,0.87616366147995,0.2763469517230987,0.5813868641853333,9.0,2024-07-18
bg_27653,0.9289140105247498,0.3812021613121032,0.6926084160804749,4.0,2024-07-18
bg_27710,0.7867976427078247,0.2016932964324951,0.51659095287323,16.0,2024-07-18
bg_27763,0.8782357573509216,0.316580206155777,0.6159257888793945,8.0,2024-07-18
bg_27812,0.8253992199897766,0.3498340547084808,0.6407464146614075,12.0,2024-07-18
bg_27814,0.7603407502174377,0.3337826132774353,0.627037763595581,6.0,2024-07-18
bg_27859,0.8998640775680542,0.2546534836292267,0.5754062533378601,8.0,2024-07-18
bg_27889,0.8565201163291931,0.311534434556961,0.6220071911811829,4.0,2024-07-18
bg_27893,0.345297247171402,0.0237165745347738,0.2359669804573059,12.0,2024-07-18
bg_27984,0.8734592795372009,0.3923253417015075,0.6861523389816284,4.0,2024-07-18
bg_27987,0.8297348022460938,0.2801606655120849,0.5933371782302856,12.0,2024-07-18
bg_27995,0.875229001045227,0.2723213136196136,0.5910088419914246,10.0,2024-07-18
bg_28028,0.8197921514511108,0.2370852380990982,0.5638430118560791,12.0,2024-07-18
bg_28047,0.8090291619300842,0.2859983146190643,0.5954897999763489,11.0,2024-07-18
bg_28102,0.7684366106987,0.2083652168512344,0.5278751254081726,13.0,2024-07-18
bg_28107,0.8149186968803406,0.3469302654266357,0.6472384929656982,5.0,2024-07-18
bg_28115,0.908789336681366,0.3320650160312652,0.6407270431518555,6.0,2024-07-18
bg_28133,0.8899306058883667,0.3213582932949066,0.6256784796714783,12.0,2024-07-18
bg_28161,0.8402351140975952,0.2909882366657257,0.5976983904838562,5.0,2024-07-18
bg_28282,0.8503481149673462,0.2609135210514068,0.5790838003158569,12.0,2024-07-18
bg_28289,0.8255782127380371,0.3470751345157623,0.651573896408081,12.0,2024-07-18
bg_28303,0.8581797480583191,0.3608294129371643,0.6460184454917908,4.0,2024-07-18
bg_28328,0.8184014558792114,0.2884782254695892,0.5833768844604492,10.0,2024-07-18
bg_28347,0.7056215405464172,0.1687838733196258,0.4371072649955749,12.0,2024-07-18
bg_28381,0.7558474540710449,0.3632439076900482,0.6481705904006958,4.0,2024-07-18
bg_28389,0.8937507271766663,0.3177253603935241,0.6362264156341553,6.0,2024-07-18
bg_28407,0.872259795665741,0.2958389818668365,0.6148110628128052,6.0,2024-07-18
bg_28424,0.8756301403045654,0.2845171391963959,0.6054660677909851,10.0,2024-07-18
bg_28428,0.8424364328384399,0.3780190944671631,0.6727604866027832,7.0,2024-07-18
bg_28433,0.8950133919715881,0.2951801717281341,0.607338011264801,4.0,2024-07-18
bg_28437,0.8182082772254944,0.2946358621120453,0.6314185857772827,10.0,2024-07-18
bg_28456,0.7000216841697693,0.2646252810955047,0.5313228964805603,6.0,2024-07-18
bg_28560,0.6876991987228394,0.2873116433620453,0.5166094303131104,3.0,2024-07-18
bg_28571,0.7537797093391418,0.2655860185623169,0.581612765789032,7.0,2024-07-18
bg_28636,0.8927353620529175,0.3215022683143616,0.6254684329032898,10.0,2024-07-18
bg_28690,0.8469275236129761,0.2480442523956298,0.5633835792541504,4.0,2024-07-18
bg_28698,0.8648315668106079,0.2972898781299591,0.6162642240524292,8.0,2024-07-18
bg_28756,0.895035445690155,0.361245721578598,0.6466743350028992,8.0,2024-07-18
bg_28791,0.7218612432479858,0.2458799928426742,0.5428258180618286,14.0,2024-07-18
bg_28864,0.8818843960762024,0.331135481595993,0.6291090250015259,10.0,2024-07-18
bg_28948,0.8758753538131714,0.3513312935829162,0.6615063548088074,2.0,2024-07-18
bg_28955,0.8899619579315186,0.3440784811973572,0.6336959004402161,3.0,2024-07-18
bg_29005,0.636654794216156,0.1688508540391922,0.4270496666431427,2.0,2024-07-18
bg_29130,0.810596764087677,0.2152590155601501,0.5412663817405701,6.0,2024-07-18
bg_29150,0.7891374230384827,0.1647018939256668,0.4302202463150024,6.0,2024-07-18
bg_29230,0.788438618183136,0.3044798374176025,0.6196784377098083,16.0,2024-07-18
bg_29248,0.9120734930038452,0.3405919373035431,0.6675461530685425,5.0,2024-07-18
bg_29301,0.7437370419502258,0.3216190040111542,0.5930966138839722,8.0,2024-07-18
bg_29325,0.3986102342605591,0.0455725938081741,0.1967567354440689,1.0,2024-07-18
bg_29341,0.8468468189239502,0.272987812757492,0.5905699729919434,1.0,2024-07-18
bg_29411,0.9034729599952698,0.3111697435379028,0.6425738334655762,3.0,2024-07-18
bg_29467,0.7646172642707825,0.1620909571647644,0.4706402122974396,2.0,2024-07-18
bg_29475,0.8656310439109802,0.3608404099941253,0.6629747152328491,4.0,2024-07-18
bg_29482,0.4873980581760406,0.1691603362560272,0.4020797312259674,8.0,2024-07-18
bg_29485,0.8207507729530334,0.1664263308048248,0.4846260547637939,8.0,2024-07-18
bg_29503,0.8600062727928162,0.3313509225845337,0.6081678867340088,12.0,2024-07-18
bg_29532,0.7236796617507935,0.2645156681537628,0.5272989869117737,2.0,2024-07-18
bg_29694,0.8702661991119385,0.1926043480634689,0.5269362330436707,12.0,2024-07-18
bg_29703,0.8284831047058105,0.3861772716045379,0.6711780428886414,5.0,2024-07-18
bg_29707,0.8498539328575134,0.2950421869754791,0.6087086200714111,12.0,2024-07-18
bg_29709,0.7708801627159119,0.3364608585834503,0.652892529964447,5.0,2024-07-18
bg_29735,0.8872147798538208,0.3174673020839691,0.606287956237793,15.0,2024-07-18
bg_29756,0.8834900856018066,0.3028550744056701,0.6213177442550659,5.0,2024-07-18
bg_29852,0.815531849861145,0.3535633683204651,0.6469911932945251,12.0,2024-07-18
bg_29869,0.8705854415893555,0.2872843146324157,0.6023640036582947,10.0,2024-07-18
bg_29931,0.8864483833312988,0.3653269112110138,0.6631823182106018,7.0,2024-07-18
bg_29945,0.8803098797798157,0.3230459988117218,0.6012358665466309,6.0,2024-07-18
bg_30014,0.8527305722236633,0.3828395903110504,0.6779020428657532,6.0,2024-07-18
bg_30056,0.848262369632721,0.3406710624694824,0.6534590125083923,21.0,2024-07-18
bg_30123,0.8464178442955017,0.2657945454120636,0.5771721005439758,12.0,2024-07-18
bg_30147,0.8863129615783691,0.2951869070529938,0.6110658049583435,12.0,2024-07-18
bg_30250,0.8926595449447632,0.3128418922424316,0.6282342076301575,8.0,2024-07-18
bg_30268,0.8496643304824829,0.2148816883563995,0.5434139966964722,10.0,2024-07-18
bg_30273,0.8686144948005676,0.348440408706665,0.6430079936981201,10.0,2024-07-18
bg_30288,0.8672193288803101,0.3493513166904449,0.6647748947143555,18.0,2024-07-18
bg_30292,0.6707032322883606,0.3036408424377441,0.5675766468048096,2.0,2024-07-18
bg_30366,0.8885617256164551,0.3583137989044189,0.6646166443824768,3.0,2024-07-18
bg_30393,0.9038973450660706,0.3322488069534302,0.6440554857254028,8.0,2024-07-18
bg_30395,0.8632364869117737,0.3597984611988067,0.651970386505127,4.0,2024-07-18
bg_30403,0.9050387740135192,0.3324297070503235,0.6369692087173462,5.0,2024-07-18
bg_30416,0.8886083364486694,0.2713522315025329,0.6072586178779602,2.0,2024-07-18
bg_30429,0.8719743490219116,0.2852880954742431,0.5888096690177917,6.0,2024-07-18
bg_30497,0.8816379308700562,0.249126598238945,0.5585550665855408,6.0,2024-07-18
bg_30499,0.7107542753219604,0.1078967601060867,0.3940593898296356,12.0,2024-07-18
bg_30635,0.8695542812347412,0.2858743369579315,0.6086966395378113,14.0,2024-07-18
bg_30672,0.881138265132904,0.3033251166343689,0.6145125031471252,5.0,2024-07-18
bg_30714,0.8734022974967957,0.2946372032165527,0.616172194480896,1.0,2024-07-18
bg_30752,0.8289657235145569,0.3736170828342438,0.6589581370353699,6.0,2024-07-18
bg_30785,0.7706873416900635,0.171347826719284,0.4484027624130249,12.0,2024-07-18
bg_30798,0.8718486428260803,0.2704284489154815,0.593341588973999,10.0,2024-07-18
bg_30800,0.8288952112197876,0.3527148962020874,0.6667219400405884,10.0,2024-07-18
bg_30848,0.8925306797027588,0.3147054314613342,0.6323077082633972,3.0,2024-07-18
bg_30959,0.9148521423339844,0.3671389520168304,0.6523959636688232,13.0,2024-07-18
bg_31058,0.7936020493507385,0.3419091701507568,0.6547645926475525,24.0,2024-07-18
bg_31086,0.7394339442253113,0.2670370638370514,0.5423006415367126,2.0,2024-07-18
bg_31142,0.7467840313911438,0.2074816972017288,0.5206611752510071,7.0,2024-07-18
bg_31191,0.8156303763389587,0.2562301754951477,0.5545445084571838,2.0,2024-07-18
bg_31215,0.844011127948761,0.2751685380935669,0.5962143540382385,4.0,2024-07-18
bg_31263,0.8238664269447327,0.3044498562812805,0.6150311231613159,12.0,2024-07-18
bg_31319,0.8644678592681885,0.3283603191375732,0.6437623500823975,6.0,2024-07-18
bg_31397,0.905171036720276,0.3282148540019989,0.6164965629577637,4.0,2024-07-18
bg_31402,0.8759521245956421,0.3882700204849243,0.6616867184638977,5.0,2024-07-18
bg_31428,0.857312798500061,0.2994123995304107,0.5944086313247681,6.0,2024-07-18
bg_31496,0.8419488668441772,0.2994782030582428,0.5931352972984314,12.0,2024-07-18
bg_31512,0.6363636255264282,0.3489845097064972,0.6109918355941772,3.0,2024-07-18
bg_31516,0.881577730178833,0.2859260439872741,0.6181039810180664,6.0,2024-07-18
bg_31545,0.8884972333908081,0.3883886635303497,0.692570686340332,4.0,2024-07-18
bg_31553,0.8639841079711914,0.2559423744678497,0.5933120250701904,14.0,2024-07-18
bg_31650,0.3291406631469726,0.1026951298117637,0.2345245629549026,2.0,2024-07-18
bg_31685,0.9249815344810486,0.3500202894210815,0.6681904196739197,12.0,2024-07-18
bg_31723,0.8410753607749939,0.3268037140369415,0.6245685815811157,2.0,2024-07-18
bg_31761,0.9100965857505798,0.2838338613510132,0.5987593531608582,6.0,2024-07-18
bg_31767,0.4413025379180908,0.2136146426200866,0.4126764237880707,2.0,2024-07-18
bg_31792,0.8919929265975952,0.2852905094623565,0.6229034066200256,6.0,2024-07-18
bg_31841,0.8913860321044922,0.3202151358127594,0.6438544988632202,12.0,2024-07-18
bg_31926,0.9046745896339417,0.343679279088974,0.6650035977363586,3.0,2024-07-18
bg_31966,0.9122766256332396,0.3778113126754761,0.6920909881591797,5.0,2024-07-18
bg_32022,0.9138359427452089,0.3655132949352264,0.6720303893089294,5.0,2024-07-18
bg_32047,0.7657904624938965,0.2802991867065429,0.5984505414962769,4.0,2024-07-18
bg_32057,0.7873661518096924,0.2410484999418258,0.540685772895813,8.0,2024-07-18
bg_32058,0.8893028497695923,0.2831344604492187,0.6004115343093872,10.0,2024-07-18
bg_32213,0.8846405744552612,0.3991671800613403,0.7003701329231262,15.0,2024-07-18
bg_32243,0.8338722586631775,0.2427544295787811,0.5548596978187561,8.0,2024-07-18
bg_32282,0.8721200823783875,0.3492385447025299,0.646521270275116,10.0,2024-07-18
bg_32286,0.679224967956543,0.1800502240657806,0.4974733293056488,4.0,2024-07-18
bg_32303,0.8668044209480286,0.3933106362819671,0.685239315032959,6.0,2024-07-18
bg_32337,0.9031198620796204,0.2988955676555633,0.624474048614502,6.0,2024-07-18
bg_32393,0.8976683616638184,0.369523286819458,0.6896291971206665,6.0,2024-07-18
bg_32510,0.8783183693885803,0.2802857458591461,0.603948712348938,8.0,2024-07-18
bg_32645,0.8897508978843689,0.3852140009403229,0.6675623655319214,5.0,2024-07-18
bg_32715,0.8729442954063416,0.2566982805728912,0.5850622057914734,12.0,2024-07-18
bg_32860,0.8764783143997192,0.3229526877403259,0.6216016411781311,9.0,2024-07-18
bg_32872,0.8434887528419495,0.2881870865821838,0.5875622034072876,14.0,2024-07-18
bg_32888,0.8589056134223938,0.2590812444686889,0.5557686686515808,12.0,2024-07-18
bg_32960,0.8001929521560669,0.2823913097381592,0.5960326790809631,10.0,2024-07-18
bg_32979,0.8862084746360779,0.3182476758956909,0.6372056603431702,8.0,2024-07-18
bg_33013,0.8680815100669861,0.2682460248470306,0.5820688605308533,12.0,2024-07-18
bg_33019,0.9010955691337584,0.3859418928623199,0.697358250617981,4.0,2024-07-18
bg_33033,0.8174363374710083,0.2611275315284729,0.5666049718856812,6.0,2024-07-18
bg_33048,0.7671826481819153,0.2358410656452179,0.5294747948646545,5.0,2024-07-18
bg_33088,0.8703316450119019,0.2665013074874878,0.5461187958717346,6.0,2024-07-18
bg_33243,0.8593077659606934,0.3129752278327942,0.5786003470420837,5.0,2024-07-18
bg_33294,0.884856641292572,0.3537029027938843,0.6409171223640442,3.0,2024-07-18
bg_33321,0.810209333896637,0.3342574834823608,0.6282172799110413,10.0,2024-07-18
bg_33332,0.1501429378986358,-0.0229501072317361,0.0854865163564682,10.0,2024-07-18
bg_33340,0.8545953631401062,0.3256758451461792,0.6482097506523132,5.0,2024-07-18
bg_33418,0.8046524524688721,0.2204826027154922,0.4996716380119324,12.0,2024-07-18
bg_33429,0.908398449420929,0.2515926659107208,0.5574557781219482,10.0,2024-07-18
bg_33454,0.8146229386329651,0.3545337319374084,0.6450740098953247,5.0,2024-07-18
bg_33461,0.8978391289710999,0.3419528901576996,0.6440404057502747,10.0,2024-07-18
bg_33484,0.7923765778541565,0.2928007543087005,0.5661341547966003,2.0,2024-07-18
bg_33496,0.8390191793441772,0.2116624861955642,0.5461589097976685,12.0,2024-07-18
bg_33503,0.8049389123916626,0.1999874264001846,0.5341362953186035,10.0,2024-07-18
bg_33588,0.6198081374168396,0.2421916872262954,0.4695968925952911,2.0,2024-07-18
bg_33600,0.8826698660850525,0.2993246614933014,0.6024286150932312,10.0,2024-07-18
bg_33612,0.8935325741767883,0.2917951941490173,0.5987783670425415,5.0,2024-07-18
bg_33687,0.884221076965332,0.3192982375621795,0.6089003086090088,5.0,2024-07-18
bg_33690,0.892357349395752,0.2624408900737762,0.5978186726570129,3.0,2024-07-18
bg_33751,0.9060606360435486,0.3294411897659302,0.6736313104629517,11.0,2024-07-18
bg_33762,0.8158581256866455,0.2736919224262237,0.5712028741836548,1.0,2024-07-18
bg_33853,0.8816614747047424,0.3164288699626922,0.6319816708564758,2.0,2024-07-18
bg_33860,0.8780007362365723,0.3104628920555115,0.6198630332946777,4.0,2024-07-18
bg_33922,0.8895047307014465,0.3159132599830627,0.6038185954093933,7.0,2024-07-18
bg_33940,0.8760674595832825,0.2786151468753814,0.5967200994491577,1.0,2024-07-18
bg_33963,0.5786706805229187,0.1275980621576309,0.3697916567325592,13.0,2024-07-18
bg_34003,0.87352055311203,0.2702359855175018,0.6057571768760681,10.0,2024-07-18
bg_34021,0.9540826678276062,0.3252135515213012,0.6014760732650757,2.0,2024-07-18
bg_34031,0.8663262724876404,0.2935570180416107,0.5970488786697388,8.0,2024-07-18
bg_34033,0.9234354496002196,0.27196004986763,0.5852668881416321,2.0,2024-07-18
bg_34043,0.7840996980667114,0.2770516872406006,0.5770795345306396,12.0,2024-07-18
bg_34095,0.7759878635406494,0.1548791378736496,0.4491646885871887,6.0,2024-07-18
bg_34153,0.8553203344345093,0.2843314111232757,0.5977492332458496,6.0,2024-07-18
bg_34194,0.877421498298645,0.3245497643947601,0.6410141587257385,12.0,2024-07-18
bg_34211,0.8170761466026306,0.2657833099365234,0.4701830148696899,5.0,2024-07-18
bg_34230,0.8017100691795349,0.2905939519405365,0.6001361608505249,4.0,2024-07-18
bg_34270,0.8297222852706909,0.2653061151504516,0.5928511619567871,7.0,2024-07-18
bg_34283,0.8747474551200867,0.2670807242393493,0.6147048473358154,5.0,2024-07-18
bg_34313,0.8309642672538757,0.3644315004348755,0.6487166881561279,5.0,2024-07-18
bg_34320,0.8887246251106262,0.2582480609416961,0.5744787454605103,6.0,2024-07-18
bg_34329,0.8272167444229126,0.3839778900146484,0.647348940372467,7.0,2024-07-18
bg_34437,0.8904167413711548,0.3413905501365661,0.6541746854782104,6.0,2024-07-18
bg_34498,0.8393142223358154,0.2572520971298218,0.5779569149017334,12.0,2024-07-18
bg_34501,0.8065512180328369,0.343315839767456,0.6084245443344116,12.0,2024-07-18
bg_34553,0.8763567805290222,0.3190611004829407,0.6357942819595337,2.0,2024-07-18
bg_34587,0.1680375933647155,-0.1114245504140853,0.0230179093778133,3.0,2024-07-18
bg_34597,0.7062026262283325,0.2962895929813385,0.5726168751716614,2.0,2024-07-18
bg_34710,0.8486692309379578,0.1103574112057685,0.4180901646614074,9.0,2024-07-18
bg_34840,0.903877317905426,0.3873927891254425,0.6819150447845459,4.0,2024-07-18
bg_34874,0.9086958765983582,0.3332139253616333,0.6205423474311829,12.0,2024-07-18
bg_34893,0.8780068755149841,0.3752752542495727,0.6834809184074402,1.0,2024-07-18
bg_34929,0.70257568359375,0.2806201577186584,0.5149906277656555,2.0,2024-07-18
bg_34953,0.8867924809455872,0.3105890154838562,0.6288000345230103,5.0,2024-07-18
bg_34962,0.9240188598632812,0.2267471402883529,0.5680444836616516,4.0,2024-07-18
bg_34984,0.869012713432312,0.3911141157150268,0.6935340762138367,5.0,2024-07-18
bg_34986,0.794410228729248,0.3864628374576568,0.634289026260376,2.0,2024-07-18
bg_34989,0.8612989187240601,0.3044414818286896,0.6025874018669128,12.0,2024-07-18
bg_35003,0.8251587748527527,0.3572787046432495,0.653599739074707,12.0,2024-07-18
bg_35067,0.9067922234535216,0.3233696520328522,0.6420061588287354,6.0,2024-07-18
bg_35120,0.818402886390686,0.2908725142478943,0.6010972857475281,12.0,2024-07-18
bg_35181,0.8958221673965454,0.296565294265747,0.6176350712776184,12.0,2024-07-18
bg_35272,0.8878588080406189,0.3584697842597961,0.6696200370788574,8.0,2024-07-18
bg_35302,0.8984696269035339,0.2686610817909241,0.6006508469581604,8.0,2024-07-18
bg_35312,0.6442477703094482,0.4400309920310974,0.6291100382804871,3.0,2024-07-18
bg_35351,0.825910747051239,0.3289337158203125,0.6271263360977173,8.0,2024-07-18
bg_35356,0.8695992827415466,0.3121838867664337,0.6234266757965088,6.0,2024-07-18
bg_35366,0.3435969352722168,0.0609200224280357,0.1646951884031295,3.0,2024-07-18
bg_35503,0.5687239766120911,0.1947773993015289,0.4243221282958984,8.0,2024-07-18
bg_35592,0.641819953918457,0.1737666130065918,0.4414414465427398,5.0,2024-07-18
bg_35599,0.8858464956283569,0.2630236744880676,0.580870509147644,8.0,2024-07-18
bg_35634,0.8786581754684448,0.3275588750839233,0.6381966471672058,8.0,2024-07-18
bg_35639,0.858631432056427,0.2781225740909576,0.6107626557350159,4.0,2024-07-18
bg_35661,0.6550401449203491,0.2346444427967071,0.5426300764083862,2.0,2024-07-18
bg_35724,0.6991018056869507,0.2708712220191955,0.5354085564613342,5.0,2024-07-18
bg_35758,0.838484525680542,0.2447942197322845,0.5545023679733276,9.0,2024-07-18
bg_35765,0.7445586919784546,0.1829048693180084,0.4968815147876739,11.0,2024-07-18
bg_35788,0.8105870485305786,0.3816821873188019,0.6550619006156921,6.0,2024-07-18
bg_35831,0.8316027522087097,0.2521975338459015,0.5642130374908447,14.0,2024-07-18
bg_36021,0.8317756652832031,0.341576486825943,0.6431752443313599,5.0,2024-07-18
bg_36050,0.8449114561080933,0.2500007748603821,0.5577830076217651,14.0,2024-07-18
bg_36052,0.5022101402282715,0.2206504195928573,0.4105173051357269,2.0,2024-07-18
bg_36065,0.8939869999885559,0.3628825545310974,0.6663594245910645,5.0,2024-07-18
bg_36067,0.892295777797699,0.2769202888011932,0.6112568974494934,10.0,2024-07-18
bg_36087,0.8080548644065857,0.2630331814289093,0.5252976417541504,15.0,2024-07-18
bg_36113,0.8220140337944031,0.3757438957691192,0.6593148708343506,7.0,2024-07-18
bg_36205,0.8975558876991272,0.3332420885562897,0.6466345191001892,14.0,2024-07-18
bg_36283,0.8430760502815247,0.2897737026214599,0.6226668953895569,10.0,2024-07-18
bg_36342,0.8810682892799377,0.3139948844909668,0.6528216600418091,10.0,2024-07-18
bg_36387,0.8739250898361206,0.3302883207798004,0.6382492780685425,10.0,2024-07-18
bg_36388,0.7835638523101807,0.2485688626766204,0.5549174547195435,13.0,2024-07-18
bg_36403,0.9208002686500548,0.3378433585166931,0.653529942035675,8.0,2024-07-18
bg_36458,0.8778029084205627,0.2924487590789795,0.5987533926963806,10.0,2024-07-18
bg_36479,0.8775716423988342,0.2953695952892303,0.6079438924789429,4.0,2024-07-18
bg_36482,0.8729204535484314,0.3173551559448242,0.6520509123802185,3.0,2024-07-18
bg_36503,0.8694517016410828,0.3267449140548706,0.6497696042060852,5.0,2024-07-18
bg_36528,0.8851680755615234,0.2704131007194519,0.5719665288925171,6.0,2024-07-18
bg_36543,0.8972275257110596,0.3197747766971588,0.6187320351600647,4.0,2024-07-18
bg_36555,0.8772739768028259,0.3355617523193359,0.6360624432563782,5.0,2024-07-18
bg_36558,0.8270955681800842,0.3580436408519745,0.6544501185417175,4.0,2024-07-18
bg_36561,0.8846834897994995,0.2803651988506317,0.6155463457107544,6.0,2024-07-18
bg_36592,0.906299650669098,0.3616940975189209,0.6834969520568848,1.0,2024-07-18
bg_36609,0.7793846726417542,0.33882936835289,0.6253953576087952,2.0,2024-07-18
bg_36618,0.8826122283935547,0.3039894104003906,0.5999120473861694,12.0,2024-07-18
bg_36628,0.8576636910438538,0.3839987218379974,0.6703615784645081,8.0,2024-07-18
bg_36685,0.8121494054794312,0.1104257106781005,0.4224322140216827,8.0,2024-07-18
bg_36700,0.7052610516548157,0.2817569673061371,0.5433473587036133,10.0,2024-07-18
bg_36716,0.8293728232383728,0.3207232058048248,0.6105660200119019,15.0,2024-07-18
bg_36735,0.8301467299461365,0.2994475066661834,0.5950397253036499,5.0,2024-07-18
bg_36774,0.7591845989227295,0.3111896216869354,0.6049163341522217,12.0,2024-07-18
bg_36824,0.8711444139480591,0.3231486678123474,0.5955013036727905,10.0,2024-07-18
bg_36842,0.8529499173164368,0.3401171863079071,0.6523196697235107,6.0,2024-07-18
bg_36849,0.8621849417686462,0.3680302798748016,0.6489818692207336,10.0,2024-07-18
bg_36904,0.8911534547805786,0.3022578656673431,0.6013424396514893,8.0,2024-07-18
bg_37023,0.777486264705658,0.1721740216016769,0.4698813855648041,4.0,2024-07-18
bg_37083,0.8420365452766418,0.3153111338615417,0.6397443413734436,1.0,2024-07-18
bg_37086,0.8655462265014648,0.2633825242519378,0.597122311592102,11.0,2024-07-18
bg_37089,0.8559063076972961,0.3254545331001282,0.6345291137695312,1.0,2024-07-18
bg_37105,0.8767634630203247,0.2403917908668518,0.5827480554580688,8.0,2024-07-18
bg_37176,0.6545615792274475,0.3718491196632385,0.6257615089416504,3.0,2024-07-18
bg_37216,0.7399720549583435,0.2121548503637313,0.4763719439506531,2.0,2024-07-18
bg_37279,0.870162844657898,0.3287689983844757,0.6357607841491699,6.0,2024-07-18
bg_37294,0.8857997059822083,0.3358891904354095,0.6311304569244385,4.0,2024-07-18
bg_37386,0.8832700252532959,0.3586141467094421,0.6597588062286377,10.0,2024-07-18
bg_37430,0.8691485524177551,0.3316946923732757,0.6413755416870117,4.0,2024-07-18
bg_37454,0.8858096599578857,0.2521302998065948,0.5834375023841858,6.0,2024-07-18
bg_37455,0.9179121851921082,0.3196843862533569,0.6263059377670288,8.0,2024-07-18
bg_37482,0.8459770083427429,0.3600107729434967,0.6333987712860107,2.0,2024-07-18
bg_37492,0.8495467901229858,0.3152543306350708,0.6415053606033325,8.0,2024-07-18
bg_37510,0.8452733159065247,0.2376468777656555,0.5580065250396729,16.0,2024-07-18
bg_37529,0.8388518691062927,0.3257470726966858,0.629288375377655,4.0,2024-07-18
bg_37619,0.8186747431755066,0.3106881082057953,0.6105464696884155,8.0,2024-07-18
bg_37713,0.880095899105072,0.313103437423706,0.6171435713768005,9.0,2024-07-18
bg_37759,0.8418174386024475,0.3352279961109161,0.6351767182350159,12.0,2024-07-18
bg_37785,0.8994972109794617,0.2979384660720825,0.6086739301681519,12.0,2024-07-18
bg_37791,0.6630348563194275,0.2494288384914398,0.4871723651885986,14.0,2024-07-18
bg_37802,0.9070960879325868,0.3200508654117584,0.6247838735580444,6.0,2024-07-18
bg_37817,0.9021692276000975,0.2683442831039428,0.5971283316612244,8.0,2024-07-18
bg_37864,0.8562329411506653,0.3395170271396637,0.6417091488838196,5.0,2024-07-18
bg_37921,0.8093758821487427,0.2775868475437164,0.5946020483970642,12.0,2024-07-18
bg_37936,0.9121657013893129,0.3078325986862182,0.6380752325057983,10.0,2024-07-18
bg_37992,0.9142361283302308,0.3664880096912384,0.6864110827445984,4.0,2024-07-18
bg_37998,0.8294616937637329,0.2209303081035614,0.5215087532997131,12.0,2024-07-18
bg_38004,0.8780645728111267,0.2469639182090759,0.5577300786972046,8.0,2024-07-18
bg_38007,0.7501766085624695,0.2745654582977295,0.5553322434425354,16.0,2024-07-18
bg_38071,0.897348165512085,0.3681491017341614,0.6895829439163208,5.0,2024-07-18
bg_38076,0.8731707334518433,0.2877263724803924,0.6016684174537659,5.0,2024-07-18
bg_38081,0.8714390397071838,0.3155678510665893,0.6172075867652893,8.0,2024-07-18
bg_38089,0.8822785019874573,0.2866747081279754,0.5884230732917786,3.0,2024-07-18
bg_38172,0.8795275688171387,0.2695633769035339,0.5977640151977539,12.0,2024-07-18
bg_38181,0.5479064583778381,0.1866389662027359,0.3759299516677856,5.0,2024-07-18
bg_38185,0.4595103561878204,0.0572987757623195,0.3216798305511474,1.0,2024-07-18
bg_38188,0.7020661234855652,0.2448011338710785,0.524577260017395,6.0,2024-07-18
bg_38193,0.8813568353652954,0.3043945133686065,0.6206212043762207,2.0,2024-07-18
bg_38217,0.8975361585617065,0.2806589603424072,0.6070490479469299,12.0,2024-07-18
bg_38261,0.6471380591392517,0.3080197274684906,0.6320374011993408,3.0,2024-07-18
bg_38284,0.8256627917289734,0.2893948554992676,0.6414950489997864,1.0,2024-07-18
bg_38316,0.8708661794662476,0.3485447466373443,0.6565866470336914,10.0,2024-07-18
bg_38325,0.8907623887062073,0.3042040169239044,0.6127667427062988,8.0,2024-07-18
bg_38420,0.5926427841186523,0.2251615524291992,0.5121551156044006,8.0,2024-07-18
bg_38489,0.8435993790626526,0.2069342732429504,0.5263677835464478,5.0,2024-07-18
bg_38569,0.8737662434577942,0.2674958705902099,0.6024789214134216,14.0,2024-07-18
bg_38616,0.4697371423244476,0.1976097822189331,0.4134215414524078,4.0,2024-07-18
bg_38754,0.7442291975021362,0.3762301802635193,0.6345106363296509,2.0,2024-07-18
bg_38790,0.8284769654273987,0.3284770548343658,0.6356931924819946,9.0,2024-07-18
bg_38833,0.846892237663269,0.2857651114463806,0.5690112113952637,5.0,2024-07-18
bg_38868,0.7844135165214539,0.248114988207817,0.5527372360229492,8.0,2024-07-18
bg_38944,0.7993313670158386,0.3264853656291961,0.6255074739456177,14.0,2024-07-18
bg_39031,0.8705238103866577,0.2620844542980194,0.5798475742340088,10.0,2024-07-18
bg_39057,0.8826815485954285,0.2826077044010162,0.6045035719871521,6.0,2024-07-18
bg_39079,0.8536585569381714,0.2156424671411514,0.5132128000259399,7.0,2024-07-18
bg_39106,0.8841648697853088,0.3660186231136322,0.6665387749671936,5.0,2024-07-18
bg_39107,0.8386897444725037,0.2680791318416595,0.58394455909729,6.0,2024-07-18
bg_39123,0.8009688258171082,0.2536063194274902,0.5736910700798035,14.0,2024-07-18
bg_39128,0.7905206680297852,0.3872532248497009,0.6728239059448242,24.0,2024-07-18
bg_39140,0.8369669914245605,0.3054620325565338,0.6170865893363953,6.0,2024-07-18
bg_39157,0.8983435034751892,0.3816156387329101,0.6714192032814026,8.0,2024-07-18
bg_39167,0.8594633340835571,0.3601923584938049,0.6788238286972046,4.0,2024-07-18
bg_39198,0.6974485516548157,0.2006084322929382,0.5147129893302917,4.0,2024-07-18
bg_39244,0.8797067403793335,0.270222395658493,0.589267373085022,12.0,2024-07-18
bg_39263,0.8503052592277527,0.2982614934444427,0.5973911881446838,2.0,2024-07-18
bg_39277,0.9068268537521362,0.27762570977211,0.5406633615493774,4.0,2024-07-18
bg_39455,0.870532214641571,0.2835367321968078,0.5925543904304504,8.0,2024-07-18
bg_39547,0.9178388118743896,0.328105628490448,0.643025279045105,6.0,2024-07-18
bg_39650,0.8817746043205261,0.3497726917266845,0.6617791056632996,10.0,2024-07-18
bg_39653,0.8989096879959106,0.3053642511367798,0.6450838446617126,10.0,2024-07-18
bg_39681,0.905213177204132,0.2648840546607971,0.5904608964920044,10.0,2024-07-18
bg_39722,0.8734580278396606,0.2832949459552765,0.5889951586723328,9.0,2024-07-18
bg_39725,0.664643406867981,0.1830682158470153,0.4177606403827667,7.0,2024-07-18
bg_39739,0.8563015460968018,0.1814092993736267,0.5010825395584106,7.0,2024-07-18
bg_39806,0.6644405126571655,0.2504633665084839,0.5221462249755859,2.0,2024-07-18
bg_39808,0.8010727167129517,0.2517657577991485,0.5553586483001709,6.0,2024-07-18
bg_39902,0.8781967759132385,0.2928837239742279,0.5829489231109619,12.0,2024-07-18
bg_40026,0.7428180575370789,0.2415671348571777,0.5849157571792603,5.0,2024-07-18
bg_40068,0.8484848737716675,0.2143992930650711,0.5253313779830933,5.0,2024-07-18
bg_40092,0.7954391837120056,0.1756543815135955,0.4901987314224243,10.0,2024-07-18
bg_40126,0.8750427961349487,0.2686438858509063,0.5904508233070374,4.0,2024-07-18
bg_40168,0.8130185604095459,0.2743729650974273,0.5975865721702576,8.0,2024-07-18
bg_40238,0.4915834665298462,0.3604060709476471,0.5501853227615356,3.0,2024-07-18
bg_40287,0.886993408203125,0.2841296195983886,0.6027507781982422,10.0,2024-07-18
bg_40303,0.8688316941261292,0.3502934575080871,0.6485711932182312,6.0,2024-07-18
bg_40360,0.8668588995933533,0.3606472909450531,0.6626555323600769,5.0,2024-07-18
bg_40362,0.8047925233840942,0.2710418999195099,0.5720416903495789,7.0,2024-07-18
bg_40459,0.8785544037818909,0.3083081245422363,0.6312481760978699,10.0,2024-07-18
bg_40483,0.8912226557731628,0.3521972894668579,0.6619390249252319,5.0,2024-07-18
bg_40555,0.8602167367935181,0.2662918865680694,0.5929128527641296,10.0,2024-07-18
bg_40557,0.9065122008323668,0.393071174621582,0.6854411363601685,8.0,2024-07-18
bg_40562,0.8955925107002258,0.2723124027252197,0.5971498489379883,10.0,2024-07-18
bg_40565,0.7937377095222473,0.2609513998031616,0.5277078151702881,10.0,2024-07-18
bg_40584,,,,,2024-07-18
bg_40636,0.8809413909912109,0.2762212455272674,0.614930272102356,10.0,2024-07-18
bg_40642,0.8933324217796326,0.3410906791687011,0.6303551197052002,4.0,2024-07-18
bg_40702,0.657416045665741,0.3455784320831299,0.5668567419052124,6.0,2024-07-18
bg_40707,0.7545454502105713,0.2606190145015716,0.565129280090332,3.0,2024-07-18
bg_40734,0.8144805431365967,0.3157131373882293,0.6031583547592163,14.0,2024-07-18
bg_40749,0.8326507806777954,0.2313177585601806,0.5338665843009949,6.0,2024-07-18
bg_40762,0.8664036393165588,0.3291710317134857,0.6377285718917847,12.0,2024-07-18
bg_40823,0.7227961421012878,0.3159010708332062,0.5739190578460693,10.0,2024-07-18
bg_40830,0.8293501734733582,0.1938198506832122,0.5270373821258545,12.0,2024-07-18
bg_40849,0.8852024674415588,0.3033432364463806,0.6248487830162048,6.0,2024-07-18
bg_40884,0.7327834367752075,0.3249883949756622,0.5926830172538757,6.0,2024-07-18
bg_40908,0.886415958404541,0.2699779868125915,0.6070888042449951,12.0,2024-07-18
bg_40919,0.8022307753562927,0.3550263941287994,0.6366167664527893,18.0,2024-07-18
bg_40977,0.800029993057251,0.2911421060562134,0.6118746399879456,19.0,2024-07-18
bg_40978,0.8786492347717285,0.2932478487491607,0.597136378288269,12.0,2024-07-18
bg_40995,0.6552218794822693,0.2841725945472717,0.5076714754104614,2.0,2024-07-18
bg_41035,,,,,2024-07-18
bg_41053,0.8884084224700928,0.3477120101451874,0.6699744462966919,2.0,2024-07-18
bg_41076,0.8150208592414856,0.2807859480381012,0.5812053680419922,6.0,2024-07-18
bg_41199,0.9123015999794006,0.3396603465080261,0.675933301448822,11.0,2024-07-18
bg_41220,0.8492950797080994,0.2976292073726654,0.6139159798622131,5.0,2024-07-18
bg_41248,0.7984954118728638,0.2500466704368591,0.5552973747253418,1.0,2024-07-18
bg_41267,0.9007148742675781,0.3145058155059814,0.6146341562271118,8.0,2024-07-18
bg_41300,0.8214645981788635,0.2439308911561966,0.5738924145698547,8.0,2024-07-18
bg_41332,0.776982307434082,0.1754259467124939,0.4918067157268524,12.0,2024-07-18
bg_41383,0.8709748387336731,0.2493885904550552,0.5735433101654053,2.0,2024-07-18
bg_41565,0.8783471584320068,0.3371554315090179,0.6302071213722229,2.0,2024-07-18
bg_41583,0.8801761865615845,0.2855421900749206,0.6006000638008118,11.0,2024-07-18
bg_41597,0.5855762362480164,0.298115462064743,0.5105498433113098,4.0,2024-07-18
bg_41614,0.7834886312484741,0.2962812781333923,0.6140651702880859,10.0,2024-07-18
bg_41667,0.7840304970741272,0.3081689178943634,0.6259676814079285,6.0,2024-07-18
bg_41703,0.9058902263641356,0.3388379216194153,0.6277199983596802,10.0,2024-07-18
bg_41725,0.8846198320388794,0.2900069653987884,0.6008467674255371,8.0,2024-07-18
bg_41795,0.5152021646499634,-0.0387324877083301,0.2018050253391266,2.0,2024-07-18
bg_41816,0.8821659684181213,0.3105537295341491,0.6438335180282593,6.0,2024-07-18
bg_41826,0.8579093217849731,0.2725701332092285,0.6072891354560852,8.0,2024-07-18
bg_41877,0.8725385665893555,0.2602186501026153,0.5816935896873474,10.0,2024-07-18
bg_41924,0.8546168804168701,0.2942588031291961,0.6276322603225708,5.0,2024-07-18
bg_41973,0.8920162916183472,0.3323939442634582,0.6301705837249756,12.0,2024-07-18
bg_41986,0.8358069658279419,0.3111246824264526,0.6298736929893494,6.0,2024-07-18
bg_41992,0.7556985020637512,0.2976649105548858,0.5784968137741089,6.0,2024-07-18
bg_42004,0.8217717409133911,0.2903496623039245,0.5897548198699951,6.0,2024-07-18
bg_42059,0.7367989420890808,0.3183284103870392,0.6106355786323547,4.0,2024-07-18
bg_42138,0.8358598947525024,0.2463594824075698,0.5797724723815918,9.0,2024-07-18
bg_42143,0.9001721143722534,0.3123328387737274,0.6331974864006042,15.0,2024-07-18
bg_42158,0.8152296543121338,0.2598918676376343,0.541861891746521,8.0,2024-07-18
bg_42190,0.836220920085907,0.3629545867443084,0.6813703775405884,8.0,2024-07-18
bg_42195,0.8881611227989197,0.3659606277942657,0.6714622378349304,12.0,2024-07-18
bg_42222,0.8785036206245422,0.3365375101566314,0.656502366065979,12.0,2024-07-18
bg_42234,0.904387354850769,0.336702287197113,0.6527519226074219,8.0,2024-07-18
bg_42329,0.9257485270500184,0.335733562707901,0.6563658714294434,9.0,2024-07-18
bg_42366,0.8474802374839783,0.2360284477472305,0.5506947040557861,14.0,2024-07-18
bg_42418,0.888164222240448,0.3115481436252594,0.6002768278121948,10.0,2024-07-18
bg_42430,0.8873254656791687,0.2903109490871429,0.6161817312240601,10.0,2024-07-18
bg_42438,0.7723149061203003,0.2230419218540191,0.5296427011489868,11.0,2024-07-18
bg_42483,0.7697645425796509,0.3099258542060852,0.5770077109336853,6.0,2024-07-18
bg_42525,0.8699098825454712,0.3413025438785553,0.6582303643226624,10.0,2024-07-18
bg_42529,0.91521817445755,0.3403055667877197,0.6566008925437927,8.0,2024-07-18
bg_42533,0.8968179821968079,0.3281521797180176,0.6373469829559326,4.0,2024-07-18
bg_42589,0.91621732711792,0.4156580567359924,0.707317054271698,5.0,2024-07-18
bg_42591,0.912578821182251,0.3303705751895904,0.6386871933937073,6.0,2024-07-18
bg_42592,0.8178917765617371,0.3134410083293915,0.5806177258491516,6.0,2024-07-18
bg_42625,0.635648250579834,0.1960769593715667,0.4193780124187469,6.0,2024-07-18
bg_42700,0.838837206363678,0.2795216739177704,0.5551387667655945,6.0,2024-07-18
bg_42715,0.7402089834213257,0.29458087682724,0.584784209728241,8.0,2024-07-18
bg_42719,0.7355432510375977,0.2229431122541427,0.5636138319969177,2.0,2024-07-18
bg_42743,0.7058050632476807,0.2475032657384872,0.5233163237571716,10.0,2024-07-18
bg_42773,0.8903377056121826,0.3225112855434418,0.6407272815704346,14.0,2024-07-18
bg_42826,0.8558759093284607,0.2281800508499145,0.5519869923591614,6.0,2024-07-18
bg_42844,0.3264392912387848,0.024712735787034,0.2748753428459167,6.0,2024-07-18
bg_42976,0.8072306513786316,0.4073290824890136,0.6696918606758118,10.0,2024-07-18
bg_42983,0.5646458864212036,0.1739179044961929,0.4415449798107147,2.0,2024-07-18
bg_42984,0.6547079682350159,0.0476813279092311,0.3186323344707489,8.0,2024-07-18
bg_43047,0.7575401067733765,0.297666847705841,0.5842747092247009,4.0,2024-07-18
bg_43140,0.8208144903182983,0.3809197247028351,0.6550589799880981,5.0,2024-07-18
bg_43214,0.8869892954826355,0.2892752587795257,0.6011034846305847,6.0,2024-07-18
bg_43233,0.8893925547599792,0.3183680176734924,0.6441692113876343,5.0,2024-07-18
bg_43280,0.8213005065917969,0.2468165606260299,0.5430148839950562,10.0,2024-07-18
bg_43381,0.8274078369140625,0.2050693184137344,0.5275389552116394,6.0,2024-07-18
bg_43446,0.8250893354415894,0.317805528640747,0.6044031381607056,13.0,2024-07-18
bg_43467,0.6500355005264282,0.2546858191490173,0.517097532749176,8.0,2024-07-18
bg_43523,0.8279833793640137,0.1945175528526306,0.4783839583396911,10.0,2024-07-18
bg_43527,0.8479540348052979,0.3145097494125366,0.6279523968696594,10.0,2024-07-18
bg_43572,0.8507146835327148,0.3978408575057983,0.7003890872001648,3.0,2024-07-18
bg_43602,0.9121216535568236,0.3301745653152466,0.6350257396697998,8.0,2024-07-18
bg_43624,0.7602776288986206,0.2978887259960174,0.5802666544914246,4.0,2024-07-18
bg_43625,0.6933393478393555,0.2763772904872894,0.5538363456726074,12.0,2024-07-18
bg_43647,0.9007301926612854,0.3724242746829986,0.6874827146530151,6.0,2024-07-18
bg_43696,0.8766570687294006,0.2748629748821258,0.5947754979133606,3.0,2024-07-18
bg_43720,0.8457872867584229,0.3149930536746979,0.6183558702468872,10.0,2024-07-18
bg_43735,0.8063642382621765,0.2757894694805145,0.5652683973312378,5.0,2024-07-18
bg_43786,0.8889470100402832,0.3170547187328338,0.6330003142356873,8.0,2024-07-18
bg_43809,0.8230712413787842,0.2288821190595626,0.5382466912269592,6.0,2024-07-18
bg_43900,0.8703931570053101,0.292644590139389,0.6245278120040894,10.0,2024-07-18
bg_43919,0.8528230786323547,0.2925240993499756,0.618234395980835,8.0,2024-07-18
bg_43988,0.760829746723175,0.2978093326091766,0.5718954205513,5.0,2024-07-18
bg_44037,0.9019218683242798,0.2322179526090622,0.5496296286582947,10.0,2024-07-18
bg_44048,0.8794777989387512,0.321307510137558,0.6462554931640625,6.0,2024-07-18
bg_44101,0.8772056698799133,0.279468297958374,0.5782361626625061,2.0,2024-07-18
bg_44128,0.9158713221549988,0.3586737811565399,0.6545994281768799,4.0,2024-07-18
bg_44221,0.8288700580596924,0.1558949947357177,0.4931142330169678,10.0,2024-07-18
bg_44238,0.6952099800109863,0.0478969290852546,0.3558275699615478,8.0,2024-07-18
bg_44278,0.8640000224113464,0.3117522895336151,0.632796049118042,1.0,2024-07-18
bg_44287,0.8346894979476929,0.3679988086223602,0.6298269033432007,7.0,2024-07-18
bg_44292,0.7956429719924927,0.2566405832767486,0.5359506011009216,14.0,2024-07-18
bg_44293,0.8542014360427856,0.1757451295852661,0.5235482454299927,7.0,2024-07-18
bg_44447,0.8382421731948853,0.239791914820671,0.5520031452178955,5.0,2024-07-18
bg_44473,0.8560755252838135,0.3606656491756439,0.6404833793640137,7.0,2024-07-18
bg_44478,0.8840991258621216,0.3045018017292022,0.6189948320388794,8.0,2024-07-18
bg_44495,0.589066207408905,0.0958403199911117,0.3735226690769195,6.0,2024-07-18
bg_44499,0.8541827201843262,0.2531722784042358,0.5568766593933105,2.0,2024-07-18
bg_44509,0.7797215580940247,0.2827736139297485,0.5804886817932129,18.0,2024-07-18
bg_44546,0.8687448501586914,0.3567599654197693,0.665509045124054,3.0,2024-07-18
bg_44586,0.8781744241714478,0.3575418889522552,0.6742125749588013,1.0,2024-07-18
bg_44587,0.8432719707489014,0.2609689235687256,0.5677242279052734,14.0,2024-07-18
bg_44610,0.8469366431236267,0.3459935188293457,0.6298373341560364,5.0,2024-07-18
bg_44697,0.7825818657875061,0.3264251053333282,0.6321633458137512,6.0,2024-07-18
bg_44763,0.8099524974822998,0.3620720505714416,0.6634031534194946,4.0,2024-07-18
bg_44789,0.8869606852531433,0.3431188762187958,0.6621969938278198,8.0,2024-07-18
bg_44818,0.8527907729148865,0.2116417437791824,0.5362971425056458,12.0,2024-07-18
bg_44879,0.9032193422317504,0.3613455295562744,0.6695302128791809,4.0,2024-07-18
bg_44932,0.8586095571517944,0.3191189765930176,0.6241090297698975,4.0,2024-07-18
bg_44952,0.8693923950195312,0.260908305644989,0.5756447911262512,4.0,2024-07-18
bg_44994,0.8154468536376953,0.2771110236644745,0.5866855978965759,12.0,2024-07-18
bg_44997,0.7315994501113892,0.2391587346792221,0.5159380435943604,3.0,2024-07-18
bg_45005,0.6043365001678467,0.3871316015720367,0.6713199019432068,12.0,2024-07-18
bg_45023,0.8721684813499451,0.3060026168823242,0.6027710437774658,4.0,2024-07-18
bg_45053,0.8189353942871094,0.2358328253030777,0.5577789545059204,10.0,2024-07-18
bg_45088,0.8079961538314819,0.2523610889911651,0.5626019239425659,10.0,2024-07-18
bg_45131,0.8831113576889038,0.3090337216854095,0.6201713681221008,12.0,2024-07-18
bg_45170,0.8516184687614441,0.2845050394535064,0.5977393388748169,6.0,2024-07-18
bg_45183,0.7567903399467468,0.2696967422962188,0.5571878552436829,4.0,2024-07-18
bg_45229,0.6970406770706177,0.2660034000873565,0.5145688652992249,6.0,2024-07-18
bg_45264,0.8712742924690247,0.3235004246234894,0.634933590888977,4.0,2024-07-18
bg_45278,0.8709677457809448,0.3000723123550415,0.633060872554779,1.0,2024-07-18
bg_45320,0.8032878041267395,0.30855593085289,0.6306286454200745,5.0,2024-07-18
bg_45325,0.8284621834754944,0.3140603899955749,0.630707859992981,8.0,2024-07-18
bg_45333,0.67708420753479,0.3400473892688751,0.6407362818717957,4.0,2024-07-18
bg_45344,,,,,2024-07-18
bg_45361,0.8394883275032043,0.1845462471246719,0.5117844939231873,8.0,2024-07-18
bg_45371,0.8210017085075378,0.315568059682846,0.6277230978012085,24.0,2024-07-18
bg_45394,0.8765198588371277,0.2835066318511963,0.5952641367912292,10.0,2024-07-18
bg_45409,0.8964069485664368,0.3474780917167663,0.6445839405059814,8.0,2024-07-18
bg_45421,0.895819365978241,0.298309177160263,0.6190476417541504,3.0,2024-07-18
bg_45422,0.9204334616661072,0.2682135999202728,0.6123260259628296,8.0,2024-07-18
bg_45441,0.8819735050201416,0.3281528353691101,0.6376128196716309,4.0,2024-07-18
bg_45476,,,,,2024-07-18
bg_45487,0.8793215751647949,0.2824182212352752,0.6187717914581299,8.0,2024-07-18
bg_45511,0.4518501460552215,0.1058514639735221,0.350833535194397,8.0,2024-07-18
bg_45578,0.8171363472938538,0.3218197822570801,0.627508819103241,4.0,2024-07-18
bg_45607,0.8776868581771851,0.3249377608299255,0.6152276396751404,12.0,2024-07-18
bg_45620,0.8844655156135559,0.3337404131889343,0.6460497379302979,10.0,2024-07-18
bg_45628,0.8369322419166565,0.2984838187694549,0.6145323514938354,4.0,2024-07-18
bg_45648,0.8150508403778076,0.2921965718269348,0.5820310711860657,4.0,2024-07-18
bg_45703,0.8716852068901062,0.2824141681194305,0.5918974876403809,6.0,2024-07-18
bg_45740,0.8316239714622498,0.1583559513092041,0.5003437995910645,12.0,2024-07-18
bg_45744,0.8145612478256226,0.3755676448345184,0.6788986921310425,14.0,2024-07-18
bg_45745,0.8520287275314331,0.2947475910186767,0.6239206790924072,10.0,2024-07-18
bg_45747,0.8699547052383423,0.3504835665225982,0.6702379584312439,6.0,2024-07-18
bg_45848,0.8656018376350403,0.3054032325744629,0.631885826587677,4.0,2024-07-18
bg_45867,0.7973068952560425,0.3489058911800384,0.6418300271034241,5.0,2024-07-18
bg_45903,0.8896871209144592,0.3499663174152374,0.6332805156707764,12.0,2024-07-18
bg_45952,0.8419764041900635,0.277012825012207,0.6021257042884827,24.0,2024-07-18
bg_45976,0.7465103268623352,0.2667681872844696,0.5254673361778259,4.0,2024-07-18
bg_46016,0.799987256526947,0.2700885534286499,0.5529385805130005,12.0,2024-07-18
bg_46023,0.7026239633560181,0.2227057814598083,0.501342236995697,2.0,2024-07-18
bg_46025,,,,,2024-07-18
bg_46030,0.8406228423118591,0.2989629507064819,0.5901088118553162,5.0,2024-07-18
bg_46136,0.8806946873664856,0.3259982466697693,0.6580775380134583,5.0,2024-07-18
bg_46138,0.8931739330291748,0.31142058968544,0.6286413073539734,10.0,2024-07-18
bg_46231,0.8648478388786316,0.2487440705299377,0.5933943390846252,8.0,2024-07-18
bg_46345,0.8537253737449646,0.3386038541793823,0.585441529750824,6.0,2024-07-18
bg_46347,0.8970356583595276,0.3357962667942047,0.6473016738891602,8.0,2024-07-18
bg_46358,0.8359425067901611,0.3530770242214203,0.650449275970459,28.0,2024-07-18
bg_46375,0.7835550308227539,0.240892007946968,0.5585135817527771,5.0,2024-07-18
bg_46471,0.902672529220581,0.3178317546844482,0.6554424166679382,10.0,2024-07-18
bg_46530,0.8402754068374634,0.3250647485256195,0.6274469494819641,14.0,2024-07-18
bg_46533,0.6828836798667908,0.2308430671691894,0.4438720643520355,4.0,2024-07-18
bg_46579,0.8560267090797424,0.3290787637233734,0.630468487739563,8.0,2024-07-18
bg_46592,0.8971045613288879,0.3454483151435852,0.6359884738922119,11.0,2024-07-18
bg_46593,0.8371947407722473,0.3411886394023895,0.6363063454627991,17.0,2024-07-18
bg_46631,0.8680447936058044,0.220578134059906,0.544976532459259,10.0,2024-07-18
bg_46687,0.7662270069122314,0.3080236315727234,0.5912748575210571,8.0,2024-07-18
bg_46702,0.8410941958427429,0.1781744956970214,0.491482526063919,6.0,2024-07-18
bg_46759,0.7602523565292358,0.2520555555820465,0.5427149534225464,5.0,2024-07-18
bg_46790,0.9081715941429138,0.3037173151969909,0.6083210110664368,4.0,2024-07-18
bg_46881,0.8738738894462585,0.2984749376773834,0.6264029741287231,5.0,2024-07-18
bg_46949,0.8900838494300842,0.3663499057292938,0.6758432984352112,2.0,2024-07-18
bg_46950,0.814797043800354,0.2640995979309082,0.5937530994415283,8.0,2024-07-18
bg_46958,,,,,2024-07-18
bg_47011,0.7061810493469238,0.2259802371263504,0.4844606816768646,15.0,2024-07-18
bg_47013,0.8591269850730896,0.3157982528209686,0.6253252625465393,5.0,2024-07-18
bg_47019,0.8159449100494385,0.2857540547847748,0.5918150544166565,6.0,2024-07-18
bg_47029,0.608493983745575,0.2665267586708069,0.5540223121643066,6.0,2024-07-18
bg_47043,0.8279463052749634,0.2704302370548248,0.547378420829773,4.0,2024-07-18
bg_47089,0.8646447658538818,0.2613138854503631,0.5766016840934753,3.0,2024-07-18
bg_47106,0.8840649724006653,0.3186216056346893,0.626125156879425,1.0,2024-07-18
bg_47181,0.8252907991409302,0.2861722111701965,0.5906583070755005,8.0,2024-07-18
bg_47198,0.8045260906219482,0.2775580585002899,0.6037775874137878,6.0,2024-07-18
bg_47239,0.8407430052757263,0.2440895438194275,0.5323485732078552,2.0,2024-07-18
bg_47240,0.8964476585388184,0.3031375408172607,0.6114354133605957,10.0,2024-07-18
bg_47255,0.8822722434997559,0.196160539984703,0.5236095786094666,10.0,2024-07-18
bg_47279,0.8596396446228027,0.3092915415763855,0.6220032572746277,6.0,2024-07-18
bg_47317,0.756855309009552,0.3121590912342071,0.6171667575836182,4.0,2024-07-18
bg_47346,0.8350133895874023,0.3949669897556305,0.686519205570221,5.0,2024-07-18
bg_47357,0.8912951350212097,0.3148300647735595,0.6410914063453674,6.0,2024-07-18
bg_47447,0.1073280274868011,0.0774039849638938,0.1458093374967575,8.0,2024-07-18
bg_47458,0.8700523972511292,0.3186428248882293,0.6249938011169434,2.0,2024-07-18
bg_47477,0.9069035053253174,0.3211689889431,0.6443668603897095,9.0,2024-07-18
bg_47502,0.7593737244606018,0.2562128901481628,0.5129271149635315,8.0,2024-07-18
bg_47541,0.7598405480384827,0.2377781569957733,0.5002259016036987,13.0,2024-07-18
bg_47572,0.8825324177742004,0.341533213853836,0.6363158822059631,4.0,2024-07-18
bg_47586,0.8489150404930115,0.3107649385929107,0.624387264251709,6.0,2024-07-18
bg_47612,0.9089022874832152,0.394795298576355,0.7132493853569031,4.0,2024-07-18
bg_47641,0.8880356550216675,0.3315199017524719,0.6534861326217651,3.0,2024-07-18
bg_47732,0.8768351078033447,0.3499556481838226,0.6433930397033691,4.0,2024-07-18
bg_47794,0.8000766038894653,0.3782447576522827,0.664600670337677,3.0,2024-07-18
bg_47830,0.1793978661298751,-0.0760000348091125,0.0319946855306625,10.0,2024-07-18
bg_47841,0.9050127267837524,0.3025442957878113,0.6126508712768555,10.0,2024-07-18
bg_47854,0.6962701678276062,0.2288444489240646,0.5301639437675476,8.0,2024-07-18
bg_47883,0.8561140298843384,0.2621818780899048,0.5818342566490173,6.0,2024-07-18
bg_47935,0.8896303772926331,0.3366012871265411,0.6385488510131836,1.0,2024-07-18
bg_47974,0.7927312254905701,0.3960500359535217,0.6814330220222473,2.0,2024-07-18
bg_47992,0.8766245245933533,0.2361578494310379,0.5717798471450806,12.0,2024-07-18
bg_48002,0.8352082967758179,0.3415154218673706,0.6524817943572998,28.0,2024-07-18
bg_48025,0.8517897725105286,0.2600421011447906,0.5705175399780273,10.0,2024-07-18
bg_48076,0.6482374668121338,0.3838512897491455,0.6206284761428833,2.0,2024-07-18
bg_48113,0.8837054967880249,0.303636759519577,0.6399801969528198,8.0,2024-07-18
bg_48138,0.8802903890609741,0.3367802500724792,0.6382262706756592,4.0,2024-07-18
bg_48145,0.8872888088226318,0.3413650393486023,0.6666669249534607,6.0,2024-07-18
bg_48155,0.9155398607254028,0.3665775954723358,0.6802816987037659,3.0,2024-07-18
bg_48190,0.8652002215385437,0.2824057936668396,0.5960602760314941,6.0,2024-07-18
bg_48243,0.8927242755889893,0.3111730515956878,0.6352375745773315,14.0,2024-07-18
bg_48342,0.8902977108955383,0.2636380791664123,0.5984611511230469,3.0,2024-07-18
bg_48364,0.9050389528274536,0.3494965732097626,0.6494483351707458,12.0,2024-07-18
bg_48377,0.8975136280059814,0.2689925134181976,0.538294792175293,3.0,2024-07-18
bg_48380,0.8418201804161072,0.3315057754516601,0.6453180909156799,9.0,2024-07-18
bg_48388,0.8800256252288818,0.3850418329238891,0.6838110089302063,6.0,2024-07-18
bg_48459,0.8598397374153137,0.401895523071289,0.6931164264678955,4.0,2024-07-18
bg_48508,0.7610507607460022,0.2601830065250397,0.5450542569160461,2.0,2024-07-18
bg_48563,0.8768866658210754,0.2684023678302765,0.6071903109550476,10.0,2024-07-18
bg_48589,0.8821065425872803,0.3108469843864441,0.6397897601127625,2.0,2024-07-18
bg_48619,0.5741389393806458,0.2940287888050079,0.5710317492485046,6.0,2024-07-18
bg_48667,0.8612843751907349,0.183388739824295,0.5065953731536865,6.0,2024-07-18
bg_48675,0.8267090916633606,0.3273646235466003,0.6171709895133972,3.0,2024-07-18
bg_48701,0.8779438734054565,0.3487277626991272,0.6616792678833008,5.0,2024-07-18
bg_48731,0.876688539981842,0.316972553730011,0.6299564838409424,10.0,2024-07-18
bg_48756,0.8656710982322693,0.2522825002670288,0.5938640832901001,12.0,2024-07-18
bg_48806,0.857549250125885,0.3379223048686981,0.6481302380561829,2.0,2024-07-18
bg_48842,0.8431196212768555,0.2339941412210464,0.5614901185035706,4.0,2024-07-18
bg_48859,0.8424606323242188,0.3656495213508606,0.650579571723938,5.0,2024-07-18
bg_48901,0.8517464399337769,0.2031602263450622,0.5437575578689575,12.0,2024-07-18
bg_48922,0.7063542604446411,0.3616588413715362,0.6059985160827637,4.0,2024-07-18
bg_49057,0.8707176446914673,0.3107942640781402,0.6241583228111267,6.0,2024-07-18
bg_49064,0.8306303024291992,0.2023204416036605,0.5246621370315552,4.0,2024-07-18
bg_49154,0.8740426898002625,0.3012694716453552,0.6397979259490967,4.0,2024-07-18
bg_49157,0.8472793698310852,0.2426103949546814,0.5573345422744751,10.0,2024-07-18
bg_49165,0.9078578948974608,0.397905021905899,0.6859098076820374,10.0,2024-07-18
bg_49190,0.8218163847923279,0.3136108517646789,0.6037799119949341,8.0,2024-07-18
bg_49256,0.8667670488357544,0.3114179670810699,0.639910101890564,8.0,2024-07-18
bg_49295,0.7255899906158447,0.0606151595711708,0.2981367707252502,2.0,2024-07-18
bg_49304,0.7825568914413452,0.2650070190429687,0.5500669479370117,16.0,2024-07-18
bg_49369,0.8815974593162537,0.2815974950790405,0.6001918911933899,8.0,2024-07-18
bg_49397,0.93586003780365,0.3625249862670898,0.6676433682441711,3.0,2024-07-18
bg_49412,0.8520833253860474,0.1421841531991958,0.4920279681682586,1.0,2024-07-18
bg_49425,0.8791706562042236,0.3674792349338531,0.677248477935791,8.0,2024-07-18
bg_49473,0.8934919238090515,0.3021712005138397,0.6321635246276855,12.0,2024-07-18
bg_49540,0.7894537448883057,0.2843791246414184,0.5860984921455383,6.0,2024-07-18
bg_49581,0.8278552889823914,0.2926549315452575,0.5980850458145142,2.0,2024-07-18
bg_49600,0.8420787453651428,0.3215597569942474,0.6249595880508423,10.0,2024-07-18
bg_49616,0.8530510663986206,0.3193828761577606,0.6280087828636169,3.0,2024-07-18
bg_49621,0.892471194267273,0.317165732383728,0.6264098882675171,14.0,2024-07-18
bg_49665,0.7576547265052795,0.2682311534881592,0.572924792766571,4.0,2024-07-18
bg_49672,0.8697602152824402,0.3032208979129791,0.6111822724342346,8.0,2024-07-18
bg_49726,0.7765405178070068,0.2717365324497223,0.5512775778770447,12.0,2024-07-18
bg_49735,0.9010357856750488,0.2940180897712707,0.5964661836624146,8.0,2024-07-18
bg_49840,0.8651362657546997,0.2743362784385681,0.5709969401359558,3.0,2024-07-18
bg_49900,0.8142257928848267,0.3086764216423034,0.5677201151847839,2.0,2024-07-18
bg_49934,0.8705435991287231,0.2462113052606582,0.5906942486763,2.0,2024-07-18
bg_270,0.8335637450218201,0.2091157883405685,0.5079187750816345,3.0,2024-08-02
bg_1045,0.8621633648872375,0.3258904814720154,0.6466801166534424,3.0,2024-08-02
bg_1214,0.8468447923660278,0.3258100748062134,0.669508695602417,3.0,2024-08-02
bg_2928,0.8567609786987305,0.295271635055542,0.5893028378486633,6.0,2024-08-02
bg_3032,0.8841168880462646,0.3474287688732147,0.6728339195251465,5.0,2024-08-02
bg_4176,0.8792569637298584,0.2720367908477783,0.6123877763748169,2.0,2024-08-02
bg_7655,0.8324316740036011,0.3235560059547424,0.6560754179954529,2.0,2024-08-02
bg_8225,0.855811595916748,0.3210312128067016,0.6355313658714294,6.0,2024-08-02
bg_9619,0.5004196763038635,0.1825469434261322,0.4153364598751068,2.0,2024-08-02
bg_9750,0.867711067199707,0.3077391684055328,0.6372305750846863,1.0,2024-08-02
bg_10279,0.8292253613471985,0.2987500131130218,0.6006162166595459,3.0,2024-08-02
bg_10343,0.8981391191482544,0.4040293395519256,0.7149373292922974,6.0,2024-08-02
bg_10345,0.8718307018280029,0.3665432333946228,0.6849969029426575,5.0,2024-08-02
bg_10349,0.8870172500610352,0.3893725574016571,0.7077523469924927,3.0,2024-08-02
bg_14441,0.8751267194747925,0.3331622183322906,0.6519438028335571,6.0,2024-08-02
bg_14494,0.7820067405700684,0.2580795884132385,0.5902742743492126,2.0,2024-08-02
bg_15062,0.6044421195983887,0.1992094814777374,0.4417867958545685,1.0,2024-08-02
bg_16224,0.8798344731330872,0.3066053390502929,0.624316394329071,2.0,2024-08-02
bg_16816,0.8889444470405579,0.3442506492137909,0.6757369637489319,5.0,2024-08-02
bg_17392,0.8309332728385925,0.2135114520788192,0.5408608913421631,6.0,2024-08-02
bg_18271,0.8993238210678101,0.3114995658397674,0.6288848519325256,5.0,2024-08-02
bg_18685,0.8368579745292664,0.2289921939373016,0.555271327495575,3.0,2024-08-02
bg_19988,0.8507211804389954,0.2605714797973633,0.6166229844093323,2.0,2024-08-02
bg_20191,0.8622865676879883,0.3546160757541656,0.6578123569488525,2.0,2024-08-02
bg_21993,0.8929071426391602,0.3151813745498657,0.637146532535553,4.0,2024-08-02
bg_24442,0.8619651794433594,0.3522424399852752,0.6825556755065918,4.0,2024-08-02
bg_24522,0.8844612240791321,0.2904452681541443,0.6263736486434937,3.0,2024-08-02
bg_25488,,,,,2024-08-02
bg_26593,0.7894737124443054,0.228944256901741,0.5270175337791443,7.0,2024-08-02
bg_26865,0.8517967462539673,0.3452144861221313,0.641363799571991,6.0,2024-08-02
bg_28183,0.9171993732452391,0.2638972699642181,0.6077274084091187,3.0,2024-08-02
bg_28969,0.8135151863098145,0.257845789194107,0.5783412456512451,2.0,2024-08-02
bg_29251,0.8570882678031921,0.3142466247081756,0.6442930102348328,2.0,2024-08-02
bg_29468,0.7145161032676697,0.3003057837486267,0.6115216612815857,1.0,2024-08-02
bg_30365,0.8445186614990234,0.2896090149879455,0.6201591491699219,2.0,2024-08-02
bg_32824,,,,,2024-08-02
bg_33905,0.7809647917747498,0.2945047318935394,0.5833005309104919,11.0,2024-08-02
bg_34013,0.8967850804328918,0.345607727766037,0.6728222370147705,3.0,2024-08-02
bg_34699,0.7924395203590393,0.2704277038574219,0.5566884279251099,3.0,2024-08-02
bg_35199,0.8992511630058289,0.3561716377735138,0.6655822992324829,5.0,2024-08-02
bg_36882,0.9080209732055664,0.3319051265716553,0.6537102460861206,3.0,2024-08-02
bg_38310,0.8418243527412415,0.3192337453365326,0.6174370646476746,5.0,2024-08-02
bg_39069,0.8406748175621033,0.3319168388843536,0.6305146813392639,3.0,2024-08-02
bg_39630,0.8871668577194214,0.3666873276233673,0.6887770891189575,6.0,2024-08-02
bg_41231,0.8185443878173828,0.3101095557212829,0.5693697333335876,3.0,2024-08-02
bg_41646,0.8902003765106201,0.3284912109375,0.628960371017456,2.0,2024-08-02
bg_46099,,,,,2024-08-02
bg_47205,0.8719744682312012,0.3385252654552459,0.660443902015686,6.0,2024-08-02
bg_47318,0.5128535032272339,0.3206171095371246,0.5604905486106873,1.0,2024-08-02
bg_47568,0.6394101977348328,0.3458046615123749,0.603408694267273,3.0,2024-08-02
bg_47946,0.8413543105125427,0.3368055522441864,0.6690265536308289,5.0,2024-08-02
bg_11815,0.8942639827728271,0.2986599504947662,0.5953865647315979,10.0,2024-08-17
bg_12193,0.8947958946228027,0.3555183112621307,0.6539381146430969,10.0,2024-08-17
bg_24948,0.8901539444923401,0.3504155278205871,0.6626993417739868,12.0,2024-08-17
bg_31889,0.8706772923469543,0.2684199512004852,0.5657159686088562,14.0,2024-08-17
bg_32292,0.8432342410087585,0.2634245753288269,0.5133839845657349,14.0,2024-08-17
bg_36334,0.8907520174980164,0.2887133359909057,0.6019157767295837,14.0,2024-08-17
bg_39686,0.8882142901420593,0.2911574244499206,0.6087817549705505,10.0,2024-08-17
bg_39820,0.9068154096603394,0.3059562444686889,0.6126404404640198,10.0,2024-08-17
bg_590,0.8824360370635986,0.3748992383480072,0.6560674905776978,7.0,2024-08-22
bg_1148,0.8596087694168091,0.2477731257677078,0.5947955250740051,7.0,2024-08-22
bg_2068,0.8730702996253967,0.3281978666782379,0.664081335067749,5.0,2024-08-22
bg_2748,0.8463283181190491,0.2296511679887771,0.571760356426239,5.0,2024-08-22
bg_3137,0.8642759919166565,0.2910727560520172,0.5992885828018188,4.0,2024-08-22
bg_3238,0.875662624835968,0.3287447988986969,0.6516019701957703,5.0,2024-08-22
bg_4631,0.865793764591217,0.3020415902137756,0.6132387518882751,7.0,2024-08-22
bg_5692,0.8846186399459839,0.3381196558475494,0.6561861634254456,6.0,2024-08-22
bg_7078,0.8673874139785767,0.2995820045471191,0.6390845775604248,6.0,2024-08-22
bg_7761,0.8769751787185669,0.3190518021583557,0.6502108573913574,7.0,2024-08-22
bg_10102,0.8471590876579285,0.2732240259647369,0.5937211513519287,7.0,2024-08-22
bg_10747,0.8562533259391785,0.2924335300922394,0.6157892942428589,6.0,2024-08-22
bg_12863,0.8545632362365723,0.3288480639457702,0.637848973274231,6.0,2024-08-22
bg_14079,0.7675991058349609,0.2220296412706375,0.5074549913406372,7.0,2024-08-22
bg_17197,0.8939912915229797,0.3832669258117676,0.6818445920944214,5.0,2024-08-22
bg_18092,0.8736692667007446,0.317103624343872,0.6366104483604431,5.0,2024-08-22
bg_18629,0.5862069129943848,0.1878152191638946,0.4354965090751648,7.0,2024-08-22
bg_20447,0.8727326393127441,0.3455889821052551,0.6523948907852173,6.0,2024-08-22
bg_22869,0.904611110687256,0.3536449074745178,0.6652275919914246,7.0,2024-08-22
bg_23335,0.2456060349941253,0.1149026006460189,0.1922942698001861,2.0,2024-08-22
bg_24261,0.8592264652252197,0.321867972612381,0.6347805261611938,6.0,2024-08-22
bg_24544,0.872346043586731,0.3314071297645569,0.654442310333252,4.0,2024-08-22
bg_24850,0.8717156052589417,0.3326313495635986,0.6247013211250305,7.0,2024-08-22
bg_26018,0.8761017322540283,0.3070175349712372,0.6518846750259399,5.0,2024-08-22
bg_26943,0.8554192781448364,0.3215498626232147,0.6166142821311951,6.0,2024-08-22
bg_27982,0.8718833327293396,0.32008957862854,0.6486325860023499,4.0,2024-08-22
bg_30040,0.8803185224533081,0.3345803022384643,0.6584802269935608,6.0,2024-08-22
bg_30730,0.5139959454536438,0.1381334811449051,0.2826361954212188,6.0,2024-08-22
bg_32246,0.875076174736023,0.2569671869277954,0.6110962629318237,5.0,2024-08-22
bg_32703,0.5866069793701172,0.1551995426416397,0.4378773868083954,2.0,2024-08-22
bg_34052,0.8798705339431763,0.2773953676223755,0.607867419719696,4.0,2024-08-22
bg_35108,0.8378773331642151,0.2916289865970611,0.5918650031089783,5.0,2024-08-22
bg_35568,0.8757060766220093,0.3175143301486969,0.6210904121398926,2.0,2024-08-22
bg_35760,0.8933901786804199,0.2765871882438659,0.6194105744361877,7.0,2024-08-22
bg_37237,0.872953474521637,0.325842797756195,0.656756579875946,6.0,2024-08-22
bg_38537,0.879539430141449,0.3040705621242523,0.6309278011322021,5.0,2024-08-22
bg_38741,0.8949906229972839,0.3158615231513977,0.65854811668396,5.0,2024-08-22
bg_39937,0.8891317248344421,0.3217106163501739,0.6409083604812622,6.0,2024-08-22
bg_45887,0.5838200449943542,0.1587380915880203,0.4002123177051544,7.0,2024-08-22
bg_3345,0.8806007504463196,0.3033192157745361,0.6130530834197998,10.0,2024-08-27
bg_10734,0.8444684743881226,0.288079172372818,0.6050115823745728,4.0,2024-08-27
bg_17853,0.8882119059562683,0.2929439544677734,0.6296967267990112,3.0,2024-08-27
bg_19682,0.8890544176101685,0.3713046014308929,0.6657049655914307,12.0,2024-08-27
bg_34943,0.8997881412506104,0.3229740560054779,0.6327826380729675,12.0,2024-08-27
bg_42799,0.6927434802055359,0.2173507362604141,0.4557645618915558,11.0,2024-08-27
bg_48656,0.8683996796607971,0.2822299599647522,0.6025083065032959,1.0,2024-08-27
bg_49158,0.8736759424209595,0.3385004103183746,0.6671563386917114,7.0,2024-08-27
bg_248,0.866438627243042,0.3080788552761078,0.6275379657745361,14.0,2024-09-01
bg_472,0.8674723505973816,0.3443377315998077,0.6481128931045532,22.0,2024-09-01
bg_1255,0.8806352615356445,0.3031875491142273,0.6289089322090149,5.0,2024-09-01
bg_1295,0.8693828582763672,0.3205128014087677,0.625846803188324,7.0,2024-09-01
bg_2207,0.906804382801056,0.3392477631568908,0.6495580077171326,36.0,2024-09-01
bg_2228,0.8507462739944458,0.3793445825576782,0.6713582873344421,13.0,2024-09-01
bg_2237,0.8703439831733704,0.3654985427856445,0.6756551861763,30.0,2024-09-01
bg_2282,0.8585391044616699,0.245550736784935,0.5677061676979065,40.0,2024-09-01
bg_2633,0.8330761790275574,0.2620353698730469,0.5659999847412109,42.0,2024-09-01
bg_2844,0.7996160387992859,0.272529274225235,0.5574763417243958,20.0,2024-09-01
bg_3320,0.8614597916603088,0.3198433220386505,0.6369927525520325,11.0,2024-09-01
bg_3499,0.9209088683128356,0.3313906192779541,0.6471477150917053,7.0,2024-09-01
bg_3564,0.886099636554718,0.3752533197402954,0.6894857883453369,20.0,2024-09-01
bg_3573,0.8746244311332703,0.354862630367279,0.6620568633079529,14.0,2024-09-01
bg_3623,0.8015983700752258,0.3178401589393616,0.5887384414672852,8.0,2024-09-01
bg_3688,0.7926997542381287,0.2889838218688965,0.5401653051376343,12.0,2024-09-01
bg_3706,0.8692591786384583,0.3900738954544067,0.669600784778595,14.0,2024-09-01
bg_3767,0.5364580154418945,0.225069522857666,0.4169630110263824,2.0,2024-09-01
bg_4235,0.8658940196037292,0.3296598792076111,0.6518299579620361,14.0,2024-09-01
bg_4249,0.8311218023300171,0.3099031150341034,0.6331713795661926,20.0,2024-09-01
bg_4353,0.8627700209617615,0.3503606617450714,0.6513442993164062,8.0,2024-09-01
bg_4415,0.8866246342658997,0.3607284426689148,0.6685125827789307,18.0,2024-09-01
bg_5209,0.8614956736564636,0.2168640494346618,0.5638375878334045,8.0,2024-09-01
bg_5301,0.8787264227867126,0.3433691561222076,0.6432964205741882,7.0,2024-09-01
bg_5331,0.8804541230201721,0.2672058939933777,0.5721893310546875,6.0,2024-09-01
bg_5427,0.9049946665763856,0.405802309513092,0.6788941621780396,14.0,2024-09-01
bg_5510,0.8373956084251404,0.2628335356712341,0.5856025815010071,16.0,2024-09-01
bg_5632,0.7285700440406799,0.2083583772182464,0.4956374764442444,16.0,2024-09-01
bg_5772,0.7875673770904541,0.3449764847755432,0.6063739061355591,14.0,2024-09-01
bg_5785,0.8954108953475952,0.3664454817771911,0.6791720390319824,11.0,2024-09-01
bg_5938,0.8446894288063049,0.3769399225711822,0.6592362523078918,16.0,2024-09-01
bg_6150,0.8971491456031799,0.3935141563415527,0.6964322924613953,32.0,2024-09-01
bg_6314,0.8966095447540283,0.4026686251163482,0.6951678395271301,10.0,2024-09-01
bg_6538,0.8972477316856384,0.3622624576091766,0.6756066083908081,9.0,2024-09-01
bg_7165,0.8886603116989136,0.3092426359653473,0.622448205947876,22.0,2024-09-01
bg_7424,0.866687536239624,0.3310342729091644,0.623680591583252,20.0,2024-09-01
bg_7717,0.8169306516647339,0.2750847041606903,0.5821735858917236,20.0,2024-09-01
bg_7876,0.8885979652404785,0.3272482752799988,0.6234529614448547,12.0,2024-09-01
bg_8012,0.8827113509178162,0.3570306003093719,0.6461849808692932,15.0,2024-09-01
bg_8076,0.8952627182006836,0.405759334564209,0.6980170607566833,18.0,2024-09-01
bg_8200,0.8741745948791504,0.2739981412887573,0.6237594485282898,8.0,2024-09-01
bg_8397,0.8701831102371216,0.2972608208656311,0.6017048954963684,10.0,2024-09-01
bg_9672,0.4671833217144012,0.1873183846473693,0.3823114335536957,2.0,2024-09-01
bg_9783,0.867641806602478,0.3438989222049713,0.664634644985199,18.0,2024-09-01
bg_10309,0.8620093464851379,0.3236845433712005,0.6168010830879211,19.0,2024-09-01
bg_10528,0.7978962659835815,0.194427415728569,0.4828464090824127,18.0,2024-09-01
bg_10690,0.8281852602958679,0.3199272155761719,0.6381324529647827,16.0,2024-09-01
bg_11303,0.8754015564918518,0.364695280790329,0.6705062389373779,12.0,2024-09-01
bg_11425,0.8860214948654175,0.329279214143753,0.6413427591323853,9.0,2024-09-01
bg_11527,0.8943290710449219,0.3909159004688263,0.6765653491020203,16.0,2024-09-01
bg_11612,0.8704257011413574,0.3309585154056549,0.6403260827064514,18.0,2024-09-01
bg_12024,0.9209851026535034,0.4491033554077148,0.7279619574546814,5.0,2024-09-01
bg_12128,0.8223824501037598,0.3802966177463531,0.6625158190727234,14.0,2024-09-01
bg_12204,0.8693323135375977,0.2897447347640991,0.6357724070549011,8.0,2024-09-01
bg_12210,0.8817651867866516,0.3160172998905182,0.6269112825393677,9.0,2024-09-01
bg_12707,0.8625454902648926,0.3619503676891327,0.6726622581481934,10.0,2024-09-01
bg_12780,0.7029457092285156,0.241022989153862,0.5537406206130981,7.0,2024-09-01
bg_13111,0.8963515758514404,0.3785989880561828,0.6779183745384216,36.0,2024-09-01
bg_13135,0.8735440969467163,0.3253118097782135,0.5937885642051697,9.0,2024-09-01
bg_13141,0.8344228267669678,0.3460143208503723,0.6517260670661926,18.0,2024-09-01
bg_13538,0.8960153460502625,0.3608081340789795,0.676135241985321,12.0,2024-09-01
bg_13573,0.8910737633705139,0.3500170409679413,0.6442638635635376,6.0,2024-09-01
bg_13607,0.8645557761192322,0.3624003231525421,0.6580595970153809,12.0,2024-09-01
bg_14005,0.7800391316413879,0.3658250272274017,0.6362996697425842,11.0,2024-09-01
bg_14674,0.9005894064903259,0.340257465839386,0.6479856371879578,4.0,2024-09-01
bg_14754,0.8427494764328003,0.3074477016925812,0.6143955588340759,8.0,2024-09-01
bg_15070,0.8653159737586975,0.2728892862796783,0.5566076636314392,20.0,2024-09-01
bg_15237,0.8488805890083313,0.3453772664070129,0.6604499816894531,26.0,2024-09-01
bg_15312,0.8477954268455505,0.2872546315193176,0.5909197330474854,10.0,2024-09-01
bg_15344,0.882084310054779,0.3280298411846161,0.6244052648544312,6.0,2024-09-01
bg_15401,0.827822208404541,0.3056790828704834,0.5938747525215149,10.0,2024-09-01
bg_15734,0.8996167182922363,0.3476386964321136,0.6591383814811707,6.0,2024-09-01
bg_16114,0.8503057956695557,0.3600605428218841,0.6834616661071777,10.0,2024-09-01
bg_16153,0.8590220212936401,0.3462084233760834,0.6378009915351868,6.0,2024-09-01
bg_16217,0.9092543125152588,0.3414867222309112,0.6553651094436646,8.0,2024-09-01
bg_16336,0.9083470702171326,0.3684256374835968,0.6665806770324707,4.0,2024-09-01
bg_16612,0.904127299785614,0.3818131387233734,0.6865822076797485,20.0,2024-09-01
bg_16762,0.892689049243927,0.3479664325714111,0.6704362034797668,13.0,2024-09-01
bg_16937,0.5938183665275574,0.2467308789491653,0.4142484664916992,6.0,2024-09-01
bg_16952,0.8509180545806885,0.3361646234989166,0.6229845881462097,24.0,2024-09-01
bg_16986,0.9007267355918884,0.3633032739162445,0.6632642149925232,20.0,2024-09-01
bg_17340,0.902214765548706,0.3321138918399811,0.6071467995643616,18.0,2024-09-01
bg_17902,0.8819481730461121,0.3130394220352173,0.6255308389663696,38.0,2024-09-01
bg_18024,0.8925987482070923,0.2976616621017456,0.6066070795059204,8.0,2024-09-01
bg_18087,0.8758878111839294,0.3719207644462585,0.6599395275115967,22.0,2024-09-01
bg_18143,0.8903407454490662,0.3521907925605774,0.6461400985717773,5.0,2024-09-01
bg_18384,0.9223659634590148,0.3690204918384552,0.6634085774421692,23.0,2024-09-01
bg_18407,0.886559784412384,0.3527062535285949,0.6726382970809937,20.0,2024-09-01
bg_18535,0.8957849144935608,0.3797496259212494,0.6822697520256042,18.0,2024-09-01
bg_19210,0.8873949646949768,0.322079062461853,0.6313725709915161,19.0,2024-09-01
bg_19625,0.8201606869697571,0.38077113032341,0.6464688777923584,21.0,2024-09-01
bg_19800,0.8639447689056396,0.3348065912723541,0.6595093607902527,26.0,2024-09-01
bg_19894,0.8204694986343384,0.3305567502975464,0.6036102175712585,18.0,2024-09-01
bg_19954,0.7609883546829224,0.2151658535003662,0.529270589351654,42.0,2024-09-01
bg_20259,0.879682183265686,0.3248407542705536,0.6456456184387207,7.0,2024-09-01
bg_20310,0.8325028419494629,0.3105301260948181,0.6199067831039429,12.0,2024-09-01
bg_21038,0.8664727210998535,0.376377671957016,0.673029363155365,22.0,2024-09-01
bg_21119,0.8557620644569397,0.3203431665897369,0.6336390376091003,7.0,2024-09-01
bg_21192,0.8580889105796814,0.311602383852005,0.5993485450744629,3.0,2024-09-01
bg_21335,0.9128323197364808,0.4044787585735321,0.6966546773910522,14.0,2024-09-01
bg_21362,0.8793479800224304,0.3557823896408081,0.6555612087249756,20.0,2024-09-01
bg_21488,0.907051146030426,0.3961716890335083,0.6950536370277405,12.0,2024-09-01
bg_21625,0.875286340713501,0.3161434829235077,0.6028520464897156,17.0,2024-09-01
bg_21683,0.871652364730835,0.3490307927131653,0.6488372087478638,17.0,2024-09-01
bg_21736,0.8736842274665833,0.326054573059082,0.6364681124687195,7.0,2024-09-01
bg_22069,0.7684696912765503,0.3318386673927307,0.661845326423645,4.0,2024-09-01
bg_22095,0.8766976594924927,0.3456615805625915,0.6440564393997192,12.0,2024-09-01
bg_22247,0.6300703287124634,0.3149055242538452,0.5662018656730652,4.0,2024-09-01
bg_22311,0.8806526064872742,0.3997160494327545,0.6909240484237671,20.0,2024-09-01
bg_23051,0.8943706750869751,0.3819332122802734,0.6722280979156494,16.0,2024-09-01
bg_23369,0.8777467608451843,0.3797431886196136,0.678279459476471,14.0,2024-09-01
bg_23791,0.3431442975997925,0.061131976544857,0.2761256992816925,6.0,2024-09-01
bg_23875,0.8367347121238708,0.2770349383354187,0.6087859869003296,15.0,2024-09-01
bg_23918,0.8662859797477722,0.3909717500209808,0.6748379468917847,16.0,2024-09-01
bg_24390,0.8253790140151978,0.2459142506122589,0.5282479524612427,17.0,2024-09-01
bg_24664,0.850527286529541,0.3015872836112976,0.6173070073127747,13.0,2024-09-01
bg_24687,0.8643752336502075,0.3624984622001648,0.6588728427886963,18.0,2024-09-01
bg_24703,0.8785942792892456,0.3848666548728943,0.6664451956748962,19.0,2024-09-01
bg_25077,0.8977342247962952,0.3513942956924438,0.6496405005455017,22.0,2024-09-01
bg_25115,0.8998640775680542,0.3886862099170685,0.6963796019554138,24.0,2024-09-01
bg_25277,0.8990451097488403,0.3720486760139465,0.6705312132835388,14.0,2024-09-01
bg_25555,0.8792990446090698,0.3180486559867859,0.651600182056427,4.0,2024-09-01
bg_25627,0.8788908123970032,0.3856796622276306,0.6836809515953064,24.0,2024-09-01
bg_25650,0.8728391528129578,0.232549712061882,0.5577152967453003,9.0,2024-09-01
bg_25788,0.8979406952857971,0.4181413054466247,0.714777410030365,12.0,2024-09-01
bg_25790,0.8331149220466614,0.3750344514846802,0.640186071395874,20.0,2024-09-01
bg_26357,0.8864473700523376,0.2719913721084595,0.6274173259735107,8.0,2024-09-01
bg_26432,0.8470646142959595,0.2847272455692291,0.5841678977012634,38.0,2024-09-01
bg_26724,0.8986615538597107,0.3895749747753143,0.6862592697143555,9.0,2024-09-01
bg_26868,0.2662538588047027,0.0903032273054122,0.2552657127380371,15.0,2024-09-01
bg_26962,0.878456175327301,0.321747213602066,0.6303055882453918,14.0,2024-09-01
bg_27014,0.8578323721885681,0.2891701161861419,0.605013906955719,20.0,2024-09-01
bg_27258,0.8784857392311096,0.3747171759605407,0.6846605539321899,18.0,2024-09-01
bg_27259,0.8655098080635071,0.3929815292358398,0.7073327898979187,12.0,2024-09-01
bg_27278,0.853699803352356,0.279739648103714,0.5595019459724426,15.0,2024-09-01
bg_27498,0.6966192722320557,0.2043514102697372,0.5176664590835571,12.0,2024-09-01
bg_27602,0.8703150749206543,0.3226979970932007,0.6202381253242493,18.0,2024-09-01
bg_27731,0.9036459922790528,0.3099317550659179,0.6359878778457642,8.0,2024-09-01
bg_28346,0.8689534664154053,0.3147644400596618,0.616308867931366,38.0,2024-09-01
bg_28785,0.9079310894012452,0.3103269636631012,0.6407180428504944,8.0,2024-09-01
bg_28798,0.8460902571678162,0.3135333061218261,0.6128522157669067,14.0,2024-09-01
bg_28817,0.9002546668052673,0.3910852074623108,0.7043612599372864,9.0,2024-09-01
bg_29522,0.9058550000190736,0.3991708159446716,0.6913833618164062,16.0,2024-09-01
bg_29562,0.8434966206550598,0.2948790192604065,0.6059312224388123,14.0,2024-09-01
bg_30149,0.8663579225540161,0.3045310974121094,0.6160043478012085,20.0,2024-09-01
bg_30960,0.8660792708396912,0.3378378450870514,0.6544808745384216,5.0,2024-09-01
bg_30989,0.882943868637085,0.3526196181774139,0.6554161906242371,14.0,2024-09-01
bg_31021,0.7925183176994324,0.2247936576604843,0.5422865152359009,9.0,2024-09-01
bg_31064,0.8956197500228882,0.3377971053123474,0.6617363095283508,9.0,2024-09-01
bg_31099,0.8122380375862122,0.2698205709457397,0.6032955646514893,17.0,2024-09-01
bg_31558,0.8328649401664734,0.3049040138721466,0.5873162746429443,6.0,2024-09-01
bg_31615,0.8176161050796509,0.2777405679225921,0.5807394981384277,12.0,2024-09-01
bg_31696,0.9038636088371276,0.3839622735977173,0.7059995532035828,9.0,2024-09-01
bg_31790,0.8830459713935852,0.3953292667865753,0.7105185985565186,12.0,2024-09-01
bg_32122,0.8997949361801147,0.3755922019481659,0.6717766523361206,16.0,2024-09-01
bg_32173,0.8466838598251343,0.3506079614162445,0.6784688830375671,21.0,2024-09-01
bg_32216,0.9008966684341432,0.3501945436000824,0.6481271386146545,5.0,2024-09-01
bg_32290,0.8048424124717712,0.3348678648471832,0.6372864246368408,20.0,2024-09-01
bg_32563,0.876562237739563,0.3524311184883117,0.6375921964645386,14.0,2024-09-01
bg_32643,0.8650198578834534,0.3067495822906494,0.6311728358268738,11.0,2024-09-01
bg_32896,0.9054058790206908,0.3489847481250763,0.6614354252815247,20.0,2024-09-01
bg_33115,0.8773451447486877,0.363955020904541,0.6786333918571472,16.0,2024-09-01
bg_33558,0.9289436340332032,0.4131212532520294,0.7009037733078003,8.0,2024-09-01
bg_33729,0.8899633884429932,0.3147465586662292,0.6461344957351685,18.0,2024-09-01
bg_33964,0.9096997380256652,0.3989679515361786,0.6847395300865173,14.0,2024-09-01
bg_34144,0.7627118825912476,0.2795304656028747,0.5320217609405518,21.0,2024-09-01
bg_34191,0.8664276003837585,0.3453416228294372,0.6636471152305603,13.0,2024-09-01
bg_34373,0.8930183053016663,0.3104763925075531,0.6182059645652771,4.0,2024-09-01
bg_34782,0.8945888876914978,0.3868312537670135,0.689223051071167,9.0,2024-09-01
bg_35245,0.8819711804389954,0.3628773093223572,0.6636309623718262,22.0,2024-09-01
bg_35317,0.8828828930854797,0.3485322594642639,0.6347543001174927,9.0,2024-09-01
bg_35319,0.8903130888938904,0.3498507440090179,0.6695365905761719,16.0,2024-09-01
bg_35754,0.8633999228477478,0.3227735757827759,0.6247766613960266,5.0,2024-09-01
bg_35840,0.8440175652503967,0.3266506493091583,0.6204478740692139,20.0,2024-09-01
bg_36031,0.8863735795021057,0.3608295321464538,0.6599463820457458,16.0,2024-09-01
bg_36369,0.7765206694602966,0.2671315670013428,0.5753958225250244,10.0,2024-09-01
bg_36519,0.8336032629013062,0.2531730830669403,0.5493304133415222,18.0,2024-09-01
bg_36719,0.8244251012802124,0.3090645968914032,0.620948851108551,16.0,2024-09-01
bg_36910,0.8745188117027283,0.367913544178009,0.6914856433868408,10.0,2024-09-01
bg_36974,0.8860558271408081,0.3551159203052521,0.6500521898269653,20.0,2024-09-01
bg_37071,0.8530913591384888,0.3871544897556305,0.669028103351593,10.0,2024-09-01
bg_37122,0.8718208074569702,0.349172979593277,0.6587188839912415,10.0,2024-09-01
bg_37132,0.8386269211769104,0.2957669496536255,0.6080366373062134,14.0,2024-09-01
bg_37150,0.8743812441825867,0.3662512004375458,0.6719626784324646,20.0,2024-09-01
bg_37253,0.8959850668907166,0.4055740535259247,0.7002379298210144,18.0,2024-09-01
bg_37538,0.8335195779800415,0.2778196632862091,0.5625741481781006,18.0,2024-09-01
bg_37548,0.8948686122894287,0.3391688764095306,0.6502785086631775,16.0,2024-09-01
bg_37589,0.835387647151947,0.3421988487243652,0.6596558094024658,3.0,2024-09-01
bg_38006,0.8936206698417664,0.3701767325401306,0.6743156909942627,12.0,2024-09-01
bg_38099,0.8896217942237854,0.3555136620998382,0.6784232258796692,7.0,2024-09-01
bg_38306,0.8710598349571228,0.289474219083786,0.5569325089454651,38.0,2024-09-01
bg_38481,0.8987398743629456,0.349979966878891,0.6883115172386169,2.0,2024-09-01
bg_38501,0.8644154667854309,0.3176043629646301,0.6243933439254761,11.0,2024-09-01
bg_38507,0.8553137183189392,0.3014023900032043,0.628871500492096,29.0,2024-09-01
bg_38924,0.8691350817680359,0.2706329226493835,0.6039834022521973,4.0,2024-09-01
bg_39056,0.840761125087738,0.3098782002925873,0.6342290639877319,15.0,2024-09-01
bg_39295,0.8370682001113892,0.3276840150356293,0.6305344700813293,22.0,2024-09-01
bg_39331,0.7340205907821655,0.2715932726860046,0.5566866993904114,13.0,2024-09-01
bg_39505,0.5863615870475769,0.1563113033771515,0.3368619978427887,3.0,2024-09-01
bg_40159,0.8885127305984497,0.3707462549209595,0.6850584149360657,11.0,2024-09-01
bg_40416,0.8450385332107544,0.334540843963623,0.6568694114685059,21.0,2024-09-01
bg_40563,0.898764431476593,0.3742968440055847,0.6868596076965332,17.0,2024-09-01
bg_40795,0.8749393820762634,0.3367893397808075,0.6628668308258057,9.0,2024-09-01
bg_40921,0.869125247001648,0.3749788999557495,0.6935615539550781,11.0,2024-09-01
bg_41122,0.8973668813705444,0.3386628627777099,0.6406975388526917,12.0,2024-09-01
bg_41445,0.8815783858299255,0.3875403702259063,0.684926450252533,18.0,2024-09-01
bg_41500,0.889197587966919,0.3772609829902649,0.6871154308319092,17.0,2024-09-01
bg_41864,0.8937484622001648,0.3556903302669525,0.6818280816078186,11.0,2024-09-01
bg_42062,0.8594594597816467,0.3247312009334564,0.6408945918083191,15.0,2024-09-01
bg_42291,0.664496660232544,0.2104376852512359,0.4820354580879211,12.0,2024-09-01
bg_42403,0.862041175365448,0.2741627991199493,0.5896739363670349,5.0,2024-09-01
bg_42520,0.8591124415397644,0.3168520629405975,0.622668981552124,22.0,2024-09-01
bg_42611,0.8189300298690796,0.3195248246192932,0.623981773853302,13.0,2024-09-01
bg_42803,0.8822906017303467,0.3591802418231964,0.6387926936149597,14.0,2024-09-01
bg_42920,0.8665264248847961,0.3355825841426849,0.6327195763587952,14.0,2024-09-01
bg_42996,0.8992481231689453,0.3846365809440613,0.6868838667869568,15.0,2024-09-01
bg_43024,0.8961907029151917,0.3706041574478149,0.6782675981521606,15.0,2024-09-01
bg_43170,0.7651689052581787,0.2375051826238632,0.5065088272094727,20.0,2024-09-01
bg_43201,0.9121827483177184,0.4209368228912353,0.7086616158485413,10.0,2024-09-01
bg_43387,0.8809624314308167,0.3844399750232696,0.694760262966156,20.0,2024-09-01
bg_43466,0.9021047353744508,0.3571451902389526,0.6681786179542542,12.0,2024-09-01
bg_43666,0.850266695022583,0.3007540106773376,0.6217808127403259,18.0,2024-09-01
bg_43672,0.8775660395622253,0.3182739317417145,0.6346088647842407,18.0,2024-09-01
bg_43725,0.8688762187957764,0.3730526566505432,0.6952676773071289,8.0,2024-09-01
bg_43943,0.8783901333808899,0.3585556745529175,0.6680240035057068,16.0,2024-09-01
bg_43952,0.8957512378692627,0.360269695520401,0.6453377604484558,16.0,2024-09-01
bg_44428,0.870508074760437,0.3270580172538757,0.6300400495529175,10.0,2024-09-01
bg_44805,0.8773132562637329,0.3689480721950531,0.6521865129470825,18.0,2024-09-01
bg_44928,0.8567869663238525,0.338522732257843,0.6493881940841675,14.0,2024-09-01
bg_45160,0.8856072425842285,0.3047465980052948,0.6260311007499695,12.0,2024-09-01
bg_45215,0.870812177658081,0.3653396666049957,0.6720507740974426,18.0,2024-09-01
bg_45810,0.8572990894317627,0.3327900767326355,0.6350685358047485,18.0,2024-09-01
bg_45815,0.8638947606086731,0.3334936499595642,0.6482641100883484,14.0,2024-09-01
bg_46184,0.8563336133956909,0.323967695236206,0.6374119520187378,16.0,2024-09-01
bg_46485,0.8944497108459473,0.3087767660617828,0.6100136637687683,6.0,2024-09-01
bg_46917,0.8837831020355225,0.3655181527137756,0.664451003074646,16.0,2024-09-01
bg_47314,0.8673877716064453,0.3706655502319336,0.6695871949195862,8.0,2024-09-01
bg_47355,0.892063319683075,0.3779979348182678,0.6743193864822388,18.0,2024-09-01
bg_47576,0.8073256611824036,0.2964203953742981,0.5443924069404602,12.0,2024-09-01
bg_47791,0.8250983953475952,0.3060241341590881,0.603680431842804,10.0,2024-09-01
bg_47897,0.8357583284378052,0.2453496158123016,0.5604948401451111,8.0,2024-09-01
bg_48160,0.889252245426178,0.3689700067043304,0.6867469549179077,3.0,2024-09-01
bg_48301,0.7834197282791138,0.132197692990303,0.371293306350708,10.0,2024-09-01
bg_48421,0.8288723230361938,0.275983452796936,0.5813772678375244,9.0,2024-09-01
bg_48523,0.9056732654571532,0.3665244877338409,0.6676435470581055,18.0,2024-09-01
bg_48528,0.8800028562545776,0.3755103051662445,0.6999078392982483,10.0,2024-09-01
bg_48539,0.9135859608650208,0.3510603606700897,0.6775369644165039,7.0,2024-09-01
bg_48784,0.8860144019126892,0.3849080502986908,0.6595362424850464,13.0,2024-09-01
bg_48790,0.8936958909034729,0.3380833864212036,0.677520751953125,7.0,2024-09-01
bg_48967,0.8651890158653259,0.3286468684673309,0.6408311724662781,20.0,2024-09-01
bg_49418,0.7519142627716064,0.3107205629348755,0.5784753561019897,7.0,2024-09-01
bg_49442,0.9032086133956908,0.3610439002513885,0.6688213348388672,20.0,2024-09-01
bg_49556,0.8788455128669739,0.3617758750915527,0.6513335108757019,18.0,2024-09-01
bg_49625,0.7658880352973938,0.1962670385837555,0.5068906545639038,20.0,2024-09-01
bg_49677,0.875984251499176,0.3076653778553009,0.5897654294967651,7.0,2024-09-01
bg_49695,0.8065590858459473,0.280868798494339,0.5850827097892761,12.0,2024-09-01
bg_49720,0.8610216379165649,0.2560999691486358,0.5770037174224854,4.0,2024-09-01
bg_49730,0.8408079743385315,0.290263831615448,0.5959262251853943,18.0,2024-09-01
bg_212,0.8948792815208435,0.3352786600589752,0.6490089893341064,5.0,2024-09-11
bg_226,0.8124139308929443,0.3482936024665832,0.6442649960517883,16.0,2024-09-11
bg_388,0.8702601790428162,0.3389603197574615,0.6495277285575867,12.0,2024-09-11
bg_448,0.8708071708679199,0.3097060620784759,0.63301682472229,16.0,2024-09-11
bg_670,0.8977740406990051,0.3546225726604461,0.6649031639099121,10.0,2024-09-11
bg_1559,0.8899999856948853,0.3550605475902557,0.6623589992523193,11.0,2024-09-11
bg_1749,0.874178409576416,0.330952376127243,0.6361660361289978,9.0,2024-09-11
bg_1792,0.903581976890564,0.3791806101799011,0.6900349855422974,12.0,2024-09-11
bg_2011,0.8918507099151611,0.3414414525032043,0.6536847352981567,12.0,2024-09-11
bg_2351,0.8751279711723328,0.3223983943462372,0.6371841430664062,11.0,2024-09-11
bg_2406,0.8374455571174622,0.3257424235343933,0.6372945308685303,7.0,2024-09-11
bg_2885,0.8386332392692566,0.2929158508777618,0.5893522500991821,18.0,2024-09-11
bg_2959,0.8927464485168457,0.3286304473876953,0.6547067761421204,6.0,2024-09-11
bg_3186,0.8974661231040955,0.3540587127208709,0.6784195899963379,11.0,2024-09-11
bg_3199,0.8910871148109436,0.3597301840782165,0.6787030100822449,9.0,2024-09-11
bg_3342,0.8838886022567749,0.3498774766921997,0.6754158139228821,16.0,2024-09-11
bg_3467,0.9043015837669371,0.3326926231384277,0.6316924691200256,13.0,2024-09-11
bg_3751,0.903231680393219,0.3557396829128265,0.6784151792526245,8.0,2024-09-11
bg_3818,0.8587026596069336,0.3739544153213501,0.6755821108818054,10.0,2024-09-11
bg_4051,0.8592508435249329,0.3113712966442108,0.6434670090675354,7.0,2024-09-11
bg_4409,0.9047619104385376,0.3601012825965881,0.6778224110603333,11.0,2024-09-11
bg_4534,0.8967810869216919,0.340662807226181,0.6403676271438599,9.0,2024-09-11
bg_4546,0.852388858795166,0.2930387854576111,0.5945625901222229,6.0,2024-09-11
bg_4558,0.8317314386367798,0.2483171969652176,0.4550492167472839,12.0,2024-09-11
bg_4722,0.918335497379303,0.3924863338470459,0.7042514085769653,11.0,2024-09-11
bg_4830,0.8597445487976074,0.2895001769065857,0.5990824103355408,8.0,2024-09-11
bg_4899,0.915858268737793,0.3142687082290649,0.6182112693786621,6.0,2024-09-11
bg_4984,0.8691526651382446,0.3393583297729492,0.6400840878486633,10.0,2024-09-11
bg_5000,0.9075907468795776,0.3635878264904022,0.6855406761169434,9.0,2024-09-11
bg_5061,0.8838458061218262,0.3028625845909118,0.6345700025558472,5.0,2024-09-11
bg_5105,0.9240416884422302,0.2949489057064056,0.6261054873466492,10.0,2024-09-11
bg_5221,0.8612818121910095,0.2561448812484741,0.5705620646476746,11.0,2024-09-11
bg_5629,0.8711484670639038,0.2781609296798706,0.6121045351028442,11.0,2024-09-11
bg_5660,0.7940458655357361,0.2208336293697357,0.53594970703125,4.0,2024-09-11
bg_5865,0.8786722421646118,0.3924703001976013,0.7066683769226074,10.0,2024-09-11
bg_5970,0.8982100486755371,0.3143348693847656,0.6547804474830627,10.0,2024-09-11
bg_6236,0.8423378467559814,0.3483935296535492,0.6411209106445312,8.0,2024-09-11
bg_6546,0.9128652215003968,0.3825722932815552,0.7150735259056091,11.0,2024-09-11
bg_6549,0.8579933643341064,0.3327967822551727,0.6369028091430664,5.0,2024-09-11
bg_6872,0.8989230394363403,0.3446967005729675,0.6626978516578674,4.0,2024-09-11
bg_7235,0.9221383333206176,0.37985360622406,0.6664185523986816,8.0,2024-09-11
bg_7353,0.6848933696746826,0.2986708879470825,0.5456701517105103,4.0,2024-09-11
bg_7367,0.6982097029685974,0.2013800591230392,0.452636182308197,9.0,2024-09-11
bg_7458,0.8951738476753235,0.3747046887874603,0.6819012761116028,15.0,2024-09-11
bg_7590,0.8773947358131409,0.3961098194122314,0.7103238701820374,8.0,2024-09-11
bg_7946,0.8522800207138062,0.3112264573574066,0.5807501077651978,12.0,2024-09-11
bg_8032,0.8897168636322021,0.3612403273582458,0.6817832589149475,7.0,2024-09-11
bg_8215,0.8395328521728516,0.2867006361484527,0.5987085700035095,8.0,2024-09-11
bg_8457,0.8198946714401245,0.2913299798965454,0.5877537727355957,6.0,2024-09-11
bg_8736,0.8319198489189148,0.3079847991466522,0.6108982563018799,11.0,2024-09-11
bg_8936,0.8917888402938843,0.3965263664722442,0.6865176558494568,6.0,2024-09-11
bg_8999,0.8966511487960815,0.3391220271587372,0.6444019079208374,17.0,2024-09-11
bg_9118,0.8221998810768127,0.3164204955101013,0.6260889172554016,15.0,2024-09-11
bg_9156,0.8758745193481445,0.368558406829834,0.6640888452529907,7.0,2024-09-11
bg_9527,0.8899654150009155,0.3239688277244568,0.6303216814994812,8.0,2024-09-11
bg_9705,0.7872650623321533,0.2838180363178253,0.5789933800697327,6.0,2024-09-11
bg_9932,0.8805007338523865,0.3697819411754608,0.6655762791633606,9.0,2024-09-11
bg_9947,0.88360196352005,0.3239892125129699,0.6353569030761719,14.0,2024-09-11
bg_11027,0.902255654335022,0.3108986616134643,0.6552389860153198,7.0,2024-09-11
bg_11321,0.8871232867240906,0.3284474313259125,0.6353473663330078,7.0,2024-09-11
bg_11668,0.90142023563385,0.4147909879684448,0.7112146019935608,13.0,2024-09-11
bg_11767,0.8933213949203491,0.3394903540611267,0.6678023934364319,5.0,2024-09-11
bg_11906,0.8758923411369324,0.3130366802215576,0.6303733587265015,5.0,2024-09-11
bg_12148,0.8770187497138977,0.3278588652610779,0.6624603867530823,10.0,2024-09-11
bg_12163,0.8986148834228516,0.3542105853557586,0.641313910484314,10.0,2024-09-11
bg_12175,0.7557368874549866,0.2185902297496795,0.5231704711914062,18.0,2024-09-11
bg_12195,0.8400788307189941,0.2625693082809448,0.5956147313117981,4.0,2024-09-11
bg_12222,0.9096014499664308,0.2742752134799957,0.6179754137992859,22.0,2024-09-11
bg_12351,0.8867325782775879,0.3937954306602478,0.6900253295898438,14.0,2024-09-11
bg_12433,0.8875564932823181,0.372955858707428,0.6963837742805481,14.0,2024-09-11
bg_12478,0.8895083665847778,0.3414897322654724,0.6616893410682678,7.0,2024-09-11
bg_12508,0.887754499912262,0.3677439093589782,0.6700841188430786,12.0,2024-09-11
bg_12752,0.7772904634475708,0.2710972130298614,0.5591405630111694,8.0,2024-09-11
bg_12868,0.8391247391700745,0.3887811601161957,0.6868112087249756,10.0,2024-09-11
bg_13667,0.9096909165382384,0.3456127047538757,0.6678943634033203,10.0,2024-09-11
bg_14248,0.8819167017936707,0.3394006192684173,0.6617158055305481,11.0,2024-09-11
bg_14451,0.8901764154434204,0.2922403514385223,0.6292357444763184,16.0,2024-09-11
bg_14678,0.8818363547325134,0.3582947850227356,0.6614305973052979,8.0,2024-09-11
bg_14715,0.873026430606842,0.3220819234848022,0.6312344670295715,4.0,2024-09-11
bg_15346,0.8949494957923889,0.3282777965068817,0.6598503589630127,9.0,2024-09-11
bg_15411,0.882150411605835,0.3636832535266876,0.6848282217979431,10.0,2024-09-11
bg_15475,0.8978888392448425,0.283670425415039,0.626769483089447,4.0,2024-09-11
bg_16554,0.8721749782562256,0.3298808932304382,0.6560618877410889,7.0,2024-09-11
bg_16593,0.8630393147468567,0.2520151138305664,0.518117368221283,12.0,2024-09-11
bg_16666,0.906819760799408,0.3437193036079407,0.6640371680259705,6.0,2024-09-11
bg_16715,0.8921516537666321,0.33392134308815,0.6483721137046814,9.0,2024-09-11
bg_16748,0.8760724663734436,0.3838731646537781,0.684505045413971,11.0,2024-09-11
bg_16922,0.8898218274116516,0.3108179271221161,0.6310681700706482,8.0,2024-09-11
bg_17200,0.9127381443977356,0.3661397993564605,0.6693495512008667,14.0,2024-09-11
bg_17635,0.8544232845306396,0.2104732990264892,0.5411819219589233,7.0,2024-09-11
bg_17833,0.8697828054428101,0.286973088979721,0.5725979208946228,16.0,2024-09-11
bg_18219,0.8981366753578186,0.3846153914928436,0.7001972198486328,17.0,2024-09-11
bg_18415,0.8695167899131775,0.3325773179531097,0.6528699398040771,16.0,2024-09-11
bg_18453,0.8879852294921875,0.3089267909526825,0.6399382948875427,14.0,2024-09-11
bg_18493,0.8743346333503723,0.341591328382492,0.6324989199638367,12.0,2024-09-11
bg_18503,0.881777822971344,0.3356631100177765,0.6592933535575867,8.0,2024-09-11
bg_18855,0.885341465473175,0.3000000715255737,0.6208555102348328,6.0,2024-09-11
bg_18880,0.8371061682701111,0.3247129917144775,0.646965503692627,9.0,2024-09-11
bg_18985,0.8065802454948425,0.2518124878406524,0.5755102038383484,9.0,2024-09-11
bg_19126,0.806352436542511,0.2539749443531036,0.5739730596542358,10.0,2024-09-11
bg_19196,0.9063220024108888,0.3679781258106231,0.6857593059539795,11.0,2024-09-11
bg_19236,0.8536977767944336,0.3490086197853088,0.6277121901512146,11.0,2024-09-11
bg_19690,0.8757946491241455,0.3550094366073608,0.6766917109489441,11.0,2024-09-11
bg_19776,0.889702320098877,0.3507000803947449,0.6778836250305176,11.0,2024-09-11
bg_19934,0.8776513934135437,0.3048494160175323,0.6532188653945923,9.0,2024-09-11
bg_20130,0.8800530433654785,0.3581944108009338,0.6704081296920776,16.0,2024-09-11
bg_20321,0.8824602365493774,0.4231294095516205,0.7021430134773254,8.0,2024-09-11
bg_20380,0.8514895439147949,0.3669970333576202,0.6850882172584534,5.0,2024-09-11
bg_20472,0.9064862132072448,0.3565946519374847,0.6551881432533264,12.0,2024-09-11
bg_20819,0.8829268217086792,0.3842718005180359,0.6816118955612183,7.0,2024-09-11
bg_20854,0.8301356434822083,0.3181078433990478,0.6509811282157898,8.0,2024-09-11
bg_21008,0.9165084362030028,0.3720290958881378,0.6775136590003967,8.0,2024-09-11
bg_21139,0.8825701475143433,0.3718865811824798,0.6897395253181458,18.0,2024-09-11
bg_21187,0.8580681085586548,0.3184888362884521,0.6144118905067444,12.0,2024-09-11
bg_21412,0.8500913381576538,0.1969285756349563,0.5283780694007874,8.0,2024-09-11
bg_21442,0.9025083780288696,0.3848034143447876,0.7130013108253479,18.0,2024-09-11
bg_21802,0.0770351812243461,0.061722669750452,0.1533276289701461,4.0,2024-09-11
bg_21964,0.90841943025589,0.3630411326885223,0.6691274046897888,10.0,2024-09-11
bg_22487,0.8769317269325256,0.3696207702159881,0.6896969676017761,13.0,2024-09-11
bg_22730,0.8864889144897461,0.3001596331596374,0.6277948021888733,6.0,2024-09-11
bg_22992,0.887781023979187,0.3565608263015747,0.6615614295005798,7.0,2024-09-11
bg_23127,0.7280858755111694,0.1963525712490081,0.467713326215744,9.0,2024-09-11
bg_23153,0.8579239845275879,0.2834015190601349,0.6032850742340088,10.0,2024-09-11
bg_23496,0.8829943537712097,0.3214714527130127,0.6197343468666077,10.0,2024-09-11
bg_23828,0.8807520866394043,0.3158138692378998,0.6244274973869324,9.0,2024-09-11
bg_23909,0.8774458169937134,0.3182202875614166,0.627112090587616,8.0,2024-09-11
bg_24015,0.8745098114013672,0.3594976365566253,0.6769699454307556,11.0,2024-09-11
bg_24046,0.8147927522659302,0.3572825789451599,0.6588725447654724,9.0,2024-09-11
bg_24098,0.8684194087982178,0.310184121131897,0.6339699029922485,12.0,2024-09-11
bg_24475,0.8906335830688477,0.3460856676101684,0.6760317087173462,10.0,2024-09-11
bg_24626,0.9043440222740172,0.3601903617382049,0.6870306730270386,7.0,2024-09-11
bg_24737,0.8745007514953613,0.2661698162555694,0.583134114742279,12.0,2024-09-11
bg_25079,0.8837151527404785,0.3005575537681579,0.6425658464431763,10.0,2024-09-11
bg_25202,0.8614987730979919,0.321455180644989,0.6594452857971191,12.0,2024-09-11
bg_25894,0.9001539349555969,0.3574244379997253,0.6689847111701965,11.0,2024-09-11
bg_26006,0.8699434995651245,0.250227689743042,0.4910162091255188,8.0,2024-09-11
bg_26349,0.9004514813423157,0.340085506439209,0.6370031833648682,8.0,2024-09-11
bg_26421,0.9142662882804872,0.3802149891853332,0.6937394142150879,11.0,2024-09-11
bg_26475,0.8896918296813965,0.3709717094898224,0.6936096549034119,8.0,2024-09-11
bg_26522,0.8983627557754517,0.3504566252231598,0.6619088649749756,21.0,2024-09-11
bg_26614,0.8619247078895569,0.3147217333316803,0.6205551624298096,7.0,2024-09-11
bg_26769,0.9017964005470276,0.3355761170387268,0.6604926586151123,7.0,2024-09-11
bg_26905,0.8839060664176941,0.3495896756649017,0.6603907346725464,12.0,2024-09-11
bg_26994,0.876193106174469,0.3273137807846069,0.6459062099456787,9.0,2024-09-11
bg_27218,0.882931649684906,0.302325576543808,0.6080493927001953,13.0,2024-09-11
bg_27291,0.8759865760803223,0.3273102343082428,0.6554559469223022,8.0,2024-09-11
bg_27340,0.8666245937347412,0.3118601441383362,0.6217489242553711,8.0,2024-09-11
bg_27492,0.8960244655609131,0.3347685635089874,0.6355756521224976,5.0,2024-09-11
bg_27739,0.8814399838447571,0.3809004426002502,0.6696176528930664,9.0,2024-09-11
bg_27821,0.9273802638053894,0.3979953825473785,0.7054644823074341,8.0,2024-09-11
bg_28210,0.8627681136131287,0.3273265659809112,0.6491513848304749,8.0,2024-09-11
bg_28354,0.8994373083114624,0.3525704145431518,0.6696248054504395,6.0,2024-09-11
bg_28737,0.8939670920372009,0.3640599250793457,0.6692380309104919,9.0,2024-09-11
bg_28931,0.8794211745262146,0.298556238412857,0.6350683569908142,16.0,2024-09-11
bg_29162,0.8822886347770691,0.3470334708690643,0.6541526317596436,4.0,2024-09-11
bg_29344,0.8716638088226318,0.379062682390213,0.7092944979667664,11.0,2024-09-11
bg_29570,0.8972723484039307,0.4193261265754699,0.717015266418457,12.0,2024-09-11
bg_30004,0.8944157361984253,0.3590240776538849,0.6947104930877686,12.0,2024-09-11
bg_30263,0.9208468794822692,0.3365169763565063,0.6559606194496155,8.0,2024-09-11
bg_30710,0.904891312122345,0.4025534391403198,0.7183005809783936,10.0,2024-09-11
bg_30872,0.9058027267456056,0.338761419057846,0.6591367125511169,16.0,2024-09-11
bg_30948,0.9132598638534546,0.362220823764801,0.6509991884231567,8.0,2024-09-11
bg_31060,0.89626544713974,0.3274509906768799,0.6383405923843384,10.0,2024-09-11
bg_31452,0.8922328352928162,0.3622107803821563,0.6713281273841858,10.0,2024-09-11
bg_32077,0.874927282333374,0.3248331248760223,0.6326741576194763,12.0,2024-09-11
bg_32185,0.8760027885437012,0.3347379267215729,0.6428717374801636,8.0,2024-09-11
bg_32877,0.8852278590202332,0.3452169597148895,0.6706068515777588,6.0,2024-09-11
bg_32935,0.8880852460861206,0.3294022977352142,0.6549728512763977,7.0,2024-09-11
bg_32936,0.8606782555580139,0.3782814443111419,0.6777493953704834,15.0,2024-09-11
bg_33186,0.9167197942733764,0.3678167462348938,0.6730497479438782,16.0,2024-09-11
bg_33296,0.8858180046081543,0.372710645198822,0.6695005297660828,14.0,2024-09-11
bg_33554,0.8909090757369995,0.3718081712722778,0.6860722303390503,13.0,2024-09-11
bg_34428,0.8819836378097534,0.3626772165298462,0.6634123921394348,10.0,2024-09-11
bg_34552,0.8988394737243652,0.3397574424743652,0.6788041591644287,9.0,2024-09-11
bg_34555,0.8835729360580444,0.3564847707748413,0.6807892918586731,13.0,2024-09-11
bg_34769,0.886413037776947,0.3157519400119781,0.6275071501731873,11.0,2024-09-11
bg_34917,0.8915416598320007,0.3884671926498413,0.6987077593803406,10.0,2024-09-11
bg_35098,0.880530834197998,0.2712899148464203,0.5932394862174988,8.0,2024-09-11
bg_35184,0.8993710875511169,0.3075078427791595,0.6495229005813599,7.0,2024-09-11
bg_35475,0.8943447470664978,0.4086232781410217,0.7126432061195374,16.0,2024-09-11
bg_35604,0.7020423412322998,0.2520036399364471,0.5417464375495911,6.0,2024-09-11
bg_35660,0.9161295294761658,0.3958621919155121,0.6912271976470947,12.0,2024-09-11
bg_35750,0.8743526339530945,0.3106682002544403,0.6147637367248535,10.0,2024-09-11
bg_36107,0.8806864619255066,0.3656565546989441,0.6857855319976807,5.0,2024-09-11
bg_36223,0.8750736117362976,0.3289823532104492,0.6522061824798584,18.0,2024-09-11
bg_37235,0.8734586238861084,0.3120641112327575,0.6293745636940002,16.0,2024-09-11
bg_37381,0.8859868049621582,0.2994637191295624,0.608990490436554,7.0,2024-09-11
bg_37396,0.8982234001159668,0.3287566602230072,0.6625633239746094,7.0,2024-09-11
bg_38072,0.80843585729599,0.3626883029937744,0.6530120372772217,13.0,2024-09-11
bg_38110,0.8840070366859436,0.3792688548564911,0.687465488910675,7.0,2024-09-11
bg_38603,0.8256824016571045,0.2771494686603546,0.5827034115791321,12.0,2024-09-11
bg_38648,0.8117445111274719,0.2493881583213806,0.542005181312561,22.0,2024-09-11
bg_39012,0.8834439516067505,0.347481220960617,0.6680428981781006,8.0,2024-09-11
bg_39017,0.889788031578064,0.3475264608860016,0.6645079851150513,10.0,2024-09-11
bg_39313,0.888671338558197,0.3402245342731476,0.6211284399032593,19.0,2024-09-11
bg_39395,0.898697555065155,0.3704521954059601,0.6739585399627686,11.0,2024-09-11
bg_39452,0.8607810139656067,0.4003747701644897,0.6225831508636475,7.0,2024-09-11
bg_39457,0.8778643608093262,0.3615268468856811,0.6732038855552673,8.0,2024-09-11
bg_39716,0.888047456741333,0.3333699405193329,0.6369792819023132,8.0,2024-09-11
bg_40012,0.772942304611206,0.2656276226043701,0.5324675440788269,17.0,2024-09-11
bg_40117,0.8812927603721619,0.3448537290096283,0.6592093706130981,8.0,2024-09-11
bg_40218,0.8993359208106995,0.3989225625991821,0.6865492463111877,8.0,2024-09-11
bg_40431,0.8994001150131226,0.345377653837204,0.6474464535713196,11.0,2024-09-11
bg_40689,0.8841016888618469,0.2983107268810272,0.63008052110672,6.0,2024-09-11
bg_40785,0.8665797114372253,0.3313189148902893,0.6221438646316528,8.0,2024-09-11
bg_41830,0.8806002736091614,0.3233684301376343,0.6490572690963745,10.0,2024-09-11
bg_42256,0.8980957269668579,0.3012471497058868,0.6246153712272644,11.0,2024-09-11
bg_42479,0.875270426273346,0.3466594219207763,0.6525603532791138,6.0,2024-09-11
bg_42745,0.8690446615219116,0.3309300541877746,0.6453649997711182,8.0,2024-09-11
bg_42889,0.8757025599479675,0.3372524082660675,0.649933397769928,10.0,2024-09-11
bg_42942,0.8832017779350281,0.3727447390556335,0.6903805136680603,9.0,2024-09-11
bg_42969,0.8480623364448547,0.3352217376232147,0.6708945631980896,10.0,2024-09-11
bg_42973,0.7547628283500671,0.284562885761261,0.5617989301681519,6.0,2024-09-11
bg_43364,0.8878923654556274,0.3853147625923157,0.6906523108482361,7.0,2024-09-11
bg_43440,0.8976020216941833,0.3964965045452118,0.709092915058136,12.0,2024-09-11
bg_43660,0.875272274017334,0.2512970566749573,0.5675742030143738,4.0,2024-09-11
bg_43694,0.9245283007621764,0.3702563941478729,0.6639159917831421,9.0,2024-09-11
bg_43960,0.8953661918640137,0.3632345497608185,0.6814051866531372,11.0,2024-09-11
bg_44334,0.8727831840515137,0.3143355548381805,0.6246345639228821,11.0,2024-09-11
bg_44592,0.886705219745636,0.3082164525985718,0.6602238416671753,7.0,2024-09-11
bg_44649,0.8897972702980042,0.3031235337257385,0.6245303153991699,20.0,2024-09-11
bg_44783,0.8694790005683899,0.3426706790924072,0.6526508331298828,10.0,2024-09-11
bg_44837,0.9032661318778992,0.3581253290176391,0.6801638603210449,17.0,2024-09-11
bg_44857,0.9233186841011048,0.3854748904705047,0.6887329816818237,7.0,2024-09-11
bg_44904,0.9080584049224854,0.3767891526222229,0.6857143044471741,13.0,2024-09-11
bg_44971,0.7548704147338867,0.3180471658706665,0.5993602275848389,16.0,2024-09-11
bg_45084,0.8866063952445984,0.3521534502506256,0.6757375001907349,11.0,2024-09-11
bg_45263,0.8923702239990234,0.3634126186370849,0.6762481331825256,13.0,2024-09-11
bg_45283,0.8528459668159485,0.2542510330677032,0.5699763894081116,8.0,2024-09-11
bg_45785,0.8830052614212036,0.4078734517097473,0.7156626582145691,5.0,2024-09-11
bg_45949,0.8951998949050903,0.3877402245998382,0.6946814656257629,8.0,2024-09-11
bg_46411,0.8964856266975403,0.4060728549957275,0.6712217926979065,9.0,2024-09-11
bg_46422,0.8710020780563354,0.3955212831497192,0.6963369250297546,24.0,2024-09-11
bg_46503,0.8493003249168396,0.3543721139431,0.646024763584137,13.0,2024-09-11
bg_46555,0.9042783379554749,0.3805408477783203,0.7038357257843018,10.0,2024-09-11
bg_47534,0.9247412085533142,0.3772185146808624,0.6877778768539429,6.0,2024-09-11
bg_47597,0.864326000213623,0.3209613859653473,0.642841100692749,6.0,2024-09-11
bg_48258,0.8740899562835693,0.4221644401550293,0.7272548079490662,1.0,2024-09-11
bg_48337,0.8690769076347351,0.2951429486274719,0.6205732822418213,6.0,2024-09-11
bg_48340,0.8962330222129822,0.3281378448009491,0.6366620659828186,8.0,2024-09-11
bg_48385,0.7926003336906433,0.2436731904745102,0.5052927136421204,9.0,2024-09-11
bg_48457,0.904424786567688,0.3410813510417938,0.668108344078064,7.0,2024-09-11
bg_48511,0.8612267374992371,0.2945372462272644,0.6298747062683105,19.0,2024-09-11
bg_48670,0.721335768699646,0.2108040601015091,0.4752830564975738,8.0,2024-09-11
bg_48817,0.8909699320793152,0.3370943963527679,0.664540708065033,10.0,2024-09-11
bg_49014,0.8905516862869263,0.3658536374568939,0.6669924855232239,9.0,2024-09-11
bg_49036,0.9157164096832277,0.3238283097743988,0.6444360613822937,9.0,2024-09-11
bg_49474,0.8902438879013062,0.282122939825058,0.6310334801673889,11.0,2024-09-11
bg_11713,0.8723576068878174,0.3313557803630829,0.6365867257118225,14.0,2024-10-06
bg_14175,0.8795709609985352,0.3515323996543884,0.6619961261749268,15.0,2024-10-06
bg_24521,0.8751388788223267,0.3521307110786438,0.679051399230957,11.0,2024-10-06
bg_38138,0.8543804287910461,0.3732458353042602,0.6763704419136047,18.0,2024-10-06
bg_1467,0.890889585018158,0.392216682434082,0.7117520570755005,8.0,2024-10-16
bg_6864,0.8648407459259033,0.3868597447872162,0.6667090654373169,7.0,2024-10-16
bg_10076,0.8121073246002197,0.3036301434040069,0.5799897313117981,8.0,2024-10-16
bg_13411,0.8524631261825562,0.3077465295791626,0.6429076194763184,14.0,2024-10-16
bg_18118,0.7056443095207214,0.2427064031362533,0.5390350222587585,7.0,2024-10-16
bg_23796,0.8370949625968933,0.2903638184070587,0.5994933247566223,8.0,2024-10-16
bg_26103,0.7338978052139282,0.2135770469903946,0.4959682822227478,8.0,2024-10-16
bg_30063,0.8519350290298462,0.3380296230316162,0.6560444235801697,10.0,2024-10-16
bg_30767,0.8857660889625549,0.3311036825180053,0.6541978120803833,9.0,2024-10-16
bg_36135,0.2045889049768448,-0.0851887837052345,0.1098062098026275,9.0,2024-10-16
bg_36638,0.911814272403717,0.409568727016449,0.7180439829826355,10.0,2024-10-16
bg_44615,0.8623768091201782,0.3585186302661896,0.6468095779418945,8.0,2024-10-16
bg_45266,0.8748850226402283,0.3510707318782806,0.659956157207489,9.0,2024-10-16
bg_46198,0.7820900678634644,0.2356739193201065,0.530273973941803,4.0,2024-10-16
bg_48903,0.8825066089630127,0.3657666444778442,0.6679850220680237,8.0,2024-10-16
bg_471,0.8762057423591614,0.372275710105896,0.6570253968238831,6.0,2024-10-19
bg_3225,0.8846606016159058,0.391817569732666,0.6928361058235168,8.0,2024-10-19
bg_4139,0.8480769395828247,0.247826799750328,0.5529699921607971,23.0,2024-10-19
bg_4776,0.8933619856834412,0.3759411871433258,0.658473014831543,8.0,2024-10-19
bg_5080,0.8666666746139526,0.3716833889484405,0.679513156414032,7.0,2024-10-19
bg_5125,0.8751633763313293,0.4195013344287872,0.7023002505302429,8.0,2024-10-19
bg_5530,0.8930433988571167,0.3553611040115356,0.6509830951690674,14.0,2024-10-19
bg_5697,0.8479594588279724,0.3312177658081054,0.635477602481842,21.0,2024-10-19
bg_6010,0.9011764526367188,0.3758233189582824,0.7024911046028137,13.0,2024-10-19
bg_6558,0.9083689451217652,0.4155995547771454,0.716759443283081,21.0,2024-10-19
bg_6703,0.8861004114151001,0.3838398456573486,0.6354042291641235,7.0,2024-10-19
bg_6768,0.7893368005752563,0.1820518970489502,0.4899100363254547,5.0,2024-10-19
bg_8372,0.8803035020828247,0.3345910906791687,0.6560749411582947,10.0,2024-10-19
bg_8399,0.9244186282157898,0.4353561997413635,0.711177408695221,21.0,2024-10-19
bg_9754,0.915685534477234,0.3904127180576324,0.6771799921989441,21.0,2024-10-19
bg_9889,0.8050962090492249,0.2812727093696594,0.5882992744445801,8.0,2024-10-19
bg_10332,0.8219653367996216,0.3221355974674225,0.5931183099746704,11.0,2024-10-19
bg_10829,0.9273504018783568,0.4201005101203918,0.7369391322135925,9.0,2024-10-19
bg_10873,0.8381767868995667,0.3216437697410583,0.6277880072593689,8.0,2024-10-19
bg_10877,0.832482099533081,0.2677854895591736,0.5988399982452393,19.0,2024-10-19
bg_11271,0.891651451587677,0.3936752676963806,0.6853348016738892,6.0,2024-10-19
bg_11959,0.8625693321228027,0.2980979084968567,0.6310520768165588,21.0,2024-10-19
bg_12162,0.8635554909706116,0.3360640108585357,0.6513383388519287,8.0,2024-10-19
bg_12267,0.8620829582214355,0.2541528046131134,0.613024890422821,8.0,2024-10-19
bg_13068,0.8394534587860107,0.3567251563072204,0.6350365281105042,15.0,2024-10-19
bg_15749,0.8298219442367554,0.3226886093616485,0.6345041394233704,10.0,2024-10-19
bg_15798,0.8485535979270935,0.2691843509674072,0.5901045203208923,13.0,2024-10-19
bg_15975,0.835833728313446,0.3057951629161834,0.583562433719635,10.0,2024-10-19
bg_17273,0.8726235032081604,0.2130497097969055,0.54985511302948,18.0,2024-10-19
bg_17427,0.9006085395812988,0.3612387478351593,0.6743407249450684,7.0,2024-10-19
bg_17531,0.8491379618644714,0.3248261213302612,0.6448022723197937,22.0,2024-10-19
bg_17849,0.8146556615829468,0.2783171236515045,0.6018009185791016,8.0,2024-10-19
bg_18134,0.906499445438385,0.372605562210083,0.687610387802124,7.0,2024-10-19
bg_18773,0.7562099099159241,0.2202403545379638,0.4888157844543457,6.0,2024-10-19
bg_19003,0.7914613485336304,0.2493385076522827,0.5413130521774292,6.0,2024-10-19
bg_19794,0.8810518980026245,0.3454443216323852,0.6684715747833252,6.0,2024-10-19
bg_20189,0.8501408100128174,0.367709219455719,0.6589789986610413,9.0,2024-10-19
bg_21496,0.8931328058242798,0.4129043221473694,0.7029459476470947,6.0,2024-10-19
bg_21551,0.8064963221549988,0.307083785533905,0.6123766899108887,6.0,2024-10-19
bg_21615,0.8760753870010376,0.3187534213066101,0.6253128051757812,8.0,2024-10-19
bg_22326,0.8530243635177612,0.2828544974327087,0.5915047526359558,18.0,2024-10-19
bg_22948,0.7282426953315735,0.245400846004486,0.5306189656257629,8.0,2024-10-19
bg_23323,0.8682674765586853,0.2734285295009613,0.6075940728187561,10.0,2024-10-19
bg_23916,0.8353726267814636,0.309211790561676,0.6429089307785034,9.0,2024-10-19
bg_25120,0.8630684614181519,0.4071027934551239,0.6977897882461548,9.0,2024-10-19
bg_25419,0.8319198489189148,0.2325346171855926,0.5475466847419739,11.0,2024-10-19
bg_25789,0.8769059181213379,0.2772482335567474,0.5920013189315796,6.0,2024-10-19
bg_26109,0.8658236861228943,0.3320059776306152,0.623012900352478,15.0,2024-10-19
bg_27172,0.8560354709625244,0.2293207645416259,0.5739811062812805,11.0,2024-10-19
bg_27327,0.8924764394760132,0.3509218990802765,0.6784308552742004,12.0,2024-10-19
bg_27387,0.8929086923599243,0.3774671852588653,0.6774628162384033,6.0,2024-10-19
bg_27448,0.873653769493103,0.3344694674015045,0.6541475057601929,18.0,2024-10-19
bg_27515,0.8818936347961426,0.3386675715446472,0.6579060554504395,7.0,2024-10-19
bg_27962,0.8739587068557739,0.2051025480031967,0.5449388027191162,9.0,2024-10-19
bg_28008,0.8802182078361511,0.3317292928695678,0.650650680065155,8.0,2024-10-19
bg_28746,0.8697723746299744,0.2354804575443267,0.5763098001480103,9.0,2024-10-19
bg_29434,0.8639395236968994,0.3575250804424286,0.6539751291275024,9.0,2024-10-19
bg_30363,0.8487207889556885,0.2789828181266784,0.5687369108200073,7.0,2024-10-19
bg_30514,0.8765701651573181,0.3828411698341369,0.6697892546653748,7.0,2024-10-19
bg_31118,0.6862280964851379,0.3255783319473266,0.5721462368965149,6.0,2024-10-19
bg_31385,0.5623471736907959,0.1298701465129852,0.4052061736583709,11.0,2024-10-19
bg_32900,0.9050444960594176,0.346251904964447,0.6639478206634521,21.0,2024-10-19
bg_33383,0.851913332939148,0.2960838973522186,0.6037329435348511,20.0,2024-10-19
bg_33730,0.8964099884033203,0.3752298355102539,0.668753445148468,8.0,2024-10-19
bg_35807,0.8602836728096008,0.4094282984733581,0.6952202320098877,8.0,2024-10-19
bg_36329,0.4589337706565857,0.186565414071083,0.3654220998287201,6.0,2024-10-19
bg_38251,0.903323531150818,0.3603906333446502,0.6662899255752563,18.0,2024-10-19
bg_38452,0.8404208421707153,0.3415091633796692,0.6525627970695496,10.0,2024-10-19
bg_38708,0.8381654620170593,0.3350470960140228,0.6649898886680603,8.0,2024-10-19
bg_39025,0.7355804443359375,0.2026593685150146,0.4905576109886169,24.0,2024-10-19
bg_40883,0.8793900609016418,0.3234751522541046,0.6587560176849365,8.0,2024-10-19
bg_40968,0.873826265335083,0.2629368007183075,0.6045954823493958,9.0,2024-10-19
bg_41039,0.8896276354789734,0.3148733973503113,0.6574690937995911,11.0,2024-10-19
bg_41213,0.8287971615791321,0.4169832170009613,0.6898539066314697,26.0,2024-10-19
bg_41556,0.8740292191505432,0.4443311095237732,0.7169960141181946,10.0,2024-10-19
bg_41882,0.8943619132041931,0.3222938477993011,0.6458895206451416,12.0,2024-10-19
bg_43220,0.8262910842895508,0.0181930102407932,0.3769911527633667,11.0,2024-10-19
bg_43297,0.884268581867218,0.3390228152275085,0.6530517935752869,16.0,2024-10-19
bg_43363,0.9059610366821288,0.3807995319366455,0.6798623204231262,21.0,2024-10-19
bg_43832,0.8920354247093201,0.3838150203227997,0.70354825258255,9.0,2024-10-19
bg_45353,0.8876159191131592,0.4012686908245086,0.708135187625885,9.0,2024-10-19
bg_47870,0.8130577802658081,0.3016567528247833,0.5938755869865417,7.0,2024-10-19
bg_48559,0.8896206021308899,0.320430040359497,0.6519767642021179,16.0,2024-10-19
bg_49092,0.8666415810585022,0.3261952400207519,0.6630581021308899,8.0,2024-10-19
bg_49839,0.8240315318107605,0.3760421276092529,0.6605771780014038,9.0,2024-10-19
bg_51,0.7442694902420044,0.2742480933666229,0.5801661610603333,2.0,2025-03-25
bg_120,0.7974444031715393,0.2379986494779586,0.551529586315155,15.0,2025-03-25
bg_169,0.884458065032959,0.364498496055603,0.6736872792243958,10.0,2025-03-25
bg_199,,,,,2025-03-25
bg_204,0.816153883934021,0.2404715269804,0.5205464363098145,2.0,2025-03-25
bg_228,0.8980392217636108,0.4644477963447571,0.7247216105461121,1.0,2025-03-25
bg_235,0.903723955154419,0.3364042341709137,0.6486864686012268,16.0,2025-03-25
bg_289,0.7731092572212219,0.1493089199066162,0.4247104227542877,21.0,2025-03-25
bg_379,0.7627591490745544,0.1478282362222671,0.5012551546096802,18.0,2025-03-25
bg_380,0.590310275554657,0.1816032975912094,0.3700951635837555,2.0,2025-03-25
bg_394,0.8449094891548157,0.3461571335792541,0.63633131980896,4.0,2025-03-25
bg_399,0.84461510181427,0.2926338911056518,0.5899109244346619,12.0,2025-03-25
bg_403,0.8657584190368652,0.3353358209133148,0.6488230228424072,2.0,2025-03-25
bg_447,0.7898730635643005,0.1665128171443939,0.4568774700164795,18.0,2025-03-25
bg_498,0.809905469417572,0.2469615638256073,0.56307452917099,24.0,2025-03-25
bg_508,0.7963686585426331,0.2893838584423065,0.5849364995956421,12.0,2025-03-25
bg_520,0.8496894240379333,0.2772893011569977,0.557938814163208,1.0,2025-03-25
bg_552,0.8187496066093445,0.3312792778015136,0.6094720959663391,4.0,2025-03-25
bg_573,0.8528138399124146,0.3663208484649658,0.6477382183074951,1.0,2025-03-25
bg_581,0.8375353217124939,0.2756477892398834,0.5850664377212524,2.0,2025-03-25
bg_689,0.9094666838645936,0.4167076051235199,0.7043177485466003,14.0,2025-03-25
bg_719,0.921631634235382,0.3967191874980926,0.6960997581481934,8.0,2025-03-25
bg_737,0.8564617037773132,0.414076566696167,0.7231509685516357,10.0,2025-03-25
bg_742,0.8461361527442932,0.3135313391685486,0.6263149380683899,10.0,2025-03-25
bg_757,0.7669428586959839,0.2998570501804352,0.5895965099334717,8.0,2025-03-25
bg_807,0.8884851336479187,0.3517685234546661,0.6487897038459778,12.0,2025-03-25
bg_837,0.7815359234809875,0.2795496881008148,0.5866811275482178,17.0,2025-03-25
bg_876,0.7849530577659607,0.3380610048770904,0.6360751986503601,2.0,2025-03-25
bg_887,0.8158851861953735,0.2878698408603668,0.5575058460235596,4.0,2025-03-25
bg_982,0.7125231027603149,0.1549822986125946,0.4424525797367096,3.0,2025-03-25
bg_984,0.7595171928405762,0.1296788901090622,0.4227077066898346,12.0,2025-03-25
bg_998,0.7645803689956665,0.2061414271593094,0.4974983930587768,6.0,2025-03-25
bg_1057,0.7813765406608582,0.2192048877477646,0.4895254373550415,11.0,2025-03-25
bg_1078,0.8011252284049988,0.1611929833889007,0.4910189211368561,8.0,2025-03-25
bg_1122,0.8973261117935181,0.2944909632205963,0.6208387017250061,4.0,2025-03-25
bg_1144,0.8772454857826233,0.3252311944961548,0.6554455757141113,3.0,2025-03-25
bg_1201,0.8439021110534668,0.3216018974781036,0.6327633261680603,10.0,2025-03-25
bg_1216,,,,,2025-03-25
bg_1294,0.6762126684188843,0.2225067615509033,0.4106532335281372,2.0,2025-03-25
bg_1316,0.7915802001953125,0.3853960335254669,0.6582110524177551,14.0,2025-03-25
bg_1427,0.6932461261749268,0.1241119652986526,0.3853054046630859,16.0,2025-03-25
bg_1439,0.8483015298843384,0.1796389818191528,0.5238474011421204,2.0,2025-03-25
bg_1442,,,,,2025-03-25
bg_1456,0.8459852337837219,0.3185024559497833,0.6336134672164917,7.0,2025-03-25
bg_1476,0.8379611968994141,0.2972440719604492,0.5836452841758728,5.0,2025-03-25
bg_1524,0.7540591359138489,0.290090948343277,0.5705992579460144,18.0,2025-03-25
bg_1525,0.8845323920249939,0.3838229775428772,0.7049009799957275,12.0,2025-03-25
bg_1528,0.8489170670509338,0.2053616493940353,0.5495380759239197,31.0,2025-03-25
bg_1535,0.8860950469970703,0.341959536075592,0.657243013381958,8.0,2025-03-25
bg_1552,0.9162253141403198,0.2836982905864715,0.6376278400421143,15.0,2025-03-25
bg_1553,0.6884247064590454,0.2872340381145477,0.5044086575508118,11.0,2025-03-25
bg_1563,0.8068748116493225,0.2838727235794067,0.5960210561752319,18.0,2025-03-25
bg_1577,0.8917914032936096,0.2848071753978729,0.6152120232582092,12.0,2025-03-25
bg_1580,0.825127363204956,0.2717788219451904,0.581576406955719,5.0,2025-03-25
bg_1596,0.7585256099700928,0.1608136147260666,0.4528531432151794,2.0,2025-03-25
bg_1727,0.7956192493438721,0.0830309018492698,0.4034813344478607,12.0,2025-03-25
bg_1729,0.7990855574607849,0.1756874471902847,0.4650125503540039,18.0,2025-03-25
bg_1756,0.8981351852416992,0.3306034803390503,0.641154408454895,12.0,2025-03-25
bg_1777,0.9131118655204772,0.3328036069869995,0.6442463994026184,8.0,2025-03-25
bg_1796,0.8559990525245667,0.327203094959259,0.6150679588317871,18.0,2025-03-25
bg_1820,0.8196078538894653,0.1589174121618271,0.4944071471691131,5.0,2025-03-25
bg_1903,0.7493064403533936,0.2601113021373749,0.5356093049049377,3.0,2025-03-25
bg_1919,0.8256629109382629,0.2671052515506744,0.5675811171531677,12.0,2025-03-25
bg_1920,0.6196112632751465,0.2583111822605133,0.5636410713195801,8.0,2025-03-25
bg_1961,0.6169251799583435,0.1953447312116623,0.4172906279563904,2.0,2025-03-25
bg_1963,0.745746374130249,0.1093178689479827,0.297139823436737,4.0,2025-03-25
bg_2032,0.8829551935195923,0.3881860673427582,0.6848894953727722,16.0,2025-03-25
bg_2103,0.8395646810531616,0.3494862020015716,0.6610772609710693,14.0,2025-03-25
bg_2135,0.8482679724693298,0.2987326681613922,0.5932872891426086,1.0,2025-03-25
bg_2136,0.8526715040206909,0.2716612517833709,0.5456621050834656,5.0,2025-03-25
bg_2172,0.8935875296592712,0.3085193037986755,0.6021614670753479,12.0,2025-03-25
bg_2185,0.8257575631141663,0.1202535778284072,0.4793259501457214,18.0,2025-03-25
bg_2192,0.7039256691932678,0.1053458973765373,0.3983092904090881,19.0,2025-03-25
bg_2203,0.8032590746879578,0.2728022336959839,0.5634676814079285,8.0,2025-03-25
bg_2213,0.8830254077911377,0.2918861210346222,0.5821555256843567,10.0,2025-03-25
bg_2253,0.6247075200080872,0.3252503871917724,0.5376439094543457,3.0,2025-03-25
bg_2263,0.7736654877662659,0.2829750180244446,0.5692055821418762,3.0,2025-03-25
bg_2285,0.811916708946228,0.2048307210206985,0.4948179125785827,15.0,2025-03-25
bg_2291,0.8166918158531189,0.3189290761947632,0.6107074618339539,5.0,2025-03-25
bg_2312,0.8406123518943787,0.197175458073616,0.5310872197151184,3.0,2025-03-25
bg_2348,0.7338405251502991,0.1948135495185852,0.4601961970329284,22.0,2025-03-25
bg_2376,0.7373299598693848,0.1826908439397812,0.4804497063159942,2.0,2025-03-25
bg_2395,0.4646766185760498,0.189156487584114,0.3904993832111358,12.0,2025-03-25
bg_2403,0.8307030200958252,0.2799618542194366,0.5725995302200317,5.0,2025-03-25
bg_2428,0.3226575553417206,0.0641294494271278,0.2610717415809631,12.0,2025-03-25
bg_2443,0.8632609844207764,0.3253566026687622,0.627448558807373,28.0,2025-03-25
bg_2455,0.7760598659515381,0.2241766303777694,0.5118041038513184,8.0,2025-03-25
bg_2474,0.8702294230461121,0.2683278620243072,0.6033046245574951,4.0,2025-03-25
bg_2576,0.751226544380188,0.2350905984640121,0.5045871734619141,1.0,2025-03-25
bg_2641,0.8171778917312622,0.2794816493988037,0.5493982434272766,3.0,2025-03-25
bg_2642,0.8847418427467346,0.4271934330463409,0.702321469783783,8.0,2025-03-25
bg_2645,0.7125129103660583,0.2340072095394134,0.5462417602539062,15.0,2025-03-25
bg_2650,0.7521506547927856,0.305005669593811,0.5818431973457336,9.0,2025-03-25
bg_2670,0.6764013171195984,0.1798217445611953,0.4465928971767425,14.0,2025-03-25
bg_2680,0.8123167157173157,0.3094657063484192,0.5758301019668579,8.0,2025-03-25
bg_2694,0.7993645071983337,0.1267765760421753,0.4388384819030761,1.0,2025-03-25
bg_2695,0.8058763146400452,0.2335008382797241,0.5354418158531189,18.0,2025-03-25
bg_2899,0.8585888743400574,0.2590540647506714,0.5949647426605225,12.0,2025-03-25
bg_2923,,,,,2025-03-25
bg_2946,0.8489540815353394,0.2819193005561828,0.5966876745223999,10.0,2025-03-25
bg_2947,0.8559490442276001,0.2799121737480163,0.5724881887435913,3.0,2025-03-25
bg_3048,0.7800831198692322,0.1804280877113342,0.4983542263507843,16.0,2025-03-25
bg_3105,0.6368768811225891,0.1991230398416519,0.490212082862854,2.0,2025-03-25
bg_3111,0.7341638207435608,0.2042961716651916,0.4685718119144439,4.0,2025-03-25
bg_3217,0.8815847635269165,0.3091854155063629,0.6072670221328735,12.0,2025-03-25
bg_3259,0.8440065979957581,0.2476045042276382,0.5304940342903137,1.0,2025-03-25
bg_3263,0.8295946717262268,0.2869492173194885,0.5929986238479614,12.0,2025-03-25
bg_3295,0.7762237787246704,0.3296437263488769,0.6022913455963135,17.0,2025-03-25
bg_3311,,,,,2025-03-25
bg_3371,0.6976976990699768,0.1849092096090316,0.4820856750011444,3.0,2025-03-25
bg_3373,0.8632681369781494,0.3550400137901306,0.6634478569030762,12.0,2025-03-25
bg_3534,0.7429697513580322,0.2512683570384979,0.5089120268821716,2.0,2025-03-25
bg_3556,0.7951367497444153,0.3295324146747589,0.6086891889572144,4.0,2025-03-25
bg_3626,0.5816150903701782,0.1971768885850906,0.3007283508777618,6.0,2025-03-25
bg_3647,0.8004987835884094,0.201302945613861,0.4886897206306457,11.0,2025-03-25
bg_3660,0.760326087474823,0.1885856240987777,0.496209055185318,12.0,2025-03-25
bg_3674,0.5270625352859497,0.1424504965543747,0.35409677028656,20.0,2025-03-25
bg_3687,0.8110663890838623,0.266061782836914,0.5676364898681641,28.0,2025-03-25
bg_3694,0.8185059428215027,0.1968942731618881,0.5238762497901917,12.0,2025-03-25
bg_3707,0.8630473613739014,0.2991122305393219,0.6073712110519409,8.0,2025-03-25
bg_3799,0.7727251052856445,0.2959851026535034,0.5996224880218506,2.0,2025-03-25
bg_3823,0.8415467143058777,0.3078938126564026,0.5992867946624756,24.0,2025-03-25
bg_3854,0.7663081884384155,0.2257891297340393,0.5217101573944092,8.0,2025-03-25
bg_3872,0.793672502040863,0.268906682729721,0.5395439267158508,4.0,2025-03-25
bg_3906,,,,,2025-03-25
bg_3919,0.8943839073181152,0.3464402556419372,0.6382747292518616,1.0,2025-03-25
bg_3976,0.5552125573158264,0.0696702003479003,0.3244089782238006,2.0,2025-03-25
bg_4018,0.8573942184448242,0.3337682485580444,0.6297741532325745,10.0,2025-03-25
bg_4060,0.8188748955726624,0.4403819143772125,0.6762161254882812,24.0,2025-03-25
bg_4099,0.7018100023269653,0.3497691452503204,0.6408532857894897,6.0,2025-03-25
bg_4122,0.746350884437561,0.3028057217597961,0.5638673901557922,2.0,2025-03-25
bg_4174,0.6434382200241089,0.1059067100286483,0.3601802289485931,20.0,2025-03-25
bg_4255,0.8508113622665405,0.2701579630374908,0.5891742706298828,16.0,2025-03-25
bg_4263,0.8816022872924805,0.3003429472446441,0.6128836274147034,3.0,2025-03-25
bg_4298,0.904356062412262,0.434787780046463,0.7095521092414856,16.0,2025-03-25
bg_4309,0.8187999129295349,0.2643028497695923,0.5721288919448853,8.0,2025-03-25
bg_4318,0.7876121401786804,0.3498291075229645,0.6436581015586853,6.0,2025-03-25
bg_4464,0.5861798524856567,0.2253564000129699,0.4260501265525818,3.0,2025-03-25
bg_4499,0.7877994179725647,0.3080665469169616,0.5442898273468018,2.0,2025-03-25
bg_4516,0.9197923541069032,0.3874904811382293,0.706013560295105,8.0,2025-03-25
bg_4533,0.8250530362129211,0.3724898397922516,0.6395184397697449,12.0,2025-03-25
bg_4627,0.7611766457557678,0.257257342338562,0.4896914064884186,4.0,2025-03-25
bg_4659,0.7811005115509033,0.3120271861553192,0.6098175048828125,4.0,2025-03-25
bg_4694,0.8406373262405396,0.3409133851528168,0.6316083073616028,12.0,2025-03-25
bg_4708,0.8094438910484314,0.1954516768455505,0.5604598522186279,4.0,2025-03-25
bg_4819,0.8232955932617188,0.1965739578008651,0.5120955109596252,12.0,2025-03-25
bg_4874,0.8397631645202637,0.3034862875938415,0.6045681834220886,4.0,2025-03-25
bg_4878,0.871640145778656,0.3349397480487823,0.6403915286064148,7.0,2025-03-25
bg_4880,0.7937743067741394,0.4150114953517914,0.658823549747467,9.0,2025-03-25
bg_4907,0.8435100317001343,0.2752962112426758,0.5656659007072449,8.0,2025-03-25
bg_4920,0.867130696773529,0.3585255146026611,0.6523663401603699,14.0,2025-03-25
bg_4924,0.8288829326629639,0.2534132003784179,0.5717606544494629,16.0,2025-03-25
bg_4940,0.6351730823516846,0.2700219750404358,0.4201388955116272,3.0,2025-03-25
bg_4955,0.8271416425704956,0.3670397698879242,0.6362555623054504,6.0,2025-03-25
bg_4974,0.7915030717849731,0.199145570397377,0.5048245191574097,8.0,2025-03-25
bg_5023,0.8021147847175598,0.2165105044841766,0.491658478975296,5.0,2025-03-25
bg_5042,0.8296704888343811,0.2555269598960876,0.5545402765274048,4.0,2025-03-25
bg_5059,0.8417529463768005,0.3140456080436706,0.6463026404380798,2.0,2025-03-25
bg_5073,0.8824047446250916,0.375205934047699,0.6761570572853088,8.0,2025-03-25
bg_5158,0.8201789855957031,0.1919825971126556,0.5059076547622681,14.0,2025-03-25
bg_5178,0.8838878273963928,0.214197501540184,0.570293128490448,12.0,2025-03-25
bg_5228,0.8230357766151428,0.2401850074529647,0.5540105700492859,12.0,2025-03-25
bg_5261,0.7418674826622009,0.2415672987699508,0.5328730940818787,6.0,2025-03-25
bg_5292,0.7947961688041687,0.3847277760505676,0.6638033390045166,2.0,2025-03-25
bg_5340,0.4188544750213623,0.2010870575904846,0.4161089062690735,4.0,2025-03-25
bg_5367,0.8432010412216187,0.3278650343418121,0.6389933824539185,5.0,2025-03-25
bg_5378,0.7652651071548462,0.2797511219978332,0.5725288987159729,21.0,2025-03-25
bg_5421,0.8133823275566101,0.2310270220041275,0.5292187929153442,2.0,2025-03-25
bg_5447,0.7813729047775269,0.215507373213768,0.523249626159668,10.0,2025-03-25
bg_5489,0.6428831815719604,0.1998675167560577,0.4039025902748108,6.0,2025-03-25
bg_5516,0.7688834071159363,0.2710388004779815,0.5859301686286926,2.0,2025-03-25
bg_5533,0.680779218673706,0.2918193638324737,0.5014092922210693,8.0,2025-03-25
bg_5570,0.8764883875846863,0.3995471596717834,0.709827184677124,6.0,2025-03-25
bg_5586,,,,,2025-03-25
bg_5602,0.8338965773582458,0.2706691026687622,0.5897030234336853,8.0,2025-03-25
bg_5615,0.8582532405853271,0.3114166259765625,0.6154799461364746,12.0,2025-03-25
bg_5624,0.8424344062805176,0.2512528002262115,0.5496900081634521,4.0,2025-03-25
bg_5662,0.8806535005569458,0.289717435836792,0.5996763110160828,8.0,2025-03-25
bg_5663,0.8603036999702454,0.2286532819271087,0.5558781027793884,3.0,2025-03-25
bg_5669,0.8302416801452637,0.2669260799884796,0.5200746655464172,1.0,2025-03-25
bg_5698,0.8609883785247803,0.2607583105564117,0.5723817944526672,3.0,2025-03-25
bg_5754,0.6858218908309937,0.1571673899888992,0.4108763635158539,10.0,2025-03-25
bg_5808,0.8580335378646851,0.395052045583725,0.6844406723976135,8.0,2025-03-25
bg_5839,0.8292005658149719,0.2985752820968628,0.5993531942367554,18.0,2025-03-25
bg_5885,0.2962686717510223,0.0750750750303268,0.2538661956787109,21.0,2025-03-25
bg_5887,0.5262120366096497,0.2426187396049499,0.3287577331066131,1.0,2025-03-25
bg_5904,0.8945419192314148,0.4802034199237823,0.7384710907936096,4.0,2025-03-25
bg_5921,0.7175198793411255,0.2268120348453521,0.526340663433075,14.0,2025-03-25
bg_5990,0.76106196641922,0.153758093714714,0.4403567612171173,5.0,2025-03-25
bg_6001,0.8485558032989502,0.2678115963935852,0.5599564909934998,9.0,2025-03-25
bg_6116,0.7785739302635193,0.2104818671941757,0.5027704834938049,12.0,2025-03-25
bg_6166,0.8457583785057068,0.2878923714160919,0.5659760236740112,1.0,2025-03-25
bg_6191,0.6676493287086487,0.1974249184131622,0.4258760213851928,12.0,2025-03-25
bg_6221,0.8963202834129333,0.4092456698417663,0.6867234706878662,2.0,2025-03-25
bg_6238,0.7217023968696594,0.2032520323991775,0.5322538018226624,7.0,2025-03-25
bg_6271,0.8632381558418274,0.3479995131492615,0.6269135475158691,10.0,2025-03-25
bg_6272,0.7789710164070129,0.1519165933132171,0.456523060798645,12.0,2025-03-25
bg_6297,0.8543046116828918,0.2755566239356994,0.527961015701294,5.0,2025-03-25
bg_6319,0.6497812867164612,0.0908589959144592,0.3593066930770874,14.0,2025-03-25
bg_6324,0.8476545810699463,0.450994998216629,0.7210039496421814,8.0,2025-03-25
bg_6331,0.6341160535812378,0.0573598854243755,0.3097760081291199,12.0,2025-03-25
bg_6335,0.8196229934692383,0.2399221956729889,0.5475442409515381,14.0,2025-03-25
bg_6420,0.8858882784843445,0.4251077473163605,0.7191031575202942,8.0,2025-03-25
bg_6496,0.4534698128700256,0.0247957166284322,0.2391972690820694,4.0,2025-03-25
bg_6514,0.6417748928070068,0.0835529267787933,0.3583464622497558,4.0,2025-03-25
bg_6525,0.7894052863121033,0.2295667678117752,0.530720055103302,3.0,2025-03-25
bg_6588,0.7671717405319214,0.3111742734909057,0.5700997710227966,10.0,2025-03-25
bg_6602,0.7500572204589844,0.1269942373037338,0.4129113554954529,20.0,2025-03-25
bg_6603,0.8048881888389587,0.1725178509950637,0.481089323759079,8.0,2025-03-25
bg_6712,0.8559299111366272,0.3610904514789581,0.6510721445083618,3.0,2025-03-25
bg_6729,0.7897143363952637,0.1782306730747223,0.5026121735572815,6.0,2025-03-25
bg_6737,0.8601371645927429,0.3335438370704651,0.6326333284378052,4.0,2025-03-25
bg_6791,0.5873833894729614,0.289345920085907,0.5173198580741882,8.0,2025-03-25
bg_6794,0.830289900302887,0.3002428412437439,0.5840513110160828,18.0,2025-03-25
bg_6847,0.8163439035415649,0.2245438694953918,0.5421859622001648,8.0,2025-03-25
bg_6848,0.2323897182941436,0.1799558699131012,0.3338083326816559,1.0,2025-03-25
bg_6879,0.8239206075668335,0.2800592482089996,0.5986129641532898,10.0,2025-03-25
bg_6899,0.8228830695152283,0.2699562311172485,0.5738060474395752,10.0,2025-03-25
bg_6916,0.7213696241378784,0.2535797953605652,0.5376840233802795,2.0,2025-03-25
bg_6945,0.7253451347351074,0.2192936986684799,0.5211326479911804,18.0,2025-03-25
bg_6972,0.6573068499565125,0.3307789862155914,0.5460869669914246,2.0,2025-03-25
bg_6992,0.8553839921951294,0.3334565460681915,0.6488997936248779,14.0,2025-03-25
bg_7191,0.6051464676856995,0.316839337348938,0.5431055426597595,6.0,2025-03-25
bg_7207,0.8139339685440063,0.3526473045349121,0.6424082517623901,6.0,2025-03-25
bg_7208,0.873498797416687,0.3607053458690643,0.66060870885849,12.0,2025-03-25
bg_7211,0.8209916353225708,0.2513274252414703,0.5440895557403564,1.0,2025-03-25
bg_7216,0.803340494632721,0.2417995929718017,0.5285620093345642,18.0,2025-03-25
bg_7237,0.8282131552696228,0.2637052834033966,0.5120559930801392,3.0,2025-03-25
bg_7257,0.7928019762039185,0.191118448972702,0.4351917803287506,16.0,2025-03-25
bg_7268,0.8861403465270996,0.3910180926322937,0.6842349171638489,12.0,2025-03-25
bg_7277,0.8614740371704102,0.2974449396133423,0.5893370509147644,12.0,2025-03-25
bg_7346,0.8289473652839661,0.3245986104011535,0.6149477958679199,8.0,2025-03-25
bg_7432,0.8760298490524292,0.3104744553565979,0.5986185073852539,8.0,2025-03-25
bg_7540,0.8001437187194824,0.268919974565506,0.5749651789665222,10.0,2025-03-25
bg_7546,0.8559986352920532,0.2606358826160431,0.5879653692245483,2.0,2025-03-25
bg_7581,0.8396289348602295,0.3579162359237671,0.6541252732276917,10.0,2025-03-25
bg_7641,0.892786979675293,0.4394876956939697,0.7230454683303833,3.0,2025-03-25
bg_7671,0.8658296465873718,0.2668970823287964,0.6073607206344604,16.0,2025-03-25
bg_7720,0.8240267634391785,0.2568560242652893,0.5242535471916199,8.0,2025-03-25
bg_7735,0.8147299885749817,0.1919678002595901,0.5461360812187195,8.0,2025-03-25
bg_7739,0.8725215792655945,0.383512407541275,0.6925674676895142,4.0,2025-03-25
bg_7768,0.7264179587364197,0.2312056571245193,0.5032815337181091,9.0,2025-03-25
bg_7793,0.9030984044075012,0.3205678761005401,0.6425535678863525,8.0,2025-03-25
bg_7814,0.8120436668395996,0.2185408174991607,0.5076144933700562,4.0,2025-03-25
bg_7866,0.7921459078788757,0.3004370331764221,0.6020252108573914,4.0,2025-03-25
bg_7872,0.8941770195960999,0.3824290931224823,0.7043330073356628,14.0,2025-03-25
bg_7889,0.8963755369186401,0.2598756849765777,0.622098982334137,24.0,2025-03-25
bg_7894,0.7366055846214294,0.1601369529962539,0.4574992656707763,3.0,2025-03-25
bg_7960,0.900946855545044,0.42268106341362,0.7198935151100159,10.0,2025-03-25
bg_8001,,,,,2025-03-25
bg_8073,0.7908583283424377,0.2145906090736389,0.5176001191139221,18.0,2025-03-25
bg_8075,0.5040205717086792,0.2388318330049514,0.415090799331665,2.0,2025-03-25
bg_8091,0.864264190196991,0.3350788056850433,0.6487872004508972,18.0,2025-03-25
bg_8121,0.8322784900665283,0.2792046368122101,0.6136592030525208,3.0,2025-03-25
bg_8137,0.8171115517616272,0.2343258708715438,0.5054800510406494,12.0,2025-03-25
bg_8182,0.8631071448326111,0.3726432919502258,0.6264553666114807,18.0,2025-03-25
bg_8199,0.8647872805595398,0.3640553057193756,0.6460829377174377,13.0,2025-03-25
bg_8221,0.8288300037384033,0.3321731090545654,0.6299260258674622,4.0,2025-03-25
bg_8223,0.7580246925354004,0.2982998490333557,0.5622108578681946,3.0,2025-03-25
bg_8233,0.7321749329566956,0.2976580858230591,0.5803428888320923,12.0,2025-03-25
bg_8247,0.889851987361908,0.3451234996318817,0.6255866885185242,2.0,2025-03-25
bg_8274,0.8868240118026733,0.3601281940937042,0.6886852979660034,12.0,2025-03-25
bg_8294,0.7940058708190918,0.2412222027778625,0.5180366635322571,2.0,2025-03-25
bg_8311,0.3644516170024872,0.0069595761597156,0.1967815607786178,8.0,2025-03-25
bg_8344,0.8278887271881104,0.2515644431114197,0.557811439037323,15.0,2025-03-25
bg_8382,0.8357812166213989,0.314802885055542,0.6020604372024536,8.0,2025-03-25
bg_8409,0.8585034012794495,0.2949640452861786,0.5933752059936523,3.0,2025-03-25
bg_8448,0.8095218539237976,0.241302952170372,0.5055487751960754,8.0,2025-03-25
bg_8468,0.8362786769866943,0.2721258103847503,0.6030371785163879,16.0,2025-03-25
bg_8524,0.8030536770820618,0.3272419273853302,0.6069977879524231,16.0,2025-03-25
bg_8591,0.8777976632118225,0.351697713136673,0.6620280146598816,8.0,2025-03-25
bg_8603,0.786020040512085,0.2887725532054901,0.6047154068946838,8.0,2025-03-25
bg_8648,0.8286075592041016,0.2845383286476135,0.5768940448760986,2.0,2025-03-25
bg_8656,0.111234538257122,0.0450568012893199,0.0845087245106697,3.0,2025-03-25
bg_8660,0.8546209931373596,0.3401894569396972,0.6170212626457214,5.0,2025-03-25
bg_8663,0.867421567440033,0.339407354593277,0.6425015330314636,6.0,2025-03-25
bg_8702,0.909520149230957,0.396546721458435,0.6885635256767273,24.0,2025-03-25
bg_8718,0.8832588791847229,0.3682931661605835,0.6703953146934509,16.0,2025-03-25
bg_8724,0.7697657942771912,0.2411496639251709,0.5351075530052185,4.0,2025-03-25
bg_8837,0.486405462026596,0.0103791281580924,0.1601942777633667,10.0,2025-03-25
bg_8845,0.8003726005554199,0.26950204372406,0.5563149452209473,12.0,2025-03-25
bg_8850,0.8344998359680176,0.2879379987716675,0.6193533539772034,12.0,2025-03-25
bg_8888,0.8512593507766724,0.3953789174556732,0.6702712178230286,4.0,2025-03-25
bg_8954,0.8253865242004395,0.2181480228900909,0.5077676773071289,8.0,2025-03-25
bg_8986,0.8331243991851807,0.2474344372749328,0.5561891794204712,8.0,2025-03-25
bg_9059,0.827104926109314,0.3675974309444427,0.6372940540313721,2.0,2025-03-25
bg_9068,0.7839078903198242,0.2452827244997024,0.5261625051498413,10.0,2025-03-25
bg_9083,0.7721412181854248,0.2986047565937042,0.596757709980011,10.0,2025-03-25
bg_9084,0.8304821252822876,0.2311715632677078,0.5380594730377197,3.0,2025-03-25
bg_9108,0.8773249387741089,0.3094300627708435,0.5790016055107117,2.0,2025-03-25
bg_9112,0.7743902206420898,0.3219457864761352,0.6014394760131836,3.0,2025-03-25
bg_9128,0.8863093256950378,0.3362058699131012,0.6236213445663452,28.0,2025-03-25
bg_9206,0.8675859570503235,0.4655817449092865,0.7071959376335144,8.0,2025-03-25
bg_9227,0.7001928687095642,0.2596262097358703,0.5016552209854126,16.0,2025-03-25
bg_9290,0.7176154851913452,0.1808564364910125,0.4606032073497772,8.0,2025-03-25
bg_9310,0.8551206588745117,0.3419720828533172,0.627660870552063,10.0,2025-03-25
bg_9332,0.801690936088562,0.0357626937329769,0.3759903907775879,6.0,2025-03-25
bg_9348,0.8116733431816101,0.2481111139059066,0.546821117401123,2.0,2025-03-25
bg_9418,0.7557252049446106,0.2427106201648712,0.5084207653999329,3.0,2025-03-25
bg_9455,0.7888055443763733,0.2555690705776214,0.5496125817298889,1.0,2025-03-25
bg_9487,0.8693796396255493,0.3231210112571716,0.6416980028152466,2.0,2025-03-25
bg_9512,0.8691112995147705,0.3158845901489258,0.5868064165115356,8.0,2025-03-25
bg_9516,0.7714722752571106,0.2890064120292663,0.5648127198219299,4.0,2025-03-25
bg_9552,0.8335146903991699,0.2828956544399261,0.5697293281555176,14.0,2025-03-25
bg_9579,0.8228420615196228,0.2415059506893158,0.5620154738426208,3.0,2025-03-25
bg_9649,0.7728496789932251,0.2850426435470581,0.5523034334182739,8.0,2025-03-25
bg_9665,0.8775119781494141,0.3329093754291534,0.6170212626457214,11.0,2025-03-25
bg_9722,0.8383569717407227,0.3771460056304931,0.6629998683929443,16.0,2025-03-25
bg_9733,0.8072706460952759,0.2931461632251739,0.5746606588363647,1.0,2025-03-25
bg_9747,0.7747762203216553,0.3939627707004547,0.6543498039245605,4.0,2025-03-25
bg_9791,0.868919312953949,0.3302923440933227,0.6591672897338867,5.0,2025-03-25
bg_9807,0.8226224184036255,0.2289270907640457,0.5320017337799072,14.0,2025-03-25
bg_9896,0.6912022233009338,0.2279538512229919,0.5142380595207214,8.0,2025-03-25
bg_9900,0.7985348105430603,0.2108474522829055,0.5043123364448547,13.0,2025-03-25
bg_9903,0.6447058916091919,-0.0381450951099395,0.2596153616905212,5.0,2025-03-25
bg_9940,0.8005122542381287,0.2182025909423828,0.4835394620895386,10.0,2025-03-25
bg_9953,0.8396511077880859,0.258049875497818,0.5827390551567078,21.0,2025-03-25
bg_9967,0.7556302547454834,0.3066815733909607,0.5850903391838074,6.0,2025-03-25
bg_9974,,,,,2025-03-25
bg_9983,0.7918839454650879,0.323731392621994,0.6221910119056702,3.0,2025-03-25
bg_9986,0.6343519687652588,0.0108233308419585,0.2724096179008484,12.0,2025-03-25
bg_9991,0.8893288373947144,0.3703886270523071,0.6656309366226196,8.0,2025-03-25
bg_10099,0.8270353674888611,0.3562050759792328,0.6189484000205994,2.0,2025-03-25
bg_10143,0.5545503497123718,0.1776420027017593,0.3533185124397278,10.0,2025-03-25
bg_10156,0.8777437806129456,0.3611774444580078,0.6621402502059937,6.0,2025-03-25
bg_10166,0.7895801663398743,0.1548556387424469,0.4647524058818817,8.0,2025-03-25
bg_10169,0.8844468593597412,0.3313925266265869,0.6601313352584839,6.0,2025-03-25
bg_10182,0.7142857313156128,0.2388244271278381,0.4498910903930664,5.0,2025-03-25
bg_10203,0.8459157347679138,0.3227546811103821,0.6164887547492981,2.0,2025-03-25
bg_10233,0.8352044820785522,0.427903801202774,0.7077428102493286,12.0,2025-03-25
bg_10287,0.2126285135746002,0.0434454903006553,0.1026615798473358,2.0,2025-03-25
bg_10296,0.8117313385009766,0.008157922886312,0.38145512342453,12.0,2025-03-25
bg_10393,0.8343306183815002,0.2723328769207001,0.5810370445251465,14.0,2025-03-25
bg_10405,0.7232723236083984,0.1408504247665405,0.4126000702381134,12.0,2025-03-25
bg_10420,0.879565417766571,0.4177519679069519,0.6905669569969177,8.0,2025-03-25
bg_10472,0.8118770718574524,0.3824990093708038,0.6590933799743652,8.0,2025-03-25
bg_10546,0.8472803831100464,0.2825667858123779,0.5820198059082031,2.0,2025-03-25
bg_10578,0.8607431054115295,0.3540239036083221,0.6391300559043884,12.0,2025-03-25
bg_10628,0.8856174945831299,0.334920734167099,0.6585773825645447,12.0,2025-03-25
bg_10630,0.8338233828544617,0.288443922996521,0.5954172015190125,10.0,2025-03-25
bg_10633,0.7993546724319458,0.2566752731800079,0.5201875567436218,5.0,2025-03-25
bg_10647,0.7725593447685242,0.2665659487247467,0.5329644083976746,22.0,2025-03-25
bg_10664,0.8067789673805237,0.2172805964946746,0.4759913682937622,12.0,2025-03-25
bg_10670,0.768258810043335,0.2691081166267395,0.5310848951339722,8.0,2025-03-25
bg_10680,0.8769552111625671,0.3605777323246002,0.6593057513237,10.0,2025-03-25
bg_10684,0.7352665066719055,0.3370171189308166,0.6069419384002686,4.0,2025-03-25
bg_10760,0.8836089372634888,0.3987922668457031,0.6919416189193726,16.0,2025-03-25
bg_10762,0.8619940280914307,0.3177672326564789,0.6433120965957642,3.0,2025-03-25
bg_10769,0.7702564001083374,0.3328525125980377,0.6164443492889404,3.0,2025-03-25
bg_10886,0.8107691407203674,0.2192982137203216,0.5356426239013672,12.0,2025-03-25
bg_10958,0.6227886080741882,0.2056137025356292,0.4260869324207306,3.0,2025-03-25
bg_10968,0.8951456546783447,0.3828645050525665,0.6667625904083252,5.0,2025-03-25
bg_10976,0.8472818732261658,0.1927922517061233,0.5214406251907349,6.0,2025-03-25
bg_10990,0.1948503106832504,0.0367731191217899,0.1752233207225799,4.0,2025-03-25
bg_10997,0.8354684114456177,0.4187922775745392,0.6867308020591736,8.0,2025-03-25
bg_11007,0.6836777925491333,0.2549512684345245,0.5186558961868286,3.0,2025-03-25
bg_11054,0.6516687273979187,0.0100637078285217,0.2662734389305115,14.0,2025-03-25
bg_11065,0.3924302756786346,0.3126983940601349,0.5707865357398987,3.0,2025-03-25
bg_11115,0.8573155999183655,0.3669115006923675,0.6583916544914246,3.0,2025-03-25
bg_11157,0.6589449644088745,0.1272168457508087,0.3092551231384277,2.0,2025-03-25
bg_11310,,,,,2025-03-25
bg_11347,0.7170944809913635,0.2500409781932831,0.5010989308357239,17.0,2025-03-25
bg_11366,0.868170976638794,0.1166911721229553,0.4475557208061218,8.0,2025-03-25
bg_11396,0.8562575578689575,0.4170773923397064,0.6322069764137268,6.0,2025-03-25
bg_11407,0.8918195962905884,0.4636571705341339,0.7257933020591736,4.0,2025-03-25
bg_11428,0.8015679121017456,0.108686588704586,0.4529211819171905,12.0,2025-03-25
bg_11480,0.8717374801635742,0.2852587699890136,0.5885234475135803,3.0,2025-03-25
bg_11539,,,,,2025-03-25
bg_11550,0.8857636451721191,0.3628605604171753,0.6662082076072693,4.0,2025-03-25
bg_11556,0.8732977509498596,0.3736006617546081,0.6684853434562683,8.0,2025-03-25
bg_11562,0.8308724761009216,0.2804505825042724,0.6023494601249695,3.0,2025-03-25
bg_11822,0.869850218296051,0.4353523552417755,0.7077093124389648,4.0,2025-03-25
bg_11829,0.8605948090553284,0.2686945796012878,0.5952191352844238,5.0,2025-03-25
bg_11853,0.8564626574516296,0.3311132788658142,0.6123135089874268,12.0,2025-03-25
bg_11901,0.8357097506523132,0.3956843614578247,0.6782951951026917,2.0,2025-03-25
bg_11980,0.7930630445480347,0.3531540036201477,0.645504355430603,4.0,2025-03-25
bg_11986,0.8386546969413757,0.2327518463134765,0.5467519164085388,18.0,2025-03-25
bg_12050,0.437585711479187,0.2217299938201904,0.3466975092887878,3.0,2025-03-25
bg_12098,0.8952062726020813,0.411098837852478,0.6904522180557251,8.0,2025-03-25
bg_12134,0.8452935814857483,0.1891891807317733,0.5164670944213867,5.0,2025-03-25
bg_12164,0.8586192727088928,0.2025542855262756,0.5375040769577026,11.0,2025-03-25
bg_12179,0.558319091796875,0.0372174903750419,0.260943591594696,16.0,2025-03-25
bg_12185,0.8619602918624878,0.2628227174282074,0.5456698536872864,10.0,2025-03-25
bg_12260,0.843441903591156,0.3686370849609375,0.6480303406715393,12.0,2025-03-25
bg_12261,0.6612426042556763,0.2660365998744964,0.530312716960907,15.0,2025-03-25
bg_12270,0.8690148591995239,0.2553623914718628,0.573733389377594,3.0,2025-03-25
bg_12300,0.8280203342437744,0.3260687291622162,0.6155303120613098,7.0,2025-03-25
bg_12321,0.8291422724723816,0.2799209952354431,0.5895146727561951,12.0,2025-03-25
bg_12373,0.809830367565155,0.422550767660141,0.7005969882011414,4.0,2025-03-25
bg_12398,0.837283730506897,0.2722216844558716,0.574657142162323,12.0,2025-03-25
bg_12444,0.8722829222679138,0.2298490703105926,0.56484055519104,14.0,2025-03-25
bg_12476,0.7193091511726379,0.229400560259819,0.510206937789917,12.0,2025-03-25
bg_12484,0.8605103492736816,0.3572061955928802,0.6582196354866028,5.0,2025-03-25
bg_12496,0.8386733531951904,0.2478557527065277,0.534723162651062,16.0,2025-03-25
bg_12643,0.8303720951080322,0.2810886800289154,0.6035242080688477,3.0,2025-03-25
bg_12672,0.8569669127464294,0.3376326858997345,0.6150231957435608,10.0,2025-03-25
bg_12721,0.7260957360267639,0.3920085728168487,0.657451331615448,14.0,2025-03-25
bg_12732,0.2244205772876739,0.0565853677690029,0.1910915672779083,1.0,2025-03-25
bg_12743,0.8755565881729126,0.3274245858192444,0.6086554527282715,2.0,2025-03-25
bg_12757,0.7503654360771179,0.3414532542228699,0.6625149846076965,2.0,2025-03-25
bg_12765,0.8117684125900269,0.2153912186622619,0.5021889805793762,14.0,2025-03-25
bg_12782,0.7952846884727478,0.1555861830711364,0.4696852266788482,10.0,2025-03-25
bg_12825,0.8568872809410095,0.3515625,0.6096142530441284,1.0,2025-03-25
bg_12867,0.8993419408798218,0.3482507169246673,0.6727818846702576,12.0,2025-03-25
bg_12874,0.8373547792434692,0.1887828707695007,0.5089908242225647,1.0,2025-03-25
bg_12880,0.8359137177467346,0.1726246774196624,0.4833932518959045,8.0,2025-03-25
bg_12902,0.518750011920929,0.1853875070810318,0.3790493905544281,3.0,2025-03-25
bg_12984,0.8761109113693237,0.3058314919471741,0.641539454460144,12.0,2025-03-25
bg_12988,0.8195306062698364,0.11752200871706,0.4428872466087341,8.0,2025-03-25
bg_12989,0.7787279486656189,0.4472630023956299,0.6566479802131653,7.0,2025-03-25
bg_13021,0.8619329333305359,0.2832920551300049,0.6188416481018066,3.0,2025-03-25
bg_13058,0.7651735544204712,0.3053549826145172,0.5630893111228943,4.0,2025-03-25
bg_13122,,,,,2025-03-25
bg_13171,,,,,2025-03-25
bg_13172,0.8094757199287415,0.1806957572698593,0.4655471742153168,14.0,2025-03-25
bg_13177,0.6427881121635437,0.2021020799875259,0.482363611459732,8.0,2025-03-25
bg_13269,0.8193846940994263,0.2423763424158096,0.5288788080215454,15.0,2025-03-25
bg_13296,0.8732485771179199,0.3639059364795685,0.6574505567550659,10.0,2025-03-25
bg_13376,0.6924327611923218,0.1311259418725967,0.4332740902900696,4.0,2025-03-25
bg_13378,0.8081840872764587,0.3033539056777954,0.5957081913948059,18.0,2025-03-25
bg_13399,,,,,2025-03-25
bg_13409,0.77544105052948,0.2450478374958038,0.524526059627533,18.0,2025-03-25
bg_13432,0.8937381505966187,0.3321875631809234,0.6620813608169556,15.0,2025-03-25
bg_13477,0.8643757104873657,0.2894653975963592,0.6001684069633484,10.0,2025-03-25
bg_13518,0.8191800713539124,0.3122399151325226,0.6135349273681641,14.0,2025-03-25
bg_13604,0.848580002784729,0.2492360025644302,0.5739972591400146,2.0,2025-03-25
bg_13616,0.6529093980789185,0.2662824988365173,0.5011513233184814,4.0,2025-03-25
bg_13633,0.2530476450920105,0.1720801442861557,0.3546325862407684,3.0,2025-03-25
bg_13640,0.8136646151542664,0.3362637162208557,0.5916142463684082,3.0,2025-03-25
bg_13662,0.8264068961143494,0.2678433954715729,0.5430808663368225,2.0,2025-03-25
bg_13817,0.8477157354354858,0.4517563879489898,0.7216663360595703,21.0,2025-03-25
bg_13820,0.7776292562484741,0.1644898205995559,0.4830776751041412,10.0,2025-03-25
bg_13868,0.8398318886756897,0.4411893486976623,0.6807025671005249,5.0,2025-03-25
bg_13872,0.8518004417419434,0.2673803567886352,0.5607276558876038,2.0,2025-03-25
bg_13956,0.8517473340034485,0.3301434814929962,0.6354203224182129,12.0,2025-03-25
bg_13995,0.8210098147392273,0.2378109097480774,0.5770096182823181,16.0,2025-03-25
bg_14000,0.722489058971405,0.3196813464164734,0.5733850002288818,6.0,2025-03-25
bg_14017,0.8694517016410828,0.2980237007141113,0.5919597744941711,3.0,2025-03-25
bg_14052,0.6914955973625183,0.1799207478761673,0.4724041819572449,24.0,2025-03-25
bg_14053,,,,,2025-03-25
bg_14088,0.8794522881507874,0.5130642652511597,0.761335551738739,12.0,2025-03-25
bg_14092,0.8026137948036194,0.2545493543148041,0.5636903643608093,8.0,2025-03-25
bg_14101,0.8660351634025574,0.3450377881526947,0.6423995494842529,15.0,2025-03-25
bg_14123,0.6797890067100525,0.0129445483908057,0.2527806162834167,14.0,2025-03-25
bg_14133,0.8570809960365295,0.2004745006561279,0.529960036277771,3.0,2025-03-25
bg_14135,0.8413400650024414,0.3665717244148254,0.6664759516716003,5.0,2025-03-25
bg_14154,0.748130738735199,0.3759279251098633,0.6209520101547241,12.0,2025-03-25
bg_14163,0.8595127463340759,0.3251448571681976,0.6513365507125854,12.0,2025-03-25
bg_14166,0.7980900406837463,0.2443361729383468,0.5474098920822144,5.0,2025-03-25
bg_14242,0.817382276058197,0.2797666490077972,0.5643413662910461,4.0,2025-03-25
bg_14250,0.8702704906463623,0.4551428854465484,0.7435948848724365,6.0,2025-03-25
bg_14261,0.751885175704956,0.2009573876857757,0.480864405632019,10.0,2025-03-25
bg_14273,0.8325843811035156,0.3183188140392303,0.6272516250610352,12.0,2025-03-25
bg_14276,0.8749276995658875,0.279529333114624,0.582465648651123,4.0,2025-03-25
bg_14288,,,,,2025-03-25
bg_14290,0.789091169834137,0.2144167572259903,0.491159588098526,14.0,2025-03-25
bg_14329,0.8358113765716553,0.319828063249588,0.6248887181282043,6.0,2025-03-25
bg_14345,0.8476817011833191,0.2716321647167206,0.5831542015075684,2.0,2025-03-25
bg_14350,0.7431095242500305,0.2812816202640533,0.5266386866569519,2.0,2025-03-25
bg_14367,0.5791818499565125,0.1358677446842193,0.3258748948574066,2.0,2025-03-25
bg_14376,0.6973274946212769,0.1345634013414383,0.4190036952495575,6.0,2025-03-25
bg_14405,0.6212746500968933,0.2945268154144287,0.5549691915512085,3.0,2025-03-25
bg_14421,0.8205516338348389,0.3089062869548797,0.6522557735443115,16.0,2025-03-25
bg_14429,0.8996958136558533,0.4062874317169189,0.6867831349372864,10.0,2025-03-25
bg_14462,0.604881763458252,0.1918429136276245,0.4806474447250366,3.0,2025-03-25
bg_14489,0.8539751172065735,0.3552085161209106,0.6665748357772827,3.0,2025-03-25
bg_14499,0.5559053421020508,0.1010164022445678,0.3467050194740295,10.0,2025-03-25
bg_14569,0.8738549947738647,0.3059910237789154,0.6214680671691895,2.0,2025-03-25
bg_14578,0.7916861176490784,0.1892814487218856,0.454382449388504,15.0,2025-03-25
bg_14591,0.8730581402778625,0.3456632494926452,0.6277723908424377,3.0,2025-03-25
bg_14641,0.8450539708137512,0.2387375086545944,0.5201804041862488,4.0,2025-03-25
bg_14734,0.8811051845550537,0.3091658055782318,0.6244330406188965,10.0,2025-03-25
bg_14735,0.8498595356941223,0.4093420803546905,0.6895143389701843,12.0,2025-03-25
bg_14757,0.8558751344680786,0.2953622937202453,0.5893957614898682,8.0,2025-03-25
bg_14794,0.7630188465118408,0.2174949496984481,0.495870441198349,16.0,2025-03-25
bg_14850,0.8324415683746338,0.2506820261478424,0.5762248635292053,6.0,2025-03-25
bg_14959,0.8549647927284241,0.3288749456405639,0.6203874349594116,14.0,2025-03-25
bg_14994,0.8951449394226074,0.3705091178417206,0.6683634519577026,14.0,2025-03-25
bg_14999,0.8340442180633545,0.2789115607738495,0.5757162570953369,5.0,2025-03-25
bg_15029,0.8417302370071411,0.4220294952392578,0.6805213093757629,18.0,2025-03-25
bg_15057,0.8956738114356995,0.2852216958999634,0.6282933950424194,14.0,2025-03-25
bg_15093,0.878810703754425,0.3589000999927521,0.637049674987793,10.0,2025-03-25
bg_15119,0.84578537940979,0.3886399269104004,0.6886157989501953,8.0,2025-03-25
bg_15214,0.5866638422012329,-0.0075203869491815,0.2413603067398071,12.0,2025-03-25
bg_15227,0.839008092880249,0.3617021441459656,0.657619297504425,9.0,2025-03-25
bg_15253,0.8685632944107056,0.3497739136219024,0.6247848868370056,9.0,2025-03-25
bg_15304,0.8138765096664429,0.1442694664001464,0.4650941491127014,10.0,2025-03-25
bg_15309,0.8522272706031799,0.3928174078464508,0.6517212986946106,10.0,2025-03-25
bg_15370,0.703035295009613,0.218667447566986,0.553892195224762,1.0,2025-03-25
bg_15453,0.859539806842804,0.3218788802623749,0.625910758972168,2.0,2025-03-25
bg_15481,,,,,2025-03-25
bg_15490,0.7752808928489685,0.3017507791519165,0.5737051963806152,5.0,2025-03-25
bg_15505,0.7046169638633728,0.246885746717453,0.5056347846984863,16.0,2025-03-25
bg_15562,0.8164944648742676,0.2542270720005035,0.5610166192054749,8.0,2025-03-25
bg_15610,0.8570142984390259,0.2719934582710266,0.5859267711639404,18.0,2025-03-25
bg_15696,0.7893296480178833,0.1783111691474914,0.4973162412643432,19.0,2025-03-25
bg_15711,0.8471297025680542,0.2632599174976349,0.5720552802085876,4.0,2025-03-25
bg_15764,0.8073147535324097,0.2526657581329345,0.5370776653289795,8.0,2025-03-25
bg_15787,0.8082840442657471,0.2593670189380646,0.5410526394844055,5.0,2025-03-25
bg_15808,0.7173958420753479,0.195673331618309,0.4323477447032928,18.0,2025-03-25
bg_15821,0.6774390339851379,0.2530175149440765,0.465246319770813,5.0,2025-03-25
bg_15830,0.0560186840593814,-0.0590165853500366,-0.0287270471453666,16.0,2025-03-25
bg_15854,0.8732000589370728,0.1814252287149429,0.5096774697303772,12.0,2025-03-25
bg_15905,0.8106761574745178,0.3172247111797333,0.6214148998260498,1.0,2025-03-25
bg_15997,0.8322383761405945,0.3029910624027252,0.597247302532196,28.0,2025-03-25
bg_16003,0.7324321269989014,0.1149884313344955,0.4125539660453796,22.0,2025-03-25
bg_16069,0.8079128861427307,0.3426896631717682,0.5950013995170593,10.0,2025-03-25
bg_16070,0.699394941329956,0.104279339313507,0.3646731078624725,8.0,2025-03-25
bg_16091,0.8389754295349121,0.2294604778289795,0.5594252943992615,8.0,2025-03-25
bg_16129,0.7819821238517761,0.2379491329193115,0.546964168548584,4.0,2025-03-25
bg_16140,0.8797296285629272,0.4514302909374237,0.7490007877349854,12.0,2025-03-25
bg_16143,0.7113186717033386,0.224128320813179,0.5043725967407227,4.0,2025-03-25
bg_16190,0.8123550415039062,0.2346142679452896,0.5306912064552307,10.0,2025-03-25
bg_16204,0.8571594953536987,0.2669603824615478,0.5717512965202332,16.0,2025-03-25
bg_16253,0.8272720575332642,0.3138387501239776,0.6454182267189026,10.0,2025-03-25
bg_16254,0.8601086139678955,0.3168869316577911,0.6287702918052673,3.0,2025-03-25
bg_16289,0.8018925189971924,0.2714070379734039,0.5725576877593994,16.0,2025-03-25
bg_16320,0.7808115482330322,0.2590717375278473,0.5236859321594238,5.0,2025-03-25
bg_16325,0.8411267399787903,0.3910309374332428,0.6606006026268005,6.0,2025-03-25
bg_16348,0.7623544931411743,0.1478331536054611,0.4074132740497589,10.0,2025-03-25
bg_16353,0.8467375040054321,0.3474763929843902,0.6105775833129883,18.0,2025-03-25
bg_16411,0.6938666701316833,0.2454902082681656,0.4998819530010223,3.0,2025-03-25
bg_16444,0.7589866518974304,0.2519078850746155,0.5373846888542175,8.0,2025-03-25
bg_16549,0.7785114049911499,0.2656417489051819,0.5815318822860718,9.0,2025-03-25
bg_16553,0.8172749876976013,0.2735525965690613,0.5734009742736816,4.0,2025-03-25
bg_16580,0.7509538531303406,0.1370661258697509,0.4247618913650512,3.0,2025-03-25
bg_16581,0.4530180692672729,0.1753391176462173,0.3460158705711365,2.0,2025-03-25
bg_16607,0.6876769065856934,0.2248418629169464,0.497890293598175,23.0,2025-03-25
bg_16622,0.8177905082702637,0.2064669877290725,0.5219219326972961,5.0,2025-03-25
bg_16643,0.8662984371185303,0.3938215970993042,0.6738155484199524,6.0,2025-03-25
bg_16663,0.5425662994384766,0.278690367937088,0.5041361451148987,8.0,2025-03-25
bg_16680,0.7485000491142273,0.1867849975824356,0.4697072803974151,12.0,2025-03-25
bg_16686,0.8416027426719666,0.3898000717163086,0.6777132749557495,4.0,2025-03-25
bg_16760,0.6231141090393066,0.3509443402290344,0.5695874094963074,8.0,2025-03-25
bg_16784,0.844345211982727,0.2962459921836853,0.6133209466934204,2.0,2025-03-25
bg_16792,0.835117757320404,0.3589692711830139,0.6441829204559326,21.0,2025-03-25
bg_16793,0.7333313822746277,0.3041615188121795,0.5464350581169128,6.0,2025-03-25
bg_16825,0.7684414386749268,0.2591088414192199,0.5475693345069885,18.0,2025-03-25
bg_16855,0.8479588627815247,0.364442765712738,0.6600870490074158,20.0,2025-03-25
bg_16926,0.5005428194999695,0.1857144236564636,0.3777899146080017,2.0,2025-03-25
bg_16940,0.747818648815155,0.2619676887989044,0.5616850256919861,20.0,2025-03-25
bg_16993,0.8913902044296265,0.2620956897735595,0.5135957598686218,14.0,2025-03-25
bg_17010,0.849357545375824,0.3031907081604004,0.6052280068397522,16.0,2025-03-25
bg_17044,0.7726252675056458,0.3322884142398834,0.6026396155357361,3.0,2025-03-25
bg_17068,0.8554114699363708,0.3626241683959961,0.644713282585144,10.0,2025-03-25
bg_17115,0.674604058265686,0.0751212537288665,0.3868026435375213,18.0,2025-03-25
bg_17123,0.8297435641288757,0.2653778791427612,0.5441430807113647,5.0,2025-03-25
bg_17170,0.807832658290863,0.3862947225570678,0.6583242416381836,7.0,2025-03-25
bg_17261,0.3570703268051147,-0.0842500701546669,-0.0324606448411941,4.0,2025-03-25
bg_17264,0.672254204750061,0.128403827548027,0.3984718322753906,16.0,2025-03-25
bg_17270,0.8405176401138306,0.3162273168563843,0.6425135731697083,4.0,2025-03-25
bg_17280,0.833085834980011,0.218845397233963,0.5415607690811157,12.0,2025-03-25
bg_17318,0.7249457836151123,0.2817536890506744,0.5731005668640137,3.0,2025-03-25
bg_17379,0.747546911239624,0.2098962962627411,0.499251514673233,22.0,2025-03-25
bg_17387,0.8010877966880798,0.1544303745031356,0.52304607629776,3.0,2025-03-25
bg_17391,0.8040195107460022,0.2499857395887375,0.5911344289779663,12.0,2025-03-25
bg_17424,0.8939474821090698,0.3429423570632934,0.6632681488990784,7.0,2025-03-25
bg_17430,0.4364779889583587,0.011508660390973,0.2543121576309204,24.0,2025-03-25
bg_17478,0.82780522108078,0.2594213485717773,0.5462686419487,1.0,2025-03-25
bg_17687,0.5872588157653809,0.2461443692445755,0.4664939939975738,4.0,2025-03-25
bg_17693,0.8565731644630432,0.423990786075592,0.7047146558761597,8.0,2025-03-25
bg_17722,0.8263546824455261,0.3769730925559997,0.6828904151916504,23.0,2025-03-25
bg_17749,0.861470103263855,0.4256742298603058,0.687025249004364,10.0,2025-03-25
bg_17751,0.93573659658432,0.3264807164669037,0.6496255397796631,4.0,2025-03-25
bg_17784,0.8454221487045288,0.268492043018341,0.5788403153419495,1.0,2025-03-25
bg_17786,0.8322298526763916,0.3599862158298492,0.6238694787025452,14.0,2025-03-25
bg_17817,0.7924662232398987,0.2245141863822937,0.5221107006072998,5.0,2025-03-25
bg_17819,0.7025752067565918,0.19569031894207,0.522358775138855,2.0,2025-03-25
bg_17834,0.7353262901306152,0.1833260804414749,0.4744754135608673,9.0,2025-03-25
bg_17840,0.8691467642784119,0.4256203174591064,0.6808767914772034,8.0,2025-03-25
bg_17857,0.2003488391637802,0.1383827626705169,0.2400600910186767,6.0,2025-03-25
bg_17861,0.807458758354187,0.2533384561538696,0.5534259676933289,14.0,2025-03-25
bg_17867,0.7057497501373291,0.2828732132911682,0.5734861493110657,8.0,2025-03-25
bg_17898,0.8144593834877014,0.2820154130458832,0.5896860957145691,3.0,2025-03-25
bg_17906,0.8174598217010498,0.2089788019657135,0.5107884407043457,12.0,2025-03-25
bg_17918,0.7791982889175415,0.4112143814563751,0.6794136762619019,2.0,2025-03-25
bg_17925,0.8037033081054688,0.325523167848587,0.6273401975631714,14.0,2025-03-25
bg_17937,0.6512702107429504,0.0870391726493835,0.3677666485309601,1.0,2025-03-25
bg_18010,0.8372345566749573,0.3268397152423858,0.610476016998291,18.0,2025-03-25
bg_18028,0.8807021975517273,0.3028019070625305,0.6114345788955688,4.0,2025-03-25
bg_18061,0.7879533767700195,0.3264340758323669,0.5989094376564026,8.0,2025-03-25
bg_18093,0.7934367060661316,0.3127115964889526,0.5910199880599976,10.0,2025-03-25
bg_18098,0.8049113154411316,0.3220085203647613,0.5930162668228149,3.0,2025-03-25
bg_18130,0.8412256240844727,0.2581324577331543,0.5705521106719971,5.0,2025-03-25
bg_18137,0.8148786425590515,0.1610752344131469,0.4418172240257263,12.0,2025-03-25
bg_18146,0.8519635796546936,0.4076393842697143,0.6663013696670532,2.0,2025-03-25
bg_18153,0.6577931046485901,0.1075610518455505,0.3104458153247833,12.0,2025-03-25
bg_18169,0.766218900680542,0.1924148499965667,0.4772080183029175,14.0,2025-03-25
bg_18191,0.8045580387115479,0.4292105734348297,0.6959367394447327,12.0,2025-03-25
bg_18242,0.7871003746986389,0.2891724705696106,0.5846911668777466,2.0,2025-03-25
bg_18268,0.6761434078216553,0.1295487731695175,0.4652317762374878,5.0,2025-03-25
bg_18269,0.8131278157234192,0.3719583451747894,0.6518498659133911,10.0,2025-03-25
bg_18280,0.7119359374046326,0.2528193891048431,0.4986442327499389,22.0,2025-03-25
bg_18361,0.8577038049697876,0.2836246788501739,0.5963373780250549,16.0,2025-03-25
bg_18396,0.7712066769599915,0.2850269675254822,0.5032786726951599,18.0,2025-03-25
bg_18404,0.8749464154243469,0.3506909310817718,0.6817905306816101,10.0,2025-03-25
bg_18411,0.8782155513763428,0.3082331418991089,0.625246524810791,1.0,2025-03-25
bg_18423,0.8452968001365662,0.2970674335956573,0.589351236820221,10.0,2025-03-25
bg_18459,0.8440497517585754,0.2928014695644378,0.5813211798667908,16.0,2025-03-25
bg_18490,0.81913161277771,0.2309281826019287,0.5704559087753296,10.0,2025-03-25
bg_18518,0.7891066670417786,0.2542589902877807,0.5545457601547241,22.0,2025-03-25
bg_18522,0.6604291200637817,0.2234421968460083,0.5059885382652283,20.0,2025-03-25
bg_18536,0.7531271576881409,0.2268372476100921,0.5195199251174927,10.0,2025-03-25
bg_18597,0.8749098181724548,0.3308770060539245,0.6321384906768799,8.0,2025-03-25
bg_18604,0.8555442690849304,0.432529479265213,0.7118332386016846,5.0,2025-03-25
bg_18606,0.7965037822723389,0.1747333854436874,0.4722412526607513,5.0,2025-03-25
bg_18631,0.8893017172813416,0.3467709720134735,0.6397824287414551,2.0,2025-03-25
bg_18706,,,,,2025-03-25
bg_18752,0.8342515826225281,0.3163617551326751,0.6077700257301331,16.0,2025-03-25
bg_18771,,,,,2025-03-25
bg_18778,0.6561189293861389,0.1129423081874847,0.379485547542572,17.0,2025-03-25
bg_18784,0.8373923301696777,0.4544312655925751,0.7166976928710938,16.0,2025-03-25
bg_18794,0.8458067178726196,0.2695292234420776,0.5670498013496399,3.0,2025-03-25
bg_18802,0.8796377778053284,0.3706031739711761,0.6609582901000977,12.0,2025-03-25
bg_18842,0.7847735285758972,0.361078530550003,0.5694491267204285,15.0,2025-03-25
bg_18846,0.8400418162345886,0.248412549495697,0.5600000023841858,19.0,2025-03-25
bg_18860,0.8797783851623535,0.3079226613044739,0.6081349849700928,14.0,2025-03-25
bg_18882,0.8319538831710815,0.390973150730133,0.6630237102508545,9.0,2025-03-25
bg_18929,0.8411898016929626,0.3440026640892029,0.6152905821800232,8.0,2025-03-25
bg_18962,0.8620403409004211,0.3242868185043335,0.6230577826499939,2.0,2025-03-25
bg_19024,0.5066050291061401,0.2375702112913131,0.4748262763023376,6.0,2025-03-25
bg_19089,0.6679145097732544,0.2198145985603332,0.4378584027290344,8.0,2025-03-25
bg_19197,0.8105801939964294,0.2731645107269287,0.4995001554489136,3.0,2025-03-25
bg_19211,0.8229793310165405,0.3159978687763214,0.6100340485572815,4.0,2025-03-25
bg_19293,0.8890536427497864,0.2999880313873291,0.63457852602005,12.0,2025-03-25
bg_19444,0.8828412294387817,0.3812012374401092,0.6698524355888367,8.0,2025-03-25
bg_19485,0.8469616770744324,0.0889433026313781,0.4174387753009796,12.0,2025-03-25
bg_19522,0.6565555930137634,0.0848380848765373,0.3234766721725464,8.0,2025-03-25
bg_19551,0.8284328579902649,0.2682926952838897,0.5751376748085022,3.0,2025-03-25
bg_19606,0.8289830088615417,0.294222742319107,0.5838354825973511,4.0,2025-03-25
bg_19657,0.8357803225517273,0.3084823191165924,0.6048519015312195,7.0,2025-03-25
bg_19694,0.796683669090271,0.1897118687629699,0.5137284994125366,12.0,2025-03-25
bg_19734,0.9261766076087952,0.2654396891593933,0.5618459582328796,10.0,2025-03-25
bg_19752,0.8529801368713379,0.3026070594787597,0.5888699293136597,1.0,2025-03-25
bg_19771,0.811201274394989,0.276912659406662,0.5772528052330017,3.0,2025-03-25
bg_19820,0.8133732676506042,0.3114322125911712,0.6198005676269531,14.0,2025-03-25
bg_19848,0.6852207183837891,0.109547734260559,0.3607129156589508,7.0,2025-03-25
bg_19860,0.8018543720245361,0.293444812297821,0.5740194320678711,4.0,2025-03-25
bg_20033,0.8414276242256165,0.4319608211517334,0.6906945705413818,4.0,2025-03-25
bg_20038,0.6009171009063721,0.1854641884565353,0.3574952781200409,2.0,2025-03-25
bg_20058,0.8665332794189453,0.2824744284152984,0.5920929312705994,18.0,2025-03-25
bg_20065,0.6630305051803589,0.3213189542293548,0.6231729984283447,6.0,2025-03-25
bg_20076,0.8089187741279602,0.1422232240438461,0.4834170639514923,14.0,2025-03-25
bg_20078,0.7540308833122253,0.359016865491867,0.631129264831543,6.0,2025-03-25
bg_20091,0.7676606774330139,0.1971693485975265,0.4809181988239288,10.0,2025-03-25
bg_20096,0.8697636723518372,0.2947266697883606,0.5915930271148682,28.0,2025-03-25
bg_20114,0.8666507601737976,0.2872605621814728,0.6203216910362244,8.0,2025-03-25
bg_20115,0.730512261390686,0.3172281980514526,0.5370919704437256,3.0,2025-03-25
bg_20118,0.7185803651809692,0.1199999898672103,0.4258044362068176,5.0,2025-03-25
bg_20153,0.9026622772216796,0.3372851312160492,0.6457329392433167,2.0,2025-03-25
bg_20168,0.815869152545929,0.221708595752716,0.4963304698467254,11.0,2025-03-25
bg_20174,0.821557879447937,0.2023941874504089,0.4927718639373779,10.0,2025-03-25
bg_20237,0.832425057888031,0.2373504936695099,0.5197740197181702,1.0,2025-03-25
bg_20244,0.8343127369880676,0.3388015329837799,0.6330066323280334,16.0,2025-03-25
bg_20251,0.6833503842353821,0.2465960830450058,0.4747203588485718,1.0,2025-03-25
bg_20353,0.2735245823860168,0.1454880535602569,0.3622078001499176,16.0,2025-03-25
bg_20413,0.7769028544425964,0.2695733606815338,0.550973653793335,9.0,2025-03-25
bg_20421,0.8532533645629883,0.4197444021701813,0.708200216293335,8.0,2025-03-25
bg_20444,0.8021978139877319,0.3650282323360443,0.6034589409828186,7.0,2025-03-25
bg_20458,0.8098812103271484,0.363274484872818,0.6606048941612244,4.0,2025-03-25
bg_20527,0.9083847999572754,0.222279354929924,0.5326138734817505,14.0,2025-03-25
bg_20555,0.7765588760375977,0.1941509395837783,0.4896672368049621,8.0,2025-03-25
bg_20566,0.8918238282203674,0.4170133769512176,0.703171968460083,14.0,2025-03-25
bg_20599,0.5853519439697266,0.0392249822616577,0.3173155188560486,2.0,2025-03-25
bg_20615,0.8800765872001648,0.419851690530777,0.7007430791854858,10.0,2025-03-25
bg_20667,0.6113482117652893,0.0166944041848182,0.2899799942970276,8.0,2025-03-25
bg_20704,0.8797947764396667,0.4065684080123901,0.6835655570030212,14.0,2025-03-25
bg_20751,0.8628509640693665,0.2593392431735992,0.5769704580307007,4.0,2025-03-25
bg_20770,0.8967905640602112,0.430665373802185,0.7249150276184082,4.0,2025-03-25
bg_20797,0.8087774515151978,0.2105263322591781,0.4914377927780151,17.0,2025-03-25
bg_20805,0.8141012191772461,0.3406352698802948,0.634802520275116,3.0,2025-03-25
bg_20810,0.8396633863449097,0.267206609249115,0.5703448057174683,18.0,2025-03-25
bg_20813,0.8604194521903992,0.3927899003028869,0.6659879088401794,4.0,2025-03-25
bg_20826,0.7567480802536011,0.4286395907402038,0.7084915637969971,10.0,2025-03-25
bg_20875,0.6807475686073303,0.1405747532844543,0.416143000125885,10.0,2025-03-25
bg_20976,0.8474767208099365,0.4183016419410705,0.7007324695587158,14.0,2025-03-25
bg_20991,0.8560830950737,0.3429874181747436,0.6286178827285767,5.0,2025-03-25
bg_21028,0.8211446404457092,0.410460889339447,0.6835862994194031,8.0,2025-03-25
bg_21042,0.8715066909790039,0.359951764345169,0.6814243793487549,6.0,2025-03-25
bg_21056,0.6571851968765259,0.2124199569225311,0.420880526304245,12.0,2025-03-25
bg_21058,0.8515625,0.2347266972064972,0.5528255701065063,3.0,2025-03-25
bg_21071,0.7211757302284241,0.1796442866325378,0.4597651660442352,8.0,2025-03-25
bg_21093,0.8616723418235779,0.2655507922172546,0.561965823173523,4.0,2025-03-25
bg_21101,0.7035847902297974,0.0919067114591598,0.4014084339141845,1.0,2025-03-25
bg_21110,0.7985628247261047,0.22952800989151,0.5451648235321045,4.0,2025-03-25
bg_21123,0.8211236000061035,0.3866599202156067,0.6876370906829834,6.0,2025-03-25
bg_21129,0.8029850721359253,0.2034869343042373,0.5127318501472473,5.0,2025-03-25
bg_21148,0.8723729252815247,0.2492587864398956,0.5660679340362549,12.0,2025-03-25
bg_21161,0.8037577867507935,0.3175130784511566,0.5681231021881104,6.0,2025-03-25
bg_21164,0.8241532444953918,0.2794016003608703,0.6067915558815002,2.0,2025-03-25
bg_21196,0.8428366184234619,0.3171291053295135,0.6148439645767212,13.0,2025-03-25
bg_21234,0.8248177170753479,0.2290032356977462,0.5276423692703247,14.0,2025-03-25
bg_21297,0.8586311936378479,0.372492104768753,0.6763825416564941,14.0,2025-03-25
bg_21340,0.7844915390014648,0.1749897301197052,0.4943678379058838,18.0,2025-03-25
bg_21352,0.6786429286003113,0.2196999639272689,0.5285775065422058,14.0,2025-03-25
bg_21364,0.8910963535308838,0.3816061913967132,0.6833723783493042,8.0,2025-03-25
bg_21392,0.8599137663841248,0.3599079847335815,0.6600144505500793,9.0,2025-03-25
bg_21425,0.8484410047531128,0.2450347542762756,0.5540229678153992,12.0,2025-03-25
bg_21466,0.8169114589691162,0.257696658372879,0.5625565052032471,2.0,2025-03-25
bg_21503,0.8299094438552856,0.2933867275714874,0.595224142074585,8.0,2025-03-25
bg_21520,,,,,2025-03-25
bg_21531,0.8554730415344238,0.3442783951759338,0.6345839500427246,14.0,2025-03-25
bg_21564,0.8514083623886108,0.3152993023395538,0.641520619392395,16.0,2025-03-25
bg_21617,0.8053298592567444,0.2587419152259826,0.5372180938720703,10.0,2025-03-25
bg_21632,0.8697788715362549,0.4405238330364227,0.7141637802124023,8.0,2025-03-25
bg_21667,0.5758841037750244,-0.0218454822897911,0.1727200746536255,12.0,2025-03-25
bg_21686,0.8218737244606018,0.2268397808074951,0.5214238166809082,16.0,2025-03-25
bg_21734,0.8322095274925232,0.2912575304508209,0.5970646739006042,12.0,2025-03-25
bg_21825,0.8153048157691956,0.286797434091568,0.5772627592086792,12.0,2025-03-25
bg_21840,0.7925375699996948,0.2070030719041824,0.5367376208305359,10.0,2025-03-25
bg_21842,0.8506301045417786,0.2296136319637298,0.4844962954521179,14.0,2025-03-25
bg_21843,0.5959022045135498,0.1122882962226867,0.3644633591175079,6.0,2025-03-25
bg_21860,,,,,2025-03-25
bg_21861,0.8688849210739136,0.3732512593269348,0.6453232169151306,10.0,2025-03-25
bg_21874,0.7465716004371643,0.2756410241127014,0.5611669421195984,1.0,2025-03-25
bg_21910,0.8688267469406128,0.2683099806308746,0.5819509029388428,1.0,2025-03-25
bg_21954,0.5641422271728516,0.1676923334598541,0.2924649119377136,1.0,2025-03-25
bg_22045,,,,,2025-03-25
bg_22053,0.7962107062339783,0.2494664639234542,0.5496656894683838,12.0,2025-03-25
bg_22074,0.8998277187347412,0.4574077427387237,0.7253321409225464,8.0,2025-03-25
bg_22189,0.8516727685928345,0.2611565291881561,0.5693439245223999,8.0,2025-03-25
bg_22225,0.8625207543373108,0.2500630021095276,0.5709279179573059,10.0,2025-03-25
bg_22238,0.8301684260368347,0.3548861145973205,0.6640090942382812,21.0,2025-03-25
bg_22256,0.8520119786262512,0.3678459823131561,0.6584888100624084,6.0,2025-03-25
bg_22264,0.6948740482330322,0.1755204945802688,0.4265388250350952,24.0,2025-03-25
bg_22271,0.8304601311683655,0.2689032852649688,0.5665205121040344,14.0,2025-03-25
bg_22325,0.769254207611084,0.1638374924659729,0.4374558329582214,15.0,2025-03-25
bg_22381,0.818138837814331,0.2611874639987945,0.5546174645423889,8.0,2025-03-25
bg_22452,0.8040561676025391,0.243159607052803,0.5304708480834961,22.0,2025-03-25
bg_22501,0.8255215287208557,0.1666069477796554,0.4636449515819549,15.0,2025-03-25
bg_22502,,,,,2025-03-25
bg_22536,0.8004186749458313,0.270622968673706,0.5589123964309692,1.0,2025-03-25
bg_22563,0.8073201775550842,0.2890603244304657,0.5538738965988159,9.0,2025-03-25
bg_22598,0.806686282157898,0.2328428775072097,0.5334188342094421,18.0,2025-03-25
bg_22607,0.8386235237121582,0.3102826476097107,0.611906886100769,16.0,2025-03-25
bg_22618,0.8322209119796753,0.4470798671245575,0.7024493217468262,4.0,2025-03-25
bg_22624,0.8817693591117859,0.3582088351249695,0.6312283873558044,8.0,2025-03-25
bg_22693,0.748670220375061,0.2171162962913513,0.5150532722473145,3.0,2025-03-25
bg_22704,0.7844175696372986,0.2357913255691528,0.5225697159767151,8.0,2025-03-25
bg_22719,0.8235474824905396,0.2966120541095733,0.6123946905136108,1.0,2025-03-25
bg_22726,0.8173769116401672,0.292753517627716,0.592028021812439,24.0,2025-03-25
bg_22755,0.7164981365203857,0.1698527783155441,0.4322229623794555,20.0,2025-03-25
bg_22779,0.8257802128791809,0.3365574777126312,0.6174514293670654,5.0,2025-03-25
bg_22807,0.838813841342926,0.2956658005714416,0.5750574469566345,8.0,2025-03-25
bg_22839,0.8478170037269592,0.3976716101169586,0.705662190914154,6.0,2025-03-25
bg_22843,0.8658822774887085,0.3801279962062835,0.6614500880241394,8.0,2025-03-25
bg_22859,0.8617331981658936,0.4271499812602997,0.7076411843299866,7.0,2025-03-25
bg_22867,0.6348246335983276,0.008578865788877,0.2821535468101501,5.0,2025-03-25
bg_22894,0.7435389161109924,0.1779846996068954,0.4575661420822143,20.0,2025-03-25
bg_22898,0.8763124346733093,0.2969235479831695,0.6291526556015015,2.0,2025-03-25
bg_22939,0.8609309196472168,0.3180489540100097,0.6385802626609802,14.0,2025-03-25
bg_23003,0.8838649988174438,0.3870699107646942,0.7016799449920654,12.0,2025-03-25
bg_23009,0.7423657178878784,0.171213299036026,0.4479846656322479,3.0,2025-03-25
bg_23043,0.8626572489738464,0.3249935805797577,0.6305537223815918,36.0,2025-03-25
bg_23076,0.7645143866539001,0.1718435734510421,0.4462217390537262,3.0,2025-03-25
bg_23077,0.8025746941566467,0.1605119109153747,0.4694002866744995,14.0,2025-03-25
bg_23132,0.5134091377258301,0.0299810878932476,0.250573992729187,4.0,2025-03-25
bg_23136,0.879106879234314,0.4039807021617889,0.7029678225517273,10.0,2025-03-25
bg_23172,0.4435380101203918,0.100555695593357,0.2231244146823883,2.0,2025-03-25
bg_23257,0.793985903263092,0.282950222492218,0.5749016404151917,18.0,2025-03-25
bg_23268,0.5642343163490295,0.1558324694633484,0.4060955941677093,8.0,2025-03-25
bg_23270,0.8048570156097412,0.2549320161342621,0.5725313425064087,16.0,2025-03-25
bg_23328,0.8305283188819885,0.2107087522745132,0.5284783244132996,2.0,2025-03-25
bg_23347,0.8555065989494324,0.2362540662288665,0.5353913307189941,7.0,2025-03-25
bg_23348,0.8353196382522583,0.3487261235713959,0.6257197856903076,1.0,2025-03-25
bg_23360,0.7701612710952759,0.2539682388305664,0.5198412537574768,5.0,2025-03-25
bg_23373,0.7907797694206238,0.2623239457607269,0.5553943514823914,12.0,2025-03-25
bg_23418,0.8272650241851807,0.2913557291030884,0.5838030576705933,10.0,2025-03-25
bg_23483,0.8203114867210388,0.3604273796081543,0.6622429490089417,2.0,2025-03-25
bg_23486,0.756904125213623,0.3978217542171478,0.6581535339355469,14.0,2025-03-25
bg_23513,0.8119281530380249,0.3240908682346344,0.5978055000305176,10.0,2025-03-25
bg_23604,0.8656519651412964,0.2637595236301422,0.5775700807571411,12.0,2025-03-25
bg_23667,0.8735030889511108,0.3525823354721069,0.6617597937583923,12.0,2025-03-25
bg_23680,0.8648133873939514,0.3036269247531891,0.6259942054748535,8.0,2025-03-25
bg_23689,0.8324173092842102,0.2568600475788116,0.5592625737190247,16.0,2025-03-25
bg_23732,0.8741223216056824,0.2667355835437774,0.5702451467514038,8.0,2025-03-25
bg_23746,0.8187040090560913,0.337372213602066,0.6151240468025208,8.0,2025-03-25
bg_23760,0.875655472278595,0.3801987171173095,0.6609936356544495,8.0,2025-03-25
bg_23841,0.8514291048049927,0.325179249048233,0.6231152415275574,24.0,2025-03-25
bg_23863,0.866386890411377,0.3200428187847137,0.6480480432510376,22.0,2025-03-25
bg_23870,0.8249073028564453,0.2267701178789138,0.5645022392272949,6.0,2025-03-25
bg_23935,0.735792875289917,0.1872176080942154,0.4194881916046142,8.0,2025-03-25
bg_23960,0.6481831073760986,-0.0011447195429354,0.2135791927576065,12.0,2025-03-25
bg_23976,0.8342909216880798,0.2332665622234344,0.5546536445617676,10.0,2025-03-25
bg_24000,0.8772887587547302,0.380680114030838,0.6935221552848816,2.0,2025-03-25
bg_24062,0.7874564528465271,0.2362897992134094,0.5622317790985107,5.0,2025-03-25
bg_24071,0.59425288438797,0.2496114522218704,0.536697268486023,3.0,2025-03-25
bg_24153,0.9184746742248536,0.3812601566314697,0.7359241843223572,3.0,2025-03-25
bg_24223,0.8924117684364319,0.2241884618997573,0.5378553867340088,10.0,2025-03-25
bg_24244,0.8535847067832947,0.2572501301765442,0.5690710544586182,4.0,2025-03-25
bg_24245,0.8063774704933167,0.2813111543655395,0.5844074487686157,19.0,2025-03-25
bg_24248,0.5866084098815918,-0.0986818820238113,0.1541970670223236,11.0,2025-03-25
bg_24269,0.803992748260498,0.2702875435352325,0.5961211919784546,3.0,2025-03-25
bg_24286,0.8052836060523987,0.3000384867191314,0.5229008793830872,10.0,2025-03-25
bg_24317,0.8555418252944946,0.3331925272941589,0.6211335062980652,12.0,2025-03-25
bg_24328,0.6636245250701904,0.1663619726896286,0.4508243203163147,3.0,2025-03-25
bg_24338,0.903711438179016,0.4060976207256317,0.6941882371902466,24.0,2025-03-25
bg_24349,0.5549038648605347,0.2657825052738189,0.4006457328796386,1.0,2025-03-25
bg_24372,0.836715817451477,0.446064680814743,0.7260046601295471,8.0,2025-03-25
bg_24379,0.7891343235969543,0.3040281236171722,0.608841061592102,4.0,2025-03-25
bg_24388,0.7662182450294495,0.3321101069450378,0.5982388854026794,3.0,2025-03-25
bg_24531,0.8148370385169983,0.2269125133752823,0.5203033685684204,16.0,2025-03-25
bg_24568,0.5022421479225159,0.3098729252815246,0.4922049045562744,1.0,2025-03-25
bg_24570,0.9070630669593812,0.2214987874031067,0.5848706364631653,12.0,2025-03-25
bg_24590,0.791300892829895,0.3125566840171814,0.6007929444313049,16.0,2025-03-25
bg_24604,0.8351725935935974,0.3132272362709045,0.5732922554016113,2.0,2025-03-25
bg_24667,,,,,2025-03-25
bg_24776,0.8735156059265137,0.3979442119598388,0.6802824139595032,7.0,2025-03-25
bg_24812,0.8457063436508179,0.310600608587265,0.6108129620552063,8.0,2025-03-25
bg_24823,0.8773453235626221,0.3835377991199493,0.7093871831893921,4.0,2025-03-25
bg_24825,0.6630975008010864,0.109682597219944,0.4161766767501831,18.0,2025-03-25
bg_24843,0.8314493298530579,0.2729150652885437,0.5724717974662781,16.0,2025-03-25
bg_24875,0.7692307829856873,0.2225292474031448,0.5416204333305359,13.0,2025-03-25
bg_24880,0.7181130051612854,0.1979072540998459,0.4265611469745636,5.0,2025-03-25
bg_24881,0.7463489770889282,0.1850912868976593,0.4926075339317322,3.0,2025-03-25
bg_24888,0.8714023232460022,0.2179279178380966,0.5572988986968994,8.0,2025-03-25
bg_24913,0.8468217253684998,0.3165356516838074,0.6208211779594421,12.0,2025-03-25
bg_24917,0.8834951519966125,0.3108556568622589,0.6485704779624939,3.0,2025-03-25
bg_24950,0.8532840609550476,0.2637075781822204,0.5821885466575623,21.0,2025-03-25
bg_24991,0.843029797077179,0.2697527110576629,0.5617085099220276,8.0,2025-03-25
bg_24999,0.825552225112915,0.1783644407987594,0.4969787895679474,10.0,2025-03-25
bg_25007,0.8640720844268799,0.3302123844623565,0.6174545288085938,14.0,2025-03-25
bg_25039,0.8786696195602417,0.3315578103065491,0.6361225247383118,8.0,2025-03-25
bg_25097,0.8100693225860596,0.2719665169715881,0.5522708892822266,3.0,2025-03-25
bg_25144,0.839195966720581,0.2229517698287964,0.5398993492126465,15.0,2025-03-25
bg_25173,0.8487623333930969,0.2815590500831604,0.5997872948646545,8.0,2025-03-25
bg_25182,0.773262083530426,0.2775036096572876,0.5435327887535095,10.0,2025-03-25
bg_25199,0.8764815926551819,0.4027031660079956,0.678626298904419,2.0,2025-03-25
bg_25208,0.861377477645874,0.3174510300159454,0.6295982599258423,4.0,2025-03-25
bg_25238,0.7797996997833252,0.3212679922580719,0.5947009921073914,2.0,2025-03-25
bg_25255,0.7053430080413818,0.2540739178657532,0.5290870070457458,14.0,2025-03-25
bg_25278,0.4303731024265289,0.0154181672260165,0.195062980055809,7.0,2025-03-25
bg_25284,0.5537298917770386,0.214331567287445,0.4842253923416137,5.0,2025-03-25
bg_25291,0.754740834236145,0.3320537209510803,0.5881006717681885,3.0,2025-03-25
bg_25296,0.5204408764839172,0.1269966661930084,0.2754587829113006,2.0,2025-03-25
bg_25323,0.8021674156188965,0.1684086918830871,0.4720548391342163,12.0,2025-03-25
bg_25348,0.7946434020996094,0.3082805573940277,0.6040316820144653,12.0,2025-03-25
bg_25349,0.8165056109428406,0.3154779374599457,0.5650935173034668,2.0,2025-03-25
bg_25355,,,,,2025-03-25
bg_25370,0.8805579543113708,0.3298891186714172,0.6372129917144775,8.0,2025-03-25
bg_25451,0.8384737372398376,0.1532044559717178,0.4768379032611847,8.0,2025-03-25
bg_25481,,,,,2025-03-25
bg_25483,0.7414634227752686,0.1356496959924698,0.4536615014076233,19.0,2025-03-25
bg_25498,0.7710488438606262,0.1898383945226669,0.4330546855926513,14.0,2025-03-25
bg_25559,0.8557634353637695,0.4168890416622162,0.6877549886703491,2.0,2025-03-25
bg_25681,0.5789787769317627,0.3043907284736633,0.4420507252216339,1.0,2025-03-25
bg_25694,0.8456574082374573,0.4095494151115417,0.6738560795783997,11.0,2025-03-25
bg_25752,0.8379526734352112,0.2418414801359176,0.5520004034042358,2.0,2025-03-25
bg_25795,0.781778872013092,0.1433513611555099,0.4377379119396209,3.0,2025-03-25
bg_25799,0.849665105342865,0.3163549602031708,0.6301145553588867,21.0,2025-03-25
bg_25807,0.8641887307167053,0.3599807620048523,0.6328418850898743,5.0,2025-03-25
bg_25824,0.8743773698806763,0.3637516796588897,0.6481766104698181,10.0,2025-03-25
bg_25850,0.8408229351043701,0.3288888931274414,0.6094228625297546,9.0,2025-03-25
bg_25853,-0.2118884325027465,0.2354859560728073,0.2752028703689575,14.0,2025-03-25
bg_25871,,,,,2025-03-25
bg_25873,0.8099284768104553,0.2743335962295532,0.5415663123130798,8.0,2025-03-25
bg_25899,0.8926137685775757,0.3571008741855621,0.6532639265060425,19.0,2025-03-25
bg_25971,0.8752384781837463,0.3258820474147796,0.6342111825942993,8.0,2025-03-25
bg_25979,0.8943643569946289,0.3678730428218841,0.6655253171920776,8.0,2025-03-25
bg_25995,0.4013040661811828,0.0988525971770286,0.2636386752128601,3.0,2025-03-25
bg_26052,0.8073756098747253,0.1654411852359771,0.4764551222324371,3.0,2025-03-25
bg_26117,0.757793128490448,0.2778044044971466,0.5312345027923584,14.0,2025-03-25
bg_26133,0.7749430537223816,0.2502512335777282,0.468713104724884,3.0,2025-03-25
bg_26138,0.868534505367279,0.2302357703447342,0.4984126985073089,21.0,2025-03-25
bg_26145,0.8294257521629333,0.2428439408540725,0.5374072194099426,1.0,2025-03-25
bg_26268,0.895403265953064,0.4579200744628906,0.7487472891807556,10.0,2025-03-25
bg_26283,0.6150909662246704,0.3161314129829407,0.618360161781311,3.0,2025-03-25
bg_26302,0.8558922410011292,0.3110291957855224,0.6273988485336304,5.0,2025-03-25
bg_26372,0.8190146684646606,0.3623382151126861,0.6571723222732544,2.0,2025-03-25
bg_26418,0.5703544616699219,0.2485055476427078,0.4536415636539459,1.0,2025-03-25
bg_26461,0.8382856249809265,0.3258133828639984,0.609738290309906,12.0,2025-03-25
bg_26503,0.7664037942886353,0.263235479593277,0.5443114638328552,16.0,2025-03-25
bg_26524,0.8543577790260315,0.421027272939682,0.672052800655365,2.0,2025-03-25
bg_26569,0.8100568056106567,0.159114122390747,0.433943510055542,10.0,2025-03-25
bg_26586,0.811458170413971,0.3353485763072967,0.6292632222175598,2.0,2025-03-25
bg_26589,0.7480248808860779,0.1679708659648895,0.4314845502376556,6.0,2025-03-25
bg_26595,0.8378936648368835,0.2687224447727203,0.5652173757553101,3.0,2025-03-25
bg_26651,0.8659014105796814,0.3833655714988708,0.6593720316886902,5.0,2025-03-25
bg_26691,0.6244474649429321,0.2533817589282989,0.4598959386348724,4.0,2025-03-25
bg_26693,0.7558233141899109,0.2981882095336914,0.5361506938934326,2.0,2025-03-25
bg_26784,0.8232373595237732,-0.0252968315035104,0.2391681373119354,13.0,2025-03-25
bg_26790,0.8853161931037903,0.327268898487091,0.6457727551460266,10.0,2025-03-25
bg_26850,0.7923250794410706,0.0576766803860664,0.3961218893527984,5.0,2025-03-25
bg_26912,0.8189858198165894,0.304426372051239,0.6125069856643677,3.0,2025-03-25
bg_26928,0.7596737146377563,0.2548175454139709,0.5090996026992798,28.0,2025-03-25
bg_26967,0.772235631942749,0.2119113802909851,0.5139312744140625,16.0,2025-03-25
bg_26971,0.7890323996543884,0.1328060328960418,0.4304064214229584,12.0,2025-03-25
bg_26985,0.8774203062057495,0.3712181150913238,0.6805945634841919,4.0,2025-03-25
bg_27021,,,,,2025-03-25
bg_27044,0.8303363919258118,0.3243535161018371,0.6301212310791016,4.0,2025-03-25
bg_27065,0.8628503084182739,0.3624073565006256,0.6538342833518982,5.0,2025-03-25
bg_27127,0.8690055012702942,0.3224302530288696,0.6338741779327393,18.0,2025-03-25
bg_27131,0.8290614485740662,0.1866078525781631,0.529782235622406,22.0,2025-03-25
bg_27187,0.7860009074211121,0.2219006270170211,0.5340920686721802,10.0,2025-03-25
bg_27214,0.7479790449142456,0.2285390794277191,0.5257384181022644,3.0,2025-03-25
bg_27264,0.886693000793457,0.4143209755420685,0.7129186391830444,1.0,2025-03-25
bg_27299,0.5488340258598328,0.1794292777776718,0.3673745393753052,2.0,2025-03-25
bg_27350,0.7414827942848206,0.1665538251399994,0.4624134600162506,20.0,2025-03-25
bg_27388,0.907450258731842,0.499500036239624,0.7601671814918518,8.0,2025-03-25
bg_27392,0.6609616875648499,0.1133569851517677,0.3888340890407562,3.0,2025-03-25
bg_27490,0.8424392342567444,0.3387892246246338,0.5985395312309265,12.0,2025-03-25
bg_27514,0.748318612575531,0.1012807264924049,0.40965336561203,18.0,2025-03-25
bg_27556,0.7614848017692566,0.2048379927873611,0.480019748210907,4.0,2025-03-25
bg_27558,0.8541247248649597,0.3348346054553985,0.6526124477386475,12.0,2025-03-25
bg_27592,0.841989278793335,0.380122035741806,0.6336556673049927,18.0,2025-03-25
bg_27666,0.7302525639533997,0.280584305524826,0.5660588145256042,3.0,2025-03-25
bg_27675,0.8761644959449768,0.3699076771736145,0.6872391104698181,16.0,2025-03-25
bg_27746,,,,,2025-03-25
bg_27751,0.8198748826980591,0.2448246777057647,0.5410125851631165,16.0,2025-03-25
bg_27755,0.7965342998504639,0.2260064482688903,0.5464951395988464,2.0,2025-03-25
bg_27768,0.8512170314788818,0.3469010293483734,0.6168795228004456,3.0,2025-03-25
bg_27791,0.857297420501709,0.4101686477661133,0.6918262243270874,4.0,2025-03-25
bg_27824,0.8030970096588135,0.1202368587255477,0.3901321589946747,12.0,2025-03-25
bg_27830,0.8002215027809143,0.2095357477664947,0.5148678421974182,2.0,2025-03-25
bg_27839,0.620496392250061,0.1598414629697799,0.4307441413402557,3.0,2025-03-25
bg_27898,0.868075966835022,0.4354798197746277,0.7139184474945068,18.0,2025-03-25
bg_27923,0.7361701130867004,0.0931357890367508,0.34437295794487,18.0,2025-03-25
bg_27961,0.873848021030426,0.3751123249530792,0.6512686610221863,12.0,2025-03-25
bg_27994,0.8944163918495178,0.3597805798053741,0.6579208374023438,8.0,2025-03-25
bg_28034,0.7839444875717163,0.5236427187919617,0.7472636699676514,15.0,2025-03-25
bg_28129,0.845403790473938,0.378013402223587,0.6632431149482727,12.0,2025-03-25
bg_28130,0.843148410320282,0.3381033539772033,0.633518397808075,8.0,2025-03-25
bg_28139,0.8976263403892517,0.3873948752880096,0.7026084661483765,6.0,2025-03-25
bg_28251,0.563835620880127,0.1218998879194259,0.3830339014530182,10.0,2025-03-25
bg_28268,0.8500068187713623,0.2103544920682907,0.5558940768241882,10.0,2025-03-25
bg_28269,0.8884639143943787,0.3724817335605621,0.679332435131073,8.0,2025-03-25
bg_28305,,,,,2025-03-25
bg_28330,0.7425742745399475,0.2614617347717285,0.5560814142227173,3.0,2025-03-25
bg_28368,0.8784376382827759,0.3234411776065826,0.6293060183525085,10.0,2025-03-25
bg_28375,0.8286060690879822,0.2593360841274261,0.5656726360321045,8.0,2025-03-25
bg_28446,0.8616693615913391,0.3497581779956817,0.6462463140487671,8.0,2025-03-25
bg_28460,0.7835607528686523,0.2617871463298797,0.5380404591560364,1.0,2025-03-25
bg_28481,0.7651563882827759,0.0532951951026916,0.2863713204860687,6.0,2025-03-25
bg_28483,0.7732083201408386,0.3421835601329803,0.605475664138794,3.0,2025-03-25
bg_28484,0.377645343542099,0.0942810103297233,0.2598331272602081,18.0,2025-03-25
bg_28515,0.8743711113929749,0.3924272060394287,0.676596999168396,8.0,2025-03-25
bg_28523,0.8439967036247253,0.3667433857917785,0.645187258720398,8.0,2025-03-25
bg_28528,0.1929260194301605,-0.3032864034175873,-0.2374100983142852,5.0,2025-03-25
bg_28567,0.8412350416183472,0.3931377232074737,0.6368172764778137,8.0,2025-03-25
bg_28633,0.8587103486061096,0.3168081939220428,0.6201499104499817,8.0,2025-03-25
bg_28653,0.8429643511772156,0.3328399062156677,0.6187159419059753,14.0,2025-03-25
bg_28701,0.8511701226234436,0.2980101704597473,0.626086950302124,9.0,2025-03-25
bg_28718,0.7966066002845764,0.2952337563037872,0.5980812907218933,8.0,2025-03-25
bg_28728,0.8021366000175476,0.1216835379600524,0.4454114139080047,16.0,2025-03-25
bg_28749,0.9127010703086852,0.5133655667304993,0.7574533224105835,12.0,2025-03-25
bg_28761,0.7627118825912476,0.2857964336872101,0.5796538591384888,1.0,2025-03-25
bg_28765,0.75519198179245,0.0431082770228385,0.3518202900886535,10.0,2025-03-25
bg_28774,0.8249605298042297,0.3726235628128052,0.6451153755187988,1.0,2025-03-25
bg_28795,0.8212901949882507,0.2078448385000229,0.5129367113113403,20.0,2025-03-25
bg_28903,0.8342911601066589,0.2596431374549866,0.5559216141700745,10.0,2025-03-25
bg_28905,0.8554040789604187,0.2990133464336395,0.6058096885681152,14.0,2025-03-25
bg_29017,0.8589254021644592,0.370252400636673,0.6566278338432312,16.0,2025-03-25
bg_29070,0.7843137383460999,0.2260573804378509,0.5138919353485107,3.0,2025-03-25
bg_29098,0.2701030969619751,-0.0347349196672439,0.0389213934540748,5.0,2025-03-25
bg_29102,0.8659448027610779,0.3084917664527893,0.6317954063415527,8.0,2025-03-25
bg_29123,0.7996454238891602,0.270454078912735,0.5402594208717346,12.0,2025-03-25
bg_29148,0.8912169337272644,0.4070641696453094,0.6784178614616394,3.0,2025-03-25
bg_29161,0.854143500328064,0.4199464619159698,0.7031607627868652,14.0,2025-03-25
bg_29195,0.899746835231781,0.3932417333126068,0.6866711378097534,9.0,2025-03-25
bg_29219,0.8241939544677734,0.3508206009864807,0.6409631371498108,2.0,2025-03-25
bg_29222,0.7525806427001953,0.2177023142576217,0.5066615343093872,22.0,2025-03-25
bg_29231,0.8679115772247314,0.3021773993968963,0.5987147092819214,14.0,2025-03-25
bg_29242,0.7944719791412354,0.1759036183357238,0.4801334738731384,5.0,2025-03-25
bg_29343,0.6643964052200317,0.2586663663387298,0.4839478731155395,8.0,2025-03-25
bg_29348,0.8815217614173889,0.4726457297801971,0.723378598690033,12.0,2025-03-25
bg_29399,0.8589211702346802,0.3805854916572571,0.6736327409744263,5.0,2025-03-25
bg_29480,0.7878284454345703,0.3109230101108551,0.6109450459480286,6.0,2025-03-25
bg_29502,0.811415433883667,0.236142948269844,0.5250643491744995,16.0,2025-03-25
bg_29545,0.639901876449585,-0.059266734868288,0.1722908616065979,12.0,2025-03-25
bg_29595,0.8680669665336609,0.3088267743587494,0.6317514777183533,6.0,2025-03-25
bg_29620,0.8821292519569397,0.436604380607605,0.6897802352905273,1.0,2025-03-25
bg_29719,0.8111352324485779,0.216265395283699,0.5314699411392212,12.0,2025-03-25
bg_29743,0.8810133337974548,0.421232521533966,0.7252846360206604,8.0,2025-03-25
bg_29746,0.6299411058425903,0.2363636493682861,0.4950819611549377,1.0,2025-03-25
bg_29767,,,,,2025-03-25
bg_29800,0.8009640574455261,0.1926655918359756,0.4708452224731445,10.0,2025-03-25
bg_29816,0.8643068075180054,0.1928279548883438,0.5161935091018677,7.0,2025-03-25
bg_29871,0.7887789011001587,0.3219210505485534,0.6009458899497986,15.0,2025-03-25
bg_29915,0.8823307752609253,0.3749906122684479,0.6553146839141846,14.0,2025-03-25
bg_29927,0.8084259033203125,0.3250790536403656,0.6457663178443909,6.0,2025-03-25
bg_29938,0.7760467529296875,0.2791024148464203,0.5857011675834656,3.0,2025-03-25
bg_29942,,,,,2025-03-25
bg_29949,0.8417717814445496,0.3268672525882721,0.6018701195716858,4.0,2025-03-25
bg_29960,0.8561639785766602,0.3118832111358642,0.6198113560676575,16.0,2025-03-25
bg_30101,0.445321261882782,0.191290482878685,0.3951860070228576,2.0,2025-03-25
bg_30144,0.7857247591018677,0.3646904230117798,0.6310021281242371,6.0,2025-03-25
bg_30154,0.867912769317627,0.2856541574001312,0.6092680096626282,21.0,2025-03-25
bg_30163,0.920103907585144,0.1864376962184906,0.5412163734436035,32.0,2025-03-25
bg_30224,0.7375484704971313,0.1471627503633499,0.4421312212944031,2.0,2025-03-25
bg_30226,0.8381919264793396,0.2456979006528854,0.5746223330497742,29.0,2025-03-25
bg_30240,0.8298960328102112,0.4148403108119964,0.7025312781333923,6.0,2025-03-25
bg_30257,0.8163629770278931,0.1987738907337188,0.486984521150589,3.0,2025-03-25
bg_30281,0.8471451997756958,0.2880505919456482,0.5719089508056641,14.0,2025-03-25
bg_30284,0.7440083026885986,0.2159348130226135,0.4900636374950409,12.0,2025-03-25
bg_30297,0.8566610217094421,0.121246688067913,0.4783806800842285,8.0,2025-03-25
bg_30321,0.836431622505188,0.3959583044052124,0.6638314127922058,14.0,2025-03-25
bg_30347,,,,,2025-03-25
bg_30394,0.8919041156768799,0.2601300477981567,0.5767097473144531,10.0,2025-03-25
bg_30476,0.8346008062362671,0.3028229176998138,0.582023024559021,6.0,2025-03-25
bg_30479,0.8232914209365845,0.2683784067630768,0.5716264247894287,18.0,2025-03-25
bg_30502,0.6995779275894165,0.3208262622356415,0.5843567848205566,4.0,2025-03-25
bg_30555,0.7782275080680847,0.2186639010906219,0.4735682308673858,2.0,2025-03-25
bg_30557,0.8309922814369202,0.308738499879837,0.5953159332275391,8.0,2025-03-25
bg_30569,0.8900437951087952,0.4035235941410064,0.6809749603271484,12.0,2025-03-25
bg_30584,0.9979757070541382,0.2901711165904999,0.6077362895011902,14.0,2025-03-25
bg_30588,0.7877954840660095,0.2770644426345825,0.585773229598999,12.0,2025-03-25
bg_30607,0.8663692474365234,0.4271542727947235,0.6857163906097412,8.0,2025-03-25
bg_30636,0.8957598209381104,0.3258171379566192,0.659178614616394,14.0,2025-03-25
bg_30645,0.8343834280967712,0.3367760777473449,0.6342948079109192,7.0,2025-03-25
bg_30659,0.8023737072944641,0.3141416311264038,0.5891035199165344,8.0,2025-03-25
bg_30664,0.9518304467201232,0.1864839643239975,0.5287476181983948,2.0,2025-03-25
bg_30666,0.8200815320014954,0.2726958394050598,0.5895278453826904,29.0,2025-03-25
bg_30761,0.8874080181121826,0.3689649701118469,0.64947909116745,8.0,2025-03-25
bg_30769,0.759939968585968,0.3164983093738556,0.6035543084144592,1.0,2025-03-25
bg_30856,0.8240177035331726,0.303484708070755,0.5776056051254272,5.0,2025-03-25
bg_30897,0.8676590919494629,0.3994643986225128,0.6930960416793823,12.0,2025-03-25
bg_30902,0.7867351174354553,0.2797552645206451,0.600007176399231,12.0,2025-03-25
bg_30952,,,,,2025-03-25
bg_30954,0.8282427787780762,0.3482980132102966,0.628119707107544,22.0,2025-03-25
bg_31072,0.6515282988548279,0.0754926055669784,0.2998425960540771,6.0,2025-03-25
bg_31091,0.8063798546791077,0.2333136200904846,0.5369606018066406,10.0,2025-03-25
bg_31105,0.8646769523620605,0.2653835713863373,0.5831074714660645,2.0,2025-03-25
bg_31179,0.8891804218292236,0.243765503168106,0.5772929787635803,10.0,2025-03-25
bg_31185,0.8375087976455688,0.3780379891395569,0.6548948884010315,12.0,2025-03-25
bg_31189,0.8451436161994934,0.3155419528484344,0.6434617638587952,10.0,2025-03-25
bg_31228,0.8809482455253601,0.4177767336368561,0.6838745474815369,18.0,2025-03-25
bg_31243,0.887163519859314,0.3252682685852051,0.6304344534873962,4.0,2025-03-25
bg_31278,0.8159240484237671,0.4024187624454498,0.6546955704689026,11.0,2025-03-25
bg_31297,0.8186805248260498,0.4214382171630859,0.6617708802223206,4.0,2025-03-25
bg_31308,0.6700159907341003,0.2767635285854339,0.5236779451370239,4.0,2025-03-25
bg_31313,0.6604904532432556,0.2048082947731018,0.4902783036231994,14.0,2025-03-25
bg_31324,0.772162139415741,0.2305049896240234,0.538475513458252,8.0,2025-03-25
bg_31364,0.7486478090286255,0.288911759853363,0.6022608280181885,4.0,2025-03-25
bg_31367,0.8127738237380981,0.2614111602306366,0.5899336934089661,18.0,2025-03-25
bg_31378,0.8128897547721863,0.2650787234306335,0.5625307559967041,14.0,2025-03-25
bg_31418,0.8744286894798279,0.3438582420349121,0.6419057846069336,8.0,2025-03-25
bg_31484,0.6805368661880493,0.2049411088228225,0.4644370973110199,8.0,2025-03-25
bg_31522,0.8622722029685974,0.3393301367759704,0.6006053686141968,4.0,2025-03-25
bg_31594,0.8333584666252136,0.2040978372097015,0.5232039093971252,18.0,2025-03-25
bg_31601,0.8870841860771179,0.3123765289783478,0.6211416125297546,12.0,2025-03-25
bg_31617,0.7475864291191101,0.324675589799881,0.5878711938858032,6.0,2025-03-25
bg_31618,0.8915863037109375,0.4163346290588379,0.6913470029830933,1.0,2025-03-25
bg_31648,0.8746297359466553,0.3187817931175232,0.5986160039901733,10.0,2025-03-25
bg_31655,0.7136321663856506,0.2179771065711975,0.396060049533844,8.0,2025-03-25
bg_31714,0.8595924377441406,0.2747678458690643,0.5828580260276794,8.0,2025-03-25
bg_31734,0.8616195321083069,0.401265799999237,0.696946918964386,8.0,2025-03-25
bg_31815,0.8088262677192688,0.2160970866680145,0.529066264629364,14.0,2025-03-25
bg_31842,0.8148847222328186,0.2671420574188232,0.5719307661056519,6.0,2025-03-25
bg_31849,0.8572719097137451,0.3648183643817901,0.6418446898460388,3.0,2025-03-25
bg_31887,0.8745148777961731,0.3122049868106842,0.6086594462394714,3.0,2025-03-25
bg_31895,0.8157781362533569,0.3146321773529053,0.6256030797958374,14.0,2025-03-25
bg_31903,0.6616085171699524,0.0849269703030586,0.356354147195816,16.0,2025-03-25
bg_31962,0.7905991077423096,0.206739529967308,0.5061818957328796,8.0,2025-03-25
bg_31991,0.9009214639663696,0.2803221940994262,0.6173107028007507,12.0,2025-03-25
bg_32026,0.4220378994941711,0.0659540295600891,0.2868801057338714,8.0,2025-03-25
bg_32034,0.7822759747505188,0.2610517740249634,0.5555053949356079,8.0,2025-03-25
bg_32049,0.8320619463920593,0.1935238242149353,0.4818284213542938,8.0,2025-03-25
bg_32055,0.8698884844779968,0.3186833262443542,0.6196728348731995,8.0,2025-03-25
bg_32076,0.8492132425308228,0.3168836832046509,0.6225404143333435,10.0,2025-03-25
bg_32103,0.8285058736801147,0.4214769601821899,0.660889208316803,3.0,2025-03-25
bg_32105,0.872446596622467,0.2827354371547699,0.6095194816589355,10.0,2025-03-25
bg_32123,0.7502623200416565,0.1367164254188537,0.4520212411880493,5.0,2025-03-25
bg_32137,0.5563966631889343,0.1223964542150497,0.3197578489780426,5.0,2025-03-25
bg_32151,0.7123053073883057,0.2076277136802673,0.4822855293750763,24.0,2025-03-25
bg_32181,0.8033459186553955,0.235505536198616,0.5419995784759521,16.0,2025-03-25
bg_32197,0.863467812538147,0.3872381746768951,0.6587070226669312,3.0,2025-03-25
bg_32227,0.9109792113304138,0.4365838170051574,0.7268518805503845,7.0,2025-03-25
bg_32251,0.88307124376297,0.3242546021938324,0.6243470311164856,8.0,2025-03-25
bg_32281,0.8337528109550476,0.4495837986469269,0.6817402243614197,6.0,2025-03-25
bg_32323,0.7767857313156128,0.2416503131389618,0.5384615659713745,17.0,2025-03-25
bg_32340,,,,,2025-03-25
bg_32441,0.8495964407920837,0.131359577178955,0.4777330160140991,10.0,2025-03-25
bg_32474,0.8257082104682922,0.3433296382427215,0.6344364881515503,12.0,2025-03-25
bg_32476,0.8196915984153748,0.3005510866641998,0.5958387851715088,21.0,2025-03-25
bg_32538,0.9041662216186525,0.3931666314601898,0.7090335488319397,6.0,2025-03-25
bg_32570,0.8621267080307007,0.3372434079647064,0.6256386637687683,21.0,2025-03-25
bg_32576,0.7915905117988586,0.3112560510635376,0.5951169729232788,7.0,2025-03-25
bg_32599,0.7994287610054016,0.2696002125740051,0.5860139727592468,3.0,2025-03-25
bg_32625,0.9032357335090636,0.3820110261440277,0.6888889074325562,9.0,2025-03-25
bg_32660,0.8912739157676697,0.330089807510376,0.6445149779319763,14.0,2025-03-25
bg_32691,0.7525378465652466,0.1973283886909485,0.3746003806591034,8.0,2025-03-25
bg_32757,0.6154810786247253,0.1372456848621368,0.3336383700370788,18.0,2025-03-25
bg_32762,0.8509653806686401,0.2784617841243744,0.5753820538520813,10.0,2025-03-25
bg_32780,0.833759605884552,0.2693073749542236,0.5808249711990356,5.0,2025-03-25
bg_32788,0.8169028759002686,0.2369937002658844,0.5411012172698975,8.0,2025-03-25
bg_32808,0.4888621866703033,0.1853572875261306,0.4801567494869232,2.0,2025-03-25
bg_32856,0.6986595392227173,0.1957653015851974,0.4472361803054809,3.0,2025-03-25
bg_32874,0.6492142081260681,0.2096882462501526,0.4804084002971649,2.0,2025-03-25
bg_32878,0.7111907601356506,0.2362017482519149,0.5207588076591492,20.0,2025-03-25
bg_32928,0.615768551826477,0.0010993838077411,0.2756625115871429,18.0,2025-03-25
bg_32948,0.5489439368247986,0.146959975361824,0.3857205510139465,18.0,2025-03-25
bg_32958,0.8155975937843323,0.2421662509441375,0.5283822417259216,14.0,2025-03-25
bg_32967,0.8577325344085693,0.2546348869800567,0.5650580525398254,12.0,2025-03-25
bg_33000,0.8232043981552124,0.3784028887748718,0.6224299073219299,5.0,2025-03-25
bg_33014,0.8594496250152588,0.421358585357666,0.6830208897590637,8.0,2025-03-25
bg_33017,0.8311874270439148,0.2335878014564514,0.5425735116004944,5.0,2025-03-25
bg_33026,0.8477683663368225,0.3099653124809265,0.6024907827377319,6.0,2025-03-25
bg_33031,0.3458059132099151,0.0610283687710762,0.2542042434215545,8.0,2025-03-25
bg_33037,0.8231292366981506,0.4167097210884094,0.6533421874046326,5.0,2025-03-25
bg_33046,0.8535938858985901,0.2976010143756866,0.5690685510635376,17.0,2025-03-25
bg_33055,0.6920141577720642,0.2000000029802322,0.4920546412467956,3.0,2025-03-25
bg_33064,0.768666684627533,0.2755281627178192,0.5458800792694092,2.0,2025-03-25
bg_33109,0.8388662934303284,0.3215490579605102,0.6015173196792603,12.0,2025-03-25
bg_33142,,,,,2025-03-25
bg_33148,0.7878091931343079,0.265124648809433,0.5419878363609314,4.0,2025-03-25
bg_33254,0.872089684009552,0.3844683468341827,0.6759627461433411,24.0,2025-03-25
bg_33257,0.8624288439750671,0.2354709953069687,0.5482315421104431,12.0,2025-03-25
bg_33267,0.7419694662094116,0.2397535443305969,0.5442108511924744,13.0,2025-03-25
bg_33354,0.8562414050102234,0.1963946223258972,0.5568521022796631,2.0,2025-03-25
bg_33388,0.8016844391822815,0.2440803349018097,0.5447471737861633,2.0,2025-03-25
bg_33413,0.8323802947998047,0.3534245789051056,0.6504837870597839,4.0,2025-03-25
bg_33481,0.7855321764945984,0.2498624771833419,0.576590359210968,8.0,2025-03-25
bg_33482,0.8237199783325195,0.2309440374374389,0.5239964127540588,12.0,2025-03-25
bg_33532,0.8953551054000854,0.194214254617691,0.5249046683311462,10.0,2025-03-25
bg_33541,0.838765025138855,0.3666878044605255,0.6681267619132996,7.0,2025-03-25
bg_33602,0.8666321039199829,0.3627198338508606,0.6457218527793884,10.0,2025-03-25
bg_33609,0.8324766159057617,0.3881909549236297,0.6789461374282837,4.0,2025-03-25
bg_33635,0.66022127866745,0.1812216490507125,0.4346206784248352,6.0,2025-03-25
bg_33698,0.8726945519447327,0.2788781523704529,0.606840968132019,2.0,2025-03-25
bg_33768,0.8486597537994385,0.3306133449077606,0.620903491973877,24.0,2025-03-25
bg_33771,0.886192798614502,0.3568628132343292,0.6579539179801941,4.0,2025-03-25
bg_33773,0.8226640224456787,0.3029412925243377,0.5906322002410889,8.0,2025-03-25
bg_33786,0.8031870722770691,0.1681062877178192,0.4940640330314636,8.0,2025-03-25
bg_33801,0.7133349180221558,0.1197565123438835,0.4144633114337921,12.0,2025-03-25
bg_33836,0.8412507176399231,0.3530836999416351,0.6448885798454285,24.0,2025-03-25
bg_33838,0.8605024814605713,0.4111736416816711,0.6786525845527649,10.0,2025-03-25
bg_33839,0.8786516785621643,0.3869346678256988,0.683139979839325,11.0,2025-03-25
bg_33857,0.8601252436637878,0.3119823336601257,0.6182293891906738,5.0,2025-03-25
bg_33908,0.8764964938163757,0.3424695432186126,0.6505913734436035,18.0,2025-03-25
bg_33934,0.6898336410522461,0.1254991888999939,0.4049381911754608,10.0,2025-03-25
bg_33938,0.7343113422393799,0.2775891423225403,0.4832648336887359,3.0,2025-03-25
bg_33947,0.8727050423622131,0.2843730449676513,0.5874161720275879,3.0,2025-03-25
bg_33950,0.8829135298728943,0.3657129406929016,0.6844602823257446,3.0,2025-03-25
bg_33960,0.8415795564651489,0.2834129929542541,0.5856153964996338,4.0,2025-03-25
bg_33981,0.7948363423347473,0.3999180197715759,0.6421638131141663,4.0,2025-03-25
bg_34008,0.8585249781608582,0.2600467503070831,0.5812944769859314,8.0,2025-03-25
bg_34057,0.8659924268722534,0.4416408836841583,0.7290120720863342,7.0,2025-03-25
bg_34071,0.8751576542854309,0.2975567281246185,0.6185033917427063,1.0,2025-03-25
bg_34084,0.7020920515060425,0.2161349356174469,0.5018970370292664,8.0,2025-03-25
bg_34100,0.848032534122467,0.3475142121315002,0.6584475040435791,11.0,2025-03-25
bg_34132,0.7843607068061829,0.2691131234169006,0.5820615291595459,5.0,2025-03-25
bg_34215,0.7367873191833496,0.3483068346977234,0.5409488081932068,10.0,2025-03-25
bg_34260,0.7821110486984253,0.1935334801673889,0.4933886229991913,5.0,2025-03-25
bg_34265,0.8410584926605225,0.2867918908596039,0.5720359086990356,14.0,2025-03-25
bg_34277,0.7458025217056274,0.222192496061325,0.5087637901306152,4.0,2025-03-25
bg_34319,0.8611825108528137,0.3158851265907287,0.6484517455101013,3.0,2025-03-25
bg_34336,0.846291720867157,0.2975146174430847,0.617906928062439,7.0,2025-03-25
bg_34342,0.92634379863739,0.3544880151748657,0.6346127390861511,10.0,2025-03-25
bg_34446,0.8233687877655029,0.4251229465007782,0.7093876004219055,8.0,2025-03-25
bg_34469,0.8383263349533081,0.3492178916931152,0.6428951025009155,14.0,2025-03-25
bg_34480,0.9084136486053468,0.318538099527359,0.6607498526573181,2.0,2025-03-25
bg_34518,0.8369970917701721,0.3321727812290191,0.5949401259422302,8.0,2025-03-25
bg_34554,0.6327399611473083,0.0671238526701927,0.3544679582118988,14.0,2025-03-25
bg_34588,0.809271514415741,0.354486882686615,0.6442973017692566,1.0,2025-03-25
bg_34612,0.8967450857162476,0.4287526905536651,0.7129166722297668,8.0,2025-03-25
bg_34651,0.7544169425964355,0.1747919917106628,0.4363832473754883,20.0,2025-03-25
bg_34698,0.8266578912734985,0.3481426537036896,0.6101171970367432,12.0,2025-03-25
bg_34759,0.8018327355384827,0.2019054740667343,0.5178158283233643,9.0,2025-03-25
bg_34785,0.8495528697967529,0.2816656827926636,0.5664336085319519,9.0,2025-03-25
bg_34878,0.8145400285720825,0.282630056142807,0.5282501578330994,17.0,2025-03-25
bg_34996,0.746071457862854,0.1681099683046341,0.4696805775165558,16.0,2025-03-25
bg_35122,0.7896009683609009,0.0208975803107023,0.4200260043144226,5.0,2025-03-25
bg_35131,0.8794795274734497,0.4103142023086548,0.7084349989891052,8.0,2025-03-25
bg_35177,0.755458414554596,0.2845370471477508,0.5928659439086914,6.0,2025-03-25
bg_35195,0.8501872420310974,0.3669868111610412,0.667651891708374,13.0,2025-03-25
bg_35196,0.8761134147644043,0.3750588595867157,0.6357794404029846,18.0,2025-03-25
bg_35251,0.769100546836853,0.3560651838779449,0.5598916411399841,2.0,2025-03-25
bg_35367,0.7663988471031189,0.2091157734394073,0.5285682678222656,4.0,2025-03-25
bg_35376,0.8665889501571655,0.2502442896366119,0.5740844011306763,14.0,2025-03-25
bg_35386,0.8271524310112,0.3578944504261017,0.6349751353263855,16.0,2025-03-25
bg_35431,0.8355111479759216,0.273821473121643,0.5949764847755432,3.0,2025-03-25
bg_35453,0.7901502251625061,0.2440509051084518,0.5383715033531189,8.0,2025-03-25
bg_35482,0.8034518957138062,0.3154783844947815,0.6125203967094421,8.0,2025-03-25
bg_35483,0.8780621886253357,0.3865119814872741,0.6737377047538757,8.0,2025-03-25
bg_35587,0.7395894527435303,0.1774821132421493,0.4431873857975006,21.0,2025-03-25
bg_35619,0.841362714767456,0.3937234580516815,0.6776236295700073,10.0,2025-03-25
bg_35620,0.7880018353462219,0.170526310801506,0.5322767496109009,3.0,2025-03-25
bg_35669,0.8906614780426025,0.2815287411212921,0.6056182980537415,14.0,2025-03-25
bg_35690,0.7640342712402344,0.1381124556064605,0.4551433324813843,14.0,2025-03-25
bg_35691,0.9276480674743652,0.3798683285713196,0.6232598423957825,12.0,2025-03-25
bg_35731,0.7332207560539246,0.2131802290678024,0.4839463233947754,13.0,2025-03-25
bg_35837,0.7762323617935181,0.2256045937538147,0.5064597725868225,6.0,2025-03-25
bg_35862,0.6827548146247864,0.1927480101585388,0.4370796978473663,2.0,2025-03-25
bg_35883,0.8057896494865417,0.2102161049842834,0.5118299126625061,9.0,2025-03-25
bg_35934,0.9007840752601624,0.3982095420360565,0.6871427297592163,10.0,2025-03-25
bg_35938,0.7074679732322693,0.2968619167804718,0.5251628160476685,3.0,2025-03-25
bg_35984,0.7613126635551453,0.3281725943088531,0.5893712639808655,4.0,2025-03-25
bg_35987,0.8415254950523376,0.2238604873418808,0.5188131332397461,16.0,2025-03-25
bg_36013,0.8822785019874573,0.4335901439189911,0.6776729822158813,15.0,2025-03-25
bg_36019,0.7853001952171326,0.3306961953639984,0.6284566521644592,8.0,2025-03-25
bg_36037,0.7763777375221252,0.2717576920986175,0.5626459121704102,12.0,2025-03-25
bg_36042,0.8432472348213196,0.3398168385028839,0.6201559901237488,8.0,2025-03-25
bg_36081,0.892653226852417,0.2903550565242767,0.5954006314277649,3.0,2025-03-25
bg_36130,0.8046325445175171,0.1283049881458282,0.4071970880031585,18.0,2025-03-25
bg_36138,0.7596510648727417,0.251629114151001,0.5138720273971558,8.0,2025-03-25
bg_36153,0.8307291865348816,0.3522481322288513,0.6263735890388489,1.0,2025-03-25
bg_36155,0.784336268901825,0.3489393293857574,0.563679575920105,2.0,2025-03-25
bg_36169,0.7670940160751343,0.250188946723938,0.5286506414413452,3.0,2025-03-25
bg_36242,0.7179988026618958,0.1121962964534759,0.4123090207576751,18.0,2025-03-25
bg_36262,0.7855390906333923,0.2776791751384735,0.5813744068145752,20.0,2025-03-25
bg_36272,0.859893798828125,0.2954828441143036,0.590641975402832,12.0,2025-03-25
bg_36384,0.7627118825912476,0.1973945051431656,0.4718185067176819,5.0,2025-03-25
bg_36409,0.8058582544326782,0.2106162160634994,0.5110900402069092,18.0,2025-03-25
bg_36415,0.7129117846488953,0.2041157037019729,0.4648042619228363,4.0,2025-03-25
bg_36419,0.8184998035430908,0.2890484035015106,0.5879247784614563,16.0,2025-03-25
bg_36428,0.8935130834579468,0.4004419147968292,0.7099036574363708,6.0,2025-03-25
bg_36462,0.8316051363945007,0.2376969903707504,0.5473020076751709,3.0,2025-03-25
bg_36492,0.8696935176849365,0.3725190758705139,0.6796772480010986,8.0,2025-03-25
bg_36506,0.7079796195030212,0.3323239982128143,0.5866576433181763,3.0,2025-03-25
bg_36523,0.8767015933990479,0.4930943250656128,0.7440692782402039,10.0,2025-03-25
bg_36527,0.7580166459083557,0.3153122365474701,0.623063325881958,2.0,2025-03-25
bg_36532,0.7928038239479065,0.3053068816661834,0.5931281447410583,4.0,2025-03-25
bg_36540,0.8322058916091919,0.2687626481056213,0.5751355886459351,14.0,2025-03-25
bg_36569,0.8092456459999084,0.3361578285694122,0.6267336010932922,2.0,2025-03-25
bg_36612,0.8581557273864746,0.3765905201435089,0.6732277870178223,4.0,2025-03-25
bg_36619,0.8593897223472595,-0.1983360052108764,0.1258429884910583,2.0,2025-03-25
bg_36646,0.8264462947845459,0.2867539823055267,0.5899280309677124,3.0,2025-03-25
bg_36723,0.6036593317985535,0.0319272316992282,0.3133007884025574,16.0,2025-03-25
bg_36791,0.3632627129554748,0.1883698403835296,0.336639791727066,3.0,2025-03-25
bg_36823,0.8511480093002319,0.3284111320972442,0.6466301083564758,6.0,2025-03-25
bg_36826,0.6751366257667542,0.087743155658245,0.3492025434970855,10.0,2025-03-25
bg_36832,0.8695924878120422,0.3374004364013672,0.6319702863693237,2.0,2025-03-25
bg_36859,0.8425572514533997,0.4033842980861664,0.6821402311325073,4.0,2025-03-25
bg_36920,0.8712927103042603,0.2715569734573364,0.5605660080909729,4.0,2025-03-25
bg_36926,0.8561344742774963,0.2528078556060791,0.5432795286178589,4.0,2025-03-25
bg_36930,0.4523117244243622,0.1206501051783561,0.3144879341125488,4.0,2025-03-25
bg_36945,0.8867673277854919,0.2935066819190979,0.5925595164299011,12.0,2025-03-25
bg_36969,0.8450579047203064,0.153674840927124,0.491183876991272,5.0,2025-03-25
bg_36972,0.7327378988265991,0.3173935413360595,0.5911749601364136,14.0,2025-03-25
bg_36975,0.8596457839012146,0.3798387050628662,0.6696557402610779,12.0,2025-03-25
bg_37037,0.727561354637146,0.2199582457542419,0.4660773277282715,4.0,2025-03-25
bg_37056,0.813728392124176,0.316406786441803,0.6118152141571045,10.0,2025-03-25
bg_37160,0.8329383730888367,0.3413966298103332,0.615278959274292,5.0,2025-03-25
bg_37177,0.8436497449874878,0.3342523872852325,0.6247778534889221,28.0,2025-03-25
bg_37199,0.8838446140289307,0.3648331761360168,0.6682676076889038,14.0,2025-03-25
bg_37230,0.862955629825592,0.3055883646011352,0.6082584857940674,12.0,2025-03-25
bg_37242,0.7851939797401428,0.3645048141479492,0.6781002879142761,12.0,2025-03-25
bg_37247,0.8034634590148926,0.3028236925601959,0.597745418548584,14.0,2025-03-25
bg_37284,0.7536045908927917,0.2596599757671356,0.532664954662323,4.0,2025-03-25
bg_37307,0.7928082346916199,0.1521908044815063,0.4338639974594116,10.0,2025-03-25
bg_37370,,,,,2025-03-25
bg_37384,0.6776202321052551,0.3027128875255584,0.4900153577327728,1.0,2025-03-25
bg_37428,0.9213368892669678,0.2292162328958511,0.5870984792709351,8.0,2025-03-25
bg_37518,0.8154678344726562,0.2929452359676361,0.6018791794776917,4.0,2025-03-25
bg_37562,0.8484449982643127,0.3559381067752838,0.6409932374954224,3.0,2025-03-25
bg_37563,0.828402042388916,0.2946607768535614,0.5987263917922974,12.0,2025-03-25
bg_37566,0.8252407312393188,0.2300230413675308,0.4825804531574249,2.0,2025-03-25
bg_37575,0.9003101587295532,0.4178482592105865,0.706148087978363,8.0,2025-03-25
bg_37586,0.8845533728599548,0.3881235122680664,0.6961527466773987,23.0,2025-03-25
bg_37666,0.8593207001686096,0.3139489293098449,0.6164900064468384,15.0,2025-03-25
bg_37690,0.4240137040615082,0.1749898195266723,0.3773759305477142,4.0,2025-03-25
bg_37698,0.8758643269538879,0.4127447605133056,0.7040637731552124,8.0,2025-03-25
bg_37724,0.5544226765632629,0.3268215656280517,0.5723192095756531,2.0,2025-03-25
bg_37729,0.8918581008911133,0.1836437135934829,0.5317731499671936,8.0,2025-03-25
bg_37746,0.710782527923584,0.1426833122968673,0.4603421688079834,3.0,2025-03-25
bg_37776,0.8125110268592834,0.3415203094482422,0.6655462384223938,14.0,2025-03-25
bg_37807,0.9801375269889832,0.1096774265170097,0.4392645955085754,3.0,2025-03-25
bg_37808,0.1368059366941452,0.1722000688314438,0.3111074268817901,1.0,2025-03-25
bg_37871,0.7663156390190125,0.3363836407661438,0.6016656756401062,18.0,2025-03-25
bg_37920,0.7884691953659058,0.1582009345293045,0.4754846096038818,19.0,2025-03-25
bg_37979,0.644885241985321,0.3092360198497772,0.5129597187042236,2.0,2025-03-25
bg_38002,0.8466120362281799,0.2456052154302597,0.5196078419685364,1.0,2025-03-25
bg_38023,0.837837815284729,0.3715537786483764,0.6348204612731934,3.0,2025-03-25
bg_38025,0.8888490200042725,0.2949852347373962,0.6129822134971619,1.0,2025-03-25
bg_38042,0.8492158651351929,0.3631114065647125,0.6586489677429199,4.0,2025-03-25
bg_38045,0.6589325070381165,0.1947798579931259,0.4850233793258667,18.0,2025-03-25
bg_38069,0.7993366718292236,0.4215525686740875,0.6539633870124817,1.0,2025-03-25
bg_38088,0.6501818895339966,-0.0093653993681073,0.2526161968708038,12.0,2025-03-25
bg_38113,0.7883908748626709,0.2823946475982666,0.5872187614440918,5.0,2025-03-25
bg_38127,0.7012152671813965,0.0483777821063995,0.3633298873901367,2.0,2025-03-25
bg_38189,0.503695547580719,0.0445803590118885,0.2500309348106384,18.0,2025-03-25
bg_38197,0.7379558682441711,0.1093810722231864,0.4010889232158661,5.0,2025-03-25
bg_38260,0.4686816036701202,0.1815912723541259,0.3565760850906372,2.0,2025-03-25
bg_38290,0.6558645963668823,0.0943610891699791,0.3421009480953216,20.0,2025-03-25
bg_38302,0.8533523678779602,0.4646032154560089,0.7289626002311707,6.0,2025-03-25
bg_38305,0.8452345132827759,0.3424719274044037,0.5996310114860535,14.0,2025-03-25
bg_38368,0.869716227054596,0.3508427441120147,0.6595528721809387,6.0,2025-03-25
bg_38372,0.8701487183570862,0.2526725232601166,0.521841824054718,3.0,2025-03-25
bg_38410,0.7981796264648438,0.312913179397583,0.6110662817955017,12.0,2025-03-25
bg_38475,0.8658076524734497,0.2687197625637054,0.6067232489585876,4.0,2025-03-25
bg_38529,0.842881977558136,0.253807783126831,0.539580225944519,14.0,2025-03-25
bg_38598,0.8900811076164246,0.3893875181674957,0.6740275025367737,8.0,2025-03-25
bg_38714,,,,,2025-03-25
bg_38716,0.8499261140823364,0.2896576821804046,0.6126331090927124,8.0,2025-03-25
bg_38718,0.8023460507392883,0.3176161050796509,0.5948190689086914,8.0,2025-03-25
bg_38766,0.8665432929992676,0.3305791020393371,0.643710196018219,14.0,2025-03-25
bg_38800,0.7528979182243347,0.2220324277877807,0.5449787974357605,5.0,2025-03-25
bg_38918,0.7242822647094727,0.167752981185913,0.4490573108196258,18.0,2025-03-25
bg_38919,0.8376967906951904,0.2155488133430481,0.5184124112129211,2.0,2025-03-25
bg_38956,0.833541989326477,0.3037121295928955,0.6032034158706665,2.0,2025-03-25
bg_38961,0.8670768141746521,0.4048473834991455,0.6553516983985901,12.0,2025-03-25
bg_38977,0.7960553765296936,0.2405279725790023,0.5223171710968018,8.0,2025-03-25
bg_38996,0.8612970113754272,0.3573059141635895,0.6260665059089661,4.0,2025-03-25
bg_39015,0.8421451449394226,0.3572655916213989,0.6312570571899414,14.0,2025-03-25
bg_39023,0.8800904154777527,0.3786868155002594,0.6729965806007385,24.0,2025-03-25
bg_39134,0.8572003245353699,0.0453198440372943,0.3723790645599365,12.0,2025-03-25
bg_39175,0.8224724531173706,0.3090559542179107,0.5871849060058594,16.0,2025-03-25
bg_39190,0.7635790109634399,0.3463062047958374,0.6555322408676147,6.0,2025-03-25
bg_39212,0.8432934880256653,0.4173688292503357,0.6437785029411316,15.0,2025-03-25
bg_39219,,,,,2025-03-25
bg_39222,0.517065703868866,0.2921348214149475,0.5773305296897888,5.0,2025-03-25
bg_39311,0.8884708285331726,0.3636237680912018,0.6485774517059326,10.0,2025-03-25
bg_39314,0.641139566898346,0.1713980883359909,0.4418745040893554,14.0,2025-03-25
bg_39325,,,,,2025-03-25
bg_39370,0.7321770191192627,0.2606295943260193,0.5180796980857849,12.0,2025-03-25
bg_39414,0.8400814533233643,0.3700610995292663,0.6576511859893799,6.0,2025-03-25
bg_39438,0.8045267462730408,0.3549633026123047,0.6187515258789062,3.0,2025-03-25
bg_39463,0.8808918595314026,0.3577606976032257,0.682261049747467,14.0,2025-03-25
bg_39488,0.8346370458602905,0.1852115541696548,0.4870893359184265,12.0,2025-03-25
bg_39514,0.8401229977607727,0.3840644359588623,0.6708310842514038,21.0,2025-03-25
bg_39559,0.5961615443229675,0.1454806178808212,0.3832293748855591,1.0,2025-03-25
bg_39566,0.8625621199607849,0.2109688967466354,0.5152320265769958,14.0,2025-03-25
bg_39567,0.6531540155410767,0.2625729441642761,0.5258631706237793,4.0,2025-03-25
bg_39590,0.8233066201210022,0.3613277673721313,0.6100645065307617,6.0,2025-03-25
bg_39605,0.5415037870407104,0.2728743851184845,0.4791880548000335,2.0,2025-03-25
bg_39606,0.8682858347892761,0.350210964679718,0.6283329725265503,3.0,2025-03-25
bg_39655,0.7634270787239075,0.1809034347534179,0.4666312038898468,3.0,2025-03-25
bg_39807,0.8787760138511658,0.3882656693458557,0.6746318340301514,8.0,2025-03-25
bg_39872,0.8053900599479675,0.398453801870346,0.70502108335495,12.0,2025-03-25
bg_39882,0.8317139148712158,0.3828743398189544,0.6487148404121399,8.0,2025-03-25
bg_39888,0.894686222076416,0.3356653749942779,0.6485015749931335,12.0,2025-03-25
bg_39932,0.5454502701759338,0.0880688354372978,0.3468371331691742,14.0,2025-03-25
bg_39957,0.7466266751289368,0.3518355786800384,0.6446091532707214,3.0,2025-03-25
bg_39972,0.8756833076477051,0.3103586435317993,0.6225464344024658,4.0,2025-03-25
bg_40039,0.8557133078575134,0.3824549317359924,0.6757981181144714,3.0,2025-03-25
bg_40059,0.8559417128562927,0.3862760663032532,0.6808295249938965,8.0,2025-03-25
bg_40077,,,,,2025-03-25
bg_40084,0.8882526755332947,0.403460294008255,0.6941325068473816,24.0,2025-03-25
bg_40088,0.8842673897743225,0.2814308702945709,0.6128812432289124,14.0,2025-03-25
bg_40096,0.8567899465560913,0.3720605075359344,0.6692161560058594,8.0,2025-03-25
bg_40107,0.7695167064666748,0.2147083878517151,0.4739676713943481,11.0,2025-03-25
bg_40147,0.8819751143455505,0.3563523590564728,0.6330674290657043,13.0,2025-03-25
bg_40172,0.8497235774993896,0.2873295843601227,0.5957523584365845,6.0,2025-03-25
bg_40173,0.8268726468086243,0.2424234747886657,0.5682405233383179,14.0,2025-03-25
bg_40175,0.822762131690979,0.2564067542552948,0.5709232687950134,24.0,2025-03-25
bg_40227,0.8685944080352783,0.3680827617645263,0.6569458246231079,12.0,2025-03-25
bg_40237,0.8600000143051147,0.273972600698471,0.5707248449325562,5.0,2025-03-25
bg_40247,0.7975845336914062,0.3143147528171539,0.6082428097724915,4.0,2025-03-25
bg_40263,0.8180040717124939,0.1605776995420456,0.5025172233581543,8.0,2025-03-25
bg_40309,,,,,2025-03-25
bg_40386,0.8106395602226257,0.2038922160863876,0.5289982557296753,6.0,2025-03-25
bg_40391,0.897300660610199,0.4041152000427246,0.6552563905715942,2.0,2025-03-25
bg_40406,0.7170424461364746,0.056844774633646,0.3450386822223663,20.0,2025-03-25
bg_40414,,,,,2025-03-25
bg_40441,0.7744803428649902,0.2936631143093109,0.5816486477851868,2.0,2025-03-25
bg_40457,,,,,2025-03-25
bg_40473,0.6606557369232178,0.1406974494457245,0.4727272689342499,3.0,2025-03-25
bg_40533,0.4114556014537811,0.2102688401937484,0.4009253680706024,2.0,2025-03-25
bg_40577,0.757676362991333,0.2766396701335907,0.5561397075653076,3.0,2025-03-25
bg_40625,0.768966794013977,0.3176589012145996,0.6163632869720459,10.0,2025-03-25
bg_40633,,,,,2025-03-25
bg_40641,0.8433545827865601,0.4643602073192596,0.7135326266288757,10.0,2025-03-25
bg_40669,,,,,2025-03-25
bg_40691,0.8255659341812134,0.2902912497520447,0.6182648539543152,11.0,2025-03-25
bg_40740,0.8679735064506531,0.4071376621723175,0.6875,5.0,2025-03-25
bg_40767,,,,,2025-03-25
bg_40771,0.8249139189720154,0.2410385310649871,0.5588083863258362,10.0,2025-03-25
bg_40772,0.8623983860015869,0.2312957048416137,0.567003607749939,8.0,2025-03-25
bg_40786,0.8775596618652344,0.4309797585010528,0.674415647983551,8.0,2025-03-25
bg_40790,0.8113600611686707,0.3779096007347107,0.6021274328231812,12.0,2025-03-25
bg_40799,0.7222836017608643,0.0917581021785736,0.3972965776920318,15.0,2025-03-25
bg_40821,0.8627570867538452,0.3962251842021942,0.6942455768585205,4.0,2025-03-25
bg_40826,0.8412978053092957,0.3611474335193634,0.6395435333251953,8.0,2025-03-25
bg_40860,0.8745753169059753,0.4361791908740997,0.7143386602401733,8.0,2025-03-25
bg_40879,0.826368510723114,0.3063584268093109,0.5871509313583374,14.0,2025-03-25
bg_40894,0.8407304883003235,0.1795600950717926,0.4843915104866028,8.0,2025-03-25
bg_40937,0.8232743144035339,0.2815435230731964,0.6035040616989136,12.0,2025-03-25
bg_40957,0.8586375713348389,0.389430433511734,0.6723326444625854,10.0,2025-03-25
bg_40963,0.6616845726966858,-0.0201689358800649,0.2310978025197982,12.0,2025-03-25
bg_40994,0.8522166013717651,0.3159717917442322,0.6294301152229309,14.0,2025-03-25
bg_41000,0.7699182629585266,0.2252373397350311,0.512761116027832,8.0,2025-03-25
bg_41010,0.6217437386512756,0.205477088689804,0.4778725206851959,2.0,2025-03-25
bg_41047,0.8787879943847656,0.3623473942279815,0.6311116218566895,10.0,2025-03-25
bg_41073,0.8310715556144714,0.3519257009029388,0.6671051979064941,10.0,2025-03-25
bg_41128,,,,,2025-03-25
bg_41155,0.8915026187896729,0.4589890837669372,0.7212756872177124,1.0,2025-03-25
bg_41168,0.8785529732704163,0.2990842163562774,0.6039713025093079,1.0,2025-03-25
bg_41224,0.823314905166626,0.0853809416294097,0.4275903105735779,18.0,2025-03-25
bg_41230,0.8478747010231018,0.3046709299087524,0.5945945978164673,5.0,2025-03-25
bg_41273,0.7135298252105713,0.1407420635223388,0.4199164807796478,2.0,2025-03-25
bg_41305,0.8341805934906006,0.2109355181455612,0.5048911571502686,16.0,2025-03-25
bg_41419,0.7829867601394653,0.1882298588752746,0.493000715970993,8.0,2025-03-25
bg_41429,0.876461923122406,0.4046077728271484,0.6894211173057556,8.0,2025-03-25
bg_41432,0.7950770258903503,0.3632385730743408,0.6435897350311279,18.0,2025-03-25
bg_41454,0.871918797492981,0.3713992536067962,0.6352313160896301,6.0,2025-03-25
bg_41457,0.8846392035484314,0.4067098498344421,0.6834362149238586,2.0,2025-03-25
bg_41478,0.8754889965057373,0.3140119612216949,0.6354468464851379,4.0,2025-03-25
bg_41479,0.7746938467025757,0.2483177781105041,0.5377718806266785,10.0,2025-03-25
bg_41551,0.7328945994377136,0.0722253173589706,0.3186584413051605,18.0,2025-03-25
bg_41578,0.8504362106323242,0.3018053472042084,0.6127905249595642,6.0,2025-03-25
bg_41612,0.4165800213813782,0.0915609672665596,0.3014467656612396,14.0,2025-03-25
bg_41668,0.7286108136177063,0.0891005992889404,0.3631864488124847,18.0,2025-03-25
bg_41686,0.7696582674980164,0.1820855140686035,0.4627477526664734,10.0,2025-03-25
bg_41702,0.5057594776153564,0.1221587508916854,0.3471653759479522,16.0,2025-03-25
bg_41707,0.7902578711509705,0.3508228063583374,0.6469904184341431,3.0,2025-03-25
bg_41728,0.8312243223190308,0.2276763617992401,0.5352725386619568,14.0,2025-03-25
bg_41849,0.5002932548522949,0.0468249060213565,0.2183650732040405,21.0,2025-03-25
bg_41886,0.7414968013763428,0.2717550992965698,0.4598996639251709,2.0,2025-03-25
bg_41902,0.8308380842208862,0.3522152006626129,0.6192391514778137,14.0,2025-03-25
bg_41909,0.8568040728569031,0.4002314507961273,0.6662646532058716,10.0,2025-03-25
bg_41922,0.7962446212768555,0.30007404088974,0.5780919194221497,2.0,2025-03-25
bg_42014,0.801980197429657,0.2078494280576706,0.5167211294174194,3.0,2025-03-25
bg_42090,0.7807562947273254,0.257288783788681,0.5251660943031311,2.0,2025-03-25
bg_42109,0.8146395087242126,0.2544387578964233,0.5432989001274109,8.0,2025-03-25
bg_42166,0.8019577264785767,0.2371108084917068,0.5394281148910522,12.0,2025-03-25
bg_42175,0.8769304752349854,0.3742366433143616,0.660554826259613,12.0,2025-03-25
bg_42209,0.7769209146499634,0.1936431527137756,0.4622006714344024,16.0,2025-03-25
bg_42226,0.8827542662620544,0.3129025399684906,0.6373851895332336,12.0,2025-03-25
bg_42229,0.8886300325393677,0.2851867079734802,0.6086387634277344,21.0,2025-03-25
bg_42254,0.856158971786499,0.3744780421257019,0.67666095495224,14.0,2025-03-25
bg_42283,0.8031560182571411,0.3099892139434814,0.5686758160591125,12.0,2025-03-25
bg_42293,0.7529085874557495,0.1946384608745575,0.4729981422424316,1.0,2025-03-25
bg_42302,0.894439697265625,0.3267158269882202,0.6556977033615112,2.0,2025-03-25
bg_42333,0.7814569473266602,0.1682953536510467,0.4852584302425384,3.0,2025-03-25
bg_42344,0.8520219326019287,0.2593519985675812,0.5503777265548706,12.0,2025-03-25
bg_42345,0.7667200565338135,0.2844386994838714,0.5304879546165466,2.0,2025-03-25
bg_42365,0.7372955679893494,0.2726055085659027,0.5495079755783081,8.0,2025-03-25
bg_42376,0.6764413118362427,0.123621255159378,0.3552541136741638,8.0,2025-03-25
bg_42389,0.4063664972782135,0.0263716634362936,0.2451951652765274,2.0,2025-03-25
bg_42478,0.7623099088668823,0.2096584439277649,0.4867922365665436,14.0,2025-03-25
bg_42484,,,,,2025-03-25
bg_42507,0.9089469909667968,0.4382325708866119,0.7312213182449341,8.0,2025-03-25
bg_42531,0.4997935891151428,0.225221186876297,0.4006260335445404,4.0,2025-03-25
bg_42547,0.7089655995368958,0.2735123336315155,0.5539098381996155,4.0,2025-03-25
bg_42548,0.8737732172012329,0.3044004440307617,0.6361192464828491,16.0,2025-03-25
bg_42617,0.7802572846412659,0.3339342176914215,0.5696015357971191,4.0,2025-03-25
bg_42624,0.822857141494751,0.1749539524316787,0.4948845207691192,13.0,2025-03-25
bg_42631,0.8254568576812744,0.2003314644098281,0.5099974870681763,21.0,2025-03-25
bg_42644,0.8546932339668274,0.4410772621631622,0.7285512089729309,8.0,2025-03-25
bg_42651,0.7474551200866699,0.2784044742584228,0.599726140499115,14.0,2025-03-25
bg_42662,0.8351995348930359,0.3055198490619659,0.6185857653617859,4.0,2025-03-25
bg_42713,0.8287343382835388,0.2703705132007599,0.5987932085990906,2.0,2025-03-25
bg_42728,0.7855091094970703,0.1680727005004882,0.4376997053623199,5.0,2025-03-25
bg_42835,0.7423065900802612,0.227200910449028,0.4895066320896148,10.0,2025-03-25
bg_42866,0.8606705069541931,0.3452683687210083,0.6298121809959412,12.0,2025-03-25
bg_42912,0.8430334329605103,0.2744640111923218,0.5773509740829468,4.0,2025-03-25
bg_42931,0.8800114989280701,0.3516828417778015,0.659472644329071,10.0,2025-03-25
bg_42971,0.8024417161941528,0.1441991478204727,0.4967381060123443,3.0,2025-03-25
bg_42988,0.6305882334709167,0.2264186143875122,0.5041916370391846,21.0,2025-03-25
bg_43001,0.9100996851921082,0.4152024388313293,0.7092822790145874,6.0,2025-03-25
bg_43023,0.5793094038963318,0.1972784548997879,0.3749990165233612,4.0,2025-03-25
bg_43064,0.8818310499191284,0.3673194348812103,0.6576055288314819,10.0,2025-03-25
bg_43141,0.8615241646766663,0.2615955471992492,0.6043141484260559,13.0,2025-03-25
bg_43175,0.7941345572471619,0.2144509553909301,0.5076923370361328,5.0,2025-03-25
bg_43202,0.8038128614425659,0.3212579786777496,0.6069387793540955,14.0,2025-03-25
bg_43224,0.8539592623710632,0.1144418641924858,0.4908855855464935,4.0,2025-03-25
bg_43259,0.8237811326980591,0.3321842551231384,0.6202239394187927,2.0,2025-03-25
bg_43264,0.8492975831031799,0.3397106826305389,0.6389881372451782,12.0,2025-03-25
bg_43290,0.8387028574943542,0.324720948934555,0.6209452748298645,12.0,2025-03-25
bg_43295,0.8093973994255066,0.3012806475162506,0.5890260934829712,3.0,2025-03-25
bg_43332,0.7659521698951721,0.2089049965143203,0.4949213862419128,8.0,2025-03-25
bg_43334,0.8257107734680176,0.2464211136102676,0.5570790767669678,10.0,2025-03-25
bg_43338,0.8552871346473694,0.3343893885612488,0.6206864714622498,8.0,2025-03-25
bg_43388,0.8632404208183289,0.3306209444999695,0.6510830521583557,14.0,2025-03-25
bg_43401,0.8809475302696228,0.3316423892974853,0.6769248247146606,6.0,2025-03-25
bg_43402,0.8536980748176575,0.3237032890319824,0.6106856465339661,10.0,2025-03-25
bg_43573,0.7789038419723511,0.2978985011577606,0.6066693067550659,8.0,2025-03-25
bg_43635,0.8403041958808899,0.3269362449645996,0.6490630507469177,1.0,2025-03-25
bg_43639,0.8734440207481384,0.4083135724067688,0.7106296420097351,10.0,2025-03-25
bg_43657,0.8830400705337524,0.3911366462707519,0.6980500817298889,8.0,2025-03-25
bg_43701,0.523080587387085,0.1796961724758148,0.3520169854164123,1.0,2025-03-25
bg_43748,0.8732544183731079,0.4080230295658111,0.6927502155303955,24.0,2025-03-25
bg_43816,0.8752853274345398,0.4130578935146332,0.7131564617156982,2.0,2025-03-25
bg_43874,0.8041673898696899,0.3593589663505554,0.6430748105049133,16.0,2025-03-25
bg_43878,,,,,2025-03-25
bg_43891,0.7384280562400818,0.1533388197422027,0.4124179780483246,3.0,2025-03-25
bg_43898,0.7578689455986023,0.0185153279453516,0.2229139655828476,18.0,2025-03-25
bg_44020,0.8998733758926392,0.4217840731143951,0.7185068130493164,16.0,2025-03-25
bg_44033,0.8558050990104675,0.3420539498329162,0.6514498591423035,4.0,2025-03-25
bg_44059,0.8668343424797058,0.341122567653656,0.6154964566230774,8.0,2025-03-25
bg_44068,0.8595505356788635,0.2849113643169403,0.5897298455238342,7.0,2025-03-25
bg_44110,0.6782178282737732,0.1062614768743515,0.3964984714984894,3.0,2025-03-25
bg_44141,0.8911800980567932,0.308107852935791,0.6197319030761719,12.0,2025-03-25
bg_44210,0.8197425007820129,0.2196757942438125,0.5399060845375061,3.0,2025-03-25
bg_44229,0.7883936166763306,0.2642078995704651,0.5459398031234741,14.0,2025-03-25
bg_44250,0.857964277267456,0.3269322514533996,0.6490247249603271,8.0,2025-03-25
bg_44251,0.8848495483398438,0.3890959322452545,0.6913501024246216,8.0,2025-03-25
bg_44255,0.7419257760047913,0.1995384395122528,0.5141538381576538,16.0,2025-03-25
bg_44281,0.8635573387145996,0.3611118197441101,0.6561002135276794,8.0,2025-03-25
bg_44321,0.8827099800109863,0.4214148223400116,0.704841673374176,8.0,2025-03-25
bg_44368,0.8907376527786255,0.3638708889484405,0.6648948192596436,12.0,2025-03-25
bg_44370,0.789059042930603,0.2250470519065857,0.5301357507705688,14.0,2025-03-25
bg_44389,0.8376305103302002,0.3938217163085937,0.6735904812812805,7.0,2025-03-25
bg_44394,0.8352399468421936,0.2393093854188919,0.5714617371559143,10.0,2025-03-25
bg_44402,0.6670584082603455,0.1082341223955154,0.3770354390144348,24.0,2025-03-25
bg_44411,0.8706015944480896,0.4364785552024841,0.7270107269287109,1.0,2025-03-25
bg_44414,0.794684112071991,0.210529938340187,0.5188683867454529,22.0,2025-03-25
bg_44460,0.7551631331443787,0.0999390259385109,0.4053460955619812,16.0,2025-03-25
bg_44468,0.8670658469200134,0.2032870650291443,0.5462016463279724,10.0,2025-03-25
bg_44471,0.8117647171020508,0.3217482566833496,0.6235446333885193,5.0,2025-03-25
bg_44511,0.7885609269142151,0.3090341091156006,0.5831927061080933,12.0,2025-03-25
bg_44520,0.7560975551605225,0.239569678902626,0.5252185463905334,7.0,2025-03-25
bg_44551,0.6868152618408203,0.0987090691924095,0.2931956946849823,12.0,2025-03-25
bg_44611,0.8241340517997742,0.2092851847410202,0.5423901081085205,16.0,2025-03-25
bg_44661,0.8332065939903259,0.2685005664825439,0.563469648361206,6.0,2025-03-25
bg_44727,0.714748203754425,0.3201138079166412,0.5889542698860168,6.0,2025-03-25
bg_44733,0.8290596008300781,0.2330667525529861,0.5513860583305359,8.0,2025-03-25
bg_44771,0.5209100842475891,0.0066643748432397,0.2414615005254745,14.0,2025-03-25
bg_44821,0.7997997999191284,0.2237117290496826,0.5280401706695557,8.0,2025-03-25
bg_44860,0.8272150754928589,0.2751450538635254,0.5836764574050903,8.0,2025-03-25
bg_44862,0.7100238800048828,0.2221972793340683,0.4714633822441101,19.0,2025-03-25
bg_44863,0.4804391264915466,0.0236215386539697,0.2303790897130966,18.0,2025-03-25
bg_44960,0.8344026803970337,0.286203920841217,0.5746131539344788,1.0,2025-03-25
bg_45008,0.8537603616714478,0.1067929491400718,0.4410406947135925,8.0,2025-03-25
bg_45024,0.8144903182983398,0.2800317108631134,0.5818819999694824,8.0,2025-03-25
bg_45035,0.6772881150245667,0.3412849009037018,0.6077985167503357,3.0,2025-03-25
bg_45062,0.8371965885162354,0.3756077289581299,0.6786853075027466,8.0,2025-03-25
bg_45097,0.8047253489494324,0.2564985454082489,0.5342554450035095,2.0,2025-03-25
bg_45158,0.845729649066925,0.2522827982902527,0.561242938041687,8.0,2025-03-25
bg_45167,0.812362015247345,0.2649879455566406,0.5915769338607788,2.0,2025-03-25
bg_45169,0.8634738922119141,0.3322551846504211,0.6140905618667603,16.0,2025-03-25
bg_45177,0.8541482090950012,0.3516984283924103,0.6407216787338257,15.0,2025-03-25
bg_45253,0.8433734774589539,0.3018506467342376,0.6173361539840698,3.0,2025-03-25
bg_45396,0.8649638891220093,0.350139319896698,0.6535431742668152,8.0,2025-03-25
bg_45449,0.8231196403503418,0.2800489962100982,0.5756214261054993,16.0,2025-03-25
bg_45452,0.332572728395462,-0.2091012299060821,0.0169690065085887,9.0,2025-03-25
bg_45536,0.7843530178070068,0.3339500427246094,0.5982993841171265,10.0,2025-03-25
bg_45556,0.755861759185791,0.2166433930397033,0.4940953254699707,20.0,2025-03-25
bg_45588,0.6161931157112122,0.2664898931980133,0.4837327599525451,2.0,2025-03-25
bg_45645,0.8891081809997559,0.1626501977443695,0.5299791693687439,12.0,2025-03-25
bg_45687,0.8654366731643677,0.2894469201564789,0.6019902229309082,16.0,2025-03-25
bg_45704,0.6381330490112305,0.0517552718520164,0.2577092945575714,14.0,2025-03-25
bg_45730,,,,,2025-03-25
bg_45732,0.8599063754081726,0.3245484530925751,0.6216323971748352,20.0,2025-03-25
bg_45757,,,,,2025-03-25
bg_45823,0.9045965671539308,0.3892019093036651,0.6844931244850159,12.0,2025-03-25
bg_45853,0.7845707535743713,0.2527832686901092,0.5660061240196228,2.0,2025-03-25
bg_45857,0.8020389080047607,0.252389132976532,0.5540969967842102,18.0,2025-03-25
bg_45875,,,,,2025-03-25
bg_45884,0.8181993365287781,0.3004583418369293,0.6383821964263916,2.0,2025-03-25
bg_45890,0.8612843751907349,0.3077301681041717,0.6282641887664795,35.0,2025-03-25
bg_45893,0.8418023586273193,0.1822657436132431,0.5239291191101074,18.0,2025-03-25
bg_45991,0.8289371132850647,0.2359588295221328,0.5733124613761902,22.0,2025-03-25
bg_46027,0.8808485269546509,0.3891434967517853,0.6856058239936829,10.0,2025-03-25
bg_46049,0.8870492577552795,0.352328211069107,0.669725775718689,12.0,2025-03-25
bg_46060,0.8928942084312439,0.3708256781101227,0.6889531016349792,12.0,2025-03-25
bg_46063,0.8570407032966614,0.3540436625480652,0.6714663505554199,18.0,2025-03-25
bg_46077,0.8355230689048767,0.340052843093872,0.5951671004295349,4.0,2025-03-25
bg_46103,0.592469334602356,0.2556776404380798,0.4335138499736786,2.0,2025-03-25
bg_46105,0.8012508749961853,0.3330590426921844,0.5865795016288757,5.0,2025-03-25
bg_46145,0.7737366557121277,0.2754349708557129,0.537132203578949,18.0,2025-03-25
bg_46160,0.8757668733596802,0.3926211893558502,0.6800634264945984,8.0,2025-03-25
bg_46174,,,,,2025-03-25
bg_46232,0.8754488229751587,0.4076517522335052,0.7026245594024658,6.0,2025-03-25
bg_46295,0.7415370345115662,0.281772643327713,0.5046887993812561,14.0,2025-03-25
bg_46300,,,,,2025-03-25
bg_46307,0.8407851457595825,0.3478122055530548,0.6062270998954773,21.0,2025-03-25
bg_46363,0.8601067066192627,0.3139638304710388,0.593871533870697,10.0,2025-03-25
bg_46367,0.8022727966308594,0.2925654947757721,0.5961180329322815,14.0,2025-03-25
bg_46397,0.7577465176582336,0.171353280544281,0.4258970320224762,11.0,2025-03-25
bg_46415,0.8166351914405823,0.2944107949733734,0.5905511975288391,3.0,2025-03-25
bg_46440,0.7947549819946289,0.2811907529830932,0.588500440120697,10.0,2025-03-25
bg_46495,0.8158102035522461,0.301662415266037,0.5608588457107544,12.0,2025-03-25
bg_46512,0.7838420271873474,0.1531796157360077,0.4537612795829773,22.0,2025-03-25
bg_46537,0.4933843910694122,0.0764113441109657,0.2617757618427276,8.0,2025-03-25
bg_46582,0.8346151113510132,0.3185663819313049,0.6036139130592346,4.0,2025-03-25
bg_46644,,,,,2025-03-25
bg_46651,0.5577176213264465,0.1979777663946151,0.3223214447498321,1.0,2025-03-25
bg_46656,0.8030919432640076,0.3122592568397522,0.5787526965141296,13.0,2025-03-25
bg_46690,0.8403799533843994,0.3289393484592438,0.6357000470161438,6.0,2025-03-25
bg_46715,0.8674600124359131,0.2430277913808822,0.5808174014091492,12.0,2025-03-25
bg_46738,0.8302029371261597,0.3550824224948883,0.6204686164855957,8.0,2025-03-25
bg_46769,0.8059011697769165,0.2191024869680404,0.5168707370758057,1.0,2025-03-25
bg_46810,0.6735285520553589,0.0567853972315788,0.277387410402298,16.0,2025-03-25
bg_46853,,,,,2025-03-25
bg_46863,0.8852067589759827,0.2268458753824234,0.566323459148407,8.0,2025-03-25
bg_46889,0.6152471899986267,0.1649484485387802,0.4270047843456268,3.0,2025-03-25
bg_46901,0.8250381946563721,0.3312465250492096,0.6090705990791321,14.0,2025-03-25
bg_46906,0.8656655550003052,0.3366551697254181,0.6574046611785889,10.0,2025-03-25
bg_46915,0.7977926731109619,0.2189242988824844,0.5350223183631897,12.0,2025-03-25
bg_46965,0.6802737712860107,0.1364047527313232,0.3933311104774475,14.0,2025-03-25
bg_46971,0.8144642114639282,0.1565595120191574,0.4400692284107208,15.0,2025-03-25
bg_47031,0.8675515055656433,0.3192153871059418,0.6237930655479431,10.0,2025-03-25
bg_47087,0.8852487206459045,0.2241173237562179,0.5852240324020386,12.0,2025-03-25
bg_47163,0.7955756187438965,0.2037618607282638,0.4958630502223968,4.0,2025-03-25
bg_47167,0.7163009643554688,0.2743917107582092,0.4874245226383209,8.0,2025-03-25
bg_47202,0.8680158853530884,0.3721612691879272,0.6523045897483826,8.0,2025-03-25
bg_47251,0.8668084740638733,0.3190981745719909,0.6482109427452087,18.0,2025-03-25
bg_47281,0.8566911220550537,0.4095152616500854,0.6855509281158447,8.0,2025-03-25
bg_47302,0.8849048614501953,0.4403658807277679,0.7182304263114929,6.0,2025-03-25
bg_47310,0.8373653292655945,0.3802736401557922,0.6723343133926392,6.0,2025-03-25
bg_47342,0.8918275833129883,0.383159190416336,0.6614050269126892,12.0,2025-03-25
bg_47386,0.7654407024383545,0.173307716846466,0.4718458354473114,11.0,2025-03-25
bg_47416,0.7581356763839722,0.3347284495830536,0.594288170337677,10.0,2025-03-25
bg_47418,0.8176658153533936,0.2718750238418579,0.5785391330718994,5.0,2025-03-25
bg_47452,0.8180825114250183,0.306583434343338,0.5858117341995239,3.0,2025-03-25
bg_47469,0.7804416418075562,0.2149158418178558,0.4940588176250458,16.0,2025-03-25
bg_47532,0.8338012099266052,0.2811882793903351,0.6083150506019592,18.0,2025-03-25
bg_47553,0.7612593770027161,0.1932289898395538,0.5239689946174622,16.0,2025-03-25
bg_47580,0.8606217503547668,0.3017280697822571,0.6052148342132568,8.0,2025-03-25
bg_47613,0.7195799946784973,0.150738924741745,0.4779116511344909,21.0,2025-03-25
bg_47640,0.8508149981498718,0.3750615119934082,0.6814850568771362,6.0,2025-03-25
bg_47645,0.8672086596488953,0.3539895415306091,0.6478914022445679,14.0,2025-03-25
bg_47655,0.8165024518966675,0.4041759073734283,0.6317653059959412,8.0,2025-03-25
bg_47724,0.8649915456771851,0.305910974740982,0.6276715993881226,6.0,2025-03-25
bg_47788,0.8325797319412231,0.3332079350948334,0.6142635941505432,8.0,2025-03-25
bg_47832,0.8581918478012085,0.3126350045204162,0.6135296821594238,12.0,2025-03-25
bg_47844,0.7951979041099548,0.1672630757093429,0.4768913090229034,16.0,2025-03-25
bg_47903,0.8607898950576782,0.3024012446403503,0.5936923623085022,4.0,2025-03-25
bg_47923,0.8541611433029175,0.3800170719623565,0.661674976348877,15.0,2025-03-25
bg_47932,0.825142502784729,0.2132758498191833,0.5095582008361816,18.0,2025-03-25
bg_47956,0.8403230905532837,0.2450915724039077,0.5542916059494019,19.0,2025-03-25
bg_47959,0.7023804187774658,0.2857528626918793,0.6141748428344727,12.0,2025-03-25
bg_47976,0.7887580990791321,0.1380986124277115,0.4400878548622131,8.0,2025-03-25
bg_47978,0.8526330590248108,0.3521232604980469,0.6569772362709045,12.0,2025-03-25
bg_48026,0.78346186876297,0.2833428978919983,0.5758752822875977,16.0,2025-03-25
bg_48095,0.8496325612068176,0.2324898689985275,0.5292849540710449,15.0,2025-03-25
bg_48162,0.7362107634544373,0.1337122470140457,0.409568727016449,18.0,2025-03-25
bg_48174,0.8905081748962402,0.3874730765819549,0.6767764091491699,28.0,2025-03-25
bg_48196,0.8406526446342468,0.3385005891323089,0.6271781921386719,10.0,2025-03-25
bg_48229,0.8083395957946777,0.2576012015342712,0.5365134477615356,16.0,2025-03-25
bg_48239,0.7599027752876282,0.1659699380397796,0.4473562836647033,20.0,2025-03-25
bg_48281,0.8336670398712158,0.2897223830223083,0.5984721183776855,2.0,2025-03-25
bg_48336,0.8121711015701294,0.2581931352615356,0.5606958270072937,18.0,2025-03-25
bg_48368,0.8546349406242371,0.3430650234222412,0.624721348285675,2.0,2025-03-25
bg_48406,0.8772624135017395,0.3974637389183044,0.671542763710022,8.0,2025-03-25
bg_48429,0.8571428656578064,0.2907949984073639,0.5935554504394531,5.0,2025-03-25
bg_48452,0.7899543642997742,0.2956810593605041,0.6078330278396606,13.0,2025-03-25
bg_48460,0.8047301173210144,0.3487423658370971,0.6634991765022278,3.0,2025-03-25
bg_48499,0.3649549782276153,0.1443839818239212,0.2211788147687912,2.0,2025-03-25
bg_48509,0.238508254289627,0.0797731652855873,0.0921606197953224,1.0,2025-03-25
bg_48554,0.7724137902259827,0.2975495755672455,0.5780765414237976,3.0,2025-03-25
bg_48586,0.7991513609886169,0.2343522906303405,0.519259512424469,1.0,2025-03-25
bg_48666,0.6566005349159241,0.2331406325101852,0.5126050114631653,3.0,2025-03-25
bg_48688,0.9006609916687012,0.4260476231575012,0.7018359303474426,6.0,2025-03-25
bg_48749,,,,,2025-03-25
bg_48788,0.7616672515869141,0.0963602066040039,0.3916551768779754,8.0,2025-03-25
bg_48793,0.8458511233329773,0.3361817896366119,0.6474124789237976,5.0,2025-03-25
bg_48805,0.8688970804214478,0.3273780643939972,0.6444238424301147,16.0,2025-03-25
bg_48810,0.8813988566398621,0.3351858258247375,0.613254189491272,11.0,2025-03-25
bg_48814,0.8089839220046997,0.3814140558242798,0.6552747488021851,6.0,2025-03-25
bg_48852,0.8494135141372681,0.2821962237358093,0.5707220435142517,5.0,2025-03-25
bg_48885,0.86009681224823,0.3331150710582733,0.658318042755127,13.0,2025-03-25
bg_48928,0.8773401975631714,0.4289517700672149,0.7175329327583313,8.0,2025-03-25
bg_48946,0.8518913388252258,0.2921675741672516,0.5389552116394043,8.0,2025-03-25
bg_48979,0.8551791906356812,0.2508871555328369,0.5811666250228882,12.0,2025-03-25
bg_49019,0.8038086295127869,0.2832169532775879,0.557396650314331,6.0,2025-03-25
bg_49020,0.7923493981361389,0.2574091553688049,0.5469235777854919,4.0,2025-03-25
bg_49037,0.8319225311279297,0.274213969707489,0.5777215957641602,8.0,2025-03-25
bg_49106,0.6389968395233154,0.0498635694384574,0.3298313617706299,15.0,2025-03-25
bg_49119,0.8394737243652344,0.2454257011413574,0.5146076679229736,2.0,2025-03-25
bg_49142,0.7527877688407898,0.2066371142864227,0.4975362122058868,8.0,2025-03-25
bg_49144,0.8376716375350952,0.3911300599575043,0.6710109114646912,12.0,2025-03-25
bg_49145,0.5407407283782959,0.1700860261917114,0.2813915610313415,1.0,2025-03-25
bg_49191,0.7957673072814941,0.2526732981204986,0.5680190324783325,4.0,2025-03-25
bg_49208,0.8274491429328918,0.3621470928192138,0.6433978080749512,3.0,2025-03-25
bg_49254,0.6612612009048462,0.4048231840133667,0.6287686228752136,8.0,2025-03-25
bg_49273,0.5622866749763489,0.3097281754016876,0.5135358572006226,3.0,2025-03-25
bg_49279,0.5429802536964417,0.2265805453062057,0.4337258338928222,2.0,2025-03-25
bg_49284,0.8339560031890869,0.1132951006293296,0.4674343168735504,3.0,2025-03-25
bg_49320,0.8454944491386414,0.3272840976715088,0.6178627014160156,12.0,2025-03-25
bg_49329,0.6249313950538635,0.2227112501859665,0.4178160727024078,2.0,2025-03-25
bg_49384,0.870032548904419,0.3462942540645599,0.6482890844345093,8.0,2025-03-25
bg_49389,0.8359525799751282,0.3105479478836059,0.600700318813324,4.0,2025-03-25
bg_49399,0.836024820804596,0.2857764065265655,0.581171452999115,3.0,2025-03-25
bg_49434,0.8647628426551819,0.3998192548751831,0.6545650362968445,8.0,2025-03-25
bg_49445,,,,,2025-03-25
bg_49448,0.846828281879425,0.3765308260917663,0.668251633644104,4.0,2025-03-25
bg_49457,0.8426588773727417,0.3549517691135406,0.6503934860229492,6.0,2025-03-25
bg_49501,0.0919446945190429,0.0896174013614654,0.1546569466590881,1.0,2025-03-25
bg_49502,0.7316382527351379,0.1405752152204513,0.4375806748867035,14.0,2025-03-25
bg_49561,0.8354920148849487,0.2992539405822754,0.6224281191825867,12.0,2025-03-25
bg_49573,0.8616353869438171,0.3095174729824066,0.6265496611595154,8.0,2025-03-25
bg_49658,0.8808567523956299,0.4187762439250946,0.6997655630111694,12.0,2025-03-25
bg_49674,0.800000011920929,0.1255857497453689,0.4278350472450256,5.0,2025-03-25
bg_49704,0.7623286843299866,0.1658385843038559,0.4491354823112488,12.0,2025-03-25
bg_49780,0.6398637294769287,0.2511299252510071,0.5143345594406128,4.0,2025-03-25
bg_49813,0.8164029717445374,0.3112601339817047,0.6235800385475159,14.0,2025-03-25
bg_49835,0.8681995272636414,0.3683662414550781,0.6719680428504944,6.0,2025-03-25
bg_49857,0.8970670700073242,0.3640691339969635,0.6547636985778809,8.0,2025-03-25
bg_49861,0.7813275456428528,0.2813844382762909,0.5876125693321228,18.0,2025-03-25
bg_49873,0.8746208548545837,0.3508196473121643,0.6324014663696289,3.0,2025-03-25
bg_49919,0.8613256812095642,0.1822118014097213,0.5578511357307434,8.0,2025-03-25
bg_49931,0.8318409323692322,0.2969450950622558,0.5748276710510254,4.0,2025-03-25
bg_49966,0.8703071475028992,0.3093709945678711,0.6532791256904602,15.0,2025-03-25
bg_49981,0.8782752156257629,0.3046480417251587,0.618868887424469,2.0,2025-03-25
bg_2,0.7653986215591431,0.2350548207759857,0.5089893341064453,4.0,2025-04-14
bg_111,0.91353440284729,0.331447035074234,0.6515992879867554,12.0,2025-04-14
bg_255,0.7121784687042236,0.153901144862175,0.4080129861831665,20.0,2025-04-14
bg_359,0.8633939027786255,0.3131579458713531,0.6358514428138733,18.0,2025-04-14
bg_445,0.8667103052139282,0.2967791557312011,0.6073222160339355,2.0,2025-04-14
bg_502,0.8698961734771729,0.308633029460907,0.6018971800804138,11.0,2025-04-14
bg_544,0.8768911361694336,0.3445894420146942,0.6670026779174805,4.0,2025-04-14
bg_568,0.8705772757530212,0.4729692637920379,0.7368664145469666,10.0,2025-04-14
bg_595,0.8568863868713379,0.3255217671394348,0.6149899363517761,3.0,2025-04-14
bg_603,0.8216243386268616,0.1875038743019104,0.5173869729042053,16.0,2025-04-14
bg_653,0.8417366743087769,0.2566592097282409,0.5720959305763245,3.0,2025-04-14
bg_661,0.6103016138076782,0.1936007589101791,0.4848392009735107,19.0,2025-04-14
bg_675,0.7637296915054321,0.1309805214405059,0.4268946945667267,18.0,2025-04-14
bg_706,0.8663082122802734,0.2401228994131088,0.5663260817527771,14.0,2025-04-14
bg_712,0.7071546912193298,0.1519944816827774,0.416451096534729,22.0,2025-04-14
bg_786,0.7719313502311707,0.3176209926605224,0.5881444215774536,16.0,2025-04-14
bg_878,0.7832711338996887,0.2379259616136551,0.5273367762565613,18.0,2025-04-14
bg_947,0.8322123885154724,0.382245123386383,0.639928936958313,16.0,2025-04-14
bg_955,0.7404744029045105,0.1637912541627884,0.4332265853881836,12.0,2025-04-14
bg_972,0.8891374468803406,0.3432241678237915,0.6320070028305054,3.0,2025-04-14
bg_1001,0.7910303473472595,0.2176948338747024,0.5200100541114807,18.0,2025-04-14
bg_1008,0.8838141560554504,0.3592663109302521,0.6537520885467529,10.0,2025-04-14
bg_1139,0.8250554800033569,0.352424293756485,0.6428146362304688,12.0,2025-04-14
bg_1175,0.86981600522995,0.4148367941379547,0.705838143825531,15.0,2025-04-14
bg_1251,0.8769651651382446,0.3022023737430572,0.6219727993011475,11.0,2025-04-14
bg_1260,0.8747038841247559,0.3418352007865906,0.6667299866676331,16.0,2025-04-14
bg_1349,0.7166763544082642,0.1292752772569656,0.392592579126358,18.0,2025-04-14
bg_1440,0.7378913760185242,0.0922358930110931,0.4145407378673553,22.0,2025-04-14
bg_1557,0.8795859217643738,0.3500489890575409,0.6616377234458923,8.0,2025-04-14
bg_1597,0.80842125415802,0.2820744216442108,0.5745282173156738,14.0,2025-04-14
bg_1608,0.8494700789451599,0.3862876296043396,0.6756688952445984,4.0,2025-04-14
bg_1651,0.7739750146865845,0.2385667264461517,0.5120853185653687,20.0,2025-04-14
bg_1661,0.8375418186187744,0.2646480500698089,0.526408851146698,5.0,2025-04-14
bg_1717,0.8317537307739258,0.3541049063205719,0.6517051458358765,18.0,2025-04-14
bg_1808,0.8399999737739563,0.1342835575342178,0.396766722202301,3.0,2025-04-14
bg_1845,0.7006966471672058,0.1169420257210731,0.4313974678516388,12.0,2025-04-14
bg_1847,0.6328815221786499,0.0095993941649794,0.2722317278385162,14.0,2025-04-14
bg_1996,0.885666012763977,0.4237288236618042,0.6934950351715088,9.0,2025-04-14
bg_2044,0.903375506401062,0.3036368489265442,0.6152656674385071,2.0,2025-04-14
bg_2054,0.8659262657165527,0.2625404298305511,0.5798385143280029,16.0,2025-04-14
bg_2061,0.8106650710105896,0.2656488716602325,0.5667375326156616,17.0,2025-04-14
bg_2201,0.8486964106559753,0.278273731470108,0.5895901918411255,14.0,2025-04-14
bg_2227,0.8230068683624268,0.2153711020946502,0.5061899423599243,18.0,2025-04-14
bg_2249,0.8507991433143616,0.351200520992279,0.6340435743331909,4.0,2025-04-14
bg_2255,0.87134850025177,0.3975432813167572,0.674284040927887,12.0,2025-04-14
bg_2341,0.6680972576141357,0.0934102460741996,0.3495983183383941,5.0,2025-04-14
bg_2346,0.8646166324615479,0.332882672548294,0.6252660751342773,12.0,2025-04-14
bg_2378,0.7651322484016418,0.2920153141021728,0.571016252040863,18.0,2025-04-14
bg_2425,0.847991943359375,0.2549696862697601,0.5717943906784058,4.0,2025-04-14
bg_2569,0.8535440564155579,0.3192507326602936,0.6192843914031982,16.0,2025-04-14
bg_2632,0.7003622055053711,0.1857064664363861,0.4996415376663208,12.0,2025-04-14
bg_2754,0.8144740462303162,0.2146486490964889,0.4840781688690185,12.0,2025-04-14
bg_2774,0.8502867817878723,0.3228535652160644,0.6093308329582214,16.0,2025-04-14
bg_2830,0.8372307419776917,0.3042584657669067,0.619342029094696,24.0,2025-04-14
bg_2854,0.7079473733901978,0.1123097315430641,0.421564519405365,18.0,2025-04-14
bg_2892,0.5866149663925171,0.2933836877346039,0.531335175037384,2.0,2025-04-14
bg_2924,0.8227092027664185,0.2065246254205703,0.5224258899688721,26.0,2025-04-14
bg_2934,0.7423002123832703,0.2086593806743621,0.4995541572570801,12.0,2025-04-14
bg_3001,0.8568412065505981,0.3238692283630371,0.644889235496521,14.0,2025-04-14
bg_3022,0.7725092172622681,0.1778305619955063,0.5055800676345825,12.0,2025-04-14
bg_3040,0.6621205806732178,0.1152830868959426,0.3766351640224457,20.0,2025-04-14
bg_3053,0.7703641653060913,0.2343353629112243,0.5560975670814514,3.0,2025-04-14
bg_3068,0.7602256536483765,0.2272408157587051,0.5418994426727295,15.0,2025-04-14
bg_3097,0.8584744334220886,0.356538712978363,0.654487669467926,16.0,2025-04-14
bg_3160,0.8223862051963806,0.2707819044589996,0.5695292949676514,11.0,2025-04-14
bg_3252,0.6885930895805359,0.1112165674567222,0.4037829935550689,16.0,2025-04-14
bg_3260,0.9002175331115723,0.3651606440544128,0.6765170693397522,10.0,2025-04-14
bg_3361,0.8647696375846863,0.2555937170982361,0.5858158469200134,14.0,2025-04-14
bg_3380,0.8225314021110535,0.2700829207897186,0.5712342858314514,14.0,2025-04-14
bg_3405,0.8034865856170654,0.243553951382637,0.5218022465705872,14.0,2025-04-14
bg_3427,0.7866389155387878,0.1856395900249481,0.5043050050735474,18.0,2025-04-14
bg_3530,0.7809662222862244,0.2782301604747772,0.5720496773719788,16.0,2025-04-14
bg_3576,0.8607407212257385,0.3783968985080719,0.6863587498664856,9.0,2025-04-14
bg_3632,0.8855613470077515,0.391138881444931,0.7057828903198242,10.0,2025-04-14
bg_3699,0.8817660808563232,0.2556873857975006,0.6003965139389038,8.0,2025-04-14
bg_3781,0.8234885931015015,0.491975873708725,0.7283128499984741,14.0,2025-04-14
bg_3832,0.8310962319374084,0.3824625611305237,0.6554134488105774,6.0,2025-04-14
bg_3943,0.8617322444915771,0.3153261840343475,0.6344382166862488,24.0,2025-04-14
bg_3989,0.7652157545089722,0.1922270804643631,0.514190137386322,10.0,2025-04-14
bg_4032,0.7424834370613098,0.229646235704422,0.5155032277107239,22.0,2025-04-14
bg_4040,0.869086742401123,0.4312719404697418,0.7104564309120178,8.0,2025-04-14
bg_4105,0.8640689253807068,0.353977233171463,0.6624312996864319,8.0,2025-04-14
bg_4134,0.8108015060424805,0.1994829922914505,0.4947651028633117,3.0,2025-04-14
bg_4305,0.8336441516876221,0.1919897943735122,0.5113260746002197,16.0,2025-04-14
bg_4393,0.8861917853355408,0.3834885358810425,0.6798312067985535,9.0,2025-04-14
bg_4401,0.8827452659606934,0.3871055245399475,0.6914119720458984,10.0,2025-04-14
bg_4469,0.7928271293640137,0.3153218328952789,0.5820508003234863,2.0,2025-04-14
bg_4642,0.7963353395462036,0.3436210751533508,0.6215742230415344,12.0,2025-04-14
bg_4648,0.8660188913345337,0.3496167957782745,0.6386186480522156,16.0,2025-04-14
bg_4706,0.8345606923103333,0.2574537694454193,0.5584891438484192,18.0,2025-04-14
bg_4843,0.8642869591712952,0.2934847176074981,0.6262462139129639,2.0,2025-04-14
bg_4867,0.8150091171264648,0.2156674563884735,0.5309032201766968,16.0,2025-04-14
bg_4879,0.8087692856788635,0.3036215007305145,0.5888348817825317,10.0,2025-04-14
bg_4892,0.4236311316490173,0.3359819948673248,0.5328977704048157,3.0,2025-04-14
bg_4918,0.5194584131240845,0.0948016643524169,0.249410018324852,12.0,2025-04-14
bg_5017,0.8746613264083862,0.3921874761581421,0.6924205422401428,10.0,2025-04-14
bg_5140,0.791456937789917,0.275709718465805,0.5645507574081421,18.0,2025-04-14
bg_5229,0.7447429895401001,0.1878564953804016,0.4712871313095093,19.0,2025-04-14
bg_5260,0.8078592419624329,0.2863860130310058,0.5899184942245483,12.0,2025-04-14
bg_5415,0.8693965673446655,0.3725256323814392,0.6772825717926025,10.0,2025-04-14
bg_5436,0.7140039801597595,0.155276745557785,0.4405273795127868,17.0,2025-04-14
bg_5438,0.8344095349311829,0.2328944504261016,0.573391318321228,10.0,2025-04-14
bg_5480,0.8490973114967346,0.3797272443771362,0.6843026280403137,10.0,2025-04-14
bg_5535,0.7999073266983032,0.1990800350904464,0.4896373748779297,14.0,2025-04-14
bg_5544,0.7626243829727173,0.1427857875823974,0.4461353421211242,2.0,2025-04-14
bg_5621,0.8503247499465942,0.3662926852703094,0.6592791676521301,20.0,2025-04-14
bg_5645,0.6958074569702148,0.2391592264175415,0.4560315608978271,2.0,2025-04-14
bg_5673,0.8556147813796997,0.3259742259979248,0.6453614234924316,12.0,2025-04-14
bg_5686,0.7379403710365295,0.1473032534122467,0.4383452832698822,16.0,2025-04-14
bg_5769,0.789423942565918,0.3274765908718109,0.6279953122138977,6.0,2025-04-14
bg_5820,0.8858668804168701,0.3677495121955871,0.6753301620483398,16.0,2025-04-14
bg_5844,0.863694429397583,0.332415372133255,0.6405623555183411,16.0,2025-04-14
bg_6054,0.8274387717247009,0.2906094491481781,0.5822324156761169,16.0,2025-04-14
bg_6136,0.8680906295776367,0.3039807081222534,0.6320205330848694,16.0,2025-04-14
bg_6209,0.5723145008087158,0.0697072893381118,0.4046242833137512,2.0,2025-04-14
bg_6213,0.7939109802246094,0.2907886803150177,0.5607806444168091,19.0,2025-04-14
bg_6218,0.802865743637085,0.3085178136825561,0.5178235769271851,6.0,2025-04-14
bg_6239,0.7008600831031799,0.1206207498908042,0.4172945916652679,4.0,2025-04-14
bg_6253,0.8027206659317017,0.2636325061321258,0.5646980404853821,12.0,2025-04-14
bg_6344,0.8767634034156799,0.2980074286460876,0.6275991797447205,4.0,2025-04-14
bg_6369,0.8115013241767883,0.2503521144390106,0.5533361434936523,22.0,2025-04-14
bg_6405,0.886109471321106,0.3478260338306427,0.6644344329833984,4.0,2025-04-14
bg_6499,0.8554913401603699,0.3452176749706268,0.6521356105804443,15.0,2025-04-14
bg_6511,0.870439350605011,0.3373135328292846,0.6483410596847534,16.0,2025-04-14
bg_6628,0.7566539645195007,0.382457822561264,0.6107232570648193,3.0,2025-04-14
bg_6676,0.7155435681343079,0.0323734246194362,0.3619699478149414,18.0,2025-04-14
bg_6713,0.856561541557312,0.3894175887107849,0.6800194382667542,21.0,2025-04-14
bg_6779,0.824766218662262,0.3933935165405273,0.681900680065155,8.0,2025-04-14
bg_6875,0.7986871004104614,0.2282405644655227,0.5465393662452698,3.0,2025-04-14
bg_6976,0.8192893266677856,0.1718426495790481,0.4675725996494293,17.0,2025-04-14
bg_7010,0.665475070476532,0.034621175378561,0.2986651957035064,20.0,2025-04-14
bg_7096,0.4782406389713287,-0.0357338674366474,0.2083429396152496,18.0,2025-04-14
bg_7101,0.8502303957939148,0.3274743854999542,0.6599483489990234,7.0,2025-04-14
bg_7171,0.8674300909042358,0.4060515463352203,0.7068110108375549,7.0,2025-04-14
bg_7183,0.8757169842720032,0.3844949603080749,0.6787079572677612,8.0,2025-04-14
bg_7266,0.904094398021698,0.34284707903862,0.6558341383934021,8.0,2025-04-14
bg_7309,0.8089861869812012,0.2329935580492019,0.5454075336456299,16.0,2025-04-14
bg_7320,0.8389773368835449,0.313041627407074,0.6127974987030029,20.0,2025-04-14
bg_7357,0.7447280287742615,0.1481953114271164,0.4447807073593139,18.0,2025-04-14
bg_7394,0.8318350315093994,0.2579618096351623,0.5895372033119202,7.0,2025-04-14
bg_7428,0.7895590662956238,0.3386288583278656,0.6209961175918579,12.0,2025-04-14
bg_7586,0.850743293762207,0.3968305885791778,0.6714417934417725,6.0,2025-04-14
bg_7625,0.9254839420318604,0.415208637714386,0.7123542428016663,6.0,2025-04-14
bg_7704,0.8558817505836487,0.271571546792984,0.6113041043281555,16.0,2025-04-14
bg_7757,0.4063137769699096,0.2279716879129409,0.4970376789569855,20.0,2025-04-14
bg_7778,0.8584926128387451,0.345315933227539,0.6469785571098328,8.0,2025-04-14
bg_8016,0.7853084802627563,0.2393855899572372,0.5341799259185791,20.0,2025-04-14
bg_8062,0.8495092391967773,0.3004566431045532,0.6094032526016235,3.0,2025-04-14
bg_8171,0.7913647890090942,0.2865304350852966,0.5751794576644897,12.0,2025-04-14
bg_8188,0.6811515688896179,0.1220485121011734,0.4052823781967163,20.0,2025-04-14
bg_8193,0.8578887581825256,0.3247005641460418,0.632555365562439,3.0,2025-04-14
bg_8220,0.8367016911506653,0.326667845249176,0.6032359600067139,18.0,2025-04-14
bg_8465,0.8774286508560181,0.3845340609550476,0.7014331221580505,10.0,2025-04-14
bg_8498,0.8645586967468262,0.4281565845012665,0.7227038145065308,6.0,2025-04-14
bg_8664,0.8776770830154419,0.2619512975215912,0.589855432510376,14.0,2025-04-14
bg_8691,0.8489825129508972,0.2784836590290069,0.5571934580802917,16.0,2025-04-14
bg_8711,0.7602946162223816,0.2684197425842285,0.5281407237052917,16.0,2025-04-14
bg_8870,0.8706786036491394,0.3401203453540802,0.6856810450553894,9.0,2025-04-14
bg_8982,0.6099395155906677,0.0783151984214782,0.2795095443725586,14.0,2025-04-14
bg_9013,0.7657365798950195,0.1646382063627243,0.4355420768260956,12.0,2025-04-14
bg_9052,0.8328126072883606,0.2523050010204315,0.5640050768852234,20.0,2025-04-14
bg_9105,0.8061923384666443,0.2160011380910873,0.5502094030380249,20.0,2025-04-14
bg_9110,0.8809768557548523,0.3323084414005279,0.6451072096824646,12.0,2025-04-14
bg_9168,0.7495638132095337,0.1935794055461883,0.4971265792846679,20.0,2025-04-14
bg_9257,0.8200063705444336,0.2823235988616943,0.619986891746521,12.0,2025-04-14
bg_9324,0.7999127507209778,0.3439114689826965,0.6403379440307617,4.0,2025-04-14
bg_9358,0.8390604853630066,0.405389130115509,0.682360053062439,13.0,2025-04-14
bg_9389,0.8152252435684204,0.2317080348730087,0.5434868335723877,14.0,2025-04-14
bg_9415,0.7752404808998108,0.2014660686254501,0.4738951921463012,20.0,2025-04-14
bg_9519,0.7281193733215332,0.1520633846521377,0.4353868365287781,8.0,2025-04-14
bg_9670,0.7621922492980957,0.2275783866643905,0.5177140235900879,22.0,2025-04-14
bg_9721,0.8334437012672424,0.2263695299625396,0.5469387769699097,18.0,2025-04-14
bg_9806,0.8013895153999329,0.173008844256401,0.4777360558509826,14.0,2025-04-14
bg_9808,0.8655739426612854,0.3246719241142273,0.6402851939201355,6.0,2025-04-14
bg_9857,0.8413842916488647,0.2466666549444198,0.5592614412307739,5.0,2025-04-14
bg_9881,0.8037253022193909,0.2559987902641296,0.5633804798126221,10.0,2025-04-14
bg_9944,0.8502341508865356,0.353299468755722,0.6291645765304565,16.0,2025-04-14
bg_9948,0.7273885011672974,0.2605869174003601,0.5373409390449524,8.0,2025-04-14
bg_9977,0.692988932132721,0.0541044697165489,0.3173384368419647,17.0,2025-04-14
bg_9993,0.7899390459060669,0.1732003837823867,0.4737497568130493,6.0,2025-04-14
bg_10013,0.7529374957084656,0.1394585520029068,0.4472455680370331,14.0,2025-04-14
bg_10089,0.8136239647865295,0.2696629166603088,0.5288980007171631,17.0,2025-04-14
bg_10092,0.852461576461792,0.2789575457572937,0.5696069598197937,14.0,2025-04-14
bg_10122,0.785845935344696,0.1909516751766204,0.4693717360496521,18.0,2025-04-14
bg_10199,0.813745379447937,0.2658566832542419,0.5528777837753296,22.0,2025-04-14
bg_10255,0.7300333380699158,0.1818919330835342,0.4832865595817566,32.0,2025-04-14
bg_10406,0.8328162431716919,0.3387018144130707,0.6468106508255005,4.0,2025-04-14
bg_10493,0.7576171159744263,0.1843856424093246,0.4800317585468292,20.0,2025-04-14
bg_10508,0.7598496079444885,0.0964999571442604,0.4184445738792419,8.0,2025-04-14
bg_10661,0.7632729411125183,0.2515121102333069,0.5326771140098572,18.0,2025-04-14
bg_10687,0.7778428792953491,0.2209739685058593,0.5118856430053711,22.0,2025-04-14
bg_10715,0.7800687551498413,0.2050134241580963,0.5209260582923889,3.0,2025-04-14
bg_10735,0.7660377621650696,0.1970479786396026,0.4525386393070221,19.0,2025-04-14
bg_10739,0.7671309113502502,0.1698402613401413,0.447706937789917,14.0,2025-04-14
bg_10744,0.8279827833175659,0.3099546432495117,0.6041486263275146,4.0,2025-04-14
bg_10780,0.7171597480773926,0.1837650388479232,0.4208078384399414,1.0,2025-04-14
bg_10820,0.695209801197052,0.1067397221922874,0.3538241982460022,18.0,2025-04-14
bg_10894,0.875221848487854,0.3327445685863495,0.6330834627151489,8.0,2025-04-14
bg_10948,0.8523953557014465,0.282168984413147,0.5927433967590332,16.0,2025-04-14
bg_10957,0.8908473253250122,0.424878865480423,0.719565749168396,10.0,2025-04-14
bg_11055,0.8399479389190674,0.2676362097263336,0.5885714292526245,23.0,2025-04-14
bg_11207,0.8786493539810181,0.3745670318603515,0.6684855818748474,14.0,2025-04-14
bg_11274,0.7587646842002869,0.2193493098020553,0.5053191781044006,16.0,2025-04-14
bg_11297,0.8345481753349304,0.4022642076015472,0.6617910265922546,16.0,2025-04-14
bg_11361,0.8070129752159119,0.2857642471790313,0.5709882378578186,14.0,2025-04-14
bg_11385,0.8388503193855286,0.3476928770542145,0.6476943492889404,14.0,2025-04-14
bg_11549,0.8765191435813904,0.3617373406887054,0.6911861300468445,10.0,2025-04-14
bg_11617,0.817139208316803,0.2310951054096222,0.5445111989974976,19.0,2025-04-14
bg_11636,0.8095175623893738,0.2446072995662689,0.53870689868927,16.0,2025-04-14
bg_11720,0.8360598087310791,0.3095478415489197,0.6158074140548706,14.0,2025-04-14
bg_11800,0.6474933624267578,0.2530946135520935,0.4922980070114136,22.0,2025-04-14
bg_11847,0.7752424478530884,0.1664698868989944,0.4162843823432922,5.0,2025-04-14
bg_11887,0.8289098739624023,0.3344957828521728,0.6370766162872314,15.0,2025-04-14
bg_11964,0.8173691034317017,0.3722275495529175,0.6736254096031189,1.0,2025-04-14
bg_12022,0.7536704540252686,0.1716191470623016,0.4773039817810058,13.0,2025-04-14
bg_12097,0.751544713973999,0.1703480631113052,0.4721784889698028,14.0,2025-04-14
bg_12420,0.7843493223190308,0.1740474700927734,0.4643646478652954,2.0,2025-04-14
bg_12571,0.8445537686347961,0.2896053791046142,0.6089661717414856,14.0,2025-04-14
bg_12637,0.8787772059440613,0.4298574328422546,0.7076715230941772,10.0,2025-04-14
bg_12736,0.7199901938438416,0.1478895246982574,0.4430265724658966,16.0,2025-04-14
bg_12740,0.8208739757537842,0.2720904052257538,0.5659334063529968,16.0,2025-04-14
bg_12787,0.8638083338737488,0.3348115384578705,0.6597416996955872,3.0,2025-04-14
bg_12951,0.8640428781509399,0.3201711475849151,0.5999339818954468,2.0,2025-04-14
bg_12958,0.855582058429718,0.2553589940071106,0.5775814652442932,6.0,2025-04-14
bg_13025,0.6357775926589966,0.1629807204008102,0.3677157461643219,15.0,2025-04-14
bg_13027,0.6229913234710693,0.0786407887935638,0.333897590637207,5.0,2025-04-14
bg_13113,0.8493214249610901,0.2154887467622757,0.520889937877655,14.0,2025-04-14
bg_13190,0.7749106287956238,0.1821991503238678,0.4928076863288879,14.0,2025-04-14
bg_13471,0.8665819764137268,0.3555153608322143,0.6420591473579407,3.0,2025-04-14
bg_13635,0.7410023808479309,0.1994704455137252,0.4878431558609009,17.0,2025-04-14
bg_13782,0.9002280235290527,0.3844664692878723,0.6904303431510925,6.0,2025-04-14
bg_13981,0.8646562695503235,0.328938215970993,0.6284491419792175,14.0,2025-04-14
bg_14035,0.873601496219635,0.3062946200370788,0.6116840243339539,12.0,2025-04-14
bg_14037,0.657011091709137,0.1423772871494293,0.3683794736862182,12.0,2025-04-14
bg_14070,0.8698755502700806,0.3726330995559692,0.6813217401504517,12.0,2025-04-14
bg_14104,0.880165696144104,0.4111099541187286,0.7035155892372131,16.0,2025-04-14
bg_14157,0.8303738236427307,0.2893969118595123,0.5743786692619324,6.0,2025-04-14
bg_14212,0.7847961783409119,0.1621296107769012,0.491254985332489,3.0,2025-04-14
bg_14220,0.5537045001983643,0.2420321702957153,0.3844530284404754,3.0,2025-04-14
bg_14252,0.8709273338317871,0.3059925436973572,0.613275408744812,2.0,2025-04-14
bg_14284,0.8147066235542297,0.2607268989086151,0.559787392616272,12.0,2025-04-14
bg_14321,0.8700525164604187,0.379203051328659,0.6893094778060913,18.0,2025-04-14
bg_14484,0.8840314745903015,0.4131941497325897,0.7025340795516968,16.0,2025-04-14
bg_14506,0.8743616938591003,0.279254287481308,0.6192020773887634,16.0,2025-04-14
bg_14527,0.8385623097419739,0.2248376756906509,0.5238576531410217,3.0,2025-04-14
bg_14584,0.7159469723701477,0.140101209282875,0.4297100603580475,18.0,2025-04-14
bg_14690,0.7210118770599365,0.2179540693759918,0.4974817335605621,16.0,2025-04-14
bg_14831,0.8694376945495605,0.271775871515274,0.577903151512146,2.0,2025-04-14
bg_15023,0.8642511367797852,0.3633070886135101,0.6793458461761475,16.0,2025-04-14
bg_15138,0.7499992251396179,0.2021692395210266,0.4860612750053406,16.0,2025-04-14
bg_15229,0.7368383407592773,0.1615671068429947,0.4589627385139465,20.0,2025-04-14
bg_15234,0.6221942901611328,-0.0039603561162948,0.2702003121376037,4.0,2025-04-14
bg_15301,0.7177486419677734,0.2580924034118652,0.5387240052223206,2.0,2025-04-14
bg_15325,0.688582181930542,0.1040343046188354,0.3796281814575195,20.0,2025-04-14
bg_15445,0.8154547214508057,0.2627824544906616,0.5472263693809509,14.0,2025-04-14
bg_15679,0.8539015054702759,0.3083197176456451,0.6417982578277588,32.0,2025-04-14
bg_15770,0.875575065612793,0.3434895575046539,0.6420168280601501,12.0,2025-04-14
bg_15794,0.759566068649292,0.3686144053936004,0.673105776309967,4.0,2025-04-14
bg_15815,0.8362570405006409,0.3093360066413879,0.597703754901886,18.0,2025-04-14
bg_15816,0.7415017485618591,0.2348149567842483,0.5378791093826294,16.0,2025-04-14
bg_15823,0.8361595869064331,0.3025036454200744,0.6071403622627258,18.0,2025-04-14
bg_15845,0.8690235614776611,0.2421374917030334,0.5715947151184082,32.0,2025-04-14
bg_15872,0.7497626543045044,0.1047799810767173,0.4181510508060455,18.0,2025-04-14
bg_15882,0.7821102738380432,0.2522165477275848,0.533929705619812,16.0,2025-04-14
bg_15918,0.8427941799163818,0.2263175845146179,0.5211155414581299,14.0,2025-04-14
bg_16102,0.8860560655593872,0.3062954843044281,0.6134675741195679,10.0,2025-04-14
bg_16148,0.876006007194519,0.3452942967414856,0.6485221982002258,16.0,2025-04-14
bg_16159,0.7349398732185364,0.0829384848475456,0.3912095725536346,20.0,2025-04-14
bg_16238,0.8644149899482727,0.3515215218067169,0.6305186748504639,3.0,2025-04-14
bg_16504,0.7880692481994629,0.2590302526950836,0.5525863766670227,12.0,2025-04-14
bg_16585,0.8855912089347839,0.3642781972885132,0.6814014911651611,16.0,2025-04-14
bg_16891,0.8532772064208984,0.1633211970329284,0.5204836130142212,16.0,2025-04-14
bg_16903,0.864427924156189,0.3824305236339569,0.6801025867462158,16.0,2025-04-14
bg_16914,0.4682833552360534,0.1976455897092819,0.5144179463386536,22.0,2025-04-14
bg_16948,0.8904075026512146,0.2311053276062011,0.5452627539634705,16.0,2025-04-14
bg_16949,0.8283491134643555,0.3443042039871216,0.6123499274253845,15.0,2025-04-14
bg_16976,0.5733216404914856,0.1329208612442016,0.304623395204544,20.0,2025-04-14
bg_17003,0.8108465671539307,0.2645770907402038,0.5321246385574341,8.0,2025-04-14
bg_17074,0.826052725315094,0.3381211161613464,0.6332963109016418,16.0,2025-04-14
bg_17117,0.6773195266723633,0.3184276223182678,0.6114665269851685,10.0,2025-04-14
bg_17128,0.7691585421562195,0.164344385266304,0.4557284414768219,20.0,2025-04-14
bg_17169,0.7080062031745911,0.2983234822750091,0.5653892159461975,6.0,2025-04-14
bg_17182,0.90489262342453,0.4138143658638,0.7151749134063721,6.0,2025-04-14
bg_17326,0.7951890230178833,0.1444654464721679,0.4593700170516968,8.0,2025-04-14
bg_17346,0.7091569304466248,0.1954732090234756,0.4706069827079773,16.0,2025-04-14
bg_17347,0.8910766243934631,0.4442138671875,0.7022262811660767,10.0,2025-04-14
bg_17349,0.868282675743103,0.2629960477352142,0.56218421459198,18.0,2025-04-14
bg_17401,0.834319531917572,0.2477638870477676,0.5476613640785217,13.0,2025-04-14
bg_17412,0.5092542767524719,0.0959562361240387,0.3485022783279419,2.0,2025-04-14
bg_17476,0.8258175253868103,0.3205128312110901,0.6186159253120422,17.0,2025-04-14
bg_17657,0.7135425806045532,0.2013063430786132,0.5089796781539917,20.0,2025-04-14
bg_17675,0.9059346914291382,0.3423554599285126,0.6579691171646118,10.0,2025-04-14
bg_17676,0.8643500208854675,0.3980671167373657,0.6571035385131836,2.0,2025-04-14
bg_17870,0.8582800626754761,0.3397459089756012,0.6291224360466003,4.0,2025-04-14
bg_17996,0.6599873900413513,0.3131851255893707,0.5380555987358093,2.0,2025-04-14
bg_18126,0.613518238067627,0.2188623696565628,0.4436998963356018,2.0,2025-04-14
bg_18366,0.7899676561355591,0.154386818408966,0.4594408273696899,2.0,2025-04-14
bg_18405,0.7289814352989197,0.1585518270730972,0.4643940031528473,4.0,2025-04-14
bg_18471,0.8444728255271912,0.2648288905620575,0.6038268208503723,4.0,2025-04-14
bg_18473,-0.0251417253166437,-0.1079155057668685,-0.0139836966991424,6.0,2025-04-14
bg_18534,0.8414053320884705,0.3707044720649719,0.6494048237800598,20.0,2025-04-14
bg_18545,0.8261078596115112,0.2187321633100509,0.5239320397377014,4.0,2025-04-14
bg_18669,0.850520133972168,0.2904509305953979,0.6048825979232788,16.0,2025-04-14
bg_18764,0.8477596640586853,0.3523761630058288,0.6508986353874207,16.0,2025-04-14
bg_18788,0.8898339867591858,0.4277755320072174,0.7261537909507751,12.0,2025-04-14
bg_18824,0.8691951632499695,0.2745663225650787,0.5973047018051147,16.0,2025-04-14
bg_18830,0.8277290463447571,0.2018982321023941,0.5302330851554871,12.0,2025-04-14
bg_18875,0.7411749362945557,0.1621796637773513,0.4381947517395019,22.0,2025-04-14
bg_19006,0.8510711789131165,0.3287819623947143,0.6337488293647766,10.0,2025-04-14
bg_19014,0.772934079170227,0.3000587522983551,0.5928276777267456,10.0,2025-04-14
bg_19109,0.846052885055542,0.3002459704875946,0.6176816821098328,10.0,2025-04-14
bg_19145,0.7880132794380188,0.2680141925811767,0.5530321598052979,16.0,2025-04-14
bg_19156,0.0068997042253613,-0.1054925918579101,0.025956392288208,6.0,2025-04-14
bg_19207,0.8709997534751892,0.3253705203533172,0.6594217419624329,16.0,2025-04-14
bg_19274,0.830751895904541,0.2803048491477966,0.6072224378585815,16.0,2025-04-14
bg_19321,0.8471474647521973,0.2600089907646179,0.5918367505073547,11.0,2025-04-14
bg_19486,0.7959831953048706,0.3539181053638458,0.6362655162811279,4.0,2025-04-14
bg_19573,0.7132794260978699,0.1537312120199203,0.436099499464035,22.0,2025-04-14
bg_19698,0.6021521091461182,0.0678451210260391,0.3473100364208221,12.0,2025-04-14
bg_19739,0.8586065769195557,0.3741812705993652,0.683106005191803,27.0,2025-04-14
bg_19770,0.8653213977813721,0.2814213931560516,0.607639491558075,8.0,2025-04-14
bg_19851,0.7705205678939819,0.2131326347589492,0.5307673811912537,18.0,2025-04-14
bg_19904,0.8167330622673035,0.3182751536369324,0.601496696472168,3.0,2025-04-14
bg_19972,0.8652310967445374,0.3909743726253509,0.6863145232200623,14.0,2025-04-14
bg_20061,0.565386950969696,0.0621404945850372,0.2839222550392151,22.0,2025-04-14
bg_20181,0.751339316368103,0.1865459680557251,0.4677978456020355,20.0,2025-04-14
bg_20207,0.7676013112068176,0.2039762437343597,0.5139273405075073,16.0,2025-04-14
bg_20226,0.887434720993042,0.3881705403327942,0.6915274858474731,8.0,2025-04-14
bg_20326,0.7864823341369629,0.1866383999586105,0.4929953217506408,3.0,2025-04-14
bg_20339,0.5541703701019287,0.0713137313723564,0.3258674442768097,16.0,2025-04-14
bg_20387,0.8273448348045349,0.1661703586578369,0.474397599697113,15.0,2025-04-14
bg_20391,0.744861364364624,0.2766279280185699,0.5694118738174438,14.0,2025-04-14
bg_20438,0.8596002459526062,0.2924171388149261,0.5872750878334045,18.0,2025-04-14
bg_20459,0.8776252269744873,0.3708516955375671,0.6675505638122559,8.0,2025-04-14
bg_20494,0.7909836173057556,0.1412713974714279,0.4541633129119873,2.0,2025-04-14
bg_20632,0.7018882632255554,0.1424553543329239,0.4167031943798065,16.0,2025-04-14
bg_20752,0.4794309735298157,0.0821147188544273,0.3160054683685303,3.0,2025-04-14
bg_20783,0.5495689511299133,0.0751402080059051,0.2787905931472778,3.0,2025-04-14
bg_20835,0.8390277624130249,0.3958268463611603,0.6801161766052246,14.0,2025-04-14
bg_20862,0.8703579902648926,0.3315526247024536,0.6283811330795288,14.0,2025-04-14
bg_21013,0.8696831464767456,0.2672955989837646,0.5988079905509949,24.0,2025-04-14
bg_21031,0.8188294768333435,0.1882659941911697,0.4925645589828491,14.0,2025-04-14
bg_21120,0.8787474036216736,0.3558160066604614,0.6503852009773254,6.0,2025-04-14
bg_21125,0.8323538303375244,0.2632500827312469,0.5701654553413391,14.0,2025-04-14
bg_21176,0.8553513884544373,0.3708585500717163,0.6540961265563965,16.0,2025-04-14
bg_21247,0.8259227275848389,0.3128662109375,0.6059425473213196,4.0,2025-04-14
bg_21257,0.7529725432395935,0.2260935306549072,0.5324119925498962,20.0,2025-04-14
bg_21451,0.7579587697982788,0.2524155378341675,0.5919086933135986,22.0,2025-04-14
bg_21607,0.8117293119430542,0.1839687228202819,0.5075075030326843,3.0,2025-04-14
bg_21620,0.6896300911903381,0.0924941077828407,0.4041495323181152,10.0,2025-04-14
bg_21628,0.8359454870223999,0.3113923668861389,0.6259528994560242,24.0,2025-04-14
bg_21650,0.8237938284873962,0.3135450482368469,0.6375943422317505,14.0,2025-04-14
bg_21873,0.8367874026298523,0.2495349198579788,0.5553526282310486,4.0,2025-04-14
bg_22058,0.8585726022720337,0.3679326772689819,0.6634483933448792,8.0,2025-04-14
bg_22101,0.834389328956604,0.3146774470806122,0.59926438331604,20.0,2025-04-14
bg_22109,0.6913928985595703,-0.0590812303125858,0.2103257924318313,16.0,2025-04-14
bg_22375,0.7160963416099548,0.1694579422473907,0.4728114902973175,21.0,2025-04-14
bg_22399,0.8233304023742676,0.2660892307758331,0.5584311485290527,16.0,2025-04-14
bg_22411,0.7124624848365784,0.2481318265199661,0.5297069549560547,20.0,2025-04-14
bg_22560,0.8761965036392212,0.2947528958320617,0.6062712669372559,12.0,2025-04-14
bg_22643,0.6242628693580627,0.1150954291224479,0.3088934123516083,3.0,2025-04-14
bg_22694,0.835895299911499,0.2980075776576996,0.6053411960601807,16.0,2025-04-14
bg_22708,0.8405138850212097,0.2885431945323944,0.6145784854888916,18.0,2025-04-14
bg_22747,0.8744304776191711,0.2785216271877289,0.586969792842865,12.0,2025-04-14
bg_22749,0.8754047751426697,0.3465869128704071,0.6485447883605957,14.0,2025-04-14
bg_22822,0.4181626141071319,0.0240924283862113,0.2013783752918243,16.0,2025-04-14
bg_22871,0.7008867859840393,0.2663871049880981,0.5447435975074768,18.0,2025-04-14
bg_23075,0.7256805300712585,0.0798361226916313,0.3732103705406189,16.0,2025-04-14
bg_23166,0.7265703082084656,0.1574795246124267,0.4600156545639038,14.0,2025-04-14
bg_23367,0.8443444967269897,0.2990364730358124,0.5955387353897095,14.0,2025-04-14
bg_23380,0.7610870599746704,0.3320960402488708,0.6067150235176086,4.0,2025-04-14
bg_23484,0.7929054498672485,0.342436671257019,0.6339796781539917,23.0,2025-04-14
bg_23494,0.7979246377944946,0.1307859420776367,0.4327888190746307,15.0,2025-04-14
bg_23512,0.7546508312225342,0.3820769190788269,0.6665176749229431,16.0,2025-04-14
bg_23565,0.8300881385803223,0.2164115607738495,0.5324937105178833,8.0,2025-04-14
bg_23567,0.8604676723480225,0.3131980299949646,0.6545708179473877,12.0,2025-04-14
bg_23616,0.7603206634521484,0.2236652076244354,0.5102270245552063,23.0,2025-04-14
bg_23687,0.8468068242073059,0.3100583255290985,0.6302565336227417,16.0,2025-04-14
bg_23772,0.7578787207603455,0.29407998919487,0.5918126106262207,3.0,2025-04-14
bg_23794,0.7874811291694641,0.2575165331363678,0.5340716242790222,12.0,2025-04-14
bg_23954,0.8459736704826355,0.3193804919719696,0.6344308853149414,3.0,2025-04-14
bg_24045,0.7510400414466858,0.238758698105812,0.5465269088745117,22.0,2025-04-14
bg_24123,0.8889923095703125,0.3888007998466491,0.6735787391662598,20.0,2025-04-14
bg_24140,0.8056663870811462,0.1913988590240478,0.4914614260196686,16.0,2025-04-14
bg_24206,0.7455293536186218,0.2341120690107345,0.5235797166824341,4.0,2025-04-14
bg_24251,0.6809404492378235,0.1392530500888824,0.4040358066558838,20.0,2025-04-14
bg_24277,0.8469086289405823,0.3811202645301819,0.6502929925918579,8.0,2025-04-14
bg_24303,0.8320478796958923,0.3717187047004699,0.6288723349571228,10.0,2025-04-14
bg_24357,0.8694813847541809,0.4252523183822632,0.7198809385299683,12.0,2025-04-14
bg_24465,0.8825402855873108,0.2493570894002914,0.608823299407959,2.0,2025-04-14
bg_24501,0.8781812787055969,0.3972153961658478,0.6881287693977356,21.0,2025-04-14
bg_24573,0.8481781482696533,0.3157346248626709,0.6119022369384766,17.0,2025-04-14
bg_24591,0.7474769949913025,0.1525096148252487,0.4750577509403229,18.0,2025-04-14
bg_24595,0.8459042906761169,0.2732305228710174,0.5724073052406311,15.0,2025-04-14
bg_24631,0.8082051873207092,0.247874304652214,0.5604378581047058,14.0,2025-04-14
bg_24768,0.8223717212677002,0.3053863048553467,0.602138876914978,14.0,2025-04-14
bg_24774,0.8245352506637573,0.2425792515277862,0.555764377117157,10.0,2025-04-14
bg_24867,0.6757164597511292,0.1994247436523437,0.4964438080787658,15.0,2025-04-14
bg_24910,0.8382458686828613,0.2936955690383911,0.6176730394363403,15.0,2025-04-14
bg_24927,0.824503481388092,0.3253626227378845,0.6064628958702087,14.0,2025-04-14
bg_24932,0.8150392770767212,0.2901206016540527,0.5971522927284241,14.0,2025-04-14
bg_25014,0.8543038368225098,0.3400143682956695,0.6468084454536438,8.0,2025-04-14
bg_25075,0.8434024453163147,0.275633841753006,0.6112849116325378,4.0,2025-04-14
bg_25153,0.8458414673805237,0.3376159965991974,0.6672764420509338,16.0,2025-04-14
bg_25188,0.701210618019104,0.2767176628112793,0.5705362558364868,4.0,2025-04-14
bg_25193,0.6986213326454163,0.1699537485837936,0.4540963470935821,18.0,2025-04-14
bg_25216,0.662965714931488,0.1056084111332893,0.3735764324665069,20.0,2025-04-14
bg_25294,0.8156979084014893,0.2805990278720855,0.5698315501213074,18.0,2025-04-14
bg_25786,0.908667266368866,0.3352892994880676,0.6469641923904419,3.0,2025-04-14
bg_25890,0.7150513529777527,0.2086874395608902,0.4837172329425812,13.0,2025-04-14
bg_25980,0.761332094669342,0.2522819936275482,0.5477099418640137,13.0,2025-04-14
bg_25991,0.8336148262023926,0.2650281488895416,0.5909278988838196,16.0,2025-04-14
bg_26034,0.7279999852180481,0.2874768674373626,0.5275053381919861,21.0,2025-04-14
bg_26121,0.7287598848342896,0.2635613083839416,0.5394917726516724,20.0,2025-04-14
bg_26321,0.7750630378723145,0.2600416839122772,0.553999662399292,4.0,2025-04-14
bg_26397,0.6621060371398926,0.2904502749443054,0.5500709414482117,20.0,2025-04-14
bg_26496,0.876349687576294,0.3516775369644165,0.6380096673965454,10.0,2025-04-14
bg_26634,0.827110767364502,0.2743056118488312,0.5785290598869324,14.0,2025-04-14
bg_26670,0.8202961683273315,0.253781646490097,0.5547733902931213,14.0,2025-04-14
bg_26813,0.8417659997940063,0.2556795179843902,0.5801341533660889,16.0,2025-04-14
bg_26852,0.82147216796875,0.2489408403635025,0.5711742043495178,14.0,2025-04-14
bg_27055,0.6483770608901978,0.1025737002491951,0.3706594705581665,16.0,2025-04-14
bg_27145,0.661470890045166,0.2586497664451599,0.5602508783340454,16.0,2025-04-14
bg_27288,0.8394852876663208,0.3366546928882599,0.6380971074104309,16.0,2025-04-14
bg_27322,0.6593055725097656,0.0436867736279964,0.3211778998374939,16.0,2025-04-14
bg_27409,0.8046748042106628,0.269184947013855,0.5784123539924622,16.0,2025-04-14
bg_27615,0.8273045420646667,0.2469379752874374,0.5538996458053589,21.0,2025-04-14
bg_27670,0.797713041305542,0.1874588578939438,0.5139463543891907,16.0,2025-04-14
bg_27798,0.890264630317688,0.3823606967926025,0.6844749450683594,6.0,2025-04-14
bg_28095,0.8460842967033386,0.3155969381332397,0.6222208142280579,14.0,2025-04-14
bg_28235,0.7107499241828918,0.2332647740840912,0.5285617113113403,18.0,2025-04-14
bg_28339,0.8142392635345459,0.2826221287250519,0.5663331747055054,13.0,2025-04-14
bg_28392,0.8452499508857727,0.2566771805286407,0.5918681025505066,6.0,2025-04-14
bg_28418,0.8589361310005188,0.3354520797729492,0.6394874453544617,12.0,2025-04-14
bg_28457,0.8081681728363037,0.2483485490083694,0.5481491088867188,8.0,2025-04-14
bg_28462,0.865507185459137,0.2676720321178436,0.546804666519165,20.0,2025-04-14
bg_28686,0.8069304823875427,0.3696103394031524,0.6179224252700806,14.0,2025-04-14
bg_28767,0.8665093779563904,0.3228468596935272,0.6510785818099976,16.0,2025-04-14
bg_28929,0.8391520977020264,0.277475893497467,0.596827507019043,13.0,2025-04-14
bg_29183,0.867097020149231,0.3554726839065552,0.6746978759765625,18.0,2025-04-14
bg_29184,0.7632479667663574,0.3051948845386505,0.5854881405830383,16.0,2025-04-14
bg_29250,0.7875099778175354,0.2439010888338089,0.5205214619636536,20.0,2025-04-14
bg_29263,0.8865979313850403,0.3487367630004883,0.6671664118766785,13.0,2025-04-14
bg_29286,0.612944483757019,0.110685296356678,0.3569339215755462,10.0,2025-04-14
bg_29419,0.8962036967277527,0.2027023732662201,0.507632315158844,14.0,2025-04-14
bg_29465,0.8561046719551086,0.3284916281700134,0.6597582101821899,15.0,2025-04-14
bg_29494,0.9026409983634948,0.3113047182559967,0.643927812576294,6.0,2025-04-14
bg_29558,0.8660389184951782,0.2741173505783081,0.5968376994132996,16.0,2025-04-14
bg_29568,0.8241369128227234,0.3381855189800262,0.6313305497169495,18.0,2025-04-14
bg_29590,0.7382595539093018,0.0915324240922927,0.3745534420013428,22.0,2025-04-14
bg_29597,0.8906034231185913,0.3508285284042358,0.6515175104141235,14.0,2025-04-14
bg_29615,0.8022411465644836,0.2499354779720306,0.5394971966743469,20.0,2025-04-14
bg_29625,0.8745562434196472,0.3410817980766296,0.6675809025764465,12.0,2025-04-14
bg_29630,0.7560094594955444,0.160155713558197,0.4314270317554474,16.0,2025-04-14
bg_29636,0.7519939541816711,0.1488209366798401,0.4363028407096863,16.0,2025-04-14
bg_29711,0.6984260678291321,0.2533753216266632,0.4988362789154053,16.0,2025-04-14
bg_30018,0.8044384717941284,0.1525218933820724,0.4946887493133545,16.0,2025-04-14
bg_30027,0.848673939704895,0.2969675660133362,0.5923594832420349,13.0,2025-04-14
bg_30092,0.8605442643165588,0.3107052147388458,0.642824113368988,8.0,2025-04-14
bg_30098,0.8741846084594727,0.3344084024429321,0.6601802706718445,10.0,2025-04-14
bg_30110,0.8485020399093628,0.323805958032608,0.6445247530937195,12.0,2025-04-14
bg_30143,0.8961474299430847,0.3430887758731842,0.6334640383720398,3.0,2025-04-14
bg_30188,0.8704577088356018,0.3748356997966766,0.6508839726448059,4.0,2025-04-14
bg_30265,0.8757002353668213,0.3160358369350433,0.6329631209373474,14.0,2025-04-14
bg_30283,0.7568738460540771,0.2538695931434631,0.5709872245788574,10.0,2025-04-14
bg_30419,0.7592490911483765,0.288947731256485,0.6081928014755249,12.0,2025-04-14
bg_30500,0.8784657120704651,0.3956291377544403,0.6888225078582764,8.0,2025-04-14
bg_30677,0.7186967730522156,0.2644131481647491,0.5205846428871155,12.0,2025-04-14
bg_30861,0.8560541868209839,0.3109493255615234,0.639094352722168,9.0,2025-04-14
bg_30944,0.7792994976043701,0.250740647315979,0.5223928093910217,12.0,2025-04-14
bg_31006,0.8802210092544556,0.3008338212966919,0.6425023674964905,4.0,2025-04-14
bg_31120,0.8784809708595276,0.3495100736618042,0.6620765328407288,4.0,2025-04-14
bg_31288,0.6389538049697876,0.0333194509148597,0.2702201008796692,20.0,2025-04-14
bg_31293,0.8321807384490967,0.2157649099826812,0.4586862623691559,18.0,2025-04-14
bg_31419,0.819776713848114,0.2677120566368103,0.5745865702629089,4.0,2025-04-14
bg_31446,0.8706299066543579,0.3056447207927704,0.6167988181114197,16.0,2025-04-14
bg_31477,0.8338534235954285,0.3185209929943084,0.6222423911094666,18.0,2025-04-14
bg_31497,0.8530734777450562,0.2638990581035614,0.5778723359107971,15.0,2025-04-14
bg_31537,0.5910940766334534,0.0643945634365081,0.2912801802158355,18.0,2025-04-14
bg_31541,0.8332263827323914,0.3557945191860199,0.6635702848434448,16.0,2025-04-14
bg_31542,0.6483675241470337,0.027276586741209,0.2647626399993896,22.0,2025-04-14
bg_31587,0.8560761213302612,0.2988579869270324,0.5990972518920898,14.0,2025-04-14
bg_31789,0.7516462802886963,0.1906143724918365,0.4641150236129761,14.0,2025-04-14
bg_31803,0.7790651917457581,0.2297195494174957,0.5221561193466187,14.0,2025-04-14
bg_31844,0.8268990516662598,0.1716649234294891,0.4883516132831573,14.0,2025-04-14
bg_31878,0.8634779453277588,0.2829555869102478,0.6092404723167419,2.0,2025-04-14
bg_31929,0.8656591176986694,0.3078281581401825,0.6287994384765625,13.0,2025-04-14
bg_31994,0.7904981374740601,0.2588496506214142,0.5237837433815002,18.0,2025-04-14
bg_32004,0.8398118019104004,0.212210938334465,0.5308783650398254,16.0,2025-04-14
bg_32036,0.8168718218803406,0.3211468756198883,0.6308141350746155,14.0,2025-04-14
bg_32046,0.9118325114250184,0.4761310517787933,0.7555743455886841,6.0,2025-04-14
bg_32050,0.7555623054504395,0.2281449735164642,0.5238094925880432,1.0,2025-04-14
bg_32064,0.8993553519248962,0.423029750585556,0.7227513790130615,8.0,2025-04-14
bg_32099,0.7347864508628845,0.1652171313762664,0.4496565163135528,20.0,2025-04-14
bg_32199,0.8790702223777771,0.3781263530254364,0.6990227103233337,12.0,2025-04-14
bg_32511,0.8138741254806519,0.2397922277450561,0.5310454368591309,18.0,2025-04-14
bg_32589,0.8192955851554871,0.2214265316724777,0.5133758187294006,3.0,2025-04-14
bg_32604,0.7705133557319641,0.1875540316104889,0.4789701104164123,16.0,2025-04-14
bg_32646,0.8592548966407776,0.2953795492649078,0.5866599678993225,3.0,2025-04-14
bg_32672,0.7528268098831177,0.2492540329694748,0.540885865688324,16.0,2025-04-14
bg_32750,0.842751681804657,0.3114189505577087,0.6316282749176025,14.0,2025-04-14
bg_32789,0.8656622767448425,0.2386212050914764,0.5191545486450195,3.0,2025-04-14
bg_32848,0.8038713335990906,0.2780643105506897,0.5555073022842407,16.0,2025-04-14
bg_32853,0.8377588391304016,0.3551587462425232,0.6302224397659302,12.0,2025-04-14
bg_32902,0.8128981590270996,0.3077820539474487,0.5954020619392395,14.0,2025-04-14
bg_32969,0.8143819570541382,0.320276528596878,0.6148152947425842,10.0,2025-04-14
bg_32973,0.7765846252441406,0.1687445342540741,0.4216521978378296,18.0,2025-04-14
bg_33005,0.5978882908821106,-0.0314715057611465,0.2015706598758697,15.0,2025-04-14
bg_33043,0.732463002204895,0.1051817536354065,0.4144811928272247,18.0,2025-04-14
bg_33137,0.83916175365448,0.2334092259407043,0.549769401550293,14.0,2025-04-14
bg_33191,0.6668738722801208,0.2402684837579727,0.5222405195236206,17.0,2025-04-14
bg_33202,0.7186053395271301,0.1681490689516067,0.4792169332504272,25.0,2025-04-14
bg_33259,0.8237170577049255,0.239239290356636,0.520897626876831,16.0,2025-04-14
bg_33310,0.7795008420944214,0.3686172068119049,0.662290632724762,1.0,2025-04-14
bg_33315,0.8307451605796814,0.3454461693763733,0.6609881520271301,18.0,2025-04-14
bg_33327,0.7337331771850586,0.2388933151960373,0.4964397549629211,14.0,2025-04-14
bg_33350,0.8558571934700012,0.2626968622207641,0.5786653161048889,6.0,2025-04-14
bg_33426,0.8293362855911255,0.2504765689373016,0.564512312412262,1.0,2025-04-14
bg_33450,0.8219484686851501,0.2997827529907226,0.5956840515136719,10.0,2025-04-14
bg_33455,0.7924871444702148,0.2865813970565796,0.5489498972892761,16.0,2025-04-14
bg_33567,0.606889545917511,0.2337073236703872,0.5436275601387024,5.0,2025-04-14
bg_33572,0.7338328957557678,0.1619632691144943,0.4586738049983978,22.0,2025-04-14
bg_33606,0.7636701464653015,0.0660842508077621,0.4198377430438995,12.0,2025-04-14
bg_33684,0.8629035949707031,0.3105962574481964,0.6325364708900452,6.0,2025-04-14
bg_33777,0.8545194864273071,0.3268072009086609,0.6088197827339172,12.0,2025-04-14
bg_33806,0.8496198654174805,0.3316182792186737,0.6364077925682068,18.0,2025-04-14
bg_33878,0.7315828800201416,0.1686776876449585,0.4559694528579712,16.0,2025-04-14
bg_33903,0.7900591492652893,0.1471039354801178,0.4545646011829376,14.0,2025-04-14
bg_33912,0.8770879507064819,0.2502975165843963,0.5477535128593445,3.0,2025-04-14
bg_33926,0.7810896635055542,0.2582631707191467,0.559395432472229,22.0,2025-04-14
bg_34220,0.8872004747390747,0.3362257182598114,0.6391189694404602,16.0,2025-04-14
bg_34244,0.7456739544868469,0.2844187021255493,0.5925959944725037,22.0,2025-04-14
bg_34272,0.8503814935684204,0.2881093919277191,0.5938764214515686,14.0,2025-04-14
bg_34294,0.8678236603736877,0.2300463914871215,0.5652362108230591,14.0,2025-04-14
bg_34411,0.6907444000244141,0.1961576342582702,0.4847436249256134,18.0,2025-04-14
bg_34458,0.8613060712814331,0.2696090936660766,0.5801451206207275,14.0,2025-04-14
bg_34463,0.7318518161773682,0.1261409819126129,0.3276375532150268,12.0,2025-04-14
bg_34470,0.8192801475524902,0.1756326407194137,0.541302502155304,4.0,2025-04-14
bg_34492,0.7794448733329773,0.2603318691253662,0.5437597036361694,20.0,2025-04-14
bg_34517,0.8685493469238281,0.2790871262550354,0.6052279472351074,16.0,2025-04-14
bg_34678,0.8606787323951721,0.332290381193161,0.6344330906867981,16.0,2025-04-14
bg_34866,0.885676383972168,0.3248494565486908,0.6266595721244812,8.0,2025-04-14
bg_34927,0.7402195930480957,0.1095400154590606,0.4193881154060364,22.0,2025-04-14
bg_34932,0.5617977380752563,0.288011372089386,0.5209437608718872,15.0,2025-04-14
bg_34974,0.5764504075050354,0.3043272495269775,0.5450980067253113,3.0,2025-04-14
bg_35050,0.8274134397506714,0.2805663645267486,0.6002287268638611,16.0,2025-04-14
bg_35110,0.9076178669929504,0.3952419757843017,0.6930121183395386,7.0,2025-04-14
bg_35265,0.8703731894493103,0.3439404666423797,0.6391988396644592,14.0,2025-04-14
bg_35299,0.8579555749893188,0.3682102560997009,0.679639458656311,12.0,2025-04-14
bg_35323,0.7338551878929138,0.1702446490526199,0.4671368896961212,19.0,2025-04-14
bg_35465,0.8512239456176758,0.311748057603836,0.6134295463562012,12.0,2025-04-14
bg_35538,0.8601348996162415,0.2138601839542389,0.5555106401443481,2.0,2025-04-14
bg_35701,0.8503051400184631,0.2516297101974487,0.5546558499336243,3.0,2025-04-14
bg_35769,0.844326376914978,0.2855204641819,0.6000674962997437,10.0,2025-04-14
bg_35775,0.860641360282898,0.2607992887496948,0.5578948259353638,12.0,2025-04-14
bg_35782,0.7560319900512695,0.1960605531930923,0.4373664259910583,16.0,2025-04-14
bg_35830,0.6208299398422241,0.2046831101179123,0.4768621921539306,13.0,2025-04-14
bg_35863,0.869158923625946,0.1535864323377609,0.5179275274276733,14.0,2025-04-14
bg_35925,0.7418624758720398,0.1527322679758072,0.4563760757446289,22.0,2025-04-14
bg_35942,0.7778611183166504,0.1710699051618576,0.4998855590820312,2.0,2025-04-14
bg_35971,0.8967229723930359,0.351923257112503,0.6690100431442261,6.0,2025-04-14
bg_36036,0.8474292159080505,0.2436334639787674,0.5641615986824036,14.0,2025-04-14
bg_36053,0.856468915939331,0.3155648708343506,0.6251664161682129,4.0,2025-04-14
bg_36125,0.8749725222587585,0.3563185632228851,0.6523170471191406,24.0,2025-04-14
bg_36321,0.7874821424484253,0.2984117269515991,0.5832690596580505,16.0,2025-04-14
bg_36474,0.8035714030265808,0.264162927865982,0.5913461446762085,15.0,2025-04-14
bg_36726,0.9021143913269044,0.3625225722789764,0.6530101895332336,10.0,2025-04-14
bg_36740,0.8401180505752563,0.2792857587337494,0.5881133675575256,14.0,2025-04-14
bg_36867,0.8351839780807495,0.1279457360506057,0.4930866360664367,14.0,2025-04-14
bg_37052,0.7659255862236023,0.1842845827341079,0.4762299060821533,18.0,2025-04-14
bg_37185,0.9000946283340454,0.3768782615661621,0.6784047484397888,8.0,2025-04-14
bg_37209,0.8472728133201599,0.3022553622722626,0.6435887813568115,18.0,2025-04-14
bg_37220,0.871457040309906,0.395296186208725,0.6885799765586853,8.0,2025-04-14
bg_37296,0.7957309484481812,0.2668579220771789,0.5526808500289917,18.0,2025-04-14
bg_37312,0.9265362024307252,0.441986620426178,0.7411535382270813,6.0,2025-04-14
bg_37318,0.7552984952926636,0.1146587952971458,0.3827440142631531,4.0,2025-04-14
bg_37320,0.6303611397743225,0.2070288658142089,0.4922913312911987,17.0,2025-04-14
bg_37475,0.7610722780227661,0.3134328424930572,0.5896531343460083,13.0,2025-04-14
bg_37494,0.825646698474884,0.2816305458545685,0.5706241130828857,20.0,2025-04-14
bg_37618,0.692170262336731,0.1011659726500511,0.3799527883529663,12.0,2025-04-14
bg_37661,0.5699249505996704,0.0743444487452507,0.3359904885292053,20.0,2025-04-14
bg_37983,0.5205246210098267,-0.0429518371820449,0.1818812191486358,16.0,2025-04-14
bg_38010,0.7222833633422852,0.0704490318894386,0.3407170176506042,18.0,2025-04-14
bg_38021,0.7794616222381592,0.3667890429496765,0.6586900949478149,14.0,2025-04-14
bg_38024,0.6128621697425842,0.0401972718536853,0.3109684884548187,15.0,2025-04-14
bg_38101,0.7982249855995178,0.2223075926303863,0.5330846905708313,18.0,2025-04-14
bg_38149,0.8843619227409363,0.3841745853424072,0.675443708896637,14.0,2025-04-14
bg_38190,0.7841610908508301,0.2396947145462036,0.5358068943023682,18.0,2025-04-14
bg_38338,0.7881177663803101,0.1877074092626571,0.4650588035583496,16.0,2025-04-14
bg_38403,0.7696335315704346,0.2479309737682342,0.5233877301216125,16.0,2025-04-14
bg_38553,0.8276818990707397,0.2452904433012008,0.5482472777366638,18.0,2025-04-14
bg_38713,0.7498883605003357,0.3206483423709869,0.6272417306900024,20.0,2025-04-14
bg_38730,0.8485351204872131,0.2885624468326568,0.6048791408538818,19.0,2025-04-14
bg_38735,0.8343222737312317,0.2580777406692505,0.5692458152770996,16.0,2025-04-14
bg_38761,0.7828062176704407,0.2089419066905975,0.4971524775028229,14.0,2025-04-14
bg_38869,0.6440836787223816,0.1771516948938369,0.448660135269165,21.0,2025-04-14
bg_38894,0.8823722004890442,0.3915997445583343,0.6876164674758911,8.0,2025-04-14
bg_38920,0.843576967716217,0.2386593073606491,0.5293870568275452,16.0,2025-04-14
bg_38980,0.7731213569641113,0.2057678699493408,0.4997705817222595,14.0,2025-04-14
bg_39021,0.7692198753356934,0.1621950268745422,0.4602175951004028,18.0,2025-04-14
bg_39040,0.8289194703102112,0.2899530231952667,0.5756633281707764,20.0,2025-04-14
bg_39080,0.8623018860816956,0.2102107107639312,0.5204476714134216,7.0,2025-04-14
bg_39103,0.6610938906669617,0.0488299168646335,0.3162083327770233,22.0,2025-04-14
bg_39127,0.7955167889595032,0.139739528298378,0.4335045218467712,4.0,2025-04-14
bg_39158,0.8242260813713074,0.2850628197193146,0.6083665490150452,6.0,2025-04-14
bg_39256,0.8402161002159119,0.3711099624633789,0.6944808959960938,6.0,2025-04-14
bg_39323,0.8252333998680115,0.364177256822586,0.6251442432403564,12.0,2025-04-14
bg_39404,0.8170425891876221,0.3148880004882812,0.6187466979026794,21.0,2025-04-14
bg_39408,0.8582847118377686,0.2949109077453613,0.603148341178894,14.0,2025-04-14
bg_39576,0.7171042561531067,0.0458730235695838,0.2702978551387787,18.0,2025-04-14
bg_39685,0.7137619853019714,0.0816108286380767,0.3710035681724548,18.0,2025-04-14
bg_39735,0.7559764385223389,0.131205603480339,0.4450349509716034,14.0,2025-04-14
bg_39783,0.8108004331588745,0.2891615331172943,0.58604496717453,21.0,2025-04-14
bg_39832,0.8511881828308105,0.3032128810882568,0.6144927740097046,17.0,2025-04-14
bg_39835,0.8174923658370972,0.2739413976669311,0.5572871565818787,18.0,2025-04-14
bg_40062,0.7940241098403931,0.1705041676759719,0.4541345536708832,12.0,2025-04-14
bg_40102,0.7383714318275452,0.106336161494255,0.4144713282585144,16.0,2025-04-14
bg_40143,0.6245067119598389,-0.1037015467882156,0.1588976830244064,12.0,2025-04-14
bg_40250,0.8221019506454468,0.2322008311748504,0.5427924990653992,16.0,2025-04-14
bg_40421,0.845784604549408,0.3021088540554046,0.6005069017410278,6.0,2025-04-14
bg_40716,0.7019867300987244,0.1763250082731247,0.4506612420082092,19.0,2025-04-14
bg_41066,0.8268959522247314,0.2345208674669265,0.4828375279903412,5.0,2025-04-14
bg_41138,0.7137771844863892,0.1688602864742279,0.4428300559520721,18.0,2025-04-14
bg_41271,0.8699132800102234,0.3208078742027282,0.6329034566879272,2.0,2025-04-14
bg_41413,0.7903845906257629,0.2806051969528198,0.5524711012840271,5.0,2025-04-14
bg_41464,0.8049802184104919,0.3810372650623321,0.6769655346870422,20.0,2025-04-14
bg_41480,0.8944099545478821,0.3904674649238586,0.7044944167137146,11.0,2025-04-14
bg_41505,0.8483189940452576,0.3655807375907898,0.65839022397995,10.0,2025-04-14
bg_41581,0.7663400769233704,0.3159202635288238,0.6002349853515625,14.0,2025-04-14
bg_41615,0.8451859354972839,0.2618956565856933,0.5693773031234741,16.0,2025-04-14
bg_41651,0.8612036108970642,0.3059994578361511,0.6154052019119263,12.0,2025-04-14
bg_41677,0.6093887686729431,0.2153360396623611,0.3983931243419647,20.0,2025-04-14
bg_41746,0.8462042212486267,0.2879043221473694,0.581367015838623,12.0,2025-04-14
bg_41856,0.7324792146682739,0.1767118275165558,0.4473159611225128,8.0,2025-04-14
bg_41896,0.8916754722595215,0.3789029419422149,0.6734944581985474,13.0,2025-04-14
bg_41931,0.7020145058631897,0.1983572244644165,0.4762351512908935,14.0,2025-04-14
bg_41988,0.8468390703201294,0.3277122378349304,0.6187852621078491,10.0,2025-04-14
bg_42002,0.7013201713562012,0.0627978593111038,0.3540720343589782,16.0,2025-04-14
bg_42013,0.7267583012580872,0.0675791129469871,0.3039548099040985,21.0,2025-04-14
bg_42039,0.6968597173690796,0.163819745182991,0.4483577907085418,18.0,2025-04-14
bg_42149,0.8598709106445312,0.3676134347915649,0.6544131636619568,14.0,2025-04-14
bg_42275,0.7369539141654968,0.30799400806427,0.6103454828262329,16.0,2025-04-14
bg_42315,0.6735645532608032,0.0827648267149925,0.3459175229072571,26.0,2025-04-14
bg_42316,0.8178431987762451,0.3513248562812805,0.6310036182403564,17.0,2025-04-14
bg_42395,0.8511168360710144,0.2847699522972107,0.5672609806060791,14.0,2025-04-14
bg_42428,0.8670815229415894,0.3186700046062469,0.6330039501190186,16.0,2025-04-14
bg_42558,0.7143439054489136,0.1613709181547165,0.4471812546253204,18.0,2025-04-14
bg_42667,0.885267972946167,0.3644496500492096,0.6822134256362915,17.0,2025-04-14
bg_42698,0.4407287836074829,0.0472832769155502,0.2464809268712997,18.0,2025-04-14
bg_42780,0.8753526210784912,0.2953130304813385,0.5991642475128174,12.0,2025-04-14
bg_42808,0.8635761737823486,0.404599130153656,0.6414451003074646,7.0,2025-04-14
bg_42863,0.8639276027679443,0.3869758248329162,0.679821252822876,16.0,2025-04-14
bg_42892,0.7862830758094788,0.1769629865884781,0.4895928204059601,12.0,2025-04-14
bg_42937,0.5525542497634888,-0.0210887938737869,0.2069732844829559,20.0,2025-04-14
bg_42943,0.8287535309791565,0.3522379398345947,0.6390463709831238,4.0,2025-04-14
bg_43107,0.7017289996147156,0.1688137501478195,0.4469857811927795,16.0,2025-04-14
bg_43113,0.7762104868888855,0.2583551406860351,0.5450862050056458,20.0,2025-04-14
bg_43210,0.830001175403595,0.261859267950058,0.5642861127853394,14.0,2025-04-14
bg_43269,0.8322033882141113,0.2641012370586395,0.6058394312858582,17.0,2025-04-14
bg_43293,0.6879150867462158,0.2081262171268463,0.4474040567874908,16.0,2025-04-14
bg_43323,0.8506772518157959,0.2946614027023315,0.6368334293365479,13.0,2025-04-14
bg_43326,0.852250874042511,0.3284268975257873,0.6335542798042297,8.0,2025-04-14
bg_43379,0.8169642686843872,0.2566576600074768,0.5653846263885498,3.0,2025-04-14
bg_43398,0.8601004481315613,0.3616880178451538,0.6529591679573059,6.0,2025-04-14
bg_43463,0.8531948924064636,0.3262603282928467,0.619238018989563,16.0,2025-04-14
bg_43503,0.8602941036224365,0.3223350048065185,0.6609854698181152,19.0,2025-04-14
bg_43673,0.8024790287017822,0.1800061166286468,0.5028901696205139,13.0,2025-04-14
bg_43741,0.6216630935668945,0.022461550310254,0.2540768086910248,10.0,2025-04-14
bg_43824,0.7942143678665161,0.3204542100429535,0.6229709386825562,8.0,2025-04-14
bg_43860,0.7558989524841309,0.1524785459041595,0.4416438937187195,14.0,2025-04-14
bg_43890,0.8259366154670715,0.1841453313827514,0.5022701621055603,19.0,2025-04-14
bg_43901,0.8481889963150024,0.3928866982460022,0.6730339527130127,21.0,2025-04-14
bg_43907,0.8751914501190186,0.3597296774387359,0.6568785309791565,4.0,2025-04-14
bg_43992,0.7333168983459473,-0.0115847373381257,0.2828087210655212,16.0,2025-04-14
bg_44131,0.8334527015686035,0.3136667907238006,0.6233072280883789,16.0,2025-04-14
bg_44188,0.8338598608970642,0.2350903451442718,0.5345335006713867,12.0,2025-04-14
bg_44301,0.8173894286155701,0.2661892175674438,0.5686823129653931,16.0,2025-04-14
bg_44320,0.7128379344940186,0.1983398646116256,0.4896858930587768,16.0,2025-04-14
bg_44580,0.8664496541023254,0.3715673685073852,0.6721082329750061,14.0,2025-04-14
bg_44876,0.8333994150161743,0.2725050449371338,0.581457257270813,14.0,2025-04-14
bg_44898,0.5792371034622192,0.2351135909557342,0.491068035364151,21.0,2025-04-14
bg_44906,0.8594306111335754,0.3641083836555481,0.6585080027580261,18.0,2025-04-14
bg_44916,0.8481683135032654,0.3351929783821106,0.6488857269287109,10.0,2025-04-14
bg_44968,0.7214613556861877,0.1341788321733474,0.4074654281139374,18.0,2025-04-14
bg_44986,0.7529551386833191,0.3690229952335357,0.6374399662017822,14.0,2025-04-14
bg_45057,0.8254232406616211,0.3225717544555664,0.6129376888275146,10.0,2025-04-14
bg_45095,0.7806024551391602,0.1937850713729858,0.526819109916687,16.0,2025-04-14
bg_45164,0.8447312712669373,0.243460327386856,0.5771891474723816,16.0,2025-04-14
bg_45340,0.742771565914154,0.1437980234622955,0.410378098487854,16.0,2025-04-14
bg_45408,0.8485159277915955,0.3480389416217804,0.6346206068992615,4.0,2025-04-14
bg_45426,0.7302247881889343,0.1684501618146896,0.4541683495044708,10.0,2025-04-14
bg_45448,0.814183235168457,0.1649695336818695,0.5062033534049988,16.0,2025-04-14
bg_45522,0.6684880256652832,0.1697994917631149,0.4452156126499176,16.0,2025-04-14
bg_45568,0.7260124087333679,0.2472717463970184,0.5083757638931274,10.0,2025-04-14
bg_45637,0.8349552154541016,0.2663613855838775,0.5662917494773865,12.0,2025-04-14
bg_45684,0.8278300762176514,0.040683452039957,0.4160417318344116,16.0,2025-04-14
bg_45832,0.8104567527770996,0.3151113092899322,0.57396000623703,20.0,2025-04-14
bg_45835,0.7967181205749512,0.3165905475616455,0.620387613773346,19.0,2025-04-14
bg_45858,0.9080570340156556,0.4379172325134277,0.7323861718177795,8.0,2025-04-14
bg_45900,0.7594621777534485,0.262914091348648,0.5628651976585388,16.0,2025-04-14
bg_45908,0.8543897271156311,0.3882211744785309,0.6679405570030212,15.0,2025-04-14
bg_45975,0.7211018204689026,0.1302859336137771,0.4020976424217224,14.0,2025-04-14
bg_46034,0.8328126072883606,0.211052730679512,0.5059992671012878,16.0,2025-04-14
bg_46056,0.8516697287559509,0.2795758545398712,0.5949478149414062,16.0,2025-04-14
bg_46100,0.7771895527839661,0.2307261228561401,0.5117003917694092,20.0,2025-04-14
bg_46150,0.8261064887046814,0.2447284460067749,0.5528098940849304,9.0,2025-04-14
bg_46350,0.842793345451355,0.227675199508667,0.5508823394775391,18.0,2025-04-14
bg_46436,0.7188611626625061,0.2394555807113647,0.5317873358726501,18.0,2025-04-14
bg_46442,0.8823413252830505,0.2893855571746826,0.5991039872169495,16.0,2025-04-14
bg_46479,0.6041669249534607,-0.068775363266468,0.1844607442617416,12.0,2025-04-14
bg_46529,0.8339845538139343,0.2905760705471039,0.5945964455604553,20.0,2025-04-14
bg_46541,0.7413691878318787,0.0919977277517318,0.387981116771698,20.0,2025-04-14
bg_46561,0.7350409626960754,0.2112474739551544,0.4953637719154358,22.0,2025-04-14
bg_46624,0.733035683631897,0.2153655290603637,0.508384108543396,22.0,2025-04-14
bg_46626,0.8362774848937988,0.3017424345016479,0.6215155720710754,16.0,2025-04-14
bg_46903,0.8099309802055359,0.3763848543167114,0.6561328172683716,4.0,2025-04-14
bg_47000,0.7567391395568848,0.2084508389234542,0.507181704044342,12.0,2025-04-14
bg_47072,0.791641116142273,0.2573044300079345,0.5413358211517334,18.0,2025-04-14
bg_47129,0.8268330693244934,0.1430383622646331,0.4236669242382049,11.0,2025-04-14
bg_47217,0.8530693650245667,0.1766798496246338,0.5245593786239624,16.0,2025-04-14
bg_47260,0.8072823882102966,0.3038779497146606,0.5820235013961792,16.0,2025-04-14
bg_47307,0.791517436504364,0.2938383519649505,0.580877959728241,12.0,2025-04-14
bg_47409,0.7220346927642822,0.2414571642875671,0.4641214609146118,14.0,2025-04-14
bg_47423,0.6213119626045227,0.1490829735994339,0.415343314409256,3.0,2025-04-14
bg_47463,0.8305854201316833,0.2814829349517822,0.587516188621521,14.0,2025-04-14
bg_47647,0.8232555389404297,0.2578569054603576,0.5537601113319397,16.0,2025-04-14
bg_47703,0.8745965957641602,0.3211509883403778,0.638428270816803,12.0,2025-04-14
bg_47716,0.8372942805290222,0.1760563254356384,0.5319373607635498,14.0,2025-04-14
bg_47900,0.8293051719665527,0.2503967881202698,0.5790518522262573,14.0,2025-04-14
bg_48074,0.7656302452087402,0.1574421226978302,0.4705575406551361,16.0,2025-04-14
bg_48128,,,,,2025-04-14
bg_48169,0.8473524451255798,0.3002030551433563,0.6333781480789185,16.0,2025-04-14
bg_48182,0.6819552779197693,0.1619181036949157,0.4442587196826935,20.0,2025-04-14
bg_48341,0.9037041664123536,0.3850880861282348,0.6937682628631592,10.0,2025-04-14
bg_48354,0.8528109192848206,0.1572490036487579,0.4624740481376648,14.0,2025-04-14
bg_48395,0.7168704271316528,0.3238241672515869,0.6015697717666626,14.0,2025-04-14
bg_48442,0.7238446474075317,0.126884713768959,0.4040462374687195,5.0,2025-04-14
bg_48454,0.8492646217346191,0.2732982933521271,0.5885369777679443,12.0,2025-04-14
bg_48547,0.9073134064674376,0.4133745431900024,0.7096368074417114,6.0,2025-04-14
bg_48615,0.8344749212265015,0.2304553091526031,0.5240674018859863,18.0,2025-04-14
bg_48616,0.8138426542282104,0.3080259561538696,0.5831875801086426,12.0,2025-04-14
bg_48676,0.8760587573051453,0.3045988976955414,0.6395208239555359,6.0,2025-04-14
bg_48761,0.8468004465103149,0.3112219870090484,0.6144989132881165,10.0,2025-04-14
bg_48763,0.8335467576980591,0.2625021636486053,0.6035164594650269,13.0,2025-04-14
bg_48787,0.898113489151001,0.3772322535514831,0.6842082738876343,6.0,2025-04-14
bg_48930,0.8363363742828369,0.3573246896266937,0.6537078022956848,18.0,2025-04-14
bg_48991,0.856972873210907,0.3385156393051147,0.6231608390808105,14.0,2025-04-14
bg_49029,0.5975897312164307,0.1708648204803466,0.4323976039886474,22.0,2025-04-14
bg_49148,0.8418430089950562,0.2911639809608459,0.6172594428062439,4.0,2025-04-14
bg_49186,0.8807293772697449,0.3405337035655975,0.6379827260971069,6.0,2025-04-14
bg_49246,0.821259081363678,0.3245789408683777,0.6115942597389221,12.0,2025-04-14
bg_49342,0.7200284004211426,0.1629481762647628,0.4549531936645508,22.0,2025-04-14
bg_49416,0.8725748658180237,0.2954511046409607,0.6207007765769958,6.0,2025-04-14
bg_49515,0.7485291361808777,0.212736114859581,0.4903219044208526,16.0,2025-04-14
bg_49547,0.6216159462928772,0.0482879839837551,0.3071928024291992,4.0,2025-04-14
bg_49580,0.8019298911094666,0.3296599090099334,0.6239928603172302,19.0,2025-04-14
bg_49592,0.8983802795410156,0.4057998061180115,0.7163438200950623,10.0,2025-04-14
bg_49654,0.8728359937667847,0.3232216835021972,0.626136064529419,18.0,2025-04-14
bg_49678,-0.0290955659002065,-0.0246493630111217,0.0492289513349533,2.0,2025-04-14
bg_49700,0.8828392028808594,0.3097348809242248,0.6305909752845764,8.0,2025-04-14
bg_49710,0.8096355199813843,0.23111392557621,0.5397629141807556,14.0,2025-04-14
bg_49749,0.8979858756065369,0.4241413176059723,0.7272077798843384,13.0,2025-04-14
bg_49782,0.8701042532920837,0.2942614257335663,0.6179137229919434,16.0,2025-04-14
bg_49834,0.8409529328346252,0.2541966736316681,0.5824307799339294,14.0,2025-04-14
bg_49879,0.8481378555297852,0.3460710644721985,0.6533917784690857,16.0,2025-04-14
bg_49996,0.877753496170044,0.3282831609249115,0.6229409575462341,16.0,2025-04-14
bg_27543,0.8147046566009521,0.3716671764850616,0.6498550772666931,13.0,2025-04-29
bg_35123,0.7739936113357544,0.2480706572532653,0.5416069030761719,14.0,2025-04-29
bg_40554,0.7915719151496887,0.2110031098127365,0.5374338626861572,12.0,2025-04-29
bg_42,0.8827453851699829,0.3605425953865051,0.672435998916626,12.0,2025-06-28
bg_186,0.8149347901344299,0.2761589288711548,0.5769302248954773,6.0,2025-06-28
bg_580,0.7502766251564026,0.1772290766239166,0.4254878759384155,14.0,2025-06-28
bg_724,0.870632529258728,0.3360655903816223,0.6323639750480652,14.0,2025-06-28
bg_754,0.8061318397521973,0.2854171693325043,0.5782483816146851,20.0,2025-06-28
bg_886,0.9037956595420836,0.3379338383674621,0.6348330974578857,20.0,2025-06-28
bg_894,0.8239569664001465,0.346046894788742,0.6558096408843994,13.0,2025-06-28
bg_925,0.8572593331336975,0.3039412498474121,0.6068670153617859,6.0,2025-06-28
bg_999,0.845039963722229,0.2660821974277496,0.5594669580459595,18.0,2025-06-28
bg_1111,0.958177387714386,0.5009118318557739,0.7852324843406677,16.0,2025-06-28
bg_1286,0.8056665062904358,0.2416695356369018,0.5498193502426147,20.0,2025-06-28
bg_1358,0.8468515872955322,0.3199646472930908,0.611502468585968,22.0,2025-06-28
bg_1409,0.4037959277629852,0.0532808303833007,0.2557170689105987,38.0,2025-06-28
bg_1503,0.8573737144470215,0.3077932000160217,0.6055713295936584,24.0,2025-06-28
bg_1609,0.8867239952087402,0.362304538488388,0.6575757265090942,16.0,2025-06-28
bg_1642,0.8573383688926697,0.254325270652771,0.5790824890136719,14.0,2025-06-28
bg_1872,0.8421379327774048,0.3600679337978363,0.6717049479484558,18.0,2025-06-28
bg_2174,0.8068138360977173,0.2671318352222442,0.5605630874633789,16.0,2025-06-28
bg_2186,0.8334431052207947,0.242797166109085,0.5778617858886719,12.0,2025-06-28
bg_2377,0.8700361251831055,0.3330758810043335,0.6496815085411072,11.0,2025-06-28
bg_2480,0.8598648309707642,0.2969034910202026,0.6069262027740479,18.0,2025-06-28
bg_2571,0.8949162364006042,0.3225615620613098,0.6450980305671692,3.0,2025-06-28
bg_2589,0.8341479301452637,0.2695945501327514,0.5628083348274231,34.0,2025-06-28
bg_2598,0.9156959056854248,0.3448196947574615,0.6584812998771667,22.0,2025-06-28
bg_2877,0.8625814914703369,0.3447141051292419,0.6485781669616699,16.0,2025-06-28
bg_2919,0.5715223550796509,0.1992659419775009,0.5022594332695007,18.0,2025-06-28
bg_3192,0.8756043314933777,0.3513429462909698,0.668073296546936,20.0,2025-06-28
bg_3194,0.8518361449241638,0.3128568828105926,0.6259809732437134,16.0,2025-06-28
bg_3288,0.8505426049232483,0.2643317878246307,0.5558382272720337,16.0,2025-06-28
bg_3671,0.9116031527519226,0.4312118887901306,0.7359999418258667,16.0,2025-06-28
bg_3879,0.7714288234710693,0.1689972281455993,0.4818384349346161,18.0,2025-06-28
bg_3963,0.8603396415710449,0.2873804569244385,0.598227322101593,18.0,2025-06-28
bg_4183,0.779521644115448,0.2042341232299804,0.5122846961021423,12.0,2025-06-28
bg_4522,0.870397686958313,0.2593978345394134,0.5590686202049255,22.0,2025-06-28
bg_4619,0.8656101822853088,0.3362306952476501,0.626980721950531,14.0,2025-06-28
bg_4994,0.8027887940406799,0.2204235643148422,0.4870332479476928,14.0,2025-06-28
bg_5106,0.882236897945404,0.3255245089530945,0.6318937540054321,14.0,2025-06-28
bg_5348,0.8709395527839661,0.3183030784130096,0.6164892911911011,16.0,2025-06-28
bg_5560,0.8350183367729187,0.2510418593883514,0.5333542823791504,16.0,2025-06-28
bg_5580,0.8828451037406921,0.3209068179130554,0.626308262348175,36.0,2025-06-28
bg_5667,0.8591515421867371,0.2577131390571594,0.5507177114486694,12.0,2025-06-28
bg_6138,0.8849077224731445,0.3325733840465545,0.6440020203590393,11.0,2025-06-28
bg_6255,0.8651286363601685,0.324764609336853,0.6330556869506836,21.0,2025-06-28
bg_6767,0.8506326675415039,0.3910194933414459,0.6867520809173584,14.0,2025-06-28
bg_6798,0.872611403465271,0.371136337518692,0.6681388020515442,18.0,2025-06-28
bg_6804,0.876193106174469,0.3166759014129638,0.6320754885673523,19.0,2025-06-28
bg_6818,0.6155056953430176,0.0391583815217018,0.3904948234558105,10.0,2025-06-28
bg_6921,0.8433823585510254,0.3435304760932922,0.6477785706520081,18.0,2025-06-28
bg_7163,0.8738119006156921,0.3345323801040649,0.6401737928390503,18.0,2025-06-28
bg_7170,0.8386583924293518,0.3029421269893646,0.613920271396637,12.0,2025-06-28
bg_7361,0.8482832312583923,0.2848565578460693,0.6018390655517578,17.0,2025-06-28
bg_7547,0.8461892604827881,0.3311527371406555,0.643650472164154,16.0,2025-06-28
bg_7589,0.822426438331604,0.193766102194786,0.4981598854064941,10.0,2025-06-28
bg_7716,0.867527186870575,0.3525957763195038,0.6441157460212708,20.0,2025-06-28
bg_7975,0.8271546959877014,0.3446725606918335,0.6387432813644409,12.0,2025-06-28
bg_7981,0.8562504649162292,0.3539036810398102,0.655663013458252,16.0,2025-06-28
bg_7988,0.8317017555236816,0.1914072781801223,0.4859874844551086,20.0,2025-06-28
bg_8434,0.8517741560935974,0.3391958773136139,0.6690654754638672,12.0,2025-06-28
bg_8562,0.8294750452041626,0.3130398988723755,0.6181276440620422,16.0,2025-06-28
bg_8677,0.8583657145500183,0.3440349102020263,0.6578554511070251,16.0,2025-06-28
bg_8906,0.8818375468254089,0.2793810665607452,0.5812293291091919,16.0,2025-06-28
bg_8927,0.8817141056060791,0.3715689778327942,0.6892845630645752,24.0,2025-06-28
bg_8935,0.8591980338096619,0.3196064829826355,0.6225882172584534,12.0,2025-06-28
bg_9241,0.8863703012466431,0.3550882041454315,0.6719956398010254,18.0,2025-06-28
bg_9326,0.855563223361969,0.322096437215805,0.6395856142044067,8.0,2025-06-28
bg_9566,0.7031809687614441,0.1822464913129806,0.4623624384403229,36.0,2025-06-28
bg_9598,0.8601605892181396,0.3219351172447204,0.6417623162269592,16.0,2025-06-28
bg_10097,0.8307628035545349,0.4168021976947784,0.6960970163345337,15.0,2025-06-28
bg_10340,0.8532556295394897,0.2534797191619873,0.5580054521560669,18.0,2025-06-28
bg_10464,0.8361958861351013,0.3195561170578003,0.6169768571853638,20.0,2025-06-28
bg_10598,0.8381715416908264,0.2916338443756103,0.6022806763648987,12.0,2025-06-28
bg_10620,0.8628242015838623,0.3246085047721863,0.6164310574531555,18.0,2025-06-28
bg_10649,0.848220705986023,0.3455630540847778,0.65126633644104,20.0,2025-06-28
bg_10713,0.839127779006958,0.3653241991996765,0.6524205803871155,14.0,2025-06-28
bg_10909,0.8011014461517334,0.2190039455890655,0.5269131064414978,20.0,2025-06-28
bg_10934,0.8638522624969482,0.3237667977809906,0.6464834809303284,21.0,2025-06-28
bg_11103,0.8011986613273621,0.2462095469236374,0.5320370197296143,16.0,2025-06-28
bg_11218,0.8331642150878906,0.3160383105278015,0.6200548410415649,9.0,2025-06-28
bg_11383,0.8695157766342163,0.2656335234642029,0.5702786445617676,23.0,2025-06-28
bg_11486,0.8511728048324585,0.338259756565094,0.6409261226654053,14.0,2025-06-28
bg_11579,0.8568745255470276,0.3299576044082641,0.6261045932769775,18.0,2025-06-28
bg_11608,0.8720624446868896,0.3737502098083496,0.6959254741668701,18.0,2025-06-28
bg_11614,0.8486461639404297,0.3580859005451202,0.6669133305549622,16.0,2025-06-28
bg_11935,0.876992404460907,0.3499073684215545,0.6522873640060425,16.0,2025-06-28
bg_12332,0.8306345343589783,0.2721181213855743,0.5693620443344116,22.0,2025-06-28
bg_12629,0.8437706828117371,0.3506993651390075,0.6585854291915894,14.0,2025-06-28
bg_12784,0.7740981578826904,0.2727022469043731,0.5665150880813599,16.0,2025-06-28
bg_12836,0.6843084096908569,0.2388903051614761,0.4901075959205627,16.0,2025-06-28
bg_13059,0.8405153155326843,0.275822639465332,0.5633558630943298,12.0,2025-06-28
bg_13084,0.8696368336677551,0.3882932364940643,0.6894544959068298,18.0,2025-06-28
bg_13187,0.6073101758956909,0.0842295140027999,0.3060922026634216,16.0,2025-06-28
bg_13363,0.853989839553833,0.3002626895904541,0.6067931652069092,12.0,2025-06-28
bg_13576,0.8519622683525085,0.3815153837203979,0.7084019780158997,13.0,2025-06-28
bg_13699,0.8232401013374329,0.3200515508651733,0.6278845071792603,34.0,2025-06-28
bg_13749,0.8657171130180359,0.3498083353042602,0.6544132232666016,14.0,2025-06-28
bg_13780,0.8084234595298767,0.232313871383667,0.5454649925231934,10.0,2025-06-28
bg_13804,0.846367359161377,0.325587660074234,0.6146941781044006,20.0,2025-06-28
bg_13950,0.8764551281929016,0.3258018493652344,0.6242353320121765,20.0,2025-06-28
bg_13964,0.8631826043128967,0.4110203087329864,0.6801242232322693,23.0,2025-06-28
bg_14168,0.8742142915725708,0.2968925237655639,0.6099539995193481,18.0,2025-06-28
bg_14197,0.6821362376213074,0.3091174066066742,0.5494320392608643,12.0,2025-06-28
bg_14358,0.865327000617981,0.3829297125339508,0.6804382801055908,16.0,2025-06-28
bg_14490,0.7211143970489502,0.1833305358886718,0.4452864825725555,14.0,2025-06-28
bg_14526,0.9125751256942748,0.3444931507110595,0.650897204875946,17.0,2025-06-28
bg_14628,0.9046676158905028,0.34586963057518,0.6558952331542969,14.0,2025-06-28
bg_14963,0.8710471391677856,0.3061490654945373,0.6039204001426697,16.0,2025-06-28
bg_15065,0.8870516419410706,0.3280880749225616,0.6435799598693848,12.0,2025-06-28
bg_15181,0.564140260219574,0.1505810618400573,0.3799141347408294,20.0,2025-06-28
bg_15257,0.8771607279777527,0.3097979724407196,0.5951065421104431,14.0,2025-06-28
bg_15262,0.8095889687538147,0.2511995732784271,0.5288092494010925,18.0,2025-06-28
bg_15324,0.8003177642822266,0.2794824838638305,0.5455743670463562,16.0,2025-06-28
bg_15444,0.8271840214729309,0.2397137284278869,0.543091893196106,16.0,2025-06-28
bg_15483,0.8717070817947388,0.3305484652519226,0.6380813121795654,20.0,2025-06-28
bg_15547,0.833035409450531,0.3832128643989563,0.6841715574264526,12.0,2025-06-28
bg_15559,0.687264084815979,0.1667470782995224,0.4119879007339477,16.0,2025-06-28
bg_15693,0.899429976940155,0.3258236646652221,0.6355075240135193,18.0,2025-06-28
bg_16052,0.8871495723724365,0.3472915887832641,0.645257830619812,16.0,2025-06-28
bg_16141,0.8424068689346313,0.2962340116500854,0.6115918755531311,29.0,2025-06-28
bg_16331,0.728496789932251,0.1897905170917511,0.4516336619853973,40.0,2025-06-28
bg_16394,0.8326745629310608,0.2992767989635467,0.5869786143302917,21.0,2025-06-28
bg_16428,0.8945891857147217,0.3593941032886505,0.6520142555236816,20.0,2025-06-28
bg_16633,0.1250617504119873,-0.1146671548485755,0.0247712489217519,22.0,2025-06-28
bg_16664,0.8824984431266785,0.2275899052619934,0.5453310608863831,16.0,2025-06-28
bg_16670,0.8300817012786865,0.3883399963378906,0.6966928243637085,20.0,2025-06-28
bg_16737,0.7074719071388245,0.2755466103553772,0.5934351682662964,18.0,2025-06-28
bg_16970,0.8862711787223816,0.4271924495697021,0.7124469876289368,18.0,2025-06-28
bg_17008,0.8222119212150574,0.2708977162837982,0.5814382433891296,10.0,2025-06-28
bg_17020,0.8143653869628906,0.2413551956415176,0.5621210336685181,22.0,2025-06-28
bg_17040,0.7726480960845947,0.2154131680727005,0.5277777910232544,15.0,2025-06-28
bg_17594,0.8298952579498291,0.3088208436965942,0.6117709279060364,16.0,2025-06-28
bg_17757,0.9012097120285034,0.3600896000862121,0.6629495620727539,16.0,2025-06-28
bg_17811,0.8662393689155579,0.2673424780368805,0.5649814009666443,18.0,2025-06-28
bg_17979,0.8887458443641663,0.3170522451400757,0.6189841628074646,16.0,2025-06-28
bg_18031,0.8438264727592468,0.3418632447719574,0.6457505822181702,9.0,2025-06-28
bg_18056,0.8817184567451477,0.3869996666908264,0.6832964420318604,16.0,2025-06-28
bg_18060,0.7786334156990051,0.2911069989204407,0.5617966055870056,12.0,2025-06-28
bg_18107,0.8313124179840088,0.3340982496738434,0.5892453789710999,20.0,2025-06-28
bg_18519,0.8790057301521301,0.3413516581058502,0.6291673183441162,18.0,2025-06-28
bg_18684,0.8716347217559814,0.2668310105800628,0.5908259153366089,14.0,2025-06-28
bg_18958,0.8440743684768677,0.3052908182144165,0.5926873683929443,15.0,2025-06-28
bg_19073,0.877030611038208,0.3734011054039001,0.6658724546432495,18.0,2025-06-28
bg_19162,0.8854175209999084,0.3023587465286255,0.6146857738494873,20.0,2025-06-28
bg_19457,0.880636990070343,0.3525481522083282,0.6530401110649109,14.0,2025-06-28
bg_19533,0.8426733016967773,0.306131511926651,0.5909581780433655,18.0,2025-06-28
bg_19829,0.8381263017654419,0.3211299180984497,0.6092687249183655,12.0,2025-06-28
bg_19840,0.90131413936615,0.372088074684143,0.6676784157752991,14.0,2025-06-28
bg_19891,0.7331080436706543,0.1709186434745788,0.5008688569068909,8.0,2025-06-28
bg_20079,0.7874106764793396,0.2782427370548248,0.5680409669876099,14.0,2025-06-28
bg_20157,0.8647280931472778,0.3551743328571319,0.6520243287086487,16.0,2025-06-28
bg_20636,0.8882904052734375,0.408195436000824,0.6963152289390564,14.0,2025-06-28
bg_20670,0.8660261631011963,0.3054518103599548,0.6040515899658203,37.0,2025-06-28
bg_20768,0.7232422828674316,0.2279596775770187,0.4777594804763794,17.0,2025-06-28
bg_20899,0.8811757564544678,0.3341085314750671,0.6517438888549805,18.0,2025-06-28
bg_20950,0.862522542476654,0.3849688470363617,0.6614935994148254,20.0,2025-06-28
bg_21064,0.8470874428749084,0.4048012793064117,0.7169078588485718,16.0,2025-06-28
bg_21213,0.8297114968299866,0.2179229110479354,0.497624933719635,22.0,2025-06-28
bg_21261,0.8686428666114807,0.3570657968521118,0.6648328304290771,10.0,2025-06-28
bg_21494,0.7645307183265686,0.1979814618825912,0.4873165190219879,8.0,2025-06-28
bg_21626,0.8432126045227051,0.2899754345417022,0.5910829901695251,16.0,2025-06-28
bg_21641,0.864832878112793,0.3521899878978729,0.6541541814804077,14.0,2025-06-28
bg_21705,0.9027040600776672,0.3533852100372314,0.6601116061210632,22.0,2025-06-28
bg_21758,0.818449079990387,0.3065347373485565,0.5998652577400208,10.0,2025-06-28
bg_21766,0.8710745573043823,0.3477445840835571,0.6689107418060303,16.0,2025-06-28
bg_21777,0.8452441096305847,0.2927032709121704,0.5893815159797668,14.0,2025-06-28
bg_21793,0.8454219102859497,0.2633208334445953,0.572852373123169,14.0,2025-06-28
bg_21975,0.8618841767311096,0.3163574934005737,0.6127027273178101,14.0,2025-06-28
bg_22044,0.8919887542724609,0.4106863141059875,0.7118827700614929,21.0,2025-06-28
bg_22066,0.8349721431732178,0.3232147097587585,0.6445531249046326,14.0,2025-06-28
bg_22184,0.8190922737121582,0.211770012974739,0.5327662229537964,18.0,2025-06-28
bg_22289,0.8844591975212097,0.3222303092479706,0.6292157769203186,24.0,2025-06-28
bg_22299,0.8795137405395508,0.2938459813594818,0.6197141408920288,18.0,2025-06-28
bg_22528,0.8639110326766968,0.354306697845459,0.6427069902420044,20.0,2025-06-28
bg_22962,0.8122430443763733,0.3347608745098114,0.6099307537078857,14.0,2025-06-28
bg_23306,0.5591234564781189,0.1600801795721054,0.4185816943645477,10.0,2025-06-28
bg_23357,0.8285000920295715,0.2807042002677917,0.5700467824935913,14.0,2025-06-28
bg_23546,0.793431282043457,0.2982870638370514,0.5837346315383911,37.0,2025-06-28
bg_23602,0.8721505999565125,0.4200120270252228,0.7191004753112793,12.0,2025-06-28
bg_23632,-0.100914180278778,0.0482568331062793,0.1354438513517379,18.0,2025-06-28
bg_23662,0.7694329619407654,0.2907457947731018,0.5699167251586914,20.0,2025-06-28
bg_23705,0.8782914876937866,0.3505082130432129,0.652124285697937,20.0,2025-06-28
bg_23750,0.6968420743942261,0.2825497090816498,0.5674930810928345,19.0,2025-06-28
bg_23774,0.8474259972572327,0.2735220491886139,0.5900627374649048,20.0,2025-06-28
bg_24043,0.6791605353355408,0.1076140105724334,0.387749046087265,12.0,2025-06-28
bg_24376,0.6691163182258606,0.1333704441785812,0.4216732382774353,42.0,2025-06-28
bg_24407,0.8478423953056335,0.297625720500946,0.607016384601593,18.0,2025-06-28
bg_24815,0.8663159608840942,0.2952093780040741,0.6065114140510559,16.0,2025-06-28
bg_24863,0.8963971138000488,0.3284708261489868,0.6026509404182434,20.0,2025-06-28
bg_25347,0.8258587121963501,0.3074291050434112,0.5862472653388977,16.0,2025-06-28
bg_25359,0.8383841514587402,0.253509908914566,0.5636125206947327,10.0,2025-06-28
bg_25418,0.8795074224472046,0.3402637243270874,0.6467368602752686,18.0,2025-06-28
bg_25440,0.8541162610054016,0.3733054995536804,0.6880330443382263,14.0,2025-06-28
bg_25652,0.8737149238586426,0.3769827783107757,0.6748747825622559,22.0,2025-06-28
bg_25867,0.8739214539527893,0.3608710467815399,0.6632038354873657,24.0,2025-06-28
bg_25902,0.7789160013198853,0.3228289484977722,0.6188550591468811,22.0,2025-06-28
bg_25913,0.8648398518562317,0.3203113973140716,0.6307692527770996,13.0,2025-06-28
bg_26089,0.8751273155212402,0.3146242499351501,0.6304242014884949,14.0,2025-06-28
bg_26173,0.8321539759635925,0.343485563993454,0.5238772034645081,14.0,2025-06-28
bg_26237,0.8606758117675781,0.3291282951831817,0.6385605335235596,18.0,2025-06-28
bg_26244,0.8375656604766846,0.2266247868537902,0.5294265747070312,20.0,2025-06-28
bg_26339,0.8448574542999268,0.2814430892467499,0.5575284957885742,12.0,2025-06-28
bg_26600,0.8933427333831787,0.341175228357315,0.6377550959587097,22.0,2025-06-28
bg_26665,0.8882520198822021,0.4419536292552948,0.7429394721984863,12.0,2025-06-28
bg_26694,0.8397828340530396,0.3632020652294159,0.670642077922821,14.0,2025-06-28
bg_27039,0.8752692937850952,0.3449458181858063,0.6420466303825378,12.0,2025-06-28
bg_27130,0.8807733058929443,0.4055399298667907,0.7156504392623901,16.0,2025-06-28
bg_27238,0.8141979575157166,0.2752738296985626,0.5908605456352234,18.0,2025-06-28
bg_27295,0.8748371005058289,0.2357537150382995,0.5578415393829346,16.0,2025-06-28
bg_27474,0.857138454914093,0.3614543676376343,0.6615540385246277,16.0,2025-06-28
bg_27593,0.8170379400253296,0.3089095652103424,0.6066955327987671,16.0,2025-06-28
bg_27772,0.871086835861206,0.3873498737812042,0.6937534809112549,12.0,2025-06-28
bg_27878,0.8354489207267761,0.3143150508403778,0.6337214112281799,8.0,2025-06-28
bg_27909,0.8361571431159973,0.346879094839096,0.6258329749107361,14.0,2025-06-28
bg_27913,0.890146791934967,0.2869181931018829,0.5938816070556641,22.0,2025-06-28
bg_27935,0.8464550971984863,0.3648139536380768,0.664887547492981,18.0,2025-06-28
bg_28052,0.8897135257720947,0.3674769401550293,0.6722918152809143,18.0,2025-06-28
bg_28525,0.8322237730026245,0.2914453446865082,0.609971821308136,20.0,2025-06-28
bg_28763,0.8384041786193848,0.3708470165729522,0.6704620122909546,12.0,2025-06-28
bg_28766,0.888199508190155,0.4086197316646576,0.699792206287384,20.0,2025-06-28
bg_28771,0.8686617016792297,0.3520476818084717,0.6762812733650208,9.0,2025-06-28
bg_28789,0.8545794486999512,0.3257812261581421,0.6560651659965515,14.0,2025-06-28
bg_28967,0.905014157295227,0.4038827419281006,0.6929884552955627,16.0,2025-06-28
bg_28991,0.8639528751373291,0.3717926144599914,0.6910994648933411,21.0,2025-06-28
bg_29099,0.8310459852218628,0.2990704774856567,0.5968013405799866,12.0,2025-06-28
bg_29213,0.8551934957504272,0.3533604145050049,0.665505051612854,20.0,2025-06-28
bg_29466,0.8180294036865234,0.2426493018865585,0.5426530241966248,20.0,2025-06-28
bg_29490,0.8807724714279175,0.3622252941131592,0.6713299751281738,19.0,2025-06-28
bg_29704,0.8726651668548584,0.3927734494209289,0.677914023399353,12.0,2025-06-28
bg_29823,0.4411057829856872,0.1718718558549881,0.3416378498077392,23.0,2025-06-28
bg_29883,0.7369109988212585,0.1753188222646713,0.4647933542728424,16.0,2025-06-28
bg_30113,0.8097484111785889,0.2490186095237732,0.5668449401855469,15.0,2025-06-28
bg_30309,0.868109941482544,0.3564020991325378,0.6657304167747498,20.0,2025-06-28
bg_30324,0.8631972670555115,0.2726330459117889,0.5786552429199219,20.0,2025-06-28
bg_30356,0.8920161128044128,0.3235282003879547,0.600624144077301,14.0,2025-06-28
bg_30388,0.8821375370025635,0.3634782433509826,0.665107786655426,12.0,2025-06-28
bg_30450,0.6728129386901855,0.2305111438035965,0.5007025003433228,8.0,2025-06-28
bg_30599,0.8380431532859802,0.360320895910263,0.6700885891914368,12.0,2025-06-28
bg_30670,0.57033771276474,0.1621078848838806,0.3863551616668701,22.0,2025-06-28
bg_30725,0.8500000238418579,0.2734693884849548,0.5486270189285278,7.0,2025-06-28
bg_30831,0.839185357093811,0.3621518909931183,0.6438730955123901,16.0,2025-06-28
bg_30878,0.8229374289512634,0.2460176348686218,0.5774385929107666,12.0,2025-06-28
bg_30880,0.8670248985290527,0.2508208751678467,0.5804704427719116,16.0,2025-06-28
bg_30926,0.880145788192749,0.3148677051067352,0.6045514941215515,18.0,2025-06-28
bg_31037,0.8720099329948425,0.3425720334053039,0.6233277320861816,16.0,2025-06-28
bg_31124,0.8329467177391052,0.3272764682769775,0.6272258162498474,20.0,2025-06-28
bg_31742,0.8432304263114929,0.3407407402992248,0.6587550640106201,17.0,2025-06-28
bg_31835,0.7693719863891602,0.2315992414951324,0.5525626540184021,14.0,2025-06-28
bg_32061,0.8646152019500732,0.3996179401874542,0.7088335156440735,10.0,2025-06-28
bg_32194,0.7961205840110779,0.2724460959434509,0.5580322742462158,18.0,2025-06-28
bg_32240,0.8635890483856201,0.2284665703773498,0.5646560788154602,18.0,2025-06-28
bg_32242,0.8667327165603638,0.3386831283569336,0.6551099419593811,17.0,2025-06-28
bg_32372,0.8869092464447021,0.2802668213844299,0.5741274356842041,20.0,2025-06-28
bg_32561,0.8788712024688721,0.3214554488658905,0.6308160424232483,16.0,2025-06-28
bg_32738,0.7302473783493042,0.1806836873292923,0.5119720101356506,15.0,2025-06-28
bg_32778,0.8385330438613892,0.3145262002944946,0.6335968971252441,18.0,2025-06-28
bg_32929,0.7394224405288696,0.1895070374011993,0.4958199560642242,7.0,2025-06-28
bg_33256,0.8688216805458069,0.3067091703414917,0.6089918613433838,18.0,2025-06-28
bg_33618,0.8651602268218994,0.3228089809417724,0.6419004797935486,8.0,2025-06-28
bg_33782,0.8575385808944702,0.3015178442001343,0.6137284636497498,18.0,2025-06-28
bg_33861,0.88396155834198,0.3371431231498718,0.6440476775169373,30.0,2025-06-28
bg_33862,0.9112147688865662,0.3217248320579529,0.624970555305481,16.0,2025-06-28
bg_33881,0.8389156460762024,0.3757276833057403,0.6872268319129944,12.0,2025-06-28
bg_34128,0.8680236339569092,0.3796660900115967,0.6698105335235596,18.0,2025-06-28
bg_34150,0.8668577075004578,0.2907672226428985,0.6062313318252563,24.0,2025-06-28
bg_34455,0.8832653760910034,0.3031219840049743,0.6159530282020569,4.0,2025-06-28
bg_34464,0.7860367298126221,0.254813402891159,0.5552961230278015,12.0,2025-06-28
bg_34481,0.8925122022628784,0.3305056989192962,0.635915994644165,18.0,2025-06-28
bg_34670,0.845909059047699,0.3903131783008575,0.6587903499603271,20.0,2025-06-28
bg_34691,0.8524965047836304,0.4051784574985504,0.7024973630905151,14.0,2025-06-28
bg_34852,0.6883134245872498,0.2111478894948959,0.4804964959621429,14.0,2025-06-28
bg_34884,0.7898914813995361,0.3415709733963012,0.626008927822113,22.0,2025-06-28
bg_34956,0.8958030939102173,0.3349987864494324,0.6471009254455566,14.0,2025-06-28
bg_35039,0.8637027740478516,0.2945680320262909,0.5956706404685974,14.0,2025-06-28
bg_35581,0.8195307850837708,0.3279570043087005,0.6034542918205261,14.0,2025-06-28
bg_35671,0.8954220414161682,0.3591663539409637,0.6567903757095337,20.0,2025-06-28
bg_35751,0.8105108737945557,0.3147301375865936,0.6111970543861389,14.0,2025-06-28
bg_35848,0.8174695372581482,0.3604982197284698,0.6325422525405884,20.0,2025-06-28
bg_35868,0.7542666792869568,0.218190461397171,0.5196118354797363,10.0,2025-06-28
bg_36311,0.826123058795929,0.2738279104232788,0.5688667893409729,12.0,2025-06-28
bg_36361,0.6821175217628479,0.1498439908027649,0.4374386966228485,8.0,2025-06-28
bg_36604,0.8538130521774292,0.3505097329616546,0.6503099203109741,13.0,2025-06-28
bg_36683,0.860389232635498,0.3337275385856628,0.6417422294616699,22.0,2025-06-28
bg_37038,0.9031261801719666,0.326976329088211,0.6317726969718933,12.0,2025-06-28
bg_37112,0.8985910415649414,0.3814557492733001,0.6643202304840088,16.0,2025-06-28
bg_37225,0.8762561082839966,0.3187833130359649,0.6219919919967651,16.0,2025-06-28
bg_37254,0.9060999155044556,0.3816085159778595,0.6875398755073547,14.0,2025-06-28
bg_37636,0.8228620886802673,0.1946020126342773,0.525576651096344,18.0,2025-06-28
bg_37712,0.8464168310165405,0.371619701385498,0.6632835268974304,14.0,2025-06-28
bg_37742,0.8952175378799438,0.313576877117157,0.6129392385482788,16.0,2025-06-28
bg_38132,0.8468479514122009,0.3408946990966797,0.6544315218925476,16.0,2025-06-28
bg_38164,0.8905833959579468,0.3535729050636291,0.6368237137794495,10.0,2025-06-28
bg_38282,0.7772879600524902,0.1814934164285659,0.4766083061695099,10.0,2025-06-28
bg_38456,0.8907707929611206,0.3545665442943573,0.6667940020561218,20.0,2025-06-28
bg_38601,0.8277386426925659,0.299087792634964,0.5915230512619019,14.0,2025-06-28
bg_38775,0.5736640095710754,0.1551416665315628,0.4107993543148041,17.0,2025-06-28
bg_38816,0.8300642371177673,0.259897917509079,0.5611454248428345,6.0,2025-06-28
bg_38857,0.885420560836792,0.3470679819583893,0.655628502368927,18.0,2025-06-28
bg_39097,0.8506171703338623,0.2651045024394989,0.590416431427002,14.0,2025-06-28
bg_39131,0.8331092596054077,0.295358657836914,0.6053128838539124,38.0,2025-06-28
bg_39241,0.7585762739181519,0.2021708339452743,0.5369824171066284,14.0,2025-06-28
bg_39246,0.8153836727142334,0.3023670315742492,0.5908531546592712,10.0,2025-06-28
bg_39348,0.7591987252235413,0.1535618156194687,0.4537299275398254,16.0,2025-06-28
bg_39545,0.8545999526977539,0.3339958488941192,0.6300154328346252,16.0,2025-06-28
bg_39613,0.8050777912139893,0.3012634515762329,0.5783072113990784,30.0,2025-06-28
bg_39750,0.8702294826507568,0.3499748408794403,0.6607454419136047,20.0,2025-06-28
bg_39775,0.823092520236969,0.391694039106369,0.6686220765113831,20.0,2025-06-28
bg_39779,0.8656806349754333,0.3756076395511627,0.6726788878440857,22.0,2025-06-28
bg_40066,0.8385717868804932,0.3623335063457489,0.6804553866386414,13.0,2025-06-28
bg_40289,0.7093023061752319,0.2965172827243805,0.5130400061607361,21.0,2025-06-28
bg_40299,0.8906914591789246,0.3522078394889831,0.6642410159111023,20.0,2025-06-28
bg_40501,0.7962967157363892,0.2206005305051803,0.5351651906967163,20.0,2025-06-28
bg_40505,0.8529128432273865,0.3598894476890564,0.6651110053062439,8.0,2025-06-28
bg_40872,0.8164363503456116,0.3108990788459778,0.6041678190231323,12.0,2025-06-28
bg_40918,0.829116702079773,0.3286012709140777,0.6351515054702759,20.0,2025-06-28
bg_41052,0.795159637928009,0.2889087200164795,0.5830994248390198,16.0,2025-06-28
bg_41118,0.5604779720306396,0.0968976467847824,0.3413104712963104,16.0,2025-06-28
bg_41251,0.7897897958755493,0.3540851175785064,0.6473512053489685,20.0,2025-06-28
bg_41382,0.9089071750640868,0.3271773159503937,0.6347912549972534,14.0,2025-06-28
bg_41496,0.558120608329773,0.2204637378454208,0.4534831345081329,12.0,2025-06-28
bg_41796,0.8457807302474976,0.3341384828090668,0.6066179871559143,12.0,2025-06-28
bg_41953,0.7903261184692383,0.2306453734636306,0.5305100679397583,14.0,2025-06-28
bg_42055,0.8990901708602905,0.255788505077362,0.5790921449661255,17.0,2025-06-28
bg_42069,0.8457391262054443,0.2502086758613586,0.5634006261825562,16.0,2025-06-28
bg_42650,0.835623562335968,0.2599333524703979,0.570554256439209,15.0,2025-06-28
bg_42694,0.8480615615844727,0.2249903529882431,0.5394284725189209,18.0,2025-06-28
bg_42795,0.7487633228302002,0.2027559727430343,0.5155434012413025,12.0,2025-06-28
bg_42936,0.8345933556556702,0.3003255128860473,0.6166134476661682,13.0,2025-06-28
bg_42940,0.8528001308441162,0.3426210880279541,0.6413788795471191,16.0,2025-06-28
bg_43033,0.9192864894866944,0.3493930995464325,0.6660127639770508,18.0,2025-06-28
bg_43166,0.7480998635292053,0.2146204262971878,0.4990688860416412,15.0,2025-06-28
bg_43585,0.8563019037246704,0.2770313620567322,0.5657600164413452,18.0,2025-06-28
bg_43665,0.8345346450805664,0.3411318957805633,0.6397358775138855,18.0,2025-06-28
bg_43682,0.9006890058517456,0.3723423779010772,0.6781759262084961,19.0,2025-06-28
bg_43815,0.7991386651992798,0.3439429104328155,0.613465428352356,18.0,2025-06-28
bg_43865,0.8683074712753296,0.3609704375267029,0.6492982506752014,14.0,2025-06-28
bg_43980,0.7221772074699402,0.1812231242656707,0.4255033433437347,14.0,2025-06-28
bg_44090,0.7757721543312073,0.3315891623497009,0.642404317855835,16.0,2025-06-28
bg_44100,0.8029223084449768,0.2911229431629181,0.6013965606689453,14.0,2025-06-28
bg_44109,0.684455394744873,0.2338296771049499,0.4836260676383972,8.0,2025-06-28
bg_44130,0.8514184355735779,0.3412810266017914,0.6659480929374695,12.0,2025-06-28
bg_44239,0.8755897879600525,0.302654355764389,0.6251978874206543,18.0,2025-06-28
bg_44248,0.8956732153892517,0.2953477203845978,0.6064522862434387,20.0,2025-06-28
bg_44319,0.8674725890159607,0.2874043881893158,0.6096908450126648,18.0,2025-06-28
bg_44513,0.8191167712211609,0.2708167135715484,0.5664281845092773,10.0,2025-06-28
bg_44672,0.8355787396430969,0.2714173197746277,0.5850184559822083,18.0,2025-06-28
bg_44758,0.8528825640678406,0.3153610229492187,0.6277650594711304,14.0,2025-06-28
bg_44833,0.878020167350769,0.3400470912456512,0.6634933352470398,16.0,2025-06-28
bg_45004,0.680895209312439,0.1818603277206421,0.4514824450016022,18.0,2025-06-28
bg_45317,0.7725788354873657,0.2595563232898712,0.5290535688400269,22.0,2025-06-28
bg_45378,0.8557860255241394,0.340818852186203,0.6261815428733826,13.0,2025-06-28
bg_45381,0.8321447968482971,0.331619530916214,0.6046282649040222,15.0,2025-06-28
bg_45461,0.8579064607620239,0.410077154636383,0.7086138725280762,12.0,2025-06-28
bg_45489,0.8750331997871399,0.3600287437438965,0.65985506772995,16.0,2025-06-28
bg_45666,0.8856332302093506,0.3268347084522247,0.629879891872406,20.0,2025-06-28
bg_45797,0.896908700466156,0.3675732314586639,0.6695924401283264,22.0,2025-06-28
bg_45798,0.8961802124977112,0.345829427242279,0.6584500670433044,13.0,2025-06-28
bg_45842,0.8768680095672607,0.3018470704555511,0.6170687079429626,14.0,2025-06-28
bg_46102,0.8581726551055908,0.2738125324249267,0.5810255408287048,14.0,2025-06-28
bg_46271,0.8560750484466553,0.3273679316043854,0.6390331983566284,20.0,2025-06-28
bg_46338,0.834048330783844,0.3493742346763611,0.633945107460022,20.0,2025-06-28
bg_46491,0.8012746572494507,0.2972257435321808,0.5931190848350525,22.0,2025-06-28
bg_46517,0.8596949577331543,0.2925814986228943,0.5935953259468079,20.0,2025-06-28
bg_46634,0.8509191870689392,0.3438808023929596,0.6624922156333923,20.0,2025-06-28
bg_46672,0.8480361104011536,0.3006367087364197,0.6067977547645569,22.0,2025-06-28
bg_46802,0.8339800834655762,0.2525966763496399,0.5620177984237671,16.0,2025-06-28
bg_46926,0.8700708746910095,0.1451473534107208,0.4734363555908203,14.0,2025-06-28
bg_47155,0.8676659464836121,0.3353512585163116,0.6419196724891663,15.0,2025-06-28
bg_47159,0.8843649625778198,0.2806455790996551,0.5862164497375488,14.0,2025-06-28
bg_47197,0.8473758101463318,0.3092342913150787,0.5960465669631958,18.0,2025-06-28
bg_47461,0.8667652010917664,0.3858208358287811,0.6566726565361023,18.0,2025-06-28
bg_47577,0.8453245162963867,0.3010811805725097,0.6076713800430298,10.0,2025-06-28
bg_47639,0.6493638753890991,0.2476684004068374,0.4813694059848785,17.0,2025-06-28
bg_47650,0.8577379584312439,0.380245953798294,0.6866593956947327,12.0,2025-06-28
bg_47720,0.847451388835907,0.3017377555370331,0.5980606079101562,17.0,2025-06-28
bg_47941,0.8702405095100403,0.3675071001052856,0.6664416193962097,16.0,2025-06-28
bg_48228,0.8376012444496155,0.2950941324234009,0.5958195924758911,12.0,2025-06-28
bg_48472,0.8878580927848816,0.4107628762722015,0.7040486335754395,12.0,2025-06-28
bg_48576,0.903799831867218,0.3626437783241272,0.6665440201759338,22.0,2025-06-28
bg_48840,0.8620846271514893,0.2587609887123108,0.5674693584442139,24.0,2025-06-28
bg_48920,0.8797738552093506,0.3151940703392029,0.6342730522155762,14.0,2025-06-28
bg_48926,0.9016377329826356,0.3859982192516327,0.6718542575836182,14.0,2025-06-28
bg_49003,0.8554558157920837,0.4000382423400879,0.677158534526825,10.0,2025-06-28
bg_49212,0.753922700881958,0.2537948489189148,0.496062308549881,12.0,2025-06-28
bg_49336,0.8073011040687561,0.2251126170158386,0.5345680117607117,24.0,2025-06-28
bg_49337,0.8454094529151917,0.3181411921977997,0.62846839427948,12.0,2025-06-28
bg_49643,0.8414739370346069,0.2820973098278045,0.6062941551208496,14.0,2025-06-28
bg_49895,0.8499679565429688,0.3236058354377746,0.6238124966621399,16.0,2025-06-28
bg_49939,0.8133026361465454,0.2582977414131164,0.514919102191925,20.0,2025-06-28
bg_7219,0.8427425026893616,0.3234391808509826,0.6191422939300537,22.0,2025-07-03
bg_25051,0.8800023198127747,0.3546351492404938,0.6700523495674133,16.0,2025-07-03
bg_26281,0.8498925566673279,0.3407072126865387,0.6472033858299255,10.0,2025-07-03
bg_28465,0.7744346857070923,0.2344617694616317,0.4372146725654602,14.0,2025-07-03
bg_31222,0.8088445067405701,0.2973745465278625,0.5947310924530029,13.0,2025-07-03
bg_33323,0.807790219783783,0.297449916601181,0.6020286679267883,22.0,2025-07-03
bg_5139,0.8708040118217468,0.3220386803150177,0.5685602426528931,8.0,2025-07-23
bg_13227,0.868182897567749,0.3803071975708008,0.677148163318634,6.0,2025-07-23
bg_21878,0.8371841907501221,0.2310892045497894,0.5644880533218384,8.0,2025-07-23
bg_22721,0.7605733275413513,0.2655938267707824,0.5643351078033447,6.0,2025-07-23
bg_24811,0.867351233959198,0.2862341105937958,0.5861244797706604,22.0,2025-07-23
bg_29115,0.8462070226669312,0.3215458691120147,0.6144626140594482,22.0,2025-07-23
bg_34285,0.4562574625015259,0.0737703964114189,0.3162463903427124,8.0,2025-07-23
bg_41906,0.349472314119339,0.071398988366127,0.2609067559242248,22.0,2025-07-23
bg_43600,0.8525073528289795,0.2740358114242553,0.6115375757217407,7.0,2025-07-23
bg_24,0.8667386174201965,0.294117659330368,0.617460310459137,5.0,2025-08-07
bg_3011,0.8938633799552917,0.3710533678531647,0.692307710647583,7.0,2025-08-07
bg_4435,0.4581127762794494,0.1802345365285873,0.387446254491806,6.0,2025-08-07
bg_5524,0.860955536365509,0.3306112587451935,0.6418090462684631,8.0,2025-08-07
bg_5971,0.8480686545372009,0.318433940410614,0.6294354796409607,9.0,2025-08-07
bg_6243,0.828822910785675,0.2976920902729034,0.5951219201087952,13.0,2025-08-07
bg_6930,0.8133626580238342,0.2519158720970154,0.5736368894577026,12.0,2025-08-07
bg_8266,0.8166892528533936,0.2124439179897308,0.5270646214485168,14.0,2025-08-07
bg_8762,0.8867875933647156,0.3052793443202972,0.6224814057350159,36.0,2025-08-07
bg_10177,0.8677356243133545,0.2766050696372986,0.5943660736083984,8.0,2025-08-07
bg_11026,0.8998894691467285,0.4029850661754608,0.6996750831604004,3.0,2025-08-07
bg_11981,0.8026324510574341,0.343730628490448,0.6443599462509155,12.0,2025-08-07
bg_12486,0.8645286560058594,0.3284878730773926,0.6452261805534363,40.0,2025-08-07
bg_13097,0.6541354656219482,0.3696835935115814,0.6357689499855042,8.0,2025-08-07
bg_13106,0.8364508748054504,0.3183802366256714,0.5985432267189026,44.0,2025-08-07
bg_13339,0.9243803024291992,0.3855521976947784,0.7048667073249817,14.0,2025-08-07
bg_14717,0.8599016666412354,0.3674354255199432,0.6844558119773865,10.0,2025-08-07
bg_14927,0.8672268986701965,0.3913212418556213,0.6731757521629333,13.0,2025-08-07
bg_14929,0.8527128100395203,0.3785464465618133,0.6805102229118347,12.0,2025-08-07
bg_15032,0.874700665473938,0.3258811235427856,0.5956557393074036,4.0,2025-08-07
bg_15604,0.8877674341201782,0.3834314346313476,0.6836620569229126,37.0,2025-08-07
bg_18055,0.8882204294204712,0.3893622756004333,0.6859368681907654,40.0,2025-08-07
bg_18403,0.8205128312110901,0.2699591517448425,0.5951492786407471,11.0,2025-08-07
bg_19959,0.8426029086112976,0.2853130102157593,0.6021361947059631,25.0,2025-08-07
bg_20169,0.8671359419822693,0.3628773391246795,0.6577802896499634,3.0,2025-08-07
bg_20857,0.8837036490440369,0.3008979558944702,0.6213256120681763,6.0,2025-08-07
bg_21258,0.8488168120384216,0.3464988768100738,0.659003496170044,14.0,2025-08-07
bg_22473,0.8642844557762146,0.299099326133728,0.6178969740867615,8.0,2025-08-07
bg_22886,0.8560065627098083,0.3148233592510223,0.6221355199813843,6.0,2025-08-07
bg_24082,0.6778323650360107,0.2046136409044265,0.4304600059986114,20.0,2025-08-07
bg_24209,0.9077817797660828,0.3229593336582184,0.6353533864021301,4.0,2025-08-07
bg_24981,0.8271268010139465,0.3474309146404266,0.6237133741378784,8.0,2025-08-07
bg_25622,0.9090830683708192,0.3954873383045196,0.6827260255813599,12.0,2025-08-07
bg_26698,0.9001824259757996,0.2995437085628509,0.6184015274047852,16.0,2025-08-07
bg_28109,0.8900488615036011,0.2578751146793365,0.5737871527671814,22.0,2025-08-07
bg_28554,0.8695984482765198,0.3734364807605743,0.6659417152404785,6.0,2025-08-07
bg_28719,0.8616237044334412,0.2230469584465026,0.5445456504821777,12.0,2025-08-07
bg_30668,0.902306318283081,0.4149610102176666,0.7075585126876831,40.0,2025-08-07
bg_31197,0.903747260570526,0.3314991891384125,0.6494717597961426,12.0,2025-08-07
bg_31261,0.8622285723686218,0.3297390937805176,0.6359249353408813,36.0,2025-08-07
bg_31423,0.9094891548156738,0.3756537139415741,0.6688406467437744,6.0,2025-08-07
bg_34920,0.7341300249099731,0.3463854491710663,0.6259702444076538,4.0,2025-08-07
bg_35360,0.8945805430412292,0.3852093815803528,0.6689926385879517,3.0,2025-08-07
bg_39144,0.8462709188461304,0.3780557513236999,0.655531644821167,4.0,2025-08-07
bg_39307,0.8167312145233154,0.2446319460868835,0.550089418888092,16.0,2025-08-07
bg_40368,0.8072283864021301,0.1960923075675964,0.4923896789550781,8.0,2025-08-07
bg_41683,0.7227332592010498,0.1572153568267822,0.4343853592872619,12.0,2025-08-07
bg_43054,0.8647335767745972,0.2924099564552307,0.6071431636810303,14.0,2025-08-07
bg_43267,0.7935800552368164,0.3078673481941223,0.5920974016189575,13.0,2025-08-07
bg_43895,0.8761489987373352,0.3176742494106293,0.6448717713356018,10.0,2025-08-07
bg_44172,0.8863492608070374,0.3161124289035797,0.6378631591796875,20.0,2025-08-07
bg_45715,0.8083034753799438,0.3216888606548309,0.6073411703109741,38.0,2025-08-07
bg_45883,0.8876686692237854,0.3856364488601684,0.6969754695892334,40.0,2025-08-07
bg_47987,0.8291721343994141,0.2816809117794037,0.6096756458282471,5.0,2025-08-07
bg_48732,0.889825165271759,0.3208458125591278,0.6302833557128906,18.0,2025-08-07
bg_49370,0.8459329009056091,0.3342140316963196,0.6503685116767883,36.0,2025-08-07
bg_4422,0.8300126194953918,0.2307692319154739,0.5653903484344482,5.0,2025-08-22
bg_39728,0.8677998185157776,0.346770167350769,0.6599470376968384,7.0,2025-08-22
bg_25690,0.8753783106803894,0.2672351002693176,0.5724295377731323,4.0,2025-08-23
bg_43869,0.8822355270385742,0.2816739976406097,0.6031572222709656,7.0,2025-08-23
bg_144,0.69515061378479,0.3193060457706451,0.5970031023025513,14.0,2025-09-11
bg_405,0.8801315426826477,0.3020054697990417,0.6234085559844971,14.0,2025-09-11
bg_2004,0.7052989602088928,0.2451006174087524,0.5433821678161621,16.0,2025-09-11
bg_2256,0.9072797894477844,0.3261902630329132,0.6321476101875305,8.0,2025-09-11
bg_2384,0.8805549740791321,0.3779641985893249,0.6593446135520935,13.0,2025-09-11
bg_3565,0.9139559268951416,0.3603818714618683,0.6634528040885925,5.0,2025-09-11
bg_3598,0.9195542335510254,0.3405777812004089,0.6564582586288452,10.0,2025-09-11
bg_3777,0.2535563707351684,0.0460756830871105,0.2680768966674804,6.0,2025-09-11
bg_3992,0.861052393913269,0.360180914402008,0.6602792143821716,6.0,2025-09-11
bg_4093,0.8764415383338928,0.3343764841556549,0.6473265290260315,21.0,2025-09-11
bg_4158,0.8822547197341919,0.3260773718357086,0.6293367147445679,5.0,2025-09-11
bg_4356,0.9112149477005004,0.3652294874191284,0.6696717143058777,5.0,2025-09-11
bg_6667,0.8653676509857178,0.3095755577087402,0.6302809715270996,16.0,2025-09-11
bg_7505,0.8756598234176636,0.2941888570785522,0.6236584782600403,9.0,2025-09-11
bg_8590,0.7829712629318237,0.2992130219936371,0.6171771883964539,4.0,2025-09-11
bg_9395,0.8482949733734131,0.4040661752223968,0.6572733521461487,8.0,2025-09-11
bg_10273,0.8357526063919067,0.2288630306720733,0.5613649487495422,36.0,2025-09-11
bg_10539,0.6987495422363281,0.1205167174339294,0.3603153824806213,14.0,2025-09-11
bg_10857,0.904088258743286,0.3705158233642578,0.6758473515510559,6.0,2025-09-11
bg_10953,0.884086012840271,0.3696194589138031,0.6638759970664978,14.0,2025-09-11
bg_11580,0.8052079677581787,0.3414216339588165,0.64681476354599,2.0,2025-09-11
bg_14114,0.8666666746139526,0.3005847930908203,0.6094412803649902,7.0,2025-09-11
bg_14193,0.8747144937515259,0.3974517285823822,0.6896800398826599,8.0,2025-09-11
bg_15134,0.8944392204284668,0.3890540301799774,0.676612138748169,11.0,2025-09-11
bg_15334,0.9021010398864746,0.3350534439086914,0.6525827050209045,8.0,2025-09-11
bg_17106,0.8055307865142822,0.2934152781963348,0.6111111044883728,13.0,2025-09-11
bg_18431,0.8966825008392334,0.3439399600028991,0.6430845856666565,12.0,2025-09-11
bg_18474,0.8108709454536438,0.3629303574562073,0.6414896249771118,6.0,2025-09-11
bg_20573,0.8618677258491516,0.3139401972293854,0.6311625242233276,5.0,2025-09-11
bg_20957,0.7801753878593445,0.2033008337020874,0.5015688538551331,10.0,2025-09-11
bg_23608,0.8010970950126648,0.3505007326602936,0.6330211758613586,13.0,2025-09-11
bg_23724,0.870818555355072,0.4157562553882599,0.6957530379295349,20.0,2025-09-11
bg_24039,0.8919749855995178,0.3347015082836151,0.6372789144515991,10.0,2025-09-11
bg_24342,0.7932960987091064,0.2166446596384048,0.5436743497848511,7.0,2025-09-11
bg_24736,0.8640162944793701,0.3312605917453766,0.6405820846557617,14.0,2025-09-11
bg_26012,0.8510568141937256,0.3278911113739013,0.6403540968894958,8.0,2025-09-11
bg_26038,0.5777456760406494,0.2997793555259704,0.5331208109855652,6.0,2025-09-11
bg_26115,0.8729391098022461,0.3246929347515106,0.6400249600410461,10.0,2025-09-11
bg_26198,0.861774742603302,0.3384970426559448,0.6696914434432983,7.0,2025-09-11
bg_26936,0.876124918460846,0.3130789399147033,0.6264341473579407,1.0,2025-09-11
bg_27036,0.7205404043197632,0.219173789024353,0.463137149810791,32.0,2025-09-11
bg_27417,0.882469117641449,0.3050090670585632,0.6203432679176331,9.0,2025-09-11
bg_28366,0.8838022351264954,0.3385572433471679,0.6621768474578857,12.0,2025-09-11
bg_28655,0.7999424934387207,0.341890811920166,0.6090236306190491,8.0,2025-09-11
bg_29141,0.8639691472053528,0.3508274853229522,0.6665025353431702,12.0,2025-09-11
bg_29275,0.5096930265426636,0.2090934365987777,0.4345974326133728,10.0,2025-09-11
bg_30493,0.8441851139068604,0.2671128511428833,0.5952097773551941,8.0,2025-09-11
bg_30621,0.7829245328903198,0.2470126301050186,0.5385441184043884,20.0,2025-09-11
bg_31265,0.192082405090332,0.0595303326845169,0.2356253415346145,6.0,2025-09-11
bg_32423,0.8542447090148926,0.3529973328113556,0.6683678030967712,6.0,2025-09-11
bg_33545,0.8660159707069397,0.3623751401901245,0.6247522234916687,14.0,2025-09-11
bg_34847,0.7715430855751038,0.3368302881717682,0.5723941922187805,7.0,2025-09-11
bg_35173,0.8468812704086304,0.3119154572486877,0.6170527935028076,14.0,2025-09-11
bg_36264,0.8576607704162598,0.3517400026321411,0.6593452095985413,7.0,2025-09-11
bg_40950,0.4054384529590606,0.0605370327830314,0.3058143854141235,10.0,2025-09-11
bg_41325,0.8723117113113403,0.3150255680084228,0.6103776693344116,12.0,2025-09-11
bg_41393,0.7606633901596069,0.2911985516548157,0.5367220044136047,4.0,2025-09-11
bg_42412,0.8902770280838013,0.3378839790821075,0.6484560370445251,9.0,2025-09-11
bg_43771,0.8439933061599731,0.4145032465457916,0.7051659226417542,8.0,2025-09-11
bg_44227,0.8649770617485046,0.3777852058410644,0.6790526509284973,5.0,2025-09-11
bg_44253,0.8635987639427185,0.2864857316017151,0.5880967378616333,20.0,2025-09-11
bg_45913,0.903164565563202,0.3199246525764465,0.64776611328125,12.0,2025-09-11
bg_46807,0.9240476489067078,0.4186941683292389,0.7103937864303589,12.0,2025-09-11
bg_47256,0.8389261960983276,0.3238713443279266,0.6420289874076843,9.0,2025-09-11
bg_47975,0.8673187494277954,0.2961240410804748,0.5758119225502014,5.0,2025-09-11
bg_48186,0.8085106611251831,0.3162502646446228,0.6002076864242554,17.0,2025-09-11
bg_48599,0.8154662847518921,0.200772225856781,0.5409933924674988,13.0,2025-09-11
bg_49339,0.8706932067871094,0.2873519361019134,0.612604558467865,24.0,2025-09-11
bg_674,0.5162878036499023,0.1816357970237732,0.3733269572257995,10.0,2025-09-21
bg_1365,0.795121967792511,0.2154243141412735,0.5316625237464905,11.0,2025-09-21
bg_4219,0.7833491563796997,0.2913149297237396,0.5773211121559143,6.0,2025-09-21
bg_6597,-0.0582272447645664,0.0413779094815254,0.1860125511884689,12.0,2025-09-21
bg_8186,0.8728689551353455,0.388959676027298,0.694087564945221,10.0,2025-09-21
bg_13026,0.833364725112915,0.3369418382644653,0.6180335879325867,5.0,2025-09-21
bg_13473,0.649708092212677,0.2862949073314667,0.5372061133384705,1.0,2025-09-21
bg_15814,0.864387571811676,0.4077688157558441,0.7014042735099792,10.0,2025-09-21
bg_16208,0.7451176047325134,0.2664768099784851,0.5319029688835144,14.0,2025-09-21
bg_21600,0.8465957045555115,0.3620040118694305,0.6591952443122864,5.0,2025-09-21
bg_24236,0.7888563275337219,0.3376408815383911,0.6086013913154602,5.0,2025-09-21
bg_25444,0.4717167317867279,0.1914350539445877,0.4077788889408111,16.0,2025-09-21
bg_27461,0.8967600464820862,0.3529041409492492,0.658737301826477,22.0,2025-09-21
bg_29679,0.8520041108131409,0.2692375183105469,0.6066945791244507,13.0,2025-09-21
bg_31173,0.8606557250022888,0.3100709617137909,0.624329149723053,9.0,2025-09-21
bg_31995,0.8992680907249451,0.3846369683742523,0.6857418417930603,10.0,2025-09-21
bg_32652,0.3532560765743255,0.1206175312399864,0.3029786348342895,6.0,2025-09-21
bg_33683,0.886518120765686,0.270589530467987,0.6027346849441528,12.0,2025-09-21
bg_33706,0.8646734952926636,0.316236674785614,0.6258592009544373,7.0,2025-09-21
bg_34368,0.8949443101882935,0.3365278244018554,0.6336703896522522,14.0,2025-09-21
bg_36136,0.7547601461410522,0.2458384186029434,0.501768171787262,14.0,2025-09-21
bg_36671,0.7393059134483337,0.3125929534435272,0.5946248769760132,4.0,2025-09-21
bg_37952,0.871817409992218,0.3809981048107147,0.6842105388641357,15.0,2025-09-21
bg_39412,0.8565188050270081,0.3908364474773407,0.6888795495033264,9.0,2025-09-21
bg_42133,0.8660763502120972,0.3288871645927429,0.6344035267829895,7.0,2025-09-21
bg_45931,0.2757544219493866,-0.028453167527914,0.2237613201141357,13.0,2025-09-21
bg_46930,0.8778315782546997,0.3649066686630249,0.6816171407699585,4.0,2025-09-21
bg_47050,0.8899292349815369,0.3733419775962829,0.6920749545097351,12.0,2025-09-21
bg_49225,0.8336332440376282,0.3234142959117889,0.6451056003570557,4.0,2025-09-21
bg_486,0.8836223483085632,0.3783147931098938,0.6878029704093933,9.0,2025-10-12
bg_643,0.8343175649642944,0.3046856224536896,0.6396494507789612,12.0,2025-10-12
bg_929,0.8467625975608826,0.3383164405822754,0.6329328417778015,8.0,2025-10-12
bg_974,0.8855345845222473,0.3914522528648376,0.7117447257041931,7.0,2025-10-12
bg_1003,0.8925331234931946,0.4003650248050689,0.7155868411064148,7.0,2025-10-12
bg_1052,0.8712335824966431,0.2791845798492431,0.6056275963783264,9.0,2025-10-12
bg_1082,0.8604047298431396,0.3932414054870605,0.676960825920105,4.0,2025-10-12
bg_1447,0.8815637826919556,0.351834625005722,0.6443942189216614,8.0,2025-10-12
bg_1830,0.90455961227417,0.3643970489501953,0.685575544834137,8.0,2025-10-12
bg_2382,0.8382458686828613,0.3837991058826446,0.6914393305778503,2.0,2025-10-12
bg_3179,0.8838154673576355,0.3530685901641845,0.6860098838806152,7.0,2025-10-12
bg_3526,0.8553459048271179,0.3927068710327148,0.6849393844604492,5.0,2025-10-12
bg_3724,0.8992377519607544,0.3705393075942993,0.6864237785339355,9.0,2025-10-12
bg_4037,0.851966917514801,0.3175506293773651,0.6440714001655579,4.0,2025-10-12
bg_4530,0.8835671544075012,0.3783200085163116,0.6751261949539185,8.0,2025-10-12
bg_5473,0.9037800431251526,0.3983864784240722,0.6978984475135803,3.0,2025-10-12
bg_5981,0.8265851140022278,0.3299970030784607,0.6282451152801514,10.0,2025-10-12
bg_6672,0.8697437047958374,0.3588532507419586,0.6491882801055908,12.0,2025-10-12
bg_7224,0.8903899788856506,0.3771587610244751,0.6943889856338501,3.0,2025-10-12
bg_7760,0.8811802268028259,0.4200482070446014,0.7196257710456848,4.0,2025-10-12
bg_7980,0.9022140502929688,0.3890198767185211,0.6920764446258545,7.0,2025-10-12
bg_8383,0.863173246383667,0.3723388016223907,0.6676384806632996,9.0,2025-10-12
bg_8395,0.892977774143219,0.4548435807228088,0.7476739883422852,3.0,2025-10-12
bg_8945,0.8958097696304321,0.3227973282337188,0.6639501452445984,3.0,2025-10-12
bg_9564,0.8817166686058044,0.3752408027648926,0.6894641518592834,6.0,2025-10-12
bg_9711,0.8996787667274475,0.400642842054367,0.720125138759613,9.0,2025-10-12
bg_9883,0.8318800330162048,0.3142214715480804,0.6222910284996033,9.0,2025-10-12
bg_10085,0.9009190797805786,0.3779179751873016,0.6969696879386902,11.0,2025-10-12
bg_10302,0.8942558765411377,0.3705010414123535,0.6914516687393188,7.0,2025-10-12
bg_10445,0.8801109194755554,0.4244158565998077,0.7319274544715881,6.0,2025-10-12
bg_10722,0.88453608751297,0.4316283166408539,0.7352993488311768,5.0,2025-10-12
bg_11091,0.8708671927452087,0.3584431111812591,0.6488115787506104,10.0,2025-10-12
bg_11666,0.9107748866081238,0.3346360921859741,0.6509098410606384,2.0,2025-10-12
bg_11832,0.8856000304222107,0.3494294583797455,0.6681494116783142,8.0,2025-10-12
bg_12170,0.9034482836723328,0.3548251986503601,0.6772216558456421,7.0,2025-10-12
bg_12382,0.8265895843505859,0.2482512593269348,0.5669788122177124,9.0,2025-10-12
bg_12385,0.8628523349761963,0.3786540031433105,0.6875128746032715,11.0,2025-10-12
bg_12469,0.8328623175621033,0.27869313955307,0.5991546511650085,7.0,2025-10-12
bg_12559,0.7526252865791321,0.3482568264007568,0.6788767576217651,8.0,2025-10-12
bg_12957,0.8727775812149048,0.378922700881958,0.682342529296875,5.0,2025-10-12
bg_13047,0.808380126953125,0.4158078730106354,0.7037011981010437,4.0,2025-10-12
bg_13127,0.9041358828544616,0.3728223145008087,0.7040746808052063,9.0,2025-10-12
bg_13354,0.903143584728241,0.3886223435401916,0.7222353219985962,7.0,2025-10-12
bg_13484,0.8935890197753906,0.4035638570785522,0.7206131815910339,4.0,2025-10-12
bg_14360,0.887417197227478,0.3549883961677551,0.686642587184906,7.0,2025-10-12
bg_14581,0.8840230703353882,0.4414184093475342,0.7255179286003113,4.0,2025-10-12
bg_14608,0.8881289958953857,0.3793718814849853,0.6922066807746887,3.0,2025-10-12
bg_14936,0.894835889339447,0.3612074255943298,0.6819924712181091,6.0,2025-10-12
bg_15233,0.882013738155365,0.4029903709888458,0.7028850317001343,8.0,2025-10-12
bg_15255,0.9069417715072632,0.3601820468902588,0.6868674159049988,8.0,2025-10-12
bg_15491,0.8976646661758423,0.3752843141555786,0.6961196660995483,5.0,2025-10-12
bg_15962,0.887291431427002,0.3583788871765136,0.6844363212585449,10.0,2025-10-12
bg_16151,0.8265300393104553,0.3425462543964386,0.6635509729385376,6.0,2025-10-12
bg_16432,0.8934911489486694,0.3768961429595947,0.6557530164718628,5.0,2025-10-12
bg_16440,0.9077927470207214,0.4050179123878479,0.7105370759963989,3.0,2025-10-12
bg_16464,0.8839167952537537,0.3532865047454834,0.6794123649597168,6.0,2025-10-12
bg_16482,0.9007599353790284,0.3602811992168426,0.6727131009101868,7.0,2025-10-12
bg_16509,0.8751400113105774,0.3692761063575744,0.6846761107444763,6.0,2025-10-12
bg_17108,0.9087221026420592,0.3729686737060547,0.7051439881324768,3.0,2025-10-12
bg_17410,0.8910890817642212,0.3558867871761322,0.6637494564056396,7.0,2025-10-12
bg_17526,0.880620539188385,0.3720238208770752,0.6815286874771118,7.0,2025-10-12
bg_17901,0.8714852929115295,0.3550485670566559,0.6727508306503296,6.0,2025-10-12
bg_18225,0.8796767592430115,0.3353846371173858,0.6676272749900818,5.0,2025-10-12
bg_18896,0.9040578603744508,0.3982217907905578,0.7171668410301208,2.0,2025-10-12
bg_19022,0.883506178855896,0.3776279091835022,0.6944838166236877,6.0,2025-10-12
bg_19239,0.9192824959754944,0.3320197165012359,0.6616141200065613,9.0,2025-10-12
bg_19447,0.8842975497245789,0.3442279696464538,0.6830796599388123,5.0,2025-10-12
bg_19536,0.8576759099960327,0.3202123343944549,0.6534243226051331,10.0,2025-10-12
bg_19642,0.8961284160614014,0.379956305027008,0.6812476515769958,7.0,2025-10-12
bg_19783,0.867625892162323,0.3914685845375061,0.7026945352554321,9.0,2025-10-12
bg_20371,0.8791249394416809,0.3775294721126556,0.6874541640281677,9.0,2025-10-12
bg_20637,0.888604998588562,0.3565217554569244,0.679127037525177,7.0,2025-10-12
bg_20714,0.7209800481796265,0.3388029038906097,0.6282914280891418,6.0,2025-10-12
bg_21147,0.8779865503311157,0.3788877129554748,0.6978174448013306,10.0,2025-10-12
bg_21278,0.908314883708954,0.2868125438690185,0.6273928284645081,5.0,2025-10-12
bg_21482,0.87103670835495,0.4184126853942871,0.711442768573761,9.0,2025-10-12
bg_22477,0.8302105665206909,0.3658694922924042,0.6706572771072388,10.0,2025-10-12
bg_22731,0.8932291269302368,0.3381673097610473,0.6795012950897217,2.0,2025-10-12
bg_22805,0.5347710251808167,0.1415204554796219,0.3939260840415954,9.0,2025-10-12
bg_23325,0.8847544193267822,0.3570187389850616,0.6860536336898804,10.0,2025-10-12
bg_23488,0.8889345526695251,0.3470936119556427,0.6678403615951538,10.0,2025-10-12
bg_23586,0.8689660429954529,0.3562832176685333,0.6781942248344421,6.0,2025-10-12
bg_23691,0.8910147547721863,0.3741176426410675,0.6965140104293823,3.0,2025-10-12
bg_23780,0.8078107833862305,0.3908075392246246,0.6929087042808533,6.0,2025-10-12
bg_23811,0.8490815162658691,0.3413161039352417,0.6304847002029419,6.0,2025-10-12
bg_23856,0.8879330158233643,0.3610076308250427,0.68044513463974,5.0,2025-10-12
bg_24232,0.8558716177940369,0.3467915952205658,0.6548126339912415,10.0,2025-10-12
bg_24461,0.8854748010635376,0.3323136270046234,0.6660111546516418,4.0,2025-10-12
bg_24840,0.9090318083763124,0.3773913085460663,0.70183926820755,7.0,2025-10-12
bg_24890,0.9005125164985657,0.4069745540618896,0.7158410549163818,7.0,2025-10-12
bg_26241,0.8465261459350586,0.3728299140930176,0.6901846528053284,6.0,2025-10-12
bg_26578,0.9143346548080444,0.3714285492897033,0.6886297464370728,3.0,2025-10-12
bg_26844,0.903304934501648,0.3924833238124847,0.7100653648376465,2.0,2025-10-12
bg_27054,0.8686452507972717,0.2744050323963165,0.5689340829849243,7.0,2025-10-12
bg_27171,0.8793598413467407,0.4022988379001617,0.6894134879112244,3.0,2025-10-12
bg_27866,0.8883293271064758,0.373552918434143,0.6997578740119934,5.0,2025-10-12
bg_28244,0.8801251649856567,0.4119589030742645,0.7208021283149719,2.0,2025-10-12
bg_28334,0.861213207244873,0.247817724943161,0.5871164202690125,10.0,2025-10-12
bg_28683,0.8782054781913757,0.3414231538772583,0.6774724125862122,8.0,2025-10-12
bg_28951,0.8751814365386963,0.3686229288578033,0.6817492842674255,5.0,2025-10-12
bg_29326,0.8941399455070496,0.33092200756073,0.6751648187637329,6.0,2025-10-12
bg_29610,0.8947798013687134,0.4177469909191131,0.7158452272415161,12.0,2025-10-12
bg_29966,0.903504490852356,0.4341675937175751,0.742061197757721,4.0,2025-10-12
bg_29972,0.876023530960083,0.3523248136043548,0.6714367270469666,4.0,2025-10-12
bg_30304,0.8863680362701416,0.3953198194503784,0.7081650495529175,3.0,2025-10-12
bg_30447,0.8866658210754395,0.3623785376548767,0.6955757141113281,6.0,2025-10-12
bg_30658,0.6640574336051941,0.1347689777612686,0.3488045632839203,8.0,2025-10-12
bg_31148,0.902347981929779,0.3337245881557464,0.6688077449798584,8.0,2025-10-12
bg_31235,0.8869779109954834,0.2905126512050628,0.6239722371101379,7.0,2025-10-12
bg_31335,0.8747972846031189,0.3876138031482696,0.6817182898521423,10.0,2025-10-12
bg_32113,0.8865346312522888,0.3518028855323791,0.6816214323043823,8.0,2025-10-12
bg_32325,0.8626259565353394,0.3717230260372162,0.6875730156898499,6.0,2025-10-12
bg_32709,0.8933054208755493,0.3245517611503601,0.6484736204147339,5.0,2025-10-12
bg_32977,0.893535852432251,0.3511486947536468,0.6826484203338623,10.0,2025-10-12
bg_33084,0.7973161935806274,0.3650254011154175,0.6687378883361816,4.0,2025-10-12
bg_33108,0.9129140377044678,0.4443711340427398,0.7256386280059814,5.0,2025-10-12
bg_33822,0.9016847610473632,0.3888991475105285,0.7013649940490723,4.0,2025-10-12
bg_34222,0.887030303478241,0.3667813837528229,0.692307710647583,3.0,2025-10-12
bg_34252,0.5899749398231506,0.210368126630783,0.4235255122184753,10.0,2025-10-12
bg_34548,0.8929845690727234,0.2767755687236786,0.5440371036529541,9.0,2025-10-12
bg_34873,0.9090937972068788,0.3783821165561676,0.7034597396850586,2.0,2025-10-12
bg_34894,0.8810219168663025,0.3485321998596191,0.6802175641059875,10.0,2025-10-12
bg_35152,0.8654667735099792,0.3355076014995575,0.6651668548583984,8.0,2025-10-12
bg_35231,0.8860398530960083,0.3945578038692474,0.7072101831436157,3.0,2025-10-12
bg_35447,0.8856108784675598,0.3368875086307525,0.6770737767219543,8.0,2025-10-12
bg_36208,0.8924518823623657,0.4048328399658203,0.7164812684059143,7.0,2025-10-12
bg_36944,0.8985878825187683,0.3715649247169494,0.6886261105537415,8.0,2025-10-12
bg_36992,0.9014050960540771,0.4587258696556091,0.7494842410087585,7.0,2025-10-12
bg_37041,0.7646327614784241,0.3235208988189697,0.5989445447921753,8.0,2025-10-12
bg_37226,0.8857142925262451,0.3640758693218231,0.6948426961898804,7.0,2025-10-12
bg_37499,0.8793595433235168,0.3014585971832275,0.6108493804931641,8.0,2025-10-12
bg_37699,0.8895807266235352,0.4016788601875305,0.7124154567718506,5.0,2025-10-12
bg_37784,0.7697573304176331,0.2149732410907745,0.5340985655784607,5.0,2025-10-12
bg_37856,0.8771618008613586,0.3262909650802612,0.6413180232048035,6.0,2025-10-12
bg_38083,0.9041007161140442,0.3876622319221496,0.6914681792259216,10.0,2025-10-12
bg_38753,0.8049752712249756,0.3724051117897033,0.6550477147102356,10.0,2025-10-12
bg_38806,0.901752769947052,0.3725033104419708,0.6862985491752625,5.0,2025-10-12
bg_38916,0.7974071502685547,0.3488584458827972,0.611237108707428,2.0,2025-10-12
bg_38928,0.8843956589698792,0.3716347217559814,0.6911514401435852,4.0,2025-10-12
bg_39860,0.8784037232398987,0.3086474239826202,0.6433017253875732,8.0,2025-10-12
bg_40054,0.8899802565574646,0.3539768755435943,0.6590549349784851,8.0,2025-10-12
bg_40415,0.907734215259552,0.3934939205646515,0.7035287618637085,2.0,2025-10-12
bg_40489,0.9245082139968872,0.3941844701766968,0.7197149395942688,1.0,2025-10-12
bg_40523,0.872806966304779,0.3524275422096252,0.6872088313102722,8.0,2025-10-12
bg_40629,0.9007092118263245,0.3874029517173767,0.7048346400260925,3.0,2025-10-12
bg_40891,0.9058645963668824,0.3925834596157074,0.6723288297653198,10.0,2025-10-12
bg_41197,0.889859676361084,0.4270496964454651,0.7343359589576721,6.0,2025-10-12
bg_41287,0.8968772888183594,0.444252997636795,0.7221031785011292,11.0,2025-10-12
bg_41374,0.8961780071258545,0.3699618875980377,0.7067199349403381,9.0,2025-10-12
bg_41775,0.8562300205230713,0.3323983252048492,0.6521739363670349,5.0,2025-10-12
bg_42382,0.9001663327217102,0.4212703704833984,0.7225775122642517,6.0,2025-10-12
bg_42648,0.8735856413841248,0.3867039978504181,0.6851693987846375,12.0,2025-10-12
bg_42853,0.8872691988945007,0.3854683339595794,0.7033183574676514,7.0,2025-10-12
bg_43147,0.90387624502182,0.370630532503128,0.6754371523857117,2.0,2025-10-12
bg_43439,0.881871223449707,0.364418476819992,0.6934521198272705,6.0,2025-10-12
bg_44005,0.8710273504257202,0.3705698549747467,0.6987147927284241,8.0,2025-10-12
bg_44081,0.8673979640007019,0.3933645784854889,0.6893175840377808,8.0,2025-10-12
bg_44120,0.8963425755500793,0.3699258863925934,0.6967209577560425,2.0,2025-10-12
bg_44150,0.8942307829856873,0.3812636137008667,0.6810232400894165,11.0,2025-10-12
bg_44297,0.8862195014953613,0.4081358909606933,0.7072354555130005,4.0,2025-10-12
bg_44683,0.8877887725830078,0.3340490162372589,0.665683388710022,5.0,2025-10-12
bg_44819,0.8776345252990723,0.3646775186061859,0.6775137186050415,3.0,2025-10-12
bg_45246,0.8991391658782959,0.3199512958526611,0.6531187295913696,6.0,2025-10-12
bg_45384,0.9034326672554016,0.4234638214111328,0.725345253944397,6.0,2025-10-12
bg_45485,0.8864874243736267,0.3949958086013794,0.6884653568267822,10.0,2025-10-12
bg_45579,0.862917423248291,0.3441115915775299,0.6552801132202148,7.0,2025-10-12
bg_45685,0.8855224847793579,0.3857291340827942,0.6921650171279907,8.0,2025-10-12
bg_45737,0.8826425671577454,0.3952696919441223,0.7086893320083618,5.0,2025-10-12
bg_45966,0.8987746238708496,0.3263863325119018,0.6689299941062927,9.0,2025-10-12
bg_46141,0.8855270743370056,0.3716417849063873,0.6756756901741028,7.0,2025-10-12
bg_46171,0.8769794702529907,0.3913692235946655,0.6983603239059448,8.0,2025-10-12
bg_46242,0.8834899067878723,0.4030087292194366,0.7091355919837952,3.0,2025-10-12
bg_46488,0.8441200852394104,0.3996655642986297,0.6904821991920471,1.0,2025-10-12
bg_46568,0.8819403648376465,0.4265787005424499,0.7294332981109619,5.0,2025-10-12
bg_47271,0.8956811428070068,0.3949888348579407,0.6866033673286438,8.0,2025-10-12
bg_47634,0.9071990847587584,0.3795462548732757,0.6963433027267456,6.0,2025-10-12
bg_47804,0.8394525647163391,0.3398654758930206,0.664932131767273,8.0,2025-10-12
bg_48023,0.8979825377464294,0.4196138381958008,0.7310131192207336,2.0,2025-10-12
bg_48221,0.8875242471694946,0.3473531603813171,0.6689872145652771,3.0,2025-10-12
bg_48786,0.9012321829795836,0.3648068606853485,0.6888235211372375,6.0,2025-10-12
bg_49222,0.8842934370040894,0.4013534188270569,0.7149935364723206,8.0,2025-10-12
bg_49223,0.8638231158256531,0.3794191181659698,0.686798095703125,10.0,2025-10-12
bg_49536,0.7824163436889648,0.3049455881118774,0.5856621265411377,4.0,2025-10-12
bg_49551,0.859782338142395,0.3620613217353821,0.6504120826721191,12.0,2025-10-12
bg_49574,0.8588406443595886,0.3804338872432709,0.7055752277374268,8.0,2025-10-12
bg_49789,0.908174693584442,0.3549834787845611,0.6711168885231018,7.0,2025-10-12
bg_49992,0.7248306274414062,0.3937930762767792,0.6677439212799072,4.0,2025-10-12
bg_3853,0.880141019821167,0.306303471326828,0.6119282841682434,11.0,2025-10-16
bg_20365,0.9017199277877808,0.2612819969654083,0.6058141589164734,11.0,2025-10-16
bg_36630,0.8968880772590637,0.3588850200176239,0.6793136596679688,3.0,2025-10-16
bg_44302,0.8995318412780762,0.3790846467018127,0.6941695809364319,8.0,2025-10-16
bg_46248,0.8996838927268982,0.3936359584331512,0.7054265141487122,8.0,2025-10-16
