bg_lid,before,dist_nearest_case_m
bg_2,2025-04-14,411.6839483148204
bg_11,2023-08-26,2554.914256036498
bg_15,2024-02-14,654.6626367832916
bg_24,2025-08-07,1790.2158023266416
bg_25,2024-02-14,1049.0993556379858
bg_32,2024-02-14,641.5907640389086
bg_37,2024-02-14,899.3539605737353
bg_42,2025-06-28,274.6071865409993
bg_51,2025-03-25,564.6710813382626
bg_60,2024-07-18,3056.2793045794374
bg_70,2024-02-14,910.1753327796243
bg_72,2023-07-07,564.6586562694033
bg_76,2023-07-14,304.57556467950997
bg_77,2018-07-25,16753.956482111884
bg_89,2023-07-14,2467.027694534208
bg_90,2024-02-14,440.9890612023169
bg_106,2024-07-18,1022.3962427552696
bg_111,2025-04-14,2815.3563270037675
bg_116,2021-07-14,1546.960206146511
bg_119,2023-07-07,182.16867925077364
bg_120,2025-03-25,4469.086494631742
bg_131,2024-07-03,1321.3980769627672
bg_132,2024-07-18,34.084380586643434
bg_144,2025-09-11,421.1496210375574
bg_154,2021-07-14,13636.871742170102
bg_157,2021-07-14,6428.870023915356
bg_158,2024-07-18,1782.0361339770895
bg_161,2021-07-14,5988.067427843216
bg_164,2021-07-14,12309.259282117762
bg_167,2021-07-14,20207.35403244077
bg_169,2025-03-25,820.4314109051843
bg_185,2021-07-14,1958.6829318957637
bg_186,2025-06-28,956.2245730477437
bg_187,2024-02-14,1415.8144995019848
bg_198,2024-07-18,2137.7523546942866
bg_199,2025-03-25,1645.8830774086105
bg_204,2025-03-25,971.6869187656339
bg_205,2021-09-22,1972.876485540791
bg_210,2024-07-18,432.72624140442923
bg_212,2024-09-11,403.4884357697606
bg_223,2023-07-14,427.73424050444214
bg_226,2024-09-11,1565.2303127977493
bg_228,2025-03-25,2362.428366109885
bg_235,2025-03-25,1023.1699483956985
bg_239,2024-02-14,495.49207269165777
bg_244,2023-07-03,310.2498517324329
bg_248,2024-09-01,984.1051206551836
bg_255,2025-04-14,2438.3190049090626
bg_257,2024-02-14,11276.037441885479
bg_261,2023-08-26,2134.508130788149
bg_267,2023-08-26,2970.791906175693
bg_270,2024-08-02,3104.6607354910134
bg_275,2024-02-14,330.4120149145774
bg_285,2024-02-14,2085.4987441854614
bg_289,2025-03-25,4879.543269046852
bg_301,2020-05-05,4646.341592651145
bg_307,2018-09-03,1016.5240507730512
bg_312,2019-07-15,3006.7356258241794
bg_314,2021-07-14,3456.9942073713737
bg_332,2024-07-18,4041.97523947117
bg_345,2024-02-14,3127.61790569117
bg_347,2021-07-09,4168.789534865004
bg_359,2025-04-14,835.0133977966885
bg_365,2024-07-18,3989.8152502214944
bg_367,2023-06-07,253.079036073706
bg_369,2021-07-09,337.6310449292187
bg_379,2025-03-25,5800.061822851281
bg_380,2025-03-25,150.23781314967303
bg_388,2024-09-11,25188.99965978201
bg_391,2023-07-14,1382.9610668777495
bg_394,2025-03-25,761.624641539386
bg_399,2025-03-25,4868.52451883511
bg_403,2025-03-25,1274.4122113742749
bg_405,2025-09-11,173.70414905792828
bg_409,2024-02-14,384.68076557075676
bg_411,2022-07-24,3126.4259043193156
bg_422,2021-07-14,17395.980999081305
bg_423,2024-07-18,443.58173147677815
bg_433,2021-07-09,693.3456111494057
bg_445,2025-04-14,1323.8498984779737
bg_447,2025-03-25,2713.4420286052255
bg_448,2024-09-11,243.402991970268
bg_471,2024-10-19,775.0532085608271
bg_472,2024-09-01,7167.729446547159
bg_480,2023-07-14,554.9735090072669
bg_481,2022-10-02,3973.442590361773
bg_486,2025-10-12,3235.9750179506977
bg_495,2018-07-30,929.1472995170715
bg_498,2025-03-25,906.5518130808721
bg_502,2025-04-14,213.8971259741357
bg_508,2025-03-25,37533.01767458085
bg_520,2025-03-25,4404.2297398069595
bg_521,2023-07-07,1229.5079830972902
bg_525,2021-07-14,11820.37471531227
bg_537,2022-07-24,3596.05942400857
bg_540,2023-07-14,536.2876334579666
bg_542,2018-07-30,2140.3418736733292
bg_544,2025-04-14,1463.589062032094
bg_549,2023-07-14,1694.0425344424777
bg_550,2018-07-30,9082.05351785584
bg_552,2025-03-25,11020.08837177365
bg_559,2024-07-18,2403.894335822778
bg_568,2025-04-14,528.7233232041295
bg_573,2025-03-25,1602.3477686508568
bg_577,2024-02-14,765.523513681977
bg_580,2025-06-28,1031.6366569679542
bg_581,2025-03-25,2387.584401796285
bg_586,2021-07-14,1419.9194805341442
bg_590,2024-08-22,7934.646948371502
bg_595,2025-04-14,1051.1391292307576
bg_601,2024-02-14,2236.3394970573904
bg_602,2024-07-08,1161.3399423941905
bg_603,2025-04-14,514.625922588543
bg_607,2024-02-14,4290.649866488757
bg_615,2023-06-07,49.03267685967792
bg_629,2024-07-18,1904.965240680226
bg_634,2024-07-18,7155.328970585583
bg_635,2024-02-14,1195.856679079731
bg_639,2024-04-29,517.8153428589345
bg_643,2025-10-12,20688.28291040143
bg_647,2024-07-18,5039.856653566299
bg_650,2024-07-18,1279.3171260482306
bg_651,2024-07-18,2266.131579586747
bg_653,2025-04-14,544.7655694885242
bg_660,2021-07-14,8277.957111654867
bg_661,2025-04-14,33300.66521835565
bg_664,2024-07-18,819.3029693584856
bg_666,2024-07-18,1373.7321919502167
bg_670,2024-09-11,826.3884426223282
bg_674,2025-09-21,190.21733490899146
bg_675,2025-04-14,3843.1428770867255
bg_685,2024-02-14,12040.180068175852
bg_689,2025-03-25,6388.057408915721
bg_691,2024-04-29,3295.3856365834013
bg_693,2024-07-18,13.589087533699725
bg_706,2025-04-14,3046.331725157234
bg_712,2025-04-14,2191.3848984146525
bg_716,2024-02-14,334.7633762823159
bg_717,2024-07-18,682.2430491402498
bg_719,2025-03-25,3761.990644658724
bg_721,2021-07-14,3528.2407759391754
bg_722,2019-07-15,4336.13724803546
bg_724,2025-06-28,170.06685538329344
bg_733,2024-07-18,1305.6458019690665
bg_737,2025-03-25,4844.430264179926
bg_739,2022-07-24,3213.438625584786
bg_742,2025-03-25,12141.204609576555
bg_754,2025-06-28,1086.3863692996802
bg_755,2023-07-03,544.8499023585133
bg_757,2025-03-25,11935.782288446788
bg_761,2023-07-14,1506.4984522395323
bg_773,2024-04-29,327.06356339408444
bg_780,2023-07-03,210.098246779789
bg_783,2021-07-14,2119.1765277341497
bg_786,2025-04-14,4036.318086226656
bg_788,2024-07-18,960.2057050965797
bg_802,2022-10-02,4780.279126002938
bg_807,2025-03-25,1447.128132301734
bg_808,2023-07-09,3302.8357054204084
bg_813,2024-07-18,1266.3962817775284
bg_816,2022-07-24,10813.76409382968
bg_833,2023-07-14,1715.4245795137247
bg_837,2025-03-25,642.4101599445474
bg_840,2020-05-05,2746.886915328097
bg_859,2024-07-18,1203.6434499053166
bg_876,2025-03-25,1065.2033667333415
bg_878,2025-04-14,409.6073750558802
bg_879,2024-07-18,500.68095480059486
bg_886,2025-06-28,1009.6610434200661
bg_887,2025-03-25,4190.331936505894
bg_889,2023-07-14,1179.4852702768471
bg_894,2025-06-28,2636.117612019519
bg_895,2023-07-07,583.4503057670713
bg_900,2023-07-09,707.5709336172082
bg_904,2022-10-02,33117.29160617584
bg_915,2024-07-18,2213.851650517734
bg_923,2023-07-07,1593.846763337157
bg_925,2025-06-28,1841.5065284980133
bg_929,2025-10-12,7339.691366181433
bg_933,2021-07-09,1111.3544882259573
bg_940,2019-04-26,524.3103642883242
bg_947,2025-04-14,1789.4114848464674
bg_955,2025-04-14,1685.7705730615444
bg_972,2025-04-14,1690.5591784081948
bg_974,2025-10-12,6964.243388107535
bg_979,2021-07-14,2371.042706005228
bg_982,2025-03-25,622.8178353258573
bg_984,2025-03-25,2659.9747761397666
bg_991,2019-04-26,3137.141398231841
bg_993,2024-07-18,1953.9789302085217
bg_998,2025-03-25,2479.5844356665234
bg_999,2025-06-28,133.67566495045745
bg_1001,2025-04-14,6888.115147484354
bg_1003,2025-10-12,7973.670115906529
bg_1004,2023-07-07,1185.0234534811902
bg_1008,2025-04-14,1295.7797892002548
bg_1030,2021-07-14,2007.3205314794711
bg_1031,2024-07-18,4287.576328253575
bg_1032,2021-07-14,780.3517530576817
bg_1045,2024-08-02,3434.6363525851684
bg_1050,2023-07-03,413.1993768146372
bg_1052,2025-10-12,1100.425457084684
bg_1057,2025-03-25,1506.8012320143423
bg_1064,2022-10-02,3881.34077187282
bg_1069,2021-05-15,934.2415585382929
bg_1072,2022-07-24,489.88786982324274
bg_1078,2025-03-25,5703.617935530067
bg_1079,2022-10-02,14509.15982696786
bg_1082,2025-10-12,11676.432941904779
bg_1095,2023-07-14,190.45539372755266
bg_1106,2024-02-14,790.7237652302514
bg_1111,2025-06-28,1414.2906464019782
bg_1122,2025-03-25,2908.2471783705137
bg_1123,2024-07-18,1689.8637811374283
bg_1131,2021-07-14,2699.309430391429
bg_1139,2025-04-14,2060.4359842033596
bg_1144,2025-03-25,2146.0257747753126
bg_1146,2024-02-14,1798.7521285602008
bg_1148,2024-08-22,4844.415593784319
bg_1149,2024-07-18,1448.9385847923252
bg_1156,2024-07-18,6472.568750797484
bg_1158,2023-06-07,746.5075823459354
bg_1160,2024-02-14,1860.5339324505665
bg_1175,2025-04-14,575.5503592215043
bg_1178,2024-07-18,639.12431404225
bg_1189,2023-07-07,284.8333267018918
bg_1191,2022-10-02,5041.756063367135
bg_1196,2023-07-09,1044.1786600481742
bg_1201,2025-03-25,12770.025336560575
bg_1214,2024-08-02,2484.6226503231946
bg_1216,2025-03-25,2247.2030577586324
bg_1222,2024-07-18,1384.4994801009254
bg_1229,2024-07-18,1223.1956370916246
bg_1250,2021-09-22,1322.4282220975401
bg_1251,2025-04-14,2386.8108607512186
bg_1255,2024-09-01,1008.2966581318997
bg_1260,2025-04-14,2389.0824516537796
bg_1261,2024-02-14,2994.210738241251
bg_1263,2023-07-07,810.5877793922588
bg_1286,2025-06-28,237.64442282518183
bg_1294,2025-03-25,2132.381767062382
bg_1295,2024-09-01,1243.0061756885689
bg_1297,2022-07-24,4223.235426660317
bg_1303,2023-07-09,1025.5335579588511
bg_1304,2023-08-26,2965.686443186486
bg_1305,2022-07-24,1054.2232747383284
bg_1307,2019-02-08,3599.912156817173
bg_1316,2025-03-25,15143.049208570965
bg_1334,2024-07-18,3083.814185858174
bg_1337,2023-07-14,942.8209582948353
bg_1348,2024-07-18,2251.7765618506987
bg_1349,2025-04-14,527.5251115351336
bg_1354,2024-02-14,1685.434355707745
bg_1358,2025-06-28,2251.8851127221433
bg_1365,2025-09-21,441.1827714225194
bg_1376,2021-07-14,10554.050862602422
bg_1378,2024-07-18,4257.637304092451
bg_1389,2024-02-14,1111.3992555781856
bg_1398,2024-07-18,1309.868359568875
bg_1402,2019-07-15,1411.4232472579317
bg_1409,2025-06-28,605.6692279619645
bg_1427,2025-03-25,6394.503115661168
bg_1434,2024-07-18,459.13439481241005
bg_1437,2024-07-18,664.6054253462551
bg_1439,2025-03-25,321.88283116690724
bg_1440,2025-04-14,3965.249707269442
bg_1442,2025-03-25,73036.88745074841
bg_1447,2025-10-12,3524.3671093687076
bg_1451,2021-07-14,20876.37151447541
bg_1456,2025-03-25,769.2650989743329
bg_1467,2024-10-16,2036.33331507881
bg_1476,2025-03-25,15517.39325858901
bg_1492,2023-07-07,1321.1656639876408
bg_1498,2024-07-18,2944.965569544045
bg_1503,2025-06-28,635.771243844839
bg_1517,2022-10-02,10005.571656157415
bg_1524,2025-03-25,1287.6213704733973
bg_1525,2025-03-25,4998.668347790199
bg_1528,2025-03-25,1091.7611578086473
bg_1535,2025-03-25,11766.17119017467
bg_1542,2024-04-29,85.76220263028023
bg_1549,2022-10-02,1719.1874471680685
bg_1552,2025-03-25,811.8036600681676
bg_1553,2025-03-25,691.6406791103362
bg_1557,2025-04-14,1202.7036119095321
bg_1559,2024-09-11,13717.64772694261
bg_1563,2025-03-25,2447.2542763064116
bg_1568,2024-07-03,1438.9146393376186
bg_1577,2025-03-25,1616.2215101275572
bg_1579,2024-07-18,1997.1307323506849
bg_1580,2025-03-25,11814.465136505534
bg_1584,2021-07-14,11907.904423214026
bg_1590,2024-07-18,1548.7172708083253
bg_1596,2025-03-25,1400.7961719679167
bg_1597,2025-04-14,1295.7286705172562
bg_1608,2025-04-14,661.7611213270102
bg_1609,2025-06-28,1439.50537425187
bg_1611,2019-07-15,1815.8076475496277
bg_1612,2018-07-30,2866.289096410249
bg_1618,2022-10-02,9185.627811451108
bg_1634,2021-07-14,10894.611969886699
bg_1642,2025-06-28,906.2416315750826
bg_1648,2024-07-08,723.2142656223612
bg_1651,2025-04-14,4073.1862408316315
bg_1659,2024-04-29,3869.006395704443
bg_1661,2025-04-14,2772.1688958105556
bg_1678,2024-07-18,1043.5320836947274
bg_1680,2024-02-14,2317.574643824826
bg_1687,2024-02-14,2254.3917810572716
bg_1690,2024-02-14,1302.1651299277303
bg_1717,2025-04-14,1425.3366648268752
bg_1727,2025-03-25,2054.164763717745
bg_1728,2024-04-29,225.33821801908366
bg_1729,2025-03-25,6353.83534905494
bg_1736,2024-07-18,752.9549916163609
bg_1743,2023-07-14,933.7987260649073
bg_1747,2021-07-14,19413.29145936867
bg_1749,2024-09-11,385.3863757323523
bg_1756,2025-03-25,1766.7456854906618
bg_1765,2023-07-03,92.99348471797413
bg_1777,2025-03-25,3576.593456698561
bg_1786,2024-07-18,2020.771692819311
bg_1791,2023-08-28,831.7395920599287
bg_1792,2024-09-11,22385.621762696202
bg_1796,2025-03-25,4950.253981777312
bg_1807,2024-07-18,3556.52173204372
bg_1808,2025-04-14,339.9017566887455
bg_1809,2024-04-29,12831.053398283408
bg_1816,2024-02-14,412.6006817733817
bg_1820,2025-03-25,12091.219106843835
bg_1829,2021-07-14,10870.38706654
bg_1830,2025-10-12,1766.0344279771152
bg_1832,2024-07-18,2163.990627428934
bg_1833,2022-07-24,3145.766314985799
bg_1840,2021-07-14,896.5514883151656
bg_1845,2025-04-14,2583.846168989391
bg_1847,2025-04-14,1758.0130301283152
bg_1858,2023-06-07,364.97917885825274
bg_1871,2021-07-14,13270.644652329538
bg_1872,2025-06-28,2753.2354963023445
bg_1882,2023-08-07,1401.8903649715362
bg_1884,2023-07-09,820.1327941866209
bg_1897,2023-08-26,60.72851471921012
bg_1899,2024-02-14,1190.841822661629
bg_1903,2025-03-25,3023.611217352575
bg_1904,2023-08-26,1333.7045379320875
bg_1918,2024-07-18,390.15176649592655
bg_1919,2025-03-25,7743.044181224756
bg_1920,2025-03-25,1574.4552028557857
bg_1929,2022-10-02,4376.517086051274
bg_1935,2023-09-14,315.04160122113313
bg_1937,2024-07-18,2590.495931921137
bg_1944,2024-07-18,3459.3710589067564
bg_1947,2023-08-28,1198.8508394292808
bg_1950,2018-09-03,912.4468480410177
bg_1961,2025-03-25,2776.5973514535735
bg_1962,2022-07-24,1416.9749666455511
bg_1963,2025-03-25,296.2490958637549
bg_1973,2024-02-14,949.1008580755574
bg_1988,2024-07-18,2296.4868820221513
bg_1996,2025-04-14,1840.4029681023458
bg_2003,2023-07-14,795.9093058885203
bg_2004,2025-09-11,1647.7717233282556
bg_2009,2024-02-14,2160.45934294083
bg_2011,2024-09-11,550.8928580041332
bg_2018,2024-07-18,1296.6070149432555
bg_2021,2021-07-09,2615.133017496596
bg_2028,2022-07-24,10404.526302768436
bg_2029,2024-07-18,2597.3907590696226
bg_2030,2024-07-18,2127.0426642879847
bg_2032,2025-03-25,348.1051744802147
bg_2044,2025-04-14,2502.374491917329
bg_2054,2025-04-14,3935.3201120112094
bg_2061,2025-04-14,585.6151587006349
bg_2066,2021-07-14,5698.328115298456
bg_2068,2024-08-22,664.1357285979711
bg_2103,2025-03-25,2952.758872055072
bg_2109,2024-07-18,789.1189900768693
bg_2116,2024-02-14,1390.0050491994286
bg_2121,2021-07-14,4665.56262691864
bg_2126,2024-07-18,2844.9312020151374
bg_2135,2025-03-25,1417.7760202867998
bg_2136,2025-03-25,2805.2716652226813
bg_2150,2024-07-18,1773.7739281542877
bg_2158,2022-10-02,6282.726331179686
bg_2168,2023-07-15,204.95459253215202
bg_2169,2023-07-14,70.56196142399232
bg_2172,2025-03-25,4051.0602462195507
bg_2174,2025-06-28,1322.9106433920429
bg_2185,2025-03-25,476.4624964252698
bg_2186,2025-06-28,3347.384783454216
bg_2190,2022-10-02,5058.142340444638
bg_2192,2025-03-25,8530.634755526866
bg_2201,2025-04-14,1206.7550778845437
bg_2203,2025-03-25,7607.751307876667
bg_2207,2024-09-01,2023.6660883159534
bg_2213,2025-03-25,2022.9705258604176
bg_2223,2024-07-18,371.44219698375457
bg_2227,2025-04-14,7386.587078570082
bg_2228,2024-09-01,4873.059087729136
bg_2237,2024-09-01,1295.5868077442651
bg_2249,2025-04-14,1381.8404538874265
bg_2251,2024-02-14,1415.189376620767
bg_2253,2025-03-25,1103.9300330183905
bg_2255,2025-04-14,2100.8905409136405
bg_2256,2025-09-11,234.29461218733647
bg_2263,2025-03-25,993.6151903527972
bg_2271,2021-07-09,626.3373078461391
bg_2272,2022-07-24,3316.9831701713492
bg_2282,2024-09-01,431.6300230521258
bg_2283,2022-10-02,4070.9436940958853
bg_2285,2025-03-25,135.21669460556134
bg_2291,2025-03-25,669.5990310626946
bg_2299,2024-07-03,3026.6732993335886
bg_2301,2024-07-18,1114.9818831263883
bg_2305,2024-02-14,1572.872946712353
bg_2310,2023-08-19,2074.4680479583017
bg_2312,2025-03-25,1049.5962061669877
bg_2322,2024-04-04,1066.333886172657
bg_2332,2018-07-30,6102.0760768937735
bg_2333,2024-02-14,331.24589552172114
bg_2341,2025-04-14,1163.277032267002
bg_2342,2024-07-18,740.6321138728254
bg_2346,2025-04-14,976.1286608332447
bg_2348,2025-03-25,2025.1441941008068
bg_2349,2022-07-24,14649.108281564455
bg_2351,2024-09-11,15002.996418732462
bg_2367,2022-10-02,5464.187500672278
bg_2376,2025-03-25,486.4983523098067
bg_2377,2025-06-28,1405.934189427142
bg_2378,2025-04-14,336.0039621788303
bg_2382,2025-10-12,12115.869804797512
bg_2384,2025-09-11,575.4930968309837
bg_2388,2023-07-12,96.60655309037307
bg_2395,2025-03-25,24292.446734861875
bg_2402,2023-07-14,579.449534385833
bg_2403,2025-03-25,8008.334039218106
bg_2404,2019-07-15,563.7517982232096
bg_2406,2024-09-11,4893.212842754549
bg_2409,2024-07-18,1877.9934639129576
bg_2425,2025-04-14,817.768354120136
bg_2428,2025-03-25,10261.610060823805
bg_2429,2024-02-14,4427.972300918386
bg_2436,2023-07-09,1948.9827369683123
bg_2440,2024-07-18,2740.5324472808907
bg_2443,2025-03-25,859.6927768102972
bg_2447,2023-08-28,1728.4422435244096
bg_2451,2024-02-14,6384.257899904713
bg_2454,2024-07-18,3484.1931726009825
bg_2455,2025-03-25,13495.561942179125
bg_2457,2024-07-18,580.817894008181
bg_2471,2018-07-30,7804.872942988924
bg_2473,2023-07-09,460.31694233443335
bg_2474,2025-03-25,7632.730955202011
bg_2480,2025-06-28,764.8425802084986
bg_2487,2024-02-14,4514.188139743476
bg_2491,2024-07-18,4163.593409280032
bg_2492,2023-07-14,1815.891228570939
bg_2495,2021-07-14,1142.4467816926028
bg_2509,2023-06-07,177.84404460088237
bg_2512,2024-07-18,674.630422453769
bg_2515,2024-07-18,640.7456213662964
bg_2519,2024-04-29,741.306990928848
bg_2520,2024-07-18,4211.611112650165
bg_2527,2019-04-26,686.5908974780981
bg_2531,2022-10-02,4052.3935855863824
bg_2534,2024-02-14,456.3271495322751
bg_2536,2024-07-18,780.2462742621983
bg_2545,2021-07-14,642.0550083132681
bg_2547,2022-10-02,4294.0592765937245
bg_2549,2024-02-14,923.8557602787904
bg_2564,2021-07-14,1724.7453642203982
bg_2567,2024-04-04,1638.0115637263218
bg_2569,2025-04-14,2631.69839062167
bg_2571,2025-06-28,1428.9874605817738
bg_2572,2023-07-03,581.7049479760373
bg_2574,2023-08-26,353.982645478673
bg_2575,2024-07-18,390.8748481289822
bg_2576,2025-03-25,662.9269459749587
bg_2582,2024-04-04,272.30014065355954
bg_2589,2025-06-28,709.57376008431
bg_2594,2022-07-24,3224.651408028764
bg_2596,2024-07-18,613.7947448456074
bg_2598,2025-06-28,923.5718497225866
bg_2609,2024-02-14,1470.9207818915775
bg_2628,2021-07-14,16744.340105791016
bg_2630,2024-07-08,2135.2066234911917
bg_2632,2025-04-14,1277.9549876267179
bg_2633,2024-09-01,1939.798235126409
bg_2641,2025-03-25,444.2899689390856
bg_2642,2025-03-25,6306.601514643058
bg_2643,2023-07-07,798.5796782412992
bg_2645,2025-03-25,731.3837347113276
bg_2646,2024-07-18,339.18695788598257
bg_2650,2025-03-25,1089.926427838043
bg_2653,2021-07-14,361.13247015464
bg_2670,2025-03-25,37659.662156648454
bg_2680,2025-03-25,13450.793561961354
bg_2682,2024-02-14,9973.185615804856
bg_2688,2023-03-16,1039.5448573775045
bg_2694,2025-03-25,2951.78347867851
bg_2695,2025-03-25,10052.374879007502
bg_2711,2022-07-24,1420.9983515825459
bg_2714,2024-07-18,1896.995134337516
bg_2717,2022-07-24,1363.980249893538
bg_2724,2024-07-18,8870.99628908161
bg_2748,2024-08-22,644.5930586813083
bg_2754,2025-04-14,2508.029792027918
bg_2760,2024-04-29,1560.170577757376
bg_2773,2024-04-29,166.7783019461339
bg_2774,2025-04-14,2780.2964009616203
bg_2778,2023-07-14,1592.8675739055852
bg_2784,2021-07-14,5664.564519272379
bg_2799,2022-07-24,2609.6211932959964
bg_2804,2024-02-14,1268.6835570781634
bg_2815,2024-07-18,3003.653868807034
bg_2824,2024-07-18,502.83019012379293
bg_2830,2025-04-14,771.7090657106505
bg_2844,2024-09-01,390.9013113307357
bg_2846,2023-08-26,1274.9129481260964
bg_2854,2025-04-14,2201.4824976367217
bg_2861,2024-02-14,9956.394039676317
bg_2869,2024-07-18,771.9983716305011
bg_2873,2024-07-18,352.92641102639806
bg_2874,2024-07-18,10609.335989269126
bg_2877,2025-06-28,909.4002223993778
bg_2879,2024-02-14,2215.330720456756
bg_2885,2024-09-11,1273.1680299159639
bg_2892,2025-04-14,37632.01323798263
bg_2898,2023-07-14,1019.2783768923875
bg_2899,2025-03-25,13371.065568098908
bg_2900,2022-10-02,995.7296304216127
bg_2908,2023-07-09,752.3529560651865
bg_2918,2024-04-29,3133.7869196231195
bg_2919,2025-06-28,246.79340671909335
bg_2923,2025-03-25,72853.02364456325
bg_2924,2025-04-14,877.5311195620619
bg_2928,2024-08-02,1619.5247203114927
bg_2934,2025-04-14,871.4199805490358
bg_2942,2023-07-07,377.0364068630268
bg_2946,2025-03-25,1481.2863029140549
bg_2947,2025-03-25,2286.9352827964694
bg_2949,2024-07-03,152.06409602544227
bg_2955,2023-07-14,2825.3726150899925
bg_2959,2024-09-11,18414.16276333245
bg_2960,2024-04-29,2122.1093220661555
bg_2965,2023-07-07,1630.6499644313433
bg_2977,2024-07-18,1534.0792893784865
bg_2987,2024-07-18,806.5267371886657
bg_2993,2021-09-22,1713.859733496354
bg_2995,2024-07-18,2284.4969870847744
bg_3001,2025-04-14,236.888340996325
bg_3011,2025-08-07,1009.2412958752567
bg_3016,2022-10-02,1250.874623013774
bg_3018,2019-07-15,1849.0954325021746
bg_3022,2025-04-14,1449.7646452094634
bg_3023,2021-07-14,3982.5387991078537
bg_3032,2024-08-02,451.49947973403266
bg_3037,2024-07-18,1052.9084258853427
bg_3040,2025-04-14,4803.389002620847
bg_3043,2023-08-26,407.2941144922297
bg_3044,2021-07-14,5173.317664884082
bg_3048,2025-03-25,5657.658607604434
bg_3053,2025-04-14,661.9479473493269
bg_3055,2019-04-26,1459.43472735145
bg_3060,2023-07-14,855.8337935021744
bg_3063,2023-08-26,1437.9929039115366
bg_3068,2025-04-14,1759.356707208869
bg_3080,2023-07-14,1231.568765112361
bg_3087,2023-07-09,3561.1018824235316
bg_3097,2025-04-14,1735.3124048709506
bg_3101,2024-07-18,1019.1957503836089
bg_3105,2025-03-25,143.10964502781442
bg_3109,2024-02-14,795.2669339285
bg_3111,2025-03-25,709.2923477661965
bg_3113,2023-07-09,10.323139057448886
bg_3120,2024-07-18,308.3402487512401
bg_3124,2024-07-18,515.231080681614
bg_3137,2024-08-22,2037.0236897003026
bg_3146,2024-07-18,829.0191137120778
bg_3148,2024-07-18,1756.1552008010221
bg_3150,2023-09-14,3124.8262751712614
bg_3155,2023-07-07,1855.080649513935
bg_3160,2025-04-14,2135.615180340101
bg_3167,2023-09-14,802.5096647393318
bg_3174,2024-07-18,896.5784644412483
bg_3179,2025-10-12,7763.077072836561
bg_3186,2024-09-11,14405.495777601594
bg_3192,2025-06-28,665.5220751410375
bg_3194,2025-06-28,2280.5779902691615
bg_3199,2024-09-11,2977.022721864703
bg_3206,2023-09-14,2455.252016657192
bg_3216,2024-07-18,716.4546596262963
bg_3217,2025-03-25,4030.897028156445
bg_3221,2022-10-02,7876.550389891493
bg_3222,2024-02-14,13458.581806899294
bg_3225,2024-10-19,231.3457259168721
bg_3230,2023-08-26,687.4500698963765
bg_3234,2024-04-29,125.10074540134379
bg_3238,2024-08-22,5544.0410239552575
bg_3247,2024-07-18,843.2154402048807
bg_3252,2025-04-14,3464.61750454473
bg_3259,2025-03-25,808.4566078646372
bg_3260,2025-04-14,230.16203531421968
bg_3263,2025-03-25,14196.929933376494
bg_3270,2024-07-03,1067.7359424970468
bg_3281,2024-07-18,4154.78497317261
bg_3288,2025-06-28,2351.0251994393457
bg_3292,2024-04-29,2549.59102873379
bg_3295,2025-03-25,34111.48723078636
bg_3300,2021-07-14,14318.038115132795
bg_3311,2025-03-25,3492.17445310228
bg_3320,2024-09-01,8540.195545214447
bg_3330,2024-07-18,1632.2387101461827
bg_3342,2024-09-11,361.2044900053152
bg_3344,2024-07-18,3664.921412650025
bg_3345,2024-08-27,609.9740335456833
bg_3361,2025-04-14,2518.252571685391
bg_3371,2025-03-25,1486.6121238574492
bg_3373,2025-03-25,13094.720566323833
bg_3374,2023-07-14,5274.280829724696
bg_3380,2025-04-14,721.3482335875971
bg_3388,2022-10-02,10088.401235701305
bg_3390,2024-07-18,2078.8812925465754
bg_3392,2024-02-14,3963.631927878729
bg_3395,2023-06-07,176.61030689057924
bg_3396,2022-07-24,388.9924240907212
bg_3397,2021-07-14,841.8359399551284
bg_3405,2025-04-14,1947.4791651260348
bg_3413,2024-02-14,19713.411603094097
bg_3415,2023-07-14,135.33281124689972
bg_3427,2025-04-14,926.8937067972413
bg_3430,2021-09-22,1247.176883204595
bg_3431,2024-07-18,1925.1776613341628
bg_3435,2023-08-26,1882.6853187137785
bg_3443,2018-07-30,3420.0769718236743
bg_3453,2019-07-15,1128.4883561649285
bg_3461,2024-07-18,1055.4922154616943
bg_3464,2024-02-14,1652.7443607527396
bg_3467,2024-09-11,3984.5826669426588
bg_3471,2024-02-14,2695.7613499714867
bg_3473,2024-07-18,450.6769438300281
bg_3485,2023-08-19,165.59609808208742
bg_3488,2023-07-09,500.80940666084274
bg_3491,2023-07-07,2749.340421355453
bg_3497,2024-02-14,710.9420210539705
bg_3499,2024-09-01,1828.4137022019838
bg_3508,2024-07-18,1000.7858960836753
bg_3519,2021-07-09,292.6031648838562
bg_3526,2025-10-12,14768.042580883797
bg_3530,2025-04-14,2767.297347828742
bg_3533,2024-07-18,552.201899670748
bg_3534,2025-03-25,5197.475383222185
bg_3539,2021-05-15,961.5134945488533
bg_3541,2024-04-29,675.59116705277
bg_3542,2022-10-02,7401.273695959504
bg_3543,2023-07-14,756.2309386027429
bg_3544,2024-07-18,886.7159394080002
bg_3556,2025-03-25,2093.134604749382
bg_3558,2024-07-18,272.89498932729407
bg_3564,2024-09-01,565.3640092011575
bg_3565,2025-09-11,699.4386075275438
bg_3567,2024-07-08,999.5417995263441
bg_3572,2021-07-14,4256.547428808894
bg_3573,2024-09-01,5493.029370474784
bg_3575,2024-07-18,441.25923446452697
bg_3576,2025-04-14,1562.7073777583414
bg_3581,2018-07-30,6143.131967017884
bg_3585,2018-09-03,2503.3286252108664
bg_3591,2022-10-02,5088.941044510045
bg_3598,2025-09-11,869.326306112911
bg_3603,2024-02-14,379.22551509594615
bg_3609,2024-02-14,823.5246650827931
bg_3611,2024-07-18,3522.43447229337
bg_3612,2024-02-14,777.8755125340388
bg_3616,2024-02-14,13928.966576347402
bg_3617,2021-07-09,1437.01140900141
bg_3618,2024-02-14,3183.645864806645
bg_3623,2024-09-01,3788.610946309855
bg_3624,2023-08-26,1081.1210278686374
bg_3626,2025-03-25,547.9672538572597
bg_3632,2025-04-14,1167.1601708420876
bg_3640,2023-07-14,1826.956655643427
bg_3647,2025-03-25,1355.2049327685731
bg_3659,2023-07-03,360.9779135905549
bg_3660,2025-03-25,260.7903038843726
bg_3671,2025-06-28,335.9337352813977
bg_3673,2023-07-14,640.5494738894477
bg_3674,2025-03-25,1277.5690993446422
bg_3687,2025-03-25,5859.178973209119
bg_3688,2024-09-01,452.69063188887674
bg_3694,2025-03-25,572.045846501821
bg_3696,2021-07-14,934.2328250495276
bg_3698,2021-07-14,15840.935236797177
bg_3699,2025-04-14,539.6752728263644
bg_3706,2024-09-01,1009.1767849093255
bg_3707,2025-03-25,6362.055445255317
bg_3715,2024-02-14,1425.1583340104794
bg_3724,2025-10-12,1557.680400724076
bg_3739,2021-07-14,5935.124914077267
bg_3741,2021-07-14,9060.002821103133
bg_3746,2021-07-14,2267.5315873653963
bg_3751,2024-09-11,309.86298923892053
bg_3762,2023-07-07,245.37123975734158
bg_3763,2023-08-28,467.03026722042443
bg_3765,2021-07-09,1111.7300152914756
bg_3767,2024-09-01,1215.4734338931576
bg_3773,2024-07-18,873.0907600015381
bg_3774,2024-07-18,472.25838531458027
bg_3777,2025-09-11,569.167126685982
bg_3781,2025-04-14,5668.028792031547
bg_3783,2020-05-05,1103.4082850876737
bg_3787,2024-07-18,392.4165690946012
bg_3788,2024-02-14,815.0937208690156
bg_3799,2025-03-25,1443.1734944905627
bg_3806,2024-07-18,4068.518929500066
bg_3818,2024-09-11,1255.930649359323
bg_3823,2025-03-25,660.4464869313649
bg_3826,2023-03-16,3153.0855387221663
bg_3832,2025-04-14,574.005929586204
bg_3834,2024-07-18,2004.6725272974236
bg_3853,2025-10-16,894.6923216391043
bg_3854,2025-03-25,12544.318431433625
bg_3858,2023-07-07,1437.101230011333
bg_3865,2024-02-14,7139.835834597265
bg_3866,2021-09-22,1023.5337330055532
bg_3870,2024-04-29,2374.093976572944
bg_3872,2025-03-25,4932.8585179082365
bg_3873,2024-07-08,653.7962634493545
bg_3879,2025-06-28,468.1964934724221
bg_3881,2024-02-14,5340.161098740341
bg_3893,2024-02-14,2728.515046870805
bg_3906,2025-03-25,561.5150265130553
bg_3913,2024-05-04,1553.7335172096723
bg_3919,2025-03-25,2541.0689909955777
bg_3926,2024-07-18,553.0884538660572
bg_3943,2025-04-14,6538.515994474574
bg_3951,2024-07-18,1284.615230059183
bg_3955,2021-07-14,4093.3240215992996
bg_3963,2025-06-28,2042.884268307973
bg_3976,2025-03-25,963.060207100392
bg_3983,2024-07-18,770.0367228255378
bg_3987,2024-02-14,1979.1926825097278
bg_3989,2025-04-14,1177.148822961717
bg_3992,2025-09-11,3063.7193519805437
bg_4004,2024-07-18,737.7356033837378
bg_4018,2025-03-25,6551.156861012931
bg_4019,2021-07-09,1392.9777325211312
bg_4032,2025-04-14,1546.0654455746512
bg_4037,2025-10-12,5074.47626448291
bg_4040,2025-04-14,1890.4005821255269
bg_4048,2024-07-18,921.1275562593949
bg_4051,2024-09-11,18480.104584944762
bg_4060,2025-03-25,10884.969084664419
bg_4062,2019-06-20,783.2987032416803
bg_4081,2022-10-02,2485.0009367000603
bg_4085,2024-02-14,1836.9058701251984
bg_4093,2025-09-11,696.8824998520871
bg_4096,2024-07-18,1037.596744983146
bg_4099,2025-03-25,589.5013243411737
bg_4104,2024-07-18,497.9852439580841
bg_4105,2025-04-14,1529.9004847701444
bg_4110,2023-02-12,1101.5931743160997
bg_4120,2024-07-18,13480.328316955043
bg_4122,2025-03-25,1888.566855422294
bg_4127,2023-05-28,4507.060446466034
bg_4132,2022-10-02,83.38052170614831
bg_4134,2025-04-14,1317.2055822079544
bg_4139,2024-10-19,1984.1482049987178
bg_4141,2019-04-26,420.0416194854231
bg_4156,2024-07-18,789.3034735133919
bg_4158,2025-09-11,3328.27275921006
bg_4169,2018-07-30,6691.109427905005
bg_4174,2025-03-25,3318.2599649364442
bg_4175,2024-07-18,2332.545966128043
bg_4176,2024-08-02,903.8671179437541
bg_4183,2025-06-28,1085.8298858015362
bg_4190,2024-07-18,673.7945996370692
bg_4192,2023-06-07,406.4736381366803
bg_4207,2023-07-07,1349.850232618363
bg_4219,2025-09-21,2402.2561990342665
bg_4222,2024-07-18,2197.750769900872
bg_4227,2021-07-14,7503.146590624355
bg_4228,2023-06-07,1119.4451032542481
bg_4234,2021-07-09,1280.9083313414624
bg_4235,2024-09-01,3675.7891461427407
bg_4246,2023-07-09,389.7706593623775
bg_4249,2024-09-01,2802.766589443418
bg_4255,2025-03-25,531.2847384407164
bg_4259,2021-07-09,530.0116727015405
bg_4263,2025-03-25,1766.09591180673
bg_4267,2024-07-18,3687.599551171441
bg_4274,2024-04-29,1938.9921737854124
bg_4296,2023-07-03,811.9631149257893
bg_4298,2025-03-25,1227.5784553746344
bg_4305,2025-04-14,244.55313062807943
bg_4307,2022-10-02,17662.377126890467
bg_4309,2025-03-25,14894.821206486533
bg_4310,2023-09-14,939.9275010871748
bg_4318,2025-03-25,1879.5443204404908
bg_4340,2022-10-02,4024.605625958781
bg_4344,2023-07-14,1168.4271154421217
bg_4349,2024-07-18,1505.29764501924
bg_4353,2024-09-01,3104.3707798038477
bg_4354,2023-07-14,2209.525308318511
bg_4356,2025-09-11,587.299907798359
bg_4364,2022-10-02,5316.124509499513
bg_4365,2024-02-14,780.8339636567753
bg_4368,2024-02-14,431.2841547054097
bg_4374,2021-07-14,5087.874684954398
bg_4377,2024-07-18,438.19640402449227
bg_4381,2021-07-14,2572.0637806439604
bg_4384,2024-07-18,1306.528250938284
bg_4392,2024-07-18,2128.67699816109
bg_4393,2025-04-14,2087.041870303395
bg_4394,2018-07-30,3265.7401524312972
bg_4401,2025-04-14,799.8559576573291
bg_4409,2024-09-11,12474.20847535007
bg_4412,2018-05-26,865.4217635927093
bg_4415,2024-09-01,3844.3486344112903
bg_4421,2021-07-14,832.3374856391421
bg_4422,2025-08-22,387.51663138491307
bg_4427,2024-07-08,869.0577800124788
bg_4435,2025-08-07,1168.683208957764
bg_4437,2023-07-14,829.4244004729686
bg_4453,2021-07-14,12203.127177342765
bg_4456,2024-07-18,4536.479088213602
bg_4458,2024-02-14,1228.9962927937374
bg_4464,2025-03-25,3683.8171147874605
bg_4466,2022-10-02,525.7977847993441
bg_4469,2025-04-14,2598.767528849239
bg_4475,2022-10-02,12622.607736775246
bg_4486,2023-07-03,568.1190809152824
bg_4493,2024-04-29,1624.7858670297658
bg_4499,2025-03-25,912.7920075243675
bg_4507,2021-07-14,4815.2078486499495
bg_4510,2024-07-18,345.6308413611343
bg_4512,2024-07-18,1363.7455346947745
bg_4516,2025-03-25,6830.701033605597
bg_4522,2025-06-28,1496.345122222561
bg_4525,2024-07-18,1827.6961419776571
bg_4530,2025-10-12,2995.555106370116
bg_4533,2025-03-25,13604.438239236597
bg_4534,2024-09-11,108.99080695172421
bg_4536,2019-04-26,60.66824210417326
bg_4543,2024-07-18,1456.3780844615646
bg_4546,2024-09-11,10949.29098537875
bg_4550,2024-02-14,1624.9975819059323
bg_4553,2023-08-26,728.9012026331224
bg_4556,2021-05-15,2362.733747590012
bg_4558,2024-09-11,4259.368892042789
bg_4568,2024-07-18,1859.5476020258507
bg_4575,2023-08-26,412.80712651291776
bg_4577,2024-02-14,1024.32755625349
bg_4578,2024-07-18,316.0500227810184
bg_4587,2024-07-18,1351.5044555234583
bg_4597,2020-05-05,3478.153880954553
bg_4599,2024-07-18,893.1642846644468
bg_4602,2024-02-14,2304.1883429962045
bg_4607,2024-02-14,623.9813543688336
bg_4608,2021-07-14,3762.587420074055
bg_4610,2024-07-18,2399.816373808581
bg_4612,2018-07-30,516.7731177217877
bg_4619,2025-06-28,325.46432999662994
bg_4627,2025-03-25,593.8909062276924
bg_4631,2024-08-22,6150.35925481592
bg_4637,2024-07-18,2869.5743218987204
bg_4638,2024-02-14,18982.61708861043
bg_4642,2025-04-14,1216.621528043975
bg_4648,2025-04-14,713.3455224503085
bg_4656,2024-07-18,7139.411343409279
bg_4659,2025-03-25,629.517396899973
bg_4677,2024-04-04,1152.6439547405691
bg_4682,2023-07-14,2946.5733621615605
bg_4691,2024-02-14,7513.527694951298
bg_4694,2025-03-25,1002.8794612514678
bg_4697,2023-07-09,1651.4291122538475
bg_4702,2024-02-14,546.7162234649111
bg_4703,2024-02-14,2049.693705142548
bg_4706,2025-04-14,1906.6409068569085
bg_4708,2025-03-25,2162.0121513534655
bg_4720,2023-07-07,1620.6712014779164
bg_4722,2024-09-11,24673.830004287902
bg_4730,2023-09-14,2276.3822208276047
bg_4731,2023-08-07,338.3668934750761
bg_4732,2024-02-14,4461.427282384004
bg_4738,2024-02-14,2741.758850446181
bg_4746,2021-07-14,2853.9960765563796
bg_4758,2022-10-02,19664.556153813908
bg_4776,2024-10-19,2707.4383675348436
bg_4799,2024-07-18,1112.0569374362608
bg_4802,2024-02-14,1914.6368102596282
bg_4808,2021-07-09,2447.510488904952
bg_4810,2022-07-24,2060.235537262768
bg_4819,2025-03-25,5420.063373107607
bg_4830,2024-09-11,139.24790267720306
bg_4843,2025-04-14,246.5668144746131
bg_4867,2025-04-14,427.3484087954535
bg_4874,2025-03-25,805.8665176069572
bg_4878,2025-03-25,1814.8425883530545
bg_4879,2025-04-14,1980.9359152935972
bg_4880,2025-03-25,6408.06813038056
bg_4883,2023-08-26,637.4431307184169
bg_4889,2021-07-14,8263.866133499318
bg_4892,2025-04-14,1524.9914090905752
bg_4896,2024-02-14,530.0142498084084
bg_4899,2024-09-11,351.1449116817892
bg_4900,2022-07-24,2380.6627138258286
bg_4903,2021-07-14,1565.9314675298363
bg_4907,2025-03-25,13148.233236922008
bg_4912,2024-07-18,762.1310438502769
bg_4918,2025-04-14,431.5135307265164
bg_4920,2025-03-25,7275.028631503483
bg_4924,2025-03-25,3440.2403905832143
bg_4940,2025-03-25,917.8999185640538
bg_4946,2023-08-26,806.697845354898
bg_4954,2024-07-18,1400.304349204138
bg_4955,2025-03-25,10115.56701186838
bg_4958,2024-07-18,3948.17207027481
bg_4959,2022-10-02,1234.6070232267944
bg_4963,2024-07-18,6297.515192462934
bg_4969,2021-07-14,2028.09160700386
bg_4974,2025-03-25,9662.235331459306
bg_4983,2024-04-04,2439.381415113173
bg_4984,2024-09-11,14450.363881663956
bg_4994,2025-06-28,1599.1265978653341
bg_5000,2024-09-11,20204.288302251345
bg_5001,2023-08-26,3456.6058522486937
bg_5016,2024-02-14,593.8098423737325
bg_5017,2025-04-14,1828.8842518049703
bg_5023,2025-03-25,3434.6099827637963
bg_5034,2021-07-14,7327.605561286885
bg_5042,2025-03-25,843.1558328685779
bg_5049,2021-09-22,1460.8745082998037
bg_5059,2025-03-25,197.68462889145755
bg_5061,2024-09-11,8589.338577009079
bg_5069,2022-07-24,3977.7902811736585
bg_5073,2025-03-25,12596.487781886033
bg_5080,2024-10-19,1873.3975797198193
bg_5083,2021-07-14,671.8183345223434
bg_5101,2022-07-24,3587.0253404456234
bg_5105,2024-09-11,2172.366521308051
bg_5106,2025-06-28,1022.2224693774043
bg_5116,2021-07-14,1003.9203997328408
bg_5117,2024-02-14,2977.2541358271014
bg_5118,2024-07-18,1416.9254722814146
bg_5125,2024-10-19,1266.0185264442193
bg_5139,2025-07-23,1572.239201044102
bg_5140,2025-04-14,2690.0597693175596
bg_5142,2021-07-14,2184.192475057719
bg_5145,2021-07-14,323.91117331766645
bg_5158,2025-03-25,1491.595579505353
bg_5161,2023-06-07,180.20367587792563
bg_5164,2024-02-14,1403.7774675854118
bg_5166,2024-07-18,3299.771360700606
bg_5172,2018-07-30,1723.042328557447
bg_5173,2023-07-03,976.5522152962678
bg_5177,2022-10-02,9113.839692385374
bg_5178,2025-03-25,1322.634069461349
bg_5179,2024-07-03,486.1725656595599
bg_5183,2023-07-03,100.68069229001269
bg_5191,2023-08-26,565.0581904547705
bg_5200,2022-07-24,4471.335109450008
bg_5207,2023-07-07,380.9957302909083
bg_5209,2024-09-01,2195.008331305346
bg_5218,2021-07-14,10176.950494691462
bg_5219,2024-02-14,1116.4976442428826
bg_5221,2024-09-11,2740.6985139742383
bg_5222,2024-07-18,437.1685324906396
bg_5228,2025-03-25,4155.352075239727
bg_5229,2025-04-14,6129.513358905203
bg_5240,2024-02-14,2167.457054753082
bg_5247,2021-07-14,401.0197725799125
bg_5255,2023-07-09,480.3746505592887
bg_5259,2024-07-18,236.13674534049122
bg_5260,2025-04-14,2109.77776659045
bg_5261,2025-03-25,788.9208103479938
bg_5274,2024-07-18,721.9305479058576
bg_5287,2023-09-14,217.40841957025643
bg_5292,2025-03-25,449.1386445189661
bg_5297,2023-06-07,1105.455994827378
bg_5301,2024-09-01,281.4494157034675
bg_5303,2021-07-14,4300.24993294568
bg_5311,2023-09-14,540.8353199446927
bg_5312,2023-08-26,1545.6141486476974
bg_5322,2021-07-14,5892.029883130282
bg_5324,2024-07-18,1946.2485361586753
bg_5331,2024-09-01,2088.472622588051
bg_5340,2025-03-25,1634.5882566567077
bg_5348,2025-06-28,527.9851694887648
bg_5367,2025-03-25,854.3992605332622
bg_5373,2024-04-29,5467.664000247301
bg_5378,2025-03-25,697.8544583220581
bg_5379,2024-02-14,1345.8706789655505
bg_5382,2021-07-09,1136.3675448111132
bg_5384,2020-05-15,1507.011564819545
bg_5393,2022-10-02,4261.339226792448
bg_5415,2025-04-14,2109.8411076903367
bg_5421,2025-03-25,1376.2365769374505
bg_5427,2024-09-01,3986.689633079045
bg_5436,2025-04-14,8119.036844663384
bg_5438,2025-04-14,2423.636669346241
bg_5440,2023-03-16,1278.499490574647
bg_5447,2025-03-25,7946.334806468825
bg_5463,2023-07-07,943.6901178353863
bg_5468,2024-07-18,203.82899989957573
bg_5473,2025-10-12,19960.144929303442
bg_5480,2025-04-14,1120.725072129619
bg_5489,2025-03-25,10484.535182148084
bg_5490,2022-07-24,1221.7372308316126
bg_5495,2024-07-18,895.021847610263
bg_5496,2023-07-14,2837.8424805650966
bg_5498,2023-07-14,2418.5945190752514
bg_5510,2024-09-01,661.7750336784125
bg_5511,2024-04-29,1046.8503482351098
bg_5514,2024-02-14,5433.375624609587
bg_5516,2025-03-25,1165.7827511160053
bg_5521,2024-07-18,1269.0844925771557
bg_5524,2025-08-07,1655.1987678222717
bg_5526,2023-07-07,2426.747144327186
bg_5530,2024-10-19,205.6984941607808
bg_5533,2025-03-25,1435.2086166480588
bg_5535,2025-04-14,564.638725735312
bg_5544,2025-04-14,1235.5691667406002
bg_5547,2024-02-14,17525.551130877484
bg_5557,2022-10-02,6038.133767522765
bg_5560,2025-06-28,1433.1529549913641
bg_5563,2024-07-18,1047.1198122948117
bg_5570,2025-03-25,2059.107158090616
bg_5577,2023-08-26,1583.4665731236514
bg_5580,2025-06-28,755.8191771185096
bg_5581,2024-07-03,6140.691544541093
bg_5586,2025-03-25,540.9697519273566
bg_5588,2024-05-04,764.143515970666
bg_5602,2025-03-25,7110.079575729077
bg_5613,2024-04-04,932.9155499294793
bg_5615,2025-03-25,4331.1123589790195
bg_5621,2025-04-14,1193.354618879079
bg_5624,2025-03-25,5012.088250190583
bg_5625,2024-02-14,379.506749610706
bg_5629,2024-09-11,14096.848160510724
bg_5632,2024-09-01,577.639736340932
bg_5636,2023-07-09,460.9558517906125
bg_5640,2022-10-02,2955.662107972151
bg_5645,2025-04-14,235.53619000067198
bg_5660,2024-09-11,355.2665683680576
bg_5662,2025-03-25,5795.457271734605
bg_5663,2025-03-25,1479.9911167639154
bg_5667,2025-06-28,720.7067276637858
bg_5669,2025-03-25,1540.031013356538
bg_5671,2023-07-14,328.2891422206631
bg_5673,2025-04-14,1327.9934479130968
bg_5686,2025-04-14,1286.2378784656114
bg_5688,2024-02-14,1689.251831699263
bg_5689,2024-02-14,340.23238793520875
bg_5692,2024-08-22,1160.6642388308496
bg_5695,2018-07-30,2486.3475710768384
bg_5697,2024-10-19,2247.0100835109483
bg_5698,2025-03-25,9134.565919829052
bg_5711,2024-07-18,2511.805413203835
bg_5719,2024-07-18,694.2145723764779
bg_5735,2023-03-16,433.1203025719279
bg_5747,2024-02-14,1517.4429941187157
bg_5753,2024-07-18,2775.056837994677
bg_5754,2025-03-25,3083.1472720582456
bg_5766,2024-07-18,435.1232471380905
bg_5769,2025-04-14,970.6335370779755
bg_5772,2024-09-01,1834.0012368861087
bg_5785,2024-09-01,472.7981815743739
bg_5799,2024-02-14,2037.2043326578373
bg_5804,2021-07-14,19071.595093237203
bg_5808,2025-03-25,1145.7051294286591
bg_5810,2024-07-18,396.6467511527626
bg_5813,2022-07-24,1615.3545236879074
bg_5820,2025-04-14,2211.115770555682
bg_5826,2022-10-02,5829.497807058451
bg_5829,2024-07-03,2019.994488012305
bg_5833,2024-02-14,1974.919009098726
bg_5836,2024-07-03,5743.076437171769
bg_5839,2025-03-25,3335.7941373683
bg_5844,2025-04-14,3653.2387049438985
bg_5858,2023-08-26,997.5491907670458
bg_5863,2021-07-14,11442.669206806415
bg_5864,2024-02-14,1731.9639115468601
bg_5865,2024-09-11,2081.775832792785
bg_5885,2025-03-25,284.85233297271213
bg_5887,2025-03-25,3262.9153602413726
bg_5888,2024-04-04,848.243630155823
bg_5889,2024-07-03,6032.037090668278
bg_5901,2024-07-18,2574.217796923902
bg_5904,2025-03-25,2854.2474236827434
bg_5921,2025-03-25,3836.5914635389718
bg_5936,2024-07-08,835.6699139015419
bg_5938,2024-09-01,2067.0837933911243
bg_5954,2022-10-02,5499.731827144027
bg_5956,2024-04-29,238.51372560067915
bg_5957,2024-04-29,153.69416286904598
bg_5966,2021-09-22,745.8670834002442
bg_5970,2024-09-11,23369.29227234959
bg_5971,2025-08-07,201.15835006282236
bg_5981,2025-10-12,5264.2171885758025
bg_5982,2024-07-18,2335.375150612809
bg_5990,2025-03-25,215.50310113779773
bg_5996,2024-07-18,708.0758013801964
bg_6001,2025-03-25,11069.086203892331
bg_6006,2024-02-14,694.7357535781422
bg_6010,2024-10-19,1087.78191293117
bg_6018,2023-07-07,252.5020833580749
bg_6020,2021-07-14,19849.35581464538
bg_6026,2024-07-18,869.2227042591063
bg_6053,2022-10-02,2526.011937125551
bg_6054,2025-04-14,1347.9997396515023
bg_6068,2023-07-09,6456.458544039534
bg_6071,2024-07-18,1479.4275670338968
bg_6077,2024-02-14,1812.4120686532606
bg_6081,2023-07-14,434.3689604471102
bg_6083,2023-07-14,186.52660614513556
bg_6088,2022-10-02,19318.49709031484
bg_6095,2021-07-14,2864.543053909421
bg_6099,2023-08-26,570.5530794763637
bg_6106,2022-10-02,6019.375588422717
bg_6108,2024-04-29,984.2079630341841
bg_6116,2025-03-25,5675.782257416329
bg_6124,2022-10-02,5913.715511968675
bg_6136,2025-04-14,473.31090976235464
bg_6138,2025-06-28,22.538589130671728
bg_6148,2024-07-18,789.091483796391
bg_6150,2024-09-01,1045.4694479514976
bg_6156,2024-02-14,429.22532788725414
bg_6165,2021-07-14,9859.886778173375
bg_6166,2025-03-25,5181.845620722421
bg_6183,2022-10-02,15440.661355929673
bg_6185,2024-04-29,2040.2656505953937
bg_6187,2021-07-14,290.8418474016127
bg_6190,2023-07-15,240.3433710340747
bg_6191,2025-03-25,8554.056461357974
bg_6209,2025-04-14,2056.015023777773
bg_6213,2025-04-14,2680.970729605179
bg_6218,2025-04-14,1850.6473248028772
bg_6221,2025-03-25,2707.74721798366
bg_6226,2023-07-07,1852.1704466112103
bg_6232,2024-02-14,606.5166927628602
bg_6233,2018-07-25,17011.76421946002
bg_6234,2023-08-26,923.0501605547026
bg_6236,2024-09-11,6332.474755140997
bg_6238,2025-03-25,1524.71062257752
bg_6239,2025-04-14,1456.5125214016907
bg_6243,2025-08-07,446.24903921463266
bg_6253,2025-04-14,751.3436780195408
bg_6254,2023-07-07,2228.953656427413
bg_6255,2025-06-28,1190.3053694326088
bg_6256,2021-07-14,258.88827937920223
bg_6271,2025-03-25,963.9426385942307
bg_6272,2025-03-25,9609.342628510027
bg_6290,2020-03-26,3898.1726276038485
bg_6294,2023-06-07,1471.9292555009624
bg_6297,2025-03-25,10611.86563096708
bg_6301,2024-07-18,62.097061122022346
bg_6303,2022-07-24,1588.4727067218314
bg_6312,2023-07-14,274.4166695007798
bg_6314,2024-09-01,13912.850824130282
bg_6319,2025-03-25,5437.848327803921
bg_6324,2025-03-25,8044.6855029640255
bg_6331,2025-03-25,3486.9018697978986
bg_6334,2024-07-18,1219.3996924716578
bg_6335,2025-03-25,1957.0924757147445
bg_6342,2024-02-14,6607.755960157954
bg_6344,2025-04-14,1306.4719700399035
bg_6351,2024-04-29,1901.7912612322245
bg_6369,2025-04-14,3517.441792126684
bg_6374,2024-07-18,735.1134715131473
bg_6379,2022-10-02,630.371424241291
bg_6389,2020-05-05,3084.858814857014
bg_6402,2023-07-14,920.3051195120389
bg_6405,2025-04-14,909.1838091386254
bg_6410,2023-07-07,1645.2273343524312
bg_6418,2021-07-14,3042.948006210407
bg_6420,2025-03-25,1625.3028854032095
bg_6422,2024-02-14,3411.9442810220994
bg_6431,2024-07-03,1212.7978727304778
bg_6443,2024-02-14,1448.4588274783375
bg_6460,2024-04-29,927.483773712511
bg_6464,2021-07-14,5982.686643657681
bg_6470,2023-07-14,348.5661671763428
bg_6484,2023-07-07,3260.9009514703025
bg_6486,2024-02-14,2744.9675951457025
bg_6491,2024-02-14,210.74850058780012
bg_6496,2025-03-25,846.4181598358462
bg_6497,2023-07-14,1000.2246262215458
bg_6499,2025-04-14,6675.38689389621
bg_6500,2023-07-14,2681.262622366699
bg_6511,2025-04-14,92.25901636154563
bg_6514,2025-03-25,2699.6797659166014
bg_6517,2022-10-27,321.19883250104255
bg_6523,2023-08-26,1274.2281800762553
bg_6525,2025-03-25,563.5382131674706
bg_6527,2021-05-15,578.2066737767349
bg_6532,2024-04-29,676.4789830438068
bg_6538,2024-09-01,8047.181932359894
bg_6546,2024-09-11,23301.792035774706
bg_6549,2024-09-11,4800.285082419453
bg_6551,2024-02-14,1497.9495779230976
bg_6556,2019-07-15,892.9143591633781
bg_6558,2024-10-19,1296.986415734783
bg_6567,2022-10-02,14675.919839127513
bg_6568,2021-07-14,1225.9545291732975
bg_6569,2024-02-14,626.4461835626095
bg_6579,2022-10-02,5690.356447051312
bg_6580,2024-02-14,2925.4109489095868
bg_6584,2024-07-18,3151.421741500064
bg_6588,2025-03-25,4801.66550588447
bg_6589,2022-07-24,11990.196020124153
bg_6591,2024-02-14,12077.974038927445
bg_6597,2025-09-21,733.6783950068669
bg_6602,2025-03-25,1751.7470192926814
bg_6603,2025-03-25,7094.6284512441225
bg_6620,2024-04-04,636.8842159291652
bg_6628,2025-04-14,879.8818817319286
bg_6643,2021-07-14,984.1989039316032
bg_6654,2024-02-14,5845.2759297488265
bg_6655,2024-07-18,1715.5496770716345
bg_6665,2023-03-16,2839.6734443418354
bg_6667,2025-09-11,582.478668107123
bg_6672,2025-10-12,20099.395698547796
bg_6674,2024-07-18,1506.2087314845433
bg_6676,2025-04-14,2421.7061899619534
bg_6696,2024-02-14,13636.82067370544
bg_6703,2024-10-19,421.59753794340685
bg_6705,2021-07-14,3734.2698274763925
bg_6712,2025-03-25,80.23735352065796
bg_6713,2025-04-14,3296.678807679033
bg_6716,2024-07-18,120.30875986399633
bg_6724,2024-07-18,1927.4330811989255
bg_6727,2024-04-29,843.2586132381814
bg_6729,2025-03-25,415.9204968500573
bg_6732,2024-07-18,3299.257324505057
bg_6733,2024-04-29,1956.2049638264673
bg_6736,2024-02-14,7287.400041914974
bg_6737,2025-03-25,615.6819705010186
bg_6743,2023-08-26,302.3668144821533
bg_6744,2024-07-18,11819.074579885766
bg_6757,2023-05-28,4643.742262023077
bg_6767,2025-06-28,972.0076629841102
bg_6768,2024-10-19,701.0413067716054
bg_6779,2025-04-14,958.0753014768814
bg_6783,2023-07-07,411.9913982111613
bg_6791,2025-03-25,496.46520764294036
bg_6792,2023-03-16,618.3224813152019
bg_6794,2025-03-25,11561.001593897543
bg_6798,2025-06-28,668.3557114292469
bg_6804,2025-06-28,336.91707822552945
bg_6805,2021-07-14,1099.1029349429762
bg_6818,2025-06-28,99.55598073446303
bg_6847,2025-03-25,10181.40304174728
bg_6848,2025-03-25,2817.322856347857
bg_6859,2019-04-26,153.4513610237263
bg_6862,2023-03-16,1995.7438108384408
bg_6864,2024-10-16,554.9453112694246
bg_6867,2024-02-14,7381.7662222598665
bg_6872,2024-09-11,8796.75974279732
bg_6875,2025-04-14,3041.0923204992664
bg_6877,2023-07-09,7281.770762589251
bg_6879,2025-03-25,601.1192776816364
bg_6892,2023-07-14,2558.3421932569313
bg_6899,2025-03-25,238.9467798485724
bg_6916,2025-03-25,749.142222278392
bg_6917,2019-07-15,231.7060642278058
bg_6918,2024-07-18,1279.6162595090814
bg_6919,2024-02-14,832.0312548215659
bg_6921,2025-06-28,2233.1547857236646
bg_6930,2025-08-07,813.7718066508344
bg_6945,2025-03-25,967.8944097886668
bg_6950,2024-07-18,2027.3278676376303
bg_6954,2019-07-15,1262.3835783549753
bg_6955,2024-07-18,2862.4890024242445
bg_6959,2022-07-24,1123.4266760232372
bg_6972,2025-03-25,429.3665335118757
bg_6976,2025-04-14,886.7976893293558
bg_6982,2023-07-14,1441.6473508456095
bg_6983,2023-07-07,1558.1841886310058
bg_6992,2025-03-25,3648.186367388558
bg_6994,2018-07-30,5111.511055176922
bg_7000,2019-04-26,686.1103403972198
bg_7006,2024-07-18,1410.6802146835319
bg_7010,2025-04-14,413.119219717656
bg_7012,2023-07-09,1323.9925928042762
bg_7049,2024-02-14,159.28232168093155
bg_7065,2024-04-29,1525.0266081940542
bg_7078,2024-08-22,352.9229278469931
bg_7096,2025-04-14,602.0869665588082
bg_7101,2025-04-14,2285.556821170676
bg_7115,2024-07-18,3133.9618796819173
bg_7122,2024-07-18,3389.7664890076994
bg_7129,2024-07-18,3227.166579803141
bg_7155,2024-07-18,23.18887879999726
bg_7163,2025-06-28,518.9311068918325
bg_7165,2024-09-01,567.497318584194
bg_7170,2025-06-28,1561.6523312503837
bg_7171,2025-04-14,973.3195027840577
bg_7172,2024-02-14,15578.191429463584
bg_7177,2024-07-03,4292.716499980061
bg_7183,2025-04-14,2466.6123553163116
bg_7184,2024-07-18,1187.9965321498073
bg_7186,2023-07-03,677.205271686691
bg_7190,2024-04-29,286.1970457567611
bg_7191,2025-03-25,8283.258166301197
bg_7200,2023-07-14,3078.83329988823
bg_7207,2025-03-25,391.0879811499173
bg_7208,2025-03-25,2113.9884992118164
bg_7211,2025-03-25,2138.6970316060583
bg_7213,2021-07-14,6296.5013208606015
bg_7216,2025-03-25,842.6726890673964
bg_7219,2025-07-03,1626.8851984696503
bg_7224,2025-10-12,13112.99002061701
bg_7235,2024-09-11,1044.8307086796328
bg_7237,2025-03-25,17003.74326793057
bg_7246,2024-07-18,860.6297699361597
bg_7251,2024-04-29,1277.267363397134
bg_7255,2018-07-30,6070.940527150671
bg_7257,2025-03-25,1026.3901597830975
bg_7266,2025-04-14,739.2972611878617
bg_7268,2025-03-25,10835.912125538862
bg_7273,2019-04-26,1523.2896904396266
bg_7277,2025-03-25,3209.874152050402
bg_7278,2024-02-14,1817.412655067842
bg_7280,2024-02-14,4970.607204567587
bg_7291,2021-05-15,1087.9336651193953
bg_7305,2023-07-14,2271.0008779612026
bg_7309,2025-04-14,2110.947691843764
bg_7313,2021-07-14,2698.3164706347466
bg_7320,2025-04-14,2571.724872764949
bg_7321,2021-07-09,295.6256866374622
bg_7322,2024-07-18,2910.432724149254
bg_7333,2019-07-15,410.6312713375762
bg_7346,2025-03-25,10690.134482559166
bg_7353,2024-09-11,1118.6373719842838
bg_7357,2025-04-14,3589.807307502938
bg_7361,2025-06-28,2409.029402580963
bg_7364,2024-07-18,944.1625536421391
bg_7367,2024-09-11,19942.767736613037
bg_7369,2021-07-14,1523.9170015456978
bg_7371,2024-07-18,5155.07318956765
bg_7373,2024-02-14,1037.7435716014154
bg_7392,2023-07-03,276.534215785318
bg_7394,2025-04-14,1711.7452012785445
bg_7396,2024-07-18,1313.1244550689153
bg_7400,2023-06-26,2339.7715526520965
bg_7419,2021-07-14,1090.964573989215
bg_7424,2024-09-01,781.1511152777537
bg_7428,2025-04-14,312.9284616330982
bg_7430,2022-07-24,3764.616479935189
bg_7432,2025-03-25,8523.774958737444
bg_7458,2024-09-11,1403.8961706621578
bg_7471,2024-02-14,759.5948986137078
bg_7475,2024-07-18,2190.956377931967
bg_7476,2021-07-14,10288.160396416844
bg_7477,2022-07-24,674.1754638815613
bg_7480,2022-07-24,15385.088591392627
bg_7486,2021-07-14,6915.03022584853
bg_7497,2024-02-14,1052.6984244314415
bg_7505,2025-09-11,1531.5239105214132
bg_7519,2024-07-18,2924.1347201865674
bg_7521,2024-07-18,888.6563865185022
bg_7527,2022-07-24,17690.253428851713
bg_7532,2023-07-09,1153.9950839149546
bg_7540,2025-03-25,6474.934406123122
bg_7544,2024-07-18,1211.7145882593359
bg_7546,2025-03-25,1375.8845975222969
bg_7547,2025-06-28,777.4884143831855
bg_7552,2024-02-14,1808.407118986157
bg_7557,2023-07-14,2190.44713355523
bg_7569,2021-07-14,2489.5183312643176
bg_7581,2025-03-25,9786.559376491792
bg_7586,2025-04-14,638.9446439246722
bg_7588,2019-07-15,1276.5567064962133
bg_7589,2025-06-28,2625.7923517673853
bg_7590,2024-09-11,17565.58309007985
bg_7591,2023-07-14,2474.7563368138085
bg_7600,2021-07-14,5755.518563761107
bg_7610,2023-07-07,3439.47012310047
bg_7612,2024-07-18,1803.5720195492042
bg_7620,2021-07-14,3286.4320590116336
bg_7625,2025-04-14,1105.8148254115931
bg_7629,2023-06-26,1420.1109571437914
bg_7631,2022-07-24,5075.652874310863
bg_7638,2024-07-18,1601.5872265348496
bg_7641,2025-03-25,1168.344169369627
bg_7644,2023-07-09,1526.9324520098025
bg_7655,2024-08-02,1196.5080509967445
bg_7670,2024-07-18,458.0111366550234
bg_7671,2025-03-25,10374.422908099517
bg_7682,2024-07-18,775.7397456621798
bg_7690,2024-07-18,494.5964102176315
bg_7696,2018-05-26,3418.8052092654166
bg_7704,2025-04-14,3793.1112481971904
bg_7708,2024-07-18,1936.3568472778932
bg_7712,2023-07-07,1533.7385438856481
bg_7716,2025-06-28,1224.375628841095
bg_7717,2024-09-01,8097.670856789599
bg_7720,2025-03-25,16221.630559610934
bg_7733,2024-02-14,934.4264604559718
bg_7735,2025-03-25,16458.696124070444
bg_7738,2024-02-14,7384.005955103322
bg_7739,2025-03-25,9433.146148215692
bg_7754,2018-07-30,3883.770784585205
bg_7757,2025-04-14,1581.517758610332
bg_7760,2025-10-12,14121.940750435233
bg_7761,2024-08-22,5449.946898943216
bg_7768,2025-03-25,2048.707717782107
bg_7770,2019-04-26,2212.769347446959
bg_7773,2023-08-07,3115.0071921906347
bg_7778,2025-04-14,1179.8110608059949
bg_7793,2025-03-25,5554.681596500599
bg_7797,2024-02-14,1070.5353156716105
bg_7800,2024-02-14,1883.7927134639494
bg_7801,2023-08-26,3999.7641675104474
bg_7808,2024-07-18,1567.575581750361
bg_7813,2023-07-03,139.30075412574072
bg_7814,2025-03-25,5735.846846604481
bg_7816,2023-07-14,1584.9541976033456
bg_7830,2024-02-14,384.0031354040139
bg_7834,2024-07-18,140.56804188708622
bg_7852,2023-07-07,185.0051399287074
bg_7862,2021-07-14,15892.8940224994
bg_7866,2025-03-25,2695.515838517769
bg_7869,2024-02-14,640.4198001311171
bg_7872,2025-03-25,3556.5570775821207
bg_7876,2024-09-01,218.41193465554488
bg_7889,2025-03-25,1115.7082425525732
bg_7894,2025-03-25,700.7544283127659
bg_7911,2019-07-15,1725.1251009126822
bg_7917,2024-07-18,1144.2435616598937
bg_7918,2021-07-09,203.56603179319072
bg_7919,2024-07-18,548.1387132837699
bg_7922,2024-07-18,1177.981135884499
bg_7925,2024-07-03,1952.288763938329
bg_7935,2024-02-14,725.3118669925171
bg_7946,2024-09-11,1409.0682981672558
bg_7951,2024-02-14,3648.3569182441406
bg_7959,2024-07-18,1156.8635152860472
bg_7960,2025-03-25,897.5553764530631
bg_7963,2023-07-07,544.063824380976
bg_7968,2024-07-18,969.0773857645682
bg_7973,2024-07-18,5306.25415088645
bg_7974,2024-07-18,1323.0603575422876
bg_7975,2025-06-28,862.7268040927088
bg_7980,2025-10-12,2179.528748422509
bg_7981,2025-06-28,2263.5069051583923
bg_7984,2024-02-14,2862.236674368413
bg_7988,2025-06-28,445.4729774069819
bg_7990,2022-10-02,1070.7365444870068
bg_7994,2023-07-14,608.5240688749026
bg_7997,2022-07-24,14887.117765941186
bg_8001,2025-03-25,76326.15726444841
bg_8009,2022-07-24,1491.0589968208096
bg_8012,2024-09-01,3407.250154728827
bg_8013,2024-07-18,3270.4016627473115
bg_8016,2025-04-14,5634.281639126669
bg_8032,2024-09-11,10204.68233981342
bg_8043,2021-07-14,17333.647276623306
bg_8061,2024-07-18,224.96988798496008
bg_8062,2025-04-14,1774.2742277900686
bg_8073,2025-03-25,8712.886242583514
bg_8075,2025-03-25,590.8405166370435
bg_8076,2024-09-01,2301.859347331999
bg_8091,2025-03-25,1211.5398166382947
bg_8100,2024-02-14,1567.1593398565358
bg_8121,2025-03-25,2270.439699727777
bg_8133,2024-02-14,17791.764423828645
bg_8136,2024-07-18,268.3741054945701
bg_8137,2025-03-25,3881.873565496338
bg_8141,2024-07-18,1013.0563506535556
bg_8146,2024-02-14,1778.4278743317677
bg_8154,2024-02-14,6416.325597949435
bg_8164,2021-07-09,1154.8138709333791
bg_8166,2023-08-26,1977.0339256826123
bg_8171,2025-04-14,772.1471925091935
bg_8174,2024-07-18,5106.152402396492
bg_8175,2024-07-03,1025.4636439193134
bg_8180,2024-02-14,1353.9212199386943
bg_8182,2025-03-25,4056.3547919409193
bg_8186,2025-09-21,380.9460467048352
bg_8188,2025-04-14,8611.537191755964
bg_8193,2025-04-14,1268.3759184483022
bg_8199,2025-03-25,6940.539921187689
bg_8200,2024-09-01,397.1002071267
bg_8215,2024-09-11,231.66336287801005
bg_8220,2025-04-14,1425.0846729229456
bg_8221,2025-03-25,41.83479054551821
bg_8223,2025-03-25,3645.34830012178
bg_8225,2024-08-02,8600.109882792254
bg_8229,2018-07-30,2080.315521068826
bg_8233,2025-03-25,1304.2541211359608
bg_8236,2022-07-24,3075.74017017053
bg_8243,2023-07-07,722.7328154303457
bg_8247,2025-03-25,1123.187797654327
bg_8252,2023-07-14,225.2201784923895
bg_8256,2021-07-14,16942.557236745382
bg_8257,2023-08-26,1595.2417369477978
bg_8258,2021-07-14,4936.30003036687
bg_8264,2024-07-18,3340.480320447941
bg_8266,2025-08-07,446.3404317336441
bg_8271,2024-04-29,353.06725719037365
bg_8274,2025-03-25,4777.658089607938
bg_8275,2024-07-18,2438.9165316795907
bg_8286,2023-07-14,2654.585781058942
bg_8294,2025-03-25,334.04930324693163
bg_8306,2023-07-09,2518.946099661722
bg_8311,2025-03-25,16682.208969713778
bg_8318,2022-07-24,13520.724824246689
bg_8321,2022-10-02,6183.787557031658
bg_8330,2024-02-14,2446.436301234847
bg_8332,2018-07-30,3795.1489662725635
bg_8344,2025-03-25,2459.88275135221
bg_8346,2024-07-18,924.9762280728256
bg_8348,2023-08-26,708.3959636390924
bg_8349,2024-07-18,3882.3481509004764
bg_8352,2023-03-16,4988.0113627074315
bg_8353,2024-07-18,1854.7038110167366
bg_8363,2022-10-02,8499.612229419636
bg_8372,2024-10-19,509.90943205627923
bg_8374,2023-08-26,1451.3862564113028
bg_8379,2024-07-18,851.5628569870325
bg_8382,2025-03-25,14686.45190985541
bg_8383,2025-10-12,8155.690742622635
bg_8387,2024-07-18,4425.691714613801
bg_8392,2024-07-18,296.180406678063
bg_8395,2025-10-12,18385.528569810045
bg_8397,2024-09-01,100.31858451933216
bg_8399,2024-10-19,2313.9770082264386
bg_8409,2025-03-25,4183.720068563707
bg_8410,2024-07-18,706.4162167593124
bg_8412,2021-07-14,3219.0805466156007
bg_8415,2022-10-02,4684.762494993664
bg_8419,2024-07-18,2839.295892329547
bg_8434,2025-06-28,1679.653850559896
bg_8440,2024-02-14,7491.2892487877525
bg_8448,2025-03-25,1439.0697142252718
bg_8449,2024-02-14,1772.0136802235647
bg_8457,2024-09-11,5453.365148648737
bg_8458,2024-04-04,976.8541117281835
bg_8465,2025-04-14,2057.9010111518587
bg_8467,2023-07-09,517.127618388405
bg_8468,2025-03-25,767.0513591671787
bg_8471,2024-07-18,2191.6133667232752
bg_8474,2024-07-18,194.74229176036405
bg_8480,2024-07-18,504.4591702010276
bg_8491,2022-10-02,18476.34111940202
bg_8498,2025-04-14,1723.1265354872446
bg_8502,2024-04-29,3137.421592646033
bg_8503,2022-07-24,4102.414023596367
bg_8504,2024-07-18,1104.8015710524844
bg_8518,2023-06-07,1001.4044108153786
bg_8524,2025-03-25,5921.674188268102
bg_8528,2023-07-12,1043.040180865556
bg_8529,2024-07-18,457.9098510623862
bg_8532,2024-02-14,1444.7301165615445
bg_8534,2024-07-18,11755.445461015188
bg_8537,2024-02-14,1022.4669290494395
bg_8543,2024-04-04,714.4504856181302
bg_8544,2021-07-14,1151.8368230353433
bg_8546,2024-07-08,619.2219454282583
bg_8558,2024-07-18,2381.9218852853523
bg_8562,2025-06-28,371.7938087165251
bg_8569,2021-07-14,17586.72507746682
bg_8575,2021-07-14,4545.9690934278115
bg_8590,2025-09-11,1167.7996679226244
bg_8591,2025-03-25,2750.431959747265
bg_8593,2024-07-18,2360.531619317892
bg_8600,2024-07-03,350.28688999153394
bg_8603,2025-03-25,852.3375153070091
bg_8616,2024-07-18,6952.280157531152
bg_8621,2024-07-18,4569.2801366627145
bg_8628,2023-07-14,1641.4158158432367
bg_8645,2023-07-07,1671.1971973707418
bg_8648,2025-03-25,3182.7230550270037
bg_8651,2024-02-14,7211.398989849374
bg_8656,2025-03-25,191.13635028440487
bg_8657,2023-07-07,798.5263069555124
bg_8658,2024-02-14,20108.74576392336
bg_8660,2025-03-25,3306.49852104921
bg_8663,2025-03-25,1703.6602521043426
bg_8664,2025-04-14,645.8032654763612
bg_8677,2025-06-28,744.9146257790676
bg_8689,2018-05-26,1393.4827285974347
bg_8691,2025-04-14,119.1646004482868
bg_8698,2024-02-14,7972.947918116684
bg_8700,2021-07-14,19429.229496621752
bg_8702,2025-03-25,11636.646338790984
bg_8703,2024-07-18,1346.9920072519537
bg_8709,2021-07-14,6322.992323291226
bg_8711,2025-04-14,1147.5877632670206
bg_8712,2021-07-14,1410.5712345357354
bg_8718,2025-03-25,861.6658060407607
bg_8724,2025-03-25,1800.6129403622451
bg_8736,2024-09-11,3248.0533663257133
bg_8753,2024-02-14,6544.997926699267
bg_8758,2024-07-18,880.9892224651815
bg_8760,2021-07-14,8105.611826777608
bg_8762,2025-08-07,1394.4551704522598
bg_8763,2023-07-14,338.47306318236326
bg_8764,2024-07-18,1777.1758737951927
bg_8768,2024-02-14,2429.255174904481
bg_8785,2023-07-09,936.7522861462045
bg_8789,2022-07-24,8644.85558358274
bg_8801,2024-07-18,1101.4304098310222
bg_8818,2024-07-18,1009.3703092524078
bg_8837,2025-03-25,32186.72905174438
bg_8840,2024-02-14,10244.431555693991
bg_8845,2025-03-25,3417.0084378007064
bg_8847,2024-02-14,1029.3611669867819
bg_8850,2025-03-25,953.085710573715
bg_8854,2024-02-14,3402.996728326495
bg_8855,2023-08-19,643.9936288504193
bg_8857,2024-07-18,962.7091885919812
bg_8859,2021-05-15,806.7216868289664
bg_8867,2024-07-18,540.5024758501013
bg_8870,2025-04-14,791.0760573420378
bg_8888,2025-03-25,923.5439664682822
bg_8894,2024-07-18,919.1708515831026
bg_8896,2024-07-18,728.2318835370775
bg_8906,2025-06-28,1131.3535854012407
bg_8918,2023-07-03,464.11313383670654
bg_8927,2025-06-28,1316.601588066739
bg_8935,2025-06-28,446.9970568134097
bg_8936,2024-09-11,8894.442463611633
bg_8944,2023-07-07,279.42536212738804
bg_8945,2025-10-12,16424.098149694677
bg_8950,2024-07-18,1565.0006212139617
bg_8953,2021-07-14,2097.347663049517
bg_8954,2025-03-25,17126.739311570407
bg_8964,2024-07-18,6651.393237638296
bg_8972,2024-02-14,2344.597555338618
bg_8977,2023-07-03,790.1656141595546
bg_8982,2025-04-14,950.3720937086655
bg_8986,2025-03-25,934.2041961476806
bg_8996,2019-04-26,1878.2103046517375
bg_8999,2024-09-11,906.159826575788
bg_9000,2024-07-18,2166.3167013389016
bg_9005,2024-02-14,1100.0129181059417
bg_9010,2024-02-14,15901.180849012477
bg_9013,2025-04-14,2429.8586219161634
bg_9032,2024-02-14,6294.906488979846
bg_9035,2022-10-02,8925.947914731712
bg_9041,2024-02-14,4316.088585397742
bg_9052,2025-04-14,723.4346605602533
bg_9059,2025-03-25,369.8400086523629
bg_9067,2024-07-18,4680.830264835537
bg_9068,2025-03-25,1180.9827469103486
bg_9079,2019-04-26,1509.7295792624677
bg_9083,2025-03-25,5372.125330639486
bg_9084,2025-03-25,1166.7714162165544
bg_9098,2024-07-18,2793.27123324978
bg_9100,2024-07-18,2323.7383901377325
bg_9102,2021-07-09,625.0811397730512
bg_9105,2025-04-14,1185.3870737020939
bg_9108,2025-03-25,3464.2441862112596
bg_9110,2025-04-14,1453.1123107660517
bg_9112,2025-03-25,379.32681964237855
bg_9118,2024-09-11,1576.6473177286068
bg_9126,2023-07-14,1379.1374159596287
bg_9127,2024-04-29,479.3471356957305
bg_9128,2025-03-25,2734.4428256045044
bg_9130,2022-10-02,414.2024390320669
bg_9134,2023-07-03,332.9726631422092
bg_9137,2024-04-29,1236.751524963606
bg_9143,2024-07-18,1189.9058087511655
bg_9145,2022-10-02,4584.349358687544
bg_9146,2023-07-14,4472.780986332815
bg_9156,2024-09-11,14342.585849995514
bg_9157,2024-07-18,619.8859353946964
bg_9159,2021-07-14,1228.7931940323515
bg_9162,2024-07-18,793.8441555495046
bg_9166,2023-07-07,2205.973094056192
bg_9168,2025-04-14,4095.796407659882
bg_9174,2021-07-14,16792.287911490675
bg_9190,2024-07-03,1826.6647540257604
bg_9199,2024-07-18,1882.338584846193
bg_9206,2025-03-25,8545.374091238116
bg_9207,2024-07-18,1738.0048834513627
bg_9211,2024-02-14,475.55219829186063
bg_9222,2024-07-18,3369.3060863329997
bg_9227,2025-03-25,3000.34400529345
bg_9241,2025-06-28,843.6108222398508
bg_9251,2019-07-15,582.8637879469258
bg_9254,2024-07-03,5023.272538813875
bg_9257,2025-04-14,751.2488933102437
bg_9258,2024-07-18,1344.4922113943385
bg_9259,2023-06-07,1910.5214205811583
bg_9263,2018-07-30,9430.532967982374
bg_9265,2021-07-14,18801.00359088312
bg_9276,2024-07-18,807.9819515309844
bg_9288,2023-07-07,2388.9677283086735
bg_9290,2025-03-25,13299.037054632865
bg_9307,2023-07-09,5110.127010838397
bg_9310,2025-03-25,558.7821447576904
bg_9324,2025-04-14,1302.6546595319007
bg_9326,2025-06-28,1322.5364798370856
bg_9328,2023-07-09,697.0498952730004
bg_9332,2025-03-25,1289.0087537716622
bg_9333,2023-03-16,6462.671591880554
bg_9335,2024-02-14,978.0152151169657
bg_9348,2025-03-25,1380.9713116861476
bg_9358,2025-04-14,379.92958558132875
bg_9364,2024-07-03,4386.005126900918
bg_9365,2023-07-14,1184.9842281652113
bg_9370,2024-07-18,444.60353867221255
bg_9389,2025-04-14,669.275405942963
bg_9391,2023-07-07,2777.530248854339
bg_9395,2025-09-11,302.6967079435893
bg_9397,2023-07-07,2808.438799493588
bg_9406,2024-07-18,2961.1452589326955
bg_9408,2024-07-18,1902.157064309037
bg_9415,2025-04-14,8921.77267593163
bg_9418,2025-03-25,2637.3458877630133
bg_9420,2024-02-14,609.385114110935
bg_9422,2021-07-14,5100.212922653268
bg_9432,2023-06-07,81.72293741667836
bg_9438,2024-02-14,713.4909564950224
bg_9444,2021-07-14,2684.946491775986
bg_9451,2024-07-18,852.9182756279976
bg_9453,2022-10-02,10687.682702648754
bg_9455,2025-03-25,357.97848035882276
bg_9462,2024-07-03,4112.564621157926
bg_9463,2024-07-18,677.4357567327501
bg_9475,2024-07-18,736.5269902724491
bg_9484,2023-07-09,1974.4820925245838
bg_9487,2025-03-25,1357.5999317177304
bg_9500,2024-07-18,13151.421493089681
bg_9506,2024-07-08,746.8227244133333
bg_9512,2025-03-25,2493.612470793992
bg_9516,2025-03-25,1077.5327466021204
bg_9519,2025-04-14,1259.5505065297903
bg_9524,2024-07-18,1058.7260762349952
bg_9527,2024-09-11,548.2960091958902
bg_9533,2021-09-22,3180.7913963978963
bg_9536,2022-07-24,3932.9552887366126
bg_9537,2024-07-18,3654.347152037151
bg_9543,2024-07-18,770.3463946174991
bg_9549,2024-07-18,1779.2490663200579
bg_9550,2024-07-03,4597.377191094905
bg_9552,2025-03-25,2807.039898914844
bg_9555,2024-07-18,1129.7071408113836
bg_9558,2021-07-14,10028.650052843443
bg_9564,2025-10-12,9786.242809106998
bg_9566,2025-06-28,374.7305498621703
bg_9577,2024-07-18,3291.308323995149
bg_9579,2025-03-25,1045.3835422942366
bg_9590,2024-07-18,870.5623788102715
bg_9596,2023-08-26,3778.757309923479
bg_9598,2025-06-28,959.8626327240881
bg_9610,2023-07-07,1173.6433361546729
bg_9616,2024-02-14,413.74348961636645
bg_9619,2024-08-02,1218.8530594372385
bg_9623,2024-07-18,1012.4325794837595
bg_9631,2023-07-14,786.3847021022191
bg_9636,2023-07-14,167.7536100954939
bg_9643,2024-07-18,618.3249984433402
bg_9649,2025-03-25,1602.1087364472592
bg_9652,2021-07-14,866.7801332517217
bg_9657,2023-07-07,327.167739852374
bg_9665,2025-03-25,11192.693742638467
bg_9670,2025-04-14,4110.056604147951
bg_9672,2024-09-01,918.4731859450275
bg_9679,2023-07-07,2410.1504847826723
bg_9689,2021-07-14,5955.205908958971
bg_9697,2023-07-14,1939.3941264477667
bg_9698,2021-07-14,1232.6738602321993
bg_9699,2024-02-14,1349.1052538997799
bg_9701,2021-07-14,3274.9582021303645
bg_9705,2024-09-11,1721.6437548459764
bg_9711,2025-10-12,1905.5161685222756
bg_9714,2024-02-14,204.64784020349447
bg_9715,2021-07-14,1645.6011636481023
bg_9716,2020-05-05,2115.3645732119485
bg_9721,2025-04-14,1289.038693988659
bg_9722,2025-03-25,6024.921588004265
bg_9729,2024-07-18,628.3565747248945
bg_9733,2025-03-25,4427.306796428055
bg_9739,2018-07-30,3932.1091769175246
bg_9747,2025-03-25,454.127722232456
bg_9748,2023-03-16,6510.463382233318
bg_9750,2024-08-02,3104.8491766912166
bg_9754,2024-10-19,693.240303646551
bg_9763,2023-05-28,5756.65507965343
bg_9765,2023-09-14,193.84626202224288
bg_9768,2021-07-14,3293.4442364186325
bg_9776,2023-07-09,389.2507491321742
bg_9783,2024-09-01,62.9272508536086
bg_9791,2025-03-25,377.3499989399532
bg_9797,2021-09-22,650.569899472724
bg_9799,2023-06-07,470.7712405191641
bg_9803,2024-02-14,1156.45214764818
bg_9806,2025-04-14,515.2214262821291
bg_9807,2025-03-25,9285.036032267168
bg_9808,2025-04-14,2291.201366706901
bg_9816,2024-02-14,1165.7832304936692
bg_9852,2024-07-18,3828.452853425174
bg_9857,2025-04-14,711.6837312318144
bg_9860,2024-07-18,4626.63360178868
bg_9868,2024-04-29,1827.8816995637917
bg_9881,2025-04-14,1520.0097060874955
bg_9882,2021-05-15,849.6340445744734
bg_9883,2025-10-12,7421.983231778317
bg_9889,2024-10-19,260.11195474288274
bg_9896,2025-03-25,13725.102757229195
bg_9900,2025-03-25,932.421808625472
bg_9903,2025-03-25,7454.821334123525
bg_9905,2024-04-29,10295.269431811872
bg_9915,2023-07-07,1270.0324528531587
bg_9919,2021-07-14,1972.2508291288764
bg_9922,2024-02-14,2160.7099280097495
bg_9925,2024-04-04,1482.1819200759471
bg_9932,2024-09-11,729.8215522304782
bg_9936,2024-07-08,806.9014478859536
bg_9940,2025-03-25,1283.5617406654133
bg_9944,2025-04-14,1153.0508542558473
bg_9946,2022-10-02,6916.588974523431
bg_9947,2024-09-11,613.5552033844509
bg_9948,2025-04-14,2004.8376215544406
bg_9953,2025-03-25,1748.5407715578262
bg_9959,2021-07-14,3108.819032011891
bg_9965,2024-07-18,2284.022167515007
bg_9967,2025-03-25,835.0972303271359
bg_9974,2025-03-25,1200.7172154177856
bg_9977,2025-04-14,1525.458897938486
bg_9983,2025-03-25,607.8681719749557
bg_9986,2025-03-25,317.01477725805313
bg_9991,2025-03-25,8035.49479151731
bg_9993,2025-04-14,1376.9046805060202
bg_9999,2023-07-14,1978.4801981821715
bg_10001,2021-07-14,307.22180993550387
bg_10013,2025-04-14,3456.8443550874786
bg_10030,2022-10-02,20078.889885860273
bg_10035,2021-07-14,5677.894905191489
bg_10058,2023-07-07,1105.3206364220007
bg_10060,2023-07-14,1946.5705567741918
bg_10061,2024-07-18,1684.4271049823838
bg_10076,2024-10-16,743.7582685254336
bg_10085,2025-10-12,2854.7600609509564
bg_10089,2025-04-14,263.2401916500687
bg_10092,2025-04-14,477.35178736442356
bg_10093,2021-07-14,4198.848432082151
bg_10097,2025-06-28,1258.9678776678322
bg_10099,2025-03-25,898.1564142731625
bg_10102,2024-08-22,1298.0719599851639
bg_10105,2023-08-26,925.7962113769963
bg_10107,2023-07-07,549.1501475006722
bg_10111,2021-07-14,1364.357497212466
bg_10113,2024-07-18,5114.0645701144795
bg_10118,2024-02-14,7874.534714191064
bg_10122,2025-04-14,1093.7979409833702
bg_10126,2022-10-02,7478.592657345124
bg_10127,2024-02-14,1066.5162399136693
bg_10134,2022-07-24,4397.982483480566
bg_10135,2021-07-09,543.6983788828346
bg_10143,2025-03-25,14727.44483673937
bg_10156,2025-03-25,1030.5840147216195
bg_10159,2024-07-18,1695.0668368237718
bg_10162,2024-02-14,3699.500450506631
bg_10166,2025-03-25,8540.346820504632
bg_10169,2025-03-25,1994.1530057895745
bg_10177,2025-08-07,1775.1477945512033
bg_10182,2025-03-25,7211.309731227763
bg_10188,2019-02-21,1876.5947929159995
bg_10199,2025-04-14,1730.6023449942559
bg_10203,2025-03-25,931.4021147711678
bg_10209,2024-02-14,10484.412905489648
bg_10217,2022-07-24,6266.506662327967
bg_10233,2025-03-25,13320.721537454345
bg_10239,2023-03-16,1430.0413598563525
bg_10246,2024-02-14,1678.4274118652177
bg_10250,2024-07-18,856.9986831378031
bg_10251,2024-07-18,515.1171061032081
bg_10255,2025-04-14,4881.545814391269
bg_10272,2019-07-15,897.265667904377
bg_10273,2025-09-11,2478.938645489272
bg_10276,2024-07-18,1684.6747760323997
bg_10277,2023-07-14,1926.422392104059
bg_10279,2024-08-02,1311.26427866388
bg_10287,2025-03-25,673.6376266215885
bg_10296,2025-03-25,1415.9558474757082
bg_10302,2025-10-12,4101.864813143088
bg_10304,2022-07-24,260.5674471226446
bg_10306,2023-08-12,807.7851858631694
bg_10307,2021-09-22,1634.7284797788388
bg_10309,2024-09-01,761.6661791755735
bg_10310,2024-04-29,563.9720682802542
bg_10312,2022-10-02,3873.3641081753603
bg_10313,2023-07-09,5268.255484398979
bg_10320,2024-02-14,743.7913854031369
bg_10324,2024-07-18,2068.7536774589676
bg_10332,2024-10-19,1272.0292195543325
bg_10340,2025-06-28,402.0423053610257
bg_10343,2024-08-02,999.1814768599517
bg_10345,2024-08-02,3847.3208220915712
bg_10349,2024-08-02,709.0942623516069
bg_10367,2024-07-18,537.4201857021363
bg_10390,2023-07-07,1220.8136437640487
bg_10391,2023-07-07,980.7098976761894
bg_10393,2025-03-25,1208.3337694943355
bg_10405,2025-03-25,3560.111060641317
bg_10406,2025-04-14,2423.2363487285775
bg_10412,2024-02-14,1447.675066753831
bg_10420,2025-03-25,11085.781491225614
bg_10422,2021-07-09,897.0044060649695
bg_10426,2024-07-18,2005.5675776447783
bg_10434,2024-02-14,647.1642140910305
bg_10435,2024-07-18,1824.2010977411144
bg_10445,2025-10-12,10413.894194166714
bg_10448,2023-07-07,2501.689009949087
bg_10462,2024-02-14,1891.8517796063727
bg_10464,2025-06-28,1285.7680836760585
bg_10467,2021-07-14,1217.3580970281355
bg_10472,2025-03-25,5126.22749744904
bg_10478,2023-08-26,1443.752623824805
bg_10479,2022-07-24,5134.2811832817
bg_10480,2023-07-14,1680.6594873739357
bg_10488,2024-07-03,2553.5066042209382
bg_10493,2025-04-14,5536.678007189856
bg_10503,2024-07-18,2293.2887726147324
bg_10507,2018-07-30,480.7090390246534
bg_10508,2025-04-14,2932.317631652481
bg_10519,2019-04-26,2697.7983959147195
bg_10523,2024-07-18,1482.6589165416997
bg_10528,2024-09-01,1054.575152845731
bg_10532,2024-07-18,900.5500178227179
bg_10539,2025-09-11,1534.4761609422046
bg_10541,2024-07-18,3345.5203105346327
bg_10546,2025-03-25,700.4485951874126
bg_10552,2024-02-14,4039.210716810885
bg_10569,2024-07-18,754.779424269084
bg_10578,2025-03-25,11328.387044111783
bg_10597,2018-07-30,4208.618567202288
bg_10598,2025-06-28,540.1649822970721
bg_10602,2023-07-14,566.1457291192355
bg_10615,2024-02-14,8236.130793449198
bg_10618,2024-02-14,4214.326773400683
bg_10620,2025-06-28,520.3520010531099
bg_10621,2022-10-02,463.2002384498639
bg_10626,2024-07-18,1643.7177086408396
bg_10627,2024-04-04,674.1693921411787
bg_10628,2025-03-25,413.19018103025707
bg_10630,2025-03-25,142.6405959047105
bg_10633,2025-03-25,4143.357377019466
bg_10644,2021-07-14,1074.019698003792
bg_10647,2025-03-25,3585.1762403820203
bg_10649,2025-06-28,1447.6485484053676
bg_10652,2024-07-18,1012.0815797651439
bg_10661,2025-04-14,951.8032940683977
bg_10663,2024-07-18,1790.795936616172
bg_10664,2025-03-25,177.53882392316862
bg_10667,2019-04-26,2118.945061345378
bg_10670,2025-03-25,16944.314062436864
bg_10672,2021-07-14,1045.6564361682072
bg_10680,2025-03-25,4999.765012798323
bg_10684,2025-03-25,12119.274791240603
bg_10687,2025-04-14,851.6389962889084
bg_10690,2024-09-01,2693.1937923030873
bg_10696,2024-07-18,2767.7481801818176
bg_10699,2024-02-14,634.86906941512
bg_10704,2024-07-18,1474.6460302730538
bg_10711,2019-06-20,759.1971934220212
bg_10713,2025-06-28,1340.97971110665
bg_10715,2025-04-14,1932.9147351346978
bg_10716,2024-02-14,6314.283013874062
bg_10721,2022-10-02,8142.506669232697
bg_10722,2025-10-12,20545.445267194944
bg_10734,2024-08-27,378.24534960778965
bg_10735,2025-04-14,7079.190932090969
bg_10739,2025-04-14,127.4468077277693
bg_10744,2025-04-14,1068.9874525923703
bg_10747,2024-08-22,1254.3382140793321
bg_10760,2025-03-25,4084.2869404095013
bg_10762,2025-03-25,500.20079618100635
bg_10769,2025-03-25,4349.296321383524
bg_10775,2024-07-18,1304.9855515673594
bg_10779,2024-02-14,10912.019300981816
bg_10780,2025-04-14,1543.8534996884218
bg_10781,2023-07-07,1032.303818262803
bg_10784,2024-07-18,381.11435869039195
bg_10785,2022-07-24,12618.977247590245
bg_10786,2024-04-29,5110.684853872423
bg_10788,2019-04-26,2844.2828404537686
bg_10790,2023-08-26,970.7593251162364
bg_10792,2024-07-18,2027.0555920595607
bg_10817,2024-07-18,1717.7825825464697
bg_10820,2025-04-14,350.7520185258416
bg_10823,2023-07-14,1444.2856842744293
bg_10824,2024-07-18,727.5738182480546
bg_10828,2021-09-22,683.6276063762585
bg_10829,2024-10-19,483.39621595511875
bg_10830,2019-04-26,1727.0400461484453
bg_10837,2023-07-14,637.8108930554587
bg_10840,2024-07-18,293.0394207270133
bg_10857,2025-09-11,868.495510408665
bg_10866,2021-07-14,3455.077867284452
bg_10873,2024-10-19,1766.3675206479522
bg_10876,2021-07-14,2033.7227974578557
bg_10877,2024-10-19,461.06597575608754
bg_10886,2025-03-25,12243.348520858175
bg_10889,2024-07-18,526.3878141636384
bg_10892,2024-02-14,1412.599464285611
bg_10894,2025-04-14,887.9246328937935
bg_10896,2019-07-15,597.4370006953524
bg_10904,2023-07-14,1417.267322032158
bg_10909,2025-06-28,209.69679182099952
bg_10912,2021-07-14,3412.9213693989673
bg_10920,2024-07-18,771.5147075720507
bg_10926,2021-07-09,1696.2521348253986
bg_10927,2019-04-26,1549.7737770395759
bg_10934,2025-06-28,1029.2254091305576
bg_10943,2024-02-14,463.9594510299407
bg_10946,2021-07-14,9986.410008426361
bg_10948,2025-04-14,2231.3537587750793
bg_10953,2025-09-11,1462.534965496519
bg_10957,2025-04-14,1151.4063930687237
bg_10958,2025-03-25,357.1146899807204
bg_10962,2021-07-09,1130.6738963998498
bg_10968,2025-03-25,1094.85494824686
bg_10969,2018-05-26,544.8875158230137
bg_10975,2019-04-26,4008.2372880109183
bg_10976,2025-03-25,1770.4697440229972
bg_10977,2024-04-29,408.605962389399
bg_10986,2024-07-18,1802.4828613054688
bg_10990,2025-03-25,3341.2612053836065
bg_10994,2024-04-29,1335.4399864088743
bg_10997,2025-03-25,10629.470413172181
bg_10999,2024-02-14,15391.090690422116
bg_11000,2022-10-02,4542.587091129719
bg_11006,2018-05-26,4844.219268251554
bg_11007,2025-03-25,2426.178665556413
bg_11012,2024-07-18,3160.2050352783453
bg_11026,2025-08-07,662.1961592308455
bg_11027,2024-09-11,1145.9810543807469
bg_11036,2022-10-02,4105.512954126553
bg_11049,2024-07-18,363.63224458234015
bg_11054,2025-03-25,5647.083092022053
bg_11055,2025-04-14,1110.0663930594387
bg_11065,2025-03-25,1527.8783472517218
bg_11066,2023-06-07,178.9118020141094
bg_11070,2020-03-26,3078.87319560256
bg_11082,2019-02-21,302.474788536051
bg_11085,2024-07-18,859.7370940003108
bg_11091,2025-10-12,4125.588804716112
bg_11101,2023-07-09,874.5200128639226
bg_11103,2025-06-28,238.09982192372698
bg_11107,2024-07-18,588.0432317438241
bg_11115,2025-03-25,1125.12064584208
bg_11153,2024-07-18,993.1057748294805
bg_11157,2025-03-25,241.32868975724674
bg_11158,2024-07-18,273.50117879067614
bg_11201,2023-07-07,589.2762321694463
bg_11205,2023-07-14,879.1530490762949
bg_11207,2025-04-14,2296.3098007018543
bg_11210,2023-07-03,444.27161072927447
bg_11218,2025-06-28,1663.9296202064759
bg_11219,2021-07-14,9615.166340755357
bg_11220,2023-06-07,1599.668278394248
bg_11223,2021-07-09,693.192207832679
bg_11224,2023-07-14,1307.637999945084
bg_11233,2022-10-02,621.2050128581031
bg_11239,2024-07-18,715.4163032106701
bg_11247,2024-07-18,3114.93757590726
bg_11249,2024-02-14,715.9649559162525
bg_11253,2023-07-09,1762.8610645766294
bg_11258,2024-02-14,886.5216068433114
bg_11271,2024-10-19,790.1261112632635
bg_11274,2025-04-14,972.6401980692417
bg_11284,2024-04-04,3601.5672815179637
bg_11297,2025-04-14,5949.063709929494
bg_11303,2024-09-01,9948.94700048707
bg_11310,2025-03-25,73176.36979725967
bg_11321,2024-09-11,4596.824086529728
bg_11327,2022-10-02,1116.5457240077187
bg_11347,2025-03-25,1150.9227260335551
bg_11353,2023-07-07,1227.1604496967673
bg_11359,2024-07-18,338.44273075358217
bg_11360,2023-07-14,911.8270417683789
bg_11361,2025-04-14,1767.5698630605946
bg_11363,2023-07-07,5419.165958087706
bg_11366,2025-03-25,8419.434265584647
bg_11378,2024-07-18,853.7918622240616
bg_11383,2025-06-28,219.1650978144228
bg_11385,2025-04-14,6023.881219014883
bg_11392,2024-02-14,2277.079073286669
bg_11393,2021-07-14,7514.665126297956
bg_11396,2025-03-25,2668.761629595135
bg_11407,2025-03-25,1142.1064469654389
bg_11413,2024-07-18,2553.9512468330836
bg_11425,2024-09-01,1361.2368308269329
bg_11428,2025-03-25,11763.926744858609
bg_11430,2024-07-18,333.96402680523335
bg_11435,2024-07-18,2595.3642645685914
bg_11439,2023-07-03,583.0246410743349
bg_11444,2024-07-18,6515.127289777306
bg_11463,2024-07-18,885.3744322602136
bg_11475,2024-07-18,778.3428219620744
bg_11480,2025-03-25,1752.238200045924
bg_11486,2025-06-28,2763.827949800824
bg_11487,2023-07-09,502.2382503356439
bg_11495,2024-04-29,232.43645174539017
bg_11508,2021-07-14,1274.9765237448157
bg_11511,2024-07-18,2493.624689583301
bg_11517,2024-07-18,374.36514648135983
bg_11518,2024-02-14,10956.06022167663
bg_11520,2024-07-18,4753.239307251315
bg_11527,2024-09-01,5504.680742686186
bg_11530,2024-07-18,5794.968319223144
bg_11533,2023-02-12,1348.8101674067577
bg_11536,2024-02-14,1096.392083335125
bg_11539,2025-03-25,1465.1260500377625
bg_11549,2025-04-14,2051.8125836684126
bg_11550,2025-03-25,9423.026110735342
bg_11556,2025-03-25,1170.6867247046675
bg_11560,2024-02-14,1785.015571836849
bg_11562,2025-03-25,2313.985056758151
bg_11565,2024-07-18,1045.7914943236242
bg_11579,2025-06-28,1710.397065742388
bg_11580,2025-09-11,885.1612238455275
bg_11591,2024-02-14,6507.861780108717
bg_11594,2021-07-14,14903.876471119886
bg_11604,2024-07-03,704.3515241695158
bg_11608,2025-06-28,1054.1177883424375
bg_11612,2024-09-01,7136.014947917372
bg_11614,2025-06-28,2361.0785352671724
bg_11615,2024-07-18,933.5777581433404
bg_11617,2025-04-14,901.3784870962348
bg_11620,2021-07-14,19022.632051490542
bg_11625,2024-07-18,3346.7525463948105
bg_11630,2024-02-14,1058.765922099831
bg_11633,2023-08-26,482.1994874530446
bg_11636,2025-04-14,3439.9717869773576
bg_11646,2022-07-24,2966.6830873890203
bg_11647,2024-02-14,5850.967437356207
bg_11651,2024-02-14,19382.515257236457
bg_11653,2019-02-08,1981.0321468364857
bg_11662,2024-07-18,1726.2532213148736
bg_11666,2025-10-12,17659.022714431252
bg_11668,2024-09-11,23199.7439376492
bg_11682,2023-07-03,1242.640699518636
bg_11688,2024-04-29,1203.5397872940123
bg_11695,2018-07-30,812.9347479964096
bg_11704,2024-02-14,1284.144994928335
bg_11713,2024-10-06,732.8184563723488
bg_11717,2023-07-14,1593.549605879864
bg_11718,2024-07-18,416.1087210092695
bg_11720,2025-04-14,933.0791782586228
bg_11726,2024-02-14,11527.637374111022
bg_11740,2024-07-08,1354.129413940907
bg_11744,2024-07-18,483.222218549554
bg_11763,2024-07-18,4047.59543398329
bg_11764,2024-02-14,3400.8744898923583
bg_11766,2024-07-18,597.4784395272338
bg_11767,2024-09-11,5613.752109818964
bg_11780,2024-02-14,5758.570034904576
bg_11781,2021-07-09,2845.536834412898
bg_11797,2024-07-18,2074.9185866437842
bg_11800,2025-04-14,1803.8653134308806
bg_11801,2021-07-14,3602.402993808467
bg_11815,2024-08-17,1791.6146697882812
bg_11820,2024-02-14,860.4492929278838
bg_11822,2025-03-25,2968.8828069832202
bg_11825,2023-07-14,2666.6890543331697
bg_11829,2025-03-25,7039.576959143157
bg_11832,2025-10-12,2149.8238715765096
bg_11847,2025-04-14,385.926415006671
bg_11850,2018-07-30,4536.703182290105
bg_11852,2023-07-03,406.60589887505796
bg_11853,2025-03-25,3268.960765212774
bg_11875,2019-04-26,764.2846902169425
bg_11882,2024-02-14,3326.203862333182
bg_11884,2024-02-14,1005.9002225866379
bg_11887,2025-04-14,2155.631286305931
bg_11888,2023-03-16,602.1723744079036
bg_11893,2023-07-03,310.83386237682873
bg_11901,2025-03-25,3616.056320468539
bg_11906,2024-09-11,7334.407537115705
bg_11935,2025-06-28,1271.8136166121321
bg_11943,2022-10-02,563.6326559912759
bg_11948,2022-10-02,2189.129684166712
bg_11951,2021-07-14,1595.0963700038378
bg_11954,2024-02-14,3806.7871835051737
bg_11958,2023-07-14,1114.5706120744965
bg_11959,2024-10-19,3269.6253203386746
bg_11964,2025-04-14,36301.02748829162
bg_11966,2024-02-14,3189.9100122887844
bg_11969,2024-07-08,539.6102761253445
bg_11970,2024-07-18,1866.4946088588247
bg_11975,2023-07-14,797.3740346911167
bg_11980,2025-03-25,1123.0382369270164
bg_11981,2025-08-07,1723.094816021525
bg_11982,2024-02-14,1180.1758804939982
bg_11985,2018-07-25,6793.851878905153
bg_11986,2025-03-25,5396.032324819997
bg_11990,2021-07-14,3964.899564629792
bg_12009,2024-07-18,1234.5342644091213
bg_12020,2024-07-18,1368.9741549789874
bg_12022,2025-04-14,1386.0122048886374
bg_12024,2024-09-01,168.9004396086746
bg_12025,2024-02-14,11854.345255517188
bg_12035,2020-05-15,1693.4305149312202
bg_12039,2024-07-18,1430.4276826882985
bg_12050,2025-03-25,620.3221483229861
bg_12072,2024-07-18,4942.898742934151
bg_12097,2025-04-14,1616.1987118235675
bg_12098,2025-03-25,2801.553406683398
bg_12102,2023-08-26,624.1511115909371
bg_12103,2024-02-14,259.7118859429758
bg_12111,2022-10-02,1732.1636741370296
bg_12112,2024-07-18,542.2768285663274
bg_12115,2021-07-09,2572.038303486042
bg_12117,2024-04-04,1468.6077645511737
bg_12128,2024-09-01,2081.246104837253
bg_12131,2023-07-07,923.5977414438025
bg_12134,2025-03-25,6082.709460076283
bg_12136,2024-07-18,1966.9446479503208
bg_12143,2023-08-26,2694.545861420856
bg_12147,2023-08-19,203.60160043574808
bg_12148,2024-09-11,20685.463642531602
bg_12151,2024-02-14,1096.0088854568758
bg_12152,2024-07-18,866.490461113014
bg_12153,2024-07-03,672.7724337396039
bg_12154,2024-02-14,1558.953034892112
bg_12156,2023-08-26,244.29278540318185
bg_12157,2024-07-18,3073.8523040803307
bg_12162,2024-10-19,2122.6930037102716
bg_12163,2024-09-11,1215.9428312630546
bg_12164,2025-03-25,3067.2189528137505
bg_12168,2021-07-09,826.1716672098162
bg_12170,2025-10-12,891.3644940201796
bg_12171,2023-07-07,530.0212518383328
bg_12175,2024-09-11,1135.1226078710547
bg_12179,2025-03-25,560.3813572918859
bg_12183,2024-07-18,7050.586123132134
bg_12185,2025-03-25,2773.5988928645943
bg_12187,2024-02-14,1580.537337395184
bg_12193,2024-08-17,1460.8097511311469
bg_12194,2019-04-26,784.2237483015921
bg_12195,2024-09-11,7791.510624679634
bg_12204,2024-09-01,1894.8404657124067
bg_12206,2024-02-14,1053.626414437207
bg_12210,2024-09-01,924.2556348218086
bg_12215,2023-07-14,3341.369215770683
bg_12220,2024-02-14,1078.2050157555195
bg_12221,2022-07-24,303.45330134968145
bg_12222,2024-09-11,1085.7049326590732
bg_12223,2023-07-12,524.5669910504473
bg_12227,2024-02-14,1169.696770150278
bg_12232,2024-07-18,1819.521529770936
bg_12233,2018-03-12,5716.603692018886
bg_12240,2024-02-14,2259.701266805007
bg_12255,2024-02-14,644.5467496621404
bg_12260,2025-03-25,11417.560548453428
bg_12261,2025-03-25,39192.456423206095
bg_12263,2024-07-18,3000.661615927389
bg_12264,2024-04-04,2681.635904163739
bg_12267,2024-10-19,1293.463067041368
bg_12270,2025-03-25,1484.0184716168148
bg_12272,2021-07-14,5277.53044466823
bg_12282,2023-07-07,2682.4588240267835
bg_12286,2024-02-14,433.26180907141145
bg_12300,2025-03-25,2164.7614839746334
bg_12321,2025-03-25,3077.6649759192533
bg_12326,2024-02-14,714.7806405462256
bg_12332,2025-06-28,980.3121404939834
bg_12351,2024-09-11,1428.725691272017
bg_12357,2024-04-29,1682.5379935086262
bg_12358,2024-02-14,1666.2260099396372
bg_12364,2024-04-29,455.6945715059722
bg_12373,2025-03-25,1752.600600536357
bg_12382,2025-10-12,7509.99576133705
bg_12383,2021-07-14,14417.132198963847
bg_12385,2025-10-12,20316.59958823837
bg_12396,2023-07-14,962.1805311374156
bg_12398,2025-03-25,2950.3667264427986
bg_12411,2021-07-09,1694.2536029768037
bg_12420,2025-04-14,972.0764958581966
bg_12424,2024-07-18,2684.270467482646
bg_12427,2024-02-14,10171.885187171429
bg_12428,2023-08-19,1201.389216282791
bg_12433,2024-09-11,537.6741922392413
bg_12443,2021-07-14,1868.8470820801838
bg_12444,2025-03-25,1357.5540559400317
bg_12450,2019-02-21,1067.821158481157
bg_12455,2024-04-29,806.7933820378801
bg_12456,2024-02-14,732.908461542013
bg_12463,2023-07-09,2601.0031514207885
bg_12469,2025-10-12,4465.97970447702
bg_12470,2023-07-09,222.33449147629966
bg_12476,2025-03-25,423.3090975869999
bg_12478,2024-09-11,12541.625638668114
bg_12479,2021-07-14,3105.8703310021906
bg_12484,2025-03-25,296.20420945651443
bg_12486,2025-08-07,3955.195906955903
bg_12493,2019-07-15,1718.8056567573976
bg_12494,2024-07-03,1033.5996732295587
bg_12496,2025-03-25,937.3464836975787
bg_12499,2024-04-29,1180.9852468595138
bg_12501,2022-10-02,228.60342692097058
bg_12506,2024-07-18,1024.125943524524
bg_12507,2024-07-18,769.8611005238913
bg_12508,2024-09-11,18533.806798617916
bg_12521,2022-07-24,9445.381800922622
bg_12524,2021-07-14,3658.3386078521253
bg_12526,2018-07-30,9084.735054815977
bg_12527,2021-09-07,338.0290261205619
bg_12528,2018-07-30,3928.4986394549383
bg_12530,2024-02-14,7192.906763708317
bg_12532,2023-07-14,998.3655214900473
bg_12533,2023-08-26,2310.2847085153794
bg_12536,2023-05-28,1345.6881778852814
bg_12546,2023-08-26,896.7420200369851
bg_12550,2024-07-18,762.6113508859146
bg_12559,2025-10-12,19353.752700466328
bg_12571,2025-04-14,2012.1270309053614
bg_12576,2024-07-03,2334.6905105389596
bg_12580,2023-08-23,3455.4965053523433
bg_12581,2024-02-14,3991.5620005831915
bg_12592,2024-02-14,442.11779968675825
bg_12595,2023-08-26,1272.7425248260251
bg_12616,2023-08-26,979.5939745119349
bg_12629,2025-06-28,1757.7641565637032
bg_12633,2024-02-14,13807.320646627866
bg_12637,2025-04-14,244.63848532058958
bg_12642,2024-02-14,16306.752540987749
bg_12643,2025-03-25,2124.2706416085944
bg_12646,2024-07-18,911.0778849802531
bg_12651,2020-05-05,3955.1332803839027
bg_12660,2024-07-18,874.4268079719759
bg_12670,2019-07-15,1344.409378760807
bg_12671,2024-07-18,1422.1158142005693
bg_12672,2025-03-25,12203.903156716016
bg_12697,2024-02-14,1270.7343761777995
bg_12700,2022-07-24,9522.74147611913
bg_12702,2022-10-02,776.3079656940372
bg_12707,2024-09-01,9007.029129546585
bg_12709,2019-04-26,1205.747802568772
bg_12716,2024-07-18,2849.776203459133
bg_12721,2025-03-25,8958.686897760179
bg_12732,2025-03-25,1497.2348031287356
bg_12733,2023-08-26,60.96151654954551
bg_12735,2021-07-09,534.2704540770183
bg_12736,2025-04-14,997.7137750875829
bg_12740,2025-04-14,954.635604039633
bg_12743,2025-03-25,893.4926333217371
bg_12752,2024-09-11,706.5942083682238
bg_12757,2025-03-25,2060.265924243702
bg_12763,2024-04-29,1134.0740574142096
bg_12765,2025-03-25,918.7457333234706
bg_12779,2021-07-14,14477.619096329257
bg_12780,2024-09-01,1453.6264775381476
bg_12782,2025-03-25,9468.480909058411
bg_12784,2025-06-28,2192.2360257281225
bg_12787,2025-04-14,1788.5519774388952
bg_12788,2022-10-02,3281.4905792641916
bg_12798,2019-04-26,2108.2784997479143
bg_12802,2022-07-24,7496.27384591837
bg_12804,2022-10-02,16576.82029227872
bg_12805,2023-08-26,4591.992457931416
bg_12812,2024-07-18,3102.2264003292285
bg_12813,2024-02-14,16790.975733295007
bg_12815,2024-07-18,325.36736314489724
bg_12818,2024-02-14,3589.57578120308
bg_12825,2025-03-25,3874.555736210134
bg_12828,2024-02-14,1187.4903649292717
bg_12830,2018-09-03,1739.4487978955556
bg_12832,2024-07-18,1392.3833360464992
bg_12836,2025-06-28,1080.15117131814
bg_12838,2022-07-24,7161.286845057977
bg_12848,2024-07-18,1163.462340817301
bg_12854,2018-07-30,2402.6196902965585
bg_12856,2023-07-07,2296.6467449958077
bg_12863,2024-08-22,1182.234699626225
bg_12864,2024-02-14,16641.386728305144
bg_12867,2025-03-25,2008.4941770389082
bg_12868,2024-09-11,558.6390695251996
bg_12874,2025-03-25,2805.464784879546
bg_12880,2025-03-25,7861.871750066951
bg_12883,2024-02-14,940.6055144426829
bg_12897,2023-07-09,1401.6874544990324
bg_12902,2025-03-25,1121.1228671294234
bg_12904,2024-07-03,925.3297345812947
bg_12908,2024-07-18,959.4733524701755
bg_12912,2024-02-14,10632.070642589257
bg_12913,2024-02-14,1397.8205324005476
bg_12916,2024-07-18,704.3127691588109
bg_12937,2020-05-05,2244.1814337528467
bg_12943,2021-07-14,2653.6372413162126
bg_12945,2024-07-18,1117.141301939867
bg_12946,2024-07-18,4621.615641937373
bg_12948,2023-08-26,150.82000530438287
bg_12951,2025-04-14,1421.972070752412
bg_12957,2025-10-12,4105.11955499483
bg_12958,2025-04-14,1305.1611165674306
bg_12975,2024-04-29,1060.9789035132253
bg_12980,2024-02-14,1157.7382260251597
bg_12984,2025-03-25,3213.129992717652
bg_12988,2025-03-25,12853.815030429698
bg_12989,2025-03-25,2840.1839834064294
bg_12990,2024-07-18,2187.896428741535
bg_12994,2024-04-29,2533.584804540745
bg_12998,2024-02-14,1298.2490425570618
bg_13006,2023-07-09,1358.1672693008222
bg_13010,2024-07-18,554.2347858080796
bg_13020,2024-07-18,2184.924032455141
bg_13021,2025-03-25,1439.4613760014154
bg_13023,2022-10-02,4611.408805321822
bg_13025,2025-04-14,673.4539515066389
bg_13026,2025-09-21,349.80337748510857
bg_13027,2025-04-14,477.3940822841844
bg_13039,2023-07-03,2076.5406025647217
bg_13040,2023-07-14,2360.690681665379
bg_13042,2021-07-14,13029.118064795972
bg_13047,2025-10-12,16106.656935714429
bg_13051,2024-07-18,2349.321772299415
bg_13058,2025-03-25,11134.503924360512
bg_13059,2025-06-28,1272.676958226222
bg_13065,2023-07-07,216.0559418299168
bg_13067,2023-07-07,1662.783981911101
bg_13068,2024-10-19,796.067979509309
bg_13076,2024-02-14,19450.893728592742
bg_13084,2025-06-28,3952.295639258369
bg_13089,2023-07-14,82.03791562443654
bg_13090,2024-02-14,6246.218651896541
bg_13092,2023-08-23,1192.4650261118998
bg_13097,2025-08-07,1579.3644805742995
bg_13102,2023-07-07,261.5796605242588
bg_13106,2025-08-07,2634.0563552246463
bg_13111,2024-09-01,4082.134608878242
bg_13113,2025-04-14,1752.9479005660785
bg_13122,2025-03-25,73460.74739793554
bg_13127,2025-10-12,1726.3426932389916
bg_13131,2024-02-14,5005.189204865166
bg_13132,2024-07-18,3767.7795942039074
bg_13135,2024-09-01,1392.2839265751911
bg_13137,2021-07-14,13698.213331686542
bg_13141,2024-09-01,5494.5625813980405
bg_13152,2023-07-03,498.6243737526205
bg_13162,2024-07-18,1186.5566211942746
bg_13171,2025-03-25,1525.807268595712
bg_13172,2025-03-25,253.3585824479331
bg_13177,2025-03-25,1588.1834139986245
bg_13182,2024-02-14,874.9739183543442
bg_13187,2025-06-28,469.8535755956371
bg_13190,2025-04-14,546.1995990477891
bg_13201,2023-07-03,717.5518190347299
bg_13208,2023-08-26,1182.5480619834946
bg_13213,2023-07-09,309.4430719857103
bg_13225,2021-07-14,8026.984365463983
bg_13226,2023-07-07,732.634531058988
bg_13227,2025-07-23,1281.4029465002648
bg_13234,2024-02-14,13526.278795773836
bg_13237,2024-07-18,971.9026159034603
bg_13246,2023-08-26,217.95057100194356
bg_13250,2018-05-26,3854.259233795757
bg_13263,2023-07-09,1851.5924851059006
bg_13269,2025-03-25,2373.6673866615406
bg_13280,2021-07-14,7277.623673040627
bg_13287,2022-10-02,3323.09532118766
bg_13291,2024-02-14,1697.7969563528625
bg_13296,2025-03-25,3802.0711787787745
bg_13314,2023-08-26,525.2844448486857
bg_13317,2024-07-18,1228.3924418931647
bg_13318,2022-10-02,3913.1057561100447
bg_13319,2024-02-14,505.9235318701591
bg_13325,2024-02-14,614.2732278067373
bg_13339,2025-08-07,488.0187468735866
bg_13346,2024-02-14,7204.370082456893
bg_13348,2021-07-14,15591.690022072655
bg_13352,2022-10-02,8069.421916500639
bg_13353,2024-07-18,334.86838280143735
bg_13354,2025-10-12,10470.63151186688
bg_13360,2022-07-24,3821.7771422469928
bg_13363,2025-06-28,784.0338353027519
bg_13367,2024-07-03,6845.466261782158
bg_13369,2022-10-02,1677.1783490434361
bg_13376,2025-03-25,2311.71698497026
bg_13377,2024-07-18,300.85009722444505
bg_13378,2025-03-25,128.66024133357797
bg_13386,2024-07-18,1301.4333776644842
bg_13388,2019-02-08,905.3526510703288
bg_13392,2024-02-14,1778.5436228836022
bg_13399,2025-03-25,2156.5228715225635
bg_13409,2025-03-25,2797.819980431175
bg_13411,2024-10-16,878.1098553710132
bg_13417,2023-08-26,353.88038162619836
bg_13422,2024-07-18,132.44772553714247
bg_13432,2025-03-25,4402.070456103518
bg_13438,2024-02-14,301.02931169567665
bg_13451,2024-07-18,1590.621114942222
bg_13454,2023-06-26,2297.115766912994
bg_13459,2021-07-14,868.4043802859937
bg_13468,2024-07-18,1380.0098100014015
bg_13471,2025-04-14,1406.5575581894727
bg_13473,2025-09-21,2541.1536033072503
bg_13477,2025-03-25,14530.15790276214
bg_13484,2025-10-12,12808.659319335633
bg_13489,2024-07-18,2093.417827309953
bg_13492,2024-04-29,1904.825652835428
bg_13494,2024-07-08,925.040034430783
bg_13517,2022-07-24,9732.188615979432
bg_13518,2025-03-25,6221.983953699973
bg_13521,2021-07-14,2450.8466500576133
bg_13526,2021-07-14,19419.406742905172
bg_13527,2023-08-26,223.8218666709884
bg_13531,2024-07-18,4529.271509194602
bg_13538,2024-09-01,610.823639359133
bg_13565,2024-07-18,225.6860137449612
bg_13573,2024-09-01,744.5586137435321
bg_13576,2025-06-28,1342.3091499725342
bg_13587,2021-07-14,1989.2998226008392
bg_13600,2022-07-24,705.0853678811571
bg_13604,2025-03-25,1678.5112508410225
bg_13607,2024-09-01,4721.112458404185
bg_13608,2023-07-07,1396.6885660375935
bg_13616,2025-03-25,604.8963531878127
bg_13633,2025-03-25,1865.8312928021373
bg_13635,2025-04-14,1983.6523861302717
bg_13637,2018-05-26,5241.911152518506
bg_13640,2025-03-25,474.2856861638877
bg_13643,2023-07-14,626.2125549685572
bg_13648,2022-10-02,8105.831307675982
bg_13662,2025-03-25,744.874548632302
bg_13667,2024-09-11,18102.979455175107
bg_13668,2021-07-14,17021.012779455774
bg_13676,2019-04-11,577.0442842626785
bg_13699,2025-06-28,849.573916560568
bg_13703,2022-10-02,11574.772775674735
bg_13710,2023-07-14,3088.4537156479296
bg_13722,2023-07-09,1364.2516200833422
bg_13731,2024-07-18,395.05071687070017
bg_13733,2023-08-26,943.5435876523428
bg_13735,2024-04-29,2162.87457102815
bg_13749,2025-06-28,4115.365214668086
bg_13753,2019-07-15,514.3661113448325
bg_13766,2024-07-18,1814.502952987368
bg_13780,2025-06-28,2932.606945244945
bg_13782,2025-04-14,1091.9094265094107
bg_13798,2024-07-18,694.0977200654467
bg_13804,2025-06-28,218.74047567877773
bg_13817,2025-03-25,7891.689908916881
bg_13819,2024-07-18,567.6623011083066
bg_13820,2025-03-25,12235.734345845382
bg_13835,2024-04-29,695.2867937761833
bg_13836,2024-07-18,2446.3598827032906
bg_13846,2021-07-14,17834.14986531187
bg_13854,2023-08-28,1453.6796951185756
bg_13855,2024-07-18,3945.565880884506
bg_13868,2025-03-25,7697.091751025292
bg_13872,2025-03-25,142.70461555267673
bg_13876,2024-07-18,937.8458263488593
bg_13877,2023-06-07,1072.168982436997
bg_13881,2019-03-27,819.8981561146136
bg_13886,2024-07-18,588.7436301992392
bg_13889,2024-07-18,387.5667443163808
bg_13897,2023-07-14,1593.4296678862054
bg_13901,2023-07-07,132.90815851563184
bg_13906,2022-10-02,4345.781602945651
bg_13922,2023-07-14,111.06528935715386
bg_13923,2021-07-14,2833.0008034767216
bg_13950,2025-06-28,595.5089005210993
bg_13956,2025-03-25,642.5868585646186
bg_13964,2025-06-28,577.8442518534889
bg_13966,2024-07-18,1292.1236000475933
bg_13972,2024-02-14,18943.81790677374
bg_13973,2024-07-18,212.27270761902508
bg_13978,2024-07-08,610.7789810562879
bg_13981,2025-04-14,1749.156081000348
bg_13983,2024-02-14,7564.000825654497
bg_13985,2024-07-18,2552.5510522808054
bg_13986,2024-07-18,919.7121645381761
bg_13993,2023-03-16,1889.1247080329167
bg_13995,2025-03-25,7360.014025401037
bg_14000,2025-03-25,882.9167264241526
bg_14005,2024-09-01,10471.563383587976
bg_14013,2023-08-26,1004.5038007394463
bg_14015,2022-10-02,4079.2200426676172
bg_14017,2025-03-25,2087.590115324429
bg_14029,2021-07-14,3370.848333342822
bg_14032,2022-07-24,1083.0893278488766
bg_14035,2025-04-14,2335.659696381309
bg_14037,2025-04-14,471.5203754876235
bg_14048,2024-07-18,11555.385894041048
bg_14052,2025-03-25,783.3619902062737
bg_14053,2025-03-25,73165.9325357731
bg_14070,2025-04-14,1653.8311459759368
bg_14079,2024-08-22,2698.4056602558558
bg_14088,2025-03-25,2055.283921530087
bg_14091,2024-02-14,1958.6706548319582
bg_14092,2025-03-25,365.03166383219695
bg_14101,2025-03-25,14918.005813113756
bg_14103,2024-06-23,1313.0412283321484
bg_14104,2025-04-14,1624.2675232853937
bg_14112,2022-10-02,7476.627232549735
bg_14113,2024-07-03,1045.5789835782182
bg_14114,2025-09-11,2040.6369705805025
bg_14121,2024-07-03,1295.4226330045017
bg_14123,2025-03-25,5408.022906404922
bg_14129,2021-05-15,1702.5395078235874
bg_14130,2024-07-18,712.8795170293229
bg_14131,2024-07-18,2914.256496329333
bg_14132,2020-05-15,2075.559579607316
bg_14133,2025-03-25,1565.2275443845692
bg_14135,2025-03-25,2671.2289592807097
bg_14146,2021-07-14,789.2677246664231
bg_14147,2024-07-18,3945.8035970383226
bg_14148,2024-07-18,1506.1828250251863
bg_14149,2024-04-04,513.1846876125737
bg_14154,2025-03-25,13166.210066306205
bg_14156,2024-07-18,2217.516329883487
bg_14157,2025-04-14,1026.4436744897234
bg_14163,2025-03-25,1645.8704434129454
bg_14166,2025-03-25,5872.107666221806
bg_14168,2025-06-28,605.9411757753988
bg_14175,2024-10-06,521.1468910010948
bg_14187,2023-07-09,778.3757381880034
bg_14193,2025-09-11,923.4434538725152
bg_14196,2024-07-18,391.0313492545188
bg_14197,2025-06-28,502.97758399389676
bg_14212,2025-04-14,875.2866726964525
bg_14220,2025-04-14,2606.424483808946
bg_14222,2024-07-03,1516.3026411637245
bg_14223,2023-05-28,392.6284784628399
bg_14227,2022-07-24,3345.465816594086
bg_14233,2024-02-14,3997.3074565385814
bg_14239,2024-02-14,7950.127344703373
bg_14242,2025-03-25,814.1914791988507
bg_14248,2024-09-11,15907.059453666801
bg_14249,2024-07-18,3076.4336389398604
bg_14250,2025-03-25,7995.432206053636
bg_14252,2025-04-14,1257.056635358797
bg_14261,2025-03-25,20651.42981695216
bg_14266,2018-07-30,831.6308231421535
bg_14273,2025-03-25,5689.325176468806
bg_14276,2025-03-25,9646.232893337117
bg_14283,2024-02-14,2008.5122577917916
bg_14284,2025-04-14,953.5843811640143
bg_14287,2024-07-18,1270.5851631825967
bg_14288,2025-03-25,71184.42710259944
bg_14289,2024-07-18,206.72403875695048
bg_14290,2025-03-25,114.7520461691684
bg_14293,2021-07-14,1484.3154074859037
bg_14308,2023-06-07,54.46846886040348
bg_14321,2025-04-14,2824.4609746283063
bg_14323,2023-08-28,380.27842602512897
bg_14329,2025-03-25,1235.3628903686556
bg_14334,2023-07-14,295.72541334848825
bg_14345,2025-03-25,1053.6856339532992
bg_14348,2024-07-18,349.6139518097083
bg_14349,2024-02-14,3104.149287792267
bg_14350,2025-03-25,1758.2624343367418
bg_14352,2024-07-18,2108.2716135496985
bg_14357,2023-07-03,697.6709296653285
bg_14358,2025-06-28,660.087261655657
bg_14360,2025-10-12,6137.171690021651
bg_14361,2023-07-03,345.48958377931973
bg_14366,2024-07-18,940.3755231288658
bg_14367,2025-03-25,635.1139328498892
bg_14375,2024-04-29,845.0421282396268
bg_14376,2025-03-25,1576.2323119705231
bg_14391,2021-07-14,4571.562399049232
bg_14405,2025-03-25,319.6722452763814
bg_14407,2021-07-09,1534.1245301475528
bg_14421,2025-03-25,1838.866742861246
bg_14429,2025-03-25,1213.0379440891802
bg_14433,2024-02-14,1336.5109241976565
bg_14438,2020-05-05,2001.3481460255516
bg_14441,2024-08-02,658.9675388819751
bg_14451,2024-09-11,1107.723179228549
bg_14452,2024-02-14,1436.7474808399977
bg_14457,2023-08-26,164.2278526925334
bg_14462,2025-03-25,1560.955822180836
bg_14464,2023-07-14,2733.9065549502775
bg_14482,2023-07-14,2851.382812969836
bg_14484,2025-04-14,1170.1701378003108
bg_14485,2024-04-29,9666.177746224175
bg_14488,2023-03-16,3922.7992943052745
bg_14489,2025-03-25,2864.6853907540763
bg_14490,2025-06-28,198.62288110872748
bg_14494,2024-08-02,892.557882772855
bg_14499,2025-03-25,1497.118304376796
bg_14500,2024-07-18,203.44750797204648
bg_14501,2018-07-25,9297.546733440018
bg_14506,2025-04-14,3852.911116026441
bg_14508,2021-07-14,1414.1168790450224
bg_14517,2024-07-18,2181.2655323000167
bg_14526,2025-06-28,194.17751285864273
bg_14527,2025-04-14,1589.2539916574988
bg_14529,2023-07-14,2822.2359416958084
bg_14532,2024-02-14,18790.58495568447
bg_14539,2024-07-18,2241.1685383521667
bg_14546,2023-07-07,1275.8917077872918
bg_14557,2023-09-14,2050.1572931118244
bg_14569,2025-03-25,914.4678028776594
bg_14572,2024-07-18,765.7920544113923
bg_14574,2018-07-30,3021.3360791541636
bg_14576,2024-04-29,3277.2588331714787
bg_14578,2025-03-25,2105.9684492413235
bg_14581,2025-10-12,20912.68912638444
bg_14584,2025-04-14,3288.615291729877
bg_14591,2025-03-25,913.1203515418522
bg_14592,2024-02-14,588.4764927334516
bg_14600,2021-07-14,13940.647096903258
bg_14601,2022-10-02,5407.946585988167
bg_14603,2022-07-24,3143.657764611295
bg_14607,2024-02-14,1912.5977764548
bg_14608,2025-10-12,12941.037687558295
bg_14612,2024-07-18,380.82465584540597
bg_14623,2021-07-14,776.1041649804539
bg_14628,2025-06-28,883.6163803370114
bg_14641,2025-03-25,11710.908299721883
bg_14642,2024-02-14,1205.147075588677
bg_14645,2023-07-07,1831.093203990321
bg_14657,2024-02-14,3126.364280918154
bg_14663,2024-07-18,1511.7233551809077
bg_14672,2024-07-18,389.225398965651
bg_14674,2024-09-01,111.43496489018061
bg_14676,2024-02-14,1721.9612707604083
bg_14678,2024-09-11,5397.766548721629
bg_14689,2024-02-14,6496.626405458321
bg_14690,2025-04-14,3228.0997093181845
bg_14706,2024-07-03,5609.8936115757715
bg_14707,2023-05-28,2793.958301424714
bg_14711,2024-02-14,18188.4079272765
bg_14715,2024-09-11,523.6487186081853
bg_14717,2025-08-07,1921.2525686385418
bg_14734,2025-03-25,2223.889121898782
bg_14735,2025-03-25,1965.8515244546527
bg_14748,2024-07-18,473.4108098681526
bg_14754,2024-09-01,656.7237598869207
bg_14757,2025-03-25,1151.1761311806715
bg_14762,2023-07-09,490.49820845759683
bg_14770,2024-07-18,1677.8465342216525
bg_14774,2023-07-09,1887.0617801491069
bg_14779,2024-02-14,660.2441012988343
bg_14794,2025-03-25,698.663527100102
bg_14795,2024-02-14,3061.890470755253
bg_14805,2022-07-24,5674.500831368369
bg_14823,2024-02-14,2115.4767335048073
bg_14827,2024-02-14,410.5905796530759
bg_14830,2022-10-02,7220.988114275243
bg_14831,2025-04-14,2348.2924470772136
bg_14849,2023-06-07,1554.0631695334766
bg_14850,2025-03-25,955.3356282482404
bg_14858,2024-07-18,1563.665617707207
bg_14861,2023-07-14,2828.3586149567254
bg_14869,2024-02-14,3233.140450413509
bg_14870,2023-07-14,623.9616860834101
bg_14871,2022-10-02,5005.672907461967
bg_14872,2023-07-07,722.0010925892107
bg_14893,2021-07-14,1143.7592841152648
bg_14903,2024-02-14,537.2803262729583
bg_14904,2022-10-02,5300.36706997727
bg_14913,2023-08-19,663.7124073723095
bg_14927,2025-08-07,1489.2029117952595
bg_14929,2025-08-07,1269.3786472523975
bg_14932,2024-02-14,4126.706067131326
bg_14936,2025-10-12,3356.0347820902175
bg_14940,2024-02-14,1352.0143268471263
bg_14944,2022-07-24,2291.494196588812
bg_14948,2021-07-14,2002.3799024661307
bg_14955,2021-07-14,10537.100387507027
bg_14957,2023-07-14,2364.020858198957
bg_14959,2025-03-25,1282.388597617795
bg_14962,2023-08-26,1306.971710558425
bg_14963,2025-06-28,120.8150536978081
bg_14975,2021-07-14,4032.47739051304
bg_14976,2024-02-14,8694.477022961288
bg_14978,2024-07-18,531.577133161346
bg_14980,2024-07-18,862.3213225939976
bg_14987,2021-09-22,3269.735306014842
bg_14992,2021-07-14,485.696532827047
bg_14994,2025-03-25,9726.696834773873
bg_14998,2023-09-14,1124.716082795928
bg_14999,2025-03-25,6289.348575464681
bg_15010,2023-06-07,417.70964185673034
bg_15013,2024-07-03,1445.4077479384362
bg_15014,2019-04-26,3421.283140138971
bg_15023,2025-04-14,3157.2190576517582
bg_15024,2023-06-07,743.9003702779778
bg_15029,2025-03-25,16316.303111124636
bg_15032,2025-08-07,1783.818945773348
bg_15057,2025-03-25,1901.1341323535248
bg_15062,2024-08-02,1421.2634000074186
bg_15063,2024-07-18,1337.062879037202
bg_15064,2021-05-15,728.6570805257054
bg_15065,2025-06-28,511.1774354368882
bg_15070,2024-09-01,5657.668609639603
bg_15090,2022-07-24,1951.5584977139777
bg_15092,2021-05-15,582.3369489393488
bg_15093,2025-03-25,13406.656039714126
bg_15096,2024-07-18,141.19405263699804
bg_15102,2022-10-02,14420.694588420582
bg_15103,2024-07-18,1303.4187824715088
bg_15106,2023-07-07,147.42512201106283
bg_15108,2024-02-14,6553.888850057176
bg_15114,2022-10-02,716.5445016186865
bg_15118,2024-07-18,1302.3714155340053
bg_15119,2025-03-25,11009.858561743387
bg_15134,2025-09-11,657.9838260930189
bg_15138,2025-04-14,3248.5500631050254
bg_15140,2023-07-14,1158.9359456415723
bg_15142,2023-08-26,609.7365851742305
bg_15165,2018-07-25,826.220004901809
bg_15181,2025-06-28,627.0885289971982
bg_15183,2023-07-03,35.824472082711715
bg_15186,2021-07-14,2681.161951039129
bg_15191,2024-07-18,2266.9982674233183
bg_15194,2023-07-07,648.9701685749274
bg_15201,2021-07-14,16066.749861947905
bg_15214,2025-03-25,607.5923378383487
bg_15217,2024-07-18,487.71760281928744
bg_15227,2025-03-25,1223.8117819338966
bg_15229,2025-04-14,4374.973547462845
bg_15233,2025-10-12,11137.101199652416
bg_15234,2025-04-14,909.8629014306723
bg_15235,2024-07-18,1056.8959604900886
bg_15237,2024-09-01,465.42838084961585
bg_15243,2024-02-14,511.11692987028147
bg_15247,2022-10-02,3350.4674549236297
bg_15248,2024-02-14,1053.730465773842
bg_15250,2024-07-18,7004.802562385383
bg_15253,2025-03-25,11704.78959454192
bg_15255,2025-10-12,2573.2523413960166
bg_15257,2025-06-28,554.2573254366641
bg_15261,2024-07-18,1522.685084874773
bg_15262,2025-06-28,301.5892309086805
bg_15276,2024-02-14,1418.6338922358966
bg_15277,2023-07-14,536.9444258952932
bg_15278,2024-07-03,2969.7406589802085
bg_15279,2023-07-09,572.9355912316629
bg_15284,2024-07-18,3255.5238170838247
bg_15296,2024-07-18,955.2523311147021
bg_15301,2025-04-14,1398.6331691333928
bg_15304,2025-03-25,2276.730340905592
bg_15309,2025-03-25,9106.60152441629
bg_15312,2024-09-01,1053.425596091224
bg_15321,2024-07-18,1492.1547547756838
bg_15324,2025-06-28,585.6449372272622
bg_15325,2025-04-14,4001.1105214677787
bg_15327,2024-02-14,605.2080809112119
bg_15328,2022-10-02,10413.091926728508
bg_15334,2025-09-11,478.3302292353578
bg_15337,2024-07-18,588.910980879095
bg_15340,2018-07-30,3022.2838119871126
bg_15344,2024-09-01,1385.2665136356666
bg_15346,2024-09-11,21540.386084295045
bg_15356,2023-08-28,914.7310886266409
bg_15363,2024-07-08,961.0908814988214
bg_15364,2022-10-02,2588.6364577709
bg_15370,2025-03-25,2306.952932528192
bg_15374,2022-10-02,644.721766113048
bg_15388,2023-07-14,112.12179538324469
bg_15397,2024-02-14,6682.41669129519
bg_15401,2024-09-01,4538.256732590394
bg_15409,2024-02-14,953.092882042541
bg_15411,2024-09-11,21731.1266876914
bg_15412,2024-07-18,2242.588267605093
bg_15417,2019-07-15,2685.824749979242
bg_15433,2024-07-18,2429.522709093367
bg_15434,2022-07-24,8658.21680445806
bg_15437,2024-07-18,10618.311906890003
bg_15444,2025-06-28,1253.9415301362021
bg_15445,2025-04-14,2131.646524966095
bg_15450,2024-07-18,544.5671464567065
bg_15453,2025-03-25,2272.90479090087
bg_15461,2024-02-14,5264.426673323512
bg_15465,2023-07-14,585.406588363941
bg_15472,2024-07-18,1571.7192113415124
bg_15474,2024-07-18,2131.7669415302403
bg_15475,2024-09-11,6699.122188503263
bg_15481,2025-03-25,3234.619025001212
bg_15483,2025-06-28,308.49894781026893
bg_15490,2025-03-25,268.7997777154802
bg_15491,2025-10-12,692.6988127608454
bg_15498,2024-07-18,801.1942599022346
bg_15505,2025-03-25,1931.7223952989814
bg_15506,2021-07-14,2690.0061432083216
bg_15515,2023-07-03,382.96929184958424
bg_15518,2023-07-03,1498.410589191027
bg_15534,2024-07-18,228.74186062023705
bg_15544,2024-07-18,3201.156806437153
bg_15547,2025-06-28,1241.5527236488792
bg_15548,2024-04-29,1779.4297334820756
bg_15549,2023-03-16,3443.235033293689
bg_15550,2023-07-14,1380.2353596762032
bg_15555,2024-07-18,1060.1177902948848
bg_15559,2025-06-28,266.7001211099086
bg_15562,2025-03-25,15011.446039046168
bg_15563,2022-07-24,14849.422093031126
bg_15566,2024-07-18,2375.9297362718908
bg_15580,2024-02-14,816.3691504460796
bg_15582,2021-05-15,1082.1859967676048
bg_15588,2024-04-29,929.0834568541377
bg_15597,2024-04-29,661.3441949546368
bg_15604,2025-08-07,2544.71272846287
bg_15610,2025-03-25,978.6020474640164
bg_15617,2024-07-18,959.904661568088
bg_15629,2024-07-18,1221.1149874194775
bg_15632,2023-07-09,986.9083023766301
bg_15656,2019-07-15,2542.8368629741517
bg_15659,2018-07-30,1561.6940145882816
bg_15662,2021-09-22,934.2952649456765
bg_15667,2024-02-14,3050.668635561698
bg_15679,2025-04-14,3056.2048900558675
bg_15688,2021-07-09,3329.491638373654
bg_15689,2023-08-26,807.6489544348617
bg_15693,2025-06-28,540.3867360511563
bg_15694,2024-02-14,1744.6132188252382
bg_15696,2025-03-25,2814.806852094827
bg_15697,2021-07-09,1694.1538776037853
bg_15701,2024-04-04,1014.30873174789
bg_15706,2023-03-16,1074.8514085676109
bg_15711,2025-03-25,509.1744991649662
bg_15713,2021-07-14,12877.120862925563
bg_15717,2023-07-07,1068.30153725438
bg_15732,2023-08-26,227.50499708766282
bg_15734,2024-09-01,333.87023646940355
bg_15737,2021-07-09,265.52666796384085
bg_15739,2022-07-24,4583.644558754519
bg_15743,2020-05-15,1414.393776145772
bg_15745,2023-07-07,1247.7431548599072
bg_15746,2024-07-18,6965.944866979561
bg_15749,2024-10-19,1800.1868346646593
bg_15761,2023-07-14,649.3541586067779
bg_15764,2025-03-25,13794.187817138794
bg_15765,2024-07-18,1460.4640666580804
bg_15767,2024-07-18,3798.804901505378
bg_15770,2025-04-14,2656.9018029652066
bg_15780,2024-04-04,473.7552259342453
bg_15786,2024-07-18,1770.385847124792
bg_15787,2025-03-25,6718.572389109014
bg_15794,2025-04-14,1678.4872976879633
bg_15798,2024-10-19,874.9948302132882
bg_15803,2022-10-02,7547.98239309651
bg_15808,2025-03-25,4118.198425148951
bg_15814,2025-09-21,2027.3144042797728
bg_15815,2025-04-14,1835.674279821979
bg_15816,2025-04-14,730.0025134887825
bg_15818,2023-08-26,4020.987490455583
bg_15821,2025-03-25,492.2222893164933
bg_15823,2025-04-14,788.1561958140701
bg_15830,2025-03-25,31016.807470145915
bg_15838,2024-07-18,359.8172237400503
bg_15839,2024-07-18,743.8490892645312
bg_15845,2025-04-14,5108.199802670194
bg_15854,2025-03-25,174.92432763910188
bg_15860,2021-07-14,6025.685919768877
bg_15872,2025-04-14,3768.254932591562
bg_15873,2024-07-18,1795.4662500030443
bg_15876,2024-07-18,1340.2577598357698
bg_15882,2025-04-14,687.7939840533261
bg_15885,2024-07-08,1341.092201528324
bg_15905,2025-03-25,1968.3990409720304
bg_15906,2024-02-14,1022.8936093749385
bg_15918,2025-04-14,2819.7113475848273
bg_15919,2024-02-14,1193.3964666025754
bg_15953,2022-10-02,8266.012996874428
bg_15957,2024-07-18,643.7559330213419
bg_15959,2018-07-25,803.0591089700685
bg_15962,2025-10-12,7029.2438554442415
bg_15975,2024-10-19,730.2477722663905
bg_15977,2023-07-14,2743.3152714372586
bg_15985,2022-10-02,5047.855934800331
bg_15986,2024-02-14,2671.7009939362783
bg_15997,2025-03-25,3344.0591389058663
bg_16003,2025-03-25,4678.549066387974
bg_16012,2023-07-09,819.8799471264945
bg_16027,2020-03-26,2382.2028500107253
bg_16046,2023-07-14,2494.2898312946527
bg_16052,2025-06-28,2888.2855856892893
bg_16053,2022-07-24,3946.887332189624
bg_16056,2022-10-02,7051.045883874159
bg_16058,2023-08-26,762.6207684688403
bg_16064,2024-02-14,440.38198078480565
bg_16069,2025-03-25,3525.3352196919345
bg_16070,2025-03-25,6086.349487377521
bg_16090,2021-09-22,1938.1583939657075
bg_16091,2025-03-25,7689.221317955357
bg_16102,2025-04-14,62.7877965849864
bg_16105,2021-07-09,162.5348122708649
bg_16114,2024-09-01,555.985315003896
bg_16119,2023-07-09,3486.9455936248964
bg_16129,2025-03-25,470.5724705076577
bg_16137,2024-02-14,722.3038767720496
bg_16140,2025-03-25,3210.6962047508337
bg_16141,2025-06-28,928.141929071174
bg_16143,2025-03-25,1622.7010996791444
bg_16144,2024-02-14,2692.4909798362733
bg_16148,2025-04-14,3428.605856627166
bg_16151,2025-10-12,6853.624454316197
bg_16153,2024-09-01,6077.307394438952
bg_16158,2024-07-01,670.016929487604
bg_16159,2025-04-14,2992.688269933862
bg_16170,2023-07-07,2784.4071125104438
bg_16190,2025-03-25,3335.029092601771
bg_16200,2019-03-27,27.664330825109758
bg_16204,2025-03-25,4256.2356145425265
bg_16208,2025-09-21,393.6289392311396
bg_16217,2024-09-01,2491.526514508728
bg_16224,2024-08-02,1597.8857175968149
bg_16238,2025-04-14,453.7578844494388
bg_16241,2024-07-03,1874.2492907028332
bg_16250,2023-08-26,1670.517226520017
bg_16253,2025-03-25,975.5346239370886
bg_16254,2025-03-25,372.05370432218643
bg_16256,2022-07-24,2780.7475700611553
bg_16260,2022-07-24,5107.443654745438
bg_16271,2024-02-14,11217.904665890188
bg_16274,2023-07-09,2977.213615597632
bg_16283,2023-07-07,2121.186918732103
bg_16286,2024-02-14,8652.559093412901
bg_16289,2025-03-25,4860.729384166548
bg_16303,2023-07-07,294.01584532113145
bg_16320,2025-03-25,8060.829060568009
bg_16322,2023-07-14,1553.0562586720675
bg_16325,2025-03-25,4949.35315665613
bg_16331,2025-06-28,2315.8111310077616
bg_16336,2024-09-01,2370.1132767232866
bg_16344,2024-07-18,1116.0475044545149
bg_16348,2025-03-25,2037.51769307666
bg_16353,2025-03-25,4335.302799862966
bg_16359,2021-07-14,1601.7715122951654
bg_16364,2024-07-18,4432.87092260752
bg_16384,2024-07-18,37.67536728418208
bg_16393,2023-07-07,584.649267253508
bg_16394,2025-06-28,296.37638181919334
bg_16397,2019-07-15,2978.3241880296364
bg_16408,2018-07-25,17543.049168559697
bg_16410,2023-08-26,1022.9999445259112
bg_16411,2025-03-25,4331.995369630595
bg_16416,2024-07-18,523.7479474900812
bg_16428,2025-06-28,1408.2984792294817
bg_16432,2025-10-12,5494.687003715429
bg_16440,2025-10-12,20383.19205672411
bg_16444,2025-03-25,18492.727928959102
bg_16452,2022-10-02,19760.99284915867
bg_16460,2023-07-07,792.3784777491962
bg_16464,2025-10-12,13051.388074733815
bg_16475,2021-07-14,3081.4188635269684
bg_16482,2025-10-12,6080.866858705308
bg_16493,2021-07-14,16421.722901888275
bg_16504,2025-04-14,1618.0702847837297
bg_16508,2024-02-14,1107.2729546050593
bg_16509,2025-10-12,7971.810658520397
bg_16511,2024-02-14,15160.686351251123
bg_16513,2024-07-18,1111.4441506439039
bg_16542,2023-08-26,495.4583631343959
bg_16547,2024-07-18,165.02967308936624
bg_16549,2025-03-25,835.3022610408785
bg_16553,2025-03-25,1297.6762052223357
bg_16554,2024-09-11,6868.761736477558
bg_16557,2024-07-18,3227.41083994575
bg_16563,2023-07-07,1381.6678332004094
bg_16564,2023-06-07,412.9448062392338
bg_16565,2021-07-14,3920.3071830788667
bg_16576,2021-07-14,3814.972783441549
bg_16580,2025-03-25,583.8526760236567
bg_16581,2025-03-25,737.5628847087656
bg_16585,2025-04-14,452.4000805703013
bg_16590,2021-09-22,928.3427023464681
bg_16593,2024-09-11,18736.538592133078
bg_16596,2024-07-18,141.89260199199202
bg_16597,2021-07-14,3902.4492477929643
bg_16607,2025-03-25,837.2378640504721
bg_16610,2023-07-14,418.7896512570198
bg_16612,2024-09-01,5007.3315311551105
bg_16615,2021-07-14,8302.318485844842
bg_16621,2022-10-02,8972.794621326104
bg_16622,2025-03-25,12455.982409738124
bg_16626,2024-02-14,4011.8985302348674
bg_16633,2025-06-28,89.26943037799903
bg_16636,2024-07-18,1576.5596775891604
bg_16638,2024-07-08,773.2141650278567
bg_16643,2025-03-25,370.21567686985594
bg_16662,2024-02-14,986.8252697411333
bg_16663,2025-03-25,910.2271571974655
bg_16664,2025-06-28,1728.9597534934094
bg_16666,2024-09-11,955.4071645114568
bg_16670,2025-06-28,1224.2332621277153
bg_16680,2025-03-25,2596.9538042097915
bg_16686,2025-03-25,10268.57526332158
bg_16687,2023-07-09,617.1085506620384
bg_16698,2022-07-24,5048.613251280023
bg_16703,2021-07-09,1507.2873242350336
bg_16705,2024-02-14,6246.225635533651
bg_16706,2018-07-30,3101.885113959044
bg_16709,2024-02-14,1190.3497722096906
bg_16715,2024-09-11,11509.987943368831
bg_16716,2024-07-18,1962.7347635887804
bg_16727,2024-02-14,1077.1803444178006
bg_16733,2024-07-18,1040.7343703845265
bg_16737,2025-06-28,815.9996848039988
bg_16740,2022-10-02,8514.529613343226
bg_16743,2024-07-18,9057.428009871157
bg_16746,2024-07-18,736.1400345722649
bg_16748,2024-09-11,12683.697398333723
bg_16760,2025-03-25,1377.5624456263215
bg_16762,2024-09-01,886.4583176889475
bg_16776,2022-10-02,562.2146864855038
bg_16777,2019-07-15,2964.194016895677
bg_16779,2024-07-18,3914.492529983822
bg_16781,2024-07-18,3504.9803692458645
bg_16784,2025-03-25,433.58840171283197
bg_16787,2023-07-07,702.429462152584
bg_16792,2025-03-25,16408.415462076122
bg_16793,2025-03-25,390.64065597425537
bg_16797,2022-10-02,12795.08243164154
bg_16804,2021-09-07,83.5337165460941
bg_16808,2022-10-02,8190.209701863544
bg_16815,2024-04-04,1679.8078377004595
bg_16816,2024-08-02,953.9495309501359
bg_16825,2025-03-25,1015.3999596712488
bg_16826,2018-07-30,5207.081277664046
bg_16837,2024-07-18,2706.2552503783304
bg_16838,2021-07-14,789.8993689071619
bg_16853,2023-07-07,671.6550392129366
bg_16855,2025-03-25,12880.203092948694
bg_16857,2023-08-26,2269.804039493322
bg_16870,2024-02-14,3107.433210384413
bg_16888,2023-07-14,3226.638235330891
bg_16891,2025-04-14,367.32066917063474
bg_16895,2024-07-18,945.0630666785868
bg_16901,2018-09-03,675.2657528707365
bg_16903,2025-04-14,1837.333485244546
bg_16905,2024-07-18,1034.7062222675609
bg_16910,2024-07-18,3461.550666536313
bg_16914,2025-04-14,1181.6669947576079
bg_16921,2023-07-07,496.7257852174118
bg_16922,2024-09-11,513.4584690119166
bg_16926,2025-03-25,1655.6158154894224
bg_16927,2022-07-24,987.7512460634865
bg_16928,2021-05-15,3282.2274620143485
bg_16937,2024-09-01,3948.7028703740443
bg_16940,2025-03-25,3510.8849566171175
bg_16945,2023-03-16,3760.5370601816717
bg_16947,2023-08-26,746.5565722700034
bg_16948,2025-04-14,3068.0947271555315
bg_16949,2025-04-14,832.1980279956841
bg_16952,2024-09-01,2066.780552308365
bg_16969,2019-04-26,3552.86416191241
bg_16970,2025-06-28,417.78669449839964
bg_16976,2025-04-14,1082.621312278778
bg_16982,2023-07-14,1631.9305075890563
bg_16983,2024-07-18,2908.9233697882883
bg_16986,2024-09-01,430.8920760470237
bg_16993,2025-03-25,6638.451548908038
bg_17003,2025-04-14,1799.0469878241395
bg_17008,2025-06-28,1536.1050917825823
bg_17010,2025-03-25,5731.176891721199
bg_17013,2024-02-14,1761.4894948590133
bg_17020,2025-06-28,1819.1480640123943
bg_17036,2024-02-14,952.8104677216653
bg_17038,2021-07-09,2091.2741461847254
bg_17040,2025-06-28,2589.964490818385
bg_17044,2025-03-25,80.51377646108199
bg_17059,2024-02-14,628.2705889983804
bg_17064,2023-07-14,1906.0061346438388
bg_17065,2024-02-14,2821.4000339724535
bg_17068,2025-03-25,6976.098331531798
bg_17074,2025-04-14,185.6856052577838
bg_17078,2021-07-14,2691.9425512816138
bg_17089,2023-07-14,2830.531541619004
bg_17104,2024-07-18,1158.5510651672387
bg_17106,2025-09-11,843.0570811043441
bg_17108,2025-10-12,13147.907069294399
bg_17109,2024-02-14,1452.001183746167
bg_17115,2025-03-25,3035.1548660980125
bg_17117,2025-04-14,2532.7230264085583
bg_17123,2025-03-25,8394.259865985747
bg_17128,2025-04-14,3781.4422948129913
bg_17131,2024-02-14,4073.185750011888
bg_17134,2024-02-14,1389.0283477666794
bg_17137,2021-07-14,16264.41195027958
bg_17138,2024-07-18,936.2338825849043
bg_17141,2024-07-18,1414.0324729298943
bg_17147,2024-02-14,6316.305562027559
bg_17160,2024-07-03,5923.518611703563
bg_17162,2021-07-14,392.3967994263093
bg_17169,2025-04-14,409.28395277610696
bg_17170,2025-03-25,11049.35175227935
bg_17182,2025-04-14,1280.2612919633327
bg_17186,2024-02-14,10138.664466733264
bg_17197,2024-08-22,6927.156242016079
bg_17200,2024-09-11,2018.4468932821733
bg_17205,2024-02-14,756.8244977535367
bg_17214,2024-07-18,951.578674939333
bg_17226,2022-10-02,5421.742352832687
bg_17246,2024-07-18,568.05275828908
bg_17252,2021-07-09,435.1266080119817
bg_17259,2024-02-14,973.568720789646
bg_17261,2025-03-25,561.7826035041963
bg_17263,2024-07-18,1415.0366266991637
bg_17264,2025-03-25,2047.0470668015012
bg_17270,2025-03-25,1167.628283016735
bg_17273,2024-10-19,1768.9273388126192
bg_17277,2024-02-14,698.180997163095
bg_17280,2025-03-25,10047.240674911718
bg_17284,2021-07-14,2342.8706686029436
bg_17293,2024-07-03,1453.294831615396
bg_17311,2023-08-26,695.1498690927745
bg_17315,2021-07-09,1255.795387871526
bg_17318,2025-03-25,1821.0030071913911
bg_17322,2022-10-02,11605.069879087343
bg_17326,2025-04-14,2702.8652339508335
bg_17340,2024-09-01,1464.6107710239962
bg_17343,2023-07-14,2535.420044805125
bg_17346,2025-04-14,682.650326961194
bg_17347,2025-04-14,1799.7481704393833
bg_17349,2025-04-14,456.42936912517723
bg_17350,2023-07-14,287.01003066117454
bg_17353,2023-08-26,644.2854334065674
bg_17357,2023-07-07,2106.5729625389527
bg_17379,2025-03-25,970.050729910543
bg_17380,2021-07-09,1744.5263227880296
bg_17387,2025-03-25,1552.7514424722526
bg_17388,2024-07-18,799.3025605489947
bg_17391,2025-03-25,890.644505568863
bg_17392,2024-08-02,794.3937661512701
bg_17399,2024-02-14,473.1989708355784
bg_17401,2025-04-14,1175.1466533586813
bg_17404,2024-07-08,1240.3451787705355
bg_17410,2025-10-12,14206.522182972856
bg_17412,2025-04-14,1555.0384320010385
bg_17416,2024-07-18,3311.4419763299934
bg_17421,2024-07-18,1109.1776357733695
bg_17424,2025-03-25,1108.0207689839838
bg_17427,2024-10-19,979.9903055133665
bg_17430,2025-03-25,8226.83011785809
bg_17435,2023-07-07,1642.2584696080357
bg_17438,2023-07-07,334.0275635331358
bg_17449,2024-07-18,5637.930223122738
bg_17458,2023-08-12,815.7910348244159
bg_17467,2024-02-14,17794.187277676032
bg_17476,2025-04-14,1845.6917234468342
bg_17478,2025-03-25,4120.128424333438
bg_17479,2023-07-09,424.2350454641147
bg_17500,2024-07-18,7084.181155066567
bg_17507,2023-05-28,5791.790203391339
bg_17510,2024-02-14,1318.4188882902981
bg_17513,2024-07-18,533.8910893619174
bg_17518,2024-02-14,3165.8568710066074
bg_17524,2022-10-02,2091.1040341646844
bg_17526,2025-10-12,21047.916719316912
bg_17527,2021-07-14,7241.299028654996
bg_17528,2024-02-14,14738.345728371325
bg_17531,2024-10-19,2833.9466204217647
bg_17543,2024-04-04,2190.8207170828923
bg_17548,2023-07-03,4525.061176514566
bg_17556,2021-07-14,2472.6846110452298
bg_17559,2021-07-14,2011.8208035510772
bg_17569,2024-07-18,1125.740195293716
bg_17581,2023-07-07,247.94437057533608
bg_17594,2025-06-28,321.9687842008495
bg_17597,2022-07-24,2060.8598392418166
bg_17598,2024-07-18,1282.6784721432607
bg_17602,2024-07-18,1123.1746650009377
bg_17609,2022-10-02,445.43840258815555
bg_17612,2023-08-26,3506.2296853457997
bg_17622,2024-02-14,790.1190331207883
bg_17631,2024-02-14,237.11677334177844
bg_17635,2024-09-11,1046.730214429429
bg_17644,2023-07-07,602.5305622122385
bg_17650,2021-07-14,2847.606493495892
bg_17653,2024-07-18,3569.2552670831155
bg_17657,2025-04-14,1174.9318150429872
bg_17666,2021-07-09,720.9368173425362
bg_17675,2025-04-14,2122.657090771088
bg_17676,2025-04-14,1393.4868689012012
bg_17685,2019-04-11,419.9724014741763
bg_17687,2025-03-25,793.3943186082807
bg_17693,2025-03-25,7136.363686752587
bg_17706,2024-07-18,1374.814541129108
bg_17712,2024-07-18,378.1217350272949
bg_17713,2023-07-07,1099.60957334831
bg_17714,2022-07-24,11522.456846393505
bg_17717,2023-08-26,1180.751419943941
bg_17722,2025-03-25,1138.0912106241908
bg_17729,2024-07-18,1313.3789376260863
bg_17738,2021-07-14,12436.569123693153
bg_17749,2025-03-25,16041.36107732776
bg_17751,2025-03-25,968.1423643762084
bg_17753,2018-05-26,1437.1275554381023
bg_17757,2025-06-28,317.45469991794937
bg_17758,2023-07-03,327.43654423408816
bg_17764,2024-07-18,1420.2474979031483
bg_17782,2023-07-07,961.8528871402989
bg_17784,2025-03-25,1762.4222427387526
bg_17786,2025-03-25,827.834114421528
bg_17790,2024-02-14,2639.0087624145153
bg_17792,2023-07-09,3132.247470571266
bg_17796,2024-07-18,486.61657072087553
bg_17803,2024-02-14,1536.5174098914788
bg_17807,2024-07-18,1004.0794130443828
bg_17811,2025-06-28,306.1568070449957
bg_17813,2021-07-14,722.3202680944538
bg_17817,2025-03-25,5389.0379465820615
bg_17818,2024-07-18,1761.7363598732036
bg_17819,2025-03-25,1206.1558334230358
bg_17821,2021-07-14,9487.526498007868
bg_17825,2024-02-14,824.8491656054123
bg_17833,2024-09-11,1995.8279601457768
bg_17834,2025-03-25,1461.200931596905
bg_17835,2024-07-18,2800.76929626461
bg_17840,2025-03-25,13887.250622585372
bg_17849,2024-10-19,431.12369501112744
bg_17853,2024-08-27,805.3006619270118
bg_17855,2024-04-29,1079.3126821268415
bg_17857,2025-03-25,1630.6169822493132
bg_17861,2025-03-25,748.7785937778951
bg_17864,2024-02-14,16077.343949757524
bg_17866,2023-06-07,1151.0877447005084
bg_17867,2025-03-25,1125.0131830782332
bg_17870,2025-04-14,1613.2868718548916
bg_17878,2018-09-03,1471.1471705101978
bg_17881,2024-02-14,11895.235041511389
bg_17898,2025-03-25,795.9837789804897
bg_17901,2025-10-12,2154.9320952875155
bg_17902,2024-09-01,854.656152204045
bg_17906,2025-03-25,9404.089265021834
bg_17907,2024-07-18,422.87833829601686
bg_17914,2024-07-18,1639.7279757632048
bg_17918,2025-03-25,1283.593328161194
bg_17924,2021-07-14,1560.068237770351
bg_17925,2025-03-25,1809.3442622396085
bg_17929,2024-02-14,358.5716759588619
bg_17934,2024-07-18,4180.698877077891
bg_17937,2025-03-25,2558.92587983701
bg_17938,2024-02-14,1467.4938874830075
bg_17955,2024-02-14,7544.301369709492
bg_17959,2024-04-29,605.5247219560989
bg_17960,2024-02-14,564.8386406754092
bg_17961,2018-07-30,229.72528376321378
bg_17966,2023-07-07,660.1026202797237
bg_17971,2024-02-14,3950.2403768508
bg_17974,2024-04-04,2576.129796885059
bg_17976,2021-07-14,14923.584182909948
bg_17979,2025-06-28,562.823831140964
bg_17986,2024-07-18,1659.6841158786722
bg_17993,2023-07-12,1385.0731004894963
bg_17996,2025-04-14,2043.572056424568
bg_17997,2024-07-18,394.22148660369663
bg_17998,2024-04-29,5355.426294890152
bg_18000,2024-02-14,7959.736911538085
bg_18009,2023-08-28,472.37554053959
bg_18010,2025-03-25,5539.345674012375
bg_18024,2024-09-01,1869.7911614936627
bg_18028,2025-03-25,13095.436765824405
bg_18029,2024-02-14,1670.5988143476466
bg_18031,2025-06-28,2315.808747738036
bg_18035,2023-07-14,1654.4163799963571
bg_18055,2025-08-07,1279.197876991635
bg_18056,2025-06-28,555.0943289207661
bg_18060,2025-06-28,585.8961145116502
bg_18061,2025-03-25,13804.783815275627
bg_18062,2022-07-24,747.9100643793656
bg_18065,2022-10-02,6976.926176655304
bg_18076,2022-10-02,6485.253328938002
bg_18082,2023-07-14,3219.3027266939034
bg_18087,2024-09-01,6061.884215200761
bg_18092,2024-08-22,1452.0862403108038
bg_18093,2025-03-25,2627.40390903268
bg_18094,2019-04-26,2213.8260365484766
bg_18096,2024-07-18,551.9081134573213
bg_18098,2025-03-25,1833.3836145495702
bg_18104,2024-02-14,1376.5681388149019
bg_18107,2025-06-28,1208.9709014280195
bg_18111,2023-07-07,150.83094708990305
bg_18113,2023-07-09,454.82316618652465
bg_18118,2024-10-16,2308.568058342422
bg_18119,2021-07-14,20187.74090051664
bg_18126,2025-04-14,1184.0106352986636
bg_18130,2025-03-25,1302.835135119071
bg_18134,2024-10-19,830.2346317157329
bg_18137,2025-03-25,626.1887463056677
bg_18138,2023-07-07,1450.9421664906365
bg_18143,2024-09-01,464.2546977682783
bg_18146,2025-03-25,1711.1954485680162
bg_18147,2024-07-18,951.3695123348532
bg_18148,2024-07-18,949.596608776642
bg_18153,2025-03-25,1052.4100186714372
bg_18157,2024-07-08,687.326205887654
bg_18161,2021-07-14,1150.1387264587668
bg_18163,2024-07-18,4069.337021628928
bg_18166,2021-07-14,10751.189748134866
bg_18169,2025-03-25,1490.4208232914505
bg_18171,2023-07-14,2208.5010696171225
bg_18172,2024-07-18,661.1993587414593
bg_18176,2024-02-14,356.8714620138887
bg_18181,2024-07-18,310.70326036249116
bg_18182,2024-02-14,842.9834762318278
bg_18185,2021-07-14,6987.234739415928
bg_18186,2020-05-05,2107.292151458806
bg_18188,2024-02-14,1908.3372522958011
bg_18190,2023-07-03,267.10643159616706
bg_18191,2025-03-25,14610.469167566223
bg_18195,2023-07-07,665.7349894662135
bg_18198,2024-02-14,545.0285872318987
bg_18200,2023-07-07,575.3891205089662
bg_18206,2023-07-07,372.43852177249045
bg_18207,2024-02-14,3951.7728327930345
bg_18214,2024-07-18,531.9627101591805
bg_18218,2023-03-16,520.0803162974161
bg_18219,2024-09-11,753.4957380769589
bg_18225,2025-10-12,6656.212099295116
bg_18240,2024-02-14,3424.962316070002
bg_18242,2025-03-25,2104.5428997763856
bg_18245,2024-02-14,791.7666709959783
bg_18247,2023-07-09,2255.521161261789
bg_18248,2018-03-12,5507.931198880723
bg_18256,2023-07-14,1834.239515984787
bg_18257,2021-07-14,1761.1484282706142
bg_18266,2024-04-29,3167.1654871193546
bg_18267,2024-07-18,841.2754326615508
bg_18268,2025-03-25,3816.498188876909
bg_18269,2025-03-25,2767.1959853254375
bg_18271,2024-08-02,720.8021112621706
bg_18280,2025-03-25,3093.1513317167673
bg_18302,2024-07-18,2774.5718770651524
bg_18306,2024-07-18,1184.3659196802778
bg_18311,2021-07-14,5456.011377939096
bg_18323,2023-08-28,1672.8550299711997
bg_18327,2024-02-14,1019.6479710665735
bg_18331,2023-07-09,240.9343763354361
bg_18340,2024-04-29,2784.8403829483173
bg_18361,2025-03-25,10609.796634884302
bg_18366,2025-04-14,1007.2072049980641
bg_18367,2021-07-14,2642.674675589145
bg_18376,2024-07-03,5902.641356477327
bg_18377,2023-07-07,1240.3390014426516
bg_18384,2024-09-01,653.6519815620537
bg_18386,2021-07-14,682.3536298721987
bg_18387,2024-07-18,1220.1520879384452
bg_18390,2024-07-03,4665.0876698299035
bg_18396,2025-03-25,10361.070952927768
bg_18403,2025-08-07,1246.649863634461
bg_18404,2025-03-25,1275.4695328778682
bg_18405,2025-04-14,1424.9529651889238
bg_18407,2024-09-01,4824.7566953059195
bg_18411,2025-03-25,681.3233173759625
bg_18415,2024-09-11,185.52845738600493
bg_18423,2025-03-25,4797.200962029686
bg_18424,2022-07-24,3393.6700212306673
bg_18431,2025-09-11,614.3016973770328
bg_18440,2024-07-18,1072.6002780626604
bg_18445,2024-07-18,2613.7164942856293
bg_18449,2024-07-18,2473.8650513923844
bg_18451,2024-07-18,4052.510190597758
bg_18452,2021-07-14,2801.7029414447284
bg_18453,2024-09-11,273.7206824484673
bg_18458,2024-07-18,7161.1788545812005
bg_18459,2025-03-25,5827.255384964698
bg_18463,2023-08-26,1371.0520904034836
bg_18471,2025-04-14,594.2864704835787
bg_18473,2025-04-14,887.1801353165414
bg_18474,2025-09-11,2054.4001889846268
bg_18484,2022-10-02,7880.339900695831
bg_18485,2024-07-18,992.8364074710901
bg_18487,2024-07-18,1036.3152950718393
bg_18489,2022-10-02,2138.6076634342976
bg_18490,2025-03-25,16222.27519225344
bg_18493,2024-09-11,2509.2374057669413
bg_18500,2024-02-14,2293.133485975013
bg_18503,2024-09-11,12789.755537167204
bg_18512,2024-07-18,5203.841974330078
bg_18518,2025-03-25,1672.622016655166
bg_18519,2025-06-28,915.6764752355008
bg_18522,2025-03-25,2130.103905306146
bg_18528,2024-02-14,2255.166576951692
bg_18534,2025-04-14,941.6702650079087
bg_18535,2024-09-01,632.9742229350544
bg_18536,2025-03-25,312.2433679042442
bg_18537,2021-07-14,959.6789039044335
bg_18545,2025-04-14,2473.107421403227
bg_18547,2024-07-18,546.3387184706648
bg_18548,2018-07-30,787.7186160044511
bg_18550,2024-02-14,1146.5859662495625
bg_18574,2024-07-18,675.8963401290146
bg_18582,2022-10-02,9608.311853936766
bg_18586,2023-07-14,2985.53433723345
bg_18597,2025-03-25,301.19012749449337
bg_18602,2024-07-18,1697.341144761288
bg_18604,2025-03-25,1000.7808731188277
bg_18606,2025-03-25,4953.566322933355
bg_18608,2023-07-14,2828.802808910626
bg_18626,2023-08-26,644.1864988496017
bg_18629,2024-08-22,5041.6673891976325
bg_18631,2025-03-25,259.41670609266873
bg_18636,2021-05-15,1517.7997109301753
bg_18645,2024-07-01,198.78482839499839
bg_18655,2024-04-29,1315.2226939951986
bg_18657,2024-07-18,2065.121935818568
bg_18669,2025-04-14,1251.9950417233536
bg_18672,2021-05-15,1827.3112998064512
bg_18676,2023-09-14,1073.9305377909627
bg_18684,2025-06-28,220.65488437826002
bg_18685,2024-08-02,2423.4158756803467
bg_18697,2024-04-29,2513.5702253565814
bg_18698,2022-10-02,5427.931948219183
bg_18700,2021-07-09,1581.0557678336445
bg_18703,2021-07-14,16534.042588562508
bg_18706,2025-03-25,1775.5997226007867
bg_18711,2023-07-07,991.0959519643961
bg_18714,2024-07-18,392.3089732596795
bg_18721,2024-07-18,1279.9414021352695
bg_18733,2024-02-14,1416.2051293510392
bg_18734,2022-10-02,7142.801860089483
bg_18741,2024-07-18,1734.9146729738052
bg_18742,2022-10-02,4326.05638184488
bg_18751,2024-07-18,617.4949186834532
bg_18752,2025-03-25,622.108220890844
bg_18757,2023-07-09,1042.3457171205991
bg_18764,2025-04-14,3474.524559878678
bg_18771,2025-03-25,1815.6429664720067
bg_18773,2024-10-19,2008.980605182725
bg_18775,2022-10-02,1311.840248544013
bg_18778,2025-03-25,2402.229746402392
bg_18784,2025-03-25,12578.582425758408
bg_18785,2024-02-14,1261.2265473339683
bg_18788,2025-04-14,904.4248843326427
bg_18794,2025-03-25,518.3140823864353
bg_18802,2025-03-25,11331.269600411078
bg_18819,2024-02-14,3438.1657233036103
bg_18824,2025-04-14,210.03546605298314
bg_18830,2025-04-14,129.44401878799002
bg_18842,2025-03-25,934.7294433148153
bg_18846,2025-03-25,9129.902638588152
bg_18853,2024-07-18,470.6749462208432
bg_18855,2024-09-11,7484.783019065983
bg_18860,2025-03-25,2394.9380335406836
bg_18862,2023-08-26,846.4785466863582
bg_18875,2025-04-14,2252.4131949977154
bg_18880,2024-09-11,15952.334917449849
bg_18882,2025-03-25,5943.12329432906
bg_18891,2024-07-18,321.09185757348956
bg_18892,2020-05-15,1217.2645633958566
bg_18896,2025-10-12,16555.137232617653
bg_18902,2023-07-09,606.7821903287684
bg_18917,2023-08-19,1563.6152120647414
bg_18920,2018-05-26,1522.5000948768943
bg_18921,2024-02-14,512.5865210871068
bg_18927,2019-07-15,527.318223845706
bg_18929,2025-03-25,12239.01225387499
bg_18932,2021-07-14,16173.890778609904
bg_18935,2023-07-09,221.51353231797574
bg_18937,2024-04-04,1650.3842365037333
bg_18938,2024-07-18,1014.7162466424274
bg_18958,2025-06-28,1171.3477124235926
bg_18959,2023-08-26,937.4808807117681
bg_18962,2025-03-25,1020.6693829050155
bg_18982,2020-03-26,2654.6749772051285
bg_18985,2024-09-11,300.7001496509638
bg_19003,2024-10-19,870.3455569483477
bg_19006,2025-04-14,246.92201926947521
bg_19014,2025-04-14,704.5006277497894
bg_19019,2022-10-02,6691.218061496715
bg_19022,2025-10-12,4646.852763623954
bg_19024,2025-03-25,525.7627073119718
bg_19025,2022-10-02,844.1877422114245
bg_19037,2023-06-07,1066.029363995319
bg_19043,2024-02-14,4278.476705207166
bg_19046,2024-07-03,7469.221872671589
bg_19054,2024-07-03,546.880297322988
bg_19073,2025-06-28,2424.321850332574
bg_19081,2024-04-04,1472.8789795498535
bg_19083,2024-04-29,8531.279370621996
bg_19085,2023-03-16,4166.999285205145
bg_19089,2025-03-25,16341.506149878098
bg_19096,2024-07-18,706.887977617209
bg_19102,2023-07-09,77.45555435211837
bg_19109,2025-04-14,1006.5166190383126
bg_19110,2022-10-02,6241.982639394153
bg_19113,2024-07-18,1464.4138050771342
bg_19114,2022-10-02,1108.0120775966138
bg_19120,2023-08-19,361.72308704322967
bg_19126,2024-09-11,11242.96045926058
bg_19132,2024-02-14,828.5908320155154
bg_19141,2024-07-18,2958.4313845347315
bg_19145,2025-04-14,554.9137396929259
bg_19149,2024-07-18,25.509982359705027
bg_19151,2023-07-03,479.06633371597985
bg_19156,2025-04-14,5015.108087888058
bg_19162,2025-06-28,204.20481017833973
bg_19165,2022-10-02,5345.724636174235
bg_19169,2024-04-29,3799.253317429686
bg_19181,2024-07-18,455.65153549594925
bg_19191,2024-02-14,1932.6168861933609
bg_19196,2024-09-11,22339.47926900935
bg_19197,2025-03-25,3944.7592519190644
bg_19199,2024-07-18,298.8988123097179
bg_19200,2024-07-18,1474.864417361911
bg_19204,2022-10-02,1923.369930148519
bg_19207,2025-04-14,6392.426400421054
bg_19208,2023-07-14,3097.372211730505
bg_19209,2021-07-14,16248.174154851706
bg_19210,2024-09-01,766.2864302595785
bg_19211,2025-03-25,619.3536773119254
bg_19218,2023-07-07,3705.904994815425
bg_19220,2024-02-14,209.886695624098
bg_19223,2023-07-03,438.64227167468584
bg_19231,2024-02-14,1485.0950306292596
bg_19235,2024-07-18,3896.2497800449796
bg_19236,2024-09-11,19881.19578251017
bg_19238,2024-07-18,1396.5084687894564
bg_19239,2025-10-12,1354.6916662471888
bg_19245,2024-02-14,1287.832316181244
bg_19248,2021-07-14,1122.589432695705
bg_19260,2024-02-14,1974.2276835765929
bg_19263,2024-02-14,2185.648168438611
bg_19264,2024-07-18,4624.515910503477
bg_19268,2021-07-14,14904.54460821924
bg_19270,2023-07-14,2153.431998113633
bg_19274,2025-04-14,1049.0603858691493
bg_19292,2024-02-14,6267.586883402544
bg_19293,2025-03-25,697.3618896959518
bg_19303,2024-07-18,1192.5594406148832
bg_19310,2021-07-09,1735.8369786647017
bg_19312,2024-07-18,1750.86873045964
bg_19317,2024-02-14,13347.20169387587
bg_19321,2025-04-14,3330.8758893870936
bg_19331,2021-07-14,2497.3143510778877
bg_19333,2024-07-18,983.486522378193
bg_19339,2021-05-15,758.9305386530027
bg_19359,2021-07-09,1370.4466443464096
bg_19370,2024-07-18,1849.6731975136088
bg_19391,2024-07-18,2408.432342458486
bg_19403,2023-07-14,2113.6868463656924
bg_19407,2022-07-24,7133.942994249484
bg_19419,2024-02-14,2671.99822172462
bg_19431,2023-07-07,1711.754195350472
bg_19434,2024-04-29,2296.504192245062
bg_19444,2025-03-25,14735.262087472367
bg_19447,2025-10-12,12969.596425151434
bg_19457,2025-06-28,194.51485753021888
bg_19471,2024-02-14,668.7093441098609
bg_19480,2024-02-14,801.7262577715352
bg_19482,2021-07-09,2186.5092378492395
bg_19483,2018-09-03,640.4397190992453
bg_19484,2024-02-14,10017.738846331302
bg_19485,2025-03-25,2242.35655773118
bg_19486,2025-04-14,2324.4094229073453
bg_19492,2024-07-18,977.7019010926299
bg_19500,2021-07-14,3047.9750414002915
bg_19502,2022-07-24,2659.3291865619094
bg_19522,2025-03-25,15431.481939609566
bg_19533,2025-06-28,178.9121977396322
bg_19536,2025-10-12,4253.022963352085
bg_19551,2025-03-25,1621.7809348057694
bg_19554,2022-10-02,12626.007961050114
bg_19567,2021-07-14,1405.5987970968704
bg_19570,2024-02-14,658.007615305599
bg_19572,2024-07-18,2717.4375127315493
bg_19573,2025-04-14,4111.352497293235
bg_19576,2024-07-18,3676.8544826523907
bg_19580,2024-02-14,6250.0260128257405
bg_19592,2022-07-24,4264.784309575386
bg_19593,2024-07-18,3066.923583805199
bg_19600,2024-02-14,1408.7906425726005
bg_19602,2021-07-14,2657.4722975975046
bg_19606,2025-03-25,1625.1564088726982
bg_19625,2024-09-01,9825.463822888925
bg_19630,2023-07-07,704.115557632409
bg_19642,2025-10-12,1337.6738917987693
bg_19651,2024-07-18,1439.8524183054408
bg_19652,2024-02-14,823.1930882240067
bg_19657,2025-03-25,903.8220506828127
bg_19658,2024-07-18,2989.26630377794
bg_19660,2023-07-07,5297.499880377349
bg_19676,2024-07-18,1250.3023778270563
bg_19682,2024-08-27,568.9412866895485
bg_19686,2021-07-14,10679.00390412892
bg_19690,2024-09-11,21974.99207659695
bg_19694,2025-03-25,6148.979914953608
bg_19698,2025-04-14,1565.3774817914211
bg_19718,2023-07-14,2731.688729852125
bg_19730,2024-07-18,439.82631174133365
bg_19732,2021-07-09,1020.6372907649885
bg_19734,2025-03-25,5668.41320416902
bg_19739,2025-04-14,535.6106448717918
bg_19743,2024-02-14,230.0369796358438
bg_19752,2025-03-25,2766.4169781506243
bg_19758,2018-07-25,715.2733832598228
bg_19762,2022-07-24,4140.067695726839
bg_19763,2021-07-09,1749.5164749724531
bg_19764,2024-07-18,4264.312908804689
bg_19770,2025-04-14,377.2302493175125
bg_19771,2025-03-25,1074.0533840083122
bg_19776,2024-09-11,12614.405780792793
bg_19778,2024-07-18,3061.592824821733
bg_19780,2022-10-02,5303.559153672284
bg_19783,2025-10-12,3242.657248739132
bg_19794,2024-10-19,5929.008767492254
bg_19800,2024-09-01,1184.521203946973
bg_19812,2022-10-02,4647.419726095254
bg_19820,2025-03-25,624.0241819035126
bg_19822,2024-04-29,10762.312740466172
bg_19829,2025-06-28,80.23461846354478
bg_19833,2024-07-08,807.1118991814006
bg_19835,2024-07-18,1860.3280395937293
bg_19840,2025-06-28,1324.1269432346014
bg_19842,2024-07-18,1495.7789350368596
bg_19848,2025-03-25,1955.473899723673
bg_19851,2025-04-14,3592.4874490246457
bg_19860,2025-03-25,1716.7649890419916
bg_19871,2024-02-14,2374.5290816707393
bg_19873,2020-05-05,2205.766755031059
bg_19874,2024-07-18,1563.9877355336778
bg_19891,2025-06-28,1763.9007601620322
bg_19892,2023-08-28,1166.2605022892053
bg_19894,2024-09-01,3460.954920321978
bg_19900,2021-07-14,18649.96397895708
bg_19904,2025-04-14,1141.2803759372762
bg_19905,2022-10-02,1362.7019698012007
bg_19909,2024-02-14,6675.751840512108
bg_19911,2023-07-14,612.8847542564738
bg_19922,2024-04-04,2382.6446097557696
bg_19928,2024-02-14,5879.035029067238
bg_19929,2024-07-18,1464.9812690266483
bg_19932,2024-02-14,4258.416530237749
bg_19934,2024-09-11,1150.7022121295438
bg_19941,2023-07-03,1982.4099637560491
bg_19942,2024-04-29,1871.0502653053068
bg_19946,2024-07-18,4042.106211284207
bg_19951,2022-10-02,1137.535680055615
bg_19954,2024-09-01,1118.4918482047824
bg_19959,2025-08-07,1235.884056212117
bg_19971,2024-02-14,1712.7479703098065
bg_19972,2025-04-14,163.3589140512198
bg_19979,2024-02-14,4867.480457330902
bg_19986,2021-07-14,2450.243847660873
bg_19987,2023-07-14,1013.403410542886
bg_19988,2024-08-02,761.7765090891696
bg_19993,2024-02-14,1048.4487780526226
bg_19999,2024-02-14,1157.4941326850847
bg_20005,2021-07-14,4237.901269307615
bg_20016,2024-07-18,693.381109131228
bg_20017,2021-07-14,2553.981825875037
bg_20033,2025-03-25,2849.9054260797957
bg_20038,2025-03-25,202.86239597354228
bg_20041,2019-02-08,1329.819993382489
bg_20046,2023-07-07,2328.5289571959356
bg_20054,2024-02-14,4953.789087769129
bg_20058,2025-03-25,4336.02667317696
bg_20061,2025-04-14,8055.06272532988
bg_20065,2025-03-25,744.4299760217976
bg_20067,2024-07-18,455.6143124397837
bg_20075,2024-04-29,940.5899514666024
bg_20076,2025-03-25,5317.760516053742
bg_20078,2025-03-25,9764.481841941164
bg_20079,2025-06-28,672.9530655996567
bg_20083,2024-07-18,523.4593073965024
bg_20090,2022-10-02,4433.028990712629
bg_20091,2025-03-25,5969.818300518322
bg_20092,2021-07-14,2319.8397631948797
bg_20096,2025-03-25,4724.412516546394
bg_20101,2024-02-14,2190.5069838737377
bg_20106,2021-07-14,2734.5858951217865
bg_20114,2025-03-25,2962.5532186271535
bg_20115,2025-03-25,1953.3872012734946
bg_20118,2025-03-25,696.1228653045888
bg_20119,2021-07-14,14891.908827024006
bg_20130,2024-09-11,1031.5723439971798
bg_20145,2023-07-14,2547.9607101562806
bg_20149,2024-07-18,162.4798255168567
bg_20153,2025-03-25,1615.6387488544065
bg_20157,2025-06-28,957.68880645016
bg_20160,2024-02-14,1191.5094890515875
bg_20165,2019-07-15,3156.793099903654
bg_20166,2022-10-02,15807.482768186099
bg_20168,2025-03-25,4997.9330294833435
bg_20169,2025-08-07,570.6102828550286
bg_20174,2025-03-25,4596.709451684165
bg_20181,2025-04-14,6121.1933072726315
bg_20184,2018-05-26,3890.9072403878695
bg_20186,2023-03-16,6039.652321988281
bg_20189,2024-10-19,300.6362834057196
bg_20191,2024-08-02,1713.1297296177945
bg_20192,2021-05-15,1468.485110922024
bg_20199,2024-02-14,6774.411477088031
bg_20207,2025-04-14,888.1426886486378
bg_20210,2023-07-14,2349.993612927686
bg_20219,2024-07-18,441.3093374269625
bg_20222,2024-07-18,1185.4075680962019
bg_20226,2025-04-14,1021.327292937971
bg_20235,2024-07-18,305.0931359437205
bg_20237,2025-03-25,3273.8144982574745
bg_20244,2025-03-25,6353.323936617957
bg_20249,2024-02-14,17620.278025014282
bg_20251,2025-03-25,378.7121324963131
bg_20253,2024-04-29,938.1253846368917
bg_20259,2024-09-01,2423.1522784382987
bg_20265,2021-07-14,18412.803015956135
bg_20290,2024-07-03,2922.1876412888532
bg_20306,2024-02-14,1476.035601366241
bg_20308,2022-10-02,4109.715499702994
bg_20310,2024-09-01,3187.863792714241
bg_20311,2023-07-07,1105.7338463210024
bg_20314,2023-07-07,859.7797979715285
bg_20320,2024-04-29,679.5475463129985
bg_20321,2024-09-11,5333.886229992
bg_20326,2025-04-14,544.9562728330259
bg_20327,2024-07-03,301.97283205611717
bg_20336,2024-07-18,499.0157458436322
bg_20338,2023-07-03,1504.5018399456299
bg_20339,2025-04-14,318.87686212691045
bg_20346,2024-02-14,529.3212688906773
bg_20353,2025-03-25,10237.135213896781
bg_20365,2025-10-16,340.43005742716184
bg_20366,2024-07-18,2904.737802367019
bg_20367,2024-07-18,357.2337673009506
bg_20371,2025-10-12,821.4696017502519
bg_20377,2023-08-19,1099.2306645101155
bg_20380,2024-09-11,11004.1704803451
bg_20387,2025-04-14,807.333711051384
bg_20391,2025-04-14,3085.7910975629766
bg_20405,2023-07-09,829.2878174072346
bg_20407,2023-08-23,1835.1064738866726
bg_20411,2023-07-09,715.7940533421361
bg_20413,2025-03-25,2200.094523287969
bg_20415,2023-08-26,1211.3386188841034
bg_20421,2025-03-25,3900.3485492067794
bg_20422,2024-02-14,1173.1567926327623
bg_20427,2021-07-09,1357.307924164385
bg_20438,2025-04-14,387.0366433556268
bg_20444,2025-03-25,394.64134020665443
bg_20447,2024-08-22,2714.600920816955
bg_20448,2021-07-14,1693.7830627622268
bg_20453,2023-08-12,1354.2385050278776
bg_20458,2025-03-25,1048.8764873425698
bg_20459,2025-04-14,408.49073000494303
bg_20472,2024-09-11,3655.7868091151036
bg_20476,2023-07-09,988.1851828481107
bg_20494,2025-04-14,1157.9728122024605
bg_20511,2023-07-07,2976.1318318415097
bg_20523,2023-07-03,657.5123135729273
bg_20527,2025-03-25,7552.633850816654
bg_20541,2024-02-14,16240.340447324577
bg_20543,2021-09-22,1104.294124769285
bg_20555,2025-03-25,16763.191061325273
bg_20559,2021-07-14,2331.6757409638694
bg_20563,2023-07-14,628.9917547947787
bg_20566,2025-03-25,3673.2057636074796
bg_20573,2025-09-11,1120.2515885727375
bg_20595,2024-07-18,1376.4414058359503
bg_20599,2025-03-25,1350.735353242783
bg_20606,2021-07-14,1437.453442793828
bg_20608,2024-07-18,385.1582407270861
bg_20611,2018-07-30,11697.9274063483
bg_20615,2025-03-25,4180.453466933921
bg_20622,2023-07-03,412.7450575112748
bg_20629,2023-07-09,854.4014635404432
bg_20630,2024-07-18,2058.6227751823526
bg_20632,2025-04-14,2465.6234891199574
bg_20636,2025-06-28,686.7137180804872
bg_20637,2025-10-12,8605.019983637492
bg_20645,2019-07-15,763.0014475737748
bg_20655,2023-08-07,494.7112404220521
bg_20663,2023-07-14,567.4617155368487
bg_20667,2025-03-25,973.7074189920427
bg_20670,2025-06-28,1477.7727476507025
bg_20671,2024-07-18,395.042847802594
bg_20675,2021-07-14,4750.65555494204
bg_20679,2023-07-09,755.8639735430776
bg_20682,2024-07-18,49.07191661210245
bg_20689,2021-07-09,409.1987469434764
bg_20695,2021-07-09,700.6575549439551
bg_20704,2025-03-25,4518.5262867000565
bg_20705,2022-07-24,4414.369256077262
bg_20706,2024-04-29,909.102963585629
bg_20707,2021-07-14,464.95190471693667
bg_20714,2025-10-12,19134.08668614219
bg_20717,2023-07-14,792.8122449231691
bg_20724,2023-06-07,319.1122564238672
bg_20726,2024-07-18,632.7994017854355
bg_20727,2022-10-02,1942.2701625932664
bg_20735,2024-07-18,13753.723193772055
bg_20736,2024-02-14,846.7011610363137
bg_20737,2018-09-03,1013.782051774572
bg_20749,2022-10-02,10564.20141404448
bg_20751,2025-03-25,241.29939515075904
bg_20752,2025-04-14,676.2793568490198
bg_20754,2023-07-14,1729.3373247579054
bg_20756,2024-07-18,2430.4724545857334
bg_20759,2024-07-18,1485.7152032943848
bg_20768,2025-06-28,1619.8861338069605
bg_20769,2024-02-14,2479.056938777359
bg_20770,2025-03-25,8158.366907022583
bg_20771,2024-07-18,479.06892541685255
bg_20772,2023-07-14,1360.8905044127025
bg_20783,2025-04-14,480.3277785013847
bg_20792,2024-04-29,4211.6766281375385
bg_20797,2025-03-25,9302.141005816731
bg_20798,2022-07-24,9974.115151180096
bg_20805,2025-03-25,1060.1426385632808
bg_20810,2025-03-25,542.8967210254897
bg_20813,2025-03-25,1022.6325940919537
bg_20817,2023-07-14,680.3293914715217
bg_20819,2024-09-11,10541.2424961433
bg_20825,2024-07-18,128.64462406185655
bg_20826,2025-03-25,5245.532877754188
bg_20835,2025-04-14,1187.3794324056187
bg_20839,2022-10-02,11886.42394526201
bg_20853,2022-10-02,5793.334775973102
bg_20854,2024-09-11,1113.818244598413
bg_20857,2025-08-07,494.1514628127178
bg_20862,2025-04-14,2054.924349945937
bg_20868,2023-07-09,1514.402289254812
bg_20875,2025-03-25,19168.292679278995
bg_20881,2021-07-14,18914.8729029406
bg_20894,2024-07-18,2183.014868158176
bg_20899,2025-06-28,2521.7167593525264
bg_20902,2024-07-18,1477.8282666129114
bg_20910,2021-07-09,494.0241217795041
bg_20912,2024-02-14,1214.7764871778904
bg_20921,2023-08-28,646.6756783736059
bg_20934,2022-07-24,7218.548718073573
bg_20939,2024-07-18,8401.59892563341
bg_20941,2024-02-14,1261.920934845204
bg_20942,2022-07-24,8491.559147600783
bg_20945,2023-07-14,2084.580199656533
bg_20949,2018-05-26,405.24808599180005
bg_20950,2025-06-28,1291.9451321554436
bg_20957,2025-09-11,445.6723048383088
bg_20958,2023-07-15,249.75579853121963
bg_20976,2025-03-25,7918.704668442077
bg_20980,2024-07-18,314.0343091132342
bg_20991,2025-03-25,7757.875239761431
bg_20995,2024-07-18,2362.9676193294513
bg_21002,2024-07-18,967.6270360525394
bg_21008,2024-09-11,387.31780439324353
bg_21013,2025-04-14,2777.0140887291286
bg_21024,2024-07-18,472.43760360499243
bg_21028,2025-03-25,15395.345380617315
bg_21031,2025-04-14,568.8239464893174
bg_21038,2024-09-01,817.1229225765226
bg_21039,2022-10-27,557.0299079942718
bg_21042,2025-03-25,1958.2966805109593
bg_21056,2025-03-25,1994.6475431012586
bg_21058,2025-03-25,676.0349994637746
bg_21064,2025-06-28,1536.5383288742987
bg_21071,2025-03-25,10454.435976488521
bg_21074,2024-07-18,477.8378806665754
bg_21082,2024-02-14,684.487230706302
bg_21093,2025-03-25,6521.817936564806
bg_21099,2024-02-14,1640.8011129018723
bg_21101,2025-03-25,401.2215872805887
bg_21110,2025-03-25,2943.765504146269
bg_21119,2024-09-01,1584.5580084049793
bg_21120,2025-04-14,2240.8994752108233
bg_21123,2025-03-25,11209.685059697193
bg_21125,2025-04-14,1137.403704275761
bg_21129,2025-03-25,1061.2133143245255
bg_21131,2023-08-12,409.7944100398812
bg_21135,2021-07-14,2804.007268482003
bg_21139,2024-09-11,461.64898017857365
bg_21141,2021-07-14,2014.389847720678
bg_21147,2025-10-12,1104.5669182081308
bg_21148,2025-03-25,716.2011084185863
bg_21153,2021-07-09,1674.0742149916948
bg_21159,2024-02-14,986.2851071064463
bg_21161,2025-03-25,1702.663052427214
bg_21164,2025-03-25,481.70330204399664
bg_21168,2024-07-18,881.0902885062189
bg_21173,2024-07-18,910.9763270798651
bg_21176,2025-04-14,878.063141750071
bg_21180,2021-07-09,1723.305895365034
bg_21187,2024-09-11,875.9859471476431
bg_21190,2024-07-18,6917.885043118597
bg_21192,2024-09-01,1421.5924416300047
bg_21196,2025-03-25,494.8238131901567
bg_21206,2023-07-14,6021.6888277045455
bg_21213,2025-06-28,2198.4147431500787
bg_21218,2024-07-03,694.3309395381985
bg_21220,2023-07-07,764.0506900720148
bg_21225,2024-07-03,852.290506869473
bg_21226,2024-07-18,1454.688076289872
bg_21227,2024-07-18,1200.6379361406268
bg_21229,2022-07-24,7903.876363468743
bg_21234,2025-03-25,8373.446016575368
bg_21241,2023-08-28,2337.1788130138075
bg_21246,2022-10-02,2481.1513846999983
bg_21247,2025-04-14,2499.9657807660647
bg_21251,2021-07-14,3014.902462120493
bg_21257,2025-04-14,2704.289126887145
bg_21258,2025-08-07,1532.4123408860014
bg_21261,2025-06-28,904.1464462132783
bg_21262,2023-07-09,747.5552454498753
bg_21271,2022-10-02,4531.0855977126785
bg_21276,2023-03-16,3599.1590001692143
bg_21278,2025-10-12,2239.1257939873117
bg_21297,2025-03-25,2588.1617512243834
bg_21300,2024-07-18,485.89219627398904
bg_21323,2018-07-30,5449.165824894633
bg_21327,2024-02-14,1990.7088140911524
bg_21334,2022-10-02,19887.735801556133
bg_21335,2024-09-01,926.6287893759699
bg_21340,2025-03-25,2674.806985653227
bg_21341,2021-07-09,388.4635489977705
bg_21343,2024-07-18,3520.4040924017795
bg_21352,2025-03-25,1429.951082589877
bg_21362,2024-09-01,6611.950997466629
bg_21364,2025-03-25,3921.325291084679
bg_21381,2018-07-30,3543.2116591029126
bg_21389,2021-07-14,1548.6642281979616
bg_21390,2024-07-18,1083.9518374910633
bg_21392,2025-03-25,707.8086252654464
bg_21398,2024-07-18,1905.592760953924
bg_21408,2024-07-18,831.6191561045221
bg_21412,2024-09-11,570.7103000647606
bg_21414,2023-03-16,1814.947569628392
bg_21425,2025-03-25,2854.020360211176
bg_21434,2021-07-14,16978.022877838273
bg_21441,2024-02-14,8236.77093532408
bg_21442,2024-09-11,1090.7192843713935
bg_21443,2024-07-18,819.3020674940639
bg_21451,2025-04-14,1954.1242479688935
bg_21465,2024-07-18,1613.5106927441298
bg_21466,2025-03-25,199.24837414656525
bg_21473,2019-04-26,2553.8738293228685
bg_21475,2024-07-18,2479.18646545591
bg_21478,2024-07-18,224.09404922941914
bg_21480,2024-02-14,131.3462485190248
bg_21482,2025-10-12,2459.0468752750357
bg_21488,2024-09-01,807.5800436488637
bg_21491,2024-07-18,675.6151503629344
bg_21492,2023-07-07,130.6957023013092
bg_21494,2025-06-28,2811.8515356611333
bg_21496,2024-10-19,103.52813144256456
bg_21502,2021-07-14,17404.241903639297
bg_21503,2025-03-25,17077.41448148676
bg_21513,2024-07-18,758.5785892045722
bg_21516,2018-07-30,3721.3142588603882
bg_21520,2025-03-25,72522.82435797235
bg_21530,2024-02-14,2790.7679110237373
bg_21531,2025-03-25,3392.4261357470036
bg_21551,2024-10-19,3395.5451245565782
bg_21553,2024-07-18,1558.2028100347231
bg_21554,2023-07-14,1420.7814871049084
bg_21564,2025-03-25,2248.9166051456878
bg_21577,2021-07-09,766.1116778251123
bg_21580,2021-09-22,1027.191887137139
bg_21583,2021-07-14,4900.6005303840775
bg_21585,2019-02-08,3829.43463069937
bg_21591,2024-07-18,1409.8807485031348
bg_21597,2024-07-18,2170.701134126949
bg_21600,2025-09-21,453.4683990094121
bg_21602,2024-07-18,1202.693761936188
bg_21607,2025-04-14,2079.6771172466442
bg_21612,2024-02-14,3879.720973846126
bg_21613,2024-07-18,345.76527442751467
bg_21615,2024-10-19,1971.1658051519385
bg_21617,2025-03-25,16303.369107678476
bg_21620,2025-04-14,2168.058211972193
bg_21625,2024-09-01,474.71842369975514
bg_21626,2025-06-28,513.3647733337976
bg_21627,2024-02-14,20461.452594039016
bg_21628,2025-04-14,895.4747155001915
bg_21632,2025-03-25,10049.704248663062
bg_21635,2024-07-18,828.4269252624425
bg_21641,2025-06-28,767.3685344731751
bg_21648,2023-07-07,2108.499595280814
bg_21650,2025-04-14,498.3901689439306
bg_21651,2021-07-09,1136.4868148817256
bg_21652,2023-07-09,1705.31344596827
bg_21660,2024-07-18,922.2026805968399
bg_21662,2023-07-07,1281.4679095865108
bg_21667,2025-03-25,2359.6106045701326
bg_21668,2024-02-14,305.1796482403537
bg_21679,2024-07-18,3914.940738376517
bg_21680,2023-07-07,1101.0765652761204
bg_21683,2024-09-01,4852.780133789385
bg_21686,2025-03-25,4329.16157873535
bg_21694,2022-07-24,8013.553733332083
bg_21703,2019-02-08,2589.2643215400453
bg_21705,2025-06-28,941.6273072717356
bg_21717,2024-02-14,15358.821510552207
bg_21719,2024-02-14,15860.986766680002
bg_21721,2018-05-26,1047.6576181651064
bg_21734,2025-03-25,3075.309751114598
bg_21735,2024-07-18,2321.413500779219
bg_21736,2024-09-01,1108.1856415330647
bg_21746,2023-08-26,2487.034811115424
bg_21752,2022-10-02,5478.072366672177
bg_21756,2024-04-29,1380.2095267748452
bg_21758,2025-06-28,2381.1761003756988
bg_21762,2023-07-14,529.4830901927048
bg_21766,2025-06-28,2631.0239873668384
bg_21776,2023-07-03,964.3766497071049
bg_21777,2025-06-28,433.43473937844936
bg_21789,2021-05-15,1388.6341526840183
bg_21792,2024-02-14,17834.635409079605
bg_21793,2025-06-28,2349.7073052829614
bg_21794,2021-05-15,559.3392027205339
bg_21795,2023-07-09,185.83847664056952
bg_21802,2024-09-11,689.1693714175086
bg_21809,2024-02-14,1330.0615339149053
bg_21823,2024-07-18,1077.9024169656177
bg_21825,2025-03-25,1568.9640059606306
bg_21839,2023-08-28,609.4332291566245
bg_21840,2025-03-25,2861.9514200105477
bg_21842,2025-03-25,3328.4316307834765
bg_21843,2025-03-25,1429.111075459442
bg_21848,2023-07-07,1973.6927662884898
bg_21858,2024-07-18,1409.5575632799282
bg_21860,2025-03-25,814.837739062208
bg_21861,2025-03-25,3293.8130800790623
bg_21873,2025-04-14,387.4557071461144
bg_21874,2025-03-25,848.0348651441078
bg_21878,2025-07-23,1361.6494215837943
bg_21883,2023-07-07,255.51328282503349
bg_21890,2021-07-14,7249.235529474983
bg_21892,2018-07-30,4314.985523985117
bg_21898,2023-05-28,3410.4319632709307
bg_21910,2025-03-25,901.7497107291827
bg_21919,2024-07-18,332.468749208117
bg_21927,2023-07-07,2181.9306826066922
bg_21930,2024-02-14,545.7523418182979
bg_21932,2024-04-29,476.8757197635584
bg_21938,2022-07-24,1409.6446847699551
bg_21945,2024-02-14,6873.988481005669
bg_21954,2025-03-25,2571.329530359842
bg_21955,2024-02-14,3286.6805635626597
bg_21960,2024-07-18,1095.5384895566337
bg_21962,2024-07-18,1281.1055766017153
bg_21964,2024-09-11,80.41859548622622
bg_21975,2025-06-28,1440.441917364439
bg_21980,2024-02-14,158.10631170188566
bg_21981,2021-07-14,2903.9074337348998
bg_21982,2019-07-15,1733.5313183500389
bg_21983,2024-02-14,1465.3188016949816
bg_21987,2024-07-03,1338.5524073418267
bg_21993,2024-08-02,669.8114174153343
bg_21994,2024-07-08,1908.9556668502594
bg_22001,2024-04-29,1835.2768005127418
bg_22006,2023-07-07,1473.4965563922553
bg_22022,2024-07-18,2345.078176138384
bg_22044,2025-06-28,412.39260371614466
bg_22045,2025-03-25,2185.1107035799873
bg_22053,2025-03-25,1541.749533224797
bg_22057,2023-03-16,447.56329664079163
bg_22058,2025-04-14,1430.537630717931
bg_22066,2025-06-28,2323.273472000216
bg_22069,2024-09-01,4295.630576481307
bg_22074,2025-03-25,3907.2245991879718
bg_22078,2022-07-24,2786.1399951185886
bg_22090,2024-02-14,4176.8562618314045
bg_22093,2022-10-02,6920.65406479041
bg_22095,2024-09-01,476.1904506600608
bg_22096,2024-02-14,2291.3847114136483
bg_22097,2024-07-18,370.19938627715203
bg_22101,2025-04-14,4669.319663612686
bg_22109,2025-04-14,1505.2566164279174
bg_22110,2022-10-02,18516.0605943732
bg_22119,2024-07-18,995.4156274140288
bg_22131,2022-07-24,6294.208539157266
bg_22132,2022-10-02,4787.105473717854
bg_22184,2025-06-28,1362.1044603846829
bg_22189,2025-03-25,19537.54914871628
bg_22192,2021-07-14,2339.9545917816945
bg_22203,2024-02-14,2356.575306095677
bg_22207,2024-02-14,6178.647064997345
bg_22215,2023-07-14,457.9121286883867
bg_22225,2025-03-25,480.05480707931673
bg_22238,2025-03-25,15972.094772574455
bg_22244,2024-07-18,728.0816077886944
bg_22247,2024-09-01,1432.0639763990207
bg_22250,2024-02-14,453.9752152922506
bg_22251,2023-08-28,1995.9503731306622
bg_22256,2025-03-25,3390.426344768567
bg_22262,2018-07-30,8949.015247512005
bg_22264,2025-03-25,3668.91399082873
bg_22271,2025-03-25,25.8089306250576
bg_22274,2023-06-07,852.1137194646739
bg_22279,2021-07-14,3001.594002142992
bg_22289,2025-06-28,554.0116614295961
bg_22298,2021-07-14,10768.352241378363
bg_22299,2025-06-28,911.6474380483459
bg_22300,2023-07-14,1745.904421324449
bg_22310,2019-04-26,393.69980772130964
bg_22311,2024-09-01,671.5757330339183
bg_22313,2024-07-18,3098.1967433495906
bg_22325,2025-03-25,6972.741502465192
bg_22326,2024-10-19,2864.588147710065
bg_22335,2024-07-18,6266.731424730101
bg_22343,2024-07-18,1528.5501220765252
bg_22348,2021-07-14,711.1393873214483
bg_22349,2023-08-26,1770.5906563630097
bg_22375,2025-04-14,5520.02566126283
bg_22380,2022-07-24,11167.9404871713
bg_22381,2025-03-25,15205.307988215678
bg_22382,2024-07-18,739.1425433568205
bg_22384,2024-02-14,4352.413864719245
bg_22385,2024-02-14,794.8649278965952
bg_22392,2024-07-03,3410.7331615944627
bg_22399,2025-04-14,1948.002579567069
bg_22404,2023-05-28,2022.6413641820911
bg_22411,2025-04-14,744.1928632418173
bg_22414,2023-06-07,121.42334618992791
bg_22426,2024-07-18,2237.4626154195093
bg_22431,2024-07-18,814.2826856808813
bg_22432,2024-07-18,877.7113649143527
bg_22434,2024-07-18,1160.622181590499
bg_22436,2024-07-18,141.58428902974282
bg_22443,2024-04-29,1237.6915360861412
bg_22446,2023-07-07,235.73176705744092
bg_22452,2025-03-25,6073.17717713724
bg_22462,2024-02-14,2272.671362295946
bg_22473,2025-08-07,376.4580062903613
bg_22477,2025-10-12,4924.888353536635
bg_22484,2023-07-07,1642.9255154448458
bg_22486,2018-07-30,7300.3600763384675
bg_22487,2024-09-11,2792.614488611009
bg_22494,2023-07-14,1534.8081300933206
bg_22498,2021-07-09,921.5536714158194
bg_22500,2021-07-09,954.8669407827329
bg_22501,2025-03-25,6368.883841317894
bg_22502,2025-03-25,3667.4048651600874
bg_22504,2022-10-02,452.65552664252687
bg_22507,2024-07-18,1117.3101304916706
bg_22508,2024-02-14,221.38351000024434
bg_22509,2024-02-14,763.8473676067891
bg_22513,2024-02-14,624.8469474199147
bg_22516,2023-07-07,157.09567085052015
bg_22518,2024-05-04,1390.6160823534674
bg_22522,2024-02-14,800.2047516103903
bg_22525,2024-02-14,15020.569877238662
bg_22528,2025-06-28,1203.0501709406853
bg_22530,2021-07-09,311.11958119023944
bg_22534,2021-07-14,495.7725385699489
bg_22536,2025-03-25,2199.2359649889427
bg_22540,2024-07-18,1133.9178434525681
bg_22560,2025-04-14,438.08012703140724
bg_22563,2025-03-25,1583.6984172813736
bg_22564,2024-07-18,1809.8793437134989
bg_22594,2023-07-03,2571.951692625604
bg_22595,2021-07-14,2519.505274791199
bg_22598,2025-03-25,1263.1857355905697
bg_22602,2021-07-14,279.06428291702935
bg_22603,2021-07-09,917.5481779721771
bg_22607,2025-03-25,779.6355433791455
bg_22610,2024-07-18,5935.0695669469
bg_22618,2025-03-25,853.9449168418943
bg_22622,2024-04-04,1080.8854348633822
bg_22624,2025-03-25,9697.029721167408
bg_22632,2024-02-14,258.64257209515245
bg_22635,2023-07-07,1880.0518210941227
bg_22643,2025-04-14,400.2311163563856
bg_22647,2024-04-29,682.6031685393358
bg_22649,2024-02-14,264.484007834184
bg_22654,2024-07-03,3617.6328618588436
bg_22689,2024-07-18,2114.523587596044
bg_22693,2025-03-25,830.8916926410374
bg_22694,2025-04-14,3540.0493639497954
bg_22699,2024-05-04,879.7880270270508
bg_22702,2018-07-30,1537.1972365965291
bg_22704,2025-03-25,6453.287855543131
bg_22708,2025-04-14,823.7273836652585
bg_22710,2022-10-02,569.2547958515503
bg_22715,2024-04-04,343.11660015214557
bg_22719,2025-03-25,2547.6563187565444
bg_22721,2025-07-23,1165.3579961969122
bg_22726,2025-03-25,2177.548019631318
bg_22729,2021-07-14,6029.0307839319685
bg_22730,2024-09-11,762.5925886081353
bg_22731,2025-10-12,15407.667193926502
bg_22733,2021-07-09,2115.9485676640825
bg_22736,2018-07-30,4092.8630160561506
bg_22738,2021-07-14,3312.561182182202
bg_22746,2024-02-14,1267.6931808604581
bg_22747,2025-04-14,391.1964489868282
bg_22749,2025-04-14,383.3638438873049
bg_22753,2019-02-08,2234.5430716142323
bg_22755,2025-03-25,5019.480803788465
bg_22756,2024-02-14,516.9807153076827
bg_22759,2024-02-14,22.42227686924832
bg_22761,2024-02-14,655.0736401352333
bg_22770,2023-07-09,1129.5611666926345
bg_22778,2024-04-29,1583.0667809031477
bg_22779,2025-03-25,494.55000717814863
bg_22794,2021-07-14,1005.2286869165353
bg_22801,2023-07-03,345.6571690273944
bg_22805,2025-10-12,3166.363936694516
bg_22807,2025-03-25,9510.216988823047
bg_22822,2025-04-14,663.8336858731097
bg_22839,2025-03-25,6459.77237150031
bg_22840,2024-04-29,1524.805438671018
bg_22843,2025-03-25,15412.432198300272
bg_22857,2023-07-07,886.0973944211971
bg_22859,2025-03-25,123.00869928586783
bg_22867,2025-03-25,13281.941029070284
bg_22869,2024-08-22,3281.2654792474314
bg_22871,2025-04-14,1456.2645560816989
bg_22880,2023-07-07,462.71369819791397
bg_22886,2025-08-07,2771.950852179556
bg_22888,2024-04-04,610.1704922393335
bg_22894,2025-03-25,4899.1100292400415
bg_22897,2022-07-24,5025.412822544903
bg_22898,2025-03-25,506.72927091310083
bg_22901,2024-07-18,2831.423552437864
bg_22912,2022-07-24,2772.4838951743545
bg_22915,2024-02-14,957.3037396772158
bg_22918,2024-07-18,1084.039411322221
bg_22939,2025-03-25,11362.59555401854
bg_22945,2023-08-26,233.49205489668424
bg_22948,2024-10-19,1802.3927612485334
bg_22961,2021-07-14,2890.930801973809
bg_22962,2025-06-28,227.3421078464154
bg_22965,2023-07-14,619.9629050998277
bg_22970,2021-05-15,453.80696446852187
bg_22972,2021-07-09,1774.913993775474
bg_22973,2023-07-07,120.8128577594007
bg_22976,2023-07-07,1657.6655251585528
bg_22978,2024-07-18,3591.2996071062166
bg_22992,2024-09-11,176.06080142921522
bg_22996,2023-08-26,177.55955226353916
bg_23003,2025-03-25,4596.300848638638
bg_23009,2025-03-25,54.5894092292084
bg_23040,2023-05-28,4318.446694599535
bg_23043,2025-03-25,366.78815643352766
bg_23051,2024-09-01,1413.557832173988
bg_23061,2024-07-18,2288.5443133354747
bg_23062,2024-07-18,10055.41820323758
bg_23071,2024-07-18,5407.647213021519
bg_23075,2025-04-14,2206.2344595486484
bg_23076,2025-03-25,828.7576172200464
bg_23077,2025-03-25,4714.626875119688
bg_23078,2024-07-18,343.4879075018574
bg_23081,2020-03-26,4573.561803955333
bg_23084,2024-02-14,916.9317480597705
bg_23097,2022-07-24,4185.6478179728
bg_23123,2023-07-07,619.9572166691281
bg_23125,2024-02-14,1653.7773507335075
bg_23127,2024-09-11,4567.218267611123
bg_23130,2023-08-26,3383.7771802675757
bg_23132,2025-03-25,1729.4680019301977
bg_23136,2025-03-25,4857.882155590005
bg_23153,2024-09-11,12859.904199040404
bg_23166,2025-04-14,448.937814958782
bg_23172,2025-03-25,966.0463771994438
bg_23189,2024-07-18,469.0456259255189
bg_23198,2022-07-24,3450.581852528539
bg_23201,2024-02-14,327.18127391405545
bg_23208,2024-02-14,1313.1961150185277
bg_23214,2020-05-05,3537.6335182716757
bg_23215,2024-07-18,6106.54300435199
bg_23231,2021-07-14,10849.677699655245
bg_23235,2022-07-24,17487.326833824573
bg_23257,2025-03-25,5674.966608192513
bg_23267,2023-07-07,2997.1535469841547
bg_23268,2025-03-25,5480.04083748466
bg_23270,2025-03-25,662.6287471125733
bg_23273,2024-07-18,1379.202224548676
bg_23277,2024-02-14,1165.6208126146062
bg_23279,2022-07-24,2662.843513858747
bg_23295,2024-02-14,945.2158979828492
bg_23303,2018-07-30,5299.466918115364
bg_23306,2025-06-28,789.7171506305813
bg_23319,2024-02-14,333.66946593892123
bg_23323,2024-10-19,494.44468537953196
bg_23325,2025-10-12,3861.835237098675
bg_23328,2025-03-25,2555.3772944910606
bg_23333,2018-09-03,672.5071500734165
bg_23335,2024-08-22,1285.643384496643
bg_23344,2019-07-15,2550.694850349728
bg_23347,2025-03-25,1133.1043569328097
bg_23348,2025-03-25,1761.4069794341603
bg_23350,2021-07-14,207.31510364687531
bg_23357,2025-06-28,421.18469725291123
bg_23360,2025-03-25,13637.357595652384
bg_23361,2023-07-03,1484.176713905681
bg_23367,2025-04-14,3651.189396087165
bg_23369,2024-09-01,1745.238395434931
bg_23373,2025-03-25,1243.4704661149315
bg_23380,2025-04-14,424.5597409081563
bg_23393,2024-07-18,346.24208944054
bg_23409,2021-07-09,1172.2724192778333
bg_23417,2018-03-12,4344.585746374751
bg_23418,2025-03-25,10666.576272038077
bg_23421,2021-07-09,1161.0860805728553
bg_23427,2021-07-14,10119.401117477093
bg_23433,2024-04-29,2699.0318689670744
bg_23446,2024-02-14,836.3286256012713
bg_23454,2018-07-25,10550.717239624164
bg_23483,2025-03-25,968.8774723873829
bg_23484,2025-04-14,324.079575567095
bg_23486,2025-03-25,154.64926058664537
bg_23488,2025-10-12,1290.9715762169392
bg_23494,2025-04-14,321.91809905614565
bg_23496,2024-09-11,184.96207205815162
bg_23498,2023-03-16,3345.6658412041274
bg_23502,2024-07-03,5066.220541310827
bg_23512,2025-04-14,931.0942693411887
bg_23513,2025-03-25,10814.536235659847
bg_23524,2021-07-09,106.60241319985228
bg_23525,2023-07-09,1352.2762261091225
bg_23529,2024-02-14,1369.7709467647405
bg_23538,2024-02-14,3156.740907961838
bg_23542,2023-07-09,1112.5652556142636
bg_23546,2025-06-28,124.02695916614083
bg_23565,2025-04-14,2127.839900015802
bg_23567,2025-04-14,1249.914427190926
bg_23568,2023-07-14,1039.7746304366874
bg_23586,2025-10-12,2251.534218438519
bg_23592,2019-04-26,3039.8086086132903
bg_23602,2025-06-28,2683.3413219529634
bg_23604,2025-03-25,4916.270975698942
bg_23608,2025-09-11,202.06103657057955
bg_23616,2025-04-14,1748.51232552131
bg_23620,2024-07-18,172.66728381493942
bg_23632,2025-06-28,1281.4649349862277
bg_23641,2021-07-14,1259.6143330797759
bg_23652,2023-07-14,1645.18394837771
bg_23653,2024-07-18,418.45634766337423
bg_23654,2024-02-14,2017.9163711363688
bg_23658,2024-07-18,2957.7298502904
bg_23662,2025-06-28,223.20987657342755
bg_23667,2025-03-25,1668.2213587529309
bg_23668,2023-09-14,1113.2819397168864
bg_23675,2023-05-28,3509.3227492065935
bg_23676,2024-07-18,960.5063373032605
bg_23680,2025-03-25,1863.8521556174787
bg_23683,2021-09-22,1858.8864635043717
bg_23687,2025-04-14,817.1505749248024
bg_23689,2025-03-25,1323.5379874034381
bg_23691,2025-10-12,11761.81737168207
bg_23692,2023-08-19,1026.0424226122038
bg_23697,2021-07-14,4429.2623521756495
bg_23703,2021-07-14,12530.340962974535
bg_23705,2025-06-28,883.0371883451347
bg_23720,2021-07-14,5661.559146401446
bg_23724,2025-09-11,847.8961033050773
bg_23732,2025-03-25,23641.33638507977
bg_23746,2025-03-25,8554.638492683409
bg_23749,2024-07-18,367.83238383816564
bg_23750,2025-06-28,381.296517162025
bg_23753,2024-07-18,364.61325538166494
bg_23754,2023-07-07,1720.042265672504
bg_23756,2024-07-18,12589.704232220865
bg_23758,2021-07-14,13877.374747710774
bg_23760,2025-03-25,3444.1383147602646
bg_23768,2021-07-09,885.057859916328
bg_23771,2024-07-18,657.2856411790381
bg_23772,2025-04-14,540.737146125347
bg_23774,2025-06-28,548.8706805797187
bg_23780,2025-10-12,11571.511912766617
bg_23785,2021-07-09,1699.4088021721398
bg_23791,2024-09-01,46.32110534104428
bg_23794,2025-04-14,318.5588611226778
bg_23796,2024-10-16,1679.1872838072222
bg_23799,2024-02-14,13218.624786906097
bg_23811,2025-10-12,8364.082791962514
bg_23814,2024-07-18,3155.0629271694297
bg_23828,2024-09-11,356.4558795980265
bg_23831,2024-02-14,933.9820467760217
bg_23833,2020-03-26,1742.767202640689
bg_23841,2025-03-25,10791.269121475027
bg_23848,2024-07-18,1127.796739222103
bg_23849,2024-07-18,2269.191806282609
bg_23856,2025-10-12,7309.953793923752
bg_23859,2024-02-14,2721.758637811245
bg_23863,2025-03-25,2327.456778073211
bg_23870,2025-03-25,475.38866467333025
bg_23875,2024-09-01,4058.3652569599385
bg_23878,2024-02-14,9444.307306573595
bg_23895,2024-07-18,724.8795731706986
bg_23909,2024-09-11,226.96898047971624
bg_23911,2018-07-30,2818.0223557663303
bg_23914,2024-02-14,1010.7765522111748
bg_23916,2024-10-19,931.0105092856636
bg_23918,2024-09-01,6983.556607094965
bg_23921,2023-08-07,547.6187347046795
bg_23927,2022-07-24,17089.322391393987
bg_23935,2025-03-25,13504.473245528778
bg_23949,2019-04-26,1023.3633589785384
bg_23951,2024-07-18,2326.480517713376
bg_23952,2022-07-24,8685.099609630388
bg_23954,2025-04-14,1044.8053537860362
bg_23960,2025-03-25,2809.234632030842
bg_23976,2025-03-25,15943.941788880353
bg_23993,2024-07-18,726.7631568124192
bg_23994,2024-02-14,1734.0317473450307
bg_24000,2025-03-25,2572.657413356799
bg_24015,2024-09-11,11134.018035394778
bg_24017,2023-08-19,1271.8177638325067
bg_24029,2024-07-18,1915.3831587960497
bg_24039,2025-09-11,428.5818280093532
bg_24043,2025-06-28,853.390939546477
bg_24045,2025-04-14,2922.516312666239
bg_24046,2024-09-11,661.2742109742414
bg_24055,2024-02-14,1948.369261946995
bg_24061,2018-09-03,760.9127788385624
bg_24062,2025-03-25,16231.546732264886
bg_24066,2024-02-14,1018.3125811851932
bg_24071,2025-03-25,348.1415878633562
bg_24072,2023-07-14,721.6672237255815
bg_24073,2023-09-14,1027.739485473131
bg_24081,2022-07-24,11749.6671825631
bg_24082,2025-08-07,289.50267442631
bg_24086,2024-04-29,715.1423047895986
bg_24089,2024-07-18,5412.658441219176
bg_24095,2022-07-24,798.2940501468969
bg_24097,2024-07-18,2125.6260861213386
bg_24098,2024-09-11,11014.63155727411
bg_24102,2021-07-09,838.1992908612677
bg_24105,2023-06-07,862.9463450874724
bg_24107,2022-07-24,1616.8786301080852
bg_24108,2024-07-18,2492.6871856091375
bg_24123,2025-04-14,879.4177688675366
bg_24134,2024-02-14,1467.5645202171959
bg_24135,2024-07-18,787.5955015742628
bg_24140,2025-04-14,2478.415742767885
bg_24153,2025-03-25,465.4863926045549
bg_24155,2022-07-24,7834.119832067976
bg_24158,2022-10-02,10658.466953764995
bg_24167,2022-10-02,827.4763540429958
bg_24169,2024-02-14,23.653729092857336
bg_24179,2023-08-26,844.6420046978736
bg_24192,2021-07-14,4362.610258331501
bg_24206,2025-04-14,2270.913066984022
bg_24209,2025-08-07,415.738632436337
bg_24210,2024-07-18,2227.0292397048756
bg_24211,2023-07-07,2005.6359186301545
bg_24212,2021-07-14,13370.93013422751
bg_24215,2023-03-16,5545.663824593037
bg_24217,2023-07-12,761.6391008871079
bg_24223,2025-03-25,2823.77267401277
bg_24225,2024-07-18,886.9641112244764
bg_24227,2018-07-30,4420.805556479411
bg_24228,2023-06-07,704.4622591027212
bg_24232,2025-10-12,1618.766577614142
bg_24233,2024-07-18,4019.877259046439
bg_24236,2025-09-21,1811.855279430397
bg_24244,2025-03-25,10657.651578114988
bg_24245,2025-03-25,6073.031575630113
bg_24248,2025-03-25,797.6864236652972
bg_24251,2025-04-14,1299.464502670267
bg_24257,2022-10-02,2460.4741049032846
bg_24259,2023-07-09,6461.280832690966
bg_24260,2018-07-25,2727.3000587578053
bg_24261,2024-08-22,1391.5846188068176
bg_24262,2024-07-03,4134.240615542052
bg_24268,2024-07-18,2263.7527939242855
bg_24269,2025-03-25,1014.9166139145332
bg_24273,2024-02-14,603.9807515144435
bg_24274,2024-07-18,3963.902361474121
bg_24277,2025-04-14,4989.1711440880135
bg_24286,2025-03-25,7613.4614199850175
bg_24292,2024-07-18,1049.6497084740122
bg_24301,2023-07-14,1558.8417234601163
bg_24303,2025-04-14,1527.642322338705
bg_24317,2025-03-25,2876.9483779867955
bg_24323,2024-07-18,3718.3604706643014
bg_24328,2025-03-25,1357.0319746050882
bg_24338,2025-03-25,10520.385158258207
bg_24342,2025-09-11,189.4126281429454
bg_24349,2025-03-25,3451.178358314784
bg_24351,2024-07-18,395.63239061023484
bg_24353,2022-10-02,23864.36212599227
bg_24354,2024-02-14,16772.163236708773
bg_24357,2025-04-14,1016.765455009377
bg_24366,2022-10-02,8727.543474340131
bg_24367,2024-02-14,1890.5362673058862
bg_24372,2025-03-25,7030.4927327748455
bg_24375,2018-07-25,2947.090969498624
bg_24376,2025-06-28,491.2607806449898
bg_24378,2023-08-26,861.5486880030365
bg_24379,2025-03-25,1097.4649153390012
bg_24384,2023-08-26,1927.016127799496
bg_24387,2024-04-29,128.65935333288127
bg_24388,2025-03-25,493.5428873964196
bg_24389,2024-07-18,1894.4599898915862
bg_24390,2024-09-01,2254.4262274244384
bg_24391,2024-07-08,1329.8159999789139
bg_24396,2023-07-07,1023.5861313051773
bg_24407,2025-06-28,444.54427586000895
bg_24419,2023-07-07,2114.1471477881164
bg_24441,2024-07-18,4672.6545001531285
bg_24442,2024-08-02,4362.662812560698
bg_24457,2024-07-18,445.61656398738404
bg_24461,2025-10-12,15700.695270681526
bg_24462,2024-07-08,1185.4152278843953
bg_24465,2025-04-14,682.9198283840574
bg_24468,2024-02-14,1200.5244962095876
bg_24475,2024-09-11,21732.10021862808
bg_24488,2023-07-14,845.9442066708656
bg_24495,2024-07-18,1028.6634323236622
bg_24498,2023-08-26,509.0218695693701
bg_24501,2025-04-14,301.6947944529405
bg_24505,2024-07-18,81.80165585111888
bg_24506,2023-07-03,313.54148640969856
bg_24508,2023-07-03,289.84478673927015
bg_24521,2024-10-06,1424.44893555371
bg_24522,2024-08-02,547.6832475071228
bg_24528,2021-09-22,3466.586110642571
bg_24531,2025-03-25,2170.674564945159
bg_24544,2024-08-22,7825.160609552811
bg_24562,2024-07-18,3195.4742037606848
bg_24567,2024-07-08,819.6024109896304
bg_24568,2025-03-25,809.9165528001262
bg_24570,2025-03-25,2423.3049091065936
bg_24573,2025-04-14,906.4580710655245
bg_24577,2024-07-18,887.3612524782235
bg_24582,2024-07-18,4866.073243149928
bg_24583,2021-07-14,6228.544594020484
bg_24590,2025-03-25,1653.4883683895027
bg_24591,2025-04-14,655.166912549829
bg_24593,2024-04-29,1499.6218725066653
bg_24595,2025-04-14,1609.0735223102427
bg_24598,2018-05-31,1860.1782954597375
bg_24604,2025-03-25,913.3724586390133
bg_24605,2024-02-14,2415.4167249771604
bg_24607,2024-07-18,579.327406049709
bg_24614,2024-07-18,460.24993872924625
bg_24626,2024-09-11,10050.89287538657
bg_24631,2025-04-14,1385.1716841243626
bg_24637,2020-03-26,4956.646301139303
bg_24641,2024-07-18,1445.4882516990854
bg_24643,2024-02-14,14727.120191164438
bg_24653,2024-07-18,1101.020966376146
bg_24661,2024-02-14,4622.270678465296
bg_24664,2024-09-01,10194.81718828268
bg_24667,2025-03-25,78505.79749016819
bg_24669,2021-07-14,7260.558549753417
bg_24678,2024-07-18,3178.148171026607
bg_24687,2024-09-01,1719.6559949302791
bg_24689,2024-07-18,1237.782184594651
bg_24699,2024-07-18,1362.5066099288688
bg_24703,2024-09-01,891.4479722900071
bg_24734,2024-07-18,557.7173723314779
bg_24736,2025-09-11,860.5157746956202
bg_24737,2024-09-11,3759.40640560448
bg_24758,2021-07-14,6265.260595410293
bg_24768,2025-04-14,943.1072211577839
bg_24770,2019-02-08,3416.6043480039493
bg_24773,2024-07-18,429.3762725163848
bg_24774,2025-04-14,1980.258847373251
bg_24776,2025-03-25,3473.5171897660216
bg_24799,2024-07-18,3951.1802171251525
bg_24805,2021-07-14,3410.4945450331948
bg_24811,2025-07-23,623.3322854627315
bg_24812,2025-03-25,1151.159868697894
bg_24815,2025-06-28,791.4998158559589
bg_24823,2025-03-25,473.5785557855298
bg_24825,2025-03-25,1295.3597552031933
bg_24832,2023-09-14,1164.364336666073
bg_24840,2025-10-12,1708.6186593854013
bg_24843,2025-03-25,1858.9480342387585
bg_24849,2024-07-18,1634.3489019485148
bg_24850,2024-08-22,7213.232467021969
bg_24855,2023-06-26,784.1616457084972
bg_24860,2024-02-14,2463.068771959074
bg_24861,2024-02-14,920.7294171469489
bg_24863,2025-06-28,674.5069367325465
bg_24864,2022-07-24,4014.607849255076
bg_24867,2025-04-14,504.99390352754097
bg_24875,2025-03-25,2175.9220659756725
bg_24876,2021-09-22,1445.6329298960534
bg_24880,2025-03-25,2298.8411051222492
bg_24881,2025-03-25,874.6030670538563
bg_24888,2025-03-25,7557.877269875458
bg_24890,2025-10-12,855.3862514676832
bg_24898,2023-07-07,459.4908138363616
bg_24910,2025-04-14,1297.9232208805536
bg_24913,2025-03-25,9139.811000431026
bg_24914,2024-07-18,1225.0813694199155
bg_24916,2024-02-14,45.016175981579785
bg_24917,2025-03-25,828.2026305197315
bg_24927,2025-04-14,329.1535296787443
bg_24930,2022-10-02,1341.622118258554
bg_24932,2025-04-14,1916.9143268284272
bg_24937,2024-02-14,1969.2858668309345
bg_24942,2024-02-14,3057.30875411689
bg_24948,2024-08-17,3567.446469969754
bg_24950,2025-03-25,1980.9175191814081
bg_24952,2021-09-22,1709.7695583029622
bg_24961,2023-07-09,506.4374798532545
bg_24968,2023-06-07,196.57673438105326
bg_24981,2025-08-07,2329.6919694453804
bg_24991,2025-03-25,11720.51323903935
bg_24999,2025-03-25,12209.421461690945
bg_25007,2025-03-25,912.937031344484
bg_25014,2025-04-14,1503.4326579197557
bg_25018,2024-07-01,578.7032971221086
bg_25031,2024-07-18,318.48875710161207
bg_25034,2024-02-14,691.7894924035116
bg_25036,2019-04-26,2144.3115282066533
bg_25039,2025-03-25,15102.387025053375
bg_25049,2024-07-18,1006.4907864457678
bg_25051,2025-07-03,315.7379552730455
bg_25058,2024-07-18,1114.0455619049046
bg_25062,2024-07-18,2153.6033804302506
bg_25065,2024-02-14,8169.809786408787
bg_25075,2025-04-14,1453.641053527323
bg_25077,2024-09-01,668.009561159201
bg_25079,2024-09-11,13927.173038793331
bg_25086,2023-07-14,3103.892297052176
bg_25097,2025-03-25,1405.6488361251575
bg_25102,2021-07-14,3118.8534991240813
bg_25106,2018-07-30,2154.870930519786
bg_25111,2024-07-18,1975.4953506652523
bg_25115,2024-09-01,762.0046307600952
bg_25119,2023-07-09,654.9701503121368
bg_25120,2024-10-19,2708.197900320444
bg_25137,2024-07-18,661.4641436238968
bg_25144,2025-03-25,1277.8829919832451
bg_25146,2018-05-26,680.922975526772
bg_25153,2025-04-14,1861.011787281596
bg_25157,2024-07-18,3801.7675607012247
bg_25159,2024-07-03,8327.226539922962
bg_25173,2025-03-25,15810.849414452656
bg_25175,2024-02-14,2673.0104976973325
bg_25180,2024-02-14,844.3412382443242
bg_25182,2025-03-25,12253.74928604312
bg_25188,2025-04-14,969.1918780097886
bg_25190,2023-09-14,1128.3320873306732
bg_25193,2025-04-14,2671.5422198610186
bg_25195,2024-02-14,909.9038693181506
bg_25199,2025-03-25,476.23696286616934
bg_25202,2024-09-11,2441.5871128633244
bg_25206,2024-07-18,555.547957425846
bg_25208,2025-03-25,311.2097177148017
bg_25209,2023-08-26,1099.7751052374167
bg_25212,2023-09-14,1406.3610929273987
bg_25216,2025-04-14,4238.785564439422
bg_25237,2024-07-08,709.9390532290298
bg_25238,2025-03-25,1833.147290099763
bg_25244,2023-08-26,2402.2209706224035
bg_25254,2024-02-14,542.7098017356988
bg_25255,2025-03-25,1493.6926979804105
bg_25256,2023-07-07,401.5696981845445
bg_25265,2023-07-07,979.0753688046879
bg_25271,2023-08-26,2127.288353279945
bg_25277,2024-09-01,7496.936770234968
bg_25278,2025-03-25,664.8203163258428
bg_25284,2025-03-25,1832.094470299227
bg_25289,2023-07-07,1335.4096432555484
bg_25291,2025-03-25,1694.1470250541543
bg_25294,2025-04-14,729.8771092450038
bg_25295,2020-05-15,2172.6904768052227
bg_25296,2025-03-25,931.949988465158
bg_25304,2023-07-09,751.6014395942715
bg_25319,2024-02-14,12651.20469224208
bg_25323,2025-03-25,2241.663284282549
bg_25334,2022-10-02,14556.557431910265
bg_25345,2024-07-18,6230.784289156565
bg_25347,2025-06-28,488.6583261340295
bg_25348,2025-03-25,557.6659219462547
bg_25349,2025-03-25,806.0029946592942
bg_25353,2023-07-14,1570.8594694943056
bg_25354,2024-07-18,420.9176083275833
bg_25355,2025-03-25,72645.35364939252
bg_25358,2024-02-14,2001.1413443832396
bg_25359,2025-06-28,1851.206104138715
bg_25370,2025-03-25,4493.88279269707
bg_25394,2024-07-18,1131.2614075006236
bg_25398,2023-08-28,1001.9623529852144
bg_25414,2022-10-02,1635.5740963036606
bg_25418,2025-06-28,1288.7333416963952
bg_25419,2024-10-19,683.9921778792061
bg_25422,2021-07-14,1453.3200052293826
bg_25426,2024-02-14,1657.4894992128295
bg_25440,2025-06-28,1064.658901104217
bg_25444,2025-09-21,455.5746149646331
bg_25449,2024-02-14,642.5498828883661
bg_25451,2025-03-25,10073.527287162407
bg_25457,2023-07-14,482.83775007761847
bg_25463,2022-10-02,8125.3756650694795
bg_25474,2023-08-26,267.8464315611841
bg_25476,2024-07-18,295.19068345736224
bg_25478,2023-07-07,1001.2622350310752
bg_25481,2025-03-25,1214.985261227535
bg_25483,2025-03-25,1563.0631947878142
bg_25484,2024-02-14,624.801185978373
bg_25488,2024-08-02,2780.651944796366
bg_25498,2025-03-25,1652.7218845287985
bg_25499,2024-07-18,1111.5343527304485
bg_25502,2023-07-09,958.4952712455045
bg_25516,2022-10-02,4357.125943761379
bg_25522,2021-07-09,713.5562268664971
bg_25527,2021-07-14,18717.025768705695
bg_25530,2023-06-26,2424.949910946775
bg_25533,2018-05-26,6029.411486447059
bg_25552,2022-10-02,14598.54766915204
bg_25555,2024-09-01,3888.30338154059
bg_25559,2025-03-25,1052.60183835097
bg_25561,2024-04-04,1815.8048167410054
bg_25562,2019-04-26,1681.9135930540137
bg_25578,2024-07-18,491.3507342011591
bg_25586,2018-07-30,8844.476147923879
bg_25590,2022-07-24,14349.282378606933
bg_25595,2023-07-14,596.0345933752237
bg_25621,2021-07-14,3611.3376021912622
bg_25622,2025-08-07,869.3249988927902
bg_25627,2024-09-01,463.6650260695605
bg_25638,2020-05-05,2365.260171228614
bg_25650,2024-09-01,273.499727970668
bg_25652,2025-06-28,505.69265537495403
bg_25665,2023-07-14,2374.741012952834
bg_25676,2024-07-18,1027.9953169154244
bg_25681,2025-03-25,1594.0109065184774
bg_25690,2025-08-23,1381.4965582656635
bg_25694,2025-03-25,2431.0845471927264
bg_25707,2024-07-18,1183.144417981336
bg_25720,2024-02-14,657.2366280876513
bg_25729,2018-07-25,5274.288924063562
bg_25738,2024-02-14,2610.478443982982
bg_25741,2024-07-18,1547.6590020091319
bg_25742,2021-07-14,1090.7639691978443
bg_25752,2025-03-25,1758.6425269792398
bg_25763,2022-07-24,5759.053826541391
bg_25770,2019-04-26,449.17425538414767
bg_25782,2024-02-14,13844.87791960626
bg_25784,2024-07-01,424.07810813571496
bg_25786,2025-04-14,3005.8731666022118
bg_25788,2024-09-01,2862.1685668211876
bg_25789,2024-10-19,948.5611613914214
bg_25790,2024-09-01,2884.466731460223
bg_25795,2025-03-25,256.8274350610227
bg_25799,2025-03-25,5582.425686249715
bg_25806,2022-07-24,3600.464749348381
bg_25807,2025-03-25,8918.803736919954
bg_25819,2023-07-07,276.3792036315058
bg_25823,2021-07-14,2090.3762289597767
bg_25824,2025-03-25,5317.854946733787
bg_25830,2024-07-18,515.1326028315433
bg_25831,2024-07-18,684.7336513565091
bg_25844,2024-07-18,713.2253978230726
bg_25846,2022-10-02,3714.6701257176537
bg_25847,2022-10-02,339.4016499668053
bg_25850,2025-03-25,10222.853286592865
bg_25853,2025-03-25,91158.75434513409
bg_25867,2025-06-28,1445.4147922654045
bg_25871,2025-03-25,2680.2020564128734
bg_25873,2025-03-25,10435.155944714028
bg_25875,2023-07-07,982.2797393817752
bg_25889,2024-07-18,1420.6297161822822
bg_25890,2025-04-14,1068.5008507249922
bg_25894,2024-09-11,13977.719156089071
bg_25897,2024-04-04,1029.6504705967275
bg_25899,2025-03-25,5679.924315340859
bg_25902,2025-06-28,1323.0476620666227
bg_25903,2019-07-15,2551.8124471833166
bg_25904,2024-04-29,2609.3515496574987
bg_25905,2024-04-04,1105.967160497928
bg_25913,2025-06-28,1161.1389515471349
bg_25914,2024-04-29,510.4434652338498
bg_25923,2024-07-18,180.82047809908724
bg_25924,2020-05-15,2151.3490864106466
bg_25945,2023-07-14,226.332442659031
bg_25953,2023-07-07,930.4443370776983
bg_25957,2024-02-14,987.9342399674181
bg_25964,2022-07-24,6838.64834235541
bg_25971,2025-03-25,4908.570076967537
bg_25978,2023-07-07,525.2491158487867
bg_25979,2025-03-25,8607.170816156939
bg_25980,2025-04-14,851.1135236262847
bg_25990,2023-03-16,4756.040707826352
bg_25991,2025-04-14,1031.7144969420438
bg_25995,2025-03-25,802.8896602896673
bg_25998,2021-07-14,3972.3814426237036
bg_25999,2024-07-18,4005.0078952231565
bg_26003,2024-04-29,2554.297965156011
bg_26006,2024-09-11,433.00528460982076
bg_26012,2025-09-11,1533.5154781417186
bg_26018,2024-08-22,3747.3483778933405
bg_26034,2025-04-14,1207.5341916485984
bg_26036,2023-08-26,326.092387522304
bg_26038,2025-09-11,810.2815822292808
bg_26045,2022-10-02,792.4904671350656
bg_26052,2025-03-25,1323.5073296359342
bg_26056,2024-07-18,1136.3510198877686
bg_26065,2023-03-16,4997.193375826086
bg_26086,2024-07-18,451.80541873669
bg_26089,2025-06-28,1396.059806741818
bg_26092,2024-07-18,820.7077582793897
bg_26100,2024-07-03,2478.379289293746
bg_26103,2024-10-16,429.3252776156555
bg_26104,2023-07-07,1137.744843143568
bg_26107,2024-07-18,2336.0727110472917
bg_26109,2024-10-19,460.87779562488504
bg_26112,2024-07-18,321.32996576724685
bg_26114,2024-02-14,12721.936528571741
bg_26115,2025-09-11,218.67464416380318
bg_26117,2025-03-25,6847.9120003180415
bg_26119,2023-08-26,869.0004553506567
bg_26121,2025-04-14,5156.219707353454
bg_26133,2025-03-25,156.84317071511984
bg_26138,2025-03-25,5336.86548101997
bg_26145,2025-03-25,2179.0017551621554
bg_26149,2021-07-14,87.18857551321013
bg_26151,2024-07-18,1390.0699526643743
bg_26153,2023-07-07,3600.4013368787128
bg_26157,2023-07-03,902.5248970528268
bg_26158,2024-07-18,1192.3692899851774
bg_26173,2025-06-28,94.96668994965562
bg_26189,2019-07-15,2456.3278775031536
bg_26198,2025-09-11,623.4999618282927
bg_26205,2024-07-18,1244.9871971226075
bg_26207,2024-07-18,2478.9164100469866
bg_26208,2024-07-18,585.08511423557
bg_26219,2023-07-14,855.3683819854224
bg_26221,2023-07-14,4462.67639137101
bg_26237,2025-06-28,727.1147197657123
bg_26241,2025-10-12,14349.37855932441
bg_26244,2025-06-28,1112.61432787828
bg_26255,2023-07-03,133.79987219729347
bg_26268,2025-03-25,6087.05994529388
bg_26280,2022-10-27,3685.3605854110597
bg_26281,2025-07-03,1406.1162151116682
bg_26283,2025-03-25,2000.0878496956034
bg_26287,2022-07-24,1949.7837426751116
bg_26289,2021-07-14,2555.285110863363
bg_26293,2024-02-14,1738.2999847550775
bg_26299,2021-07-14,3273.15378521996
bg_26302,2025-03-25,3813.16727323896
bg_26314,2024-04-04,1821.0584879128205
bg_26321,2025-04-14,940.2452956543148
bg_26322,2024-07-03,1775.6857033834585
bg_26335,2024-07-18,53.99325328241322
bg_26337,2023-03-16,218.78015106491338
bg_26338,2018-07-25,273.39076538917925
bg_26339,2025-06-28,413.1264253228225
bg_26342,2024-07-18,1528.030475121249
bg_26349,2024-09-11,3260.7785636101844
bg_26357,2024-09-01,1931.1009218838171
bg_26368,2024-07-18,2300.6370760291334
bg_26371,2024-07-18,2568.0598368418837
bg_26372,2025-03-25,2425.7114864921837
bg_26379,2024-07-18,2018.3947040160842
bg_26391,2022-07-24,12992.966247358627
bg_26397,2025-04-14,6962.0630157518835
bg_26401,2024-07-18,458.5809313523658
bg_26407,2024-04-29,2322.642611681825
bg_26411,2024-07-18,724.1547882186626
bg_26418,2025-03-25,2935.1524671980574
bg_26421,2024-09-11,17251.857499194113
bg_26431,2021-07-14,954.0154800630476
bg_26432,2024-09-01,143.94412283960804
bg_26434,2023-07-14,5382.947194400296
bg_26451,2023-08-28,2074.0271389015406
bg_26455,2024-04-29,4852.0292049409545
bg_26457,2024-07-18,212.5104555075234
bg_26461,2025-03-25,789.3275457627367
bg_26475,2024-09-11,21356.289217710295
bg_26496,2025-04-14,2044.2044438364844
bg_26503,2025-03-25,1464.143508984146
bg_26513,2023-07-07,423.11193471705866
bg_26522,2024-09-11,1610.380494293189
bg_26524,2025-03-25,878.4808493074662
bg_26537,2021-07-14,4986.935647409063
bg_26557,2023-08-26,509.1724047904566
bg_26567,2024-02-14,174.4103603572895
bg_26569,2025-03-25,228.22981049803872
bg_26576,2024-02-14,1686.2481492355682
bg_26578,2025-10-12,14303.964861981683
bg_26580,2021-05-15,2764.7266053807316
bg_26583,2024-07-18,1822.600487490192
bg_26586,2025-03-25,285.0663585904232
bg_26589,2025-03-25,312.19422576364184
bg_26592,2024-07-18,1351.1014706898088
bg_26593,2024-08-02,599.8296899120605
bg_26595,2025-03-25,2736.571571364353
bg_26596,2023-03-16,2355.724883873271
bg_26599,2021-07-14,2573.2318866551905
bg_26600,2025-06-28,703.1488242185927
bg_26604,2023-08-26,96.66750695035397
bg_26614,2024-09-11,8244.98776545456
bg_26616,2024-07-18,252.0411510050883
bg_26618,2024-07-18,3566.326435885803
bg_26634,2025-04-14,512.6684941559923
bg_26651,2025-03-25,7548.901838525944
bg_26665,2025-06-28,4982.855099448452
bg_26670,2025-04-14,997.4849879572347
bg_26686,2024-07-18,752.328560736571
bg_26688,2023-07-14,966.1061702006484
bg_26691,2025-03-25,3128.832789172571
bg_26693,2025-03-25,1059.651514649973
bg_26694,2025-06-28,815.6906870866706
bg_26698,2025-08-07,513.4332491181801
bg_26701,2024-02-14,1071.826285365284
bg_26724,2024-09-01,377.9168248438881
bg_26726,2023-09-14,1202.668381267182
bg_26732,2024-07-03,1052.0324527314083
bg_26736,2022-10-02,794.7129799493661
bg_26737,2022-10-02,815.5236036438392
bg_26743,2021-07-14,1131.6480626504451
bg_26744,2024-02-14,416.9327624448695
bg_26769,2024-09-11,754.9737750411783
bg_26771,2023-03-16,2940.968720574891
bg_26781,2024-04-29,965.2405102356283
bg_26784,2025-03-25,7029.192910085458
bg_26785,2024-07-08,902.9664023097267
bg_26788,2024-02-14,1096.6129722466512
bg_26790,2025-03-25,1208.0592093104167
bg_26793,2018-07-30,2614.739597665118
bg_26796,2024-07-18,3418.1775413807277
bg_26805,2023-07-14,960.8160103265642
bg_26806,2024-02-14,1328.8792175740557
bg_26813,2025-04-14,1091.236148686675
bg_26817,2024-07-18,1458.5785328188003
bg_26819,2024-04-29,66.47020986869964
bg_26831,2022-10-02,733.8677377428731
bg_26844,2025-10-12,12839.284958236693
bg_26850,2025-03-25,5966.566419617013
bg_26851,2023-06-07,1333.0455943064603
bg_26852,2025-04-14,440.85927233053184
bg_26860,2021-07-14,13068.480670391486
bg_26865,2024-08-02,1558.6264779285766
bg_26868,2024-09-01,317.79995988041026
bg_26874,2024-07-18,8266.733446398302
bg_26880,2024-07-18,2819.896129860159
bg_26883,2023-08-26,1148.8745718311632
bg_26889,2024-07-03,695.1213131533335
bg_26900,2022-07-24,1968.4585512778683
bg_26901,2023-05-28,1472.5502891582264
bg_26905,2024-09-11,4481.8171297476965
bg_26912,2025-03-25,777.2404119704591
bg_26920,2019-03-27,586.9662276484116
bg_26923,2024-02-14,1642.3581367351828
bg_26924,2024-07-18,1152.9268815065425
bg_26926,2021-07-14,18572.215364096726
bg_26928,2025-03-25,5937.2599473239425
bg_26936,2025-09-11,1025.4787362010097
bg_26943,2024-08-22,426.42511335528513
bg_26944,2021-07-09,2321.770790452749
bg_26953,2024-07-08,1835.049656358194
bg_26962,2024-09-01,796.7968751194117
bg_26967,2025-03-25,523.8395663747834
bg_26971,2025-03-25,953.6987484525735
bg_26977,2024-02-14,1488.4820055680038
bg_26979,2021-07-14,2181.3684373804535
bg_26984,2023-07-14,1003.1610770460748
bg_26985,2025-03-25,731.4858233759586
bg_26994,2024-09-11,9667.646600620948
bg_27000,2019-04-26,1943.5486488637387
bg_27009,2024-07-18,4554.849276320786
bg_27014,2024-09-01,2160.171486919671
bg_27021,2025-03-25,624.8422412897487
bg_27024,2022-07-24,2729.9909349666323
bg_27033,2022-10-02,4752.184061723355
bg_27036,2025-09-11,5827.249160633212
bg_27039,2025-06-28,416.94646370961794
bg_27043,2023-07-07,777.1310378567994
bg_27044,2025-03-25,2359.4359680653793
bg_27046,2023-07-14,2787.094009196665
bg_27050,2024-02-14,647.4494226578638
bg_27052,2023-07-14,2592.8727920203874
bg_27054,2025-10-12,1478.2567244226036
bg_27055,2025-04-14,951.0054324241364
bg_27056,2021-07-14,1523.3782784982664
bg_27063,2024-07-18,3367.2031758418416
bg_27065,2025-03-25,508.22808708297146
bg_27072,2019-07-15,863.8564513276299
bg_27090,2024-07-18,3593.562597868706
bg_27099,2023-06-26,3124.3856949168685
bg_27105,2020-03-26,4571.45056963319
bg_27108,2019-02-08,1493.1324351176017
bg_27109,2024-07-18,1877.4001387555393
bg_27113,2024-07-18,964.807379376784
bg_27115,2021-07-14,10197.3865302046
bg_27127,2025-03-25,2341.431884745093
bg_27130,2025-06-28,3467.913092062819
bg_27131,2025-03-25,1694.3038941701
bg_27134,2024-07-18,1683.5386988721464
bg_27138,2024-02-14,1149.5349675846808
bg_27145,2025-04-14,890.46319121003
bg_27149,2024-07-18,2718.087648568478
bg_27162,2024-02-14,1819.3372218475497
bg_27163,2024-02-14,1015.7556116015908
bg_27171,2025-10-12,15069.681587041096
bg_27172,2024-10-19,2029.2083343511244
bg_27181,2024-07-18,1348.5280334497527
bg_27183,2023-03-16,6121.503989004816
bg_27187,2025-03-25,2349.3433547481764
bg_27202,2023-07-14,2313.2255419002418
bg_27211,2024-07-18,1069.006293807605
bg_27214,2025-03-25,3302.7572961389455
bg_27218,2024-09-11,300.6752429116944
bg_27223,2024-07-18,1713.1459745160737
bg_27226,2024-07-18,1350.0564976696019
bg_27231,2022-07-24,4657.380093625645
bg_27238,2025-06-28,4415.369496214353
bg_27239,2024-07-18,519.9588983756092
bg_27242,2024-07-18,5149.644798799298
bg_27244,2023-07-07,1346.9838844246071
bg_27247,2024-07-18,293.3035806122814
bg_27258,2024-09-01,6421.738592538434
bg_27259,2024-09-01,1905.3223042831962
bg_27261,2024-07-18,1124.238960764053
bg_27264,2025-03-25,518.7547196891123
bg_27268,2024-02-14,1844.0906221766902
bg_27278,2024-09-01,3204.400123158586
bg_27288,2025-04-14,4623.4940364186805
bg_27291,2024-09-11,3162.6570953074524
bg_27295,2025-06-28,891.2704981093204
bg_27296,2021-07-09,11.845851594487321
bg_27299,2025-03-25,418.8326726749275
bg_27301,2024-07-18,370.5471899771866
bg_27309,2019-07-15,287.5895243223735
bg_27310,2024-02-14,1374.6926119318337
bg_27312,2024-07-18,912.8252551283625
bg_27315,2023-06-07,369.3019410999092
bg_27322,2025-04-14,982.2642505965835
bg_27325,2022-07-24,6181.839289159909
bg_27327,2024-10-19,145.9380872152786
bg_27330,2022-10-02,750.721549244406
bg_27334,2024-02-14,8008.571286128391
bg_27340,2024-09-11,7389.813677251932
bg_27342,2024-07-18,2469.957916989569
bg_27343,2024-07-18,738.531956586867
bg_27346,2024-07-18,1426.7697853893421
bg_27349,2023-07-07,2530.5388275425976
bg_27350,2025-03-25,7010.408977149598
bg_27362,2022-07-24,5519.961785827863
bg_27367,2024-02-14,2343.3298310312275
bg_27374,2024-07-18,2107.1326022347944
bg_27383,2021-07-14,17358.043135284668
bg_27386,2024-02-14,18090.667474391514
bg_27387,2024-10-19,348.9414473803912
bg_27388,2025-03-25,7320.862678434953
bg_27389,2021-07-14,11237.957925281533
bg_27392,2025-03-25,1118.9026131438545
bg_27395,2021-09-22,1331.2949613064993
bg_27402,2024-02-14,1282.2007116675582
bg_27406,2024-04-29,1244.2926866296916
bg_27409,2025-04-14,5949.4699747120485
bg_27417,2025-09-11,136.40533713896872
bg_27429,2024-07-18,879.8224755598725
bg_27436,2021-07-14,1457.3896188049102
bg_27443,2024-07-01,1260.0367335912713
bg_27447,2023-03-16,5053.365223234695
bg_27448,2024-10-19,1569.978206217846
bg_27461,2025-09-21,1356.527036885101
bg_27470,2023-07-07,1470.2712207276136
bg_27474,2025-06-28,1019.5496229708501
bg_27475,2024-07-18,1379.1045780505083
bg_27484,2023-07-07,379.548037012359
bg_27490,2025-03-25,4237.499044908353
bg_27492,2024-09-11,540.6487682405697
bg_27498,2024-09-01,18881.706182771417
bg_27499,2023-07-09,4345.939960342275
bg_27501,2021-07-14,2040.5708425831285
bg_27502,2018-07-30,1043.8237730573117
bg_27503,2024-07-18,2098.435970359868
bg_27506,2024-02-14,943.0748285264914
bg_27511,2024-02-14,7617.808921553449
bg_27513,2021-07-14,3013.4765970552357
bg_27514,2025-03-25,411.54787631561754
bg_27515,2024-10-19,313.7812731824469
bg_27519,2023-06-07,1410.2701518505387
bg_27523,2021-07-09,914.9424857333512
bg_27524,2024-07-18,64.5671154692264
bg_27543,2025-04-29,389.64975105825107
bg_27545,2021-07-14,2581.345408057585
bg_27546,2024-02-14,4202.051825585031
bg_27555,2024-02-14,4001.0730693277997
bg_27556,2025-03-25,481.3473815239673
bg_27558,2025-03-25,2874.5943989542398
bg_27566,2021-07-14,16240.37602570805
bg_27573,2023-07-14,2382.2472849391233
bg_27575,2018-06-25,1607.9941214131777
bg_27576,2021-07-14,821.3602387504229
bg_27582,2024-07-18,1127.6817540864952
bg_27588,2024-02-14,939.5535775037163
bg_27590,2024-04-29,1157.4092976987824
bg_27592,2025-03-25,11245.648701702376
bg_27593,2025-06-28,929.2327437192337
bg_27600,2018-07-30,2881.930310781432
bg_27602,2024-09-01,1745.2606283591638
bg_27611,2021-07-14,6061.097168863059
bg_27615,2025-04-14,2920.5669155491332
bg_27622,2023-08-07,1365.3791576335457
bg_27624,2018-07-30,1698.8446677665781
bg_27629,2024-07-18,1544.5144205544266
bg_27633,2021-07-09,912.5277150860227
bg_27640,2021-07-09,932.4726834067945
bg_27651,2021-07-09,631.1701274616289
bg_27652,2024-07-18,813.5531650727255
bg_27653,2024-07-18,1949.8155236330665
bg_27666,2025-03-25,475.61908330120275
bg_27667,2023-06-07,855.3148652980113
bg_27670,2025-04-14,3425.0265822763718
bg_27675,2025-03-25,3145.165283605623
bg_27680,2023-07-07,1380.6262269708475
bg_27687,2023-07-14,552.9913620480762
bg_27693,2024-07-03,2219.654861279092
bg_27706,2024-02-14,617.929093181698
bg_27710,2024-07-18,9801.367278849528
bg_27714,2024-02-14,2094.585975413687
bg_27731,2024-09-01,95.78268945905424
bg_27737,2022-10-02,4541.682554053966
bg_27738,2024-02-14,15625.111067413556
bg_27739,2024-09-11,15788.935419226162
bg_27740,2023-07-03,265.6186175703804
bg_27746,2025-03-25,77103.52314515399
bg_27751,2025-03-25,6393.237310173888
bg_27755,2025-03-25,1928.588022906892
bg_27763,2024-07-18,1388.1371146252238
bg_27768,2025-03-25,248.82018828862869
bg_27772,2025-06-28,3067.180080155034
bg_27774,2024-02-14,1197.6885415249167
bg_27778,2024-02-14,180.56496144031883
bg_27779,2021-09-22,1372.5594559072106
bg_27782,2024-07-03,1484.7598659715493
bg_27788,2022-10-02,9642.43927097815
bg_27791,2025-03-25,3432.6848130288367
bg_27796,2022-10-02,26535.822207470876
bg_27797,2022-07-24,16602.4757098753
bg_27798,2025-04-14,1220.1650134305548
bg_27812,2024-07-18,4269.669893867733
bg_27814,2024-07-18,1028.0832624353602
bg_27821,2024-09-11,118.31492086802245
bg_27824,2025-03-25,672.1143905615882
bg_27830,2025-03-25,1091.5110048920928
bg_27832,2024-02-14,10134.382493127025
bg_27839,2025-03-25,1203.6150257040254
bg_27859,2024-07-18,1026.3679167337648
bg_27861,2023-07-14,1585.7590935574485
bg_27866,2025-10-12,10956.8669230215
bg_27878,2025-06-28,2005.24002179297
bg_27889,2024-07-18,1613.240743968529
bg_27893,2024-07-18,2720.5044819852146
bg_27898,2025-03-25,12945.821487418296
bg_27904,2019-07-15,2242.110073479922
bg_27909,2025-06-28,1033.5753001112612
bg_27912,2024-02-14,1895.7469389399291
bg_27913,2025-06-28,1292.6502612849117
bg_27918,2021-07-14,583.0300542853699
bg_27923,2025-03-25,2852.916783959902
bg_27935,2025-06-28,3034.256665494848
bg_27937,2022-10-02,2904.748874601726
bg_27951,2024-07-03,1521.7008778994457
bg_27959,2023-05-28,4612.169415589627
bg_27961,2025-03-25,5955.165964706575
bg_27962,2024-10-19,1912.2087637075695
bg_27964,2023-05-28,3042.4107885194335
bg_27982,2024-08-22,1745.7569553919793
bg_27984,2024-07-18,1304.3045464157185
bg_27987,2024-07-18,2555.5064595689405
bg_27994,2025-03-25,7449.648638506674
bg_27995,2024-07-18,6529.943574028807
bg_28002,2022-10-02,9751.29327076654
bg_28008,2024-10-19,491.08440924147226
bg_28019,2022-10-02,11204.103286765103
bg_28028,2024-07-18,471.32266071127043
bg_28030,2021-07-14,15562.654691035068
bg_28034,2025-03-25,35309.89433150982
bg_28041,2024-02-14,4830.382300501992
bg_28047,2024-07-18,934.1940315054178
bg_28049,2022-10-02,3721.4826967888807
bg_28052,2025-06-28,1217.1979636031901
bg_28053,2022-07-24,11283.608569292044
bg_28069,2023-03-16,5025.1032216759495
bg_28072,2023-07-09,240.2153737795638
bg_28078,2024-02-14,15925.013320145104
bg_28086,2024-02-14,69.5919370329001
bg_28092,2024-02-14,880.8914257728213
bg_28095,2025-04-14,803.5702921960797
bg_28102,2024-07-18,4769.341930759811
bg_28106,2023-07-14,1059.408321894789
bg_28107,2024-07-18,2609.07821776159
bg_28109,2025-08-07,239.12685357344867
bg_28115,2024-07-18,951.3548673339848
bg_28118,2021-07-09,2549.4262521791675
bg_28129,2025-03-25,13588.998897567613
bg_28130,2025-03-25,13966.623707342456
bg_28133,2024-07-18,1899.5856980408153
bg_28139,2025-03-25,4056.3949787094716
bg_28154,2024-04-29,1437.687091303363
bg_28161,2024-07-18,728.7893229871788
bg_28168,2021-05-15,918.382721963099
bg_28175,2021-07-14,4343.874825659615
bg_28183,2024-08-02,978.5626181291086
bg_28193,2021-07-14,5994.166633002641
bg_28210,2024-09-11,17371.00513126683
bg_28214,2024-04-29,333.5452368121271
bg_28219,2023-07-09,1788.5056603210048
bg_28225,2024-02-14,789.3976835538091
bg_28230,2023-07-07,2471.190176352246
bg_28234,2024-07-03,4802.717034054675
bg_28235,2025-04-14,666.1449761875955
bg_28239,2022-10-02,1386.3454726727607
bg_28244,2025-10-12,15451.534683610002
bg_28251,2025-03-25,10695.067824866777
bg_28261,2021-07-14,1372.447178728692
bg_28268,2025-03-25,5016.728418501527
bg_28269,2025-03-25,2031.9556748364114
bg_28278,2024-02-14,1506.6741487461477
bg_28282,2024-07-18,217.86767360028574
bg_28289,2024-07-18,735.5794897902189
bg_28303,2024-07-18,780.3753780074921
bg_28305,2025-03-25,2149.358628730927
bg_28307,2019-07-15,1647.8116193608464
bg_28308,2021-05-15,1400.7995289832454
bg_28312,2024-02-14,2025.6831915433079
bg_28315,2024-04-29,500.2823112006407
bg_28320,2024-02-14,4927.32741912889
bg_28328,2024-07-18,2854.0984718296672
bg_28330,2025-03-25,1012.8201781659316
bg_28331,2021-07-14,10965.025939340054
bg_28333,2024-02-14,672.7031235991104
bg_28334,2025-10-12,1687.5116789522713
bg_28339,2025-04-14,1412.6231039452687
bg_28343,2024-02-14,12413.455865995169
bg_28345,2021-07-14,4808.484439841894
bg_28346,2024-09-01,173.0620538997168
bg_28347,2024-07-18,379.8033471415585
bg_28354,2024-09-11,6065.4600281017365
bg_28366,2025-09-11,2662.6606097096605
bg_28368,2025-03-25,1477.7822481003836
bg_28369,2021-07-09,1385.3178342172275
bg_28371,2021-07-14,14496.430933798572
bg_28375,2025-03-25,11063.374709517942
bg_28381,2024-07-18,1071.601885823068
bg_28389,2024-07-18,1249.486829742538
bg_28392,2025-04-14,3518.917471098178
bg_28394,2024-02-14,2990.3664358237643
bg_28397,2022-07-24,8666.665127083168
bg_28407,2024-07-18,2163.7155362478006
bg_28417,2024-02-14,2893.903172965466
bg_28418,2025-04-14,1244.7205489589978
bg_28424,2024-07-18,2477.876877268042
bg_28428,2024-07-18,1280.6056948569678
bg_28429,2024-04-04,133.70833033143185
bg_28433,2024-07-18,3991.149183844117
bg_28436,2024-02-14,13630.293888871527
bg_28437,2024-07-18,2808.2920857523186
bg_28438,2021-07-14,1318.0126400001345
bg_28440,2023-08-28,143.5248508099452
bg_28446,2025-03-25,15321.510881802871
bg_28449,2024-02-14,5460.530583102804
bg_28453,2021-07-14,2473.4590851275248
bg_28456,2024-07-18,2357.9337751938115
bg_28457,2025-04-14,868.4024196764973
bg_28460,2025-03-25,297.3285322668234
bg_28462,2025-04-14,523.8115417780817
bg_28463,2024-04-04,258.93438029751206
bg_28465,2025-07-03,807.8126610174992
bg_28475,2024-07-08,691.1119559810958
bg_28480,2024-04-29,293.4144687979959
bg_28481,2025-03-25,460.65583530416285
bg_28483,2025-03-25,888.4013451698097
bg_28484,2025-03-25,10844.47192177201
bg_28494,2021-07-14,3281.9958599911556
bg_28503,2023-07-14,3810.3262236455025
bg_28510,2023-07-07,2824.262246764588
bg_28515,2025-03-25,20977.852306718643
bg_28523,2025-03-25,876.0647243785513
bg_28525,2025-06-28,819.6120133940308
bg_28528,2025-03-25,4337.663664197432
bg_28532,2021-07-14,3263.894404082319
bg_28543,2019-04-26,714.6963495779672
bg_28554,2025-08-07,772.2810992119538
bg_28559,2023-07-09,1003.8545893206194
bg_28560,2024-07-18,863.5495425857164
bg_28564,2024-02-14,217.6208229927003
bg_28567,2025-03-25,5730.683951990379
bg_28571,2024-07-18,443.65868187123783
bg_28591,2022-10-02,4394.424542861273
bg_28595,2024-02-14,5721.463258407001
bg_28607,2024-07-03,1125.1928620907863
bg_28621,2022-10-02,1397.6927751834803
bg_28625,2021-07-14,235.34545544794466
bg_28626,2022-07-24,3077.847871029402
bg_28633,2025-03-25,15811.442336754191
bg_28636,2024-07-18,1363.9822005070241
bg_28641,2021-07-09,1348.5900933937205
bg_28643,2018-07-25,3126.7694466493467
bg_28653,2025-03-25,3575.2857113943005
bg_28655,2025-09-11,471.1243547090493
bg_28663,2022-10-02,5912.617747537701
bg_28665,2022-07-24,7689.5600506791325
bg_28668,2024-02-14,1009.2687019815787
bg_28683,2025-10-12,1423.9940185269058
bg_28685,2023-07-07,447.22945005887067
bg_28686,2025-04-14,203.8808298982586
bg_28690,2024-07-18,1061.6101085144337
bg_28691,2022-10-02,12393.45677720711
bg_28698,2024-07-18,787.0865249132631
bg_28700,2024-02-14,379.1211928920944
bg_28701,2025-03-25,2638.145169792592
bg_28707,2023-07-14,1193.837147101657
bg_28718,2025-03-25,1741.5276430765994
bg_28719,2025-08-07,889.6619300611967
bg_28728,2025-03-25,4635.02235636444
bg_28737,2024-09-11,16954.419073754674
bg_28746,2024-10-19,1735.2169171895243
bg_28748,2021-07-14,4057.050407340318
bg_28749,2025-03-25,2736.338225165345
bg_28756,2024-07-18,1322.7375559044106
bg_28757,2024-02-14,679.408931351346
bg_28761,2025-03-25,1064.372286936934
bg_28763,2025-06-28,2579.5865447199144
bg_28765,2025-03-25,757.4430368018109
bg_28766,2025-06-28,1560.3218087628175
bg_28767,2025-04-14,2666.7704039157893
bg_28771,2025-06-28,1384.375614672585
bg_28774,2025-03-25,3082.956893130397
bg_28778,2023-07-14,1098.0063705189173
bg_28785,2024-09-01,178.5286890111285
bg_28788,2023-08-26,755.3816424164733
bg_28789,2025-06-28,591.9390443280778
bg_28791,2024-07-18,505.1031384779756
bg_28795,2025-03-25,4691.714291663731
bg_28797,2023-07-14,1818.7038691608907
bg_28798,2024-09-01,5819.550128223064
bg_28800,2021-07-14,2880.3550775728877
bg_28817,2024-09-01,169.7627594618828
bg_28820,2022-10-02,14204.258243023498
bg_28851,2024-04-29,2978.601324447381
bg_28864,2024-07-18,454.92465321187115
bg_28875,2024-02-14,861.7158098814334
bg_28890,2023-07-14,233.5879425398302
bg_28898,2019-07-15,3138.374220802895
bg_28903,2025-03-25,11861.60336334026
bg_28905,2025-03-25,2791.1738093501567
bg_28918,2023-07-14,2503.680115849444
bg_28922,2024-02-14,4393.118428861389
bg_28929,2025-04-14,5174.910277966185
bg_28931,2024-09-11,165.62989705966194
bg_28937,2022-07-24,2937.8637267919476
bg_28948,2024-07-18,695.9833769567001
bg_28951,2025-10-12,3958.167616561874
bg_28955,2024-07-18,114.7664868331318
bg_28956,2024-02-14,583.1692249252316
bg_28957,2021-07-14,741.70034953483
bg_28964,2024-02-14,1047.22094421376
bg_28967,2025-06-28,1007.5741848616382
bg_28969,2024-08-02,1120.6483848647454
bg_28978,2022-10-02,4779.282948361629
bg_28986,2023-08-26,630.3441552041857
bg_28987,2018-07-30,9573.78176125796
bg_28991,2025-06-28,605.8662506691076
bg_29003,2023-08-26,56.35581247742711
bg_29005,2024-07-18,437.546417651741
bg_29009,2024-02-14,13210.667542285684
bg_29017,2025-03-25,3266.651978647219
bg_29025,2024-02-14,473.74163359369004
bg_29027,2018-07-30,10261.550747143196
bg_29039,2023-06-26,2498.8065716656856
bg_29042,2024-02-14,44.94725464368883
bg_29066,2023-03-16,7099.916723631306
bg_29068,2024-04-29,2305.7058088143317
bg_29070,2025-03-25,1500.317959367429
bg_29086,2023-07-07,5260.975493441983
bg_29098,2025-03-25,7291.632927657678
bg_29099,2025-06-28,1295.8226528733264
bg_29102,2025-03-25,1678.4354262228544
bg_29107,2024-02-14,3046.0958235256244
bg_29111,2023-09-14,840.9777840702218
bg_29115,2025-07-23,549.0011020934509
bg_29122,2024-02-14,4466.9986828969195
bg_29123,2025-03-25,6077.421930325639
bg_29124,2021-07-14,13893.601007024781
bg_29128,2021-07-09,866.1730825879415
bg_29129,2023-06-07,422.5755408207601
bg_29130,2024-07-18,438.0154806624804
bg_29140,2024-07-08,1860.0723678933066
bg_29141,2025-09-11,1366.8466963416336
bg_29146,2023-07-14,2003.7181473700805
bg_29148,2025-03-25,514.8493876854163
bg_29150,2024-07-18,90.78809833887162
bg_29151,2021-09-22,283.0824897445775
bg_29159,2024-07-03,249.7331491812941
bg_29161,2025-03-25,1458.7633133925804
bg_29162,2024-09-11,13921.681468504248
bg_29177,2023-07-07,302.17276018855256
bg_29179,2023-07-09,898.0385030164081
bg_29180,2022-10-02,9511.759034820892
bg_29183,2025-04-14,1973.1745742583917
bg_29184,2025-04-14,1079.438407923254
bg_29185,2024-04-04,672.6225409545026
bg_29189,2024-02-14,443.0150555001566
bg_29195,2025-03-25,1379.3350821682034
bg_29196,2021-07-09,588.2747604648781
bg_29199,2024-02-14,1415.1420465804767
bg_29202,2019-02-21,986.3062875192713
bg_29204,2024-02-14,1261.833803359185
bg_29209,2023-08-07,1784.1751762089957
bg_29213,2025-06-28,1391.473459933766
bg_29219,2025-03-25,959.7358920037237
bg_29222,2025-03-25,1820.3839030818428
bg_29226,2024-04-29,171.90201773103644
bg_29230,2024-07-18,2669.9683760861217
bg_29231,2025-03-25,617.4747288755959
bg_29234,2021-07-09,3978.189847505956
bg_29242,2025-03-25,1345.5895940439127
bg_29243,2024-02-14,2617.4013616565694
bg_29248,2024-07-18,330.329525928465
bg_29250,2025-04-14,5328.282492604864
bg_29251,2024-08-02,339.3301604634328
bg_29255,2019-07-15,2543.5191277045424
bg_29263,2025-04-14,1450.6272566376397
bg_29264,2022-10-02,4140.438265993147
bg_29273,2024-02-14,244.24716600174096
bg_29275,2025-09-11,1354.063613904161
bg_29286,2025-04-14,1449.605858466511
bg_29289,2022-07-24,12206.987021415312
bg_29301,2024-07-18,1094.4328763790807
bg_29309,2021-07-14,12285.949352915204
bg_29325,2024-07-18,825.2081494990086
bg_29326,2025-10-12,1709.6625033028608
bg_29333,2021-07-14,3434.2593938722457
bg_29334,2023-07-14,4585.312294239094
bg_29341,2024-07-18,865.4387377510044
bg_29343,2025-03-25,489.04385161248143
bg_29344,2024-09-11,22438.48448038546
bg_29348,2025-03-25,15520.317755935335
bg_29352,2018-07-30,3378.633683843094
bg_29383,2024-02-14,1433.6860570221656
bg_29386,2022-07-24,5676.568107096066
bg_29387,2022-10-02,3356.6022521144882
bg_29399,2025-03-25,10857.92056103277
bg_29411,2024-07-18,1586.8190284336818
bg_29419,2025-04-14,1890.390394072043
bg_29422,2024-02-14,2149.3123086235446
bg_29425,2023-08-26,1351.7635774424684
bg_29434,2024-10-19,1075.2121585993452
bg_29450,2021-05-15,783.5624887014227
bg_29451,2023-07-09,1767.9099357716148
bg_29452,2023-07-14,1599.5970822678328
bg_29465,2025-04-14,1250.17941484433
bg_29466,2025-06-28,1335.2894010289915
bg_29467,2024-07-18,1212.437844427483
bg_29468,2024-08-02,2910.260775257017
bg_29475,2024-07-18,937.9033404888457
bg_29480,2025-03-25,8661.004272346248
bg_29482,2024-07-18,914.8558440542262
bg_29485,2024-07-18,2719.3453703602513
bg_29487,2024-02-14,795.7200390212213
bg_29490,2025-06-28,233.25195154597543
bg_29494,2025-04-14,1348.125164812234
bg_29502,2025-03-25,10884.686491038698
bg_29503,2024-07-18,549.6760585108684
bg_29508,2024-02-14,1419.788370180624
bg_29510,2024-02-14,920.7131832443545
bg_29511,2023-07-07,1225.9477297584626
bg_29521,2022-07-24,1948.5865311040602
bg_29522,2024-09-01,4711.441493099527
bg_29532,2024-07-18,807.0185797735893
bg_29545,2025-03-25,5934.559414826022
bg_29553,2022-10-02,1349.6386694594316
bg_29557,2024-04-29,116.192485557415
bg_29558,2025-04-14,221.5120721311504
bg_29562,2024-09-01,4323.626482352542
bg_29568,2025-04-14,2199.885094544489
bg_29570,2024-09-11,13860.979943297674
bg_29582,2019-06-20,237.81953767533165
bg_29590,2025-04-14,1613.680284628881
bg_29595,2025-03-25,449.5346725226159
bg_29597,2025-04-14,2596.2439621114063
bg_29610,2025-10-12,2193.5577593490007
bg_29615,2025-04-14,1206.65392304523
bg_29616,2021-07-14,6087.823340751814
bg_29617,2024-02-14,13152.319936840073
bg_29620,2025-03-25,673.0413562330124
bg_29625,2025-04-14,529.1676725765036
bg_29630,2025-04-14,1170.6039871793107
bg_29631,2021-07-14,966.5280608960642
bg_29634,2021-07-09,746.8599036632842
bg_29636,2025-04-14,793.1222408303342
bg_29639,2019-04-26,1923.3153913229485
bg_29644,2022-07-24,2247.562953534546
bg_29651,2023-07-09,1699.6851782019253
bg_29659,2024-02-14,1264.2216486439386
bg_29676,2022-10-02,2338.31681320131
bg_29679,2025-09-21,800.8810554632717
bg_29694,2024-07-18,871.4771269515641
bg_29696,2024-05-04,673.3695278226267
bg_29703,2024-07-18,3364.770357364692
bg_29704,2025-06-28,2467.9403688905204
bg_29707,2024-07-18,1652.5969354018189
bg_29709,2024-07-18,869.5331865433346
bg_29711,2025-04-14,1988.1485462610858
bg_29719,2025-03-25,1426.2890073541582
bg_29735,2024-07-18,1228.7101585402074
bg_29740,2024-04-29,1008.9973982622889
bg_29743,2025-03-25,1332.8528532811838
bg_29746,2025-03-25,549.7540346371319
bg_29751,2021-09-22,2532.0009557660146
bg_29756,2024-07-18,7980.088896109162
bg_29764,2023-07-14,686.4389910979653
bg_29767,2025-03-25,1970.6630186817265
bg_29777,2022-10-02,6604.246861361275
bg_29779,2024-04-29,8639.482426372575
bg_29783,2022-07-24,11893.212243670676
bg_29786,2023-08-19,2206.983391192472
bg_29800,2025-03-25,20348.987908358107
bg_29809,2024-02-14,2921.4000205554403
bg_29810,2019-07-15,1571.6807128675644
bg_29816,2025-03-25,1037.5157764584308
bg_29823,2025-06-28,453.08850139910396
bg_29828,2022-07-24,2752.1864190675933
bg_29836,2021-07-14,5964.407299338302
bg_29852,2024-07-18,1786.0013062705036
bg_29855,2018-07-30,4480.392735932945
bg_29860,2024-02-14,140.3953453644512
bg_29862,2021-07-14,15546.499604811092
bg_29869,2024-07-18,5155.454901645444
bg_29871,2025-03-25,8188.158869709619
bg_29873,2022-07-24,12347.140931130694
bg_29883,2025-06-28,718.5615064140405
bg_29886,2023-06-07,860.3295980609488
bg_29908,2022-10-02,18204.920792206078
bg_29914,2023-07-14,1829.3300040451056
bg_29915,2025-03-25,9888.819604158996
bg_29923,2023-06-07,538.2441454395928
bg_29927,2025-03-25,12728.465925617262
bg_29931,2024-07-18,2456.2450995778245
bg_29938,2025-03-25,1142.382468396677
bg_29939,2021-07-14,2998.7461233820436
bg_29942,2025-03-25,72295.3137700038
bg_29943,2023-08-26,3277.0652834052185
bg_29945,2024-07-18,1730.1668743217247
bg_29949,2025-03-25,3461.617264762538
bg_29956,2024-04-29,572.2016439155963
bg_29958,2023-08-26,1732.6870568570384
bg_29960,2025-03-25,1200.595096608368
bg_29964,2022-07-24,2859.2247706326993
bg_29966,2025-10-12,12861.238363598648
bg_29969,2021-05-15,474.6757866162144
bg_29972,2025-10-12,16617.5821731323
bg_29995,2022-07-24,1416.4883938814078
bg_30004,2024-09-11,23118.938011476483
bg_30014,2024-07-18,522.1035361879761
bg_30018,2025-04-14,313.37806129361985
bg_30021,2024-04-29,1397.9892662320217
bg_30027,2025-04-14,496.3302091350015
bg_30036,2024-04-29,4254.240224764006
bg_30040,2024-08-22,1381.1857689681008
bg_30042,2024-04-29,1281.6593135464775
bg_30053,2021-07-14,12641.762488213288
bg_30056,2024-07-18,1101.5769530086404
bg_30063,2024-10-16,1237.7798293720102
bg_30071,2018-09-03,990.6593627477596
bg_30080,2024-02-14,866.0643399886322
bg_30092,2025-04-14,2318.6630337763213
bg_30098,2025-04-14,314.091905021284
bg_30099,2023-07-07,856.955610810798
bg_30101,2025-03-25,1192.5025975652131
bg_30110,2025-04-14,1127.7857814318322
bg_30113,2025-06-28,935.6169255098001
bg_30123,2024-07-18,1588.7084498107404
bg_30128,2019-04-26,1301.494966452148
bg_30141,2024-02-14,1081.905410329545
bg_30143,2025-04-14,1075.0043421772953
bg_30144,2025-03-25,8573.325914812758
bg_30147,2024-07-18,3559.171497413352
bg_30149,2024-09-01,735.1190551877542
bg_30154,2025-03-25,4209.336408093565
bg_30163,2025-03-25,691.5645144884708
bg_30168,2021-07-09,1711.8789522918885
bg_30170,2024-02-14,632.3821525787114
bg_30171,2023-08-26,2221.232823906564
bg_30179,2023-07-14,1487.1222057383009
bg_30180,2024-02-14,505.2748029540798
bg_30187,2021-07-14,13653.803802691722
bg_30188,2025-04-14,576.7296972584581
bg_30191,2021-09-22,231.39496148369176
bg_30192,2024-04-29,664.8540640621547
bg_30202,2023-07-09,1038.392095983018
bg_30204,2021-07-14,2568.7527498181935
bg_30212,2023-07-14,2586.16540818633
bg_30220,2024-02-14,253.60250097342194
bg_30224,2025-03-25,182.87717544861798
bg_30226,2025-03-25,949.7334287580067
bg_30228,2019-03-27,590.9613383292684
bg_30240,2025-03-25,7151.384217590205
bg_30241,2021-07-14,1804.4245298986818
bg_30250,2024-07-18,6492.463239172172
bg_30253,2022-07-24,10611.537326561149
bg_30257,2025-03-25,402.47442067788893
bg_30263,2024-09-11,410.8768423747992
bg_30264,2022-10-02,4479.2083136312085
bg_30265,2025-04-14,99.1613841170923
bg_30267,2022-07-24,3003.3779910793687
bg_30268,2024-07-18,602.3672940159552
bg_30271,2023-07-07,637.2590174332062
bg_30273,2024-07-18,1450.2978066587993
bg_30274,2024-02-14,2161.9058714475395
bg_30278,2024-02-14,542.2653464863737
bg_30281,2025-03-25,12688.643534519168
bg_30283,2025-04-14,1816.487024148579
bg_30284,2025-03-25,805.8218987468564
bg_30288,2024-07-18,714.9155492086464
bg_30292,2024-07-18,920.2394676386523
bg_30294,2024-07-03,1286.3625448915632
bg_30295,2024-02-14,1224.465282521002
bg_30297,2025-03-25,5089.087126508983
bg_30304,2025-10-12,11452.91263036624
bg_30309,2025-06-28,1075.9274001992355
bg_30310,2021-07-14,10527.357766619227
bg_30311,2023-07-09,506.41263145759956
bg_30321,2025-03-25,3236.333005439774
bg_30324,2025-06-28,359.88679025474124
bg_30325,2022-07-24,12028.212467328643
bg_30333,2024-02-14,249.09178649646825
bg_30339,2022-10-27,741.9484338550997
bg_30342,2021-07-14,3118.831901994747
bg_30343,2022-10-02,5064.007697712965
bg_30347,2025-03-25,332.6255740318006
bg_30356,2025-06-28,356.8671255523009
bg_30363,2024-10-19,1274.929003278161
bg_30365,2024-08-02,1362.989774356549
bg_30366,2024-07-18,1829.3053690404217
bg_30367,2023-07-09,1036.0838912462953
bg_30381,2021-09-22,1346.8029240391993
bg_30388,2025-06-28,576.5968969739974
bg_30393,2024-07-18,1180.5258178031936
bg_30394,2025-03-25,582.550666723665
bg_30395,2024-07-18,1099.448857655254
bg_30403,2024-07-18,1634.0619381771178
bg_30409,2022-10-02,536.9008609601507
bg_30411,2023-07-07,2477.6715130537705
bg_30413,2024-04-29,7241.671208056947
bg_30416,2024-07-18,317.7981788810145
bg_30419,2025-04-14,986.6641735667378
bg_30429,2024-07-18,1202.1363518753528
bg_30447,2025-10-12,9900.941183710775
bg_30450,2025-06-28,2013.8298570136374
bg_30460,2018-05-26,3174.2358801607506
bg_30476,2025-03-25,3579.161499359616
bg_30479,2025-03-25,605.5133323060505
bg_30486,2024-02-14,9710.14715816891
bg_30490,2022-10-02,4398.714703240067
bg_30491,2024-02-14,626.7118958500653
bg_30493,2025-09-11,883.86485397938
bg_30497,2024-07-18,1803.8604526955844
bg_30499,2024-07-18,1019.7623074031079
bg_30500,2025-04-14,1823.112744840607
bg_30502,2025-03-25,1464.8878234868432
bg_30514,2024-10-19,1691.315344339668
bg_30528,2023-07-03,1015.0882457206337
bg_30533,2018-09-03,695.6402209474429
bg_30535,2023-07-03,453.65624541025795
bg_30555,2025-03-25,392.1186289890675
bg_30557,2025-03-25,12938.138038187626
bg_30564,2018-09-03,1345.566385021494
bg_30569,2025-03-25,491.0556029615863
bg_30584,2025-03-25,7068.963658641782
bg_30588,2025-03-25,9723.272758366962
bg_30596,2023-07-07,1015.6242689598129
bg_30599,2025-06-28,712.6103718723086
bg_30607,2025-03-25,4436.085210013275
bg_30621,2025-09-11,522.6043881371306
bg_30624,2024-04-29,1776.5186730231676
bg_30625,2021-07-14,12423.565108067756
bg_30635,2024-07-18,1525.2796149230903
bg_30636,2025-03-25,4214.489670232863
bg_30645,2025-03-25,3020.7391169217003
bg_30657,2024-02-14,8479.455518487199
bg_30658,2025-10-12,8020.316142696861
bg_30659,2025-03-25,688.1618057549533
bg_30664,2025-03-25,840.8919447821653
bg_30666,2025-03-25,627.2938368101137
bg_30668,2025-08-07,923.7522224062172
bg_30670,2025-06-28,2064.801177765074
bg_30672,2024-07-18,716.0024966436937
bg_30677,2025-04-14,699.3753731008488
bg_30682,2024-02-14,1248.8748429287439
bg_30699,2023-08-26,1026.0072095261746
bg_30710,2024-09-11,21312.03503573743
bg_30714,2024-07-18,710.5399137276586
bg_30725,2025-06-28,375.6590679059219
bg_30730,2024-08-22,368.9626703340021
bg_30743,2024-04-04,2624.5481848119107
bg_30744,2024-02-14,1122.0364019049453
bg_30747,2018-09-03,195.75654727253797
bg_30752,2024-07-18,2114.108748976737
bg_30761,2025-03-25,5510.824065464011
bg_30767,2024-10-16,1928.1693416552596
bg_30768,2024-02-14,878.403809304083
bg_30769,2025-03-25,600.414860992318
bg_30785,2024-07-18,1143.952302196237
bg_30790,2019-02-08,2311.1861986433855
bg_30798,2024-07-18,2907.0763441813156
bg_30799,2021-07-14,1162.595328134739
bg_30800,2024-07-18,1900.3699922910464
bg_30801,2021-07-14,7066.533871311949
bg_30822,2024-02-14,2969.206760281279
bg_30831,2025-06-28,1199.1685921917667
bg_30837,2023-07-07,2979.3954820735034
bg_30842,2021-07-14,2382.6621520684
bg_30843,2023-07-07,1146.703761047105
bg_30848,2024-07-18,227.92713857707207
bg_30856,2025-03-25,1445.5763346501494
bg_30861,2025-04-14,151.6913478086255
bg_30872,2024-09-11,711.6246651852776
bg_30878,2025-06-28,1291.0359591040378
bg_30880,2025-06-28,467.96419863046975
bg_30897,2025-03-25,2107.9734717495585
bg_30900,2023-07-09,597.8705131548124
bg_30902,2025-03-25,3006.134327870379
bg_30916,2024-02-14,1858.9482769833626
bg_30917,2023-07-14,3347.031898817202
bg_30926,2025-06-28,327.92050530580457
bg_30944,2025-04-14,1349.927088771771
bg_30948,2024-09-11,421.0297008528152
bg_30952,2025-03-25,2511.8199140265456
bg_30954,2025-03-25,2092.526126694906
bg_30959,2024-07-18,4151.473783477522
bg_30960,2024-09-01,217.13709263971427
bg_30975,2024-04-29,1396.1086541168202
bg_30982,2019-02-08,2772.1357630533885
bg_30987,2023-07-07,336.09945685774517
bg_30989,2024-09-01,2812.2826786260275
bg_30999,2018-09-03,356.0456578865161
bg_31006,2025-04-14,1551.2697808568525
bg_31009,2023-07-14,557.9493113177556
bg_31021,2024-09-01,2455.7265858602595
bg_31032,2023-07-09,1006.0968816670523
bg_31037,2025-06-28,1348.200596981173
bg_31040,2022-10-02,8743.333595288394
bg_31052,2022-10-02,6494.719046771947
bg_31058,2024-07-18,1543.6481248327545
bg_31060,2024-09-11,18164.023678538288
bg_31064,2024-09-01,798.4201052705861
bg_31067,2024-02-14,11463.356759692942
bg_31070,2022-07-24,2598.134388075587
bg_31072,2025-03-25,608.0032240046102
bg_31077,2021-07-14,1015.353964733255
bg_31086,2024-07-18,1184.082419639908
bg_31091,2025-03-25,636.2381906174642
bg_31099,2024-09-01,2047.1775000960722
bg_31105,2025-03-25,2060.914777956471
bg_31112,2023-08-19,804.6117697373631
bg_31118,2024-10-19,4150.005411176805
bg_31120,2025-04-14,2217.1627456052483
bg_31124,2025-06-28,2507.245082635437
bg_31138,2021-07-14,2387.445973943778
bg_31142,2024-07-18,756.2689112345665
bg_31148,2025-10-12,5676.865478351631
bg_31165,2022-10-02,439.01697518437265
bg_31173,2025-09-21,839.5349366164079
bg_31179,2025-03-25,8479.94906520675
bg_31185,2025-03-25,14027.61403425748
bg_31189,2025-03-25,12771.185067032724
bg_31191,2024-07-18,1755.499075818699
bg_31193,2024-04-04,1350.2098815367094
bg_31197,2025-08-07,1116.0869031124503
bg_31207,2024-02-14,13034.281016343135
bg_31215,2024-07-18,962.493374574601
bg_31222,2025-07-03,900.2672266053519
bg_31228,2025-03-25,9712.010484554692
bg_31233,2018-07-30,6008.232275153766
bg_31235,2025-10-12,5484.299486288109
bg_31239,2024-07-08,452.93148709266944
bg_31241,2023-07-07,3376.3991350695355
bg_31243,2025-03-25,825.5083472622437
bg_31261,2025-08-07,392.4606330574868
bg_31263,2024-07-18,580.220085312449
bg_31265,2025-09-11,703.1621947316305
bg_31278,2025-03-25,4557.854074057232
bg_31281,2021-07-09,475.7194476790484
bg_31288,2025-04-14,3179.7096391018986
bg_31293,2025-04-14,1358.8594719466766
bg_31297,2025-03-25,2008.4585619075876
bg_31308,2025-03-25,12114.208991989337
bg_31312,2021-07-14,5862.389209665198
bg_31313,2025-03-25,37457.78965490209
bg_31319,2024-07-18,726.5248764495067
bg_31324,2025-03-25,6007.814675204354
bg_31325,2023-07-14,1431.9970260095597
bg_31331,2023-07-09,2907.9576360393994
bg_31333,2024-02-14,8554.208493660124
bg_31335,2025-10-12,3899.4543586506998
bg_31336,2024-02-14,24.023463530495142
bg_31337,2021-07-14,2025.928144234144
bg_31338,2023-05-28,7475.73543754055
bg_31345,2024-02-14,1323.2272237224258
bg_31348,2023-07-07,788.0610126761045
bg_31360,2021-07-14,4602.678659845853
bg_31364,2025-03-25,2246.4298102767775
bg_31367,2025-03-25,1146.6378973765543
bg_31373,2024-02-14,696.9185553563246
bg_31378,2025-03-25,3767.2263658561124
bg_31385,2024-10-19,880.5040507570848
bg_31397,2024-07-18,4209.51287034506
bg_31402,2024-07-18,3263.2265829390967
bg_31418,2025-03-25,10767.256325197372
bg_31419,2025-04-14,983.196880080469
bg_31423,2025-08-07,742.1422937684962
bg_31428,2024-07-18,1130.046294494086
bg_31444,2021-07-14,1966.5846766413008
bg_31446,2025-04-14,1542.294083662236
bg_31451,2022-10-02,4522.514965868127
bg_31452,2024-09-11,13142.874865739923
bg_31454,2024-02-14,9781.478335266896
bg_31474,2023-07-09,960.0363144170587
bg_31477,2025-04-14,603.7380524698053
bg_31484,2025-03-25,24991.47605873837
bg_31487,2023-07-07,807.3082585974219
bg_31488,2022-07-24,1757.0120885184149
bg_31496,2024-07-18,437.20677945338673
bg_31497,2025-04-14,1061.9840219606963
bg_31512,2024-07-18,1864.262209588496
bg_31516,2024-07-18,768.9545751213416
bg_31517,2021-07-14,10599.033228384567
bg_31522,2025-03-25,3175.332000862329
bg_31524,2022-10-02,2267.28306349246
bg_31531,2023-07-14,2053.926035790887
bg_31534,2021-07-14,4448.450778619692
bg_31537,2025-04-14,6882.273170762438
bg_31541,2025-04-14,3652.8052336799665
bg_31542,2025-04-14,7729.264802359775
bg_31545,2024-07-18,1104.5817432856563
bg_31553,2024-07-18,1960.192013477028
bg_31558,2024-09-01,1630.3850812922142
bg_31570,2024-07-03,2988.9184008432626
bg_31574,2023-07-07,968.3139751650928
bg_31576,2024-02-14,914.1911824669289
bg_31586,2024-02-14,4499.048966092626
bg_31587,2025-04-14,3845.611806631033
bg_31593,2020-03-26,299.98405724278626
bg_31594,2025-03-25,5671.276981289333
bg_31601,2025-03-25,693.2360551068195
bg_31606,2024-02-14,2099.9816046813935
bg_31615,2024-09-01,4374.257227564454
bg_31617,2025-03-25,850.8590714096739
bg_31618,2025-03-25,1739.2457595174865
bg_31627,2022-10-02,397.93707605583654
bg_31633,2018-07-30,3005.324480351443
bg_31648,2025-03-25,9062.209817726705
bg_31650,2024-07-18,1760.4930638885135
bg_31653,2021-07-14,3065.0192204619266
bg_31655,2025-03-25,18818.686466714622
bg_31668,2022-10-02,7353.135754118983
bg_31670,2023-08-26,2169.8474910463196
bg_31680,2021-07-14,2120.022119177098
bg_31685,2024-07-18,1152.9154005823707
bg_31686,2023-08-19,1107.210060648084
bg_31692,2024-04-29,2001.4513358559225
bg_31696,2024-09-01,1324.178834032623
bg_31714,2025-03-25,8549.850384685056
bg_31723,2024-07-18,702.9288789767081
bg_31734,2025-03-25,15434.97156554555
bg_31736,2022-07-24,5684.241549494554
bg_31742,2025-06-28,984.9136539311669
bg_31744,2024-02-14,1902.248952292946
bg_31745,2024-02-14,1772.0508526842275
bg_31751,2024-07-08,545.9216005985005
bg_31756,2019-07-15,1908.6078894313298
bg_31761,2024-07-18,508.38392283806724
bg_31767,2024-07-18,2151.1599000074593
bg_31783,2022-07-24,15372.199220443325
bg_31787,2024-04-29,386.46042242368486
bg_31789,2025-04-14,1789.01810625277
bg_31790,2024-09-01,5633.459785504982
bg_31792,2024-07-18,1122.9670801943996
bg_31798,2023-07-07,208.84226607674276
bg_31803,2025-04-14,788.0479854677334
bg_31815,2025-03-25,1565.412079932975
bg_31820,2022-10-02,5024.880943355939
bg_31829,2024-02-14,1799.6592378836704
bg_31830,2024-02-14,2343.3910709268666
bg_31835,2025-06-28,1003.9870701359405
bg_31838,2022-10-02,7152.42368239608
bg_31841,2024-07-18,1851.0457278522026
bg_31842,2025-03-25,749.7899104415401
bg_31844,2025-04-14,897.1756233868307
bg_31849,2025-03-25,517.0893153989003
bg_31855,2023-07-14,811.2172419886366
bg_31862,2024-02-14,1229.749607237351
bg_31878,2025-04-14,462.4085055447529
bg_31887,2025-03-25,316.20273781230077
bg_31889,2024-08-17,4548.563010226259
bg_31894,2023-07-14,673.9750895249367
bg_31895,2025-03-25,1756.8206074611062
bg_31903,2025-03-25,133.95704759363323
bg_31907,2018-07-25,10757.64872472152
bg_31910,2018-09-03,282.9912947424472
bg_31926,2024-07-18,532.9205577757792
bg_31929,2025-04-14,2778.2160573468364
bg_31932,2024-07-08,52.45414187647276
bg_31955,2024-04-29,3071.9034439252714
bg_31960,2023-07-14,1198.357038115151
bg_31962,2025-03-25,12079.236591875355
bg_31965,2021-07-14,1751.3799495540482
bg_31966,2024-07-18,528.919460125763
bg_31968,2021-07-14,14628.310757445552
bg_31970,2024-02-14,6406.85716666912
bg_31988,2022-10-02,1517.3405209445602
bg_31991,2025-03-25,3198.2882784546755
bg_31994,2025-04-14,9426.610529612446
bg_31995,2025-09-21,874.0216689533374
bg_32003,2021-05-15,1915.54954214189
bg_32004,2025-04-14,120.02246997957305
bg_32014,2022-07-24,1780.6884888998168
bg_32022,2024-07-18,233.5149502705484
bg_32024,2019-07-15,1414.5470539012415
bg_32026,2025-03-25,17719.81866669348
bg_32028,2023-07-14,662.9670255752703
bg_32034,2025-03-25,11128.37595835551
bg_32035,2023-07-14,2498.812664546982
bg_32036,2025-04-14,2224.6650121758053
bg_32046,2025-04-14,2153.436219348045
bg_32047,2024-07-18,839.3571450222745
bg_32049,2025-03-25,9762.471308188206
bg_32050,2025-04-14,1382.5720691884271
bg_32053,2022-10-02,14863.944982624766
bg_32055,2025-03-25,273.0791053889474
bg_32057,2024-07-18,3591.0049333440897
bg_32058,2024-07-18,5230.7212665176385
bg_32061,2025-06-28,2191.810399122119
bg_32064,2025-04-14,560.5834661315263
bg_32076,2025-03-25,5083.431749241811
bg_32077,2024-09-11,930.7562334471693
bg_32089,2021-05-15,627.3196717781158
bg_32099,2025-04-14,1926.5434293057071
bg_32103,2025-03-25,1178.2857694551315
bg_32105,2025-03-25,10925.10382180425
bg_32113,2025-10-12,2171.8879369110973
bg_32114,2023-05-28,4557.580098045465
bg_32118,2024-02-14,1585.590453584913
bg_32122,2024-09-01,1127.773549654209
bg_32123,2025-03-25,10568.220760170601
bg_32137,2025-03-25,81.6976927459664
bg_32139,2023-06-07,1283.2101234405861
bg_32151,2025-03-25,2430.7521024161324
bg_32163,2023-07-09,159.18073061791844
bg_32165,2023-07-07,204.67093296328073
bg_32173,2024-09-01,1379.297871599839
bg_32179,2023-07-09,2206.822163020972
bg_32181,2025-03-25,1624.333953625278
bg_32185,2024-09-11,20189.879951364037
bg_32186,2022-10-02,6505.940949509149
bg_32188,2019-07-15,945.6560214473751
bg_32194,2025-06-28,335.6331836992286
bg_32197,2025-03-25,245.28807247800898
bg_32199,2025-04-14,2217.8672959400355
bg_32204,2023-07-14,2774.3476128633893
bg_32211,2024-02-14,6689.7280106894905
bg_32213,2024-07-18,1458.80127844733
bg_32216,2024-09-01,670.5030166226206
bg_32218,2023-05-28,2784.5430300321264
bg_32225,2021-05-15,2446.7410737550504
bg_32227,2025-03-25,11578.642344489024
bg_32232,2023-05-28,3916.183534782115
bg_32233,2021-07-14,12893.00322059974
bg_32235,2021-07-09,1440.2116972865356
bg_32236,2021-05-15,937.6859295096724
bg_32240,2025-06-28,459.26513497110676
bg_32242,2025-06-28,345.1338363591522
bg_32243,2024-07-18,3859.6033955448665
bg_32246,2024-08-22,7421.138311290063
bg_32248,2024-02-14,13565.52996741391
bg_32251,2025-03-25,5441.470787985457
bg_32259,2024-02-14,3058.771431228343
bg_32260,2023-07-03,375.8536310852683
bg_32261,2021-07-14,14428.778023325454
bg_32273,2022-10-02,1131.8216900642287
bg_32281,2025-03-25,1375.0323291109335
bg_32282,2024-07-18,871.1759144972117
bg_32286,2024-07-18,549.4952688604737
bg_32287,2023-07-07,741.8485064351358
bg_32290,2024-09-01,3973.661371443174
bg_32291,2023-07-09,859.5836945871309
bg_32292,2024-08-17,3767.7233223924786
bg_32297,2023-07-14,1076.6622378908278
bg_32303,2024-07-18,2319.332766141822
bg_32307,2024-07-08,1203.8598320817737
bg_32314,2021-07-14,5361.40548607352
bg_32316,2021-07-14,1756.3785452173227
bg_32323,2025-03-25,2000.2895286932408
bg_32325,2025-10-12,15461.858356575598
bg_32327,2022-07-24,912.7245159411493
bg_32337,2024-07-18,902.5193743072564
bg_32338,2024-02-14,1439.4416842998312
bg_32340,2025-03-25,73671.8553405526
bg_32345,2023-08-28,1982.4312395893635
bg_32364,2021-07-09,885.1943194575928
bg_32372,2025-06-28,568.4628264012202
bg_32385,2023-07-14,2092.416526817699
bg_32393,2024-07-18,1076.060695732382
bg_32396,2023-03-16,2608.6096711658806
bg_32399,2021-07-14,1452.7366553163401
bg_32401,2021-07-14,3244.3248986040426
bg_32413,2023-07-14,511.0237585473214
bg_32421,2022-10-02,1441.3718675275472
bg_32423,2025-09-11,290.77052532874177
bg_32424,2018-05-26,1200.612094974814
bg_32427,2023-08-26,375.76293390911763
bg_32429,2021-07-14,11141.163547511378
bg_32431,2021-07-14,990.4040678935222
bg_32432,2023-07-07,790.185058957704
bg_32439,2023-08-07,2829.204846489751
bg_32441,2025-03-25,840.320867585732
bg_32449,2024-02-14,3750.372730769632
bg_32473,2023-07-14,2138.165509449553
bg_32474,2025-03-25,5160.546347548755
bg_32476,2025-03-25,17791.724861184688
bg_32480,2019-07-15,2677.5431906507006
bg_32483,2023-07-14,1599.8061037826708
bg_32488,2023-07-14,3038.512016892681
bg_32490,2021-07-14,20736.625507357752
bg_32491,2022-10-02,371.7840256116297
bg_32509,2021-07-09,1852.8823507174825
bg_32510,2024-07-18,1035.6787624065676
bg_32511,2025-04-14,2985.5244224425296
bg_32516,2024-07-08,1037.747532784366
bg_32527,2022-10-02,5868.26689019001
bg_32538,2025-03-25,781.3867834178089
bg_32561,2025-06-28,897.5727060246473
bg_32563,2024-09-01,4531.221443154066
bg_32569,2024-02-14,1008.6610582845012
bg_32570,2025-03-25,4849.122552843899
bg_32576,2025-03-25,2290.633121322677
bg_32589,2025-04-14,1711.8441018387496
bg_32599,2025-03-25,674.9564825230636
bg_32600,2021-07-14,1610.5707355158518
bg_32604,2025-04-14,413.66818876955824
bg_32625,2025-03-25,2399.866002342833
bg_32629,2019-04-26,2370.273585896812
bg_32630,2021-07-14,3514.0278264407425
bg_32642,2024-02-14,583.3754628023129
bg_32643,2024-09-01,8601.293622409525
bg_32645,2024-07-18,360.9199473568724
bg_32646,2025-04-14,2485.6264566100203
bg_32652,2025-09-21,166.29613224609008
bg_32657,2024-02-14,1625.9976317940614
bg_32660,2025-03-25,1879.2621039118474
bg_32668,2019-04-26,1595.888444002282
bg_32672,2025-04-14,548.25655545555
bg_32685,2023-08-26,1801.990251305717
bg_32691,2025-03-25,1705.2750230094016
bg_32692,2024-02-14,823.1352608776155
bg_32703,2024-08-22,516.1203590248703
bg_32709,2025-10-12,5650.475530546016
bg_32711,2023-06-07,162.09116478071846
bg_32715,2024-07-18,1993.148132829126
bg_32729,2023-06-26,728.210265376653
bg_32730,2023-03-16,2113.9018653901485
bg_32734,2023-07-07,1191.681296530148
bg_32738,2025-06-28,1788.8651308860963
bg_32741,2024-04-29,1170.8074863101535
bg_32742,2021-07-14,2656.322972418813
bg_32750,2025-04-14,486.56388326705627
bg_32757,2025-03-25,2737.106044931072
bg_32762,2025-03-25,7535.723154688037
bg_32773,2023-07-09,3680.7694742947397
bg_32778,2025-06-28,3354.1779085344574
bg_32780,2025-03-25,1035.3637600381112
bg_32786,2021-09-22,1898.062165077875
bg_32787,2024-02-14,1930.070390866572
bg_32788,2025-03-25,13558.834425318339
bg_32789,2025-04-14,800.237007704333
bg_32792,2023-09-14,943.0915994750735
bg_32800,2021-07-14,1530.5332072516355
bg_32808,2025-03-25,3128.9573257875786
bg_32824,2024-08-02,3029.8384527891835
bg_32841,2018-07-30,7634.603167499523
bg_32845,2023-07-14,1066.0076804601417
bg_32848,2025-04-14,2256.9544848090104
bg_32849,2023-07-14,1034.6086031922123
bg_32852,2024-02-14,143.98090324760045
bg_32853,2025-04-14,1269.0938774181895
bg_32856,2025-03-25,2839.2912587476358
bg_32860,2024-07-18,567.2686039256215
bg_32872,2024-07-18,1444.2711477420362
bg_32874,2025-03-25,1770.0566647709272
bg_32877,2024-09-11,13684.146668261748
bg_32878,2025-03-25,5241.282373484539
bg_32883,2024-02-14,1799.802665433143
bg_32888,2024-07-18,30.850257697676803
bg_32894,2021-07-14,542.8933951524198
bg_32896,2024-09-01,5181.369444124005
bg_32900,2024-10-19,2415.4166503112065
bg_32902,2025-04-14,6401.596233222012
bg_32908,2023-07-14,4591.640745060532
bg_32925,2022-10-02,3214.2558847270757
bg_32928,2025-03-25,5527.881952086246
bg_32929,2025-06-28,448.1771708822071
bg_32935,2024-09-11,6494.774300197004
bg_32936,2024-09-11,619.1595404255501
bg_32939,2023-07-14,314.66937331103765
bg_32948,2025-03-25,533.4508266937104
bg_32955,2024-02-14,3640.896978740383
bg_32958,2025-03-25,1986.9842564044147
bg_32960,2024-07-18,728.7462579663604
bg_32967,2025-03-25,10520.090452961826
bg_32969,2025-04-14,848.0516404087492
bg_32973,2025-04-14,5051.186319766682
bg_32976,2023-07-09,3743.8872064873945
bg_32977,2025-10-12,6952.461733033833
bg_32978,2024-02-14,994.3996303299651
bg_32979,2024-07-18,5094.288613191979
bg_32988,2024-02-14,1041.2100296289145
bg_32989,2023-07-14,1293.6107340307235
bg_32990,2024-02-14,98.23512202876994
bg_33000,2025-03-25,15202.258315056488
bg_33005,2025-04-14,536.9446936137848
bg_33010,2019-07-15,3611.5680457383646
bg_33013,2024-07-18,498.36924313221107
bg_33014,2025-03-25,10602.896605291442
bg_33017,2025-03-25,8832.948713521482
bg_33019,2024-07-18,1462.5445568939315
bg_33026,2025-03-25,856.0530555989499
bg_33031,2025-03-25,12658.121824314967
bg_33033,2024-07-18,1017.3789918218263
bg_33037,2025-03-25,11423.108499427848
bg_33043,2025-04-14,3364.7872433485018
bg_33046,2025-03-25,8899.985486482572
bg_33048,2024-07-18,5594.730338952765
bg_33053,2021-07-14,1200.8827946973581
bg_33055,2025-03-25,1544.1659139160001
bg_33057,2024-04-29,3650.013078127178
bg_33064,2025-03-25,1803.0927420681385
bg_33081,2023-05-28,3828.029263746635
bg_33084,2025-10-12,13890.592431959254
bg_33088,2024-07-18,801.9650486773849
bg_33108,2025-10-12,2785.724623612506
bg_33109,2025-03-25,1209.2439171648223
bg_33112,2022-10-02,190.33147007249227
bg_33115,2024-09-01,1729.6922110304547
bg_33126,2024-02-14,982.9715088445066
bg_33128,2021-09-22,327.3060784646906
bg_33137,2025-04-14,2125.032361565376
bg_33142,2025-03-25,2454.571078396308
bg_33148,2025-03-25,11079.67352983366
bg_33153,2023-07-14,858.7021650141052
bg_33169,2021-07-14,2182.0750594330457
bg_33175,2018-07-30,9105.5689245759
bg_33177,2023-06-07,395.5233176438713
bg_33182,2021-07-14,1550.6330831632167
bg_33186,2024-09-11,147.70768598795485
bg_33187,2024-02-14,697.1492093518126
bg_33191,2025-04-14,401.519566771007
bg_33202,2025-04-14,1573.1381732702346
bg_33205,2022-07-24,7644.268036444047
bg_33207,2021-07-14,961.8227139131354
bg_33221,2022-10-02,473.2009858402584
bg_33243,2024-07-18,2947.6843370011366
bg_33254,2025-03-25,4622.584425632402
bg_33256,2025-06-28,870.1466603396184
bg_33257,2025-03-25,17312.42922285868
bg_33259,2025-04-14,674.1089462393301
bg_33267,2025-03-25,803.0173296384357
bg_33273,2024-04-29,965.2728729739796
bg_33274,2024-02-14,1999.81746729545
bg_33277,2023-05-28,360.27260248319624
bg_33294,2024-07-18,377.1861992438506
bg_33296,2024-09-11,1180.7641322465897
bg_33301,2023-08-26,2741.020030444867
bg_33306,2023-07-14,1991.5876591553542
bg_33308,2018-07-25,930.8438765443132
bg_33310,2025-04-14,36323.368908179524
bg_33312,2021-07-14,2009.955201416155
bg_33315,2025-04-14,1785.2038361208997
bg_33321,2024-07-18,1475.2192242848012
bg_33323,2025-07-03,164.4752169780516
bg_33327,2025-04-14,1410.4632553172721
bg_33331,2021-07-14,9106.54713897644
bg_33332,2024-07-18,621.6212970933632
bg_33340,2024-07-18,745.5762196449873
bg_33341,2023-07-07,417.8616513870575
bg_33342,2023-08-26,595.3405494337966
bg_33346,2024-02-14,18286.80698768964
bg_33350,2025-04-14,933.4111881159096
bg_33354,2025-03-25,706.7379599255678
bg_33358,2024-02-14,660.2882253227501
bg_33376,2024-02-14,700.2693314006468
bg_33383,2024-10-19,2374.792740851288
bg_33388,2025-03-25,1248.2212119650794
bg_33408,2023-07-09,581.3287370327795
bg_33413,2025-03-25,9575.347136668312
bg_33418,2024-07-18,1138.5316751410367
bg_33424,2021-07-09,2255.563282996032
bg_33425,2021-05-15,1416.9089130921093
bg_33426,2025-04-14,1946.7017721775242
bg_33429,2024-07-18,2330.292286924363
bg_33441,2024-02-14,1332.439024683566
bg_33450,2025-04-14,1209.7983918818513
bg_33454,2024-07-18,648.273209765885
bg_33455,2025-04-14,1342.6715342181828
bg_33459,2023-09-14,1014.3098387081949
bg_33460,2023-06-07,586.0522026234497
bg_33461,2024-07-18,2839.607361396825
bg_33469,2023-07-14,964.2080308728738
bg_33481,2025-03-25,4812.687219174184
bg_33482,2025-03-25,4406.344167129949
bg_33484,2024-07-18,2073.6768215419165
bg_33487,2022-07-24,10103.558461700592
bg_33496,2024-07-18,1652.3316490644613
bg_33500,2024-02-14,1614.8327938520324
bg_33503,2024-07-18,7145.454141403701
bg_33525,2023-07-03,1489.0896346764089
bg_33531,2024-04-29,101.02644455809812
bg_33532,2025-03-25,3469.0602148275543
bg_33540,2021-07-09,802.9843431225149
bg_33541,2025-03-25,1325.5859590762952
bg_33545,2025-09-11,154.28432357176283
bg_33547,2023-07-07,1518.1232426913732
bg_33553,2024-07-03,1604.3036485963962
bg_33554,2024-09-11,16115.799894715028
bg_33557,2024-02-14,884.3925604049203
bg_33558,2024-09-01,2155.923858024711
bg_33565,2019-07-15,1199.431867927387
bg_33567,2025-04-14,431.8785265557372
bg_33572,2025-04-14,4912.454057698516
bg_33583,2023-07-14,613.0643617924381
bg_33588,2024-07-18,2786.778825902807
bg_33600,2024-07-18,1478.527329101231
bg_33602,2025-03-25,1456.3902326642572
bg_33606,2025-04-14,2531.146806982911
bg_33609,2025-03-25,1207.3946245534858
bg_33612,2024-07-18,1518.2837745954687
bg_33617,2023-08-26,1614.009782870098
bg_33618,2025-06-28,236.22813655455582
bg_33624,2024-02-14,665.6181933361546
bg_33625,2023-08-26,1251.7427136996962
bg_33629,2024-02-14,3417.979191627612
bg_33632,2024-02-14,1206.537908977545
bg_33633,2023-07-03,319.86473266041173
bg_33634,2022-10-02,1633.4237123293676
bg_33635,2025-03-25,1810.527389298507
bg_33637,2021-07-14,1529.900146316791
bg_33639,2023-07-09,1459.7518504869545
bg_33656,2024-02-14,4592.50327618836
bg_33664,2024-02-14,2824.9089038231696
bg_33666,2023-05-28,4368.647548624106
bg_33683,2025-09-21,936.5226507136798
bg_33684,2025-04-14,1857.6308268326775
bg_33687,2024-07-18,1348.8667066839062
bg_33690,2024-07-18,346.41992162693134
bg_33693,2023-07-14,363.05706796572326
bg_33698,2025-03-25,839.1698545582677
bg_33706,2025-09-21,294.4564174880353
bg_33708,2021-07-14,587.4509029699502
bg_33714,2024-02-14,2406.731435640632
bg_33725,2023-08-12,1326.0134601503873
bg_33726,2022-10-02,3093.3960329223705
bg_33728,2022-10-27,3079.2571517333754
bg_33729,2024-09-01,943.9404549546312
bg_33730,2024-10-19,1624.1332407471368
bg_33733,2023-08-26,678.7884186548849
bg_33749,2024-04-29,2203.2987779235364
bg_33751,2024-07-18,1014.9371872682273
bg_33762,2024-07-18,1367.5403413795734
bg_33768,2025-03-25,419.4596687406021
bg_33771,2025-03-25,1465.3672926947393
bg_33773,2025-03-25,11241.091352021931
bg_33777,2025-04-14,3990.3876732217664
bg_33782,2025-06-28,1009.2836733546463
bg_33785,2022-07-24,13576.343489504101
bg_33786,2025-03-25,13937.993738070794
bg_33789,2024-02-14,1791.5283922114795
bg_33794,2023-07-09,4413.764545475913
bg_33801,2025-03-25,8647.608442112674
bg_33806,2025-04-14,406.47504043902626
bg_33808,2024-02-14,3809.974417604564
bg_33820,2021-07-14,340.597225620057
bg_33822,2025-10-12,18971.72388227541
bg_33825,2024-02-14,198.55393473813453
bg_33831,2023-08-26,814.280244940279
bg_33836,2025-03-25,2269.811065287068
bg_33838,2025-03-25,13472.297745195481
bg_33839,2025-03-25,709.5489747718361
bg_33849,2022-10-02,422.51009940591535
bg_33850,2024-02-14,992.4960022589057
bg_33853,2024-07-18,1104.1599135089841
bg_33857,2025-03-25,11463.431817204635
bg_33860,2024-07-18,4009.498299550705
bg_33861,2025-06-28,572.2590820598074
bg_33862,2025-06-28,541.8086426036754
bg_33863,2021-09-22,1447.1250437331637
bg_33866,2024-02-14,5589.302987430561
bg_33877,2022-10-02,2071.6540976957654
bg_33878,2025-04-14,1219.2128726763817
bg_33880,2023-07-15,396.37059527670135
bg_33881,2025-06-28,2988.201871377039
bg_33902,2022-07-24,2945.4329573768637
bg_33903,2025-04-14,1397.2065442519217
bg_33905,2024-08-02,91.23112243094621
bg_33907,2024-04-04,1614.190262515493
bg_33908,2025-03-25,2157.267560085989
bg_33909,2024-04-29,514.78967549867
bg_33912,2025-04-14,364.06752917594133
bg_33922,2024-07-18,375.1155043449815
bg_33923,2024-02-14,1494.6242834906861
bg_33926,2025-04-14,5727.765311820977
bg_33929,2024-02-14,300.7299268445153
bg_33934,2025-03-25,15168.429548839087
bg_33936,2023-07-09,397.5463638370321
bg_33938,2025-03-25,1532.8058262221175
bg_33940,2024-07-18,5527.678625978496
bg_33947,2025-03-25,4501.154353952012
bg_33950,2025-03-25,1390.6288915813457
bg_33960,2025-03-25,526.3427663605098
bg_33963,2024-07-18,1751.9855528230887
bg_33964,2024-09-01,4744.762875307872
bg_33971,2024-02-14,2255.4159572240796
bg_33973,2022-10-02,1166.9319130523272
bg_33977,2021-07-14,5295.370727947179
bg_33981,2025-03-25,924.1045486847296
bg_33988,2024-02-14,9700.803576869326
bg_34000,2023-03-16,3446.3375222110667
bg_34003,2024-07-18,1725.3322409613158
bg_34008,2025-03-25,517.9724737860114
bg_34009,2019-02-08,3778.967575251139
bg_34013,2024-08-02,4190.515538510356
bg_34021,2024-07-18,686.6355761975675
bg_34022,2019-07-15,486.37563929537913
bg_34031,2024-07-18,340.70234237527785
bg_34033,2024-07-18,353.08135747996215
bg_34041,2023-07-14,2935.480891063582
bg_34043,2024-07-18,3376.5105431052625
bg_34049,2019-04-26,2036.400496095916
bg_34052,2024-08-22,1670.9925656328232
bg_34057,2025-03-25,6365.775026624841
bg_34067,2021-07-14,6330.727648043455
bg_34071,2025-03-25,758.2364846141126
bg_34083,2021-07-09,1737.2860610160574
bg_34084,2025-03-25,832.284640852979
bg_34086,2023-08-26,633.7687392100563
bg_34087,2023-07-07,978.8459250566691
bg_34095,2024-07-18,4491.4932975347065
bg_34098,2024-07-08,1826.8257287709057
bg_34100,2025-03-25,1425.2922911459334
bg_34111,2023-07-03,109.25722401740313
bg_34119,2024-02-14,2432.571699354204
bg_34128,2025-06-28,1095.7286968040878
bg_34132,2025-03-25,200.32783381237866
bg_34138,2023-07-14,3626.3181038762636
bg_34144,2024-09-01,11028.117877357885
bg_34150,2025-06-28,592.0222916408635
bg_34153,2024-07-18,1713.9444858281367
bg_34157,2022-10-02,5251.70406006471
bg_34159,2019-02-08,2367.7338838644046
bg_34191,2024-09-01,4484.079451403584
bg_34194,2024-07-18,1786.0454938216992
bg_34200,2023-07-14,191.64401164628333
bg_34211,2024-07-18,2827.098569664799
bg_34214,2023-08-07,1777.8780361430574
bg_34215,2025-03-25,2889.3247689554305
bg_34220,2025-04-14,553.2941486226952
bg_34222,2025-10-12,11916.959822991948
bg_34230,2024-07-18,608.5691152203797
bg_34244,2025-04-14,4594.556729109003
bg_34252,2025-10-12,4408.690841882672
bg_34260,2025-03-25,15858.669882424078
bg_34262,2021-07-09,556.5318953125623
bg_34265,2025-03-25,10452.332810698399
bg_34268,2022-07-24,10190.756144320181
bg_34270,2024-07-18,1059.250420344311
bg_34272,2025-04-14,1027.4433233032657
bg_34277,2025-03-25,814.1209004194804
bg_34280,2024-07-08,1874.0618957228814
bg_34281,2024-02-14,954.0800208053852
bg_34283,2024-07-18,2811.9009727228804
bg_34285,2025-07-23,1725.5479840617995
bg_34287,2022-10-02,1886.6275950754484
bg_34292,2024-02-14,325.76399095053756
bg_34294,2025-04-14,581.463491889231
bg_34302,2023-08-26,420.437708227978
bg_34313,2024-07-18,832.4145141094201
bg_34314,2024-02-14,1915.894082510823
bg_34315,2024-02-14,3205.8252149798845
bg_34319,2025-03-25,1216.6475241828348
bg_34320,2024-07-18,1866.0556587894707
bg_34327,2023-07-07,1579.8563478051192
bg_34329,2024-07-18,1611.8631014447076
bg_34336,2025-03-25,1545.2576008225901
bg_34342,2025-03-25,2525.9634449451914
bg_34355,2021-09-07,1460.3280907043354
bg_34357,2023-08-26,196.70158336941907
bg_34368,2025-09-21,733.5045560867403
bg_34373,2024-09-01,2281.2873798140567
bg_34377,2023-06-26,787.8278094226572
bg_34379,2023-07-14,594.1515231828073
bg_34411,2025-04-14,825.9309143021935
bg_34423,2024-02-14,1318.0205455530293
bg_34428,2024-09-11,23577.082152176685
bg_34437,2024-07-18,429.9808228284042
bg_34446,2025-03-25,2599.008661105194
bg_34451,2019-07-15,957.8565225544097
bg_34455,2025-06-28,680.7465934546066
bg_34458,2025-04-14,616.7246384732862
bg_34463,2025-04-14,1883.2675117730614
bg_34464,2025-06-28,1281.169639430992
bg_34469,2025-03-25,6265.2205290154025
bg_34470,2025-04-14,834.9622813635855
bg_34472,2023-07-14,2343.508607195632
bg_34478,2024-02-14,457.89508896702546
bg_34480,2025-03-25,808.6280895441452
bg_34481,2025-06-28,1710.709762993233
bg_34492,2025-04-14,6244.616366519241
bg_34494,2021-07-09,596.3568215420877
bg_34498,2024-07-18,3723.184164367879
bg_34499,2021-07-09,1064.7637952144307
bg_34501,2024-07-18,2684.2273991040765
bg_34502,2023-07-12,543.528503484415
bg_34517,2025-04-14,3732.482081296665
bg_34518,2025-03-25,1179.8227972454054
bg_34519,2024-02-14,473.936064886372
bg_34533,2022-10-02,4475.412542202213
bg_34535,2021-07-09,1450.9818265230635
bg_34548,2025-10-12,3069.7839330481575
bg_34552,2024-09-11,6587.32613527633
bg_34553,2024-07-18,747.4791312805257
bg_34554,2025-03-25,1443.4322691764598
bg_34555,2024-09-11,6726.9885225485295
bg_34561,2023-07-07,2377.4942991517887
bg_34568,2021-07-14,1858.8380900443503
bg_34570,2023-07-07,1252.962926586431
bg_34587,2024-07-18,691.715075012834
bg_34588,2025-03-25,465.9165255706995
bg_34597,2024-07-18,1594.1288299883443
bg_34610,2019-07-15,1673.8530364403778
bg_34612,2025-03-25,71.97477613743277
bg_34615,2022-10-02,29161.76882839034
bg_34625,2022-07-24,3761.0889637178266
bg_34629,2022-07-24,9094.44398515946
bg_34636,2023-03-16,1658.7090858254942
bg_34651,2025-03-25,2997.7600782250365
bg_34662,2021-05-15,1205.3807050055425
bg_34670,2025-06-28,1322.8102004822779
bg_34678,2025-04-14,539.2951714969687
bg_34691,2025-06-28,1535.219877411657
bg_34698,2025-03-25,2102.147040527757
bg_34699,2024-08-02,2882.750357644398
bg_34705,2024-02-14,1143.1764721599068
bg_34710,2024-07-18,1844.8423096296594
bg_34724,2021-07-14,3850.759123315861
bg_34726,2022-07-24,2812.1682608262563
bg_34727,2024-02-14,5900.980894817284
bg_34738,2022-07-24,1073.5336466082445
bg_34742,2024-04-29,259.41623465008126
bg_34748,2024-02-14,2219.221330106762
bg_34759,2025-03-25,535.3629876074605
bg_34765,2024-02-14,719.5485296350206
bg_34769,2024-09-11,14869.109223235155
bg_34782,2024-09-01,1968.4064352925154
bg_34785,2025-03-25,5691.534528859483
bg_34787,2022-10-02,8011.197335011623
bg_34795,2019-07-15,1183.3298799995725
bg_34804,2022-10-02,6008.174193421677
bg_34840,2024-07-18,1231.4057084895037
bg_34845,2021-07-14,1460.8717804449996
bg_34847,2025-09-11,3085.5871507705097
bg_34852,2025-06-28,1383.9900367055973
bg_34866,2025-04-14,1387.2826437679255
bg_34873,2025-10-12,15837.440698951237
bg_34874,2024-07-18,3505.522630364855
bg_34878,2025-03-25,8093.602142161512
bg_34882,2023-07-14,1980.9146045448235
bg_34884,2025-06-28,2048.6756488277974
bg_34893,2024-07-18,1640.4781002197458
bg_34894,2025-10-12,4281.120928401829
bg_34917,2024-09-11,18571.572948797217
bg_34920,2025-08-07,662.8782625037582
bg_34921,2022-07-24,4085.1578888703234
bg_34927,2025-04-14,616.8680450468894
bg_34929,2024-07-18,3292.164651653972
bg_34932,2025-04-14,1234.0531157532034
bg_34943,2024-08-27,953.2209206684439
bg_34946,2024-07-03,1072.1411015347205
bg_34947,2023-07-14,1264.350802625707
bg_34953,2024-07-18,655.644152417959
bg_34956,2025-06-28,676.488560509349
bg_34962,2024-07-18,2073.471742392337
bg_34966,2021-07-09,222.4577335136161
bg_34967,2022-10-02,2055.675305708453
bg_34972,2024-02-14,889.2209127658297
bg_34974,2025-04-14,993.2608489212465
bg_34979,2021-09-22,250.07838331205383
bg_34984,2024-07-18,849.8586105932912
bg_34986,2024-07-18,4270.398751229003
bg_34987,2024-05-04,807.8479334624328
bg_34989,2024-07-18,2874.9186788151687
bg_34996,2025-03-25,7658.503706312534
bg_34999,2024-02-14,547.5709916533143
bg_35003,2024-07-18,3627.1066654566084
bg_35007,2022-10-02,8586.940720798073
bg_35015,2023-07-09,634.5535328086569
bg_35017,2021-07-14,2842.0727592551916
bg_35039,2025-06-28,942.1193610153813
bg_35048,2024-07-03,7353.663749125118
bg_35050,2025-04-14,476.65660427586414
bg_35054,2024-02-14,1051.8830079908819
bg_35055,2023-07-07,258.47367989795936
bg_35057,2019-04-26,1584.8763316106235
bg_35067,2024-07-18,505.0460241403651
bg_35081,2023-08-26,952.3100256744991
bg_35098,2024-09-11,6751.769712193579
bg_35099,2023-08-26,89.72568695714577
bg_35108,2024-08-22,1722.1820737945868
bg_35110,2025-04-14,336.31410333193725
bg_35120,2024-07-18,4787.526807162262
bg_35122,2025-03-25,7001.799024657795
bg_35123,2025-04-29,262.35795108937396
bg_35127,2021-07-14,8582.39382890345
bg_35131,2025-03-25,4103.844679382797
bg_35138,2018-07-30,8313.97829172048
bg_35146,2023-07-07,668.6526151147706
bg_35151,2022-07-24,1499.7430460248452
bg_35152,2025-10-12,3997.305878563674
bg_35161,2023-06-07,187.30276052422641
bg_35165,2023-07-03,5155.035333070005
bg_35173,2025-09-11,560.6037660415599
bg_35177,2025-03-25,9961.637233989268
bg_35180,2018-07-30,3150.7736632766896
bg_35181,2024-07-18,1673.5089884433319
bg_35184,2024-09-11,9471.126931812223
bg_35189,2021-05-15,585.3548774033668
bg_35195,2025-03-25,2218.9463383551747
bg_35196,2025-03-25,5405.119387728641
bg_35199,2024-08-02,906.2564566942187
bg_35214,2024-02-14,1307.3528495779628
bg_35221,2024-02-14,4533.730342014152
bg_35226,2018-07-30,6514.634845653232
bg_35231,2025-10-12,17116.07628537583
bg_35240,2024-04-29,1158.4173555761583
bg_35245,2024-09-01,1249.3288587076372
bg_35246,2022-10-02,11450.145860752089
bg_35249,2024-02-14,471.86288707637937
bg_35251,2025-03-25,671.1735391835742
bg_35256,2022-10-02,2785.7724584934185
bg_35259,2024-02-14,1474.5419704437982
bg_35265,2025-04-14,3278.619908696564
bg_35272,2024-07-18,462.29424612480346
bg_35278,2023-07-07,1150.2022667774272
bg_35298,2023-07-14,243.66536581955057
bg_35299,2025-04-14,2418.7810988181977
bg_35302,2024-07-18,2053.4482065296856
bg_35312,2024-07-18,2416.328195030605
bg_35317,2024-09-01,1300.3117335854406
bg_35319,2024-09-01,482.57204394787783
bg_35323,2025-04-14,1417.204439909924
bg_35331,2021-07-09,2014.1613832062076
bg_35332,2024-04-29,4215.968952684546
bg_35340,2023-07-07,1206.4996297139276
bg_35351,2024-07-18,1715.1362414105442
bg_35352,2024-02-14,287.6745842093777
bg_35353,2024-02-14,1184.52648877094
bg_35356,2024-07-18,8985.09248621304
bg_35357,2023-08-26,772.9549188665158
bg_35360,2025-08-07,612.5105968879378
bg_35366,2024-07-18,210.13808840846374
bg_35367,2025-03-25,1792.7749648243073
bg_35371,2023-08-19,381.54190346535796
bg_35376,2025-03-25,533.3523916698996
bg_35384,2023-07-14,1130.936827634335
bg_35386,2025-03-25,3652.1777727267345
bg_35398,2021-07-14,1912.6844905001676
bg_35401,2022-10-02,36914.011685462865
bg_35424,2023-07-09,1558.0030738415696
bg_35431,2025-03-25,1376.6748897615053
bg_35442,2023-05-28,1694.6044240763254
bg_35447,2025-10-12,2711.5544513249106
bg_35453,2025-03-25,12255.256371826732
bg_35454,2023-07-14,5423.277145204742
bg_35455,2024-02-14,1475.4249721350561
bg_35461,2024-02-14,13988.346328748125
bg_35463,2024-04-29,2697.9002668743456
bg_35465,2025-04-14,324.78362720431386
bg_35473,2024-02-14,842.2057907660728
bg_35475,2024-09-11,1157.6258867614797
bg_35478,2021-09-22,343.5078865180573
bg_35482,2025-03-25,956.6571870842783
bg_35483,2025-03-25,615.1523447082211
bg_35498,2024-02-14,1710.8014900916892
bg_35503,2024-07-18,465.50437860465206
bg_35514,2023-07-14,1181.360149869543
bg_35528,2021-07-14,4216.324480207888
bg_35535,2024-02-14,1066.165897269362
bg_35538,2025-04-14,1455.4064359484648
bg_35545,2024-02-14,4908.053217529364
bg_35553,2023-08-26,1908.1954887535178
bg_35555,2022-10-02,1627.1561117483627
bg_35556,2023-07-14,1188.3466991158339
bg_35568,2024-08-22,585.2063639434754
bg_35581,2025-06-28,451.499266887336
bg_35587,2025-03-25,6519.881021038601
bg_35592,2024-07-18,908.6404451156862
bg_35599,2024-07-18,5576.663820063253
bg_35604,2024-09-11,326.88499292555616
bg_35614,2021-07-14,2802.814213322033
bg_35619,2025-03-25,10607.728090048144
bg_35620,2025-03-25,3230.2393664402193
bg_35622,2021-07-14,14871.36343212686
bg_35624,2024-02-14,1285.2841944487825
bg_35634,2024-07-18,4364.982977572694
bg_35639,2024-07-18,894.3236042956014
bg_35660,2024-09-11,278.0819909666601
bg_35661,2024-07-18,314.36648994441623
bg_35669,2025-03-25,1680.6339682689365
bg_35671,2025-06-28,423.0201444374123
bg_35690,2025-03-25,1560.505525334608
bg_35691,2025-03-25,4332.299720298598
bg_35693,2023-08-26,378.80354829385044
bg_35701,2025-04-14,273.3305314083871
bg_35712,2023-07-14,734.9253817907269
bg_35723,2024-04-29,1425.052554048628
bg_35724,2024-07-18,1369.9238440877382
bg_35731,2025-03-25,1304.797542609358
bg_35742,2022-07-24,5132.021674467146
bg_35749,2018-09-03,1739.7550637375011
bg_35750,2024-09-11,13997.080709794394
bg_35751,2025-06-28,501.40292081332115
bg_35754,2024-09-01,375.5499359605286
bg_35758,2024-07-18,600.2026061256735
bg_35760,2024-08-22,349.7968583336039
bg_35765,2024-07-18,1670.96376842825
bg_35769,2025-04-14,178.48489599971066
bg_35775,2025-04-14,197.84414067646836
bg_35782,2025-04-14,1219.4817404538815
bg_35788,2024-07-18,1322.2833354467882
bg_35803,2021-07-14,9449.195137703538
bg_35807,2024-10-19,422.96921791069144
bg_35817,2024-04-29,1346.4145596731516
bg_35820,2023-07-14,847.274900666886
bg_35823,2024-02-14,902.0467742307123
bg_35830,2025-04-14,1103.8232021932154
bg_35831,2024-07-18,3713.2346816351524
bg_35833,2022-10-02,1861.6234249975255
bg_35837,2025-03-25,434.55822946977156
bg_35840,2024-09-01,7252.260579357261
bg_35848,2025-06-28,770.0245362972108
bg_35853,2023-07-14,612.2881214754362
bg_35862,2025-03-25,1621.0467145026892
bg_35863,2025-04-14,2153.9036306201283
bg_35868,2025-06-28,3998.7226158612584
bg_35877,2023-07-07,4699.127407359804
bg_35878,2018-07-30,2024.2857006361394
bg_35879,2024-04-29,1358.0947237949777
bg_35882,2021-07-09,2109.7378713004655
bg_35883,2025-03-25,2140.6447749451454
bg_35893,2022-10-02,9569.028270545426
bg_35905,2024-07-08,716.3729545425575
bg_35907,2022-10-02,56.818490828410454
bg_35908,2023-07-09,2663.971155267975
bg_35915,2023-08-26,1352.9826287873543
bg_35924,2023-07-12,711.2052500509708
bg_35925,2025-04-14,3947.2435309972625
bg_35931,2021-07-14,2780.216045166256
bg_35934,2025-03-25,1542.4966283594329
bg_35938,2025-03-25,1208.4455881833069
bg_35942,2025-04-14,1495.917171838048
bg_35962,2018-07-30,82.07801289029416
bg_35971,2025-04-14,1039.6885205194667
bg_35982,2021-07-14,6362.319039603647
bg_35984,2025-03-25,4332.099967186846
bg_35986,2023-09-14,1684.4109052425943
bg_35987,2025-03-25,6561.556521901015
bg_35993,2024-02-14,1137.0634462947517
bg_36013,2025-03-25,2492.9107734734266
bg_36019,2025-03-25,1385.8396251010595
bg_36021,2024-07-18,1344.6940574345467
bg_36031,2024-09-01,579.2790354395
bg_36036,2025-04-14,1279.573135111909
bg_36037,2025-03-25,15328.056356576999
bg_36042,2025-03-25,10690.5224236798
bg_36047,2024-07-08,1162.9886937112242
bg_36050,2024-07-18,5375.033703708252
bg_36052,2024-07-18,1091.6831295297914
bg_36053,2025-04-14,1358.4688544463177
bg_36065,2024-07-18,1270.9377316376765
bg_36067,2024-07-18,2150.8356674792985
bg_36068,2021-07-14,13012.794757176425
bg_36070,2024-02-14,764.4540423074668
bg_36081,2025-03-25,2812.542095987168
bg_36087,2024-07-18,799.2663884462786
bg_36094,2023-07-09,2789.8819611231033
bg_36107,2024-09-11,5380.353743806776
bg_36110,2024-07-03,6409.949696307764
bg_36111,2023-07-09,46.56621199980851
bg_36113,2024-07-18,1863.963810941742
bg_36125,2025-04-14,4818.394761951378
bg_36127,2023-07-15,875.3639098111619
bg_36130,2025-03-25,5708.211497842423
bg_36131,2022-07-24,7568.972125751275
bg_36132,2021-07-14,3812.9276647216934
bg_36135,2024-10-16,1672.2104347240959
bg_36136,2025-09-21,1365.420266803963
bg_36138,2025-03-25,5490.620621796807
bg_36153,2025-03-25,1751.373175825238
bg_36155,2025-03-25,987.3433024029897
bg_36158,2023-07-07,2202.939239221382
bg_36165,2021-09-22,1076.3440112713447
bg_36169,2025-03-25,734.9379141804881
bg_36179,2024-02-14,1488.9152250544596
bg_36185,2024-02-14,2637.7170985530724
bg_36196,2022-10-02,7264.016753456821
bg_36199,2021-07-14,5167.09784834754
bg_36205,2024-07-18,5926.140328578154
bg_36208,2025-10-12,7790.527422248078
bg_36211,2024-02-14,4369.13122129593
bg_36223,2024-09-11,706.2165626066843
bg_36242,2025-03-25,1616.3544405853993
bg_36252,2024-04-04,2442.3542309214026
bg_36262,2025-03-25,1491.569401201257
bg_36264,2025-09-11,626.4240137475873
bg_36272,2025-03-25,10852.971642697692
bg_36276,2021-07-14,15162.506340588761
bg_36283,2024-07-18,1654.8280842732595
bg_36294,2023-07-14,1711.8316197861438
bg_36297,2022-10-02,19969.905930587167
bg_36302,2023-05-28,4321.502806212204
bg_36311,2025-06-28,4418.512686685541
bg_36313,2024-07-03,1072.714162300458
bg_36321,2025-04-14,6645.8217423581655
bg_36323,2024-02-14,565.1255506522831
bg_36329,2024-10-19,1182.8191357940675
bg_36334,2024-08-17,1841.3314563377205
bg_36342,2024-07-18,321.8019692294311
bg_36361,2025-06-28,436.84789767153507
bg_36369,2024-09-01,2045.53003167882
bg_36377,2024-02-14,2849.0521925896887
bg_36382,2024-02-14,233.38935879769008
bg_36384,2025-03-25,3462.563522839807
bg_36387,2024-07-18,697.313769403562
bg_36388,2024-07-18,1460.4026634460909
bg_36403,2024-07-18,1698.8530665422404
bg_36409,2025-03-25,2174.3559162657502
bg_36415,2025-03-25,141.00762568011925
bg_36419,2025-03-25,5449.967868180488
bg_36428,2025-03-25,2203.486196303461
bg_36433,2024-07-03,1400.4758909028365
bg_36447,2024-04-29,348.1947044397656
bg_36450,2018-07-30,9751.075428084878
bg_36457,2022-10-02,5290.715264546174
bg_36458,2024-07-18,1761.241773976559
bg_36462,2025-03-25,6007.059887807141
bg_36474,2025-04-14,2446.946898504377
bg_36479,2024-07-18,717.9464256476452
bg_36482,2024-07-18,722.1787934438847
bg_36486,2023-06-07,44.22130708145759
bg_36492,2025-03-25,17136.702470093333
bg_36494,2024-02-14,19306.34695298436
bg_36503,2024-07-18,1292.5061171228353
bg_36505,2024-04-29,2687.2794215712875
bg_36506,2025-03-25,641.64455830271
bg_36515,2022-07-24,2797.3811560992876
bg_36519,2024-09-01,1814.6813486120777
bg_36523,2025-03-25,555.5207294060281
bg_36527,2025-03-25,519.8752667705761
bg_36528,2024-07-18,3334.8185517058014
bg_36532,2025-03-25,351.33447667431636
bg_36533,2024-02-14,8030.2828336805205
bg_36540,2025-03-25,6822.016877764151
bg_36543,2024-07-18,406.12391323336556
bg_36555,2024-07-18,830.7088680157699
bg_36556,2019-07-15,831.1000060162095
bg_36558,2024-07-18,505.2694655329535
bg_36561,2024-07-18,509.5161267321052
bg_36569,2025-03-25,796.5712302738096
bg_36585,2023-07-15,3.9761916451109056
bg_36592,2024-07-18,1084.9774318850482
bg_36604,2025-06-28,1470.2116014367998
bg_36606,2018-05-26,3540.281009030195
bg_36607,2023-07-09,3696.980644106763
bg_36609,2024-07-18,2320.643002488807
bg_36612,2025-03-25,356.65777168035805
bg_36618,2024-07-18,1280.727785635803
bg_36619,2025-03-25,768.7668934728662
bg_36628,2024-07-18,2045.2289270397416
bg_36630,2025-10-16,1513.5505053019049
bg_36638,2024-10-16,537.9342488632288
bg_36640,2019-02-08,2768.004086124264
bg_36646,2025-03-25,1887.6803624819186
bg_36652,2021-07-14,15958.79130192483
bg_36659,2023-07-09,440.3985849205378
bg_36665,2023-09-14,1301.7743174991406
bg_36666,2021-07-14,8680.676966135856
bg_36671,2025-09-21,180.46775723096778
bg_36672,2024-04-29,787.6093649138026
bg_36679,2023-07-07,242.4763188436412
bg_36683,2025-06-28,1253.7200938409705
bg_36685,2024-07-18,670.4286258805284
bg_36688,2023-07-14,2210.35962786568
bg_36692,2021-07-14,921.8898262264636
bg_36694,2023-08-26,655.5097627038631
bg_36699,2023-03-16,1955.0442653297353
bg_36700,2024-07-18,1259.3256393800882
bg_36705,2021-07-14,11917.17018467053
bg_36716,2024-07-18,2412.0373122528513
bg_36719,2024-09-01,2514.3407925139973
bg_36723,2025-03-25,5556.402040547696
bg_36725,2024-02-14,4295.039874611218
bg_36726,2025-04-14,714.1685182086845
bg_36727,2021-07-14,4604.644179999034
bg_36728,2022-07-24,1758.9343681046648
bg_36735,2024-07-18,1689.3439915540177
bg_36740,2025-04-14,1060.322694324695
bg_36743,2023-09-14,2354.885421522372
bg_36745,2022-10-02,1605.0514148151756
bg_36748,2022-10-02,1264.6487492186436
bg_36749,2024-02-14,591.854343990381
bg_36752,2024-02-14,339.73989403669634
bg_36756,2024-02-14,1492.7968013095458
bg_36757,2023-07-09,2246.0502668017066
bg_36763,2023-07-14,4410.988949940868
bg_36765,2024-04-04,318.6916931770187
bg_36769,2019-04-26,2741.14439723642
bg_36774,2024-07-18,35453.89095498825
bg_36786,2023-07-14,2622.939072891138
bg_36791,2025-03-25,1188.9742679300068
bg_36795,2023-09-14,1987.3183876015914
bg_36797,2024-04-29,389.6631665939988
bg_36823,2025-03-25,232.55447404874386
bg_36824,2024-07-18,512.7605866286526
bg_36826,2025-03-25,1429.4142947372823
bg_36832,2025-03-25,1021.7200095916887
bg_36842,2024-07-18,2121.0294272828883
bg_36846,2021-07-09,2430.138596582511
bg_36848,2023-07-03,1649.330653689221
bg_36849,2024-07-18,1319.308208190942
bg_36859,2025-03-25,7342.75611985017
bg_36867,2025-04-14,1810.284928871644
bg_36882,2024-08-02,1451.315021799123
bg_36904,2024-07-18,1328.4156587831294
bg_36910,2024-09-01,3659.7441184460563
bg_36911,2024-04-29,1594.1323513438056
bg_36913,2023-07-07,1049.5120548616208
bg_36920,2025-03-25,7122.152995667831
bg_36926,2025-03-25,1116.8525885273461
bg_36930,2025-03-25,1883.6966345990354
bg_36936,2019-04-26,1854.4169020207023
bg_36940,2021-07-09,190.6750665398936
bg_36944,2025-10-12,9691.77230702939
bg_36945,2025-03-25,6542.764229070484
bg_36955,2023-07-14,1171.0098442368123
bg_36962,2024-02-14,2579.9059127223245
bg_36964,2022-10-02,19550.27821169066
bg_36969,2025-03-25,13123.798563666542
bg_36972,2025-03-25,1637.6522336871872
bg_36974,2024-09-01,5571.156408368375
bg_36975,2025-03-25,12785.548026236493
bg_36981,2023-07-07,443.1245071079779
bg_36992,2025-10-12,2944.4340180754457
bg_37003,2024-04-29,223.94810916815314
bg_37004,2022-10-02,4893.903193004442
bg_37007,2023-06-07,271.95276740615407
bg_37012,2021-07-14,2762.791662594099
bg_37023,2024-07-18,470.4714746932137
bg_37037,2025-03-25,836.8377884630044
bg_37038,2025-06-28,551.0740503781792
bg_37041,2025-10-12,19484.008796056238
bg_37052,2025-04-14,3267.962191488744
bg_37054,2019-07-15,1195.4665155074097
bg_37056,2025-03-25,1522.3157944397142
bg_37068,2024-04-04,703.4074058466101
bg_37071,2024-09-01,4191.336399825464
bg_37077,2023-07-07,111.71030838757547
bg_37083,2024-07-18,158.43627867386837
bg_37086,2024-07-18,2783.970031609182
bg_37089,2024-07-18,264.9673979947683
bg_37105,2024-07-18,2995.8567884494205
bg_37110,2023-07-07,563.6971172537934
bg_37112,2025-06-28,671.5867136863122
bg_37122,2024-09-01,3937.516158506804
bg_37127,2018-07-30,857.6985533972362
bg_37129,2021-07-14,1551.0553215795426
bg_37132,2024-09-01,727.1773276170223
bg_37145,2022-10-02,7976.21508928275
bg_37150,2024-09-01,650.8156583859483
bg_37160,2025-03-25,8680.362297145153
bg_37176,2024-07-18,1905.648337994032
bg_37177,2025-03-25,16280.875190606257
bg_37185,2025-04-14,819.295057229036
bg_37194,2021-07-14,3973.5982924549025
bg_37195,2024-02-14,19365.44564447204
bg_37196,2019-02-08,3438.86744478468
bg_37197,2024-02-14,172.8217821917397
bg_37199,2025-03-25,3577.1222652433717
bg_37209,2025-04-14,779.6508837293615
bg_37216,2024-07-18,487.1761744995336
bg_37218,2024-04-04,757.6262851826826
bg_37219,2023-07-14,756.1019965586883
bg_37220,2025-04-14,512.1300118133647
bg_37222,2023-08-26,325.32074572645536
bg_37225,2025-06-28,598.0795574170064
bg_37226,2025-10-12,12788.281325604197
bg_37230,2025-03-25,982.8597434019554
bg_37233,2023-07-14,471.5539626596615
bg_37235,2024-09-11,1140.4289563578816
bg_37236,2024-04-29,4371.954170116608
bg_37237,2024-08-22,7780.857395640812
bg_37242,2025-03-25,17139.712676249823
bg_37247,2025-03-25,10529.596569555695
bg_37253,2024-09-01,4695.003119754095
bg_37254,2025-06-28,363.9694197319209
bg_37279,2024-07-18,1124.4458657490468
bg_37284,2025-03-25,633.8150911740933
bg_37287,2021-07-14,8761.926529810737
bg_37293,2022-07-24,5893.163961829045
bg_37294,2024-07-18,172.6860654480341
bg_37296,2025-04-14,937.4961410585968
bg_37299,2021-07-14,2040.5988772172034
bg_37307,2025-03-25,1121.172397537328
bg_37312,2025-04-14,994.5735359941765
bg_37318,2025-04-14,668.2004714904097
bg_37320,2025-04-14,893.71217206659
bg_37346,2021-07-14,2532.5330766251186
bg_37359,2024-02-14,286.87862590308384
bg_37365,2023-05-28,1336.046305559949
bg_37366,2024-02-14,1014.8696556702492
bg_37370,2025-03-25,2648.970418653173
bg_37371,2021-07-14,2183.155300568383
bg_37380,2021-07-14,591.2645059531659
bg_37381,2024-09-11,3308.4862983694043
bg_37384,2025-03-25,487.07818684506094
bg_37386,2024-07-18,211.6517472169652
bg_37390,2024-04-29,3529.225319032516
bg_37396,2024-09-11,18582.43712031598
bg_37402,2023-07-14,1021.8161490702896
bg_37418,2023-07-14,2525.0501508883526
bg_37428,2025-03-25,6417.969075844835
bg_37430,2024-07-18,1121.143429628823
bg_37441,2021-07-14,1732.900461913543
bg_37454,2024-07-18,359.4394487253241
bg_37455,2024-07-18,400.56037647274457
bg_37472,2024-02-14,1065.6167215281678
bg_37475,2025-04-14,1517.7321140768634
bg_37480,2024-02-14,161.0742071219819
bg_37482,2024-07-18,1979.3016344405596
bg_37489,2021-07-14,3715.1332979721997
bg_37492,2024-07-18,2627.938659862735
bg_37494,2025-04-14,2006.8612133629426
bg_37498,2021-07-14,11410.904238069827
bg_37499,2025-10-12,3803.4925826929975
bg_37510,2024-07-18,1366.1253822764388
bg_37518,2025-03-25,1727.7483740694902
bg_37525,2023-07-07,93.31214819094731
bg_37529,2024-07-18,1537.45425096151
bg_37530,2023-07-14,1519.1181020579354
bg_37538,2024-09-01,1344.7348188395797
bg_37540,2021-07-14,16542.978163147982
bg_37548,2024-09-01,4507.320548496621
bg_37556,2023-06-07,728.905380142034
bg_37562,2025-03-25,589.02173822365
bg_37563,2025-03-25,4797.133049020138
bg_37565,2023-07-07,1136.0677089857838
bg_37566,2025-03-25,1162.0507662746793
bg_37567,2023-07-12,23.68156455970103
bg_37575,2025-03-25,4137.736000821932
bg_37583,2022-07-24,10607.699815935539
bg_37586,2025-03-25,1423.9184114620073
bg_37589,2024-09-01,198.24918688350854
bg_37616,2023-06-07,241.43236174928688
bg_37618,2025-04-14,5653.625197941695
bg_37619,2024-07-18,1623.4840821207906
bg_37636,2025-06-28,58.71863928938165
bg_37643,2024-02-14,771.510709258295
bg_37655,2024-07-03,1307.2001762929776
bg_37661,2025-04-14,1766.213877082738
bg_37664,2021-07-14,3908.4207393268466
bg_37666,2025-03-25,677.2500611296082
bg_37668,2023-08-26,173.36300181992024
bg_37685,2021-07-14,16479.31313521263
bg_37687,2024-04-29,2586.340082974449
bg_37690,2025-03-25,1606.3549547967427
bg_37698,2025-03-25,7385.408782295066
bg_37699,2025-10-12,4867.552534570196
bg_37702,2018-07-30,719.9931389950508
bg_37712,2025-06-28,144.71628415627268
bg_37713,2024-07-18,1285.6404428142116
bg_37724,2025-03-25,900.0549466002839
bg_37729,2025-03-25,4418.813317453037
bg_37736,2021-07-14,2775.003194556497
bg_37741,2021-07-14,9022.384694103797
bg_37742,2025-06-28,640.607022284469
bg_37746,2025-03-25,2281.0819721351245
bg_37759,2024-07-18,1183.195276740056
bg_37763,2023-07-03,4335.111489823507
bg_37770,2018-07-25,6008.107881230403
bg_37771,2023-07-14,427.42229387323937
bg_37776,2025-03-25,12945.56932144742
bg_37777,2019-04-26,2331.733864101982
bg_37784,2025-10-12,6446.139453564603
bg_37785,2024-07-18,3135.994344462364
bg_37791,2024-07-18,568.7953814861789
bg_37793,2024-07-03,2710.3531119025465
bg_37798,2023-07-12,104.19683728388158
bg_37802,2024-07-18,850.8771354314177
bg_37807,2025-03-25,571.818693818117
bg_37808,2025-03-25,2784.114492778482
bg_37817,2024-07-18,3567.964290460441
bg_37826,2023-07-14,2022.4380707701898
bg_37832,2024-02-14,1142.553035005321
bg_37844,2023-07-14,318.9974584538297
bg_37846,2024-04-29,1632.9419173996637
bg_37851,2023-07-09,2800.9414040639404
bg_37856,2025-10-12,8589.333176376455
bg_37864,2024-07-18,1886.1566922184816
bg_37871,2025-03-25,1139.3413434524273
bg_37879,2018-05-26,439.433324407581
bg_37888,2021-07-14,4848.308648137221
bg_37901,2023-07-07,12.244415053181113
bg_37910,2024-04-29,3129.187920211896
bg_37920,2025-03-25,530.1999881179775
bg_37921,2024-07-18,4418.474132469149
bg_37936,2024-07-18,2878.5436318387874
bg_37939,2024-02-14,1158.5446382852863
bg_37952,2025-09-21,1517.3833050682988
bg_37954,2019-07-15,676.8333184764588
bg_37964,2024-04-29,312.1409646297162
bg_37972,2021-07-14,1401.3358107535896
bg_37979,2025-03-25,4227.07348558052
bg_37982,2024-02-14,2375.0745817552706
bg_37983,2025-04-14,599.434208650008
bg_37992,2024-07-18,333.7249061726714
bg_37996,2021-09-22,807.7315396839222
bg_37998,2024-07-18,2918.433322675081
bg_37999,2023-07-14,4382.1993618271445
bg_38001,2018-05-26,588.3174205308591
bg_38002,2025-03-25,3358.9110189166654
bg_38004,2024-07-18,594.3141110556361
bg_38006,2024-09-01,4787.56994402178
bg_38007,2024-07-18,290.04934493986417
bg_38010,2025-04-14,626.767237896148
bg_38017,2024-02-14,916.6852987805287
bg_38021,2025-04-14,1667.4871781516322
bg_38023,2025-03-25,1899.954033154466
bg_38024,2025-04-14,2968.6600824276907
bg_38025,2025-03-25,471.67975958282716
bg_38030,2023-07-03,249.54077863138642
bg_38033,2021-07-14,2855.0936279568873
bg_38042,2025-03-25,1736.869150540504
bg_38045,2025-03-25,2814.9895056995774
bg_38069,2025-03-25,2124.6027932767747
bg_38070,2022-10-02,2424.426821848867
bg_38071,2024-07-18,1122.192245071976
bg_38072,2024-09-11,201.59318465632816
bg_38076,2024-07-18,306.0234685444986
bg_38081,2024-07-18,516.3159499763555
bg_38083,2025-10-12,2533.0738409292812
bg_38088,2025-03-25,4271.125840946404
bg_38089,2024-07-18,165.77270040619334
bg_38099,2024-09-01,1336.1723327476068
bg_38101,2025-04-14,692.1894220513975
bg_38108,2024-02-14,239.89807585705964
bg_38110,2024-09-11,6263.632244033716
bg_38113,2025-03-25,1148.804111456585
bg_38116,2023-03-16,3263.3366935392796
bg_38120,2019-02-08,3838.9984681945202
bg_38125,2024-04-29,12584.185357010605
bg_38127,2025-03-25,755.6576420573203
bg_38132,2025-06-28,1195.456037501816
bg_38138,2024-10-06,842.0607875919144
bg_38149,2025-04-14,287.3521409349586
bg_38150,2024-02-14,3106.911854768618
bg_38157,2018-07-10,467.731570989168
bg_38164,2025-06-28,981.8387024864593
bg_38171,2023-08-26,1533.0932718529543
bg_38172,2024-07-18,684.5662910925432
bg_38173,2021-05-15,737.9255800552137
bg_38181,2024-07-18,233.22775349440445
bg_38185,2024-07-18,967.7681917689393
bg_38188,2024-07-18,142.03437330475853
bg_38189,2025-03-25,5139.10910673225
bg_38190,2025-04-14,562.3967447453041
bg_38193,2024-07-18,1222.3807786855928
bg_38197,2025-03-25,1638.6820034711147
bg_38206,2023-07-14,1999.2249458475994
bg_38213,2022-10-02,8424.930043893593
bg_38217,2024-07-18,1180.9649191235821
bg_38220,2024-02-14,214.58676799835052
bg_38224,2023-07-07,1297.0662202447904
bg_38251,2024-10-19,3070.9890287333806
bg_38252,2018-07-30,2784.2310674945347
bg_38253,2022-10-02,10932.592140864845
bg_38254,2024-07-03,3659.7000616990654
bg_38260,2025-03-25,2783.7280447629537
bg_38261,2024-07-18,877.2453091923393
bg_38266,2024-04-04,1270.0659391543381
bg_38282,2025-06-28,464.0087543356932
bg_38284,2024-07-18,830.7918524517542
bg_38290,2025-03-25,4495.92433665213
bg_38302,2025-03-25,1168.4013697357047
bg_38305,2025-03-25,8374.580616992214
bg_38306,2024-09-01,1109.348541487376
bg_38310,2024-08-02,5738.221435784787
bg_38316,2024-07-18,4629.082680812996
bg_38325,2024-07-18,1078.9068254487163
bg_38328,2024-02-14,1912.961929207996
bg_38338,2025-04-14,5314.646479428255
bg_38343,2023-06-07,402.23572442064204
bg_38362,2021-05-15,1646.7009564581767
bg_38368,2025-03-25,2258.8004305383233
bg_38370,2023-07-14,509.5322204727829
bg_38372,2025-03-25,423.4619530725732
bg_38382,2023-08-26,1217.976827776397
bg_38387,2022-07-24,2365.85613277732
bg_38398,2024-02-14,938.2414860260947
bg_38403,2025-04-14,11341.941877341833
bg_38408,2024-04-29,407.59775980715176
bg_38410,2025-03-25,3599.6466698967783
bg_38420,2024-07-18,362.35927820318534
bg_38445,2021-05-15,1282.9194496929097
bg_38449,2022-07-24,5622.84459975555
bg_38452,2024-10-19,1724.5002660771625
bg_38454,2022-07-24,12324.863238551565
bg_38456,2025-06-28,455.9536546623938
bg_38461,2022-10-02,2292.9057396456296
bg_38467,2021-07-14,16722.603034228934
bg_38475,2025-03-25,2676.2479441375035
bg_38481,2024-09-01,3966.159124846042
bg_38489,2024-07-18,976.4011088172985
bg_38491,2023-07-07,1178.5410680159957
bg_38492,2021-07-14,7674.787564597369
bg_38494,2024-02-14,11211.427102773478
bg_38499,2019-04-26,2053.757113316883
bg_38501,2024-09-01,895.7027422642586
bg_38506,2024-02-14,781.8676657850201
bg_38507,2024-09-01,1394.4842169063916
bg_38529,2025-03-25,7656.705916783027
bg_38537,2024-08-22,7770.498112560174
bg_38553,2025-04-14,438.85991079143383
bg_38558,2018-07-30,2945.2333634531556
bg_38565,2021-07-14,2844.7775202290836
bg_38566,2021-07-14,2939.8481967104008
bg_38569,2024-07-18,1853.6751781259252
bg_38581,2021-07-14,9214.419791196742
bg_38583,2024-04-29,887.3560678779039
bg_38590,2021-07-14,10926.114236287223
bg_38598,2025-03-25,4119.152364322097
bg_38601,2025-06-28,376.80006223458474
bg_38603,2024-09-11,7769.1552046860415
bg_38605,2023-08-26,880.5026210636224
bg_38616,2024-07-18,432.1096203510211
bg_38648,2024-09-11,1202.446360050905
bg_38649,2022-07-24,2545.807773811723
bg_38653,2022-07-24,13946.305446282206
bg_38661,2023-07-03,1890.146832523798
bg_38670,2023-07-15,117.66190547495626
bg_38676,2022-10-02,7138.696574480381
bg_38690,2018-07-30,4638.259797402406
bg_38695,2023-08-26,276.17591857365386
bg_38704,2024-07-03,1106.5182410609768
bg_38708,2024-10-19,1015.296812267178
bg_38713,2025-04-14,6678.707132447135
bg_38714,2025-03-25,73718.9602503677
bg_38716,2025-03-25,503.8810831931192
bg_38718,2025-03-25,1417.4949205550583
bg_38719,2024-02-14,2047.8996657062319
bg_38730,2025-04-14,5638.246175833406
bg_38735,2025-04-14,940.8907949913954
bg_38741,2024-08-22,5918.010914597826
bg_38753,2025-10-12,20087.93148830404
bg_38754,2024-07-18,2424.0747272516855
bg_38761,2025-04-14,1535.498646336104
bg_38766,2025-03-25,7193.413526421055
bg_38775,2025-06-28,201.47676590624718
bg_38783,2024-04-04,1391.3656876609075
bg_38790,2024-07-18,1083.9329811846808
bg_38800,2025-03-25,765.1436201134893
bg_38801,2022-10-02,3747.6018540527784
bg_38806,2025-10-12,6698.791082673086
bg_38816,2025-06-28,946.5993157087153
bg_38819,2023-05-28,1269.4948917188285
bg_38823,2023-07-07,594.8181654927694
bg_38833,2024-07-18,1831.131287155698
bg_38839,2023-07-03,183.11544391450568
bg_38843,2024-02-14,1090.9597530615679
bg_38855,2021-07-14,2628.1226779585377
bg_38857,2025-06-28,427.27802248659356
bg_38861,2021-07-14,6635.421475565726
bg_38868,2024-07-18,1194.8467369921018
bg_38869,2025-04-14,2061.0533224784394
bg_38887,2021-07-14,15338.162290652408
bg_38893,2023-07-14,4551.587568178819
bg_38894,2025-04-14,1540.4456447729287
bg_38896,2024-02-14,1864.3074797092986
bg_38907,2021-09-22,415.5143511361406
bg_38910,2024-04-29,1580.856239131205
bg_38916,2025-10-12,9524.087862220718
bg_38918,2025-03-25,665.4318309189631
bg_38919,2025-03-25,1670.109179814079
bg_38920,2025-04-14,1848.221911811522
bg_38924,2024-09-01,2297.1289235913923
bg_38928,2025-10-12,14358.774785102762
bg_38930,2023-07-14,2273.506069158331
bg_38941,2019-07-15,2365.5936358554236
bg_38944,2024-07-18,2346.3817206285094
bg_38953,2023-08-07,1971.4996270352963
bg_38955,2020-05-05,1775.3187650673387
bg_38956,2025-03-25,429.09741015273806
bg_38959,2023-08-26,673.2905620904232
bg_38961,2025-03-25,800.8435593171525
bg_38967,2022-10-02,19266.143470256146
bg_38977,2025-03-25,12453.353622398286
bg_38980,2025-04-14,742.2108057687836
bg_38983,2023-07-14,417.6674070358055
bg_38986,2024-02-14,1336.5229170128255
bg_38987,2023-07-07,217.58980720622205
bg_38996,2025-03-25,493.89909030077087
bg_39000,2023-08-26,290.4712102772414
bg_39008,2022-07-24,3296.372919588908
bg_39011,2021-07-09,903.542154522764
bg_39012,2024-09-11,397.7881160869589
bg_39015,2025-03-25,7110.234911597508
bg_39017,2024-09-11,506.1588980746969
bg_39021,2025-04-14,927.0481332165475
bg_39023,2025-03-25,1321.5095279641691
bg_39025,2024-10-19,3934.6928444413625
bg_39027,2023-07-14,878.3855056298414
bg_39031,2024-07-18,5237.643627863459
bg_39040,2025-04-14,420.1078585317113
bg_39050,2024-02-14,13927.820140460291
bg_39056,2024-09-01,9872.444980089682
bg_39057,2024-07-18,2267.133206783495
bg_39064,2024-02-14,892.6089402420105
bg_39065,2022-10-02,817.0575228832085
bg_39069,2024-08-02,2036.7528820400673
bg_39079,2024-07-18,3297.3550724330194
bg_39080,2025-04-14,964.8301556751
bg_39081,2024-02-14,1835.2761783719752
bg_39093,2018-07-30,9568.177131522869
bg_39097,2025-06-28,1530.950611907462
bg_39103,2025-04-14,181.1970005271384
bg_39106,2024-07-18,4335.997637660864
bg_39107,2024-07-18,21.51691892427673
bg_39123,2024-07-18,3861.2621867594976
bg_39124,2022-07-24,2121.0397841861018
bg_39127,2025-04-14,906.1390649345753
bg_39128,2024-07-18,1218.9863567737468
bg_39131,2025-06-28,1203.9282734860215
bg_39134,2025-03-25,2017.9847635697358
bg_39140,2024-07-18,1181.9548168180556
bg_39144,2025-08-07,453.91088431531614
bg_39148,2021-07-14,2122.196457682662
bg_39150,2021-07-14,7635.364049500062
bg_39151,2024-02-14,1500.9838965823933
bg_39154,2023-08-26,1148.6271438983385
bg_39157,2024-07-18,224.96595742461267
bg_39158,2025-04-14,3258.1956432971338
bg_39161,2023-07-14,1302.7914978229608
bg_39167,2024-07-18,773.5189998957507
bg_39175,2025-03-25,5136.4419753461725
bg_39185,2021-07-14,2316.0887374407994
bg_39190,2025-03-25,1688.732423861231
bg_39198,2024-07-18,699.2840548018403
bg_39212,2025-03-25,22390.636925958603
bg_39215,2019-04-26,2309.6316763717973
bg_39219,2025-03-25,2962.5877534513306
bg_39222,2025-03-25,1511.4447195315795
bg_39224,2024-04-29,853.9185659648126
bg_39227,2021-07-14,15209.275351390019
bg_39231,2023-07-03,607.3761823613733
bg_39241,2025-06-28,1324.116268950919
bg_39244,2024-07-18,3026.754885351737
bg_39246,2025-06-28,3061.0661161267412
bg_39250,2022-07-24,18486.406320131555
bg_39256,2025-04-14,1388.6683261312028
bg_39263,2024-07-18,861.6601885314279
bg_39266,2024-07-03,302.9246988940086
bg_39273,2024-02-14,3938.5050025103537
bg_39277,2024-07-18,2949.4564404479283
bg_39295,2024-09-01,237.87695390705085
bg_39302,2024-07-03,995.6899944259989
bg_39307,2025-08-07,192.96546659959674
bg_39308,2023-07-07,794.027415962432
bg_39311,2025-03-25,626.9814238074572
bg_39312,2021-07-14,8991.5629395785
bg_39313,2024-09-11,5094.687005979845
bg_39314,2025-03-25,37043.1562239355
bg_39320,2021-07-14,3989.5078425540323
bg_39321,2021-07-14,20513.919938090632
bg_39323,2025-04-14,932.126337198944
bg_39325,2025-03-25,1142.705814897325
bg_39327,2023-07-14,697.9524024602628
bg_39331,2024-09-01,1957.392791087187
bg_39348,2025-06-28,1455.2737574763978
bg_39363,2021-07-14,7018.2879468142955
bg_39370,2025-03-25,41828.37658088585
bg_39381,2024-02-14,243.58501041728408
bg_39387,2019-04-26,2202.2365426310084
bg_39395,2024-09-11,12567.742993174783
bg_39397,2021-07-09,1673.083429479955
bg_39403,2024-02-14,2162.3354380161877
bg_39404,2025-04-14,1396.1284418347393
bg_39408,2025-04-14,1389.996818161937
bg_39412,2025-09-21,857.1977896028897
bg_39414,2025-03-25,1984.6615514490315
bg_39435,2024-02-14,369.53531955698327
bg_39438,2025-03-25,1263.3264913315209
bg_39439,2024-07-08,589.2977592017759
bg_39442,2023-07-14,537.5718141792433
bg_39452,2024-09-11,1640.2046706431868
bg_39453,2019-04-26,2700.948265794551
bg_39455,2024-07-18,878.4944911039577
bg_39457,2024-09-11,361.3892319923583
bg_39463,2025-03-25,6131.796578263139
bg_39465,2018-07-30,6778.276402758887
bg_39488,2025-03-25,4066.727609331601
bg_39503,2024-04-29,231.06248527183175
bg_39505,2024-09-01,202.3843701970226
bg_39514,2025-03-25,12041.453688408907
bg_39515,2024-02-14,1103.2766443643395
bg_39517,2023-07-07,584.0941582484896
bg_39519,2023-03-16,4718.848756995787
bg_39521,2023-07-14,2554.021530410407
bg_39531,2024-02-14,663.270684487132
bg_39535,2023-07-03,499.96710071764375
bg_39539,2023-07-14,1527.845117968294
bg_39545,2025-06-28,342.2744921841973
bg_39547,2024-07-18,1044.696689044332
bg_39559,2025-03-25,4177.187305975225
bg_39564,2023-07-09,390.5469305986517
bg_39566,2025-03-25,5402.545661306337
bg_39567,2025-03-25,469.1448400013307
bg_39574,2024-04-29,969.1644948098507
bg_39576,2025-04-14,1497.5833280655622
bg_39590,2025-03-25,1413.4802310608156
bg_39597,2024-02-14,14101.687963034852
bg_39605,2025-03-25,1445.524951877403
bg_39606,2025-03-25,540.9090971688848
bg_39613,2025-06-28,2785.202237629859
bg_39614,2023-08-26,932.6694823463398
bg_39617,2024-02-14,2742.1653200525857
bg_39629,2023-08-26,998.3263123849722
bg_39630,2024-08-02,3705.687623653731
bg_39648,2024-04-14,1397.3936250750696
bg_39650,2024-07-18,3006.72311211044
bg_39653,2024-07-18,1079.259143162701
bg_39655,2025-03-25,780.3572233279126
bg_39671,2019-04-26,1400.8904157713553
bg_39679,2023-07-03,1182.2547813395392
bg_39681,2024-07-18,2366.845494407957
bg_39685,2025-04-14,2676.083015827655
bg_39686,2024-08-17,2376.194535176232
bg_39716,2024-09-11,1619.6898692341886
bg_39718,2024-04-04,1041.8611912342292
bg_39722,2024-07-18,1715.4312603248611
bg_39725,2024-07-18,883.4907294362229
bg_39728,2025-08-22,1105.5184537582024
bg_39731,2023-05-28,2533.491554771779
bg_39735,2025-04-14,1481.9598333289182
bg_39736,2024-02-14,3199.6054829462887
bg_39737,2018-07-30,7468.903764020479
bg_39739,2024-07-18,2624.89063791219
bg_39750,2025-06-28,448.1213466238947
bg_39756,2024-02-14,389.55719541584546
bg_39767,2023-07-09,815.0622436353464
bg_39775,2025-06-28,731.6902936352041
bg_39779,2025-06-28,1996.0038924061248
bg_39783,2025-04-14,4506.357924643982
bg_39787,2023-07-14,1729.9170884177945
bg_39797,2021-07-14,3701.908037174929
bg_39806,2024-07-18,1222.601794739449
bg_39807,2025-03-25,12886.012732463276
bg_39808,2024-07-18,584.488681242034
bg_39810,2021-07-14,12130.09989276264
bg_39819,2024-04-29,1308.1810750047064
bg_39820,2024-08-17,3343.6473537139855
bg_39832,2025-04-14,831.0923994959604
bg_39835,2025-04-14,3131.861874748143
bg_39839,2023-07-07,5497.875628876751
bg_39845,2023-08-23,1587.5720429007165
bg_39856,2024-02-14,1257.419930055136
bg_39860,2025-10-12,3502.1768632666344
bg_39862,2022-07-24,11989.148116234055
bg_39866,2024-02-14,638.2295995955959
bg_39867,2024-02-14,744.3730059586651
bg_39868,2021-07-14,1681.9273450419228
bg_39871,2024-07-03,1855.7540451255738
bg_39872,2025-03-25,16612.403473862618
bg_39882,2025-03-25,14486.77367416579
bg_39888,2025-03-25,2982.419560776145
bg_39896,2023-07-07,543.1493828587667
bg_39902,2024-07-18,3429.4987501527808
bg_39912,2024-02-14,233.08714100105612
bg_39932,2025-03-25,36800.409285209105
bg_39937,2024-08-22,5544.167015097928
bg_39957,2025-03-25,1091.6265554208421
bg_39960,2024-02-14,321.77601215741805
bg_39964,2022-07-24,15555.452181052138
bg_39972,2025-03-25,459.4810669658962
bg_39975,2023-07-07,606.0334301835186
bg_39984,2024-04-04,1380.3438042025919
bg_39986,2023-07-14,964.8615278888107
bg_39990,2024-02-14,1586.579851945652
bg_39994,2024-02-14,6788.904536816023
bg_39998,2024-02-14,5975.498977098018
bg_40012,2024-09-11,594.6865612236531
bg_40026,2024-07-18,434.5140652499041
bg_40030,2024-02-14,3485.070913769287
bg_40039,2025-03-25,725.5706858051484
bg_40049,2020-03-26,597.7878608667797
bg_40054,2025-10-12,3460.193638049792
bg_40059,2025-03-25,11045.7339353798
bg_40062,2025-04-14,1242.4543587595233
bg_40066,2025-06-28,2442.863139453366
bg_40068,2024-07-18,2831.2548016736205
bg_40069,2024-02-14,3441.7947510129106
bg_40077,2025-03-25,3362.629664250922
bg_40083,2023-09-14,240.43494296787887
bg_40084,2025-03-25,2172.0131756966944
bg_40088,2025-03-25,7705.591150100204
bg_40092,2024-07-18,1326.0572718024277
bg_40095,2023-09-14,2983.64599429924
bg_40096,2025-03-25,14134.832502102669
bg_40102,2025-04-14,1763.6183003133633
bg_40107,2025-03-25,999.1300217689256
bg_40109,2024-04-29,1823.5255277894987
bg_40117,2024-09-11,9579.477354662558
bg_40125,2024-04-29,3095.3187396455114
bg_40126,2024-07-18,365.62775892957296
bg_40143,2025-04-14,1948.847872692937
bg_40145,2024-02-14,1622.7200917287137
bg_40147,2025-03-25,1514.5952979261551
bg_40151,2024-02-14,2066.9092325015263
bg_40157,2023-09-14,663.6641868444183
bg_40158,2024-02-14,1082.5763931012307
bg_40159,2024-09-01,612.9371847912499
bg_40168,2024-07-18,1075.3193864614648
bg_40172,2025-03-25,615.2397897570398
bg_40173,2025-03-25,13102.644001055682
bg_40175,2025-03-25,1743.8775501163038
bg_40176,2018-07-30,10265.254933619472
bg_40188,2024-02-14,8903.26218062795
bg_40191,2022-10-02,1150.3455269614099
bg_40196,2024-02-14,1334.0919919181936
bg_40209,2023-07-09,2112.641435762293
bg_40216,2022-10-02,666.676672758267
bg_40218,2024-09-11,209.76573028009065
bg_40223,2018-07-30,599.4834397208971
bg_40227,2025-03-25,336.07795598660255
bg_40228,2023-07-07,463.39544505754566
bg_40237,2025-03-25,9143.826649587178
bg_40238,2024-07-18,2052.7454258382604
bg_40247,2025-03-25,1806.979768840802
bg_40250,2025-04-14,4547.89188952421
bg_40261,2023-07-07,79.55207602581886
bg_40263,2025-03-25,8365.503461268734
bg_40268,2023-07-07,2983.3422311562485
bg_40287,2024-07-18,1338.6170708979878
bg_40288,2019-07-15,809.2538566483207
bg_40289,2025-06-28,184.56537405465747
bg_40297,2024-02-14,302.71910313028627
bg_40299,2025-06-28,597.0042227652974
bg_40301,2023-06-07,154.9807639676907
bg_40303,2024-07-18,141.9565091848875
bg_40309,2025-03-25,2380.0752496507657
bg_40324,2023-07-07,811.197959810223
bg_40333,2024-04-04,115.5611288453212
bg_40357,2023-07-14,1925.502912618002
bg_40360,2024-07-18,1010.0536907016797
bg_40362,2024-07-18,2703.0273477342216
bg_40368,2025-08-07,749.6656137902908
bg_40373,2024-02-14,1174.3754127622124
bg_40381,2024-04-29,381.958374302779
bg_40386,2025-03-25,563.6654406651153
bg_40391,2025-03-25,982.9593844103225
bg_40406,2025-03-25,1053.95700334486
bg_40414,2025-03-25,75268.67185740218
bg_40415,2025-10-12,15300.886969806803
bg_40416,2024-09-01,5525.451297993799
bg_40419,2023-06-07,338.91817449057794
bg_40421,2025-04-14,334.7024577144267
bg_40425,2024-02-14,1299.4309009716349
bg_40431,2024-09-11,14375.569333508049
bg_40441,2025-03-25,821.9707646872629
bg_40457,2025-03-25,593.2076493944054
bg_40459,2024-07-18,4461.730873158989
bg_40470,2024-02-14,892.9720670324544
bg_40473,2025-03-25,239.53070199885704
bg_40479,2023-07-09,1007.4087272306548
bg_40483,2024-07-18,8391.484268102096
bg_40489,2025-10-12,15750.24500294526
bg_40501,2025-06-28,458.4572037821318
bg_40505,2025-06-28,2081.158833198443
bg_40522,2020-05-15,3235.1763009919746
bg_40523,2025-10-12,1979.1848586727974
bg_40532,2024-02-14,346.2688262029272
bg_40533,2025-03-25,1349.5547226028568
bg_40554,2025-04-29,1318.9966559848328
bg_40555,2024-07-18,2763.1745874085054
bg_40557,2024-07-18,655.5871085522505
bg_40560,2024-02-14,14474.238386630352
bg_40562,2024-07-18,1740.2549935282545
bg_40563,2024-09-01,488.4417044027397
bg_40565,2024-07-18,2798.5482076604767
bg_40572,2022-10-02,1523.455662794378
bg_40573,2018-07-25,5421.438004671835
bg_40577,2025-03-25,1384.8721114963084
bg_40579,2023-08-26,2805.7480661135205
bg_40582,2021-07-14,2126.184712225237
bg_40584,2024-07-18,897.3151509363404
bg_40602,2023-08-26,1933.6032275521463
bg_40604,2021-07-14,3915.7149287964626
bg_40625,2025-03-25,23562.917115340428
bg_40626,2023-08-28,711.2038735831198
bg_40629,2025-10-12,15939.521991352285
bg_40633,2025-03-25,3320.7635605384494
bg_40636,2024-07-18,3107.974171144373
bg_40641,2025-03-25,15322.911866029426
bg_40642,2024-07-18,176.2502998578622
bg_40646,2021-07-14,19809.789794755383
bg_40647,2024-02-14,3183.0630348926484
bg_40649,2024-02-14,552.0449295121178
bg_40669,2025-03-25,1584.7681860132466
bg_40675,2021-07-14,996.7275224451853
bg_40689,2024-09-11,12560.08601978872
bg_40691,2025-03-25,802.3307908833652
bg_40696,2023-05-28,2331.7155195478717
bg_40702,2024-07-18,1196.5378117301202
bg_40707,2024-07-18,1677.9513593960983
bg_40708,2023-07-09,528.8315204295563
bg_40716,2025-04-14,382.4412771915945
bg_40717,2023-07-14,143.97040563969148
bg_40723,2022-07-24,4665.367759834163
bg_40724,2023-07-07,1843.567159205209
bg_40725,2021-07-14,5320.202184287953
bg_40727,2021-07-14,18196.246450144517
bg_40734,2024-07-18,1432.1886221094949
bg_40740,2025-03-25,13783.355225332449
bg_40749,2024-07-18,2244.925312254124
bg_40753,2022-10-02,17367.219775960024
bg_40762,2024-07-18,1028.1650292148597
bg_40767,2025-03-25,1047.4495524367005
bg_40770,2018-07-30,4854.572992159039
bg_40771,2025-03-25,1235.6307054296394
bg_40772,2025-03-25,10538.55344468585
bg_40777,2021-07-14,16557.44709067175
bg_40782,2024-07-03,202.06920002829094
bg_40783,2024-02-14,1398.1999635242064
bg_40785,2024-09-11,3158.310546241423
bg_40786,2025-03-25,5499.819144162957
bg_40790,2025-03-25,16599.19824161401
bg_40795,2024-09-01,367.53446273772335
bg_40796,2024-02-14,996.997267849875
bg_40799,2025-03-25,266.2648373332321
bg_40805,2022-10-02,632.9880524149698
bg_40821,2025-03-25,12639.734685332598
bg_40823,2024-07-18,2702.730772089366
bg_40826,2025-03-25,7654.598090853494
bg_40830,2024-07-18,705.968995424055
bg_40837,2024-07-03,1841.521415840709
bg_40838,2023-09-14,2547.76578996174
bg_40849,2024-07-18,1423.3066804102482
bg_40852,2024-02-14,2625.0306758016445
bg_40857,2024-07-08,559.0964827290765
bg_40860,2025-03-25,6498.535506219807
bg_40869,2022-07-24,3427.9831710788367
bg_40871,2021-07-14,13107.503084584749
bg_40872,2025-06-28,499.4205892833152
bg_40879,2025-03-25,7673.542783695387
bg_40883,2024-10-19,736.9436953390302
bg_40884,2024-07-18,576.9456579266832
bg_40891,2025-10-12,1433.278940960253
bg_40892,2023-03-16,1216.2214117914887
bg_40894,2025-03-25,19022.396019337237
bg_40895,2021-07-09,2098.0391428428557
bg_40902,2022-07-24,2556.5867786953568
bg_40908,2024-07-18,2428.2851766832955
bg_40913,2022-10-02,372.1267925049022
bg_40918,2025-06-28,1253.2702647473589
bg_40919,2024-07-18,781.6835229171091
bg_40921,2024-09-01,14129.472815873309
bg_40925,2023-07-14,1844.5990983682484
bg_40935,2024-02-14,494.3081849411765
bg_40937,2025-03-25,6695.737049205265
bg_40942,2023-07-09,464.02532193835697
bg_40950,2025-09-11,109.99174241751491
bg_40957,2025-03-25,16622.19979593845
bg_40963,2025-03-25,743.0650465470716
bg_40968,2024-10-19,3265.029057098865
bg_40972,2023-08-26,589.6704937503946
bg_40977,2024-07-18,1657.9189245558164
bg_40978,2024-07-18,959.2514619741177
bg_40994,2025-03-25,2582.8124840955466
bg_40995,2024-07-18,2012.775050645464
bg_41000,2025-03-25,11236.264973255102
bg_41001,2018-07-30,2223.3842320209724
bg_41010,2025-03-25,1720.8641955715875
bg_41030,2023-08-26,258.0986516819396
bg_41034,2018-07-30,6065.66578474287
bg_41035,2024-07-18,1464.0108104791243
bg_41039,2024-10-19,2134.0242401856876
bg_41043,2021-07-14,3815.300878620399
bg_41047,2025-03-25,3775.012531965936
bg_41052,2025-06-28,1213.3050228613026
bg_41053,2024-07-18,541.6068729250286
bg_41066,2025-04-14,884.061892064104
bg_41073,2025-03-25,1429.667564505795
bg_41076,2024-07-18,334.1476730428816
bg_41095,2022-07-24,4841.487566451091
bg_41112,2023-06-07,652.8944271473192
bg_41118,2025-06-28,194.1001622873828
bg_41119,2022-07-24,14865.729729986373
bg_41122,2024-09-01,1087.821873699901
bg_41128,2025-03-25,78713.59083231632
bg_41131,2021-07-14,2077.7809193945354
bg_41138,2025-04-14,3107.6772584198106
bg_41151,2021-07-14,4664.605657952381
bg_41155,2025-03-25,72525.18501172744
bg_41166,2023-07-14,796.1565687727269
bg_41168,2025-03-25,3532.872127462177
bg_41172,2019-07-15,1874.531082591187
bg_41197,2025-10-12,5600.9479432323815
bg_41199,2024-07-18,764.7309273856139
bg_41213,2024-10-19,4224.846774274592
bg_41220,2024-07-18,4800.440810300832
bg_41224,2025-03-25,5596.166799738881
bg_41230,2025-03-25,9015.60235412471
bg_41231,2024-08-02,1227.9490756949172
bg_41233,2024-02-14,565.4936183545218
bg_41242,2023-07-14,1525.9108758048299
bg_41248,2024-07-18,931.2178507739488
bg_41251,2025-06-28,200.64116626433074
bg_41253,2024-02-14,1599.7006434016319
bg_41256,2024-04-29,497.09524902174974
bg_41261,2023-08-26,558.8128740464388
bg_41264,2021-09-22,1234.7219665174819
bg_41267,2024-07-18,3122.0196343073285
bg_41269,2024-07-03,920.4217794574038
bg_41271,2025-04-14,1623.4475341075793
bg_41273,2025-03-25,1583.124207382367
bg_41278,2024-02-14,1447.7172115091903
bg_41287,2025-10-12,3815.0273253021373
bg_41288,2023-03-16,2770.485065724216
bg_41300,2024-07-18,893.8424829913124
bg_41304,2023-06-07,526.5173169042386
bg_41305,2025-03-25,1038.8629700785643
bg_41308,2022-10-02,2867.7854380165795
bg_41311,2021-07-09,2244.5423067520865
bg_41317,2021-07-14,16533.503557758195
bg_41321,2023-07-09,168.67297857099763
bg_41323,2023-09-14,683.2555036733047
bg_41324,2024-02-14,977.1249576180628
bg_41325,2025-09-11,2126.0987811950977
bg_41332,2024-07-18,5013.665509225786
bg_41336,2023-07-14,379.63132484013835
bg_41337,2023-08-26,1753.09180871931
bg_41362,2024-02-14,626.0735372142625
bg_41372,2022-10-02,15930.022581041758
bg_41374,2025-10-12,3847.54627996853
bg_41382,2025-06-28,658.5415828934181
bg_41383,2024-07-18,3468.510503515954
bg_41386,2024-02-14,1395.3049947950299
bg_41391,2022-10-02,32351.46518243792
bg_41393,2025-09-11,1104.270445860043
bg_41413,2025-04-14,1535.1735397016676
bg_41415,2021-07-14,1532.3056687556707
bg_41419,2025-03-25,11766.162554936845
bg_41423,2021-07-09,820.61127130934
bg_41429,2025-03-25,12412.31111877236
bg_41430,2023-07-07,508.94979447881576
bg_41432,2025-03-25,9901.693486373979
bg_41439,2024-02-14,4036.2483890981266
bg_41440,2023-08-26,1005.0035418842215
bg_41445,2024-09-01,5880.186744730109
bg_41454,2025-03-25,1079.423119494972
bg_41457,2025-03-25,2323.311131381297
bg_41464,2025-04-14,7818.577115006294
bg_41474,2022-10-02,5752.176456133822
bg_41478,2025-03-25,861.6994706972671
bg_41479,2025-03-25,1975.0808008282274
bg_41480,2025-04-14,1370.5031552317912
bg_41486,2024-02-14,1304.7270906974943
bg_41487,2024-04-29,2308.8374311763323
bg_41496,2025-06-28,620.1258789956286
bg_41500,2024-09-01,1952.829612357545
bg_41505,2025-04-14,1630.3501385898119
bg_41524,2022-10-02,18176.07879363692
bg_41529,2024-02-14,948.1949556921473
bg_41548,2023-07-03,244.40973568981764
bg_41551,2025-03-25,8320.232055189303
bg_41556,2024-10-19,1274.1755599993226
bg_41565,2024-07-18,2991.0382487691404
bg_41567,2024-04-04,981.4364616215593
bg_41570,2024-07-03,2644.63172063711
bg_41578,2025-03-25,844.6896237080769
bg_41580,2023-07-07,441.6823307535901
bg_41581,2025-04-14,614.6410712767316
bg_41583,2024-07-18,638.5147291958303
bg_41597,2024-07-18,501.7939276238045
bg_41599,2023-07-14,1754.4299721845357
bg_41600,2023-07-07,279.9288230963822
bg_41612,2025-03-25,22677.176580130024
bg_41614,2024-07-18,3797.530882691813
bg_41615,2025-04-14,708.1179874145637
bg_41620,2023-07-07,1093.229789431142
bg_41623,2023-07-07,672.0866706757131
bg_41626,2021-07-14,760.6657347349493
bg_41634,2024-02-14,1198.7394880457653
bg_41646,2024-08-02,442.2097630083912
bg_41651,2025-04-14,856.333532042266
bg_41664,2022-07-24,9882.377414418195
bg_41667,2024-07-18,920.972085624794
bg_41668,2025-03-25,7197.3367285545155
bg_41675,2024-02-14,1396.1888861111247
bg_41677,2025-04-14,4151.101793138842
bg_41680,2023-07-14,979.2148006436483
bg_41683,2025-08-07,581.3076164991497
bg_41686,2025-03-25,249.70208329134792
bg_41701,2022-07-24,5591.570576233407
bg_41702,2025-03-25,40008.96801129596
bg_41703,2024-07-18,1472.445208794105
bg_41707,2025-03-25,773.6733639592463
bg_41725,2024-07-18,178.86138096261575
bg_41728,2025-03-25,8826.093317799134
bg_41733,2024-02-14,2849.0586333911215
bg_41735,2024-04-04,947.9307962609686
bg_41737,2024-02-14,207.32945425077537
bg_41746,2025-04-14,2262.6211527564424
bg_41747,2022-10-02,9985.179591699814
bg_41757,2023-08-26,270.7648509314582
bg_41760,2024-02-14,2125.912223423179
bg_41769,2024-02-14,18617.8189371044
bg_41772,2022-07-24,3374.133238507407
bg_41775,2025-10-12,14240.193169504497
bg_41786,2024-02-14,1428.580587891406
bg_41787,2022-10-02,5459.073008900055
bg_41795,2024-07-18,842.2328346129628
bg_41796,2025-06-28,846.0463261549324
bg_41816,2024-07-18,847.8860029511303
bg_41826,2024-07-18,2970.838012901781
bg_41830,2024-09-11,11936.28787397907
bg_41838,2023-03-16,2705.2594336589455
bg_41849,2025-03-25,7093.91298907045
bg_41856,2025-04-14,4211.188964093172
bg_41864,2024-09-01,1115.312533821854
bg_41875,2024-07-03,1404.702693455153
bg_41877,2024-07-18,1658.0616066358361
bg_41878,2024-02-14,1899.8623536719924
bg_41882,2024-10-19,590.4483673445783
bg_41886,2025-03-25,1720.8751574997773
bg_41893,2024-02-14,2515.229307339505
bg_41896,2025-04-14,462.9192220031339
bg_41902,2025-03-25,3052.1444599004462
bg_41906,2025-07-23,1099.8732263312954
bg_41909,2025-03-25,233.13085853205197
bg_41922,2025-03-25,1984.845919082909
bg_41924,2024-07-18,6934.691689599491
bg_41928,2024-02-14,642.8074626198437
bg_41931,2025-04-14,1067.7216945438447
bg_41936,2024-02-14,3074.5406737427033
bg_41949,2023-07-09,1403.1788823952088
bg_41953,2025-06-28,5626.491577564224
bg_41964,2021-07-09,451.6899556112721
bg_41973,2024-07-18,3792.3635981404404
bg_41979,2024-02-14,2174.227312794169
bg_41981,2024-02-14,1226.6127041980887
bg_41983,2022-10-02,830.1611509219748
bg_41986,2024-07-18,1298.857557471258
bg_41988,2025-04-14,611.2212164183903
bg_41992,2024-07-18,585.8752292082057
bg_41996,2023-07-14,129.4856239126175
bg_42002,2025-04-14,981.0013302743894
bg_42003,2024-02-14,6459.855034240145
bg_42004,2024-07-18,1709.7738553678037
bg_42013,2025-04-14,1006.3016325634663
bg_42014,2025-03-25,1294.6649709093479
bg_42019,2021-07-09,721.3725779374067
bg_42039,2025-04-14,326.3093374392096
bg_42040,2021-07-14,5489.804422900793
bg_42042,2019-03-27,826.729273341645
bg_42050,2023-07-03,81.7059177782881
bg_42055,2025-06-28,777.433949927618
bg_42059,2024-07-18,406.58285908290094
bg_42062,2024-09-01,886.8138883104288
bg_42069,2025-06-28,5.451348457063314
bg_42078,2024-02-14,1975.525678521918
bg_42084,2021-07-09,334.03133326090756
bg_42087,2024-07-03,1286.0124927854376
bg_42090,2025-03-25,989.7201185185188
bg_42092,2022-07-24,1099.092941657001
bg_42109,2025-03-25,16331.63168328569
bg_42121,2023-08-26,2405.517702325246
bg_42133,2025-09-21,917.2091811577653
bg_42138,2024-07-18,89.56634412551506
bg_42139,2023-08-26,3465.6641862272895
bg_42140,2024-02-14,5723.2921622523
bg_42143,2024-07-18,1651.5078812104177
bg_42144,2021-07-14,17919.27387787807
bg_42149,2025-04-14,1599.949653770482
bg_42158,2024-07-18,2896.8439752599875
bg_42162,2024-02-14,5498.334603868752
bg_42166,2025-03-25,83.33944144291635
bg_42174,2021-07-14,15625.818372181251
bg_42175,2025-03-25,3613.9035908003266
bg_42183,2023-07-07,1907.7659131294251
bg_42190,2024-07-18,3142.955501450858
bg_42195,2024-07-18,1033.2133230363818
bg_42209,2025-03-25,6125.6965552008805
bg_42222,2024-07-18,3072.2409661028105
bg_42226,2025-03-25,4809.085569398804
bg_42229,2025-03-25,504.6570955609088
bg_42234,2024-07-18,1105.5320262207829
bg_42236,2023-07-07,400.9530627144582
bg_42252,2022-10-02,1970.257075003298
bg_42254,2025-03-25,8702.30660609598
bg_42256,2024-09-11,13608.48254202116
bg_42275,2025-04-14,625.7301997665687
bg_42283,2025-03-25,18198.01238405995
bg_42289,2024-02-14,238.11379464449857
bg_42291,2024-09-01,2238.6725706323905
bg_42293,2025-03-25,578.5294504169735
bg_42302,2025-03-25,360.66109146972724
bg_42312,2021-07-14,6642.764454080939
bg_42315,2025-04-14,888.4614857721798
bg_42316,2025-04-14,1759.0843432026636
bg_42320,2022-07-24,11125.48136473209
bg_42329,2024-07-18,1508.3417390629668
bg_42333,2025-03-25,730.3174592600054
bg_42335,2023-07-03,1103.1790516502303
bg_42344,2025-03-25,1679.371119228863
bg_42345,2025-03-25,557.264010411915
bg_42351,2024-02-14,2050.6760585235174
bg_42365,2025-03-25,17610.969024516977
bg_42366,2024-07-18,4143.3614049464495
bg_42376,2025-03-25,20273.101971953
bg_42382,2025-10-12,19203.07921279283
bg_42389,2025-03-25,1037.582468673787
bg_42395,2025-04-14,1341.858270980844
bg_42397,2021-07-14,1020.9502906609013
bg_42400,2022-10-02,2029.66694570803
bg_42403,2024-09-01,483.87671033017443
bg_42412,2025-09-11,395.51713110832304
bg_42416,2024-04-04,1695.9167574500402
bg_42418,2024-07-18,3595.3997901905345
bg_42427,2023-07-14,309.75207279367453
bg_42428,2025-04-14,776.7273432163836
bg_42430,2024-07-18,2553.1956463420315
bg_42437,2023-05-28,6890.724650143802
bg_42438,2024-07-18,6401.794931962206
bg_42442,2024-02-14,1740.0545537425908
bg_42455,2024-02-14,1330.6793715240867
bg_42465,2023-05-28,4665.59736433595
bg_42469,2023-07-07,1252.147493707902
bg_42478,2025-03-25,1413.1936288066606
bg_42479,2024-09-11,12047.871027716501
bg_42483,2024-07-18,3752.6564971761204
bg_42484,2025-03-25,71417.98973451505
bg_42500,2022-10-02,984.216220400775
bg_42507,2025-03-25,3649.4435777524914
bg_42517,2023-07-14,1672.07295035235
bg_42518,2024-06-23,631.6464163594811
bg_42520,2024-09-01,8227.363335899243
bg_42522,2023-07-15,139.59844017739456
bg_42525,2024-07-18,439.88629360325353
bg_42527,2023-08-07,1642.8007874966167
bg_42529,2024-07-18,4219.821065258697
bg_42531,2025-03-25,1537.9274698765018
bg_42533,2024-07-18,2687.168884941826
bg_42535,2021-07-14,6408.7283724930685
bg_42540,2023-09-14,525.443710115286
bg_42547,2025-03-25,9769.272778543911
bg_42548,2025-03-25,4667.231298232014
bg_42558,2025-04-14,2579.872893322348
bg_42561,2023-06-07,917.6802452378885
bg_42564,2024-04-04,728.6837512254491
bg_42565,2022-10-02,5984.269869457787
bg_42567,2024-04-29,794.8375729039337
bg_42572,2021-07-14,301.93116119379874
bg_42577,2024-02-14,1693.7591368903509
bg_42583,2023-06-07,887.4404582282842
bg_42589,2024-07-18,825.4915960806519
bg_42591,2024-07-18,3309.065611740156
bg_42592,2024-07-18,977.7040788498987
bg_42611,2024-09-01,1760.1058787755323
bg_42614,2024-02-14,413.69720823300275
bg_42617,2025-03-25,1535.8461005257554
bg_42624,2025-03-25,3633.3259647463997
bg_42625,2024-07-18,3717.447500879985
bg_42631,2025-03-25,1838.9243080126496
bg_42644,2025-03-25,7336.036306180618
bg_42646,2023-08-26,917.2440452246306
bg_42648,2025-10-12,19756.907267454757
bg_42650,2025-06-28,612.645210541909
bg_42651,2025-03-25,4604.002040876879
bg_42655,2021-07-14,1138.6378416336458
bg_42657,2024-02-14,1423.5147761089265
bg_42662,2025-03-25,1198.6441517399387
bg_42667,2025-04-14,745.373040161755
bg_42670,2023-07-14,1639.628392807376
bg_42677,2021-07-09,2995.202170221784
bg_42679,2022-10-02,2347.01344729851
bg_42687,2024-07-01,1354.0446021088162
bg_42694,2025-06-28,1417.4568786739635
bg_42698,2025-04-14,688.5379434714208
bg_42700,2024-07-18,1696.2035229594335
bg_42713,2025-03-25,1415.4099491668921
bg_42715,2024-07-18,864.082849037067
bg_42719,2024-07-18,986.3338568658966
bg_42723,2024-02-14,2212.1080741230207
bg_42726,2023-07-09,600.7249553667272
bg_42728,2025-03-25,967.4148769789067
bg_42729,2023-08-26,2121.9121019495933
bg_42734,2024-02-14,4254.072544527142
bg_42735,2023-08-26,377.92914388818826
bg_42743,2024-07-18,629.4437704828426
bg_42745,2024-09-11,1794.1076372670987
bg_42748,2023-08-26,1462.255753416632
bg_42749,2022-07-24,2953.208532985771
bg_42771,2021-07-14,5288.291204387282
bg_42773,2024-07-18,2092.0148986325216
bg_42780,2025-04-14,515.0675603258086
bg_42784,2021-07-14,2864.137967766235
bg_42785,2023-07-09,1863.0701277729418
bg_42791,2024-02-14,16476.163833520255
bg_42794,2022-07-24,411.43662695487905
bg_42795,2025-06-28,614.0843591885157
bg_42796,2023-07-09,757.7104656132949
bg_42799,2024-08-27,578.3989588510715
bg_42803,2024-09-01,2878.2162637474603
bg_42804,2022-10-02,797.3789262328514
bg_42808,2025-04-14,5186.727183340337
bg_42820,2024-02-14,2004.3254926531345
bg_42826,2024-07-18,2369.181540237044
bg_42835,2025-03-25,364.7675284342628
bg_42838,2024-07-08,807.3449430074152
bg_42841,2024-02-14,3546.182065278299
bg_42842,2022-10-02,1554.1658507381608
bg_42844,2024-07-18,4281.195825560953
bg_42853,2025-10-12,7395.448324293754
bg_42859,2023-07-14,2761.8048947204
bg_42863,2025-04-14,4470.585139912
bg_42866,2025-03-25,6019.139159348228
bg_42887,2024-02-14,8351.009631715368
bg_42889,2024-09-11,11771.3564350288
bg_42890,2023-07-09,3457.9649525407203
bg_42892,2025-04-14,575.4405666097391
bg_42901,2024-07-03,1307.062396559429
bg_42911,2024-04-29,2434.442672728257
bg_42912,2025-03-25,15567.492077714327
bg_42920,2024-09-01,3935.0202038742746
bg_42931,2025-03-25,1921.3564331743678
bg_42936,2025-06-28,600.0798461040346
bg_42937,2025-04-14,8067.53692108045
bg_42940,2025-06-28,3060.203877930313
bg_42941,2024-02-14,6463.676272872719
bg_42942,2024-09-11,20922.592173736335
bg_42943,2025-04-14,2391.708306838612
bg_42952,2023-07-07,3580.0142236728
bg_42962,2024-02-14,1852.3370675987915
bg_42967,2024-02-14,1926.0530261914068
bg_42969,2024-09-11,1946.9883600063054
bg_42970,2021-07-14,15397.301552687544
bg_42971,2025-03-25,842.4077494897845
bg_42973,2024-09-11,2016.3008740264388
bg_42976,2024-07-18,1662.1505073247013
bg_42983,2024-07-18,39.93017530623243
bg_42984,2024-07-18,2999.0654841967544
bg_42985,2023-05-28,2743.8065066801632
bg_42988,2025-03-25,2083.330317400708
bg_42989,2023-09-14,2991.6650456390353
bg_42996,2024-09-01,7079.222634195033
bg_43001,2025-03-25,3315.139270453017
bg_43003,2023-07-07,914.1871941787157
bg_43023,2025-03-25,1429.0800535308385
bg_43024,2024-09-01,1725.7165863488651
bg_43033,2025-06-28,594.1941521927938
bg_43047,2024-07-18,444.0328404520983
bg_43054,2025-08-07,785.0337756428988
bg_43063,2023-07-03,353.5393797019763
bg_43064,2025-03-25,1919.2057177905308
bg_43068,2022-10-02,1071.2706215050653
bg_43069,2022-10-02,6455.736710902904
bg_43080,2022-10-02,3249.491592618722
bg_43084,2021-07-14,1067.737056489021
bg_43091,2022-07-24,12457.347189076885
bg_43094,2023-08-19,863.7655201498252
bg_43107,2025-04-14,577.265474543646
bg_43113,2025-04-14,7758.931959058546
bg_43118,2023-07-14,822.4312949420163
bg_43140,2024-07-18,1078.2649768028139
bg_43141,2025-03-25,3368.2541392388493
bg_43147,2025-10-12,15301.972728795457
bg_43166,2025-06-28,1074.8094068251519
bg_43170,2024-09-01,7390.1325245492
bg_43175,2025-03-25,9726.321602111644
bg_43193,2024-02-14,1108.8142234387965
bg_43201,2024-09-01,3840.2565141538116
bg_43202,2025-03-25,1641.1355660335198
bg_43210,2025-04-14,1183.5173263199863
bg_43211,2024-02-14,1348.4220818793121
bg_43214,2024-07-18,1178.962072757205
bg_43220,2024-10-19,2764.085940650198
bg_43224,2025-03-25,5899.803450260146
bg_43233,2024-07-18,121.46079696755149
bg_43237,2024-02-14,1766.1067822755926
bg_43246,2023-08-12,1545.9780672765237
bg_43259,2025-03-25,364.60405812299103
bg_43264,2025-03-25,13711.187187636242
bg_43267,2025-08-07,580.829585076448
bg_43269,2025-04-14,1874.8393563179704
bg_43280,2024-07-18,3230.865160495019
bg_43281,2018-05-26,3695.0609178875593
bg_43283,2023-07-09,1595.7339978829502
bg_43284,2024-07-03,1245.7651408271493
bg_43290,2025-03-25,565.5197061111348
bg_43293,2025-04-14,477.9431561391555
bg_43295,2025-03-25,1032.57272852804
bg_43297,2024-10-19,1144.6496414625215
bg_43300,2021-07-14,2837.254114544489
bg_43306,2021-07-14,4762.5694670418525
bg_43323,2025-04-14,536.0940530354588
bg_43326,2025-04-14,1446.9861638939271
bg_43332,2025-03-25,11319.773714103332
bg_43334,2025-03-25,9627.561908941432
bg_43338,2025-03-25,14752.586691984014
bg_43345,2023-07-09,1026.142169341202
bg_43352,2024-02-14,743.7348001806023
bg_43363,2024-10-19,3585.1429146687565
bg_43364,2024-09-11,7103.332937748089
bg_43366,2023-07-03,2204.7469357047135
bg_43379,2025-04-14,2510.7449318877348
bg_43381,2024-07-18,3391.7390698284084
bg_43385,2024-02-14,14761.689139824128
bg_43387,2024-09-01,3592.212096870079
bg_43388,2025-03-25,1085.42282107031
bg_43398,2025-04-14,2219.8182736428157
bg_43401,2025-03-25,1983.403201192396
bg_43402,2025-03-25,10960.485973185316
bg_43429,2024-04-04,1060.5775085301657
bg_43432,2023-07-09,3442.581450162093
bg_43439,2025-10-12,13554.85515655922
bg_43440,2024-09-11,23657.199009064647
bg_43446,2024-07-18,351.7068989940529
bg_43449,2023-07-14,2819.260008725768
bg_43463,2025-04-14,757.0057770586484
bg_43466,2024-09-01,719.0827816738761
bg_43467,2024-07-18,2868.788668828717
bg_43468,2023-07-07,1203.4608535385723
bg_43482,2023-07-07,1921.3077849475972
bg_43486,2023-07-14,358.35530664404996
bg_43494,2024-02-14,1053.3713267885669
bg_43495,2021-07-14,17185.55955627873
bg_43503,2025-04-14,2080.049999519271
bg_43511,2021-09-22,1411.863836281679
bg_43523,2024-07-18,4967.191884354669
bg_43524,2023-05-28,3990.549920762773
bg_43527,2024-07-18,686.7407443859868
bg_43543,2021-07-14,1996.4673974297873
bg_43559,2023-08-26,5576.937427235505
bg_43572,2024-07-18,463.56438312284433
bg_43573,2025-03-25,1602.6603808667824
bg_43578,2023-07-07,854.7129064779317
bg_43583,2024-02-14,843.4396936354747
bg_43585,2025-06-28,1066.712332777952
bg_43600,2025-07-23,1656.6769695085536
bg_43601,2024-02-14,1532.1895641529038
bg_43602,2024-07-18,6363.017704462371
bg_43603,2021-07-09,788.3432564560803
bg_43624,2024-07-18,1287.5920000139074
bg_43625,2024-07-18,4742.3487927819415
bg_43634,2021-07-14,12473.609123200746
bg_43635,2025-03-25,1044.9308681437874
bg_43637,2024-02-14,1541.647141598938
bg_43639,2025-03-25,11528.135984000104
bg_43647,2024-07-18,949.2945984256438
bg_43657,2025-03-25,12337.662023219971
bg_43660,2024-09-11,1092.0199782971415
bg_43665,2025-06-28,1490.212616541884
bg_43666,2024-09-01,3230.724161066585
bg_43672,2024-09-01,7411.367892696879
bg_43673,2025-04-14,1122.3209003667648
bg_43675,2024-02-14,5782.6377262373035
bg_43681,2023-05-28,1854.9242766486227
bg_43682,2025-06-28,2042.5598273003495
bg_43687,2019-07-15,2560.0652323329955
bg_43692,2023-05-28,4816.532676324308
bg_43694,2024-09-11,1021.3989857055108
bg_43696,2024-07-18,502.21129507403197
bg_43701,2025-03-25,1912.0990486898454
bg_43709,2023-07-07,3057.2703323389665
bg_43715,2023-07-14,3036.9683515798765
bg_43720,2024-07-18,499.98512477855155
bg_43725,2024-09-01,6592.320848654167
bg_43732,2023-03-16,3318.566724129524
bg_43735,2024-07-18,2575.477710794667
bg_43741,2025-04-14,1265.3870707414017
bg_43748,2025-03-25,8807.36316612958
bg_43771,2025-09-11,1172.5444181352198
bg_43775,2024-02-14,321.9422323957817
bg_43782,2022-10-02,16650.95525873809
bg_43786,2024-07-18,9134.82681105668
bg_43809,2024-07-18,1688.087140227003
bg_43810,2023-07-14,973.9695572758089
bg_43815,2025-06-28,295.19360020166533
bg_43816,2025-03-25,6329.249530046963
bg_43817,2021-07-14,9815.536316391495
bg_43818,2018-07-30,890.0242030414092
bg_43824,2025-04-14,1580.920950237357
bg_43832,2024-10-19,1111.6509816035998
bg_43837,2024-04-29,219.19792813797667
bg_43839,2023-07-14,2436.107233784873
bg_43860,2025-04-14,934.6353912088563
bg_43864,2022-07-24,3364.3747180125006
bg_43865,2025-06-28,112.63990988984129
bg_43869,2025-08-23,1305.1485526559393
bg_43874,2025-03-25,7718.761238152134
bg_43878,2025-03-25,73350.43284445771
bg_43883,2024-04-29,702.3901323340726
bg_43890,2025-04-14,495.3955429754393
bg_43891,2025-03-25,706.2963905471934
bg_43895,2025-08-07,399.51750862760133
bg_43898,2025-03-25,12470.201809678098
bg_43899,2021-07-14,1310.2546515849936
bg_43900,2024-07-18,3194.60614988767
bg_43901,2025-04-14,100.46229641020525
bg_43905,2024-04-04,648.8166070626377
bg_43907,2025-04-14,2502.3707225149387
bg_43916,2024-02-14,17943.841401578742
bg_43919,2024-07-18,1523.8104909074661
bg_43923,2024-02-14,851.0753626442466
bg_43924,2018-05-26,457.27753848173955
bg_43928,2022-07-24,4485.065064522697
bg_43943,2024-09-01,6061.389469164601
bg_43950,2023-07-09,1245.3873969170554
bg_43952,2024-09-01,1268.6423991811491
bg_43960,2024-09-11,12096.8507861547
bg_43973,2019-07-15,1088.198666283066
bg_43975,2023-08-26,40.79052953812678
bg_43980,2025-06-28,1627.973657772123
bg_43988,2024-07-18,5364.645895825822
bg_43992,2025-04-14,4670.158631063631
bg_44005,2025-10-12,3582.8748750827453
bg_44010,2021-07-09,2225.678610806202
bg_44020,2025-03-25,5314.145506062086
bg_44028,2023-07-09,1228.1200137204398
bg_44029,2023-08-07,991.8739678506462
bg_44033,2025-03-25,12006.952862304273
bg_44037,2024-07-18,3232.813552696794
bg_44048,2024-07-18,2038.2812261805827
bg_44050,2023-06-07,543.6430141186183
bg_44058,2023-07-14,267.1464175316596
bg_44059,2025-03-25,11538.324419277544
bg_44068,2025-03-25,748.0855063426013
bg_44069,2022-10-02,20678.501196714024
bg_44074,2022-10-02,314.04012482485706
bg_44081,2025-10-12,20514.801875299843
bg_44090,2025-06-28,1319.7785464616172
bg_44100,2025-06-28,2161.814919922637
bg_44101,2024-07-18,237.03425596328285
bg_44106,2024-07-03,4774.554625218954
bg_44109,2025-06-28,1872.604168558081
bg_44110,2025-03-25,1736.3755898997747
bg_44118,2024-02-14,1036.9982085327647
bg_44120,2025-10-12,14888.144937459436
bg_44128,2024-07-18,3247.7868531815684
bg_44130,2025-06-28,2575.4928375168274
bg_44131,2025-04-14,3948.6655249590576
bg_44134,2019-03-27,1169.0503723962884
bg_44135,2018-05-31,2564.000963513818
bg_44141,2025-03-25,2150.3458480207732
bg_44147,2024-02-14,2354.2657217270676
bg_44150,2025-10-12,2967.994057204344
bg_44155,2024-05-04,1456.344375654414
bg_44160,2021-07-14,465.4394966051816
bg_44172,2025-08-07,466.62627669273274
bg_44176,2024-05-04,2066.4187793378474
bg_44178,2023-05-28,79.9947160755028
bg_44186,2023-07-07,2009.2786632272225
bg_44188,2025-04-14,1355.1319788492463
bg_44210,2025-03-25,1057.3291190540913
bg_44221,2024-07-18,957.8088870959617
bg_44226,2024-02-14,2934.509040129241
bg_44227,2025-09-11,640.8027217482509
bg_44229,2025-03-25,8495.649823556863
bg_44232,2021-07-14,13030.77742049175
bg_44237,2023-07-03,333.47275465938657
bg_44238,2024-07-18,1527.6473465105835
bg_44239,2025-06-28,421.9490638692746
bg_44248,2025-06-28,1483.7505080032356
bg_44250,2025-03-25,3970.076486618455
bg_44251,2025-03-25,2122.958100976141
bg_44253,2025-09-11,2138.2858151567157
bg_44255,2025-03-25,5827.498097142852
bg_44261,2021-07-14,1920.4111185889376
bg_44263,2024-02-14,18606.831549648665
bg_44278,2024-07-18,250.24539256494938
bg_44281,2025-03-25,2712.3013260515067
bg_44282,2023-07-14,3249.177777238373
bg_44284,2023-07-14,2474.5663410991287
bg_44287,2024-07-18,1064.837971242759
bg_44290,2021-07-09,1789.8120921762377
bg_44292,2024-07-18,4218.322334400191
bg_44293,2024-07-18,4184.053887224916
bg_44295,2021-07-14,3591.5500899192534
bg_44297,2025-10-12,13328.17189673057
bg_44301,2025-04-14,158.06507836963118
bg_44302,2025-10-16,946.3657936020409
bg_44312,2022-10-02,7614.29797437026
bg_44319,2025-06-28,189.1842659948816
bg_44320,2025-04-14,2277.738529199473
bg_44321,2025-03-25,4304.800526679525
bg_44326,2022-10-02,2753.5812862889707
bg_44334,2024-09-11,516.1483435024427
bg_44355,2021-07-14,5846.829518952958
bg_44359,2024-07-08,436.8653030397856
bg_44365,2023-08-26,1151.1253388314394
bg_44368,2025-03-25,2852.8740341102102
bg_44370,2025-03-25,145.6551598811419
bg_44376,2024-02-14,7336.7148510078905
bg_44379,2023-08-07,728.145257074399
bg_44389,2025-03-25,448.0096400748274
bg_44390,2023-07-14,1586.6029120105984
bg_44394,2025-03-25,10133.833015162918
bg_44399,2021-07-14,14541.697035229476
bg_44402,2025-03-25,3216.3735769651953
bg_44404,2022-10-02,2246.5888486548142
bg_44411,2025-03-25,1500.3216843397238
bg_44414,2025-03-25,1624.6819795268216
bg_44415,2021-07-14,2338.606393389075
bg_44428,2024-09-01,47.416001518443096
bg_44432,2023-07-07,936.6611930144976
bg_44438,2023-06-07,541.9159270586212
bg_44439,2023-03-16,2023.2870877359228
bg_44445,2021-07-14,3196.732909972533
bg_44447,2024-07-18,4044.8359824844683
bg_44454,2023-07-07,1565.203963226581
bg_44460,2025-03-25,920.7116163055575
bg_44468,2025-03-25,2959.128510761643
bg_44470,2023-07-14,1351.8715992282873
bg_44471,2025-03-25,1439.006327505348
bg_44473,2024-07-18,965.7412365638077
bg_44478,2024-07-18,645.3416633844118
bg_44490,2024-02-14,3848.659511843143
bg_44495,2024-07-18,2004.4095073112676
bg_44498,2023-07-14,472.03877436037897
bg_44499,2024-07-18,175.54256976568144
bg_44507,2024-02-14,2220.0501180827673
bg_44509,2024-07-18,1222.4543379612849
bg_44511,2025-03-25,22380.54866482053
bg_44513,2025-06-28,2532.4585614181415
bg_44515,2023-07-14,376.54521707194186
bg_44520,2025-03-25,515.6110631087095
bg_44530,2023-07-09,1370.5473232617928
bg_44532,2021-07-14,2600.5239611474067
bg_44536,2021-07-14,4676.5405072770545
bg_44543,2024-02-14,2768.31485060855
bg_44546,2024-07-18,1040.694337929971
bg_44548,2023-07-14,2067.540595006768
bg_44551,2025-03-25,292.25792119290827
bg_44555,2024-02-14,3333.997377098276
bg_44567,2023-07-07,295.4355268074789
bg_44580,2025-04-14,1027.082733279065
bg_44581,2023-07-14,2260.8517275131203
bg_44586,2024-07-18,833.7723123854764
bg_44587,2024-07-18,1152.9333421319664
bg_44592,2024-09-11,9029.554588156294
bg_44604,2023-06-07,267.9312421128282
bg_44610,2024-07-18,566.7271061984081
bg_44611,2025-03-25,644.5262676570626
bg_44614,2021-07-09,96.12784872231988
bg_44615,2024-10-16,990.7481527108384
bg_44617,2021-07-14,1450.9857976562826
bg_44618,2024-02-14,191.44310277470902
bg_44632,2024-02-14,699.7611020915002
bg_44641,2022-07-24,3388.831549723386
bg_44649,2024-09-11,870.0258058243234
bg_44661,2025-03-25,10434.835663569416
bg_44662,2024-02-14,630.8274205358672
bg_44664,2023-07-07,2573.362826381003
bg_44672,2025-06-28,468.44032384060347
bg_44674,2023-07-09,6572.526027555933
bg_44679,2019-02-21,1128.585355079473
bg_44681,2018-07-30,2832.8412237892967
bg_44683,2025-10-12,3311.591624974229
bg_44691,2021-07-14,17557.52431296605
bg_44697,2024-07-18,1417.1393650942596
bg_44712,2024-02-14,8084.880629483673
bg_44727,2025-03-25,1712.669224923426
bg_44733,2025-03-25,10636.692819974587
bg_44740,2023-07-14,5669.717389403179
bg_44758,2025-06-28,466.6071328217736
bg_44763,2024-07-18,1218.237169027307
bg_44764,2021-07-14,3805.7155386339477
bg_44771,2025-03-25,3620.929728743552
bg_44783,2024-09-11,2041.6992242005579
bg_44789,2024-07-18,933.1077639801357
bg_44796,2024-02-14,2500.0707107600388
bg_44805,2024-09-01,3485.5836729160237
bg_44818,2024-07-18,1345.412523986571
bg_44819,2025-10-12,15695.277743729148
bg_44821,2025-03-25,13111.213223271767
bg_44833,2025-06-28,627.2231738384291
bg_44837,2024-09-11,1394.2375159563535
bg_44843,2023-07-14,2290.292863107223
bg_44852,2019-07-15,1061.1519727635825
bg_44854,2024-02-14,7191.946987360285
bg_44857,2024-09-11,1372.8959740634127
bg_44858,2020-05-15,1534.0101627107244
bg_44860,2025-03-25,12680.839374998051
bg_44862,2025-03-25,1525.4292534892038
bg_44863,2025-03-25,5996.0259999604505
bg_44864,2024-07-03,1296.1799758518514
bg_44876,2025-04-14,751.2351567918172
bg_44877,2019-07-15,153.3828546482698
bg_44879,2024-07-18,867.7825548488327
bg_44898,2025-04-14,2302.0156439520442
bg_44900,2024-07-03,210.136074960941
bg_44904,2024-09-11,15191.230945993047
bg_44906,2025-04-14,2090.6546720106285
bg_44908,2021-07-14,706.290306460277
bg_44911,2022-10-02,2476.023242318161
bg_44916,2025-04-14,950.829939894486
bg_44920,2023-07-07,125.89882008976797
bg_44924,2024-02-14,2880.2853346326206
bg_44928,2024-09-01,4255.828172858879
bg_44931,2021-09-22,1014.8617632958119
bg_44932,2024-07-18,875.8460116937032
bg_44940,2023-07-09,354.4314433003748
bg_44942,2024-02-14,538.3953510201021
bg_44946,2023-05-28,1077.3160699630314
bg_44952,2024-07-18,1281.5200607093232
bg_44960,2025-03-25,2293.1438950054317
bg_44967,2024-02-14,1241.6378829997163
bg_44968,2025-04-14,855.8075994054195
bg_44971,2024-09-11,336.4660667883032
bg_44986,2025-04-14,333.85948960604526
bg_44994,2024-07-18,1545.7013864908874
bg_44997,2024-07-18,1633.1027737407824
bg_45004,2025-06-28,346.847697123643
bg_45005,2024-07-18,1914.1055178073054
bg_45008,2025-03-25,11897.109635978906
bg_45023,2024-07-18,724.6593540413775
bg_45024,2025-03-25,10936.217290292783
bg_45035,2025-03-25,2563.388429188995
bg_45053,2024-07-18,3447.15854364107
bg_45054,2021-07-14,1311.7382637172364
bg_45056,2023-07-09,828.2091195464801
bg_45057,2025-04-14,267.5904215401635
bg_45062,2025-03-25,411.22985737911904
bg_45080,2023-07-09,244.7471630069026
bg_45081,2023-08-07,1443.9194943277992
bg_45084,2024-09-11,22595.377654876585
bg_45088,2024-07-18,1207.3663387720655
bg_45095,2025-04-14,3086.8522404709197
bg_45097,2025-03-25,118.47499314191631
bg_45108,2024-07-03,4928.79247540407
bg_45116,2023-07-14,526.4429466712437
bg_45121,2021-07-09,2207.5213097273813
bg_45127,2024-02-14,743.8183876458488
bg_45131,2024-07-18,247.58226107705724
bg_45133,2024-04-29,2710.064657088535
bg_45156,2021-09-22,3342.1090885846484
bg_45158,2025-03-25,115.3227817907955
bg_45160,2024-09-01,532.0257957092722
bg_45164,2025-04-14,3094.759509881119
bg_45167,2025-03-25,1342.6920565043386
bg_45169,2025-03-25,6578.69838171656
bg_45170,2024-07-18,5603.148474366859
bg_45174,2023-08-23,2090.7054891830826
bg_45177,2025-03-25,10717.697836765215
bg_45183,2024-07-18,3880.489752312225
bg_45201,2023-07-09,2004.6101730261191
bg_45215,2024-09-01,1972.5956851063493
bg_45222,2024-02-14,854.1768283557836
bg_45229,2024-07-18,417.2837154744798
bg_45230,2024-02-14,654.8607868088808
bg_45237,2024-04-29,2684.431604958594
bg_45246,2025-10-12,9542.05950072111
bg_45248,2022-10-02,9646.261735537788
bg_45252,2023-09-14,1316.401865692971
bg_45253,2025-03-25,2958.733061632915
bg_45257,2023-07-14,1999.9063147309232
bg_45263,2024-09-11,15458.35078455976
bg_45264,2024-07-18,1285.2882647873066
bg_45266,2024-10-16,2838.7377395594726
bg_45278,2024-07-18,1273.3019847621013
bg_45280,2019-04-26,2061.178179828075
bg_45283,2024-09-11,148.36014997294038
bg_45286,2023-07-14,3553.7682226758106
bg_45294,2023-07-07,1128.3150369023772
bg_45302,2021-07-14,209.17393002010365
bg_45317,2025-06-28,364.48943167118813
bg_45320,2024-07-18,1231.383902119838
bg_45325,2024-07-18,692.3859545800558
bg_45328,2022-10-02,3794.3895784302767
bg_45333,2024-07-18,437.62124548504937
bg_45340,2025-04-14,1218.554006886873
bg_45344,2024-07-18,1483.0176742373485
bg_45345,2023-07-07,2146.21078221585
bg_45353,2024-10-19,1082.862803544496
bg_45360,2021-07-14,2170.357266811156
bg_45361,2024-07-18,1404.6275578957539
bg_45371,2024-07-18,568.8148893971638
bg_45375,2019-07-15,1412.8733324682275
bg_45378,2025-06-28,6382.899464851556
bg_45381,2025-06-28,3177.2895581769835
bg_45384,2025-10-12,4867.776274111139
bg_45394,2024-07-18,1320.9674565256626
bg_45396,2025-03-25,14176.775368414901
bg_45407,2021-07-09,336.68397199732755
bg_45408,2025-04-14,2142.458049180866
bg_45409,2024-07-18,392.55142656732863
bg_45421,2024-07-18,1345.3598018744462
bg_45422,2024-07-18,3605.7423446081057
bg_45426,2025-04-14,1289.4027853622913
bg_45431,2024-02-14,1697.6486597937708
bg_45441,2024-07-18,516.6676457840637
bg_45448,2025-04-14,6786.668693549205
bg_45449,2025-03-25,1493.6737167132833
bg_45450,2024-04-29,145.42699199248113
bg_45452,2025-03-25,17368.58328440175
bg_45458,2024-02-14,6823.468154106328
bg_45461,2025-06-28,3257.95077650068
bg_45476,2024-07-18,316.88799030569754
bg_45485,2025-10-12,1797.1982427100743
bg_45486,2023-07-07,5439.486298410628
bg_45487,2024-07-18,603.3460987695313
bg_45489,2025-06-28,525.0342118376691
bg_45511,2024-07-18,1789.3350076774698
bg_45522,2025-04-14,1743.5999396649863
bg_45523,2024-02-14,1306.7941693320124
bg_45529,2023-07-14,978.4380070806411
bg_45530,2023-07-07,1969.4529698370904
bg_45532,2022-10-02,7142.6099370259435
bg_45536,2025-03-25,38794.55530509917
bg_45541,2023-05-28,6387.7128619013565
bg_45550,2022-07-24,3560.6356057593694
bg_45556,2025-03-25,3519.1440207243822
bg_45563,2024-07-03,3158.116407797583
bg_45564,2023-07-07,346.1845002308519
bg_45568,2025-04-14,574.2872716679511
bg_45578,2024-07-18,641.7679911777419
bg_45579,2025-10-12,1510.4499029097633
bg_45587,2018-03-12,4193.253754973575
bg_45588,2025-03-25,1724.069684699715
bg_45592,2023-08-26,2826.132380780889
bg_45600,2023-08-26,846.6843702349197
bg_45607,2024-07-18,2613.9270691624515
bg_45620,2024-07-18,275.923647591219
bg_45623,2023-08-26,1253.101732502031
bg_45628,2024-07-18,251.52369371523113
bg_45631,2023-07-07,932.9394098761504
bg_45636,2023-08-26,727.1640429093336
bg_45637,2025-04-14,1157.5114638742566
bg_45641,2023-07-07,1316.630001367071
bg_45644,2021-07-09,1273.4170345962739
bg_45645,2025-03-25,3483.1240366228235
bg_45648,2024-07-18,1914.9649792359721
bg_45651,2024-02-14,16637.74962141834
bg_45666,2025-06-28,638.0156202632319
bg_45674,2021-07-14,1642.470489293261
bg_45681,2023-08-26,1254.6098246467245
bg_45684,2025-04-14,657.7589124443047
bg_45685,2025-10-12,1794.5467368669538
bg_45687,2025-03-25,113.06469519742296
bg_45693,2024-07-03,6357.147905562367
bg_45703,2024-07-18,1532.5982880389686
bg_45704,2025-03-25,3757.1665190940616
bg_45709,2024-04-29,1883.1385622939645
bg_45715,2025-08-07,3273.583286003364
bg_45727,2022-07-24,9621.765947111773
bg_45729,2023-06-07,455.0145093290427
bg_45730,2025-03-25,822.5028531256544
bg_45732,2025-03-25,7982.323086226203
bg_45737,2025-10-12,16795.0888723102
bg_45740,2024-07-18,93.58321056691196
bg_45744,2024-07-18,1050.454790317104
bg_45745,2024-07-18,3855.6770179697933
bg_45747,2024-07-18,1646.9232339729106
bg_45757,2025-03-25,70176.02393687818
bg_45784,2018-07-30,5394.8661737062785
bg_45785,2024-09-11,8664.549643720542
bg_45791,2024-02-14,1600.660524970824
bg_45797,2025-06-28,114.580166259226
bg_45798,2025-06-28,1489.0180200386726
bg_45799,2024-02-14,2662.777270614253
bg_45810,2024-09-01,9720.199808280695
bg_45812,2023-07-03,3478.3433744239087
bg_45814,2023-09-14,1590.9582902448342
bg_45815,2024-09-01,7483.894377454834
bg_45823,2025-03-25,753.1672337535302
bg_45824,2021-07-09,1195.3708435462179
bg_45825,2024-02-14,1303.479814381456
bg_45828,2023-03-16,1426.7883852909044
bg_45829,2021-09-07,878.8887129779336
bg_45832,2025-04-14,926.1147685357683
bg_45833,2022-10-02,2292.801267314654
bg_45835,2025-04-14,2346.391372831742
bg_45841,2023-07-03,1033.3876516100968
bg_45842,2025-06-28,549.6397966850435
bg_45848,2024-07-18,996.6542522359196
bg_45850,2023-03-16,1579.4250803378902
bg_45852,2022-07-24,417.01140511988547
bg_45853,2025-03-25,2666.7130026494365
bg_45857,2025-03-25,1912.140570826561
bg_45858,2025-04-14,240.45407253761428
bg_45859,2024-02-14,9455.0286451711
bg_45867,2024-07-18,1229.5804495029602
bg_45875,2025-03-25,2188.2791771618504
bg_45878,2023-07-09,208.59712605884388
bg_45883,2025-08-07,1013.4269566674569
bg_45884,2025-03-25,983.2599862193844
bg_45887,2024-08-22,5498.49841459483
bg_45890,2025-03-25,1450.1994592811673
bg_45893,2025-03-25,1043.7212927790824
bg_45900,2025-04-14,1146.0545715191793
bg_45903,2024-07-18,1395.3823909596606
bg_45904,2024-07-08,430.3268921413066
bg_45908,2025-04-14,80.7291223784817
bg_45910,2022-07-24,352.9415322684946
bg_45913,2025-09-11,415.10482146075617
bg_45915,2023-07-14,1482.4220963342116
bg_45916,2024-02-14,1075.9665216448523
bg_45917,2023-06-07,254.67019652871565
bg_45931,2025-09-21,621.1766494323421
bg_45949,2024-09-11,1583.3081145814954
bg_45952,2024-07-18,686.2270473395579
bg_45956,2023-07-14,1907.9571888540827
bg_45958,2022-10-02,2434.7189434920992
bg_45966,2025-10-12,2663.110429272414
bg_45970,2024-02-14,2468.0413068058074
bg_45975,2025-04-14,569.9645179307408
bg_45976,2024-07-18,1504.5972499309128
bg_45981,2021-07-09,340.3344005532886
bg_45987,2021-07-14,10027.4350048453
bg_45990,2024-02-14,2686.7009224696417
bg_45991,2025-03-25,1621.9491699185983
bg_46016,2024-07-18,722.7675469334099
bg_46019,2024-04-29,1440.5170888607909
bg_46023,2024-07-18,354.96533492728673
bg_46025,2024-07-18,2873.124532577498
bg_46027,2025-03-25,10711.224106029915
bg_46030,2024-07-18,911.2073165859159
bg_46034,2025-04-14,1401.965874227768
bg_46043,2023-07-14,1575.0738165876176
bg_46044,2021-07-09,2678.200477428862
bg_46049,2025-03-25,1311.848330867434
bg_46056,2025-04-14,4027.6439561736884
bg_46060,2025-03-25,4535.683695012138
bg_46063,2025-03-25,1866.4380015421605
bg_46066,2024-02-14,21146.144882982677
bg_46077,2025-03-25,4379.336628269272
bg_46081,2022-10-02,1832.2624089905953
bg_46083,2021-07-14,16226.769504691843
bg_46092,2023-07-07,513.4764957620748
bg_46099,2024-08-02,2555.6978843556626
bg_46100,2025-04-14,2041.7251462917795
bg_46102,2025-06-28,2147.5900510106817
bg_46103,2025-03-25,1017.1335606498361
bg_46105,2025-03-25,9589.783247503525
bg_46127,2022-10-02,4226.415625622148
bg_46136,2024-07-18,2114.2456156274716
bg_46138,2024-07-18,320.8476842677487
bg_46141,2025-10-12,2296.865876101538
bg_46145,2025-03-25,894.4434394639643
bg_46150,2025-04-14,2432.287751994118
bg_46160,2025-03-25,8106.5911395912335
bg_46167,2023-08-19,1287.6644048045232
bg_46171,2025-10-12,980.0667494104413
bg_46173,2023-07-07,656.752605628634
bg_46174,2025-03-25,2300.780723776272
bg_46177,2023-07-14,2180.3648171118366
bg_46180,2023-07-14,5193.717629290251
bg_46184,2024-09-01,6217.9736815541155
bg_46187,2023-03-16,1173.391378227859
bg_46198,2024-10-16,1395.1035345091336
bg_46203,2024-02-14,2049.474108643377
bg_46231,2024-07-18,2884.750668134079
bg_46232,2025-03-25,9952.655732898389
bg_46242,2025-10-12,10541.47593920326
bg_46248,2025-10-16,656.9965489254819
bg_46271,2025-06-28,4644.626909246831
bg_46274,2024-02-14,510.2300220488708
bg_46279,2018-07-30,1151.4738056942642
bg_46295,2025-03-25,10122.540650508965
bg_46300,2025-03-25,633.9308205949436
bg_46307,2025-03-25,12938.113800786385
bg_46337,2024-02-14,7990.464067186626
bg_46338,2025-06-28,839.057487065097
bg_46345,2024-07-18,223.68295174197394
bg_46347,2024-07-18,1051.278589575407
bg_46350,2025-04-14,525.7679626983771
bg_46358,2024-07-18,401.23614044609144
bg_46362,2023-07-07,394.15483759577563
bg_46363,2025-03-25,118.41865478049806
bg_46367,2025-03-25,79.50860205036383
bg_46373,2024-02-14,648.4262945008404
bg_46375,2024-07-18,296.97129440397754
bg_46378,2024-02-14,1166.7186561035112
bg_46381,2024-04-29,881.2355011007193
bg_46382,2024-04-29,311.7473440142975
bg_46395,2021-07-14,821.5306847586115
bg_46397,2025-03-25,197.0866027919112
bg_46411,2024-09-11,806.7937660890309
bg_46413,2023-07-15,832.2415863798029
bg_46415,2025-03-25,6122.8219896548035
bg_46420,2024-02-14,1181.1200102020748
bg_46422,2024-09-11,1536.100529587759
bg_46436,2025-04-14,760.2169763953506
bg_46440,2025-03-25,4858.653353718684
bg_46442,2025-04-14,428.8791956951527
bg_46448,2024-02-14,6303.4466719486645
bg_46450,2022-07-24,10712.860820387774
bg_46461,2021-07-09,3617.506396677169
bg_46471,2024-07-18,2421.0759467642547
bg_46479,2025-04-14,612.1735176402677
bg_46483,2024-02-14,12064.668158263195
bg_46485,2024-09-01,1807.4275416735666
bg_46488,2025-10-12,13267.16991731096
bg_46491,2025-06-28,561.1194903047873
bg_46495,2025-03-25,2426.6357453273254
bg_46503,2024-09-11,4240.72086330854
bg_46508,2024-04-29,3455.888162658038
bg_46512,2025-03-25,4809.642313790107
bg_46513,2024-07-01,418.2985713577959
bg_46514,2023-08-07,2532.397073801925
bg_46517,2025-06-28,121.00126941494631
bg_46518,2023-08-26,1350.254649168298
bg_46524,2023-07-03,837.0546305349768
bg_46527,2022-07-24,14676.704116149489
bg_46529,2025-04-14,262.9163648387684
bg_46530,2024-07-18,662.4137596700208
bg_46533,2024-07-18,1501.8661182677
bg_46534,2023-03-16,6787.675904203203
bg_46537,2025-03-25,16645.715283976253
bg_46541,2025-04-14,3396.2757662622116
bg_46555,2024-09-11,21327.833294371347
bg_46556,2023-08-28,2208.878923617017
bg_46561,2025-04-14,5441.490303675999
bg_46568,2025-10-12,11552.212886837058
bg_46579,2024-07-18,953.3622619446828
bg_46582,2025-03-25,3156.277164904909
bg_46583,2024-02-14,18153.46527054842
bg_46592,2024-07-18,2925.2269296244895
bg_46593,2024-07-18,1240.8698887874277
bg_46612,2023-07-14,713.6691733570783
bg_46623,2022-10-02,22483.974071602566
bg_46624,2025-04-14,1403.7611661889423
bg_46626,2025-04-14,512.9744278226759
bg_46631,2024-07-18,1031.046811449588
bg_46634,2025-06-28,3096.505146402555
bg_46640,2024-02-14,542.3028453734968
bg_46641,2024-02-14,7892.584597519356
bg_46644,2025-03-25,598.158359717496
bg_46651,2025-03-25,844.1541542872375
bg_46656,2025-03-25,2319.073448858307
bg_46660,2022-07-24,8421.428439712605
bg_46664,2021-07-14,2355.278507055772
bg_46672,2025-06-28,144.3749632035597
bg_46679,2019-07-15,822.6484377908804
bg_46683,2023-07-07,269.94780236190076
bg_46687,2024-07-18,556.1310508323878
bg_46690,2025-03-25,13340.747241878864
bg_46696,2022-10-02,4431.804268444194
bg_46702,2024-07-18,2271.528030203363
bg_46704,2023-07-03,1959.5403769763857
bg_46715,2025-03-25,3130.9336460710906
bg_46725,2023-08-26,1074.641171228714
bg_46731,2021-07-14,5873.56942273603
bg_46738,2025-03-25,12719.314057888547
bg_46739,2024-04-29,1255.6604178678217
bg_46759,2024-07-18,246.1063936594291
bg_46769,2025-03-25,2346.1073639538395
bg_46775,2021-07-14,8246.302436025584
bg_46790,2024-07-18,2741.383624412948
bg_46793,2024-02-14,2646.345223473285
bg_46795,2024-02-14,15780.250191331063
bg_46799,2024-02-14,1163.2347098070873
bg_46802,2025-06-28,590.1571493254252
bg_46803,2024-04-29,866.8877494233009
bg_46806,2022-07-24,15843.222029656732
bg_46807,2025-09-11,217.53001907779756
bg_46810,2025-03-25,6304.648465077212
bg_46834,2022-10-02,16477.679210753384
bg_46844,2019-07-15,1087.4552835862448
bg_46848,2023-07-14,3359.7449948619897
bg_46853,2025-03-25,3488.6909491814185
bg_46863,2025-03-25,15198.518859826272
bg_46864,2024-07-03,2410.7469949788306
bg_46865,2024-02-14,4723.505671691145
bg_46881,2024-07-18,731.2048362120513
bg_46885,2024-02-14,1964.4286054980935
bg_46886,2021-07-14,10485.900303569484
bg_46889,2025-03-25,1931.112072666982
bg_46896,2019-07-15,1619.8542044271048
bg_46901,2025-03-25,1886.9725021048991
bg_46903,2025-04-14,1760.379080908414
bg_46906,2025-03-25,11676.188097666685
bg_46909,2024-07-08,1145.2060081051102
bg_46910,2024-07-03,2899.825019410734
bg_46915,2025-03-25,7029.367179711179
bg_46917,2024-09-01,4493.660185071795
bg_46926,2025-06-28,575.3993371565061
bg_46930,2025-09-21,1493.8989529416356
bg_46949,2024-07-18,6305.197451134962
bg_46950,2024-07-18,2976.4553978348235
bg_46958,2024-07-18,1337.8050868867622
bg_46965,2025-03-25,2008.1708918566383
bg_46971,2025-03-25,707.316476055884
bg_46979,2024-02-14,1697.7232757138672
bg_47000,2025-04-14,504.19048791106826
bg_47002,2023-06-07,272.4757576371449
bg_47009,2023-07-07,1794.5825231791007
bg_47011,2024-07-18,1390.9632723045804
bg_47013,2024-07-18,1799.0129498145513
bg_47015,2024-02-14,1916.8499576127574
bg_47019,2024-07-18,2639.8043665769837
bg_47027,2024-07-03,1914.4426034748853
bg_47029,2024-07-18,1693.1097857493235
bg_47031,2025-03-25,3606.2982867755486
bg_47043,2024-07-18,702.3468176049349
bg_47046,2023-07-09,1658.8971992865888
bg_47050,2025-09-21,1556.8668756513407
bg_47053,2021-07-14,3196.956736178944
bg_47072,2025-04-14,1669.043919434161
bg_47077,2018-07-25,10469.889786167643
bg_47078,2023-07-07,2682.3191391964606
bg_47079,2023-08-26,1550.866553189276
bg_47087,2025-03-25,2343.7256926738223
bg_47089,2024-07-18,154.74226862727562
bg_47096,2021-07-14,2712.886586811149
bg_47099,2023-07-07,1507.0964418377505
bg_47106,2024-07-18,1315.8131722247224
bg_47129,2025-04-14,146.3739027286332
bg_47137,2021-07-14,1862.0006368419984
bg_47152,2021-09-22,1177.5202011855451
bg_47155,2025-06-28,256.01907936707215
bg_47157,2023-07-14,477.535327489001
bg_47159,2025-06-28,183.6416739195077
bg_47163,2025-03-25,5787.415320304948
bg_47167,2025-03-25,16783.98059743876
bg_47171,2024-02-14,18262.069506082844
bg_47172,2021-07-09,1324.1521762244915
bg_47175,2023-07-03,1280.6911595306904
bg_47181,2024-07-18,1676.7149025700242
bg_47188,2023-07-09,95.89206640783416
bg_47191,2021-07-14,3807.7865985502317
bg_47192,2019-07-15,4306.9841599198
bg_47197,2025-06-28,279.8188065516405
bg_47198,2024-07-18,2838.919547503913
bg_47202,2025-03-25,4493.286064174133
bg_47204,2023-07-09,944.6793870940281
bg_47205,2024-08-02,1240.5570739389273
bg_47217,2025-04-14,6412.267548785121
bg_47223,2021-07-14,1983.896879300986
bg_47239,2024-07-18,319.76633109220336
bg_47240,2024-07-18,4298.954495979207
bg_47251,2025-03-25,10862.661857210422
bg_47255,2024-07-18,527.5970828198598
bg_47256,2025-09-11,539.4065971045619
bg_47260,2025-04-14,180.50450686891656
bg_47263,2023-07-03,2634.975056124822
bg_47271,2025-10-12,785.4100169974233
bg_47272,2023-07-14,1815.7109511427775
bg_47273,2023-09-14,899.7245056129991
bg_47279,2024-07-18,789.5863709564418
bg_47281,2025-03-25,521.5082343549145
bg_47287,2024-02-14,2510.726440076763
bg_47302,2025-03-25,5019.976228987453
bg_47307,2025-04-14,1054.7480909676797
bg_47310,2025-03-25,626.4000952268025
bg_47314,2024-09-01,1044.1507248476123
bg_47317,2024-07-18,1117.4721881994476
bg_47318,2024-08-02,1365.8970364196844
bg_47327,2023-07-07,2168.272364925792
bg_47342,2025-03-25,611.9722396482678
bg_47343,2021-07-09,1272.0665190154916
bg_47346,2024-07-18,958.8790322035564
bg_47355,2024-09-01,3395.120619786588
bg_47357,2024-07-18,1400.1543815595348
bg_47358,2024-02-14,1131.6819385322276
bg_47373,2021-07-14,5676.572906058879
bg_47376,2023-08-26,2632.976007201757
bg_47380,2023-06-07,236.84381034800484
bg_47382,2024-04-29,2469.273255433648
bg_47386,2025-03-25,6748.387073309006
bg_47388,2022-10-02,8463.432626215968
bg_47404,2018-07-30,8279.464323988544
bg_47409,2025-04-14,1249.506401744498
bg_47413,2023-07-07,1743.3708828590668
bg_47416,2025-03-25,805.1594371925063
bg_47418,2025-03-25,4377.797660890661
bg_47419,2021-07-14,13616.277952818187
bg_47422,2024-02-14,2698.3763284612673
bg_47423,2025-04-14,1761.8994338210528
bg_47428,2022-07-24,1205.737764690192
bg_47440,2023-07-03,272.57859802278386
bg_47447,2024-07-18,1117.7729825415418
bg_47452,2025-03-25,1897.2141445024924
bg_47457,2021-07-14,874.666398234063
bg_47458,2024-07-18,471.95170642769983
bg_47461,2025-06-28,312.79018462851366
bg_47463,2025-04-14,1429.6857815966057
bg_47465,2024-02-14,2963.8684149269066
bg_47469,2025-03-25,250.66106299142868
bg_47470,2024-02-14,1710.3347977514213
bg_47473,2023-05-28,5635.69654010034
bg_47477,2024-07-18,4331.127287208388
bg_47483,2023-07-07,84.24191118450543
bg_47491,2024-02-14,126.40422817305523
bg_47502,2024-07-18,1359.3022957753863
bg_47509,2021-07-14,3538.306183147581
bg_47524,2023-07-03,1975.0926489917435
bg_47525,2023-07-14,2100.4205309413533
bg_47532,2025-03-25,11743.662616070718
bg_47533,2024-02-14,14275.584397320088
bg_47534,2024-09-11,64.77969820869458
bg_47535,2024-02-14,1259.410459738951
bg_47541,2024-07-18,2264.878031528539
bg_47553,2025-03-25,3206.097447614235
bg_47554,2021-07-09,715.347198848249
bg_47568,2024-08-02,1711.3208016323613
bg_47572,2024-07-18,1258.3419839219284
bg_47573,2023-03-16,638.6639827796824
bg_47576,2024-09-01,249.70608823170247
bg_47577,2025-06-28,1673.5975935092606
bg_47580,2025-03-25,5383.4789152092
bg_47585,2023-07-07,172.07181349650074
bg_47586,2024-07-18,1473.990267708917
bg_47594,2024-02-14,411.34724370058905
bg_47597,2024-09-11,4687.4606548215015
bg_47611,2021-07-14,20943.16343999628
bg_47612,2024-07-18,677.4543093078679
bg_47613,2025-03-25,5644.620139256531
bg_47634,2025-10-12,2095.038408621627
bg_47639,2025-06-28,424.8279769507031
bg_47640,2025-03-25,2467.2286242056975
bg_47641,2024-07-18,1589.6454763563393
bg_47645,2025-03-25,3295.136055612832
bg_47647,2025-04-14,751.7968183624595
bg_47649,2022-10-02,11223.39091997149
bg_47650,2025-06-28,2623.685184640231
bg_47655,2025-03-25,3386.776616961864
bg_47658,2021-07-09,474.0348747720932
bg_47673,2024-07-03,7116.815402917022
bg_47676,2023-08-28,419.645531014177
bg_47694,2023-05-28,4348.345306676923
bg_47703,2025-04-14,1746.9579508676313
bg_47716,2025-04-14,206.69270645095074
bg_47720,2025-06-28,1817.361111612199
bg_47724,2025-03-25,1106.5538642109268
bg_47732,2024-07-18,956.8729580252286
bg_47743,2023-07-14,1876.820516751491
bg_47749,2021-07-14,2913.9057846984765
bg_47751,2024-04-29,2602.3224067745587
bg_47755,2024-02-14,1955.9173499920335
bg_47758,2021-07-14,9407.0689519317
bg_47768,2024-02-14,1584.3300240164408
bg_47771,2020-05-05,4618.399734496756
bg_47775,2022-07-24,16241.132996592323
bg_47779,2021-07-14,664.5406252441594
bg_47785,2023-07-14,5060.144980106904
bg_47788,2025-03-25,5274.024598842569
bg_47791,2024-09-01,227.9225750116506
bg_47794,2024-07-18,641.7788831056371
bg_47795,2018-09-03,2270.3434959935516
bg_47804,2025-10-12,1814.9238531686265
bg_47819,2024-02-14,3027.3517222978494
bg_47823,2022-10-02,9698.938658662468
bg_47829,2024-02-14,7411.769960144357
bg_47830,2024-07-18,639.9819286510784
bg_47831,2023-08-26,675.6336360040393
bg_47832,2025-03-25,5219.290567318472
bg_47841,2024-07-18,1436.7075393761054
bg_47842,2022-10-02,7196.395050614049
bg_47844,2025-03-25,1696.3685818832876
bg_47853,2023-07-14,1279.7101423760482
bg_47854,2024-07-18,648.1003759448499
bg_47857,2023-07-07,2923.918796751934
bg_47862,2023-07-14,1470.5168444121978
bg_47864,2024-02-14,8037.715024122284
bg_47870,2024-10-19,1017.270252833551
bg_47871,2024-02-14,3454.9997442110184
bg_47883,2024-07-18,544.618146594449
bg_47889,2023-07-14,1614.0028555115005
bg_47897,2024-09-01,720.9610763418996
bg_47898,2023-07-14,3495.628816507758
bg_47900,2025-04-14,645.3115623482163
bg_47902,2023-08-26,259.5884244339825
bg_47903,2025-03-25,10378.851994690986
bg_47906,2019-02-08,2965.7763039042716
bg_47923,2025-03-25,1395.0793558076555
bg_47932,2025-03-25,703.0831280153365
bg_47934,2024-07-08,1600.900259759976
bg_47935,2024-07-18,472.5902607968092
bg_47941,2025-06-28,4782.381299530581
bg_47942,2024-02-14,1556.1849624321587
bg_47946,2024-08-02,1057.9273045440948
bg_47950,2023-07-09,1715.496586356093
bg_47954,2024-02-14,967.6772027903488
bg_47955,2024-02-14,2500.544499104229
bg_47956,2025-03-25,417.53386090222864
bg_47959,2025-03-25,10045.464200404072
bg_47967,2024-04-29,2802.7131627764484
bg_47974,2024-07-18,1546.1360782608872
bg_47975,2025-09-11,1690.591501516555
bg_47976,2025-03-25,1576.1382387339124
bg_47978,2025-03-25,3051.5413046687745
bg_47987,2025-08-07,1713.1306216690004
bg_47992,2024-07-18,2240.855332769162
bg_48001,2019-07-15,2950.9947349664944
bg_48002,2024-07-18,407.7569869419829
bg_48005,2021-07-14,4854.936134471955
bg_48006,2023-07-14,3616.778131790692
bg_48007,2022-10-02,2228.4156618774737
bg_48023,2025-10-12,17551.02002154856
bg_48025,2024-07-18,2590.6325828453078
bg_48026,2025-03-25,10619.088427336876
bg_48040,2024-02-14,837.6528068360268
bg_48056,2023-08-26,1269.6226880455495
bg_48057,2023-07-09,245.16595787338542
bg_48068,2024-02-14,527.5275253482156
bg_48074,2025-04-14,503.61573942839925
bg_48076,2024-07-18,2285.4074523595427
bg_48091,2024-02-14,12661.896153301946
bg_48095,2025-03-25,318.38539931984457
bg_48102,2021-07-14,16687.822088708792
bg_48107,2021-07-14,3609.6694942334098
bg_48108,2021-07-14,3939.563060848323
bg_48113,2024-07-18,541.6359985266064
bg_48118,2018-07-30,2619.4047698284376
bg_48128,2025-04-14,463.90416359442753
bg_48138,2024-07-18,1126.698786544192
bg_48145,2024-07-18,1725.4718690549014
bg_48148,2022-07-24,3951.5854456281086
bg_48149,2023-07-14,616.8841548459534
bg_48155,2024-07-18,835.3048620117487
bg_48160,2024-09-01,5752.620196823192
bg_48162,2025-03-25,3836.079821927777
bg_48166,2024-04-04,1560.7435323589857
bg_48169,2025-04-14,3241.469519400124
bg_48174,2025-03-25,1072.44221499364
bg_48182,2025-04-14,2788.3717695457717
bg_48184,2024-02-14,15921.74297459308
bg_48186,2025-09-11,125.03238780415366
bg_48190,2024-07-18,506.6038620064548
bg_48196,2025-03-25,5555.430089705005
bg_48210,2022-07-24,5536.136756267828
bg_48221,2025-10-12,18070.125346529898
bg_48224,2023-07-03,525.1274269167433
bg_48228,2025-06-28,1148.9793244440839
bg_48229,2025-03-25,3059.330376814395
bg_48239,2025-03-25,5268.929100547859
bg_48241,2023-05-28,1635.537981857886
bg_48243,2024-07-18,366.39488670015515
bg_48255,2021-07-14,4697.345829263597
bg_48257,2022-10-02,1511.7595908412889
bg_48258,2024-09-11,15168.242127434858
bg_48281,2025-03-25,1038.4479081781546
bg_48286,2024-02-14,1525.8739694352917
bg_48301,2024-09-01,18053.49183893523
bg_48313,2024-04-29,686.1721517226355
bg_48318,2022-10-02,3061.954657355001
bg_48323,2024-02-14,8966.590743761035
bg_48336,2025-03-25,1146.0944469372773
bg_48337,2024-09-11,6037.64302658704
bg_48340,2024-09-11,349.3787264557374
bg_48341,2025-04-14,1370.829343900974
bg_48342,2024-07-18,985.6283304572876
bg_48351,2022-10-02,1840.5153698081756
bg_48354,2025-04-14,2290.3564355796243
bg_48358,2022-07-24,6682.3663060625395
bg_48364,2024-07-18,2224.3567456008054
bg_48368,2025-03-25,1014.7277095360776
bg_48377,2024-07-18,528.8028942810124
bg_48380,2024-07-18,785.0166880394628
bg_48382,2023-03-16,935.3666919985087
bg_48385,2024-09-11,13735.674828070574
bg_48388,2024-07-18,1407.4241992022428
bg_48389,2024-02-14,1672.5946403419198
bg_48395,2025-04-14,890.3360915967089
bg_48398,2020-03-26,1329.4722812453683
bg_48406,2025-03-25,4830.5717680726975
bg_48407,2024-02-14,1214.5667930993498
bg_48414,2023-07-14,3183.2125194683786
bg_48421,2024-09-01,316.4532630575847
bg_48423,2018-09-03,1603.6011464825435
bg_48426,2024-02-14,3217.2958909307526
bg_48429,2025-03-25,6319.721270412286
bg_48435,2021-07-14,1901.2704965101375
bg_48438,2024-02-14,868.6026905323653
bg_48442,2025-04-14,1551.2416945468062
bg_48452,2025-03-25,5474.537762962183
bg_48453,2024-02-14,9456.279835077954
bg_48454,2025-04-14,1500.7971964924861
bg_48457,2024-09-11,5221.520022991222
bg_48459,2024-07-18,2277.0385711268914
bg_48460,2025-03-25,623.4988072160855
bg_48472,2025-06-28,1952.0941721647444
bg_48473,2021-07-09,1375.3540170441288
bg_48482,2023-06-07,520.7540476078395
bg_48484,2022-07-24,3706.1904573836487
bg_48489,2023-05-28,4270.304561281037
bg_48499,2025-03-25,574.8713153393268
bg_48503,2024-02-14,1428.211489416284
bg_48507,2023-07-03,3172.3165366022354
bg_48508,2024-07-18,494.11523453548523
bg_48509,2025-03-25,2635.3356759623493
bg_48511,2024-09-11,786.8884385984813
bg_48518,2022-10-02,12741.912137606818
bg_48523,2024-09-01,763.6289520440413
bg_48525,2023-07-14,1002.1512814443504
bg_48526,2024-02-14,19575.735478803912
bg_48528,2024-09-01,3682.1538292827495
bg_48536,2023-07-07,363.51556018983024
bg_48539,2024-09-01,586.4156308457227
bg_48547,2025-04-14,1701.2537082985648
bg_48554,2025-03-25,210.33728461694866
bg_48559,2024-10-19,319.0483665526887
bg_48563,2024-07-18,1898.1390571820414
bg_48571,2024-02-14,8395.342926099062
bg_48575,2019-04-26,3285.718921179923
bg_48576,2025-06-28,233.53848355224815
bg_48586,2025-03-25,1294.219144117368
bg_48589,2024-07-18,1163.6338906202297
bg_48593,2021-07-14,2240.351351306317
bg_48599,2025-09-11,3170.705721523281
bg_48608,2021-07-14,10494.673621623491
bg_48615,2025-04-14,6129.81030514012
bg_48616,2025-04-14,4992.406178196782
bg_48619,2024-07-18,1281.4221302915685
bg_48633,2024-02-14,8047.9209892990375
bg_48634,2023-07-14,829.7175126511945
bg_48639,2023-07-03,225.63780711571687
bg_48656,2024-08-27,1467.9961324881883
bg_48660,2024-02-14,15849.908406300156
bg_48666,2025-03-25,1343.1319197310922
bg_48667,2024-07-18,1394.9323618369433
bg_48670,2024-09-11,2566.8827422572103
bg_48675,2024-07-18,1794.5431822610979
bg_48676,2025-04-14,2750.215479339858
bg_48682,2023-07-14,1114.1351244799364
bg_48684,2021-07-09,662.2613886524241
bg_48685,2024-02-14,648.0380744987873
bg_48688,2025-03-25,3350.8899509384323
bg_48701,2024-07-18,523.2293700659285
bg_48706,2024-02-14,1340.2192716865163
bg_48709,2023-08-26,478.38968184939387
bg_48731,2024-07-18,1830.200505545684
bg_48732,2025-08-07,648.8770472901023
bg_48749,2025-03-25,3069.9824423113137
bg_48755,2023-08-26,1237.7644266983816
bg_48756,2024-07-18,1338.644867954554
bg_48761,2025-04-14,25.29227945471955
bg_48763,2025-04-14,1038.0679459938558
bg_48772,2023-08-26,999.179300026146
bg_48774,2023-07-07,1754.6499045963294
bg_48784,2024-09-01,10293.298782941343
bg_48786,2025-10-12,2508.9648301242373
bg_48787,2025-04-14,1718.7408870448521
bg_48788,2025-03-25,12277.830750442057
bg_48790,2024-09-01,2176.7431600444224
bg_48793,2025-03-25,7508.077206029555
bg_48801,2024-07-03,2504.735253434993
bg_48805,2025-03-25,526.614998362196
bg_48806,2024-07-18,466.6878855295234
bg_48810,2025-03-25,1817.4088099544583
bg_48811,2024-02-14,6704.529006947784
bg_48814,2025-03-25,2276.4268043143506
bg_48817,2024-09-11,11820.47366117337
bg_48827,2022-07-24,12591.520256783913
bg_48837,2024-02-14,4041.8682107288078
bg_48840,2025-06-28,220.69713659225437
bg_48841,2024-07-03,1697.859862886233
bg_48842,2024-07-18,1057.636784581553
bg_48852,2025-03-25,3095.0785501662344
bg_48859,2024-07-18,2204.3300873734574
bg_48865,2024-02-14,993.4973683909219
bg_48869,2024-02-14,1562.4342124071675
bg_48885,2025-03-25,4145.542556191911
bg_48896,2023-07-03,2252.49143512279
bg_48901,2024-07-18,639.5020160248748
bg_48903,2024-10-16,1831.1984430968107
bg_48920,2025-06-28,654.8456683068641
bg_48922,2024-07-18,1267.275573819989
bg_48926,2025-06-28,1110.5470035977394
bg_48928,2025-03-25,7375.80754613357
bg_48930,2025-04-14,1257.7545601984154
bg_48936,2021-07-09,1063.2200613701777
bg_48937,2021-05-15,439.78483148014175
bg_48941,2023-07-07,551.7045365954211
bg_48946,2025-03-25,4375.574569185241
bg_48948,2021-07-14,7028.927875031866
bg_48957,2023-07-09,1230.9001100414214
bg_48959,2024-02-14,1439.3889984992143
bg_48961,2024-07-03,300.2869720782623
bg_48967,2024-09-01,10703.640904612708
bg_48979,2025-03-25,4167.115290281703
bg_48989,2024-02-14,5573.424609743622
bg_48991,2025-04-14,122.38209223586571
bg_48995,2023-07-14,1557.5515197898449
bg_49003,2025-06-28,558.1987353982155
bg_49014,2024-09-11,22189.833205107552
bg_49016,2023-07-14,2674.561994289786
bg_49019,2025-03-25,481.5495199873567
bg_49020,2025-03-25,1457.1689357449068
bg_49023,2024-04-29,888.922542238693
bg_49026,2022-10-02,11663.468649784125
bg_49029,2025-04-14,2988.0785520129443
bg_49036,2024-09-11,1197.5750867483082
bg_49037,2025-03-25,807.8739052597804
bg_49040,2024-02-14,680.3061073517651
bg_49047,2021-07-14,317.75582905746637
bg_49049,2021-07-14,2103.633415046548
bg_49055,2023-07-07,823.8179673325034
bg_49057,2024-07-18,397.8327061716532
bg_49064,2024-07-18,2379.345293520931
bg_49065,2024-02-14,2020.9699248879433
bg_49076,2023-07-07,1577.4251309334663
bg_49092,2024-10-19,248.6092075931922
bg_49093,2024-02-14,1051.867112566985
bg_49097,2022-10-02,10861.985965490112
bg_49106,2025-03-25,3615.624740511938
bg_49119,2025-03-25,548.3957830802158
bg_49122,2024-02-14,962.3036350858852
bg_49132,2024-02-14,1138.1694134443542
bg_49142,2025-03-25,12472.711979858212
bg_49144,2025-03-25,3534.717278878105
bg_49145,2025-03-25,3843.574094121433
bg_49148,2025-04-14,2040.2069539386641
bg_49154,2024-07-18,1974.524147231717
bg_49157,2024-07-18,1472.881025609366
bg_49158,2024-08-27,366.84546133217543
bg_49160,2023-08-26,191.69220589266786
bg_49162,2018-07-25,1870.218842408428
bg_49165,2024-07-18,540.0332179599292
bg_49181,2024-02-14,800.5006839474383
bg_49186,2025-04-14,1473.1105184947417
bg_49190,2024-07-18,5321.697796925335
bg_49191,2025-03-25,353.3877462505917
bg_49202,2021-07-14,1489.5934586992373
bg_49208,2025-03-25,3597.0416737230257
bg_49212,2025-06-28,935.134203202928
bg_49220,2022-10-02,20401.010500622346
bg_49221,2022-07-24,6559.49327009335
bg_49222,2025-10-12,21483.237394333697
bg_49223,2025-10-12,7544.7176301571135
bg_49225,2025-09-21,418.6121877109358
bg_49246,2025-04-14,122.7441668675334
bg_49249,2024-07-03,138.98015433880698
bg_49250,2024-02-14,291.63298921751505
bg_49254,2025-03-25,3283.579577123235
bg_49256,2024-07-18,283.1261988934168
bg_49273,2025-03-25,375.87465211175066
bg_49279,2025-03-25,2256.444075730716
bg_49284,2025-03-25,346.5846447837688
bg_49289,2021-07-14,8333.089071910856
bg_49295,2024-07-18,2715.554046322909
bg_49300,2021-07-14,266.6453871719836
bg_49304,2024-07-18,3143.4825704621944
bg_49310,2022-10-02,6389.035012096915
bg_49314,2022-07-24,1942.2520470835927
bg_49319,2024-02-14,1691.5966901127636
bg_49320,2025-03-25,12540.228234493983
bg_49328,2024-02-14,517.1228652843606
bg_49329,2025-03-25,797.5912645584788
bg_49332,2023-07-09,936.4208332796437
bg_49336,2025-06-28,989.4287869778777
bg_49337,2025-06-28,1299.5704915468893
bg_49339,2025-09-11,809.9035856815607
bg_49342,2025-04-14,143.6300003477964
bg_49353,2021-07-09,1888.4278973792166
bg_49369,2024-07-18,2617.5713908124158
bg_49370,2025-08-07,421.8012594813903
bg_49373,2021-07-09,794.0065342930479
bg_49378,2024-02-14,1011.727381659631
bg_49379,2024-02-14,2705.5972111163596
bg_49381,2019-07-15,1106.5638181324698
bg_49383,2022-07-24,8471.98738415023
bg_49384,2025-03-25,12840.918398120884
bg_49389,2025-03-25,1082.632346182323
bg_49396,2023-09-14,741.4668764685464
bg_49397,2024-07-18,3211.2778387427525
bg_49399,2025-03-25,657.6432404427845
bg_49401,2024-02-14,2808.062076949145
bg_49412,2024-07-18,872.1362660733251
bg_49416,2025-04-14,2478.347033911694
bg_49418,2024-09-01,905.9504968817969
bg_49425,2024-07-18,476.8316342273017
bg_49430,2024-02-14,1239.9190577210402
bg_49434,2025-03-25,7544.669607245921
bg_49442,2024-09-01,5520.165395031391
bg_49445,2025-03-25,873.2704818668808
bg_49448,2025-03-25,952.2495828300449
bg_49457,2025-03-25,1192.7507774049245
bg_49473,2024-07-18,1933.4108199242512
bg_49474,2024-09-11,16875.243179832818
bg_49482,2023-07-07,73.74116421676314
bg_49488,2024-04-04,1428.4802716171712
bg_49501,2025-03-25,1444.4813331434586
bg_49502,2025-03-25,1865.1001098064512
bg_49504,2022-10-02,17798.29210178605
bg_49508,2021-07-14,5346.998562950959
bg_49515,2025-04-14,3203.880405508277
bg_49530,2024-02-14,2636.397056969827
bg_49536,2025-10-12,7596.618634024088
bg_49540,2024-07-18,566.6800031764259
bg_49547,2025-04-14,461.2503945797611
bg_49551,2025-10-12,2940.919044550565
bg_49556,2024-09-01,704.9546863451493
bg_49561,2025-03-25,585.2059637426498
bg_49567,2024-02-14,1766.3664549012028
bg_49571,2021-07-14,7932.335084311629
bg_49573,2025-03-25,12319.216458220793
bg_49574,2025-10-12,12332.635962246832
bg_49578,2024-04-29,1236.4183434421263
bg_49580,2025-04-14,841.6325148186821
bg_49581,2024-07-18,1451.8945505786157
bg_49585,2018-05-26,448.63618322615497
bg_49592,2025-04-14,1968.9974815880062
bg_49598,2023-07-07,190.2811945516429
bg_49600,2024-07-18,672.4045419983445
bg_49616,2024-07-18,2081.744895514304
bg_49621,2024-07-18,466.08841435972107
bg_49625,2024-09-01,701.0440263634591
bg_49639,2023-08-19,1657.0617684322854
bg_49643,2025-06-28,471.2996923402401
bg_49654,2025-04-14,5806.148521808553
bg_49658,2025-03-25,2485.949601178471
bg_49665,2024-07-18,2401.6107935300406
bg_49668,2019-04-26,1354.1549341563662
bg_49672,2024-07-18,546.2480421935187
bg_49674,2025-03-25,1518.9647914617358
bg_49675,2022-10-02,6090.76540432328
bg_49677,2024-09-01,304.0693450514016
bg_49678,2025-04-14,26599.704983320895
bg_49695,2024-09-01,8051.559276866641
bg_49700,2025-04-14,237.5237777570897
bg_49704,2025-03-25,569.1532071422145
bg_49708,2018-05-26,804.9057377111175
bg_49710,2025-04-14,625.4132899931221
bg_49720,2024-09-01,3106.963666041138
bg_49726,2024-07-18,866.2282919646716
bg_49728,2023-07-14,1234.7973650765675
bg_49730,2024-09-01,7505.393880996471
bg_49735,2024-07-18,3537.7728241509208
bg_49740,2024-02-14,5844.0497930200845
bg_49743,2022-10-02,7877.0070688365395
bg_49749,2025-04-14,872.4179448523272
bg_49750,2024-02-14,767.526759207868
bg_49759,2024-02-14,1345.01561779018
bg_49767,2021-07-14,7599.038180217158
bg_49771,2024-02-14,1178.6146119915268
bg_49780,2025-03-25,485.14783087206985
bg_49782,2025-04-14,237.39083238418993
bg_49789,2025-10-12,2425.3303545702897
bg_49790,2023-08-26,2301.674969342938
bg_49800,2024-02-14,293.5963291664519
bg_49807,2024-04-29,2601.630697408879
bg_49813,2025-03-25,7092.022593139659
bg_49827,2024-02-14,1102.4266158795633
bg_49834,2025-04-14,3339.64423284871
bg_49835,2025-03-25,959.170425159359
bg_49839,2024-10-19,1564.0685612210839
bg_49840,2024-07-18,545.3027975353053
bg_49846,2021-07-14,1474.9147669608726
bg_49857,2025-03-25,12297.493190504349
bg_49861,2025-03-25,299.88291715264023
bg_49869,2021-07-09,275.87501699153455
bg_49873,2025-03-25,529.0145484765272
bg_49879,2025-04-14,2065.211589353461
bg_49887,2023-08-07,2751.9426315603087
bg_49888,2023-07-14,1421.6278133534468
bg_49895,2025-06-28,1184.083426959144
bg_49900,2024-07-18,320.2626384703759
bg_49901,2021-07-14,4050.762573861838
bg_49911,2021-07-14,2860.622779623468
bg_49918,2024-02-14,1045.1646004341135
bg_49919,2025-03-25,5204.478195217996
bg_49924,2023-08-12,783.3722962294701
bg_49931,2025-03-25,1854.2969313734056
bg_49934,2024-07-18,1186.327242964646
bg_49935,2023-07-07,554.2697079942154
bg_49939,2025-06-28,2904.46948081756
bg_49956,2021-07-14,4109.075936728367
bg_49966,2025-03-25,12032.166000188707
bg_49973,2023-07-07,377.86484488504465
bg_49976,2022-07-24,12811.710739827087
bg_49981,2025-03-25,1494.7080451045447
bg_49982,2024-02-14,3189.4552564348646
bg_49992,2025-10-12,12571.760842332536
bg_49993,2023-07-07,1270.638157934824
bg_49996,2025-04-14,5297.115561208775
bg_49997,2023-07-03,230.64044766692362
