lid,event,ft,slope,x,y,total,max24,max72,map_mm,annmax_mm
2018_6,瑪莉亞颱風,闊葉樹林型,48.13976949528136,283958.0,2609868.15,32.10499954223633,32.10499954223633,32.10499954223633,2298.92041015625,137.5152587890625
2018_7,0823熱帶低壓,闊葉樹林型,23.893396656492648,219668.7,2450304.35,615.8200073242188,128.875,312.0050048828125,2724.057861328125,155.72097778320312
2018_8,0823熱帶低壓,闊葉樹林型,35.28126182726603,219594.1,2450312.74,615.8200073242188,128.875,312.0050048828125,2724.057861328125,155.72097778320312
2018_9,0823熱帶低壓,闊葉樹林型,14.103462835639398,219407.26,2450065.78,615.8200073242188,128.875,312.0050048828125,2636.051513671875,156.58033752441406
2018_10,0823熱帶低壓,闊葉樹林型,30.985684296843363,219508.59,2450204.89,615.8200073242188,128.875,312.0050048828125,2636.051513671875,156.58033752441406
2018_11,0823熱帶低壓,闊葉樹林型,49.05111016553776,297921.23,2718243.83,43.1349983215332,18.225000381469727,31.35999870300293,2200.2421875,149.63926696777344
2018_12,0823熱帶低壓,闊葉樹林型,41.59751679121417,253582.62,2541137.91,505.03997802734375,172.88499450683594,278.8299865722656,2634.057861328125,132.86244201660156
2018_14,0823熱帶低壓,闊葉樹林型,39.84215955425675,210059.07,2561970.72,555.260009765625,239.9399871826172,291.41998291015625,2595.341064453125,162.25697326660156
2018_15,0823熱帶低壓,闊葉樹林型,46.53438273346463,222086.82,2561745.28,485.8999938964844,209.02999877929688,253.76998901367188,2787.701904296875,169.62338256835938
2018_17,0823熱帶低壓,闊葉樹林型,24.52281262777141,217764.17,2568996.34,496.4499816894531,225.71499633789062,265.79498291015625,2736.55712890625,170.5413360595703
2018_18,0823熱帶低壓,闊葉樹林型,36.51456867399333,217287.45,2569024.31,496.4499816894531,225.71499633789062,265.79498291015625,2736.55712890625,170.5413360595703
2018_24,0823熱帶低壓,闊葉樹林型,38.903551214305885,212373.99,2578925.82,473.35498046875,209.48500061035156,250.75498962402344,2336.316650390625,150.14096069335938
2018_26,0823熱帶低壓,闊葉樹林型,35.29811642184922,227738.44,2585340.82,451.0149841308594,194.85499572753906,236.72000122070312,2655.336669921875,149.27206420898438
2018_27,0823熱帶低壓,闊葉樹林型,33.197229942878394,212284.66,2591859.03,429.6999816894531,189.73500061035156,220.83499145507812,2643.5244140625,148.5769500732422
2018_32,0823熱帶低壓,闊葉樹林型,14.434094830851231,232945.99,2457978.19,634.6549682617188,149.8249969482422,313.2049865722656,2511.745849609375,145.3084259033203
2018_33,0823熱帶低壓,闊葉樹林型,44.53600944536456,232151.04,2473930.11,605.1699829101562,148.58499145507812,304.93499755859375,2379.845458984375,135.04287719726562
2018_34,0823熱帶低壓,闊葉樹林型,51.00600743245538,216312.54,2475525.76,643.4749755859375,167.4499969482422,300.625,2970.405029296875,168.360595703125
2018_35,0823熱帶低壓,闊葉樹林型,46.242226022013895,214004.75,2488892.18,604.1549682617188,175.26499938964844,305.78997802734375,3161.35009765625,181.48779296875
2018_37,0823熱帶低壓,闊葉樹林型,38.78215347624,235468.04,2504830.26,551.239990234375,161.52999877929688,298.8500061035156,2563.135009765625,133.9579620361328
2018_38,0823熱帶低壓,闊葉樹林型,32.02597107856493,187528.58,2515847.19,572.1499633789062,179.05499267578125,285.6000061035156,2018.1337890625,128.9523162841797
2018_39,0823熱帶低壓,闊葉樹林型,42.5163425625201,226379.18,2509007.21,531.1799926757812,153.6949920654297,280.0799865722656,3247.296630859375,172.06101989746094
2018_40,0823熱帶低壓,闊葉樹林型,55.77194256223351,244275.08,2515418.9,527.60498046875,162.72999572753906,291.78997802734375,2659.226318359375,138.2041473388672
2018_41,0823熱帶低壓,闊葉樹林型,37.42543512676668,250584.52,2523157.68,507.9749755859375,168.18499755859375,286.1499938964844,2407.536376953125,128.34336853027344
2018_45,0823熱帶低壓,竹林,24.65223572323068,211479.2,2534965.99,519.9550170898438,199.39498901367188,256.05499267578125,2656.133544921875,170.91372680664062
2018_46,0823熱帶低壓,闊葉樹林型,39.50971228619393,210182.36,2540226.82,519.9550170898438,199.39498901367188,256.05499267578125,2710.6376953125,174.08975219726562
2018_47,0909熱帶低壓,闊葉樹林型,13.342363797088236,311576.41,2795217.97,154.37998962402344,101.75,152.25498962402344,1646.6932373046875,125.98481750488281
2018_52,0613暨0619豪雨暨瑪莉亞颱風,闊葉樹林型,47.10090264184485,279260.16,2685670.2,235.96749877929688,61.01499938964844,65.05999755859375,2442.231689453125,136.23085021972656
2018_53,0613暨0619豪雨暨瑪莉亞颱風,闊葉樹林型,41.56364135798625,270315.9,2678500.87,274.9604797363281,60.119998931884766,80.72000122070312,2394.2109375,159.887451171875
2018_55,0613暨0619豪雨暨瑪莉亞颱風,闊葉樹林型,34.99202019855866,252773.36,2555862.84,337.5199890136719,82.28499603271484,117.42499542236328,1921.8065185546875,106.97059631347656
2018_57,0613暨0619豪雨暨瑪莉亞颱風,闊葉樹林型,56.2841929881041,246110.92,2552123.43,353.20050048828125,96.04999542236328,131.239990234375,2037.9127197265625,106.47775268554688
2018_58,0613暨0619豪雨暨瑪莉亞颱風,闊葉樹林型,57.64307398669554,245982.8,2552173.43,353.20050048828125,96.04999542236328,131.239990234375,2037.9127197265625,106.47775268554688
2018_59,0613暨0619豪雨暨瑪莉亞颱風,闊葉樹林型,51.94046637738488,249180.17,2535667.41,339.7044982910156,108.81999969482422,134.55499267578125,2796.07373046875,138.0121612548828
2018_60,0613暨0619豪雨暨瑪莉亞颱風,闊葉樹林型,37.90505895833579,252637.21,2528413.05,352.72198486328125,119.18499755859375,137.19000244140625,2545.30322265625,132.95693969726562
2018_61,0613暨0619豪雨暨瑪莉亞颱風,闊葉樹林型,39.14355704978305,247185.79,2530205.11,374.3184814453125,124.125,139.28500366210938,2691.63232421875,130.44161987304688
2018_62,0613暨0619豪雨暨瑪莉亞颱風,闊葉樹林型,49.85365752782776,249215.34,2512165.73,391.4329833984375,130.4499969482422,147.75999450683594,2227.70556640625,122.15391540527344
2018_64,0909熱帶低壓暨山竹颱風,闊葉樹林型,43.57077227020226,252784.27,2556972.88,166.23500061035156,120.125,144.68499755859375,1921.8065185546875,106.97059631347656
2018_65,0909熱帶低壓暨山竹颱風,闊葉樹林型,38.11835994667712,248579.57,2556309.86,151.48500061035156,108.43000030517578,132.73500061035156,2213.29150390625,120.28736877441406
2018_66,0909熱帶低壓暨山竹颱風,闊葉樹林型,42.59042663590696,247977.27,2554491.76,141.58499145507812,97.46499633789062,119.83999633789062,2037.9127197265625,106.47775268554688
2018_67,0909熱帶低壓暨山竹颱風,闊葉樹林型,44.19926406432079,258299.52,2560649.73,166.23500061035156,120.125,144.68499755859375,1899.56494140625,103.24708557128906
2018_68,0909熱帶低壓暨山竹颱風,闊葉樹林型,48.082496179513946,264884.8,2560373.97,159.739990234375,96.79999542236328,121.3449935913086,2042.8485107421875,116.05941772460938
2018_69,0909熱帶低壓暨山竹颱風,闊葉樹林型,52.15176825496264,272827.29,2583550.8,171.80499267578125,118.53499603271484,142.63499450683594,2521.49609375,159.008544921875
2018_70,0909熱帶低壓暨山竹颱風,闊葉樹林型,47.7924373291279,256407.43,2582265.67,166.77999877929688,116.3449935913086,152.3199920654297,2362.748779296875,143.79148864746094
2018_72,0909熱帶低壓暨山竹颱風,闊葉樹林型,41.46155762076173,282934.86,2659975.93,121.5949935913086,75.4000015258789,104.40999603271484,2648.472900390625,151.1837158203125
2019_0,白鹿颱風,闊葉樹林型,16.808314433366295,270101.04,2582758.12,192.95999145507812,184.00999450683594,192.95999145507812,2361.29248046875,146.88917541503906
2019_2,白鹿颱風,闊葉樹林型,46.53438273346463,245665.92,2582198.89,153.5800018310547,130.30999755859375,153.5800018310547,2611.469970703125,128.01031494140625
2019_3,白鹿颱風,闊葉樹林型,46.5263493090976,248744.43,2579816.34,153.5800018310547,130.30999755859375,153.5800018310547,2611.469970703125,128.01031494140625
2019_5,白鹿颱風,闊葉樹林型,39.63842114615208,262082.24,2570980.26,189.625,181.58499145507812,189.625,2327.461181640625,142.00421142578125
2019_7,白鹿颱風,闊葉樹林型,41.23221278344418,255854.82,2547764.76,178.30499267578125,162.63999938964844,178.30499267578125,1937.48486328125,103.57821655273438
2019_9,白鹿颱風,闊葉樹林型,34.78470182920318,240140.68,2532749.33,114.375,102.90499877929688,114.375,2763.902587890625,134.30699157714844
2019_10,白鹿颱風,闊葉樹林型,40.376760812124,238082.75,2528446.86,118.56499481201172,104.79499816894531,118.56499481201172,2659.308349609375,132.2608642578125
2019_12,白鹿颱風,闊葉樹林型,37.247373202381205,243787.9,2527747.92,114.375,102.90499877929688,114.375,2763.902587890625,134.30699157714844
2019_13,利奇馬颱風,竹林,37.90505895833579,281895.43,2727704.03,110.48999786376953,88.44499969482422,110.48999786376953,2176.807373046875,125.84896087646484
2019_14,利奇馬颱風,闊葉樹林型,35.14579037169356,275653.47,2665432.4,99.59500122070312,73.05500030517578,99.59500122070312,2686.13525390625,158.62677001953125
2019_15,利奇馬颱風,闊葉樹林型,44.8650800832348,219246.96,2558579.52,55.03999710083008,25.514999389648438,49.88999938964844,2666.719482421875,172.3930206298828
2019_19,白鹿颱風,闊葉樹林型,49.92253116417593,285714.34,2660542.66,101.04000091552734,88.55500030517578,101.04000091552734,2330.667236328125,145.41802978515625
2019_20,白鹿颱風,闊葉樹林型,59.85683435861931,270408.58,2586515.05,192.95999145507812,184.00999450683594,192.95999145507812,2533.548583984375,165.17140197753906
2019_21,白鹿颱風,闊葉樹林型,50.12698754083821,293229.22,2659960.65,156.90499877929688,135.7050018310547,156.90499877929688,2381.613525390625,137.01673889160156
2019_22,白鹿颱風,闊葉樹林型,47.91647143816213,280427.16,2633824.43,91.16999816894531,86.26000213623047,91.16999816894531,2476.8828125,145.62222290039062
2019_23,利奇馬颱風、0815豪雨、白鹿颱風,闊葉樹林型,29.71061986959468,234172.1,2576450.4,413.97998046875,122.33499908447266,141.1999969482422,2418.293701171875,138.82501220703125
2019_25,白鹿颱風,闊葉樹林型,52.61435829572586,259227.02,2557152.39,159.9250030517578,142.91000366210938,159.9250030517578,1899.56494140625,103.24708557128906
2019_26,白鹿颱風,闊葉樹林型,48.50622597171452,250910.69,2556707.03,159.9250030517578,142.91000366210938,159.9250030517578,1921.8065185546875,106.97059631347656
2019_27,白鹿颱風,闊葉樹林型,51.5012610615559,250899.07,2556991.34,159.9250030517578,142.91000366210938,159.9250030517578,1921.8065185546875,106.97059631347656
2019_28,利奇馬颱風、0815豪雨、白鹿颱風,闊葉樹林型,40.327805440220686,235882.71,2556309.24,417.2149963378906,133.43499755859375,151.52499389648438,2601.054931640625,152.44601440429688
2019_30,利奇馬颱風、0815豪雨、白鹿颱風,闊葉樹林型,36.05502968442895,225850.96,2527764.55,403.2749938964844,82.91999816894531,124.53499603271484,2923.65380859375,170.8692626953125
2019_33,白鹿颱風,闊葉樹林型,49.85993385121615,237326.27,2529044.38,118.56499481201172,104.79499816894531,118.56499481201172,2659.308349609375,132.2608642578125
2019_35,白鹿颱風,闊葉樹林型,28.40597188009524,242540.0,2524764.16,114.375,102.90499877929688,114.375,2639.58642578125,125.33547973632812
2019_37,利奇馬颱風、0815豪雨、白鹿颱風,闊葉樹林型,45.37114282183035,253954.33,2642063.78,281.7449951171875,77.15999603271484,80.125,1799.2901611328125,105.68270874023438
2019_38,利奇馬颱風、0815豪雨、白鹿颱風,闊葉樹林型,38.46757814830217,236660.58,2616675.65,376.94000244140625,100.13999938964844,113.22000122070312,2241.6083984375,131.99200439453125
2019_40,利奇馬颱風、0815豪雨、白鹿颱風,闊葉樹林型,41.56364135798625,275674.5,2666486.27,362.17498779296875,107.00999450683594,129.6199951171875,2508.7705078125,148.00758361816406
2019_42,利奇馬颱風、0815豪雨、白鹿颱風,闊葉樹林型,35.009177890477666,266610.86,2649465.97,349.41497802734375,86.9949951171875,101.00499725341797,2654.02197265625,161.9046173095703
2019_43,利奇馬颱風,闊葉樹林型,45.78377864972804,262153.76,2705743.73,142.4550018310547,93.54000091552734,142.38499450683594,2262.27099609375,154.8490447998047
2019_44,利奇馬颱風,闊葉樹林型,48.651427125408304,257540.1,2706709.04,155.3300018310547,104.07499694824219,155.3300018310547,2114.222412109375,147.14002990722656
2019_45,利奇馬颱風,闊葉樹林型,48.2252263459996,274995.33,2719264.49,95.40499877929688,60.994998931884766,95.40499877929688,2213.0478515625,133.32083129882812
2019_46,利奇馬颱風,闊葉樹林型,44.4246291370315,287487.12,2734916.25,104.54000091552734,91.63999938964844,104.54000091552734,2373.702880859375,141.1601104736328
2019_47,利奇馬颱風,闊葉樹林型,54.75669226784779,284716.41,2737278.31,104.54000091552734,91.63999938964844,104.54000091552734,2242.927978515625,138.89501953125
2019_49,利奇馬颱風、0815豪雨、白鹿颱風,闊葉樹林型,30.541505272932262,271388.28,2670583.02,362.17498779296875,107.00999450683594,129.6199951171875,2795.511962890625,199.6590576171875
2019_50,利奇馬颱風、0815豪雨、白鹿颱風,闊葉樹林型,38.11835994667712,266053.79,2665683.54,357.3349914550781,65.40499877929688,116.20499420166016,2673.134765625,166.9835205078125
2019_52,利奇馬颱風、0815豪雨、白鹿颱風,闊葉樹林型,38.836224204282125,252824.72,2610478.58,350.9700012207031,176.4149932861328,192.52999877929688,2353.643310546875,122.0654296875
2019_54,0518及0611豪雨,闊葉樹林型,53.07950451918269,264883.38,2700743.51,451.4839782714844,86.8699951171875,150.03500366210938,2272.451416015625,134.532958984375
2019_55,0518及0611豪雨,闊葉樹林型,32.985092758994966,265057.54,2700749.89,451.4839782714844,86.8699951171875,150.03500366210938,2272.451416015625,134.532958984375
2019_60,0518及0611豪雨,闊葉樹林型,44.27477570094075,270041.84,2671070.48,526.4854736328125,103.10999298095703,180.5349884033203,2607.684326171875,178.45928955078125
2019_62,0518及0611豪雨,闊葉樹林型,41.74343906313782,275423.4,2664681.74,533.7160034179688,136.36000061035156,208.0749969482422,2763.3662109375,175.1996612548828
2019_63,0518及0611豪雨,闊葉樹林型,35.43232547287678,274532.91,2664915.65,533.7160034179688,136.36000061035156,208.0749969482422,2763.3662109375,175.1996612548828
2019_64,0518及0611豪雨,闊葉樹林型,47.988906399374976,268530.39,2648546.94,510.5579833984375,119.3699951171875,185.67999267578125,2654.02197265625,161.9046173095703
2019_65,0518及0611豪雨,闊葉樹林型,48.70632959817723,275876.6,2649654.15,503.28497314453125,128.08499145507812,191.1649932861328,2958.65625,162.92788696289062
2019_66,0518及0611豪雨,闊葉樹林型,32.51251731617002,272058.88,2647173.77,503.28497314453125,128.08499145507812,191.1649932861328,2772.131103515625,156.80596923828125
2019_67,0518及0611豪雨,闊葉樹林型,37.30694874098832,263808.45,2644723.07,510.5579833984375,119.3699951171875,185.67999267578125,2321.9775390625,147.938720703125
2019_68,0518及0611豪雨,闊葉樹林型,35.41561005234765,258049.41,2646297.26,535.072509765625,106.33999633789062,178.18499755859375,1880.313232421875,143.336669921875
2019_69,0518及0611豪雨,闊葉樹林型,23.893396656492648,268134.47,2643418.88,483.0784912109375,103.93999481201172,179.45999145507812,2437.62939453125,147.73268127441406
2019_73,0518及0611豪雨,闊葉樹林型,48.92370550330525,273780.41,2688069.42,485.29248046875,107.08999633789062,163.25999450683594,2177.51513671875,126.6167221069336
2019_75,0518及0611豪雨,闊葉樹林型,38.61881362583621,254463.85,2642420.06,516.0079956054688,87.625,168.1699981689453,1799.2901611328125,105.68270874023438
2019_81,0518及0611豪雨,闊葉樹林型,25.682184661491608,232357.7,2611202.89,530.2069702148438,75.7449951171875,137.47000122070312,2160.919677734375,115.70194244384766
2019_83,0518及0611豪雨,闊葉樹林型,40.810470609746446,247538.81,2608281.07,510.364990234375,100.55999755859375,159.59500122070312,2327.127197265625,125.59894561767578
2019_84,0518及0611豪雨,闊葉樹林型,54.41469754415778,233306.06,2605042.34,522.4349975585938,101.94999694824219,151.6999969482422,2112.41259765625,108.20011138916016
2019_85,0518及0611豪雨,闊葉樹林型,53.5740778949285,231169.24,2604460.51,522.4349975585938,101.94999694824219,151.6999969482422,2112.41259765625,108.20011138916016
2019_88,0518及0611豪雨,闊葉樹林型,38.32881810145589,233992.09,2563662.46,438.427490234375,80.08499908447266,137.62998962402344,2766.05029296875,162.231689453125
2019_89,0518及0611豪雨,闊葉樹林型,46.30767957874156,232708.07,2565690.43,438.427490234375,80.08499908447266,137.62998962402344,2766.05029296875,162.231689453125
2019_90,0518及0611豪雨,闊葉樹林型,52.15176825496264,221793.65,2565708.23,429.6875,76.04499816894531,125.36000061035156,2787.701904296875,169.62338256835938
2019_91,0518及0611豪雨,竹林,47.03134321771491,225324.7,2562784.45,429.6875,76.04499816894531,125.36000061035156,2777.9365234375,169.5355224609375
2019_92,0518及0611豪雨,闊葉樹林型,47.90920660689004,233384.99,2562991.19,438.427490234375,80.08499908447266,137.62998962402344,2766.05029296875,162.231689453125
2019_93,0518及0611豪雨,闊葉樹林型,44.60978861211985,226658.71,2558607.05,429.6875,76.04499816894531,125.36000061035156,2720.570556640625,170.38348388671875
2019_95,0518及0611豪雨,闊葉樹林型,43.42182054759477,215181.21,2539354.95,385.4324951171875,96.4749984741211,156.0800018310547,2956.617919921875,183.99441528320312
2019_96,0518及0611豪雨,闊葉樹林型,43.38184383278452,222873.46,2540867.58,373.14849853515625,89.55500030517578,152.05999755859375,2914.75244140625,176.5850067138672
2019_99,0518及0611豪雨,闊葉樹林型,41.86581899605287,266161.53,2723531.79,449.1004943847656,136.1949920654297,142.9499969482422,2288.67822265625,146.0561981201172
2019_100,0518及0611豪雨,闊葉樹林型,47.03908938941234,288596.19,2723148.58,423.2724914550781,105.04499816894531,109.44499969482422,1963.00048828125,128.1931915283203
2019_102,0428豪雨,闊葉樹林型,66.80484858308205,301475.18,2696906.5,6.659999847412109,6.46999979019165,6.659999847412109,2391.3486328125,132.9745330810547
2019_104,0428豪雨,闊葉樹林型,51.58925006090717,287194.26,2706810.96,3.305000066757202,3.115000009536743,3.305000066757202,2383.025634765625,150.17239379882812
2019_105,0428豪雨,闊葉樹林型,33.70658681677467,338013.84,2717814.43,24.904998779296875,24.314998626708984,24.814998626708984,2018.3995361328125,134.54263305664062
2019_106,0428豪雨,闊葉樹林型,38.99732513321522,302241.15,2716561.83,7.875,7.835000038146973,7.875,2392.660888671875,149.40223693847656
2019_135,丹娜絲颱風,闊葉樹林型,41.56364135798625,227976.18,2584829.61,70.31500244140625,69.36499786376953,70.31500244140625,2655.336669921875,149.27206420898438
2019_136,丹娜絲颱風,闊葉樹林型,46.13520746598665,230904.18,2562761.38,70.70500183105469,66.47999572753906,70.70500183105469,2766.05029296875,162.231689453125
2020_0,0521暨0528豪雨,闊葉樹林型,53.78647127479047,253338.7,2708158.94,165.6199951171875,65.90999603271484,104.00999450683594,2180.860595703125,151.63124084472656
2020_4,0521暨0528豪雨,闊葉樹林型,38.32881810145589,258064.72,2667529.36,210.4949951171875,74.8499984741211,127.31499481201172,2417.7392578125,157.3908233642578
2020_6,0521暨0528豪雨,闊葉樹林型,21.99315979629213,240569.44,2620693.63,260.5199890136719,108.69499969482422,134.2949981689453,2301.100830078125,117.92032623291016
2020_10,0521暨0528豪雨,闊葉樹林型,62.56677450253443,217316.0,2590369.76,301.53997802734375,140.35499572753906,183.56500244140625,2628.14892578125,151.3077392578125
2020_11,0521暨0528豪雨,闊葉樹林型,46.04401145924414,243517.6,2585680.04,300.8249816894531,138.89500427246094,190.9499969482422,2423.511474609375,137.80758666992188
2020_12,0521暨0528豪雨,闊葉樹林型,54.47959216122716,229250.87,2584867.68,299.1199951171875,146.95999145507812,203.9949951171875,2655.336669921875,149.27206420898438
2020_14,0521暨0528豪雨,闊葉樹林型,51.61115107406533,238764.7,2564809.27,320.66497802734375,163.5500030517578,223.04998779296875,2586.2177734375,142.27951049804688
2020_20,0521暨0528豪雨,闊葉樹林型,44.973117396971325,249788.21,2686595.45,223.08999633789062,69.9749984741211,117.30999755859375,2188.604248046875,136.205078125
2020_21,0521暨0528豪雨,闊葉樹林型,45.86825078796896,264587.63,2649009.11,209.52499389648438,69.5199966430664,110.70999908447266,2321.9775390625,147.938720703125
2021_0,彩雲颱風,闊葉樹林型,46.90680986887181,217394.68,2610734.3,209.88499450683594,111.33999633789062,208.62998962402344,2382.69189453125,140.41598510742188
2021_1,彩雲颱風,闊葉樹林型,39.53553952464218,216879.04,2609903.5,209.88499450683594,111.33999633789062,208.62998962402344,2382.69189453125,140.41598510742188
2021_3,彩雲颱風,闊葉樹林型,52.15176825496263,239527.39,2579332.44,275.85498046875,190.69000244140625,274.07000732421875,2592.606689453125,141.79014587402344
2021_6,彩雲颱風,闊葉樹林型,36.93089662022377,228811.59,2581538.23,256.60498046875,171.97999572753906,254.87998962402344,2666.233154296875,166.17950439453125
2021_9,彩雲颱風,闊葉樹林型,23.994436724543963,236770.01,2554176.89,227.61000061035156,175.52499389648438,227.35499572753906,2552.2109375,149.14236450195312
2021_13,彩雲颱風,闊葉樹林型,32.005383208083494,218438.12,2526791.19,212.45999145507812,160.364990234375,212.4550018310547,2884.879638671875,169.8948974609375
2021_14,彩雲颱風,闊葉樹林型,42.779253086391705,231921.33,2562556.98,245.0399932861328,188.0749969482422,244.39498901367188,2766.05029296875,162.231689453125
2021_15,彩雲颱風,闊葉樹林型,27.238572082130062,229242.61,2561843.24,221.64498901367188,162.96499633789062,221.64498901367188,2777.9365234375,169.5355224609375
2021_17,彩雲颱風,闊葉樹林型,46.25042447061119,225165.26,2582448.32,256.60498046875,171.97999572753906,254.87998962402344,2666.233154296875,166.17950439453125
2021_19,彩雲颱風,闊葉樹林型,41.19751028946612,227313.21,2592814.42,259.7749938964844,149.10499572753906,253.36000061035156,2806.211181640625,174.05606079101562
2021_20,0621豪雨,闊葉樹林型,47.90920660689003,200347.25,2570442.6,86.31999969482422,28.81999969482422,62.01499938964844,2360.792236328125,145.8151092529297
2021_23,0621豪雨,闊葉樹林型,38.13247816190013,220780.96,2557510.73,78.63499450683594,28.744998931884766,62.96999740600586,2472.412841796875,158.74024963378906
2021_24,0621豪雨,闊葉樹林型,33.10114358966526,217397.7,2495373.35,133.55499267578125,58.50499725341797,115.63499450683594,3732.37646484375,184.0919952392578
2021_25,0621豪雨,闊葉樹林型,35.41561005234765,222334.54,2491588.95,135.1649932861328,67.29999542236328,117.25,3466.78662109375,180.9872283935547
2021_26,0621豪雨,闊葉樹林型,31.160066779905723,205344.24,2560924.28,102.69999694824219,36.87999725341797,85.6199951171875,2261.533935546875,145.4299774169922
2021_29,烟花颱風,闊葉樹林型,45.142527402683065,256337.24,2714396.59,63.80999755859375,41.11499786376953,60.76499938964844,2331.19580078125,170.34124755859375
2021_30,烟花颱風,闊葉樹林型,42.03111377419729,260004.56,2713378.95,63.80999755859375,41.11499786376953,60.76499938964844,2331.19580078125,170.34124755859375
2021_32,烟花颱風,闊葉樹林型,59.20701114851999,273856.55,2719055.65,48.54999923706055,24.719999313354492,48.25499725341797,2213.0478515625,133.32083129882812
2021_33,烟花颱風,闊葉樹林型,57.29634966666711,272641.73,2726125.41,61.44499969482422,35.599998474121094,59.00499725341797,2022.4598388671875,126.58287811279297
2021_34,烟花颱風,竹林,38.28695056949238,277074.03,2733950.0,57.6349983215332,32.32999801635742,55.974998474121094,2239.324951171875,134.33651733398438
2021_35,烟花颱風,闊葉樹林型,58.14753041443513,284121.42,2737034.72,70.26499938964844,41.57999801635742,68.81499481201172,2242.927978515625,138.89501953125
2021_36,烟花颱風,竹林,28.810793742973065,311988.88,2760653.4,65.9749984741211,57.19999694824219,65.33499908447266,2422.732421875,159.30557250976562
2021_37,0731豪雨暨盧碧颱風,闊葉樹林型,27.484186071108013,207522.34,2561946.95,646.02197265625,173.9149932861328,322.6369934082031,2481.1416015625,155.58363342285156
2021_38,0731豪雨暨盧碧颱風,闊葉樹林型,39.84215955425675,214227.78,2569118.86,639.2694702148438,177.89498901367188,343.0894775390625,2612.831787109375,160.73251342773438
2021_39,0731豪雨暨盧碧颱風,闊葉樹林型,42.779253086391705,208756.08,2561963.69,646.02197265625,173.9149932861328,322.6369934082031,2481.1416015625,155.58363342285156
2021_41,0731豪雨暨盧碧颱風,闊葉樹林型,32.57233714755203,201176.98,2554276.25,657.6864624023438,169.1999969482422,296.0464782714844,2410.651123046875,153.12747192382812
2021_43,0731豪雨暨盧碧颱風,闊葉樹林型,40.51058943733277,198069.44,2570429.15,704.2464599609375,176.1649932861328,321.1164855957031,2313.618896484375,153.12095642089844
2021_46,0731豪雨暨盧碧颱風,闊葉樹林型,50.24325709493154,201020.09,2573052.95,660.9970092773438,181.67999267578125,329.656982421875,2324.6796875,145.32469177246094
2021_47,0731豪雨暨盧碧颱風,闊葉樹林型,37.082382807835,197296.09,2569326.91,704.2464599609375,176.1649932861328,321.1164855957031,2313.618896484375,153.12095642089844
2021_48,0731豪雨暨盧碧颱風,闊葉樹林型,36.08714706573126,226913.99,2486046.98,691.5709838867188,264.1399841308594,342.41497802734375,2269.083984375,126.86155700683594
2021_50,0731豪雨暨盧碧颱風,闊葉樹林型,37.60152555834086,225962.45,2488444.65,691.5709838867188,264.1399841308594,342.41497802734375,2269.083984375,126.86155700683594
2021_51,0731豪雨暨盧碧颱風,闊葉樹林型,37.11250830386473,225731.08,2486806.14,691.5709838867188,264.1399841308594,342.41497802734375,2269.083984375,126.86155700683594
2021_52,0731豪雨暨盧碧颱風,闊葉樹林型,33.02386755579665,226129.27,2488166.7,691.5709838867188,264.1399841308594,342.41497802734375,2269.083984375,126.86155700683594
2021_55,0731豪雨暨盧碧颱風,闊葉樹林型,47.70419728378622,237268.54,2529052.03,581.094970703125,215.77999877929688,315.739990234375,2659.308349609375,132.2608642578125
2021_56,0731豪雨暨盧碧颱風,闊葉樹林型,37.81892671564865,235275.35,2509741.43,577.9815063476562,217.6599884033203,301.9700012207031,2689.07177734375,136.0436248779297
2021_57,0731豪雨暨盧碧颱風,闊葉樹林型,36.326005581723855,227584.02,2659667.6,474.5579833984375,145.01499938964844,242.2849884033203,1647.1026611328125,100.47161102294922
2021_58,0731豪雨暨盧碧颱風,闊葉樹林型,51.14301422794352,262671.9,2688323.04,320.16497802734375,121.13499450683594,231.67498779296875,2331.099609375,149.2978515625
2021_59,0731豪雨暨盧碧颱風,闊葉樹林型,34.21858270764895,246944.01,2682545.23,405.2850036621094,146.77499389648438,262.22998046875,2121.537353515625,130.83599853515625
2021_61,0731豪雨暨盧碧颱風,竹林,52.22487918661721,224642.61,2608489.35,563.302978515625,151.95999145507812,270.1399841308594,2363.367919921875,127.41893005371094
2021_67,0731豪雨暨盧碧颱風,闊葉樹林型,37.410672491183874,227348.21,2592818.69,618.4970092773438,151.7449951171875,322.5119934082031,2806.211181640625,174.05606079101562
2021_68,0731豪雨暨盧碧颱風,闊葉樹林型,46.11867036034214,234412.17,2590083.34,585.5419921875,155.33499145507812,288.7919921875,2501.34765625,150.38238525390625
2021_69,0731豪雨暨盧碧颱風,闊葉樹林型,38.32881810145589,234187.6,2590647.03,585.5419921875,155.33499145507812,288.7919921875,2501.34765625,150.38238525390625
2021_73,0731豪雨暨盧碧颱風,闊葉樹林型,31.588135505201176,227988.56,2606940.7,563.302978515625,151.95999145507812,270.1399841308594,2363.367919921875,127.41893005371094
2021_74,0731豪雨暨盧碧颱風,闊葉樹林型,39.26219086021912,225905.13,2600916.87,563.302978515625,151.95999145507812,270.1399841308594,2559.213623046875,138.95001220703125
2021_76,0731豪雨暨盧碧颱風,竹林,47.07775513424629,213943.56,2585256.86,648.2589721679688,167.08399963378906,361.9339904785156,2578.138427734375,150.24192810058594
2021_77,0731豪雨暨盧碧颱風,竹林,52.47740238131983,213960.96,2585051.83,648.2589721679688,167.08399963378906,361.9339904785156,2578.138427734375,150.24192810058594
2021_78,0731豪雨暨盧碧颱風,闊葉樹林型,37.11250830386473,220661.0,2585676.75,614.0269775390625,151.53199768066406,338.5870056152344,2672.93408203125,146.8203125
2021_80,0731豪雨暨盧碧颱風,闊葉樹林型,43.26125824127405,221153.44,2585340.76,614.0269775390625,151.53199768066406,338.5870056152344,2672.93408203125,146.8203125
2021_85,0731豪雨暨盧碧颱風,闊葉樹林型,37.42543512676668,222603.25,2600556.51,563.302978515625,151.95999145507812,270.1399841308594,2793.92431640625,167.81224060058594
2021_86,0731豪雨暨盧碧颱風,闊葉樹林型,42.76882539196875,225772.11,2598334.64,618.4970092773438,151.7449951171875,322.5119934082031,3013.884521484375,179.8356170654297
2021_92,0731豪雨暨盧碧颱風,闊葉樹林型,42.08581058000388,214256.13,2577860.1,648.2589721679688,167.08399963378906,361.9339904785156,2336.316650390625,150.14096069335938
2021_101,0731豪雨暨盧碧颱風,闊葉樹林型,43.62008886674488,219822.06,2609139.84,563.302978515625,151.95999145507812,270.1399841308594,2500.67626953125,137.4182891845703
2021_104,0731豪雨暨盧碧颱風,闊葉樹林型,37.60152555834086,217146.01,2610766.77,583.8624877929688,160.3300018310547,287.1625061035156,2382.69189453125,140.41598510742188
2021_106,0731豪雨暨盧碧颱風,闊葉樹林型,29.92228709167213,220973.77,2554731.77,581.3714599609375,155.22499084472656,267.2349853515625,2674.13916015625,157.52418518066406
2021_108,0731豪雨暨盧碧颱風,闊葉樹林型,49.05111016553776,222321.82,2544163.87,575.4349975585938,152.7449951171875,266.5899963378906,2914.75244140625,176.5850067138672
2021_110,0731豪雨暨盧碧颱風,闊葉樹林型,37.202544890156695,220050.85,2545723.08,581.3714599609375,155.22499084472656,267.2349853515625,2502.212158203125,147.98951721191406
2021_112,0731豪雨暨盧碧颱風,闊葉樹林型,38.876655136344326,219904.47,2545620.87,581.3714599609375,155.22499084472656,267.2349853515625,2502.212158203125,147.98951721191406
2021_116,0731豪雨暨盧碧颱風,闊葉樹林型,34.03756281454756,218891.35,2545530.57,593.615966796875,171.0399932861328,281.9499816894531,2664.70361328125,169.536376953125
2021_118,0731豪雨暨盧碧颱風,闊葉樹林型,42.47384298513367,219476.38,2544600.02,581.3714599609375,155.22499084472656,267.2349853515625,2502.212158203125,147.98951721191406
2021_121,0731豪雨暨盧碧颱風,闊葉樹林型,35.41561005234765,221076.39,2555105.01,581.3714599609375,155.22499084472656,267.2349853515625,2674.13916015625,157.52418518066406
2021_123,0731豪雨暨盧碧颱風,闊葉樹林型,42.8624120924563,220623.5,2546618.45,581.3714599609375,155.22499084472656,267.2349853515625,2502.212158203125,147.98951721191406
2021_124,0731豪雨暨盧碧颱風,闊葉樹林型,41.18592516570965,219338.72,2545848.3,581.3714599609375,155.22499084472656,267.2349853515625,2502.212158203125,147.98951721191406
2021_125,0731豪雨暨盧碧颱風,闊葉樹林型,46.53438273346463,233963.51,2563788.87,572.1535034179688,143.9449920654297,277.1835021972656,2766.05029296875,162.231689453125
2021_126,0731豪雨暨盧碧颱風,闊葉樹林型,28.76073036769665,233834.1,2563263.06,572.1535034179688,143.9449920654297,277.1835021972656,2766.05029296875,162.231689453125
2021_127,0731豪雨暨盧碧颱風,闊葉樹林型,31.05129356595241,232128.72,2563110.98,572.1535034179688,143.9449920654297,277.1835021972656,2766.05029296875,162.231689453125
2021_128,0731豪雨暨盧碧颱風,闊葉樹林型,49.28919641734945,233158.6,2563105.42,572.1535034179688,143.9449920654297,277.1835021972656,2766.05029296875,162.231689453125
2021_129,0731豪雨暨盧碧颱風,闊葉樹林型,37.247373202381205,233567.74,2563008.26,572.1535034179688,143.9449920654297,277.1835021972656,2766.05029296875,162.231689453125
2021_133,0731豪雨暨盧碧颱風,闊葉樹林型,33.02386755579665,233661.63,2563947.59,572.1535034179688,143.9449920654297,277.1835021972656,2766.05029296875,162.231689453125
2021_135,0731豪雨暨盧碧颱風,闊葉樹林型,35.95829151209359,232876.64,2563254.31,572.1535034179688,143.9449920654297,277.1835021972656,2766.05029296875,162.231689453125
2021_136,0731豪雨暨盧碧颱風,闊葉樹林型,53.6853648210671,233249.58,2563002.84,572.1535034179688,143.9449920654297,277.1835021972656,2766.05029296875,162.231689453125
2021_137,0731豪雨暨盧碧颱風,闊葉樹林型,54.6721331945304,232940.98,2563088.73,572.1535034179688,143.9449920654297,277.1835021972656,2766.05029296875,162.231689453125
2021_139,0731豪雨暨盧碧颱風,闊葉樹林型,59.10301049760943,234112.88,2564155.73,572.1535034179688,143.9449920654297,277.1835021972656,2766.05029296875,162.231689453125
2021_140,0731豪雨暨盧碧颱風,闊葉樹林型,19.29004621918873,233540.08,2563258.95,572.1535034179688,143.9449920654297,277.1835021972656,2766.05029296875,162.231689453125
2021_141,0731豪雨暨盧碧颱風,闊葉樹林型,38.5639871373724,232718.23,2569244.44,564.1715087890625,139.6750030517578,283.9215087890625,2771.051025390625,169.74252319335938
2021_142,0731豪雨暨盧碧颱風,闊葉樹林型,31.160066779905723,232869.79,2568593.76,564.1715087890625,139.6750030517578,283.9215087890625,2771.051025390625,169.74252319335938
2021_143,0731豪雨暨盧碧颱風,闊葉樹林型,49.978612227765744,232770.52,2566012.77,572.1535034179688,143.9449920654297,277.1835021972656,2766.05029296875,162.231689453125
2021_144,0731豪雨暨盧碧颱風,闊葉樹林型,44.31238462399072,230027.99,2567205.09,564.1715087890625,139.6750030517578,283.9215087890625,2771.051025390625,169.74252319335938
2021_145,0731豪雨暨盧碧颱風,闊葉樹林型,41.91007547318012,231694.62,2568082.76,564.1715087890625,139.6750030517578,283.9215087890625,2771.051025390625,169.74252319335938
2021_146,0731豪雨暨盧碧颱風,闊葉樹林型,43.73777595287439,232617.67,2565800.34,572.1535034179688,143.9449920654297,277.1835021972656,2766.05029296875,162.231689453125
2021_147,0731豪雨暨盧碧颱風,闊葉樹林型,43.54110253900031,233722.69,2577233.11,564.1715087890625,139.6750030517578,283.9215087890625,2418.293701171875,138.82501220703125
2021_149,0731豪雨暨盧碧颱風,闊葉樹林型,53.34834311308445,230590.0,2575796.15,564.1715087890625,139.6750030517578,283.9215087890625,2418.293701171875,138.82501220703125
2021_155,0731豪雨暨盧碧颱風,闊葉樹林型,26.82087387239509,218296.74,2559657.43,639.7239990234375,160.5349884033203,329.1789855957031,2666.719482421875,172.3930206298828
2021_156,0731豪雨暨盧碧颱風,闊葉樹林型,35.14579037169356,218227.04,2559643.36,639.7239990234375,160.5349884033203,329.1789855957031,2666.719482421875,172.3930206298828
2021_158,0731豪雨暨盧碧颱風,闊葉樹林型,41.56364135798625,219191.31,2558638.75,639.7239990234375,160.5349884033203,329.1789855957031,2666.719482421875,172.3930206298828
2021_161,0731豪雨暨盧碧颱風,闊葉樹林型,44.87411432914989,227213.53,2565150.73,554.8389892578125,130.96499633789062,260.6390075683594,2777.9365234375,169.5355224609375
2021_163,0731豪雨暨盧碧颱風,闊葉樹林型,20.556045219583467,224647.24,2568161.44,621.9849853515625,167.21499633789062,335.85498046875,2704.38232421875,173.16522216796875
2021_164,0731豪雨暨盧碧颱風,闊葉樹林型,50.29190129825525,223195.37,2563100.54,554.8389892578125,130.96499633789062,260.6390075683594,2787.701904296875,169.62338256835938
2021_166,0731豪雨暨盧碧颱風,闊葉樹林型,37.42543512676668,233698.36,2560782.04,572.1535034179688,143.9449920654297,277.1835021972656,2778.01904296875,166.40513610839844
2021_168,0731豪雨暨盧碧颱風,闊葉樹林型,42.302624878481225,226647.65,2566129.59,554.8389892578125,130.96499633789062,260.6390075683594,2777.9365234375,169.5355224609375
2021_171,0731豪雨暨盧碧颱風,闊葉樹林型,28.12178338655737,226856.16,2568526.61,621.9849853515625,167.21499633789062,335.85498046875,2704.38232421875,173.16522216796875
2021_173,0731豪雨暨盧碧颱風,闊葉樹林型,42.93479585813085,230130.21,2574145.12,564.1715087890625,139.6750030517578,283.9215087890625,2418.293701171875,138.82501220703125
2021_176,0731豪雨暨盧碧颱風,闊葉樹林型,25.530275981014736,229298.42,2536319.39,575.4349975585938,152.7449951171875,266.5899963378906,2989.65869140625,161.69830322265625
2021_177,0731豪雨暨盧碧颱風,闊葉樹林型,58.10717734608143,230065.57,2531502.07,581.094970703125,215.77999877929688,315.739990234375,2703.9736328125,138.96592712402344
2021_180,0731豪雨暨盧碧颱風,闊葉樹林型,61.91269821539974,228530.22,2534077.17,575.4349975585938,152.7449951171875,266.5899963378906,2989.65869140625,161.69830322265625
2021_181,0731豪雨暨盧碧颱風,竹林,43.57077227020226,219848.19,2534559.41,575.4349975585938,152.7449951171875,266.5899963378906,2913.28076171875,173.29315185546875
2021_182,0731豪雨暨盧碧颱風,闊葉樹林型,60.58204978429987,221236.26,2541132.36,575.4349975585938,152.7449951171875,266.5899963378906,2914.75244140625,176.5850067138672
2021_194,0731豪雨暨盧碧颱風,闊葉樹林型,42.8104923209509,229238.32,2535540.06,575.4349975585938,152.7449951171875,266.5899963378906,2989.65869140625,161.69830322265625
2021_196,0731豪雨暨盧碧颱風,闊葉樹林型,29.992245119716017,225825.78,2527823.75,593.8699951171875,186.75498962402344,300.9849853515625,2923.65380859375,170.8692626953125
2021_199,0731豪雨暨盧碧颱風,闊葉樹林型,39.98069050753484,208034.9,2537830.49,574.43701171875,126.50999450683594,250.52999877929688,2706.5634765625,167.00196838378906
2021_200,0731豪雨暨盧碧颱風,闊葉樹林型,34.03756281454756,207794.69,2539544.61,574.43701171875,126.50999450683594,250.52999877929688,2676.395751953125,163.50372314453125
2021_201,0731豪雨暨盧碧颱風,闊葉樹林型,50.65688652939868,206623.66,2528614.49,646.7424926757812,139.58999633789062,288.4700012207031,2670.104736328125,167.37664794921875
2021_202,0731豪雨暨盧碧颱風,闊葉樹林型,26.707667766558608,207557.51,2528887.3,646.7424926757812,139.58999633789062,288.4700012207031,2670.104736328125,167.37664794921875
2021_203,0731豪雨暨盧碧颱風,竹林,47.988906399374976,214751.71,2575882.14,639.2694702148438,177.89498901367188,343.0894775390625,2598.240478515625,152.61203002929688
2021_204,0731豪雨暨盧碧颱風,闊葉樹林型,43.491519345092,215837.36,2571833.94,639.2694702148438,177.89498901367188,343.0894775390625,2736.55712890625,170.5413360595703
2021_208,0731豪雨暨盧碧颱風,闊葉樹林型,19.33554969199933,224716.56,2576561.9,621.9849853515625,167.21499633789062,335.85498046875,2617.794921875,159.61663818359375
2021_209,0731豪雨暨盧碧颱風,闊葉樹林型,25.034387530343444,222099.88,2577474.66,621.9849853515625,167.21499633789062,335.85498046875,2723.8056640625,166.2555389404297
2021_210,0731豪雨暨盧碧颱風,闊葉樹林型,47.44351957055699,217572.86,2574672.85,639.2694702148438,177.89498901367188,343.0894775390625,2598.240478515625,152.61203002929688
2021_214,0731豪雨暨盧碧颱風,闊葉樹林型,33.10114358966526,217281.07,2569033.89,639.2694702148438,177.89498901367188,343.0894775390625,2736.55712890625,170.5413360595703
2021_215,0731豪雨暨盧碧颱風,竹林,44.783515145502,218353.04,2567333.66,639.2694702148438,177.89498901367188,343.0894775390625,2736.55712890625,170.5413360595703
2021_221,0731豪雨暨盧碧颱風,闊葉樹林型,29.992245119716017,210456.93,2544200.27,600.7575073242188,143.36000061035156,268.5149841308594,2710.6376953125,174.08975219726562
2021_222,0731豪雨暨盧碧颱風,闊葉樹林型,27.26604445073282,202365.74,2545891.66,657.6864624023438,169.1999969482422,296.0464782714844,2561.55078125,168.23117065429688
2021_223,0731豪雨暨盧碧颱風,闊葉樹林型,49.57446684129998,209833.25,2549780.35,593.615966796875,171.0399932861328,281.9499816894531,2479.486083984375,162.99818420410156
2021_224,0731豪雨暨盧碧颱風,闊葉樹林型,31.588135505201176,210421.28,2553849.04,593.615966796875,171.0399932861328,281.9499816894531,2556.321044921875,148.60157775878906
2021_229,0731豪雨暨盧碧颱風,闊葉樹林型,45.22207888903144,211955.21,2562528.39,639.7239990234375,160.5349884033203,329.1789855957031,2595.341064453125,162.25697326660156
2021_230,0731豪雨暨盧碧颱風,闊葉樹林型,38.467578148302174,219148.51,2557113.95,639.7239990234375,160.5349884033203,329.1789855957031,2666.719482421875,172.3930206298828
2021_231,0731豪雨暨盧碧颱風,闊葉樹林型,38.836224204282125,218874.39,2557063.68,639.7239990234375,160.5349884033203,329.1789855957031,2666.719482421875,172.3930206298828
2021_232,0731豪雨暨盧碧颱風,闊葉樹林型,44.87411432914989,216980.18,2546394.43,593.615966796875,171.0399932861328,281.9499816894531,2664.70361328125,169.536376953125
2021_235,0731豪雨暨盧碧颱風,闊葉樹林型,38.50896869263104,219236.82,2550212.89,593.615966796875,171.0399932861328,281.9499816894531,2586.85205078125,154.91798400878906
2021_236,0731豪雨暨盧碧颱風,闊葉樹林型,44.57294618219693,217811.46,2547026.76,593.615966796875,171.0399932861328,281.9499816894531,2664.70361328125,169.536376953125
2021_237,0731豪雨暨盧碧颱風,闊葉樹林型,34.21858270764895,211623.34,2548850.23,593.615966796875,171.0399932861328,281.9499816894531,2479.486083984375,162.99818420410156
2021_239,0731豪雨暨盧碧颱風,闊葉樹林型,43.54110253900031,221155.56,2550100.68,581.3714599609375,155.22499084472656,267.2349853515625,2674.13916015625,157.52418518066406
2021_241,0731豪雨暨盧碧颱風,闊葉樹林型,26.246849689869403,220468.37,2550865.69,581.3714599609375,155.22499084472656,267.2349853515625,2674.13916015625,157.52418518066406
2021_242,0731豪雨暨盧碧颱風,闊葉樹林型,47.12401133336427,219420.63,2551278.98,581.3714599609375,155.22499084472656,267.2349853515625,2674.13916015625,157.52418518066406
2021_244,0731豪雨暨盧碧颱風,闊葉樹林型,16.753888986635726,211052.06,2547455.85,593.615966796875,171.0399932861328,281.9499816894531,2479.486083984375,162.99818420410156
2021_245,0731豪雨暨盧碧颱風,闊葉樹林型,32.02597107856493,201805.01,2546932.71,657.6864624023438,169.1999969482422,296.0464782714844,2561.55078125,168.23117065429688
2021_246,0731豪雨暨盧碧颱風,闊葉樹林型,41.289874733376,253468.09,2707644.56,343.8059997558594,134.01998901367188,242.15499877929688,2180.860595703125,151.63124084472656
2021_247,0731豪雨暨盧碧颱風,闊葉樹林型,47.63763994627416,249046.33,2692114.67,390.844482421875,147.63499450683594,266.93499755859375,2188.693115234375,138.1262969970703
2021_249,0731豪雨暨盧碧颱風,闊葉樹林型,37.60152555834086,263203.62,2701503.07,316.9994812011719,123.18999481201172,227.26998901367188,2272.451416015625,134.532958984375
2021_250,0731豪雨暨盧碧颱風,闊葉樹林型,45.318709921376175,264039.19,2709096.09,316.9994812011719,123.18999481201172,227.26998901367188,2262.27099609375,154.8490447998047
2021_252,0731豪雨暨盧碧颱風,闊葉樹林型,57.027920663714426,258843.76,2695340.59,349.0574951171875,133.59500122070312,249.3149871826172,2279.748291015625,154.063720703125
2021_256,0731豪雨暨盧碧颱風,闊葉樹林型,41.18592516570965,231064.67,2513954.99,570.85595703125,216.94000244140625,321.18499755859375,2844.406982421875,165.46099853515625
2021_257,0731豪雨暨盧碧颱風,闊葉樹林型,39.05065885812619,233046.5,2517176.5,570.85595703125,216.94000244140625,321.18499755859375,2701.94091796875,150.17758178710938
2021_258,0731豪雨暨盧碧颱風,闊葉樹林型,42.5163425625201,230837.15,2512809.21,570.85595703125,216.94000244140625,321.18499755859375,2844.406982421875,165.46099853515625
2021_259,0731豪雨暨盧碧颱風,闊葉樹林型,49.09774174003434,227483.77,2515378.46,591.1069946289062,192.23500061035156,315.79498291015625,3089.994384765625,176.77316284179688
2021_260,0731豪雨暨盧碧颱風,闊葉樹林型,47.03908938941234,236262.59,2515523.69,570.85595703125,216.94000244140625,321.18499755859375,2649.91015625,142.32667541503906
2021_261,0731豪雨暨盧碧颱風,闊葉樹林型,51.97770526465249,225620.43,2516119.79,591.1069946289062,192.23500061035156,315.79498291015625,3089.994384765625,176.77316284179688
2021_262,0731豪雨暨盧碧颱風,闊葉樹林型,55.55009801204651,225324.87,2514754.11,591.1069946289062,192.23500061035156,315.79498291015625,3089.994384765625,176.77316284179688
2021_263,0731豪雨暨盧碧颱風,闊葉樹林型,24.094842552110705,230813.72,2513831.67,570.85595703125,216.94000244140625,321.18499755859375,2844.406982421875,165.46099853515625
2021_264,0731豪雨暨盧碧颱風,闊葉樹林型,42.27030207946822,236102.82,2515681.53,570.85595703125,216.94000244140625,321.18499755859375,2649.91015625,142.32667541503906
2021_266,0731豪雨暨盧碧颱風,闊葉樹林型,38.50896869263104,230924.68,2514016.97,570.85595703125,216.94000244140625,321.18499755859375,2844.406982421875,165.46099853515625
2021_267,0731豪雨暨盧碧颱風,闊葉樹林型,56.87199689834566,233664.16,2517914.54,570.85595703125,216.94000244140625,321.18499755859375,2701.94091796875,150.17758178710938
2021_268,0731豪雨暨盧碧颱風,闊葉樹林型,25.43844441156941,222971.93,2518377.63,591.1069946289062,192.23500061035156,315.79498291015625,2973.652587890625,167.24110412597656
2021_269,0731豪雨暨盧碧颱風,闊葉樹林型,38.46757814830217,222879.23,2518676.76,591.1069946289062,192.23500061035156,315.79498291015625,2973.652587890625,167.24110412597656
2021_273,0731豪雨暨盧碧颱風,闊葉樹林型,38.46757814830217,222876.28,2518406.66,591.1069946289062,192.23500061035156,315.79498291015625,2973.652587890625,167.24110412597656
2021_274,0731豪雨暨盧碧颱風,闊葉樹林型,50.57996843609272,227827.93,2508586.5,658.866455078125,254.54998779296875,362.3450012207031,3247.296630859375,172.06101989746094
2021_276,0731豪雨暨盧碧颱風,闊葉樹林型,36.57693385156434,223938.35,2516509.42,591.1069946289062,192.23500061035156,315.79498291015625,3345.975341796875,177.1853790283203
2021_278,0731豪雨暨盧碧颱風,闊葉樹林型,56.228835147038566,231344.15,2528185.24,581.094970703125,215.77999877929688,315.739990234375,2703.9736328125,138.96592712402344
2021_279,0731豪雨暨盧碧颱風,闊葉樹林型,37.60152555834086,229684.3,2517866.11,570.85595703125,216.94000244140625,321.18499755859375,2701.94091796875,150.17758178710938
2021_281,0731豪雨暨盧碧颱風,闊葉樹林型,24.65223572323068,227859.2,2526310.82,593.8699951171875,186.75498962402344,300.9849853515625,2811.63818359375,156.8657989501953
2021_282,0731豪雨暨盧碧颱風,闊葉樹林型,40.70318870066343,235115.08,2521607.79,570.85595703125,216.94000244140625,321.18499755859375,2594.234130859375,136.63299560546875
2021_284,0731豪雨暨盧碧颱風,闊葉樹林型,29.99224511971602,231281.44,2527698.33,581.094970703125,215.77999877929688,315.739990234375,2703.9736328125,138.96592712402344
2021_285,0731豪雨暨盧碧颱風,闊葉樹林型,25.530275981014736,231865.14,2529155.44,581.094970703125,215.77999877929688,315.739990234375,2703.9736328125,138.96592712402344
2021_287,0731豪雨暨盧碧颱風,闊葉樹林型,32.005383208083494,228819.57,2526148.09,593.8699951171875,186.75498962402344,300.9849853515625,2811.63818359375,156.8657989501953
2021_294,0731豪雨暨盧碧颱風,闊葉樹林型,21.568129435647887,221081.4,2500073.38,658.866455078125,254.54998779296875,362.3450012207031,3421.30029296875,166.23594665527344
2021_297,0731豪雨暨盧碧颱風,闊葉樹林型,28.835768652404315,220162.7,2500213.47,658.866455078125,254.54998779296875,362.3450012207031,3421.30029296875,166.23594665527344
2021_298,0731豪雨暨盧碧颱風,闊葉樹林型,21.95499883223757,220661.19,2499940.15,648.4129638671875,218.51998901367188,319.6999816894531,3688.113037109375,181.79751586914062
2021_299,0731豪雨暨盧碧颱風,闊葉樹林型,34.52178114261242,220235.32,2499898.45,648.4129638671875,218.51998901367188,319.6999816894531,3688.113037109375,181.79751586914062
2021_301,0731豪雨暨盧碧颱風,闊葉樹林型,40.9523515915937,217249.65,2496864.43,686.0044555664062,206.05499267578125,333.9549865722656,3732.37646484375,184.0919952392578
2021_302,0731豪雨暨盧碧颱風,闊葉樹林型,12.979350497927722,216592.09,2501532.88,660.6329956054688,208.59999084472656,339.2449951171875,3282.09326171875,164.9807586669922
2021_303,0731豪雨暨盧碧颱風,闊葉樹林型,38.32881810145589,212471.79,2501088.77,660.6329956054688,208.59999084472656,339.2449951171875,2864.02294921875,171.08883666992188
2021_304,0731豪雨暨盧碧颱風,闊葉樹林型,38.32881810145589,213516.45,2475310.27,709.6015014648438,194.4514923095703,320.58148193359375,2749.36181640625,173.8831024169922
2021_306,0731豪雨暨盧碧颱風,闊葉樹林型,23.061135616050905,220676.63,2483724.99,691.5709838867188,264.1399841308594,342.41497802734375,2925.419189453125,164.9652557373047
2021_308,0731豪雨暨盧碧颱風,闊葉樹林型,26.56505117707799,213892.94,2482809.13,715.9569702148438,219.40499877929688,318.3299865722656,3014.875,179.8739013671875
2021_311,0731豪雨暨盧碧颱風,闊葉樹林型,26.47888107199723,221291.96,2486315.8,691.5709838867188,264.1399841308594,342.41497802734375,2925.419189453125,164.9652557373047
2021_312,0731豪雨暨盧碧颱風,闊葉樹林型,41.12786681163709,219631.73,2491828.7,648.4129638671875,218.51998901367188,319.6999816894531,3466.78662109375,180.9872283935547
2021_313,0731豪雨暨盧碧颱風,闊葉樹林型,23.273326481355983,223626.61,2489167.27,648.4129638671875,218.51998901367188,319.6999816894531,3466.78662109375,180.9872283935547
2021_314,0731豪雨暨盧碧颱風,闊葉樹林型,37.790111559066204,217420.73,2492260.25,686.0044555664062,206.05499267578125,333.9549865722656,4106.98876953125,207.43701171875
2021_315,0731豪雨暨盧碧颱風,闊葉樹林型,41.01108156155348,219893.68,2487854.63,691.5709838867188,264.1399841308594,342.41497802734375,2925.419189453125,164.9652557373047
2021_316,0731豪雨暨盧碧颱風,闊葉樹林型,28.76073036769665,223781.76,2489051.95,648.4129638671875,218.51998901367188,319.6999816894531,3466.78662109375,180.9872283935547
2021_318,0731豪雨暨盧碧颱風,闊葉樹林型,34.52178114261242,217176.82,2492277.64,686.0044555664062,206.05499267578125,333.9549865722656,4106.98876953125,207.43701171875
2021_320,0731豪雨暨盧碧颱風,闊葉樹林型,41.56364135798625,213326.2,2492587.16,686.0044555664062,206.05499267578125,333.9549865722656,3410.298095703125,180.9271697998047
2021_321,0731豪雨暨盧碧颱風,闊葉樹林型,34.52178114261242,218707.14,2516577.73,629.0444946289062,192.47999572753906,330.8899841308594,3375.24658203125,182.49546813964844
2021_323,0731豪雨暨盧碧颱風,闊葉樹林型,32.82907195826586,219549.16,2517740.69,591.1069946289062,192.23500061035156,315.79498291015625,2973.652587890625,167.24110412597656
2021_324,0731豪雨暨盧碧颱風,闊葉樹林型,33.197229942878394,220281.7,2517853.45,591.1069946289062,192.23500061035156,315.79498291015625,2973.652587890625,167.24110412597656
2021_325,0731豪雨暨盧碧颱風,闊葉樹林型,41.04621124674467,217301.54,2512893.67,629.0444946289062,192.47999572753906,330.8899841308594,3375.24658203125,182.49546813964844
2021_327,0731豪雨暨盧碧颱風,闊葉樹林型,42.16205280597383,214039.87,2528484.87,618.6934814453125,164.97499084472656,298.9599914550781,2666.8125,173.190185546875
2021_331,0731豪雨暨盧碧颱風,闊葉樹林型,27.93835272960235,215774.97,2523277.97,618.6934814453125,164.97499084472656,298.9599914550781,2884.879638671875,169.8948974609375
2021_333,0731豪雨暨盧碧颱風,闊葉樹林型,21.251492955248168,218196.56,2526764.37,618.6934814453125,164.97499084472656,298.9599914550781,2884.879638671875,169.8948974609375
2021_334,0731豪雨暨盧碧颱風,闊葉樹林型,26.246849689869403,219261.23,2526483.6,618.6934814453125,164.97499084472656,298.9599914550781,2884.879638671875,169.8948974609375
2021_336,0731豪雨暨盧碧颱風,闊葉樹林型,38.836224204282125,219010.79,2526269.11,618.6934814453125,164.97499084472656,298.9599914550781,2884.879638671875,169.8948974609375
2021_338,0731豪雨暨盧碧颱風,闊葉樹林型,35.59853666783391,216849.18,2522344.37,618.6934814453125,164.97499084472656,298.9599914550781,2884.879638671875,169.8948974609375
2021_340,0731豪雨暨盧碧颱風,闊葉樹林型,44.53600944536456,219621.4,2526221.67,593.8699951171875,186.75498962402344,300.9849853515625,3080.857421875,169.23855590820312
2021_343,0731豪雨暨盧碧颱風,闊葉樹林型,39.98069050753484,218443.25,2526485.85,618.6934814453125,164.97499084472656,298.9599914550781,2884.879638671875,169.8948974609375
2021_345,0731豪雨暨盧碧颱風,闊葉樹林型,53.6992028235353,225588.06,2527582.19,593.8699951171875,186.75498962402344,300.9849853515625,2811.63818359375,156.8657989501953
2021_350,0731豪雨暨盧碧颱風,闊葉樹林型,29.034220452471416,220031.18,2527858.88,593.8699951171875,186.75498962402344,300.9849853515625,2925.142578125,173.83131408691406
2021_351,0731豪雨暨盧碧颱風,闊葉樹林型,26.56505117707799,214915.51,2519849.15,629.0444946289062,192.47999572753906,330.8899841308594,2992.088134765625,169.11236572265625
2021_353,0731豪雨暨盧碧颱風,闊葉樹林型,28.835768652404315,216217.91,2513542.42,629.0444946289062,192.47999572753906,330.8899841308594,3375.24658203125,182.49546813964844
2021_355,0731豪雨暨盧碧颱風,闊葉樹林型,40.41337530810542,233712.63,2611989.49,515.3045043945312,169.27499389648438,266.0350036621094,2160.919677734375,115.70194244384766
2021_356,0731豪雨暨盧碧颱風,闊葉樹林型,44.19926406432079,239449.5,2611716.45,515.3045043945312,169.27499389648438,266.0350036621094,2151.171142578125,110.50889587402344
2021_357,0731豪雨暨盧碧颱風,闊葉樹林型,27.26604445073282,232985.63,2601352.25,570.1635131835938,165.90499877929688,279.91497802734375,2112.41259765625,108.20011138916016
2021_358,0731豪雨暨盧碧颱風,闊葉樹林型,38.577711707605054,232904.71,2599210.66,585.5419921875,155.33499145507812,288.7919921875,2397.87255859375,141.15618896484375
2021_360,0731豪雨暨盧碧颱風,闊葉樹林型,43.59051881270963,241278.72,2599417.92,525.365966796875,151.34500122070312,264.6999816894531,2504.176025390625,134.1254119873047
2021_364,0731豪雨暨盧碧颱風,闊葉樹林型,61.31585188522386,255938.42,2645365.95,414.7704772949219,132.06500244140625,236.27499389648438,1880.313232421875,143.336669921875
2021_365,0731豪雨暨盧碧颱風,闊葉樹林型,36.88516922477569,269384.15,2677896.93,328.5854797363281,120.83999633789062,223.97000122070312,2394.2109375,159.887451171875
2021_367,0731豪雨暨盧碧颱風,闊葉樹林型,47.34541655277845,263740.26,2662217.1,340.7969970703125,113.11000061035156,200.55999755859375,2553.768310546875,193.8992462158203
2021_369,璨樹颱風,闊葉樹林型,31.39687644298045,305071.92,2658426.96,83.28499603271484,70.92499542236328,83.28499603271484,2319.623291015625,149.06011962890625
2021_371,圓規颱風暨1013豪雨,闊葉樹林型,60.15640450784508,284798.66,2632332.02,285.6549987792969,161.38499450683594,267.375,2431.345703125,157.89122009277344
2021_372,圓規颱風暨1013豪雨,闊葉樹林型,36.45196008712727,267770.79,2573058.66,294.5849914550781,140.1750030517578,273.91998291015625,2328.449951171875,156.06617736816406
2021_374,圓規颱風暨1013豪雨,闊葉樹林型,23.132182561931256,247063.46,2498579.8,302.6549987792969,117.15499877929688,282.9750061035156,2342.45849609375,137.7679901123047
2021_375,圓規颱風暨1013豪雨,闊葉樹林型,39.84215955425675,241109.77,2507640.54,289.0149841308594,116.50499725341797,269.30999755859375,2523.927734375,132.65663146972656
2021_376,圓規颱風暨1013豪雨,闊葉樹林型,53.51336095970972,249240.72,2512112.57,313.1000061035156,126.3449935913086,298.2699890136719,2227.70556640625,122.15391540527344
2021_377,圓規颱風暨1013豪雨,闊葉樹林型,44.2087245309662,246832.55,2521612.64,313.1000061035156,126.3449935913086,298.2699890136719,2545.1064453125,130.6017608642578
2021_378,圓規颱風暨1013豪雨,闊葉樹林型,52.51305687955973,237291.93,2528903.25,285.5950012207031,116.2249984741211,276.4949951171875,2659.308349609375,132.2608642578125
2021_379,圓規颱風暨1013豪雨,闊葉樹林型,45.37114282183035,237969.54,2527689.14,285.5950012207031,116.2249984741211,276.4949951171875,2636.4248046875,134.2984161376953
2021_382,圓規颱風暨1013豪雨,闊葉樹林型,48.56172665223335,300077.12,2714230.43,253.6999969482422,108.61499786376953,241.92498779296875,2376.6259765625,150.5155029296875
2021_385,圓規颱風暨1013豪雨,闊葉樹林型,43.02734418130677,314873.94,2703511.06,348.8699951171875,174.75,336.3249816894531,1951.74169921875,117.67649841308594
2021_386,圓規颱風暨1013豪雨,闊葉樹林型,43.139678341360025,300069.75,2675820.59,329.5099792480469,156.19000244140625,302.44500732421875,2352.610595703125,151.37234497070312
2021_387,圓規颱風暨1013豪雨,闊葉樹林型,38.04757894764742,301752.79,2675737.31,367.0799865722656,192.14999389648438,341.1449890136719,2353.627685546875,146.13784790039062
2021_388,圓規颱風暨1013豪雨,闊葉樹林型,47.13939561888404,305138.65,2676906.59,367.0799865722656,192.14999389648438,341.1449890136719,2353.627685546875,146.13784790039062
2021_389,圓規颱風暨1013豪雨,闊葉樹林型,52.51305687955973,297996.07,2674237.77,329.5099792480469,156.19000244140625,302.44500732421875,2352.610595703125,151.37234497070312
2021_391,圓規颱風暨1013豪雨,闊葉樹林型,65.54767933237972,286969.29,2615195.29,299.1349792480469,150.52000427246094,286.739990234375,2191.62353515625,126.8284912109375
2021_392,圓規颱風暨1013豪雨,闊葉樹林型,32.51251731617002,288187.26,2616105.48,299.1349792480469,150.52000427246094,286.739990234375,2191.62353515625,126.8284912109375
2021_393,圓規颱風暨1013豪雨,闊葉樹林型,29.32750061118656,295862.45,2612177.57,326.2649841308594,177.50999450683594,306.4100036621094,2029.2454833984375,120.9079818725586
2021_394,圓規颱風暨1013豪雨,闊葉樹林型,37.87640024160826,292386.54,2606686.01,357.75,205.11000061035156,331.7850036621094,2000.1451416015625,130.2339324951172
2021_395,圓規颱風暨1013豪雨,闊葉樹林型,50.2554353477881,293806.77,2599903.87,357.75,205.11000061035156,331.7850036621094,1965.8260498046875,120.82568359375
2021_397,圓規颱風暨1013豪雨,闊葉樹林型,52.06240512309672,297827.0,2598690.15,375.42498779296875,197.22999572753906,348.2049865722656,2154.465576171875,143.8412322998047
2021_398,圓規颱風暨1013豪雨,闊葉樹林型,27.990970091758022,282802.3,2601725.75,330.6549987792969,165.45999145507812,313.8999938964844,2137.846923828125,150.51254272460938
2021_399,圓規颱風暨1013豪雨,闊葉樹林型,57.574620830690016,276268.5,2599285.19,323.67498779296875,158.71499633789062,301.3599853515625,2247.890380859375,135.7090606689453
2021_401,圓規颱風暨1013豪雨,闊葉樹林型,41.59751679121417,274455.53,2595793.05,323.67498779296875,158.71499633789062,301.3599853515625,2697.459716796875,170.0337371826172
2021_403,圓規颱風暨1013豪雨,闊葉樹林型,43.02734418130678,280435.89,2593621.23,323.67498779296875,158.71499633789062,301.3599853515625,2251.6513671875,142.42526245117188
2021_404,圓規颱風暨1013豪雨,闊葉樹林型,49.05111016553776,268720.69,2576576.41,294.5849914550781,140.1750030517578,273.91998291015625,2328.449951171875,156.06617736816406
2021_405,圓規颱風暨1013豪雨,闊葉樹林型,31.588135505201176,270041.11,2575744.76,294.5849914550781,140.1750030517578,273.91998291015625,2328.449951171875,156.06617736816406
2021_406,圓規颱風暨1013豪雨,闊葉樹林型,53.6992028235353,271254.85,2575158.86,319.55999755859375,133.05999755859375,294.3500061035156,2067.1142578125,145.43313598632812
2021_407,圓規颱風暨1013豪雨,闊葉樹林型,37.0068193431202,275344.66,2575236.33,319.55999755859375,133.05999755859375,294.3500061035156,2067.1142578125,145.43313598632812
2021_410,圓規颱風暨1013豪雨,闊葉樹林型,46.11867036034214,235389.1,2538735.93,273.8699951171875,123.0199966430664,268.6099853515625,2721.876220703125,133.96163940429688
2022_3,軒嵐諾暨梅花颱風,闊葉樹林型,35.81208696357704,282408.2,2736129.39,267.13250732421875,103.0949935913086,132.4199981689453,2242.927978515625,138.89501953125
2022_4,軒嵐諾暨梅花颱風,闊葉樹林型,16.91651608571675,274348.26,2712980.23,258.2254943847656,87.6199951171875,104.11000061035156,2344.804931640625,139.26687622070312
2022_5,軒嵐諾暨梅花颱風,竹林,17.393118144442386,288488.37,2742567.21,267.13250732421875,103.0949935913086,132.4199981689453,2630.75048828125,139.3885040283203
2022_7,軒嵐諾暨梅花颱風,竹林,32.51251731617002,285349.84,2734734.36,267.13250732421875,103.0949935913086,132.4199981689453,2242.927978515625,138.89501953125
2022_9,軒嵐諾暨梅花颱風,闊葉樹林型,39.11707104818377,289800.86,2733291.36,267.13250732421875,103.0949935913086,132.4199981689453,2373.702880859375,141.1601104736328
2022_10,軒嵐諾暨梅花颱風,闊葉樹林型,40.34005890109771,274874.7,2732958.22,279.72149658203125,111.6199951171875,134.34999084472656,2066.02587890625,140.51007080078125
2022_11,軒嵐諾暨梅花颱風,闊葉樹林型,30.17736603061792,287479.24,2730364.42,302.3215026855469,111.68499755859375,157.4149932861328,2256.663818359375,135.5959930419922
2022_13,軒嵐諾暨梅花颱風,闊葉樹林型,43.893233668933576,280193.48,2724190.87,274.99249267578125,97.22999572753906,120.73499298095703,2183.285400390625,136.49932861328125
2022_61,1007豪雨、尼莎颱風暨1022豪雨,闊葉樹林型,37.202544890156695,291643.24,2726675.15,314.364990234375,136.09500122070312,141.52499389648438,2097.302001953125,138.73292541503906
2022_62,1007豪雨、尼莎颱風暨1022豪雨,闊葉樹林型,51.84956155617976,285852.65,2722474.13,260.04498291015625,98.54499816894531,102.7249984741211,1963.00048828125,128.1931915283203
2022_65,1007豪雨、尼莎颱風暨1022豪雨,闊葉樹林型,39.98069050753483,300848.54,2721995.79,327.7250061035156,173.22000122070312,188.96499633789062,2356.390625,162.25717163085938
2022_69,1007豪雨、尼莎颱風暨1022豪雨,闊葉樹林型,34.03756281454756,300338.64,2722041.5,314.364990234375,136.09500122070312,141.52499389648438,2313.694091796875,145.62100219726562
2022_72,1007豪雨、尼莎颱風暨1022豪雨,闊葉樹林型,43.10912630411683,299134.48,2722371.78,314.364990234375,136.09500122070312,141.52499389648438,2313.694091796875,145.62100219726562
2022_73,1007豪雨、尼莎颱風暨1022豪雨,闊葉樹林型,38.453757061620536,299268.91,2722353.19,314.364990234375,136.09500122070312,141.52499389648438,2313.694091796875,145.62100219726562
2022_74,1007豪雨、尼莎颱風暨1022豪雨,闊葉樹林型,40.04325099636187,299577.9,2722118.1,314.364990234375,136.09500122070312,141.52499389648438,2313.694091796875,145.62100219726562
2022_77,1007豪雨、尼莎颱風暨1022豪雨,闊葉樹林型,37.0068193431202,300433.16,2721858.54,314.364990234375,136.09500122070312,141.52499389648438,2313.694091796875,145.62100219726562
2022_78,1007豪雨、尼莎颱風暨1022豪雨,闊葉樹林型,39.63842114615208,300606.85,2721779.93,314.364990234375,136.09500122070312,141.52499389648438,2313.694091796875,145.62100219726562
2022_79,1007豪雨、尼莎颱風暨1022豪雨,闊葉樹林型,34.73245644172311,300597.32,2721591.88,314.364990234375,136.09500122070312,141.52499389648438,2313.694091796875,145.62100219726562
2022_80,1007豪雨、尼莎颱風暨1022豪雨,闊葉樹林型,38.5639871373724,301445.81,2721663.45,327.7250061035156,173.22000122070312,188.96499633789062,2356.390625,162.25717163085938
2022_81,1007豪雨、尼莎颱風暨1022豪雨,闊葉樹林型,42.04206908232861,301550.5,2720946.21,375.30999755859375,138.1949920654297,167.4550018310547,2392.660888671875,149.40223693847656
2022_82,1007豪雨、尼莎颱風暨1022豪雨,闊葉樹林型,38.93040115948257,295473.45,2715108.16,341.3800048828125,132.7849884033203,155.7899932861328,2376.114990234375,139.33335876464844
2022_83,1007豪雨、尼莎颱風暨1022豪雨,闊葉樹林型,28.735641668064066,295094.15,2714095.77,341.3800048828125,132.7849884033203,155.7899932861328,2376.114990234375,139.33335876464844
2022_86,1007豪雨、尼莎颱風暨1022豪雨,闊葉樹林型,38.32881810145589,320157.64,2707032.23,415.53497314453125,164.25,178.4449920654297,2151.837646484375,124.71073150634766
2022_87,1007豪雨、尼莎颱風暨1022豪雨,闊葉樹林型,28.14782196842062,291203.12,2703156.6,337.614990234375,125.95499420166016,140.3300018310547,2446.830810546875,168.3182830810547
2022_88,1007豪雨、尼莎颱風暨1022豪雨,闊葉樹林型,36.1352033247489,302889.65,2701971.63,368.97998046875,126.32999420166016,142.14498901367188,2343.480224609375,148.95858764648438
2022_89,1007豪雨、尼莎颱風暨1022豪雨,闊葉樹林型,44.50824474873735,320383.94,2703560.1,415.53497314453125,164.25,178.4449920654297,1992.7193603515625,124.48375701904297
2022_92,1007豪雨、尼莎颱風暨1022豪雨,闊葉樹林型,51.3625312438236,314026.8,2689881.45,354.05499267578125,148.35499572753906,171.46499633789062,2136.267333984375,136.73049926757812
2022_93,1007豪雨、尼莎颱風暨1022豪雨,闊葉樹林型,72.54352293529713,313153.09,2677485.96,156.6949920654297,46.14500045776367,74.00499725341797,2401.970947265625,151.73062133789062
2022_94,1007豪雨、尼莎颱風暨1022豪雨,闊葉樹林型,47.19310563582846,310308.36,2674630.72,298.739990234375,120.75499725341797,127.9749984741211,2626.517578125,162.26905822753906
2022_96,1007豪雨、尼莎颱風暨1022豪雨,闊葉樹林型,48.18968510422141,298679.07,2655542.54,232.7449951171875,122.33499908447266,128.67999267578125,2146.370361328125,133.07498168945312
2022_97,1007豪雨、尼莎颱風暨1022豪雨,闊葉樹林型,54.769323023993564,297593.99,2653418.24,123.45499420166016,64.94499969482422,65.76499938964844,2082.81787109375,138.217529296875
2022_98,1007豪雨、尼莎颱風暨1022豪雨,闊葉樹林型,44.359258950107865,291429.46,2649874.73,123.45499420166016,64.94499969482422,65.76499938964844,1986.802001953125,125.88800048828125
2022_99,1007豪雨、尼莎颱風暨1022豪雨,闊葉樹林型,60.72230833647315,292208.52,2638535.05,120.07999420166016,54.8849983215332,56.43000030517578,2165.39794921875,142.8837127685547
2022_100,1007豪雨、尼莎颱風暨1022豪雨,闊葉樹林型,52.72482806714037,289750.99,2637479.22,97.55999755859375,61.81999969482422,64.03499603271484,2202.935791015625,140.18649291992188
2022_102,1007豪雨、尼莎颱風暨1022豪雨,闊葉樹林型,23.273326481355983,320114.93,2772147.47,258.17498779296875,188.7899932861328,198.65499877929688,2453.75927734375,184.49188232421875
2022_103,1007豪雨、尼莎颱風暨1022豪雨,闊葉樹林型,36.45196008712727,312390.97,2778660.2,309.68499755859375,229.37998962402344,241.6999969482422,2270.73193359375,160.24380493164062
2022_105,1007豪雨、尼莎颱風暨1022豪雨,闊葉樹林型,57.820300384194425,330199.09,2701022.4,449.7799987792969,159.33999633789062,190.69000244140625,1915.9677734375,126.06468200683594
2022_106,1007豪雨、尼莎颱風暨1022豪雨,闊葉樹林型,45.84296219186747,303815.14,2697393.0,376.0,145.864990234375,163.0050048828125,2391.3486328125,132.9745330810547
2022_107,1007豪雨、尼莎颱風暨1022豪雨,闊葉樹林型,57.16466602979867,316693.66,2694341.07,354.05499267578125,148.35499572753906,171.46499633789062,1911.7799072265625,132.78627014160156
2022_108,1007豪雨、尼莎颱風暨1022豪雨,闊葉樹林型,52.43140797117251,318157.99,2694683.13,354.05499267578125,148.35499572753906,171.46499633789062,1911.7799072265625,132.78627014160156
2022_109,1007豪雨、尼莎颱風暨1022豪雨,闊葉樹林型,16.253917058152773,329924.32,2704581.36,449.7799987792969,159.33999633789062,190.69000244140625,1915.9677734375,126.06468200683594
2022_111,1007豪雨、尼莎颱風暨1022豪雨,竹林,41.99819984310421,275099.66,2736332.23,201.97000122070312,163.46499633789062,175.30499267578125,2066.02587890625,140.51007080078125
2022_112,1007豪雨、尼莎颱風暨1022豪雨,竹林,27.017123217850244,275781.44,2735448.89,201.97000122070312,163.46499633789062,175.30499267578125,2239.324951171875,134.33651733398438
2022_114,1007豪雨、尼莎颱風暨1022豪雨,闊葉樹林型,34.888691645645146,287071.22,2752419.49,228.0699920654297,175.1750030517578,195.41000366210938,2297.440185546875,130.3753204345703
2022_117,1007豪雨、尼莎颱風暨1022豪雨,闊葉樹林型,37.11250830386473,301001.61,2722369.38,327.7250061035156,173.22000122070312,188.96499633789062,2356.390625,162.25717163085938
2022_169,1030豪雨,闊葉樹林型,40.7628826356304,295042.08,2714079.89,37.890499114990234,33.790000915527344,37.890499114990234,2376.114990234375,139.33335876464844
2022_170,1030豪雨,闊葉樹林型,47.34541655277845,312786.42,2702470.74,90.32849884033203,70.70500183105469,90.32849884033203,1951.74169921875,117.67649841308594
2022_171,1030豪雨,闊葉樹林型,40.41337530810542,293136.48,2653550.9,92.4489974975586,80.82499694824219,92.4489974975586,1986.802001953125,125.88800048828125
2022_172,1007豪雨、尼莎颱風暨1022豪雨,闊葉樹林型,42.17291298675989,301466.11,2722013.24,327.7250061035156,173.22000122070312,188.96499633789062,2356.390625,162.25717163085938
2023_1,海葵颱風,闊葉樹林型,59.50191216123499,328265.8,2696315.43,187.05999755859375,128.8249969482422,174.4949951171875,2163.093017578125,144.73324584960938
2023_5,海葵颱風,闊葉樹林型,51.61115107406533,310741.49,2698341.64,165.9199981689453,98.19999694824219,146.0449981689453,2229.592041015625,148.98240661621094
2023_8,海葵颱風,闊葉樹林型,46.11867036034214,324229.16,2698104.53,187.05999755859375,128.8249969482422,174.4949951171875,1915.1141357421875,123.03146362304688
2023_12,海葵颱風,闊葉樹林型,44.4246291370315,319082.38,2693650.18,178.87998962402344,117.70999908447266,166.98500061035156,2065.531494140625,130.89926147460938
2023_13,海葵颱風,闊葉樹林型,27.26604445073282,295181.08,2610951.32,172.16000366210938,126.69499969482422,171.02999877929688,2029.2454833984375,120.9079818725586
2023_14,海葵颱風,闊葉樹林型,26.849053663953967,295485.52,2612197.81,172.16000366210938,126.69499969482422,171.02999877929688,2029.2454833984375,120.9079818725586
2023_15,海葵颱風,闊葉樹林型,37.65979117547535,295973.46,2612340.12,172.16000366210938,126.69499969482422,171.02999877929688,2029.2454833984375,120.9079818725586
2023_19,海葵颱風,闊葉樹林型,29.71061986959468,291092.85,2646689.43,190.64498901367188,159.0500030517578,189.9449920654297,2032.21435546875,125.89407348632812
2023_21,海葵颱風,闊葉樹林型,38.67344937613533,287624.95,2642288.82,164.13499450683594,132.0,159.125,2220.61083984375,124.09061431884766
2023_22,海葵颱風,闊葉樹林型,42.04206908232861,287352.26,2642507.17,164.13499450683594,132.0,159.125,2220.61083984375,124.09061431884766
2023_24,海葵颱風,闊葉樹林型,45.35368663627471,287729.64,2642362.28,164.13499450683594,132.0,159.125,2220.61083984375,124.09061431884766
2023_27,海葵颱風,闊葉樹林型,37.247373202381205,297982.44,2641015.51,182.3249969482422,143.50498962402344,181.614990234375,1849.251953125,126.7243881225586
2023_28,海葵颱風,闊葉樹林型,46.39718102729638,287543.21,2639697.09,164.13499450683594,132.0,159.125,2220.61083984375,124.09061431884766
2023_29,海葵颱風,闊葉樹林型,30.809442202940232,294881.04,2640156.36,182.3249969482422,143.50498962402344,181.614990234375,2165.39794921875,142.8837127685547
2023_30,海葵颱風,闊葉樹林型,33.197229942878394,295164.34,2637294.04,182.3249969482422,143.50498962402344,181.614990234375,2029.55908203125,130.66796875
2023_31,海葵颱風,闊葉樹林型,45.501385656241695,295394.43,2637450.83,182.3249969482422,143.50498962402344,181.614990234375,2029.55908203125,130.66796875
2023_32,海葵颱風,闊葉樹林型,14.103462835639398,295331.87,2636971.53,182.3249969482422,143.50498962402344,181.614990234375,2029.55908203125,130.66796875
2023_33,海葵颱風,闊葉樹林型,38.903551214305885,295268.37,2636937.03,182.3249969482422,143.50498962402344,181.614990234375,2029.55908203125,130.66796875
2023_34,海葵颱風,闊葉樹林型,42.47384298513367,290322.51,2638035.88,164.13499450683594,132.0,159.125,2202.935791015625,140.18649291992188
2023_35,海葵颱風,闊葉樹林型,48.56172665223335,290506.15,2637751.22,164.13499450683594,132.0,159.125,2202.935791015625,140.18649291992188
2023_40,海葵颱風,闊葉樹林型,44.28418708125969,299905.82,2684128.95,185.14999389648438,148.69000244140625,181.9250030517578,2602.125244140625,151.9195098876953
2023_42,海葵颱風,闊葉樹林型,61.62010201487327,299982.44,2687439.56,185.14999389648438,148.69000244140625,181.9250030517578,2602.125244140625,151.9195098876953
2023_43,海葵颱風,闊葉樹林型,46.5263493090976,299412.97,2687935.08,185.14999389648438,148.69000244140625,181.9250030517578,2602.125244140625,151.9195098876953
2023_44,海葵颱風,闊葉樹林型,45.16024384854909,301966.74,2687337.55,202.40499877929688,141.02499389648438,190.88499450683594,2352.1640625,140.07826232910156
2023_47,海葵颱風,闊葉樹林型,40.7270942279994,319958.77,2686755.19,188.23500061035156,132.1949920654297,176.72000122070312,2372.496826171875,144.7940216064453
2023_51,海葵颱風,闊葉樹林型,36.86989764584402,293970.56,2681865.82,185.14999389648438,148.69000244140625,181.9250030517578,2387.092529296875,136.10618591308594
2023_52,海葵颱風,闊葉樹林型,44.6831922342158,294073.14,2681764.5,185.14999389648438,148.69000244140625,181.9250030517578,2387.092529296875,136.10618591308594
2023_53,海葵颱風,闊葉樹林型,52.25088558587151,292954.03,2681310.75,185.14999389648438,148.69000244140625,181.9250030517578,2387.092529296875,136.10618591308594
2023_55,海葵颱風,闊葉樹林型,57.84902186626262,298101.85,2680669.3,185.14999389648438,148.69000244140625,181.9250030517578,2229.95703125,142.79437255859375
2023_56,海葵颱風,闊葉樹林型,34.66253388314486,297701.34,2682369.06,185.14999389648438,148.69000244140625,181.9250030517578,2229.95703125,142.79437255859375
2023_59,海葵颱風,闊葉樹林型,38.11835994667712,298391.15,2683131.04,185.14999389648438,148.69000244140625,181.9250030517578,2602.125244140625,151.9195098876953
2023_60,海葵颱風,闊葉樹林型,37.202544890156695,292012.98,2686522.27,185.14999389648438,148.69000244140625,181.9250030517578,2679.881591796875,156.8087615966797
2023_62,海葵颱風,闊葉樹林型,40.47420622680254,294317.75,2677332.85,185.14999389648438,148.69000244140625,181.9250030517578,2387.092529296875,136.10618591308594
2023_65,海葵颱風,闊葉樹林型,50.4127146242384,297007.46,2676781.5,188.14999389648438,153.1999969482422,185.5699920654297,2352.610595703125,151.37234497070312
2023_70,海葵颱風,闊葉樹林型,36.88516922477569,296945.07,2675535.31,188.14999389648438,153.1999969482422,185.5699920654297,2352.610595703125,151.37234497070312
2023_72,海葵颱風,闊葉樹林型,61.969711635998806,297954.14,2675535.33,188.14999389648438,153.1999969482422,185.5699920654297,2352.610595703125,151.37234497070312
2023_73,海葵颱風,闊葉樹林型,42.302624878481225,297504.25,2674674.14,188.14999389648438,153.1999969482422,185.5699920654297,2352.610595703125,151.37234497070312
2023_74,海葵颱風,闊葉樹林型,53.6391215655216,297356.97,2674615.32,188.14999389648438,153.1999969482422,185.5699920654297,2352.610595703125,151.37234497070312
2023_80,海葵颱風,闊葉樹林型,45.707319368544255,292356.01,2672940.94,188.14999389648438,153.1999969482422,185.5699920654297,2353.409423828125,141.65667724609375
2023_81,海葵颱風,闊葉樹林型,50.674571392524335,292518.4,2672973.5,188.14999389648438,153.1999969482422,185.5699920654297,2353.409423828125,141.65667724609375
2023_84,海葵颱風,闊葉樹林型,58.59332564121021,297357.06,2673891.85,188.14999389648438,153.1999969482422,185.5699920654297,2352.610595703125,151.37234497070312
2023_85,海葵颱風,闊葉樹林型,60.722308336473134,301484.47,2673489.93,259.0849914550781,198.69000244140625,248.84999084472656,2353.627685546875,146.13784790039062
2023_86,海葵颱風,闊葉樹林型,72.51966021308635,303767.17,2674153.34,259.0849914550781,198.69000244140625,248.84999084472656,2353.627685546875,146.13784790039062
2023_88,海葵颱風,闊葉樹林型,35.28126182726603,287746.78,2670044.83,189.00999450683594,150.2449951171875,184.97000122070312,2487.142333984375,147.5215301513672
2023_90,海葵颱風,闊葉樹林型,43.26125824127405,310719.61,2671150.53,259.0849914550781,198.69000244140625,248.84999084472656,2391.130615234375,155.60317993164062
2023_95,海葵颱風,闊葉樹林型,43.68885454421518,299508.66,2663557.91,201.625,167.69000244140625,199.85499572753906,2287.12841796875,145.52923583984375
2023_96,海葵颱風,闊葉樹林型,59.53716225202639,300138.52,2663734.36,201.625,167.69000244140625,199.85499572753906,2287.12841796875,145.52923583984375
2023_99,海葵颱風,闊葉樹林型,45.43207135058316,285296.65,2662126.66,182.9449920654297,149.1750030517578,180.72999572753906,2593.458740234375,148.11077880859375
2023_102,海葵颱風,闊葉樹林型,53.6853648210671,279539.53,2657575.19,158.22000122070312,120.50999450683594,151.5399932861328,2903.5078125,157.19729614257812
2023_103,海葵颱風,闊葉樹林型,40.7628826356304,285976.62,2659255.23,182.9449920654297,149.1750030517578,180.72999572753906,2330.667236328125,145.41802978515625
2023_106,海葵颱風,闊葉樹林型,25.407718108948472,285724.91,2659034.58,182.9449920654297,149.1750030517578,180.72999572753906,2330.667236328125,145.41802978515625
2023_109,海葵颱風,闊葉樹林型,37.99072498917101,285934.68,2658622.36,182.9449920654297,149.1750030517578,180.72999572753906,2330.667236328125,145.41802978515625
2023_110,海葵颱風,闊葉樹林型,40.41337530810542,286209.79,2658299.55,182.9449920654297,149.1750030517578,180.72999572753906,2330.667236328125,145.41802978515625
2023_112,海葵颱風,闊葉樹林型,32.73080151420785,286238.27,2658013.1,182.9449920654297,149.1750030517578,180.72999572753906,2330.667236328125,145.41802978515625
2023_117,海葵颱風,闊葉樹林型,38.876655136344326,283696.24,2656485.84,182.9449920654297,149.1750030517578,180.72999572753906,2648.472900390625,151.1837158203125
2023_118,海葵颱風,闊葉樹林型,39.31462864873002,285542.94,2658902.13,182.9449920654297,149.1750030517578,180.72999572753906,2648.472900390625,151.1837158203125
2023_128,海葵颱風,闊葉樹林型,56.2841929881041,295505.42,2655050.03,190.64498901367188,159.0500030517578,189.9449920654297,1986.802001953125,125.88800048828125
2023_130,海葵颱風,闊葉樹林型,48.540940845142885,281015.79,2653428.06,161.33999633789062,128.25999450683594,158.989990234375,2503.708984375,123.4659194946289
2023_131,海葵颱風,闊葉樹林型,44.23706899687728,281535.68,2653777.31,161.33999633789062,128.25999450683594,158.989990234375,2503.708984375,123.4659194946289
2023_135,海葵颱風,闊葉樹林型,31.50340488200827,292111.84,2654296.15,190.64498901367188,159.0500030517578,189.9449920654297,1986.802001953125,125.88800048828125
2023_136,海葵颱風,闊葉樹林型,43.42182054759477,290435.18,2654392.16,161.33999633789062,128.25999450683594,158.989990234375,1718.05224609375,108.5896987915039
2023_137,海葵颱風,闊葉樹林型,43.271344818790695,293364.37,2653295.97,190.64498901367188,159.0500030517578,189.9449920654297,1986.802001953125,125.88800048828125
2023_138,海葵颱風,闊葉樹林型,47.37567696741501,295720.86,2653757.76,190.64498901367188,159.0500030517578,189.9449920654297,1986.802001953125,125.88800048828125
2023_139,海葵颱風,闊葉樹林型,58.15682071277408,296243.38,2652308.56,190.64498901367188,159.0500030517578,189.9449920654297,2082.81787109375,138.217529296875
2023_140,海葵颱風,闊葉樹林型,44.57294618219693,300761.32,2652647.49,190.64498901367188,159.0500030517578,189.9449920654297,2082.81787109375,138.217529296875
2023_143,海葵颱風,闊葉樹林型,57.9946167919165,296304.93,2649807.91,190.64498901367188,159.0500030517578,189.9449920654297,2082.81787109375,138.217529296875
2023_145,海葵颱風,闊葉樹林型,52.96242807874049,267588.22,2573198.44,142.4250030517578,114.77499389648438,133.26499938964844,2328.449951171875,156.06617736816406
2023_146,海葵颱風,闊葉樹林型,40.90520427089325,266880.36,2571905.03,142.4250030517578,114.77499389648438,133.26499938964844,2246.871826171875,142.2772979736328
2023_147,海葵颱風,闊葉樹林型,33.197229942878394,273650.73,2571841.36,147.96499633789062,126.3949966430664,144.96499633789062,2094.354248046875,141.65664672851562
2023_152,海葵颱風,闊葉樹林型,40.376760812124,260715.01,2587235.0,152.70999145507812,125.1449966430664,145.1750030517578,2511.740966796875,142.35116577148438
2023_155,海葵颱風,闊葉樹林型,43.77679566071583,267674.0,2573294.71,142.4250030517578,114.77499389648438,133.26499938964844,2328.449951171875,156.06617736816406
2023_156,海葵颱風,闊葉樹林型,29.54409628156036,270354.75,2572814.39,142.4250030517578,114.77499389648438,133.26499938964844,2328.449951171875,156.06617736816406
2023_157,海葵颱風,闊葉樹林型,31.138369345567487,270324.86,2572613.22,142.4250030517578,114.77499389648438,133.26499938964844,2328.449951171875,156.06617736816406
2023_158,海葵颱風,闊葉樹林型,34.18253892596887,275356.28,2575214.97,147.96499633789062,126.3949966430664,144.96499633789062,2067.1142578125,145.43313598632812
2023_159,海葵颱風,闊葉樹林型,50.65688652939868,265141.32,2587688.76,152.70999145507812,125.1449966430664,145.1750030517578,2511.740966796875,142.35116577148438
2023_160,海葵颱風,闊葉樹林型,45.22207888903144,265194.23,2587112.32,152.70999145507812,125.1449966430664,145.1750030517578,2511.740966796875,142.35116577148438
2023_161,海葵颱風,闊葉樹林型,33.425567049364545,271174.57,2584722.64,163.00999450683594,131.13499450683594,157.23500061035156,2521.49609375,159.008544921875
2023_162,海葵颱風,闊葉樹林型,32.18975488338548,270740.68,2586258.92,163.00999450683594,131.13499450683594,157.23500061035156,2521.49609375,159.008544921875
2023_163,海葵颱風,闊葉樹林型,37.48434900054385,282008.84,2604787.99,179.72499084472656,131.13499450683594,178.2449951171875,2137.846923828125,150.51254272460938
2023_164,海葵颱風,闊葉樹林型,37.90505895833579,283210.62,2600179.44,179.72499084472656,131.13499450683594,178.2449951171875,2137.846923828125,150.51254272460938
2023_169,海葵颱風,闊葉樹林型,52.72482806714037,281743.6,2642674.18,164.13499450683594,132.0,159.125,2462.13525390625,142.64247131347656
2023_170,海葵颱風,闊葉樹林型,40.04325099636187,285910.31,2641586.46,164.13499450683594,132.0,159.125,2220.61083984375,124.09061431884766
2023_171,海葵颱風,闊葉樹林型,56.02723562281445,285529.34,2641108.19,164.13499450683594,132.0,159.125,2462.13525390625,142.64247131347656
2023_175,海葵颱風,闊葉樹林型,34.468683663334545,292106.64,2637458.97,182.3249969482422,143.50498962402344,181.614990234375,2029.55908203125,130.66796875
2023_176,海葵颱風,闊葉樹林型,38.71430174309542,286630.82,2634263.53,164.13499450683594,132.0,159.125,2202.935791015625,140.18649291992188
2023_177,海葵颱風,闊葉樹林型,40.04325099636187,287393.82,2632883.91,173.35499572753906,126.43000030517578,164.39500427246094,2384.85400390625,147.62538146972656
2023_178,海葵颱風,闊葉樹林型,35.43232547287678,292697.21,2630925.5,179.09500122070312,134.25498962402344,178.47000122070312,2062.15283203125,143.4594268798828
2023_182,海葵颱風,闊葉樹林型,34.73245644172311,288536.2,2623633.26,173.35499572753906,126.43000030517578,164.39500427246094,2398.856689453125,133.01580810546875
2023_184,海葵颱風,闊葉樹林型,37.90505895833579,288122.61,2623447.43,173.35499572753906,126.43000030517578,164.39500427246094,2398.856689453125,133.01580810546875
2023_185,海葵颱風,闊葉樹林型,23.893396656492648,288051.34,2623536.52,173.35499572753906,126.43000030517578,164.39500427246094,2398.856689453125,133.01580810546875
2023_186,海葵颱風,闊葉樹林型,40.9523515915937,287030.94,2621465.9,169.52499389648438,124.625,167.1649932861328,2341.34521484375,135.4976806640625
2023_189,海葵颱風,闊葉樹林型,47.07775513424629,284982.03,2620983.92,169.52499389648438,124.625,167.1649932861328,2516.89453125,137.5990753173828
2023_192,海葵颱風,闊葉樹林型,37.42543512676668,285292.37,2620931.63,169.52499389648438,124.625,167.1649932861328,2516.89453125,137.5990753173828
2023_195,海葵颱風,闊葉樹林型,41.59751679121417,284517.23,2610791.31,169.52499389648438,124.625,167.1649932861328,2404.671142578125,134.67222595214844
2023_196,海葵颱風,闊葉樹林型,40.79858749551321,283095.22,2609542.6,179.72499084472656,131.13499450683594,178.2449951171875,2298.92041015625,137.5152587890625
2023_202,海葵颱風,闊葉樹林型,39.727886428017456,278398.3,2634258.62,183.125,144.4499969482422,175.71499633789062,2476.8828125,145.62222290039062
2023_203,海葵颱風,闊葉樹林型,33.425567049364545,278777.68,2633139.0,183.125,144.4499969482422,175.71499633789062,2476.8828125,145.62222290039062
2023_204,海葵颱風,闊葉樹林型,35.41561005234765,278419.23,2632764.78,180.4499969482422,146.4499969482422,177.00999450683594,2447.114990234375,149.9739532470703
2023_205,海葵颱風,闊葉樹林型,41.99819984310421,278550.22,2632650.12,180.4499969482422,146.4499969482422,177.00999450683594,2447.114990234375,149.9739532470703
2023_206,海葵颱風,闊葉樹林型,42.89347697966648,282601.14,2631368.93,173.35499572753906,126.43000030517578,164.39500427246094,2431.345703125,157.89122009277344
2023_208,海葵颱風,闊葉樹林型,36.71637457580036,282266.45,2630901.06,173.35499572753906,126.43000030517578,164.39500427246094,2431.345703125,157.89122009277344
2023_209,海葵颱風,闊葉樹林型,36.57693385156434,281819.65,2630032.35,173.35499572753906,126.43000030517578,164.39500427246094,2431.345703125,157.89122009277344
2023_210,海葵颱風,闊葉樹林型,64.1908703646628,284900.3,2630890.84,173.35499572753906,126.43000030517578,164.39500427246094,2431.345703125,157.89122009277344
2023_211,海葵颱風,闊葉樹林型,38.577711707605054,289209.99,2624924.74,173.35499572753906,126.43000030517578,164.39500427246094,2398.856689453125,133.01580810546875
2023_213,海葵颱風,闊葉樹林型,43.844830570829245,287442.21,2623427.38,173.35499572753906,126.43000030517578,164.39500427246094,2398.856689453125,133.01580810546875
2023_218,海葵颱風,闊葉樹林型,32.18975488338548,295828.0,2611459.19,172.16000366210938,126.69499969482422,171.02999877929688,2029.2454833984375,120.9079818725586
2023_219,海葵颱風,闊葉樹林型,31.160066779905723,295880.24,2611283.83,172.16000366210938,126.69499969482422,171.02999877929688,2029.2454833984375,120.9079818725586
2023_220,海葵颱風,闊葉樹林型,32.51251731617002,295998.95,2611136.41,172.16000366210938,126.69499969482422,171.02999877929688,1958.8206787109375,123.54737854003906
2023_221,海葵颱風,闊葉樹林型,35.59853666783391,296367.87,2610131.81,191.6750030517578,133.39498901367188,189.614990234375,2044.5234375,132.62496948242188
2023_222,海葵颱風,闊葉樹林型,27.726186750640903,296326.46,2609906.23,191.6750030517578,133.39498901367188,189.614990234375,2044.5234375,132.62496948242188
2023_223,海葵颱風,闊葉樹林型,27.806069555844164,296649.95,2609616.46,191.6750030517578,133.39498901367188,189.614990234375,2044.5234375,132.62496948242188
2023_226,海葵颱風,闊葉樹林型,40.91700476339015,297585.35,2608528.91,191.6750030517578,133.39498901367188,189.614990234375,2044.5234375,132.62496948242188
2023_229,海葵颱風,闊葉樹林型,41.676265474602594,256128.39,2642012.12,191.0749969482422,146.75,182.11000061035156,2107.697265625,127.54483795166016
2023_230,海葵颱風,闊葉樹林型,42.03111377419729,275321.71,2657992.45,158.22000122070312,120.50999450683594,151.5399932861328,3239.04736328125,160.2562255859375
2023_232,海葵颱風,闊葉樹林型,32.51251731617002,263657.32,2666107.36,141.9250030517578,113.1199951171875,136.6699981689453,2553.768310546875,193.8992462158203
2023_233,海葵颱風,闊葉樹林型,29.99224511971602,258803.22,2641373.52,191.0749969482422,146.75,182.11000061035156,2107.697265625,127.54483795166016
2023_234,海葵颱風,闊葉樹林型,40.55896658324713,260429.32,2643918.0,195.92999267578125,162.22499084472656,191.20999145507812,2256.253662109375,135.88162231445312
2023_239,海葵颱風,闊葉樹林型,61.300040649707576,270894.97,2656614.21,158.22000122070312,120.50999450683594,151.5399932861328,3239.04736328125,160.2562255859375
2023_241,海葵颱風,闊葉樹林型,36.71637457580036,275478.82,2650831.02,190.64999389648438,156.72000122070312,185.67999267578125,3152.863037109375,156.8460235595703
2023_243,海葵颱風,闊葉樹林型,46.53438273346463,274849.36,2642115.32,183.125,144.4499969482422,175.71499633789062,2503.506591796875,143.71511840820312
2023_244,海葵颱風,闊葉樹林型,16.69924423399362,273085.77,2642384.42,183.125,144.4499969482422,175.71499633789062,2503.506591796875,143.71511840820312
2023_245,海葵颱風,闊葉樹林型,63.50094915926577,273270.41,2640100.07,183.125,144.4499969482422,175.71499633789062,2503.506591796875,143.71511840820312
2023_248,海葵颱風,闊葉樹林型,46.70202219648135,268074.76,2649085.32,165.80499267578125,137.3000030517578,162.489990234375,2654.02197265625,161.9046173095703
2023_249,海葵颱風,闊葉樹林型,31.311156133255537,267654.04,2634889.63,195.92999267578125,162.22499084472656,191.20999145507812,2132.35498046875,117.37820434570312
2023_253,海葵颱風,闊葉樹林型,50.8906940014184,243371.02,2606333.18,145.08499145507812,115.02999877929688,125.54999542236328,2416.623046875,128.63072204589844
2023_254,海葵颱風,闊葉樹林型,47.90920660689003,238702.15,2616454.41,124.69499969482422,101.29000091552734,117.20999908447266,2241.6083984375,131.99200439453125
2023_256,海葵颱風,闊葉樹林型,39.98069050753483,263419.17,2619376.56,197.87998962402344,166.89999389648438,190.1899871826172,1674.802001953125,90.57408905029297
2023_261,海葵颱風,闊葉樹林型,38.32881810145589,265124.43,2622572.53,199.1999969482422,167.42498779296875,191.02999877929688,2119.083984375,115.14181518554688
2023_264,海葵颱風,闊葉樹林型,35.565430802303304,244148.06,2575041.87,131.77000427246094,101.78499603271484,118.13499450683594,2563.6611328125,140.51837158203125
2023_265,海葵颱風,闊葉樹林型,46.43767472695269,243505.89,2575407.36,131.77000427246094,101.78499603271484,118.13499450683594,2563.6611328125,140.51837158203125
2023_267,海葵颱風,闊葉樹林型,49.64482573226741,287019.02,2565412.82,181.6750030517578,144.05999755859375,173.3199920654297,2056.9384765625,130.17678833007812
2023_268,海葵颱風,闊葉樹林型,50.82682311538271,282780.55,2550993.28,189.6599884033203,154.09500122070312,185.7949981689453,2222.53564453125,144.83975219726562
2023_269,海葵颱風,闊葉樹林型,38.903551214305885,272466.35,2547385.72,189.94000244140625,156.0749969482422,180.5449981689453,2094.242919921875,116.33453369140625
2023_270,海葵颱風,闊葉樹林型,13.342363797088236,273925.92,2550498.39,189.94000244140625,156.0749969482422,180.5449981689453,2004.3348388671875,118.74603271484375
2023_271,海葵颱風,闊葉樹林型,45.17793834757605,274632.06,2554051.34,189.94000244140625,156.0749969482422,180.5449981689453,2004.3348388671875,118.74603271484375
2023_272,海葵颱風,闊葉樹林型,48.540940845142885,274699.79,2553974.74,189.94000244140625,156.0749969482422,180.5449981689453,2004.3348388671875,118.74603271484375
2023_273,海葵颱風,闊葉樹林型,21.568129435647887,274559.92,2552886.22,189.94000244140625,156.0749969482422,180.5449981689453,2004.3348388671875,118.74603271484375
2023_274,海葵颱風,闊葉樹林型,55.00671797528064,243824.9,2515565.66,214.4449920654297,186.47999572753906,204.0399932861328,2659.226318359375,138.2041473388672
2023_275,海葵颱風,闊葉樹林型,45.22207888903144,246392.08,2514478.18,214.4449920654297,186.47999572753906,204.0399932861328,2227.70556640625,122.15391540527344
2023_276,海葵颱風,闊葉樹林型,43.68885454421518,248196.43,2509145.0,194.76998901367188,171.375,187.75,2305.17626953125,132.13438415527344
2023_277,海葵颱風,闊葉樹林型,51.19401186720408,241743.13,2506915.53,194.76998901367188,171.375,187.75,2523.927734375,132.65663146972656
2023_278,海葵颱風,闊葉樹林型,47.55584848253888,258252.2,2539398.59,189.26499938964844,145.8000030517578,173.75,2523.727294921875,136.40858459472656
2023_279,海葵颱風,闊葉樹林型,35.59853666783391,258982.24,2541505.77,189.26499938964844,145.8000030517578,173.75,2523.727294921875,136.40858459472656
2023_281,海葵颱風,闊葉樹林型,51.52331628425556,242145.32,2527326.86,187.48500061035156,148.88999938964844,172.1649932861328,2639.58642578125,125.33547973632812
2023_282,海葵颱風,闊葉樹林型,27.806069555844164,254111.4,2529790.89,200.3199920654297,162.05499267578125,186.2449951171875,2545.30322265625,132.95693969726562
2023_283,海葵颱風,闊葉樹林型,45.71583529290024,265332.98,2532157.59,205.39498901367188,176.4149932861328,192.58499145507812,2061.32373046875,116.4581298828125
2023_284,海葵颱風,闊葉樹林型,42.377774270582094,265725.63,2531533.05,205.39498901367188,176.4149932861328,192.58499145507812,2283.48779296875,138.6038818359375
2023_285,海葵颱風,闊葉樹林型,33.891288740963454,266156.67,2530889.77,205.39498901367188,176.4149932861328,192.58499145507812,2283.48779296875,138.6038818359375
2023_287,海葵颱風,闊葉樹林型,49.759148061585286,276611.47,2553739.75,189.94000244140625,156.0749969482422,180.5449981689453,2136.243408203125,128.89334106445312
2023_288,海葵颱風,闊葉樹林型,44.6831922342158,276542.57,2554211.17,189.94000244140625,156.0749969482422,180.5449981689453,2136.243408203125,128.89334106445312
2023_289,海葵颱風,闊葉樹林型,35.009177890477666,276462.8,2553990.16,189.94000244140625,156.0749969482422,180.5449981689453,2136.243408203125,128.89334106445312
2023_290,海葵颱風,闊葉樹林型,33.02386755579665,279538.01,2554344.74,189.94000244140625,156.0749969482422,180.5449981689453,2136.243408203125,128.89334106445312
2023_291,海葵颱風,闊葉樹林型,29.92228709167213,279433.83,2554412.51,189.94000244140625,156.0749969482422,180.5449981689453,2136.243408203125,128.89334106445312
2023_294,海葵颱風,闊葉樹林型,51.45703397263839,277797.32,2540117.43,203.48500061035156,172.72999572753906,192.3300018310547,1957.300048828125,114.53429412841797
2023_295,海葵颱風,闊葉樹林型,41.12786681163709,274365.97,2545238.4,189.94000244140625,156.0749969482422,180.5449981689453,2094.242919921875,116.33453369140625
2023_296,海葵颱風,闊葉樹林型,36.94611005709807,276158.04,2548079.46,189.94000244140625,156.0749969482422,180.5449981689453,1859.57763671875,112.26715850830078
2023_297,海葵颱風,闊葉樹林型,40.53479707962874,276360.66,2548043.23,189.94000244140625,156.0749969482422,180.5449981689453,1859.57763671875,112.26715850830078
2023_298,海葵颱風,闊葉樹林型,29.034220452471416,276051.82,2547240.58,189.94000244140625,156.0749969482422,180.5449981689453,1859.57763671875,112.26715850830078
2023_299,海葵颱風,闊葉樹林型,37.790111559066204,275626.79,2546889.04,189.94000244140625,156.0749969482422,180.5449981689453,2094.242919921875,116.33453369140625
2023_300,海葵颱風,闊葉樹林型,37.0068193431202,276696.32,2547176.87,189.94000244140625,156.0749969482422,180.5449981689453,1859.57763671875,112.26715850830078
2023_301,海葵颱風,闊葉樹林型,39.43197210676055,270427.31,2532645.37,205.39498901367188,176.4149932861328,192.58499145507812,2283.48779296875,138.6038818359375
2023_302,海葵颱風,闊葉樹林型,33.10114358966526,269374.21,2530086.05,205.39498901367188,176.4149932861328,192.58499145507812,2283.48779296875,138.6038818359375
2023_303,海葵颱風,闊葉樹林型,27.911980918711127,269278.62,2530039.08,205.39498901367188,176.4149932861328,192.58499145507812,2283.48779296875,138.6038818359375
2023_304,海葵颱風,闊葉樹林型,34.78470182920318,269444.14,2529546.13,205.39498901367188,176.4149932861328,192.58499145507812,2283.48779296875,138.6038818359375
2023_305,海葵颱風,闊葉樹林型,38.467578148302174,269589.29,2529552.83,205.39498901367188,176.4149932861328,192.58499145507812,2283.48779296875,138.6038818359375
2023_306,海葵颱風,闊葉樹林型,19.69460081513802,269687.62,2529744.0,205.39498901367188,176.4149932861328,192.58499145507812,2283.48779296875,138.6038818359375
2023_307,海葵颱風,闊葉樹林型,49.72115168315113,272778.74,2534305.91,203.48500061035156,172.72999572753906,192.3300018310547,2213.462158203125,131.4070587158203
2023_308,海葵颱風,闊葉樹林型,49.05111016553776,272883.4,2534277.35,203.48500061035156,172.72999572753906,192.3300018310547,2213.462158203125,131.4070587158203
2023_309,海葵颱風,闊葉樹林型,47.61538175910259,240598.9,2503317.19,194.76998901367188,171.375,187.75,2492.38916015625,125.9029312133789
2023_311,海葵颱風,闊葉樹林型,41.12786681163709,232215.14,2498200.31,187.33499145507812,162.30499267578125,181.59500122070312,2446.048095703125,134.05355834960938
2023_312,海葵颱風,闊葉樹林型,51.148690800136656,243197.47,2498361.57,200.01499938964844,183.3199920654297,196.77999877929688,2408.88671875,142.03627014160156
2023_313,海葵颱風,闊葉樹林型,36.00673320377918,242690.81,2498392.88,200.01499938964844,183.3199920654297,196.77999877929688,2408.88671875,142.03627014160156
2023_314,海葵颱風,闊葉樹林型,40.34005890109771,237201.74,2495721.33,187.33499145507812,162.30499267578125,181.59500122070312,2480.2919921875,134.50819396972656
2023_315,海葵颱風,闊葉樹林型,49.230075979996975,239107.43,2494996.46,187.33499145507812,162.30499267578125,181.59500122070312,2480.2919921875,134.50819396972656
2023_317,海葵颱風,闊葉樹林型,44.2087245309662,251076.51,2566523.57,146.4149932861328,114.40999603271484,132.13499450683594,2557.59912109375,142.39317321777344
2023_318,海葵颱風,闊葉樹林型,33.425567049364545,265809.06,2553937.52,176.58499145507812,144.56500244140625,171.6699981689453,1656.76123046875,108.19927978515625
2023_319,海葵颱風,闊葉樹林型,31.05129356595241,267616.22,2562718.61,148.625,121.6199951171875,144.09999084472656,2275.159423828125,142.87350463867188
2023_320,海葵颱風,闊葉樹林型,53.09405966357308,261794.36,2557431.56,148.625,121.6199951171875,144.09999084472656,2042.8485107421875,116.05941772460938
2023_321,海葵颱風,闊葉樹林型,36.86989764584402,252090.74,2564683.77,151.9149932861328,108.33499908447266,130.5449981689453,2340.789306640625,131.37274169921875
2023_323,海葵颱風,闊葉樹林型,53.13278779486001,262048.11,2557325.53,148.625,121.6199951171875,144.09999084472656,2042.8485107421875,116.05941772460938
2023_325,海葵颱風,闊葉樹林型,41.4729343089405,235584.62,2481069.23,195.60499572753906,161.1750030517578,189.9449920654297,2266.79052734375,130.03457641601562
2023_326,海葵颱風,闊葉樹林型,21.33126583595921,239671.84,2486970.06,195.60499572753906,161.1750030517578,189.9449920654297,2279.239501953125,129.17034912109375
2023_327,海葵颱風,闊葉樹林型,41.37023532050225,271938.23,2546738.5,189.94000244140625,156.0749969482422,180.5449981689453,2094.242919921875,116.33453369140625
2023_328,海葵颱風,闊葉樹林型,40.22942490250023,272309.31,2546682.75,189.94000244140625,156.0749969482422,180.5449981689453,2094.242919921875,116.33453369140625
2023_329,海葵颱風,闊葉樹林型,39.84215955425675,272332.29,2546215.62,189.94000244140625,156.0749969482422,180.5449981689453,2094.242919921875,116.33453369140625
2023_330,海葵颱風,闊葉樹林型,15.616129405024544,271683.53,2546204.52,189.94000244140625,156.0749969482422,180.5449981689453,2094.242919921875,116.33453369140625
2023_331,海葵颱風,闊葉樹林型,48.31014470482131,271525.4,2545156.52,189.94000244140625,156.0749969482422,180.5449981689453,2094.242919921875,116.33453369140625
2023_333,海葵颱風,闊葉樹林型,28.835768652404315,287674.81,2635584.34,164.13499450683594,132.0,159.125,2202.935791015625,140.18649291992188
2023_334,杜蘇芮颱風,闊葉樹林型,49.31538730781267,313084.04,2692811.32,111.125,63.564998626708984,109.54999542236328,2136.267333984375,136.73049926757812
2023_335,杜蘇芮颱風,闊葉樹林型,28.63490403452203,292099.03,2686279.15,102.91999816894531,57.904998779296875,100.00499725341797,2679.881591796875,156.8087615966797
2023_336,杜蘇芮颱風,闊葉樹林型,40.7628826356304,320587.87,2686168.0,110.23999786376953,63.97999954223633,107.54499816894531,2372.496826171875,144.7940216064453
2023_337,杜蘇芮颱風,闊葉樹林型,63.648972073139774,298114.18,2680664.38,102.91999816894531,57.904998779296875,100.00499725341797,2229.95703125,142.79437255859375
2023_338,杜蘇芮颱風,闊葉樹林型,58.20931111603339,299486.6,2676338.19,114.70999908447266,68.07499694824219,112.94999694824219,2352.610595703125,151.37234497070312
2023_339,杜蘇芮颱風,闊葉樹林型,53.6391215655216,297359.61,2674610.14,114.70999908447266,68.07499694824219,112.94999694824219,2352.610595703125,151.37234497070312
2023_340,杜蘇芮颱風,闊葉樹林型,42.377774270582094,309644.18,2674424.51,126.80999755859375,76.93000030517578,124.2199935913086,2626.517578125,162.26905822753906
2023_341,杜蘇芮颱風,闊葉樹林型,43.139678341360025,306039.22,2673167.65,126.80999755859375,76.93000030517578,124.2199935913086,2626.517578125,162.26905822753906
2023_342,杜蘇芮颱風,闊葉樹林型,46.01070199822306,302576.65,2673707.88,126.80999755859375,76.93000030517578,124.2199935913086,2353.627685546875,146.13784790039062
2023_343,杜蘇芮颱風,闊葉樹林型,60.722308336473134,301487.85,2673481.54,126.80999755859375,76.93000030517578,124.2199935913086,2353.627685546875,146.13784790039062
2023_344,杜蘇芮颱風,闊葉樹林型,61.08744836892965,297367.56,2673884.39,114.70999908447266,68.07499694824219,112.94999694824219,2352.610595703125,151.37234497070312
2023_345,杜蘇芮颱風,闊葉樹林型,46.50222120938199,296748.89,2673919.89,114.70999908447266,68.07499694824219,112.94999694824219,2352.610595703125,151.37234497070312
2023_346,杜蘇芮颱風,闊葉樹林型,39.31462864873003,310731.09,2671151.08,126.80999755859375,76.93000030517578,124.2199935913086,2391.130615234375,155.60317993164062
2023_347,杜蘇芮颱風,闊葉樹林型,34.30834539460494,305758.86,2666488.24,126.80999755859375,76.93000030517578,124.2199935913086,2527.42138671875,145.05987548828125
2023_349,杜蘇芮颱風,闊葉樹林型,44.4339436755831,299186.04,2650916.91,134.08999633789062,79.43000030517578,133.30499267578125,2082.81787109375,138.217529296875
2023_350,杜蘇芮颱風,闊葉樹林型,45.57896186050529,293977.68,2606435.58,178.63499450683594,107.63499450683594,176.5449981689453,2000.1451416015625,130.2339324951172
2023_351,杜蘇芮颱風,闊葉樹林型,51.94046637738488,269417.31,2585185.05,203.09999084472656,85.3949966430664,200.7449951171875,2533.548583984375,165.17140197753906
2023_352,杜蘇芮颱風,闊葉樹林型,58.33179126079539,261327.97,2560342.4,215.33999633789062,98.18999481201172,209.30999755859375,2042.8485107421875,116.05941772460938
2023_353,杜蘇芮颱風,闊葉樹林型,39.53553952464218,252601.66,2557102.88,245.5699920654297,137.6699981689453,241.1699981689453,1921.8065185546875,106.97059631347656
2023_354,杜蘇芮颱風,闊葉樹林型,61.29777975316537,251468.65,2557424.26,245.5699920654297,137.6699981689453,241.1699981689453,1921.8065185546875,106.97059631347656
2023_357,杜蘇芮颱風,闊葉樹林型,34.30834539460494,251181.44,2546499.65,230.75,117.91499328613281,223.23500061035156,1995.0562744140625,105.32012939453125
2023_358,杜蘇芮颱風,闊葉樹林型,23.994436724543963,240414.0,2491516.39,215.59500122070312,84.97999572753906,205.2449951171875,2347.517822265625,128.42884826660156
2023_359,杜蘇芮颱風,闊葉樹林型,31.007583006867133,238925.43,2528776.75,197.98500061035156,84.48500061035156,192.9449920654297,2659.308349609375,132.2608642578125
2023_360,杜蘇芮颱風,闊葉樹林型,34.30834539460494,241018.56,2529346.91,204.0500030517578,85.625,195.10499572753906,2763.902587890625,134.30699157714844
2023_361,杜蘇芮颱風,闊葉樹林型,34.03756281454756,286504.05,2623977.08,157.10499572753906,77.00999450683594,156.51998901367188,2398.856689453125,133.01580810546875
2023_362,杜蘇芮颱風,闊葉樹林型,38.50896869263104,299816.23,2604451.72,178.63499450683594,107.63499450683594,176.5449981689453,2258.384521484375,142.3820343017578
2023_363,杜蘇芮颱風,闊葉樹林型,33.425567049364545,299726.07,2600134.04,178.63499450683594,107.63499450683594,176.5449981689453,2258.384521484375,142.3820343017578
2023_364,杜蘇芮颱風,闊葉樹林型,43.26125824127405,296753.96,2590411.43,174.8699951171875,85.16999816894531,171.125,2158.2744140625,149.6212615966797
2023_365,杜蘇芮颱風,闊葉樹林型,39.53553952464218,267121.08,2585824.89,203.09999084472656,85.3949966430664,200.7449951171875,2533.548583984375,165.17140197753906
2023_366,杜蘇芮颱風,闊葉樹林型,25.682184661491608,267052.79,2586382.57,203.09999084472656,85.3949966430664,200.7449951171875,2533.548583984375,165.17140197753906
2023_367,杜蘇芮颱風,闊葉樹林型,43.42182054759477,269982.55,2586127.86,203.09999084472656,85.3949966430664,200.7449951171875,2533.548583984375,165.17140197753906
2023_368,杜蘇芮颱風,闊葉樹林型,56.58918347756388,272897.27,2584119.6,193.22499084472656,88.77999877929688,190.83999633789062,2521.49609375,159.008544921875
2023_369,杜蘇芮颱風,闊葉樹林型,66.89948008982053,268624.19,2582551.19,203.09999084472656,85.3949966430664,200.7449951171875,2361.29248046875,146.88917541503906
2023_370,杜蘇芮颱風,闊葉樹林型,40.810470609746446,268421.23,2580792.16,203.09999084472656,85.3949966430664,200.7449951171875,2361.29248046875,146.88917541503906
2023_371,杜蘇芮颱風,闊葉樹林型,40.810470609746446,272893.16,2581786.33,193.22499084472656,88.77999877929688,190.83999633789062,2176.4814453125,146.4366455078125
2023_372,杜蘇芮颱風,闊葉樹林型,43.491519345092,273136.24,2581738.53,193.22499084472656,88.77999877929688,190.83999633789062,2176.4814453125,146.4366455078125
2023_373,杜蘇芮颱風,闊葉樹林型,42.8624120924563,273197.44,2581699.02,193.22499084472656,88.77999877929688,190.83999633789062,2176.4814453125,146.4366455078125
2023_374,杜蘇芮颱風,闊葉樹林型,45.707319368544255,273984.14,2581339.16,193.22499084472656,88.77999877929688,190.83999633789062,2176.4814453125,146.4366455078125
2023_375,杜蘇芮颱風,闊葉樹林型,40.9523515915937,275468.18,2581673.53,193.22499084472656,88.77999877929688,190.83999633789062,2176.4814453125,146.4366455078125
2023_376,杜蘇芮颱風,闊葉樹林型,50.19442890773481,274315.03,2580885.47,193.22499084472656,88.77999877929688,190.83999633789062,2176.4814453125,146.4366455078125
2023_377,杜蘇芮颱風,闊葉樹林型,38.78215347624,274370.73,2580891.0,193.22499084472656,88.77999877929688,190.83999633789062,2176.4814453125,146.4366455078125
2023_378,杜蘇芮颱風,闊葉樹林型,45.01789374866915,275787.08,2579182.33,193.22499084472656,88.77999877929688,190.83999633789062,1776.080810546875,112.17910766601562
2023_381,杜蘇芮颱風,闊葉樹林型,44.23706899687728,290582.49,2575794.55,212.1750030517578,104.03499603271484,210.9449920654297,2043.0604248046875,141.28712463378906
2023_382,杜蘇芮颱風,闊葉樹林型,47.07775513424629,258629.98,2563624.01,245.5699920654297,137.6699981689453,241.1699981689453,2405.044189453125,140.03933715820312
2023_383,杜蘇芮颱風,闊葉樹林型,36.51456867399333,266790.92,2562546.91,215.33999633789062,98.18999481201172,209.30999755859375,2275.159423828125,142.87350463867188
2023_384,杜蘇芮颱風,闊葉樹林型,46.68614334171695,266093.97,2553757.03,226.65499877929688,110.57999420166016,218.09999084472656,1656.76123046875,108.19927978515625
2023_385,杜蘇芮颱風,闊葉樹林型,46.01070199822306,277578.82,2538164.27,212.9099884033203,101.65499877929688,204.9949951171875,2045.9566650390625,118.71607971191406
2023_387,杜蘇芮颱風,闊葉樹林型,50.2554353477881,249804.19,2530906.47,204.0500030517578,85.625,195.10499572753906,2691.63232421875,130.44161987304688
2023_389,杜蘇芮颱風,闊葉樹林型,39.62559816710531,241944.43,2527869.24,204.0500030517578,85.625,195.10499572753906,2763.902587890625,134.30699157714844
2023_390,杜蘇芮颱風,闊葉樹林型,39.727886428017456,242338.84,2515270.77,215.36000061035156,93.13999938964844,205.5,2659.226318359375,138.2041473388672
2023_391,杜蘇芮颱風,闊葉樹林型,36.839310662660615,239197.03,2503622.35,222.73500061035156,102.93999481201172,215.29998779296875,2563.135009765625,133.9579620361328
2023_393,海葵颱風,闊葉樹林型,52.79957831202802,276328.8,2585571.19,163.00999450683594,131.13499450683594,157.23500061035156,2192.05224609375,135.8311004638672
2023_394,海葵颱風,闊葉樹林型,52.29238200224395,276363.55,2585589.23,163.00999450683594,131.13499450683594,157.23500061035156,2192.05224609375,135.8311004638672
2023_395,海葵颱風,闊葉樹林型,29.92228709167213,273394.26,2569718.53,147.96499633789062,126.3949966430664,144.96499633789062,2094.354248046875,141.65664672851562
2023_396,海葵颱風,闊葉樹林型,23.62078775621093,273366.05,2569566.01,147.96499633789062,126.3949966430664,144.96499633789062,2094.354248046875,141.65664672851562
2023_397,海葵颱風,闊葉樹林型,35.94211187138234,273210.09,2569579.36,147.96499633789062,126.3949966430664,144.96499633789062,2094.354248046875,141.65664672851562
2023_398,海葵颱風,闊葉樹林型,47.10090264184485,270972.15,2569381.71,147.96499633789062,126.3949966430664,144.96499633789062,2094.354248046875,141.65664672851562
2023_399,海葵颱風,闊葉樹林型,38.876655136344326,270244.35,2566668.63,142.4250030517578,114.77499389648438,133.26499938964844,2246.871826171875,142.2772979736328
2023_400,海葵颱風,闊葉樹林型,47.63763994627416,231526.09,2575527.26,123.25499725341797,91.43999481201172,110.72999572753906,2418.293701171875,138.82501220703125
2023_401,海葵颱風,闊葉樹林型,43.73777595287439,230541.68,2576134.1,123.25499725341797,91.43999481201172,110.72999572753906,2418.293701171875,138.82501220703125
2023_402,海葵颱風,闊葉樹林型,42.08581058000388,230557.52,2575877.47,123.25499725341797,91.43999481201172,110.72999572753906,2418.293701171875,138.82501220703125
2023_403,海葵颱風,闊葉樹林型,30.10818826996884,230852.28,2576591.03,123.25499725341797,91.43999481201172,110.72999572753906,2418.293701171875,138.82501220703125
2023_406,海葵颱風,闊葉樹林型,26.158981435332173,231242.79,2527651.2,175.75999450683594,133.00999450683594,156.80999755859375,2786.07470703125,146.2504425048828
2023_409,海葵颱風,闊葉樹林型,54.80713271731175,236237.36,2502798.33,186.48500061035156,154.6949920654297,175.64999389648438,2563.135009765625,133.9579620361328
2023_410,海葵颱風,闊葉樹林型,47.75574016641634,237557.45,2499946.11,187.33499145507812,162.30499267578125,181.59500122070312,2480.2919921875,134.50819396972656
2023_412,海葵颱風,闊葉樹林型,45.91869233345094,234619.63,2502212.82,186.48500061035156,154.6949920654297,175.64999389648438,2678.989990234375,138.628173828125
2023_415,海葵颱風,闊葉樹林型,52.2508855858715,241407.69,2510519.38,194.76998901367188,171.375,187.75,2523.927734375,132.65663146972656
2023_416,海葵颱風,闊葉樹林型,38.577711707605054,242071.15,2510591.64,194.76998901367188,171.375,187.75,2523.927734375,132.65663146972656
2023_417,海葵颱風,闊葉樹林型,36.326005581723855,242142.89,2510650.08,194.76998901367188,171.375,187.75,2523.927734375,132.65663146972656
2023_423,海葵颱風,闊葉樹林型,41.4729343089405,249700.69,2530493.01,187.48500061035156,148.88999938964844,172.1649932861328,2691.63232421875,130.44161987304688
2023_424,海葵颱風,闊葉樹林型,45.22207888903144,249519.38,2530432.61,187.48500061035156,148.88999938964844,172.1649932861328,2691.63232421875,130.44161987304688
2023_425,海葵颱風,闊葉樹林型,39.62559816710531,242146.78,2528406.95,187.48500061035156,148.88999938964844,172.1649932861328,2763.902587890625,134.30699157714844
2023_426,海葵颱風,闊葉樹林型,48.366460663429805,242030.92,2528397.55,187.48500061035156,148.88999938964844,172.1649932861328,2763.902587890625,134.30699157714844
2023_427,海葵颱風,闊葉樹林型,45.91869233345094,242179.9,2528581.73,187.48500061035156,148.88999938964844,172.1649932861328,2763.902587890625,134.30699157714844
2023_429,小犬颱風,闊葉樹林型,45.22207888903144,278383.6,2594503.1,71.375,35.064998626708984,69.95500183105469,2247.890380859375,135.7090606689453
2023_430,卡努颱風,闊葉樹林型,21.80140948635181,214079.91,2555205.77,78.00849914550781,27.795000076293945,71.93000030517578,2556.321044921875,148.60157775878906
2023_431,卡努颱風,闊葉樹林型,47.46605928039683,219316.64,2545531.11,122.24849700927734,49.564998626708984,115.43499755859375,2502.212158203125,147.98951721191406
2023_433,卡努颱風,闊葉樹林型,29.034220452471416,234424.56,2595280.7,105.24099731445312,59.81999969482422,105.0,2397.87255859375,141.15618896484375
2023_434,卡努颱風,闊葉樹林型,38.67344937613533,233307.56,2595682.66,105.24099731445312,59.81999969482422,105.0,2397.87255859375,141.15618896484375
2023_437,卡努颱風,闊葉樹林型,32.25075657991223,216302.26,2558601.51,96.30999755859375,41.07500076293945,92.84500122070312,2666.719482421875,172.3930206298828
2023_440,卡努颱風,闊葉樹林型,20.26014116551069,229266.36,2564630.26,122.20899963378906,53.125,119.39999389648438,2777.9365234375,169.5355224609375
2023_444,卡努颱風,闊葉樹林型,30.720611476635867,227034.85,2564029.53,122.20899963378906,53.125,119.39999389648438,2777.9365234375,169.5355224609375
2023_447,卡努颱風,闊葉樹林型,40.04325099636187,228080.76,2562133.93,122.20899963378906,53.125,119.39999389648438,2777.9365234375,169.5355224609375
2023_452,卡努颱風,闊葉樹林型,39.43197210676055,220116.9,2555676.09,122.20899963378906,53.125,119.39999389648438,2472.412841796875,158.74024963378906
2023_453,卡努颱風,闊葉樹林型,43.74754064175339,217687.46,2547427.31,78.00849914550781,27.795000076293945,71.93000030517578,2664.70361328125,169.536376953125
2023_454,卡努颱風,闊葉樹林型,64.10011822478631,230325.12,2573865.95,148.9394989013672,97.38499450683594,148.01499938964844,2418.293701171875,138.82501220703125
2023_455,卡努颱風,闊葉樹林型,49.922531164175936,230167.62,2571876.81,148.9394989013672,97.38499450683594,148.01499938964844,2771.051025390625,169.74252319335938
2023_456,卡努颱風,闊葉樹林型,38.61881362583621,228670.85,2573585.06,129.99049377441406,69.56999969482422,128.65499877929688,2617.794921875,159.61663818359375
2023_458,卡努颱風,闊葉樹林型,36.00673320377918,234189.24,2572235.47,148.9394989013672,97.38499450683594,148.01499938964844,2418.293701171875,138.82501220703125
2023_459,卡努颱風,闊葉樹林型,38.67344937613533,234126.97,2571978.56,148.9394989013672,97.38499450683594,148.01499938964844,2771.051025390625,169.74252319335938
2023_460,卡努颱風,闊葉樹林型,44.783515145502,232418.05,2577115.54,148.9394989013672,97.38499450683594,148.01499938964844,2418.293701171875,138.82501220703125
2023_463,卡努颱風,闊葉樹林型,43.59051881270963,236515.38,2577392.79,148.9394989013672,97.38499450683594,148.01499938964844,2623.937255859375,141.31361389160156
2023_464,卡努颱風,闊葉樹林型,44.87411432914989,233717.61,2577325.42,148.9394989013672,97.38499450683594,148.01499938964844,2418.293701171875,138.82501220703125
2023_465,卡努颱風,闊葉樹林型,32.985092758994966,244948.82,2580280.87,116.06299591064453,64.5,115.53499603271484,2611.469970703125,128.01031494140625
2023_466,卡努颱風,闊葉樹林型,45.43207135058316,225911.53,2582608.58,114.82699584960938,66.15499877929688,112.56999969482422,2666.233154296875,166.17950439453125
2023_467,卡努颱風,闊葉樹林型,47.91647143816213,231652.62,2585155.02,129.49549865722656,75.375,128.28500366210938,2483.99609375,139.27691650390625
2023_468,卡努颱風,闊葉樹林型,47.44351957055698,233162.28,2583513.73,129.49549865722656,75.375,128.28500366210938,2483.99609375,139.27691650390625
2023_470,卡努颱風,闊葉樹林型,50.20665326822132,218424.94,2588039.72,101.20349884033203,61.904998779296875,99.54999542236328,2618.4912109375,152.3922882080078
2023_471,卡努颱風,闊葉樹林型,49.031074837241086,246483.25,2603107.52,88.63349914550781,41.20499801635742,87.4000015258789,2195.51416015625,117.35086059570312
2023_477,卡努颱風,闊葉樹林型,17.752790161946685,221275.26,2577427.49,129.99049377441406,69.56999969482422,128.65499877929688,2723.8056640625,166.2555389404297
2023_480,卡努颱風,闊葉樹林型,39.96814794983898,232407.15,2563329.34,133.61700439453125,74.81499481201172,133.1199951171875,2766.05029296875,162.231689453125
2023_481,卡努颱風,闊葉樹林型,41.17433120903597,233876.38,2565491.13,133.61700439453125,74.81499481201172,133.1199951171875,2766.05029296875,162.231689453125
2023_486,卡努颱風,闊葉樹林型,62.11176810504191,240912.56,2619920.32,89.81299591064453,43.04499816894531,89.31999969482422,2301.100830078125,117.92032623291016
2023_489,卡努颱風,闊葉樹林型,29.49620849656644,274461.99,2659279.94,133.6945037841797,89.32499694824219,133.27999877929688,3239.04736328125,160.2562255859375
2023_490,卡努颱風,闊葉樹林型,42.862412092456296,270844.98,2661720.85,133.6945037841797,89.32499694824219,133.27999877929688,2763.3662109375,175.1996612548828
2023_491,卡努颱風,闊葉樹林型,32.31153323742385,271119.19,2661764.56,133.6945037841797,89.32499694824219,133.27999877929688,2763.3662109375,175.1996612548828
2023_492,卡努颱風,闊葉樹林型,30.809442202940232,270841.09,2661848.82,133.6945037841797,89.32499694824219,133.27999877929688,2763.3662109375,175.1996612548828
2023_494,卡努颱風,闊葉樹林型,43.68885454421518,268713.11,2663164.11,151.20849609375,104.16500091552734,150.4449920654297,2673.134765625,166.9835205078125
2023_496,卡努颱風,竹林,37.247373202381205,269702.9,2660919.69,151.20849609375,104.16500091552734,150.4449920654297,2673.134765625,166.9835205078125
2023_497,卡努颱風,闊葉樹林型,36.62354905164433,270869.73,2661488.05,133.6945037841797,89.32499694824219,133.27999877929688,2763.3662109375,175.1996612548828
2023_498,卡努颱風,闊葉樹林型,39.156783218304696,270422.84,2661522.68,133.6945037841797,89.32499694824219,133.27999877929688,2763.3662109375,175.1996612548828
2023_500,卡努颱風,闊葉樹林型,31.693440803183943,267357.52,2661315.71,151.20849609375,104.16500091552734,150.4449920654297,2673.134765625,166.9835205078125
2023_501,卡努颱風,闊葉樹林型,46.69408503840473,266263.21,2662984.94,151.20849609375,104.16500091552734,150.4449920654297,2673.134765625,166.9835205078125
2023_502,卡努颱風,闊葉樹林型,44.31238462399072,265847.43,2662959.67,151.20849609375,104.16500091552734,150.4449920654297,2673.134765625,166.9835205078125
2023_504,卡努颱風,闊葉樹林型,27.26604445073282,266161.79,2663715.5,151.20849609375,104.16500091552734,150.4449920654297,2673.134765625,166.9835205078125
2023_505,卡努颱風,闊葉樹林型,38.903551214305885,264676.54,2662313.28,151.20849609375,104.16500091552734,150.4449920654297,2553.768310546875,193.8992462158203
2023_506,卡努颱風,闊葉樹林型,43.73777595287439,264920.4,2661390.69,151.20849609375,104.16500091552734,150.4449920654297,2553.768310546875,193.8992462158203
2023_511,卡努颱風,竹林,43.30156320620466,268953.08,2661809.54,151.20849609375,104.16500091552734,150.4449920654297,2673.134765625,166.9835205078125
2023_518,卡努颱風,闊葉樹林型,33.946295027753955,272290.85,2662173.51,133.6945037841797,89.32499694824219,133.27999877929688,2763.3662109375,175.1996612548828
2023_519,卡努颱風,闊葉樹林型,33.946295027753955,261161.2,2654457.62,172.37350463867188,109.61000061035156,171.85499572753906,2548.475341796875,155.4546356201172
2023_520,卡努颱風,闊葉樹林型,28.735641668064066,262714.7,2654219.21,172.37350463867188,109.61000061035156,171.85499572753906,2548.475341796875,155.4546356201172
2023_521,卡努颱風,闊葉樹林型,48.540940845142885,262920.72,2654136.36,172.37350463867188,109.61000061035156,171.85499572753906,2548.475341796875,155.4546356201172
2023_525,卡努颱風,闊葉樹林型,41.04621124674467,260832.15,2655137.67,151.20849609375,104.16500091552734,150.4449920654297,2563.44970703125,163.0745849609375
2023_526,卡努颱風,闊葉樹林型,34.21858270764895,260911.21,2654873.75,172.37350463867188,109.61000061035156,171.85499572753906,2548.475341796875,155.4546356201172
2023_527,卡努颱風,闊葉樹林型,56.75974611151607,274622.35,2633747.87,153.74649047851562,100.31999969482422,152.6949920654297,2296.82373046875,127.26499938964844
2023_530,卡努颱風,闊葉樹林型,40.7270942279994,274656.18,2659116.29,133.6945037841797,89.32499694824219,133.27999877929688,3239.04736328125,160.2562255859375
2023_531,卡努颱風,闊葉樹林型,48.31719711112848,274797.31,2658184.79,133.6945037841797,89.32499694824219,133.27999877929688,3239.04736328125,160.2562255859375
2023_534,卡努颱風,闊葉樹林型,50.4127146242384,282328.72,2656999.43,112.85399627685547,74.61499786376953,112.48500061035156,2648.472900390625,151.1837158203125
2023_537,卡努颱風,闊葉樹林型,45.22207888903144,285920.32,2659225.18,112.85399627685547,74.61499786376953,112.48500061035156,2330.667236328125,145.41802978515625
2023_538,卡努颱風,闊葉樹林型,28.810793742973065,285663.6,2659017.99,112.85399627685547,74.61499786376953,112.48500061035156,2330.667236328125,145.41802978515625
2023_545,卡努颱風,闊葉樹林型,51.00026655710474,269281.63,2660967.32,151.20849609375,104.16500091552734,150.4449920654297,2673.134765625,166.9835205078125
2023_547,卡努颱風,闊葉樹林型,36.86989764584402,270381.45,2660364.97,151.20849609375,104.16500091552734,150.4449920654297,2940.666748046875,165.9717559814453
2023_548,卡努颱風,闊葉樹林型,33.70658681677467,269864.84,2661029.46,151.20849609375,104.16500091552734,150.4449920654297,2673.134765625,166.9835205078125
2023_550,卡努颱風,闊葉樹林型,37.410672491183874,270605.01,2662093.27,133.6945037841797,89.32499694824219,133.27999877929688,2763.3662109375,175.1996612548828
2023_551,卡努颱風,闊葉樹林型,35.43232547287678,270456.84,2661954.99,133.6945037841797,89.32499694824219,133.27999877929688,2763.3662109375,175.1996612548828
2023_553,卡努颱風,闊葉樹林型,36.45196008712727,270125.74,2661976.02,151.20849609375,104.16500091552734,150.4449920654297,2673.134765625,166.9835205078125
2023_555,卡努颱風,闊葉樹林型,44.28418708125969,270948.82,2662303.04,133.6945037841797,89.32499694824219,133.27999877929688,2763.3662109375,175.1996612548828
2023_556,卡努颱風,闊葉樹林型,35.06054243271615,270995.35,2662207.03,133.6945037841797,89.32499694824219,133.27999877929688,2763.3662109375,175.1996612548828
2023_560,卡努颱風,闊葉樹林型,40.55896658324713,271356.73,2661879.7,133.6945037841797,89.32499694824219,133.27999877929688,2763.3662109375,175.1996612548828
2023_561,卡努颱風,闊葉樹林型,43.139678341360025,270600.72,2661684.32,133.6945037841797,89.32499694824219,133.27999877929688,2763.3662109375,175.1996612548828
2023_562,卡努颱風,闊葉樹林型,48.74735872696335,270814.57,2661787.62,133.6945037841797,89.32499694824219,133.27999877929688,2763.3662109375,175.1996612548828
2023_568,卡努颱風,闊葉樹林型,34.03756281454756,271123.5,2661445.15,133.6945037841797,89.32499694824219,133.27999877929688,2763.3662109375,175.1996612548828
2023_569,卡努颱風,闊葉樹林型,40.47420622680254,273293.47,2660349.49,133.6945037841797,89.32499694824219,133.27999877929688,3239.04736328125,160.2562255859375
2023_570,卡努颱風,闊葉樹林型,31.39687644298045,272156.37,2662881.67,133.6945037841797,89.32499694824219,133.27999877929688,2763.3662109375,175.1996612548828
2023_572,卡努颱風,闊葉樹林型,43.26125824127405,272210.54,2662621.49,133.6945037841797,89.32499694824219,133.27999877929688,2763.3662109375,175.1996612548828
2023_573,卡努颱風,闊葉樹林型,39.72788642801746,272172.55,2662510.38,133.6945037841797,89.32499694824219,133.27999877929688,2763.3662109375,175.1996612548828
2023_574,卡努颱風,闊葉樹林型,27.26604445073282,272143.72,2662386.32,133.6945037841797,89.32499694824219,133.27999877929688,2763.3662109375,175.1996612548828
2023_575,卡努颱風,闊葉樹林型,45.142527402683065,285317.87,2662119.84,112.85399627685547,74.61499786376953,112.48500061035156,2593.458740234375,148.11077880859375
2023_577,卡努颱風,闊葉樹林型,43.139678341360025,270120.81,2663915.04,151.20849609375,104.16500091552734,150.4449920654297,2673.134765625,166.9835205078125
2023_578,卡努颱風,闊葉樹林型,35.41561005234765,270528.88,2663502.85,133.6945037841797,89.32499694824219,133.27999877929688,2763.3662109375,175.1996612548828
2023_579,卡努颱風,闊葉樹林型,36.71637457580036,270352.36,2663501.2,151.20849609375,104.16500091552734,150.4449920654297,2673.134765625,166.9835205078125
2023_580,卡努颱風,闊葉樹林型,44.6831922342158,270040.61,2663704.85,151.20849609375,104.16500091552734,150.4449920654297,2673.134765625,166.9835205078125
2023_581,卡努颱風,闊葉樹林型,47.82172390517496,275296.03,2663692.04,133.6945037841797,89.32499694824219,133.27999877929688,2763.3662109375,175.1996612548828
2023_583,卡努颱風,闊葉樹林型,44.359258950107865,261556.39,2657409.5,151.20849609375,104.16500091552734,150.4449920654297,2563.44970703125,163.0745849609375
2023_584,卡努颱風,闊葉樹林型,54.05790940033143,261869.79,2657094.74,151.20849609375,104.16500091552734,150.4449920654297,2563.44970703125,163.0745849609375
2023_588,卡努颱風,闊葉樹林型,37.90505895833579,262622.8,2657105.65,151.20849609375,104.16500091552734,150.4449920654297,2563.44970703125,163.0745849609375
2023_590,卡努颱風,闊葉樹林型,40.810470609746446,262550.11,2657053.83,151.20849609375,104.16500091552734,150.4449920654297,2563.44970703125,163.0745849609375
2023_591,卡努颱風,闊葉樹林型,46.39718102729638,262025.47,2656758.17,151.20849609375,104.16500091552734,150.4449920654297,2563.44970703125,163.0745849609375
2023_592,卡努颱風,闊葉樹林型,46.242226022013895,262080.49,2656658.17,151.20849609375,104.16500091552734,150.4449920654297,2563.44970703125,163.0745849609375
2023_593,卡努颱風,闊葉樹林型,41.54101551251079,262216.06,2656718.65,151.20849609375,104.16500091552734,150.4449920654297,2563.44970703125,163.0745849609375
2023_594,卡努颱風,闊葉樹林型,28.12178338655737,262341.7,2656830.07,151.20849609375,104.16500091552734,150.4449920654297,2563.44970703125,163.0745849609375
2023_596,卡努颱風,闊葉樹林型,37.410672491183874,262497.45,2656384.87,151.20849609375,104.16500091552734,150.4449920654297,2563.44970703125,163.0745849609375
2023_597,卡努颱風,闊葉樹林型,23.893396656492648,263307.09,2657555.71,151.20849609375,104.16500091552734,150.4449920654297,2563.44970703125,163.0745849609375
2023_599,卡努颱風,闊葉樹林型,42.04206908232861,261705.29,2656164.67,151.20849609375,104.16500091552734,150.4449920654297,2563.44970703125,163.0745849609375
2023_600,卡努颱風,闊葉樹林型,37.790111559066204,261571.32,2656056.65,151.20849609375,104.16500091552734,150.4449920654297,2563.44970703125,163.0745849609375
2023_601,卡努颱風,闊葉樹林型,42.52694856602216,261745.37,2656026.52,151.20849609375,104.16500091552734,150.4449920654297,2563.44970703125,163.0745849609375
2023_602,卡努颱風,闊葉樹林型,46.143468717782,261462.47,2656420.8,151.20849609375,104.16500091552734,150.4449920654297,2563.44970703125,163.0745849609375
2023_603,卡努颱風,闊葉樹林型,40.376760812124,261013.77,2655031.24,172.37350463867188,109.61000061035156,171.85499572753906,2548.475341796875,155.4546356201172
2023_604,卡努颱風,闊葉樹林型,39.727886428017456,261550.79,2655167.41,151.20849609375,104.16500091552734,150.4449920654297,2563.44970703125,163.0745849609375
2023_606,卡努颱風,闊葉樹林型,38.453757061620536,261479.76,2655278.7,151.20849609375,104.16500091552734,150.4449920654297,2563.44970703125,163.0745849609375
2023_607,卡努颱風,闊葉樹林型,34.32623881675949,261464.76,2655321.77,151.20849609375,104.16500091552734,150.4449920654297,2563.44970703125,163.0745849609375
2023_608,卡努颱風,闊葉樹林型,41.83254107800667,261926.47,2655185.22,151.20849609375,104.16500091552734,150.4449920654297,2563.44970703125,163.0745849609375
2023_609,卡努颱風,闊葉樹林型,30.24625565345472,262135.82,2655118.94,151.20849609375,104.16500091552734,150.4449920654297,2563.44970703125,163.0745849609375
2023_610,卡努颱風,闊葉樹林型,46.90680986887181,262132.56,2655050.83,151.20849609375,104.16500091552734,150.4449920654297,2563.44970703125,163.0745849609375
2023_612,卡努颱風,闊葉樹林型,36.43626970061044,262278.91,2655323.46,151.20849609375,104.16500091552734,150.4449920654297,2563.44970703125,163.0745849609375
2023_613,卡努颱風,闊葉樹林型,44.359258950107865,262096.41,2655460.58,151.20849609375,104.16500091552734,150.4449920654297,2563.44970703125,163.0745849609375
2023_614,卡努颱風,闊葉樹林型,30.720611476635867,262201.86,2656207.24,151.20849609375,104.16500091552734,150.4449920654297,2563.44970703125,163.0745849609375
2023_615,卡努颱風,闊葉樹林型,39.14355704978305,263466.1,2654804.4,172.37350463867188,109.61000061035156,171.85499572753906,2548.475341796875,155.4546356201172
2023_616,卡努颱風,闊葉樹林型,37.30694874098832,263576.09,2654595.27,172.37350463867188,109.61000061035156,171.85499572753906,2548.475341796875,155.4546356201172
2023_617,卡努颱風,闊葉樹林型,44.783515145502,263318.24,2655079.92,151.20849609375,104.16500091552734,150.4449920654297,2563.44970703125,163.0745849609375
2023_618,卡努颱風,闊葉樹林型,42.03111377419729,263473.09,2654983.04,172.37350463867188,109.61000061035156,171.85499572753906,2548.475341796875,155.4546356201172
2023_619,卡努颱風,闊葉樹林型,41.83254107800667,263433.94,2654934.69,172.37350463867188,109.61000061035156,171.85499572753906,2548.475341796875,155.4546356201172
2023_620,卡努颱風,闊葉樹林型,50.82682311538271,263387.21,2654931.1,172.37350463867188,109.61000061035156,171.85499572753906,2548.475341796875,155.4546356201172
2023_621,卡努颱風,闊葉樹林型,37.67432421467949,263370.87,2654764.21,172.37350463867188,109.61000061035156,171.85499572753906,2548.475341796875,155.4546356201172
2023_622,卡努颱風,闊葉樹林型,45.73285177294307,263342.36,2655614.02,151.20849609375,104.16500091552734,150.4449920654297,2563.44970703125,163.0745849609375
2023_624,卡努颱風,闊葉樹林型,32.51251731617002,263422.01,2655415.12,151.20849609375,104.16500091552734,150.4449920654297,2563.44970703125,163.0745849609375
2023_627,卡努颱風,闊葉樹林型,32.005383208083494,263415.58,2656265.72,151.20849609375,104.16500091552734,150.4449920654297,2563.44970703125,163.0745849609375
2023_628,卡努颱風,闊葉樹林型,37.30694874098832,263475.02,2656072.68,151.20849609375,104.16500091552734,150.4449920654297,2563.44970703125,163.0745849609375
2023_629,卡努颱風,闊葉樹林型,34.802079725529744,263261.33,2656267.08,151.20849609375,104.16500091552734,150.4449920654297,2563.44970703125,163.0745849609375
2023_630,卡努颱風,闊葉樹林型,32.005383208083494,263540.85,2656856.46,151.20849609375,104.16500091552734,150.4449920654297,2563.44970703125,163.0745849609375
2023_632,卡努颱風,闊葉樹林型,29.32750061118656,263203.79,2655584.21,151.20849609375,104.16500091552734,150.4449920654297,2563.44970703125,163.0745849609375
2023_633,卡努颱風,闊葉樹林型,32.18975488338548,263331.97,2654692.68,172.37350463867188,109.61000061035156,171.85499572753906,2548.475341796875,155.4546356201172
2023_634,卡努颱風,闊葉樹林型,40.53479707962874,263354.32,2654643.04,172.37350463867188,109.61000061035156,171.85499572753906,2548.475341796875,155.4546356201172
2023_635,卡努颱風,闊葉樹林型,45.16024384854909,261031.26,2654743.7,172.37350463867188,109.61000061035156,171.85499572753906,2548.475341796875,155.4546356201172
2023_637,卡努颱風,闊葉樹林型,38.50896869263104,261368.24,2654439.4,172.37350463867188,109.61000061035156,171.85499572753906,2548.475341796875,155.4546356201172
2023_638,卡努颱風,闊葉樹林型,32.985092758994966,261183.85,2654375.83,172.37350463867188,109.61000061035156,171.85499572753906,2548.475341796875,155.4546356201172
2023_639,卡努颱風,闊葉樹林型,35.94211187138234,261308.69,2654349.85,172.37350463867188,109.61000061035156,171.85499572753906,2548.475341796875,155.4546356201172
2023_640,卡努颱風,闊葉樹林型,37.30694874098832,261500.58,2654709.87,172.37350463867188,109.61000061035156,171.85499572753906,2548.475341796875,155.4546356201172
2023_641,卡努颱風,闊葉樹林型,39.43197210676055,261138.9,2654922.7,172.37350463867188,109.61000061035156,171.85499572753906,2548.475341796875,155.4546356201172
2023_643,卡努颱風,闊葉樹林型,38.659808254090095,260603.37,2654285.22,172.37350463867188,109.61000061035156,171.85499572753906,2548.475341796875,155.4546356201172
2023_644,卡努颱風,闊葉樹林型,37.83331466287141,260715.3,2654282.74,172.37350463867188,109.61000061035156,171.85499572753906,2548.475341796875,155.4546356201172
2023_645,卡努颱風,闊葉樹林型,46.23402277192896,260549.86,2654144.27,172.37350463867188,109.61000061035156,171.85499572753906,2548.475341796875,155.4546356201172
2023_646,卡努颱風,闊葉樹林型,25.253207609369632,260606.78,2654150.7,172.37350463867188,109.61000061035156,171.85499572753906,2548.475341796875,155.4546356201172
2023_647,卡努颱風,闊葉樹林型,41.18592516570965,260629.08,2653922.2,172.37350463867188,109.61000061035156,171.85499572753906,2548.475341796875,155.4546356201172
2023_648,卡努颱風,闊葉樹林型,27.806069555844164,261246.33,2653835.28,172.37350463867188,109.61000061035156,171.85499572753906,2548.475341796875,155.4546356201172
2023_652,卡努颱風,闊葉樹林型,41.59751679121417,261626.52,2653821.01,172.37350463867188,109.61000061035156,171.85499572753906,2548.475341796875,155.4546356201172
2023_654,卡努颱風,闊葉樹林型,34.21858270764895,263449.64,2654312.37,172.37350463867188,109.61000061035156,171.85499572753906,2548.475341796875,155.4546356201172
2023_655,卡努颱風,闊葉樹林型,53.47114463301483,263179.99,2654101.64,172.37350463867188,109.61000061035156,171.85499572753906,2548.475341796875,155.4546356201172
2023_656,卡努颱風,闊葉樹林型,34.03756281454756,263032.06,2653666.44,172.37350463867188,109.61000061035156,171.85499572753906,2548.475341796875,155.4546356201172
2023_658,卡努颱風,闊葉樹林型,39.98069050753484,262891.24,2653572.72,172.37350463867188,109.61000061035156,171.85499572753906,2548.475341796875,155.4546356201172
2023_661,卡努颱風,闊葉樹林型,44.710622455169606,263098.67,2653343.17,172.37350463867188,109.61000061035156,171.85499572753906,2548.475341796875,155.4546356201172
2023_662,卡努颱風,闊葉樹林型,41.09292517464176,263287.91,2653167.39,172.37350463867188,109.61000061035156,171.85499572753906,2548.475341796875,155.4546356201172
2023_664,卡努颱風,闊葉樹林型,29.71061986959468,265150.24,2660395.94,151.20849609375,104.16500091552734,150.4449920654297,2563.44970703125,163.0745849609375
2023_665,卡努颱風,闊葉樹林型,37.247373202381205,264981.28,2660450.79,151.20849609375,104.16500091552734,150.4449920654297,2563.44970703125,163.0745849609375
2023_666,卡努颱風,闊葉樹林型,34.30834539460494,265515.43,2659730.17,151.20849609375,104.16500091552734,150.4449920654297,2940.666748046875,165.9717559814453
2023_667,卡努颱風,闊葉樹林型,29.92228709167213,264577.64,2659644.38,151.20849609375,104.16500091552734,150.4449920654297,2563.44970703125,163.0745849609375
2023_671,卡努颱風,闊葉樹林型,34.09207978094286,263936.2,2659311.89,151.20849609375,104.16500091552734,150.4449920654297,2563.44970703125,163.0745849609375
2023_672,卡努颱風,闊葉樹林型,42.03111377419729,263956.83,2659109.91,151.20849609375,104.16500091552734,150.4449920654297,2563.44970703125,163.0745849609375
2023_674,卡努颱風,闊葉樹林型,32.65176013874374,262870.74,2659299.39,151.20849609375,104.16500091552734,150.4449920654297,2563.44970703125,163.0745849609375
2023_675,卡努颱風,闊葉樹林型,42.8624120924563,264651.24,2660779.59,151.20849609375,104.16500091552734,150.4449920654297,2553.768310546875,193.8992462158203
2023_681,卡努颱風,闊葉樹林型,42.59042663590696,263694.49,2658647.31,151.20849609375,104.16500091552734,150.4449920654297,2563.44970703125,163.0745849609375
2023_683,卡努颱風,闊葉樹林型,41.04621124674467,263569.88,2658774.61,151.20849609375,104.16500091552734,150.4449920654297,2563.44970703125,163.0745849609375
2023_685,卡努颱風,闊葉樹林型,42.09672607229439,262835.61,2659470.05,151.20849609375,104.16500091552734,150.4449920654297,2563.44970703125,163.0745849609375
2023_688,卡努颱風,闊葉樹林型,39.57420005713789,261664.8,2658430.56,151.20849609375,104.16500091552734,150.4449920654297,2563.44970703125,163.0745849609375
2023_689,卡努颱風,闊葉樹林型,45.142527402683065,261097.81,2657985.18,151.20849609375,104.16500091552734,150.4449920654297,2563.44970703125,163.0745849609375
2023_690,卡努颱風,闊葉樹林型,41.56364135798625,261574.12,2657638.38,151.20849609375,104.16500091552734,150.4449920654297,2563.44970703125,163.0745849609375
2023_691,卡努颱風,闊葉樹林型,32.331742392927794,261659.57,2657741.77,151.20849609375,104.16500091552734,150.4449920654297,2563.44970703125,163.0745849609375
2023_692,卡努颱風,闊葉樹林型,30.985684296843363,261718.95,2657765.47,151.20849609375,104.16500091552734,150.4449920654297,2563.44970703125,163.0745849609375
2023_693,卡努颱風,闊葉樹林型,34.21858270764896,262761.92,2657890.43,151.20849609375,104.16500091552734,150.4449920654297,2563.44970703125,163.0745849609375
2023_695,卡努颱風,闊葉樹林型,23.0611356160509,263151.16,2658203.14,151.20849609375,104.16500091552734,150.4449920654297,2563.44970703125,163.0745849609375
2023_698,卡努颱風,闊葉樹林型,39.72788642801746,268984.51,2663392.04,151.20849609375,104.16500091552734,150.4449920654297,2673.134765625,166.9835205078125
2023_699,卡努颱風,闊葉樹林型,27.484186071108013,268971.61,2663350.81,151.20849609375,104.16500091552734,150.4449920654297,2673.134765625,166.9835205078125
2023_706,卡努颱風,闊葉樹林型,30.17736603061792,269722.9,2661046.07,151.20849609375,104.16500091552734,150.4449920654297,2673.134765625,166.9835205078125
2023_707,卡努颱風,闊葉樹林型,34.468683663334545,270354.2,2661140.58,151.20849609375,104.16500091552734,150.4449920654297,2673.134765625,166.9835205078125
2023_708,卡努颱風,闊葉樹林型,51.9511174652928,270062.42,2660420.89,151.20849609375,104.16500091552734,150.4449920654297,2940.666748046875,165.9717559814453
2023_711,卡努颱風,闊葉樹林型,18.445687755403306,268369.21,2662803.93,151.20849609375,104.16500091552734,150.4449920654297,2673.134765625,166.9835205078125
2023_712,卡努颱風,闊葉樹林型,44.60978861211985,268503.48,2662487.77,151.20849609375,104.16500091552734,150.4449920654297,2673.134765625,166.9835205078125
2023_713,卡努颱風,闊葉樹林型,37.247373202381205,268476.87,2662400.96,151.20849609375,104.16500091552734,150.4449920654297,2673.134765625,166.9835205078125
2023_714,卡努颱風,闊葉樹林型,32.985092758994966,268022.12,2662597.47,151.20849609375,104.16500091552734,150.4449920654297,2673.134765625,166.9835205078125
2023_715,卡努颱風,闊葉樹林型,24.52281262777141,267905.6,2662784.12,151.20849609375,104.16500091552734,150.4449920654297,2673.134765625,166.9835205078125
2023_716,卡努颱風,闊葉樹林型,29.034220452471416,266326.0,2662799.97,151.20849609375,104.16500091552734,150.4449920654297,2673.134765625,166.9835205078125
2023_717,卡努颱風,闊葉樹林型,30.720611476635867,262972.82,2662050.97,151.20849609375,104.16500091552734,150.4449920654297,2553.768310546875,193.8992462158203
2023_719,卡努颱風,闊葉樹林型,39.31462864873003,265976.56,2663715.11,151.20849609375,104.16500091552734,150.4449920654297,2673.134765625,166.9835205078125
2023_721,卡努颱風,闊葉樹林型,43.74754064175339,265337.76,2663390.77,151.20849609375,104.16500091552734,150.4449920654297,2673.134765625,166.9835205078125
2023_722,卡努颱風,闊葉樹林型,32.73080151420785,265210.52,2663255.32,151.20849609375,104.16500091552734,150.4449920654297,2553.768310546875,193.8992462158203
2023_723,卡努颱風,闊葉樹林型,43.139678341360025,264109.92,2662517.78,151.20849609375,104.16500091552734,150.4449920654297,2553.768310546875,193.8992462158203
2023_726,卡努颱風,闊葉樹林型,41.98721249581666,264076.39,2662405.49,151.20849609375,104.16500091552734,150.4449920654297,2553.768310546875,193.8992462158203
2023_728,卡努颱風,闊葉樹林型,45.60472658302529,263827.94,2662147.87,151.20849609375,104.16500091552734,150.4449920654297,2553.768310546875,193.8992462158203
2023_729,卡努颱風,闊葉樹林型,51.58925006090717,263495.32,2662559.64,151.20849609375,104.16500091552734,150.4449920654297,2553.768310546875,193.8992462158203
2023_730,卡努颱風,闊葉樹林型,43.10912630411683,263530.69,2662435.79,151.20849609375,104.16500091552734,150.4449920654297,2553.768310546875,193.8992462158203
2023_731,卡努颱風,闊葉樹林型,45.91869233345094,263354.99,2662345.11,151.20849609375,104.16500091552734,150.4449920654297,2553.768310546875,193.8992462158203
2023_733,卡努颱風,闊葉樹林型,27.26604445073282,266054.29,2662163.13,151.20849609375,104.16500091552734,150.4449920654297,2673.134765625,166.9835205078125
2023_734,卡努颱風,闊葉樹林型,23.132182561931256,266005.23,2662281.71,151.20849609375,104.16500091552734,150.4449920654297,2673.134765625,166.9835205078125
2023_736,卡努颱風,闊葉樹林型,42.8104923209509,265739.49,2662900.27,151.20849609375,104.16500091552734,150.4449920654297,2673.134765625,166.9835205078125
2023_737,卡努颱風,闊葉樹林型,43.99915861590316,264049.83,2661456.95,151.20849609375,104.16500091552734,150.4449920654297,2553.768310546875,193.8992462158203
2023_738,卡努颱風,闊葉樹林型,38.11835994667712,267891.3,2662256.39,151.20849609375,104.16500091552734,150.4449920654297,2673.134765625,166.9835205078125
2023_740,卡努颱風,闊葉樹林型,40.22942490250022,267713.86,2662055.04,151.20849609375,104.16500091552734,150.4449920654297,2673.134765625,166.9835205078125
2023_741,卡努颱風,闊葉樹林型,42.5163425625201,267806.03,2662032.89,151.20849609375,104.16500091552734,150.4449920654297,2673.134765625,166.9835205078125
2023_743,卡努颱風,闊葉樹林型,34.32623881675949,267133.5,2660902.43,151.20849609375,104.16500091552734,150.4449920654297,2673.134765625,166.9835205078125
2023_744,卡努颱風,闊葉樹林型,33.04322068167278,267626.29,2660866.54,151.20849609375,104.16500091552734,150.4449920654297,2673.134765625,166.9835205078125
2023_745,卡努颱風,闊葉樹林型,30.985684296843363,267657.04,2660780.15,151.20849609375,104.16500091552734,150.4449920654297,2673.134765625,166.9835205078125
2023_746,卡努颱風,闊葉樹林型,45.57896186050529,267709.55,2661353.87,151.20849609375,104.16500091552734,150.4449920654297,2673.134765625,166.9835205078125
2023_747,卡努颱風,闊葉樹林型,8.646670214736362,268385.01,2661479.09,151.20849609375,104.16500091552734,150.4449920654297,2673.134765625,166.9835205078125
2023_748,卡努颱風,闊葉樹林型,42.6115260474372,268332.44,2661452.43,151.20849609375,104.16500091552734,150.4449920654297,2673.134765625,166.9835205078125
2023_750,卡努颱風,闊葉樹林型,37.65979117547535,267999.84,2662017.59,151.20849609375,104.16500091552734,150.4449920654297,2673.134765625,166.9835205078125
2023_751,卡努颱風,闊葉樹林型,37.247373202381205,262782.24,2662153.69,151.20849609375,104.16500091552734,150.4449920654297,2553.768310546875,193.8992462158203
2023_752,卡努颱風,闊葉樹林型,40.7270942279994,263239.16,2661817.96,151.20849609375,104.16500091552734,150.4449920654297,2553.768310546875,193.8992462158203
2023_753,卡努颱風,闊葉樹林型,38.78215347624,263061.9,2661823.74,151.20849609375,104.16500091552734,150.4449920654297,2553.768310546875,193.8992462158203
2023_754,卡努颱風,闊葉樹林型,43.68885454421518,263121.49,2661967.24,151.20849609375,104.16500091552734,150.4449920654297,2553.768310546875,193.8992462158203
2023_755,卡努颱風,闊葉樹林型,38.13247816190013,263129.28,2661412.98,151.20849609375,104.16500091552734,150.4449920654297,2553.768310546875,193.8992462158203
2023_758,卡努颱風,闊葉樹林型,39.14355704978305,269521.65,2664090.63,151.20849609375,104.16500091552734,150.4449920654297,2673.134765625,166.9835205078125
2023_760,卡努颱風,闊葉樹林型,30.720611476635867,269598.04,2664517.84,151.20849609375,104.16500091552734,150.4449920654297,2673.134765625,166.9835205078125
2023_761,卡努颱風,闊葉樹林型,30.653673803588863,265532.4,2664091.31,151.20849609375,104.16500091552734,150.4449920654297,2673.134765625,166.9835205078125
2023_762,卡努颱風,闊葉樹林型,28.63490403452203,266367.04,2663526.24,151.20849609375,104.16500091552734,150.4449920654297,2673.134765625,166.9835205078125
2023_765,卡努颱風,闊葉樹林型,33.33081260166977,268539.29,2663284.42,151.20849609375,104.16500091552734,150.4449920654297,2673.134765625,166.9835205078125
2023_766,卡努颱風,闊葉樹林型,28.835768652404315,268457.66,2663674.9,151.20849609375,104.16500091552734,150.4449920654297,2673.134765625,166.9835205078125
2023_768,卡努颱風,闊葉樹林型,36.45196008712727,267921.3,2664221.24,151.20849609375,104.16500091552734,150.4449920654297,2673.134765625,166.9835205078125
2023_769,卡努颱風,闊葉樹林型,30.269155243344123,268493.86,2665113.63,151.20849609375,104.16500091552734,150.4449920654297,2673.134765625,166.9835205078125
2023_770,卡努颱風,闊葉樹林型,29.99224511971602,268480.19,2665075.76,151.20849609375,104.16500091552734,150.4449920654297,2673.134765625,166.9835205078125
2023_771,卡努颱風,闊葉樹林型,35.95829151209359,263513.67,2654606.12,172.37350463867188,109.61000061035156,171.85499572753906,2548.475341796875,155.4546356201172
2023_772,卡努颱風,闊葉樹林型,32.65176013874374,268121.64,2667217.43,134.1165008544922,97.38999938964844,133.25999450683594,2607.684326171875,178.45928955078125
2023_776,卡努颱風,闊葉樹林型,42.302624878481225,264332.87,2647908.13,172.37350463867188,109.61000061035156,171.85499572753906,2321.9775390625,147.938720703125
2023_779,卡努颱風,闊葉樹林型,28.735641668064066,265733.58,2665212.45,151.20849609375,104.16500091552734,150.4449920654297,2673.134765625,166.9835205078125
2023_781,卡努颱風,闊葉樹林型,41.23221278344418,265929.18,2665762.7,151.20849609375,104.16500091552734,150.4449920654297,2673.134765625,166.9835205078125
2023_783,卡努颱風,闊葉樹林型,43.26125824127405,264740.51,2666531.28,134.1165008544922,97.38999938964844,133.25999450683594,2568.5400390625,156.200439453125
2023_784,卡努颱風,闊葉樹林型,32.65176013874374,265590.54,2664900.04,151.20849609375,104.16500091552734,150.4449920654297,2673.134765625,166.9835205078125
2023_786,卡努颱風,闊葉樹林型,39.77877859061192,263411.31,2648131.44,172.37350463867188,109.61000061035156,171.85499572753906,2321.9775390625,147.938720703125
2023_789,卡努颱風,闊葉樹林型,49.3088444642106,259600.7,2632101.1,106.4375,59.69499969482422,106.04999542236328,2159.25830078125,125.05048370361328
2023_790,卡努颱風,闊葉樹林型,28.76073036769665,272526.85,2658237.05,133.6945037841797,89.32499694824219,133.27999877929688,3239.04736328125,160.2562255859375
2023_801,卡努颱風,闊葉樹林型,30.36043784504823,273806.45,2657669.36,133.6945037841797,89.32499694824219,133.27999877929688,3239.04736328125,160.2562255859375
2023_805,卡努颱風,闊葉樹林型,37.29207573526101,272111.74,2658011.06,133.6945037841797,89.32499694824219,133.27999877929688,3239.04736328125,160.2562255859375
2023_806,卡努颱風,闊葉樹林型,26.39225472997553,272230.47,2658794.88,133.6945037841797,89.32499694824219,133.27999877929688,3239.04736328125,160.2562255859375
2023_807,卡努颱風,闊葉樹林型,34.66253388314486,271908.38,2659612.78,133.6945037841797,89.32499694824219,133.27999877929688,3239.04736328125,160.2562255859375
2023_808,卡努颱風,闊葉樹林型,33.946295027753955,271970.34,2660711.0,133.6945037841797,89.32499694824219,133.27999877929688,2763.3662109375,175.1996612548828
2023_809,卡努颱風,闊葉樹林型,40.7628826356304,272363.95,2657347.63,133.6945037841797,89.32499694824219,133.27999877929688,3239.04736328125,160.2562255859375
2023_810,卡努颱風,闊葉樹林型,25.530275981014736,272241.6,2657454.79,133.6945037841797,89.32499694824219,133.27999877929688,3239.04736328125,160.2562255859375
2023_812,卡努颱風,闊葉樹林型,38.71430174309542,266560.5,2660050.62,151.20849609375,104.16500091552734,150.4449920654297,2940.666748046875,165.9717559814453
2023_815,卡努颱風,闊葉樹林型,41.3243671023583,267878.02,2660415.57,151.20849609375,104.16500091552734,150.4449920654297,2940.666748046875,165.9717559814453
2023_817,卡努颱風,闊葉樹林型,34.78470182920318,271467.28,2658572.88,133.6945037841797,89.32499694824219,133.27999877929688,3239.04736328125,160.2562255859375
2023_820,卡努颱風,闊葉樹林型,30.72061147663586,269482.99,2659170.7,151.20849609375,104.16500091552734,150.4449920654297,2940.666748046875,165.9717559814453
2023_825,卡努颱風,闊葉樹林型,35.14579037169356,270916.37,2658312.06,133.6945037841797,89.32499694824219,133.27999877929688,3239.04736328125,160.2562255859375
2023_827,卡努颱風,闊葉樹林型,35.615064210381185,275586.0,2650850.49,166.81849670410156,105.32999420166016,166.47999572753906,2958.65625,162.92788696289062
2023_828,卡努颱風,闊葉樹林型,42.924476930175054,275372.28,2650339.82,166.81849670410156,105.32999420166016,166.47999572753906,3152.863037109375,156.8460235595703
2023_830,卡努颱風,闊葉樹林型,46.828403128015374,275083.35,2650433.04,166.81849670410156,105.32999420166016,166.47999572753906,3152.863037109375,156.8460235595703
2023_831,卡努颱風,闊葉樹林型,33.946295027753955,274791.62,2650775.09,166.81849670410156,105.32999420166016,166.47999572753906,3152.863037109375,156.8460235595703
2023_832,卡努颱風,闊葉樹林型,31.05129356595241,274639.3,2650659.99,166.81849670410156,105.32999420166016,166.47999572753906,3152.863037109375,156.8460235595703
2023_833,卡努颱風,闊葉樹林型,37.60152555834086,274636.36,2650436.06,166.81849670410156,105.32999420166016,166.47999572753906,3152.863037109375,156.8460235595703
2023_834,卡努颱風,闊葉樹林型,54.91151464911812,274538.79,2650159.88,166.81849670410156,105.32999420166016,166.47999572753906,3152.863037109375,156.8460235595703
2023_835,卡努颱風,闊葉樹林型,50.68634772701184,274360.01,2650319.53,166.81849670410156,105.32999420166016,166.47999572753906,3152.863037109375,156.8460235595703
2023_837,卡努颱風,闊葉樹林型,26.67924362098057,274654.95,2650210.06,166.81849670410156,105.32999420166016,166.47999572753906,3152.863037109375,156.8460235595703
2023_839,卡努颱風,闊葉樹林型,48.33129084009554,271591.57,2650899.97,166.81849670410156,105.32999420166016,166.47999572753906,3152.863037109375,156.8460235595703
2023_840,卡努颱風,闊葉樹林型,34.468683663334545,271481.96,2650713.41,166.81849670410156,105.32999420166016,166.47999572753906,3152.863037109375,156.8460235595703
2023_841,卡努颱風,闊葉樹林型,45.86825078796896,271532.5,2650549.9,166.81849670410156,105.32999420166016,166.47999572753906,3152.863037109375,156.8460235595703
2023_843,卡努颱風,闊葉樹林型,42.8624120924563,272111.17,2650878.03,166.81849670410156,105.32999420166016,166.47999572753906,3152.863037109375,156.8460235595703
2023_844,卡努颱風,闊葉樹林型,41.3243671023583,272233.53,2650917.2,166.81849670410156,105.32999420166016,166.47999572753906,3152.863037109375,156.8460235595703
2023_846,卡努颱風,闊葉樹林型,26.47888107199723,271820.8,2651838.78,166.81849670410156,105.32999420166016,166.47999572753906,3152.863037109375,156.8460235595703
2023_848,卡努颱風,闊葉樹林型,31.7353754997287,272830.6,2651691.14,166.81849670410156,105.32999420166016,166.47999572753906,3152.863037109375,156.8460235595703
2023_850,卡努颱風,闊葉樹林型,29.92228709167213,272561.42,2650923.74,166.81849670410156,105.32999420166016,166.47999572753906,3152.863037109375,156.8460235595703
2023_852,卡努颱風,闊葉樹林型,23.994436724543963,273496.58,2650307.74,166.81849670410156,105.32999420166016,166.47999572753906,3152.863037109375,156.8460235595703
2023_857,卡努颱風,闊葉樹林型,41.59751679121417,269741.72,2649122.34,172.37350463867188,109.61000061035156,171.85499572753906,2654.02197265625,161.9046173095703
2023_860,卡努颱風,闊葉樹林型,37.99072498917101,268933.83,2650474.26,172.37350463867188,109.61000061035156,171.85499572753906,2956.697998046875,204.0238494873047
2023_861,卡努颱風,闊葉樹林型,19.152681749482543,269044.0,2651274.71,172.37350463867188,109.61000061035156,171.85499572753906,2956.697998046875,204.0238494873047
2023_862,卡努颱風,闊葉樹林型,39.50971228619393,271069.06,2651045.21,166.81849670410156,105.32999420166016,166.47999572753906,3152.863037109375,156.8460235595703
2023_863,卡努颱風,闊葉樹林型,21.251492955248168,267257.59,2651987.52,172.37350463867188,109.61000061035156,171.85499572753906,2956.697998046875,204.0238494873047
2023_865,卡努颱風,闊葉樹林型,32.087580878338315,267407.32,2651290.48,172.37350463867188,109.61000061035156,171.85499572753906,2956.697998046875,204.0238494873047
2023_869,卡努颱風,闊葉樹林型,28.960080041115702,268008.31,2651627.52,172.37350463867188,109.61000061035156,171.85499572753906,2956.697998046875,204.0238494873047
2023_870,卡努颱風,闊葉樹林型,26.82087387239509,268457.13,2651146.97,172.37350463867188,109.61000061035156,171.85499572753906,2956.697998046875,204.0238494873047
2023_872,卡努颱風,闊葉樹林型,34.78470182920318,268512.93,2650743.18,172.37350463867188,109.61000061035156,171.85499572753906,2956.697998046875,204.0238494873047
2023_877,卡努颱風,闊葉樹林型,42.377774270582094,263963.76,2649270.72,172.37350463867188,109.61000061035156,171.85499572753906,2321.9775390625,147.938720703125
2023_878,卡努颱風,闊葉樹林型,48.86969349083896,263207.93,2649289.56,172.37350463867188,109.61000061035156,171.85499572753906,2321.9775390625,147.938720703125
2023_879,卡努颱風,闊葉樹林型,33.70658681677467,262183.17,2650352.72,172.37350463867188,109.61000061035156,171.85499572753906,2548.475341796875,155.4546356201172
2023_881,卡努颱風,闊葉樹林型,40.91700476339015,263150.82,2651164.9,172.37350463867188,109.61000061035156,171.85499572753906,2548.475341796875,155.4546356201172
2023_883,卡努颱風,闊葉樹林型,40.7270942279994,269741.49,2648515.34,172.37350463867188,109.61000061035156,171.85499572753906,2654.02197265625,161.9046173095703
2023_885,卡努颱風,闊葉樹林型,14.434094830851231,271743.02,2648782.27,166.81849670410156,105.32999420166016,166.47999572753906,2772.131103515625,156.80596923828125
2023_886,卡努颱風,闊葉樹林型,31.693440803183943,272107.05,2648844.54,166.81849670410156,105.32999420166016,166.47999572753906,2772.131103515625,156.80596923828125
2023_887,卡努颱風,闊葉樹林型,18.053902977226738,271956.71,2648359.11,166.81849670410156,105.32999420166016,166.47999572753906,2772.131103515625,156.80596923828125
2023_889,卡努颱風,闊葉樹林型,29.54409628156036,272157.04,2647115.3,166.81849670410156,105.32999420166016,166.47999572753906,2772.131103515625,156.80596923828125
2023_890,卡努颱風,闊葉樹林型,40.41337530810542,275642.98,2649068.44,166.81849670410156,105.32999420166016,166.47999572753906,2698.134521484375,140.27084350585938
2023_891,卡努颱風,闊葉樹林型,32.31153323742385,275195.41,2648682.22,166.81849670410156,105.32999420166016,166.47999572753906,2772.131103515625,156.80596923828125
2023_892,卡努颱風,闊葉樹林型,37.202544890156695,267416.15,2660703.62,151.20849609375,104.16500091552734,150.4449920654297,2673.134765625,166.9835205078125
2023_893,卡努颱風,闊葉樹林型,36.51456867399333,274597.49,2649015.58,166.81849670410156,105.32999420166016,166.47999572753906,2772.131103515625,156.80596923828125
2023_894,卡努颱風,闊葉樹林型,38.903551214305885,273971.89,2647278.36,166.81849670410156,105.32999420166016,166.47999572753906,2772.131103515625,156.80596923828125
2023_895,卡努颱風,闊葉樹林型,36.08714706573126,272343.6,2652676.97,166.81849670410156,105.32999420166016,166.47999572753906,3152.863037109375,156.8460235595703
2023_897,卡努颱風,闊葉樹林型,27.484186071108013,271035.75,2654477.62,166.81849670410156,105.32999420166016,166.47999572753906,3152.863037109375,156.8460235595703
2023_898,卡努颱風,闊葉樹林型,11.648634944412734,270907.95,2654638.78,166.81849670410156,105.32999420166016,166.47999572753906,3152.863037109375,156.8460235595703
2023_899,卡努颱風,闊葉樹林型,23.893396656492648,271083.94,2653962.8,166.81849670410156,105.32999420166016,166.47999572753906,3152.863037109375,156.8460235595703
2023_901,卡努颱風,闊葉樹林型,45.17793834757605,270407.68,2654942.27,166.81849670410156,105.32999420166016,166.47999572753906,3152.863037109375,156.8460235595703
2023_902,卡努颱風,闊葉樹林型,24.65223572323068,268044.32,2652102.49,172.37350463867188,109.61000061035156,171.85499572753906,2956.697998046875,204.0238494873047
2023_903,卡努颱風,闊葉樹林型,37.77568430595466,267047.41,2653934.88,172.37350463867188,109.61000061035156,171.85499572753906,2956.697998046875,204.0238494873047
2023_905,卡努颱風,闊葉樹林型,42.47384298513367,266168.25,2653702.41,172.37350463867188,109.61000061035156,171.85499572753906,2956.697998046875,204.0238494873047
2023_907,卡努颱風,闊葉樹林型,30.337664384844903,265233.73,2654407.82,172.37350463867188,109.61000061035156,171.85499572753906,2548.475341796875,155.4546356201172
2023_908,卡努颱風,闊葉樹林型,28.22569196507436,264949.51,2652754.32,172.37350463867188,109.61000061035156,171.85499572753906,2548.475341796875,155.4546356201172
2023_910,卡努颱風,闊葉樹林型,25.682184661491608,261487.99,2652913.4,172.37350463867188,109.61000061035156,171.85499572753906,2548.475341796875,155.4546356201172
2023_912,卡努颱風,闊葉樹林型,39.53553952464218,253367.21,2653418.36,155.81549072265625,94.33499908447266,154.01499938964844,1945.080810546875,110.75309753417969
2023_916,卡努颱風,闊葉樹林型,50.91384053616322,267976.08,2656120.57,151.20849609375,104.16500091552734,150.4449920654297,2940.666748046875,165.9717559814453
2023_917,卡努颱風,闊葉樹林型,44.6831922342158,268325.34,2656944.9,151.20849609375,104.16500091552734,150.4449920654297,2940.666748046875,165.9717559814453
2023_918,卡努颱風,闊葉樹林型,32.18975488338548,268178.18,2657215.5,151.20849609375,104.16500091552734,150.4449920654297,2940.666748046875,165.9717559814453
2023_919,卡努颱風,闊葉樹林型,41.83254107800667,268530.93,2657114.19,151.20849609375,104.16500091552734,150.4449920654297,2940.666748046875,165.9717559814453
2023_921,卡努颱風,闊葉樹林型,43.30156320620466,270574.7,2657361.19,133.6945037841797,89.32499694824219,133.27999877929688,3239.04736328125,160.2562255859375
2023_922,卡努颱風,闊葉樹林型,46.01070199822306,269625.38,2657141.78,151.20849609375,104.16500091552734,150.4449920654297,2940.666748046875,165.9717559814453
2023_923,卡努颱風,闊葉樹林型,38.903551214305885,269013.33,2656595.19,151.20849609375,104.16500091552734,150.4449920654297,2940.666748046875,165.9717559814453
2023_924,卡努颱風,闊葉樹林型,31.693440803183943,269054.84,2656413.02,151.20849609375,104.16500091552734,150.4449920654297,2940.666748046875,165.9717559814453
2023_925,卡努颱風,闊葉樹林型,28.30319610038818,270650.02,2656113.17,133.6945037841797,89.32499694824219,133.27999877929688,3239.04736328125,160.2562255859375
2023_930,卡努颱風,闊葉樹林型,37.83331466287141,270416.99,2655809.96,133.6945037841797,89.32499694824219,133.27999877929688,3239.04736328125,160.2562255859375
2023_933,卡努颱風,闊葉樹林型,40.376760812124,251123.23,2622716.87,106.4375,59.69499969482422,106.04999542236328,2095.421142578125,116.53135681152344
2023_935,卡努颱風,闊葉樹林型,30.10818826996884,259012.89,2664135.4,149.57049560546875,94.4949951171875,147.97000122070312,2433.980712890625,165.60604858398438
2023_936,卡努颱風,闊葉樹林型,40.34005890109771,260134.65,2656371.98,149.57049560546875,94.4949951171875,147.97000122070312,2425.75634765625,143.2866973876953
2023_937,卡努颱風,闊葉樹林型,40.90520427089325,260521.59,2656715.06,151.20849609375,104.16500091552734,150.4449920654297,2563.44970703125,163.0745849609375
2023_940,卡努颱風,闊葉樹林型,55.07248439527888,260114.36,2655017.37,155.81549072265625,94.33499908447266,154.01499938964844,1930.4129638671875,134.65171813964844
2023_941,卡努颱風,闊葉樹林型,29.686933196903503,273366.32,2650550.29,166.81849670410156,105.32999420166016,166.47999572753906,3152.863037109375,156.8460235595703
2023_942,卡努颱風,闊葉樹林型,52.51305687955973,273580.7,2650407.75,166.81849670410156,105.32999420166016,166.47999572753906,3152.863037109375,156.8460235595703
2023_944,卡努颱風,闊葉樹林型,34.32623881675949,272346.81,2659643.83,133.6945037841797,89.32499694824219,133.27999877929688,3239.04736328125,160.2562255859375
2023_945,卡努颱風,闊葉樹林型,31.138369345567487,270862.33,2659937.41,133.6945037841797,89.32499694824219,133.27999877929688,3239.04736328125,160.2562255859375
2023_947,卡努颱風,闊葉樹林型,34.59230960784307,272376.23,2660412.08,133.6945037841797,89.32499694824219,133.27999877929688,3239.04736328125,160.2562255859375
2023_948,卡努颱風,闊葉樹林型,36.326005581723855,274778.26,2650986.29,166.81849670410156,105.32999420166016,166.47999572753906,3152.863037109375,156.8460235595703
2023_949,卡努颱風,闊葉樹林型,41.54101551251079,262038.49,2651225.19,172.37350463867188,109.61000061035156,171.85499572753906,2548.475341796875,155.4546356201172
2023_951,卡努颱風,闊葉樹林型,36.93089662022377,269397.38,2654771.33,172.37350463867188,109.61000061035156,171.85499572753906,2956.697998046875,204.0238494873047
2023_953,卡努颱風,闊葉樹林型,34.18253892596887,270993.12,2658025.46,133.6945037841797,89.32499694824219,133.27999877929688,3239.04736328125,160.2562255859375
2023_954,卡努颱風,闊葉樹林型,35.59853666783391,272162.86,2658255.19,133.6945037841797,89.32499694824219,133.27999877929688,3239.04736328125,160.2562255859375
2023_960,卡努颱風,闊葉樹林型,48.39453039927944,265825.95,2625687.78,94.72549438476562,66.65999603271484,94.36000061035156,2125.00048828125,115.07217407226562
2023_963,卡努颱風,闊葉樹林型,49.19051468406037,255362.39,2651101.77,155.81549072265625,94.33499908447266,154.01499938964844,1930.4129638671875,134.65171813964844
2023_964,卡努颱風,闊葉樹林型,41.289874733376,253577.45,2651881.55,155.81549072265625,94.33499908447266,154.01499938964844,1945.080810546875,110.75309753417969
2023_966,卡努颱風,闊葉樹林型,38.93040115948257,254487.74,2649081.29,155.81549072265625,94.33499908447266,154.01499938964844,1909.833984375,121.0198745727539
2023_967,卡努颱風,闊葉樹林型,38.11835994667712,270587.79,2646495.46,166.81849670410156,105.32999420166016,166.47999572753906,2772.131103515625,156.80596923828125
2023_968,卡努颱風,闊葉樹林型,38.577711707605054,270632.19,2646382.88,166.81849670410156,105.32999420166016,166.47999572753906,2772.131103515625,156.80596923828125
2023_972,卡努颱風,闊葉樹林型,41.18592516570965,272255.49,2646561.49,166.81849670410156,105.32999420166016,166.47999572753906,2772.131103515625,156.80596923828125
2023_973,卡努颱風,闊葉樹林型,27.699472808055,273051.81,2645887.87,166.81849670410156,105.32999420166016,166.47999572753906,2772.131103515625,156.80596923828125
2023_975,卡努颱風,闊葉樹林型,41.3243671023583,272213.12,2657299.59,133.6945037841797,89.32499694824219,133.27999877929688,3239.04736328125,160.2562255859375
2023_976,卡努颱風,闊葉樹林型,43.30156320620466,272510.53,2657271.68,133.6945037841797,89.32499694824219,133.27999877929688,3239.04736328125,160.2562255859375
2023_977,卡努颱風,闊葉樹林型,5.885129333686067,272554.09,2657330.67,133.6945037841797,89.32499694824219,133.27999877929688,3239.04736328125,160.2562255859375
2023_979,卡努颱風,闊葉樹林型,29.92228709167213,273388.22,2656356.13,133.6945037841797,89.32499694824219,133.27999877929688,3239.04736328125,160.2562255859375
2023_982,卡努颱風,闊葉樹林型,29.32750061118656,274329.07,2656080.49,133.6945037841797,89.32499694824219,133.27999877929688,3239.04736328125,160.2562255859375
2023_985,卡努颱風,闊葉樹林型,49.606495042652746,271092.0,2655649.14,133.6945037841797,89.32499694824219,133.27999877929688,3239.04736328125,160.2562255859375
2023_986,卡努颱風,闊葉樹林型,26.82087387239509,271090.06,2655486.27,133.6945037841797,89.32499694824219,133.27999877929688,3239.04736328125,160.2562255859375
2023_987,卡努颱風,闊葉樹林型,44.2087245309662,268930.81,2655099.64,151.20849609375,104.16500091552734,150.4449920654297,2940.666748046875,165.9717559814453
2023_988,卡努颱風,闊葉樹林型,28.76073036769665,268966.92,2655253.35,151.20849609375,104.16500091552734,150.4449920654297,2940.666748046875,165.9717559814453
2023_989,卡努颱風,闊葉樹林型,31.007583006867133,268534.5,2654867.97,172.37350463867188,109.61000061035156,171.85499572753906,2956.697998046875,204.0238494873047
2023_991,卡努颱風,闊葉樹林型,38.04757894764742,269016.0,2654120.92,172.37350463867188,109.61000061035156,171.85499572753906,2956.697998046875,204.0238494873047
2023_992,卡努颱風,闊葉樹林型,32.02597107856493,269205.94,2654014.16,172.37350463867188,109.61000061035156,171.85499572753906,2956.697998046875,204.0238494873047
2023_993,卡努颱風,闊葉樹林型,30.985684296843363,268041.58,2654072.0,172.37350463867188,109.61000061035156,171.85499572753906,2956.697998046875,204.0238494873047
2023_994,卡努颱風,闊葉樹林型,29.686933196903503,268691.37,2654069.47,172.37350463867188,109.61000061035156,171.85499572753906,2956.697998046875,204.0238494873047
2023_995,卡努颱風,闊葉樹林型,43.0478321430526,268634.85,2654012.91,172.37350463867188,109.61000061035156,171.85499572753906,2956.697998046875,204.0238494873047
2023_997,卡努颱風,闊葉樹林型,28.91046765839842,269636.59,2654606.63,172.37350463867188,109.61000061035156,171.85499572753906,2956.697998046875,204.0238494873047
2023_998,卡努颱風,闊葉樹林型,27.726186750640903,271029.35,2653873.05,166.81849670410156,105.32999420166016,166.47999572753906,3152.863037109375,156.8460235595703
2023_999,卡努颱風,闊葉樹林型,41.83254107800667,271328.12,2654135.38,166.81849670410156,105.32999420166016,166.47999572753906,3152.863037109375,156.8460235595703
2023_1000,卡努颱風,闊葉樹林型,43.33171975024536,271241.09,2654054.88,166.81849670410156,105.32999420166016,166.47999572753906,3152.863037109375,156.8460235595703
2023_1001,卡努颱風,闊葉樹林型,34.21858270764896,269773.58,2654413.3,172.37350463867188,109.61000061035156,171.85499572753906,2956.697998046875,204.0238494873047
2023_1002,卡努颱風,闊葉樹林型,34.18253892596887,269679.34,2653769.17,172.37350463867188,109.61000061035156,171.85499572753906,2956.697998046875,204.0238494873047
2023_1004,卡努颱風,闊葉樹林型,43.33171975024536,269715.47,2653988.56,172.37350463867188,109.61000061035156,171.85499572753906,2956.697998046875,204.0238494873047
2023_1006,卡努颱風,闊葉樹林型,26.39225472997553,270164.86,2653906.57,172.37350463867188,109.61000061035156,171.85499572753906,2956.697998046875,204.0238494873047
2023_1007,卡努颱風,闊葉樹林型,38.06176053983252,270224.99,2654109.26,172.37350463867188,109.61000061035156,171.85499572753906,2956.697998046875,204.0238494873047
2023_1009,卡努颱風,闊葉樹林型,35.615064210381185,270368.38,2654354.41,172.37350463867188,109.61000061035156,171.85499572753906,2956.697998046875,204.0238494873047
2023_1010,卡努颱風,闊葉樹林型,24.684429667267143,269667.51,2652264.08,172.37350463867188,109.61000061035156,171.85499572753906,2956.697998046875,204.0238494873047
2023_1011,卡努颱風,闊葉樹林型,38.67344937613533,269519.89,2652198.61,172.37350463867188,109.61000061035156,171.85499572753906,2956.697998046875,204.0238494873047
2023_1012,卡努颱風,闊葉樹林型,39.14355704978305,270016.95,2652587.55,172.37350463867188,109.61000061035156,171.85499572753906,2956.697998046875,204.0238494873047
2023_1013,卡努颱風,闊葉樹林型,34.03756281454756,269835.7,2652877.14,172.37350463867188,109.61000061035156,171.85499572753906,2956.697998046875,204.0238494873047
2023_1014,卡努颱風,闊葉樹林型,48.11116319293781,270349.91,2652611.85,172.37350463867188,109.61000061035156,171.85499572753906,2956.697998046875,204.0238494873047
2023_1024,卡努颱風,闊葉樹林型,23.58638143384095,268513.54,2653142.79,172.37350463867188,109.61000061035156,171.85499572753906,2956.697998046875,204.0238494873047
2023_1025,卡努颱風,闊葉樹林型,50.24934765756516,268473.66,2652626.85,172.37350463867188,109.61000061035156,171.85499572753906,2956.697998046875,204.0238494873047
2023_1026,卡努颱風,闊葉樹林型,41.4729343089405,268380.65,2652398.17,172.37350463867188,109.61000061035156,171.85499572753906,2956.697998046875,204.0238494873047
2023_1027,卡努颱風,闊葉樹林型,30.541505272932262,268135.43,2652338.84,172.37350463867188,109.61000061035156,171.85499572753906,2956.697998046875,204.0238494873047
2023_1028,卡努颱風,闊葉樹林型,40.22942490250022,268060.76,2652342.14,172.37350463867188,109.61000061035156,171.85499572753906,2956.697998046875,204.0238494873047
2023_1030,卡努颱風,闊葉樹林型,28.35466400077033,268222.3,2651978.36,172.37350463867188,109.61000061035156,171.85499572753906,2956.697998046875,204.0238494873047
2023_1031,卡努颱風,闊葉樹林型,39.84215955425675,268320.48,2651700.88,172.37350463867188,109.61000061035156,171.85499572753906,2956.697998046875,204.0238494873047
2023_1032,卡努颱風,闊葉樹林型,27.990970091758022,268049.43,2651737.92,172.37350463867188,109.61000061035156,171.85499572753906,2956.697998046875,204.0238494873047
2023_1033,卡努颱風,闊葉樹林型,26.849053663953967,268090.89,2651580.7,172.37350463867188,109.61000061035156,171.85499572753906,2956.697998046875,204.0238494873047
2023_1034,卡努颱風,闊葉樹林型,36.326005581723855,268302.25,2651523.15,172.37350463867188,109.61000061035156,171.85499572753906,2956.697998046875,204.0238494873047
2023_1035,卡努颱風,闊葉樹林型,36.94611005709807,268358.87,2651343.6,172.37350463867188,109.61000061035156,171.85499572753906,2956.697998046875,204.0238494873047
2023_1036,卡努颱風,闊葉樹林型,40.376760812124,268386.66,2651351.03,172.37350463867188,109.61000061035156,171.85499572753906,2956.697998046875,204.0238494873047
2023_1039,卡努颱風,闊葉樹林型,23.62078775621093,268720.86,2650776.53,172.37350463867188,109.61000061035156,171.85499572753906,2956.697998046875,204.0238494873047
2023_1040,卡努颱風,闊葉樹林型,42.377774270582094,268393.11,2650355.53,172.37350463867188,109.61000061035156,171.85499572753906,2956.697998046875,204.0238494873047
2023_1043,卡努颱風,闊葉樹林型,32.985092758994966,271454.7,2652723.37,166.81849670410156,105.32999420166016,166.47999572753906,3152.863037109375,156.8460235595703
2023_1046,卡努颱風,闊葉樹林型,33.65076727448982,271186.93,2652724.43,166.81849670410156,105.32999420166016,166.47999572753906,3152.863037109375,156.8460235595703
2023_1047,卡努颱風,闊葉樹林型,29.54409628156036,271810.33,2652795.53,166.81849670410156,105.32999420166016,166.47999572753906,3152.863037109375,156.8460235595703
2023_1048,卡努颱風,闊葉樹林型,44.4246291370315,271691.8,2652663.67,166.81849670410156,105.32999420166016,166.47999572753906,3152.863037109375,156.8460235595703
2023_1049,卡努颱風,闊葉樹林型,38.28695056949238,271566.47,2652449.41,166.81849670410156,105.32999420166016,166.47999572753906,3152.863037109375,156.8460235595703
2023_1051,卡努颱風,闊葉樹林型,42.302624878481225,271735.17,2652305.41,166.81849670410156,105.32999420166016,166.47999572753906,3152.863037109375,156.8460235595703
2023_1053,卡努颱風,闊葉樹林型,54.01310059666566,271646.72,2652167.58,166.81849670410156,105.32999420166016,166.47999572753906,3152.863037109375,156.8460235595703
2023_1054,卡努颱風,闊葉樹林型,44.8650800832348,271751.07,2652179.58,166.81849670410156,105.32999420166016,166.47999572753906,3152.863037109375,156.8460235595703
2023_1055,卡努颱風,闊葉樹林型,32.005383208083494,271821.11,2652105.25,166.81849670410156,105.32999420166016,166.47999572753906,3152.863037109375,156.8460235595703
2023_1056,卡努颱風,闊葉樹林型,23.58638143384095,271933.71,2652327.59,166.81849670410156,105.32999420166016,166.47999572753906,3152.863037109375,156.8460235595703
2023_1057,卡努颱風,闊葉樹林型,40.7628826356304,272033.37,2652011.17,166.81849670410156,105.32999420166016,166.47999572753906,3152.863037109375,156.8460235595703
2023_1058,卡努颱風,闊葉樹林型,33.10114358966526,272179.65,2651969.82,166.81849670410156,105.32999420166016,166.47999572753906,3152.863037109375,156.8460235595703
2023_1060,卡努颱風,闊葉樹林型,25.682184661491608,271770.24,2651823.37,166.81849670410156,105.32999420166016,166.47999572753906,3152.863037109375,156.8460235595703
2023_1061,卡努颱風,闊葉樹林型,31.18173575791572,271994.41,2651763.96,166.81849670410156,105.32999420166016,166.47999572753906,3152.863037109375,156.8460235595703
2023_1063,卡努颱風,闊葉樹林型,34.21858270764896,271138.88,2652384.91,166.81849670410156,105.32999420166016,166.47999572753906,3152.863037109375,156.8460235595703
2023_1067,卡努颱風,闊葉樹林型,37.60152555834086,272567.01,2652836.93,166.81849670410156,105.32999420166016,166.47999572753906,3152.863037109375,156.8460235595703
2023_1069,卡努颱風,闊葉樹林型,27.726186750640903,270941.59,2651604.91,166.81849670410156,105.32999420166016,166.47999572753906,3152.863037109375,156.8460235595703
2023_1070,卡努颱風,闊葉樹林型,23.061135616050905,271002.28,2651335.12,166.81849670410156,105.32999420166016,166.47999572753906,3152.863037109375,156.8460235595703
2023_1071,卡努颱風,闊葉樹林型,40.376760812124,271457.47,2651248.2,166.81849670410156,105.32999420166016,166.47999572753906,3152.863037109375,156.8460235595703
2023_1072,卡努颱風,闊葉樹林型,32.73080151420785,271450.79,2651331.31,166.81849670410156,105.32999420166016,166.47999572753906,3152.863037109375,156.8460235595703
2023_1073,卡努颱風,闊葉樹林型,42.93479585813085,271535.67,2651104.41,166.81849670410156,105.32999420166016,166.47999572753906,3152.863037109375,156.8460235595703
2023_1074,卡努颱風,闊葉樹林型,42.59042663590696,271829.18,2650608.36,166.81849670410156,105.32999420166016,166.47999572753906,3152.863037109375,156.8460235595703
2023_1078,卡努颱風,闊葉樹林型,33.44445239980459,271146.05,2650059.83,166.81849670410156,105.32999420166016,166.47999572753906,3152.863037109375,156.8460235595703
2023_1082,卡努颱風,闊葉樹林型,31.05129356595241,272428.48,2650299.59,166.81849670410156,105.32999420166016,166.47999572753906,3152.863037109375,156.8460235595703
2023_1083,卡努颱風,闊葉樹林型,34.85410224097107,272501.56,2650383.69,166.81849670410156,105.32999420166016,166.47999572753906,3152.863037109375,156.8460235595703
2023_1084,卡努颱風,闊葉樹林型,29.32750061118656,272325.48,2650338.45,166.81849670410156,105.32999420166016,166.47999572753906,3152.863037109375,156.8460235595703
2023_1085,卡努颱風,闊葉樹林型,16.753888986635726,272342.94,2650199.17,166.81849670410156,105.32999420166016,166.47999572753906,3152.863037109375,156.8460235595703
2023_1086,卡努颱風,闊葉樹林型,39.612764584574585,272299.75,2651501.49,166.81849670410156,105.32999420166016,166.47999572753906,3152.863037109375,156.8460235595703
2023_1088,卡努颱風,闊葉樹林型,37.30694874098832,272741.58,2650941.36,166.81849670410156,105.32999420166016,166.47999572753906,3152.863037109375,156.8460235595703
2023_1089,卡努颱風,闊葉樹林型,41.86581899605287,272311.01,2650911.3,166.81849670410156,105.32999420166016,166.47999572753906,3152.863037109375,156.8460235595703
2023_1090,卡努颱風,闊葉樹林型,41.8103148957786,272295.7,2650995.02,166.81849670410156,105.32999420166016,166.47999572753906,3152.863037109375,156.8460235595703
2023_1091,卡努颱風,闊葉樹林型,28.30319610038818,272748.22,2650744.13,166.81849670410156,105.32999420166016,166.47999572753906,3152.863037109375,156.8460235595703
2023_1092,卡努颱風,闊葉樹林型,34.30834539460494,272826.58,2650734.33,166.81849670410156,105.32999420166016,166.47999572753906,3152.863037109375,156.8460235595703
2023_1093,卡努颱風,闊葉樹林型,23.273326481355983,272242.67,2650636.91,166.81849670410156,105.32999420166016,166.47999572753906,3152.863037109375,156.8460235595703
2023_1094,卡努颱風,闊葉樹林型,29.32750061118656,272900.94,2652044.28,166.81849670410156,105.32999420166016,166.47999572753906,3152.863037109375,156.8460235595703
2023_1096,卡努颱風,闊葉樹林型,40.04325099636187,272978.48,2652279.69,166.81849670410156,105.32999420166016,166.47999572753906,3152.863037109375,156.8460235595703
2023_1097,卡努颱風,闊葉樹林型,38.04757894764742,273015.18,2652380.66,166.81849670410156,105.32999420166016,166.47999572753906,3152.863037109375,156.8460235595703
2023_1098,卡努颱風,闊葉樹林型,48.31014470482131,273124.16,2652425.69,166.81849670410156,105.32999420166016,166.47999572753906,3152.863037109375,156.8460235595703
2023_1099,卡努颱風,闊葉樹林型,33.197229942878394,273152.88,2652692.95,166.81849670410156,105.32999420166016,166.47999572753906,3152.863037109375,156.8460235595703
2023_1100,卡努颱風,闊葉樹林型,37.30694874098832,273221.41,2653194.52,166.81849670410156,105.32999420166016,166.47999572753906,3152.863037109375,156.8460235595703
2023_1101,卡努颱風,闊葉樹林型,19.82702865340817,273326.9,2653108.8,166.81849670410156,105.32999420166016,166.47999572753906,3152.863037109375,156.8460235595703
2023_1102,卡努颱風,闊葉樹林型,31.693440803183943,273163.38,2653066.3,166.81849670410156,105.32999420166016,166.47999572753906,3152.863037109375,156.8460235595703
2023_1111,卡努颱風,闊葉樹林型,38.577711707605054,275537.51,2650795.88,166.81849670410156,105.32999420166016,166.47999572753906,2958.65625,162.92788696289062
2023_1112,卡努颱風,闊葉樹林型,37.082382807835,275484.45,2650750.71,166.81849670410156,105.32999420166016,166.47999572753906,3152.863037109375,156.8460235595703
2023_1114,卡努颱風,闊葉樹林型,32.02597107856493,272359.85,2654006.91,166.81849670410156,105.32999420166016,166.47999572753906,3152.863037109375,156.8460235595703
2023_1120,卡努颱風,闊葉樹林型,24.748625315195834,273442.08,2654721.4,166.81849670410156,105.32999420166016,166.47999572753906,3152.863037109375,156.8460235595703
2023_1121,卡努颱風,闊葉樹林型,36.86989764584402,273412.69,2654582.95,166.81849670410156,105.32999420166016,166.47999572753906,3152.863037109375,156.8460235595703
2023_1122,卡努颱風,闊葉樹林型,38.876655136344326,267939.92,2655459.73,151.20849609375,104.16500091552734,150.4449920654297,2940.666748046875,165.9717559814453
2023_1123,卡努颱風,闊葉樹林型,23.0611356160509,268239.62,2655806.93,151.20849609375,104.16500091552734,150.4449920654297,2940.666748046875,165.9717559814453
2023_1124,卡努颱風,闊葉樹林型,32.02597107856493,268183.99,2655793.08,151.20849609375,104.16500091552734,150.4449920654297,2940.666748046875,165.9717559814453
2023_1125,卡努颱風,闊葉樹林型,46.53438273346463,268039.89,2657018.33,151.20849609375,104.16500091552734,150.4449920654297,2940.666748046875,165.9717559814453
2023_1126,卡努颱風,闊葉樹林型,35.81208696357704,268296.15,2657142.36,151.20849609375,104.16500091552734,150.4449920654297,2940.666748046875,165.9717559814453
2023_1128,卡努颱風,闊葉樹林型,34.59230960784307,269031.14,2656978.41,151.20849609375,104.16500091552734,150.4449920654297,2940.666748046875,165.9717559814453
2023_1130,卡努颱風,闊葉樹林型,26.593674030621376,269361.74,2657238.18,151.20849609375,104.16500091552734,150.4449920654297,2940.666748046875,165.9717559814453
2023_1131,卡努颱風,闊葉樹林型,31.138369345567487,270909.63,2657237.63,133.6945037841797,89.32499694824219,133.27999877929688,3239.04736328125,160.2562255859375
2023_1132,卡努颱風,闊葉樹林型,31.311156133255537,270764.51,2657328.71,133.6945037841797,89.32499694824219,133.27999877929688,3239.04736328125,160.2562255859375
2023_1133,卡努颱風,闊葉樹林型,28.76073036769665,270717.83,2657530.45,133.6945037841797,89.32499694824219,133.27999877929688,3239.04736328125,160.2562255859375
2023_1134,卡努颱風,闊葉樹林型,37.48434900054385,270358.98,2657308.61,151.20849609375,104.16500091552734,150.4449920654297,2940.666748046875,165.9717559814453
2023_1135,卡努颱風,闊葉樹林型,34.73245644172311,270423.51,2657527.03,133.6945037841797,89.32499694824219,133.27999877929688,3239.04736328125,160.2562255859375
2023_1136,卡努颱風,闊葉樹林型,27.911980918711127,269261.54,2656102.42,151.20849609375,104.16500091552734,150.4449920654297,2940.666748046875,165.9717559814453
2023_1137,卡努颱風,闊葉樹林型,40.31554221077258,269325.92,2656280.27,151.20849609375,104.16500091552734,150.4449920654297,2940.666748046875,165.9717559814453
2023_1139,卡努颱風,闊葉樹林型,40.376760812124,268938.1,2656135.94,151.20849609375,104.16500091552734,150.4449920654297,2940.666748046875,165.9717559814453
2023_1140,卡努颱風,闊葉樹林型,25.43844441156941,269095.88,2656249.84,151.20849609375,104.16500091552734,150.4449920654297,2940.666748046875,165.9717559814453
2023_1141,卡努颱風,闊葉樹林型,38.577711707605054,269195.54,2656442.77,151.20849609375,104.16500091552734,150.4449920654297,2940.666748046875,165.9717559814453
2023_1143,卡努颱風,闊葉樹林型,30.985684296843363,269673.34,2655525.14,151.20849609375,104.16500091552734,150.4449920654297,2940.666748046875,165.9717559814453
2023_1147,卡努颱風,闊葉樹林型,38.78215347624,269947.76,2655475.09,151.20849609375,104.16500091552734,150.4449920654297,2940.666748046875,165.9717559814453
2023_1148,卡努颱風,闊葉樹林型,34.30834539460494,270103.6,2655972.09,151.20849609375,104.16500091552734,150.4449920654297,2940.666748046875,165.9717559814453
2023_1149,卡努颱風,闊葉樹林型,45.86825078796896,270139.55,2655986.15,151.20849609375,104.16500091552734,150.4449920654297,2940.666748046875,165.9717559814453
2023_1150,卡努颱風,闊葉樹林型,43.53119928561418,269390.27,2656270.17,151.20849609375,104.16500091552734,150.4449920654297,2940.666748046875,165.9717559814453
2023_1151,卡努颱風,闊葉樹林型,41.23221278344418,269866.62,2656052.68,151.20849609375,104.16500091552734,150.4449920654297,2940.666748046875,165.9717559814453
2023_1152,卡努颱風,闊葉樹林型,35.009177890477666,271238.71,2656187.57,133.6945037841797,89.32499694824219,133.27999877929688,3239.04736328125,160.2562255859375
2023_1155,卡努颱風,闊葉樹林型,39.156783218304696,274046.15,2655564.05,133.6945037841797,89.32499694824219,133.27999877929688,3239.04736328125,160.2562255859375
2023_1156,卡努颱風,闊葉樹林型,25.89250179780793,273902.24,2655337.14,133.6945037841797,89.32499694824219,133.27999877929688,3239.04736328125,160.2562255859375
2023_1157,卡努颱風,闊葉樹林型,31.05129356595241,273929.08,2655341.95,133.6945037841797,89.32499694824219,133.27999877929688,3239.04736328125,160.2562255859375
2023_1162,卡努颱風,闊葉樹林型,39.05065885812619,272951.9,2655740.71,133.6945037841797,89.32499694824219,133.27999877929688,3239.04736328125,160.2562255859375
2023_1163,卡努颱風,闊葉樹林型,34.30834539460494,272824.63,2655595.25,133.6945037841797,89.32499694824219,133.27999877929688,3239.04736328125,160.2562255859375
2023_1164,卡努颱風,闊葉樹林型,23.273326481355983,272618.1,2655621.41,133.6945037841797,89.32499694824219,133.27999877929688,3239.04736328125,160.2562255859375
2023_1165,卡努颱風,闊葉樹林型,36.94611005709807,272317.7,2655443.23,133.6945037841797,89.32499694824219,133.27999877929688,3239.04736328125,160.2562255859375
2023_1166,卡努颱風,闊葉樹林型,31.05129356595241,273263.49,2656306.27,133.6945037841797,89.32499694824219,133.27999877929688,3239.04736328125,160.2562255859375
2023_1168,卡努颱風,闊葉樹林型,35.81208696357704,267932.78,2657650.53,151.20849609375,104.16500091552734,150.4449920654297,2940.666748046875,165.9717559814453
2023_1170,卡努颱風,闊葉樹林型,42.04206908232861,269231.05,2658727.86,151.20849609375,104.16500091552734,150.4449920654297,2940.666748046875,165.9717559814453
2023_1171,卡努颱風,闊葉樹林型,32.005383208083494,269550.51,2658984.5,151.20849609375,104.16500091552734,150.4449920654297,2940.666748046875,165.9717559814453
2023_1173,卡努颱風,闊葉樹林型,32.25075657991223,269808.5,2658536.27,151.20849609375,104.16500091552734,150.4449920654297,2940.666748046875,165.9717559814453
2023_1174,卡努颱風,闊葉樹林型,39.77877859061192,269841.79,2658514.06,151.20849609375,104.16500091552734,150.4449920654297,2940.666748046875,165.9717559814453
2023_1177,卡努颱風,闊葉樹林型,27.911980918711127,269573.7,2659736.35,151.20849609375,104.16500091552734,150.4449920654297,2940.666748046875,165.9717559814453
2023_1178,卡努颱風,闊葉樹林型,56.23992880808687,271295.21,2658416.41,133.6945037841797,89.32499694824219,133.27999877929688,3239.04736328125,160.2562255859375
2023_1181,卡努颱風,闊葉樹林型,24.22774531795417,271919.78,2659830.86,133.6945037841797,89.32499694824219,133.27999877929688,3239.04736328125,160.2562255859375
2023_1182,卡努颱風,闊葉樹林型,31.332627955778683,271982.6,2659775.13,133.6945037841797,89.32499694824219,133.27999877929688,3239.04736328125,160.2562255859375
2023_1184,卡努颱風,闊葉樹林型,33.946295027753955,272421.15,2660247.72,133.6945037841797,89.32499694824219,133.27999877929688,3239.04736328125,160.2562255859375
2023_1185,卡努颱風,闊葉樹林型,42.89347697966648,272654.9,2659953.62,133.6945037841797,89.32499694824219,133.27999877929688,3239.04736328125,160.2562255859375
2023_1187,卡努颱風,闊葉樹林型,29.32750061118656,272440.8,2659553.56,133.6945037841797,89.32499694824219,133.27999877929688,3239.04736328125,160.2562255859375
2023_1188,卡努颱風,闊葉樹林型,41.4729343089405,272470.08,2659444.82,133.6945037841797,89.32499694824219,133.27999877929688,3239.04736328125,160.2562255859375
2023_1189,卡努颱風,闊葉樹林型,27.726186750640903,272219.11,2659829.55,133.6945037841797,89.32499694824219,133.27999877929688,3239.04736328125,160.2562255859375
2023_1191,卡努颱風,闊葉樹林型,30.337664384844903,272435.16,2659008.2,133.6945037841797,89.32499694824219,133.27999877929688,3239.04736328125,160.2562255859375
2023_1192,卡努颱風,闊葉樹林型,38.836224204282125,273084.17,2658172.46,133.6945037841797,89.32499694824219,133.27999877929688,3239.04736328125,160.2562255859375
2023_1193,卡努颱風,闊葉樹林型,50.41872562773047,270078.63,2660321.7,151.20849609375,104.16500091552734,150.4449920654297,2940.666748046875,165.9717559814453
2023_1194,卡努颱風,闊葉樹林型,39.612764584574585,269995.3,2660385.75,151.20849609375,104.16500091552734,150.4449920654297,2940.666748046875,165.9717559814453
2023_1195,卡努颱風,闊葉樹林型,28.35466400077033,269809.34,2660232.49,151.20849609375,104.16500091552734,150.4449920654297,2940.666748046875,165.9717559814453
2023_1196,卡努颱風,闊葉樹林型,32.57233714755203,269667.65,2660352.06,151.20849609375,104.16500091552734,150.4449920654297,2940.666748046875,165.9717559814453
2023_1198,卡努颱風,闊葉樹林型,55.6596190224333,260265.92,2657427.36,151.20849609375,104.16500091552734,150.4449920654297,2563.44970703125,163.0745849609375
2023_1200,卡努颱風,闊葉樹林型,39.26219086021912,260496.5,2657188.84,151.20849609375,104.16500091552734,150.4449920654297,2563.44970703125,163.0745849609375
2023_1201,卡努颱風,闊葉樹林型,34.46868366333454,260177.0,2657151.93,149.57049560546875,94.4949951171875,147.97000122070312,2425.75634765625,143.2866973876953
2023_1202,卡努颱風,闊葉樹林型,42.93479585813085,260187.48,2657243.59,149.57049560546875,94.4949951171875,147.97000122070312,2425.75634765625,143.2866973876953
2023_1203,卡努颱風,闊葉樹林型,28.76073036769665,262937.63,2652734.72,172.37350463867188,109.61000061035156,171.85499572753906,2548.475341796875,155.4546356201172
2023_1205,卡努颱風,闊葉樹林型,45.84296219186747,263414.69,2652472.21,172.37350463867188,109.61000061035156,171.85499572753906,2548.475341796875,155.4546356201172
2023_1206,卡努颱風,闊葉樹林型,29.734272666889545,262985.41,2652452.51,172.37350463867188,109.61000061035156,171.85499572753906,2548.475341796875,155.4546356201172
2023_1207,卡努颱風,闊葉樹林型,41.09292517464176,262869.5,2653082.99,172.37350463867188,109.61000061035156,171.85499572753906,2548.475341796875,155.4546356201172
2023_1208,卡努颱風,闊葉樹林型,40.91700476339015,262258.37,2653159.78,172.37350463867188,109.61000061035156,171.85499572753906,2548.475341796875,155.4546356201172
2023_1209,卡努颱風,闊葉樹林型,45.25729327096913,262347.6,2652671.06,172.37350463867188,109.61000061035156,171.85499572753906,2548.475341796875,155.4546356201172
2023_1216,卡努颱風,闊葉樹林型,37.11250830386473,261549.23,2652365.58,172.37350463867188,109.61000061035156,171.85499572753906,2548.475341796875,155.4546356201172
2023_1217,卡努颱風,闊葉樹林型,23.62078775621093,261608.89,2653025.68,172.37350463867188,109.61000061035156,171.85499572753906,2548.475341796875,155.4546356201172
2023_1218,卡努颱風,闊葉樹林型,28.63490403452203,265886.97,2654744.27,172.37350463867188,109.61000061035156,171.85499572753906,2956.697998046875,204.0238494873047
2023_1219,卡努颱風,闊葉樹林型,44.23706899687728,265407.56,2654708.83,172.37350463867188,109.61000061035156,171.85499572753906,2956.697998046875,204.0238494873047
2023_1221,卡努颱風,闊葉樹林型,48.56172665223335,265387.85,2654579.55,172.37350463867188,109.61000061035156,171.85499572753906,2956.697998046875,204.0238494873047
2023_1222,卡努颱風,闊葉樹林型,19.47122063449069,265358.06,2654442.48,172.37350463867188,109.61000061035156,171.85499572753906,2956.697998046875,204.0238494873047
2023_1223,卡努颱風,闊葉樹林型,31.18173575791572,265303.77,2654320.16,172.37350463867188,109.61000061035156,171.85499572753906,2548.475341796875,155.4546356201172
2023_1225,卡努颱風,闊葉樹林型,37.202544890156695,265695.66,2653869.43,172.37350463867188,109.61000061035156,171.85499572753906,2956.697998046875,204.0238494873047
2023_1226,卡努颱風,闊葉樹林型,34.66253388314486,265727.34,2653728.47,172.37350463867188,109.61000061035156,171.85499572753906,2956.697998046875,204.0238494873047
2023_1227,卡努颱風,闊葉樹林型,30.24625565345472,265616.63,2653700.55,172.37350463867188,109.61000061035156,171.85499572753906,2956.697998046875,204.0238494873047
2023_1228,卡努颱風,闊葉樹林型,36.885169224775694,265661.08,2653541.27,172.37350463867188,109.61000061035156,171.85499572753906,2956.697998046875,204.0238494873047
2023_1229,卡努颱風,闊葉樹林型,40.91700476339015,265581.26,2653527.56,172.37350463867188,109.61000061035156,171.85499572753906,2956.697998046875,204.0238494873047
2023_1230,卡努颱風,闊葉樹林型,42.1729129867599,265844.45,2653417.66,172.37350463867188,109.61000061035156,171.85499572753906,2956.697998046875,204.0238494873047
2023_1231,卡努颱風,闊葉樹林型,38.71430174309542,264340.49,2653813.05,172.37350463867188,109.61000061035156,171.85499572753906,2548.475341796875,155.4546356201172
2023_1232,卡努颱風,闊葉樹林型,36.19905592632724,264544.94,2653807.62,172.37350463867188,109.61000061035156,171.85499572753906,2548.475341796875,155.4546356201172
2023_1233,卡努颱風,闊葉樹林型,29.92228709167213,264233.71,2653799.87,172.37350463867188,109.61000061035156,171.85499572753906,2548.475341796875,155.4546356201172
2023_1234,卡努颱風,闊葉樹林型,46.242226022013895,264153.31,2653563.29,172.37350463867188,109.61000061035156,171.85499572753906,2548.475341796875,155.4546356201172
2023_1235,卡努颱風,闊葉樹林型,38.11835994667712,264468.18,2653767.93,172.37350463867188,109.61000061035156,171.85499572753906,2548.475341796875,155.4546356201172
2023_1236,卡努颱風,闊葉樹林型,51.94046637738488,264512.46,2653766.75,172.37350463867188,109.61000061035156,171.85499572753906,2548.475341796875,155.4546356201172
2023_1237,卡努颱風,闊葉樹林型,34.59230960784307,264620.89,2653883.31,172.37350463867188,109.61000061035156,171.85499572753906,2548.475341796875,155.4546356201172
2023_1238,卡努颱風,闊葉樹林型,46.42958537828381,264212.01,2653646.64,172.37350463867188,109.61000061035156,171.85499572753906,2548.475341796875,155.4546356201172
2023_1240,卡努颱風,闊葉樹林型,40.79858749551321,264787.18,2654424.71,172.37350463867188,109.61000061035156,171.85499572753906,2548.475341796875,155.4546356201172
2023_1242,卡努颱風,闊葉樹林型,34.21858270764895,265459.18,2654774.23,172.37350463867188,109.61000061035156,171.85499572753906,2956.697998046875,204.0238494873047
2023_1243,卡努颱風,闊葉樹林型,38.004957659317206,265294.66,2654241.28,172.37350463867188,109.61000061035156,171.85499572753906,2548.475341796875,155.4546356201172
2023_1244,卡努颱風,闊葉樹林型,34.468683663334545,265262.14,2654056.19,172.37350463867188,109.61000061035156,171.85499572753906,2548.475341796875,155.4546356201172
2023_1245,卡努颱風,闊葉樹林型,29.686933196903503,266030.56,2654657.94,172.37350463867188,109.61000061035156,171.85499572753906,2956.697998046875,204.0238494873047
2023_1246,卡努颱風,闊葉樹林型,40.7628826356304,265910.97,2654386.26,172.37350463867188,109.61000061035156,171.85499572753906,2956.697998046875,204.0238494873047
2023_1247,卡努颱風,闊葉樹林型,46.88333444737181,265848.45,2654317.37,172.37350463867188,109.61000061035156,171.85499572753906,2956.697998046875,204.0238494873047
2023_1248,卡努颱風,闊葉樹林型,37.790111559066204,265491.71,2654250.56,172.37350463867188,109.61000061035156,171.85499572753906,2956.697998046875,204.0238494873047
2023_1249,卡努颱風,闊葉樹林型,52.41603810093891,266078.13,2653867.17,172.37350463867188,109.61000061035156,171.85499572753906,2956.697998046875,204.0238494873047
2023_1251,卡努颱風,闊葉樹林型,48.13976949528136,265826.43,2653295.55,172.37350463867188,109.61000061035156,171.85499572753906,2956.697998046875,204.0238494873047
2023_1252,卡努颱風,闊葉樹林型,29.686933196903503,265722.47,2653655.31,172.37350463867188,109.61000061035156,171.85499572753906,2956.697998046875,204.0238494873047
2023_1253,卡努颱風,闊葉樹林型,44.31238462399072,265226.73,2653868.49,172.37350463867188,109.61000061035156,171.85499572753906,2548.475341796875,155.4546356201172
2023_1254,卡努颱風,闊葉樹林型,28.835768652404315,265319.3,2654843.77,172.37350463867188,109.61000061035156,171.85499572753906,2956.697998046875,204.0238494873047
2023_1255,卡努颱風,闊葉樹林型,32.087580878338315,264613.39,2654584.19,172.37350463867188,109.61000061035156,171.85499572753906,2548.475341796875,155.4546356201172
2023_1256,卡努颱風,闊葉樹林型,35.795759914707084,264757.02,2653048.4,172.37350463867188,109.61000061035156,171.85499572753906,2548.475341796875,155.4546356201172
2023_1257,卡努颱風,闊葉樹林型,41.4729343089405,265130.03,2652874.93,172.37350463867188,109.61000061035156,171.85499572753906,2548.475341796875,155.4546356201172
2023_1259,卡努颱風,闊葉樹林型,44.89216578140445,265567.8,2652814.48,172.37350463867188,109.61000061035156,171.85499572753906,2956.697998046875,204.0238494873047
2023_1260,卡努颱風,闊葉樹林型,30.10818826996884,265314.99,2652788.68,172.37350463867188,109.61000061035156,171.85499572753906,2548.475341796875,155.4546356201172
2023_1261,卡努颱風,闊葉樹林型,28.76073036769665,265958.9,2652749.07,172.37350463867188,109.61000061035156,171.85499572753906,2956.697998046875,204.0238494873047
2023_1262,卡努颱風,闊葉樹林型,49.85365752782776,265650.37,2652524.23,172.37350463867188,109.61000061035156,171.85499572753906,2956.697998046875,204.0238494873047
2023_1263,卡努颱風,闊葉樹林型,39.53553952464218,265503.42,2652458.16,172.37350463867188,109.61000061035156,171.85499572753906,2956.697998046875,204.0238494873047
2023_1264,卡努颱風,闊葉樹林型,33.50097823942329,266470.97,2652659.27,172.37350463867188,109.61000061035156,171.85499572753906,2956.697998046875,204.0238494873047
2023_1265,卡努颱風,闊葉樹林型,42.5163425625201,266219.98,2652526.2,172.37350463867188,109.61000061035156,171.85499572753906,2956.697998046875,204.0238494873047
2023_1266,卡努颱風,闊葉樹林型,45.43207135058316,266186.12,2652449.22,172.37350463867188,109.61000061035156,171.85499572753906,2956.697998046875,204.0238494873047
2023_1267,卡努颱風,闊葉樹林型,50.79768468757728,265748.13,2652415.09,172.37350463867188,109.61000061035156,171.85499572753906,2956.697998046875,204.0238494873047
2023_1268,卡努颱風,闊葉樹林型,42.18376530657795,266211.77,2652361.64,172.37350463867188,109.61000061035156,171.85499572753906,2956.697998046875,204.0238494873047
2023_1269,卡努颱風,闊葉樹林型,45.78377864972804,265992.61,2652334.67,172.37350463867188,109.61000061035156,171.85499572753906,2956.697998046875,204.0238494873047
2023_1271,卡努颱風,闊葉樹林型,42.08581058000388,266450.47,2652239.0,172.37350463867188,109.61000061035156,171.85499572753906,2956.697998046875,204.0238494873047
2023_1272,卡努颱風,闊葉樹林型,25.43844441156941,266130.81,2652159.18,172.37350463867188,109.61000061035156,171.85499572753906,2956.697998046875,204.0238494873047
2023_1274,卡努颱風,闊葉樹林型,33.10114358966526,264511.1,2652925.31,172.37350463867188,109.61000061035156,171.85499572753906,2548.475341796875,155.4546356201172
2023_1275,卡努颱風,闊葉樹林型,19.198613308677363,264710.78,2652855.4,172.37350463867188,109.61000061035156,171.85499572753906,2548.475341796875,155.4546356201172
2023_1276,卡努颱風,闊葉樹林型,36.5924873189136,264707.79,2652797.45,172.37350463867188,109.61000061035156,171.85499572753906,2548.475341796875,155.4546356201172
2023_1277,卡努颱風,闊葉樹林型,35.43232547287678,264645.03,2652633.09,172.37350463867188,109.61000061035156,171.85499572753906,2548.475341796875,155.4546356201172
2023_1278,卡努颱風,闊葉樹林型,26.56505117707799,264997.48,2652524.05,172.37350463867188,109.61000061035156,171.85499572753906,2548.475341796875,155.4546356201172
2023_1279,卡努颱風,闊葉樹林型,49.57446684129998,265195.51,2652506.71,172.37350463867188,109.61000061035156,171.85499572753906,2548.475341796875,155.4546356201172
2023_1280,卡努颱風,闊葉樹林型,52.23008485684331,265805.69,2652354.16,172.37350463867188,109.61000061035156,171.85499572753906,2956.697998046875,204.0238494873047
2023_1281,卡努颱風,闊葉樹林型,38.67344937613533,265792.46,2652301.38,172.37350463867188,109.61000061035156,171.85499572753906,2956.697998046875,204.0238494873047
2023_1283,卡努颱風,闊葉樹林型,50.91384053616322,265992.46,2652437.07,172.37350463867188,109.61000061035156,171.85499572753906,2956.697998046875,204.0238494873047
2023_1284,卡努颱風,闊葉樹林型,43.139678341360025,264335.69,2652626.46,172.37350463867188,109.61000061035156,171.85499572753906,2548.475341796875,155.4546356201172
2023_1285,卡努颱風,闊葉樹林型,38.04757894764742,264356.19,2652649.34,172.37350463867188,109.61000061035156,171.85499572753906,2548.475341796875,155.4546356201172
2023_1287,卡努颱風,闊葉樹林型,33.65076727448982,264146.69,2652282.28,172.37350463867188,109.61000061035156,171.85499572753906,2548.475341796875,155.4546356201172
2023_1288,卡努颱風,闊葉樹林型,39.57420005713789,264354.63,2652191.82,172.37350463867188,109.61000061035156,171.85499572753906,2548.475341796875,155.4546356201172
2023_1289,卡努颱風,竹林,29.54409628156036,264557.48,2652074.99,172.37350463867188,109.61000061035156,171.85499572753906,2548.475341796875,155.4546356201172
2023_1291,卡努颱風,闊葉樹林型,44.60058682281712,266137.81,2656440.41,151.20849609375,104.16500091552734,150.4449920654297,2940.666748046875,165.9717559814453
2023_1294,卡努颱風,闊葉樹林型,38.11835994667712,266176.1,2655949.93,151.20849609375,104.16500091552734,150.4449920654297,2940.666748046875,165.9717559814453
2023_1299,卡努颱風,闊葉樹林型,42.302624878481225,266197.48,2656375.14,151.20849609375,104.16500091552734,150.4449920654297,2940.666748046875,165.9717559814453
2023_1300,卡努颱風,闊葉樹林型,30.337664384844903,266213.09,2655374.61,151.20849609375,104.16500091552734,150.4449920654297,2940.666748046875,165.9717559814453
2023_1301,卡努颱風,闊葉樹林型,37.247373202381205,264463.64,2655141.0,151.20849609375,104.16500091552734,150.4449920654297,2563.44970703125,163.0745849609375
2023_1306,卡努颱風,闊葉樹林型,25.376933525152303,267438.3,2655828.73,151.20849609375,104.16500091552734,150.4449920654297,2940.666748046875,165.9717559814453
2023_1307,卡努颱風,闊葉樹林型,40.9523515915937,267009.14,2655631.64,151.20849609375,104.16500091552734,150.4449920654297,2940.666748046875,165.9717559814453
2023_1312,卡努颱風,闊葉樹林型,40.327805440220686,267221.48,2657477.39,151.20849609375,104.16500091552734,150.4449920654297,2940.666748046875,165.9717559814453
2023_1313,卡努颱風,闊葉樹林型,32.65176013874374,267148.21,2657477.26,151.20849609375,104.16500091552734,150.4449920654297,2940.666748046875,165.9717559814453
2023_1314,卡努颱風,闊葉樹林型,42.09672607229439,267075.66,2657610.62,151.20849609375,104.16500091552734,150.4449920654297,2940.666748046875,165.9717559814453
2023_1316,卡努颱風,闊葉樹林型,34.888691645645146,266686.79,2657593.78,151.20849609375,104.16500091552734,150.4449920654297,2940.666748046875,165.9717559814453
2023_1317,卡努颱風,闊葉樹林型,32.47251629973426,266869.69,2657383.61,151.20849609375,104.16500091552734,150.4449920654297,2940.666748046875,165.9717559814453
2023_1318,卡努颱風,闊葉樹林型,41.98721249581666,267402.36,2656952.74,151.20849609375,104.16500091552734,150.4449920654297,2940.666748046875,165.9717559814453
2023_1319,卡努颱風,闊葉樹林型,30.985684296843363,264329.85,2652048.36,172.37350463867188,109.61000061035156,171.85499572753906,2548.475341796875,155.4546356201172
2023_1321,卡努颱風,闊葉樹林型,37.42543512676668,267774.87,2656562.58,151.20849609375,104.16500091552734,150.4449920654297,2940.666748046875,165.9717559814453
2023_1322,卡努颱風,闊葉樹林型,41.86581899605287,267750.68,2656518.37,151.20849609375,104.16500091552734,150.4449920654297,2940.666748046875,165.9717559814453
2023_1323,卡努颱風,闊葉樹林型,39.84215955425675,267465.4,2655930.06,151.20849609375,104.16500091552734,150.4449920654297,2940.666748046875,165.9717559814453
2023_1324,卡努颱風,闊葉樹林型,34.468683663334545,266985.93,2654883.81,172.37350463867188,109.61000061035156,171.85499572753906,2956.697998046875,204.0238494873047
2023_1330,卡努颱風,闊葉樹林型,34.52178114261242,267396.82,2653957.13,172.37350463867188,109.61000061035156,171.85499572753906,2956.697998046875,204.0238494873047
2023_1331,卡努颱風,闊葉樹林型,40.22942490250022,267222.01,2653741.63,172.37350463867188,109.61000061035156,171.85499572753906,2956.697998046875,204.0238494873047
2023_1332,卡努颱風,闊葉樹林型,25.034387530343444,266790.2,2653647.65,172.37350463867188,109.61000061035156,171.85499572753906,2956.697998046875,204.0238494873047
2023_1333,卡努颱風,闊葉樹林型,41.776914051774654,267334.37,2653606.3,172.37350463867188,109.61000061035156,171.85499572753906,2956.697998046875,204.0238494873047
2023_1334,卡努颱風,闊葉樹林型,28.835768652404315,266244.95,2653505.68,172.37350463867188,109.61000061035156,171.85499572753906,2956.697998046875,204.0238494873047
2023_1335,卡努颱風,闊葉樹林型,38.11835994667712,266470.95,2653470.44,172.37350463867188,109.61000061035156,171.85499572753906,2956.697998046875,204.0238494873047
2023_1336,卡努颱風,闊葉樹林型,45.707319368544255,266723.57,2653256.33,172.37350463867188,109.61000061035156,171.85499572753906,2956.697998046875,204.0238494873047
2023_1337,卡努颱風,闊葉樹林型,33.33081260166977,266770.18,2653185.52,172.37350463867188,109.61000061035156,171.85499572753906,2956.697998046875,204.0238494873047
2023_1338,卡努颱風,闊葉樹林型,30.337664384844903,266622.74,2653235.13,172.37350463867188,109.61000061035156,171.85499572753906,2956.697998046875,204.0238494873047
2023_1339,卡努颱風,闊葉樹林型,48.67204201795561,266763.29,2653035.89,172.37350463867188,109.61000061035156,171.85499572753906,2956.697998046875,204.0238494873047
2023_1340,卡努颱風,闊葉樹林型,38.61881362583621,266768.64,2654469.01,172.37350463867188,109.61000061035156,171.85499572753906,2956.697998046875,204.0238494873047
2023_1341,卡努颱風,闊葉樹林型,27.990970091758022,266746.24,2654175.04,172.37350463867188,109.61000061035156,171.85499572753906,2956.697998046875,204.0238494873047
2023_1342,卡努颱風,闊葉樹林型,38.876655136344326,266541.1,2654024.14,172.37350463867188,109.61000061035156,171.85499572753906,2956.697998046875,204.0238494873047
2023_1343,卡努颱風,闊葉樹林型,41.59751679121417,266293.61,2653761.39,172.37350463867188,109.61000061035156,171.85499572753906,2956.697998046875,204.0238494873047
2023_1345,卡努颱風,闊葉樹林型,44.89216578140445,266359.8,2654334.69,172.37350463867188,109.61000061035156,171.85499572753906,2956.697998046875,204.0238494873047
2023_1346,卡努颱風,闊葉樹林型,35.94211187138234,266511.95,2652772.24,172.37350463867188,109.61000061035156,171.85499572753906,2956.697998046875,204.0238494873047
2023_1347,卡努颱風,闊葉樹林型,48.2535920083675,266160.89,2652976.55,172.37350463867188,109.61000061035156,171.85499572753906,2956.697998046875,204.0238494873047
2023_1348,卡努颱風,闊葉樹林型,30.809442202940232,267406.47,2652109.26,172.37350463867188,109.61000061035156,171.85499572753906,2956.697998046875,204.0238494873047
2023_1349,卡努颱風,闊葉樹林型,16.310399352728993,267772.99,2652135.11,172.37350463867188,109.61000061035156,171.85499572753906,2956.697998046875,204.0238494873047
2023_1350,卡努颱風,闊葉樹林型,25.682184661491608,268198.33,2652670.64,172.37350463867188,109.61000061035156,171.85499572753906,2956.697998046875,204.0238494873047
2023_1351,卡努颱風,闊葉樹林型,27.155878281943988,268041.63,2652740.8,172.37350463867188,109.61000061035156,171.85499572753906,2956.697998046875,204.0238494873047
2023_1352,卡努颱風,闊葉樹林型,35.795759914707084,268225.21,2652769.79,172.37350463867188,109.61000061035156,171.85499572753906,2956.697998046875,204.0238494873047
2023_1355,卡努颱風,闊葉樹林型,45.0357651650416,268388.77,2652460.95,172.37350463867188,109.61000061035156,171.85499572753906,2956.697998046875,204.0238494873047
2023_1356,卡努颱風,闊葉樹林型,40.53479707962874,268698.15,2652445.82,172.37350463867188,109.61000061035156,171.85499572753906,2956.697998046875,204.0238494873047
2023_1357,卡努颱風,闊葉樹林型,45.22207888903144,268521.06,2652733.45,172.37350463867188,109.61000061035156,171.85499572753906,2956.697998046875,204.0238494873047
2023_1358,卡努颱風,闊葉樹林型,30.269155243344123,268992.46,2652888.73,172.37350463867188,109.61000061035156,171.85499572753906,2956.697998046875,204.0238494873047
2023_1361,卡努颱風,闊葉樹林型,39.63842114615208,269481.32,2657245.65,151.20849609375,104.16500091552734,150.4449920654297,2940.666748046875,165.9717559814453
2023_1363,卡努颱風,闊葉樹林型,45.74135233937299,270165.75,2656767.05,151.20849609375,104.16500091552734,150.4449920654297,2940.666748046875,165.9717559814453
2023_1365,卡努颱風,闊葉樹林型,19.198613308677363,270207.49,2656117.16,151.20849609375,104.16500091552734,150.4449920654297,2940.666748046875,165.9717559814453
2023_1366,卡努颱風,闊葉樹林型,36.08714706573126,269155.26,2654183.25,172.37350463867188,109.61000061035156,171.85499572753906,2956.697998046875,204.0238494873047
2023_1367,卡努颱風,闊葉樹林型,38.06176053983252,269189.99,2654314.4,172.37350463867188,109.61000061035156,171.85499572753906,2956.697998046875,204.0238494873047
2023_1368,卡努颱風,闊葉樹林型,34.888691645645146,268941.11,2654593.07,172.37350463867188,109.61000061035156,171.85499572753906,2956.697998046875,204.0238494873047
2023_1369,卡努颱風,闊葉樹林型,44.4246291370315,268794.68,2654758.17,172.37350463867188,109.61000061035156,171.85499572753906,2956.697998046875,204.0238494873047
2023_1370,卡努颱風,闊葉樹林型,40.7628826356304,268703.04,2654389.02,172.37350463867188,109.61000061035156,171.85499572753906,2956.697998046875,204.0238494873047
2023_1371,卡努颱風,闊葉樹林型,29.034220452471416,269551.68,2654483.92,172.37350463867188,109.61000061035156,171.85499572753906,2956.697998046875,204.0238494873047
2023_1373,卡努颱風,闊葉樹林型,38.67344937613533,270103.9,2652409.09,172.37350463867188,109.61000061035156,171.85499572753906,2956.697998046875,204.0238494873047
2023_1374,卡努颱風,闊葉樹林型,36.71637457580036,269565.28,2652389.01,172.37350463867188,109.61000061035156,171.85499572753906,2956.697998046875,204.0238494873047
2023_1375,卡努颱風,闊葉樹林型,42.03111377419729,270011.52,2651832.77,172.37350463867188,109.61000061035156,171.85499572753906,2956.697998046875,204.0238494873047
2023_1377,卡努颱風,闊葉樹林型,29.49620849656644,269644.64,2650865.28,172.37350463867188,109.61000061035156,171.85499572753906,2956.697998046875,204.0238494873047
2023_1380,卡努颱風,闊葉樹林型,24.748625315195834,269658.12,2650329.93,172.37350463867188,109.61000061035156,171.85499572753906,2956.697998046875,204.0238494873047
2023_1381,卡努颱風,闊葉樹林型,24.260799584868057,269707.54,2650205.36,172.37350463867188,109.61000061035156,171.85499572753906,2956.697998046875,204.0238494873047
2023_1382,卡努颱風,闊葉樹林型,32.005383208083494,269207.92,2649867.07,172.37350463867188,109.61000061035156,171.85499572753906,2956.697998046875,204.0238494873047
2023_1383,卡努颱風,闊葉樹林型,31.18173575791572,269134.34,2652019.6,172.37350463867188,109.61000061035156,171.85499572753906,2956.697998046875,204.0238494873047
2023_1387,卡努颱風,闊葉樹林型,33.425567049364545,269008.94,2650807.2,172.37350463867188,109.61000061035156,171.85499572753906,2956.697998046875,204.0238494873047
2023_1388,卡努颱風,闊葉樹林型,37.11250830386473,269427.51,2650942.93,172.37350463867188,109.61000061035156,171.85499572753906,2956.697998046875,204.0238494873047
2023_1391,卡努颱風,闊葉樹林型,22.48092791828604,268130.54,2649367.53,172.37350463867188,109.61000061035156,171.85499572753906,2654.02197265625,161.9046173095703
2023_1392,卡努颱風,闊葉樹林型,30.269155243344123,267785.84,2651157.08,172.37350463867188,109.61000061035156,171.85499572753906,2956.697998046875,204.0238494873047
2023_1394,卡努颱風,闊葉樹林型,49.77810484395156,265952.97,2649681.4,172.37350463867188,109.61000061035156,171.85499572753906,2956.697998046875,204.0238494873047
2023_1395,卡努颱風,闊葉樹林型,20.72256515326957,266172.99,2649544.27,172.37350463867188,109.61000061035156,171.85499572753906,2956.697998046875,204.0238494873047
2023_1397,卡努颱風,闊葉樹林型,37.81892671564865,268137.13,2651772.88,172.37350463867188,109.61000061035156,171.85499572753906,2956.697998046875,204.0238494873047
2023_1398,卡努颱風,闊葉樹林型,28.40597188009524,268192.29,2651582.29,172.37350463867188,109.61000061035156,171.85499572753906,2956.697998046875,204.0238494873047
2023_1399,卡努颱風,闊葉樹林型,37.29207573526101,266864.78,2651967.15,172.37350463867188,109.61000061035156,171.85499572753906,2956.697998046875,204.0238494873047
2023_1400,卡努颱風,闊葉樹林型,34.30834539460494,266606.56,2651736.28,172.37350463867188,109.61000061035156,171.85499572753906,2956.697998046875,204.0238494873047
2023_1401,卡努颱風,闊葉樹林型,29.32750061118656,266815.64,2651538.33,172.37350463867188,109.61000061035156,171.85499572753906,2956.697998046875,204.0238494873047
2023_1402,卡努颱風,闊葉樹林型,25.43844441156941,267431.39,2651469.74,172.37350463867188,109.61000061035156,171.85499572753906,2956.697998046875,204.0238494873047
2023_1403,卡努颱風,闊葉樹林型,45.25729327096913,267571.99,2651487.99,172.37350463867188,109.61000061035156,171.85499572753906,2956.697998046875,204.0238494873047
2023_1404,卡努颱風,闊葉樹林型,42.377774270582094,267620.39,2651293.42,172.37350463867188,109.61000061035156,171.85499572753906,2956.697998046875,204.0238494873047
2023_1405,卡努颱風,闊葉樹林型,36.885169224775694,267186.64,2651239.73,172.37350463867188,109.61000061035156,171.85499572753906,2956.697998046875,204.0238494873047
2023_1406,卡努颱風,闊葉樹林型,42.779253086391705,266432.6,2650387.72,172.37350463867188,109.61000061035156,171.85499572753906,2956.697998046875,204.0238494873047
2023_1407,卡努颱風,闊葉樹林型,35.14579037169356,266355.46,2650309.24,172.37350463867188,109.61000061035156,171.85499572753906,2956.697998046875,204.0238494873047
2023_1411,卡努颱風,闊葉樹林型,38.876655136344326,266499.96,2649733.28,172.37350463867188,109.61000061035156,171.85499572753906,2956.697998046875,204.0238494873047
2023_1413,卡努颱風,闊葉樹林型,44.6831922342158,265542.02,2649401.25,172.37350463867188,109.61000061035156,171.85499572753906,2654.02197265625,161.9046173095703
2023_1414,卡努颱風,闊葉樹林型,26.849053663953967,268429.96,2650759.63,172.37350463867188,109.61000061035156,171.85499572753906,2956.697998046875,204.0238494873047
2023_1415,卡努颱風,闊葉樹林型,37.29207573526101,268551.35,2650843.37,172.37350463867188,109.61000061035156,171.85499572753906,2956.697998046875,204.0238494873047
2023_1422,卡努颱風,闊葉樹林型,36.94611005709807,263561.44,2651143.54,172.37350463867188,109.61000061035156,171.85499572753906,2548.475341796875,155.4546356201172
2023_1425,卡努颱風,闊葉樹林型,35.29811642184922,264943.3,2651625.3,172.37350463867188,109.61000061035156,171.85499572753906,2548.475341796875,155.4546356201172
2023_1426,卡努颱風,闊葉樹林型,39.26219086021912,266139.46,2651556.82,172.37350463867188,109.61000061035156,171.85499572753906,2956.697998046875,204.0238494873047
2023_1427,卡努颱風,闊葉樹林型,37.247373202381205,265941.33,2651418.01,172.37350463867188,109.61000061035156,171.85499572753906,2956.697998046875,204.0238494873047
2023_1428,卡努颱風,闊葉樹林型,50.05301215093204,265860.22,2651386.44,172.37350463867188,109.61000061035156,171.85499572753906,2956.697998046875,204.0238494873047
2023_1429,卡努颱風,闊葉樹林型,55.49098722827768,265930.75,2651340.95,172.37350463867188,109.61000061035156,171.85499572753906,2956.697998046875,204.0238494873047
2023_1430,卡努颱風,闊葉樹林型,39.43197210676055,264863.04,2650896.57,172.37350463867188,109.61000061035156,171.85499572753906,2548.475341796875,155.4546356201172
2023_1431,卡努颱風,闊葉樹林型,38.32881810145589,266009.3,2650872.11,172.37350463867188,109.61000061035156,171.85499572753906,2956.697998046875,204.0238494873047
2023_1436,卡努颱風,闊葉樹林型,19.152681749482543,265234.76,2650342.31,172.37350463867188,109.61000061035156,171.85499572753906,2548.475341796875,155.4546356201172
2023_1438,卡努颱風,闊葉樹林型,35.746679440302486,264392.77,2650467.34,172.37350463867188,109.61000061035156,171.85499572753906,2548.475341796875,155.4546356201172
2023_1439,卡努颱風,闊葉樹林型,20.846265656650555,264060.77,2650505.53,172.37350463867188,109.61000061035156,171.85499572753906,2548.475341796875,155.4546356201172
2023_1440,卡努颱風,闊葉樹林型,41.59751679121417,262722.54,2650417.94,172.37350463867188,109.61000061035156,171.85499572753906,2548.475341796875,155.4546356201172
2023_1441,卡努颱風,闊葉樹林型,41.01108156155348,262782.89,2650410.3,172.37350463867188,109.61000061035156,171.85499572753906,2548.475341796875,155.4546356201172
2023_1442,卡努颱風,闊葉樹林型,42.924476930175054,262823.35,2650158.57,172.37350463867188,109.61000061035156,171.85499572753906,2548.475341796875,155.4546356201172
2023_1444,卡努颱風,闊葉樹林型,42.27030207946822,262724.23,2649968.11,172.37350463867188,109.61000061035156,171.85499572753906,2548.475341796875,155.4546356201172
2023_1445,卡努颱風,闊葉樹林型,29.92228709167213,262956.43,2649963.01,172.37350463867188,109.61000061035156,171.85499572753906,2548.475341796875,155.4546356201172
2023_1446,卡努颱風,闊葉樹林型,41.37023532050225,264991.95,2651506.94,172.37350463867188,109.61000061035156,171.85499572753906,2548.475341796875,155.4546356201172
2023_1447,卡努颱風,闊葉樹林型,36.00673320377918,264723.41,2651504.09,172.37350463867188,109.61000061035156,171.85499572753906,2548.475341796875,155.4546356201172
2023_1448,卡努颱風,闊葉樹林型,33.44445239980459,264654.7,2651654.61,172.37350463867188,109.61000061035156,171.85499572753906,2548.475341796875,155.4546356201172
2023_1453,卡努颱風,闊葉樹林型,36.08714706573126,263556.91,2651026.1,172.37350463867188,109.61000061035156,171.85499572753906,2548.475341796875,155.4546356201172
2023_1454,卡努颱風,闊葉樹林型,34.78470182920318,263502.69,2651421.83,172.37350463867188,109.61000061035156,171.85499572753906,2548.475341796875,155.4546356201172
2023_1455,卡努颱風,闊葉樹林型,37.247373202381205,264918.84,2649506.65,172.37350463867188,109.61000061035156,171.85499572753906,2548.475341796875,155.4546356201172
2023_1456,卡努颱風,闊葉樹林型,33.04322068167278,261887.47,2651398.4,172.37350463867188,109.61000061035156,171.85499572753906,2548.475341796875,155.4546356201172
2023_1457,卡努颱風,闊葉樹林型,40.7270942279994,262764.49,2651134.0,172.37350463867188,109.61000061035156,171.85499572753906,2548.475341796875,155.4546356201172
2023_1458,卡努颱風,闊葉樹林型,33.946295027753955,262917.34,2651136.69,172.37350463867188,109.61000061035156,171.85499572753906,2548.475341796875,155.4546356201172
2023_1459,卡努颱風,闊葉樹林型,36.5924873189136,263292.71,2650922.28,172.37350463867188,109.61000061035156,171.85499572753906,2548.475341796875,155.4546356201172
2023_1460,卡努颱風,闊葉樹林型,41.27835984180592,262230.38,2650027.41,172.37350463867188,109.61000061035156,171.85499572753906,2548.475341796875,155.4546356201172
2023_1461,卡努颱風,闊葉樹林型,38.71430174309542,262099.48,2649957.84,172.37350463867188,109.61000061035156,171.85499572753906,2548.475341796875,155.4546356201172
2023_1462,卡努颱風,闊葉樹林型,38.903551214305885,261793.05,2650208.04,172.37350463867188,109.61000061035156,171.85499572753906,2548.475341796875,155.4546356201172
2023_1463,卡努颱風,闊葉樹林型,45.78377864972804,261637.32,2650375.18,172.37350463867188,109.61000061035156,171.85499572753906,2548.475341796875,155.4546356201172
2023_1464,卡努颱風,闊葉樹林型,41.4729343089405,261900.5,2650429.27,172.37350463867188,109.61000061035156,171.85499572753906,2548.475341796875,155.4546356201172
2023_1465,卡努颱風,闊葉樹林型,43.139678341360025,261979.6,2651354.29,172.37350463867188,109.61000061035156,171.85499572753906,2548.475341796875,155.4546356201172
2023_1466,卡努颱風,闊葉樹林型,43.73777595287439,263058.78,2651519.88,172.37350463867188,109.61000061035156,171.85499572753906,2548.475341796875,155.4546356201172
2023_1467,卡努颱風,闊葉樹林型,38.61881362583621,263330.8,2651828.92,172.37350463867188,109.61000061035156,171.85499572753906,2548.475341796875,155.4546356201172
2023_1468,卡努颱風,闊葉樹林型,41.3243671023583,263154.04,2652014.78,172.37350463867188,109.61000061035156,171.85499572753906,2548.475341796875,155.4546356201172
2023_1469,卡努颱風,闊葉樹林型,36.43626970061044,261648.78,2649453.39,172.37350463867188,109.61000061035156,171.85499572753906,2321.9775390625,147.938720703125
2023_1470,卡努颱風,闊葉樹林型,50.791849001173766,261675.56,2649351.56,172.37350463867188,109.61000061035156,171.85499572753906,2321.9775390625,147.938720703125
2023_1471,卡努颱風,闊葉樹林型,34.46868366333454,261706.42,2649171.95,172.37350463867188,109.61000061035156,171.85499572753906,2321.9775390625,147.938720703125
2023_1472,卡努颱風,闊葉樹林型,27.238572082130062,260247.78,2649806.61,172.37350463867188,109.61000061035156,171.85499572753906,2548.475341796875,155.4546356201172
2023_1473,卡努颱風,闊葉樹林型,41.4729343089405,260358.7,2649758.48,172.37350463867188,109.61000061035156,171.85499572753906,2548.475341796875,155.4546356201172
2023_1474,卡努颱風,闊葉樹林型,43.33171975024536,260317.01,2649784.57,172.37350463867188,109.61000061035156,171.85499572753906,2548.475341796875,155.4546356201172
2023_1478,卡努颱風,闊葉樹林型,28.12178338655737,260607.26,2649772.02,172.37350463867188,109.61000061035156,171.85499572753906,2548.475341796875,155.4546356201172
2023_1485,卡努颱風,竹林,36.326005581723855,260436.71,2650926.8,172.37350463867188,109.61000061035156,171.85499572753906,2548.475341796875,155.4546356201172
2023_1486,卡努颱風,闊葉樹林型,53.6853648210671,259098.0,2651831.68,155.81549072265625,94.33499908447266,154.01499938964844,1930.4129638671875,134.65171813964844
2023_1488,卡努颱風,闊葉樹林型,45.707319368544255,260754.91,2651328.93,172.37350463867188,109.61000061035156,171.85499572753906,2548.475341796875,155.4546356201172
2023_1489,卡努颱風,闊葉樹林型,37.247373202381205,260433.27,2651608.46,172.37350463867188,109.61000061035156,171.85499572753906,2548.475341796875,155.4546356201172
2023_1492,卡努颱風,闊葉樹林型,40.91700476339015,260488.08,2651532.6,172.37350463867188,109.61000061035156,171.85499572753906,2548.475341796875,155.4546356201172
2023_1497,卡努颱風,闊葉樹林型,34.32623881675949,259708.81,2648891.33,155.81549072265625,94.33499908447266,154.01499938964844,1880.313232421875,143.336669921875
2023_1499,卡努颱風,闊葉樹林型,14.882566829789898,260622.94,2649175.23,172.37350463867188,109.61000061035156,171.85499572753906,2321.9775390625,147.938720703125
2023_1500,卡努颱風,闊葉樹林型,41.59751679121417,260577.55,2649732.24,172.37350463867188,109.61000061035156,171.85499572753906,2548.475341796875,155.4546356201172
2023_1505,卡努颱風,闊葉樹林型,26.56505117707799,261168.54,2650511.53,172.37350463867188,109.61000061035156,171.85499572753906,2548.475341796875,155.4546356201172
2023_1507,卡努颱風,闊葉樹林型,21.251492955248168,260114.52,2652683.16,155.81549072265625,94.33499908447266,154.01499938964844,1930.4129638671875,134.65171813964844
2023_1508,卡努颱風,闊葉樹林型,42.302624878481225,260998.49,2652618.11,172.37350463867188,109.61000061035156,171.85499572753906,2548.475341796875,155.4546356201172
2023_1511,卡努颱風,闊葉樹林型,42.93479585813085,259407.01,2654424.92,155.81549072265625,94.33499908447266,154.01499938964844,1930.4129638671875,134.65171813964844
2023_1512,卡努颱風,闊葉樹林型,33.854514812620515,259547.34,2653842.77,155.81549072265625,94.33499908447266,154.01499938964844,1930.4129638671875,134.65171813964844
2023_1513,卡努颱風,闊葉樹林型,38.876655136344326,259133.25,2653959.96,155.81549072265625,94.33499908447266,154.01499938964844,1930.4129638671875,134.65171813964844
2023_1516,卡努颱風,闊葉樹林型,40.41337530810542,258032.88,2652677.41,155.81549072265625,94.33499908447266,154.01499938964844,1930.4129638671875,134.65171813964844
2023_1517,卡努颱風,闊葉樹林型,44.31238462399072,258215.5,2652497.76,155.81549072265625,94.33499908447266,154.01499938964844,1930.4129638671875,134.65171813964844
2023_1518,卡努颱風,闊葉樹林型,36.00673320377917,261108.95,2652895.6,172.37350463867188,109.61000061035156,171.85499572753906,2548.475341796875,155.4546356201172
2023_1519,卡努颱風,闊葉樹林型,36.94611005709807,260864.88,2653139.91,172.37350463867188,109.61000061035156,171.85499572753906,2548.475341796875,155.4546356201172
2023_1520,卡努颱風,闊葉樹林型,30.653673803588863,260928.0,2652821.28,172.37350463867188,109.61000061035156,171.85499572753906,2548.475341796875,155.4546356201172
2023_1522,卡努颱風,闊葉樹林型,37.42543512676668,261182.24,2652443.86,172.37350463867188,109.61000061035156,171.85499572753906,2548.475341796875,155.4546356201172
2023_1523,卡努颱風,闊葉樹林型,44.8650800832348,260769.75,2652412.03,172.37350463867188,109.61000061035156,171.85499572753906,2548.475341796875,155.4546356201172
2023_1524,卡努颱風,闊葉樹林型,38.28695056949238,260579.55,2652372.35,172.37350463867188,109.61000061035156,171.85499572753906,2548.475341796875,155.4546356201172
2023_1525,卡努颱風,闊葉樹林型,27.484186071108013,260461.2,2652591.83,172.37350463867188,109.61000061035156,171.85499572753906,2548.475341796875,155.4546356201172
2023_1526,卡努颱風,闊葉樹林型,31.007583006867133,260442.7,2652535.59,172.37350463867188,109.61000061035156,171.85499572753906,2548.475341796875,155.4546356201172
2023_1527,卡努颱風,闊葉樹林型,31.138369345567487,260428.54,2652444.55,172.37350463867188,109.61000061035156,171.85499572753906,2548.475341796875,155.4546356201172
2023_1528,卡努颱風,闊葉樹林型,35.565430802303304,260316.94,2652718.84,172.37350463867188,109.61000061035156,171.85499572753906,2548.475341796875,155.4546356201172
2023_1529,卡努颱風,闊葉樹林型,41.74343906313782,260164.79,2652900.61,155.81549072265625,94.33499908447266,154.01499938964844,1930.4129638671875,134.65171813964844
2023_1530,卡努颱風,闊葉樹林型,38.876655136344326,260472.08,2653060.12,172.37350463867188,109.61000061035156,171.85499572753906,2548.475341796875,155.4546356201172
2023_1533,卡努颱風,闊葉樹林型,30.72061147663586,260010.59,2652601.29,155.81549072265625,94.33499908447266,154.01499938964844,1930.4129638671875,134.65171813964844
2023_1534,卡努颱風,闊葉樹林型,30.337664384844903,260176.53,2652507.91,155.81549072265625,94.33499908447266,154.01499938964844,1930.4129638671875,134.65171813964844
2023_1535,卡努颱風,闊葉樹林型,19.47122063449069,260172.87,2652453.73,155.81549072265625,94.33499908447266,154.01499938964844,1930.4129638671875,134.65171813964844
2023_1536,卡努颱風,闊葉樹林型,44.946184270621984,260254.98,2652231.48,172.37350463867188,109.61000061035156,171.85499572753906,2548.475341796875,155.4546356201172
2023_1537,卡努颱風,闊葉樹林型,36.00673320377918,260300.05,2652280.82,172.37350463867188,109.61000061035156,171.85499572753906,2548.475341796875,155.4546356201172
2023_1539,卡努颱風,闊葉樹林型,44.27477570094075,260505.07,2656038.44,151.20849609375,104.16500091552734,150.4449920654297,2563.44970703125,163.0745849609375
2023_1541,卡努颱風,闊葉樹林型,40.376760812124,260528.42,2657518.43,151.20849609375,104.16500091552734,150.4449920654297,2563.44970703125,163.0745849609375
2023_1543,卡努颱風,闊葉樹林型,16.310399352728993,258643.52,2656336.03,149.57049560546875,94.4949951171875,147.97000122070312,2425.75634765625,143.2866973876953
2023_1544,卡努颱風,闊葉樹林型,33.59475678656656,259339.79,2654878.32,155.81549072265625,94.33499908447266,154.01499938964844,1930.4129638671875,134.65171813964844
2023_1545,卡努颱風,闊葉樹林型,23.167586698400417,264532.62,2649194.68,172.37350463867188,109.61000061035156,171.85499572753906,2321.9775390625,147.938720703125
2023_1546,卡努颱風,闊葉樹林型,10.315082561193282,265710.71,2648882.65,172.37350463867188,109.61000061035156,171.85499572753906,2654.02197265625,161.9046173095703
2023_1547,卡努颱風,闊葉樹林型,40.90520427089325,264124.8,2648087.23,172.37350463867188,109.61000061035156,171.85499572753906,2321.9775390625,147.938720703125
2023_1548,卡努颱風,闊葉樹林型,46.5263493090976,260369.23,2647951.27,172.37350463867188,109.61000061035156,171.85499572753906,2321.9775390625,147.938720703125
2023_1549,卡努颱風,闊葉樹林型,31.332627955778683,260405.91,2648713.47,172.37350463867188,109.61000061035156,171.85499572753906,2321.9775390625,147.938720703125
2023_1550,卡努颱風,闊葉樹林型,44.7288802769619,270102.45,2657664.01,151.20849609375,104.16500091552734,150.4449920654297,2940.666748046875,165.9717559814453
2023_1551,卡努颱風,闊葉樹林型,31.588135505201176,269788.74,2658340.45,151.20849609375,104.16500091552734,150.4449920654297,2940.666748046875,165.9717559814453
2023_1552,卡努颱風,闊葉樹林型,46.68614334171695,270001.36,2658204.35,151.20849609375,104.16500091552734,150.4449920654297,2940.666748046875,165.9717559814453
2023_1553,卡努颱風,闊葉樹林型,39.96814794983898,269993.33,2658253.19,151.20849609375,104.16500091552734,150.4449920654297,2940.666748046875,165.9717559814453
2023_1554,卡努颱風,闊葉樹林型,44.008750098953584,269359.96,2658627.15,151.20849609375,104.16500091552734,150.4449920654297,2940.666748046875,165.9717559814453
2023_1556,卡努颱風,闊葉樹林型,42.377774270582094,267060.89,2659556.16,151.20849609375,104.16500091552734,150.4449920654297,2940.666748046875,165.9717559814453
2023_1557,卡努颱風,闊葉樹林型,32.02597107856493,266637.54,2660463.09,151.20849609375,104.16500091552734,150.4449920654297,2940.666748046875,165.9717559814453
2023_1558,卡努颱風,闊葉樹林型,35.746679440302486,266821.09,2658226.3,151.20849609375,104.16500091552734,150.4449920654297,2940.666748046875,165.9717559814453
2023_1559,卡努颱風,闊葉樹林型,34.802079725529744,266735.38,2658183.24,151.20849609375,104.16500091552734,150.4449920654297,2940.666748046875,165.9717559814453
2023_1561,卡努颱風,闊葉樹林型,20.556045219583467,266425.17,2658324.83,151.20849609375,104.16500091552734,150.4449920654297,2940.666748046875,165.9717559814453
2023_1563,卡努颱風,闊葉樹林型,47.61538175910259,266133.22,2657318.11,151.20849609375,104.16500091552734,150.4449920654297,2940.666748046875,165.9717559814453
2023_1564,卡努颱風,闊葉樹林型,55.52255133941671,266257.34,2657296.89,151.20849609375,104.16500091552734,150.4449920654297,2940.666748046875,165.9717559814453
2023_1566,卡努颱風,闊葉樹林型,40.376760812124,266770.62,2659900.95,151.20849609375,104.16500091552734,150.4449920654297,2940.666748046875,165.9717559814453
2023_1567,卡努颱風,闊葉樹林型,40.327805440220686,266533.08,2660398.3,151.20849609375,104.16500091552734,150.4449920654297,2940.666748046875,165.9717559814453
2023_1568,卡努颱風,闊葉樹林型,42.16205280597383,266602.54,2660233.17,151.20849609375,104.16500091552734,150.4449920654297,2940.666748046875,165.9717559814453
2023_1569,卡努颱風,闊葉樹林型,42.52694856602216,266393.37,2659863.13,151.20849609375,104.16500091552734,150.4449920654297,2940.666748046875,165.9717559814453
2023_1570,卡努颱風,闊葉樹林型,34.468683663334545,266744.69,2659811.66,151.20849609375,104.16500091552734,150.4449920654297,2940.666748046875,165.9717559814453
2023_1571,卡努颱風,闊葉樹林型,32.005383208083494,266868.02,2659756.02,151.20849609375,104.16500091552734,150.4449920654297,2940.666748046875,165.9717559814453
2023_1573,卡努颱風,闊葉樹林型,43.77679566071583,266937.93,2658269.23,151.20849609375,104.16500091552734,150.4449920654297,2940.666748046875,165.9717559814453
2023_1574,卡努颱風,闊葉樹林型,27.155878281943988,266686.99,2658296.33,151.20849609375,104.16500091552734,150.4449920654297,2940.666748046875,165.9717559814453
2023_1575,卡努颱風,闊葉樹林型,33.10114358966526,266591.38,2658360.6,151.20849609375,104.16500091552734,150.4449920654297,2940.666748046875,165.9717559814453
2023_1580,卡努颱風,竹林,33.27369602543111,268603.96,2659112.75,151.20849609375,104.16500091552734,150.4449920654297,2940.666748046875,165.9717559814453
2023_1581,卡努颱風,竹林,37.0068193431202,268538.77,2659266.06,151.20849609375,104.16500091552734,150.4449920654297,2940.666748046875,165.9717559814453
2023_1582,卡努颱風,竹林,47.03908938941234,264832.51,2658727.54,151.20849609375,104.16500091552734,150.4449920654297,2563.44970703125,163.0745849609375
2023_1583,卡努颱風,竹林,17.183330483447964,264947.54,2658505.6,151.20849609375,104.16500091552734,150.4449920654297,2563.44970703125,163.0745849609375
2023_1585,卡努颱風,闊葉樹林型,30.24625565345472,261625.37,2660284.56,151.20849609375,104.16500091552734,150.4449920654297,2563.44970703125,163.0745849609375
2023_1587,卡努颱風,闊葉樹林型,31.83974832021572,261245.89,2658361.47,151.20849609375,104.16500091552734,150.4449920654297,2563.44970703125,163.0745849609375
2023_1589,卡努颱風,闊葉樹林型,40.327805440220686,260434.78,2659256.23,151.20849609375,104.16500091552734,150.4449920654297,2563.44970703125,163.0745849609375
2023_1590,卡努颱風,闊葉樹林型,38.876655136344326,266945.12,2661053.42,151.20849609375,104.16500091552734,150.4449920654297,2673.134765625,166.9835205078125
2023_1591,卡努颱風,闊葉樹林型,38.13247816190013,267242.37,2660857.03,151.20849609375,104.16500091552734,150.4449920654297,2673.134765625,166.9835205078125
2023_1592,卡努颱風,闊葉樹林型,36.51456867399333,267281.03,2660765.39,151.20849609375,104.16500091552734,150.4449920654297,2673.134765625,166.9835205078125
2023_1594,卡努颱風,闊葉樹林型,36.94611005709807,267056.61,2660741.75,151.20849609375,104.16500091552734,150.4449920654297,2673.134765625,166.9835205078125
2023_1595,卡努颱風,闊葉樹林型,34.18253892596887,267065.4,2660658.5,151.20849609375,104.16500091552734,150.4449920654297,2673.134765625,166.9835205078125
2023_1596,卡努颱風,闊葉樹林型,34.99202019855866,267469.93,2660802.49,151.20849609375,104.16500091552734,150.4449920654297,2673.134765625,166.9835205078125
2023_1597,卡努颱風,闊葉樹林型,30.720611476635867,268169.07,2660407.68,151.20849609375,104.16500091552734,150.4449920654297,2940.666748046875,165.9717559814453
2023_1598,卡努颱風,闊葉樹林型,36.19905592632724,261530.5,2661474.95,151.20849609375,104.16500091552734,150.4449920654297,2553.768310546875,193.8992462158203
2023_1599,卡努颱風,闊葉樹林型,41.86581899605287,261881.23,2661083.69,151.20849609375,104.16500091552734,150.4449920654297,2553.768310546875,193.8992462158203
2023_1601,卡努颱風,闊葉樹林型,48.18968510422141,260874.19,2662614.1,151.20849609375,104.16500091552734,150.4449920654297,2553.768310546875,193.8992462158203
2023_1602,卡努颱風,闊葉樹林型,45.86825078796896,259001.86,2663114.61,149.57049560546875,94.4949951171875,147.97000122070312,2433.980712890625,165.60604858398438
2023_1603,卡努颱風,闊葉樹林型,39.98069050753484,259315.65,2663134.36,149.57049560546875,94.4949951171875,147.97000122070312,2433.980712890625,165.60604858398438
2023_1604,卡努颱風,闊葉樹林型,46.69408503840473,259284.79,2663120.38,149.57049560546875,94.4949951171875,147.97000122070312,2433.980712890625,165.60604858398438
2023_1605,卡努颱風,闊葉樹林型,34.09207978094286,259234.46,2662983.97,149.57049560546875,94.4949951171875,147.97000122070312,2433.980712890625,165.60604858398438
2023_1606,卡努颱風,闊葉樹林型,37.81892671564865,259140.88,2662803.19,149.57049560546875,94.4949951171875,147.97000122070312,2433.980712890625,165.60604858398438
2023_1609,卡努颱風,闊葉樹林型,48.18968510422141,262406.95,2665267.09,151.20849609375,104.16500091552734,150.4449920654297,2553.768310546875,193.8992462158203
2023_1610,卡努颱風,闊葉樹林型,41.59751679121417,261500.42,2665477.15,151.20849609375,104.16500091552734,150.4449920654297,2553.768310546875,193.8992462158203
2023_1611,卡努颱風,闊葉樹林型,36.00673320377918,261328.5,2663251.9,151.20849609375,104.16500091552734,150.4449920654297,2553.768310546875,193.8992462158203
2023_1613,卡努颱風,闊葉樹林型,40.03075915578156,262677.78,2664510.51,151.20849609375,104.16500091552734,150.4449920654297,2553.768310546875,193.8992462158203
2023_1615,卡努颱風,闊葉樹林型,41.56364135798625,260142.29,2665250.18,149.57049560546875,94.4949951171875,147.97000122070312,2433.980712890625,165.60604858398438
2023_1616,卡努颱風,闊葉樹林型,45.01789374866915,260498.68,2665088.79,151.20849609375,104.16500091552734,150.4449920654297,2553.768310546875,193.8992462158203
2023_1617,卡努颱風,闊葉樹林型,52.43140797117251,259105.77,2663965.29,149.57049560546875,94.4949951171875,147.97000122070312,2433.980712890625,165.60604858398438
2023_1618,卡努颱風,闊葉樹林型,38.71430174309542,266144.45,2666269.6,134.1165008544922,97.38999938964844,133.25999450683594,2607.684326171875,178.45928955078125
2023_1619,卡努颱風,闊葉樹林型,49.19051468406037,265280.79,2666270.97,134.1165008544922,97.38999938964844,133.25999450683594,2568.5400390625,156.200439453125
2023_1620,卡努颱風,闊葉樹林型,45.11591147929481,264928.65,2666189.43,134.1165008544922,97.38999938964844,133.25999450683594,2568.5400390625,156.200439453125
2023_1621,卡努颱風,闊葉樹林型,40.47420622680254,264889.28,2666201.8,134.1165008544922,97.38999938964844,133.25999450683594,2568.5400390625,156.200439453125
2023_1622,卡努颱風,闊葉樹林型,33.02386755579665,264766.65,2666028.95,151.20849609375,104.16500091552734,150.4449920654297,2553.768310546875,193.8992462158203
2023_1623,卡努颱風,闊葉樹林型,35.06054243271615,264836.26,2665981.06,151.20849609375,104.16500091552734,150.4449920654297,2553.768310546875,193.8992462158203
2023_1624,卡努颱風,闊葉樹林型,49.90378357641581,263938.76,2667307.63,134.1165008544922,97.38999938964844,133.25999450683594,2568.5400390625,156.200439453125
2023_1627,卡努颱風,闊葉樹林型,51.479166996658925,257463.27,2664409.61,149.57049560546875,94.4949951171875,147.97000122070312,2433.980712890625,165.60604858398438
2023_1629,卡努颱風,闊葉樹林型,51.00026655710474,253802.84,2664308.02,149.57049560546875,94.4949951171875,147.97000122070312,2252.544189453125,145.8170166015625
2023_1630,卡努颱風,闊葉樹林型,46.39718102729638,253704.71,2664202.82,149.57049560546875,94.4949951171875,147.97000122070312,2252.544189453125,145.8170166015625
2023_1631,卡努颱風,闊葉樹林型,47.7924373291279,253593.58,2665719.2,149.57049560546875,94.4949951171875,147.97000122070312,2252.544189453125,145.8170166015625
2023_1632,卡努颱風,闊葉樹林型,54.32323484921108,253743.36,2664980.82,149.57049560546875,94.4949951171875,147.97000122070312,2252.544189453125,145.8170166015625
2023_1633,卡努颱風,闊葉樹林型,36.71637457580036,254086.6,2663253.41,149.57049560546875,94.4949951171875,147.97000122070312,2252.544189453125,145.8170166015625
2023_1635,卡努颱風,闊葉樹林型,44.28418708125969,257629.05,2663028.84,149.57049560546875,94.4949951171875,147.97000122070312,2433.980712890625,165.60604858398438
2023_1636,卡努颱風,闊葉樹林型,46.13520746598665,257833.92,2661905.84,149.57049560546875,94.4949951171875,147.97000122070312,2433.980712890625,165.60604858398438
2023_1639,卡努颱風,闊葉樹林型,32.985092758994966,257891.37,2659441.62,149.57049560546875,94.4949951171875,147.97000122070312,2425.75634765625,143.2866973876953
2023_1641,卡努颱風,闊葉樹林型,35.14579037169356,258032.15,2657793.61,149.57049560546875,94.4949951171875,147.97000122070312,2425.75634765625,143.2866973876953
2023_1642,卡努颱風,闊葉樹林型,53.5740778949285,255927.82,2658436.79,149.57049560546875,94.4949951171875,147.97000122070312,2425.75634765625,143.2866973876953
2023_1643,卡努颱風,闊葉樹林型,29.424115787413506,253854.73,2657739.61,149.57049560546875,94.4949951171875,147.97000122070312,2327.500732421875,157.4987335205078
2023_1644,卡努颱風,闊葉樹林型,39.96814794983898,257637.93,2657483.71,149.57049560546875,94.4949951171875,147.97000122070312,2425.75634765625,143.2866973876953
2023_1645,卡努颱風,闊葉樹林型,42.779253086391705,257324.92,2656972.88,149.57049560546875,94.4949951171875,147.97000122070312,2425.75634765625,143.2866973876953
2023_1646,卡努颱風,闊葉樹林型,33.854514812620515,255188.84,2656255.92,149.57049560546875,94.4949951171875,147.97000122070312,2425.75634765625,143.2866973876953
2023_1648,卡努颱風,闊葉樹林型,32.005383208083494,255246.1,2656672.49,149.57049560546875,94.4949951171875,147.97000122070312,2425.75634765625,143.2866973876953
2023_1649,卡努颱風,闊葉樹林型,40.327805440220686,257463.66,2653440.82,155.81549072265625,94.33499908447266,154.01499938964844,1930.4129638671875,134.65171813964844
2023_1650,卡努颱風,闊葉樹林型,34.03756281454756,257509.68,2653341.89,155.81549072265625,94.33499908447266,154.01499938964844,1930.4129638671875,134.65171813964844
2023_1652,卡努颱風,闊葉樹林型,41.91007547318012,257280.38,2653354.87,155.81549072265625,94.33499908447266,154.01499938964844,1930.4129638671875,134.65171813964844
2023_1653,卡努颱風,闊葉樹林型,44.50824474873735,256777.64,2653270.49,155.81549072265625,94.33499908447266,154.01499938964844,1930.4129638671875,134.65171813964844
2023_1654,卡努颱風,闊葉樹林型,37.67432421467949,256849.9,2653319.62,155.81549072265625,94.33499908447266,154.01499938964844,1930.4129638671875,134.65171813964844
2023_1659,卡努颱風,闊葉樹林型,35.81208696357704,257432.82,2652710.39,155.81549072265625,94.33499908447266,154.01499938964844,1930.4129638671875,134.65171813964844
2023_1661,卡努颱風,闊葉樹林型,39.31462864873003,256222.86,2654264.64,155.81549072265625,94.33499908447266,154.01499938964844,1930.4129638671875,134.65171813964844
2023_1664,卡努颱風,闊葉樹林型,37.67432421467949,258197.04,2652301.72,155.81549072265625,94.33499908447266,154.01499938964844,1930.4129638671875,134.65171813964844
2023_1665,卡努颱風,闊葉樹林型,37.77568430595466,253405.8,2653857.07,155.81549072265625,94.33499908447266,154.01499938964844,1945.080810546875,110.75309753417969
2023_1666,卡努颱風,闊葉樹林型,47.61538175910259,255478.71,2652393.9,155.81549072265625,94.33499908447266,154.01499938964844,1930.4129638671875,134.65171813964844
2023_1667,卡努颱風,闊葉樹林型,41.98721249581666,255347.36,2653854.28,155.81549072265625,94.33499908447266,154.01499938964844,1930.4129638671875,134.65171813964844
2023_1668,卡努颱風,闊葉樹林型,39.98069050753484,255347.55,2654616.12,155.81549072265625,94.33499908447266,154.01499938964844,1930.4129638671875,134.65171813964844
2023_1671,卡努颱風,闊葉樹林型,37.81892671564865,256901.74,2650396.64,155.81549072265625,94.33499908447266,154.01499938964844,1930.4129638671875,134.65171813964844
2023_1674,卡努颱風,闊葉樹林型,10.315082561193282,258420.9,2650215.38,155.81549072265625,94.33499908447266,154.01499938964844,1930.4129638671875,134.65171813964844
2023_1677,卡努颱風,闊葉樹林型,32.02597107856493,270140.91,2644735.12,172.37350463867188,109.61000061035156,171.85499572753906,2654.02197265625,161.9046173095703
2023_1678,卡努颱風,闊葉樹林型,31.007583006867133,270125.56,2644669.98,172.37350463867188,109.61000061035156,171.85499572753906,2654.02197265625,161.9046173095703
2023_1681,卡努颱風,闊葉樹林型,39.98069050753483,263169.94,2644925.27,172.37350463867188,109.61000061035156,171.85499572753906,2321.9775390625,147.938720703125
2023_1683,卡努颱風,闊葉樹林型,45.22207888903144,253718.04,2643336.16,157.572998046875,95.30999755859375,156.59999084472656,1799.2901611328125,105.68270874023438
2023_1684,卡努颱風,闊葉樹林型,56.69254837852218,253917.64,2643067.96,157.572998046875,95.30999755859375,156.59999084472656,1799.2901611328125,105.68270874023438
2023_1686,卡努颱風,闊葉樹林型,43.844830570829245,270661.81,2658928.46,133.6945037841797,89.32499694824219,133.27999877929688,3239.04736328125,160.2562255859375
2023_1687,卡努颱風,闊葉樹林型,30.269155243344123,262149.18,2648962.11,172.37350463867188,109.61000061035156,171.85499572753906,2321.9775390625,147.938720703125
2023_1690,卡努颱風,闊葉樹林型,26.56505117707799,261556.77,2653036.62,172.37350463867188,109.61000061035156,171.85499572753906,2548.475341796875,155.4546356201172
2023_1692,卡努颱風,闊葉樹林型,45.86825078796896,264410.58,2652524.5,172.37350463867188,109.61000061035156,171.85499572753906,2548.475341796875,155.4546356201172
2023_1693,卡努颱風,闊葉樹林型,24.359555875506427,266748.99,2655233.32,151.20849609375,104.16500091552734,150.4449920654297,2940.666748046875,165.9717559814453
2023_1694,卡努颱風,闊葉樹林型,38.004957659317206,261561.92,2649125.93,172.37350463867188,109.61000061035156,171.85499572753906,2321.9775390625,147.938720703125
2023_1699,卡努颱風,闊葉樹林型,44.6831922342158,264904.87,2666602.32,134.1165008544922,97.38999938964844,133.25999450683594,2568.5400390625,156.200439453125
2023_1707,海葵颱風,闊葉樹林型,44.563720855785085,288700.87,2709967.97,127.52499389648438,91.04000091552734,110.93499755859375,2383.025634765625,150.17239379882812
2023_1708,海葵颱風,闊葉樹林型,36.57693385156434,319697.49,2706246.47,190.23500061035156,131.5399932861328,171.9499969482422,2151.837646484375,124.71073150634766
2023_1709,海葵颱風,闊葉樹林型,42.17291298675989,319568.75,2705267.28,190.23500061035156,131.5399932861328,171.9499969482422,2151.837646484375,124.71073150634766
2023_1710,海葵颱風,闊葉樹林型,37.082382807835,318883.29,2706729.25,190.23500061035156,131.5399932861328,171.9499969482422,2151.837646484375,124.71073150634766
2023_1711,海葵颱風,闊葉樹林型,25.159789433981928,311489.04,2705437.08,190.23500061035156,131.5399932861328,171.9499969482422,2132.533447265625,130.15982055664062
2023_1712,海葵颱風,闊葉樹林型,27.806069555844164,311450.29,2705430.77,190.23500061035156,131.5399932861328,171.9499969482422,2132.533447265625,130.15982055664062
2023_1713,海葵颱風,闊葉樹林型,41.776914051774654,307566.05,2706441.35,224.25999450683594,180.6649932861328,207.39999389648438,2177.974365234375,126.76237487792969
2023_1714,海葵颱風,闊葉樹林型,51.479166996658925,308671.05,2705736.89,224.25999450683594,180.6649932861328,207.39999389648438,2177.974365234375,126.76237487792969
2023_1715,海葵颱風,闊葉樹林型,43.22084280018324,289298.91,2706201.46,127.52499389648438,91.04000091552734,110.93499755859375,2383.025634765625,150.17239379882812
2023_1716,海葵颱風,闊葉樹林型,42.852042658024615,286544.55,2706467.46,127.52499389648438,91.04000091552734,110.93499755859375,2383.025634765625,150.17239379882812
2023_1717,海葵颱風,闊葉樹林型,40.7270942279994,322237.04,2703016.7,184.64500427246094,122.44999694824219,162.84999084472656,2114.876953125,122.31617736816406
2023_1718,海葵颱風,闊葉樹林型,30.26915524334413,312931.42,2702890.89,190.23500061035156,131.5399932861328,171.9499969482422,1951.74169921875,117.67649841308594
2023_1720,海葵颱風,闊葉樹林型,20.556045219583467,313360.29,2702370.49,190.23500061035156,131.5399932861328,171.9499969482422,1951.74169921875,117.67649841308594
2023_1722,海葵颱風,闊葉樹林型,25.682184661491608,313371.69,2703051.67,190.23500061035156,131.5399932861328,171.9499969482422,1951.74169921875,117.67649841308594
2023_1723,海葵颱風,闊葉樹林型,39.72788642801746,291753.43,2704114.53,150.33999633789062,104.70999908447266,130.30499267578125,2446.830810546875,168.3182830810547
2023_1726,海葵颱風,闊葉樹林型,37.81892671564865,310089.02,2700031.57,224.25999450683594,180.6649932861328,207.39999389648438,2246.48779296875,140.47276306152344
2023_1727,海葵颱風,闊葉樹林型,29.034220452471416,310461.32,2700168.35,224.25999450683594,180.6649932861328,207.39999389648438,2246.48779296875,140.47276306152344
2023_1728,海葵颱風,闊葉樹林型,41.18592516570965,310655.28,2700291.35,224.25999450683594,180.6649932861328,207.39999389648438,2246.48779296875,140.47276306152344
2023_1729,海葵颱風,闊葉樹林型,27.726186750640903,310738.52,2700374.78,224.25999450683594,180.6649932861328,207.39999389648438,2246.48779296875,140.47276306152344
2023_1730,海葵颱風,闊葉樹林型,45.78377864972804,288529.56,2700169.1,127.52499389648438,91.04000091552734,110.93499755859375,2244.089599609375,147.86839294433594
2023_1731,海葵颱風,闊葉樹林型,44.4246291370315,288523.52,2700134.7,127.52499389648438,91.04000091552734,110.93499755859375,2244.089599609375,147.86839294433594
2023_1732,海葵颱風,闊葉樹林型,36.1352033247489,288162.17,2700049.34,127.52499389648438,91.04000091552734,110.93499755859375,2244.089599609375,147.86839294433594
2023_1734,海葵颱風,闊葉樹林型,40.53479707962874,310650.2,2697121.55,165.9199981689453,98.19999694824219,146.0449981689453,2229.592041015625,148.98240661621094
2023_1735,海葵颱風,闊葉樹林型,37.83331466287141,307598.89,2698236.5,165.9199981689453,98.19999694824219,146.0449981689453,2229.592041015625,148.98240661621094
2023_1736,海葵颱風,闊葉樹林型,59.43924321278938,318078.84,2694244.13,178.87998962402344,117.70999908447266,166.98500061035156,1911.7799072265625,132.78627014160156
2023_1738,海葵颱風,闊葉樹林型,60.69104675606261,314977.09,2694392.74,178.87998962402344,117.70999908447266,166.98500061035156,2004.0787353515625,134.87493896484375
2023_1743,海葵颱風,闊葉樹林型,47.84364748499539,317461.65,2692182.06,178.87998962402344,117.70999908447266,166.98500061035156,2065.531494140625,130.89926147460938
2023_1744,海葵颱風,闊葉樹林型,55.864059922087726,318266.83,2692113.09,178.87998962402344,117.70999908447266,166.98500061035156,2065.531494140625,130.89926147460938
2023_1745,海葵颱風,闊葉樹林型,47.85824356821178,311541.64,2692635.2,178.87998962402344,117.70999908447266,166.98500061035156,2136.267333984375,136.73049926757812
2023_1748,海葵颱風,闊葉樹林型,44.50824474873735,272650.63,2718973.02,111.75999450683594,69.26000213623047,99.19999694824219,2213.0478515625,133.32083129882812
2023_1750,海葵颱風,闊葉樹林型,40.47420622680255,282452.12,2715053.4,99.9949951171875,54.44999694824219,84.4949951171875,2244.87890625,129.40574645996094
2023_1756,海葵颱風,闊葉樹林型,24.93969399086426,236587.31,2617087.61,124.69499969482422,101.29000091552734,117.20999908447266,2241.6083984375,131.99200439453125
2023_1758,海葵颱風,闊葉樹林型,40.376760812124,220364.68,2575830.59,111.33000183105469,80.55999755859375,100.8499984741211,2723.8056640625,166.2555389404297
2023_1760,海葵颱風,闊葉樹林型,52.51305687955973,229259.17,2568990.77,111.33000183105469,80.55999755859375,100.8499984741211,2704.38232421875,173.16522216796875
2023_1762,海葵颱風,闊葉樹林型,40.9523515915937,223211.7,2563179.19,128.864990234375,93.22000122070312,118.12999725341797,2787.701904296875,169.62338256835938
2023_1764,海葵颱風,闊葉樹林型,42.67464549756009,226636.65,2558741.91,128.864990234375,93.22000122070312,118.12999725341797,2720.570556640625,170.38348388671875
2023_1765,海葵颱風,闊葉樹林型,47.733674255402825,223623.73,2542486.51,171.1750030517578,133.47999572753906,158.6699981689453,2914.75244140625,176.5850067138672
2023_1766,海葵颱風,闊葉樹林型,43.77679566071583,223837.93,2543628.29,171.1750030517578,133.47999572753906,158.6699981689453,2914.75244140625,176.5850067138672
2023_1768,海葵颱風,闊葉樹林型,45.22207888903144,228435.67,2517357.76,182.55999755859375,146.7899932861328,171.0699920654297,2878.77783203125,159.82733154296875
2023_1770,海葵颱風,闊葉樹林型,47.7924373291279,233671.74,2506544.73,186.48500061035156,154.6949920654297,175.64999389648438,2856.927490234375,156.2165985107422
2023_1773,海葵颱風,闊葉樹林型,54.20457985483393,233656.82,2490378.61,187.33499145507812,162.30499267578125,181.59500122070312,2301.5791015625,127.96968841552734
2023_1775,海葵颱風,闊葉樹林型,58.50088695689625,233666.5,2488579.77,195.60499572753906,161.1750030517578,189.9449920654297,2438.184814453125,130.67996215820312
2023_1776,海葵颱風,闊葉樹林型,42.1729129867599,220615.21,2480807.26,178.9250030517578,141.375,171.34500122070312,2820.983642578125,155.50387573242188
2023_1778,海葵颱風,闊葉樹林型,3.1996013002506887,227854.12,2565623.22,128.864990234375,93.22000122070312,118.12999725341797,2777.9365234375,169.5355224609375
2023_1779,海葵颱風,闊葉樹林型,38.78215347624,216206.55,2498033.56,162.0449981689453,125.66499328613281,157.68499755859375,3732.37646484375,184.0919952392578
2023_1780,海葵颱風,闊葉樹林型,30.541505272932262,274286.64,2534088.33,203.48500061035156,172.72999572753906,192.3300018310547,2213.462158203125,131.4070587158203
2023_1781,海葵颱風,闊葉樹林型,45.73285177294307,274882.53,2534724.6,203.48500061035156,172.72999572753906,192.3300018310547,2213.462158203125,131.4070587158203
2023_1782,海葵颱風,闊葉樹林型,53.66226565208272,272959.32,2534011.58,203.48500061035156,172.72999572753906,192.3300018310547,2213.462158203125,131.4070587158203
2023_1783,海葵颱風,闊葉樹林型,41.49566207886726,272313.1,2534898.98,203.48500061035156,172.72999572753906,192.3300018310547,2213.462158203125,131.4070587158203
2023_1784,海葵颱風,闊葉樹林型,22.29512452730976,272790.2,2533389.94,203.48500061035156,172.72999572753906,192.3300018310547,2213.462158203125,131.4070587158203
2023_1785,海葵颱風,闊葉樹林型,47.988906399374976,272979.75,2533607.96,203.48500061035156,172.72999572753906,192.3300018310547,2213.462158203125,131.4070587158203
2023_1786,海葵颱風,闊葉樹林型,46.46998530702429,278096.62,2538398.46,203.48500061035156,172.72999572753906,192.3300018310547,2045.9566650390625,118.71607971191406
2023_1787,海葵颱風,闊葉樹林型,53.30077479951012,277605.18,2538585.75,203.48500061035156,172.72999572753906,192.3300018310547,2045.9566650390625,118.71607971191406
2023_1788,海葵颱風,闊葉樹林型,53.78647127479047,277338.87,2538493.58,203.48500061035156,172.72999572753906,192.3300018310547,2045.9566650390625,118.71607971191406
2023_1789,海葵颱風,闊葉樹林型,50.35244962873107,277282.76,2538528.35,203.48500061035156,172.72999572753906,192.3300018310547,2045.9566650390625,118.71607971191406
2023_1790,海葵颱風,闊葉樹林型,26.67924362098057,272687.75,2533341.95,203.48500061035156,172.72999572753906,192.3300018310547,2213.462158203125,131.4070587158203
2023_1791,海葵颱風,闊葉樹林型,43.73777595287439,277213.89,2537844.79,203.48500061035156,172.72999572753906,192.3300018310547,2045.9566650390625,118.71607971191406
2023_1792,海葵颱風,闊葉樹林型,21.37099732252036,272180.96,2537442.89,203.48500061035156,172.72999572753906,192.3300018310547,2213.462158203125,131.4070587158203
2023_1793,海葵颱風,闊葉樹林型,40.41337530810542,272180.77,2537398.62,203.48500061035156,172.72999572753906,192.3300018310547,2213.462158203125,131.4070587158203
2023_1795,海葵颱風,闊葉樹林型,54.15145659386188,275126.08,2536310.84,203.48500061035156,172.72999572753906,192.3300018310547,2213.462158203125,131.4070587158203
2023_1798,海葵颱風,闊葉樹林型,45.83452257702415,273659.2,2540245.66,203.48500061035156,172.72999572753906,192.3300018310547,2123.543701171875,123.53458404541016
2023_1799,海葵颱風,闊葉樹林型,24.65223572323068,273223.73,2539998.93,203.48500061035156,172.72999572753906,192.3300018310547,2123.543701171875,123.53458404541016
2023_1800,海葵颱風,闊葉樹林型,25.43844441156941,274536.53,2539079.02,203.48500061035156,172.72999572753906,192.3300018310547,2123.543701171875,123.53458404541016
2023_1801,海葵颱風,闊葉樹林型,24.65223572323068,274441.28,2539147.72,203.48500061035156,172.72999572753906,192.3300018310547,2123.543701171875,123.53458404541016
2023_1803,海葵颱風,闊葉樹林型,43.74754064175339,277139.05,2539864.49,203.48500061035156,172.72999572753906,192.3300018310547,1957.300048828125,114.53429412841797
2023_1804,海葵颱風,闊葉樹林型,52.604265837081286,277261.58,2539982.73,203.48500061035156,172.72999572753906,192.3300018310547,1957.300048828125,114.53429412841797
2023_1805,海葵颱風,闊葉樹林型,55.471214959051046,277346.37,2540034.91,203.48500061035156,172.72999572753906,192.3300018310547,1957.300048828125,114.53429412841797
2023_1806,海葵颱風,闊葉樹林型,63.386472535386005,278207.84,2539050.01,203.48500061035156,172.72999572753906,192.3300018310547,1957.300048828125,114.53429412841797
2023_1807,海葵颱風,闊葉樹林型,55.97058347467895,278117.55,2539196.78,203.48500061035156,172.72999572753906,192.3300018310547,1957.300048828125,114.53429412841797
2023_1808,海葵颱風,闊葉樹林型,40.04325099636187,278186.7,2539337.18,203.48500061035156,172.72999572753906,192.3300018310547,1957.300048828125,114.53429412841797
2023_1809,海葵颱風,闊葉樹林型,42.16205280597383,277854.68,2539221.08,203.48500061035156,172.72999572753906,192.3300018310547,1957.300048828125,114.53429412841797
2023_1810,海葵颱風,闊葉樹林型,47.32267734438668,278754.73,2540273.88,203.48500061035156,172.72999572753906,192.3300018310547,1957.300048828125,114.53429412841797
2023_1811,海葵颱風,闊葉樹林型,48.39453039927944,278377.88,2540106.25,203.48500061035156,172.72999572753906,192.3300018310547,1957.300048828125,114.53429412841797
2023_1812,海葵颱風,闊葉樹林型,55.27157745464052,278744.35,2540188.53,203.48500061035156,172.72999572753906,192.3300018310547,1957.300048828125,114.53429412841797
2023_1813,海葵颱風,闊葉樹林型,53.04060484265562,278389.96,2540513.69,203.48500061035156,172.72999572753906,192.3300018310547,1957.300048828125,114.53429412841797
2023_1814,海葵颱風,闊葉樹林型,46.828403128015374,278467.0,2540595.54,203.48500061035156,172.72999572753906,192.3300018310547,1957.300048828125,114.53429412841797
2023_1823,海葵颱風,闊葉樹林型,42.03111377419729,274785.81,2542690.14,203.48500061035156,172.72999572753906,192.3300018310547,2123.543701171875,123.53458404541016
2023_1824,海葵颱風,闊葉樹林型,44.359258950107865,274923.09,2542705.42,203.48500061035156,172.72999572753906,192.3300018310547,2123.543701171875,123.53458404541016
2023_1825,海葵颱風,闊葉樹林型,34.09207978094286,275087.62,2542545.24,203.48500061035156,172.72999572753906,192.3300018310547,2123.543701171875,123.53458404541016
2023_1829,海葵颱風,闊葉樹林型,54.88654899633656,278733.66,2542098.86,203.48500061035156,172.72999572753906,192.3300018310547,1957.300048828125,114.53429412841797
2023_1830,海葵颱風,闊葉樹林型,55.83727025352192,279785.82,2542660.86,203.48500061035156,172.72999572753906,192.3300018310547,1957.300048828125,114.53429412841797
2023_1831,海葵颱風,闊葉樹林型,49.978612227765744,280118.87,2542040.27,203.48500061035156,172.72999572753906,192.3300018310547,1957.300048828125,114.53429412841797
2023_1832,海葵颱風,闊葉樹林型,34.03756281454756,281280.51,2543784.38,188.1999969482422,161.4449920654297,181.77999877929688,1856.3348388671875,118.4584732055664
2023_1833,海葵颱風,闊葉樹林型,37.81892671564865,276650.91,2544745.69,189.94000244140625,156.0749969482422,180.5449981689453,1859.57763671875,112.26715850830078
2023_1834,海葵颱風,闊葉樹林型,28.735641668064066,279684.01,2549409.72,189.94000244140625,156.0749969482422,180.5449981689453,1859.57763671875,112.26715850830078
2023_1835,海葵颱風,闊葉樹林型,31.693440803183943,276444.44,2551930.93,189.94000244140625,156.0749969482422,180.5449981689453,2136.243408203125,128.89334106445312
2023_1836,海葵颱風,闊葉樹林型,32.65176013874374,276854.0,2549766.7,189.94000244140625,156.0749969482422,180.5449981689453,1859.57763671875,112.26715850830078
2023_1837,海葵颱風,闊葉樹林型,41.3243671023583,277114.03,2549987.55,189.94000244140625,156.0749969482422,180.5449981689453,2136.243408203125,128.89334106445312
2023_1838,海葵颱風,闊葉樹林型,40.36453657309736,277592.53,2550327.65,189.94000244140625,156.0749969482422,180.5449981689453,2136.243408203125,128.89334106445312
2023_1839,海葵颱風,闊葉樹林型,34.30834539460494,277814.88,2550322.43,189.94000244140625,156.0749969482422,180.5449981689453,2136.243408203125,128.89334106445312
2023_1840,海葵颱風,闊葉樹林型,40.9523515915937,277657.77,2550356.32,189.94000244140625,156.0749969482422,180.5449981689453,2136.243408203125,128.89334106445312
2023_1841,海葵颱風,闊葉樹林型,37.83331466287141,277307.26,2552113.61,189.94000244140625,156.0749969482422,180.5449981689453,2136.243408203125,128.89334106445312
2023_1842,海葵颱風,闊葉樹林型,32.57233714755203,278521.9,2552138.54,189.94000244140625,156.0749969482422,180.5449981689453,2136.243408203125,128.89334106445312
2023_1843,海葵颱風,闊葉樹林型,41.59751679121417,276660.23,2551206.23,189.94000244140625,156.0749969482422,180.5449981689453,2136.243408203125,128.89334106445312
2023_1844,海葵颱風,闊葉樹林型,38.004957659317206,276804.29,2551103.12,189.94000244140625,156.0749969482422,180.5449981689453,2136.243408203125,128.89334106445312
2023_1845,海葵颱風,闊葉樹林型,23.62078775621093,279315.32,2551959.21,189.94000244140625,156.0749969482422,180.5449981689453,2136.243408203125,128.89334106445312
2023_1846,海葵颱風,闊葉樹林型,38.11835994667712,279953.63,2550738.09,189.94000244140625,156.0749969482422,180.5449981689453,2136.243408203125,128.89334106445312
2023_1847,海葵颱風,闊葉樹林型,39.96814794983898,280537.01,2551202.16,189.94000244140625,156.0749969482422,180.5449981689453,2136.243408203125,128.89334106445312
2023_1848,海葵颱風,闊葉樹林型,31.693440803183943,280444.3,2551159.69,189.94000244140625,156.0749969482422,180.5449981689453,2136.243408203125,128.89334106445312
2023_1849,海葵颱風,闊葉樹林型,39.31462864873003,274840.11,2565714.97,173.0699920654297,140.4499969482422,165.31500244140625,1925.8834228515625,121.25970458984375
2023_1850,海葵颱風,闊葉樹林型,37.082382807835,274497.24,2564686.92,173.0699920654297,140.4499969482422,165.31500244140625,1925.8834228515625,121.25970458984375
2023_1851,海葵颱風,闊葉樹林型,40.31554221077258,274512.06,2564570.65,173.0699920654297,140.4499969482422,165.31500244140625,1925.8834228515625,121.25970458984375
2023_1852,海葵颱風,闊葉樹林型,36.57693385156434,273690.97,2564808.53,173.0699920654297,140.4499969482422,165.31500244140625,1925.8834228515625,121.25970458984375
2023_1853,海葵颱風,闊葉樹林型,37.202544890156695,274353.74,2569868.82,147.96499633789062,126.3949966430664,144.96499633789062,2094.354248046875,141.65664672851562
2023_1854,海葵颱風,闊葉樹林型,38.836224204282125,273665.48,2571743.77,147.96499633789062,126.3949966430664,144.96499633789062,2094.354248046875,141.65664672851562
2023_1855,海葵颱風,闊葉樹林型,30.36043784504823,273385.96,2571644.07,147.96499633789062,126.3949966430664,144.96499633789062,2094.354248046875,141.65664672851562
2023_1856,海葵颱風,闊葉樹林型,35.009177890477666,274384.91,2572704.94,147.96499633789062,126.3949966430664,144.96499633789062,2067.1142578125,145.43313598632812
2023_1857,海葵颱風,闊葉樹林型,43.97034622693592,275194.07,2578899.31,163.00999450683594,131.13499450683594,157.23500061035156,2176.4814453125,146.4366455078125
2023_1858,海葵颱風,闊葉樹林型,55.31579902337652,275368.52,2581226.09,163.00999450683594,131.13499450683594,157.23500061035156,2176.4814453125,146.4366455078125
2023_1859,海葵颱風,闊葉樹林型,40.36453657309736,273145.64,2581896.64,163.00999450683594,131.13499450683594,157.23500061035156,2176.4814453125,146.4366455078125
2023_1860,海葵颱風,闊葉樹林型,39.31462864873002,281893.68,2590179.96,219.97999572753906,168.6649932861328,217.0,1933.9290771484375,124.3104476928711
2023_1861,海葵颱風,闊葉樹林型,31.332627955778683,281824.32,2594652.61,219.97999572753906,168.6649932861328,217.0,2068.74755859375,140.36805725097656
2023_1862,海葵颱風,闊葉樹林型,35.264389682754654,281930.54,2594518.61,219.97999572753906,168.6649932861328,217.0,2068.74755859375,140.36805725097656
2023_1863,海葵颱風,闊葉樹林型,45.501385656241695,276168.82,2596087.02,167.51499938964844,127.21499633789062,156.19000244140625,2247.890380859375,135.7090606689453
2023_1864,海葵颱風,闊葉樹林型,23.994436724543963,275326.8,2596092.97,167.51499938964844,127.21499633789062,156.19000244140625,2697.459716796875,170.0337371826172
2023_1865,海葵颱風,闊葉樹林型,42.08581058000388,276273.08,2597071.89,167.51499938964844,127.21499633789062,156.19000244140625,2247.890380859375,135.7090606689453
2023_1866,海葵颱風,闊葉樹林型,30.473837103833297,276588.83,2597243.45,167.51499938964844,127.21499633789062,156.19000244140625,2247.890380859375,135.7090606689453
2023_1867,海葵颱風,闊葉樹林型,27.806069555844164,276691.19,2596905.19,167.51499938964844,127.21499633789062,156.19000244140625,2247.890380859375,135.7090606689453
2023_1871,海葵颱風,闊葉樹林型,46.69408503840473,297641.02,2719847.66,113.16999816894531,74.53499603271484,95.85499572753906,2200.2421875,149.63926696777344
2023_1872,海葵颱風,闊葉樹林型,37.65979117547535,298726.53,2720936.95,113.16999816894531,74.53499603271484,95.85499572753906,2200.2421875,149.63926696777344
2023_1873,海葵颱風,闊葉樹林型,39.96814794983898,305985.69,2708393.2,224.25999450683594,180.6649932861328,207.39999389648438,2177.974365234375,126.76237487792969
2023_1875,海葵颱風,闊葉樹林型,39.156783218304696,295091.91,2716620.64,113.16999816894531,74.53499603271484,95.85499572753906,2188.5390625,149.33819580078125
2023_1876,海葵颱風,闊葉樹林型,39.50971228619393,295126.88,2714229.91,113.16999816894531,74.53499603271484,95.85499572753906,2376.114990234375,139.33335876464844
2023_1878,海葵颱風,闊葉樹林型,34.888691645645146,316681.67,2703568.69,190.23500061035156,131.5399932861328,171.9499969482422,1992.7193603515625,124.48375701904297
2023_1879,海葵颱風,闊葉樹林型,33.927980154144706,310429.4,2700135.89,224.25999450683594,180.6649932861328,207.39999389648438,2246.48779296875,140.47276306152344
2023_1880,海葵颱風,闊葉樹林型,44.15186907819886,306387.32,2695884.6,165.9199981689453,98.19999694824219,146.0449981689453,2229.592041015625,148.98240661621094
2023_1881,海葵颱風,闊葉樹林型,37.247373202381205,306375.59,2695907.96,165.9199981689453,98.19999694824219,146.0449981689453,2229.592041015625,148.98240661621094
2023_1883,海葵颱風,闊葉樹林型,43.97995668722642,315534.3,2695147.76,178.87998962402344,117.70999908447266,166.98500061035156,2004.0787353515625,134.87493896484375
2023_1884,海葵颱風,闊葉樹林型,42.5163425625201,301547.44,2691296.68,165.9199981689453,98.19999694824219,146.0449981689453,2296.26318359375,136.55491638183594
2023_1885,海葵颱風,闊葉樹林型,49.15745617630734,308518.07,2693485.87,165.9199981689453,98.19999694824219,146.0449981689453,2348.517333984375,138.66358947753906
2023_1886,海葵颱風,闊葉樹林型,51.14301422794352,318131.2,2690501.91,178.87998962402344,117.70999908447266,166.98500061035156,2065.531494140625,130.89926147460938
2023_1891,海葵颱風,闊葉樹林型,43.42182054759477,275991.73,2634223.0,183.125,144.4499969482422,175.71499633789062,2476.8828125,145.62222290039062
2023_1892,海葵颱風,闊葉樹林型,36.57693385156434,275927.35,2634014.22,183.125,144.4499969482422,175.71499633789062,2476.8828125,145.62222290039062
2023_1893,海葵颱風,闊葉樹林型,46.11867036034214,275301.78,2633463.84,183.125,144.4499969482422,175.71499633789062,2296.82373046875,127.26499938964844
2023_1898,海葵颱風,闊葉樹林型,41.18592516570965,277193.74,2626886.93,180.4499969482422,146.4499969482422,177.00999450683594,2771.251220703125,147.7129364013672
2023_1899,海葵颱風,闊葉樹林型,48.58248022723136,277185.38,2625171.65,180.4499969482422,146.4499969482422,177.00999450683594,2771.251220703125,147.7129364013672
2023_1900,海葵颱風,闊葉樹林型,40.7628826356304,282077.22,2627075.16,173.35499572753906,126.43000030517578,164.39500427246094,2678.929443359375,146.88833618164062
2023_1901,海葵颱風,闊葉樹林型,55.00671797528064,279754.92,2622925.63,180.4499969482422,146.4499969482422,177.00999450683594,2771.251220703125,147.7129364013672
2023_1903,海葵颱風,闊葉樹林型,47.44351957055698,281183.26,2620403.38,169.52499389648438,124.625,167.1649932861328,2516.89453125,137.5990753173828
2023_1908,海葵颱風,闊葉樹林型,41.23221278344418,281009.63,2608634.96,179.72499084472656,131.13499450683594,178.2449951171875,2298.92041015625,137.5152587890625
2023_1909,海葵颱風,闊葉樹林型,49.230075979996975,274030.28,2605049.41,195.77499389648438,155.86000061035156,189.2849884033203,2360.921142578125,137.02381896972656
2023_1910,海葵颱風,闊葉樹林型,51.23917095263513,279303.87,2607525.97,195.77499389648438,155.86000061035156,189.2849884033203,2432.95361328125,139.78724670410156
2023_1911,小犬颱風,闊葉樹林型,54.80713271731175,276217.06,2578671.08,71.85499572753906,39.54499816894531,70.22000122070312,1776.080810546875,112.17910766601562
2023_1912,小犬颱風,闊葉樹林型,44.359258950107865,271719.42,2574984.64,77.26499938964844,47.375,74.07499694824219,2067.1142578125,145.43313598632812
2023_1913,小犬颱風,闊葉樹林型,61.31585188522386,271996.09,2575157.43,77.26499938964844,47.375,74.07499694824219,2067.1142578125,145.43313598632812
2023_1914,小犬颱風,闊葉樹林型,47.12401133336427,262390.1,2574308.7,91.62999725341797,48.36499786376953,90.6449966430664,2493.251953125,152.76788330078125
2023_1915,小犬颱風,闊葉樹林型,50.29190129825525,262481.11,2574353.76,91.62999725341797,48.36499786376953,90.6449966430664,2493.251953125,152.76788330078125
2023_1916,小犬颱風,闊葉樹林型,63.32867245556408,267856.86,2573943.93,91.62999725341797,48.36499786376953,90.6449966430664,2328.449951171875,156.06617736816406
2023_1917,小犬颱風,闊葉樹林型,47.37567696741501,268075.37,2573617.0,91.62999725341797,48.36499786376953,90.6449966430664,2328.449951171875,156.06617736816406
2023_1919,小犬颱風,闊葉樹林型,39.35384148704364,274536.22,2564613.37,105.75499725341797,73.19999694824219,99.7449951171875,1925.8834228515625,121.25970458984375
2023_1920,小犬颱風,闊葉樹林型,40.04325099636187,257432.02,2562055.07,74.86499786376953,57.56999969482422,72.8949966430664,2405.044189453125,140.03933715820312
2023_1921,小犬颱風,闊葉樹林型,49.031074837241086,257484.73,2561879.58,74.86499786376953,57.56999969482422,72.8949966430664,2405.044189453125,140.03933715820312
2023_1922,小犬颱風,闊葉樹林型,48.39453039927944,261471.48,2563287.8,94.86000061035156,65.9949951171875,92.70499420166016,2405.933349609375,143.4873809814453
2023_1923,小犬颱風,闊葉樹林型,45.0,257933.03,2541861.03,108.88999938964844,66.21499633789062,100.87999725341797,2523.727294921875,136.40858459472656
2023_1924,小犬颱風,闊葉樹林型,40.7628826356304,260177.62,2539486.03,108.88999938964844,66.21499633789062,100.87999725341797,2523.727294921875,136.40858459472656
2023_1925,小犬颱風,闊葉樹林型,41.676265474602594,245417.37,2530573.5,112.23999786376953,53.57500076293945,110.12999725341797,2691.63232421875,130.44161987304688
2023_1926,小犬颱風,闊葉樹林型,31.693440803183943,237510.8,2498344.85,119.73500061035156,62.87999725341797,112.55999755859375,2480.2919921875,134.50819396972656
2023_1927,小犬颱風,闊葉樹林型,39.62559816710531,243561.0,2499484.42,124.0949935913086,67.66500091552734,114.44499969482422,2408.88671875,142.03627014160156
2023_1928,小犬颱風,闊葉樹林型,38.836224204282125,243669.54,2499459.38,124.0949935913086,67.66500091552734,114.44499969482422,2408.88671875,142.03627014160156
2023_1929,小犬颱風,闊葉樹林型,41.12786681163709,242174.93,2496608.09,124.0949935913086,67.66500091552734,114.44499969482422,2408.88671875,142.03627014160156
2023_1931,小犬颱風,闊葉樹林型,38.06176053983252,220825.13,2496772.8,103.95999908447266,57.90999984741211,99.20499420166016,3688.113037109375,181.79751586914062
2023_1932,杜蘇芮颱風,闊葉樹林型,50.82682311538271,304689.31,2664305.88,127.55500030517578,78.80500030517578,126.1199951171875,2347.9912109375,151.24337768554688
2023_1933,杜蘇芮颱風,竹林,35.95829151209359,305419.75,2654859.43,145.16000366210938,93.19499969482422,143.97000122070312,1926.75244140625,139.1632537841797
2023_1934,杜蘇芮颱風,竹林,34.09207978094286,305497.53,2654767.71,145.16000366210938,93.19499969482422,143.97000122070312,1926.75244140625,139.1632537841797
2023_1935,杜蘇芮颱風,竹林,26.334247846853145,305513.05,2654891.0,145.16000366210938,93.19499969482422,143.97000122070312,1926.75244140625,139.1632537841797
2023_1936,杜蘇芮颱風,闊葉樹林型,20.556045219583467,292999.29,2639763.27,140.63999938964844,65.17499542236328,139.73500061035156,2165.39794921875,142.8837127685547
2023_1937,杜蘇芮颱風,闊葉樹林型,49.19051468406037,287203.43,2619939.14,153.47499084472656,77.875,153.02999877929688,2341.34521484375,135.4976806640625
2023_1938,杜蘇芮颱風,闊葉樹林型,43.26125824127405,299197.59,2595866.11,174.8699951171875,85.16999816894531,171.125,2154.465576171875,143.8412322998047
2023_1939,杜蘇芮颱風,闊葉樹林型,41.4729343089405,296577.91,2586085.04,186.1999969482422,89.33999633789062,182.2949981689453,2033.7392578125,128.4524383544922
2023_1940,杜蘇芮颱風,闊葉樹林型,47.63763994627416,290156.02,2576030.57,212.1750030517578,104.03499603271484,210.9449920654297,2043.0604248046875,141.28712463378906
2023_1941,杜蘇芮颱風,闊葉樹林型,31.7353754997287,285754.1,2612188.2,153.47499084472656,77.875,153.02999877929688,2404.671142578125,134.67222595214844
2023_1942,杜蘇芮颱風,闊葉樹林型,42.68513943100698,264203.77,2584126.58,203.09999084472656,85.3949966430664,200.7449951171875,2511.740966796875,142.35116577148438
2023_1943,杜蘇芮颱風,闊葉樹林型,52.63955302048473,269648.99,2585855.12,203.09999084472656,85.3949966430664,200.7449951171875,2533.548583984375,165.17140197753906
2023_1944,杜蘇芮颱風,闊葉樹林型,58.76117129839872,268570.21,2582501.13,203.09999084472656,85.3949966430664,200.7449951171875,2361.29248046875,146.88917541503906
2023_1945,杜蘇芮颱風,闊葉樹林型,46.42958537828381,273403.93,2582209.23,193.22499084472656,88.77999877929688,190.83999633789062,2176.4814453125,146.4366455078125
2023_1948,杜蘇芮颱風,闊葉樹林型,42.924476930175054,270962.72,2575696.58,198.00999450683594,96.38999938964844,195.39498901367188,2067.1142578125,145.43313598632812
2023_1949,杜蘇芮颱風,闊葉樹林型,47.733674255402825,269830.89,2575942.98,205.239990234375,88.59500122070312,201.1699981689453,2328.449951171875,156.06617736816406
2023_1950,杜蘇芮颱風,闊葉樹林型,38.04757894764742,270983.1,2576539.49,198.00999450683594,96.38999938964844,195.39498901367188,2067.1142578125,145.43313598632812
2023_1951,杜蘇芮颱風,闊葉樹林型,43.59051881270964,275361.8,2571840.72,198.00999450683594,96.38999938964844,195.39498901367188,2094.354248046875,141.65664672851562
2023_1952,杜蘇芮颱風,闊葉樹林型,35.565430802303304,269742.12,2567497.96,205.239990234375,88.59500122070312,201.1699981689453,2246.871826171875,142.2772979736328
2023_1953,杜蘇芮颱風,闊葉樹林型,29.54409628156036,270750.51,2566821.11,198.00999450683594,96.38999938964844,195.39498901367188,2094.354248046875,141.65664672851562
2023_1954,杜蘇芮颱風,闊葉樹林型,54.61683716118135,267136.27,2563160.91,215.33999633789062,98.18999481201172,209.30999755859375,2275.159423828125,142.87350463867188
2023_1955,杜蘇芮颱風,闊葉樹林型,41.09292517464176,260948.18,2558224.66,215.33999633789062,98.18999481201172,209.30999755859375,2042.8485107421875,116.05941772460938
2023_1956,杜蘇芮颱風,闊葉樹林型,34.52178114261242,255076.89,2554920.19,230.75,117.91499328613281,223.23500061035156,1362.900634765625,76.77689361572266
2023_1957,杜蘇芮颱風,闊葉樹林型,47.73367425540283,264915.03,2552554.03,226.65499877929688,110.57999420166016,218.09999084472656,2134.708251953125,119.52919006347656
2023_1958,杜蘇芮颱風,闊葉樹林型,44.31238462399072,264961.85,2553007.78,226.65499877929688,110.57999420166016,218.09999084472656,2134.708251953125,119.52919006347656
2023_1959,杜蘇芮颱風,闊葉樹林型,39.53553952464218,262718.87,2550732.2,226.65499877929688,110.57999420166016,218.09999084472656,2134.708251953125,119.52919006347656
2023_1960,杜蘇芮颱風,闊葉樹林型,48.2252263459996,250658.53,2547700.89,230.75,117.91499328613281,223.23500061035156,1995.0562744140625,105.32012939453125
2023_1961,杜蘇芮颱風,闊葉樹林型,44.50824474873735,250703.49,2547728.36,230.75,117.91499328613281,223.23500061035156,1995.0562744140625,105.32012939453125
2023_1962,杜蘇芮颱風,闊葉樹林型,43.271344818790695,251729.24,2547265.4,230.75,117.91499328613281,223.23500061035156,1995.0562744140625,105.32012939453125
2023_1963,杜蘇芮颱風,闊葉樹林型,43.30156320620466,252137.13,2547833.51,230.75,117.91499328613281,223.23500061035156,1995.0562744140625,105.32012939453125
2023_1964,杜蘇芮颱風,闊葉樹林型,38.93040115948257,252150.8,2547036.42,230.75,117.91499328613281,223.23500061035156,1995.0562744140625,105.32012939453125
2023_1966,杜蘇芮颱風,闊葉樹林型,53.58804573237632,255259.8,2546407.32,230.75,117.91499328613281,223.23500061035156,1937.48486328125,103.57821655273438
2023_1970,杜蘇芮颱風,闊葉樹林型,24.359555875506427,243412.37,2543687.51,211.00999450683594,93.54999542236328,203.38499450683594,2610.104248046875,137.64793395996094
2023_1971,杜蘇芮颱風,闊葉樹林型,49.70211194894343,252904.63,2544038.24,227.38999938964844,101.18499755859375,216.38499450683594,2634.057861328125,132.86244201660156
2023_1972,杜蘇芮颱風,闊葉樹林型,41.37023532050225,253019.65,2543942.89,227.38999938964844,101.18499755859375,216.38499450683594,2634.057861328125,132.86244201660156
2023_1973,杜蘇芮颱風,闊葉樹林型,46.72580648402681,253085.89,2543893.98,227.38999938964844,101.18499755859375,216.38499450683594,2634.057861328125,132.86244201660156
2023_1974,杜蘇芮颱風,闊葉樹林型,42.17291298675989,253232.52,2544075.81,227.38999938964844,101.18499755859375,216.38499450683594,2634.057861328125,132.86244201660156
2023_1975,杜蘇芮颱風,闊葉樹林型,36.45196008712727,260521.35,2542565.66,226.76998901367188,90.93000030517578,209.92498779296875,2286.827880859375,127.68917846679688
2023_1976,杜蘇芮颱風,闊葉樹林型,48.77464150584575,278275.9,2538686.43,212.9099884033203,101.65499877929688,204.9949951171875,2045.9566650390625,118.71607971191406
2023_1977,杜蘇芮颱風,闊葉樹林型,44.57294618219693,272302.53,2535337.84,212.9099884033203,101.65499877929688,204.9949951171875,2213.462158203125,131.4070587158203
2023_1978,杜蘇芮颱風,闊葉樹林型,53.6992028235353,272920.65,2533614.12,212.9099884033203,101.65499877929688,204.9949951171875,2213.462158203125,131.4070587158203
2023_1979,杜蘇芮颱風,闊葉樹林型,54.94471825132664,250750.33,2533753.31,227.38999938964844,101.18499755859375,216.38499450683594,2552.65673828125,143.5482940673828
2023_1980,杜蘇芮颱風,闊葉樹林型,43.38184383278452,245463.4,2530400.91,204.0500030517578,85.625,195.10499572753906,2691.63232421875,130.44161987304688
2023_1981,杜蘇芮颱風,闊葉樹林型,36.86989764584402,245479.38,2530458.42,204.0500030517578,85.625,195.10499572753906,2691.63232421875,130.44161987304688
2023_1982,杜蘇芮颱風,闊葉樹林型,33.59475678656656,240720.67,2531573.09,204.0500030517578,85.625,195.10499572753906,2763.902587890625,134.30699157714844
2023_1983,杜蘇芮颱風,闊葉樹林型,50.21886607378727,239457.32,2530237.19,197.98500061035156,84.48500061035156,192.9449920654297,2659.308349609375,132.2608642578125
2023_1984,杜蘇芮颱風,闊葉樹林型,38.06176053983252,241073.51,2529271.94,204.0500030517578,85.625,195.10499572753906,2763.902587890625,134.30699157714844
2023_1985,杜蘇芮颱風,闊葉樹林型,50.63917718114022,242066.51,2529159.32,204.0500030517578,85.625,195.10499572753906,2763.902587890625,134.30699157714844
2023_1986,杜蘇芮颱風,闊葉樹林型,29.32750061118656,267865.47,2529076.92,219.0649871826172,83.70999908447266,198.75,2283.48779296875,138.6038818359375
2023_1987,杜蘇芮颱風,闊葉樹林型,52.69479903421493,239052.12,2527433.12,197.98500061035156,84.48500061035156,192.9449920654297,2636.4248046875,134.2984161376953
2023_1988,杜蘇芮颱風,闊葉樹林型,51.34578033770092,243344.23,2524837.75,204.0500030517578,85.625,195.10499572753906,2639.58642578125,125.33547973632812
2023_1989,杜蘇芮颱風,闊葉樹林型,35.16278633434701,252774.17,2525076.26,221.39498901367188,88.02999877929688,202.79998779296875,2407.536376953125,128.34336853027344
2023_1990,杜蘇芮颱風,闊葉樹林型,44.359258950107865,240134.69,2522099.16,215.36000061035156,93.13999938964844,205.5,2743.8115234375,141.28306579589844
2023_1991,杜蘇芮颱風,闊葉樹林型,34.66253388314486,243015.97,2523312.22,204.0500030517578,85.625,195.10499572753906,2639.58642578125,125.33547973632812
2023_1992,杜蘇芮颱風,闊葉樹林型,41.19751028946612,251369.85,2523056.18,221.39498901367188,88.02999877929688,202.79998779296875,2407.536376953125,128.34336853027344
2023_1993,杜蘇芮颱風,闊葉樹林型,38.78215347624,251197.1,2522021.8,210.9550018310547,80.0,194.68499755859375,2180.2763671875,123.4901351928711
2023_1995,杜蘇芮颱風,闊葉樹林型,32.06706985148498,246299.82,2520743.94,215.36000061035156,93.13999938964844,205.5,2545.1064453125,130.6017608642578
2023_1996,杜蘇芮颱風,闊葉樹林型,43.844830570829245,248774.06,2519314.22,215.36000061035156,93.13999938964844,205.5,2545.1064453125,130.6017608642578
2023_1997,杜蘇芮颱風,闊葉樹林型,43.66924012026495,251864.24,2520551.29,210.9550018310547,80.0,194.68499755859375,2180.2763671875,123.4901351928711
2023_1998,杜蘇芮颱風,闊葉樹林型,30.653673803588863,251790.64,2520029.23,210.9550018310547,80.0,194.68499755859375,2180.2763671875,123.4901351928711
2023_1999,杜蘇芮颱風,闊葉樹林型,49.017701104158654,235722.2,2517472.18,212.39999389648438,99.16999816894531,205.96499633789062,2594.234130859375,136.63299560546875
2023_2000,杜蘇芮颱風,闊葉樹林型,43.26125824127405,249535.88,2515996.79,215.36000061035156,93.13999938964844,205.5,2227.70556640625,122.15391540527344
2023_2001,杜蘇芮颱風,闊葉樹林型,41.4729343089405,246106.16,2510535.46,219.875,84.71499633789062,210.1899871826172,2305.17626953125,132.13438415527344
2023_2002,杜蘇芮颱風,闊葉樹林型,24.359555875506427,248751.71,2510531.09,219.875,84.71499633789062,210.1899871826172,2305.17626953125,132.13438415527344
2023_2003,杜蘇芮颱風,闊葉樹林型,47.988906399374976,233674.41,2506567.22,222.73500061035156,102.93999481201172,215.29998779296875,2856.927490234375,156.2165985107422
2023_2004,杜蘇芮颱風,闊葉樹林型,43.139678341360025,236984.51,2506270.84,222.73500061035156,102.93999481201172,215.29998779296875,2689.07177734375,136.0436248779297
2023_2005,杜蘇芮颱風,闊葉樹林型,45.94384556416114,237571.83,2506489.35,222.73500061035156,102.93999481201172,215.29998779296875,2689.07177734375,136.0436248779297
2023_2006,杜蘇芮颱風,闊葉樹林型,51.34578033770092,240271.41,2507927.46,219.875,84.71499633789062,210.1899871826172,2523.927734375,132.65663146972656
2023_2007,杜蘇芮颱風,闊葉樹林型,41.8103148957786,238577.59,2506605.99,222.73500061035156,102.93999481201172,215.29998779296875,2689.07177734375,136.0436248779297
2023_2008,杜蘇芮颱風,闊葉樹林型,43.74754064175339,241040.64,2507926.02,219.875,84.71499633789062,210.1899871826172,2523.927734375,132.65663146972656
2023_2009,杜蘇芮颱風,闊葉樹林型,48.4295352623155,241190.07,2505780.91,219.875,84.71499633789062,210.1899871826172,2523.927734375,132.65663146972656
2023_2010,杜蘇芮颱風,闊葉樹林型,65.9397808730559,243268.83,2507178.54,219.875,84.71499633789062,210.1899871826172,2523.927734375,132.65663146972656
2023_2011,杜蘇芮颱風,闊葉樹林型,47.44351957055698,245131.68,2507778.74,219.875,84.71499633789062,210.1899871826172,2305.17626953125,132.13438415527344
2023_2012,杜蘇芮颱風,闊葉樹林型,44.7288802769619,244991.95,2507806.89,219.875,84.71499633789062,210.1899871826172,2305.17626953125,132.13438415527344
2023_2014,杜蘇芮颱風,闊葉樹林型,42.852042658024615,232621.68,2503016.68,222.73500061035156,102.93999481201172,215.29998779296875,2678.989990234375,138.628173828125
2023_2016,杜蘇芮颱風,闊葉樹林型,22.144873841221017,233534.33,2503320.91,222.73500061035156,102.93999481201172,215.29998779296875,2678.989990234375,138.628173828125
2023_2017,杜蘇芮颱風,闊葉樹林型,39.76607121224395,241961.8,2502835.58,219.875,84.71499633789062,210.1899871826172,2492.38916015625,125.9029312133789
2023_2018,杜蘇芮颱風,闊葉樹林型,54.41469754415778,236005.31,2500292.4,222.73500061035156,102.93999481201172,215.29998779296875,2563.135009765625,133.9579620361328
2023_2019,杜蘇芮颱風,闊葉樹林型,57.56153227970862,235729.05,2499976.19,221.1949920654297,90.15499877929688,212.36000061035156,2480.2919921875,134.50819396972656
2023_2020,杜蘇芮颱風,闊葉樹林型,54.23986227782451,235924.66,2499922.49,221.1949920654297,90.15499877929688,212.36000061035156,2480.2919921875,134.50819396972656
2023_2021,杜蘇芮颱風,闊葉樹林型,43.18031634685804,235898.04,2501197.14,222.73500061035156,102.93999481201172,215.29998779296875,2563.135009765625,133.9579620361328
2023_2023,杜蘇芮颱風,闊葉樹林型,15.616129405024544,239508.66,2501825.08,222.73500061035156,102.93999481201172,215.29998779296875,2563.135009765625,133.9579620361328
2023_2025,杜蘇芮颱風,闊葉樹林型,37.99072498917101,228850.6,2498508.6,225.75498962402344,93.25499725341797,220.36000061035156,3115.65869140625,164.131591796875
2023_2027,杜蘇芮颱風,闊葉樹林型,28.14782196842062,230689.25,2499484.82,221.1949920654297,90.15499877929688,212.36000061035156,2446.048095703125,134.05355834960938
2023_2029,杜蘇芮颱風,闊葉樹林型,48.44351168529634,236558.46,2498476.16,221.1949920654297,90.15499877929688,212.36000061035156,2480.2919921875,134.50819396972656
2023_2030,杜蘇芮颱風,闊葉樹林型,49.137581307519845,236248.76,2497675.2,221.1949920654297,90.15499877929688,212.36000061035156,2480.2919921875,134.50819396972656
2023_2031,杜蘇芮颱風,闊葉樹林型,41.49566207886726,237858.82,2498108.34,221.1949920654297,90.15499877929688,212.36000061035156,2480.2919921875,134.50819396972656
2023_2032,杜蘇芮颱風,闊葉樹林型,39.63842114615208,246520.87,2496260.12,215.59500122070312,84.97999572753906,205.2449951171875,2342.45849609375,137.7679901123047
2023_2035,杜蘇芮颱風,闊葉樹林型,33.27369602543111,236831.98,2491949.1,221.1949920654297,90.15499877929688,212.36000061035156,2292.193115234375,131.33595275878906
2023_2036,杜蘇芮颱風,闊葉樹林型,45.22207888903144,239547.67,2491741.43,221.1949920654297,90.15499877929688,212.36000061035156,2292.193115234375,131.33595275878906
2023_2037,杜蘇芮颱風,闊葉樹林型,38.13247816190013,239819.04,2491511.36,215.59500122070312,84.97999572753906,205.2449951171875,2347.517822265625,128.42884826660156
2023_2038,杜蘇芮颱風,闊葉樹林型,48.18968510422141,243138.65,2494027.25,215.59500122070312,84.97999572753906,205.2449951171875,2347.517822265625,128.42884826660156
2023_2039,杜蘇芮颱風,闊葉樹林型,43.30156320620466,231679.8,2490226.93,221.1949920654297,90.15499877929688,212.36000061035156,2301.5791015625,127.96968841552734
2023_2041,杜蘇芮颱風,闊葉樹林型,42.862412092456296,233879.88,2490351.39,221.1949920654297,90.15499877929688,212.36000061035156,2301.5791015625,127.96968841552734
2023_2042,杜蘇芮颱風,闊葉樹林型,27.806069555844164,220414.74,2486460.61,232.12998962402344,98.27999877929688,226.5749969482422,2925.419189453125,164.9652557373047
2023_2044,杜蘇芮颱風,闊葉樹林型,31.160066779905723,226917.65,2485167.5,232.12998962402344,98.27999877929688,226.5749969482422,2269.083984375,126.86155700683594
2023_2046,杜蘇芮颱風,闊葉樹林型,39.98069050753483,240886.71,2479956.45,217.4550018310547,91.54999542236328,207.3199920654297,2383.537841796875,127.65581512451172
2023_2047,杜蘇芮颱風,闊葉樹林型,34.99202019855866,226237.14,2469620.15,246.47999572753906,109.17499542236328,240.5699920654297,2905.119140625,171.31040954589844
2023_2050,卡努颱風,闊葉樹林型,39.156783218304696,241158.11,2692148.33,136.6165008544922,111.44499969482422,125.9699935913086,1819.523681640625,115.80535888671875
2023_2051,卡努颱風,闊葉樹林型,42.59042663590696,258293.05,2686885.93,137.34300231933594,107.06499481201172,133.37998962402344,2378.19970703125,146.24435424804688
2023_2052,卡努颱風,闊葉樹林型,47.50354314022834,253387.12,2682763.71,137.34300231933594,107.06499481201172,133.37998962402344,2256.168701171875,134.1659698486328
2023_2055,卡努颱風,闊葉樹林型,41.04621124674467,239955.28,2662337.21,130.44650268554688,82.3499984741211,127.43000030517578,1671.2978515625,104.5886001586914
2023_2056,卡努颱風,竹林,34.01934998982646,240098.95,2660836.07,130.44650268554688,82.3499984741211,127.43000030517578,1671.2978515625,104.5886001586914
2023_2057,卡努颱風,闊葉樹林型,41.676265474602594,251272.6,2653399.72,155.81549072265625,94.33499908447266,154.01499938964844,1945.080810546875,110.75309753417969
2023_2058,卡努颱風,闊葉樹林型,41.676265474602594,251252.45,2653516.18,155.81549072265625,94.33499908447266,154.01499938964844,1945.080810546875,110.75309753417969
2023_2060,卡努颱風,闊葉樹林型,46.01070199822306,229023.49,2593141.75,98.11799621582031,50.05500030517578,96.88999938964844,2806.211181640625,174.05606079101562
2023_2061,卡努颱風,闊葉樹林型,44.8650800832348,229726.68,2591530.57,105.24099731445312,59.81999969482422,105.0,2501.34765625,150.38238525390625
2023_2066,海葵颱風,闊葉樹林型,34.32623881675949,298896.85,2699934.98,150.33999633789062,104.70999908447266,130.30499267578125,2431.37255859375,175.65789794921875
2023_2067,杜蘇芮颱風,闊葉樹林型,52.025420148370834,286619.58,2641108.62,152.125,76.12999725341797,151.19000244140625,2220.61083984375,124.09061431884766
2023_2068,杜蘇芮颱風,闊葉樹林型,40.7628826356304,297694.29,2639089.56,140.63999938964844,65.17499542236328,139.73500061035156,1849.251953125,126.7243881225586
2023_2070,杜蘇芮颱風,闊葉樹林型,57.57462083069002,261859.85,2559657.32,215.33999633789062,98.18999481201172,209.30999755859375,2042.8485107421875,116.05941772460938
2023_2071,杜蘇芮颱風,闊葉樹林型,41.776914051774654,261900.93,2559479.61,215.33999633789062,98.18999481201172,209.30999755859375,2042.8485107421875,116.05941772460938
2023_2072,杜蘇芮颱風,闊葉樹林型,59.9273731810441,243005.15,2539715.51,211.00999450683594,93.54999542236328,203.38499450683594,2610.104248046875,137.64793395996094
2023_2073,杜蘇芮颱風,闊葉樹林型,39.98069050753483,273240.01,2539991.94,212.9099884033203,101.65499877929688,204.9949951171875,2123.543701171875,123.53458404541016
2023_2074,杜蘇芮颱風,闊葉樹林型,41.99819984310421,249299.94,2523516.29,204.0500030517578,85.625,195.10499572753906,2797.622802734375,138.75550842285156
2023_2075,杜蘇芮颱風,闊葉樹林型,31.83974832021572,250703.6,2523038.22,221.39498901367188,88.02999877929688,202.79998779296875,2407.536376953125,128.34336853027344
2023_2076,杜蘇芮颱風,闊葉樹林型,50.82682311538271,249022.12,2521961.74,215.36000061035156,93.13999938964844,205.5,2545.1064453125,130.6017608642578
2023_2078,杜蘇芮颱風,闊葉樹林型,32.005383208083494,242516.5,2515215.44,215.36000061035156,93.13999938964844,205.5,2659.226318359375,138.2041473388672
2023_2079,杜蘇芮颱風,闊葉樹林型,53.09405966357308,246397.08,2515039.95,215.36000061035156,93.13999938964844,205.5,2227.70556640625,122.15391540527344
2023_2080,杜蘇芮颱風,闊葉樹林型,40.9523515915937,247733.63,2515483.44,215.36000061035156,93.13999938964844,205.5,2227.70556640625,122.15391540527344
2023_2081,杜蘇芮颱風,闊葉樹林型,37.60152555834086,247646.48,2515363.83,215.36000061035156,93.13999938964844,205.5,2227.70556640625,122.15391540527344
2023_2082,杜蘇芮颱風,闊葉樹林型,45.501385656241695,248058.54,2515158.14,215.36000061035156,93.13999938964844,205.5,2227.70556640625,122.15391540527344
2023_2084,杜蘇芮颱風,闊葉樹林型,29.92228709167213,247932.51,2515195.21,215.36000061035156,93.13999938964844,205.5,2227.70556640625,122.15391540527344
2023_2087,杜蘇芮颱風,闊葉樹林型,57.21212195970318,245639.32,2509855.16,219.875,84.71499633789062,210.1899871826172,2305.17626953125,132.13438415527344
2023_2088,杜蘇芮颱風,闊葉樹林型,44.563720855785085,234574.12,2502198.26,222.73500061035156,102.93999481201172,215.29998779296875,2678.989990234375,138.628173828125
2023_2089,杜蘇芮颱風,闊葉樹林型,36.43626970061044,243582.47,2499436.67,215.59500122070312,84.97999572753906,205.2449951171875,2408.88671875,142.03627014160156
2023_2090,杜蘇芮颱風,闊葉樹林型,46.01070199822306,244370.22,2499496.35,215.59500122070312,84.97999572753906,205.2449951171875,2408.88671875,142.03627014160156
2023_2091,杜蘇芮颱風,闊葉樹林型,41.54101551251079,245243.39,2499755.78,215.59500122070312,84.97999572753906,205.2449951171875,2342.45849609375,137.7679901123047
2023_2092,杜蘇芮颱風,闊葉樹林型,29.686933196903503,236765.59,2490922.84,221.1949920654297,90.15499877929688,212.36000061035156,2292.193115234375,131.33595275878906
2024_0,凱米颱風,闊葉樹林型,35.615064210381185,221966.22,2474331.48,274.625,170.6699981689453,234.46499633789062,2908.494384765625,170.0600128173828
2024_3,凱米颱風,闊葉樹林型,29.89890183861456,226866.12,2490888.04,265.125,170.12998962402344,232.8199920654297,2656.980224609375,148.9040069580078
2024_7,凱米颱風,闊葉樹林型,25.682184661491608,219928.54,2505521.33,274.1300048828125,171.9949951171875,244.11000061035156,3421.30029296875,166.23594665527344
2024_10,凱米颱風,闊葉樹林型,51.40709161521226,225523.52,2511227.87,277.5,178.864990234375,254.864990234375,3089.994384765625,176.77316284179688
2024_11,凱米颱風,闊葉樹林型,32.57233714755203,226020.3,2512391.34,277.5,178.864990234375,254.864990234375,3089.994384765625,176.77316284179688
2024_12,凱米颱風,闊葉樹林型,24.359555875506427,221088.54,2513032.3,277.5,178.864990234375,254.864990234375,3345.975341796875,177.1853790283203
2024_13,凱米颱風,闊葉樹林型,39.727886428017456,223318.64,2525497.72,292.2749938964844,184.69000244140625,266.3899841308594,3080.857421875,169.23855590820312
2024_15,山陀兒颱風,闊葉樹林型,42.5163425625201,250675.24,2526323.42,251.6899871826172,90.6500015258789,207.34999084472656,2407.536376953125,128.34336853027344
2024_17,山陀兒颱風,闊葉樹林型,50.68634772701184,242382.45,2531768.54,231.64498901367188,83.23500061035156,192.239990234375,2763.902587890625,134.30699157714844
2024_19,凱米颱風,闊葉樹林型,30.10818826996884,219515.9,2539806.6,288.2250061035156,168.4550018310547,261.56500244140625,2914.75244140625,176.5850067138672
2024_24,凱米颱風,闊葉樹林型,38.46757814830217,218259.29,2549975.57,293.31500244140625,170.02499389648438,270.81500244140625,2586.85205078125,154.91798400878906
2024_32,凱米颱風,闊葉樹林型,31.007583006867133,214317.7,2553625.26,293.31500244140625,170.02499389648438,270.81500244140625,2586.85205078125,154.91798400878906
2024_34,凱米颱風,闊葉樹林型,12.97935049792772,221023.83,2555139.4,287.9649963378906,152.81500244140625,256.3849792480469,2674.13916015625,157.52418518066406
2024_36,凱米颱風,闊葉樹林型,35.14579037169356,215071.56,2557970.64,320.6099853515625,165.9199981689453,291.32000732421875,2666.719482421875,172.3930206298828
2024_39,凱米颱風,闊葉樹林型,34.01934998982646,219116.13,2564076.11,320.6099853515625,165.9199981689453,291.32000732421875,2777.270263671875,170.2137908935547
2024_43,凱米颱風,闊葉樹林型,37.48434900054385,217100.64,2573882.02,311.30999755859375,160.96499633789062,282.2699890136719,2598.240478515625,152.61203002929688
2024_49,凱米颱風,闊葉樹林型,35.94211187138234,208037.64,2585875.67,277.8949890136719,129.0800018310547,254.42498779296875,2799.51318359375,159.31056213378906
2024_50,凱米颱風,闊葉樹林型,34.30834539460494,218281.96,2586744.7,303.19500732421875,154.1949920654297,274.8599853515625,2618.4912109375,152.3922882080078
2024_54,凱米颱風,竹林,35.94211187138234,218129.38,2595659.27,298.85498046875,151.30499267578125,280.2449951171875,2744.40185546875,161.41140747070312
2024_55,凱米颱風,闊葉樹林型,40.51058943733277,212515.91,2596140.22,298.85498046875,151.30499267578125,280.2449951171875,2626.04248046875,147.5991973876953
2024_58,凱米颱風,闊葉樹林型,35.264389682754654,211902.33,2600559.99,271.6000061035156,139.93499755859375,261.6499938964844,2436.983154296875,132.8064727783203
2024_61,凱米颱風,闊葉樹林型,43.491519345092,216174.79,2602196.69,271.6000061035156,139.93499755859375,261.6499938964844,2534.6162109375,152.1442413330078
2024_63,凱米颱風,闊葉樹林型,35.59853666783391,239859.97,2603321.96,289.875,139.8300018310547,278.93499755859375,1998.0802001953125,111.97329711914062
2024_67,凱米颱風,竹林,35.59853666783391,217744.87,2604245.51,271.6000061035156,139.93499755859375,261.6499938964844,2534.6162109375,152.1442413330078
2024_72,凱米颱風,闊葉樹林型,33.946295027753955,218337.64,2606271.31,271.6000061035156,139.93499755859375,261.6499938964844,2382.69189453125,140.41598510742188
2024_74,凱米颱風,闊葉樹林型,37.65979117547535,232369.19,2607839.82,284.6199951171875,136.80999755859375,273.4700012207031,1900.8328857421875,102.0048828125
2024_77,凱米颱風,闊葉樹林型,38.467578148302174,227025.7,2616474.64,262.78997802734375,140.1199951171875,256.2550048828125,2117.24853515625,119.92066955566406
2024_78,凱米颱風,闊葉樹林型,45.22207888903144,219723.21,2618011.23,262.78997802734375,140.1199951171875,256.2550048828125,2271.673095703125,123.44377136230469
2024_93,0629豪雨,闊葉樹林型,23.994436724543963,307771.71,2633109.35,9.710000038146973,7.704999923706055,8.529999732971191,1842.4329833984375,136.02622985839844
2024_96,康芮颱風,闊葉樹林型,55.52255133941671,297610.32,2652547.4,88.57499694824219,78.25499725341797,88.57499694824219,2082.81787109375,138.217529296875
2024_104,康芮颱風,闊葉樹林型,43.73777595287439,294454.41,2657928.2,125.51499938964844,114.44499969482422,125.51499938964844,2381.613525390625,137.01673889160156
2024_105,康芮颱風,闊葉樹林型,44.783515145502,294715.88,2658930.82,125.51499938964844,114.44499969482422,125.51499938964844,2381.613525390625,137.01673889160156
2024_114,0629豪雨,闊葉樹林型,37.48434900054385,268198.8,2667236.48,16.53499984741211,9.125,15.889999389648438,2607.684326171875,178.45928955078125
2024_117,康芮颱風,闊葉樹林型,37.77568430595466,307589.72,2674719.57,161.25498962402344,152.09500122070312,161.25498962402344,2626.517578125,162.26905822753906
2024_120,凱米颱風,闊葉樹林型,47.61538175910259,305915.0,2678043.22,234.00999450683594,147.125,209.52499389648438,2198.31689453125,127.37162017822266
2024_122,康芮颱風,闊葉樹林型,50.68046091576779,293217.52,2682581.96,175.375,166.9250030517578,175.375,2387.092529296875,136.10618591308594
2024_124,康芮颱風,闊葉樹林型,54.88654899633656,308279.24,2690344.43,108.95499420166016,97.56999969482422,108.95499420166016,2348.517333984375,138.66358947753906
2024_127,凱米颱風,闊葉樹林型,62.59631800576634,315072.17,2693219.29,264.35498046875,163.8199920654297,236.68499755859375,2136.267333984375,136.73049926757812
2024_128,凱米颱風,闊葉樹林型,55.40771131249006,319021.91,2693635.19,264.35498046875,163.8199920654297,236.68499755859375,2065.531494140625,130.89926147460938
2024_130,凱米颱風,闊葉樹林型,60.01033203585669,329369.05,2699117.45,262.91998291015625,175.46499633789062,236.5349884033203,2163.093017578125,144.73324584960938
2024_131,康芮颱風,闊葉樹林型,36.00673320377918,306338.13,2703800.21,80.66500091552734,68.31999969482422,80.66500091552734,2246.48779296875,140.47276306152344
2024_132,康芮颱風,闊葉樹林型,36.19905592632724,318048.55,2714511.88,85.56499481201172,68.79000091552734,85.56499481201172,2234.2333984375,121.78244018554688
2024_134,康芮颱風,闊葉樹林型,43.18031634685804,321055.42,2716432.57,90.3499984741211,75.6199951171875,90.3499984741211,2225.34814453125,128.3487548828125
2024_135,凱米颱風,闊葉樹林型,42.8104923209509,307271.71,2716652.15,230.9949951171875,141.35499572753906,213.14999389648438,2336.9580078125,144.59524536132812
2024_144,康芮颱風,闊葉樹林型,33.02386755579665,292568.82,2718376.77,68.95999908447266,53.03499984741211,68.95999908447266,2188.5390625,149.33819580078125
2024_145,康芮颱風,闊葉樹林型,50.346407583328975,318266.58,2718421.77,85.56499481201172,68.79000091552734,85.56499481201172,2282.44189453125,125.89100646972656
2024_148,0629豪雨,闊葉樹林型,32.63194030642942,288368.2,2737907.76,22.53499984741211,11.09999942779541,11.844999313354492,2373.702880859375,141.1601104736328
2024_149,0629豪雨,闊葉樹林型,58.584415844568085,263953.05,2621807.9,7.59499979019165,4.809999942779541,5.259999752044678,1674.802001953125,90.57408905029297
2024_158,凱米颱風,闊葉樹林型,38.004957659317206,224401.62,2489424.99,265.125,170.12998962402344,232.8199920654297,2656.980224609375,148.9040069580078
2024_162,凱米颱風,闊葉樹林型,38.78215347624,229298.86,2496960.71,265.125,170.12998962402344,232.8199920654297,3115.65869140625,164.131591796875
2024_163,山陀兒颱風,闊葉樹林型,32.73080151420785,239100.81,2499484.38,268.6300048828125,98.54000091552734,223.9199981689453,2480.2919921875,134.50819396972656
2024_164,山陀兒颱風,闊葉樹林型,16.253917058152773,240424.53,2500900.2,260.3349914550781,87.08999633789062,207.5800018310547,2492.38916015625,125.9029312133789
2024_165,凱米颱風,闊葉樹林型,25.159789433981928,237826.85,2501142.7,269.2200012207031,169.40499877929688,234.33999633789062,2563.135009765625,133.9579620361328
2024_167,山陀兒颱風,闊葉樹林型,20.556045219583467,239573.84,2501881.39,246.7949981689453,83.93999481201172,205.4550018310547,2563.135009765625,133.9579620361328
2024_169,凱米颱風,闊葉樹林型,44.946184270621984,216976.08,2502692.2,269.2749938964844,164.1649932861328,244.17498779296875,3282.09326171875,164.9807586669922
2024_170,凱米颱風,闊葉樹林型,19.33554969199933,235591.98,2504175.26,269.2200012207031,169.40499877929688,234.33999633789062,2563.135009765625,133.9579620361328
2024_172,山陀兒颱風,闊葉樹林型,37.60152555834086,240973.49,2507649.42,260.3349914550781,87.08999633789062,207.5800018310547,2523.927734375,132.65663146972656
2024_173,0629豪雨,闊葉樹林型,40.04325099636187,243751.39,2507958.85,3.18999981880188,2.0799999237060547,3.18999981880188,2523.927734375,132.65663146972656
2024_175,山陀兒颱風,闊葉樹林型,38.876655136344326,244955.57,2508755.38,260.3349914550781,87.08999633789062,207.5800018310547,2305.17626953125,132.13438415527344
2024_177,凱米颱風,闊葉樹林型,49.031074837241086,233011.57,2510523.36,269.2200012207031,169.40499877929688,234.33999633789062,2856.927490234375,156.2165985107422
2024_179,凱米颱風,闊葉樹林型,26.56505117707799,224885.26,2511323.75,277.5,178.864990234375,254.864990234375,3089.994384765625,176.77316284179688
2024_180,山陀兒颱風,闊葉樹林型,50.674571392524335,240056.71,2512015.71,253.54998779296875,87.13499450683594,205.18499755859375,2659.226318359375,138.2041473388672
2024_187,凱米颱風,闊葉樹林型,38.99732513321522,235217.89,2514233.6,272.3450012207031,180.00498962402344,244.22000122070312,2649.91015625,142.32667541503906
2024_190,山陀兒颱風,闊葉樹林型,52.85410466136141,236367.26,2514892.79,237.64999389648438,82.66500091552734,194.2449951171875,2649.91015625,142.32667541503906
2024_192,凱米颱風,闊葉樹林型,23.061135616050905,228084.6,2526286.47,292.2749938964844,184.69000244140625,266.3899841308594,2811.63818359375,156.8657989501953
2024_196,凱米颱風,闊葉樹林型,18.58988204700748,226923.19,2530584.81,292.2749938964844,184.69000244140625,266.3899841308594,2923.65380859375,170.8692626953125
2024_197,山陀兒颱風,闊葉樹林型,40.79858749551321,242895.77,2533722.44,217.25999450683594,80.8699951171875,178.01499938964844,2742.97314453125,134.78146362304688
2024_198,凱米颱風,闊葉樹林型,47.13939561888404,228289.92,2535532.62,288.2250061035156,168.4550018310547,261.56500244140625,2989.65869140625,161.69830322265625
2024_200,山陀兒颱風,闊葉樹林型,34.78470182920318,254513.93,2538101.01,234.87998962402344,95.98999786376953,197.92999267578125,2552.65673828125,143.5482940673828
2024_202,凱米颱風,闊葉樹林型,35.16278633434701,226873.09,2540760.62,288.2250061035156,168.4550018310547,261.56500244140625,3075.998046875,173.19439697265625
2024_203,凱米颱風,闊葉樹林型,34.52178114261242,220979.0,2542284.51,288.2250061035156,168.4550018310547,261.56500244140625,2914.75244140625,176.5850067138672
2024_205,凱米颱風,闊葉樹林型,36.00673320377917,225740.93,2544452.92,287.9649963378906,152.81500244140625,256.3849792480469,2630.49951171875,160.43226623535156
2024_208,山陀兒颱風,闊葉樹林型,44.23706899687729,261314.74,2547391.64,237.12998962402344,99.3499984741211,190.86000061035156,2029.1551513671875,112.76154327392578
2024_219,凱米颱風,闊葉樹林型,33.946295027753955,218918.79,2558570.79,320.6099853515625,165.9199981689453,291.32000732421875,2666.719482421875,172.3930206298828
2024_220,凱米颱風,闊葉樹林型,38.78215347624,218099.95,2560013.8,320.6099853515625,165.9199981689453,291.32000732421875,2666.719482421875,172.3930206298828
2024_221,凱米颱風,闊葉樹林型,45.142527402683065,218122.58,2559675.72,320.6099853515625,165.9199981689453,291.32000732421875,2666.719482421875,172.3930206298828
2024_235,凱米颱風,闊葉樹林型,45.86825078796896,230798.13,2581959.48,314.6549987792969,167.114990234375,291.2599792480469,2512.659912109375,144.93051147460938
2024_236,凱米颱風,闊葉樹林型,36.71637457580036,230809.25,2582164.11,314.6549987792969,167.114990234375,291.2599792480469,2512.659912109375,144.93051147460938
2024_241,0629豪雨,闊葉樹林型,29.32750061118656,231419.23,2585190.66,1.409999966621399,0.6499999761581421,0.7599999904632568,2483.99609375,139.27691650390625
2024_248,凱米颱風,竹林,48.540940845142885,212128.53,2596665.22,298.85498046875,151.30499267578125,280.2449951171875,2626.04248046875,147.5991973876953
2024_249,凱米颱風,闊葉樹林型,56.40137426509117,212856.18,2597042.56,298.85498046875,151.30499267578125,280.2449951171875,2626.04248046875,147.5991973876953
2024_252,凱米颱風,闊葉樹林型,33.197229942878394,218152.99,2606373.48,271.6000061035156,139.93499755859375,261.6499938964844,2382.69189453125,140.41598510742188
2024_253,凱米颱風,闊葉樹林型,25.772653472692426,218629.67,2606760.02,271.6000061035156,139.93499755859375,261.6499938964844,2382.69189453125,140.41598510742188
2024_254,凱米颱風,闊葉樹林型,35.009177890477666,218798.86,2606640.76,271.6000061035156,139.93499755859375,261.6499938964844,2382.69189453125,140.41598510742188
2024_255,凱米颱風,闊葉樹林型,48.37348359769412,232152.08,2607212.01,284.6199951171875,136.80999755859375,273.4700012207031,1900.8328857421875,102.0048828125
2024_256,山陀兒颱風,闊葉樹林型,22.59136070457113,270495.94,2574608.99,207.2449951171875,101.35499572753906,167.83999633789062,2328.449951171875,156.06617736816406
2024_264,凱米颱風,闊葉樹林型,48.39453039927944,243645.69,2619688.98,286.1349792480469,145.53500366210938,274.30499267578125,2301.100830078125,117.92032623291016
2024_273,山陀兒颱風,闊葉樹林型,33.946295027753955,308060.84,2632021.8,177.239990234375,74.03499603271484,141.28500366210938,1672.8399658203125,121.0213623046875
2024_284,康芮颱風,闊葉樹林型,52.61435829572586,294473.93,2653398.13,88.57499694824219,78.25499725341797,88.57499694824219,1986.802001953125,125.88800048828125
2024_295,康芮颱風,闊葉樹林型,47.18544559863653,299173.76,2680815.73,175.375,166.9250030517578,175.375,2229.95703125,142.79437255859375
2024_300,康芮颱風,闊葉樹林型,61.84253763835675,318067.03,2694272.65,163.52999877929688,150.73500061035156,163.52999877929688,1911.7799072265625,132.78627014160156
2024_302,康芮颱風,闊葉樹林型,49.19051468406037,311401.95,2698167.74,163.52999877929688,150.73500061035156,163.52999877929688,2004.0787353515625,134.87493896484375
2024_303,康芮颱風,闊葉樹林型,39.62559816710531,311164.05,2697911.52,163.52999877929688,150.73500061035156,163.52999877929688,2004.0787353515625,134.87493896484375
2024_305,凱米颱風,闊葉樹林型,45.86825078796896,287296.87,2700982.21,201.125,86.31999969482422,182.95999145507812,2244.089599609375,147.86839294433594
2024_314,凱米颱風,闊葉樹林型,39.727886428017456,311415.53,2709387.59,261.6999816894531,168.64498901367188,238.36000061035156,2132.533447265625,130.15982055664062
2024_315,凱米颱風,闊葉樹林型,37.247373202381205,308511.84,2709723.6,228.7899932861328,144.5449981689453,209.59500122070312,2177.974365234375,126.76237487792969
2024_317,凱米颱風,闊葉樹林型,32.331742392927794,315598.1,2714093.21,255.34500122070312,156.89999389648438,234.8699951171875,2312.360107421875,131.56048583984375
2024_319,康芮颱風,闊葉樹林型,39.84215955425675,318442.55,2715069.4,85.56499481201172,68.79000091552734,85.56499481201172,2234.2333984375,121.78244018554688
2024_320,康芮颱風,闊葉樹林型,43.33171975024536,315569.55,2716241.05,85.56499481201172,68.79000091552734,85.56499481201172,2370.122802734375,142.70834350585938
2024_324,康芮颱風,闊葉樹林型,31.311156133255537,319656.82,2717743.8,85.56499481201172,68.79000091552734,85.56499481201172,2282.44189453125,125.89100646972656
2024_326,康芮颱風,闊葉樹林型,26.56505117707799,295063.22,2718676.51,68.95999908447266,53.03499984741211,68.95999908447266,2188.5390625,149.33819580078125
2024_327,康芮颱風,闊葉樹林型,30.541505272932262,304252.43,2719192.9,78.6199951171875,64.43499755859375,78.6199951171875,2392.660888671875,149.40223693847656
2024_330,康芮颱風,闊葉樹林型,46.42958537828381,265150.64,2587049.25,58.10499954223633,52.375,58.10499954223633,2511.740966796875,142.35116577148438
2024_335,山陀兒颱風,闊葉樹林型,32.06706985148498,342772.03,2779708.9,303.9849853515625,132.489990234375,264.6000061035156,1770.1712646484375,164.4137725830078
2024_339,康芮颱風,闊葉樹林型,31.007583006867133,302930.67,2700574.89,80.66500091552734,68.31999969482422,80.66500091552734,2343.480224609375,148.95858764648438
2024_343,康芮颱風,闊葉樹林型,12.979350497927722,300321.85,2699543.59,76.94999694824219,65.60499572753906,76.94999694824219,2431.37255859375,175.65789794921875
2024_345,康芮颱風,闊葉樹林型,27.699472808055,293395.59,2716195.89,68.95999908447266,53.03499984741211,68.95999908447266,2188.5390625,149.33819580078125
2024_347,康芮颱風,闊葉樹林型,31.50340488200827,303353.1,2701115.24,80.66500091552734,68.31999969482422,80.66500091552734,2343.480224609375,148.95858764648438
2024_351,康芮颱風,闊葉樹林型,39.727886428017456,305917.53,2699054.11,108.95499420166016,97.56999969482422,108.95499420166016,2229.592041015625,148.98240661621094
2024_354,康芮颱風,闊葉樹林型,47.07775513424629,299826.34,2706605.92,76.94999694824219,65.60499572753906,76.94999694824219,2307.492431640625,143.34249877929688
2024_358,康芮颱風,闊葉樹林型,53.489925854091766,311140.66,2687097.08,72.61499786376953,63.72999954223633,72.61499786376953,2337.134521484375,137.57943725585938
2024_360,康芮颱風,闊葉樹林型,43.77679566071583,294404.32,2713978.87,68.95999908447266,53.03499984741211,68.95999908447266,2376.114990234375,139.33335876464844
2024_362,康芮颱風,闊葉樹林型,32.087580878338315,310945.51,2700471.98,82.22000122070312,70.79000091552734,82.22000122070312,1951.74169921875,117.67649841308594
2024_365,康芮颱風,闊葉樹林型,5.150652185902698,302255.37,2697659.9,108.95499420166016,97.56999969482422,108.95499420166016,2391.3486328125,132.9745330810547
2024_366,康芮颱風,闊葉樹林型,35.009177890477666,298539.97,2699932.01,76.94999694824219,65.60499572753906,76.94999694824219,2431.37255859375,175.65789794921875
2024_369,康芮颱風,闊葉樹林型,44.60058682281712,298907.34,2698740.82,88.00999450683594,78.61499786376953,88.00999450683594,2496.849365234375,158.23338317871094
2024_371,康芮颱風,闊葉樹林型,34.03756281454756,309521.53,2699974.85,80.66500091552734,68.31999969482422,80.66500091552734,2246.48779296875,140.47276306152344
2024_372,康芮颱風,闊葉樹林型,38.78215347624,305928.44,2707712.23,80.66500091552734,68.31999969482422,80.66500091552734,2177.974365234375,126.76237487792969
2024_373,康芮颱風,闊葉樹林型,38.903551214305885,302571.32,2700743.85,80.66500091552734,68.31999969482422,80.66500091552734,2343.480224609375,148.95858764648438
2024_374,康芮颱風,闊葉樹林型,37.790111559066204,292019.0,2719255.62,68.95999908447266,53.03499984741211,68.95999908447266,2188.5390625,149.33819580078125
2024_376,康芮颱風,闊葉樹林型,37.30694874098832,294413.22,2718739.94,68.95999908447266,53.03499984741211,68.95999908447266,2188.5390625,149.33819580078125
2024_378,康芮颱風,闊葉樹林型,12.979350497927722,299043.63,2700263.96,76.94999694824219,65.60499572753906,76.94999694824219,2431.37255859375,175.65789794921875
2024_379,康芮颱風,闊葉樹林型,27.726186750640903,303952.34,2691642.38,108.95499420166016,97.56999969482422,108.95499420166016,2296.26318359375,136.55491638183594
2024_386,康芮颱風,闊葉樹林型,45.32746215745959,309689.89,2698529.94,108.95499420166016,97.56999969482422,108.95499420166016,2229.592041015625,148.98240661621094
2024_392,康芮颱風,闊葉樹林型,25.159789433981928,294270.45,2718268.88,68.95999908447266,53.03499984741211,68.95999908447266,2188.5390625,149.33819580078125
2024_394,康芮颱風,闊葉樹林型,32.02597107856493,310030.44,2700658.12,80.66500091552734,68.31999969482422,80.66500091552734,2246.48779296875,140.47276306152344
2024_395,康芮颱風,闊葉樹林型,10.024987862075742,294789.26,2715627.57,68.95999908447266,53.03499984741211,68.95999908447266,2376.114990234375,139.33335876464844
2024_398,康芮颱風,闊葉樹林型,40.51058943733277,298416.3,2699582.68,76.94999694824219,65.60499572753906,76.94999694824219,2431.37255859375,175.65789794921875
2024_399,康芮颱風,闊葉樹林型,26.56505117707799,301057.4,2701420.02,80.66500091552734,68.31999969482422,80.66500091552734,2343.480224609375,148.95858764648438
2024_404,康芮颱風,闊葉樹林型,42.8624120924563,300189.49,2714760.42,68.95999908447266,53.03499984741211,68.95999908447266,2376.6259765625,150.5155029296875
2024_406,康芮颱風,闊葉樹林型,41.46155762076173,295511.09,2718051.29,68.95999908447266,53.03499984741211,68.95999908447266,2188.5390625,149.33819580078125
2024_407,康芮颱風,闊葉樹林型,24.65223572323068,292080.71,2719160.8,68.95999908447266,53.03499984741211,68.95999908447266,2188.5390625,149.33819580078125
2024_410,康芮颱風,闊葉樹林型,25.530275981014736,309472.66,2699910.02,80.66500091552734,68.31999969482422,80.66500091552734,2246.48779296875,140.47276306152344
2024_412,康芮颱風,闊葉樹林型,39.31462864873003,313905.55,2696303.1,163.52999877929688,150.73500061035156,163.52999877929688,2004.0787353515625,134.87493896484375
2024_413,康芮颱風,闊葉樹林型,40.810470609746446,280584.99,2647005.22,121.2249984741211,112.86000061035156,121.2249984741211,2698.134521484375,140.27084350585938
2024_414,康芮颱風,闊葉樹林型,48.082496179513946,299782.47,2675269.71,129.58999633789062,120.43499755859375,129.58999633789062,2352.610595703125,151.37234497070312
2024_415,康芮颱風,闊葉樹林型,60.54788905596764,301900.23,2675011.47,161.25498962402344,152.09500122070312,161.25498962402344,2353.627685546875,146.13784790039062
2024_420,康芮颱風,闊葉樹林型,37.247373202381205,295759.28,2672556.87,129.58999633789062,120.43499755859375,129.58999633789062,2353.409423828125,141.65667724609375
2024_421,康芮颱風,闊葉樹林型,51.88707349901336,291198.77,2667133.74,129.58999633789062,120.43499755859375,129.58999633789062,2369.746826171875,143.9454345703125
2024_425,康芮颱風,闊葉樹林型,46.68614334171695,285950.25,2662659.55,106.43000030517578,99.67499542236328,106.43000030517578,2402.202392578125,138.066162109375
2024_426,康芮颱風,闊葉樹林型,24.684429667267143,298395.67,2688642.66,88.00999450683594,78.61499786376953,88.00999450683594,2551.70947265625,157.11956787109375
2024_431,康芮颱風,闊葉樹林型,21.211450322740603,275570.15,2636217.03,119.2699966430664,109.05999755859375,119.2699966430664,2476.8828125,145.62222290039062
2024_432,康芮颱風,闊葉樹林型,42.93479585813085,299133.48,2675394.51,129.58999633789062,120.43499755859375,129.58999633789062,2352.610595703125,151.37234497070312
2024_433,康芮颱風,闊葉樹林型,45.510026207419365,303292.58,2676171.33,161.25498962402344,152.09500122070312,161.25498962402344,2353.627685546875,146.13784790039062
2024_434,康芮颱風,闊葉樹林型,42.16205280597383,281300.11,2657556.81,106.43000030517578,99.67499542236328,106.43000030517578,2648.472900390625,151.1837158203125
2024_437,康芮颱風,闊葉樹林型,24.22774531795417,274658.71,2633326.68,119.2699966430664,109.05999755859375,119.2699966430664,2296.82373046875,127.26499938964844
2024_441,康芮颱風,闊葉樹林型,40.53479707962874,290356.01,2668076.69,120.51499938964844,114.1449966430664,120.51499938964844,2487.142333984375,147.5215301513672
2024_442,康芮颱風,闊葉樹林型,41.74343906313782,291921.85,2686586.98,175.375,166.9250030517578,175.375,2679.881591796875,156.8087615966797
2024_462,康芮颱風,闊葉樹林型,15.793169048263966,286051.23,2648057.91,121.12999725341797,107.79000091552734,121.12999725341797,2090.37939453125,122.56769561767578
2024_463,康芮颱風,闊葉樹林型,9.520202144985053,277665.05,2637562.12,119.2699966430664,109.05999755859375,119.2699966430664,2476.8828125,145.62222290039062
2024_465,康芮颱風,闊葉樹林型,41.37023532050225,303722.75,2676048.15,161.25498962402344,152.09500122070312,161.25498962402344,2353.627685546875,146.13784790039062
2024_472,康芮颱風,闊葉樹林型,57.56153227970862,298819.6,2675788.72,129.58999633789062,120.43499755859375,129.58999633789062,2352.610595703125,151.37234497070312
2024_477,康芮颱風,闊葉樹林型,49.3676133591072,292189.23,2687618.9,175.375,166.9250030517578,175.375,2679.881591796875,156.8087615966797
2024_479,康芮颱風,闊葉樹林型,43.10912630411683,296000.88,2680646.92,175.375,166.9250030517578,175.375,2229.95703125,142.79437255859375
2024_480,康芮颱風,闊葉樹林型,43.88356587860426,298659.27,2688693.61,88.00999450683594,78.61499786376953,88.00999450683594,2551.70947265625,157.11956787109375
2024_485,康芮颱風,闊葉樹林型,53.43820636802773,298142.9,2690735.33,88.00999450683594,78.61499786376953,88.00999450683594,2551.70947265625,157.11956787109375
2024_487,康芮颱風,闊葉樹林型,18.58988204700748,286083.74,2648123.82,121.12999725341797,107.79000091552734,121.12999725341797,2090.37939453125,122.56769561767578
2024_490,山陀兒颱風,闊葉樹林型,46.40528916796506,227863.19,2508665.64,236.3149871826172,96.73999786376953,201.01499938964844,3247.296630859375,172.06101989746094
2024_492,山陀兒颱風,闊葉樹林型,22.59136070457113,231038.0,2528367.55,211.51499938964844,76.70499420166016,179.85499572753906,2703.9736328125,138.96592712402344
2024_494,山陀兒颱風,闊葉樹林型,60.45702697806984,225921.5,2509428.72,236.3149871826172,96.73999786376953,201.01499938964844,3247.296630859375,172.06101989746094
2024_501,山陀兒颱風,闊葉樹林型,37.11250830386473,222410.44,2517734.51,206.19000244140625,78.375,180.239990234375,2973.652587890625,167.24110412597656
2024_504,山陀兒颱風,闊葉樹林型,44.783515145502,236773.63,2513720.14,237.64999389648438,82.66500091552734,194.2449951171875,2649.91015625,142.32667541503906
2024_506,山陀兒颱風,闊葉樹林型,49.57446684129998,224941.6,2509892.74,236.3149871826172,96.73999786376953,201.01499938964844,3247.296630859375,172.06101989746094
2024_510,山陀兒颱風,闊葉樹林型,28.835768652404315,224083.71,2511190.84,206.19000244140625,78.375,180.239990234375,3345.975341796875,177.1853790283203
2024_511,康芮颱風,闊葉樹林型,42.302624878481225,230000.88,2566990.56,47.88999938964844,42.98500061035156,47.88999938964844,2771.051025390625,169.74252319335938
2024_515,山陀兒颱風,闊葉樹林型,46.242226022013895,246884.71,2531420.9,231.64498901367188,83.23500061035156,192.239990234375,2691.63232421875,130.44161987304688
2024_516,康芮颱風,闊葉樹林型,20.001783914715944,204717.36,2566118.04,42.76499938964844,38.89500045776367,42.76499938964844,2481.1416015625,155.58363342285156
2024_519,康芮颱風,闊葉樹林型,38.67344937613533,233814.97,2539083.8,50.02000045776367,43.14500045776367,50.02000045776367,2720.153076171875,152.07115173339844
2024_532,康芮颱風,闊葉樹林型,55.97058347467895,224757.62,2508905.91,30.28499984741211,25.459999084472656,30.28499984741211,3247.296630859375,172.06101989746094
2024_533,山陀兒颱風,竹林,2.0248682972773406,235287.24,2484703.95,255.80999755859375,91.36499786376953,222.60499572753906,2279.239501953125,129.17034912109375
2024_535,山陀兒颱風,闊葉樹林型,36.34180401854167,218070.75,2484266.22,248.64498901367188,110.28999328613281,220.80499267578125,3194.519287109375,174.19558715820312
2024_540,康芮颱風,闊葉樹林型,30.337664384844903,302094.11,2699868.42,80.66500091552734,68.31999969482422,80.66500091552734,2343.480224609375,148.95858764648438
2024_541,康芮颱風,闊葉樹林型,31.693440803183943,310331.88,2700214.69,80.66500091552734,68.31999969482422,80.66500091552734,2246.48779296875,140.47276306152344
2024_542,康芮颱風,闊葉樹林型,32.51251731617002,310503.17,2700239.95,80.66500091552734,68.31999969482422,80.66500091552734,2246.48779296875,140.47276306152344
2024_544,康芮颱風,闊葉樹林型,23.58638143384095,294689.23,2718394.38,68.95999908447266,53.03499984741211,68.95999908447266,2188.5390625,149.33819580078125
2024_545,康芮颱風,闊葉樹林型,28.40597188009524,294667.12,2718472.84,68.95999908447266,53.03499984741211,68.95999908447266,2188.5390625,149.33819580078125
2024_548,康芮颱風,闊葉樹林型,59.193018882894826,301621.41,2699583.41,80.66500091552734,68.31999969482422,80.66500091552734,2343.480224609375,148.95858764648438
2024_549,康芮颱風,闊葉樹林型,29.71061986959468,301848.39,2699633.58,80.66500091552734,68.31999969482422,80.66500091552734,2343.480224609375,148.95858764648438
2024_550,康芮颱風,闊葉樹林型,22.40687120493745,301745.85,2699724.34,80.66500091552734,68.31999969482422,80.66500091552734,2343.480224609375,148.95858764648438
2024_551,康芮颱風,闊葉樹林型,36.71637457580036,294372.23,2719706.17,68.95999908447266,53.03499984741211,68.95999908447266,2188.5390625,149.33819580078125
2024_552,康芮颱風,闊葉樹林型,52.06240512309672,294215.48,2719777.09,68.95999908447266,53.03499984741211,68.95999908447266,2188.5390625,149.33819580078125
2024_555,康芮颱風,闊葉樹林型,37.247373202381205,307696.45,2698212.33,108.95499420166016,97.56999969482422,108.95499420166016,2229.592041015625,148.98240661621094
2024_556,康芮颱風,闊葉樹林型,40.7628826356304,307619.32,2698251.95,108.95499420166016,97.56999969482422,108.95499420166016,2229.592041015625,148.98240661621094
2024_561,康芮颱風,闊葉樹林型,29.92228709167213,294498.38,2719391.29,68.95999908447266,53.03499984741211,68.95999908447266,2188.5390625,149.33819580078125
2024_564,康芮颱風,闊葉樹林型,39.77877859061192,305021.91,2701468.38,80.66500091552734,68.31999969482422,80.66500091552734,2343.480224609375,148.95858764648438
2024_568,康芮颱風,闊葉樹林型,33.425567049364545,299953.7,2697673.25,88.00999450683594,78.61499786376953,88.00999450683594,2496.849365234375,158.23338317871094
2024_572,康芮颱風,闊葉樹林型,56.60349863455568,301766.97,2697247.13,108.95499420166016,97.56999969482422,108.95499420166016,2391.3486328125,132.9745330810547
2024_582,康芮颱風,闊葉樹林型,20.88727638387147,273159.62,2637631.44,119.2699966430664,109.05999755859375,119.2699966430664,2296.82373046875,127.26499938964844
2024_584,康芮颱風,闊葉樹林型,35.43232547287678,235842.84,2566359.5,50.084999084472656,45.71500015258789,50.084999084472656,2586.2177734375,142.27951049804688
2024_586,山陀兒颱風,闊葉樹林型,48.11116319293781,240315.7,2545457.27,203.46499633789062,86.41999816894531,170.56500244140625,2254.800537109375,129.48187255859375
2024_589,山陀兒颱風,闊葉樹林型,26.56505117707799,243513.2,2545660.53,203.46499633789062,86.41999816894531,170.56500244140625,2254.800537109375,129.48187255859375
2024_591,山陀兒颱風,闊葉樹林型,57.9189041332565,228070.25,2515328.36,206.19000244140625,78.375,180.239990234375,3089.994384765625,176.77316284179688
2024_597,山陀兒颱風,闊葉樹林型,36.08714706573126,224217.8,2459549.33,279.0849914550781,99.47999572753906,244.22499084472656,2740.746337890625,165.33071899414062
2024_598,山陀兒颱風,闊葉樹林型,43.33171975024536,221950.63,2469455.44,269.6399841308594,104.13999938964844,239.17999267578125,3528.408203125,194.85324096679688
2024_599,0629豪雨,闊葉樹林型,47.66726112371988,232636.39,2484302.79,2.254999876022339,1.5950000286102295,2.069999933242798,2438.184814453125,130.67996215820312
2024_600,凱米颱風,闊葉樹林型,35.565430802303304,224819.06,2487554.04,279.2149963378906,174.1649932861328,243.9550018310547,2269.083984375,126.86155700683594
2024_602,山陀兒颱風,闊葉樹林型,32.47251629973426,243705.57,2495112.68,265.2900085449219,92.57999420166016,217.64498901367188,2408.88671875,142.03627014160156
2024_605,山陀兒颱風,闊葉樹林型,43.66924012026495,238961.36,2499358.18,268.6300048828125,98.54000091552734,223.9199981689453,2480.2919921875,134.50819396972656
2024_615,山陀兒颱風,闊葉樹林型,39.26219086021912,241741.42,2506479.63,260.3349914550781,87.08999633789062,207.5800018310547,2523.927734375,132.65663146972656
2024_616,山陀兒颱風,闊葉樹林型,32.087580878338315,247167.63,2506695.21,260.3349914550781,87.08999633789062,207.5800018310547,2305.17626953125,132.13438415527344
2024_617,山陀兒颱風,闊葉樹林型,49.41314174104439,240265.03,2507869.81,260.3349914550781,87.08999633789062,207.5800018310547,2523.927734375,132.65663146972656
2024_619,山陀兒颱風,闊葉樹林型,45.86825078796896,244823.09,2508598.75,260.3349914550781,87.08999633789062,207.5800018310547,2523.927734375,132.65663146972656
2024_620,山陀兒颱風,闊葉樹林型,54.75247894928766,243045.09,2513262.15,253.54998779296875,87.13499450683594,205.18499755859375,2659.226318359375,138.2041473388672
2024_626,凱米颱風,闊葉樹林型,24.260799584868057,219525.53,2525061.91,292.2749938964844,184.69000244140625,266.3899841308594,3080.857421875,169.23855590820312
2024_628,凱米颱風,闊葉樹林型,25.034387530343444,218196.83,2527846.97,305.31500244140625,188.76998901367188,282.0149841308594,2933.138916015625,168.9228057861328
2024_629,凱米颱風,闊葉樹林型,12.604382648379184,222043.92,2529048.95,292.2749938964844,184.69000244140625,266.3899841308594,2925.142578125,173.83131408691406
2024_630,凱米颱風,闊葉樹林型,41.86581899605287,238375.12,2532963.25,295.82000732421875,204.47000122070312,265.80999755859375,2659.308349609375,132.2608642578125
2024_631,凱米颱風,闊葉樹林型,41.74343906313782,219853.37,2533061.09,292.2749938964844,184.69000244140625,266.3899841308594,2925.142578125,173.83131408691406
2024_632,凱米颱風,闊葉樹林型,41.01108156155348,225047.53,2533964.38,288.2250061035156,168.4550018310547,261.56500244140625,2989.65869140625,161.69830322265625
2024_638,山陀兒颱風,闊葉樹林型,47.90193788213671,254102.58,2538202.82,234.87998962402344,95.98999786376953,197.92999267578125,2552.65673828125,143.5482940673828
2024_642,凱米颱風,闊葉樹林型,20.001783914715944,218631.51,2541656.15,294.7149963378906,175.40499877929688,269.3399963378906,2956.617919921875,183.99441528320312
2024_648,凱米颱風,闊葉樹林型,50.07771757914672,251026.01,2547975.95,260.67999267578125,137.3300018310547,215.85499572753906,1995.0562744140625,105.32012939453125
2024_652,凱米颱風,闊葉樹林型,42.302624878481225,236676.01,2552884.85,285.9150085449219,157.76998901367188,253.98500061035156,2552.2109375,149.14236450195312
2024_654,凱米颱風,闊葉樹林型,12.755871704044356,222492.89,2553436.97,287.9649963378906,152.81500244140625,256.3849792480469,2674.13916015625,157.52418518066406
2024_659,0629豪雨,闊葉樹林型,40.31554221077258,232312.0,2557626.19,0.5199999809265137,0.3100000023841858,0.48499998450279236,2778.01904296875,166.40513610839844
2024_660,凱米颱風,闊葉樹林型,25.772653472692426,215194.48,2557930.82,320.6099853515625,165.9199981689453,291.32000732421875,2666.719482421875,172.3930206298828
2024_663,凱米颱風,闊葉樹林型,31.007583006867133,219836.23,2558764.16,300.3599853515625,161.1199951171875,270.92999267578125,2472.412841796875,158.74024963378906
2024_664,凱米颱風,闊葉樹林型,38.99732513321522,228389.31,2561424.17,300.3599853515625,161.1199951171875,270.92999267578125,2777.9365234375,169.5355224609375
2024_673,凱米颱風,闊葉樹林型,37.83331466287141,227107.16,2571913.05,318.35498046875,174.73500061035156,294.04998779296875,2704.38232421875,173.16522216796875
2024_675,凱米颱風,闊葉樹林型,31.75630295195132,224321.21,2575928.72,318.35498046875,174.73500061035156,294.04998779296875,2723.8056640625,166.2555389404297
2024_681,凱米颱風,闊葉樹林型,41.86581899605287,221536.94,2582750.71,317.625,169.30999755859375,295.75,2686.809326171875,153.22703552246094
2024_682,凱米颱風,闊葉樹林型,39.98069050753484,221906.27,2583794.55,317.625,169.30999755859375,295.75,2672.93408203125,146.8203125
2024_683,凱米颱風,闊葉樹林型,42.27030207946822,216633.21,2583799.1,303.19500732421875,154.1949920654297,274.8599853515625,2618.4912109375,152.3922882080078
2024_689,凱米颱風,竹林,37.83331466287141,222335.65,2592395.93,320.7699890136719,163.61000061035156,305.6300048828125,2850.0078125,165.6585693359375
2024_690,凱米颱風,闊葉樹林型,36.71637457580036,224089.33,2595472.51,320.7699890136719,163.61000061035156,305.6300048828125,3152.661865234375,178.15899658203125
2024_691,凱米颱風,闊葉樹林型,45.74135233937299,213188.76,2595534.74,298.85498046875,151.30499267578125,280.2449951171875,2626.04248046875,147.5991973876953
2024_693,凱米颱風,闊葉樹林型,38.32881810145589,217301.93,2596024.69,298.85498046875,151.30499267578125,280.2449951171875,2744.40185546875,161.41140747070312
2024_698,凱米颱風,竹林,47.9744503541902,218579.46,2598377.43,298.85498046875,151.30499267578125,280.2449951171875,2744.40185546875,161.41140747070312
2024_699,凱米颱風,闊葉樹林型,47.91647143816213,209994.0,2598391.07,298.85498046875,151.30499267578125,280.2449951171875,2626.04248046875,147.5991973876953
2024_703,凱米颱風,闊葉樹林型,37.29207573526101,211306.86,2603989.98,271.6000061035156,139.93499755859375,261.6499938964844,2436.983154296875,132.8064727783203
2024_708,凱米颱風,闊葉樹林型,37.60152555834086,242374.55,2608188.92,289.875,139.8300018310547,278.93499755859375,2416.623046875,128.63072204589844
2024_709,凱米颱風,闊葉樹林型,41.99819984310421,274509.37,2550232.7,255.01998901367188,144.9099884033203,213.26499938964844,2004.3348388671875,118.74603271484375
2024_710,山陀兒颱風,闊葉樹林型,44.783515145502,264719.24,2552623.18,237.12998962402344,99.3499984741211,190.86000061035156,2134.708251953125,119.52919006347656
2024_711,凱米颱風,闊葉樹林型,41.86581899605287,279598.42,2553546.06,255.01998901367188,144.9099884033203,213.26499938964844,2136.243408203125,128.89334106445312
2024_716,凱米颱風,闊葉樹林型,48.99761517464819,226659.74,2615679.12,262.78997802734375,140.1199951171875,256.2550048828125,2098.72265625,117.17169952392578
2024_719,凱米颱風,闊葉樹林型,52.61435829572586,252099.1,2627038.04,270.5099792480469,148.51998901367188,262.364990234375,2095.421142578125,116.53135681152344
2024_721,凱米颱風,闊葉樹林型,35.06054243271615,238554.22,2637368.22,232.32998657226562,104.58999633789062,222.85499572753906,1915.0513916015625,104.89905548095703
2024_722,凱米颱風,闊葉樹林型,29.32750061118656,220811.87,2639881.69,231.77999877929688,97.13499450683594,224.05999755859375,1600.0316162109375,92.07410430908203
2024_725,0629豪雨,闊葉樹林型,36.839310662660615,232400.79,2663328.22,30.844999313354492,16.344999313354492,16.885000228881836,1751.3350830078125,105.95482635498047
2024_730,凱米颱風,闊葉樹林型,61.78259089325392,250783.1,2713533.1,170.06500244140625,78.25499725341797,155.3300018310547,2163.37353515625,149.95419311523438
2024_732,康芮颱風,闊葉樹林型,60.9688276746224,282485.87,2612223.45,71.91999816894531,63.54499816894531,71.91999816894531,2404.671142578125,134.67222595214844
2024_734,0629豪雨,闊葉樹林型,60.12838253595148,265436.22,2623040.94,36.8849983215332,33.494998931884766,34.57500076293945,2125.00048828125,115.07217407226562
2024_741,康芮颱風,闊葉樹林型,41.46155762076173,294345.09,2640634.15,91.40499877929688,82.86499786376953,91.40499877929688,2165.39794921875,142.8837127685547
2024_746,康芮颱風,闊葉樹林型,41.23221278344418,300089.86,2656195.86,125.51499938964844,114.44499969482422,125.51499938964844,2146.370361328125,133.07498168945312
2024_756,凱米颱風,闊葉樹林型,39.88006394186307,296459.25,2674069.51,193.8699951171875,99.20499420166016,168.95999145507812,2352.610595703125,151.37234497070312
2024_759,凱米颱風,闊葉樹林型,44.359258950107865,297107.6,2675973.21,193.8699951171875,99.20499420166016,168.95999145507812,2352.610595703125,151.37234497070312
2024_760,康芮颱風,闊葉樹林型,55.26351871874205,308849.24,2676256.59,161.25498962402344,152.09500122070312,161.25498962402344,2626.517578125,162.26905822753906
2024_764,康芮颱風,闊葉樹林型,44.4339436755831,297270.39,2685040.13,175.375,166.9250030517578,175.375,2602.125244140625,151.9195098876953
2024_765,康芮颱風,闊葉樹林型,44.48970525868108,297033.32,2685023.9,175.375,166.9250030517578,175.375,2602.125244140625,151.9195098876953
2024_766,0629豪雨,闊葉樹林型,44.7288802769619,315645.79,2686672.63,53.13999938964844,35.415000915527344,47.63999938964844,2337.134521484375,137.57943725585938
2024_769,康芮颱風,闊葉樹林型,10.21937711459359,309004.75,2689183.19,108.95499420166016,97.56999969482422,108.95499420166016,2348.517333984375,138.66358947753906
2024_770,康芮颱風,闊葉樹林型,39.62559816710531,306667.7,2689685.18,108.95499420166016,97.56999969482422,108.95499420166016,2348.517333984375,138.66358947753906
2024_771,康芮颱風,闊葉樹林型,57.51230714829792,307145.24,2689999.83,108.95499420166016,97.56999969482422,108.95499420166016,2348.517333984375,138.66358947753906
2024_772,康芮颱風,闊葉樹林型,45.22207888903144,297641.29,2690084.2,88.00999450683594,78.61499786376953,88.00999450683594,2551.70947265625,157.11956787109375
2024_773,康芮颱風,闊葉樹林型,50.91384053616322,306005.98,2690096.04,108.95499420166016,97.56999969482422,108.95499420166016,2348.517333984375,138.66358947753906
2024_778,凱米颱風,闊葉樹林型,43.99915861590316,273111.66,2692064.85,194.58499145507812,81.67499542236328,179.75498962402344,2426.532470703125,144.58673095703125
2024_779,康芮颱風,闊葉樹林型,45.91869233345094,311293.72,2692503.51,163.52999877929688,150.73500061035156,163.52999877929688,2136.267333984375,136.73049926757812
2024_780,康芮颱風,闊葉樹林型,40.7628826356304,307778.18,2693067.96,108.95499420166016,97.56999969482422,108.95499420166016,2348.517333984375,138.66358947753906
2024_781,康芮颱風,闊葉樹林型,35.06054243271615,308657.06,2693167.02,108.95499420166016,97.56999969482422,108.95499420166016,2348.517333984375,138.66358947753906
2024_782,康芮颱風,闊葉樹林型,46.242226022013895,308316.75,2693798.31,108.95499420166016,97.56999969482422,108.95499420166016,2348.517333984375,138.66358947753906
2024_784,康芮颱風,闊葉樹林型,54.90319877241541,318361.82,2696013.7,163.52999877929688,150.73500061035156,163.52999877929688,1911.7799072265625,132.78627014160156
2024_785,康芮颱風,闊葉樹林型,55.49493755032041,314857.85,2696717.1,163.52999877929688,150.73500061035156,163.52999877929688,2004.0787353515625,134.87493896484375
2024_786,0629豪雨,闊葉樹林型,56.63563976250667,317357.37,2696758.25,41.57499694824219,21.389999389648438,33.59499740600586,1911.7799072265625,132.78627014160156
2024_789,康芮颱風,闊葉樹林型,42.852042658024615,320741.53,2697789.77,163.52999877929688,150.73500061035156,163.52999877929688,1911.7799072265625,132.78627014160156
2024_790,康芮颱風,闊葉樹林型,38.004957659317206,299307.89,2698929.0,88.00999450683594,78.61499786376953,88.00999450683594,2496.849365234375,158.23338317871094
2024_791,康芮颱風,闊葉樹林型,30.17736603061792,298683.56,2699693.36,76.94999694824219,65.60499572753906,76.94999694824219,2431.37255859375,175.65789794921875
2024_792,凱米颱風,闊葉樹林型,59.071885829466005,322979.58,2699845.53,284.0099792480469,169.22000122070312,251.79998779296875,2114.876953125,122.31617736816406
2024_793,0629豪雨,闊葉樹林型,39.72788642801746,286410.51,2700071.29,12.079999923706055,6.744999885559082,7.829999923706055,2244.089599609375,147.86839294433594
2024_794,康芮颱風,闊葉樹林型,32.57233714755203,297839.77,2700545.71,76.94999694824219,65.60499572753906,76.94999694824219,2431.37255859375,175.65789794921875
2024_800,凱米颱風,闊葉樹林型,12.68038349181982,312157.73,2709504.0,261.6999816894531,168.64498901367188,238.36000061035156,2132.533447265625,130.15982055664062
2024_801,凱米颱風,闊葉樹林型,32.47251629973426,315803.11,2709861.62,261.6999816894531,168.64498901367188,238.36000061035156,2132.533447265625,130.15982055664062
2024_803,凱米颱風,闊葉樹林型,38.67344937613533,315777.89,2710031.59,261.6999816894531,168.64498901367188,238.36000061035156,2132.533447265625,130.15982055664062
2024_804,凱米颱風,闊葉樹林型,37.90505895833579,300468.24,2710498.23,216.6949920654297,126.16499328613281,200.34500122070312,2307.492431640625,143.34249877929688
2024_806,凱米颱風,闊葉樹林型,30.541505272932262,317354.7,2713598.86,255.34500122070312,156.89999389648438,234.8699951171875,2234.2333984375,121.78244018554688
2024_807,凱米颱風,闊葉樹林型,36.00673320377918,317399.18,2713682.0,255.34500122070312,156.89999389648438,234.8699951171875,2234.2333984375,121.78244018554688
2024_808,凱米颱風,闊葉樹林型,30.17736603061792,317474.9,2713821.57,255.34500122070312,156.89999389648438,234.8699951171875,2234.2333984375,121.78244018554688
2024_809,凱米颱風,闊葉樹林型,27.155878281943988,303461.13,2714050.01,230.9949951171875,141.35499572753906,213.14999389648438,2613.40576171875,163.71588134765625
2024_810,凱米颱風,闊葉樹林型,21.211450322740603,324704.1,2714200.45,295.3249816894531,179.09500122070312,266.0400085449219,2363.73046875,128.5493927001953
2024_812,山陀兒颱風,闊葉樹林型,28.960080041115702,305508.95,2714681.05,250.2949981689453,123.63999938964844,192.6599884033203,2613.40576171875,163.71588134765625
2024_815,凱米颱風,闊葉樹林型,40.41337530810542,300091.5,2715113.01,220.43499755859375,115.43999481201172,203.64498901367188,2376.6259765625,150.5155029296875
2024_817,康芮颱風,闊葉樹林型,32.63194030642942,318311.07,2715636.6,85.56499481201172,68.79000091552734,85.56499481201172,2234.2333984375,121.78244018554688
2024_820,康芮颱風,闊葉樹林型,23.02549200852804,293634.79,2715988.34,68.95999908447266,53.03499984741211,68.95999908447266,2376.114990234375,139.33335876464844
2024_822,康芮颱風,闊葉樹林型,44.19926406432079,316395.94,2716221.89,85.56499481201172,68.79000091552734,85.56499481201172,2282.44189453125,125.89100646972656
2024_825,康芮颱風,闊葉樹林型,45.16024384854909,316874.7,2716571.87,85.56499481201172,68.79000091552734,85.56499481201172,2282.44189453125,125.89100646972656
2024_826,凱米颱風,闊葉樹林型,35.009177890477666,322058.2,2716805.2,295.3249816894531,179.09500122070312,266.0400085449219,2225.34814453125,128.3487548828125
2024_827,康芮颱風,闊葉樹林型,42.674645497560086,325444.08,2717101.97,90.3499984741211,75.6199951171875,90.3499984741211,2225.34814453125,128.3487548828125
2024_830,康芮颱風,闊葉樹林型,30.36043784504823,292715.2,2718410.11,68.95999908447266,53.03499984741211,68.95999908447266,2188.5390625,149.33819580078125
2024_833,康芮颱風,闊葉樹林型,49.230075979996975,293706.04,2719234.77,68.95999908447266,53.03499984741211,68.95999908447266,2188.5390625,149.33819580078125
2024_836,凱米颱風,闊葉樹林型,47.90920660689003,284510.23,2721433.97,209.05499267578125,92.15999603271484,190.13999938964844,2147.759765625,139.14111328125
2024_838,凱米颱風,闊葉樹林型,50.12698754083821,323840.9,2748715.72,234.09999084472656,104.68499755859375,205.0749969482422,2385.520263671875,136.81820678710938
2024_847,凱米颱風,闊葉樹林型,25.682184661491608,225850.48,2487272.26,279.2149963378906,174.1649932861328,243.9550018310547,2269.083984375,126.86155700683594
2024_850,山陀兒颱風,闊葉樹林型,40.47420622680255,238672.8,2490846.12,268.6300048828125,98.54000091552734,223.9199981689453,2292.193115234375,131.33595275878906
2024_851,凱米颱風,闊葉樹林型,38.67344937613533,228971.04,2493327.79,265.125,170.12998962402344,232.8199920654297,2656.980224609375,148.9040069580078
2024_855,山陀兒颱風,闊葉樹林型,56.72796696037017,238592.87,2497159.0,268.6300048828125,98.54000091552734,223.9199981689453,2480.2919921875,134.50819396972656
2024_858,山陀兒颱風,闊葉樹林型,38.13247816190013,237509.53,2498335.29,268.6300048828125,98.54000091552734,223.9199981689453,2480.2919921875,134.50819396972656
2024_859,凱米颱風,闊葉樹林型,50.91384053616322,228111.38,2498610.41,265.125,170.12998962402344,232.8199920654297,3115.65869140625,164.131591796875
2024_861,山陀兒颱風,闊葉樹林型,30.809442202940232,239049.1,2499372.77,268.6300048828125,98.54000091552734,223.9199981689453,2480.2919921875,134.50819396972656
2024_862,山陀兒颱風,闊葉樹林型,48.74735872696335,239998.37,2501773.12,260.3349914550781,87.08999633789062,207.5800018310547,2492.38916015625,125.9029312133789
2024_863,凱米颱風,闊葉樹林型,30.26915524334413,233731.39,2504533.79,269.2200012207031,169.40499877929688,234.33999633789062,2678.989990234375,138.628173828125
2024_864,凱米颱風,闊葉樹林型,26.158981435332173,230207.08,2505685.19,269.2200012207031,169.40499877929688,234.33999633789062,2856.927490234375,156.2165985107422
2024_865,凱米颱風,闊葉樹林型,40.810470609746446,224283.21,2505973.37,274.1300048828125,171.9949951171875,244.11000061035156,3208.257568359375,163.9506378173828
2024_866,山陀兒颱風,闊葉樹林型,57.051975869857735,241090.4,2507891.91,260.3349914550781,87.08999633789062,207.5800018310547,2523.927734375,132.65663146972656
2024_867,山陀兒颱風,闊葉樹林型,28.960080041115702,241192.49,2507738.7,260.3349914550781,87.08999633789062,207.5800018310547,2523.927734375,132.65663146972656
2024_868,山陀兒颱風,闊葉樹林型,44.87411432914989,241212.88,2507863.08,260.3349914550781,87.08999633789062,207.5800018310547,2523.927734375,132.65663146972656
2024_869,凱米颱風,闊葉樹林型,38.577711707605054,244740.63,2515676.25,269.0099792480469,165.375,232.88499450683594,2659.226318359375,138.2041473388672
2024_872,山陀兒颱風,闊葉樹林型,38.11835994667712,244746.02,2523212.31,231.64498901367188,83.23500061035156,192.239990234375,2639.58642578125,125.33547973632812
2024_873,凱米颱風,闊葉樹林型,30.541505272932262,221468.08,2524094.14,292.2749938964844,184.69000244140625,266.3899841308594,3080.857421875,169.23855590820312
2024_877,凱米颱風,闊葉樹林型,42.52694856602216,226436.46,2525894.83,292.2749938964844,184.69000244140625,266.3899841308594,2811.63818359375,156.8657989501953
2024_879,凱米颱風,闊葉樹林型,37.247373202381205,222301.65,2527761.49,292.2749938964844,184.69000244140625,266.3899841308594,2925.142578125,173.83131408691406
2024_880,凱米颱風,闊葉樹林型,25.89250179780793,231089.13,2528388.67,295.82000732421875,204.47000122070312,265.80999755859375,2703.9736328125,138.96592712402344
2024_882,凱米颱風,闊葉樹林型,35.29811642184922,240104.41,2532696.69,265.66998291015625,162.4550018310547,227.375,2763.902587890625,134.30699157714844
2024_885,凱米颱風,闊葉樹林型,56.49206630262389,250649.9,2534751.43,260.8450012207031,149.5800018310547,217.43499755859375,2552.65673828125,143.5482940673828
2024_886,凱米颱風,闊葉樹林型,39.53553952464218,228150.02,2535479.74,288.2250061035156,168.4550018310547,261.56500244140625,2989.65869140625,161.69830322265625
2024_888,凱米颱風,闊葉樹林型,27.155878281943988,233565.57,2536303.47,276.2550048828125,163.09500122070312,244.52999877929688,2859.393798828125,158.3670654296875
2024_890,凱米颱風,闊葉樹林型,28.91046765839842,237739.75,2536556.03,276.2550048828125,163.09500122070312,244.52999877929688,2721.876220703125,133.96163940429688
2024_895,凱米颱風,闊葉樹林型,28.30319610038818,211662.79,2541340.18,294.7149963378906,175.40499877929688,269.3399963378906,2710.6376953125,174.08975219726562
2024_897,凱米颱風,闊葉樹林型,26.82087387239509,237238.93,2542295.29,276.2550048828125,163.09500122070312,244.52999877929688,2736.422119140625,151.38873291015625
2024_898,凱米颱風,闊葉樹林型,32.087580878338315,220765.75,2542920.53,288.2250061035156,168.4550018310547,261.56500244140625,2914.75244140625,176.5850067138672
2024_903,凱米颱風,闊葉樹林型,43.66924012026495,236941.18,2544176.5,276.2550048828125,163.09500122070312,244.52999877929688,2736.422119140625,151.38873291015625
2024_904,凱米颱風,闊葉樹林型,45.5703632033515,236446.09,2544290.35,276.2550048828125,163.09500122070312,244.52999877929688,2736.422119140625,151.38873291015625
2024_907,0629豪雨,闊葉樹林型,43.21072161527393,231581.88,2546923.13,0.6200000047683716,0.35499998927116394,0.6200000047683716,2634.498291015625,141.6938018798828
2024_909,凱米颱風,闊葉樹林型,20.001783914715944,214678.94,2548328.68,293.31500244140625,170.02499389648438,270.81500244140625,2664.70361328125,169.536376953125
2024_918,凱米颱風,闊葉樹林型,44.28418708125969,226669.81,2556872.45,300.3599853515625,161.1199951171875,270.92999267578125,2720.570556640625,170.38348388671875
2024_941,凱米颱風,闊葉樹林型,25.530275981014736,212775.43,2594414.49,298.85498046875,151.30499267578125,280.2449951171875,2626.04248046875,147.5991973876953
2024_942,凱米颱風,竹林,43.97995668722642,224044.64,2595562.88,320.7699890136719,163.61000061035156,305.6300048828125,3152.661865234375,178.15899658203125
2024_951,凱米颱風,闊葉樹林型,30.24625565345472,281014.43,2555284.57,245.12998962402344,137.66000366210938,201.96499633789062,2222.53564453125,144.83975219726562
2024_952,山陀兒颱風,闊葉樹林型,41.18592516570965,268630.3,2566354.29,213.70999145507812,101.81499481201172,175.7449951171875,2275.159423828125,142.87350463867188
2024_953,凱米颱風,闊葉樹林型,44.7288802769619,270319.37,2569250.21,272.72998046875,144.875,234.0749969482422,2246.871826171875,142.2772979736328
2024_954,山陀兒颱風,闊葉樹林型,59.80162363328649,275472.56,2600714.86,192.7899932861328,78.11499786376953,146.5500030517578,2360.921142578125,137.02381896972656
2024_957,凱米颱風,闊葉樹林型,39.88006394186307,225837.73,2613900.05,262.78997802734375,140.1199951171875,256.2550048828125,2098.72265625,117.17169952392578
2024_958,0629豪雨,闊葉樹林型,56.80197532782568,252703.11,2621630.4,7.924999713897705,3.929999828338623,4.259999752044678,2058.38232421875,106.2987289428711
2024_970,凱米颱風,闊葉樹林型,21.568129435647887,308131.99,2632752.93,246.6699981689453,133.6699981689453,205.38499450683594,1672.8399658203125,121.0213623046875
2024_990,康芮颱風,闊葉樹林型,40.53479707962874,297051.08,2679687.5,175.375,166.9250030517578,175.375,2229.95703125,142.79437255859375
2024_993,康芮颱風,闊葉樹林型,41.18592516570965,301811.18,2686172.26,180.08499145507812,171.09999084472656,180.08499145507812,2352.1640625,140.07826232910156
2024_1002,康芮颱風,闊葉樹林型,43.21072161527393,308546.7,2693095.74,108.95499420166016,97.56999969482422,108.95499420166016,2348.517333984375,138.66358947753906
2024_1003,凱米颱風,闊葉樹林型,43.844830570829245,328636.63,2693949.09,262.91998291015625,175.46499633789062,236.5349884033203,1987.7939453125,119.96694946289062
2024_1004,康芮颱風,闊葉樹林型,19.47122063449069,311702.48,2697812.1,163.52999877929688,150.73500061035156,163.52999877929688,2004.0787353515625,134.87493896484375
2024_1005,康芮颱風,闊葉樹林型,50.20054253351386,313294.85,2698231.58,163.52999877929688,150.73500061035156,163.52999877929688,2004.0787353515625,134.87493896484375
2024_1006,康芮颱風,闊葉樹林型,41.46155762076173,299466.24,2699106.9,88.00999450683594,78.61499786376953,88.00999450683594,2496.849365234375,158.23338317871094
2024_1010,凱米颱風,闊葉樹林型,27.238572082130062,304922.33,2703139.6,228.7899932861328,144.5449981689453,209.59500122070312,2343.480224609375,148.95858764648438
2024_1011,凱米颱風,闊葉樹林型,36.08714706573126,304274.33,2702895.31,228.7899932861328,144.5449981689453,209.59500122070312,2343.480224609375,148.95858764648438
2024_1012,凱米颱風,闊葉樹林型,25.530275981014736,304353.99,2703053.73,228.7899932861328,144.5449981689453,209.59500122070312,2343.480224609375,148.95858764648438
2024_1013,凱米颱風,闊葉樹林型,14.03624346792648,304155.13,2703309.68,228.7899932861328,144.5449981689453,209.59500122070312,2343.480224609375,148.95858764648438
2024_1014,凱米颱風,闊葉樹林型,26.849053663953967,304103.34,2704854.33,228.7899932861328,144.5449981689453,209.59500122070312,2343.480224609375,148.95858764648438
2024_1015,康芮颱風,闊葉樹林型,41.09292517464176,309330.98,2705132.21,80.66500091552734,68.31999969482422,80.66500091552734,2177.974365234375,126.76237487792969
2024_1016,康芮颱風,闊葉樹林型,36.34180401854167,305934.44,2708369.18,80.66500091552734,68.31999969482422,80.66500091552734,2177.974365234375,126.76237487792969
2024_1020,0629豪雨,闊葉樹林型,55.77194256223351,282454.54,2710127.27,12.079999923706055,6.744999885559082,7.829999923706055,2559.53369140625,157.6493377685547
2024_1025,康芮颱風,闊葉樹林型,31.160066779905723,315706.8,2714041.64,85.56499481201172,68.79000091552734,85.56499481201172,2312.360107421875,131.56048583984375
2024_1026,康芮颱風,闊葉樹林型,32.965670984008376,315554.25,2714010.97,85.56499481201172,68.79000091552734,85.56499481201172,2312.360107421875,131.56048583984375
2024_1034,凱米颱風,闊葉樹林型,49.41314174104439,322160.02,2716448.63,295.3249816894531,179.09500122070312,266.0400085449219,2225.34814453125,128.3487548828125
2024_1036,康芮颱風,闊葉樹林型,42.89347697966648,319479.24,2717727.33,85.56499481201172,68.79000091552734,85.56499481201172,2282.44189453125,125.89100646972656
2024_1046,凱米颱風,闊葉樹林型,37.29207573526101,215503.75,2542567.58,294.7149963378906,175.40499877929688,269.3399963378906,2956.617919921875,183.99441528320312
2024_1048,凱米颱風,闊葉樹林型,39.31462864873002,226826.45,2600843.11,281.94000244140625,138.37998962402344,271.72998046875,2559.213623046875,138.95001220703125
2024_1051,凱米颱風,闊葉樹林型,39.62559816710531,226093.88,2600639.92,281.94000244140625,138.37998962402344,271.72998046875,2559.213623046875,138.95001220703125
2024_1053,山陀兒颱風,闊葉樹林型,34.03756281454756,246949.89,2521510.94,253.54998779296875,87.13499450683594,205.18499755859375,2545.1064453125,130.6017608642578
2024_1054,山陀兒颱風,闊葉樹林型,34.03756281454756,246949.89,2521510.94,253.54998779296875,87.13499450683594,205.18499755859375,2545.1064453125,130.6017608642578
2024_1057,凱米颱風,闊葉樹林型,29.686933196903503,245771.89,2625624.26,272.864990234375,150.23500061035156,265.3450012207031,2427.895263671875,129.86436462402344
2024_1058,康芮颱風,闊葉樹林型,34.30834539460494,303656.66,2697429.74,108.95499420166016,97.56999969482422,108.95499420166016,2391.3486328125,132.9745330810547
2024_3596,0629豪雨,闊葉樹林型,48.80186853564354,317463.32,2693083.08,41.57499694824219,21.389999389648438,33.59499740600586,2065.531494140625,130.89926147460938
2024_3597,0629豪雨,闊葉樹林型,41.23221278344418,318335.45,2691383.16,41.57499694824219,21.389999389648438,33.59499740600586,2065.531494140625,130.89926147460938
2024_3598,0629豪雨,闊葉樹林型,35.565430802303304,314514.96,2689691.82,41.57499694824219,21.389999389648438,33.59499740600586,2136.267333984375,136.73049926757812
2024_3599,0629豪雨,闊葉樹林型,59.29888034823654,297717.98,2689055.78,32.35499954223633,25.40999984741211,30.489999771118164,2551.70947265625,157.11956787109375
2024_3601,0629豪雨,闊葉樹林型,58.0228697547188,313930.41,2692709.55,41.57499694824219,21.389999389648438,33.59499740600586,2136.267333984375,136.73049926757812
2024_3602,0629豪雨,闊葉樹林型,33.946295027753955,325290.23,2688281.42,62.939998626708984,50.92499923706055,62.709999084472656,2210.497802734375,138.9059600830078
2024_3605,0629豪雨,闊葉樹林型,42.302624878481225,325935.09,2687093.53,62.939998626708984,50.92499923706055,62.709999084472656,2210.497802734375,138.9059600830078
2024_3610,0629豪雨,闊葉樹林型,39.53553952464218,312520.69,2687847.39,53.13999938964844,35.415000915527344,47.63999938964844,2337.134521484375,137.57943725585938
2024_3611,0629豪雨,闊葉樹林型,32.005383208083494,318165.24,2681855.03,53.13999938964844,35.415000915527344,47.63999938964844,2427.614501953125,154.3777618408203
2024_3612,0629豪雨,闊葉樹林型,40.03075915578156,318679.81,2681838.21,53.13999938964844,35.415000915527344,47.63999938964844,2427.614501953125,154.3777618408203
2024_3613,0629豪雨,闊葉樹林型,45.501385656241695,314799.49,2683168.15,53.13999938964844,35.415000915527344,47.63999938964844,2337.134521484375,137.57943725585938
2024_3615,0629豪雨,闊葉樹林型,48.80186853564354,314801.64,2683018.13,53.13999938964844,35.415000915527344,47.63999938964844,2337.134521484375,137.57943725585938
2024_3617,0629豪雨,闊葉樹林型,46.5263493090976,325836.49,2687062.54,62.939998626708984,50.92499923706055,62.709999084472656,2210.497802734375,138.9059600830078
2024_3618,0629豪雨,闊葉樹林型,47.12401133336427,312996.83,2692717.2,41.57499694824219,21.389999389648438,33.59499740600586,2136.267333984375,136.73049926757812
2024_3619,0629豪雨,闊葉樹林型,45.71583529290024,320985.34,2692833.58,41.57499694824219,21.389999389648438,33.59499740600586,2065.531494140625,130.89926147460938
2024_3623,0629豪雨,闊葉樹林型,38.67344937613533,322300.77,2690517.66,48.03999710083008,32.91499710083008,47.814998626708984,2083.27685546875,137.91004943847656
2024_3624,0629豪雨,闊葉樹林型,38.903551214305885,313829.54,2690414.7,41.57499694824219,21.389999389648438,33.59499740600586,2136.267333984375,136.73049926757812
2024_3625,0629豪雨,闊葉樹林型,37.082382807835,301589.3,2689310.49,41.599998474121094,26.0,38.84000015258789,2296.26318359375,136.55491638183594
2024_3626,0629豪雨,闊葉樹林型,54.2969707265141,316716.72,2686581.75,53.13999938964844,35.415000915527344,47.63999938964844,2372.496826171875,144.7940216064453
2024_3627,0629豪雨,闊葉樹林型,36.08714706573126,318336.03,2687101.65,53.13999938964844,35.415000915527344,47.63999938964844,2372.496826171875,144.7940216064453
2024_3628,0629豪雨,闊葉樹林型,48.082496179513946,316682.95,2689639.26,41.57499694824219,21.389999389648438,33.59499740600586,2065.531494140625,130.89926147460938
2024_3629,0629豪雨,闊葉樹林型,50.24325709493154,320634.9,2687318.46,53.13999938964844,35.415000915527344,47.63999938964844,2372.496826171875,144.7940216064453
2024_3630,0629豪雨,闊葉樹林型,41.776914051774654,320848.14,2687069.07,53.13999938964844,35.415000915527344,47.63999938964844,2372.496826171875,144.7940216064453
2024_3631,0629豪雨,闊葉樹林型,47.18544559863653,320692.41,2687504.85,53.13999938964844,35.415000915527344,47.63999938964844,2372.496826171875,144.7940216064453
2024_3632,0629豪雨,闊葉樹林型,36.08714706573126,320873.93,2687381.95,53.13999938964844,35.415000915527344,47.63999938964844,2372.496826171875,144.7940216064453
2024_3633,0629豪雨,闊葉樹林型,36.08714706573126,321260.07,2686930.37,62.939998626708984,50.92499923706055,62.709999084472656,2210.497802734375,138.9059600830078
2024_3634,0629豪雨,闊葉樹林型,43.02734418130677,319374.52,2686796.26,53.13999938964844,35.415000915527344,47.63999938964844,2372.496826171875,144.7940216064453
2024_3635,0629豪雨,闊葉樹林型,44.359258950107865,319760.84,2686706.15,53.13999938964844,35.415000915527344,47.63999938964844,2372.496826171875,144.7940216064453
2024_3636,0629豪雨,闊葉樹林型,39.77877859061192,319600.85,2686536.45,53.13999938964844,35.415000915527344,47.63999938964844,2372.496826171875,144.7940216064453
2024_3637,0629豪雨,闊葉樹林型,45.86825078796896,319633.01,2686453.52,53.13999938964844,35.415000915527344,47.63999938964844,2372.496826171875,144.7940216064453
2024_3638,0629豪雨,闊葉樹林型,29.686933196903503,319552.73,2686320.98,53.13999938964844,35.415000915527344,47.63999938964844,2372.496826171875,144.7940216064453
2024_3639,0629豪雨,闊葉樹林型,43.33171975024536,317130.35,2686691.35,53.13999938964844,35.415000915527344,47.63999938964844,2372.496826171875,144.7940216064453
2024_3640,0629豪雨,闊葉樹林型,49.017701104158654,316891.65,2686033.51,53.13999938964844,35.415000915527344,47.63999938964844,2372.496826171875,144.7940216064453
2024_3641,0629豪雨,闊葉樹林型,57.9505169832276,315987.33,2685775.99,53.13999938964844,35.415000915527344,47.63999938964844,2337.134521484375,137.57943725585938
2024_3642,0629豪雨,闊葉樹林型,47.75574016641634,315993.48,2685321.14,53.13999938964844,35.415000915527344,47.63999938964844,2337.134521484375,137.57943725585938
2024_3643,0629豪雨,闊葉樹林型,48.91696599526741,317272.05,2685211.45,53.13999938964844,35.415000915527344,47.63999938964844,2372.496826171875,144.7940216064453
2024_3644,0629豪雨,闊葉樹林型,54.97369304972167,317323.19,2685137.86,53.13999938964844,35.415000915527344,47.63999938964844,2372.496826171875,144.7940216064453
2024_3645,0629豪雨,闊葉樹林型,47.254232805058734,317780.06,2684878.28,53.13999938964844,35.415000915527344,47.63999938964844,2372.496826171875,144.7940216064453
2024_3646,0629豪雨,闊葉樹林型,40.53479707962874,317630.57,2684690.1,53.13999938964844,35.415000915527344,47.63999938964844,2372.496826171875,144.7940216064453
2024_3647,0629豪雨,闊葉樹林型,37.247373202381205,317153.78,2683942.74,53.13999938964844,35.415000915527344,47.63999938964844,2372.496826171875,144.7940216064453
2024_3648,0629豪雨,闊葉樹林型,57.24589194324243,316896.81,2683666.82,53.13999938964844,35.415000915527344,47.63999938964844,2372.496826171875,144.7940216064453
2024_3649,0629豪雨,闊葉樹林型,13.342363797088236,317308.86,2683623.31,53.13999938964844,35.415000915527344,47.63999938964844,2372.496826171875,144.7940216064453
2024_3650,0629豪雨,闊葉樹林型,38.04757894764742,318492.75,2684620.79,53.13999938964844,35.415000915527344,47.63999938964844,2372.496826171875,144.7940216064453
2024_3651,0629豪雨,闊葉樹林型,45.22207888903144,320985.93,2682751.07,53.13999938964844,35.415000915527344,47.63999938964844,2427.614501953125,154.3777618408203
2024_3652,0629豪雨,闊葉樹林型,48.540940845142885,323589.21,2682524.1,62.939998626708984,50.92499923706055,62.709999084472656,2046.932373046875,132.0352783203125
2024_3653,0629豪雨,闊葉樹林型,43.53119928561418,322018.06,2681905.94,62.939998626708984,50.92499923706055,62.709999084472656,2046.932373046875,132.0352783203125
2024_3654,0629豪雨,闊葉樹林型,35.14579037169356,321843.47,2681895.57,62.939998626708984,50.92499923706055,62.709999084472656,2046.932373046875,132.0352783203125
2024_3655,0629豪雨,闊葉樹林型,41.09292517464176,321261.23,2681425.25,62.939998626708984,50.92499923706055,62.709999084472656,2046.932373046875,132.0352783203125
2024_3656,0629豪雨,闊葉樹林型,45.0,321145.38,2680476.19,53.13999938964844,35.415000915527344,47.63999938964844,2427.614501953125,154.3777618408203
2024_3657,0629豪雨,闊葉樹林型,21.95499883223757,321859.54,2681277.59,62.939998626708984,50.92499923706055,62.709999084472656,2046.932373046875,132.0352783203125
2024_3659,0629豪雨,闊葉樹林型,54.6721331945304,313069.39,2680889.74,53.13999938964844,35.415000915527344,47.63999938964844,2401.970947265625,151.73062133789062
2024_3660,0629豪雨,闊葉樹林型,43.68885454421518,313120.8,2680393.21,53.13999938964844,35.415000915527344,47.63999938964844,2401.970947265625,151.73062133789062
2024_3661,0629豪雨,闊葉樹林型,45.08034632153942,311899.01,2680397.86,53.13999938964844,35.415000915527344,47.63999938964844,2401.970947265625,151.73062133789062
2024_3662,0629豪雨,闊葉樹林型,35.59853666783391,312000.16,2680405.65,53.13999938964844,35.415000915527344,47.63999938964844,2401.970947265625,151.73062133789062
2024_3666,0629豪雨,闊葉樹林型,51.89242312248514,308541.51,2677130.48,23.459999084472656,15.75,19.889999389648438,2626.517578125,162.26905822753906
2024_3667,0629豪雨,闊葉樹林型,50.63326861388184,308863.94,2676867.03,23.459999084472656,15.75,19.889999389648438,2626.517578125,162.26905822753906
2024_3669,0629豪雨,闊葉樹林型,53.19064778829335,308386.49,2676232.87,23.459999084472656,15.75,19.889999389648438,2626.517578125,162.26905822753906
2024_3670,0629豪雨,闊葉樹林型,63.3521993337251,309736.77,2676373.29,23.459999084472656,15.75,19.889999389648438,2626.517578125,162.26905822753906
2024_3671,0629豪雨,闊葉樹林型,60.62579533803793,309604.77,2676806.37,23.459999084472656,15.75,19.889999389648438,2626.517578125,162.26905822753906
2024_3672,0629豪雨,闊葉樹林型,34.85410224097107,310382.09,2676594.5,23.459999084472656,15.75,19.889999389648438,2626.517578125,162.26905822753906
2024_3673,0629豪雨,闊葉樹林型,37.42543512676668,310739.07,2675118.71,23.459999084472656,15.75,19.889999389648438,2626.517578125,162.26905822753906
2024_3674,0629豪雨,闊葉樹林型,40.03075915578156,310761.3,2675201.37,23.459999084472656,15.75,19.889999389648438,2626.517578125,162.26905822753906
2024_3675,0629豪雨,闊葉樹林型,43.42182054759477,311155.49,2677117.1,38.59000015258789,31.34000015258789,35.42499923706055,2261.236328125,147.94313049316406
2024_3678,0629豪雨,闊葉樹林型,32.06706985148498,312765.55,2678673.44,53.13999938964844,35.415000915527344,47.63999938964844,2401.970947265625,151.73062133789062
2024_3680,0629豪雨,闊葉樹林型,56.228835147038566,311840.05,2677730.3,53.13999938964844,35.415000915527344,47.63999938964844,2401.970947265625,151.73062133789062
2024_3681,0629豪雨,闊葉樹林型,55.26754879802817,311605.27,2677465.65,53.13999938964844,35.415000915527344,47.63999938964844,2401.970947265625,151.73062133789062
2024_3682,0629豪雨,闊葉樹林型,66.97784678413102,312080.97,2677140.27,38.59000015258789,31.34000015258789,35.42499923706055,2261.236328125,147.94313049316406
2024_3683,0629豪雨,闊葉樹林型,54.874045865479225,313393.3,2677001.91,38.59000015258789,31.34000015258789,35.42499923706055,2261.236328125,147.94313049316406
2024_3684,0629豪雨,闊葉樹林型,28.735641668064066,313441.79,2676182.82,38.59000015258789,31.34000015258789,35.42499923706055,2261.236328125,147.94313049316406
2024_3685,0629豪雨,闊葉樹林型,26.47888107199723,313610.42,2676182.58,38.59000015258789,31.34000015258789,35.42499923706055,2261.236328125,147.94313049316406
2024_3686,0629豪雨,闊葉樹林型,46.01070199822306,312322.8,2676319.57,38.59000015258789,31.34000015258789,35.42499923706055,2261.236328125,147.94313049316406
2024_3687,0629豪雨,闊葉樹林型,54.048961255978455,312893.67,2675862.16,38.59000015258789,31.34000015258789,35.42499923706055,2261.236328125,147.94313049316406
2024_3690,0629豪雨,闊葉樹林型,47.07775513424629,313622.04,2675929.44,38.59000015258789,31.34000015258789,35.42499923706055,2261.236328125,147.94313049316406
2024_3691,0629豪雨,闊葉樹林型,50.490639251479735,312981.38,2675803.18,38.59000015258789,31.34000015258789,35.42499923706055,2261.236328125,147.94313049316406
2024_3692,0629豪雨,闊葉樹林型,49.70211194894343,312350.8,2676386.85,38.59000015258789,31.34000015258789,35.42499923706055,2261.236328125,147.94313049316406
2024_3693,0629豪雨,闊葉樹林型,43.68885454421518,316323.23,2676438.07,38.59000015258789,31.34000015258789,35.42499923706055,2030.9705810546875,132.5270538330078
2024_3694,0629豪雨,闊葉樹林型,54.41469754415778,315718.89,2675252.31,38.59000015258789,31.34000015258789,35.42499923706055,2261.236328125,147.94313049316406
2024_3695,0629豪雨,闊葉樹林型,36.51456867399333,315637.12,2675332.93,38.59000015258789,31.34000015258789,35.42499923706055,2261.236328125,147.94313049316406
2024_3696,0629豪雨,闊葉樹林型,49.759148061585286,315987.58,2675643.71,38.59000015258789,31.34000015258789,35.42499923706055,2261.236328125,147.94313049316406
2024_3697,0629豪雨,闊葉樹林型,41.59751679121417,316136.79,2676106.12,38.59000015258789,31.34000015258789,35.42499923706055,2030.9705810546875,132.5270538330078
2024_3698,0629豪雨,闊葉樹林型,45.11591147929481,316620.97,2675471.21,38.59000015258789,31.34000015258789,35.42499923706055,2030.9705810546875,132.5270538330078
2024_3699,0629豪雨,闊葉樹林型,42.924476930175054,316187.81,2674887.36,38.59000015258789,31.34000015258789,35.42499923706055,2030.9705810546875,132.5270538330078
2024_3700,0629豪雨,闊葉樹林型,41.86581899605287,316101.8,2674874.9,38.59000015258789,31.34000015258789,35.42499923706055,2030.9705810546875,132.5270538330078
2024_3701,0629豪雨,闊葉樹林型,68.031717827105,316414.16,2674668.03,38.59000015258789,31.34000015258789,35.42499923706055,2030.9705810546875,132.5270538330078
2024_3702,0629豪雨,闊葉樹林型,33.02386755579665,316472.36,2674622.97,38.59000015258789,31.34000015258789,35.42499923706055,2030.9705810546875,132.5270538330078
2024_3703,0629豪雨,闊葉樹林型,48.2535920083675,315528.99,2675051.91,38.59000015258789,31.34000015258789,35.42499923706055,2261.236328125,147.94313049316406
2024_3706,0629豪雨,闊葉樹林型,52.87387190335976,312973.64,2673425.08,38.59000015258789,31.34000015258789,35.42499923706055,2261.236328125,147.94313049316406
2024_3707,0629豪雨,闊葉樹林型,46.88333444737181,311674.34,2674064.25,38.59000015258789,31.34000015258789,35.42499923706055,2261.236328125,147.94313049316406
2024_3708,0629豪雨,闊葉樹林型,52.87387190335976,311165.1,2671991.72,38.59000015258789,31.34000015258789,35.42499923706055,2261.236328125,147.94313049316406
2024_3709,0629豪雨,闊葉樹林型,55.23526825735523,309925.71,2673344.52,23.459999084472656,15.75,19.889999389648438,2626.517578125,162.26905822753906
2024_3711,0629豪雨,闊葉樹林型,34.468683663334545,308311.41,2667510.58,23.459999084472656,15.75,19.889999389648438,2391.130615234375,155.60317993164062
2024_3712,0629豪雨,闊葉樹林型,54.23986227782451,309048.18,2665619.57,21.229999542236328,14.289999961853027,15.414999961853027,2181.954833984375,145.70364379882812
2024_3713,0629豪雨,闊葉樹林型,45.86825078796896,310572.02,2665918.28,21.229999542236328,14.289999961853027,15.414999961853027,2181.954833984375,145.70364379882812
2024_3715,0629豪雨,闊葉樹林型,25.530275981014736,317055.92,2676162.64,38.59000015258789,31.34000015258789,35.42499923706055,2030.9705810546875,132.5270538330078
2024_3716,0629豪雨,闊葉樹林型,58.60815831409878,317179.59,2676495.43,38.59000015258789,31.34000015258789,35.42499923706055,2030.9705810546875,132.5270538330078
2024_3717,0629豪雨,闊葉樹林型,51.40709161521226,317383.94,2678675.39,53.13999938964844,35.415000915527344,47.63999938964844,2427.614501953125,154.3777618408203
2024_3718,0629豪雨,闊葉樹林型,31.311156133255537,316702.78,2678484.18,53.13999938964844,35.415000915527344,47.63999938964844,2427.614501953125,154.3777618408203
2024_3719,0629豪雨,闊葉樹林型,27.726186750640903,317686.28,2678154.4,53.13999938964844,35.415000915527344,47.63999938964844,2427.614501953125,154.3777618408203
2024_3720,0629豪雨,闊葉樹林型,42.302624878481225,317404.31,2677951.73,53.13999938964844,35.415000915527344,47.63999938964844,2427.614501953125,154.3777618408203
2024_3721,0629豪雨,闊葉樹林型,46.59848383582609,318787.47,2678421.15,53.13999938964844,35.415000915527344,47.63999938964844,2427.614501953125,154.3777618408203
2024_3722,0629豪雨,闊葉樹林型,37.247373202381205,321224.47,2681516.77,62.939998626708984,50.92499923706055,62.709999084472656,2046.932373046875,132.0352783203125
2024_3723,0629豪雨,闊葉樹林型,41.86581899605287,321204.68,2679963.39,62.939998626708984,50.92499923706055,62.709999084472656,2046.932373046875,132.0352783203125
2024_3724,0629豪雨,闊葉樹林型,37.60152555834086,319929.15,2679403.14,53.13999938964844,35.415000915527344,47.63999938964844,2427.614501953125,154.3777618408203
2024_3725,0629豪雨,闊葉樹林型,60.087480962278,311776.78,2677821.36,53.13999938964844,35.415000915527344,47.63999938964844,2401.970947265625,151.73062133789062
2024_3726,0629豪雨,闊葉樹林型,27.26604445073282,316780.6,2678527.16,53.13999938964844,35.415000915527344,47.63999938964844,2427.614501953125,154.3777618408203
2024_3727,0629豪雨,闊葉樹林型,20.26014116551069,317558.14,2678027.11,53.13999938964844,35.415000915527344,47.63999938964844,2427.614501953125,154.3777618408203
2024_3730,凱米颱風,闊葉樹林型,46.42958537828381,291090.34,2705721.52,216.6949920654297,126.16499328613281,200.34500122070312,2312.000244140625,154.10836791992188
2024_3731,凱米颱風,闊葉樹林型,34.09207978094286,289329.85,2705231.2,201.125,86.31999969482422,182.95999145507812,2383.025634765625,150.17239379882812
2024_3733,凱米颱風,闊葉樹林型,24.359555875506427,289053.86,2700051.7,201.125,86.31999969482422,182.95999145507812,2244.089599609375,147.86839294433594
2024_3736,凱米颱風,竹林,15.436640338110504,241656.24,2708089.86,174.05499267578125,72.98999786376953,162.0449981689453,1737.481689453125,118.38080596923828
2024_3739,凱米颱風,闊葉樹林型,52.10979544345956,295041.77,2714334.76,220.43499755859375,115.43999481201172,203.64498901367188,2376.114990234375,139.33335876464844
2024_3740,凱米颱風,闊葉樹林型,43.54110253900031,318066.01,2718204.56,255.34500122070312,156.89999389648438,234.8699951171875,2282.44189453125,125.89100646972656
2024_3741,凱米颱風,闊葉樹林型,24.359555875506427,318583.39,2714529.73,255.34500122070312,156.89999389648438,234.8699951171875,2234.2333984375,121.78244018554688
2024_3742,凱米颱風,闊葉樹林型,32.06706985148498,320874.49,2711379.85,255.34500122070312,156.89999389648438,234.8699951171875,2234.2333984375,121.78244018554688
2024_3743,凱米颱風,闊葉樹林型,37.790111559066204,318771.25,2706052.51,261.6999816894531,168.64498901367188,238.36000061035156,2151.837646484375,124.71073150634766
2024_3744,凱米颱風,闊葉樹林型,42.08581058000388,322784.47,2704543.27,284.0099792480469,169.22000122070312,251.79998779296875,2114.876953125,122.31617736816406
2024_3745,凱米颱風,闊葉樹林型,59.690278590065454,330181.06,2700997.35,284.0099792480469,169.22000122070312,251.79998779296875,1915.9677734375,126.06468200683594
2024_3746,凱米颱風,闊葉樹林型,58.10717734608143,330264.81,2701291.41,284.0099792480469,169.22000122070312,251.79998779296875,1915.9677734375,126.06468200683594
2024_3747,凱米颱風,闊葉樹林型,39.43197210676055,327415.2,2691437.88,262.91998291015625,175.46499633789062,236.5349884033203,1987.7939453125,119.96694946289062
2024_3748,凱米颱風,闊葉樹林型,37.247373202381205,321943.63,2683508.45,253.0749969482422,163.92498779296875,225.63999938964844,2210.497802734375,138.9059600830078
2024_3749,凱米颱風,闊葉樹林型,44.563720855785085,316262.75,2673974.62,226.47999572753906,125.55999755859375,197.08999633789062,2030.9705810546875,132.5270538330078
2024_3750,凱米颱風,闊葉樹林型,42.779253086391705,308206.65,2642346.24,228.37998962402344,126.07999420166016,195.89999389648438,1666.614013671875,123.00627136230469
2024_3751,凱米颱風,闊葉樹林型,33.197229942878394,307894.07,2640810.72,228.37998962402344,126.07999420166016,195.89999389648438,1666.614013671875,123.00627136230469
2024_3752,凱米颱風,闊葉樹林型,43.97995668722642,307938.91,2640767.73,228.37998962402344,126.07999420166016,195.89999389648438,1666.614013671875,123.00627136230469
2024_3753,凱米颱風,闊葉樹林型,37.83331466287141,309688.88,2640128.65,228.37998962402344,126.07999420166016,195.89999389648438,1666.614013671875,123.00627136230469
2024_3754,凱米颱風,竹林,34.66253388314486,308220.98,2639171.25,228.37998962402344,126.07999420166016,195.89999389648438,1666.614013671875,123.00627136230469
2024_3755,凱米颱風,闊葉樹林型,45.71583529290024,308617.57,2638701.26,228.37998962402344,126.07999420166016,195.89999389648438,1666.614013671875,123.00627136230469
2024_3756,凱米颱風,闊葉樹林型,58.46788753461602,309307.41,2638653.93,228.37998962402344,126.07999420166016,195.89999389648438,1666.614013671875,123.00627136230469
2024_3757,凱米颱風,闊葉樹林型,39.76607121224395,308523.75,2637190.6,228.37998962402344,126.07999420166016,195.89999389648438,1842.4329833984375,136.02622985839844
2024_3758,凱米颱風,闊葉樹林型,54.084713124362885,309215.65,2637071.02,228.37998962402344,126.07999420166016,195.89999389648438,1842.4329833984375,136.02622985839844
2024_3759,凱米颱風,闊葉樹林型,36.05502968442895,307740.43,2634095.11,228.37998962402344,126.07999420166016,195.89999389648438,1842.4329833984375,136.02622985839844
2024_3760,凱米颱風,闊葉樹林型,16.91651608571675,304682.96,2627949.1,246.6699981689453,133.6699981689453,205.38499450683594,1760.5582275390625,128.30935668945312
2024_3761,凱米颱風,竹林,19.33554969199933,210496.39,2534689.88,294.7149963378906,175.40499877929688,269.3399963378906,2656.133544921875,170.91372680664062
2024_3762,凱米颱風,竹林,43.77679566071583,210456.17,2534142.4,294.7149963378906,175.40499877929688,269.3399963378906,2656.133544921875,170.91372680664062
2024_3764,凱米颱風,闊葉樹林型,18.053902977226738,215723.7,2522026.14,279.75,179.88999938964844,257.3299865722656,2992.088134765625,169.11236572265625
2024_3770,凱米颱風,闊葉樹林型,47.90193788213671,218385.73,2510072.98,269.2749938964844,164.1649932861328,244.17498779296875,3173.47412109375,163.93460083007812
2024_3776,凱米颱風,闊葉樹林型,51.23917095263513,315063.79,2696823.14,264.35498046875,163.8199920654297,236.68499755859375,2004.0787353515625,134.87493896484375
2024_3778,凱米颱風,闊葉樹林型,47.75574016641634,315025.77,2695608.65,264.35498046875,163.8199920654297,236.68499755859375,2004.0787353515625,134.87493896484375
2024_3780,凱米颱風,闊葉樹林型,40.53479707962874,321251.91,2692865.79,262.91998291015625,175.46499633789062,236.5349884033203,2083.27685546875,137.91004943847656
2024_3781,凱米颱風,闊葉樹林型,41.4729343089405,319608.14,2692385.59,264.35498046875,163.8199920654297,236.68499755859375,2065.531494140625,130.89926147460938
2024_3782,凱米颱風,闊葉樹林型,36.34180401854167,319977.65,2692401.21,264.35498046875,163.8199920654297,236.68499755859375,2065.531494140625,130.89926147460938
2024_3783,凱米颱風,闊葉樹林型,72.7157420900733,317827.92,2690505.85,264.35498046875,163.8199920654297,236.68499755859375,2065.531494140625,130.89926147460938
2024_3785,凱米颱風,闊葉樹林型,38.32881810145589,318763.59,2693199.97,264.35498046875,163.8199920654297,236.68499755859375,2065.531494140625,130.89926147460938
2024_3789,凱米颱風,闊葉樹林型,30.96375653207352,312400.48,2688564.77,264.35498046875,163.8199920654297,236.68499755859375,2136.267333984375,136.73049926757812
2024_3790,凱米颱風,闊葉樹林型,26.47888107199723,312667.09,2688343.69,248.23500061035156,156.11000061035156,223.11000061035156,2337.134521484375,137.57943725585938
2024_3791,凱米颱風,闊葉樹林型,41.8103148957786,312406.44,2688316.67,248.23500061035156,156.11000061035156,223.11000061035156,2337.134521484375,137.57943725585938
2024_3792,凱米颱風,闊葉樹林型,11.395654497719995,312899.51,2688111.5,248.23500061035156,156.11000061035156,223.11000061035156,2337.134521484375,137.57943725585938
2024_3796,凱米颱風,闊葉樹林型,41.27835984180592,303491.59,2694968.28,242.55499267578125,161.4499969482422,220.42999267578125,2391.3486328125,132.9745330810547
2024_3797,凱米颱風,闊葉樹林型,39.727886428017456,303566.27,2694942.89,242.55499267578125,161.4499969482422,220.42999267578125,2391.3486328125,132.9745330810547
2024_3798,凱米颱風,闊葉樹林型,45.0,295738.87,2653825.78,228.4449920654297,125.04499816894531,197.52999877929688,1986.802001953125,125.88800048828125
2024_3799,凱米颱風,闊葉樹林型,36.43626970061044,318873.01,2691297.92,264.35498046875,163.8199920654297,236.68499755859375,2065.531494140625,130.89926147460938
2024_3800,凱米颱風,闊葉樹林型,44.50824474873735,318677.48,2691302.91,264.35498046875,163.8199920654297,236.68499755859375,2065.531494140625,130.89926147460938
2024_3801,凱米颱風,闊葉樹林型,44.57294618219693,317485.39,2692440.34,264.35498046875,163.8199920654297,236.68499755859375,2065.531494140625,130.89926147460938
2024_3806,凱米颱風,闊葉樹林型,39.57420005713789,244512.9,2627530.99,272.864990234375,150.23500061035156,265.3450012207031,2252.82666015625,120.58001708984375
2024_3807,凱米颱風,闊葉樹林型,59.53716225202639,244796.27,2626333.07,272.864990234375,150.23500061035156,265.3450012207031,2292.29833984375,117.79584503173828
2024_3809,凱米颱風,闊葉樹林型,39.14355704978305,244294.05,2627298.31,272.864990234375,150.23500061035156,265.3450012207031,2292.29833984375,117.79584503173828
2024_3810,凱米颱風,闊葉樹林型,44.31238462399072,244399.85,2627168.7,272.864990234375,150.23500061035156,265.3450012207031,2292.29833984375,117.79584503173828
2024_3811,凱米颱風,闊葉樹林型,41.23221278344418,244995.57,2626608.06,272.864990234375,150.23500061035156,265.3450012207031,2427.895263671875,129.86436462402344
2024_3815,凱米颱風,闊葉樹林型,25.253207609369632,245761.14,2625629.41,272.864990234375,150.23500061035156,265.3450012207031,2427.895263671875,129.86436462402344
2024_3817,凱米颱風,闊葉樹林型,33.50097823942329,249171.42,2633999.39,245.40499877929688,116.2750015258789,235.989990234375,1959.873046875,116.39515686035156
2024_3819,凱米颱風,闊葉樹林型,50.63326861388184,253073.29,2632228.8,270.5099792480469,148.51998901367188,262.364990234375,1803.0828857421875,101.858642578125
2024_3821,凱米颱風,闊葉樹林型,41.01108156155348,237866.75,2631197.23,264.97998046875,135.1999969482422,255.34999084472656,2019.923828125,113.62877655029297
2024_3823,凱米颱風,闊葉樹林型,43.68885454421518,238755.89,2631744.92,264.97998046875,135.1999969482422,255.34999084472656,2019.923828125,113.62877655029297
2024_3824,凱米颱風,闊葉樹林型,49.41314174104439,257725.8,2634735.25,259.2449951171875,137.364990234375,251.22499084472656,2171.948974609375,131.9969482421875
2024_3826,凱米颱風,闊葉樹林型,40.7270942279994,259771.02,2628514.53,270.5099792480469,148.51998901367188,262.364990234375,2159.25830078125,125.05048370361328
2024_3827,凱米颱風,闊葉樹林型,40.04325099636187,253511.08,2627464.58,270.5099792480469,148.51998901367188,262.364990234375,1803.0828857421875,101.858642578125
2024_3828,凱米颱風,闊葉樹林型,29.99224511971602,240794.29,2628100.05,272.864990234375,150.23500061035156,265.3450012207031,2252.82666015625,120.58001708984375
2024_3829,凱米颱風,闊葉樹林型,33.946295027753955,241071.52,2628051.88,272.864990234375,150.23500061035156,265.3450012207031,2252.82666015625,120.58001708984375
2024_3830,凱米颱風,闊葉樹林型,37.351484577447394,241156.24,2628055.24,272.864990234375,150.23500061035156,265.3450012207031,2252.82666015625,120.58001708984375
2024_3831,凱米颱風,闊葉樹林型,27.726186750640903,240500.48,2628055.5,272.864990234375,150.23500061035156,265.3450012207031,2252.82666015625,120.58001708984375
2024_3840,凱米颱風,闊葉樹林型,27.93835272960235,236130.68,2624018.63,264.97998046875,135.1999969482422,255.34999084472656,2066.48828125,130.57115173339844
2024_3841,凱米颱風,闊葉樹林型,38.453757061620536,226169.04,2568206.62,318.35498046875,174.73500061035156,294.04998779296875,2704.38232421875,173.16522216796875
2024_3842,凱米颱風,闊葉樹林型,31.693440803183943,226270.22,2568598.31,318.35498046875,174.73500061035156,294.04998779296875,2704.38232421875,173.16522216796875
2024_3843,凱米颱風,闊葉樹林型,31.05129356595241,227053.13,2568085.8,318.35498046875,174.73500061035156,294.04998779296875,2704.38232421875,173.16522216796875
2024_3844,凱米颱風,闊葉樹林型,23.58638143384095,227150.13,2567923.83,318.35498046875,174.73500061035156,294.04998779296875,2704.38232421875,173.16522216796875
2024_3847,凱米颱風,闊葉樹林型,45.0,227010.34,2564366.48,300.3599853515625,161.1199951171875,270.92999267578125,2777.9365234375,169.5355224609375
2024_3848,凱米颱風,闊葉樹林型,32.51251731617002,227007.05,2564132.35,300.3599853515625,161.1199951171875,270.92999267578125,2777.9365234375,169.5355224609375
2024_3849,凱米颱風,闊葉樹林型,31.160066779905723,225181.8,2569187.46,318.35498046875,174.73500061035156,294.04998779296875,2704.38232421875,173.16522216796875
2024_3850,凱米颱風,闊葉樹林型,30.24625565345472,229393.32,2568431.48,318.35498046875,174.73500061035156,294.04998779296875,2704.38232421875,173.16522216796875
2024_3851,凱米颱風,闊葉樹林型,48.540940845142885,229447.03,2568269.17,318.35498046875,174.73500061035156,294.04998779296875,2704.38232421875,173.16522216796875
2024_3853,凱米颱風,闊葉樹林型,36.93089662022377,226631.18,2563003.02,300.3599853515625,161.1199951171875,270.92999267578125,2777.9365234375,169.5355224609375
2024_3861,凱米颱風,闊葉樹林型,15.37625124882619,316632.48,2674722.2,226.47999572753906,125.55999755859375,197.08999633789062,2030.9705810546875,132.5270538330078
2024_3862,凱米颱風,闊葉樹林型,44.7288802769619,228334.8,2564753.26,300.3599853515625,161.1199951171875,270.92999267578125,2777.9365234375,169.5355224609375
2024_3864,凱米颱風,闊葉樹林型,39.612764584574585,286358.36,2700101.76,201.125,86.31999969482422,182.95999145507812,2244.089599609375,147.86839294433594
2024_3865,凱米颱風,闊葉樹林型,28.91046765839842,194523.16,2525766.59,293.375,176.9199981689453,271.5249938964844,2255.433349609375,139.43275451660156
2024_3868,凱米颱風,闊葉樹林型,44.563720855785085,322034.67,2681809.93,253.0749969482422,163.92498779296875,225.63999938964844,2046.932373046875,132.0352783203125
2024_3869,凱米颱風,闊葉樹林型,44.15186907819886,321961.6,2681649.72,253.0749969482422,163.92498779296875,225.63999938964844,2046.932373046875,132.0352783203125
2024_3871,凱米颱風,闊葉樹林型,21.83994971124597,216997.99,2545471.36,293.31500244140625,170.02499389648438,270.81500244140625,2664.70361328125,169.536376953125
2024_3876,凱米颱風,闊葉樹林型,26.593674030621376,222126.06,2553801.18,287.9649963378906,152.81500244140625,256.3849792480469,2674.13916015625,157.52418518066406
2024_3878,凱米颱風,闊葉樹林型,36.71637457580036,226116.09,2571029.51,318.35498046875,174.73500061035156,294.04998779296875,2704.38232421875,173.16522216796875
2024_3882,凱米颱風,闊葉樹林型,31.007583006867133,212879.53,2552796.6,293.31500244140625,170.02499389648438,270.81500244140625,2556.321044921875,148.60157775878906
2024_3884,凱米颱風,闊葉樹林型,39.612764584574585,212046.02,2551750.42,293.31500244140625,170.02499389648438,270.81500244140625,2556.321044921875,148.60157775878906
2024_3885,凱米颱風,闊葉樹林型,27.565248984490395,212312.13,2553006.71,293.31500244140625,170.02499389648438,270.81500244140625,2556.321044921875,148.60157775878906
2024_3892,凱米颱風,闊葉樹林型,10.024987862075742,219518.37,2556967.02,300.3599853515625,161.1199951171875,270.92999267578125,2472.412841796875,158.74024963378906
2024_3894,凱米颱風,闊葉樹林型,18.053902977226738,218732.08,2556681.41,320.6099853515625,165.9199981689453,291.32000732421875,2666.719482421875,172.3930206298828
2024_3895,凱米颱風,闊葉樹林型,27.26604445073282,218785.69,2556512.01,320.6099853515625,165.9199981689453,291.32000732421875,2666.719482421875,172.3930206298828
2024_3899,凱米颱風,闊葉樹林型,31.007583006867133,216861.44,2557357.88,320.6099853515625,165.9199981689453,291.32000732421875,2666.719482421875,172.3930206298828
2024_3900,凱米颱風,闊葉樹林型,43.18031634685804,217064.12,2556997.81,320.6099853515625,165.9199981689453,291.32000732421875,2666.719482421875,172.3930206298828
2024_3903,凱米颱風,闊葉樹林型,45.43207135058316,207114.68,2561714.42,279.66998291015625,145.5800018310547,256.5199890136719,2481.1416015625,155.58363342285156
2024_3904,凱米颱風,闊葉樹林型,40.327805440220686,206648.97,2561448.52,279.66998291015625,145.5800018310547,256.5199890136719,2481.1416015625,155.58363342285156
2024_3905,凱米颱風,闊葉樹林型,41.3243671023583,208096.56,2560862.25,279.66998291015625,145.5800018310547,256.5199890136719,2261.533935546875,145.4299774169922
2024_3908,凱米颱風,闊葉樹林型,31.588135505201176,209597.48,2561362.92,320.6099853515625,165.9199981689453,291.32000732421875,2595.341064453125,162.25697326660156
2024_3913,凱米颱風,闊葉樹林型,30.985684296843363,212083.47,2564590.7,320.6099853515625,165.9199981689453,291.32000732421875,2595.341064453125,162.25697326660156
2024_3915,凱米颱風,闊葉樹林型,44.28418708125969,213379.72,2568709.11,311.30999755859375,160.96499633789062,282.2699890136719,2612.831787109375,160.73251342773438
2024_3918,凱米颱風,闊葉樹林型,71.68092719249998,216817.41,2567586.21,311.30999755859375,160.96499633789062,282.2699890136719,2736.55712890625,170.5413360595703
2024_3919,凱米颱風,竹林,39.14355704978305,218212.06,2567229.74,311.30999755859375,160.96499633789062,282.2699890136719,2736.55712890625,170.5413360595703
2024_3925,凱米颱風,闊葉樹林型,47.24660675818882,214089.87,2577678.77,303.19500732421875,154.1949920654297,274.8599853515625,2336.316650390625,150.14096069335938
2024_3926,凱米颱風,闊葉樹林型,50.674571392524335,213981.9,2577654.06,303.19500732421875,154.1949920654297,274.8599853515625,2336.316650390625,150.14096069335938
2024_3927,凱米颱風,竹林,30.653673803588863,213770.02,2577455.37,311.30999755859375,160.96499633789062,282.2699890136719,2466.8583984375,146.95303344726562
2024_3928,凱米颱風,竹林,47.988906399374976,216780.3,2574617.71,311.30999755859375,160.96499633789062,282.2699890136719,2598.240478515625,152.61203002929688
2024_3929,凱米颱風,竹林,32.51251731617002,216598.32,2575961.29,311.30999755859375,160.96499633789062,282.2699890136719,2598.240478515625,152.61203002929688
2024_3933,凱米颱風,闊葉樹林型,39.727886428017456,215090.45,2579248.56,303.19500732421875,154.1949920654297,274.8599853515625,2589.054443359375,156.8206024169922
2024_3934,凱米颱風,闊葉樹林型,42.67464549756009,217228.32,2579121.21,303.19500732421875,154.1949920654297,274.8599853515625,2589.054443359375,156.8206024169922
2024_3938,凱米颱風,闊葉樹林型,57.98518231400342,216691.8,2577482.17,311.30999755859375,160.96499633789062,282.2699890136719,2598.240478515625,152.61203002929688
2024_3944,凱米颱風,闊葉樹林型,52.22487918661721,225901.31,2581865.88,317.625,169.30999755859375,295.75,2666.233154296875,166.17950439453125
2024_3948,凱米颱風,闊葉樹林型,41.49566207886726,206186.53,2582677.88,277.8949890136719,129.0800018310547,254.42498779296875,2429.003173828125,143.45407104492188
2024_3949,凱米颱風,闊葉樹林型,38.06176053983252,206776.2,2580906.88,277.8949890136719,129.0800018310547,254.42498779296875,2429.003173828125,143.45407104492188
2024_3950,凱米颱風,闊葉樹林型,20.72256515326957,207293.35,2582572.34,277.8949890136719,129.0800018310547,254.42498779296875,2429.003173828125,143.45407104492188
2024_3951,凱米颱風,闊葉樹林型,20.88727638387147,207650.58,2582324.84,277.8949890136719,129.0800018310547,254.42498779296875,2429.003173828125,143.45407104492188
2024_3952,凱米颱風,闊葉樹林型,50.72747964887821,208901.44,2580766.69,277.8949890136719,129.0800018310547,254.42498779296875,2429.003173828125,143.45407104492188
2024_3953,凱米颱風,竹林,40.70318870066343,209761.16,2580538.78,303.19500732421875,154.1949920654297,274.8599853515625,2336.316650390625,150.14096069335938
2024_3960,凱米颱風,闊葉樹林型,36.94611005709807,209947.3,2581579.14,303.19500732421875,154.1949920654297,274.8599853515625,2336.316650390625,150.14096069335938
2024_3962,凱米颱風,闊葉樹林型,43.68885454421518,213855.43,2580272.95,303.19500732421875,154.1949920654297,274.8599853515625,2336.316650390625,150.14096069335938
2024_3963,凱米颱風,闊葉樹林型,41.01108156155348,213815.09,2580319.66,303.19500732421875,154.1949920654297,274.8599853515625,2336.316650390625,150.14096069335938
2024_3967,凱米颱風,闊葉樹林型,28.960080041115702,215668.77,2581021.27,303.19500732421875,154.1949920654297,274.8599853515625,2589.054443359375,156.8206024169922
2024_3975,凱米颱風,闊葉樹林型,24.68442966726714,216743.14,2584481.17,303.19500732421875,154.1949920654297,274.8599853515625,2618.4912109375,152.3922882080078
2024_3987,凱米颱風,闊葉樹林型,41.37023532050225,213089.32,2588168.7,303.19500732421875,154.1949920654297,274.8599853515625,2578.138427734375,150.24192810058594
2024_3989,凱米颱風,竹林,30.24625565345472,215814.08,2586173.2,303.19500732421875,154.1949920654297,274.8599853515625,2618.4912109375,152.3922882080078
2024_3992,凱米颱風,闊葉樹林型,72.97957874969319,217956.54,2592429.35,298.85498046875,151.30499267578125,280.2449951171875,2628.14892578125,151.3077392578125
2024_3996,凱米颱風,竹林,34.85410224097107,221626.93,2594675.25,320.7699890136719,163.61000061035156,305.6300048828125,3152.661865234375,178.15899658203125
2024_3997,凱米颱風,竹林,61.28193840705667,221013.68,2594258.13,320.7699890136719,163.61000061035156,305.6300048828125,3152.661865234375,178.15899658203125
2024_4001,凱米颱風,闊葉樹林型,43.38184383278452,224798.8,2596080.44,320.7699890136719,163.61000061035156,305.6300048828125,3013.884521484375,179.8356170654297
2024_4002,凱米颱風,竹林,32.331742392927794,224767.52,2595770.96,320.7699890136719,163.61000061035156,305.6300048828125,3013.884521484375,179.8356170654297
2024_4005,凱米颱風,闊葉樹林型,41.8103148957786,225310.82,2594440.73,320.7699890136719,163.61000061035156,305.6300048828125,3013.884521484375,179.8356170654297
2024_4009,凱米颱風,闊葉樹林型,23.273326481355983,229337.59,2576139.61,318.35498046875,174.73500061035156,294.04998779296875,2617.794921875,159.61663818359375
2024_4013,凱米颱風,闊葉樹林型,41.59751679121417,229900.04,2582748.09,314.6549987792969,167.114990234375,291.2599792480469,2512.659912109375,144.93051147460938
2024_4014,凱米颱風,闊葉樹林型,34.21858270764895,228927.91,2581417.9,317.625,169.30999755859375,295.75,2666.233154296875,166.17950439453125
2024_4015,凱米颱風,闊葉樹林型,32.087580878338315,227991.77,2583515.45,317.625,169.30999755859375,295.75,2655.336669921875,149.27206420898438
2024_4016,凱米颱風,闊葉樹林型,41.49566207886726,229272.91,2581522.41,317.625,169.30999755859375,295.75,2666.233154296875,166.17950439453125
2024_4018,凱米颱風,闊葉樹林型,43.97995668722642,229094.23,2581392.83,317.625,169.30999755859375,295.75,2666.233154296875,166.17950439453125
2024_4019,凱米颱風,闊葉樹林型,51.94046637738488,229102.86,2581251.29,317.625,169.30999755859375,295.75,2666.233154296875,166.17950439453125
2024_4020,凱米颱風,闊葉樹林型,15.131806783066482,241410.36,2579851.76,287.3299865722656,143.34999084472656,264.3899841308594,2517.36474609375,134.92945861816406
2024_4021,凱米颱風,闊葉樹林型,34.09207978094286,245283.52,2581347.27,287.3299865722656,143.34999084472656,264.3899841308594,2611.469970703125,128.01031494140625
2024_4024,凱米颱風,闊葉樹林型,44.31238462399072,229455.93,2583740.31,317.625,169.30999755859375,295.75,2655.336669921875,149.27206420898438
2024_4026,凱米颱風,闊葉樹林型,41.19751028946612,233737.9,2588259.68,314.6549987792969,167.114990234375,291.2599792480469,2483.99609375,139.27691650390625
2024_4028,凱米颱風,闊葉樹林型,42.03111377419729,233171.08,2592273.72,304.1449890136719,149.70999145507812,287.4499816894531,2501.34765625,150.38238525390625
2024_4029,凱米颱風,闊葉樹林型,35.14579037169356,233522.09,2595460.8,304.1449890136719,149.70999145507812,287.4499816894531,2397.87255859375,141.15618896484375
2024_4032,凱米颱風,闊葉樹林型,49.017701104158654,234051.38,2594676.91,304.1449890136719,149.70999145507812,287.4499816894531,2397.87255859375,141.15618896484375
2024_4033,凱米颱風,闊葉樹林型,28.960080041115702,234426.13,2595259.52,304.1449890136719,149.70999145507812,287.4499816894531,2397.87255859375,141.15618896484375
2024_4034,凱米颱風,闊葉樹林型,41.23221278344418,234538.08,2595097.1,304.1449890136719,149.70999145507812,287.4499816894531,2397.87255859375,141.15618896484375
2024_4035,凱米颱風,闊葉樹林型,32.087580878338315,233304.88,2595906.46,304.1449890136719,149.70999145507812,287.4499816894531,2397.87255859375,141.15618896484375
2024_4039,凱米颱風,闊葉樹林型,31.693440803183943,233454.93,2599268.19,304.1449890136719,149.70999145507812,287.4499816894531,2397.87255859375,141.15618896484375
2024_4040,凱米颱風,闊葉樹林型,34.09207978094286,232732.71,2603813.23,284.6199951171875,136.80999755859375,273.4700012207031,2112.41259765625,108.20011138916016
2024_4041,凱米颱風,闊葉樹林型,48.11116319293781,232530.72,2603662.84,284.6199951171875,136.80999755859375,273.4700012207031,2112.41259765625,108.20011138916016
2024_4042,凱米颱風,闊葉樹林型,43.26125824127405,232388.44,2606795.85,284.6199951171875,136.80999755859375,273.4700012207031,1900.8328857421875,102.0048828125
2024_4043,凱米颱風,闊葉樹林型,50.91384053616322,235589.47,2606965.68,284.6199951171875,136.80999755859375,273.4700012207031,2007.3773193359375,118.20051574707031
2024_4045,凱米颱風,闊葉樹林型,47.90920660689003,234973.57,2607303.43,284.6199951171875,136.80999755859375,273.4700012207031,2007.3773193359375,118.20051574707031
2024_4047,凱米颱風,闊葉樹林型,38.876655136344326,234076.32,2609499.99,284.6199951171875,136.80999755859375,273.4700012207031,1900.8328857421875,102.0048828125
2024_4052,凱米颱風,竹林,29.034220452471416,233771.93,2611810.16,298.2200012207031,163.39500427246094,289.4549865722656,2160.919677734375,115.70194244384766
2024_4057,凱米颱風,闊葉樹林型,51.87101080389594,248783.14,2614769.17,286.1349792480469,145.53500366210938,274.30499267578125,2283.85693359375,120.7364730834961
2024_4060,凱米颱風,闊葉樹林型,51.65483841917591,248924.25,2617250.05,286.1349792480469,145.53500366210938,274.30499267578125,2368.481201171875,115.99556732177734
2024_4063,凱米颱風,竹林,31.7353754997287,231235.56,2619769.09,298.2200012207031,163.39500427246094,289.4549865722656,2105.274169921875,122.49445343017578
2024_4064,凱米颱風,竹林,44.31238462399072,231372.77,2619812.83,298.2200012207031,163.39500427246094,289.4549865722656,2105.274169921875,122.49445343017578
2024_4066,凱米颱風,闊葉樹林型,32.18975488338548,237333.69,2621252.91,298.2200012207031,163.39500427246094,289.4549865722656,2241.6083984375,131.99200439453125
2024_4067,凱米颱風,闊葉樹林型,37.48434900054385,240737.13,2620549.85,286.1349792480469,145.53500366210938,274.30499267578125,2301.100830078125,117.92032623291016
2024_4072,凱米颱風,闊葉樹林型,54.97369304972167,249514.87,2621286.96,286.1349792480469,145.53500366210938,274.30499267578125,2368.481201171875,115.99556732177734
2024_4074,凱米颱風,闊葉樹林型,52.63955302048473,252303.87,2619213.93,276.6600036621094,155.9449920654297,266.5400085449219,2058.38232421875,106.2987289428711
2024_4075,凱米颱風,闊葉樹林型,36.62354905164433,233260.63,2623015.35,264.97998046875,135.1999969482422,255.34999084472656,1937.017333984375,115.05079650878906
2024_4076,凱米颱風,闊葉樹林型,46.68614334171695,233511.24,2623000.05,264.97998046875,135.1999969482422,255.34999084472656,1937.017333984375,115.05079650878906
2024_4087,凱米颱風,竹林,38.32881810145589,214956.35,2542348.25,294.7149963378906,175.40499877929688,269.3399963378906,2956.617919921875,183.99441528320312
2024_4088,凱米颱風,闊葉樹林型,32.51251731617002,248557.14,2623883.6,272.864990234375,150.23500061035156,265.3450012207031,2427.895263671875,129.86436462402344
2024_4091,凱米颱風,闊葉樹林型,39.14355704978305,233629.44,2624674.82,264.97998046875,135.1999969482422,255.34999084472656,1937.017333984375,115.05079650878906
2024_4092,凱米颱風,闊葉樹林型,42.76882539196875,234173.18,2626358.17,264.97998046875,135.1999969482422,255.34999084472656,1937.017333984375,115.05079650878906
2024_4096,凱米颱風,闊葉樹林型,44.75622365009062,250733.4,2626956.4,270.5099792480469,148.51998901367188,262.364990234375,2095.421142578125,116.53135681152344
2024_4097,凱米颱風,闊葉樹林型,42.17291298675989,250678.57,2626897.24,270.5099792480469,148.51998901367188,262.364990234375,2095.421142578125,116.53135681152344
2024_4102,凱米颱風,闊葉樹林型,51.65483841917591,212456.62,2607839.72,271.6000061035156,139.93499755859375,261.6499938964844,2369.28271484375,127.62212371826172
2024_4103,凱米颱風,闊葉樹林型,32.57233714755203,223792.38,2607142.87,281.94000244140625,138.37998962402344,271.72998046875,2500.67626953125,137.4182891845703
2024_4112,凱米颱風,闊葉樹林型,22.144873841221017,211015.89,2613081.91,245.9949951171875,121.70999908447266,237.2849884033203,2015.6177978515625,104.72455596923828
2024_4119,凱米颱風,闊葉樹林型,30.17736603061792,212166.35,2611867.48,245.9949951171875,121.70999908447266,237.2849884033203,2015.6177978515625,104.72455596923828
2024_4121,凱米颱風,闊葉樹林型,31.160066779905723,212725.48,2613614.39,245.9949951171875,121.70999908447266,237.2849884033203,2015.6177978515625,104.72455596923828
2024_4123,凱米颱風,闊葉樹林型,26.67924362098057,213841.53,2610201.18,271.6000061035156,139.93499755859375,261.6499938964844,2369.28271484375,127.62212371826172
2024_4126,凱米颱風,闊葉樹林型,8.984876931685683,214913.62,2608070.82,271.6000061035156,139.93499755859375,261.6499938964844,2382.69189453125,140.41598510742188
2024_4127,凱米颱風,闊葉樹林型,54.94057303311303,213240.84,2609801.9,271.6000061035156,139.93499755859375,261.6499938964844,2369.28271484375,127.62212371826172
2024_4130,凱米颱風,竹林,37.790111559066204,213929.68,2617409.63,245.9949951171875,121.70999908447266,237.2849884033203,1855.903564453125,100.40746307373047
2024_4131,凱米颱風,闊葉樹林型,51.06898616576609,213981.01,2617180.22,245.9949951171875,121.70999908447266,237.2849884033203,1855.903564453125,100.40746307373047
2024_4132,凱米颱風,闊葉樹林型,25.89250179780793,214068.02,2617184.64,245.9949951171875,121.70999908447266,237.2849884033203,1855.903564453125,100.40746307373047
2024_4134,凱米颱風,闊葉樹林型,39.77877859061192,212708.98,2616604.73,245.9949951171875,121.70999908447266,237.2849884033203,1855.903564453125,100.40746307373047
2024_4136,凱米颱風,闊葉樹林型,31.311156133255537,222425.64,2622481.0,251.29998779296875,125.62999725341797,241.73500061035156,2034.4815673828125,104.4044189453125
2024_4137,凱米颱風,闊葉樹林型,40.34005890109771,222150.24,2622334.48,251.29998779296875,125.62999725341797,241.73500061035156,2034.4815673828125,104.4044189453125
2024_4140,凱米颱風,闊葉樹林型,48.86969349083896,222835.95,2624171.91,251.29998779296875,125.62999725341797,241.73500061035156,2034.4815673828125,104.4044189453125
2024_4145,凱米颱風,闊葉樹林型,31.50340488200827,222453.06,2625831.71,251.29998779296875,125.62999725341797,241.73500061035156,2034.4815673828125,104.4044189453125
2024_4147,凱米颱風,闊葉樹林型,26.593674030621376,222239.43,2626324.35,251.29998779296875,125.62999725341797,241.73500061035156,2034.4815673828125,104.4044189453125
2024_4148,凱米颱風,闊葉樹林型,31.160066779905723,222195.16,2626123.63,251.29998779296875,125.62999725341797,241.73500061035156,2034.4815673828125,104.4044189453125
2024_4149,凱米颱風,竹林,38.32881810145589,222090.34,2628299.88,251.29998779296875,125.62999725341797,241.73500061035156,1948.4617919921875,110.43502807617188
2024_4152,凱米颱風,闊葉樹林型,35.009177890477666,223565.67,2627237.87,251.29998779296875,125.62999725341797,241.73500061035156,2034.4815673828125,104.4044189453125
2024_4153,凱米颱風,闊葉樹林型,37.60152555834086,237077.7,2634297.5,232.32998657226562,104.58999633789062,222.85499572753906,1915.0513916015625,104.89905548095703
2024_4155,凱米颱風,闊葉樹林型,55.83727025352192,251677.62,2639936.94,259.2449951171875,137.364990234375,251.22499084472656,1799.2901611328125,105.68270874023438
2024_4156,凱米颱風,竹林,43.02734418130678,251339.29,2639402.86,259.2449951171875,137.364990234375,251.22499084472656,1799.2901611328125,105.68270874023438
2024_4157,凱米颱風,闊葉樹林型,22.144873841221017,238354.28,2638887.86,232.32998657226562,104.58999633789062,222.85499572753906,1872.4876708984375,115.07180786132812
2024_4164,凱米颱風,闊葉樹林型,26.39225472997553,226638.87,2651244.62,233.239990234375,97.48500061035156,227.59999084472656,1619.1983642578125,103.1614761352539
2024_4165,凱米颱風,闊葉樹林型,26.849053663953967,230053.04,2651078.57,220.4949951171875,107.56999969482422,213.18499755859375,1712.580810546875,107.47186279296875
2024_4168,凱米颱風,闊葉樹林型,49.031074837241086,236382.78,2649681.6,220.4949951171875,107.56999969482422,213.18499755859375,1666.9239501953125,95.21394348144531
2024_4170,凱米颱風,闊葉樹林型,34.30834539460494,263027.01,2650358.86,237.85499572753906,125.29999542236328,230.33999633789062,2548.475341796875,155.4546356201172
2024_4172,凱米颱風,闊葉樹林型,19.69460081513802,241351.7,2654431.57,237.5449981689453,109.28499603271484,230.3199920654297,1613.459716796875,92.62015533447266
2024_4173,凱米颱風,闊葉樹林型,46.23402277192896,260463.31,2654066.88,237.85499572753906,125.29999542236328,230.33999633789062,2548.475341796875,155.4546356201172
2024_4174,凱米颱風,闊葉樹林型,32.985092758994966,261498.65,2653067.71,237.85499572753906,125.29999542236328,230.33999633789062,2548.475341796875,155.4546356201172
2024_4175,凱米颱風,闊葉樹林型,42.03111377419729,261492.08,2652876.65,237.85499572753906,125.29999542236328,230.33999633789062,2548.475341796875,155.4546356201172
2024_4177,凱米颱風,闊葉樹林型,35.795759914707084,233817.75,2655271.61,224.5800018310547,113.31499481201172,219.7050018310547,1699.209228515625,98.94628143310547
2024_4178,凱米颱風,闊葉樹林型,31.05129356595241,233810.62,2655394.32,224.5800018310547,113.31499481201172,219.7050018310547,1699.209228515625,98.94628143310547
2024_4180,凱米颱風,闊葉樹林型,21.211450322740603,234149.5,2659327.6,224.5800018310547,113.31499481201172,219.7050018310547,1699.209228515625,98.94628143310547
2024_4182,凱米颱風,闊葉樹林型,50.98302833497572,256349.85,2660125.4,217.84500122070312,100.1199951171875,209.7849884033203,2425.75634765625,143.2866973876953
2024_4183,凱米颱風,闊葉樹林型,36.57693385156434,261021.64,2658976.58,217.52999877929688,116.00999450683594,208.93499755859375,2563.44970703125,163.0745849609375
2024_4185,凱米颱風,闊葉樹林型,40.04325099636187,263456.58,2661184.11,217.52999877929688,116.00999450683594,208.93499755859375,2553.768310546875,193.8992462158203
2024_4186,凱米颱風,闊葉樹林型,45.35368663627471,265140.06,2660315.05,217.52999877929688,116.00999450683594,208.93499755859375,2563.44970703125,163.0745849609375
2024_4188,凱米颱風,闊葉樹林型,37.90505895833579,230045.6,2663367.79,224.5800018310547,113.31499481201172,219.7050018310547,1751.3350830078125,105.95482635498047
2024_4189,凱米颱風,闊葉樹林型,27.726186750640903,233369.74,2660985.15,224.5800018310547,113.31499481201172,219.7050018310547,1751.3350830078125,105.95482635498047
2024_4190,凱米颱風,闊葉樹林型,43.97995668722642,242004.5,2662621.44,214.125,99.2449951171875,207.3300018310547,1671.2978515625,104.5886001586914
2024_4191,凱米颱風,闊葉樹林型,56.80197532782568,245062.39,2661927.71,214.125,99.2449951171875,207.3300018310547,1948.8656005859375,118.5080337524414
2024_4192,凱米颱風,闊葉樹林型,40.90520427089325,251153.82,2662728.95,217.84500122070312,100.1199951171875,209.7849884033203,2252.544189453125,145.8170166015625
2024_4194,凱米颱風,闊葉樹林型,45.35368663627471,260169.83,2661791.81,217.84500122070312,100.1199951171875,209.7849884033203,2433.980712890625,165.60604858398438
2024_4196,凱米颱風,闊葉樹林型,47.12401133336427,242667.98,2664366.35,214.125,99.2449951171875,207.3300018310547,1671.2978515625,104.5886001586914
2024_4197,凱米颱風,闊葉樹林型,46.242226022013895,259052.57,2664274.93,217.84500122070312,100.1199951171875,209.7849884033203,2433.980712890625,165.60604858398438
2024_4199,凱米颱風,闊葉樹林型,47.90193788213671,266123.13,2666260.36,208.90499877929688,104.52499389648438,199.02499389648438,2607.684326171875,178.45928955078125
2024_4201,凱米颱風,闊葉樹林型,51.6056794125864,263634.38,2669802.93,208.90499877929688,104.52499389648438,199.02499389648438,2568.5400390625,156.200439453125
2024_4202,凱米颱風,闊葉樹林型,33.59475678656656,237772.94,2671758.98,219.2849884033203,108.3499984741211,213.4149932861328,1677.6024169921875,102.9942398071289
2024_4203,凱米颱風,闊葉樹林型,34.52178114261242,262639.96,2674453.88,208.90499877929688,104.52499389648438,199.02499389648438,2540.77099609375,168.72616577148438
2024_4204,凱米颱風,闊葉樹林型,33.425567049364545,266397.78,2673508.72,208.90499877929688,104.52499389648438,199.02499389648438,2530.10693359375,193.16954040527344
2024_4207,凱米颱風,闊葉樹林型,46.93804858054488,264263.51,2674697.56,208.90499877929688,104.52499389648438,199.02499389648438,2540.77099609375,168.72616577148438
2024_4208,凱米颱風,闊葉樹林型,38.11835994667712,265624.54,2675985.88,208.90499877929688,104.52499389648438,199.02499389648438,2530.10693359375,193.16954040527344
2024_4209,凱米颱風,闊葉樹林型,40.376760812124,265548.35,2675015.48,208.90499877929688,104.52499389648438,199.02499389648438,2530.10693359375,193.16954040527344
2024_4210,凱米颱風,闊葉樹林型,43.88356587860426,269443.94,2678018.02,187.4199981689453,89.40499877929688,177.8699951171875,2394.2109375,159.887451171875
2024_4211,凱米颱風,闊葉樹林型,45.37114282183035,269441.46,2678146.0,187.4199981689453,89.40499877929688,177.8699951171875,2394.2109375,159.887451171875
2024_4216,凱米颱風,闊葉樹林型,16.808314433366295,240972.26,2687724.91,203.625,97.02499389648438,194.38499450683594,2035.98486328125,121.61235809326172
2024_4217,凱米颱風,闊葉樹林型,23.62078775621093,241094.11,2687819.74,203.625,97.02499389648438,194.38499450683594,2035.98486328125,121.61235809326172
2024_4224,凱米颱風,闊葉樹林型,22.144873841221017,214836.62,2496422.53,287.0050048828125,183.72999572753906,258.5050048828125,3732.37646484375,184.0919952392578
2024_4225,凱米颱風,闊葉樹林型,33.946295027753955,217395.24,2492266.63,287.0050048828125,183.72999572753906,258.5050048828125,4106.98876953125,207.43701171875
2024_4226,凱米颱風,闊葉樹林型,39.53553952464218,217074.68,2492228.9,287.0050048828125,183.72999572753906,258.5050048828125,4106.98876953125,207.43701171875
2024_4228,凱米颱風,闊葉樹林型,42.93479585813085,215219.46,2483762.99,297.9599914550781,190.89498901367188,263.18499755859375,3194.519287109375,174.19558715820312
2024_4229,凱米颱風,闊葉樹林型,46.23402277192896,215462.48,2484327.66,297.9599914550781,190.89498901367188,263.18499755859375,3194.519287109375,174.19558715820312
2024_4230,凱米颱風,闊葉樹林型,17.183330483447964,213935.98,2476876.35,284.5299987792969,181.60499572753906,247.51998901367188,2749.36181640625,173.8831024169922
2024_4231,凱米颱風,闊葉樹林型,23.893396656492648,213800.03,2476779.65,284.5299987792969,181.60499572753906,247.51998901367188,2749.36181640625,173.8831024169922
2024_4232,凱米颱風,闊葉樹林型,28.35466400077033,294529.19,2719149.27,220.43499755859375,115.43999481201172,203.64498901367188,2188.5390625,149.33819580078125
2024_4233,凱米颱風,闊葉樹林型,35.59853666783391,315441.65,2714225.78,255.34500122070312,156.89999389648438,234.8699951171875,2312.360107421875,131.56048583984375
2024_4234,凱米颱風,闊葉樹林型,20.88727638387147,329938.13,2704585.44,284.0099792480469,169.22000122070312,251.79998779296875,1915.9677734375,126.06468200683594
2024_4236,凱米颱風,闊葉樹林型,40.7628826356304,214586.48,2534717.38,294.7149963378906,175.40499877929688,269.3399963378906,2999.6904296875,180.5821533203125
2024_4239,凱米颱風,闊葉樹林型,60.71029657573545,213755.77,2530707.09,305.31500244140625,188.76998901367188,282.0149841308594,2666.8125,173.190185546875
2024_4242,凱米颱風,闊葉樹林型,41.59751679121417,214179.94,2531373.4,305.31500244140625,188.76998901367188,282.0149841308594,2933.138916015625,168.9228057861328
2024_4244,凱米颱風,闊葉樹林型,57.456243886623184,215001.04,2531027.2,305.31500244140625,188.76998901367188,282.0149841308594,2933.138916015625,168.9228057861328
2024_4245,凱米颱風,闊葉樹林型,54.02656112847771,214844.05,2530965.16,305.31500244140625,188.76998901367188,282.0149841308594,2933.138916015625,168.9228057861328
2024_4248,凱米颱風,闊葉樹林型,42.779253086391705,216651.26,2534170.86,294.7149963378906,175.40499877929688,269.3399963378906,2999.6904296875,180.5821533203125
2024_4252,凱米颱風,闊葉樹林型,25.407718108948472,215677.28,2533165.45,305.31500244140625,188.76998901367188,282.0149841308594,2933.138916015625,168.9228057861328
2024_4253,凱米颱風,闊葉樹林型,38.876655136344326,216131.16,2532933.24,305.31500244140625,188.76998901367188,282.0149841308594,2933.138916015625,168.9228057861328
2024_4255,凱米颱風,闊葉樹林型,25.772653472692426,215889.02,2532244.3,305.31500244140625,188.76998901367188,282.0149841308594,2933.138916015625,168.9228057861328
2024_4256,凱米颱風,闊葉樹林型,30.720611476635867,215722.29,2532516.85,305.31500244140625,188.76998901367188,282.0149841308594,2933.138916015625,168.9228057861328
2024_4257,凱米颱風,闊葉樹林型,47.13939561888404,216815.26,2530578.03,305.31500244140625,188.76998901367188,282.0149841308594,2933.138916015625,168.9228057861328
2024_4262,凱米颱風,闊葉樹林型,35.2136676052906,216552.87,2530428.49,305.31500244140625,188.76998901367188,282.0149841308594,2933.138916015625,168.9228057861328
2024_4263,凱米颱風,闊葉樹林型,33.59475678656656,216464.76,2530409.11,305.31500244140625,188.76998901367188,282.0149841308594,2933.138916015625,168.9228057861328
2024_4264,凱米颱風,闊葉樹林型,45.37114282183035,214747.01,2530789.62,305.31500244140625,188.76998901367188,282.0149841308594,2933.138916015625,168.9228057861328
2024_4265,凱米颱風,闊葉樹林型,53.58804573237632,214821.77,2530057.11,305.31500244140625,188.76998901367188,282.0149841308594,2933.138916015625,168.9228057861328
2024_4266,凱米颱風,闊葉樹林型,34.468683663334545,215370.64,2529882.62,305.31500244140625,188.76998901367188,282.0149841308594,2933.138916015625,168.9228057861328
2024_4267,凱米颱風,闊葉樹林型,39.57420005713789,215545.27,2529876.18,305.31500244140625,188.76998901367188,282.0149841308594,2933.138916015625,168.9228057861328
2024_4268,凱米颱風,闊葉樹林型,39.14355704978305,214895.61,2529830.62,305.31500244140625,188.76998901367188,282.0149841308594,2933.138916015625,168.9228057861328
2024_4269,凱米颱風,闊葉樹林型,36.00673320377917,215394.64,2529817.33,305.31500244140625,188.76998901367188,282.0149841308594,2933.138916015625,168.9228057861328
2024_4270,凱米颱風,竹林,39.62559816710531,215157.26,2529699.5,305.31500244140625,188.76998901367188,282.0149841308594,2933.138916015625,168.9228057861328
2024_4271,凱米颱風,闊葉樹林型,35.94211187138234,216197.35,2530211.62,305.31500244140625,188.76998901367188,282.0149841308594,2933.138916015625,168.9228057861328
2024_4272,凱米颱風,闊葉樹林型,41.3243671023583,216187.0,2529971.58,305.31500244140625,188.76998901367188,282.0149841308594,2933.138916015625,168.9228057861328
2024_4275,凱米颱風,闊葉樹林型,36.34180401854167,215085.8,2531482.89,305.31500244140625,188.76998901367188,282.0149841308594,2933.138916015625,168.9228057861328
2024_4279,凱米颱風,闊葉樹林型,27.565248984490395,218625.01,2534574.05,294.7149963378906,175.40499877929688,269.3399963378906,2999.6904296875,180.5821533203125
2024_4281,凱米颱風,闊葉樹林型,51.479166996658925,217895.16,2533231.23,305.31500244140625,188.76998901367188,282.0149841308594,2933.138916015625,168.9228057861328
2024_4284,凱米颱風,闊葉樹林型,38.78215347624,219635.83,2533824.39,288.2250061035156,168.4550018310547,261.56500244140625,2913.28076171875,173.29315185546875
2024_4285,凱米颱風,闊葉樹林型,39.31462864873003,219616.11,2533947.05,288.2250061035156,168.4550018310547,261.56500244140625,2913.28076171875,173.29315185546875
2024_4288,凱米颱風,闊葉樹林型,31.83974832021572,218173.99,2531064.89,305.31500244140625,188.76998901367188,282.0149841308594,2933.138916015625,168.9228057861328
2024_4289,凱米颱風,闊葉樹林型,28.835768652404315,218629.94,2531532.09,305.31500244140625,188.76998901367188,282.0149841308594,2933.138916015625,168.9228057861328
2024_4290,凱米颱風,闊葉樹林型,35.615064210381185,217895.58,2531955.14,305.31500244140625,188.76998901367188,282.0149841308594,2933.138916015625,168.9228057861328
2024_4291,凱米颱風,闊葉樹林型,32.965670984008376,217699.23,2531407.74,305.31500244140625,188.76998901367188,282.0149841308594,2933.138916015625,168.9228057861328
2024_4294,凱米颱風,闊葉樹林型,35.28126182726603,219000.6,2530911.63,305.31500244140625,188.76998901367188,282.0149841308594,2933.138916015625,168.9228057861328
2024_4298,凱米颱風,竹林,35.06054243271615,219127.9,2530704.1,305.31500244140625,188.76998901367188,282.0149841308594,2933.138916015625,168.9228057861328
2024_4299,凱米颱風,闊葉樹林型,32.31153323742385,213812.74,2530131.37,305.31500244140625,188.76998901367188,282.0149841308594,2666.8125,173.190185546875
2024_4300,凱米颱風,闊葉樹林型,34.21858270764896,214208.45,2529701.88,305.31500244140625,188.76998901367188,282.0149841308594,2933.138916015625,168.9228057861328
2024_4301,凱米颱風,闊葉樹林型,28.835768652404315,213861.49,2529096.8,305.31500244140625,188.76998901367188,282.0149841308594,2666.8125,173.190185546875
2024_4302,凱米颱風,闊葉樹林型,26.39225472997553,213938.44,2528884.19,305.31500244140625,188.76998901367188,282.0149841308594,2666.8125,173.190185546875
2024_4303,凱米颱風,闊葉樹林型,27.990970091758022,214315.16,2529679.9,305.31500244140625,188.76998901367188,282.0149841308594,2933.138916015625,168.9228057861328
2024_4304,凱米颱風,闊葉樹林型,33.44445239980459,216768.24,2530225.72,305.31500244140625,188.76998901367188,282.0149841308594,2933.138916015625,168.9228057861328
2024_4305,凱米颱風,闊葉樹林型,33.425567049364545,216438.95,2529162.9,305.31500244140625,188.76998901367188,282.0149841308594,2933.138916015625,168.9228057861328
2024_4306,凱米颱風,闊葉樹林型,34.888691645645146,216390.4,2529912.06,305.31500244140625,188.76998901367188,282.0149841308594,2933.138916015625,168.9228057861328
2024_4309,凱米颱風,闊葉樹林型,43.59051881270964,220904.58,2533847.63,288.2250061035156,168.4550018310547,261.56500244140625,2913.28076171875,173.29315185546875
2024_4317,凱米颱風,闊葉樹林型,42.52694856602216,223805.44,2533089.49,292.2749938964844,184.69000244140625,266.3899841308594,2925.142578125,173.83131408691406
2024_4319,凱米颱風,闊葉樹林型,15.616129405024544,219136.46,2526488.42,305.31500244140625,188.76998901367188,282.0149841308594,2884.879638671875,169.8948974609375
2024_4322,凱米颱風,闊葉樹林型,43.54110253900031,220432.6,2527313.73,292.2749938964844,184.69000244140625,266.3899841308594,3080.857421875,169.23855590820312
2024_4324,凱米颱風,闊葉樹林型,28.30319610038818,220323.08,2527118.6,292.2749938964844,184.69000244140625,266.3899841308594,3080.857421875,169.23855590820312
2024_4326,凱米颱風,闊葉樹林型,35.264389682754654,220058.17,2528121.74,292.2749938964844,184.69000244140625,266.3899841308594,2925.142578125,173.83131408691406
2024_4328,凱米颱風,闊葉樹林型,35.94211187138234,220020.85,2527835.08,292.2749938964844,184.69000244140625,266.3899841308594,2925.142578125,173.83131408691406
2024_4330,凱米颱風,闊葉樹林型,32.18975488338548,225399.37,2531180.84,292.2749938964844,184.69000244140625,266.3899841308594,2923.65380859375,170.8692626953125
2024_4331,凱米颱風,闊葉樹林型,62.11176810504191,225336.43,2530974.81,292.2749938964844,184.69000244140625,266.3899841308594,2923.65380859375,170.8692626953125
2024_4335,凱米颱風,闊葉樹林型,33.197229942878394,237236.18,2528844.04,295.82000732421875,204.47000122070312,265.80999755859375,2659.308349609375,132.2608642578125
2024_4336,凱米颱風,闊葉樹林型,32.73080151420785,233037.35,2521762.18,272.3450012207031,180.00498962402344,244.22000122070312,2701.94091796875,150.17758178710938
2024_4337,凱米颱風,闊葉樹林型,36.57693385156434,230740.23,2520318.83,272.3450012207031,180.00498962402344,244.22000122070312,2701.94091796875,150.17758178710938
2024_4338,凱米颱風,闊葉樹林型,41.86581899605287,231135.78,2524256.27,295.82000732421875,204.47000122070312,265.80999755859375,2786.07470703125,146.2504425048828
2024_4346,凱米颱風,闊葉樹林型,53.0357335678294,229419.4,2518960.52,277.5,178.864990234375,254.864990234375,2878.77783203125,159.82733154296875
2024_4347,凱米颱風,闊葉樹林型,28.735641668064066,229578.56,2517883.05,272.3450012207031,180.00498962402344,244.22000122070312,2701.94091796875,150.17758178710938
2024_4348,凱米颱風,闊葉樹林型,20.556045219583467,230405.68,2517862.59,272.3450012207031,180.00498962402344,244.22000122070312,2701.94091796875,150.17758178710938
2024_4349,凱米颱風,闊葉樹林型,36.86989764584402,230434.97,2517943.48,272.3450012207031,180.00498962402344,244.22000122070312,2701.94091796875,150.17758178710938
2024_4351,凱米颱風,闊葉樹林型,47.9744503541902,233814.17,2516924.62,272.3450012207031,180.00498962402344,244.22000122070312,2701.94091796875,150.17758178710938
2024_4354,凱米颱風,闊葉樹林型,45.0,216830.89,2517775.7,279.75,179.88999938964844,257.3299865722656,2992.088134765625,169.11236572265625
2024_4355,凱米颱風,闊葉樹林型,36.86989764584402,217100.76,2517995.09,279.75,179.88999938964844,257.3299865722656,2992.088134765625,169.11236572265625
2024_4356,凱米颱風,闊葉樹林型,26.67924362098057,218703.73,2516554.29,279.75,179.88999938964844,257.3299865722656,3375.24658203125,182.49546813964844
2024_4363,凱米颱風,闊葉樹林型,32.087580878338315,219700.19,2520969.1,277.5,178.864990234375,254.864990234375,2973.652587890625,167.24110412597656
2024_4373,凱米颱風,闊葉樹林型,33.854514812620515,214763.89,2512978.05,279.75,179.88999938964844,257.3299865722656,3375.24658203125,182.49546813964844
2024_4374,凱米颱風,闊葉樹林型,36.05502968442895,215656.19,2512777.9,279.75,179.88999938964844,257.3299865722656,3375.24658203125,182.49546813964844
2024_4380,凱米颱風,闊葉樹林型,30.17736603061792,215269.9,2508708.04,269.2749938964844,164.1649932861328,244.17498779296875,3173.47412109375,163.93460083007812
2024_4381,凱米颱風,闊葉樹林型,39.31462864873003,216798.55,2508266.68,269.2749938964844,164.1649932861328,244.17498779296875,3173.47412109375,163.93460083007812
2024_4382,凱米颱風,闊葉樹林型,44.15186907819885,212910.47,2502284.7,269.2749938964844,164.1649932861328,244.17498779296875,2864.02294921875,171.08883666992188
2024_4383,凱米颱風,闊葉樹林型,35.2136676052906,216584.37,2501517.95,269.2749938964844,164.1649932861328,244.17498779296875,3282.09326171875,164.9807586669922
2024_4384,凱米颱風,闊葉樹林型,39.05065885812619,217287.13,2496787.76,287.0050048828125,183.72999572753906,258.5050048828125,3732.37646484375,184.0919952392578
2024_4385,凱米颱風,闊葉樹林型,15.616129405024544,217150.34,2496746.95,287.0050048828125,183.72999572753906,258.5050048828125,3732.37646484375,184.0919952392578
2024_4386,凱米颱風,闊葉樹林型,16.753888986635726,216384.57,2496900.13,287.0050048828125,183.72999572753906,258.5050048828125,3732.37646484375,184.0919952392578
2024_4387,凱米颱風,闊葉樹林型,28.810793742973065,217643.1,2494801.59,287.0050048828125,183.72999572753906,258.5050048828125,3732.37646484375,184.0919952392578
2024_4389,凱米颱風,闊葉樹林型,49.91003577582436,214154.74,2488242.0,297.9599914550781,190.89498901367188,263.18499755859375,3194.519287109375,174.19558715820312
2024_4398,凱米颱風,闊葉樹林型,39.53553952464218,223790.12,2509734.44,274.1300048828125,171.9949951171875,244.11000061035156,3208.257568359375,163.9506378173828
2024_4400,凱米颱風,闊葉樹林型,7.125016348901798,219123.02,2482921.23,297.9599914550781,190.89498901367188,263.18499755859375,2955.77978515625,169.06393432617188
2024_4405,凱米颱風,闊葉樹林型,10.21937711459359,216287.67,2608591.08,271.6000061035156,139.93499755859375,261.6499938964844,2382.69189453125,140.41598510742188
2024_4410,凱米颱風,闊葉樹林型,14.302914425322813,216322.34,2608212.81,271.6000061035156,139.93499755859375,261.6499938964844,2382.69189453125,140.41598510742188
2024_4411,凱米颱風,闊葉樹林型,7.667577242751911,216070.9,2607859.54,271.6000061035156,139.93499755859375,261.6499938964844,2382.69189453125,140.41598510742188
2024_4412,凱米颱風,闊葉樹林型,9.520202144985053,216007.51,2607793.94,271.6000061035156,139.93499755859375,261.6499938964844,2382.69189453125,140.41598510742188
2024_4414,凱米颱風,闊葉樹林型,5.710593137499643,216702.59,2607590.49,271.6000061035156,139.93499755859375,261.6499938964844,2382.69189453125,140.41598510742188
2024_4417,凱米颱風,闊葉樹林型,19.69460081513802,217026.05,2607546.94,271.6000061035156,139.93499755859375,261.6499938964844,2382.69189453125,140.41598510742188
2024_4426,凱米颱風,闊葉樹林型,55.20289622865376,217112.13,2610674.67,271.6000061035156,139.93499755859375,261.6499938964844,2382.69189453125,140.41598510742188
2024_4430,凱米颱風,闊葉樹林型,40.47420622680254,218653.39,2607465.26,271.6000061035156,139.93499755859375,261.6499938964844,2382.69189453125,140.41598510742188
2024_4431,凱米颱風,闊葉樹林型,49.82852194195039,218748.48,2607136.9,271.6000061035156,139.93499755859375,261.6499938964844,2382.69189453125,140.41598510742188
2024_4433,凱米颱風,闊葉樹林型,40.36453657309736,220474.42,2608349.27,281.94000244140625,138.37998962402344,271.72998046875,2500.67626953125,137.4182891845703
2024_4435,凱米颱風,闊葉樹林型,32.51251731617002,221299.81,2608934.54,281.94000244140625,138.37998962402344,271.72998046875,2500.67626953125,137.4182891845703
2024_4438,凱米颱風,闊葉樹林型,24.68442966726714,224996.98,2611481.74,262.78997802734375,140.1199951171875,256.2550048828125,2098.72265625,117.17169952392578
2024_4441,凱米颱風,闊葉樹林型,35.95829151209359,223421.94,2611003.48,262.78997802734375,140.1199951171875,256.2550048828125,2290.72119140625,125.81459045410156
2024_4443,凱米颱風,闊葉樹林型,34.03756281454756,224630.16,2609195.43,281.94000244140625,138.37998962402344,271.72998046875,2363.367919921875,127.41893005371094
2024_4446,凱米颱風,闊葉樹林型,39.98069050753483,226039.01,2609198.52,281.94000244140625,138.37998962402344,271.72998046875,2363.367919921875,127.41893005371094
2024_4451,凱米颱風,闊葉樹林型,39.53553952464218,222011.83,2604773.8,281.94000244140625,138.37998962402344,271.72998046875,2793.92431640625,167.81224060058594
2024_4452,凱米颱風,竹林,29.205932247399417,222282.24,2604592.56,281.94000244140625,138.37998962402344,271.72998046875,2793.92431640625,167.81224060058594
2024_4456,凱米颱風,闊葉樹林型,39.53553952464218,222011.83,2604773.8,281.94000244140625,138.37998962402344,271.72998046875,2793.92431640625,167.81224060058594
2024_4457,凱米颱風,竹林,29.205932247399417,222282.24,2604592.56,281.94000244140625,138.37998962402344,271.72998046875,2793.92431640625,167.81224060058594
2024_4463,凱米颱風,闊葉樹林型,34.78470182920318,224601.62,2602653.74,281.94000244140625,138.37998962402344,271.72998046875,2559.213623046875,138.95001220703125
2024_4464,凱米颱風,闊葉樹林型,24.68442966726714,224940.07,2602383.72,281.94000244140625,138.37998962402344,271.72998046875,2559.213623046875,138.95001220703125
2024_4467,凱米颱風,闊葉樹林型,20.846265656650555,225235.92,2602266.03,281.94000244140625,138.37998962402344,271.72998046875,2559.213623046875,138.95001220703125
2024_4468,凱米颱風,闊葉樹林型,16.91651608571675,225179.08,2602187.66,281.94000244140625,138.37998962402344,271.72998046875,2559.213623046875,138.95001220703125
2024_4471,凱米颱風,闊葉樹林型,29.034220452471416,226751.82,2601412.9,281.94000244140625,138.37998962402344,271.72998046875,2559.213623046875,138.95001220703125
2024_4473,凱米颱風,闊葉樹林型,37.60152555834086,226757.8,2601884.35,281.94000244140625,138.37998962402344,271.72998046875,2559.213623046875,138.95001220703125
2024_4475,凱米颱風,闊葉樹林型,37.202544890156695,225984.3,2601404.26,281.94000244140625,138.37998962402344,271.72998046875,2559.213623046875,138.95001220703125
2024_4479,凱米颱風,闊葉樹林型,39.31462864873002,226828.55,2600836.84,281.94000244140625,138.37998962402344,271.72998046875,2559.213623046875,138.95001220703125
2024_4481,凱米颱風,闊葉樹林型,39.62559816710531,226093.22,2600630.43,281.94000244140625,138.37998962402344,271.72998046875,2559.213623046875,138.95001220703125
2024_4482,凱米颱風,闊葉樹林型,37.77568430595466,226205.89,2600753.51,281.94000244140625,138.37998962402344,271.72998046875,2559.213623046875,138.95001220703125
2024_4486,凱米颱風,闊葉樹林型,29.205932247399417,227507.02,2601679.68,281.94000244140625,138.37998962402344,271.72998046875,2559.213623046875,138.95001220703125
2024_4490,凱米颱風,竹林,35.14579037169356,226309.22,2597821.61,320.7699890136719,163.61000061035156,305.6300048828125,3013.884521484375,179.8356170654297
2024_4492,凱米颱風,闊葉樹林型,37.99072498917101,222074.92,2490753.4,265.125,170.12998962402344,232.8199920654297,3466.78662109375,180.9872283935547
2024_4495,凱米颱風,闊葉樹林型,46.40528916796506,225507.12,2485194.04,279.2149963378906,174.1649932861328,243.9550018310547,2269.083984375,126.86155700683594
2024_4499,凱米颱風,闊葉樹林型,27.911980918711127,231120.21,2485570.57,256.4849853515625,150.239990234375,221.6949920654297,2438.184814453125,130.67996215820312
2024_4500,凱米颱風,闊葉樹林型,56.48845288625745,233629.1,2488251.35,256.4849853515625,150.239990234375,221.6949920654297,2438.184814453125,130.67996215820312
2024_4501,凱米颱風,闊葉樹林型,61.54990868474526,232622.25,2488517.87,256.4849853515625,150.239990234375,221.6949920654297,2438.184814453125,130.67996215820312
2024_4502,凱米颱風,闊葉樹林型,39.43197210676055,237316.37,2486790.25,256.4849853515625,150.239990234375,221.6949920654297,2279.239501953125,129.17034912109375
2024_4504,凱米颱風,闊葉樹林型,29.424115787413506,235879.84,2535682.56,276.2550048828125,163.09500122070312,244.52999877929688,2721.876220703125,133.96163940429688
2024_4508,凱米颱風,闊葉樹林型,33.927980154144706,222485.8,2534839.27,288.2250061035156,168.4550018310547,261.56500244140625,2913.28076171875,173.29315185546875
2024_4510,凱米颱風,闊葉樹林型,37.351484577447394,222219.91,2534489.55,288.2250061035156,168.4550018310547,261.56500244140625,2913.28076171875,173.29315185546875
2024_4512,凱米颱風,闊葉樹林型,25.43844441156941,222962.44,2535985.01,288.2250061035156,168.4550018310547,261.56500244140625,2913.28076171875,173.29315185546875
2024_4514,凱米颱風,闊葉樹林型,38.577711707605054,221765.51,2535471.05,288.2250061035156,168.4550018310547,261.56500244140625,2913.28076171875,173.29315185546875
2024_4523,凱米颱風,闊葉樹林型,45.11591147929481,221853.9,2537726.56,288.2250061035156,168.4550018310547,261.56500244140625,2913.28076171875,173.29315185546875
2024_4524,凱米颱風,闊葉樹林型,34.468683663334545,221709.91,2536489.66,288.2250061035156,168.4550018310547,261.56500244140625,2913.28076171875,173.29315185546875
2024_4528,凱米颱風,闊葉樹林型,30.985684296843363,220296.92,2538988.29,288.2250061035156,168.4550018310547,261.56500244140625,2914.75244140625,176.5850067138672
2024_4535,凱米颱風,闊葉樹林型,36.00673320377918,224047.89,2536091.57,288.2250061035156,168.4550018310547,261.56500244140625,2913.28076171875,173.29315185546875
2024_4540,凱米颱風,闊葉樹林型,51.479166996658925,224015.79,2538827.19,288.2250061035156,168.4550018310547,261.56500244140625,2914.75244140625,176.5850067138672
2024_4546,凱米颱風,闊葉樹林型,37.83331466287141,226474.44,2539562.3,288.2250061035156,168.4550018310547,261.56500244140625,3075.998046875,173.19439697265625
2024_4548,凱米颱風,闊葉樹林型,33.946295027753955,226677.81,2537451.88,288.2250061035156,168.4550018310547,261.56500244140625,2989.65869140625,161.69830322265625
2024_4552,凱米颱風,闊葉樹林型,56.83354058155314,223340.64,2541768.45,288.2250061035156,168.4550018310547,261.56500244140625,2914.75244140625,176.5850067138672
2024_4553,凱米颱風,闊葉樹林型,38.46757814830217,223770.12,2543330.66,288.2250061035156,168.4550018310547,261.56500244140625,2914.75244140625,176.5850067138672
2024_4555,凱米颱風,闊葉樹林型,33.197229942878394,224859.33,2544230.26,288.2250061035156,168.4550018310547,261.56500244140625,3075.998046875,173.19439697265625
2024_4557,凱米颱風,闊葉樹林型,34.78470182920318,224904.13,2545495.63,287.9649963378906,152.81500244140625,256.3849792480469,2630.49951171875,160.43226623535156
2024_4560,凱米颱風,闊葉樹林型,30.269155243344123,223441.05,2546273.71,287.9649963378906,152.81500244140625,256.3849792480469,2502.212158203125,147.98951721191406
2024_4561,凱米颱風,闊葉樹林型,34.46868366333454,222978.82,2546861.27,287.9649963378906,152.81500244140625,256.3849792480469,2502.212158203125,147.98951721191406
2024_4562,凱米颱風,闊葉樹林型,17.5484006137923,223065.04,2546749.74,287.9649963378906,152.81500244140625,256.3849792480469,2502.212158203125,147.98951721191406
2024_4563,凱米颱風,闊葉樹林型,30.720611476635867,223778.61,2546276.68,287.9649963378906,152.81500244140625,256.3849792480469,2502.212158203125,147.98951721191406
2024_4564,凱米颱風,闊葉樹林型,22.29512452730976,223865.73,2546256.41,287.9649963378906,152.81500244140625,256.3849792480469,2502.212158203125,147.98951721191406
2024_4567,凱米颱風,闊葉樹林型,44.946184270621984,221580.1,2548277.23,287.9649963378906,152.81500244140625,256.3849792480469,2502.212158203125,147.98951721191406
2024_4569,凱米颱風,闊葉樹林型,38.46757814830217,222142.89,2547194.01,287.9649963378906,152.81500244140625,256.3849792480469,2502.212158203125,147.98951721191406
2024_4577,凱米颱風,闊葉樹林型,31.160066779905723,228307.71,2547459.88,287.9649963378906,152.81500244140625,256.3849792480469,2630.49951171875,160.43226623535156
2024_4578,凱米颱風,闊葉樹林型,35.16278633434701,230067.94,2549204.81,285.9150085449219,157.76998901367188,253.98500061035156,2634.498291015625,141.6938018798828
2024_4579,凱米颱風,闊葉樹林型,36.00673320377917,229960.01,2549555.33,285.9150085449219,157.76998901367188,253.98500061035156,2634.498291015625,141.6938018798828
2024_4580,凱米颱風,闊葉樹林型,44.23706899687728,230084.85,2549470.72,285.9150085449219,157.76998901367188,253.98500061035156,2634.498291015625,141.6938018798828
2024_4582,凱米颱風,闊葉樹林型,42.93479585813085,230891.8,2548237.03,285.9150085449219,157.76998901367188,253.98500061035156,2634.498291015625,141.6938018798828
2024_4585,凱米颱風,闊葉樹林型,26.67924362098057,215528.92,2539973.8,294.7149963378906,175.40499877929688,269.3399963378906,2956.617919921875,183.99441528320312
2024_4589,凱米颱風,闊葉樹林型,42.25951228504015,215930.62,2539428.26,294.7149963378906,175.40499877929688,269.3399963378906,2956.617919921875,183.99441528320312
2024_4591,凱米颱風,闊葉樹林型,47.68204760672303,216857.08,2539914.55,294.7149963378906,175.40499877929688,269.3399963378906,2956.617919921875,183.99441528320312
2024_4594,凱米颱風,闊葉樹林型,28.22569196507436,216266.24,2540479.8,294.7149963378906,175.40499877929688,269.3399963378906,2956.617919921875,183.99441528320312
2024_4595,凱米颱風,闊葉樹林型,37.11250830386473,217362.56,2540252.95,294.7149963378906,175.40499877929688,269.3399963378906,2956.617919921875,183.99441528320312
2024_4598,凱米颱風,闊葉樹林型,27.93835272960235,217110.96,2541194.5,294.7149963378906,175.40499877929688,269.3399963378906,2956.617919921875,183.99441528320312
2024_4600,凱米颱風,闊葉樹林型,41.27835984180592,215353.76,2539476.72,294.7149963378906,175.40499877929688,269.3399963378906,2956.617919921875,183.99441528320312
2024_4601,凱米颱風,闊葉樹林型,28.14782196842062,208695.99,2542588.5,289.3949890136719,172.58999633789062,271.54998779296875,2676.395751953125,163.50372314453125
2024_4602,凱米颱風,闊葉樹林型,27.26604445073282,210701.77,2544649.38,293.31500244140625,170.02499389648438,270.81500244140625,2479.486083984375,162.99818420410156
2024_4603,凱米颱風,闊葉樹林型,29.992245119716017,210465.14,2544202.93,294.7149963378906,175.40499877929688,269.3399963378906,2710.6376953125,174.08975219726562
2024_4606,凱米颱風,闊葉樹林型,40.90520427089325,212234.99,2544883.61,293.31500244140625,170.02499389648438,270.81500244140625,2479.486083984375,162.99818420410156
2024_4607,凱米颱風,闊葉樹林型,32.005383208083494,212043.5,2544920.52,293.31500244140625,170.02499389648438,270.81500244140625,2479.486083984375,162.99818420410156
2024_4608,凱米颱風,闊葉樹林型,24.684429667267143,212180.44,2544796.51,293.31500244140625,170.02499389648438,270.81500244140625,2479.486083984375,162.99818420410156
2024_4609,凱米颱風,闊葉樹林型,23.273326481355983,210873.16,2547547.9,293.31500244140625,170.02499389648438,270.81500244140625,2479.486083984375,162.99818420410156
2024_4610,凱米颱風,闊葉樹林型,28.835768652404315,210918.28,2547408.31,293.31500244140625,170.02499389648438,270.81500244140625,2479.486083984375,162.99818420410156
2024_4615,凱米颱風,闊葉樹林型,30.985684296843363,210478.48,2549668.13,293.31500244140625,170.02499389648438,270.81500244140625,2479.486083984375,162.99818420410156
2024_4619,凱米颱風,闊葉樹林型,32.005383208083494,211548.43,2548799.16,293.31500244140625,170.02499389648438,270.81500244140625,2479.486083984375,162.99818420410156
2024_4621,凱米颱風,竹林,22.144873841221017,211052.3,2551183.1,293.31500244140625,170.02499389648438,270.81500244140625,2556.321044921875,148.60157775878906
2024_4622,凱米颱風,竹林,26.67924362098057,210448.23,2552256.22,293.31500244140625,170.02499389648438,270.81500244140625,2556.321044921875,148.60157775878906
2024_4628,凱米颱風,闊葉樹林型,25.89250179780793,210323.66,2549981.01,293.31500244140625,170.02499389648438,270.81500244140625,2556.321044921875,148.60157775878906
2024_4630,凱米颱風,竹林,38.04757894764742,214387.0,2547585.28,293.31500244140625,170.02499389648438,270.81500244140625,2664.70361328125,169.536376953125
2024_4631,凱米颱風,闊葉樹林型,44.48970525868108,315916.41,2686844.66,248.23500061035156,156.11000061035156,223.11000061035156,2337.134521484375,137.57943725585938
2024_4632,凱米颱風,闊葉樹林型,65.1810456471319,315634.28,2686503.21,248.23500061035156,156.11000061035156,223.11000061035156,2337.134521484375,137.57943725585938
2024_4633,凱米颱風,闊葉樹林型,43.893233668933576,322337.42,2690582.24,262.91998291015625,175.46499633789062,236.5349884033203,2083.27685546875,137.91004943847656
2024_4634,凱米颱風,闊葉樹林型,32.65176013874374,321092.82,2689820.08,264.35498046875,163.8199920654297,236.68499755859375,2065.531494140625,130.89926147460938
2024_4635,凱米颱風,闊葉樹林型,39.22274642672917,321166.26,2689694.56,262.91998291015625,175.46499633789062,236.5349884033203,2083.27685546875,137.91004943847656
2024_4636,凱米颱風,闊葉樹林型,42.52694856602216,319702.77,2690915.87,264.35498046875,163.8199920654297,236.68499755859375,2065.531494140625,130.89926147460938
2024_4637,凱米颱風,闊葉樹林型,55.9060292348161,320064.38,2690949.41,264.35498046875,163.8199920654297,236.68499755859375,2065.531494140625,130.89926147460938
2024_4638,凱米颱風,闊葉樹林型,37.790111559066204,319797.38,2690871.75,264.35498046875,163.8199920654297,236.68499755859375,2065.531494140625,130.89926147460938
2024_4640,凱米颱風,闊葉樹林型,31.39687644298045,319422.71,2690833.65,264.35498046875,163.8199920654297,236.68499755859375,2065.531494140625,130.89926147460938
2024_4641,凱米颱風,闊葉樹林型,45.74135233937299,319675.81,2690725.83,264.35498046875,163.8199920654297,236.68499755859375,2065.531494140625,130.89926147460938
2024_4642,凱米颱風,闊葉樹林型,49.64482573226741,320000.18,2690647.49,264.35498046875,163.8199920654297,236.68499755859375,2065.531494140625,130.89926147460938
2024_4643,凱米颱風,闊葉樹林型,53.14727885091738,319673.9,2690643.07,264.35498046875,163.8199920654297,236.68499755859375,2065.531494140625,130.89926147460938
2024_4644,凱米颱風,闊葉樹林型,44.973117396971325,319737.38,2690525.03,264.35498046875,163.8199920654297,236.68499755859375,2065.531494140625,130.89926147460938
2024_4645,凱米颱風,闊葉樹林型,55.30375559308339,319819.97,2690076.5,264.35498046875,163.8199920654297,236.68499755859375,2065.531494140625,130.89926147460938
2024_4646,凱米颱風,闊葉樹林型,19.33554969199933,320418.6,2688941.87,264.35498046875,163.8199920654297,236.68499755859375,2065.531494140625,130.89926147460938
2024_4647,凱米颱風,闊葉樹林型,53.07950451918269,318955.99,2688604.7,264.35498046875,163.8199920654297,236.68499755859375,2065.531494140625,130.89926147460938
2024_4651,凱米颱風,闊葉樹林型,43.10912630411683,317644.26,2690705.78,264.35498046875,163.8199920654297,236.68499755859375,2065.531494140625,130.89926147460938
2024_4654,凱米颱風,闊葉樹林型,33.27369602543111,316811.71,2690173.68,264.35498046875,163.8199920654297,236.68499755859375,2065.531494140625,130.89926147460938
2024_4657,凱米颱風,闊葉樹林型,45.16024384854909,317027.05,2689919.34,264.35498046875,163.8199920654297,236.68499755859375,2065.531494140625,130.89926147460938
2024_4660,凱米颱風,闊葉樹林型,45.17793834757605,317066.58,2689170.84,264.35498046875,163.8199920654297,236.68499755859375,2065.531494140625,130.89926147460938
2024_4662,凱米颱風,闊葉樹林型,41.98721249581666,317547.66,2689102.45,264.35498046875,163.8199920654297,236.68499755859375,2065.531494140625,130.89926147460938
2024_4665,凱米颱風,闊葉樹林型,49.72115168315113,317600.15,2688920.73,264.35498046875,163.8199920654297,236.68499755859375,2065.531494140625,130.89926147460938
2024_4666,凱米颱風,闊葉樹林型,37.247373202381205,318384.74,2688882.5,264.35498046875,163.8199920654297,236.68499755859375,2065.531494140625,130.89926147460938
2024_4667,凱米颱風,闊葉樹林型,49.09774174003434,317541.64,2688798.9,264.35498046875,163.8199920654297,236.68499755859375,2065.531494140625,130.89926147460938
2024_4668,凱米颱風,闊葉樹林型,40.91700476339015,317510.63,2688642.71,264.35498046875,163.8199920654297,236.68499755859375,2065.531494140625,130.89926147460938
2024_4672,凱米颱風,闊葉樹林型,47.34541655277845,317483.68,2690018.07,264.35498046875,163.8199920654297,236.68499755859375,2065.531494140625,130.89926147460938
2024_4673,凱米颱風,闊葉樹林型,31.160066779905723,314241.38,2690040.84,264.35498046875,163.8199920654297,236.68499755859375,2136.267333984375,136.73049926757812
2024_4674,凱米颱風,闊葉樹林型,48.2252263459996,314353.45,2689883.9,264.35498046875,163.8199920654297,236.68499755859375,2136.267333984375,136.73049926757812
2024_4675,凱米颱風,闊葉樹林型,47.90193788213671,312419.32,2689021.71,264.35498046875,163.8199920654297,236.68499755859375,2136.267333984375,136.73049926757812
2024_4676,凱米颱風,闊葉樹林型,41.19751028946612,312456.57,2688944.99,264.35498046875,163.8199920654297,236.68499755859375,2136.267333984375,136.73049926757812
2024_4679,凱米颱風,闊葉樹林型,56.917271252243054,324111.42,2686142.53,253.0749969482422,163.92498779296875,225.63999938964844,2210.497802734375,138.9059600830078
2024_4680,凱米颱風,闊葉樹林型,51.462570887474754,319825.99,2687425.86,248.23500061035156,156.11000061035156,223.11000061035156,2372.496826171875,144.7940216064453
2024_4681,凱米颱風,闊葉樹林型,44.4339436755831,321033.47,2686988.52,248.23500061035156,156.11000061035156,223.11000061035156,2372.496826171875,144.7940216064453
2024_4682,凱米颱風,闊葉樹林型,45.561759328850215,319355.71,2686804.43,248.23500061035156,156.11000061035156,223.11000061035156,2372.496826171875,144.7940216064453
2024_4683,凱米颱風,闊葉樹林型,38.04757894764742,319703.57,2686611.72,248.23500061035156,156.11000061035156,223.11000061035156,2372.496826171875,144.7940216064453
2024_4684,凱米颱風,闊葉樹林型,43.02734418130677,319642.94,2686566.59,248.23500061035156,156.11000061035156,223.11000061035156,2372.496826171875,144.7940216064453
2024_4685,凱米颱風,闊葉樹林型,42.377774270582094,318576.49,2686510.03,248.23500061035156,156.11000061035156,223.11000061035156,2372.496826171875,144.7940216064453
2024_4686,凱米颱風,闊葉樹林型,54.0802500711846,318989.73,2686285.7,248.23500061035156,156.11000061035156,223.11000061035156,2372.496826171875,144.7940216064453
2024_4687,凱米颱風,闊葉樹林型,48.18968510422141,316957.05,2687977.36,248.23500061035156,156.11000061035156,223.11000061035156,2372.496826171875,144.7940216064453
2024_4692,凱米颱風,闊葉樹林型,43.26125824127405,318196.94,2687650.62,248.23500061035156,156.11000061035156,223.11000061035156,2372.496826171875,144.7940216064453
2024_4693,凱米颱風,闊葉樹林型,44.75622365009062,317484.98,2687362.74,248.23500061035156,156.11000061035156,223.11000061035156,2372.496826171875,144.7940216064453
2024_4695,凱米颱風,闊葉樹林型,49.15745617630734,317699.6,2687202.45,248.23500061035156,156.11000061035156,223.11000061035156,2372.496826171875,144.7940216064453
2024_4696,凱米颱風,闊葉樹林型,52.83925808653754,317873.17,2687173.82,248.23500061035156,156.11000061035156,223.11000061035156,2372.496826171875,144.7940216064453
2024_4697,凱米颱風,闊葉樹林型,25.89250179780793,318404.31,2687377.03,248.23500061035156,156.11000061035156,223.11000061035156,2372.496826171875,144.7940216064453
2024_4698,凱米颱風,闊葉樹林型,41.27835984180592,317625.13,2687152.26,248.23500061035156,156.11000061035156,223.11000061035156,2372.496826171875,144.7940216064453
2024_4699,凱米颱風,闊葉樹林型,53.0357335678294,317735.27,2687156.26,248.23500061035156,156.11000061035156,223.11000061035156,2372.496826171875,144.7940216064453
2024_4700,凱米颱風,闊葉樹林型,41.12786681163709,318066.81,2687134.88,248.23500061035156,156.11000061035156,223.11000061035156,2372.496826171875,144.7940216064453
2024_4701,凱米颱風,闊葉樹林型,48.80186853564354,315503.82,2687051.86,248.23500061035156,156.11000061035156,223.11000061035156,2337.134521484375,137.57943725585938
2024_4702,凱米颱風,闊葉樹林型,52.8985357739928,317768.28,2687084.61,248.23500061035156,156.11000061035156,223.11000061035156,2372.496826171875,144.7940216064453
2024_4703,凱米颱風,闊葉樹林型,36.08714706573126,318338.53,2687104.63,248.23500061035156,156.11000061035156,223.11000061035156,2372.496826171875,144.7940216064453
2024_4704,凱米颱風,闊葉樹林型,35.009177890477666,315726.23,2687053.12,248.23500061035156,156.11000061035156,223.11000061035156,2337.134521484375,137.57943725585938
2024_4705,凱米颱風,闊葉樹林型,42.674645497560086,316791.12,2687021.36,248.23500061035156,156.11000061035156,223.11000061035156,2372.496826171875,144.7940216064453
2024_4706,凱米颱風,闊葉樹林型,51.89777044465709,317701.97,2687022.34,248.23500061035156,156.11000061035156,223.11000061035156,2372.496826171875,144.7940216064453
2024_4707,凱米颱風,闊葉樹林型,28.960080041115702,318246.2,2686954.74,248.23500061035156,156.11000061035156,223.11000061035156,2372.496826171875,144.7940216064453
2024_4708,凱米颱風,闊葉樹林型,27.93835272960235,316497.27,2686897.66,248.23500061035156,156.11000061035156,223.11000061035156,2372.496826171875,144.7940216064453
2024_4709,凱米颱風,闊葉樹林型,38.93040115948257,318385.72,2686921.25,248.23500061035156,156.11000061035156,223.11000061035156,2372.496826171875,144.7940216064453
2024_4710,凱米颱風,闊葉樹林型,44.27477570094075,317301.87,2686731.97,248.23500061035156,156.11000061035156,223.11000061035156,2372.496826171875,144.7940216064453
2024_4711,凱米颱風,闊葉樹林型,56.83354058155314,318271.33,2686762.73,248.23500061035156,156.11000061035156,223.11000061035156,2372.496826171875,144.7940216064453
2024_4712,凱米颱風,闊葉樹林型,45.0,317941.75,2686709.22,248.23500061035156,156.11000061035156,223.11000061035156,2372.496826171875,144.7940216064453
2024_4713,凱米颱風,闊葉樹林型,52.10979544345956,317972.29,2686741.05,248.23500061035156,156.11000061035156,223.11000061035156,2372.496826171875,144.7940216064453
2024_4714,凱米颱風,闊葉樹林型,52.15176825496263,318264.15,2686692.44,248.23500061035156,156.11000061035156,223.11000061035156,2372.496826171875,144.7940216064453
2024_4715,凱米颱風,闊葉樹林型,20.001783914715944,318422.24,2686624.36,248.23500061035156,156.11000061035156,223.11000061035156,2372.496826171875,144.7940216064453
2024_4716,凱米颱風,闊葉樹林型,41.01108156155348,315339.42,2686524.85,248.23500061035156,156.11000061035156,223.11000061035156,2337.134521484375,137.57943725585938
2024_4717,凱米颱風,闊葉樹林型,38.577711707605054,315287.01,2686446.71,248.23500061035156,156.11000061035156,223.11000061035156,2337.134521484375,137.57943725585938
2024_4718,凱米颱風,闊葉樹林型,51.93513740500487,315589.1,2686400.73,248.23500061035156,156.11000061035156,223.11000061035156,2337.134521484375,137.57943725585938
2024_4719,凱米颱風,闊葉樹林型,48.082496179513946,317572.79,2686405.91,248.23500061035156,156.11000061035156,223.11000061035156,2372.496826171875,144.7940216064453
2024_4720,凱米颱風,闊葉樹林型,42.302624878481225,315901.13,2685906.31,248.23500061035156,156.11000061035156,223.11000061035156,2337.134521484375,137.57943725585938
2024_4721,凱米颱風,闊葉樹林型,57.652817285555706,316543.28,2685916.97,248.23500061035156,156.11000061035156,223.11000061035156,2372.496826171875,144.7940216064453
2024_4722,凱米颱風,闊葉樹林型,38.453757061620536,315807.9,2685568.76,248.23500061035156,156.11000061035156,223.11000061035156,2337.134521484375,137.57943725585938
2024_4723,凱米颱風,闊葉樹林型,53.32458251900928,317287.28,2687434.33,248.23500061035156,156.11000061035156,223.11000061035156,2372.496826171875,144.7940216064453
2024_4724,凱米颱風,闊葉樹林型,37.60152555834086,312656.6,2687716.94,248.23500061035156,156.11000061035156,223.11000061035156,2337.134521484375,137.57943725585938
2024_4725,凱米颱風,闊葉樹林型,38.67344937613533,312979.5,2686376.27,248.23500061035156,156.11000061035156,223.11000061035156,2337.134521484375,137.57943725585938
2024_4729,凱米颱風,闊葉樹林型,45.35368663627471,317028.07,2685543.5,248.23500061035156,156.11000061035156,223.11000061035156,2372.496826171875,144.7940216064453
2024_4730,凱米颱風,闊葉樹林型,24.68442966726714,316383.42,2685490.07,248.23500061035156,156.11000061035156,223.11000061035156,2372.496826171875,144.7940216064453
2024_4731,凱米颱風,闊葉樹林型,33.946295027753955,316496.29,2685493.51,248.23500061035156,156.11000061035156,223.11000061035156,2372.496826171875,144.7940216064453
2024_4732,凱米颱風,闊葉樹林型,51.84419346134041,310452.64,2688006.44,234.00999450683594,147.125,209.52499389648438,2318.19287109375,136.14266967773438
2024_4734,凱米颱風,闊葉樹林型,39.31462864873002,324806.49,2683854.55,253.0749969482422,163.92498779296875,225.63999938964844,2210.497802734375,138.9059600830078
2024_4736,凱米颱風,闊葉樹林型,49.92253116417593,324201.39,2683452.63,253.0749969482422,163.92498779296875,225.63999938964844,2210.497802734375,138.9059600830078
2024_4737,凱米颱風,闊葉樹林型,44.87411432914989,316702.11,2685164.97,248.23500061035156,156.11000061035156,223.11000061035156,2372.496826171875,144.7940216064453
2024_4738,凱米颱風,闊葉樹林型,41.83254107800667,317474.74,2684950.78,248.23500061035156,156.11000061035156,223.11000061035156,2372.496826171875,144.7940216064453
2024_4739,凱米颱風,闊葉樹林型,43.62008886674488,317455.93,2684881.44,248.23500061035156,156.11000061035156,223.11000061035156,2372.496826171875,144.7940216064453
2024_4740,凱米颱風,闊葉樹林型,41.4729343089405,317317.51,2684953.65,248.23500061035156,156.11000061035156,223.11000061035156,2372.496826171875,144.7940216064453
2024_4741,凱米颱風,闊葉樹林型,47.63763994627416,316887.61,2684809.77,248.23500061035156,156.11000061035156,223.11000061035156,2372.496826171875,144.7940216064453
2024_4742,凱米颱風,闊葉樹林型,41.289874733376,317578.18,2684779.53,248.23500061035156,156.11000061035156,223.11000061035156,2372.496826171875,144.7940216064453
2024_4743,凱米颱風,闊葉樹林型,43.02734418130678,317630.52,2684779.69,248.23500061035156,156.11000061035156,223.11000061035156,2372.496826171875,144.7940216064453
2024_4744,凱米颱風,闊葉樹林型,47.84364748499539,317400.07,2684789.32,248.23500061035156,156.11000061035156,223.11000061035156,2372.496826171875,144.7940216064453
2024_4745,凱米颱風,闊葉樹林型,42.377774270582094,316288.39,2684736.32,248.23500061035156,156.11000061035156,223.11000061035156,2372.496826171875,144.7940216064453
2024_4746,凱米颱風,闊葉樹林型,38.32881810145589,317462.26,2684655.7,248.23500061035156,156.11000061035156,223.11000061035156,2372.496826171875,144.7940216064453
2024_4747,凱米颱風,闊葉樹林型,39.72788642801746,317317.47,2684682.68,248.23500061035156,156.11000061035156,223.11000061035156,2372.496826171875,144.7940216064453
2024_4748,凱米颱風,闊葉樹林型,42.52694856602216,317012.94,2684569.54,248.23500061035156,156.11000061035156,223.11000061035156,2372.496826171875,144.7940216064453
2024_4749,凱米颱風,闊葉樹林型,43.54110253900031,316381.95,2684563.34,248.23500061035156,156.11000061035156,223.11000061035156,2372.496826171875,144.7940216064453
2024_4750,凱米颱風,闊葉樹林型,42.59042663590696,317623.83,2684501.08,248.23500061035156,156.11000061035156,223.11000061035156,2372.496826171875,144.7940216064453
2024_4751,凱米颱風,闊葉樹林型,54.75669226784779,315517.33,2684422.42,248.23500061035156,156.11000061035156,223.11000061035156,2337.134521484375,137.57943725585938
2024_4752,凱米颱風,闊葉樹林型,38.876655136344326,316566.23,2684352.79,248.23500061035156,156.11000061035156,223.11000061035156,2372.496826171875,144.7940216064453
2024_4753,凱米颱風,闊葉樹林型,44.19926406432079,317020.66,2684390.2,248.23500061035156,156.11000061035156,223.11000061035156,2372.496826171875,144.7940216064453
2024_4754,凱米颱風,闊葉樹林型,42.862412092456296,316633.88,2684206.27,248.23500061035156,156.11000061035156,223.11000061035156,2372.496826171875,144.7940216064453
2024_4755,凱米颱風,闊葉樹林型,37.67432421467949,316760.7,2683976.72,248.23500061035156,156.11000061035156,223.11000061035156,2372.496826171875,144.7940216064453
2024_4756,凱米颱風,闊葉樹林型,44.783515145502,316814.89,2683891.82,248.23500061035156,156.11000061035156,223.11000061035156,2372.496826171875,144.7940216064453
2024_4757,凱米颱風,闊葉樹林型,42.08581058000388,316946.33,2683795.22,248.23500061035156,156.11000061035156,223.11000061035156,2372.496826171875,144.7940216064453
2024_4759,凱米颱風,闊葉樹林型,40.9523515915937,316522.91,2684902.88,248.23500061035156,156.11000061035156,223.11000061035156,2372.496826171875,144.7940216064453
2024_4760,凱米颱風,闊葉樹林型,54.63813606106992,316020.44,2684985.36,248.23500061035156,156.11000061035156,223.11000061035156,2337.134521484375,137.57943725585938
2024_4761,凱米颱風,闊葉樹林型,63.18065804698562,316178.0,2685025.96,248.23500061035156,156.11000061035156,223.11000061035156,2372.496826171875,144.7940216064453
2024_4764,凱米颱風,闊葉樹林型,49.70211194894343,314534.5,2684721.09,248.23500061035156,156.11000061035156,223.11000061035156,2337.134521484375,137.57943725585938
2024_4765,凱米颱風,闊葉樹林型,68.32588620717225,314780.34,2684736.08,248.23500061035156,156.11000061035156,223.11000061035156,2337.134521484375,137.57943725585938
2024_4766,凱米颱風,闊葉樹林型,38.5639871373724,314570.76,2684530.8,248.23500061035156,156.11000061035156,223.11000061035156,2337.134521484375,137.57943725585938
2024_4770,凱米颱風,闊葉樹林型,41.776914051774654,314862.91,2683928.88,248.23500061035156,156.11000061035156,223.11000061035156,2337.134521484375,137.57943725585938
2024_4771,凱米颱風,闊葉樹林型,38.13247816190013,314752.88,2683831.14,248.23500061035156,156.11000061035156,223.11000061035156,2337.134521484375,137.57943725585938
2024_4775,凱米颱風,闊葉樹林型,43.74754064175339,314546.01,2683168.09,248.23500061035156,156.11000061035156,223.11000061035156,2337.134521484375,137.57943725585938
2024_4776,凱米颱風,闊葉樹林型,55.41169070566246,315777.23,2683737.25,248.23500061035156,156.11000061035156,223.11000061035156,2337.134521484375,137.57943725585938
2024_4779,凱米颱風,闊葉樹林型,61.67240533990597,314945.17,2684394.48,248.23500061035156,156.11000061035156,223.11000061035156,2337.134521484375,137.57943725585938
2024_4780,凱米颱風,闊葉樹林型,42.59042663590696,310626.44,2684844.93,234.00999450683594,147.125,209.52499389648438,2318.19287109375,136.14266967773438
2024_4781,凱米颱風,闊葉樹林型,48.2252263459996,311304.38,2684486.53,248.23500061035156,156.11000061035156,223.11000061035156,2337.134521484375,137.57943725585938
2024_4782,凱米颱風,闊葉樹林型,40.7270942279994,311048.06,2684422.73,248.23500061035156,156.11000061035156,223.11000061035156,2337.134521484375,137.57943725585938
2024_4784,凱米颱風,闊葉樹林型,35.009177890477666,311509.19,2684169.23,248.23500061035156,156.11000061035156,223.11000061035156,2337.134521484375,137.57943725585938
2024_4789,凱米颱風,闊葉樹林型,44.563720855785085,310219.96,2683036.34,234.00999450683594,147.125,209.52499389648438,2318.19287109375,136.14266967773438
2024_4790,凱米颱風,闊葉樹林型,39.727886428017456,311713.46,2682815.01,248.23500061035156,156.11000061035156,223.11000061035156,2401.970947265625,151.73062133789062
2024_4793,凱米颱風,闊葉樹林型,38.99732513321522,298448.86,2685264.08,201.5699920654297,114.98500061035156,180.7449951171875,2602.125244140625,151.9195098876953
2024_4794,凱米颱風,闊葉樹林型,36.86989764584402,297145.11,2684911.2,201.5699920654297,114.98500061035156,180.7449951171875,2602.125244140625,151.9195098876953
2024_4795,凱米颱風,闊葉樹林型,45.0,318564.47,2679859.56,248.23500061035156,156.11000061035156,223.11000061035156,2427.614501953125,154.3777618408203
2024_4796,凱米颱風,闊葉樹林型,49.28919641734945,314925.31,2682229.84,248.23500061035156,156.11000061035156,223.11000061035156,2401.970947265625,151.73062133789062
2024_4797,凱米颱風,闊葉樹林型,27.726186750640903,314866.47,2682005.35,248.23500061035156,156.11000061035156,223.11000061035156,2401.970947265625,151.73062133789062
2024_4798,凱米颱風,闊葉樹林型,50.9196205937325,314169.47,2681578.86,248.23500061035156,156.11000061035156,223.11000061035156,2401.970947265625,151.73062133789062
2024_4800,凱米颱風,闊葉樹林型,32.087580878338315,313244.86,2681298.9,248.23500061035156,156.11000061035156,223.11000061035156,2401.970947265625,151.73062133789062
2024_4801,凱米颱風,闊葉樹林型,39.84215955425675,313205.49,2681081.3,248.23500061035156,156.11000061035156,223.11000061035156,2401.970947265625,151.73062133789062
2024_4802,凱米颱風,闊葉樹林型,46.5263493090976,313112.91,2680660.03,248.23500061035156,156.11000061035156,223.11000061035156,2401.970947265625,151.73062133789062
2024_4803,凱米颱風,闊葉樹林型,50.22496814932187,314820.81,2680447.89,248.23500061035156,156.11000061035156,223.11000061035156,2401.970947265625,151.73062133789062
2024_4804,凱米颱風,闊葉樹林型,44.48970525868108,313098.58,2680229.67,248.23500061035156,156.11000061035156,223.11000061035156,2401.970947265625,151.73062133789062
2024_4805,凱米颱風,闊葉樹林型,40.04325099636187,313169.31,2680179.25,248.23500061035156,156.11000061035156,223.11000061035156,2401.970947265625,151.73062133789062
2024_4806,凱米颱風,闊葉樹林型,43.97995668722642,314904.54,2680189.07,248.23500061035156,156.11000061035156,223.11000061035156,2401.970947265625,151.73062133789062
2024_4807,凱米颱風,闊葉樹林型,47.10090264184485,313094.6,2680158.2,248.23500061035156,156.11000061035156,223.11000061035156,2401.970947265625,151.73062133789062
2024_4808,凱米颱風,闊葉樹林型,37.87640024160826,314091.01,2680156.52,248.23500061035156,156.11000061035156,223.11000061035156,2401.970947265625,151.73062133789062
2024_4809,凱米颱風,闊葉樹林型,45.37114282183035,314255.09,2680060.93,248.23500061035156,156.11000061035156,223.11000061035156,2401.970947265625,151.73062133789062
2024_4810,凱米颱風,闊葉樹林型,45.78377864972804,314323.18,2679965.75,248.23500061035156,156.11000061035156,223.11000061035156,2401.970947265625,151.73062133789062
2024_4811,凱米颱風,闊葉樹林型,50.4127146242384,315539.22,2679523.04,248.23500061035156,156.11000061035156,223.11000061035156,2401.970947265625,151.73062133789062
2024_4812,凱米颱風,闊葉樹林型,30.473837103833297,315250.43,2679508.53,248.23500061035156,156.11000061035156,223.11000061035156,2401.970947265625,151.73062133789062
2024_4813,凱米颱風,闊葉樹林型,47.07775513424629,312547.46,2682434.32,248.23500061035156,156.11000061035156,223.11000061035156,2401.970947265625,151.73062133789062
2024_4814,凱米颱風,闊葉樹林型,40.34005890109771,311653.99,2681543.1,248.23500061035156,156.11000061035156,223.11000061035156,2401.970947265625,151.73062133789062
2024_4817,凱米颱風,闊葉樹林型,46.11867036034214,312332.91,2680462.09,248.23500061035156,156.11000061035156,223.11000061035156,2401.970947265625,151.73062133789062
2024_4818,凱米颱風,闊葉樹林型,47.34541655277845,312151.71,2680428.98,248.23500061035156,156.11000061035156,223.11000061035156,2401.970947265625,151.73062133789062
2024_4819,凱米颱風,闊葉樹林型,47.12401133336427,312302.11,2680099.89,248.23500061035156,156.11000061035156,223.11000061035156,2401.970947265625,151.73062133789062
2024_4821,凱米颱風,闊葉樹林型,50.2554353477881,312982.48,2679606.43,248.23500061035156,156.11000061035156,223.11000061035156,2401.970947265625,151.73062133789062
2024_4822,凱米颱風,闊葉樹林型,40.47420622680254,313604.53,2679588.65,248.23500061035156,156.11000061035156,223.11000061035156,2401.970947265625,151.73062133789062
2024_4823,凱米颱風,闊葉樹林型,38.93040115948257,313428.69,2679527.78,248.23500061035156,156.11000061035156,223.11000061035156,2401.970947265625,151.73062133789062
2024_4824,凱米颱風,闊葉樹林型,32.005383208083494,313514.11,2679520.81,248.23500061035156,156.11000061035156,223.11000061035156,2401.970947265625,151.73062133789062
2024_4825,凱米颱風,闊葉樹林型,38.836224204282125,312347.96,2681790.87,248.23500061035156,156.11000061035156,223.11000061035156,2401.970947265625,151.73062133789062
2024_4826,凱米颱風,闊葉樹林型,60.22737619844435,312058.26,2681605.11,248.23500061035156,156.11000061035156,223.11000061035156,2401.970947265625,151.73062133789062
2024_4827,凱米颱風,闊葉樹林型,53.07464890342936,312264.2,2681467.09,248.23500061035156,156.11000061035156,223.11000061035156,2401.970947265625,151.73062133789062
2024_4828,凱米颱風,闊葉樹林型,39.35384148704364,312099.04,2681333.55,248.23500061035156,156.11000061035156,223.11000061035156,2401.970947265625,151.73062133789062
2024_4829,凱米颱風,闊葉樹林型,37.90505895833579,313154.83,2680339.88,248.23500061035156,156.11000061035156,223.11000061035156,2401.970947265625,151.73062133789062
2024_4830,凱米颱風,闊葉樹林型,22.144873841221017,310604.81,2681916.45,234.00999450683594,147.125,209.52499389648438,2250.34912109375,131.48985290527344
2024_4831,凱米颱風,闊葉樹林型,36.94611005709807,310580.59,2681797.37,234.00999450683594,147.125,209.52499389648438,2250.34912109375,131.48985290527344
2024_4832,凱米颱風,闊葉樹林型,39.53553952464218,311135.76,2681622.39,248.23500061035156,156.11000061035156,223.11000061035156,2401.970947265625,151.73062133789062
2024_4833,凱米颱風,闊葉樹林型,33.946295027753955,311270.9,2681568.61,248.23500061035156,156.11000061035156,223.11000061035156,2401.970947265625,151.73062133789062
2024_4834,凱米颱風,闊葉樹林型,44.75622365009062,310557.17,2681416.57,234.00999450683594,147.125,209.52499389648438,2250.34912109375,131.48985290527344
2024_4835,凱米颱風,闊葉樹林型,42.1729129867599,310645.97,2681392.22,234.00999450683594,147.125,209.52499389648438,2250.34912109375,131.48985290527344
2024_4836,凱米颱風,闊葉樹林型,48.18968510422141,310100.91,2681281.17,234.00999450683594,147.125,209.52499389648438,2250.34912109375,131.48985290527344
2024_4837,凱米颱風,闊葉樹林型,47.44351957055699,310816.84,2681231.11,234.00999450683594,147.125,209.52499389648438,2250.34912109375,131.48985290527344
2024_4838,凱米颱風,闊葉樹林型,50.4127146242384,310628.53,2681119.76,234.00999450683594,147.125,209.52499389648438,2250.34912109375,131.48985290527344
2024_4839,凱米颱風,闊葉樹林型,32.005383208083494,310183.13,2680041.58,234.00999450683594,147.125,209.52499389648438,2250.34912109375,131.48985290527344
2024_4841,凱米颱風,闊葉樹林型,42.5163425625201,310958.77,2681701.62,234.00999450683594,147.125,209.52499389648438,2250.34912109375,131.48985290527344
2024_4842,凱米颱風,闊葉樹林型,48.48535378920872,310405.73,2681206.76,234.00999450683594,147.125,209.52499389648438,2250.34912109375,131.48985290527344
2024_4843,凱米颱風,闊葉樹林型,41.776914051774654,297690.04,2679942.65,201.5699920654297,114.98500061035156,180.7449951171875,2229.95703125,142.79437255859375
2024_4844,凱米颱風,闊葉樹林型,40.376760812124,317499.0,2677556.56,248.23500061035156,156.11000061035156,223.11000061035156,2427.614501953125,154.3777618408203
2024_4845,凱米颱風,闊葉樹林型,39.62559816710531,317538.82,2677486.08,248.23500061035156,156.11000061035156,223.11000061035156,2427.614501953125,154.3777618408203
2024_4846,凱米颱風,闊葉樹林型,52.01483270064441,317611.67,2677287.01,226.47999572753906,125.55999755859375,197.08999633789062,2030.9705810546875,132.5270538330078
2024_4847,凱米颱風,闊葉樹林型,42.302624878481225,314597.63,2678999.46,248.23500061035156,156.11000061035156,223.11000061035156,2401.970947265625,151.73062133789062
2024_4848,凱米颱風,闊葉樹林型,44.27477570094075,314677.72,2679265.67,248.23500061035156,156.11000061035156,223.11000061035156,2401.970947265625,151.73062133789062
2024_4849,凱米颱風,闊葉樹林型,31.05129356595241,314559.02,2679222.75,248.23500061035156,156.11000061035156,223.11000061035156,2401.970947265625,151.73062133789062
2024_4850,凱米颱風,闊葉樹林型,44.31238462399072,316114.7,2677677.66,248.23500061035156,156.11000061035156,223.11000061035156,2427.614501953125,154.3777618408203
2024_4851,凱米颱風,闊葉樹林型,53.00157959278499,312950.74,2679697.38,248.23500061035156,156.11000061035156,223.11000061035156,2401.970947265625,151.73062133789062
2024_4852,凱米颱風,闊葉樹林型,48.2252263459996,313229.96,2679699.97,248.23500061035156,156.11000061035156,223.11000061035156,2401.970947265625,151.73062133789062
2024_4853,凱米颱風,闊葉樹林型,51.39039996896976,313094.81,2679054.98,248.23500061035156,156.11000061035156,223.11000061035156,2401.970947265625,151.73062133789062
2024_4854,凱米颱風,闊葉樹林型,30.10818826996884,313460.71,2679038.12,248.23500061035156,156.11000061035156,223.11000061035156,2401.970947265625,151.73062133789062
2024_4855,凱米颱風,闊葉樹林型,31.332627955778683,310945.12,2678623.67,234.00999450683594,147.125,209.52499389648438,2250.34912109375,131.48985290527344
2024_4856,凱米颱風,闊葉樹林型,44.15186907819885,311038.27,2678418.61,248.23500061035156,156.11000061035156,223.11000061035156,2401.970947265625,151.73062133789062
2024_4857,凱米颱風,闊葉樹林型,68.52027058604007,311133.07,2677939.64,248.23500061035156,156.11000061035156,223.11000061035156,2401.970947265625,151.73062133789062
2024_4858,凱米颱風,闊葉樹林型,64.00672126148167,311130.02,2677871.41,248.23500061035156,156.11000061035156,223.11000061035156,2401.970947265625,151.73062133789062
2024_4859,凱米颱風,闊葉樹林型,48.75418465890979,311505.06,2677868.28,248.23500061035156,156.11000061035156,223.11000061035156,2401.970947265625,151.73062133789062
2024_4860,凱米颱風,闊葉樹林型,38.99732513321522,311261.47,2677637.63,248.23500061035156,156.11000061035156,223.11000061035156,2401.970947265625,151.73062133789062
2024_4861,凱米颱風,闊葉樹林型,45.142527402683065,311309.17,2677523.42,248.23500061035156,156.11000061035156,223.11000061035156,2401.970947265625,151.73062133789062
2024_4862,凱米颱風,闊葉樹林型,48.18968510422141,311062.61,2677300.03,226.47999572753906,125.55999755859375,197.08999633789062,2261.236328125,147.94313049316406
2024_4863,凱米颱風,闊葉樹林型,51.76879611538316,311435.35,2678254.05,248.23500061035156,156.11000061035156,223.11000061035156,2401.970947265625,151.73062133789062
2024_4864,凱米颱風,闊葉樹林型,43.88356587860426,311645.93,2677884.2,248.23500061035156,156.11000061035156,223.11000061035156,2401.970947265625,151.73062133789062
2024_4865,凱米颱風,闊葉樹林型,51.06898616576609,311582.68,2677826.04,248.23500061035156,156.11000061035156,223.11000061035156,2401.970947265625,151.73062133789062
2024_4866,凱米颱風,闊葉樹林型,62.6100721786158,311770.33,2677773.42,248.23500061035156,156.11000061035156,223.11000061035156,2401.970947265625,151.73062133789062
2024_4867,凱米颱風,闊葉樹林型,53.32458251900928,310125.9,2677580.07,234.00999450683594,147.125,209.52499389648438,2250.34912109375,131.48985290527344
2024_4869,凱米颱風,闊葉樹林型,64.66335530539418,316339.83,2675217.69,226.47999572753906,125.55999755859375,197.08999633789062,2030.9705810546875,132.5270538330078
2024_4870,凱米颱風,闊葉樹林型,42.17291298675989,315531.9,2675098.81,226.47999572753906,125.55999755859375,197.08999633789062,2261.236328125,147.94313049316406
2024_4871,凱米颱風,闊葉樹林型,50.96576667643743,316258.57,2675147.53,226.47999572753906,125.55999755859375,197.08999633789062,2030.9705810546875,132.5270538330078
2024_4872,凱米颱風,闊葉樹林型,34.03756281454756,312636.31,2675152.64,226.47999572753906,125.55999755859375,197.08999633789062,2261.236328125,147.94313049316406
2024_4873,凱米颱風,闊葉樹林型,34.30834539460494,312714.17,2674591.55,226.47999572753906,125.55999755859375,197.08999633789062,2261.236328125,147.94313049316406
2024_4874,凱米颱風,闊葉樹林型,47.75574016641634,309616.92,2676621.16,237.12998962402344,130.489990234375,207.25,2626.517578125,162.26905822753906
2024_4875,凱米颱風,闊葉樹林型,43.0478321430526,310696.37,2676508.17,237.12998962402344,130.489990234375,207.25,2626.517578125,162.26905822753906
2024_4876,凱米颱風,闊葉樹林型,52.97712473716774,308534.11,2676018.24,237.12998962402344,130.489990234375,207.25,2626.517578125,162.26905822753906
2024_4877,凱米颱風,闊葉樹林型,63.76181915247843,310710.86,2675937.53,237.12998962402344,130.489990234375,207.25,2626.517578125,162.26905822753906
2024_4878,凱米颱風,闊葉樹林型,47.70419728378622,309127.95,2675836.11,237.12998962402344,130.489990234375,207.25,2626.517578125,162.26905822753906
2024_4879,凱米颱風,闊葉樹林型,53.08920989792234,310741.53,2675817.62,237.12998962402344,130.489990234375,207.25,2626.517578125,162.26905822753906
2024_4880,凱米颱風,闊葉樹林型,47.73367425540283,309658.93,2674954.04,237.12998962402344,130.489990234375,207.25,2626.517578125,162.26905822753906
2024_4881,凱米颱風,闊葉樹林型,74.94014816669132,309300.22,2676249.69,237.12998962402344,130.489990234375,207.25,2626.517578125,162.26905822753906
2024_4882,凱米颱風,闊葉樹林型,46.59848383582609,309691.7,2676295.17,237.12998962402344,130.489990234375,207.25,2626.517578125,162.26905822753906
2024_4885,凱米颱風,闊葉樹林型,43.88356587860426,307437.43,2676041.48,237.12998962402344,130.489990234375,207.25,2626.517578125,162.26905822753906
2024_4886,凱米颱風,闊葉樹林型,47.55584848253888,307783.54,2675765.71,237.12998962402344,130.489990234375,207.25,2626.517578125,162.26905822753906
2024_4887,凱米颱風,闊葉樹林型,37.81892671564865,307895.75,2675501.33,237.12998962402344,130.489990234375,207.25,2626.517578125,162.26905822753906
2024_4888,凱米颱風,闊葉樹林型,54.05790940033143,307808.35,2674931.44,237.12998962402344,130.489990234375,207.25,2626.517578125,162.26905822753906
2024_4889,凱米颱風,闊葉樹林型,71.90457243849674,307939.85,2674628.28,237.12998962402344,130.489990234375,207.25,2626.517578125,162.26905822753906
2024_4891,凱米颱風,闊葉樹林型,52.64458573337334,303960.98,2674701.47,237.12998962402344,130.489990234375,207.25,2353.627685546875,146.13784790039062
2024_4892,凱米颱風,闊葉樹林型,52.96242807874049,299928.02,2676856.46,193.8699951171875,99.20499420166016,168.95999145507812,2352.610595703125,151.37234497070312
2024_4893,凱米颱風,闊葉樹林型,55.8793396573305,297848.02,2675894.16,193.8699951171875,99.20499420166016,168.95999145507812,2352.610595703125,151.37234497070312
2024_4897,凱米颱風,闊葉樹林型,33.65076727448982,314985.14,2673158.8,226.47999572753906,125.55999755859375,197.08999633789062,2261.236328125,147.94313049316406
2024_4899,凱米颱風,闊葉樹林型,54.048961255978455,311681.75,2674046.65,226.47999572753906,125.55999755859375,197.08999633789062,2261.236328125,147.94313049316406
2024_4900,凱米颱風,闊葉樹林型,43.139678341360025,313185.39,2673955.17,226.47999572753906,125.55999755859375,197.08999633789062,2261.236328125,147.94313049316406
2024_4901,凱米颱風,闊葉樹林型,42.67464549756009,312423.33,2673891.51,226.47999572753906,125.55999755859375,197.08999633789062,2261.236328125,147.94313049316406
2024_4902,凱米颱風,闊葉樹林型,66.95920503722388,311766.73,2672833.4,226.47999572753906,125.55999755859375,197.08999633789062,2261.236328125,147.94313049316406
2024_4903,凱米颱風,闊葉樹林型,50.35244962873107,311028.49,2672341.44,237.12998962402344,130.489990234375,207.25,2626.517578125,162.26905822753906
2024_4904,凱米颱風,闊葉樹林型,57.73044479261333,311091.83,2672282.9,226.47999572753906,125.55999755859375,197.08999633789062,2261.236328125,147.94313049316406
2024_4905,凱米颱風,闊葉樹林型,47.66726112371988,311199.86,2672292.96,226.47999572753906,125.55999755859375,197.08999633789062,2261.236328125,147.94313049316406
2024_4906,凱米颱風,闊葉樹林型,59.85683435861931,311008.2,2672202.16,237.12998962402344,130.489990234375,207.25,2626.517578125,162.26905822753906
2024_4907,凱米颱風,闊葉樹林型,41.54101551251079,309394.12,2673982.78,237.12998962402344,130.489990234375,207.25,2626.517578125,162.26905822753906
2024_4908,凱米颱風,闊葉樹林型,60.98285937539848,311900.97,2672811.23,226.47999572753906,125.55999755859375,197.08999633789062,2261.236328125,147.94313049316406
2024_4909,凱米颱風,闊葉樹林型,58.29825178420028,311154.73,2672517.33,226.47999572753906,125.55999755859375,197.08999633789062,2261.236328125,147.94313049316406
2024_4910,凱米颱風,闊葉樹林型,45.0,305913.34,2673912.37,237.12998962402344,130.489990234375,207.25,2353.627685546875,146.13784790039062
2024_4911,凱米颱風,闊葉樹林型,40.79858749551321,306113.7,2673837.03,237.12998962402344,130.489990234375,207.25,2626.517578125,162.26905822753906
2024_4912,凱米颱風,闊葉樹林型,49.85993385121615,297831.61,2673643.84,193.8699951171875,99.20499420166016,168.95999145507812,2352.610595703125,151.37234497070312
2024_4913,凱米颱風,闊葉樹林型,64.3147116031654,297484.21,2673277.81,193.8699951171875,99.20499420166016,168.95999145507812,2352.610595703125,151.37234497070312
2024_4914,凱米颱風,闊葉樹林型,53.66226565208272,309995.55,2668916.92,237.12998962402344,130.489990234375,207.25,2391.130615234375,155.60317993164062
2024_4915,凱米颱風,闊葉樹林型,40.327805440220686,307841.43,2671216.12,237.12998962402344,130.489990234375,207.25,2391.130615234375,155.60317993164062
2024_4916,凱米颱風,闊葉樹林型,57.85539387269958,305118.24,2671144.74,237.12998962402344,130.489990234375,207.25,2527.42138671875,145.05987548828125
2024_4917,凱米颱風,闊葉樹林型,50.91384053616322,302753.3,2670001.03,237.12998962402344,130.489990234375,207.25,2527.42138671875,145.05987548828125
2024_4919,凱米颱風,闊葉樹林型,48.50622597171452,312609.79,2668315.51,226.47999572753906,125.55999755859375,197.08999633789062,2014.77294921875,139.0538330078125
2024_4920,凱米颱風,闊葉樹林型,38.876655136344326,311453.92,2667195.25,226.47999572753906,125.55999755859375,197.08999633789062,2014.77294921875,139.0538330078125
2024_4921,凱米颱風,闊葉樹林型,43.97034622693592,310076.61,2668135.11,237.12998962402344,130.489990234375,207.25,2391.130615234375,155.60317993164062
2024_4922,凱米颱風,闊葉樹林型,47.37567696741501,309658.34,2667953.71,237.12998962402344,130.489990234375,207.25,2391.130615234375,155.60317993164062
2024_4923,凱米颱風,闊葉樹林型,50.88490078137549,308677.54,2668347.68,237.12998962402344,130.489990234375,207.25,2391.130615234375,155.60317993164062
2024_4924,凱米颱風,闊葉樹林型,36.45196008712727,308476.72,2667701.17,237.12998962402344,130.489990234375,207.25,2391.130615234375,155.60317993164062
2024_4925,凱米颱風,闊葉樹林型,47.345416552778445,308483.17,2667599.73,237.12998962402344,130.489990234375,207.25,2391.130615234375,155.60317993164062
2024_4926,凱米颱風,闊葉樹林型,33.946295027753955,308008.5,2666346.18,237.12998962402344,130.489990234375,207.25,2391.130615234375,155.60317993164062
2024_4927,凱米颱風,闊葉樹林型,33.65076727448982,308781.33,2667542.44,237.12998962402344,130.489990234375,207.25,2391.130615234375,155.60317993164062
2024_4928,凱米颱風,闊葉樹林型,47.16243986709351,298887.16,2667048.54,193.8699951171875,99.20499420166016,168.95999145507812,2337.49755859375,135.8145751953125
2024_4931,凱米颱風,闊葉樹林型,35.06054243271615,319368.27,2686979.4,248.23500061035156,156.11000061035156,223.11000061035156,2372.496826171875,144.7940216064453
2024_4932,凱米颱風,闊葉樹林型,57.16466602979867,319658.09,2681270.01,248.23500061035156,156.11000061035156,223.11000061035156,2427.614501953125,154.3777618408203
2024_4933,凱米颱風,闊葉樹林型,36.05502968442895,317335.95,2677994.61,248.23500061035156,156.11000061035156,223.11000061035156,2427.614501953125,154.3777618408203
2024_4934,凱米颱風,闊葉樹林型,52.76475198255066,308000.83,2672766.61,237.12998962402344,130.489990234375,207.25,2626.517578125,162.26905822753906
2024_4935,凱米颱風,闊葉樹林型,54.82389739735703,303022.77,2664660.55,229.5399932861328,134.27999877929688,202.08999633789062,2347.9912109375,151.24337768554688
2024_4936,凱米颱風,闊葉樹林型,41.86581899605287,303044.67,2664271.69,229.5399932861328,134.27999877929688,202.08999633789062,2347.9912109375,151.24337768554688
2024_4937,凱米颱風,闊葉樹林型,72.14086859552582,304388.84,2663333.02,229.5399932861328,134.27999877929688,202.08999633789062,2347.9912109375,151.24337768554688
2024_4938,凱米颱風,闊葉樹林型,37.790111559066204,304078.57,2664277.47,229.5399932861328,134.27999877929688,202.08999633789062,2347.9912109375,151.24337768554688
2024_4939,凱米颱風,闊葉樹林型,49.05111016553776,303389.25,2664994.4,229.5399932861328,134.27999877929688,202.08999633789062,2347.9912109375,151.24337768554688
2024_4943,凱米颱風,闊葉樹林型,51.06898616576609,300623.4,2663700.88,213.0749969482422,109.21499633789062,183.75999450683594,2287.12841796875,145.52923583984375
2024_4944,凱米颱風,闊葉樹林型,38.11835994667712,308573.3,2663125.01,229.5399932861328,134.27999877929688,202.08999633789062,2181.954833984375,145.70364379882812
2024_4945,凱米颱風,闊葉樹林型,33.946295027753955,309007.19,2662694.71,229.5399932861328,134.27999877929688,202.08999633789062,2181.954833984375,145.70364379882812
2024_4946,凱米颱風,闊葉樹林型,53.07950451918269,304928.33,2662904.96,229.5399932861328,134.27999877929688,202.08999633789062,2347.9912109375,151.24337768554688
2024_4947,凱米颱風,闊葉樹林型,40.47420622680255,299871.11,2662031.22,213.0749969482422,109.21499633789062,183.75999450683594,2287.12841796875,145.52923583984375
2024_4948,凱米颱風,闊葉樹林型,49.31538730781266,303108.03,2657537.54,229.5399932861328,134.27999877929688,202.08999633789062,2319.623291015625,149.06011962890625
2024_4949,凱米颱風,闊葉樹林型,49.05111016553776,300989.52,2657231.33,229.5399932861328,134.27999877929688,202.08999633789062,2319.623291015625,149.06011962890625
2024_4952,凱米颱風,闊葉樹林型,33.425567049364545,304090.77,2654429.44,245.2849884033203,146.25999450683594,214.97000122070312,1926.75244140625,139.1632537841797
2024_4953,凱米颱風,闊葉樹林型,64.98618594786393,295057.38,2674554.77,193.8699951171875,99.20499420166016,168.95999145507812,2353.409423828125,141.65667724609375
2024_4955,凱米颱風,闊葉樹林型,44.15186907819886,294887.5,2663608.91,213.0749969482422,109.21499633789062,183.75999450683594,2438.47705078125,141.6972198486328
2024_4957,凱米颱風,闊葉樹林型,47.07775513424629,294419.4,2654828.2,228.4449920654297,125.04499816894531,197.52999877929688,1986.802001953125,125.88800048828125
2024_4958,凱米颱風,闊葉樹林型,56.99691408535335,294342.93,2652994.09,228.4449920654297,125.04499816894531,197.52999877929688,1986.802001953125,125.88800048828125
2024_4959,凱米颱風,闊葉樹林型,56.66057358459913,291931.25,2678602.18,201.5699920654297,114.98500061035156,180.7449951171875,2387.092529296875,136.10618591308594
2024_4960,凱米颱風,闊葉樹林型,44.23706899687729,291686.93,2678016.25,201.5699920654297,114.98500061035156,180.7449951171875,2387.092529296875,136.10618591308594
2024_4961,凱米颱風,闊葉樹林型,52.23008485684332,293822.61,2677868.54,201.5699920654297,114.98500061035156,180.7449951171875,2387.092529296875,136.10618591308594
2024_4962,凱米颱風,闊葉樹林型,45.561759328850215,293585.44,2675155.0,193.8699951171875,99.20499420166016,168.95999145507812,2353.409423828125,141.65667724609375
2024_4964,凱米颱風,闊葉樹林型,34.01934998982646,293457.81,2674162.14,193.8699951171875,99.20499420166016,168.95999145507812,2353.409423828125,141.65667724609375
2024_4968,凱米颱風,闊葉樹林型,49.05111016553776,287027.12,2658331.28,220.67999267578125,111.57499694824219,196.7899932861328,2330.667236328125,145.41802978515625
2024_4969,凱米颱風,闊葉樹林型,46.01070199822306,286312.21,2653262.46,242.739990234375,131.01499938964844,215.0800018310547,1718.05224609375,108.5896987915039
2024_4970,凱米颱風,闊葉樹林型,54.02656112847771,295889.73,2651008.83,228.4449920654297,125.04499816894531,197.52999877929688,2082.81787109375,138.217529296875
2024_4971,凱米颱風,闊葉樹林型,47.6228051913683,295960.54,2650372.18,228.4449920654297,125.04499816894531,197.52999877929688,2082.81787109375,138.217529296875
2024_4972,凱米颱風,闊葉樹林型,36.326005581723855,296516.62,2650095.86,228.4449920654297,125.04499816894531,197.52999877929688,2082.81787109375,138.217529296875
2024_4973,凱米颱風,闊葉樹林型,55.27157745464052,284423.72,2658541.47,220.67999267578125,111.57499694824219,196.7899932861328,2648.472900390625,151.1837158203125
2024_4976,凱米颱風,闊葉樹林型,39.72788642801746,335610.98,2709426.84,271.739990234375,170.92999267578125,245.47499084472656,2131.519287109375,134.00584411621094
2024_4979,凱米颱風,闊葉樹林型,36.34180401854167,334085.2,2711253.25,304.79998779296875,173.30499267578125,270.4049987792969,2199.71240234375,125.38055419921875
2024_4980,凱米颱風,闊葉樹林型,46.42958537828381,332298.14,2710277.22,271.739990234375,170.92999267578125,245.47499084472656,2131.519287109375,134.00584411621094
2024_4981,凱米颱風,闊葉樹林型,45.08034632153942,334254.17,2709981.83,271.739990234375,170.92999267578125,245.47499084472656,2131.519287109375,134.00584411621094
2024_4982,凱米颱風,闊葉樹林型,45.83452257702415,333920.17,2709675.85,271.739990234375,170.92999267578125,245.47499084472656,2131.519287109375,134.00584411621094
2024_4983,凱米颱風,闊葉樹林型,51.88707349901336,333926.24,2709962.44,271.739990234375,170.92999267578125,245.47499084472656,2131.519287109375,134.00584411621094
2024_4984,凱米颱風,闊葉樹林型,51.72550624645303,333959.98,2709866.16,271.739990234375,170.92999267578125,245.47499084472656,2131.519287109375,134.00584411621094
2024_4985,凱米颱風,闊葉樹林型,49.45204096540979,332306.88,2710946.23,304.79998779296875,173.30499267578125,270.4049987792969,2199.71240234375,125.38055419921875
2024_4986,凱米颱風,闊葉樹林型,53.37679384320907,332325.24,2710832.38,304.79998779296875,173.30499267578125,270.4049987792969,2199.71240234375,125.38055419921875
2024_4987,凱米颱風,闊葉樹林型,5.885129333686067,333182.7,2708372.08,271.739990234375,170.92999267578125,245.47499084472656,2131.519287109375,134.00584411621094
2024_4988,凱米颱風,闊葉樹林型,42.8104923209509,333253.66,2709021.06,271.739990234375,170.92999267578125,245.47499084472656,2131.519287109375,134.00584411621094
2024_4989,凱米颱風,闊葉樹林型,47.70419728378622,333361.53,2709312.0,271.739990234375,170.92999267578125,245.47499084472656,2131.519287109375,134.00584411621094
2024_4990,凱米颱風,闊葉樹林型,37.0068193431202,333076.68,2706176.72,271.739990234375,170.92999267578125,245.47499084472656,2131.519287109375,134.00584411621094
2024_4991,凱米颱風,闊葉樹林型,49.09774174003434,331445.16,2714456.37,304.79998779296875,173.30499267578125,270.4049987792969,2199.71240234375,125.38055419921875
2024_4992,凱米颱風,闊葉樹林型,43.139678341360025,330271.94,2710507.21,284.0099792480469,169.22000122070312,251.79998779296875,2131.83349609375,134.85293579101562
2024_4993,凱米颱風,闊葉樹林型,38.836224204282125,330743.53,2710419.04,284.0099792480469,169.22000122070312,251.79998779296875,2131.83349609375,134.85293579101562
2024_4994,凱米颱風,闊葉樹林型,38.61881362583621,331086.3,2708353.82,284.0099792480469,169.22000122070312,251.79998779296875,2131.83349609375,134.85293579101562
2024_4995,凱米颱風,闊葉樹林型,42.68513943100698,328423.87,2715173.74,295.3249816894531,179.09500122070312,266.0400085449219,2256.50048828125,122.13438415527344
2024_4996,凱米颱風,闊葉樹林型,43.54110253900031,327601.08,2713624.68,295.3249816894531,179.09500122070312,266.0400085449219,2256.50048828125,122.13438415527344
2024_4997,凱米颱風,闊葉樹林型,45.11591147929481,328776.83,2713438.75,295.3249816894531,179.09500122070312,266.0400085449219,2256.50048828125,122.13438415527344
2024_4998,凱米颱風,闊葉樹林型,34.46868366333454,327818.52,2712058.43,295.3249816894531,179.09500122070312,266.0400085449219,2256.50048828125,122.13438415527344
2024_4999,凱米颱風,闊葉樹林型,48.80186853564354,328218.53,2712561.54,295.3249816894531,179.09500122070312,266.0400085449219,2256.50048828125,122.13438415527344
2024_5000,凱米颱風,闊葉樹林型,40.70318870066343,327164.24,2709817.04,284.0099792480469,169.22000122070312,251.79998779296875,2131.83349609375,134.85293579101562
2024_5001,凱米颱風,闊葉樹林型,47.10090264184485,326096.15,2712921.12,295.3249816894531,179.09500122070312,266.0400085449219,2256.50048828125,122.13438415527344
2024_5002,凱米颱風,闊葉樹林型,49.09774174003434,325825.99,2712140.81,295.3249816894531,179.09500122070312,266.0400085449219,2363.73046875,128.5493927001953
2024_5003,凱米颱風,闊葉樹林型,46.74955008573651,324663.09,2711925.87,295.3249816894531,179.09500122070312,266.0400085449219,2363.73046875,128.5493927001953
2024_5004,凱米颱風,闊葉樹林型,37.48434900054385,324852.1,2712027.08,295.3249816894531,179.09500122070312,266.0400085449219,2363.73046875,128.5493927001953
2024_5005,凱米颱風,闊葉樹林型,34.888691645645146,324617.21,2709755.16,284.0099792480469,169.22000122070312,251.79998779296875,2186.33837890625,134.87562561035156
2024_5006,凱米颱風,闊葉樹林型,43.53119928561418,325028.16,2710050.89,284.0099792480469,169.22000122070312,251.79998779296875,2186.33837890625,134.87562561035156
2024_5007,凱米颱風,闊葉樹林型,44.2087245309662,324484.86,2708814.02,284.0099792480469,169.22000122070312,251.79998779296875,2186.33837890625,134.87562561035156
2024_5008,凱米颱風,闊葉樹林型,30.72061147663586,325471.07,2707537.52,284.0099792480469,169.22000122070312,251.79998779296875,2186.33837890625,134.87562561035156
2024_5009,凱米颱風,闊葉樹林型,41.12786681163709,326269.89,2707948.48,284.0099792480469,169.22000122070312,251.79998779296875,2131.83349609375,134.85293579101562
2024_5010,凱米颱風,闊葉樹林型,55.79888817023775,325394.01,2706595.37,284.0099792480469,169.22000122070312,251.79998779296875,2186.33837890625,134.87562561035156
2024_5011,凱米颱風,闊葉樹林型,47.90920660689003,325367.36,2705954.94,284.0099792480469,169.22000122070312,251.79998779296875,2186.33837890625,134.87562561035156
2024_5012,凱米颱風,闊葉樹林型,43.68885454421518,323191.13,2712644.94,295.3249816894531,179.09500122070312,266.0400085449219,2363.73046875,128.5493927001953
2024_5013,凱米颱風,闊葉樹林型,57.956828231845385,324159.07,2699763.66,284.0099792480469,169.22000122070312,251.79998779296875,2114.876953125,122.31617736816406
2024_5014,凱米颱風,闊葉樹林型,30.36043784504823,321974.97,2699668.86,284.0099792480469,169.22000122070312,251.79998779296875,2114.876953125,122.31617736816406
2024_5015,凱米颱風,闊葉樹林型,42.03111377419729,323912.51,2694445.62,262.91998291015625,175.46499633789062,236.5349884033203,1915.1141357421875,123.03146362304688
2024_5017,凱米颱風,闊葉樹林型,33.33081260166977,323897.43,2693445.04,262.91998291015625,175.46499633789062,236.5349884033203,2083.27685546875,137.91004943847656
2024_5018,凱米颱風,闊葉樹林型,45.707319368544255,323914.98,2693076.83,262.91998291015625,175.46499633789062,236.5349884033203,2083.27685546875,137.91004943847656
2024_5019,凱米颱風,闊葉樹林型,39.22274642672917,324071.31,2692653.34,262.91998291015625,175.46499633789062,236.5349884033203,2083.27685546875,137.91004943847656
2024_5020,凱米颱風,闊葉樹林型,45.01789374866915,323330.63,2691989.45,262.91998291015625,175.46499633789062,236.5349884033203,2083.27685546875,137.91004943847656
2024_5022,凱米颱風,闊葉樹林型,34.03756281454756,322006.28,2692512.86,262.91998291015625,175.46499633789062,236.5349884033203,2083.27685546875,137.91004943847656
2024_5023,凱米颱風,闊葉樹林型,52.55874636417831,320959.41,2700198.85,261.6999816894531,168.64498901367188,238.36000061035156,1992.7193603515625,124.48375701904297
2024_5024,凱米颱風,闊葉樹林型,42.862412092456296,321072.07,2700118.49,284.0099792480469,169.22000122070312,251.79998779296875,2114.876953125,122.31617736816406
2024_5025,凱米颱風,闊葉樹林型,56.36854213722456,321398.03,2696992.9,262.91998291015625,175.46499633789062,236.5349884033203,1915.1141357421875,123.03146362304688
2024_5026,凱米颱風,闊葉樹林型,33.59475678656656,317021.55,2697597.37,264.35498046875,163.8199920654297,236.68499755859375,1911.7799072265625,132.78627014160156
2024_5027,凱米颱風,闊葉樹林型,42.93479585813085,318613.66,2696152.12,264.35498046875,163.8199920654297,236.68499755859375,1911.7799072265625,132.78627014160156
2024_5029,凱米颱風,闊葉樹林型,50.68046091576779,318973.56,2693805.05,264.35498046875,163.8199920654297,236.68499755859375,2065.531494140625,130.89926147460938
2024_5030,凱米颱風,闊葉樹林型,52.93298116369645,317306.74,2691817.46,264.35498046875,163.8199920654297,236.68499755859375,2065.531494140625,130.89926147460938
2024_5031,凱米颱風,闊葉樹林型,56.7773614270566,317410.89,2692169.0,264.35498046875,163.8199920654297,236.68499755859375,2065.531494140625,130.89926147460938
2024_5032,凱米颱風,闊葉樹林型,50.674571392524335,317253.09,2691373.17,264.35498046875,163.8199920654297,236.68499755859375,2065.531494140625,130.89926147460938
2024_5033,凱米颱風,闊葉樹林型,45.22207888903144,317302.84,2691510.79,264.35498046875,163.8199920654297,236.68499755859375,2065.531494140625,130.89926147460938
2024_5034,凱米颱風,闊葉樹林型,42.779253086391705,317440.78,2691198.36,264.35498046875,163.8199920654297,236.68499755859375,2065.531494140625,130.89926147460938
2024_5035,凱米颱風,闊葉樹林型,28.35466400077033,317558.07,2691134.62,264.35498046875,163.8199920654297,236.68499755859375,2065.531494140625,130.89926147460938
2024_5037,凱米颱風,闊葉樹林型,52.25088558587151,316422.3,2716427.18,255.34500122070312,156.89999389648438,234.8699951171875,2282.44189453125,125.89100646972656
2024_5038,凱米颱風,闊葉樹林型,41.49566207886726,315828.04,2709466.77,261.6999816894531,168.64498901367188,238.36000061035156,2132.533447265625,130.15982055664062
2024_5039,凱米颱風,闊葉樹林型,38.659808254090095,315729.77,2709367.48,261.6999816894531,168.64498901367188,238.36000061035156,2132.533447265625,130.15982055664062
2024_5040,凱米颱風,闊葉樹林型,30.96375653207352,315848.16,2709243.12,261.6999816894531,168.64498901367188,238.36000061035156,2132.533447265625,130.15982055664062
2024_5041,凱米颱風,闊葉樹林型,51.78499114845545,314874.91,2700320.7,261.6999816894531,168.64498901367188,238.36000061035156,1951.74169921875,117.67649841308594
2024_5042,凱米颱風,闊葉樹林型,30.473837103833297,316098.63,2698783.63,264.35498046875,163.8199920654297,236.68499755859375,1911.7799072265625,132.78627014160156
2024_5043,凱米颱風,闊葉樹林型,38.50896869263104,316328.06,2698765.32,264.35498046875,163.8199920654297,236.68499755859375,1911.7799072265625,132.78627014160156
2024_5044,凱米颱風,闊葉樹林型,39.77877859061192,316547.59,2698650.43,264.35498046875,163.8199920654297,236.68499755859375,1911.7799072265625,132.78627014160156
2024_5045,凱米颱風,闊葉樹林型,49.38714482392327,314837.83,2693294.41,264.35498046875,163.8199920654297,236.68499755859375,2136.267333984375,136.73049926757812
2024_5046,凱米颱風,闊葉樹林型,39.35384148704364,315148.68,2691291.55,264.35498046875,163.8199920654297,236.68499755859375,2136.267333984375,136.73049926757812
2024_5048,凱米颱風,闊葉樹林型,46.69408503840473,312345.24,2708601.65,261.6999816894531,168.64498901367188,238.36000061035156,2132.533447265625,130.15982055664062
2024_5049,凱米颱風,闊葉樹林型,35.95829151209359,311941.38,2708356.92,261.6999816894531,168.64498901367188,238.36000061035156,2132.533447265625,130.15982055664062
2024_5050,凱米颱風,闊葉樹林型,46.68614334171695,311896.13,2708269.26,261.6999816894531,168.64498901367188,238.36000061035156,2132.533447265625,130.15982055664062
2024_5051,凱米颱風,闊葉樹林型,48.616998125552186,312083.2,2707840.13,261.6999816894531,168.64498901367188,238.36000061035156,2132.533447265625,130.15982055664062
2024_5053,凱米颱風,闊葉樹林型,33.425567049364545,314067.68,2703463.68,261.6999816894531,168.64498901367188,238.36000061035156,1951.74169921875,117.67649841308594
2024_5054,凱米颱風,闊葉樹林型,32.82907195826586,313330.05,2696427.45,264.35498046875,163.8199920654297,236.68499755859375,2004.0787353515625,134.87493896484375
2024_5057,凱米颱風,闊葉樹林型,51.9989345529656,311624.64,2694062.8,264.35498046875,163.8199920654297,236.68499755859375,2004.0787353515625,134.87493896484375
2024_5058,凱米颱風,闊葉樹林型,49.341526229406895,311787.88,2694039.46,264.35498046875,163.8199920654297,236.68499755859375,2004.0787353515625,134.87493896484375
2024_5060,凱米颱風,闊葉樹林型,53.19545693650421,313212.47,2691688.94,264.35498046875,163.8199920654297,236.68499755859375,2136.267333984375,136.73049926757812
2024_5061,凱米颱風,闊葉樹林型,37.83331466287141,313612.78,2691668.01,264.35498046875,163.8199920654297,236.68499755859375,2136.267333984375,136.73049926757812
2024_5065,凱米颱風,闊葉樹林型,54.20457985483394,310715.57,2709502.54,228.7899932861328,144.5449981689453,209.59500122070312,2177.974365234375,126.76237487792969
2024_5067,凱米颱風,闊葉樹林型,45.707319368544255,310475.1,2698494.46,242.55499267578125,161.4499969482422,220.42999267578125,2229.592041015625,148.98240661621094
2024_5068,凱米颱風,闊葉樹林型,36.71637457580036,310584.29,2696771.68,242.55499267578125,161.4499969482422,220.42999267578125,2229.592041015625,148.98240661621094
2024_5069,凱米颱風,闊葉樹林型,41.289874733376,310417.86,2692635.44,242.55499267578125,161.4499969482422,220.42999267578125,2348.517333984375,138.66358947753906
2024_5070,凱米颱風,闊葉樹林型,48.2535920083675,309483.32,2692600.25,242.55499267578125,161.4499969482422,220.42999267578125,2348.517333984375,138.66358947753906
2024_5071,凱米颱風,闊葉樹林型,42.852042658024615,309233.89,2692790.96,242.55499267578125,161.4499969482422,220.42999267578125,2348.517333984375,138.66358947753906
2024_5072,凱米颱風,闊葉樹林型,43.38184383278452,309024.95,2692824.77,242.55499267578125,161.4499969482422,220.42999267578125,2348.517333984375,138.66358947753906
2024_5075,凱米颱風,闊葉樹林型,39.77877859061192,308692.04,2708281.31,228.7899932861328,144.5449981689453,209.59500122070312,2177.974365234375,126.76237487792969
2024_5077,凱米颱風,闊葉樹林型,47.9744503541902,307277.33,2703595.49,228.7899932861328,144.5449981689453,209.59500122070312,2246.48779296875,140.47276306152344
2024_5079,凱米颱風,闊葉樹林型,36.08714706573126,304642.74,2714970.75,230.9949951171875,141.35499572753906,213.14999389648438,2613.40576171875,163.71588134765625
2024_5082,凱米颱風,闊葉樹林型,34.468683663334545,304229.43,2700454.18,228.7899932861328,144.5449981689453,209.59500122070312,2343.480224609375,148.95858764648438
2024_5083,凱米颱風,闊葉樹林型,48.366460663429805,306287.4,2698853.19,242.55499267578125,161.4499969482422,220.42999267578125,2229.592041015625,148.98240661621094
2024_5084,凱米颱風,闊葉樹林型,44.6831922342158,306290.58,2694310.61,242.55499267578125,161.4499969482422,220.42999267578125,2229.592041015625,148.98240661621094
2024_5087,凱米颱風,闊葉樹林型,31.05129356595241,301682.33,2713839.82,230.9949951171875,141.35499572753906,213.14999389648438,2613.40576171875,163.71588134765625
2024_5088,凱米颱風,闊葉樹林型,41.49566207886726,303846.57,2715572.74,230.9949951171875,141.35499572753906,213.14999389648438,2613.40576171875,163.71588134765625
2024_5091,凱米颱風,闊葉樹林型,39.88006394186307,303160.1,2704611.85,228.7899932861328,144.5449981689453,209.59500122070312,2343.480224609375,148.95858764648438
2024_5092,凱米颱風,闊葉樹林型,36.08714706573126,303894.03,2704147.32,228.7899932861328,144.5449981689453,209.59500122070312,2343.480224609375,148.95858764648438
2024_5093,凱米颱風,闊葉樹林型,53.88218484404466,302531.17,2701719.67,228.7899932861328,144.5449981689453,209.59500122070312,2343.480224609375,148.95858764648438
2024_5094,凱米颱風,闊葉樹林型,27.911980918711127,302806.11,2699790.34,228.7899932861328,144.5449981689453,209.59500122070312,2343.480224609375,148.95858764648438
2024_5096,凱米颱風,闊葉樹林型,36.62354905164433,299507.69,2715073.83,220.43499755859375,115.43999481201172,203.64498901367188,2376.6259765625,150.5155029296875
2024_5097,凱米颱風,闊葉樹林型,36.00673320377918,299410.17,2714396.12,220.43499755859375,115.43999481201172,203.64498901367188,2376.6259765625,150.5155029296875
2024_5098,凱米颱風,闊葉樹林型,31.05129356595241,299365.72,2714323.71,220.43499755859375,115.43999481201172,203.64498901367188,2376.6259765625,150.5155029296875
2024_5099,凱米颱風,闊葉樹林型,30.720611476635867,299513.08,2713895.82,220.43499755859375,115.43999481201172,203.64498901367188,2376.6259765625,150.5155029296875
2024_5100,凱米颱風,闊葉樹林型,39.22274642672917,300123.72,2712427.3,220.43499755859375,115.43999481201172,203.64498901367188,2376.6259765625,150.5155029296875
2024_5101,凱米颱風,闊葉樹林型,37.60152555834086,298942.65,2712271.85,220.43499755859375,115.43999481201172,203.64498901367188,2376.6259765625,150.5155029296875
2024_5104,凱米颱風,闊葉樹林型,36.62354905164433,298562.65,2699518.87,216.6949920654297,126.16499328613281,200.34500122070312,2431.37255859375,175.65789794921875
2024_5109,凱米颱風,竹林,29.034220452471416,216669.79,2549244.81,293.31500244140625,170.02499389648438,270.81500244140625,2664.70361328125,169.536376953125
2024_5110,凱米颱風,闊葉樹林型,47.24660675818882,217103.38,2549621.04,293.31500244140625,170.02499389648438,270.81500244140625,2664.70361328125,169.536376953125
2024_5112,凱米颱風,闊葉樹林型,40.70318870066343,216644.54,2549565.2,293.31500244140625,170.02499389648438,270.81500244140625,2664.70361328125,169.536376953125
2024_5113,凱米颱風,闊葉樹林型,30.72061147663586,219394.82,2551316.24,287.9649963378906,152.81500244140625,256.3849792480469,2674.13916015625,157.52418518066406
2024_5118,凱米颱風,闊葉樹林型,40.9523515915937,220844.07,2557522.2,300.3599853515625,161.1199951171875,270.92999267578125,2472.412841796875,158.74024963378906
2024_5120,凱米颱風,闊葉樹林型,39.05065885812619,221243.55,2557696.06,300.3599853515625,161.1199951171875,270.92999267578125,2472.412841796875,158.74024963378906
2024_5121,凱米颱風,闊葉樹林型,37.082382807835,220906.34,2557261.66,300.3599853515625,161.1199951171875,270.92999267578125,2472.412841796875,158.74024963378906
2024_5129,凱米颱風,闊葉樹林型,49.52305830933339,220546.19,2557933.02,300.3599853515625,161.1199951171875,270.92999267578125,2472.412841796875,158.74024963378906
2024_5130,凱米颱風,闊葉樹林型,18.053902977226738,220542.39,2555306.43,287.9649963378906,152.81500244140625,256.3849792480469,2674.13916015625,157.52418518066406
2024_5134,凱米颱風,闊葉樹林型,37.11250830386473,283674.04,2689559.19,193.17999267578125,81.3699951171875,172.96499633789062,2258.67236328125,127.32522583007812
2024_5135,凱米颱風,闊葉樹林型,37.83331466287141,283744.31,2689688.46,193.17999267578125,81.3699951171875,172.96499633789062,2258.67236328125,127.32522583007812
2024_5136,凱米颱風,闊葉樹林型,58.69964986559793,282586.16,2656908.77,220.67999267578125,111.57499694824219,196.7899932861328,2648.472900390625,151.1837158203125
2024_5139,凱米颱風,闊葉樹林型,56.82653395427205,283694.9,2646796.21,242.739990234375,131.01499938964844,215.0800018310547,2561.518310546875,135.14614868164062
2024_5140,凱米颱風,闊葉樹林型,59.53716225202639,283835.21,2646740.61,242.739990234375,131.01499938964844,215.0800018310547,2561.518310546875,135.14614868164062
2024_5141,凱米颱風,闊葉樹林型,47.03908938941234,279494.66,2686998.74,207.7449951171875,108.23500061035156,196.09500122070312,2442.231689453125,136.23085021972656
2024_5145,凱米颱風,闊葉樹林型,36.94611005709807,279642.38,2689019.39,194.58499145507812,81.67499542236328,179.75498962402344,2233.1962890625,125.39368438720703
2024_5146,凱米颱風,闊葉樹林型,49.85993385121615,279368.14,2690506.53,194.58499145507812,81.67499542236328,179.75498962402344,2233.1962890625,125.39368438720703
2024_5148,凱米颱風,闊葉樹林型,22.737405889726222,276771.63,2687997.38,207.7449951171875,108.23500061035156,196.09500122070312,2442.231689453125,136.23085021972656
2024_5149,凱米颱風,闊葉樹林型,42.674645497560086,277896.3,2688946.21,194.58499145507812,81.67499542236328,179.75498962402344,2233.1962890625,125.39368438720703
2024_5150,凱米颱風,闊葉樹林型,47.7924373291279,279222.97,2688661.89,194.58499145507812,81.67499542236328,179.75498962402344,2233.1962890625,125.39368438720703
2024_5152,凱米颱風,闊葉樹林型,49.017701104158654,261311.23,2643040.59,261.94000244140625,130.8199920654297,252.4550018310547,2256.253662109375,135.88162231445312
2024_5153,凱米颱風,闊葉樹林型,35.95829151209359,261068.82,2641977.4,261.94000244140625,130.8199920654297,252.4550018310547,2256.253662109375,135.88162231445312
2024_5155,凱米颱風,闊葉樹林型,43.02734418130678,260625.49,2642647.52,261.94000244140625,130.8199920654297,252.4550018310547,2256.253662109375,135.88162231445312
2024_5156,凱米颱風,闊葉樹林型,31.05129356595241,257999.2,2640625.57,259.2449951171875,137.364990234375,251.22499084472656,2107.697265625,127.54483795166016
2024_5157,凱米颱風,闊葉樹林型,40.41337530810542,304057.68,2633452.89,228.37998962402344,126.07999420166016,195.89999389648438,1696.45263671875,121.16349792480469
2024_5161,凱米颱風,闊葉樹林型,38.659808254090095,258616.37,2632112.18,270.5099792480469,148.51998901367188,262.364990234375,2159.25830078125,125.05048370361328
2024_5163,凱米颱風,闊葉樹林型,41.98721249581666,295773.37,2708411.05,216.6949920654297,126.16499328613281,200.34500122070312,2307.492431640625,143.34249877929688
2024_5164,凱米颱風,闊葉樹林型,34.30834539460494,296184.17,2706993.81,216.6949920654297,126.16499328613281,200.34500122070312,2307.492431640625,143.34249877929688
2024_5166,凱米颱風,闊葉樹林型,49.45204096540979,293036.21,2705521.1,216.6949920654297,126.16499328613281,200.34500122070312,2312.000244140625,154.10836791992188
2024_5167,凱米颱風,闊葉樹林型,33.02386755579665,293275.44,2705425.15,216.6949920654297,126.16499328613281,200.34500122070312,2312.000244140625,154.10836791992188
2024_5168,凱米颱風,闊葉樹林型,28.22569196507436,292039.62,2704330.94,216.6949920654297,126.16499328613281,200.34500122070312,2446.830810546875,168.3182830810547
2024_5171,凱米颱風,闊葉樹林型,41.99819984310421,286226.2,2703219.57,201.125,86.31999969482422,182.95999145507812,2244.089599609375,147.86839294433594
2024_5172,凱米颱風,闊葉樹林型,43.42182054759477,286370.09,2703188.85,201.125,86.31999969482422,182.95999145507812,2244.089599609375,147.86839294433594
2024_5173,凱米颱風,闊葉樹林型,31.05129356595241,286518.91,2703115.9,201.125,86.31999969482422,182.95999145507812,2244.089599609375,147.86839294433594
2024_5175,凱米颱風,闊葉樹林型,36.57693385156434,286488.52,2703982.63,201.125,86.31999969482422,182.95999145507812,2244.089599609375,147.86839294433594
2024_5177,凱米颱風,闊葉樹林型,44.23706899687729,285237.03,2705748.92,201.125,86.31999969482422,182.95999145507812,2559.53369140625,157.6493377685547
2024_5179,凱米颱風,闊葉樹林型,43.26125824127405,285120.05,2702149.58,201.125,86.31999969482422,182.95999145507812,2343.46875,143.6258544921875
2024_5180,凱米颱風,闊葉樹林型,46.78903266978297,285989.51,2702481.29,201.125,86.31999969482422,182.95999145507812,2244.089599609375,147.86839294433594
2024_5181,凱米颱風,竹林,45.22207888903144,284902.94,2738934.34,209.0800018310547,101.21499633789062,190.68499755859375,2278.05419921875,126.82984161376953
2024_5182,凱米颱風,闊葉樹林型,41.56364135798625,281736.55,2729706.06,205.92999267578125,84.05999755859375,187.59500122070312,2176.807373046875,125.84896087646484
2024_5183,凱米颱風,闊葉樹林型,38.32881810145589,278053.05,2718224.61,180.4199981689453,73.55500030517578,165.875,2267.487060546875,137.30850219726562
2024_5185,凱米颱風,闊葉樹林型,47.254232805058734,272642.23,2723865.58,199.1199951171875,97.47999572753906,184.63999938964844,2022.4598388671875,126.58287811279297
2024_5186,凱米颱風,闊葉樹林型,38.06176053983252,269079.48,2720880.59,174.0699920654297,78.61499786376953,162.21499633789062,2134.6806640625,150.1637725830078
2024_5187,凱米颱風,竹林,11.648634944412734,264735.83,2724680.13,155.864990234375,71.29999542236328,141.26998901367188,2155.843017578125,148.2792510986328
2024_5190,凱米颱風,竹林,39.727886428017456,234612.41,2631828.03,264.97998046875,135.1999969482422,255.34999084472656,2086.798583984375,121.12052154541016
2024_5197,凱米颱風,竹林,28.40597188009524,230411.27,2627553.57,264.97998046875,135.1999969482422,255.34999084472656,2086.798583984375,121.12052154541016
2024_5198,凱米颱風,闊葉樹林型,36.34180401854167,215522.23,2633569.52,231.77499389648438,110.72000122070312,224.80499267578125,1546.2135009765625,84.9543685913086
2024_5199,凱米颱風,闊葉樹林型,47.733674255402825,215353.03,2633392.01,231.77499389648438,110.72000122070312,224.80499267578125,1546.2135009765625,84.9543685913086
2024_5202,凱米颱風,闊葉樹林型,29.205932247399417,227473.28,2533992.94,288.2250061035156,168.4550018310547,261.56500244140625,2989.65869140625,161.69830322265625
2024_5203,凱米颱風,闊葉樹林型,38.876655136344326,228300.6,2533808.35,288.2250061035156,168.4550018310547,261.56500244140625,2989.65869140625,161.69830322265625
2024_5204,凱米颱風,闊葉樹林型,34.85410224097107,228381.27,2533814.73,288.2250061035156,168.4550018310547,261.56500244140625,2989.65869140625,161.69830322265625
2024_5205,凱米颱風,闊葉樹林型,39.57420005713789,228535.11,2533799.8,288.2250061035156,168.4550018310547,261.56500244140625,2989.65869140625,161.69830322265625
2024_5206,凱米颱風,闊葉樹林型,38.876655136344326,228596.44,2533727.65,288.2250061035156,168.4550018310547,261.56500244140625,2989.65869140625,161.69830322265625
2024_5208,凱米颱風,闊葉樹林型,46.53438273346463,228430.91,2534012.72,288.2250061035156,168.4550018310547,261.56500244140625,2989.65869140625,161.69830322265625
2024_5211,凱米颱風,闊葉樹林型,37.29207573526101,228836.62,2535307.32,288.2250061035156,168.4550018310547,261.56500244140625,2989.65869140625,161.69830322265625
2024_5214,凱米颱風,闊葉樹林型,27.911980918711127,229172.44,2536566.65,288.2250061035156,168.4550018310547,261.56500244140625,2989.65869140625,161.69830322265625
2024_5215,凱米颱風,闊葉樹林型,23.167586698400417,229296.35,2536435.0,288.2250061035156,168.4550018310547,261.56500244140625,2989.65869140625,161.69830322265625
2024_5216,凱米颱風,闊葉樹林型,24.52281262777141,228810.73,2538297.29,288.2250061035156,168.4550018310547,261.56500244140625,2989.65869140625,161.69830322265625
2024_5217,凱米颱風,闊葉樹林型,37.11250830386473,228812.03,2538159.87,288.2250061035156,168.4550018310547,261.56500244140625,2989.65869140625,161.69830322265625
2024_5218,凱米颱風,闊葉樹林型,32.47251629973426,229094.48,2534482.86,288.2250061035156,168.4550018310547,261.56500244140625,2989.65869140625,161.69830322265625
2024_5219,凱米颱風,闊葉樹林型,39.57420005713789,231134.4,2531416.76,295.82000732421875,204.47000122070312,265.80999755859375,2703.9736328125,138.96592712402344
2024_5224,凱米颱風,闊葉樹林型,36.88516922477569,227950.27,2542190.89,288.2250061035156,168.4550018310547,261.56500244140625,3075.998046875,173.19439697265625
2024_5226,凱米颱風,闊葉樹林型,31.693440803183943,228664.59,2543701.96,288.2250061035156,168.4550018310547,261.56500244140625,3075.998046875,173.19439697265625
2024_5227,凱米颱風,闊葉樹林型,31.05129356595241,228212.82,2543734.81,288.2250061035156,168.4550018310547,261.56500244140625,3075.998046875,173.19439697265625
2024_5228,凱米颱風,闊葉樹林型,37.30694874098832,228625.38,2543585.57,288.2250061035156,168.4550018310547,261.56500244140625,3075.998046875,173.19439697265625
2024_5229,凱米颱風,闊葉樹林型,29.205932247399417,225887.35,2530124.77,292.2749938964844,184.69000244140625,266.3899841308594,2923.65380859375,170.8692626953125
2024_5231,凱米颱風,闊葉樹林型,52.29238200224395,211433.93,2539655.07,294.7149963378906,175.40499877929688,269.3399963378906,2710.6376953125,174.08975219726562
2024_5232,凱米颱風,闊葉樹林型,33.946295027753955,211537.54,2539597.58,294.7149963378906,175.40499877929688,269.3399963378906,2710.6376953125,174.08975219726562
2024_5233,凱米颱風,闊葉樹林型,35.795759914707084,211241.79,2539558.65,294.7149963378906,175.40499877929688,269.3399963378906,2710.6376953125,174.08975219726562
2024_5234,凱米颱風,闊葉樹林型,36.19905592632724,226846.04,2516350.29,277.5,178.864990234375,254.864990234375,3089.994384765625,176.77316284179688
2024_5238,凱米颱風,闊葉樹林型,44.6831922342158,229631.39,2514770.36,272.3450012207031,180.00498962402344,244.22000122070312,2844.406982421875,165.46099853515625
2024_5241,凱米颱風,闊葉樹林型,25.89250179780793,223544.73,2508345.29,274.1300048828125,171.9949951171875,244.11000061035156,3208.257568359375,163.9506378173828
2024_5244,凱米颱風,闊葉樹林型,40.47420622680254,221977.49,2495841.66,265.125,170.12998962402344,232.8199920654297,3688.113037109375,181.79751586914062
2024_5248,凱米颱風,闊葉樹林型,39.50971228619393,219250.15,2493559.29,265.125,170.12998962402344,232.8199920654297,3466.78662109375,180.9872283935547
2024_5251,凱米颱風,闊葉樹林型,35.746679440302486,223340.84,2491401.08,265.125,170.12998962402344,232.8199920654297,3466.78662109375,180.9872283935547
2024_5254,凱米颱風,闊葉樹林型,31.83974832021572,225012.47,2481212.93,279.2149963378906,174.1649932861328,243.9550018310547,2411.51171875,132.84149169921875
2024_5256,凱米颱風,闊葉樹林型,40.327805440220686,225693.72,2486430.08,279.2149963378906,174.1649932861328,243.9550018310547,2269.083984375,126.86155700683594
2024_5257,凱米颱風,闊葉樹林型,28.91046765839842,225867.54,2486163.95,279.2149963378906,174.1649932861328,243.9550018310547,2269.083984375,126.86155700683594
2024_5258,凱米颱風,闊葉樹林型,47.988906399374976,225942.32,2486082.86,279.2149963378906,174.1649932861328,243.9550018310547,2269.083984375,126.86155700683594
2024_5259,凱米颱風,闊葉樹林型,20.92817687973532,225483.36,2486478.33,279.2149963378906,174.1649932861328,243.9550018310547,2269.083984375,126.86155700683594
2024_5263,凱米颱風,闊葉樹林型,55.05607807612879,227009.55,2550544.28,287.9649963378906,152.81500244140625,256.3849792480469,2695.205078125,150.03155517578125
2024_5264,凱米颱風,闊葉樹林型,49.341526229406895,227423.67,2550457.01,287.9649963378906,152.81500244140625,256.3849792480469,2695.205078125,150.03155517578125
2024_5276,凱米颱風,闊葉樹林型,35.14579037169356,229339.54,2564667.03,300.3599853515625,161.1199951171875,270.92999267578125,2777.9365234375,169.5355224609375
2024_5281,凱米颱風,闊葉樹林型,38.577711707605054,229421.32,2557354.8,300.3599853515625,161.1199951171875,270.92999267578125,2720.570556640625,170.38348388671875
2024_5282,凱米颱風,闊葉樹林型,34.18253892596887,229816.35,2569463.72,295.4100036621094,155.43499755859375,267.0400085449219,2771.051025390625,169.74252319335938
2024_5290,凱米颱風,闊葉樹林型,18.54197796399724,230525.93,2573918.38,295.4100036621094,155.43499755859375,267.0400085449219,2418.293701171875,138.82501220703125
2024_5303,凱米颱風,闊葉樹林型,8.049466975528398,214234.9,2555022.01,293.31500244140625,170.02499389648438,270.81500244140625,2586.85205078125,154.91798400878906
2024_5304,凱米颱風,闊葉樹林型,18.00416160591338,214102.6,2555086.72,293.31500244140625,170.02499389648438,270.81500244140625,2556.321044921875,148.60157775878906
2024_5307,凱米颱風,闊葉樹林型,23.3434296829173,213532.94,2555287.64,293.31500244140625,170.02499389648438,270.81500244140625,2556.321044921875,148.60157775878906
2024_5311,凱米颱風,闊葉樹林型,16.69924423399362,231096.46,2560199.59,290.22998046875,155.10499572753906,252.48500061035156,2778.01904296875,166.40513610839844
2024_5314,凱米颱風,闊葉樹林型,39.53553952464218,233059.81,2565933.16,290.22998046875,155.10499572753906,252.48500061035156,2766.05029296875,162.231689453125
2024_5316,凱米颱風,闊葉樹林型,42.67464549756009,235262.66,2566847.55,295.4100036621094,155.43499755859375,267.0400085449219,2800.0224609375,160.45843505859375
2024_5317,凱米颱風,闊葉樹林型,52.29238200224395,236721.19,2566815.93,295.4100036621094,155.43499755859375,267.0400085449219,2800.0224609375,160.45843505859375
2024_5318,凱米颱風,闊葉樹林型,42.27030207946822,235386.43,2566195.6,290.22998046875,155.10499572753906,252.48500061035156,2586.2177734375,142.27951049804688
2024_5319,凱米颱風,闊葉樹林型,43.54110253900031,238103.66,2577465.44,295.4100036621094,155.43499755859375,267.0400085449219,2623.937255859375,141.31361389160156
2024_5321,凱米颱風,闊葉樹林型,43.77679566071583,241172.93,2578345.44,287.3299865722656,143.34999084472656,264.3899841308594,2517.36474609375,134.92945861816406
2024_5322,凱米颱風,闊葉樹林型,23.02549200852804,242351.71,2576085.51,285.75,144.09999084472656,255.90499877929688,2563.6611328125,140.51837158203125
2024_5323,凱米颱風,闊葉樹林型,25.43844441156941,242246.36,2576078.29,285.75,144.09999084472656,255.90499877929688,2563.6611328125,140.51837158203125
2024_5324,凱米颱風,闊葉樹林型,35.43232547287678,242932.53,2576006.88,285.75,144.09999084472656,255.90499877929688,2563.6611328125,140.51837158203125
2024_5326,凱米颱風,闊葉樹林型,42.16205280597383,235328.34,2587504.71,314.6549987792969,167.114990234375,291.2599792480469,2507.504638671875,143.16065979003906
2024_5330,凱米颱風,竹林,32.63194030642942,207564.2,2572636.69,300.55499267578125,155.6199951171875,277.3949890136719,2426.28857421875,150.275146484375
2024_5332,凱米颱風,闊葉樹林型,12.97935049792772,207712.27,2572226.81,300.55499267578125,155.6199951171875,277.3949890136719,2426.28857421875,150.275146484375
2024_5333,凱米颱風,闊葉樹林型,38.50896869263104,212124.73,2572726.58,311.30999755859375,160.96499633789062,282.2699890136719,2466.8583984375,146.95303344726562
2024_5340,凱米颱風,竹林,27.155878281943988,214830.45,2575910.5,311.30999755859375,160.96499633789062,282.2699890136719,2598.240478515625,152.61203002929688
2024_5341,凱米颱風,竹林,43.33171975024536,214682.43,2575815.29,311.30999755859375,160.96499633789062,282.2699890136719,2598.240478515625,152.61203002929688
2024_5344,凱米颱風,竹林,25.253207609369632,214892.05,2575721.0,311.30999755859375,160.96499633789062,282.2699890136719,2598.240478515625,152.61203002929688
2024_5346,凱米颱風,闊葉樹林型,47.66726112371988,213966.75,2575691.12,311.30999755859375,160.96499633789062,282.2699890136719,2466.8583984375,146.95303344726562
2024_5347,凱米颱風,竹林,31.007583006867133,216949.39,2575363.96,311.30999755859375,160.96499633789062,282.2699890136719,2598.240478515625,152.61203002929688
2024_5348,凱米颱風,闊葉樹林型,39.14355704978305,217264.78,2574836.18,311.30999755859375,160.96499633789062,282.2699890136719,2598.240478515625,152.61203002929688
2024_5351,凱米颱風,闊葉樹林型,38.04757894764742,221030.74,2576315.18,318.35498046875,174.73500061035156,294.04998779296875,2723.8056640625,166.2555389404297
2024_5352,凱米颱風,闊葉樹林型,25.407718108948472,220882.01,2576394.73,318.35498046875,174.73500061035156,294.04998779296875,2723.8056640625,166.2555389404297
2024_5353,凱米颱風,闊葉樹林型,34.30834539460494,222021.76,2577430.41,318.35498046875,174.73500061035156,294.04998779296875,2723.8056640625,166.2555389404297
2024_5354,凱米颱風,闊葉樹林型,25.89250179780793,221978.21,2577594.31,317.625,169.30999755859375,295.75,2686.809326171875,153.22703552246094
2024_5358,凱米颱風,闊葉樹林型,27.238572082130062,218936.26,2573034.04,311.30999755859375,160.96499633789062,282.2699890136719,2598.240478515625,152.61203002929688
2024_5361,凱米颱風,闊葉樹林型,30.985684296843363,222226.31,2578445.61,317.625,169.30999755859375,295.75,2686.809326171875,153.22703552246094
2024_5364,凱米颱風,闊葉樹林型,39.76607121224395,223946.39,2579398.62,317.625,169.30999755859375,295.75,2686.809326171875,153.22703552246094
2024_5365,凱米颱風,闊葉樹林型,44.563720855785085,223510.44,2576995.28,318.35498046875,174.73500061035156,294.04998779296875,2723.8056640625,166.2555389404297
2024_5371,凱米颱風,闊葉樹林型,35.565430802303304,229708.03,2591582.37,304.1449890136719,149.70999145507812,287.4499816894531,2501.34765625,150.38238525390625
2024_5372,凱米颱風,闊葉樹林型,32.005383208083494,226968.5,2592194.83,320.7699890136719,163.61000061035156,305.6300048828125,2806.211181640625,174.05606079101562
2024_5375,凱米颱風,闊葉樹林型,54.97369304972167,212729.81,2595455.78,298.85498046875,151.30499267578125,280.2449951171875,2626.04248046875,147.5991973876953
2024_5383,凱米颱風,闊葉樹林型,33.946295027753955,212742.59,2591960.48,298.85498046875,151.30499267578125,280.2449951171875,2643.5244140625,148.5769500732422
2024_5384,凱米颱風,闊葉樹林型,30.541505272932262,212786.38,2591853.47,298.85498046875,151.30499267578125,280.2449951171875,2643.5244140625,148.5769500732422
2024_5386,凱米颱風,闊葉樹林型,40.53479707962874,212500.17,2591863.25,298.85498046875,151.30499267578125,280.2449951171875,2643.5244140625,148.5769500732422
2024_5387,凱米颱風,闊葉樹林型,31.138369345567487,212266.99,2591761.43,298.85498046875,151.30499267578125,280.2449951171875,2643.5244140625,148.5769500732422
2024_5389,凱米颱風,闊葉樹林型,41.37023532050225,212806.48,2590023.19,298.85498046875,151.30499267578125,280.2449951171875,2643.5244140625,148.5769500732422
2024_5391,凱米颱風,竹林,36.1352033247489,222592.57,2600827.26,281.94000244140625,138.37998962402344,271.72998046875,2793.92431640625,167.81224060058594
2024_5392,凱米颱風,竹林,33.02386755579665,223222.34,2600475.08,281.94000244140625,138.37998962402344,271.72998046875,2793.92431640625,167.81224060058594
2024_5393,凱米颱風,竹林,38.004957659317206,223312.26,2600414.3,281.94000244140625,138.37998962402344,271.72998046875,2793.92431640625,167.81224060058594
2024_5402,凱米颱風,闊葉樹林型,33.33081260166977,214635.92,2549560.5,293.31500244140625,170.02499389648438,270.81500244140625,2664.70361328125,169.536376953125
2024_5404,凱米颱風,闊葉樹林型,2.862405226111748,214887.6,2547732.58,293.31500244140625,170.02499389648438,270.81500244140625,2664.70361328125,169.536376953125
2024_5409,凱米颱風,闊葉樹林型,29.686933196903503,212758.72,2548919.76,293.31500244140625,170.02499389648438,270.81500244140625,2479.486083984375,162.99818420410156
2024_5418,凱米颱風,闊葉樹林型,18.445687755403306,216635.56,2569197.55,311.30999755859375,160.96499633789062,282.2699890136719,2736.55712890625,170.5413360595703
2024_5420,凱米颱風,闊葉樹林型,44.60058682281712,217171.09,2569180.69,311.30999755859375,160.96499633789062,282.2699890136719,2736.55712890625,170.5413360595703
2024_5421,凱米颱風,闊葉樹林型,25.65191625517833,216254.39,2568510.43,311.30999755859375,160.96499633789062,282.2699890136719,2736.55712890625,170.5413360595703
2024_5422,凱米颱風,闊葉樹林型,27.26604445073282,219449.98,2566610.65,318.35498046875,174.73500061035156,294.04998779296875,2765.01318359375,171.3437042236328
2024_5425,凱米颱風,闊葉樹林型,24.359555875506427,203528.74,2562466.5,279.66998291015625,145.5800018310547,256.5199890136719,2355.26708984375,157.9983673095703
2024_5426,凱米颱風,闊葉樹林型,32.087580878338315,218424.54,2566039.09,320.6099853515625,165.9199981689453,291.32000732421875,2777.270263671875,170.2137908935547
2024_5427,凱米颱風,闊葉樹林型,43.491519345092,218385.79,2565923.23,320.6099853515625,165.9199981689453,291.32000732421875,2777.270263671875,170.2137908935547
2024_5428,凱米颱風,闊葉樹林型,37.83331466287141,218514.44,2565041.69,320.6099853515625,165.9199981689453,291.32000732421875,2777.270263671875,170.2137908935547
2024_5433,凱米颱風,闊葉樹林型,33.946295027753955,220995.11,2561369.88,300.3599853515625,161.1199951171875,270.92999267578125,2787.701904296875,169.62338256835938
2024_5434,凱米颱風,闊葉樹林型,15.90987591526664,221189.07,2561359.51,300.3599853515625,161.1199951171875,270.92999267578125,2787.701904296875,169.62338256835938
2024_5442,凱米颱風,闊葉樹林型,35.95829151209359,222605.59,2573363.2,318.35498046875,174.73500061035156,294.04998779296875,2723.8056640625,166.2555389404297
2024_5444,凱米颱風,闊葉樹林型,35.746679440302486,219049.18,2569641.05,311.30999755859375,160.96499633789062,282.2699890136719,2736.55712890625,170.5413360595703
2024_5449,凱米颱風,闊葉樹林型,46.76535660991049,225441.31,2563649.83,300.3599853515625,161.1199951171875,270.92999267578125,2777.9365234375,169.5355224609375
2024_5450,凱米颱風,闊葉樹林型,47.61538175910259,225759.59,2562970.71,300.3599853515625,161.1199951171875,270.92999267578125,2777.9365234375,169.5355224609375
2024_5452,凱米颱風,闊葉樹林型,25.530275981014736,225048.23,2561873.48,300.3599853515625,161.1199951171875,270.92999267578125,2777.9365234375,169.5355224609375
2024_5454,凱米颱風,闊葉樹林型,35.28126182726603,224174.36,2561729.56,300.3599853515625,161.1199951171875,270.92999267578125,2787.701904296875,169.62338256835938
2024_5458,凱米颱風,闊葉樹林型,44.19926406432079,223655.22,2562879.65,300.3599853515625,161.1199951171875,270.92999267578125,2787.701904296875,169.62338256835938
2024_5460,凱米颱風,闊葉樹林型,50.57996843609272,225841.57,2566296.49,300.3599853515625,161.1199951171875,270.92999267578125,2777.9365234375,169.5355224609375
2024_5462,凱米颱風,闊葉樹林型,36.93089662022377,221558.8,2560646.83,300.3599853515625,161.1199951171875,270.92999267578125,2472.412841796875,158.74024963378906
2024_5466,凱米颱風,闊葉樹林型,48.67204201795561,219187.57,2558595.45,320.6099853515625,165.9199981689453,291.32000732421875,2666.719482421875,172.3930206298828
2024_5467,凱米颱風,闊葉樹林型,30.10818826996884,219498.98,2558563.01,300.3599853515625,161.1199951171875,270.92999267578125,2472.412841796875,158.74024963378906
2024_5468,凱米颱風,闊葉樹林型,33.04322068167278,219603.07,2558825.65,300.3599853515625,161.1199951171875,270.92999267578125,2472.412841796875,158.74024963378906
2024_5469,凱米颱風,闊葉樹林型,22.144873841221017,219437.3,2558367.38,300.3599853515625,161.1199951171875,270.92999267578125,2472.412841796875,158.74024963378906
2024_5470,凱米颱風,闊葉樹林型,39.612764584574585,218892.32,2559044.53,320.6099853515625,165.9199981689453,291.32000732421875,2666.719482421875,172.3930206298828
2024_5471,凱米颱風,闊葉樹林型,41.4729343089405,219442.79,2557369.78,300.3599853515625,161.1199951171875,270.92999267578125,2472.412841796875,158.74024963378906
2024_5473,凱米颱風,闊葉樹林型,40.31554221077258,220123.5,2558200.79,300.3599853515625,161.1199951171875,270.92999267578125,2472.412841796875,158.74024963378906
2024_5474,凱米颱風,闊葉樹林型,34.802079725529744,221348.56,2558437.98,300.3599853515625,161.1199951171875,270.92999267578125,2472.412841796875,158.74024963378906
2024_5477,凱米颱風,闊葉樹林型,36.885169224775694,224365.24,2560783.68,300.3599853515625,161.1199951171875,270.92999267578125,2472.412841796875,158.74024963378906
2024_5481,凱米颱風,闊葉樹林型,38.71430174309542,219322.57,2545828.8,287.9649963378906,152.81500244140625,256.3849792480469,2502.212158203125,147.98951721191406
2024_5482,凱米颱風,闊葉樹林型,32.47251629973426,218614.17,2545170.71,293.31500244140625,170.02499389648438,270.81500244140625,2664.70361328125,169.536376953125
2024_5484,凱米颱風,闊葉樹林型,41.99819984310421,230060.11,2582424.85,314.6549987792969,167.114990234375,291.2599792480469,2512.659912109375,144.93051147460938
2024_5487,凱米颱風,闊葉樹林型,36.839310662660615,220457.96,2581943.01,317.625,169.30999755859375,295.75,2686.809326171875,153.22703552246094
2024_5490,凱米颱風,闊葉樹林型,41.12786681163709,218386.39,2588481.55,303.19500732421875,154.1949920654297,274.8599853515625,2618.4912109375,152.3922882080078
2024_5492,凱米颱風,竹林,39.14355704978305,218947.33,2593198.07,298.85498046875,151.30499267578125,280.2449951171875,2628.14892578125,151.3077392578125
2024_5494,凱米颱風,闊葉樹林型,30.96375653207352,217844.38,2594517.57,298.85498046875,151.30499267578125,280.2449951171875,2744.40185546875,161.41140747070312
2024_5495,凱米颱風,竹林,15.06995574963759,217794.44,2594336.89,298.85498046875,151.30499267578125,280.2449951171875,2744.40185546875,161.41140747070312
2024_5496,凱米颱風,闊葉樹林型,23.893396656492648,219133.7,2529208.09,305.31500244140625,188.76998901367188,282.0149841308594,2933.138916015625,168.9228057861328
2024_5501,凱米颱風,闊葉樹林型,35.009177890477666,221607.62,2529951.67,292.2749938964844,184.69000244140625,266.3899841308594,2925.142578125,173.83131408691406
2024_5510,凱米颱風,闊葉樹林型,52.85904948954693,214127.14,2626216.35,243.5749969482422,114.17499542236328,234.90499877929688,1688.0975341796875,85.7525634765625
2024_5511,凱米颱風,闊葉樹林型,44.973117396971325,214194.65,2626163.87,243.5749969482422,114.17499542236328,234.90499877929688,1688.0975341796875,85.7525634765625
2024_5512,凱米颱風,闊葉樹林型,44.31238462399072,214390.16,2626138.78,243.5749969482422,114.17499542236328,234.90499877929688,1944.46484375,102.76045989990234
2024_5513,凱米颱風,闊葉樹林型,23.58638143384095,214229.71,2626093.99,243.5749969482422,114.17499542236328,234.90499877929688,1688.0975341796875,85.7525634765625
2024_5515,凱米颱風,闊葉樹林型,47.34541655277845,213991.87,2625953.39,243.5749969482422,114.17499542236328,234.90499877929688,1688.0975341796875,85.7525634765625
2024_5516,凱米颱風,闊葉樹林型,36.326005581723855,214081.95,2625924.84,243.5749969482422,114.17499542236328,234.90499877929688,1688.0975341796875,85.7525634765625
2024_5521,凱米颱風,闊葉樹林型,32.965670984008376,249486.29,2632128.34,272.864990234375,150.23500061035156,265.3450012207031,2312.970458984375,119.92552947998047
2024_5528,凱米颱風,闊葉樹林型,43.18031634685804,242561.83,2629299.95,272.864990234375,150.23500061035156,265.3450012207031,2252.82666015625,120.58001708984375
2024_5530,凱米颱風,闊葉樹林型,15.436640338110504,313174.93,2670042.2,226.47999572753906,125.55999755859375,197.08999633789062,2014.77294921875,139.0538330078125
2024_5531,凱米颱風,闊葉樹林型,6.054498479394494,316285.43,2673354.72,226.47999572753906,125.55999755859375,197.08999633789062,2030.9705810546875,132.5270538330078
2024_5532,凱米颱風,闊葉樹林型,7.667577242751911,316179.18,2673317.03,226.47999572753906,125.55999755859375,197.08999633789062,2030.9705810546875,132.5270538330078
2024_5533,凱米颱風,闊葉樹林型,51.93513740500487,308730.3,2674699.38,237.12998962402344,130.489990234375,207.25,2626.517578125,162.26905822753906
2024_5536,凱米颱風,闊葉樹林型,32.965670984008376,215952.31,2537108.74,294.7149963378906,175.40499877929688,269.3399963378906,2999.6904296875,180.5821533203125
2024_5538,凱米颱風,闊葉樹林型,29.92228709167213,221455.73,2532476.36,292.2749938964844,184.69000244140625,266.3899841308594,2925.142578125,173.83131408691406
2024_5540,凱米颱風,闊葉樹林型,41.289874733376,217433.85,2537636.05,294.7149963378906,175.40499877929688,269.3399963378906,2999.6904296875,180.5821533203125
2024_5541,凱米颱風,闊葉樹林型,46.828403128015374,317383.67,2677905.23,248.23500061035156,156.11000061035156,223.11000061035156,2427.614501953125,154.3777618408203
2024_5542,凱米颱風,闊葉樹林型,65.70243656021665,316700.83,2683275.24,248.23500061035156,156.11000061035156,223.11000061035156,2372.496826171875,144.7940216064453
2024_5543,凱米颱風,闊葉樹林型,12.755871704044356,317454.51,2683650.08,248.23500061035156,156.11000061035156,223.11000061035156,2372.496826171875,144.7940216064453
2024_5544,凱米颱風,闊葉樹林型,40.376760812124,317350.76,2684193.76,248.23500061035156,156.11000061035156,223.11000061035156,2372.496826171875,144.7940216064453
2024_5545,凱米颱風,闊葉樹林型,59.02928977942929,316074.79,2686373.53,248.23500061035156,156.11000061035156,223.11000061035156,2372.496826171875,144.7940216064453
2024_5546,凱米颱風,闊葉樹林型,60.69104675606261,316132.02,2686426.54,248.23500061035156,156.11000061035156,223.11000061035156,2372.496826171875,144.7940216064453
2024_5547,凱米颱風,闊葉樹林型,51.39039996896976,316150.22,2686458.73,248.23500061035156,156.11000061035156,223.11000061035156,2372.496826171875,144.7940216064453
2024_5548,凱米颱風,闊葉樹林型,42.779253086391705,319913.71,2691118.15,264.35498046875,163.8199920654297,236.68499755859375,2065.531494140625,130.89926147460938
2024_5549,凱米颱風,闊葉樹林型,48.9169659952674,319946.26,2691177.18,264.35498046875,163.8199920654297,236.68499755859375,2065.531494140625,130.89926147460938
2024_5550,凱米颱風,闊葉樹林型,40.47420622680254,319777.45,2691213.3,264.35498046875,163.8199920654297,236.68499755859375,2065.531494140625,130.89926147460938
2024_5551,凱米颱風,闊葉樹林型,35.59853666783391,319771.08,2691354.15,264.35498046875,163.8199920654297,236.68499755859375,2065.531494140625,130.89926147460938
2024_5552,凱米颱風,闊葉樹林型,47.03908938941234,298882.57,2663239.07,213.0749969482422,109.21499633789062,183.75999450683594,2287.12841796875,145.52923583984375
2024_5554,凱米颱風,闊葉樹林型,31.138369345567487,317293.7,2676566.87,226.47999572753906,125.55999755859375,197.08999633789062,2030.9705810546875,132.5270538330078
2024_5555,山陀兒颱風,闊葉樹林型,39.98069050753484,242170.97,2528326.54,231.64498901367188,83.23500061035156,192.239990234375,2763.902587890625,134.30699157714844
2024_5556,山陀兒颱風,闊葉樹林型,47.68204760672303,236955.97,2577185.0,141.1649932861328,72.38999938964844,126.76499938964844,2623.937255859375,141.31361389160156
2024_5557,山陀兒颱風,闊葉樹林型,56.2103210722793,223624.23,2604982.93,164.5800018310547,74.2750015258789,154.22499084472656,2793.92431640625,167.81224060058594
2024_5558,山陀兒颱風,竹林,36.51456867399333,224699.05,2595792.33,175.0800018310547,93.13999938964844,164.97499084472656,3013.884521484375,179.8356170654297
2024_5559,山陀兒颱風,闊葉樹林型,46.53438273346463,222611.52,2594621.28,175.0800018310547,93.13999938964844,164.97499084472656,3152.661865234375,178.15899658203125
2024_5560,山陀兒颱風,闊葉樹林型,37.60152555834086,229262.53,2581634.55,191.614990234375,99.01000213623047,174.14999389648438,2666.233154296875,166.17950439453125
2024_5562,山陀兒颱風,闊葉樹林型,18.779921287170044,311818.96,2791845.13,415.67498779296875,177.3249969482422,364.29998779296875,2155.97265625,143.2701416015625
2024_5564,山陀兒颱風,闊葉樹林型,30.72061147663586,303989.48,2792038.51,396.6549987792969,149.64999389648438,334.4949951171875,1829.9017333984375,121.5721206665039
2024_5566,山陀兒颱風,闊葉樹林型,25.682184661491608,328309.68,2778951.51,434.1600036621094,194.80499267578125,348.614990234375,2010.0045166015625,157.52232360839844
2024_5567,山陀兒颱風,闊葉樹林型,39.31462864873002,239747.74,2534891.21,191.36000061035156,70.90999603271484,163.75,2721.876220703125,133.96163940429688
2024_5568,山陀兒颱風,闊葉樹林型,34.21858270764896,240075.91,2534787.67,217.25999450683594,80.8699951171875,178.01499938964844,2742.97314453125,134.78146362304688
2024_5569,山陀兒颱風,闊葉樹林型,31.50340488200827,240254.43,2534895.9,217.25999450683594,80.8699951171875,178.01499938964844,2742.97314453125,134.78146362304688
2024_5570,山陀兒颱風,闊葉樹林型,24.260799584868057,240286.71,2535753.45,217.25999450683594,80.8699951171875,178.01499938964844,2742.97314453125,134.78146362304688
2024_5572,山陀兒颱風,闊葉樹林型,35.43232547287678,242521.7,2533149.92,231.64498901367188,83.23500061035156,192.239990234375,2763.902587890625,134.30699157714844
2024_5573,山陀兒颱風,闊葉樹林型,28.14782196842062,249985.0,2526595.14,231.64498901367188,83.23500061035156,192.239990234375,2797.622802734375,138.75550842285156
2024_5574,山陀兒颱風,闊葉樹林型,33.65076727448982,249480.28,2526696.87,231.64498901367188,83.23500061035156,192.239990234375,2797.622802734375,138.75550842285156
2024_5575,山陀兒颱風,闊葉樹林型,43.10912630411683,249296.51,2527486.43,231.64498901367188,83.23500061035156,192.239990234375,2797.622802734375,138.75550842285156
2024_5576,山陀兒颱風,闊葉樹林型,38.659808254090095,249504.06,2527711.85,231.64498901367188,83.23500061035156,192.239990234375,2691.63232421875,130.44161987304688
2024_5579,山陀兒颱風,闊葉樹林型,35.94211187138234,237352.54,2520721.26,237.64999389648438,82.66500091552734,194.2449951171875,2594.234130859375,136.63299560546875
2024_5580,山陀兒颱風,闊葉樹林型,31.138369345567487,269818.14,2540071.48,252.25999450683594,95.56499481201172,201.09500122070312,2036.0047607421875,125.8031005859375
2024_5581,山陀兒颱風,闊葉樹林型,26.849053663953967,272402.93,2544226.11,250.5749969482422,97.79499816894531,196.83999633789062,2123.543701171875,123.53458404541016
2024_5582,山陀兒颱風,闊葉樹林型,30.653673803588863,268901.16,2540589.85,252.25999450683594,95.56499481201172,201.09500122070312,2036.0047607421875,125.8031005859375
2024_5583,山陀兒颱風,闊葉樹林型,31.332627955778683,269068.66,2540888.05,252.25999450683594,95.56499481201172,201.09500122070312,2036.0047607421875,125.8031005859375
2024_5584,山陀兒颱風,闊葉樹林型,34.32623881675949,253925.9,2527994.69,251.6899871826172,90.6500015258789,207.34999084472656,2545.30322265625,132.95693969726562
2024_5585,山陀兒颱風,闊葉樹林型,28.735641668064066,255388.94,2530597.1,251.6899871826172,90.6500015258789,207.34999084472656,2433.956298828125,133.33786010742188
2024_5586,山陀兒颱風,闊葉樹林型,27.155878281943988,254428.19,2531116.92,251.6899871826172,90.6500015258789,207.34999084472656,2545.30322265625,132.95693969726562
2024_5587,山陀兒颱風,闊葉樹林型,7.667577242751911,255633.51,2531227.27,251.6899871826172,90.6500015258789,207.34999084472656,2433.956298828125,133.33786010742188
2024_5588,山陀兒颱風,闊葉樹林型,33.946295027753955,254959.43,2531561.87,251.6899871826172,90.6500015258789,207.34999084472656,2545.30322265625,132.95693969726562
2024_5589,山陀兒颱風,闊葉樹林型,33.04322068167278,255341.67,2531706.03,251.6899871826172,90.6500015258789,207.34999084472656,2433.956298828125,133.33786010742188
2024_5594,山陀兒颱風,闊葉樹林型,36.00673320377918,238186.62,2537216.73,191.36000061035156,70.90999603271484,163.75,2721.876220703125,133.96163940429688
2024_5596,山陀兒颱風,闊葉樹林型,40.04325099636187,245792.55,2526726.54,231.64498901367188,83.23500061035156,192.239990234375,2797.622802734375,138.75550842285156
2024_5597,山陀兒颱風,闊葉樹林型,32.985092758994966,246353.42,2527160.98,231.64498901367188,83.23500061035156,192.239990234375,2797.622802734375,138.75550842285156
2024_5598,山陀兒颱風,闊葉樹林型,18.779921287170044,247057.96,2526126.01,231.64498901367188,83.23500061035156,192.239990234375,2797.622802734375,138.75550842285156
2024_5599,山陀兒颱風,闊葉樹林型,48.97078652940554,224157.97,2509320.42,236.3149871826172,96.73999786376953,201.01499938964844,3208.257568359375,163.9506378173828
2024_5601,山陀兒颱風,闊葉樹林型,33.10114358966526,255223.14,2536290.74,234.87998962402344,95.98999786376953,197.92999267578125,2642.49951171875,139.8202667236328
2024_5602,山陀兒颱風,闊葉樹林型,36.93089662022377,257725.33,2536353.39,234.87998962402344,95.98999786376953,197.92999267578125,2642.49951171875,139.8202667236328
2024_5603,山陀兒颱風,闊葉樹林型,44.15186907819886,257928.45,2536773.46,234.87998962402344,95.98999786376953,197.92999267578125,2642.49951171875,139.8202667236328
2024_5604,山陀兒颱風,闊葉樹林型,29.992245119716017,257970.74,2536636.89,234.87998962402344,95.98999786376953,197.92999267578125,2642.49951171875,139.8202667236328
2024_5605,山陀兒颱風,闊葉樹林型,15.90987591526664,255366.92,2536250.22,234.87998962402344,95.98999786376953,197.92999267578125,2642.49951171875,139.8202667236328
2024_5606,山陀兒颱風,闊葉樹林型,39.50971228619393,254966.39,2536326.17,234.87998962402344,95.98999786376953,197.92999267578125,2552.65673828125,143.5482940673828
2024_5607,山陀兒颱風,闊葉樹林型,50.674571392524335,245809.74,2529765.77,231.64498901367188,83.23500061035156,192.239990234375,2691.63232421875,130.44161987304688
2024_5609,山陀兒颱風,闊葉樹林型,35.565430802303304,247230.04,2530118.53,231.64498901367188,83.23500061035156,192.239990234375,2691.63232421875,130.44161987304688
2024_5611,山陀兒颱風,闊葉樹林型,36.45196008712727,247655.28,2528822.05,231.64498901367188,83.23500061035156,192.239990234375,2691.63232421875,130.44161987304688
2024_5612,山陀兒颱風,闊葉樹林型,47.55584848253888,247948.54,2529152.23,231.64498901367188,83.23500061035156,192.239990234375,2691.63232421875,130.44161987304688
2024_5613,山陀兒颱風,闊葉樹林型,28.40597188009524,247427.66,2528005.06,231.64498901367188,83.23500061035156,192.239990234375,2691.63232421875,130.44161987304688
2024_5615,山陀兒颱風,闊葉樹林型,43.18031634685804,298719.94,2655526.87,208.625,102.22999572753906,189.25999450683594,2146.370361328125,133.07498168945312
2024_5617,山陀兒颱風,闊葉樹林型,36.1352033247489,303908.54,2704006.7,240.4099884033203,118.27999877929688,192.15499877929688,2343.480224609375,148.95858764648438
2024_5619,山陀兒颱風,闊葉樹林型,40.31554221077258,306343.71,2708214.79,240.4099884033203,118.27999877929688,192.15499877929688,2177.974365234375,126.76237487792969
2024_5620,山陀兒颱風,闊葉樹林型,49.13094970675648,295325.03,2716698.42,261.1199951171875,121.82499694824219,206.8699951171875,2188.5390625,149.33819580078125
2024_5624,山陀兒颱風,闊葉樹林型,42.302624878481225,229131.06,2581648.81,191.614990234375,99.01000213623047,174.14999389648438,2666.233154296875,166.17950439453125
2024_5625,山陀兒颱風,闊葉樹林型,63.72032230797737,295834.83,2652162.7,159.22999572753906,71.41999816894531,132.97000122070312,1986.802001953125,125.88800048828125
2024_5626,山陀兒颱風,闊葉樹林型,65.10924587028572,296600.5,2654955.74,159.22999572753906,71.41999816894531,132.97000122070312,2082.81787109375,138.217529296875
2024_5627,山陀兒颱風,闊葉樹林型,39.727886428017456,273072.55,2579712.28,207.6999969482422,87.35499572753906,156.8000030517578,2176.4814453125,146.4366455078125
2024_5628,山陀兒颱風,闊葉樹林型,37.60152555834086,229262.53,2581634.61,191.614990234375,99.01000213623047,174.14999389648438,2666.233154296875,166.17950439453125
2024_5631,山陀兒颱風,闊葉樹林型,23.061135616050905,229911.35,2583920.42,225.77499389648438,112.66999816894531,205.38499450683594,2483.99609375,139.27691650390625
2024_5632,山陀兒颱風,闊葉樹林型,64.58223577572241,225439.42,2583826.9,191.614990234375,99.01000213623047,174.14999389648438,2655.336669921875,149.27206420898438
2024_5634,山陀兒颱風,闊葉樹林型,41.01108156155348,242977.66,2484872.26,260.8599853515625,92.27999877929688,219.13499450683594,2403.418701171875,132.67581176757812
2024_5635,山陀兒颱風,闊葉樹林型,35.94211187138234,245715.49,2498424.02,265.2900085449219,92.57999420166016,217.64498901367188,2342.45849609375,137.7679901123047
2024_5636,山陀兒颱風,闊葉樹林型,30.10818826996884,245561.66,2498649.54,265.2900085449219,92.57999420166016,217.64498901367188,2342.45849609375,137.7679901123047
2024_5637,山陀兒颱風,闊葉樹林型,36.05502968442895,216303.37,2475028.67,268.9499816894531,109.48999786376953,237.98500061035156,2970.405029296875,168.360595703125
2024_5638,山陀兒颱風,闊葉樹林型,32.02597107856493,247956.65,2502221.71,260.3349914550781,87.08999633789062,207.5800018310547,2317.501708984375,132.6624755859375
2024_5639,山陀兒颱風,闊葉樹林型,37.60152555834086,247885.14,2503038.33,260.3349914550781,87.08999633789062,207.5800018310547,2317.501708984375,132.6624755859375
2024_5640,山陀兒颱風,闊葉樹林型,30.473837103833297,248204.26,2503112.9,260.3349914550781,87.08999633789062,207.5800018310547,2317.501708984375,132.6624755859375
2024_5641,山陀兒颱風,闊葉樹林型,28.12178338655737,248577.78,2502968.15,260.3349914550781,87.08999633789062,207.5800018310547,2317.501708984375,132.6624755859375
2024_5642,山陀兒颱風,闊葉樹林型,27.911980918711127,248489.4,2503121.67,260.3349914550781,87.08999633789062,207.5800018310547,2317.501708984375,132.6624755859375
2024_5643,山陀兒颱風,闊葉樹林型,23.994436724543963,249921.69,2505272.87,260.3349914550781,87.08999633789062,207.5800018310547,2317.501708984375,132.6624755859375
2024_5644,山陀兒颱風,闊葉樹林型,23.58638143384095,249688.82,2506038.28,260.3349914550781,87.08999633789062,207.5800018310547,2305.17626953125,132.13438415527344
2024_5645,山陀兒颱風,闊葉樹林型,22.40687120493745,249913.06,2505643.66,260.3349914550781,87.08999633789062,207.5800018310547,2305.17626953125,132.13438415527344
2024_5646,山陀兒颱風,闊葉樹林型,22.40687120493745,249781.47,2505548.17,260.3349914550781,87.08999633789062,207.5800018310547,2305.17626953125,132.13438415527344
2024_5647,山陀兒颱風,闊葉樹林型,19.47122063449069,249917.46,2505528.84,260.3349914550781,87.08999633789062,207.5800018310547,2317.501708984375,132.6624755859375
2024_5648,山陀兒颱風,闊葉樹林型,31.332627955778683,248780.1,2505447.55,260.3349914550781,87.08999633789062,207.5800018310547,2317.501708984375,132.6624755859375
2024_5649,山陀兒颱風,闊葉樹林型,33.27369602543111,248753.58,2505087.67,260.3349914550781,87.08999633789062,207.5800018310547,2317.501708984375,132.6624755859375
2024_5650,山陀兒颱風,闊葉樹林型,23.994436724543963,248961.77,2505095.16,260.3349914550781,87.08999633789062,207.5800018310547,2317.501708984375,132.6624755859375
2024_5651,山陀兒颱風,闊葉樹林型,32.31153323742385,249427.53,2506814.74,260.3349914550781,87.08999633789062,207.5800018310547,2305.17626953125,132.13438415527344
2024_5653,山陀兒颱風,闊葉樹林型,36.08714706573126,249450.21,2506524.94,260.3349914550781,87.08999633789062,207.5800018310547,2305.17626953125,132.13438415527344
2024_5654,山陀兒颱風,闊葉樹林型,28.835768652404315,249559.21,2506244.95,260.3349914550781,87.08999633789062,207.5800018310547,2305.17626953125,132.13438415527344
2024_5655,山陀兒颱風,闊葉樹林型,32.18975488338548,249777.1,2506267.24,260.3349914550781,87.08999633789062,207.5800018310547,2305.17626953125,132.13438415527344
2024_5656,山陀兒颱風,闊葉樹林型,33.70658681677467,248598.38,2506664.28,260.3349914550781,87.08999633789062,207.5800018310547,2305.17626953125,132.13438415527344
2024_5657,山陀兒颱風,闊葉樹林型,16.753888986635726,248601.54,2506152.26,260.3349914550781,87.08999633789062,207.5800018310547,2305.17626953125,132.13438415527344
2024_5658,山陀兒颱風,闊葉樹林型,35.81208696357704,246990.33,2493211.76,265.2900085449219,92.57999420166016,217.64498901367188,2434.251953125,137.6403045654297
2024_5659,山陀兒颱風,闊葉樹林型,31.50340488200827,246990.07,2493146.79,265.2900085449219,92.57999420166016,217.64498901367188,2434.251953125,137.6403045654297
2024_5660,山陀兒颱風,闊葉樹林型,35.59853666783391,247363.51,2498838.97,265.2900085449219,92.57999420166016,217.64498901367188,2342.45849609375,137.7679901123047
2024_5661,山陀兒颱風,闊葉樹林型,28.835768652404315,250848.58,2506221.04,290.1600036621094,99.31499481201172,217.989990234375,1990.038818359375,118.79415893554688
2024_5662,山陀兒颱風,闊葉樹林型,34.03756281454756,251057.46,2506027.66,290.1600036621094,99.31499481201172,217.989990234375,1990.038818359375,118.79415893554688
2024_5663,山陀兒颱風,闊葉樹林型,37.81892671564865,251364.02,2505852.94,290.1600036621094,99.31499481201172,217.989990234375,1990.038818359375,118.79415893554688
2024_5664,山陀兒颱風,闊葉樹林型,33.197229942878394,250716.63,2507315.33,290.1600036621094,99.31499481201172,217.989990234375,1990.038818359375,118.79415893554688
2024_5665,山陀兒颱風,闊葉樹林型,39.53553952464218,250529.43,2507298.08,290.1600036621094,99.31499481201172,217.989990234375,1990.038818359375,118.79415893554688
2024_5666,山陀兒颱風,闊葉樹林型,33.50097823942329,250052.92,2507452.82,260.3349914550781,87.08999633789062,207.5800018310547,2305.17626953125,132.13438415527344
2024_5667,山陀兒颱風,闊葉樹林型,41.289874733376,250013.88,2507515.61,260.3349914550781,87.08999633789062,207.5800018310547,2305.17626953125,132.13438415527344
2024_5668,山陀兒颱風,闊葉樹林型,29.71061986959468,245343.32,2508942.08,260.3349914550781,87.08999633789062,207.5800018310547,2305.17626953125,132.13438415527344
2024_5671,山陀兒颱風,闊葉樹林型,29.734272666889545,246798.27,2508856.53,260.3349914550781,87.08999633789062,207.5800018310547,2305.17626953125,132.13438415527344
2024_5672,山陀兒颱風,闊葉樹林型,27.26604445073282,247383.02,2508854.61,260.3349914550781,87.08999633789062,207.5800018310547,2305.17626953125,132.13438415527344
2024_5673,山陀兒颱風,闊葉樹林型,21.33126583595921,247276.13,2508979.93,260.3349914550781,87.08999633789062,207.5800018310547,2305.17626953125,132.13438415527344
2024_5674,山陀兒颱風,闊葉樹林型,38.836224204282125,247188.3,2509007.27,260.3349914550781,87.08999633789062,207.5800018310547,2305.17626953125,132.13438415527344
2024_5675,山陀兒颱風,闊葉樹林型,29.734272666889545,247117.93,2509125.29,260.3349914550781,87.08999633789062,207.5800018310547,2305.17626953125,132.13438415527344
2024_5676,山陀兒颱風,闊葉樹林型,38.61881362583621,251724.87,2514054.05,270.1300048828125,93.71499633789062,213.4149932861328,1991.523681640625,112.25653839111328
2024_5677,山陀兒颱風,闊葉樹林型,28.14782196842062,251503.97,2514120.79,270.1300048828125,93.71499633789062,213.4149932861328,1991.523681640625,112.25653839111328
2024_5678,山陀兒颱風,闊葉樹林型,42.09672607229439,247919.72,2503959.28,260.3349914550781,87.08999633789062,207.5800018310547,2317.501708984375,132.6624755859375
2024_5679,山陀兒颱風,闊葉樹林型,33.197229942878394,247923.57,2504169.74,260.3349914550781,87.08999633789062,207.5800018310547,2317.501708984375,132.6624755859375
2024_5680,山陀兒颱風,闊葉樹林型,34.09207978094286,248029.01,2504134.27,260.3349914550781,87.08999633789062,207.5800018310547,2317.501708984375,132.6624755859375
2024_5681,山陀兒颱風,闊葉樹林型,34.21858270764896,248341.67,2504290.07,260.3349914550781,87.08999633789062,207.5800018310547,2317.501708984375,132.6624755859375
2024_5682,山陀兒颱風,闊葉樹林型,32.51251731617002,248289.71,2504129.27,260.3349914550781,87.08999633789062,207.5800018310547,2317.501708984375,132.6624755859375
2024_5684,山陀兒颱風,闊葉樹林型,24.93969399086426,248519.07,2504111.53,260.3349914550781,87.08999633789062,207.5800018310547,2317.501708984375,132.6624755859375
2024_5686,山陀兒颱風,闊葉樹林型,34.468683663334545,248894.67,2504096.06,260.3349914550781,87.08999633789062,207.5800018310547,2317.501708984375,132.6624755859375
2024_5687,山陀兒颱風,闊葉樹林型,31.18173575791572,244741.37,2506632.42,260.3349914550781,87.08999633789062,207.5800018310547,2523.927734375,132.65663146972656
2024_5688,山陀兒颱風,闊葉樹林型,15.793169048263966,246341.76,2502579.03,260.3349914550781,87.08999633789062,207.5800018310547,2317.501708984375,132.6624755859375
2024_5689,山陀兒颱風,闊葉樹林型,34.30834539460494,245643.67,2506744.62,260.3349914550781,87.08999633789062,207.5800018310547,2305.17626953125,132.13438415527344
2024_5690,山陀兒颱風,闊葉樹林型,45.707319368544255,238956.6,2494578.22,268.6300048828125,98.54000091552734,223.9199981689453,2480.2919921875,134.50819396972656
2024_5691,山陀兒颱風,闊葉樹林型,39.53553952464218,243189.9,2498408.57,265.2900085449219,92.57999420166016,217.64498901367188,2408.88671875,142.03627014160156
2024_5692,山陀兒颱風,闊葉樹林型,40.7270942279994,243520.6,2499507.14,265.2900085449219,92.57999420166016,217.64498901367188,2408.88671875,142.03627014160156
2024_5693,山陀兒颱風,闊葉樹林型,34.03756281454756,243718.4,2499498.05,265.2900085449219,92.57999420166016,217.64498901367188,2408.88671875,142.03627014160156
2024_5694,山陀兒颱風,闊葉樹林型,17.752790161946685,243937.73,2498807.52,265.2900085449219,92.57999420166016,217.64498901367188,2408.88671875,142.03627014160156
2024_5695,山陀兒颱風,闊葉樹林型,36.19905592632724,243960.47,2498635.89,265.2900085449219,92.57999420166016,217.64498901367188,2408.88671875,142.03627014160156
2024_5697,山陀兒颱風,闊葉樹林型,32.57233714755203,240321.96,2491536.11,265.2900085449219,92.57999420166016,217.64498901367188,2347.517822265625,128.42884826660156
2024_5698,山陀兒颱風,闊葉樹林型,57.1101746638195,240010.19,2491677.58,265.2900085449219,92.57999420166016,217.64498901367188,2347.517822265625,128.42884826660156
2024_5699,山陀兒颱風,闊葉樹林型,47.7924373291279,240271.36,2491830.1,265.2900085449219,92.57999420166016,217.64498901367188,2347.517822265625,128.42884826660156
2024_5700,山陀兒颱風,闊葉樹林型,42.03111377419729,238625.98,2484698.3,255.80999755859375,91.36499786376953,222.60499572753906,2279.239501953125,129.17034912109375
2024_5711,山陀兒颱風,闊葉樹林型,3.1996013002506887,309071.56,2793775.48,396.6549987792969,149.64999389648438,334.4949951171875,1565.7769775390625,135.3745880126953
2024_5712,山陀兒颱風,闊葉樹林型,8.646670214736362,309111.82,2796144.67,396.6549987792969,149.64999389648438,334.4949951171875,1565.7769775390625,135.3745880126953
2024_5713,山陀兒颱風,闊葉樹林型,23.02549200852804,302839.94,2791394.14,396.6549987792969,149.64999389648438,334.4949951171875,1829.9017333984375,121.5721206665039
2024_5714,山陀兒颱風,闊葉樹林型,18.779921287170044,304133.5,2790408.44,396.6549987792969,149.64999389648438,334.4949951171875,1829.9017333984375,121.5721206665039
2024_5715,山陀兒颱風,闊葉樹林型,27.26604445073282,304167.7,2790740.99,396.6549987792969,149.64999389648438,334.4949951171875,1829.9017333984375,121.5721206665039
2024_5716,山陀兒颱風,闊葉樹林型,32.005383208083494,302664.43,2791173.14,396.6549987792969,149.64999389648438,334.4949951171875,1829.9017333984375,121.5721206665039
2024_5717,山陀兒颱風,闊葉樹林型,24.094842552110705,303435.87,2790713.0,396.6549987792969,149.64999389648438,334.4949951171875,1829.9017333984375,121.5721206665039
2024_5720,山陀兒颱風,闊葉樹林型,29.32750061118656,250558.55,2520845.83,270.1300048828125,93.71499633789062,213.4149932861328,2180.2763671875,123.4901351928711
2024_5721,山陀兒颱風,闊葉樹林型,39.77877859061192,250500.65,2520961.33,270.1300048828125,93.71499633789062,213.4149932861328,2180.2763671875,123.4901351928711
2024_5722,山陀兒颱風,闊葉樹林型,33.197229942878394,250473.29,2521291.07,270.1300048828125,93.71499633789062,213.4149932861328,2180.2763671875,123.4901351928711
2024_5723,山陀兒颱風,闊葉樹林型,25.89250179780793,251669.6,2521413.49,270.1300048828125,93.71499633789062,213.4149932861328,2180.2763671875,123.4901351928711
2024_5724,山陀兒颱風,闊葉樹林型,38.67344937613533,251908.77,2521546.58,270.1300048828125,93.71499633789062,213.4149932861328,2180.2763671875,123.4901351928711
2024_5725,山陀兒颱風,闊葉樹林型,34.09207978094286,250656.18,2521602.01,270.1300048828125,93.71499633789062,213.4149932861328,2180.2763671875,123.4901351928711
2024_5726,山陀兒颱風,闊葉樹林型,35.14579037169356,252178.09,2519743.64,270.1300048828125,93.71499633789062,213.4149932861328,2180.2763671875,123.4901351928711
2024_5727,山陀兒颱風,闊葉樹林型,24.260799584868057,252094.62,2519848.14,270.1300048828125,93.71499633789062,213.4149932861328,2180.2763671875,123.4901351928711
2024_5728,山陀兒颱風,闊葉樹林型,21.211450322740603,252368.34,2519915.08,270.1300048828125,93.71499633789062,213.4149932861328,2180.2763671875,123.4901351928711
2024_5729,山陀兒颱風,闊葉樹林型,37.83331466287141,252276.44,2520637.9,270.1300048828125,93.71499633789062,213.4149932861328,2180.2763671875,123.4901351928711
2024_5730,山陀兒颱風,闊葉樹林型,14.302914425322813,252502.47,2520657.09,270.1300048828125,93.71499633789062,213.4149932861328,2180.2763671875,123.4901351928711
2024_5731,山陀兒颱風,闊葉樹林型,28.735641668064066,250355.29,2519442.63,270.1300048828125,93.71499633789062,213.4149932861328,2180.2763671875,123.4901351928711
2024_5732,山陀兒颱風,闊葉樹林型,36.43626970061044,250392.31,2519636.92,270.1300048828125,93.71499633789062,213.4149932861328,2180.2763671875,123.4901351928711
2024_5733,山陀兒颱風,闊葉樹林型,32.25075657991223,250646.3,2519642.62,270.1300048828125,93.71499633789062,213.4149932861328,2180.2763671875,123.4901351928711
2024_5734,山陀兒颱風,闊葉樹林型,35.94211187138234,251316.85,2520435.54,270.1300048828125,93.71499633789062,213.4149932861328,2180.2763671875,123.4901351928711
2024_5735,山陀兒颱風,闊葉樹林型,42.03111377419729,250621.28,2519769.53,270.1300048828125,93.71499633789062,213.4149932861328,2180.2763671875,123.4901351928711
2024_5736,山陀兒颱風,闊葉樹林型,35.009177890477666,250662.42,2519892.66,270.1300048828125,93.71499633789062,213.4149932861328,2180.2763671875,123.4901351928711
2024_5737,山陀兒颱風,闊葉樹林型,28.63490403452203,250518.61,2520186.84,270.1300048828125,93.71499633789062,213.4149932861328,2180.2763671875,123.4901351928711
2024_5738,山陀兒颱風,闊葉樹林型,32.82907195826586,250404.08,2520541.28,270.1300048828125,93.71499633789062,213.4149932861328,2180.2763671875,123.4901351928711
2024_5739,山陀兒颱風,闊葉樹林型,21.33126583595921,252005.7,2518071.72,270.1300048828125,93.71499633789062,213.4149932861328,2180.2763671875,123.4901351928711
2024_5740,山陀兒颱風,闊葉樹林型,22.737405889726222,252780.61,2518743.58,270.1300048828125,93.71499633789062,213.4149932861328,2180.2763671875,123.4901351928711
2024_5741,山陀兒颱風,闊葉樹林型,21.568129435647887,252086.59,2518851.77,270.1300048828125,93.71499633789062,213.4149932861328,2180.2763671875,123.4901351928711
2024_5742,山陀兒颱風,闊葉樹林型,31.693440803183943,252018.44,2518908.54,270.1300048828125,93.71499633789062,213.4149932861328,2180.2763671875,123.4901351928711
2024_5743,山陀兒颱風,闊葉樹林型,61.91693343634885,248179.72,2515540.3,253.54998779296875,87.13499450683594,205.18499755859375,2227.70556640625,122.15391540527344
2024_5744,山陀兒颱風,闊葉樹林型,36.1352033247489,248585.06,2515851.65,253.54998779296875,87.13499450683594,205.18499755859375,2227.70556640625,122.15391540527344
2024_5745,山陀兒颱風,闊葉樹林型,52.15176825496264,248758.0,2515201.26,253.54998779296875,87.13499450683594,205.18499755859375,2227.70556640625,122.15391540527344
2024_5746,山陀兒颱風,闊葉樹林型,39.35384148704364,248774.9,2515275.3,253.54998779296875,87.13499450683594,205.18499755859375,2227.70556640625,122.15391540527344
2024_5747,山陀兒颱風,闊葉樹林型,20.556045219583467,246886.63,2514986.03,253.54998779296875,87.13499450683594,205.18499755859375,2227.70556640625,122.15391540527344
2024_5748,山陀兒颱風,闊葉樹林型,35.746679440302486,246941.33,2515142.0,253.54998779296875,87.13499450683594,205.18499755859375,2227.70556640625,122.15391540527344
2024_5749,山陀兒颱風,闊葉樹林型,26.849053663953967,246990.11,2515252.59,253.54998779296875,87.13499450683594,205.18499755859375,2227.70556640625,122.15391540527344
2024_5750,山陀兒颱風,闊葉樹林型,20.92817687973532,247085.95,2515458.11,253.54998779296875,87.13499450683594,205.18499755859375,2227.70556640625,122.15391540527344
2024_5751,山陀兒颱風,闊葉樹林型,37.247373202381205,247541.21,2515427.81,253.54998779296875,87.13499450683594,205.18499755859375,2227.70556640625,122.15391540527344
2024_5752,山陀兒颱風,闊葉樹林型,11.309932474020217,246809.92,2514781.2,253.54998779296875,87.13499450683594,205.18499755859375,2227.70556640625,122.15391540527344
2024_5753,山陀兒颱風,闊葉樹林型,32.25075657991223,248757.07,2522661.23,231.64498901367188,83.23500061035156,192.239990234375,2797.622802734375,138.75550842285156
2024_5754,山陀兒颱風,闊葉樹林型,32.005383208083494,248771.46,2523038.0,231.64498901367188,83.23500061035156,192.239990234375,2797.622802734375,138.75550842285156
2024_5755,山陀兒颱風,闊葉樹林型,36.00673320377918,248858.58,2523154.48,231.64498901367188,83.23500061035156,192.239990234375,2797.622802734375,138.75550842285156
2024_5756,山陀兒颱風,闊葉樹林型,33.33081260166977,248633.27,2523151.15,231.64498901367188,83.23500061035156,192.239990234375,2797.622802734375,138.75550842285156
2024_5757,山陀兒颱風,闊葉樹林型,23.3434296829173,248471.36,2523092.07,231.64498901367188,83.23500061035156,192.239990234375,2797.622802734375,138.75550842285156
2024_5758,山陀兒颱風,闊葉樹林型,37.83331466287141,249036.22,2521306.62,253.54998779296875,87.13499450683594,205.18499755859375,2545.1064453125,130.6017608642578
2024_5759,山陀兒颱風,闊葉樹林型,37.90505895833579,248713.98,2521437.33,253.54998779296875,87.13499450683594,205.18499755859375,2545.1064453125,130.6017608642578
2024_5760,山陀兒颱風,闊葉樹林型,59.18741658751714,249032.83,2521902.05,253.54998779296875,87.13499450683594,205.18499755859375,2545.1064453125,130.6017608642578
2024_5761,山陀兒颱風,闊葉樹林型,53.19545693650421,248560.08,2521890.69,253.54998779296875,87.13499450683594,205.18499755859375,2545.1064453125,130.6017608642578
2024_5762,山陀兒颱風,闊葉樹林型,38.28695056949238,249154.37,2522043.72,253.54998779296875,87.13499450683594,205.18499755859375,2545.1064453125,130.6017608642578
2024_5763,山陀兒颱風,闊葉樹林型,32.65176013874374,248848.62,2522059.57,253.54998779296875,87.13499450683594,205.18499755859375,2545.1064453125,130.6017608642578
2024_5764,山陀兒颱風,闊葉樹林型,62.16963391912429,248788.08,2522241.84,231.64498901367188,83.23500061035156,192.239990234375,2797.622802734375,138.75550842285156
2024_5765,山陀兒颱風,闊葉樹林型,50.60368479673461,249265.5,2522314.81,231.64498901367188,83.23500061035156,192.239990234375,2797.622802734375,138.75550842285156
2024_5766,山陀兒颱風,闊葉樹林型,39.727886428017456,251329.78,2523057.42,251.6899871826172,90.6500015258789,207.34999084472656,2407.536376953125,128.34336853027344
2024_5767,山陀兒颱風,闊葉樹林型,37.48434900054385,251423.14,2522673.52,251.6899871826172,90.6500015258789,207.34999084472656,2407.536376953125,128.34336853027344
2024_5768,山陀兒颱風,闊葉樹林型,23.3434296829173,251449.54,2523021.28,251.6899871826172,90.6500015258789,207.34999084472656,2407.536376953125,128.34336853027344
2024_5769,山陀兒颱風,闊葉樹林型,36.00673320377917,251596.36,2522485.75,251.6899871826172,90.6500015258789,207.34999084472656,2407.536376953125,128.34336853027344
2024_5771,山陀兒颱風,闊葉樹林型,43.68885454421518,251580.77,2522382.3,251.6899871826172,90.6500015258789,207.34999084472656,2407.536376953125,128.34336853027344
2024_5772,山陀兒颱風,闊葉樹林型,43.0478321430526,251961.21,2522495.55,251.6899871826172,90.6500015258789,207.34999084472656,2407.536376953125,128.34336853027344
2024_5773,山陀兒颱風,闊葉樹林型,33.02386755579665,252056.48,2522208.84,251.6899871826172,90.6500015258789,207.34999084472656,2407.536376953125,128.34336853027344
2024_5774,山陀兒颱風,闊葉樹林型,30.337664384844903,252075.07,2522705.98,251.6899871826172,90.6500015258789,207.34999084472656,2407.536376953125,128.34336853027344
2024_5775,山陀兒颱風,闊葉樹林型,12.755871704044356,246780.58,2514598.66,253.54998779296875,87.13499450683594,205.18499755859375,2227.70556640625,122.15391540527344
2024_5776,山陀兒颱風,闊葉樹林型,37.60152555834086,246923.75,2513393.07,253.54998779296875,87.13499450683594,205.18499755859375,2227.70556640625,122.15391540527344
2024_5777,山陀兒颱風,闊葉樹林型,25.530275981014736,246932.05,2513526.77,253.54998779296875,87.13499450683594,205.18499755859375,2227.70556640625,122.15391540527344
2024_5778,山陀兒颱風,闊葉樹林型,57.8744869503489,247269.77,2514420.53,253.54998779296875,87.13499450683594,205.18499755859375,2227.70556640625,122.15391540527344
2024_5779,山陀兒颱風,闊葉樹林型,32.31153323742385,251325.19,2513709.1,270.1300048828125,93.71499633789062,213.4149932861328,1991.523681640625,112.25653839111328
2024_5780,山陀兒颱風,闊葉樹林型,33.44445239980459,251393.5,2513613.17,270.1300048828125,93.71499633789062,213.4149932861328,1991.523681640625,112.25653839111328
2024_5781,山陀兒颱風,闊葉樹林型,34.85410224097107,251490.66,2513398.36,270.1300048828125,93.71499633789062,213.4149932861328,1991.523681640625,112.25653839111328
2024_5782,山陀兒颱風,闊葉樹林型,28.91046765839842,251778.54,2513618.58,270.1300048828125,93.71499633789062,213.4149932861328,1991.523681640625,112.25653839111328
2024_5783,山陀兒颱風,闊葉樹林型,23.3434296829173,251601.11,2513392.79,270.1300048828125,93.71499633789062,213.4149932861328,1991.523681640625,112.25653839111328
2024_5784,山陀兒颱風,闊葉樹林型,32.087580878338315,251867.95,2513695.69,270.1300048828125,93.71499633789062,213.4149932861328,1991.523681640625,112.25653839111328
2024_5785,山陀兒颱風,闊葉樹林型,36.839310662660615,245403.83,2513584.04,253.54998779296875,87.13499450683594,205.18499755859375,2227.70556640625,122.15391540527344
2024_5787,山陀兒颱風,闊葉樹林型,55.95921854640546,245709.77,2514038.43,253.54998779296875,87.13499450683594,205.18499755859375,2227.70556640625,122.15391540527344
2024_5788,山陀兒颱風,闊葉樹林型,38.903551214305885,246508.45,2513223.67,253.54998779296875,87.13499450683594,205.18499755859375,2227.70556640625,122.15391540527344
2024_5789,山陀兒颱風,闊葉樹林型,47.34541655277845,246318.73,2514168.67,253.54998779296875,87.13499450683594,205.18499755859375,2227.70556640625,122.15391540527344
2024_5790,山陀兒颱風,闊葉樹林型,24.359555875506427,246693.16,2514391.44,253.54998779296875,87.13499450683594,205.18499755859375,2227.70556640625,122.15391540527344
2024_5791,山陀兒颱風,闊葉樹林型,32.02597107856493,243668.27,2512846.51,253.54998779296875,87.13499450683594,205.18499755859375,2659.226318359375,138.2041473388672
2024_5792,山陀兒颱風,闊葉樹林型,25.43844441156941,243659.86,2512654.3,253.54998779296875,87.13499450683594,205.18499755859375,2659.226318359375,138.2041473388672
2024_5793,山陀兒颱風,闊葉樹林型,35.06054243271615,244180.12,2512670.61,253.54998779296875,87.13499450683594,205.18499755859375,2659.226318359375,138.2041473388672
2024_5794,山陀兒颱風,闊葉樹林型,26.246849689869403,251812.21,2513887.59,270.1300048828125,93.71499633789062,213.4149932861328,1991.523681640625,112.25653839111328
2024_5795,山陀兒颱風,闊葉樹林型,38.67344937613533,253014.98,2514603.37,270.1300048828125,93.71499633789062,213.4149932861328,1991.523681640625,112.25653839111328
2024_5796,山陀兒颱風,闊葉樹林型,29.99224511971602,253147.0,2514200.28,270.1300048828125,93.71499633789062,213.4149932861328,1991.523681640625,112.25653839111328
2024_5798,山陀兒颱風,闊葉樹林型,25.89250179780793,249623.23,2512390.47,253.54998779296875,87.13499450683594,205.18499755859375,2227.70556640625,122.15391540527344
2024_5799,山陀兒颱風,闊葉樹林型,38.06176053983252,250762.81,2512560.14,270.1300048828125,93.71499633789062,213.4149932861328,1991.523681640625,112.25653839111328
2024_5800,山陀兒颱風,闊葉樹林型,36.88516922477569,251129.07,2513732.46,270.1300048828125,93.71499633789062,213.4149932861328,1991.523681640625,112.25653839111328
2024_5801,山陀兒颱風,闊葉樹林型,29.034220452471416,250383.54,2512897.19,270.1300048828125,93.71499633789062,213.4149932861328,1991.523681640625,112.25653839111328
2024_5802,山陀兒颱風,闊葉樹林型,22.48092791828604,250639.88,2512744.3,270.1300048828125,93.71499633789062,213.4149932861328,1991.523681640625,112.25653839111328
2024_5803,山陀兒颱風,闊葉樹林型,29.034220452471416,225043.72,2486171.5,263.92498779296875,108.53499603271484,230.12998962402344,2269.083984375,126.86155700683594
2024_5804,山陀兒颱風,闊葉樹林型,27.990970091758022,234717.31,2484659.83,255.80999755859375,91.36499786376953,222.60499572753906,2279.239501953125,129.17034912109375
2024_5805,山陀兒颱風,闊葉樹林型,38.13247816190013,234732.76,2484560.83,255.80999755859375,91.36499786376953,222.60499572753906,2279.239501953125,129.17034912109375
2024_5806,山陀兒颱風,闊葉樹林型,32.57233714755203,234849.48,2484587.15,255.80999755859375,91.36499786376953,222.60499572753906,2279.239501953125,129.17034912109375
2024_5807,山陀兒颱風,闊葉樹林型,49.3676133591072,233951.0,2484155.94,255.80999755859375,91.36499786376953,222.60499572753906,2438.184814453125,130.67996215820312
2024_5808,山陀兒颱風,闊葉樹林型,48.082496179513946,242202.51,2509669.77,260.3349914550781,87.08999633789062,207.5800018310547,2523.927734375,132.65663146972656
2024_5809,山陀兒颱風,闊葉樹林型,32.18975488338548,242033.48,2509925.9,260.3349914550781,87.08999633789062,207.5800018310547,2523.927734375,132.65663146972656
2024_5810,山陀兒颱風,闊葉樹林型,52.22487918661721,241411.9,2511040.6,260.3349914550781,87.08999633789062,207.5800018310547,2523.927734375,132.65663146972656
2024_5812,山陀兒颱風,闊葉樹林型,50.43674179651427,243658.4,2506954.9,260.3349914550781,87.08999633789062,207.5800018310547,2523.927734375,132.65663146972656
2024_5813,山陀兒颱風,闊葉樹林型,33.946295027753955,243828.5,2506595.66,260.3349914550781,87.08999633789062,207.5800018310547,2523.927734375,132.65663146972656
2024_5814,山陀兒颱風,闊葉樹林型,32.087580878338315,244085.97,2506728.32,260.3349914550781,87.08999633789062,207.5800018310547,2523.927734375,132.65663146972656
2024_5815,山陀兒颱風,闊葉樹林型,55.95542767226915,244143.4,2507348.33,260.3349914550781,87.08999633789062,207.5800018310547,2523.927734375,132.65663146972656
2024_5816,山陀兒颱風,闊葉樹林型,29.71061986959468,244173.31,2506176.99,260.3349914550781,87.08999633789062,207.5800018310547,2523.927734375,132.65663146972656
2024_5817,山陀兒颱風,闊葉樹林型,28.735641668064066,237774.16,2505491.43,246.7949981689453,83.93999481201172,205.4550018310547,2563.135009765625,133.9579620361328
2024_5818,山陀兒颱風,闊葉樹林型,42.17291298675989,241822.63,2508809.98,260.3349914550781,87.08999633789062,207.5800018310547,2523.927734375,132.65663146972656
2024_5819,山陀兒颱風,闊葉樹林型,38.13247816190013,241714.37,2510005.23,260.3349914550781,87.08999633789062,207.5800018310547,2523.927734375,132.65663146972656
2024_5820,山陀兒颱風,闊葉樹林型,28.12178338655737,241807.04,2510110.45,260.3349914550781,87.08999633789062,207.5800018310547,2523.927734375,132.65663146972656
2024_5821,山陀兒颱風,闊葉樹林型,28.76073036769665,241294.53,2510207.48,260.3349914550781,87.08999633789062,207.5800018310547,2523.927734375,132.65663146972656
2024_5822,山陀兒颱風,闊葉樹林型,39.84215955425675,241832.8,2510465.94,260.3349914550781,87.08999633789062,207.5800018310547,2523.927734375,132.65663146972656
2024_5824,山陀兒颱風,闊葉樹林型,37.99072498917101,242468.8,2504559.84,260.3349914550781,87.08999633789062,207.5800018310547,2492.38916015625,125.9029312133789
2024_5825,山陀兒颱風,闊葉樹林型,25.159789433981928,242325.09,2504652.95,260.3349914550781,87.08999633789062,207.5800018310547,2492.38916015625,125.9029312133789
2024_5826,山陀兒颱風,闊葉樹林型,11.395654497719995,242438.8,2504701.15,260.3349914550781,87.08999633789062,207.5800018310547,2492.38916015625,125.9029312133789
2024_5827,山陀兒颱風,闊葉樹林型,32.331742392927794,242520.71,2504702.79,260.3349914550781,87.08999633789062,207.5800018310547,2492.38916015625,125.9029312133789
2024_5828,山陀兒颱風,闊葉樹林型,33.70658681677467,242493.33,2504754.56,260.3349914550781,87.08999633789062,207.5800018310547,2492.38916015625,125.9029312133789
2024_5829,山陀兒颱風,闊葉樹林型,26.158981435332173,242079.93,2505044.73,260.3349914550781,87.08999633789062,207.5800018310547,2492.38916015625,125.9029312133789
2024_5830,山陀兒颱風,闊葉樹林型,41.54101551251079,248582.59,2516982.89,253.54998779296875,87.13499450683594,205.18499755859375,2545.1064453125,130.6017608642578
2024_5831,山陀兒颱風,闊葉樹林型,34.66253388314486,248538.8,2517133.55,253.54998779296875,87.13499450683594,205.18499755859375,2545.1064453125,130.6017608642578
2024_5832,山陀兒颱風,闊葉樹林型,39.14355704978305,248625.34,2517302.66,253.54998779296875,87.13499450683594,205.18499755859375,2545.1064453125,130.6017608642578
2024_5833,山陀兒颱風,闊葉樹林型,38.67344937613533,248532.95,2517332.19,253.54998779296875,87.13499450683594,205.18499755859375,2545.1064453125,130.6017608642578
2024_5834,山陀兒颱風,闊葉樹林型,32.02597107856493,248729.59,2517679.81,253.54998779296875,87.13499450683594,205.18499755859375,2545.1064453125,130.6017608642578
2024_5835,山陀兒颱風,闊葉樹林型,47.55584848253888,249657.26,2516920.27,253.54998779296875,87.13499450683594,205.18499755859375,2545.1064453125,130.6017608642578
2024_5836,山陀兒颱風,闊葉樹林型,36.34180401854167,249534.83,2516943.04,253.54998779296875,87.13499450683594,205.18499755859375,2545.1064453125,130.6017608642578
2024_5837,山陀兒颱風,闊葉樹林型,34.32623881675949,249716.96,2516957.02,253.54998779296875,87.13499450683594,205.18499755859375,2545.1064453125,130.6017608642578
2024_5838,山陀兒颱風,闊葉樹林型,23.061135616050905,248995.4,2516965.2,253.54998779296875,87.13499450683594,205.18499755859375,2545.1064453125,130.6017608642578
2024_5839,山陀兒颱風,闊葉樹林型,38.93040115948257,249775.28,2517043.43,253.54998779296875,87.13499450683594,205.18499755859375,2545.1064453125,130.6017608642578
2024_5840,山陀兒颱風,闊葉樹林型,38.467578148302174,249999.17,2515601.65,253.54998779296875,87.13499450683594,205.18499755859375,2227.70556640625,122.15391540527344
2024_5841,山陀兒颱風,闊葉樹林型,35.2136676052906,273305.21,2544829.65,258.4549865722656,112.11000061035156,205.10499572753906,2094.242919921875,116.33453369140625
2024_5844,山陀兒颱風,闊葉樹林型,24.094842552110705,251940.14,2518086.3,270.1300048828125,93.71499633789062,213.4149932861328,2180.2763671875,123.4901351928711
2024_5845,山陀兒颱風,闊葉樹林型,34.66253388314486,250244.69,2518095.0,270.1300048828125,93.71499633789062,213.4149932861328,2180.2763671875,123.4901351928711
2024_5846,山陀兒颱風,闊葉樹林型,30.541505272932262,250323.59,2519323.66,270.1300048828125,93.71499633789062,213.4149932861328,2180.2763671875,123.4901351928711
2024_5847,山陀兒颱風,闊葉樹林型,34.46868366333454,247823.13,2510024.34,260.3349914550781,87.08999633789062,207.5800018310547,2305.17626953125,132.13438415527344
2024_5848,山陀兒颱風,闊葉樹林型,20.92817687973532,247932.24,2509513.79,260.3349914550781,87.08999633789062,207.5800018310547,2305.17626953125,132.13438415527344
2024_5849,山陀兒颱風,闊葉樹林型,31.311156133255537,247937.22,2509743.25,260.3349914550781,87.08999633789062,207.5800018310547,2305.17626953125,132.13438415527344
2024_5850,山陀兒颱風,闊葉樹林型,18.779921287170044,247956.63,2509425.15,260.3349914550781,87.08999633789062,207.5800018310547,2305.17626953125,132.13438415527344
2024_5851,山陀兒颱風,闊葉樹林型,31.138369345567487,251228.97,2510899.4,290.1600036621094,99.31499481201172,217.989990234375,1990.038818359375,118.79415893554688
2024_5852,山陀兒颱風,闊葉樹林型,25.034387530343444,249012.36,2508370.24,260.3349914550781,87.08999633789062,207.5800018310547,2305.17626953125,132.13438415527344
2024_5853,山陀兒颱風,闊葉樹林型,39.77877859061192,248789.83,2508515.1,260.3349914550781,87.08999633789062,207.5800018310547,2305.17626953125,132.13438415527344
2024_5854,山陀兒颱風,闊葉樹林型,19.69460081513802,248658.88,2508762.94,260.3349914550781,87.08999633789062,207.5800018310547,2305.17626953125,132.13438415527344
2024_5855,山陀兒颱風,闊葉樹林型,38.67344937613533,248691.54,2509446.35,260.3349914550781,87.08999633789062,207.5800018310547,2305.17626953125,132.13438415527344
2024_5856,山陀兒颱風,闊葉樹林型,35.615064210381185,246118.4,2506547.3,260.3349914550781,87.08999633789062,207.5800018310547,2305.17626953125,132.13438415527344
2024_5858,山陀兒颱風,闊葉樹林型,33.197229942878394,245625.45,2507584.31,260.3349914550781,87.08999633789062,207.5800018310547,2305.17626953125,132.13438415527344
2024_5859,山陀兒颱風,闊葉樹林型,35.16278633434701,247286.55,2508324.84,260.3349914550781,87.08999633789062,207.5800018310547,2305.17626953125,132.13438415527344
2024_5860,山陀兒颱風,闊葉樹林型,29.92228709167213,246547.01,2506803.26,260.3349914550781,87.08999633789062,207.5800018310547,2305.17626953125,132.13438415527344
2024_5861,山陀兒颱風,闊葉樹林型,33.33081260166977,246439.99,2506869.71,260.3349914550781,87.08999633789062,207.5800018310547,2305.17626953125,132.13438415527344
2024_5862,山陀兒颱風,闊葉樹林型,36.86989764584402,246432.65,2506927.16,260.3349914550781,87.08999633789062,207.5800018310547,2305.17626953125,132.13438415527344
2024_5863,山陀兒颱風,闊葉樹林型,37.42543512676668,246178.33,2507762.24,260.3349914550781,87.08999633789062,207.5800018310547,2305.17626953125,132.13438415527344
2024_5864,山陀兒颱風,闊葉樹林型,41.49566207886726,246224.37,2507827.19,260.3349914550781,87.08999633789062,207.5800018310547,2305.17626953125,132.13438415527344
2024_5865,山陀兒颱風,闊葉樹林型,37.83331466287141,243991.4,2505171.44,260.3349914550781,87.08999633789062,207.5800018310547,2492.38916015625,125.9029312133789
2024_5867,山陀兒颱風,闊葉樹林型,39.156783218304696,244168.22,2505613.69,260.3349914550781,87.08999633789062,207.5800018310547,2523.927734375,132.65663146972656
2024_5868,山陀兒颱風,闊葉樹林型,39.22274642672917,247075.17,2505385.41,260.3349914550781,87.08999633789062,207.5800018310547,2317.501708984375,132.6624755859375
2024_5869,山陀兒颱風,竹林,35.615064210381185,247356.89,2505119.97,260.3349914550781,87.08999633789062,207.5800018310547,2317.501708984375,132.6624755859375
2024_5870,山陀兒颱風,闊葉樹林型,40.7628826356304,247371.82,2505274.23,260.3349914550781,87.08999633789062,207.5800018310547,2317.501708984375,132.6624755859375
2024_5871,山陀兒颱風,闊葉樹林型,15.616129405024544,247663.6,2504593.72,260.3349914550781,87.08999633789062,207.5800018310547,2317.501708984375,132.6624755859375
2024_5872,山陀兒颱風,闊葉樹林型,40.41337530810542,247824.51,2505028.74,260.3349914550781,87.08999633789062,207.5800018310547,2317.501708984375,132.6624755859375
2024_5874,山陀兒颱風,闊葉樹林型,37.81892671564865,247843.39,2503845.62,260.3349914550781,87.08999633789062,207.5800018310547,2317.501708984375,132.6624755859375
2024_5875,山陀兒颱風,闊葉樹林型,38.11835994667712,247807.5,2504315.18,260.3349914550781,87.08999633789062,207.5800018310547,2317.501708984375,132.6624755859375
2024_5877,山陀兒颱風,闊葉樹林型,37.247373202381205,247824.46,2504372.7,260.3349914550781,87.08999633789062,207.5800018310547,2317.501708984375,132.6624755859375
2024_5878,山陀兒颱風,闊葉樹林型,27.26604445073282,247640.81,2504427.07,260.3349914550781,87.08999633789062,207.5800018310547,2317.501708984375,132.6624755859375
2024_5879,山陀兒颱風,闊葉樹林型,41.18592516570965,247406.37,2504527.82,260.3349914550781,87.08999633789062,207.5800018310547,2317.501708984375,132.6624755859375
2024_5881,山陀兒颱風,闊葉樹林型,34.802079725529744,247330.43,2501708.99,260.3349914550781,87.08999633789062,207.5800018310547,2317.501708984375,132.6624755859375
2024_5882,山陀兒颱風,闊葉樹林型,32.73080151420785,247579.97,2503691.54,260.3349914550781,87.08999633789062,207.5800018310547,2317.501708984375,132.6624755859375
2024_5883,山陀兒颱風,闊葉樹林型,40.91700476339015,247775.73,2503792.16,260.3349914550781,87.08999633789062,207.5800018310547,2317.501708984375,132.6624755859375
2024_5884,山陀兒颱風,闊葉樹林型,36.94611005709807,247601.95,2495053.38,265.2900085449219,92.57999420166016,217.64498901367188,2342.45849609375,137.7679901123047
2024_5885,山陀兒颱風,闊葉樹林型,33.425567049364545,247581.71,2496007.27,265.2900085449219,92.57999420166016,217.64498901367188,2342.45849609375,137.7679901123047
2024_5887,山陀兒颱風,闊葉樹林型,26.39225472997553,247384.38,2495861.08,265.2900085449219,92.57999420166016,217.64498901367188,2342.45849609375,137.7679901123047
2024_5888,山陀兒颱風,闊葉樹林型,34.32623881675949,247464.61,2496457.35,265.2900085449219,92.57999420166016,217.64498901367188,2342.45849609375,137.7679901123047
2024_5889,山陀兒颱風,闊葉樹林型,34.66253388314486,242595.23,2499905.18,265.2900085449219,92.57999420166016,217.64498901367188,2408.88671875,142.03627014160156
2024_5890,山陀兒颱風,闊葉樹林型,42.8104923209509,242749.8,2500191.62,260.3349914550781,87.08999633789062,207.5800018310547,2492.38916015625,125.9029312133789
2024_5891,山陀兒颱風,闊葉樹林型,45.98566803619691,243042.79,2500235.2,260.3349914550781,87.08999633789062,207.5800018310547,2492.38916015625,125.9029312133789
2024_5892,山陀兒颱風,闊葉樹林型,43.21072161527393,243173.52,2500470.1,260.3349914550781,87.08999633789062,207.5800018310547,2492.38916015625,125.9029312133789
2024_5893,山陀兒颱風,闊葉樹林型,28.735641668064066,244398.58,2501109.41,260.3349914550781,87.08999633789062,207.5800018310547,2492.38916015625,125.9029312133789
2024_5894,山陀兒颱風,闊葉樹林型,37.247373202381205,244723.31,2501172.74,260.3349914550781,87.08999633789062,207.5800018310547,2492.38916015625,125.9029312133789
2024_5895,山陀兒颱風,闊葉樹林型,23.62078775621093,244271.23,2501233.34,260.3349914550781,87.08999633789062,207.5800018310547,2492.38916015625,125.9029312133789
2024_5896,山陀兒颱風,闊葉樹林型,35.16278633434701,244382.5,2501261.22,260.3349914550781,87.08999633789062,207.5800018310547,2492.38916015625,125.9029312133789
2024_5897,山陀兒颱風,闊葉樹林型,35.81208696357704,242117.24,2502928.14,260.3349914550781,87.08999633789062,207.5800018310547,2492.38916015625,125.9029312133789
2024_5898,山陀兒颱風,闊葉樹林型,31.160066779905723,242256.55,2503173.21,260.3349914550781,87.08999633789062,207.5800018310547,2492.38916015625,125.9029312133789
2024_5899,山陀兒颱風,闊葉樹林型,15.90987591526664,245322.51,2502740.82,260.3349914550781,87.08999633789062,207.5800018310547,2317.501708984375,132.6624755859375
2024_5901,山陀兒颱風,闊葉樹林型,29.49620849656644,245971.46,2502593.52,260.3349914550781,87.08999633789062,207.5800018310547,2317.501708984375,132.6624755859375
2024_5903,山陀兒颱風,闊葉樹林型,38.11835994667712,241568.68,2502250.47,260.3349914550781,87.08999633789062,207.5800018310547,2492.38916015625,125.9029312133789
2024_5904,山陀兒颱風,闊葉樹林型,33.27369602543111,241925.94,2504787.46,260.3349914550781,87.08999633789062,207.5800018310547,2492.38916015625,125.9029312133789
2024_5907,山陀兒颱風,闊葉樹林型,35.746679440302486,240912.97,2503575.46,260.3349914550781,87.08999633789062,207.5800018310547,2492.38916015625,125.9029312133789
2024_5908,山陀兒颱風,闊葉樹林型,44.19926406432079,246712.9,2501294.47,260.3349914550781,87.08999633789062,207.5800018310547,2317.501708984375,132.6624755859375
2024_5909,山陀兒颱風,闊葉樹林型,39.84215955425675,246616.46,2501698.68,260.3349914550781,87.08999633789062,207.5800018310547,2317.501708984375,132.6624755859375
2024_5911,山陀兒颱風,闊葉樹林型,34.21858270764895,246675.81,2502455.91,260.3349914550781,87.08999633789062,207.5800018310547,2317.501708984375,132.6624755859375
2024_5912,山陀兒颱風,闊葉樹林型,8.984876931685683,246183.39,2502627.62,260.3349914550781,87.08999633789062,207.5800018310547,2317.501708984375,132.6624755859375
2024_5913,山陀兒颱風,闊葉樹林型,36.839310662660615,244725.24,2500434.42,260.3349914550781,87.08999633789062,207.5800018310547,2492.38916015625,125.9029312133789
2024_5914,山陀兒颱風,闊葉樹林型,37.247373202381205,244727.5,2500834.59,260.3349914550781,87.08999633789062,207.5800018310547,2492.38916015625,125.9029312133789
2024_5915,山陀兒颱風,闊葉樹林型,42.8104923209509,244524.49,2500839.08,260.3349914550781,87.08999633789062,207.5800018310547,2492.38916015625,125.9029312133789
2024_5916,山陀兒颱風,闊葉樹林型,36.05502968442895,245016.14,2499747.56,265.2900085449219,92.57999420166016,217.64498901367188,2342.45849609375,137.7679901123047
2024_5917,山陀兒颱風,闊葉樹林型,39.62559816710531,242534.92,2499511.02,265.2900085449219,92.57999420166016,217.64498901367188,2408.88671875,142.03627014160156
2024_5918,山陀兒颱風,闊葉樹林型,42.1729129867599,238939.95,2499551.05,268.6300048828125,98.54000091552734,223.9199981689453,2480.2919921875,134.50819396972656
2024_5919,山陀兒颱風,闊葉樹林型,19.33554969199933,243007.25,2499605.86,265.2900085449219,92.57999420166016,217.64498901367188,2408.88671875,142.03627014160156
2024_5920,山陀兒颱風,闊葉樹林型,44.50824474873735,239051.76,2499591.47,268.6300048828125,98.54000091552734,223.9199981689453,2480.2919921875,134.50819396972656
2024_5923,山陀兒颱風,闊葉樹林型,44.60978861211985,245943.82,2498919.63,265.2900085449219,92.57999420166016,217.64498901367188,2342.45849609375,137.7679901123047
2024_5924,山陀兒颱風,闊葉樹林型,29.32750061118656,246675.71,2500905.89,260.3349914550781,87.08999633789062,207.5800018310547,2317.501708984375,132.6624755859375
2024_5930,山陀兒颱風,闊葉樹林型,33.59475678656656,239904.91,2496131.05,265.2900085449219,92.57999420166016,217.64498901367188,2408.88671875,142.03627014160156
2024_5932,山陀兒颱風,闊葉樹林型,53.76815218935145,236022.01,2500875.23,246.7949981689453,83.93999481201172,205.4550018310547,2563.135009765625,133.9579620361328
2024_5935,山陀兒颱風,闊葉樹林型,35.14579037169356,247670.06,2503224.81,260.3349914550781,87.08999633789062,207.5800018310547,2317.501708984375,132.6624755859375
2024_5937,山陀兒颱風,闊葉樹林型,5.885129333686067,254711.72,2524848.34,251.6899871826172,90.6500015258789,207.34999084472656,2407.536376953125,128.34336853027344
2024_5939,山陀兒颱風,闊葉樹林型,39.77877859061192,253608.38,2526573.78,251.6899871826172,90.6500015258789,207.34999084472656,2407.536376953125,128.34336853027344
2024_5941,山陀兒颱風,闊葉樹林型,28.735641668064066,253228.19,2524390.6,251.6899871826172,90.6500015258789,207.34999084472656,2407.536376953125,128.34336853027344
2024_5942,山陀兒颱風,闊葉樹林型,17.752790161946685,254446.38,2524288.32,251.6899871826172,90.6500015258789,207.34999084472656,2407.536376953125,128.34336853027344
2024_5944,山陀兒颱風,闊葉樹林型,28.40597188009524,250333.12,2507471.12,290.1600036621094,99.31499481201172,217.989990234375,1990.038818359375,118.79415893554688
2024_5945,山陀兒颱風,闊葉樹林型,37.99072498917101,248441.12,2507930.8,260.3349914550781,87.08999633789062,207.5800018310547,2305.17626953125,132.13438415527344
2024_5946,山陀兒颱風,闊葉樹林型,15.06995574963759,248205.18,2508300.38,260.3349914550781,87.08999633789062,207.5800018310547,2305.17626953125,132.13438415527344
2024_5947,山陀兒颱風,闊葉樹林型,10.21937711459359,254053.25,2523628.03,251.6899871826172,90.6500015258789,207.34999084472656,2407.536376953125,128.34336853027344
2024_5948,山陀兒颱風,闊葉樹林型,27.806069555844164,253685.44,2523678.72,251.6899871826172,90.6500015258789,207.34999084472656,2407.536376953125,128.34336853027344
2024_5950,山陀兒颱風,闊葉樹林型,20.001783914715944,254356.73,2523813.32,251.6899871826172,90.6500015258789,207.34999084472656,2407.536376953125,128.34336853027344
2024_5952,山陀兒颱風,闊葉樹林型,36.62354905164433,253270.39,2523747.85,251.6899871826172,90.6500015258789,207.34999084472656,2407.536376953125,128.34336853027344
2024_5956,山陀兒颱風,闊葉樹林型,46.20938416376799,239517.69,2494716.66,268.6300048828125,98.54000091552734,223.9199981689453,2480.2919921875,134.50819396972656
2024_5958,山陀兒颱風,闊葉樹林型,33.10114358966526,238792.8,2497762.36,268.6300048828125,98.54000091552734,223.9199981689453,2480.2919921875,134.50819396972656
2024_5959,山陀兒颱風,闊葉樹林型,42.18376530657795,231798.58,2479288.36,255.80999755859375,91.36499786376953,222.60499572753906,2438.447998046875,135.5248260498047
2024_5960,山陀兒颱風,闊葉樹林型,35.565430802303304,244420.48,2503567.31,260.3349914550781,87.08999633789062,207.5800018310547,2492.38916015625,125.9029312133789
2024_5961,山陀兒颱風,闊葉樹林型,30.720611476635867,244506.66,2503512.96,260.3349914550781,87.08999633789062,207.5800018310547,2492.38916015625,125.9029312133789
2024_5962,山陀兒颱風,闊葉樹林型,32.18975488338548,244656.41,2503409.34,260.3349914550781,87.08999633789062,207.5800018310547,2492.38916015625,125.9029312133789
2024_5963,山陀兒颱風,闊葉樹林型,25.682184661491608,244691.8,2503443.37,260.3349914550781,87.08999633789062,207.5800018310547,2492.38916015625,125.9029312133789
2024_5964,山陀兒颱風,闊葉樹林型,18.54197796399724,244749.58,2503403.21,260.3349914550781,87.08999633789062,207.5800018310547,2492.38916015625,125.9029312133789
2024_5966,山陀兒颱風,闊葉樹林型,33.50097823942329,244812.33,2503150.78,260.3349914550781,87.08999633789062,207.5800018310547,2492.38916015625,125.9029312133789
2024_5967,山陀兒颱風,闊葉樹林型,36.00673320377917,245181.42,2503408.06,260.3349914550781,87.08999633789062,207.5800018310547,2317.501708984375,132.6624755859375
2024_5968,山陀兒颱風,闊葉樹林型,34.21858270764896,275883.48,2544828.75,258.4549865722656,112.11000061035156,205.10499572753906,1859.57763671875,112.26715850830078
2024_5973,山陀兒颱風,闊葉樹林型,45.83452257702415,233933.65,2493731.37,268.6300048828125,98.54000091552734,223.9199981689453,2301.5791015625,127.96968841552734
2024_5975,山陀兒颱風,闊葉樹林型,44.783515145502,249900.82,2523164.63,231.64498901367188,83.23500061035156,192.239990234375,2797.622802734375,138.75550842285156
2024_5977,山陀兒颱風,闊葉樹林型,53.34834311308445,249279.17,2523355.52,231.64498901367188,83.23500061035156,192.239990234375,2797.622802734375,138.75550842285156
2024_5978,山陀兒颱風,闊葉樹林型,36.51456867399333,249270.8,2523481.14,231.64498901367188,83.23500061035156,192.239990234375,2797.622802734375,138.75550842285156
2024_5980,山陀兒颱風,闊葉樹林型,49.05111016553776,249388.08,2523374.69,231.64498901367188,83.23500061035156,192.239990234375,2797.622802734375,138.75550842285156
2024_5981,山陀兒颱風,闊葉樹林型,45.78377864972804,249340.48,2523518.51,231.64498901367188,83.23500061035156,192.239990234375,2797.622802734375,138.75550842285156
2024_5982,山陀兒颱風,闊葉樹林型,27.806069555844164,248293.05,2522448.98,231.64498901367188,83.23500061035156,192.239990234375,2797.622802734375,138.75550842285156
2024_5983,山陀兒颱風,闊葉樹林型,38.67344937613533,248700.56,2522511.58,231.64498901367188,83.23500061035156,192.239990234375,2797.622802734375,138.75550842285156
2024_5984,山陀兒颱風,闊葉樹林型,34.66253388314486,247585.75,2522854.26,231.64498901367188,83.23500061035156,192.239990234375,2797.622802734375,138.75550842285156
2024_5985,山陀兒颱風,闊葉樹林型,18.053902977226738,248374.83,2522715.77,231.64498901367188,83.23500061035156,192.239990234375,2797.622802734375,138.75550842285156
2024_5986,山陀兒颱風,闊葉樹林型,33.65076727448982,250069.06,2522263.39,251.6899871826172,90.6500015258789,207.34999084472656,2407.536376953125,128.34336853027344
2024_5987,山陀兒颱風,闊葉樹林型,33.65076727448982,250620.66,2522549.11,251.6899871826172,90.6500015258789,207.34999084472656,2407.536376953125,128.34336853027344
2024_5989,山陀兒颱風,闊葉樹林型,23.167586698400417,250742.87,2523065.99,251.6899871826172,90.6500015258789,207.34999084472656,2407.536376953125,128.34336853027344
2024_5991,山陀兒颱風,闊葉樹林型,39.88006394186307,251059.13,2523336.93,251.6899871826172,90.6500015258789,207.34999084472656,2407.536376953125,128.34336853027344
2024_5994,山陀兒颱風,闊葉樹林型,25.65191625517833,249746.71,2522408.24,231.64498901367188,83.23500061035156,192.239990234375,2797.622802734375,138.75550842285156
2024_5995,山陀兒颱風,闊葉樹林型,36.71637457580036,249290.37,2522569.95,231.64498901367188,83.23500061035156,192.239990234375,2797.622802734375,138.75550842285156
2024_5996,山陀兒颱風,闊葉樹林型,44.53600944536456,249865.61,2522635.03,231.64498901367188,83.23500061035156,192.239990234375,2797.622802734375,138.75550842285156
2024_5997,山陀兒颱風,闊葉樹林型,44.783515145502,250338.27,2520171.44,270.1300048828125,93.71499633789062,213.4149932861328,2180.2763671875,123.4901351928711
2024_5998,山陀兒颱風,闊葉樹林型,40.34005890109771,250772.33,2521029.26,270.1300048828125,93.71499633789062,213.4149932861328,2180.2763671875,123.4901351928711
2024_6000,山陀兒颱風,闊葉樹林型,30.17736603061792,250682.59,2521923.96,270.1300048828125,93.71499633789062,213.4149932861328,2180.2763671875,123.4901351928711
2024_6001,山陀兒颱風,闊葉樹林型,29.686933196903503,250624.37,2521882.96,270.1300048828125,93.71499633789062,213.4149932861328,2180.2763671875,123.4901351928711
2024_6002,山陀兒颱風,闊葉樹林型,58.0071829998183,244406.73,2519556.21,253.54998779296875,87.13499450683594,205.18499755859375,2743.8115234375,141.28306579589844
2024_6003,山陀兒颱風,闊葉樹林型,68.3171453188425,245163.35,2519882.16,253.54998779296875,87.13499450683594,205.18499755859375,2545.1064453125,130.6017608642578
2024_6004,山陀兒颱風,闊葉樹林型,26.39225472997553,249633.71,2511752.45,253.54998779296875,87.13499450683594,205.18499755859375,2227.70556640625,122.15391540527344
2024_6006,山陀兒颱風,闊葉樹林型,39.22274642672917,249213.43,2512252.8,253.54998779296875,87.13499450683594,205.18499755859375,2227.70556640625,122.15391540527344
2024_6007,山陀兒颱風,闊葉樹林型,30.541505272932262,249435.08,2512240.89,253.54998779296875,87.13499450683594,205.18499755859375,2227.70556640625,122.15391540527344
2024_6008,山陀兒颱風,闊葉樹林型,34.32623881675949,248965.84,2512452.92,253.54998779296875,87.13499450683594,205.18499755859375,2227.70556640625,122.15391540527344
2024_6009,山陀兒颱風,闊葉樹林型,27.806069555844164,249647.11,2513065.25,253.54998779296875,87.13499450683594,205.18499755859375,2227.70556640625,122.15391540527344
2024_6010,山陀兒颱風,闊葉樹林型,27.484186071108013,232665.72,2488615.36,255.80999755859375,91.36499786376953,222.60499572753906,2438.184814453125,130.67996215820312
2024_6011,山陀兒颱風,闊葉樹林型,31.7353754997287,232455.02,2488632.13,255.80999755859375,91.36499786376953,222.60499572753906,2438.184814453125,130.67996215820312
2024_6012,山陀兒颱風,闊葉樹林型,6.379370208442804,246468.36,2503276.27,260.3349914550781,87.08999633789062,207.5800018310547,2317.501708984375,132.6624755859375
2024_6013,山陀兒颱風,闊葉樹林型,14.434094830851231,246463.02,2503513.34,260.3349914550781,87.08999633789062,207.5800018310547,2317.501708984375,132.6624755859375
2024_6015,山陀兒颱風,闊葉樹林型,55.95542767226915,220496.62,2487540.1,263.92498779296875,108.53499603271484,230.12998962402344,2925.419189453125,164.9652557373047
2024_6017,山陀兒颱風,闊葉樹林型,34.30834539460494,225213.75,2486322.57,263.92498779296875,108.53499603271484,230.12998962402344,2269.083984375,126.86155700683594
2024_6018,山陀兒颱風,闊葉樹林型,36.5924873189136,226071.8,2487455.47,263.92498779296875,108.53499603271484,230.12998962402344,2269.083984375,126.86155700683594
2024_6019,山陀兒颱風,闊葉樹林型,54.90319877241541,231060.45,2486873.61,255.80999755859375,91.36499786376953,222.60499572753906,2438.184814453125,130.67996215820312
2024_6020,山陀兒颱風,闊葉樹林型,35.795759914707084,221237.26,2450299.28,286.1349792480469,102.94499969482422,253.88999938964844,2724.057861328125,155.72097778320312
2024_6022,山陀兒颱風,闊葉樹林型,39.53553952464218,221692.67,2450444.46,286.1349792480469,102.94499969482422,253.88999938964844,2724.057861328125,155.72097778320312
2024_6023,山陀兒颱風,闊葉樹林型,56.042294511363714,231865.67,2483681.86,255.80999755859375,91.36499786376953,222.60499572753906,2438.184814453125,130.67996215820312
2024_6024,山陀兒颱風,闊葉樹林型,33.10114358966526,232835.15,2484288.62,255.80999755859375,91.36499786376953,222.60499572753906,2438.184814453125,130.67996215820312
2024_6027,山陀兒颱風,闊葉樹林型,47.19310563582846,234769.86,2482656.86,255.80999755859375,91.36499786376953,222.60499572753906,2266.79052734375,130.03457641601562
2024_6028,山陀兒颱風,闊葉樹林型,52.02542014837084,288377.46,2673570.29,169.10499572753906,88.23500061035156,156.1699981689453,2369.41796875,137.01724243164062
2024_6031,山陀兒颱風,闊葉樹林型,50.79768468757728,314048.61,2682650.23,157.239990234375,81.00999450683594,118.17499542236328,2401.970947265625,151.73062133789062
2024_6034,山陀兒颱風,闊葉樹林型,30.985684296843363,249910.95,2521659.86,253.54998779296875,87.13499450683594,205.18499755859375,2545.1064453125,130.6017608642578
2024_6035,山陀兒颱風,闊葉樹林型,15.37625124882619,249379.43,2521847.71,253.54998779296875,87.13499450683594,205.18499755859375,2545.1064453125,130.6017608642578
2024_6036,山陀兒颱風,闊葉樹林型,5.885129333686067,249545.9,2521944.31,253.54998779296875,87.13499450683594,205.18499755859375,2545.1064453125,130.6017608642578
2024_6037,山陀兒颱風,闊葉樹林型,26.67924362098057,220807.56,2450255.17,286.1349792480469,102.94499969482422,253.88999938964844,2724.057861328125,155.72097778320312
2024_6038,山陀兒颱風,闊葉樹林型,32.005383208083494,237925.81,2479370.04,255.80999755859375,91.36499786376953,222.60499572753906,2266.79052734375,130.03457641601562
2024_6039,山陀兒颱風,闊葉樹林型,43.10912630411683,216179.79,2474762.39,268.9499816894531,109.48999786376953,237.98500061035156,2970.405029296875,168.360595703125
2024_6041,山陀兒颱風,闊葉樹林型,31.50340488200827,308800.54,2786259.35,364.8849792480469,148.0399932861328,290.69000244140625,2264.962158203125,157.24545288085938
2024_6042,1023豪雨,闊葉樹林型,41.18592516570965,312447.45,2787537.75,13.244999885559082,8.78499984741211,13.244999885559082,2272.252685546875,153.88868713378906
2024_6043,1023豪雨,闊葉樹林型,19.29004621918873,312535.96,2787521.53,13.244999885559082,8.78499984741211,13.244999885559082,2272.252685546875,153.88868713378906
2024_6044,1023豪雨,闊葉樹林型,18.58988204700748,311578.43,2788233.87,16.170000076293945,8.324999809265137,16.170000076293945,2155.97265625,143.2701416015625
2024_6045,1023豪雨,闊葉樹林型,12.97935049792772,311737.51,2788339.66,16.170000076293945,8.324999809265137,16.170000076293945,2155.97265625,143.2701416015625
2024_6047,1023豪雨,竹林,17.752790161946685,311553.4,2788833.6,16.170000076293945,8.324999809265137,16.170000076293945,2155.97265625,143.2701416015625
2024_6048,1023豪雨,闊葉樹林型,42.93479585813085,324965.32,2693331.04,18.149999618530273,9.71500015258789,16.93000030517578,2083.27685546875,137.91004943847656
2024_6049,康芮颱風,闊葉樹林型,34.32623881675949,286995.56,2719265.05,92.93499755859375,78.94499969482422,92.93499755859375,1788.7783203125,114.27385711669922
2024_6052,康芮颱風,闊葉樹林型,27.484186071108013,287613.88,2720023.97,92.93499755859375,78.94499969482422,92.93499755859375,1788.7783203125,114.27385711669922
2024_6055,康芮颱風,闊葉樹林型,42.93479585813085,284512.31,2718623.06,92.93499755859375,78.94499969482422,92.93499755859375,2147.759765625,139.14111328125
2024_6066,康芮颱風,闊葉樹林型,42.779253086391705,283946.93,2674374.7,120.51499938964844,114.1449966430664,120.51499938964844,2379.332275390625,143.60397338867188
2024_6069,康芮颱風,闊葉樹林型,51.14301422794352,275599.53,2636861.27,119.2699966430664,109.05999755859375,119.2699966430664,2476.8828125,145.62222290039062
2024_6070,康芮颱風,闊葉樹林型,31.05129356595241,271939.57,2643151.97,119.2699966430664,109.05999755859375,119.2699966430664,2503.506591796875,143.71511840820312
2024_6071,康芮颱風,闊葉樹林型,35.14579037169356,271937.01,2643284.6,119.2699966430664,109.05999755859375,119.2699966430664,2503.506591796875,143.71511840820312
2024_6073,康芮颱風,闊葉樹林型,21.99315979629213,271938.74,2643720.97,119.2699966430664,109.05999755859375,119.2699966430664,2503.506591796875,143.71511840820312
2024_6074,康芮颱風,闊葉樹林型,28.14782196842062,270141.74,2644309.83,120.3949966430664,112.89999389648438,120.3949966430664,2654.02197265625,161.9046173095703
2024_6078,康芮颱風,闊葉樹林型,50.20665326822132,279504.73,2652999.23,121.2249984741211,112.86000061035156,121.2249984741211,2958.65625,162.92788696289062
2024_6090,康芮颱風,闊葉樹林型,34.18253892596887,282865.62,2673648.36,120.51499938964844,114.1449966430664,120.51499938964844,2379.332275390625,143.60397338867188
2024_6097,康芮颱風,闊葉樹林型,38.13247816190013,281552.53,2674528.89,120.51499938964844,114.1449966430664,120.51499938964844,2379.332275390625,143.60397338867188
2024_6107,康芮颱風,闊葉樹林型,23.02549200852804,281175.14,2657658.43,106.43000030517578,99.67499542236328,106.43000030517578,2648.472900390625,151.1837158203125
2024_6108,康芮颱風,闊葉樹林型,35.14579037169356,281072.38,2657711.39,106.43000030517578,99.67499542236328,106.43000030517578,2648.472900390625,151.1837158203125
2024_6112,康芮颱風,闊葉樹林型,38.467578148302174,263954.35,2622707.27,105.15499877929688,98.4949951171875,105.15499877929688,2119.083984375,115.14181518554688
2024_6115,康芮颱風,闊葉樹林型,29.89890183861456,266882.28,2629270.83,105.15499877929688,98.4949951171875,105.15499877929688,2015.6268310546875,112.24947357177734
2024_6126,康芮颱風,闊葉樹林型,46.46998530702429,272398.32,2638931.73,119.2699966430664,109.05999755859375,119.2699966430664,2503.506591796875,143.71511840820312
2024_6130,康芮颱風,闊葉樹林型,45.008949668923,269499.52,2624060.65,105.15499877929688,98.4949951171875,105.15499877929688,2125.00048828125,115.07217407226562
2024_6134,康芮颱風,闊葉樹林型,43.18031634685804,245746.68,2603899.24,74.96499633789062,68.08499908447266,74.96499633789062,2195.51416015625,117.35086059570312
2024_6135,康芮颱風,闊葉樹林型,52.22487918661721,315788.75,2695055.78,163.52999877929688,150.73500061035156,163.52999877929688,2004.0787353515625,134.87493896484375
2024_6136,康芮颱風,闊葉樹林型,39.612764584574585,315847.51,2695142.42,163.52999877929688,150.73500061035156,163.52999877929688,2004.0787353515625,134.87493896484375
2024_6137,康芮颱風,闊葉樹林型,49.77810484395156,316002.31,2695163.02,163.52999877929688,150.73500061035156,163.52999877929688,2004.0787353515625,134.87493896484375
2024_6138,康芮颱風,闊葉樹林型,52.06240512309672,316604.88,2695620.64,163.52999877929688,150.73500061035156,163.52999877929688,1911.7799072265625,132.78627014160156
2024_6139,康芮颱風,闊葉樹林型,61.11284189003011,316100.49,2695747.01,163.52999877929688,150.73500061035156,163.52999877929688,1911.7799072265625,132.78627014160156
2024_6140,康芮颱風,闊葉樹林型,57.84902186626262,316236.05,2694502.02,163.52999877929688,150.73500061035156,163.52999877929688,1911.7799072265625,132.78627014160156
2024_6141,康芮颱風,闊葉樹林型,61.50355851256828,316567.35,2694373.46,163.52999877929688,150.73500061035156,163.52999877929688,1911.7799072265625,132.78627014160156
2024_6142,康芮颱風,闊葉樹林型,46.25042447061119,316059.82,2694500.75,163.52999877929688,150.73500061035156,163.52999877929688,1911.7799072265625,132.78627014160156
2024_6144,康芮颱風,闊葉樹林型,39.53553952464218,311983.71,2700922.87,82.22000122070312,70.79000091552734,82.22000122070312,1951.74169921875,117.67649841308594
2024_6145,康芮颱風,闊葉樹林型,38.61881362583621,311987.94,2701765.71,82.22000122070312,70.79000091552734,82.22000122070312,1951.74169921875,117.67649841308594
2024_6146,康芮颱風,闊葉樹林型,43.59051881270964,311976.45,2701905.37,82.22000122070312,70.79000091552734,82.22000122070312,1951.74169921875,117.67649841308594
2024_6148,康芮颱風,闊葉樹林型,33.425567049364545,312930.51,2702917.8,82.22000122070312,70.79000091552734,82.22000122070312,1951.74169921875,117.67649841308594
2024_6149,康芮颱風,闊葉樹林型,47.50354314022834,314464.74,2699915.99,82.22000122070312,70.79000091552734,82.22000122070312,1951.74169921875,117.67649841308594
2024_6150,康芮颱風,闊葉樹林型,55.8793396573305,314543.82,2700355.05,82.22000122070312,70.79000091552734,82.22000122070312,1951.74169921875,117.67649841308594
2024_6152,康芮颱風,闊葉樹林型,46.72580648402681,320081.14,2704212.51,82.22000122070312,70.79000091552734,82.22000122070312,1992.7193603515625,124.48375701904297
2024_6153,康芮颱風,闊葉樹林型,54.94471825132664,324710.86,2704568.82,79.68499755859375,68.94999694824219,79.68499755859375,2114.876953125,122.31617736816406
2024_6154,康芮颱風,闊葉樹林型,41.37023532050225,311776.81,2698109.9,163.52999877929688,150.73500061035156,163.52999877929688,2004.0787353515625,134.87493896484375
2024_6156,康芮颱風,闊葉樹林型,56.473987377051,312069.71,2698386.89,163.52999877929688,150.73500061035156,163.52999877929688,2004.0787353515625,134.87493896484375
2024_6157,康芮颱風,闊葉樹林型,50.79768468757728,313857.62,2696225.89,163.52999877929688,150.73500061035156,163.52999877929688,2004.0787353515625,134.87493896484375
2024_6158,康芮颱風,闊葉樹林型,39.96814794983898,313987.11,2696505.58,163.52999877929688,150.73500061035156,163.52999877929688,2004.0787353515625,134.87493896484375
2024_6159,康芮颱風,闊葉樹林型,38.876655136344326,314458.79,2696445.52,163.52999877929688,150.73500061035156,163.52999877929688,2004.0787353515625,134.87493896484375
2024_6161,康芮颱風,闊葉樹林型,44.50824474873735,292099.59,2671764.41,129.58999633789062,120.43499755859375,129.58999633789062,2353.409423828125,141.65667724609375
2024_6166,康芮颱風,闊葉樹林型,48.86969349083896,290390.58,2668744.28,120.51499938964844,114.1449966430664,120.51499938964844,2487.142333984375,147.5215301513672
2024_6177,康芮颱風,闊葉樹林型,46.70202219648135,288732.62,2670804.0,120.51499938964844,114.1449966430664,120.51499938964844,2487.142333984375,147.5215301513672
2024_6181,康芮颱風,闊葉樹林型,36.326005581723855,287649.87,2670110.93,120.51499938964844,114.1449966430664,120.51499938964844,2487.142333984375,147.5215301513672
2024_6184,康芮颱風,闊葉樹林型,12.68038349181982,288595.27,2669806.85,120.51499938964844,114.1449966430664,120.51499938964844,2487.142333984375,147.5215301513672
2024_6204,康芮颱風,闊葉樹林型,47.50354314022834,294909.55,2676126.0,129.58999633789062,120.43499755859375,129.58999633789062,2353.409423828125,141.65667724609375
2024_6205,康芮颱風,闊葉樹林型,39.53553952464218,294879.04,2676251.02,129.58999633789062,120.43499755859375,129.58999633789062,2353.409423828125,141.65667724609375
2024_6206,康芮颱風,闊葉樹林型,54.88654899633656,295082.98,2676390.7,129.58999633789062,120.43499755859375,129.58999633789062,2353.409423828125,141.65667724609375
2024_6210,康芮颱風,闊葉樹林型,58.14753041443513,286079.73,2656009.03,106.43000030517578,99.67499542236328,106.43000030517578,2330.667236328125,145.41802978515625
2024_6211,康芮颱風,闊葉樹林型,47.254232805058734,285979.45,2656347.73,106.43000030517578,99.67499542236328,106.43000030517578,2330.667236328125,145.41802978515625
2024_6213,康芮颱風,闊葉樹林型,18.54197796399724,285528.67,2657027.19,106.43000030517578,99.67499542236328,106.43000030517578,2648.472900390625,151.1837158203125
2024_6214,康芮颱風,闊葉樹林型,30.17736603061792,285136.63,2657152.79,106.43000030517578,99.67499542236328,106.43000030517578,2648.472900390625,151.1837158203125
2024_6215,康芮颱風,闊葉樹林型,28.12178338655737,285745.34,2659001.7,106.43000030517578,99.67499542236328,106.43000030517578,2330.667236328125,145.41802978515625
2024_6223,康芮颱風,闊葉樹林型,43.97034622693592,284710.94,2655349.95,106.43000030517578,99.67499542236328,106.43000030517578,2648.472900390625,151.1837158203125
2024_6224,康芮颱風,闊葉樹林型,42.302624878481225,293369.57,2674204.42,129.58999633789062,120.43499755859375,129.58999633789062,2353.409423828125,141.65667724609375
2024_6225,康芮颱風,闊葉樹林型,26.39225472997553,293460.81,2674245.43,129.58999633789062,120.43499755859375,129.58999633789062,2353.409423828125,141.65667724609375
2024_6226,康芮颱風,闊葉樹林型,54.6721331945304,293135.23,2674975.4,129.58999633789062,120.43499755859375,129.58999633789062,2353.409423828125,141.65667724609375
2024_6227,康芮颱風,闊葉樹林型,51.00026655710474,313925.72,2681033.65,72.61499786376953,63.72999954223633,72.61499786376953,2401.970947265625,151.73062133789062
2024_6228,康芮颱風,闊葉樹林型,50.07771757914672,312102.93,2682123.14,72.61499786376953,63.72999954223633,72.61499786376953,2401.970947265625,151.73062133789062
2024_6229,康芮颱風,闊葉樹林型,54.15145659386188,310852.84,2682771.02,180.08499145507812,171.09999084472656,180.08499145507812,2250.34912109375,131.48985290527344
2024_6232,康芮颱風,闊葉樹林型,36.45196008712727,283269.54,2657361.25,106.43000030517578,99.67499542236328,106.43000030517578,2648.472900390625,151.1837158203125
2024_6233,康芮颱風,闊葉樹林型,43.68885454421518,283461.32,2656880.01,106.43000030517578,99.67499542236328,106.43000030517578,2648.472900390625,151.1837158203125
2024_6234,康芮颱風,闊葉樹林型,49.606495042652746,283720.73,2656938.18,106.43000030517578,99.67499542236328,106.43000030517578,2648.472900390625,151.1837158203125
2024_6235,康芮颱風,闊葉樹林型,35.16278633434701,288672.64,2657423.9,106.43000030517578,99.67499542236328,106.43000030517578,2330.667236328125,145.41802978515625
2024_6236,康芮颱風,闊葉樹林型,51.06898616576609,288062.78,2657125.06,106.43000030517578,99.67499542236328,106.43000030517578,2330.667236328125,145.41802978515625
2024_6237,康芮颱風,闊葉樹林型,30.10818826996884,288417.41,2657757.17,106.43000030517578,99.67499542236328,106.43000030517578,2330.667236328125,145.41802978515625
2024_6238,康芮颱風,闊葉樹林型,29.32750061118656,288429.34,2657603.11,106.43000030517578,99.67499542236328,106.43000030517578,2330.667236328125,145.41802978515625
2024_6240,康芮颱風,闊葉樹林型,32.18975488338548,273400.23,2569928.74,67.23500061035156,61.349998474121094,67.23500061035156,2094.354248046875,141.65664672851562
2024_6242,康芮颱風,闊葉樹林型,33.59475678656656,263053.93,2593405.94,54.25,48.654998779296875,54.25,2568.433349609375,142.67559814453125
2024_6243,康芮颱風,闊葉樹林型,33.27369602543111,262979.79,2593458.83,54.25,48.654998779296875,54.25,2568.433349609375,142.67559814453125
2024_6245,康芮颱風,闊葉樹林型,40.376760812124,262752.04,2593519.95,54.25,48.654998779296875,54.25,2568.433349609375,142.67559814453125
2024_6247,康芮颱風,闊葉樹林型,34.09207978094286,262570.0,2593050.31,54.25,48.654998779296875,54.25,2568.433349609375,142.67559814453125
2024_6248,康芮颱風,闊葉樹林型,44.75622365009062,262627.78,2592957.09,54.25,48.654998779296875,54.25,2568.433349609375,142.67559814453125
2024_6249,康芮颱風,闊葉樹林型,46.46998530702429,262829.94,2592839.76,54.25,48.654998779296875,54.25,2568.433349609375,142.67559814453125
2024_6251,康芮颱風,闊葉樹林型,48.14691161075572,269296.86,2593261.18,54.25,48.654998779296875,54.25,2449.460205078125,152.95896911621094
2024_6259,康芮颱風,闊葉樹林型,38.71430174309542,265322.25,2587441.82,58.10499954223633,52.375,58.10499954223633,2511.740966796875,142.35116577148438
2024_6262,康芮颱風,闊葉樹林型,43.22084280018324,261446.92,2562460.71,57.91999816894531,52.26499938964844,57.91999816894531,2405.933349609375,143.4873809814453
2024_6263,康芮颱風,闊葉樹林型,64.55082704856429,257931.9,2562359.83,63.82999801635742,57.84000015258789,63.82999801635742,2405.044189453125,140.03933715820312
2024_6264,康芮颱風,闊葉樹林型,33.27369602543111,257403.98,2562069.73,63.82999801635742,57.84000015258789,63.82999801635742,2405.044189453125,140.03933715820312
2024_6274,康芮颱風,闊葉樹林型,37.87640024160826,269087.57,2614392.22,104.625,95.3699951171875,104.625,2086.531982421875,117.45305633544922
2024_6279,康芮颱風,闊葉樹林型,61.21374669085483,272126.67,2583901.31,73.04499816894531,66.81999969482422,73.04499816894531,2521.49609375,159.008544921875
2024_6291,康芮颱風,闊葉樹林型,4.289153328819018,283339.46,2721205.11,92.93499755859375,78.94499969482422,92.93499755859375,2147.759765625,139.14111328125
2024_6292,康芮颱風,闊葉樹林型,19.694600815138024,283228.02,2721153.12,92.93499755859375,78.94499969482422,92.93499755859375,2147.759765625,139.14111328125
2024_6299,康芮颱風,闊葉樹林型,1.4320961841646465,279229.54,2680530.25,110.29000091552734,104.22000122070312,110.29000091552734,2345.085205078125,143.2693634033203
2024_6338,康芮颱風,闊葉樹林型,41.289874733376,303620.34,2686361.25,180.08499145507812,171.09999084472656,180.08499145507812,2352.1640625,140.07826232910156
2024_6344,康芮颱風,闊葉樹林型,41.83254107800667,303532.49,2677125.23,161.25498962402344,152.09500122070312,161.25498962402344,2353.627685546875,146.13784790039062
2024_6352,康芮颱風,闊葉樹林型,36.08714706573126,292432.79,2655357.5,125.51499938964844,114.44499969482422,125.51499938964844,2381.613525390625,137.01673889160156
2024_6355,康芮颱風,闊葉樹林型,41.289874733376,309239.64,2674993.5,161.25498962402344,152.09500122070312,161.25498962402344,2626.517578125,162.26905822753906
2024_6367,康芮颱風,闊葉樹林型,25.407718108948472,299738.38,2651636.98,88.57499694824219,78.25499725341797,88.57499694824219,2082.81787109375,138.217529296875
2024_6373,康芮颱風,闊葉樹林型,45.707319368544255,287945.94,2637566.79,97.03499603271484,81.31999969482422,97.03499603271484,2202.935791015625,140.18649291992188
2024_6375,康芮颱風,闊葉樹林型,38.903551214305885,288444.01,2655477.24,106.43000030517578,99.67499542236328,106.43000030517578,2330.667236328125,145.41802978515625
2024_6376,康芮颱風,竹林,24.748625315195834,294874.93,2632327.01,91.45499420166016,81.91500091552734,91.45499420166016,2062.15283203125,143.4594268798828
2024_6377,康芮颱風,闊葉樹林型,33.33081260166977,293483.41,2653910.87,88.57499694824219,78.25499725341797,88.57499694824219,1986.802001953125,125.88800048828125
2024_6381,康芮颱風,闊葉樹林型,38.876655136344326,297230.13,2681771.35,175.375,166.9250030517578,175.375,2229.95703125,142.79437255859375
2024_6386,康芮颱風,闊葉樹林型,22.48092791828604,285020.76,2656850.78,106.43000030517578,99.67499542236328,106.43000030517578,2648.472900390625,151.1837158203125
2024_6390,康芮颱風,闊葉樹林型,46.70202219648135,285661.73,2674953.99,120.51499938964844,114.1449966430664,120.51499938964844,2369.41796875,137.01724243164062
2024_6391,康芮颱風,闊葉樹林型,8.29380481769877,305083.08,2656298.03,85.82499694824219,80.51000213623047,85.82499694824219,2319.623291015625,149.06011962890625
2024_6396,康芮颱風,闊葉樹林型,37.81892671564865,288361.17,2655176.39,106.43000030517578,99.67499542236328,106.43000030517578,2330.667236328125,145.41802978515625
2024_6397,康芮颱風,闊葉樹林型,21.251492955248168,288827.44,2658854.9,106.43000030517578,99.67499542236328,106.43000030517578,2330.667236328125,145.41802978515625
2024_6399,康芮颱風,闊葉樹林型,39.96814794983898,301827.16,2683529.73,180.08499145507812,171.09999084472656,180.08499145507812,2352.1640625,140.07826232910156
2024_6403,康芮颱風,闊葉樹林型,44.15186907819886,288726.24,2659335.92,106.43000030517578,99.67499542236328,106.43000030517578,2330.667236328125,145.41802978515625
2024_6407,康芮颱風,闊葉樹林型,15.06995574963759,299674.37,2676449.37,129.58999633789062,120.43499755859375,129.58999633789062,2352.610595703125,151.37234497070312
2024_6408,康芮颱風,闊葉樹林型,38.453757061620536,295892.16,2650365.79,88.57499694824219,78.25499725341797,88.57499694824219,2082.81787109375,138.217529296875
2024_6415,康芮颱風,闊葉樹林型,35.41561005234765,299523.12,2683199.52,175.375,166.9250030517578,175.375,2602.125244140625,151.9195098876953
2024_6416,康芮颱風,闊葉樹林型,24.260799584868057,293518.91,2654142.51,88.57499694824219,78.25499725341797,88.57499694824219,1986.802001953125,125.88800048828125
2024_6419,康芮颱風,闊葉樹林型,18.54197796399724,287856.18,2620861.11,71.91999816894531,63.54499816894531,71.91999816894531,2341.34521484375,135.4976806640625
2024_6421,康芮颱風,闊葉樹林型,18.445687755403306,298511.32,2684694.18,175.375,166.9250030517578,175.375,2602.125244140625,151.9195098876953
2024_6422,康芮颱風,闊葉樹林型,49.05111016553776,291385.35,2650647.6,88.57499694824219,78.25499725341797,88.57499694824219,1986.802001953125,125.88800048828125
2024_6425,康芮颱風,闊葉樹林型,56.3465998299404,286121.6,2641002.86,97.03499603271484,81.31999969482422,97.03499603271484,2220.61083984375,124.09061431884766
2024_6426,康芮颱風,闊葉樹林型,37.410672491183874,281374.95,2654389.34,121.12999725341797,107.79000091552734,121.12999725341797,2503.708984375,123.4659194946289
2024_6434,康芮颱風,闊葉樹林型,52.06240512309672,299036.29,2647397.77,88.57499694824219,78.25499725341797,88.57499694824219,1839.2503662109375,125.65218353271484
2024_6436,康芮颱風,闊葉樹林型,20.92817687973532,299497.0,2676520.2,129.58999633789062,120.43499755859375,129.58999633789062,2352.610595703125,151.37234497070312
2024_6438,康芮颱風,闊葉樹林型,15.90987591526664,303571.1,2685603.22,180.08499145507812,171.09999084472656,180.08499145507812,2352.1640625,140.07826232910156
2024_6441,康芮颱風,闊葉樹林型,31.311156133255537,309681.44,2674556.69,161.25498962402344,152.09500122070312,161.25498962402344,2626.517578125,162.26905822753906
2024_6453,康芮颱風,闊葉樹林型,17.393118144442386,299128.22,2644984.36,88.57499694824219,78.25499725341797,88.57499694824219,1839.2503662109375,125.65218353271484
2024_6456,康芮颱風,闊葉樹林型,42.89347697966648,294135.23,2656823.35,125.51499938964844,114.44499969482422,125.51499938964844,2381.613525390625,137.01673889160156
2024_6458,康芮颱風,闊葉樹林型,33.65076727448982,306087.22,2624458.53,94.85499572753906,87.41500091552734,94.85499572753906,1711.875244140625,129.66775512695312
2024_6461,康芮颱風,闊葉樹林型,42.93479585813085,302926.84,2677277.6,161.25498962402344,152.09500122070312,161.25498962402344,2353.627685546875,146.13784790039062
2024_6466,康芮颱風,闊葉樹林型,44.359258950107865,302986.82,2685860.21,180.08499145507812,171.09999084472656,180.08499145507812,2352.1640625,140.07826232910156
2024_6470,康芮颱風,闊葉樹林型,23.0611356160509,293399.33,2636307.4,91.40499877929688,82.86499786376953,91.40499877929688,2029.55908203125,130.66796875
2024_6471,康芮颱風,闊葉樹林型,44.89216578140445,293793.07,2678647.29,175.375,166.9250030517578,175.375,2387.092529296875,136.10618591308594
2024_6472,康芮颱風,闊葉樹林型,31.160066779905723,295281.93,2650193.42,88.57499694824219,78.25499725341797,88.57499694824219,1986.802001953125,125.88800048828125
2024_6476,康芮颱風,闊葉樹林型,53.97262661489639,286674.45,2655428.01,106.43000030517578,99.67499542236328,106.43000030517578,2330.667236328125,145.41802978515625
2024_6477,康芮颱風,闊葉樹林型,35.81208696357704,299716.01,2676317.94,129.58999633789062,120.43499755859375,129.58999633789062,2352.610595703125,151.37234497070312
2024_6483,康芮颱風,闊葉樹林型,14.882566829789898,295208.47,2652912.52,88.57499694824219,78.25499725341797,88.57499694824219,1986.802001953125,125.88800048828125
2024_6485,康芮颱風,闊葉樹林型,25.682184661491608,298966.0,2679713.83,175.375,166.9250030517578,175.375,2229.95703125,142.79437255859375
2024_6490,康芮颱風,闊葉樹林型,29.992245119716017,300185.15,2677127.42,129.58999633789062,120.43499755859375,129.58999633789062,2352.610595703125,151.37234497070312
2024_6491,康芮颱風,闊葉樹林型,38.32881810145589,297212.67,2684772.28,175.375,166.9250030517578,175.375,2602.125244140625,151.9195098876953
2024_6495,康芮颱風,闊葉樹林型,42.03111377419729,310633.51,2645598.39,82.4749984741211,78.03499603271484,82.4749984741211,1622.68994140625,128.97068786621094
2024_6496,康芮颱風,闊葉樹林型,23.3434296829173,286847.43,2620979.72,71.91999816894531,63.54499816894531,71.91999816894531,2341.34521484375,135.4976806640625
2024_6499,康芮颱風,闊葉樹林型,8.646670214736362,299391.31,2644913.24,88.57499694824219,78.25499725341797,88.57499694824219,1839.2503662109375,125.65218353271484
2024_6501,康芮颱風,闊葉樹林型,34.468683663334545,299660.0,2684492.04,175.375,166.9250030517578,175.375,2602.125244140625,151.9195098876953
2024_6502,康芮颱風,闊葉樹林型,67.6967045103032,302934.51,2675017.76,161.25498962402344,152.09500122070312,161.25498962402344,2353.627685546875,146.13784790039062
2024_6510,康芮颱風,闊葉樹林型,44.19926406432079,286829.46,2638920.47,97.03499603271484,81.31999969482422,97.03499603271484,2220.61083984375,124.09061431884766
2024_6511,康芮颱風,闊葉樹林型,34.802079725529744,284278.03,2658037.81,106.43000030517578,99.67499542236328,106.43000030517578,2648.472900390625,151.1837158203125
2024_6512,康芮颱風,闊葉樹林型,52.85410466136141,289264.3,2655847.36,106.43000030517578,99.67499542236328,106.43000030517578,2330.667236328125,145.41802978515625
2024_6513,康芮颱風,闊葉樹林型,41.54101551251079,289471.22,2654649.11,121.12999725341797,107.79000091552734,121.12999725341797,1718.05224609375,108.5896987915039
2024_6520,康芮颱風,闊葉樹林型,18.54197796399724,301273.81,2685417.5,180.08499145507812,171.09999084472656,180.08499145507812,2352.1640625,140.07826232910156
2024_6523,康芮颱風,闊葉樹林型,34.52178114261242,301436.19,2686549.02,180.08499145507812,171.09999084472656,180.08499145507812,2352.1640625,140.07826232910156
2024_6524,康芮颱風,闊葉樹林型,44.4246291370315,294711.22,2635567.61,91.40499877929688,82.86499786376953,91.40499877929688,2029.55908203125,130.66796875
2024_6525,康芮颱風,闊葉樹林型,42.377774270582094,281161.21,2653401.31,121.12999725341797,107.79000091552734,121.12999725341797,2503.708984375,123.4659194946289
2024_6529,康芮颱風,闊葉樹林型,46.90680986887181,285730.37,2656331.09,106.43000030517578,99.67499542236328,106.43000030517578,2330.667236328125,145.41802978515625
2024_6532,康芮颱風,闊葉樹林型,10.315082561193282,292962.72,2653547.06,88.57499694824219,78.25499725341797,88.57499694824219,1986.802001953125,125.88800048828125
2024_6536,康芮颱風,闊葉樹林型,15.06995574963759,300036.4,2645028.57,88.57499694824219,78.25499725341797,88.57499694824219,1839.2503662109375,125.65218353271484
2024_6537,康芮颱風,闊葉樹林型,13.270669478570088,292213.53,2678390.81,175.375,166.9250030517578,175.375,2387.092529296875,136.10618591308594
2024_6539,康芮颱風,闊葉樹林型,41.8103148957786,300532.77,2678078.46,175.375,166.9250030517578,175.375,2229.95703125,142.79437255859375
2024_6547,康芮颱風,闊葉樹林型,38.67344937613533,305420.8,2624400.24,94.85499572753906,87.41500091552734,94.85499572753906,1711.875244140625,129.66775512695312
2024_6548,康芮颱風,闊葉樹林型,33.33081260166977,301435.82,2683479.26,180.08499145507812,171.09999084472656,180.08499145507812,2352.1640625,140.07826232910156
2024_6549,康芮颱風,闊葉樹林型,40.327805440220686,300218.21,2685782.78,175.375,166.9250030517578,175.375,2602.125244140625,151.9195098876953
2024_6562,康芮颱風,闊葉樹林型,29.734272666889545,288420.77,2659064.4,106.43000030517578,99.67499542236328,106.43000030517578,2330.667236328125,145.41802978515625
2024_6567,康芮颱風,闊葉樹林型,17.393118144442386,293587.64,2654301.91,88.57499694824219,78.25499725341797,88.57499694824219,1986.802001953125,125.88800048828125
2024_6570,康芮颱風,闊葉樹林型,15.90987591526664,299767.85,2645004.07,88.57499694824219,78.25499725341797,88.57499694824219,1839.2503662109375,125.65218353271484
2024_6571,康芮颱風,闊葉樹林型,38.659808254090095,296491.47,2653729.02,88.57499694824219,78.25499725341797,88.57499694824219,2082.81787109375,138.217529296875
2024_6574,康芮颱風,闊葉樹林型,49.19051468406037,292879.54,2673207.77,129.58999633789062,120.43499755859375,129.58999633789062,2353.409423828125,141.65667724609375
2024_6576,康芮颱風,闊葉樹林型,38.06176053983252,296631.53,2648947.37,88.57499694824219,78.25499725341797,88.57499694824219,1839.2503662109375,125.65218353271484
2024_6577,康芮颱風,闊葉樹林型,36.326005581723855,304377.12,2686514.01,180.08499145507812,171.09999084472656,180.08499145507812,2352.1640625,140.07826232910156
2024_6579,康芮颱風,闊葉樹林型,32.31153323742385,299979.59,2685170.69,175.375,166.9250030517578,175.375,2602.125244140625,151.9195098876953
2024_6581,康芮颱風,闊葉樹林型,53.53675018512306,299226.13,2688026.87,175.375,166.9250030517578,175.375,2602.125244140625,151.9195098876953
2024_6583,康芮颱風,闊葉樹林型,20.387669768422825,271456.67,2670238.9,117.5999984741211,111.27999877929688,117.5999984741211,2795.511962890625,199.6590576171875
2024_6586,康芮颱風,闊葉樹林型,36.45196008712727,288155.94,2656829.15,106.43000030517578,99.67499542236328,106.43000030517578,2330.667236328125,145.41802978515625
2024_6587,康芮颱風,闊葉樹林型,69.74134916603651,284184.55,2656582.98,106.43000030517578,99.67499542236328,106.43000030517578,2648.472900390625,151.1837158203125
2024_6594,康芮颱風,闊葉樹林型,42.68513943100698,309922.24,2668357.05,161.25498962402344,152.09500122070312,161.25498962402344,2391.130615234375,155.60317993164062
2024_6600,康芮颱風,闊葉樹林型,36.93089662022377,281221.62,2654098.49,121.12999725341797,107.79000091552734,121.12999725341797,2503.708984375,123.4659194946289
2024_6601,康芮颱風,闊葉樹林型,41.46155762076173,297183.53,2650693.23,88.57499694824219,78.25499725341797,88.57499694824219,2082.81787109375,138.217529296875
2024_6604,康芮颱風,闊葉樹林型,30.269155243344123,293118.86,2655900.54,125.51499938964844,114.44499969482422,125.51499938964844,2381.613525390625,137.01673889160156
2024_6615,康芮颱風,闊葉樹林型,60.33038481521324,299208.31,2676423.63,129.58999633789062,120.43499755859375,129.58999633789062,2352.610595703125,151.37234497070312
2024_6619,康芮颱風,闊葉樹林型,13.270669478570088,299246.96,2677493.82,175.375,166.9250030517578,175.375,2229.95703125,142.79437255859375
2024_6628,康芮颱風,闊葉樹林型,47.10090264184485,303320.98,2686137.57,180.08499145507812,171.09999084472656,180.08499145507812,2352.1640625,140.07826232910156
2024_6631,康芮颱風,闊葉樹林型,25.253207609369632,304286.71,2686458.03,180.08499145507812,171.09999084472656,180.08499145507812,2352.1640625,140.07826232910156
2024_6632,康芮颱風,闊葉樹林型,44.359258950107865,308305.97,2675300.52,161.25498962402344,152.09500122070312,161.25498962402344,2626.517578125,162.26905822753906
2024_6637,康芮颱風,闊葉樹林型,56.6712422025098,303232.9,2676834.21,161.25498962402344,152.09500122070312,161.25498962402344,2353.627685546875,146.13784790039062
2024_6640,康芮颱風,闊葉樹林型,52.69479903421493,277219.23,2629599.44,78.44999694824219,69.55500030517578,78.44999694824219,2447.114990234375,149.9739532470703
2024_6641,康芮颱風,闊葉樹林型,50.10853326616952,287777.34,2655303.05,106.43000030517578,99.67499542236328,106.43000030517578,2330.667236328125,145.41802978515625
2024_6645,康芮颱風,闊葉樹林型,26.707667766558608,288535.42,2658987.19,106.43000030517578,99.67499542236328,106.43000030517578,2330.667236328125,145.41802978515625
2024_6650,康芮颱風,闊葉樹林型,32.985092758994966,299406.64,2685028.81,175.375,166.9250030517578,175.375,2602.125244140625,151.9195098876953
2024_6652,康芮颱風,闊葉樹林型,18.54197796399724,293294.47,2656273.93,125.51499938964844,114.44499969482422,125.51499938964844,2381.613525390625,137.01673889160156
2024_6654,康芮颱風,闊葉樹林型,35.28126182726603,301421.49,2685562.59,180.08499145507812,171.09999084472656,180.08499145507812,2352.1640625,140.07826232910156
2024_6655,康芮颱風,闊葉樹林型,23.0611356160509,297267.23,2681625.24,175.375,166.9250030517578,175.375,2229.95703125,142.79437255859375
2024_6656,康芮颱風,闊葉樹林型,39.72788642801746,293696.66,2653000.71,88.57499694824219,78.25499725341797,88.57499694824219,1986.802001953125,125.88800048828125
2024_6657,康芮颱風,闊葉樹林型,51.61115107406533,285842.63,2658084.8,106.43000030517578,99.67499542236328,106.43000030517578,2330.667236328125,145.41802978515625
2024_6665,康芮颱風,闊葉樹林型,32.51251731617002,296936.77,2651351.19,88.57499694824219,78.25499725341797,88.57499694824219,2082.81787109375,138.217529296875
2024_6669,康芮颱風,闊葉樹林型,40.53479707962874,292198.73,2655485.8,125.51499938964844,114.44499969482422,125.51499938964844,2381.613525390625,137.01673889160156
2024_6672,康芮颱風,闊葉樹林型,32.31153323742385,287900.54,2655276.15,106.43000030517578,99.67499542236328,106.43000030517578,2330.667236328125,145.41802978515625
2024_6677,康芮颱風,闊葉樹林型,40.7628826356304,284936.62,2621959.0,77.66999816894531,69.625,77.66999816894531,2678.929443359375,146.88833618164062
2024_6678,康芮颱風,闊葉樹林型,38.11835994667712,290308.32,2655537.03,106.43000030517578,99.67499542236328,106.43000030517578,2330.667236328125,145.41802978515625
2024_6679,康芮颱風,闊葉樹林型,16.970296539403275,299904.74,2685054.81,175.375,166.9250030517578,175.375,2602.125244140625,151.9195098876953
2024_6688,康芮颱風,闊葉樹林型,52.52322484608508,293398.28,2653752.34,88.57499694824219,78.25499725341797,88.57499694824219,1986.802001953125,125.88800048828125
2024_6692,康芮颱風,闊葉樹林型,12.137063673133053,305906.0,2635269.43,93.72999572753906,87.91499328613281,93.72999572753906,1696.45263671875,121.16349792480469
2024_6695,康芮颱風,闊葉樹林型,41.776914051774654,287977.99,2637308.14,97.03499603271484,81.31999969482422,97.03499603271484,2202.935791015625,140.18649291992188
2024_6697,康芮颱風,闊葉樹林型,45.18677738187266,295525.43,2655145.72,125.51499938964844,114.44499969482422,125.51499938964844,2381.613525390625,137.01673889160156
2024_6703,康芮颱風,闊葉樹林型,46.59848383582609,289709.22,2678727.91,110.06499481201172,103.61499786376953,110.06499481201172,2486.449462890625,157.2060089111328
2024_6705,康芮颱風,闊葉樹林型,29.99224511971602,299411.07,2676581.46,129.58999633789062,120.43499755859375,129.58999633789062,2352.610595703125,151.37234497070312
2024_6714,康芮颱風,闊葉樹林型,50.35244962873107,288087.62,2637679.92,97.03499603271484,81.31999969482422,97.03499603271484,2202.935791015625,140.18649291992188
2024_6717,康芮颱風,闊葉樹林型,50.10853326616952,285368.77,2657055.34,106.43000030517578,99.67499542236328,106.43000030517578,2648.472900390625,151.1837158203125
2024_6725,康芮颱風,闊葉樹林型,48.082496179513946,297533.89,2651365.87,88.57499694824219,78.25499725341797,88.57499694824219,2082.81787109375,138.217529296875
2024_6727,康芮颱風,闊葉樹林型,39.53553952464218,300708.89,2685420.69,175.375,166.9250030517578,175.375,2602.125244140625,151.9195098876953
2024_6730,康芮颱風,闊葉樹林型,14.103462835639398,301926.37,2685924.73,180.08499145507812,171.09999084472656,180.08499145507812,2352.1640625,140.07826232910156
2024_6732,康芮颱風,闊葉樹林型,49.19051468406037,299793.38,2648678.06,88.57499694824219,78.25499725341797,88.57499694824219,1839.2503662109375,125.65218353271484
2024_6733,康芮颱風,闊葉樹林型,27.806069555844164,305244.18,2619078.73,99.86499786376953,91.0199966430664,99.86499786376953,1806.2227783203125,135.92990112304688
2024_6739,康芮颱風,闊葉樹林型,59.105835315096,297477.32,2673236.8,129.58999633789062,120.43499755859375,129.58999633789062,2352.610595703125,151.37234497070312
2024_6745,康芮颱風,闊葉樹林型,5.885129333686067,305697.1,2624017.63,94.85499572753906,87.41500091552734,94.85499572753906,1711.875244140625,129.66775512695312
2024_6746,康芮颱風,闊葉樹林型,44.359258950107865,299758.86,2684840.77,175.375,166.9250030517578,175.375,2602.125244140625,151.9195098876953
2024_6747,康芮颱風,闊葉樹林型,57.98518231400342,298616.54,2675424.78,129.58999633789062,120.43499755859375,129.58999633789062,2352.610595703125,151.37234497070312
2024_6754,康芮颱風,闊葉樹林型,34.85410224097107,298554.56,2685750.49,175.375,166.9250030517578,175.375,2602.125244140625,151.9195098876953
2024_6755,康芮颱風,闊葉樹林型,40.327805440220686,288364.42,2672063.05,120.51499938964844,114.1449966430664,120.51499938964844,2369.41796875,137.01724243164062
2024_6758,康芮颱風,闊葉樹林型,40.51058943733277,309848.53,2674649.13,161.25498962402344,152.09500122070312,161.25498962402344,2626.517578125,162.26905822753906
2024_6759,康芮颱風,闊葉樹林型,31.50340488200827,302643.93,2686533.3,180.08499145507812,171.09999084472656,180.08499145507812,2352.1640625,140.07826232910156
2024_6760,康芮颱風,闊葉樹林型,31.311156133255537,308538.89,2642658.91,93.72999572753906,87.91499328613281,93.72999572753906,1666.614013671875,123.00627136230469
2024_6761,康芮颱風,闊葉樹林型,59.49647811233524,288231.95,2655258.74,106.43000030517578,99.67499542236328,106.43000030517578,2330.667236328125,145.41802978515625
2024_6762,康芮颱風,闊葉樹林型,39.26219086021912,299202.14,2687612.82,175.375,166.9250030517578,175.375,2602.125244140625,151.9195098876953
2024_6763,康芮颱風,闊葉樹林型,62.14487867217502,291055.35,2655342.44,125.51499938964844,114.44499969482422,125.51499938964844,2381.613525390625,137.01673889160156
2024_6768,康芮颱風,闊葉樹林型,43.97995668722642,299384.83,2677149.93,129.58999633789062,120.43499755859375,129.58999633789062,2352.610595703125,151.37234497070312
2024_6770,康芮颱風,闊葉樹林型,36.94611005709807,308835.49,2675331.01,161.25498962402344,152.09500122070312,161.25498962402344,2626.517578125,162.26905822753906
2024_6772,康芮颱風,闊葉樹林型,48.082496179513946,296601.3,2654885.67,88.57499694824219,78.25499725341797,88.57499694824219,2082.81787109375,138.217529296875
2024_6773,康芮颱風,闊葉樹林型,36.08714706573126,296835.6,2651316.55,88.57499694824219,78.25499725341797,88.57499694824219,2082.81787109375,138.217529296875
2024_6775,康芮颱風,闊葉樹林型,29.32750061118656,285674.63,2659095.58,106.43000030517578,99.67499542236328,106.43000030517578,2330.667236328125,145.41802978515625
2024_6777,康芮颱風,闊葉樹林型,28.735641668064066,301670.33,2674208.44,161.25498962402344,152.09500122070312,161.25498962402344,2353.627685546875,146.13784790039062
2024_6779,康芮颱風,闊葉樹林型,33.59475678656656,293042.54,2678381.64,175.375,166.9250030517578,175.375,2387.092529296875,136.10618591308594
2024_6782,康芮颱風,闊葉樹林型,22.144873841221017,300190.32,2684668.84,175.375,166.9250030517578,175.375,2602.125244140625,151.9195098876953
2024_6787,康芮颱風,闊葉樹林型,54.61683716118135,303399.44,2685915.98,180.08499145507812,171.09999084472656,180.08499145507812,2352.1640625,140.07826232910156
2024_6789,康芮颱風,闊葉樹林型,58.46788753461602,299096.52,2687614.02,175.375,166.9250030517578,175.375,2602.125244140625,151.9195098876953
2024_6791,康芮颱風,闊葉樹林型,57.06226895406836,291309.91,2656579.06,125.51499938964844,114.44499969482422,125.51499938964844,2381.613525390625,137.01673889160156
2024_6793,康芮颱風,闊葉樹林型,25.682184661491608,265704.45,2673971.74,122.87999725341797,115.3699951171875,122.87999725341797,2530.10693359375,193.16954040527344
2024_6797,康芮颱風,闊葉樹林型,12.979350497927722,298921.06,2645255.01,88.57499694824219,78.25499725341797,88.57499694824219,1839.2503662109375,125.65218353271484
2024_6799,康芮颱風,闊葉樹林型,46.70202219648135,290455.88,2656531.52,106.43000030517578,99.67499542236328,106.43000030517578,2330.667236328125,145.41802978515625
2024_6800,康芮颱風,闊葉樹林型,50.24934765756516,293472.54,2679395.46,175.375,166.9250030517578,175.375,2387.092529296875,136.10618591308594
2024_6801,康芮颱風,闊葉樹林型,30.72061147663586,299128.66,2678725.99,175.375,166.9250030517578,175.375,2229.95703125,142.79437255859375
2024_6804,康芮颱風,闊葉樹林型,56.5028994559502,287918.25,2655645.44,106.43000030517578,99.67499542236328,106.43000030517578,2330.667236328125,145.41802978515625
2024_6808,康芮颱風,闊葉樹林型,37.65979117547535,295408.3,2652052.89,88.57499694824219,78.25499725341797,88.57499694824219,1986.802001953125,125.88800048828125
2024_6818,康芮颱風,闊葉樹林型,56.26945785911946,303855.57,2673771.47,161.25498962402344,152.09500122070312,161.25498962402344,2353.627685546875,146.13784790039062
2024_6822,康芮颱風,闊葉樹林型,52.37495746736699,307854.51,2675101.54,161.25498962402344,152.09500122070312,161.25498962402344,2626.517578125,162.26905822753906
2024_6832,康芮颱風,闊葉樹林型,43.73777595287439,299876.05,2687273.89,175.375,166.9250030517578,175.375,2602.125244140625,151.9195098876953
2024_6834,康芮颱風,闊葉樹林型,51.05755873101862,295021.44,2654800.35,88.57499694824219,78.25499725341797,88.57499694824219,1986.802001953125,125.88800048828125
2024_6840,康芮颱風,闊葉樹林型,43.99915861590316,309168.16,2674800.84,161.25498962402344,152.09500122070312,161.25498962402344,2626.517578125,162.26905822753906
2024_6841,康芮颱風,闊葉樹林型,27.806069555844164,305867.95,2620287.57,99.86499786376953,91.0199966430664,99.86499786376953,1806.2227783203125,135.92990112304688
2024_6846,康芮颱風,闊葉樹林型,23.132182561931256,279414.99,2653956.01,121.2249984741211,112.86000061035156,121.2249984741211,2958.65625,162.92788696289062
2024_6847,康芮颱風,闊葉樹林型,29.034220452471416,308015.54,2639426.88,93.72999572753906,87.91499328613281,93.72999572753906,1666.614013671875,123.00627136230469
2024_6850,康芮颱風,闊葉樹林型,14.03624346792648,306715.32,2625937.33,94.85499572753906,87.41500091552734,94.85499572753906,1671.2529296875,130.5248565673828
2024_6852,康芮颱風,闊葉樹林型,40.31554221077258,305196.32,2623833.85,94.85499572753906,87.41500091552734,94.85499572753906,1711.875244140625,129.66775512695312
2024_6856,康芮颱風,闊葉樹林型,15.436640338110504,304890.88,2656311.59,85.82499694824219,80.51000213623047,85.82499694824219,2319.623291015625,149.06011962890625
2024_6857,康芮颱風,闊葉樹林型,40.34005890109771,299947.08,2685240.44,175.375,166.9250030517578,175.375,2602.125244140625,151.9195098876953
2024_6859,康芮颱風,闊葉樹林型,45.510026207419365,293298.89,2656690.76,125.51499938964844,114.44499969482422,125.51499938964844,2381.613525390625,137.01673889160156
2024_6860,康芮颱風,闊葉樹林型,38.71430174309542,306547.88,2624916.23,94.85499572753906,87.41500091552734,94.85499572753906,1671.2529296875,130.5248565673828
2024_6865,康芮颱風,闊葉樹林型,17.393118144442386,292320.03,2678538.31,175.375,166.9250030517578,175.375,2387.092529296875,136.10618591308594
2024_6868,康芮颱風,闊葉樹林型,35.746679440302486,305302.51,2675426.66,161.25498962402344,152.09500122070312,161.25498962402344,2353.627685546875,146.13784790039062
2024_6869,康芮颱風,闊葉樹林型,53.14727885091738,299147.58,2679897.3,175.375,166.9250030517578,175.375,2229.95703125,142.79437255859375
2024_6870,康芮颱風,闊葉樹林型,45.25729327096913,297071.87,2675873.84,129.58999633789062,120.43499755859375,129.58999633789062,2352.610595703125,151.37234497070312
2024_6871,康芮颱風,闊葉樹林型,54.436369222267416,301278.82,2677039.49,161.25498962402344,152.09500122070312,161.25498962402344,2353.627685546875,146.13784790039062
2024_6873,康芮颱風,闊葉樹林型,32.005383208083494,299784.51,2676972.8,129.58999633789062,120.43499755859375,129.58999633789062,2352.610595703125,151.37234497070312
2024_6874,康芮颱風,闊葉樹林型,51.72550624645303,299616.9,2683309.37,175.375,166.9250030517578,175.375,2602.125244140625,151.9195098876953
2024_6876,康芮颱風,闊葉樹林型,35.746679440302486,269133.56,2613861.25,104.625,95.3699951171875,104.625,2086.531982421875,117.45305633544922
2024_6881,康芮颱風,闊葉樹林型,32.63194030642942,268703.5,2611499.94,104.625,95.3699951171875,104.625,2086.531982421875,117.45305633544922
2024_6882,康芮颱風,闊葉樹林型,40.55896658324713,258014.08,2626571.08,92.44499969482422,85.54499816894531,92.44499969482422,2179.28759765625,130.06507873535156
2024_6886,康芮颱風,闊葉樹林型,37.11250830386473,237497.08,2601283.0,64.85499572753906,59.62999725341797,64.85499572753906,2157.869384765625,114.49881744384766
2024_6887,康芮颱風,闊葉樹林型,39.57420005713789,237566.57,2601331.19,64.85499572753906,59.62999725341797,64.85499572753906,2157.869384765625,114.49881744384766
2024_6888,康芮颱風,闊葉樹林型,34.01934998982646,264503.57,2616987.54,104.625,95.3699951171875,104.625,1674.802001953125,90.57408905029297
2024_6891,康芮颱風,闊葉樹林型,34.99202019855866,268796.26,2612565.46,104.625,95.3699951171875,104.625,2086.531982421875,117.45305633544922
2024_6892,康芮颱風,闊葉樹林型,36.34180401854167,237362.24,2601282.56,64.85499572753906,59.62999725341797,64.85499572753906,2157.869384765625,114.49881744384766
2024_6893,康芮颱風,闊葉樹林型,51.93513740500487,266922.29,2617435.56,104.625,95.3699951171875,104.625,1984.651123046875,110.66341400146484
2024_6895,康芮颱風,闊葉樹林型,63.386472535386005,256156.46,2627598.63,92.44499969482422,85.54499816894531,92.44499969482422,2159.25830078125,125.05048370361328
2024_6896,康芮颱風,闊葉樹林型,49.8473781777136,269783.07,2615267.96,104.625,95.3699951171875,104.625,2086.531982421875,117.45305633544922
2024_6903,康芮颱風,闊葉樹林型,44.50824474873735,268473.83,2611509.12,104.625,95.3699951171875,104.625,2086.531982421875,117.45305633544922
2024_6909,康芮颱風,闊葉樹林型,40.327805440220686,272002.57,2621037.78,71.20500183105469,64.8499984741211,71.20500183105469,2172.563720703125,122.6304931640625
2024_6918,康芮颱風,闊葉樹林型,45.18677738187266,257944.45,2626541.67,92.44499969482422,85.54499816894531,92.44499969482422,2179.28759765625,130.06507873535156
2024_6922,康芮颱風,闊葉樹林型,10.024987862075742,269072.51,2614111.09,104.625,95.3699951171875,104.625,2086.531982421875,117.45305633544922
2024_6925,康芮颱風,闊葉樹林型,52.55874636417831,270750.04,2624771.78,78.44999694824219,69.55500030517578,78.44999694824219,2133.210693359375,120.75102996826172
2024_6933,康芮颱風,闊葉樹林型,36.839310662660615,272893.91,2635471.52,119.2699966430664,109.05999755859375,119.2699966430664,2296.82373046875,127.26499938964844
2024_6935,康芮颱風,闊葉樹林型,44.23706899687729,270504.72,2623226.35,78.44999694824219,69.55500030517578,78.44999694824219,2133.210693359375,120.75102996826172
2024_6937,康芮颱風,闊葉樹林型,10.315082561193282,266198.39,2622012.07,105.15499877929688,98.4949951171875,105.15499877929688,2125.00048828125,115.07217407226562
2024_6940,康芮颱風,闊葉樹林型,18.00416160591338,264363.5,2616883.21,104.625,95.3699951171875,104.625,1674.802001953125,90.57408905029297
2024_6943,康芮颱風,闊葉樹林型,44.28418708125969,264734.06,2624083.3,105.15499877929688,98.4949951171875,105.15499877929688,2119.083984375,115.14181518554688
2024_6944,康芮颱風,闊葉樹林型,28.63490403452203,271002.6,2617762.18,71.20500183105469,64.8499984741211,71.20500183105469,2172.563720703125,122.6304931640625
2024_6945,康芮颱風,闊葉樹林型,23.02549200852804,265477.76,2623818.63,105.15499877929688,98.4949951171875,105.15499877929688,2125.00048828125,115.07217407226562
2024_6950,康芮颱風,闊葉樹林型,41.98721249581666,258681.72,2626377.1,92.44499969482422,85.54499816894531,92.44499969482422,2179.28759765625,130.06507873535156
2024_6951,康芮颱風,闊葉樹林型,38.903551214305885,264185.72,2617288.41,104.625,95.3699951171875,104.625,1674.802001953125,90.57408905029297
2024_6962,康芮颱風,闊葉樹林型,41.98721249581666,242718.07,2578421.56,51.11000061035156,43.88999938964844,51.11000061035156,2517.36474609375,134.92945861816406
2024_6971,康芮颱風,闊葉樹林型,19.29004621918873,258987.66,2566090.87,63.82999801635742,57.84000015258789,63.82999801635742,2405.044189453125,140.03933715820312
2024_6976,康芮颱風,闊葉樹林型,52.43652698648192,245480.63,2581681.06,51.11000061035156,43.88999938964844,51.11000061035156,2611.469970703125,128.01031494140625
2024_6981,康芮颱風,闊葉樹林型,52.83925808653754,245185.55,2581255.8,51.11000061035156,43.88999938964844,51.11000061035156,2611.469970703125,128.01031494140625
2024_6983,康芮颱風,闊葉樹林型,44.710622455169606,229141.98,2581464.21,67.8949966430664,61.349998474121094,67.8949966430664,2666.233154296875,166.17950439453125
2024_6993,康芮颱風,闊葉樹林型,34.21858270764895,247514.52,2511046.07,40.89999771118164,30.76999855041504,40.89999771118164,2305.17626953125,132.13438415527344
2024_6994,康芮颱風,闊葉樹林型,30.720611476635867,247451.62,2511464.7,39.32500076293945,30.26999855041504,39.32500076293945,2227.70556640625,122.15391540527344
2024_6995,康芮颱風,闊葉樹林型,30.541505272932262,247300.9,2511375.68,39.32500076293945,30.26999855041504,39.32500076293945,2227.70556640625,122.15391540527344
2024_6996,康芮颱風,闊葉樹林型,22.144873841221017,247673.69,2510964.41,40.89999771118164,30.76999855041504,40.89999771118164,2305.17626953125,132.13438415527344
2024_7005,康芮颱風,闊葉樹林型,32.82907195826586,279972.23,2630928.92,78.44999694824219,69.55500030517578,78.44999694824219,2447.114990234375,149.9739532470703
2024_7008,康芮颱風,闊葉樹林型,4.289153328819018,282441.37,2655370.04,106.43000030517578,99.67499542236328,106.43000030517578,2648.472900390625,151.1837158203125
2024_7009,康芮颱風,闊葉樹林型,11.395654497719995,282526.87,2655441.7,106.43000030517578,99.67499542236328,106.43000030517578,2648.472900390625,151.1837158203125
2024_7012,康芮颱風,闊葉樹林型,40.810470609746446,281608.58,2656607.4,106.43000030517578,99.67499542236328,106.43000030517578,2648.472900390625,151.1837158203125
2024_7015,康芮颱風,闊葉樹林型,37.83331466287141,298048.6,2681116.37,175.375,166.9250030517578,175.375,2229.95703125,142.79437255859375
2024_7016,康芮颱風,闊葉樹林型,43.88356587860426,279135.93,2631564.41,78.44999694824219,69.55500030517578,78.44999694824219,2447.114990234375,149.9739532470703
2024_7028,康芮颱風,闊葉樹林型,45.501385656241695,278878.96,2631086.67,78.44999694824219,69.55500030517578,78.44999694824219,2447.114990234375,149.9739532470703
2024_7029,康芮颱風,闊葉樹林型,45.80917341040296,278949.61,2631980.8,78.44999694824219,69.55500030517578,78.44999694824219,2447.114990234375,149.9739532470703
2024_7032,康芮颱風,闊葉樹林型,45.18677738187266,288025.57,2643670.56,97.03499603271484,81.31999969482422,97.03499603271484,2220.61083984375,124.09061431884766
2024_7033,康芮颱風,闊葉樹林型,46.74955008573651,275703.3,2633023.54,119.2699966430664,109.05999755859375,119.2699966430664,2476.8828125,145.62222290039062
2024_7035,康芮颱風,闊葉樹林型,47.85824356821178,279966.74,2630577.84,78.44999694824219,69.55500030517578,78.44999694824219,2447.114990234375,149.9739532470703
2024_7037,康芮颱風,闊葉樹林型,43.42182054759477,276463.63,2636399.13,119.2699966430664,109.05999755859375,119.2699966430664,2476.8828125,145.62222290039062
2024_7041,康芮颱風,闊葉樹林型,51.85492733615396,278764.1,2631161.42,78.44999694824219,69.55500030517578,78.44999694824219,2447.114990234375,149.9739532470703
2024_7042,康芮颱風,闊葉樹林型,12.97935049792772,282378.6,2654992.76,121.12999725341797,107.79000091552734,121.12999725341797,2503.708984375,123.4659194946289
2024_7047,康芮颱風,闊葉樹林型,38.836224204282125,296270.1,2681092.34,175.375,166.9250030517578,175.375,2229.95703125,142.79437255859375
2024_7048,康芮颱風,闊葉樹林型,45.22207888903144,280280.7,2632886.0,78.44999694824219,69.55500030517578,78.44999694824219,2447.114990234375,149.9739532470703
2024_7049,康芮颱風,闊葉樹林型,32.02597107856493,281986.22,2630244.2,77.66999816894531,69.625,77.66999816894531,2431.345703125,157.89122009277344
2024_7052,康芮颱風,闊葉樹林型,46.70202219648135,282075.37,2630004.49,77.66999816894531,69.625,77.66999816894531,2431.345703125,157.89122009277344
2024_7055,康芮颱風,闊葉樹林型,37.790111559066204,278123.77,2630173.77,78.44999694824219,69.55500030517578,78.44999694824219,2447.114990234375,149.9739532470703
2024_7062,康芮颱風,闊葉樹林型,45.17793834757605,276350.4,2636659.52,119.2699966430664,109.05999755859375,119.2699966430664,2476.8828125,145.62222290039062
2024_7066,康芮颱風,闊葉樹林型,31.7353754997287,281909.25,2655233.85,106.43000030517578,99.67499542236328,106.43000030517578,2648.472900390625,151.1837158203125
2024_7068,康芮颱風,闊葉樹林型,50.490639251479735,274000.81,2630152.39,78.44999694824219,69.55500030517578,78.44999694824219,2272.796630859375,134.41383361816406
2024_7071,康芮颱風,闊葉樹林型,59.071885829466005,281951.21,2646274.21,121.12999725341797,107.79000091552734,121.12999725341797,2561.518310546875,135.14614868164062
2024_7074,康芮颱風,闊葉樹林型,40.22942490250022,276906.98,2636513.15,119.2699966430664,109.05999755859375,119.2699966430664,2476.8828125,145.62222290039062
2024_7075,康芮颱風,闊葉樹林型,48.58248022723136,276203.58,2633153.44,119.2699966430664,109.05999755859375,119.2699966430664,2476.8828125,145.62222290039062
2024_7076,康芮颱風,闊葉樹林型,49.52305830933339,255072.11,2670690.12,105.48999786376953,96.38999938964844,105.48999786376953,2286.938232421875,150.9737548828125
2024_7077,康芮颱風,闊葉樹林型,47.07775513424629,282734.11,2656104.57,106.43000030517578,99.67499542236328,106.43000030517578,2648.472900390625,151.1837158203125
2024_7078,康芮颱風,闊葉樹林型,40.90520427089325,249994.46,2668800.02,86.06499481201172,76.70999908447266,86.06499481201172,1936.8033447265625,120.22354125976562
2024_7082,康芮颱風,闊葉樹林型,33.891288740963454,250129.1,2668621.8,105.48999786376953,96.38999938964844,105.48999786376953,2286.938232421875,150.9737548828125
2024_7083,康芮颱風,闊葉樹林型,41.01108156155348,277078.09,2636338.51,119.2699966430664,109.05999755859375,119.2699966430664,2476.8828125,145.62222290039062
2024_7091,康芮颱風,闊葉樹林型,41.17433120903597,279165.1,2631040.74,78.44999694824219,69.55500030517578,78.44999694824219,2447.114990234375,149.9739532470703
2024_7096,康芮颱風,闊葉樹林型,43.57077227020226,275753.85,2633177.62,119.2699966430664,109.05999755859375,119.2699966430664,2476.8828125,145.62222290039062
2024_7103,康芮颱風,闊葉樹林型,49.3088444642106,284316.32,2644695.94,121.12999725341797,107.79000091552734,121.12999725341797,2561.518310546875,135.14614868164062
2024_7108,康芮颱風,闊葉樹林型,43.74754064175339,277799.71,2618982.1,71.20500183105469,64.8499984741211,71.20500183105469,2649.400146484375,138.68931579589844
2024_7113,康芮颱風,闊葉樹林型,25.89250179780793,283223.27,2656769.32,106.43000030517578,99.67499542236328,106.43000030517578,2648.472900390625,151.1837158203125
2024_7115,康芮颱風,闊葉樹林型,16.753888986635726,276131.11,2636479.65,119.2699966430664,109.05999755859375,119.2699966430664,2476.8828125,145.62222290039062
2024_7117,康芮颱風,闊葉樹林型,51.14301422794352,286768.47,2642163.79,97.03499603271484,81.31999969482422,97.03499603271484,2220.61083984375,124.09061431884766
2024_7121,康芮颱風,闊葉樹林型,46.68614334171695,254905.26,2669908.18,105.48999786376953,96.38999938964844,105.48999786376953,2286.938232421875,150.9737548828125
2024_7127,康芮颱風,闊葉樹林型,42.89347697966648,297679.35,2662599.6,125.51499938964844,114.44499969482422,125.51499938964844,2287.12841796875,145.52923583984375
2024_7134,康芮颱風,闊葉樹林型,36.88516922477569,279453.84,2656661.47,158.03500366210938,152.0449981689453,158.03500366210938,2903.5078125,157.19729614257812
2024_7138,康芮颱風,闊葉樹林型,40.55896658324713,277143.38,2632593.05,78.44999694824219,69.55500030517578,78.44999694824219,2447.114990234375,149.9739532470703
2024_7140,康芮颱風,闊葉樹林型,55.34785274791893,276616.87,2636275.52,119.2699966430664,109.05999755859375,119.2699966430664,2476.8828125,145.62222290039062
2024_7144,康芮颱風,闊葉樹林型,39.52263127117112,260600.21,2631501.87,105.15499877929688,98.4949951171875,105.15499877929688,2051.93212890625,107.697265625
2024_7146,康芮颱風,闊葉樹林型,38.836224204282125,257437.48,2631631.59,92.44499969482422,85.54499816894531,92.44499969482422,2159.25830078125,125.05048370361328
2024_7150,康芮颱風,闊葉樹林型,57.98518231400342,272968.16,2582278.15,73.04499816894531,66.81999969482422,73.04499816894531,2176.4814453125,146.4366455078125
2024_7151,康芮颱風,闊葉樹林型,47.82172390517496,257809.19,2632702.93,92.44499969482422,85.54499816894531,92.44499969482422,2159.25830078125,125.05048370361328
2024_7152,康芮颱風,闊葉樹林型,43.26125824127405,257729.68,2631682.43,92.44499969482422,85.54499816894531,92.44499969482422,2159.25830078125,125.05048370361328
2024_7155,康芮颱風,闊葉樹林型,35.615064210381185,261924.16,2589867.21,54.25,48.654998779296875,54.25,2568.433349609375,142.67559814453125
2024_7157,康芮颱風,闊葉樹林型,33.50097823942329,270258.9,2622664.4,105.15499877929688,98.4949951171875,105.15499877929688,2125.00048828125,115.07217407226562
2024_7159,康芮颱風,闊葉樹林型,42.08581058000388,251984.07,2637574.24,109.81499481201172,101.07499694824219,109.81499481201172,1336.2423095703125,83.71221923828125
2024_7162,康芮颱風,闊葉樹林型,42.08581058000388,277698.82,2657689.08,158.03500366210938,152.0449981689453,158.03500366210938,2903.5078125,157.19729614257812
2024_7163,康芮颱風,闊葉樹林型,38.004957659317206,257805.44,2632027.59,92.44499969482422,85.54499816894531,92.44499969482422,2159.25830078125,125.05048370361328
2024_7164,康芮颱風,闊葉樹林型,29.92228709167213,261797.84,2590333.49,54.25,48.654998779296875,54.25,2568.433349609375,142.67559814453125
2024_7165,康芮颱風,闊葉樹林型,43.271344818790695,259545.18,2631197.81,92.44499969482422,85.54499816894531,92.44499969482422,2159.25830078125,125.05048370361328
2024_7166,康芮颱風,闊葉樹林型,33.02386755579665,267352.19,2623318.51,105.15499877929688,98.4949951171875,105.15499877929688,2125.00048828125,115.07217407226562
2024_7169,康芮颱風,闊葉樹林型,35.59853666783391,272545.13,2639960.1,119.2699966430664,109.05999755859375,119.2699966430664,2503.506591796875,143.71511840820312
2024_7170,康芮颱風,闊葉樹林型,10.315082561193282,260487.1,2631254.62,105.15499877929688,98.4949951171875,105.15499877929688,2051.93212890625,107.697265625
2024_7171,康芮颱風,闊葉樹林型,27.238572082130062,261840.57,2590196.97,54.25,48.654998779296875,54.25,2568.433349609375,142.67559814453125
2024_7172,康芮颱風,闊葉樹林型,37.77568430595466,257987.13,2631865.14,92.44499969482422,85.54499816894531,92.44499969482422,2159.25830078125,125.05048370361328
2024_7173,康芮颱風,闊葉樹林型,7.264626465193748,268268.32,2574245.49,62.16999816894531,56.54499816894531,62.16999816894531,2328.449951171875,156.06617736816406
2024_7174,康芮颱風,闊葉樹林型,50.9196205937325,259475.65,2632124.49,92.44499969482422,85.54499816894531,92.44499969482422,2159.25830078125,125.05048370361328
2024_7175,康芮颱風,闊葉樹林型,41.12786681163709,257247.51,2631427.33,92.44499969482422,85.54499816894531,92.44499969482422,2159.25830078125,125.05048370361328
2024_7177,康芮颱風,闊葉樹林型,55.77194256223351,261154.78,2632204.36,105.15499877929688,98.4949951171875,105.15499877929688,2051.93212890625,107.697265625
2024_7181,康芮颱風,闊葉樹林型,36.326005581723855,268011.56,2574458.85,62.16999816894531,56.54499816894531,62.16999816894531,2328.449951171875,156.06617736816406
2024_7183,康芮颱風,闊葉樹林型,33.946295027753955,271981.89,2660716.95,158.03500366210938,152.0449981689453,158.03500366210938,2763.3662109375,175.1996612548828
2024_7184,康芮颱風,闊葉樹林型,38.50896869263104,273134.65,2653103.17,121.2249984741211,112.86000061035156,121.2249984741211,3152.863037109375,156.8460235595703
2024_7187,康芮颱風,闊葉樹林型,44.6831922342158,259621.62,2631223.93,92.44499969482422,85.54499816894531,92.44499969482422,2159.25830078125,125.05048370361328
2024_7188,康芮颱風,闊葉樹林型,42.89347697966648,260808.8,2632096.94,105.15499877929688,98.4949951171875,105.15499877929688,2051.93212890625,107.697265625
2024_7189,康芮颱風,闊葉樹林型,10.024987862075742,268246.59,2574176.78,62.16999816894531,56.54499816894531,62.16999816894531,2328.449951171875,156.06617736816406
2024_7190,康芮颱風,闊葉樹林型,38.11835994667712,259227.66,2632604.86,92.44499969482422,85.54499816894531,92.44499969482422,2159.25830078125,125.05048370361328
2024_7191,康芮颱風,闊葉樹林型,39.26219086021912,257180.7,2632991.02,109.81499481201172,101.07499694824219,109.81499481201172,2171.948974609375,131.9969482421875
2024_7197,天兔颱風,闊葉樹林型,41.56364135798625,244387.35,2485250.71,66.04999542236328,64.20500183105469,64.97999572753906,2403.418701171875,132.67581176757812
2024_7198,天兔颱風,闊葉樹林型,48.44351168529634,232823.52,2504748.03,55.244998931884766,54.62999725341797,55.07500076293945,2678.989990234375,138.628173828125
2024_7199,1112豪雨,闊葉樹林型,45.318709921376175,333301.88,2715442.16,88.41500091552734,66.16999816894531,75.875,2199.71240234375,125.38055419921875
2024_7200,1112豪雨,闊葉樹林型,50.07771757914672,337271.0,2713835.29,88.41500091552734,66.16999816894531,75.875,2005.4293212890625,113.73884582519531
2024_7203,凱米颱風,闊葉樹林型,35.59853666783391,211576.59,2541899.27,294.7149963378906,175.40499877929688,269.3399963378906,2710.6376953125,174.08975219726562
2024_7204,凱米颱風,闊葉樹林型,25.159789433981928,215379.46,2560175.57,320.6099853515625,165.9199981689453,291.32000732421875,2666.719482421875,172.3930206298828
2024_7206,凱米颱風,闊葉樹林型,20.846265656650555,216567.78,2560350.82,320.6099853515625,165.9199981689453,291.32000732421875,2666.719482421875,172.3930206298828
2024_7207,凱米颱風,闊葉樹林型,38.11835994667712,309020.06,2640456.89,228.37998962402344,126.07999420166016,195.89999389648438,1666.614013671875,123.00627136230469
2024_7208,凱米颱風,闊葉樹林型,31.138369345567487,220969.36,2527284.78,292.2749938964844,184.69000244140625,266.3899841308594,3080.857421875,169.23855590820312
2024_7221,凱米颱風,闊葉樹林型,27.911980918711127,226820.27,2545563.0,287.9649963378906,152.81500244140625,256.3849792480469,2630.49951171875,160.43226623535156
2024_7222,凱米颱風,闊葉樹林型,44.15186907819886,219675.03,2547890.87,287.9649963378906,152.81500244140625,256.3849792480469,2502.212158203125,147.98951721191406
2024_7223,凱米颱風,闊葉樹林型,37.790111559066204,219704.16,2549297.25,287.9649963378906,152.81500244140625,256.3849792480469,2502.212158203125,147.98951721191406
2024_7225,凱米颱風,闊葉樹林型,27.017123217850244,220487.83,2551038.98,287.9649963378906,152.81500244140625,256.3849792480469,2674.13916015625,157.52418518066406
2024_7232,凱米颱風,闊葉樹林型,45.0,218057.81,2526901.82,305.31500244140625,188.76998901367188,282.0149841308594,2884.879638671875,169.8948974609375
2024_7233,凱米颱風,闊葉樹林型,25.253207609369632,220404.96,2527022.49,292.2749938964844,184.69000244140625,266.3899841308594,3080.857421875,169.23855590820312
2024_7243,凱米颱風,闊葉樹林型,42.47384298513367,230536.14,2507232.99,269.2200012207031,169.40499877929688,234.33999633789062,2856.927490234375,156.2165985107422
2024_7244,凱米颱風,闊葉樹林型,44.23706899687729,244086.37,2515077.17,269.0099792480469,165.375,232.88499450683594,2659.226318359375,138.2041473388672
2024_7245,凱米颱風,闊葉樹林型,65.94907701444076,235388.28,2515528.38,272.3450012207031,180.00498962402344,244.22000122070312,2649.91015625,142.32667541503906
2024_7246,山陀兒颱風,闊葉樹林型,42.93479585813085,242680.69,2527885.94,231.64498901367188,83.23500061035156,192.239990234375,2763.902587890625,134.30699157714844
2024_7247,山陀兒颱風,闊葉樹林型,47.988906399374976,306712.02,2689798.6,236.72000122070312,122.19499969482422,193.09500122070312,2348.517333984375,138.66358947753906
2024_7248,山陀兒颱風,闊葉樹林型,40.36453657309736,329480.49,2768140.85,411.1949768066406,178.94000244140625,328.3500061035156,2208.8154296875,169.4226837158203
2024_7249,山陀兒颱風,闊葉樹林型,37.247373202381205,222236.23,2447057.31,286.1349792480469,102.94499969482422,253.88999938964844,2636.051513671875,156.58033752441406
2024_7251,凱米颱風,闊葉樹林型,45.510026207419365,221544.37,2474139.46,274.625,170.6699981689453,234.46499633789062,2908.494384765625,170.0600128173828
2024_7257,凱米颱風,闊葉樹林型,43.99915861590316,221982.34,2491713.87,265.125,170.12998962402344,232.8199920654297,3466.78662109375,180.9872283935547
2024_7267,凱米颱風,闊葉樹林型,41.8103148957786,225783.22,2491073.08,265.125,170.12998962402344,232.8199920654297,2656.980224609375,148.9040069580078
2024_7270,山陀兒颱風,闊葉樹林型,33.27369602543111,230080.66,2496291.53,268.6300048828125,98.54000091552734,223.9199981689453,2446.048095703125,134.05355834960938
2024_7274,山陀兒颱風,闊葉樹林型,28.35466400077033,231599.21,2498003.45,268.6300048828125,98.54000091552734,223.9199981689453,2446.048095703125,134.05355834960938
2024_7275,山陀兒颱風,闊葉樹林型,44.28418708125969,242813.25,2498486.64,265.2900085449219,92.57999420166016,217.64498901367188,2408.88671875,142.03627014160156
2024_7276,凱米颱風,闊葉樹林型,52.63955302048473,225763.06,2499255.62,265.125,170.12998962402344,232.8199920654297,3115.65869140625,164.131591796875
2024_7277,山陀兒颱風,闊葉樹林型,44.23706899687728,232359.68,2501529.23,246.7949981689453,83.93999481201172,205.4550018310547,2678.989990234375,138.628173828125
2024_7279,山陀兒颱風,闊葉樹林型,42.1729129867599,234168.75,2502290.92,246.7949981689453,83.93999481201172,205.4550018310547,2678.989990234375,138.628173828125
2024_7281,山陀兒颱風,闊葉樹林型,40.79858749551321,247021.26,2506427.75,260.3349914550781,87.08999633789062,207.5800018310547,2305.17626953125,132.13438415527344
2024_7282,山陀兒颱風,闊葉樹林型,36.94611005709807,245468.39,2511423.82,253.54998779296875,87.13499450683594,205.18499755859375,2227.70556640625,122.15391540527344
2024_7283,山陀兒颱風,闊葉樹林型,26.217612768234883,247522.63,2511674.16,253.54998779296875,87.13499450683594,205.18499755859375,2227.70556640625,122.15391540527344
2024_7284,山陀兒颱風,闊葉樹林型,46.242226022013895,245971.7,2511987.96,253.54998779296875,87.13499450683594,205.18499755859375,2227.70556640625,122.15391540527344
2024_7286,凱米颱風,闊葉樹林型,39.72788642801746,226217.82,2512785.89,277.5,178.864990234375,254.864990234375,3089.994384765625,176.77316284179688
2024_7287,山陀兒颱風,闊葉樹林型,38.67344937613533,244178.59,2513960.98,253.54998779296875,87.13499450683594,205.18499755859375,2659.226318359375,138.2041473388672
2024_7288,山陀兒颱風,闊葉樹林型,37.42543512676668,241585.93,2513806.38,253.54998779296875,87.13499450683594,205.18499755859375,2659.226318359375,138.2041473388672
2024_7289,山陀兒颱風,闊葉樹林型,38.67344937613533,245074.1,2514552.28,253.54998779296875,87.13499450683594,205.18499755859375,2227.70556640625,122.15391540527344
2024_7298,凱米颱風,闊葉樹林型,67.39006096862559,224376.13,2538528.87,288.2250061035156,168.4550018310547,261.56500244140625,2913.28076171875,173.29315185546875
2024_7299,凱米颱風,闊葉樹林型,32.51251731617002,219790.81,2541064.93,288.2250061035156,168.4550018310547,261.56500244140625,2914.75244140625,176.5850067138672
2024_7308,凱米颱風,闊葉樹林型,22.29512452730976,216375.26,2558834.05,320.6099853515625,165.9199981689453,291.32000732421875,2666.719482421875,172.3930206298828
2024_7309,凱米颱風,闊葉樹林型,34.32623881675949,216269.43,2558709.52,320.6099853515625,165.9199981689453,291.32000732421875,2666.719482421875,172.3930206298828
2024_7316,凱米颱風,闊葉樹林型,37.83331466287141,196079.05,2579451.14,275.5950012207031,127.9749984741211,252.29998779296875,2389.509765625,142.4990692138672
2024_7335,山陀兒颱風,闊葉樹林型,36.93089662022377,250703.57,2520613.62,270.1300048828125,93.71499633789062,213.4149932861328,2180.2763671875,123.4901351928711
2024_7336,山陀兒颱風,闊葉樹林型,37.90505895833579,248807.83,2520809.21,253.54998779296875,87.13499450683594,205.18499755859375,2545.1064453125,130.6017608642578
2024_7337,山陀兒颱風,闊葉樹林型,52.23008485684332,248585.72,2521190.23,253.54998779296875,87.13499450683594,205.18499755859375,2545.1064453125,130.6017608642578
2024_7339,山陀兒颱風,闊葉樹林型,24.748625315195834,245608.02,2523128.96,231.64498901367188,83.23500061035156,192.239990234375,2797.622802734375,138.75550842285156
2024_7340,山陀兒颱風,闊葉樹林型,45.22207888903144,245691.36,2522891.78,231.64498901367188,83.23500061035156,192.239990234375,2797.622802734375,138.75550842285156
2024_7341,山陀兒颱風,闊葉樹林型,58.43779702663479,242279.8,2524559.04,231.64498901367188,83.23500061035156,192.239990234375,2639.58642578125,125.33547973632812
2024_7342,山陀兒颱風,闊葉樹林型,36.08714706573126,247790.6,2525070.28,231.64498901367188,83.23500061035156,192.239990234375,2797.622802734375,138.75550842285156
2024_7347,山陀兒颱風,闊葉樹林型,57.35325103673055,242959.87,2530606.71,231.64498901367188,83.23500061035156,192.239990234375,2763.902587890625,134.30699157714844
2024_7349,山陀兒颱風,闊葉樹林型,35.14579037169356,243256.62,2532352.55,231.64498901367188,83.23500061035156,192.239990234375,2763.902587890625,134.30699157714844
2024_7351,山陀兒颱風,闊葉樹林型,54.616837161181344,248644.77,2533933.27,217.25999450683594,80.8699951171875,178.01499938964844,2796.07373046875,138.0121612548828
2024_7354,山陀兒颱風,闊葉樹林型,27.911980918711127,258941.7,2541428.04,234.87998962402344,95.98999786376953,197.92999267578125,2523.727294921875,136.40858459472656
2024_7355,山陀兒颱風,闊葉樹林型,38.467578148302174,256486.5,2541658.51,234.87998962402344,95.98999786376953,197.92999267578125,2523.727294921875,136.40858459472656
2024_7356,山陀兒颱風,闊葉樹林型,48.31014470482131,254803.27,2539800.15,234.87998962402344,95.98999786376953,197.92999267578125,2634.057861328125,132.86244201660156
2024_7358,山陀兒颱風,闊葉樹林型,32.51251731617002,258952.33,2541792.12,234.87998962402344,95.98999786376953,197.92999267578125,2523.727294921875,136.40858459472656
2024_7359,山陀兒颱風,闊葉樹林型,47.50354314022834,257928.94,2541842.73,234.87998962402344,95.98999786376953,197.92999267578125,2523.727294921875,136.40858459472656
2024_7361,山陀兒颱風,闊葉樹林型,60.05155287354485,251274.91,2543689.76,234.87998962402344,95.98999786376953,197.92999267578125,2634.057861328125,132.86244201660156
2024_7362,山陀兒颱風,闊葉樹林型,37.247373202381205,253195.56,2544129.69,234.87998962402344,95.98999786376953,197.92999267578125,2634.057861328125,132.86244201660156
2024_7364,山陀兒颱風,闊葉樹林型,49.65757771296781,251367.62,2544201.02,234.87998962402344,95.98999786376953,197.92999267578125,2634.057861328125,132.86244201660156
2024_7365,山陀兒颱風,闊葉樹林型,38.659808254090095,250796.8,2544437.51,220.3699951171875,92.79000091552734,183.4550018310547,1995.0562744140625,105.32012939453125
2024_7366,山陀兒颱風,闊葉樹林型,39.35384148704364,251084.56,2544732.46,220.3699951171875,92.79000091552734,183.4550018310547,1995.0562744140625,105.32012939453125
2024_7367,山陀兒颱風,闊葉樹林型,51.91379862024159,250049.87,2545170.92,203.46499633789062,86.41999816894531,170.56500244140625,2274.638916015625,117.55580139160156
2024_7368,山陀兒颱風,闊葉樹林型,58.347000987696106,251599.43,2548290.22,220.3699951171875,92.79000091552734,183.4550018310547,1995.0562744140625,105.32012939453125
2024_7369,山陀兒颱風,闊葉樹林型,42.6115260474372,250925.96,2548248.41,220.3699951171875,92.79000091552734,183.4550018310547,1995.0562744140625,105.32012939453125
2024_7373,山陀兒颱風,闊葉樹林型,19.560978490539632,252478.13,2553496.08,220.3699951171875,92.79000091552734,183.4550018310547,1362.900634765625,76.77689361572266
2024_7377,山陀兒颱風,闊葉樹林型,38.5639871373724,262630.16,2557325.37,213.70999145507812,101.81499481201172,175.7449951171875,2042.8485107421875,116.05941772460938
2024_7381,山陀兒颱風,闊葉樹林型,48.92370550330525,251141.14,2562006.18,197.84500122070312,91.23999786376953,164.864990234375,2340.789306640625,131.37274169921875
2024_7384,凱米颱風,闊葉樹林型,39.43197210676055,232488.91,2563294.99,290.22998046875,155.10499572753906,252.48500061035156,2766.05029296875,162.231689453125
2024_7386,凱米颱風,闊葉樹林型,42.25951228504015,233672.56,2562947.9,290.22998046875,155.10499572753906,252.48500061035156,2766.05029296875,162.231689453125
2024_7387,凱米颱風,闊葉樹林型,46.828403128015374,246598.83,2564462.45,282.0249938964844,159.5449981689453,246.5699920654297,2357.570556640625,129.73587036132812
2024_7388,凱米颱風,闊葉樹林型,63.612200038757,246823.85,2564548.74,282.0249938964844,159.5449981689453,246.5699920654297,2357.570556640625,129.73587036132812
2024_7389,凱米颱風,闊葉樹林型,27.806069555844164,231231.35,2564672.94,290.22998046875,155.10499572753906,252.48500061035156,2766.05029296875,162.231689453125
2024_7390,凱米颱風,闊葉樹林型,39.84215955425675,238695.72,2564818.78,290.22998046875,155.10499572753906,252.48500061035156,2586.2177734375,142.27951049804688
2024_7392,凱米颱風,闊葉樹林型,47.19310563582845,228724.46,2565509.0,300.3599853515625,161.1199951171875,270.92999267578125,2777.9365234375,169.5355224609375
2024_7397,山陀兒颱風,闊葉樹林型,44.48970525868108,255278.39,2568905.44,185.9099884033203,98.76499938964844,158.76499938964844,2458.736572265625,143.48196411132812
2024_7419,山陀兒颱風,闊葉樹林型,48.862926533030105,262415.15,2574283.99,207.2449951171875,101.35499572753906,167.83999633789062,2493.251953125,152.76788330078125
2024_7420,凱米颱風,闊葉樹林型,60.62579533803793,244050.01,2575003.94,285.75,144.09999084472656,255.90499877929688,2563.6611328125,140.51837158203125
2024_7426,凱米颱風,闊葉樹林型,39.22274642672917,242192.08,2576700.27,285.75,144.09999084472656,255.90499877929688,2563.6611328125,140.51837158203125
2024_7427,凱米颱風,闊葉樹林型,54.874045865479225,241443.89,2576548.12,285.75,144.09999084472656,255.90499877929688,2563.6611328125,140.51837158203125
2024_7428,凱米颱風,闊葉樹林型,42.68513943100698,232404.18,2577073.72,295.4100036621094,155.43499755859375,267.0400085449219,2418.293701171875,138.82501220703125
2024_7432,凱米颱風,闊葉樹林型,47.6228051913683,241638.58,2579502.68,287.3299865722656,143.34999084472656,264.3899841308594,2517.36474609375,134.92945861816406
2024_7435,山陀兒颱風,闊葉樹林型,63.515154641538125,265004.59,2582347.28,209.30499267578125,99.32499694824219,162.43499755859375,2416.94091796875,144.79763793945312
2024_7442,凱米颱風,闊葉樹林型,41.37023532050225,241851.83,2583469.76,287.3299865722656,143.34999084472656,264.3899841308594,2423.511474609375,137.80758666992188
2024_7446,山陀兒颱風,闊葉樹林型,40.376760812124,264523.83,2584196.12,209.30499267578125,99.32499694824219,162.43499755859375,2511.740966796875,142.35116577148438
2024_7455,山陀兒颱風,闊葉樹林型,37.11250830386473,260694.03,2586188.64,209.30499267578125,99.32499694824219,162.43499755859375,2511.740966796875,142.35116577148438
2024_7457,山陀兒颱風,闊葉樹林型,45.60472658302529,260762.26,2587131.8,209.30499267578125,99.32499694824219,162.43499755859375,2511.740966796875,142.35116577148438
2024_7460,凱米颱風,闊葉樹林型,32.985092758994966,228201.53,2587397.6,317.625,169.30999755859375,295.75,2655.336669921875,149.27206420898438
2024_7469,凱米颱風,闊葉樹林型,43.54110253900031,231911.6,2588808.15,304.1449890136719,149.70999145507812,287.4499816894531,2501.34765625,150.38238525390625
2024_7471,凱米颱風,闊葉樹林型,39.77877859061192,232088.44,2588456.33,314.6549987792969,167.114990234375,291.2599792480469,2483.99609375,139.27691650390625
2024_7483,凱米颱風,闊葉樹林型,50.46671273998633,235577.14,2591436.98,304.1449890136719,149.70999145507812,287.4499816894531,2419.028564453125,141.7389678955078
2024_7501,凱米颱風,闊葉樹林型,34.468683663334545,235935.69,2594214.0,304.1449890136719,149.70999145507812,287.4499816894531,2262.734130859375,118.11567687988281
2024_7524,凱米颱風,闊葉樹林型,46.88333444737181,242747.97,2608301.1,289.875,139.8300018310547,278.93499755859375,2416.623046875,128.63072204589844
2024_7530,山陀兒颱風,闊葉樹林型,30.269155243344123,268165.23,2540767.3,252.25999450683594,95.56499481201172,201.09500122070312,2036.0047607421875,125.8031005859375
2024_7533,山陀兒颱風,闊葉樹林型,26.217612768234883,269545.96,2544396.42,237.12998962402344,99.3499984741211,190.86000061035156,1758.6693115234375,108.10408020019531
2024_7534,山陀兒颱風,闊葉樹林型,24.748625315195834,271479.73,2544948.31,258.4549865722656,112.11000061035156,205.10499572753906,2094.242919921875,116.33453369140625
2024_7535,山陀兒颱風,闊葉樹林型,15.90987591526664,274266.4,2550621.42,258.4549865722656,112.11000061035156,205.10499572753906,2004.3348388671875,118.74603271484375
2024_7536,山陀兒颱風,闊葉樹林型,47.82172390517496,284048.2,2562894.47,240.85499572753906,91.82999420166016,181.25999450683594,2074.32373046875,132.308349609375
2024_7540,山陀兒颱風,闊葉樹林型,23.3434296829173,282286.18,2571232.4,211.39498901367188,87.3699951171875,165.08999633789062,2024.071533203125,137.7022247314453
2024_7541,山陀兒颱風,闊葉樹林型,32.965670984008376,273628.86,2571735.02,213.85499572753906,95.06499481201172,162.83999633789062,2094.354248046875,141.65664672851562
2024_7542,山陀兒颱風,闊葉樹林型,38.61881362583621,270203.04,2572683.35,207.2449951171875,101.35499572753906,167.83999633789062,2328.449951171875,156.06617736816406
2024_7543,山陀兒颱風,闊葉樹林型,25.034387530343444,270401.69,2572768.17,207.2449951171875,101.35499572753906,167.83999633789062,2328.449951171875,156.06617736816406
2024_7544,山陀兒颱風,闊葉樹林型,31.7353754997287,275331.91,2575290.08,213.85499572753906,95.06499481201172,162.83999633789062,2067.1142578125,145.43313598632812
2024_7545,山陀兒颱風,闊葉樹林型,52.083489898753946,275071.25,2576073.71,213.85499572753906,95.06499481201172,162.83999633789062,2067.1142578125,145.43313598632812
2024_7546,山陀兒颱風,闊葉樹林型,38.06176053983252,275563.73,2577178.56,213.85499572753906,95.06499481201172,162.83999633789062,2067.1142578125,145.43313598632812
2024_7547,山陀兒颱風,闊葉樹林型,25.43844441156941,291793.11,2577744.02,221.96499633789062,73.8949966430664,152.39999389648438,2111.184814453125,136.44265747070312
2024_7549,山陀兒颱風,闊葉樹林型,29.686933196903503,285833.74,2577823.82,218.8699951171875,81.45999908447266,163.30999755859375,1781.5130615234375,108.79041290283203
2024_7550,山陀兒颱風,闊葉樹林型,23.273326481355983,289097.28,2580617.11,218.8699951171875,81.45999908447266,163.30999755859375,2089.62841796875,132.9912872314453
2024_7551,康芮颱風,闊葉樹林型,28.810793742973065,290871.49,2582194.38,82.43999481201172,74.51000213623047,82.43999481201172,2089.62841796875,132.9912872314453
2024_7552,康芮颱風,闊葉樹林型,27.26604445073282,290615.45,2582715.18,82.43999481201172,74.51000213623047,82.43999481201172,2089.62841796875,132.9912872314453
2024_7554,康芮颱風,闊葉樹林型,21.211450322740603,267129.13,2586377.38,58.10499954223633,52.375,58.10499954223633,2533.548583984375,165.17140197753906
2024_7555,康芮颱風,闊葉樹林型,31.7353754997287,267138.1,2586168.48,58.10499954223633,52.375,58.10499954223633,2533.548583984375,165.17140197753906
2024_7556,康芮颱風,闊葉樹林型,38.32881810145589,291308.44,2586860.28,92.90999603271484,82.60499572753906,92.90999603271484,2243.28564453125,133.3863067626953
2024_7557,康芮颱風,闊葉樹林型,35.264389682754654,271067.65,2587038.01,73.04499816894531,66.81999969482422,73.04499816894531,2521.49609375,159.008544921875
2024_7563,康芮颱風,闊葉樹林型,68.2350494255767,295117.32,2592238.44,86.04000091552734,75.01000213623047,86.04000091552734,2238.930419921875,141.46469116210938
2024_7564,山陀兒颱風,闊葉樹林型,44.7288802769619,296759.83,2595394.43,221.59500122070312,78.32499694824219,156.84500122070312,2154.465576171875,143.8412322998047
2024_7565,山陀兒颱風,闊葉樹林型,57.64957050768363,275915.81,2596273.52,200.77999877929688,85.50999450683594,154.96499633789062,2247.890380859375,135.7090606689453
2024_7566,山陀兒颱風,闊葉樹林型,28.40597188009524,276633.69,2596821.09,200.77999877929688,85.50999450683594,154.96499633789062,2247.890380859375,135.7090606689453
2024_7567,山陀兒颱風,闊葉樹林型,37.83331466287141,274098.83,2597029.26,200.77999877929688,85.50999450683594,154.96499633789062,2697.459716796875,170.0337371826172
2024_7568,山陀兒颱風,闊葉樹林型,34.21858270764896,276106.95,2598761.23,200.77999877929688,85.50999450683594,154.96499633789062,2247.890380859375,135.7090606689453
2024_7569,康芮颱風,闊葉樹林型,27.565248984490395,292122.84,2599359.36,86.04000091552734,75.01000213623047,86.04000091552734,2088.066162109375,136.9495086669922
2024_7572,山陀兒颱風,闊葉樹林型,59.02928977942929,270251.43,2602242.66,185.875,84.57999420166016,149.89498901367188,2374.764404296875,136.85586547851562
2024_7573,康芮颱風,闊葉樹林型,71.13057296207822,294250.16,2602759.91,89.04000091552734,79.07499694824219,89.04000091552734,1965.8260498046875,120.82568359375
2024_7574,康芮颱風,闊葉樹林型,56.6712422025098,280917.04,2602761.24,75.92499542236328,68.44499969482422,75.92499542236328,2137.846923828125,150.51254272460938
2024_7578,康芮颱風,闊葉樹林型,49.70211194894343,282946.1,2604557.4,75.92499542236328,68.44499969482422,75.92499542236328,2137.846923828125,150.51254272460938
2024_7579,康芮颱風,闊葉樹林型,36.62354905164433,281646.42,2604951.9,75.92499542236328,68.44499969482422,75.92499542236328,2137.846923828125,150.51254272460938
2024_7581,康芮颱風,闊葉樹林型,25.530275981014736,294620.89,2605601.47,89.04000091552734,79.07499694824219,89.04000091552734,2000.1451416015625,130.2339324951172
2024_7583,康芮颱風,闊葉樹林型,33.425567049364545,282346.74,2605872.77,75.92499542236328,68.44499969482422,75.92499542236328,2298.92041015625,137.5152587890625
2024_7586,康芮颱風,闊葉樹林型,44.973117396971325,293943.45,2606438.38,89.04000091552734,79.07499694824219,89.04000091552734,2000.1451416015625,130.2339324951172
2024_7588,康芮颱風,闊葉樹林型,33.10114358966526,284746.61,2606732.7,75.92499542236328,68.44499969482422,75.92499542236328,2298.92041015625,137.5152587890625
2024_7589,康芮颱風,闊葉樹林型,44.359258950107865,279742.97,2607721.33,66.16999816894531,60.2599983215332,66.16999816894531,2432.95361328125,139.78724670410156
2024_7591,康芮颱風,闊葉樹林型,35.16278633434701,281044.86,2609379.69,75.92499542236328,68.44499969482422,75.92499542236328,2298.92041015625,137.5152587890625
2024_7619,凱米颱風,闊葉樹林型,37.790111559066204,239334.07,2617593.5,298.2200012207031,163.39500427246094,289.4549865722656,2241.6083984375,131.99200439453125
2024_7630,凱米颱風,闊葉樹林型,39.96814794983898,242221.17,2619560.79,286.1349792480469,145.53500366210938,274.30499267578125,2301.100830078125,117.92032623291016
2024_7638,康芮颱風,闊葉樹林型,27.726186750640903,264386.36,2620720.61,104.625,95.3699951171875,104.625,1674.802001953125,90.57408905029297
2024_7643,凱米颱風,闊葉樹林型,52.83925808653754,244863.99,2627891.44,272.864990234375,150.23500061035156,265.3450012207031,2252.82666015625,120.58001708984375
2024_7644,凱米颱風,闊葉樹林型,36.326005581723855,245793.58,2629810.2,272.864990234375,150.23500061035156,265.3450012207031,2312.970458984375,119.92552947998047
2024_7650,凱米颱風,闊葉樹林型,43.59051881270964,261343.35,2632021.29,261.4750061035156,149.97499084472656,250.72999572753906,2051.93212890625,107.697265625
2024_7660,凱米颱風,闊葉樹林型,49.759148061585286,261098.97,2658682.4,217.52999877929688,116.00999450683594,208.93499755859375,2563.44970703125,163.0745849609375
2024_7661,凱米颱風,闊葉樹林型,70.7636031657137,246705.09,2663806.47,214.125,99.2449951171875,207.3300018310547,1948.8656005859375,118.5080337524414
2024_7664,凱米颱風,闊葉樹林型,49.60649504265275,257657.35,2668511.37,216.26998901367188,95.20999908447266,205.8699951171875,2417.7392578125,157.3908233642578
2024_7686,凱米颱風,闊葉樹林型,43.02734418130678,251349.82,2714384.33,170.06500244140625,78.25499725341797,155.3300018310547,2163.37353515625,149.95419311523438
2024_7697,康芮颱風,闊葉樹林型,42.862412092456296,270004.94,2617132.85,104.625,95.3699951171875,104.625,1984.651123046875,110.66341400146484
2024_7700,康芮颱風,闊葉樹林型,12.97935049792772,277974.18,2620296.92,71.20500183105469,64.8499984741211,71.20500183105469,2649.400146484375,138.68931579589844
2024_7705,山陀兒颱風,闊葉樹林型,31.50340488200827,281395.65,2623351.97,165.2949981689453,76.0250015258789,128.2550048828125,2678.929443359375,146.88833618164062
2024_7713,山陀兒颱風,闊葉樹林型,54.75247894928766,279420.13,2624308.16,151.45999145507812,68.0199966430664,119.73500061035156,2771.251220703125,147.7129364013672
2024_7720,康芮颱風,闊葉樹林型,36.00673320377918,279892.62,2624124.72,78.44999694824219,69.55500030517578,78.44999694824219,2771.251220703125,147.7129364013672
2024_7722,山陀兒颱風,闊葉樹林型,48.91696599526741,278995.34,2624007.6,151.45999145507812,68.0199966430664,119.73500061035156,2771.251220703125,147.7129364013672
2024_7723,康芮颱風,闊葉樹林型,50.35244962873107,279608.72,2623779.97,78.44999694824219,69.55500030517578,78.44999694824219,2771.251220703125,147.7129364013672
2024_7724,山陀兒颱風,闊葉樹林型,52.764751982550656,279674.99,2624332.49,151.45999145507812,68.0199966430664,119.73500061035156,2771.251220703125,147.7129364013672
2024_7725,山陀兒颱風,闊葉樹林型,49.85365752782776,279729.02,2624039.55,151.45999145507812,68.0199966430664,119.73500061035156,2771.251220703125,147.7129364013672
2024_7731,康芮颱風,闊葉樹林型,38.467578148302174,279707.28,2627309.56,78.44999694824219,69.55500030517578,78.44999694824219,2771.251220703125,147.7129364013672
2024_7736,康芮颱風,闊葉樹林型,40.7628826356304,278883.42,2629129.62,78.44999694824219,69.55500030517578,78.44999694824219,2447.114990234375,149.9739532470703
2024_7740,康芮颱風,闊葉樹林型,53.76815218935145,281848.43,2630034.69,77.66999816894531,69.625,77.66999816894531,2431.345703125,157.89122009277344
2024_7744,康芮颱風,闊葉樹林型,59.539868696056224,280291.21,2630348.1,78.44999694824219,69.55500030517578,78.44999694824219,2447.114990234375,149.9739532470703
2024_7745,康芮颱風,闊葉樹林型,41.18592516570965,278034.81,2630330.31,78.44999694824219,69.55500030517578,78.44999694824219,2447.114990234375,149.9739532470703
2024_7746,康芮颱風,闊葉樹林型,32.25075657991223,284234.78,2630790.46,77.66999816894531,69.625,77.66999816894531,2431.345703125,157.89122009277344
2024_7748,康芮颱風,闊葉樹林型,36.00673320377917,283885.11,2630854.62,77.66999816894531,69.625,77.66999816894531,2431.345703125,157.89122009277344
2024_7750,康芮颱風,闊葉樹林型,41.98721249581666,278943.91,2631789.16,78.44999694824219,69.55500030517578,78.44999694824219,2447.114990234375,149.9739532470703
2024_7751,康芮颱風,闊葉樹林型,48.77464150584575,280314.69,2632117.62,78.44999694824219,69.55500030517578,78.44999694824219,2447.114990234375,149.9739532470703
2024_7752,山陀兒颱風,闊葉樹林型,62.850318302216834,285836.43,2632583.57,165.2949981689453,76.0250015258789,128.2550048828125,2384.85400390625,147.62538146972656
2024_7753,康芮颱風,闊葉樹林型,42.779253086391705,280397.01,2632625.93,78.44999694824219,69.55500030517578,78.44999694824219,2447.114990234375,149.9739532470703
2024_7754,康芮颱風,闊葉樹林型,34.73245644172311,278678.15,2633181.81,119.2699966430664,109.05999755859375,119.2699966430664,2476.8828125,145.62222290039062
2024_7756,山陀兒颱風,闊葉樹林型,26.849053663953967,278407.93,2634247.63,145.1999969482422,55.8599967956543,103.8499984741211,2476.8828125,145.62222290039062
2024_7757,山陀兒颱風,闊葉樹林型,36.08714706573126,286586.02,2634312.56,131.9149932861328,51.02000045776367,95.73999786376953,2202.935791015625,140.18649291992188
2024_7758,康芮颱風,闊葉樹林型,46.70202219648135,281063.98,2634385.17,97.03499603271484,81.31999969482422,97.03499603271484,2511.476806640625,147.00294494628906
2024_7762,康芮颱風,闊葉樹林型,39.156783218304696,284623.48,2635974.14,97.03499603271484,81.31999969482422,97.03499603271484,2511.476806640625,147.00294494628906
2024_7763,康芮颱風,闊葉樹林型,30.337664384844903,282903.39,2636157.37,97.03499603271484,81.31999969482422,97.03499603271484,2511.476806640625,147.00294494628906
2024_7764,康芮颱風,闊葉樹林型,31.05129356595241,289887.22,2636444.24,97.03499603271484,81.31999969482422,97.03499603271484,2202.935791015625,140.18649291992188
2024_7768,康芮颱風,闊葉樹林型,51.67662497854497,289178.09,2637130.21,97.03499603271484,81.31999969482422,97.03499603271484,2202.935791015625,140.18649291992188
2024_7769,康芮颱風,闊葉樹林型,35.009177890477666,295096.63,2637342.27,91.40499877929688,82.86499786376953,91.40499877929688,2029.55908203125,130.66796875
2024_7770,康芮颱風,闊葉樹林型,33.197229942878394,277906.81,2637414.2,119.2699966430664,109.05999755859375,119.2699966430664,2476.8828125,145.62222290039062
2024_7771,康芮颱風,闊葉樹林型,48.082496179513946,285566.87,2637682.81,97.03499603271484,81.31999969482422,97.03499603271484,2511.476806640625,147.00294494628906
2024_7772,康芮颱風,闊葉樹林型,48.2535920083675,289291.02,2637798.54,97.03499603271484,81.31999969482422,97.03499603271484,2202.935791015625,140.18649291992188
2024_7773,康芮颱風,闊葉樹林型,35.565430802303304,286756.91,2637835.21,97.03499603271484,81.31999969482422,97.03499603271484,2202.935791015625,140.18649291992188
2024_7776,康芮颱風,闊葉樹林型,35.39887735323683,286518.18,2637902.55,97.03499603271484,81.31999969482422,97.03499603271484,2202.935791015625,140.18649291992188
2024_7778,康芮颱風,闊葉樹林型,39.26219086021912,290887.0,2638363.83,91.40499877929688,82.86499786376953,91.40499877929688,2029.55908203125,130.66796875
2024_7779,康芮颱風,闊葉樹林型,31.18173575791572,290375.95,2637990.58,97.03499603271484,81.31999969482422,97.03499603271484,2202.935791015625,140.18649291992188
2024_7786,康芮颱風,闊葉樹林型,46.68614334171695,273879.18,2640431.79,119.2699966430664,109.05999755859375,119.2699966430664,2503.506591796875,143.71511840820312
2024_7787,康芮颱風,闊葉樹林型,23.58638143384095,273697.57,2640262.99,119.2699966430664,109.05999755859375,119.2699966430664,2503.506591796875,143.71511840820312
2024_7798,康芮颱風,闊葉樹林型,39.22274642672917,287644.59,2642357.58,97.03499603271484,81.31999969482422,97.03499603271484,2220.61083984375,124.09061431884766
2024_7799,康芮颱風,闊葉樹林型,48.11116319293781,281741.02,2642664.52,97.03499603271484,81.31999969482422,97.03499603271484,2462.13525390625,142.64247131347656
2024_7804,康芮颱風,闊葉樹林型,38.453757061620536,283237.85,2643297.41,97.03499603271484,81.31999969482422,97.03499603271484,2462.13525390625,142.64247131347656
2024_7807,康芮颱風,闊葉樹林型,29.034220452471416,295996.14,2643710.29,91.40499877929688,82.86499786376953,91.40499877929688,1849.251953125,126.7243881225586
2024_7809,康芮颱風,闊葉樹林型,53.37679384320907,288651.32,2644049.57,121.12999725341797,107.79000091552734,121.12999725341797,2090.37939453125,122.56769561767578
2024_7812,康芮颱風,闊葉樹林型,50.54431139069511,292433.18,2644543.73,88.57499694824219,78.25499725341797,88.57499694824219,2032.21435546875,125.89407348632812
2024_7821,康芮颱風,闊葉樹林型,42.76882539196875,289938.91,2645511.87,121.12999725341797,107.79000091552734,121.12999725341797,2090.37939453125,122.56769561767578
2024_7826,康芮颱風,闊葉樹林型,52.025420148370834,286643.81,2646758.47,121.12999725341797,107.79000091552734,121.12999725341797,2090.37939453125,122.56769561767578
2024_7829,凱米颱風,闊葉樹林型,34.03756281454756,274482.65,2647134.1,237.8699951171875,133.77499389648438,225.45999145507812,2772.131103515625,156.80596923828125
2024_7833,凱米颱風,闊葉樹林型,37.790111559066204,269712.48,2648541.55,237.85499572753906,125.29999542236328,230.33999633789062,2654.02197265625,161.9046173095703
2024_7834,凱米颱風,闊葉樹林型,37.29207573526101,269048.93,2648563.19,237.85499572753906,125.29999542236328,230.33999633789062,2654.02197265625,161.9046173095703
2024_7835,凱米颱風,闊葉樹林型,35.264389682754654,275197.06,2648703.47,237.8699951171875,133.77499389648438,225.45999145507812,2772.131103515625,156.80596923828125
2024_7841,凱米颱風,闊葉樹林型,45.22207888903144,269716.77,2649128.48,237.85499572753906,125.29999542236328,230.33999633789062,2654.02197265625,161.9046173095703
2024_7846,凱米颱風,闊葉樹林型,39.72788642801746,269474.45,2649884.93,237.85499572753906,125.29999542236328,230.33999633789062,2956.697998046875,204.0238494873047
2024_7848,凱米颱風,闊葉樹林型,25.530275981014736,273442.38,2649833.98,237.8699951171875,133.77499389648438,225.45999145507812,3152.863037109375,156.8460235595703
2024_7850,康芮颱風,闊葉樹林型,53.07950451918269,291581.94,2649922.5,88.57499694824219,78.25499725341797,88.57499694824219,1986.802001953125,125.88800048828125
2024_7851,康芮颱風,闊葉樹林型,45.318709921376175,291485.16,2649711.85,88.57499694824219,78.25499725341797,88.57499694824219,1986.802001953125,125.88800048828125
2024_7853,凱米颱風,闊葉樹林型,44.8650800832348,275343.56,2650223.17,237.8699951171875,133.77499389648438,225.45999145507812,3152.863037109375,156.8460235595703
2024_7856,凱米颱風,闊葉樹林型,26.246849689869403,273216.69,2650389.7,237.8699951171875,133.77499389648438,225.45999145507812,3152.863037109375,156.8460235595703
2024_7857,凱米颱風,闊葉樹林型,36.94611005709807,274636.27,2650422.1,237.8699951171875,133.77499389648438,225.45999145507812,3152.863037109375,156.8460235595703
2024_7859,凱米颱風,闊葉樹林型,48.75418465890979,274375.19,2650329.27,237.8699951171875,133.77499389648438,225.45999145507812,3152.863037109375,156.8460235595703
2024_7861,凱米颱風,闊葉樹林型,27.806069555844164,273362.56,2650548.38,237.8699951171875,133.77499389648438,225.45999145507812,3152.863037109375,156.8460235595703
2024_7863,凱米颱風,闊葉樹林型,39.53553952464218,275498.3,2650787.31,237.8699951171875,133.77499389648438,225.45999145507812,3152.863037109375,156.8460235595703
2024_7865,凱米颱風,闊葉樹林型,36.08714706573126,271566.97,2650921.66,237.8699951171875,133.77499389648438,225.45999145507812,3152.863037109375,156.8460235595703
2024_7866,凱米颱風,闊葉樹林型,40.36453657309736,274781.92,2650951.57,237.8699951171875,133.77499389648438,225.45999145507812,3152.863037109375,156.8460235595703
2024_7867,凱米颱風,闊葉樹林型,33.10114358966526,266682.15,2650690.25,237.85499572753906,125.29999542236328,230.33999633789062,2956.697998046875,204.0238494873047
2024_7871,凱米颱風,闊葉樹林型,30.337664384844903,274900.87,2651234.54,237.8699951171875,133.77499389648438,225.45999145507812,3152.863037109375,156.8460235595703
2024_7878,凱米颱風,闊葉樹林型,35.59853666783391,268313.3,2651689.06,237.85499572753906,125.29999542236328,230.33999633789062,2956.697998046875,204.0238494873047
2024_7881,凱米颱風,闊葉樹林型,32.31153323742385,271766.4,2651830.73,237.8699951171875,133.77499389648438,225.45999145507812,3152.863037109375,156.8460235595703
2024_7882,凱米颱風,闊葉樹林型,22.59136070457113,267263.03,2651992.6,237.85499572753906,125.29999542236328,230.33999633789062,2956.697998046875,204.0238494873047
2024_7886,凱米颱風,闊葉樹林型,31.18173575791572,269649.77,2652277.18,237.85499572753906,125.29999542236328,230.33999633789062,2956.697998046875,204.0238494873047
2024_7892,凱米颱風,闊葉樹林型,46.43767472695269,272545.63,2652594.27,237.8699951171875,133.77499389648438,225.45999145507812,3152.863037109375,156.8460235595703
2024_7893,康芮颱風,闊葉樹林型,37.67432421467949,285375.26,2652801.23,121.12999725341797,107.79000091552734,121.12999725341797,2503.708984375,123.4659194946289
2024_7897,康芮颱風,闊葉樹林型,34.78470182920318,297279.38,2652948.91,88.57499694824219,78.25499725341797,88.57499694824219,2082.81787109375,138.217529296875
2024_7898,凱米颱風,闊葉樹林型,24.68442966726714,273416.38,2652965.84,237.8699951171875,133.77499389648438,225.45999145507812,3152.863037109375,156.8460235595703
2024_7901,凱米颱風,闊葉樹林型,21.95499883223757,268515.17,2653158.43,237.85499572753906,125.29999542236328,230.33999633789062,2956.697998046875,204.0238494873047
2024_7902,凱米颱風,闊葉樹林型,38.99732513321522,271600.42,2652600.14,237.8699951171875,133.77499389648438,225.45999145507812,3152.863037109375,156.8460235595703
2024_7903,凱米颱風,闊葉樹林型,45.22207888903144,271232.0,2652379.05,237.8699951171875,133.77499389648438,225.45999145507812,3152.863037109375,156.8460235595703
2024_7904,康芮颱風,闊葉樹林型,36.5924873189136,285774.39,2653158.92,121.12999725341797,107.79000091552734,121.12999725341797,1718.05224609375,108.5896987915039
2024_7905,康芮颱風,闊葉樹林型,51.34578033770092,293065.8,2653343.31,88.57499694824219,78.25499725341797,88.57499694824219,1986.802001953125,125.88800048828125
2024_7907,康芮颱風,闊葉樹林型,50.22496814932187,301041.72,2653429.68,82.4749984741211,78.03499603271484,82.4749984741211,1926.75244140625,139.1632537841797
2024_7908,凱米颱風,闊葉樹林型,38.467578148302174,279487.95,2653471.54,237.8699951171875,133.77499389648438,225.45999145507812,2958.65625,162.92788696289062
2024_7911,康芮颱風,闊葉樹林型,36.34180401854167,281488.09,2653630.39,121.12999725341797,107.79000091552734,121.12999725341797,2503.708984375,123.4659194946289
2024_7912,康芮颱風,闊葉樹林型,41.86581899605287,295308.49,2653653.47,88.57499694824219,78.25499725341797,88.57499694824219,1986.802001953125,125.88800048828125
2024_7914,康芮颱風,闊葉樹林型,67.8443737355605,285633.85,2653846.05,121.12999725341797,107.79000091552734,121.12999725341797,2503.708984375,123.4659194946289
2024_7917,康芮颱風,闊葉樹林型,56.60349863455568,284797.36,2653902.75,121.12999725341797,107.79000091552734,121.12999725341797,2503.708984375,123.4659194946289
2024_7919,凱米颱風,闊葉樹林型,38.04757894764742,269025.14,2654122.95,237.85499572753906,125.29999542236328,230.33999633789062,2956.697998046875,204.0238494873047
2024_7923,凱米颱風,闊葉樹林型,37.29207573526101,270391.16,2655004.69,237.85499572753906,125.29999542236328,230.33999633789062,2956.697998046875,204.0238494873047
2024_7924,凱米颱風,闊葉樹林型,24.359555875506427,266745.29,2655241.38,217.52999877929688,116.00999450683594,208.93499755859375,2940.666748046875,165.9717559814453
2024_7927,凱米颱風,闊葉樹林型,32.57233714755203,272913.63,2655690.66,218.00498962402344,122.41500091552734,205.40499877929688,3239.04736328125,160.2562255859375
2024_7928,凱米颱風,闊葉樹林型,17.5484006137923,272196.42,2655276.69,218.00498962402344,122.41500091552734,205.40499877929688,3239.04736328125,160.2562255859375
2024_7929,凱米颱風,闊葉樹林型,38.71430174309542,272331.64,2655496.79,218.00498962402344,122.41500091552734,205.40499877929688,3239.04736328125,160.2562255859375
2024_7932,凱米颱風,闊葉樹林型,21.251492955248168,274269.16,2655801.11,218.00498962402344,122.41500091552734,205.40499877929688,3239.04736328125,160.2562255859375
2024_7935,凱米颱風,闊葉樹林型,29.92228709167213,273377.18,2656361.42,218.00498962402344,122.41500091552734,205.40499877929688,3239.04736328125,160.2562255859375
2024_7936,康芮颱風,闊葉樹林型,37.48434900054385,283707.58,2656514.76,106.43000030517578,99.67499542236328,106.43000030517578,2648.472900390625,151.1837158203125
2024_7938,凱米颱風,闊葉樹林型,40.7628826356304,273466.56,2656727.91,218.00498962402344,122.41500091552734,205.40499877929688,3239.04736328125,160.2562255859375
2024_7940,康芮颱風,闊葉樹林型,37.60152555834086,295616.41,2657060.6,125.51499938964844,114.44499969482422,125.51499938964844,2381.613525390625,137.01673889160156
2024_7943,凱米颱風,闊葉樹林型,44.4246291370315,275327.62,2657984.92,218.00498962402344,122.41500091552734,205.40499877929688,3239.04736328125,160.2562255859375
2024_7945,康芮颱風,闊葉樹林型,42.68513943100698,287814.7,2658383.7,106.43000030517578,99.67499542236328,106.43000030517578,2330.667236328125,145.41802978515625
2024_7946,康芮颱風,闊葉樹林型,46.25042447061119,297949.19,2658419.7,125.51499938964844,114.44499969482422,125.51499938964844,2146.370361328125,133.07498168945312
2024_7947,康芮颱風,闊葉樹林型,46.74955008573651,289436.2,2658675.46,106.43000030517578,99.67499542236328,106.43000030517578,2330.667236328125,145.41802978515625
2024_7948,凱米颱風,闊葉樹林型,42.89347697966648,274645.85,2658798.92,218.00498962402344,122.41500091552734,205.40499877929688,3239.04736328125,160.2562255859375
2024_7949,凱米颱風,闊葉樹林型,33.10114358966526,272220.17,2658811.05,218.00498962402344,122.41500091552734,205.40499877929688,3239.04736328125,160.2562255859375
2024_7953,凱米颱風,闊葉樹林型,31.83974832021572,274434.87,2659280.1,218.00498962402344,122.41500091552734,205.40499877929688,3239.04736328125,160.2562255859375
2024_7955,凱米颱風,闊葉樹林型,37.247373202381205,267044.16,2659638.08,217.52999877929688,116.00999450683594,208.93499755859375,2940.666748046875,165.9717559814453
2024_7956,康芮颱風,闊葉樹林型,33.50097823942329,284431.91,2659820.25,106.43000030517578,99.67499542236328,106.43000030517578,2648.472900390625,151.1837158203125
2024_7958,凱米颱風,闊葉樹林型,32.087580878338315,272643.27,2659960.48,218.00498962402344,122.41500091552734,205.40499877929688,3239.04736328125,160.2562255859375
2024_7959,凱米颱風,闊葉樹林型,45.35368663627471,267869.73,2660418.12,217.52999877929688,116.00999450683594,208.93499755859375,2940.666748046875,165.9717559814453
2024_7961,康芮颱風,闊葉樹林型,33.59475678656656,284540.49,2661410.21,106.43000030517578,99.67499542236328,106.43000030517578,2593.458740234375,148.11077880859375
2024_7962,康芮颱風,闊葉樹林型,48.50622597171452,285731.37,2661474.65,106.43000030517578,99.67499542236328,106.43000030517578,2402.202392578125,138.066162109375
2024_7964,康芮颱風,闊葉樹林型,44.48970525868108,303685.07,2662085.47,85.82499694824219,80.51000213623047,85.82499694824219,2347.9912109375,151.24337768554688
2024_7965,凱米颱風,闊葉樹林型,43.271344818790695,285276.54,2662123.74,220.67999267578125,111.57499694824219,196.7899932861328,2593.458740234375,148.11077880859375
2024_7970,凱米颱風,闊葉樹林型,42.59042663590696,284428.73,2663042.59,220.67999267578125,111.57499694824219,196.7899932861328,2593.458740234375,148.11077880859375
2024_7971,凱米颱風,闊葉樹林型,49.077776885970245,305042.34,2663429.25,229.5399932861328,134.27999877929688,202.08999633789062,2347.9912109375,151.24337768554688
2024_7973,康芮颱風,闊葉樹林型,41.776914051774654,300124.74,2663750.71,125.51499938964844,114.44499969482422,125.51499938964844,2287.12841796875,145.52923583984375
2024_7974,康芮颱風,闊葉樹林型,48.56172665223335,301040.75,2663907.33,85.82499694824219,80.51000213623047,85.82499694824219,2347.9912109375,151.24337768554688
2024_7975,康芮颱風,闊葉樹林型,35.39887735323683,296464.42,2664574.46,125.51499938964844,114.44499969482422,125.51499938964844,2287.12841796875,145.52923583984375
2024_7985,康芮颱風,闊葉樹林型,49.4001497070858,299402.2,2665908.44,125.51499938964844,114.44499969482422,125.51499938964844,2287.12841796875,145.52923583984375
2024_7989,康芮颱風,闊葉樹林型,48.77464150584575,298425.18,2666384.75,129.58999633789062,120.43499755859375,129.58999633789062,2337.49755859375,135.8145751953125
2024_7990,康芮颱風,闊葉樹林型,46.5263493090976,298832.37,2666420.11,129.58999633789062,120.43499755859375,129.58999633789062,2337.49755859375,135.8145751953125
2024_7993,凱米颱風,闊葉樹林型,29.686933196903503,308388.39,2667088.37,237.12998962402344,130.489990234375,207.25,2391.130615234375,155.60317993164062
2024_8000,康芮颱風,闊葉樹林型,42.16205280597383,305897.79,2669242.6,161.25498962402344,152.09500122070312,161.25498962402344,2527.42138671875,145.05987548828125
2024_8003,康芮颱風,闊葉樹林型,40.14282338749769,303850.07,2669423.56,161.25498962402344,152.09500122070312,161.25498962402344,2527.42138671875,145.05987548828125
2024_8007,康芮颱風,闊葉樹林型,50.68634772701184,292779.06,2669944.88,129.58999633789062,120.43499755859375,129.58999633789062,2369.746826171875,143.9454345703125
2024_8018,康芮颱風,闊葉樹林型,53.47584270457802,291109.02,2674538.64,129.58999633789062,120.43499755859375,129.58999633789062,2353.409423828125,141.65667724609375
2024_8020,康芮颱風,闊葉樹林型,55.9060292348161,297907.51,2675533.43,129.58999633789062,120.43499755859375,129.58999633789062,2352.610595703125,151.37234497070312
2024_8021,康芮颱風,闊葉樹林型,37.83331466287141,296945.69,2675583.3,129.58999633789062,120.43499755859375,129.58999633789062,2352.610595703125,151.37234497070312
2024_8022,康芮颱風,闊葉樹林型,45.01789374866915,297893.58,2675762.67,129.58999633789062,120.43499755859375,129.58999633789062,2352.610595703125,151.37234497070312
2024_8024,康芮颱風,闊葉樹林型,42.93479585813085,296986.09,2676794.51,129.58999633789062,120.43499755859375,129.58999633789062,2352.610595703125,151.37234497070312
2024_8031,康芮颱風,闊葉樹林型,42.18376530657795,298557.4,2679039.17,175.375,166.9250030517578,175.375,2229.95703125,142.79437255859375
2024_8033,康芮颱風,闊葉樹林型,62.308670937238745,291105.29,2679086.01,175.375,166.9250030517578,175.375,2387.092529296875,136.10618591308594
2024_8036,凱米颱風,闊葉樹林型,63.2119280670548,317759.22,2679617.8,248.23500061035156,156.11000061035156,223.11000061035156,2427.614501953125,154.3777618408203
2024_8038,凱米颱風,闊葉樹林型,40.70318870066343,314531.53,2680256.38,248.23500061035156,156.11000061035156,223.11000061035156,2401.970947265625,151.73062133789062
2024_8039,康芮颱風,闊葉樹林型,52.03599855755548,292917.68,2681331.58,175.375,166.9250030517578,175.375,2387.092529296875,136.10618591308594
2024_8041,康芮颱風,闊葉樹林型,43.59051881270964,294737.08,2681447.69,175.375,166.9250030517578,175.375,2387.092529296875,136.10618591308594
2024_8042,康芮颱風,闊葉樹林型,41.46155762076173,298609.98,2681555.28,175.375,166.9250030517578,175.375,2229.95703125,142.79437255859375
2024_8043,康芮颱風,闊葉樹林型,50.54431139069511,309313.9,2681755.09,180.08499145507812,171.09999084472656,180.08499145507812,2250.34912109375,131.48985290527344
2024_8044,康芮颱風,闊葉樹林型,42.302624878481225,294113.58,2681717.0,175.375,166.9250030517578,175.375,2387.092529296875,136.10618591308594
2024_8046,康芮颱風,闊葉樹林型,40.327805440220686,309140.95,2681884.59,180.08499145507812,171.09999084472656,180.08499145507812,2250.34912109375,131.48985290527344
2024_8048,凱米颱風,闊葉樹林型,56.309932474020215,319368.61,2682057.95,248.23500061035156,156.11000061035156,223.11000061035156,2427.614501953125,154.3777618408203
2024_8052,康芮颱風,闊葉樹林型,20.387669768422825,302543.65,2683013.8,180.08499145507812,171.09999084472656,180.08499145507812,2352.1640625,140.07826232910156
2024_8055,康芮颱風,闊葉樹林型,40.9523515915937,302005.07,2683319.61,180.08499145507812,171.09999084472656,180.08499145507812,2352.1640625,140.07826232910156
2024_8056,康芮颱風,闊葉樹林型,42.302624878481225,301815.14,2683341.83,180.08499145507812,171.09999084472656,180.08499145507812,2352.1640625,140.07826232910156
2024_8057,凱米颱風,闊葉樹林型,37.83331466287141,291324.47,2684833.6,201.5699920654297,114.98500061035156,180.7449951171875,2679.881591796875,156.8087615966797
2024_8059,凱米颱風,闊葉樹林型,42.76882539196875,315416.38,2685123.68,248.23500061035156,156.11000061035156,223.11000061035156,2337.134521484375,137.57943725585938
2024_8060,康芮颱風,闊葉樹林型,68.19859051364818,292944.28,2685476.21,175.375,166.9250030517578,175.375,2679.881591796875,156.8087615966797
2024_8063,康芮颱風,闊葉樹林型,57.704631742407365,299974.64,2687424.11,175.375,166.9250030517578,175.375,2602.125244140625,151.9195098876953
2024_8065,康芮颱風,闊葉樹林型,24.748625315195834,301900.17,2687553.55,180.08499145507812,171.09999084472656,180.08499145507812,2352.1640625,140.07826232910156
2024_8068,康芮颱風,闊葉樹林型,39.35384148704364,300068.73,2687855.55,175.375,166.9250030517578,175.375,2602.125244140625,151.9195098876953
2024_8075,康芮颱風,闊葉樹林型,54.710261191324,307669.9,2691008.24,108.95499420166016,97.56999969482422,108.95499420166016,2348.517333984375,138.66358947753906
2024_8076,康芮颱風,闊葉樹林型,44.8650800832348,308020.58,2691146.13,108.95499420166016,97.56999969482422,108.95499420166016,2348.517333984375,138.66358947753906
2024_8077,康芮颱風,闊葉樹林型,53.6992028235353,313729.66,2691065.52,163.52999877929688,150.73500061035156,163.52999877929688,2136.267333984375,136.73049926757812
2024_8078,康芮颱風,闊葉樹林型,69.59315487542428,314776.78,2691204.54,163.52999877929688,150.73500061035156,163.52999877929688,2136.267333984375,136.73049926757812
2024_8080,康芮颱風,闊葉樹林型,37.81892671564865,311713.37,2691588.6,163.52999877929688,150.73500061035156,163.52999877929688,2136.267333984375,136.73049926757812
2024_8082,康芮颱風,闊葉樹林型,55.55009801204651,312960.43,2691520.08,163.52999877929688,150.73500061035156,163.52999877929688,2136.267333984375,136.73049926757812
2024_8083,凱米颱風,闊葉樹林型,40.91700476339015,319916.47,2691763.13,264.35498046875,163.8199920654297,236.68499755859375,2065.531494140625,130.89926147460938
2024_8085,康芮颱風,闊葉樹林型,51.53983228114307,306794.19,2691959.87,108.95499420166016,97.56999969482422,108.95499420166016,2348.517333984375,138.66358947753906
2024_8086,康芮颱風,闊葉樹林型,58.14753041443513,309422.85,2692209.02,108.95499420166016,97.56999969482422,108.95499420166016,2348.517333984375,138.66358947753906
2024_8088,康芮颱風,闊葉樹林型,43.74754064175339,315765.49,2693374.96,163.52999877929688,150.73500061035156,163.52999877929688,2136.267333984375,136.73049926757812
2024_8090,康芮颱風,闊葉樹林型,53.37679384320907,315819.52,2693753.49,163.52999877929688,150.73500061035156,163.52999877929688,2136.267333984375,136.73049926757812
2024_8091,康芮颱風,闊葉樹林型,20.59784729451404,315491.66,2694034.02,163.52999877929688,150.73500061035156,163.52999877929688,2004.0787353515625,134.87493896484375
2024_8093,康芮颱風,闊葉樹林型,45.17793834757605,313020.82,2694146.38,163.52999877929688,150.73500061035156,163.52999877929688,2004.0787353515625,134.87493896484375
2024_8100,凱米颱風,闊葉樹林型,34.46868366333454,316380.36,2695230.36,264.35498046875,163.8199920654297,236.68499755859375,1911.7799072265625,132.78627014160156
2024_8101,康芮颱風,闊葉樹林型,45.35368663627471,309710.24,2695256.32,108.95499420166016,97.56999969482422,108.95499420166016,2229.592041015625,148.98240661621094
2024_8102,凱米颱風,闊葉樹林型,29.99224511971602,328951.27,2695451.27,262.91998291015625,175.46499633789062,236.5349884033203,2163.093017578125,144.73324584960938
2024_8104,凱米颱風,闊葉樹林型,37.83331466287141,285655.79,2695516.62,193.17999267578125,81.3699951171875,172.96499633789062,2156.3154296875,150.96859741210938
2024_8109,凱米颱風,闊葉樹林型,41.86581899605287,310800.13,2696824.8,242.55499267578125,161.4499969482422,220.42999267578125,2229.592041015625,148.98240661621094
2024_8110,凱米颱風,闊葉樹林型,49.82852194195039,306798.9,2697097.38,242.55499267578125,161.4499969482422,220.42999267578125,2229.592041015625,148.98240661621094
2024_8114,康芮颱風,闊葉樹林型,42.302624878481225,313668.22,2697114.26,163.52999877929688,150.73500061035156,163.52999877929688,2004.0787353515625,134.87493896484375
2024_8126,凱米颱風,闊葉樹林型,43.73777595287439,289180.49,2698302.64,193.17999267578125,81.3699951171875,172.96499633789062,2156.3154296875,150.96859741210938
2024_8127,凱米颱風,闊葉樹林型,47.733674255402825,289724.1,2698314.49,193.17999267578125,81.3699951171875,172.96499633789062,2156.3154296875,150.96859741210938
2024_8128,凱米颱風,闊葉樹林型,48.50622597171452,310015.51,2698466.74,242.55499267578125,161.4499969482422,220.42999267578125,2229.592041015625,148.98240661621094
2024_8131,凱米颱風,闊葉樹林型,53.14727885091738,309001.37,2698662.83,242.55499267578125,161.4499969482422,220.42999267578125,2229.592041015625,148.98240661621094
2024_8132,凱米颱風,闊葉樹林型,24.68442966726714,304810.62,2698686.32,242.55499267578125,161.4499969482422,220.42999267578125,2391.3486328125,132.9745330810547
2024_8141,凱米颱風,闊葉樹林型,40.79858749551321,313338.64,2699095.0,264.35498046875,163.8199920654297,236.68499755859375,2004.0787353515625,134.87493896484375
2024_8155,凱米颱風,闊葉樹林型,51.97770526465249,298218.03,2699714.76,216.6949920654297,126.16499328613281,200.34500122070312,2431.37255859375,175.65789794921875
2024_8157,凱米颱風,闊葉樹林型,29.92228709167213,289929.53,2699895.7,201.125,86.31999969482422,182.95999145507812,2244.089599609375,147.86839294433594
2024_8161,凱米颱風,闊葉樹林型,58.86579031530272,284529.58,2700652.5,201.125,86.31999969482422,182.95999145507812,2343.46875,143.6258544921875
2024_8162,凱米颱風,闊葉樹林型,23.02549200852804,299511.63,2700822.94,216.6949920654297,126.16499328613281,200.34500122070312,2431.37255859375,175.65789794921875
2024_8164,凱米颱風,闊葉樹林型,37.790111559066204,298153.66,2701193.75,216.6949920654297,126.16499328613281,200.34500122070312,2431.37255859375,175.65789794921875
2024_8167,凱米颱風,闊葉樹林型,50.38864248079266,286087.87,2701468.31,201.125,86.31999969482422,182.95999145507812,2244.089599609375,147.86839294433594
2024_8168,凱米颱風,闊葉樹林型,55.08886728531561,304800.32,2701867.25,228.7899932861328,144.5449981689453,209.59500122070312,2343.480224609375,148.95858764648438
2024_8169,凱米颱風,闊葉樹林型,36.71637457580036,291026.95,2702087.12,216.6949920654297,126.16499328613281,200.34500122070312,2446.830810546875,168.3182830810547
2024_8170,凱米颱風,闊葉樹林型,43.68885454421518,305928.06,2702253.16,228.7899932861328,144.5449981689453,209.59500122070312,2246.48779296875,140.47276306152344
2024_8173,凱米颱風,闊葉樹林型,27.155878281943988,299398.51,2702558.63,216.6949920654297,126.16499328613281,200.34500122070312,2431.37255859375,175.65789794921875
2024_8180,凱米颱風,闊葉樹林型,27.26604445073282,300583.84,2703113.61,216.6949920654297,126.16499328613281,200.34500122070312,2431.37255859375,175.65789794921875
2024_8181,凱米颱風,闊葉樹林型,25.772653472692426,290819.16,2702746.69,216.6949920654297,126.16499328613281,200.34500122070312,2446.830810546875,168.3182830810547
2024_8183,凱米颱風,闊葉樹林型,28.735641668064066,291184.19,2702962.07,216.6949920654297,126.16499328613281,200.34500122070312,2446.830810546875,168.3182830810547
2024_8184,凱米颱風,闊葉樹林型,27.238572082130062,291437.24,2703123.76,216.6949920654297,126.16499328613281,200.34500122070312,2446.830810546875,168.3182830810547
2024_8185,凱米颱風,闊葉樹林型,48.91696599526741,320373.09,2703636.99,261.6999816894531,168.64498901367188,238.36000061035156,1992.7193603515625,124.48375701904297
2024_8190,凱米颱風,闊葉樹林型,29.32750061118656,301505.94,2704249.36,228.7899932861328,144.5449981689453,209.59500122070312,2343.480224609375,148.95858764648438
2024_8191,凱米颱風,闊葉樹林型,34.46868366333454,293944.34,2705212.33,216.6949920654297,126.16499328613281,200.34500122070312,2312.000244140625,154.10836791992188
2024_8194,凱米颱風,闊葉樹林型,41.4729343089405,312730.96,2706089.95,261.6999816894531,168.64498901367188,238.36000061035156,2132.533447265625,130.15982055664062
2024_8198,凱米颱風,闊葉樹林型,53.58804573237632,318092.19,2707763.14,261.6999816894531,168.64498901367188,238.36000061035156,2151.837646484375,124.71073150634766
2024_8199,凱米颱風,闊葉樹林型,50.41872562773047,286058.23,2707755.2,201.125,86.31999969482422,182.95999145507812,2383.025634765625,150.17239379882812
2024_8203,凱米颱風,闊葉樹林型,55.27157745464052,325319.04,2708109.92,284.0099792480469,169.22000122070312,251.79998779296875,2186.33837890625,134.87562561035156
2024_8206,凱米颱風,闊葉樹林型,60.54544441554051,318743.04,2708460.14,261.6999816894531,168.64498901367188,238.36000061035156,2151.837646484375,124.71073150634766
2024_8207,凱米颱風,闊葉樹林型,51.72550624645303,312375.81,2708713.31,261.6999816894531,168.64498901367188,238.36000061035156,2132.533447265625,130.15982055664062
2024_8210,凱米颱風,闊葉樹林型,42.8104923209509,318731.71,2709487.92,261.6999816894531,168.64498901367188,238.36000061035156,2151.837646484375,124.71073150634766
2024_8211,凱米颱風,闊葉樹林型,50.46671273998633,327155.52,2709622.86,284.0099792480469,169.22000122070312,251.79998779296875,2131.83349609375,134.85293579101562
2024_8213,凱米颱風,闊葉樹林型,55.713983914292704,332386.49,2709509.71,271.739990234375,170.92999267578125,245.47499084472656,2131.519287109375,134.00584411621094
2024_8214,凱米颱風,闊葉樹林型,44.783515145502,315058.61,2710099.08,261.6999816894531,168.64498901367188,238.36000061035156,2132.533447265625,130.15982055664062
2024_8215,凱米颱風,闊葉樹林型,45.0357651650416,312903.77,2710145.6,261.6999816894531,168.64498901367188,238.36000061035156,2132.533447265625,130.15982055664062
2024_8216,凱米颱風,闊葉樹林型,53.5740778949285,325371.91,2710372.29,284.0099792480469,169.22000122070312,251.79998779296875,2186.33837890625,134.87562561035156
2024_8217,凱米颱風,闊葉樹林型,61.81047116092464,312064.41,2710400.9,261.6999816894531,168.64498901367188,238.36000061035156,2132.533447265625,130.15982055664062
2024_8220,凱米颱風,闊葉樹林型,45.561759328850215,323963.86,2711061.45,295.3249816894531,179.09500122070312,266.0400085449219,2363.73046875,128.5493927001953
2024_8221,凱米颱風,闊葉樹林型,49.8473781777136,323090.44,2711420.45,295.3249816894531,179.09500122070312,266.0400085449219,2363.73046875,128.5493927001953
2024_8224,凱米颱風,闊葉樹林型,46.53438273346463,313873.79,2711753.55,255.34500122070312,156.89999389648438,234.8699951171875,2312.360107421875,131.56048583984375
2024_8226,凱米颱風,闊葉樹林型,39.50971228619393,304790.79,2712009.4,230.9949951171875,141.35499572753906,213.14999389648438,2613.40576171875,163.71588134765625
2024_8228,凱米颱風,闊葉樹林型,38.67344937613533,322737.69,2712317.29,295.3249816894531,179.09500122070312,266.0400085449219,2363.73046875,128.5493927001953
2024_8234,凱米颱風,闊葉樹林型,40.53479707962874,328141.46,2712894.27,295.3249816894531,179.09500122070312,266.0400085449219,2256.50048828125,122.13438415527344
2024_8235,凱米颱風,闊葉樹林型,44.4246291370315,306949.21,2712940.86,230.9949951171875,141.35499572753906,213.14999389648438,2338.07958984375,131.6555938720703
2024_8236,凱米颱風,闊葉樹林型,42.76882539196875,317044.37,2713104.97,255.34500122070312,156.89999389648438,234.8699951171875,2234.2333984375,121.78244018554688
2024_8237,凱米颱風,闊葉樹林型,37.247373202381205,306521.94,2712949.5,230.9949951171875,141.35499572753906,213.14999389648438,2338.07958984375,131.6555938720703
2024_8238,凱米颱風,闊葉樹林型,31.138369345567487,305359.3,2713194.31,230.9949951171875,141.35499572753906,213.14999389648438,2613.40576171875,163.71588134765625
2024_8239,凱米颱風,闊葉樹林型,40.04325099636187,304940.77,2713221.35,230.9949951171875,141.35499572753906,213.14999389648438,2613.40576171875,163.71588134765625
2024_8240,凱米颱風,闊葉樹林型,39.26219086021912,304434.46,2713307.63,230.9949951171875,141.35499572753906,213.14999389648438,2613.40576171875,163.71588134765625
2024_8253,凱米颱風,闊葉樹林型,50.346407583328975,313526.84,2714767.52,255.34500122070312,156.89999389648438,234.8699951171875,2312.360107421875,131.56048583984375
2024_8256,康芮颱風,闊葉樹林型,42.03111377419729,320894.69,2714941.98,85.56499481201172,68.79000091552734,85.56499481201172,2234.2333984375,121.78244018554688
2024_8260,凱米颱風,闊葉樹林型,43.54110253900031,312237.77,2715189.29,255.34500122070312,156.89999389648438,234.8699951171875,2312.360107421875,131.56048583984375
2024_8261,凱米颱風,闊葉樹林型,33.65076727448982,307840.27,2715536.41,230.9949951171875,141.35499572753906,213.14999389648438,2338.07958984375,131.6555938720703
2024_8262,凱米颱風,闊葉樹林型,37.410672491183874,307736.42,2715252.84,230.9949951171875,141.35499572753906,213.14999389648438,2338.07958984375,131.6555938720703
2024_8265,康芮颱風,闊葉樹林型,45.71583529290024,324136.39,2715827.44,90.3499984741211,75.6199951171875,90.3499984741211,2363.73046875,128.5493927001953
2024_8267,康芮颱風,闊葉樹林型,43.26125824127405,291053.09,2715718.01,68.95999908447266,53.03499984741211,68.95999908447266,2376.114990234375,139.33335876464844
2024_8270,康芮颱風,闊葉樹林型,47.28469472894216,314875.75,2716102.84,85.56499481201172,68.79000091552734,85.56499481201172,2370.122802734375,142.70834350585938
2024_8272,康芮颱風,闊葉樹林型,33.70658681677467,327247.63,2716330.23,90.3499984741211,75.6199951171875,90.3499984741211,2278.573974609375,138.11868286132812
2024_8275,凱米颱風,闊葉樹林型,52.79957831202802,306535.99,2716760.21,230.9949951171875,141.35499572753906,213.14999389648438,2336.9580078125,144.59524536132812
2024_8276,凱米颱風,闊葉樹林型,43.491519345092,311687.49,2716964.99,255.34500122070312,156.89999389648438,234.8699951171875,2370.122802734375,142.70834350585938
2024_8278,凱米颱風,闊葉樹林型,46.38095061161688,307997.7,2717038.38,230.9949951171875,141.35499572753906,213.14999389648438,2336.9580078125,144.59524536132812
2024_8279,凱米颱風,闊葉樹林型,46.46998530702429,306763.88,2717265.99,230.9949951171875,141.35499572753906,213.14999389648438,2336.9580078125,144.59524536132812
2024_8281,凱米颱風,闊葉樹林型,33.946295027753955,329346.13,2717610.74,295.3249816894531,179.09500122070312,266.0400085449219,2278.573974609375,138.11868286132812
2024_8285,康芮颱風,闊葉樹林型,40.53479707962874,304905.26,2717810.02,78.6199951171875,64.43499755859375,78.6199951171875,2392.660888671875,149.40223693847656
2024_8286,康芮颱風,闊葉樹林型,32.087580878338315,297483.7,2718035.34,68.95999908447266,53.03499984741211,68.95999908447266,2200.2421875,149.63926696777344
2024_8287,凱米颱風,闊葉樹林型,46.53438273346463,312466.88,2718058.94,255.34500122070312,156.89999389648438,234.8699951171875,2370.122802734375,142.70834350585938
2024_8293,康芮颱風,闊葉樹林型,35.009177890477666,303906.84,2719033.6,78.6199951171875,64.43499755859375,78.6199951171875,2392.660888671875,149.40223693847656
2024_8297,康芮颱風,闊葉樹林型,36.94611005709807,323524.5,2719960.19,90.3499984741211,75.6199951171875,90.3499984741211,2225.34814453125,128.3487548828125
2024_8299,凱米颱風,闊葉樹林型,42.779253086391705,308453.68,2721009.15,230.9949951171875,141.35499572753906,213.14999389648438,2336.9580078125,144.59524536132812
2024_8301,凱米颱風,闊葉樹林型,32.331742392927794,308975.2,2721194.5,230.9949951171875,141.35499572753906,213.14999389648438,2336.9580078125,144.59524536132812
2024_8302,凱米颱風,闊葉樹林型,34.66253388314486,309513.53,2721314.01,230.9949951171875,141.35499572753906,213.14999389648438,2336.9580078125,144.59524536132812
2024_8304,凱米颱風,闊葉樹林型,42.08581058000388,293541.68,2728568.98,214.3199920654297,92.12999725341797,195.62998962402344,2336.842529296875,144.897216796875
2024_8307,康芮颱風,闊葉樹林型,36.326005581723855,283873.98,2609674.12,75.92499542236328,68.44499969482422,75.92499542236328,2298.92041015625,137.5152587890625
2024_8312,康芮颱風,闊葉樹林型,50.2554353477881,266110.62,2621630.97,104.625,95.3699951171875,104.625,1984.651123046875,110.66341400146484
2024_8314,凱米颱風,竹林,39.77877859061192,226101.19,2591923.41,320.7699890136719,163.61000061035156,305.6300048828125,2806.211181640625,174.05606079101562
2025_1,1020豪雨,闊葉樹林型,32.82907195826586,320153.23,2768967.08,443.4449768066406,220.51998901367188,363.68499755859375,2739.21875,172.71847534179688
2025_2,1020豪雨,闊葉樹林型,34.32623881675949,318117.76,2770355.96,443.4449768066406,220.51998901367188,363.68499755859375,2739.21875,172.71847534179688
2025_3,1020豪雨,竹林,23.02549200852804,320557.11,2780163.75,366.5050048828125,180.01998901367188,304.4700012207031,2206.8349609375,158.151123046875
2025_5,1020豪雨,竹林,9.094640304149,320070.14,2780875.47,366.5050048828125,180.01998901367188,304.4700012207031,2206.8349609375,158.151123046875
2025_6,1020豪雨,竹林,22.59136070457113,311955.2,2766606.56,443.4449768066406,220.51998901367188,363.68499755859375,2437.80126953125,158.58734130859375
2025_7,1020豪雨,闊葉樹林型,29.686933196903503,319213.52,2767198.58,443.4449768066406,220.51998901367188,363.68499755859375,2739.21875,172.71847534179688
2025_11,0613豪雨,闊葉樹林型,49.05111016553776,233515.5,2586128.51,141.88499450683594,100.66500091552734,141.4199981689453,2483.99609375,139.27691650390625
2025_12,0613豪雨,闊葉樹林型,61.306820114703626,228864.9,2565781.7,135.83999633789062,98.35499572753906,135.625,2777.9365234375,169.5355224609375
2025_13,0613豪雨,闊葉樹林型,48.11116319293781,228831.69,2548402.92,147.864990234375,107.71499633789062,147.52999877929688,2630.49951171875,160.43226623535156
2025_15,0613豪雨,闊葉樹林型,48.80866660527383,228911.62,2564214.11,135.83999633789062,98.35499572753906,135.625,2777.9365234375,169.5355224609375
2025_18,0613豪雨,闊葉樹林型,53.19545693650421,230725.57,2548033.83,138.59999084472656,96.81999969482422,138.59999084472656,2634.498291015625,141.6938018798828
2025_23,0613豪雨,闊葉樹林型,60.94774164886321,215028.26,2531040.05,129.114990234375,89.93499755859375,128.00999450683594,2933.138916015625,168.9228057861328
2025_24,0613豪雨,闊葉樹林型,33.33081260166977,219618.14,2542176.8,145.2449951171875,105.92499542236328,145.08999633789062,2914.75244140625,176.5850067138672
2025_26,0613豪雨,闊葉樹林型,51.78499114845545,234862.19,2589121.64,127.44499969482422,87.6500015258789,127.31999969482422,2419.028564453125,141.7389678955078
2025_27,0613豪雨,闊葉樹林型,20.88727638387147,212726.94,2489238.59,170.75498962402344,115.27499389648438,169.78500366210938,3410.298095703125,180.9271697998047
2025_29,0613豪雨,闊葉樹林型,55.00671797528064,225130.4,2541777.24,145.2449951171875,105.92499542236328,145.08999633789062,3075.998046875,173.19439697265625
2025_30,0613豪雨,竹林,12.137063673133053,192227.85,2561328.28,170.34999084472656,116.02999877929688,170.34999084472656,2181.8544921875,137.56996154785156
2025_31,0613豪雨,闊葉樹林型,36.94611005709807,305558.17,2696110.24,120.2249984741211,82.08000183105469,120.2249984741211,2391.3486328125,132.9745330810547
2025_32,0613豪雨,闊葉樹林型,42.377774270582094,323773.44,2682681.04,134.5800018310547,108.02999877929688,134.5800018310547,2046.932373046875,132.0352783203125
2025_33,0613豪雨,闊葉樹林型,46.88333444737181,302418.35,2682593.43,130.44000244140625,96.0,130.44000244140625,2198.31689453125,127.37162017822266
2025_34,0613豪雨,闊葉樹林型,42.18376530657795,304678.28,2665392.13,111.80999755859375,87.40999603271484,111.80999755859375,2347.9912109375,151.24337768554688
2025_35,0613豪雨,闊葉樹林型,31.160066779905723,304924.8,2665389.45,111.80999755859375,87.40999603271484,111.80999755859375,2347.9912109375,151.24337768554688
2025_36,0613豪雨,闊葉樹林型,37.83331466287141,223748.64,2578829.0,135.5699920654297,95.16999816894531,135.30999755859375,2686.809326171875,153.22703552246094
2025_46,樺加沙颱風,闊葉樹林型,28.735641668064066,261986.7,2591859.41,154.4550018310547,100.53499603271484,154.38499450683594,2568.433349609375,142.67559814453125
2025_48,樺加沙颱風,闊葉樹林型,36.5924873189136,285890.47,2620864.13,124.32499694824219,101.66500091552734,124.2449951171875,2341.34521484375,135.4976806640625
2025_49,樺加沙颱風,闊葉樹林型,39.43197210676055,286197.42,2621105.27,124.32499694824219,101.66500091552734,124.2449951171875,2341.34521484375,135.4976806640625
2025_50,樺加沙颱風,闊葉樹林型,36.45196008712727,286266.08,2621069.62,124.32499694824219,101.66500091552734,124.2449951171875,2341.34521484375,135.4976806640625
2025_51,樺加沙颱風,闊葉樹林型,39.53553952464218,286554.51,2620896.06,124.32499694824219,101.66500091552734,124.2449951171875,2341.34521484375,135.4976806640625
2025_52,樺加沙颱風,闊葉樹林型,25.89250179780793,287462.81,2621018.21,124.32499694824219,101.66500091552734,124.2449951171875,2341.34521484375,135.4976806640625
2025_53,樺加沙颱風,闊葉樹林型,37.90505895833579,287873.19,2620767.14,124.32499694824219,101.66500091552734,124.2449951171875,2341.34521484375,135.4976806640625
2025_55,樺加沙颱風,闊葉樹林型,31.50340488200827,275263.77,2575357.41,142.00498962402344,101.93000030517578,140.44000244140625,2067.1142578125,145.43313598632812
2025_56,樺加沙颱風,闊葉樹林型,43.18031634685804,278196.92,2632232.76,123.23500061035156,96.13499450683594,123.23500061035156,2447.114990234375,149.9739532470703
2025_57,樺加沙颱風,闊葉樹林型,57.79470478018155,279987.19,2631080.05,123.23500061035156,96.13499450683594,123.23500061035156,2447.114990234375,149.9739532470703
2025_58,樺加沙颱風,闊葉樹林型,24.748625315195834,214825.58,2496555.33,134.114990234375,75.38500213623047,133.364990234375,3732.37646484375,184.0919952392578
2025_59,樺加沙颱風,闊葉樹林型,40.90520427089325,287577.53,2625241.06,118.5,105.13499450683594,118.5,2398.856689453125,133.01580810546875
2025_61,樺加沙颱風,闊葉樹林型,47.10090264184485,281564.71,2609053.44,113.33999633789062,94.72000122070312,113.25999450683594,2298.92041015625,137.5152587890625
2025_62,樺加沙颱風,闊葉樹林型,40.7270942279994,282296.49,2610387.41,113.33999633789062,94.72000122070312,113.25999450683594,2298.92041015625,137.5152587890625
2025_63,樺加沙颱風,闊葉樹林型,50.63326861388184,289273.5,2635895.12,99.75999450683594,77.68000030517578,99.7449951171875,2202.935791015625,140.18649291992188
2025_64,樺加沙颱風,闊葉樹林型,33.70658681677467,274883.95,2644998.0,94.08499908447266,72.61499786376953,94.06999969482422,2772.131103515625,156.80596923828125
2025_67,樺加沙颱風,闊葉樹林型,34.85410224097107,281248.01,2657576.22,138.5749969482422,105.40499877929688,138.47999572753906,2648.472900390625,151.1837158203125
2025_68,樺加沙颱風,闊葉樹林型,47.988906399374976,243854.92,2529481.67,158.01998901367188,85.52999877929688,157.46499633789062,2763.902587890625,134.30699157714844
2025_69,樺加沙颱風,闊葉樹林型,49.70211194894343,243973.42,2529622.15,158.01998901367188,85.52999877929688,157.46499633789062,2763.902587890625,134.30699157714844
2025_70,樺加沙颱風,闊葉樹林型,53.75898203286354,255448.97,2545434.44,158.7949981689453,97.08999633789062,158.375,1937.48486328125,103.57821655273438
2025_71,樺加沙颱風,闊葉樹林型,44.7288802769619,256396.81,2546546.51,158.7949981689453,97.08999633789062,158.375,1937.48486328125,103.57821655273438
2025_72,樺加沙颱風,闊葉樹林型,47.24660675818882,248418.38,2568062.46,152.6750030517578,102.93999481201172,151.95999145507812,2553.1171875,134.03147888183594
2025_74,樺加沙颱風,闊葉樹林型,26.158981435332173,248968.09,2568393.65,152.6750030517578,102.93999481201172,151.95999145507812,2553.1171875,134.03147888183594
2025_77,樺加沙颱風,闊葉樹林型,34.03756281454756,250284.23,2568293.88,138.489990234375,77.52999877929688,137.6750030517578,2557.59912109375,142.39317321777344
2025_78,樺加沙颱風,闊葉樹林型,58.17228631662282,249276.39,2568752.0,152.6750030517578,102.93999481201172,151.95999145507812,2553.1171875,134.03147888183594
2025_86,樺加沙颱風,闊葉樹林型,31.50340488200827,248782.44,2565050.99,183.8000030517578,118.91500091552734,181.19000244140625,2357.570556640625,129.73587036132812
2025_90,樺加沙颱風,闊葉樹林型,43.21072161527393,260325.22,2565727.97,142.92999267578125,90.04499816894531,139.00498962402344,2405.933349609375,143.4873809814453
2025_91,樺加沙颱風,闊葉樹林型,50.490639251479735,260355.57,2565846.66,142.92999267578125,90.04499816894531,139.00498962402344,2405.933349609375,143.4873809814453
2025_92,樺加沙颱風,闊葉樹林型,43.22084280018324,235213.27,2525374.18,149.6649932861328,76.01499938964844,149.3699951171875,2636.4248046875,134.2984161376953
2025_94,樺加沙颱風,闊葉樹林型,42.59042663590696,239330.15,2530125.03,149.6649932861328,76.01499938964844,149.3699951171875,2659.308349609375,132.2608642578125
2025_95,樺加沙颱風,闊葉樹林型,41.4729343089405,239426.73,2529179.09,149.6649932861328,76.01499938964844,149.3699951171875,2659.308349609375,132.2608642578125
2025_97,樺加沙颱風,闊葉樹林型,50.51452125637866,241903.55,2529778.72,158.01998901367188,85.52999877929688,157.46499633789062,2763.902587890625,134.30699157714844
2025_100,樺加沙颱風,闊葉樹林型,44.60058682281712,272931.39,2542825.04,138.5449981689453,79.08000183105469,136.61000061035156,2123.543701171875,123.53458404541016
2025_101,樺加沙颱風,闊葉樹林型,40.51058943733277,273775.97,2542360.98,138.5449981689453,79.08000183105469,136.61000061035156,2123.543701171875,123.53458404541016
2025_102,樺加沙颱風,闊葉樹林型,43.54110253900031,273927.64,2542939.19,138.5449981689453,79.08000183105469,136.61000061035156,2123.543701171875,123.53458404541016
2025_103,樺加沙颱風,闊葉樹林型,49.978612227765744,242049.43,2542116.35,154.6750030517578,79.69499969482422,154.27999877929688,2610.104248046875,137.64793395996094
2025_104,樺加沙颱風,闊葉樹林型,38.876655136344326,242123.14,2542170.88,154.6750030517578,79.69499969482422,154.27999877929688,2610.104248046875,137.64793395996094
2025_108,樺加沙颱風,闊葉樹林型,41.99819984310421,243567.92,2542585.79,154.6750030517578,79.69499969482422,154.27999877929688,2610.104248046875,137.64793395996094
2025_109,樺加沙颱風,闊葉樹林型,35.39887735323683,253037.96,2532016.96,160.6949920654297,89.07999420166016,160.18499755859375,2545.30322265625,132.95693969726562
2025_111,樺加沙颱風,闊葉樹林型,48.31014470482131,252427.06,2547620.0,158.7949981689453,97.08999633789062,158.375,1995.0562744140625,105.32012939453125
2025_112,樺加沙颱風,闊葉樹林型,28.30319610038818,252465.81,2552053.68,158.7949981689453,97.08999633789062,158.375,1362.900634765625,76.77689361572266
2025_113,樺加沙颱風,闊葉樹林型,41.23221278344418,252143.11,2548110.89,158.7949981689453,97.08999633789062,158.375,1995.0562744140625,105.32012939453125
2025_115,樺加沙颱風,闊葉樹林型,32.51251731617002,246455.37,2531592.85,158.01998901367188,85.52999877929688,157.46499633789062,2691.63232421875,130.44161987304688
2025_116,樺加沙颱風,闊葉樹林型,43.42182054759477,246344.08,2531674.22,158.01998901367188,85.52999877929688,157.46499633789062,2691.63232421875,130.44161987304688
2025_117,樺加沙颱風,闊葉樹林型,38.93040115948257,246174.19,2531676.66,158.01998901367188,85.52999877929688,157.46499633789062,2691.63232421875,130.44161987304688
2025_118,樺加沙颱風,闊葉樹林型,33.946295027753955,242761.95,2532934.0,158.01998901367188,85.52999877929688,157.46499633789062,2763.902587890625,134.30699157714844
2025_119,樺加沙颱風,闊葉樹林型,49.70211194894343,246448.44,2532918.97,158.01998901367188,85.52999877929688,157.46499633789062,2691.63232421875,130.44161987304688
2025_120,樺加沙颱風,闊葉樹林型,37.90505895833579,245871.54,2533253.8,154.6750030517578,79.69499969482422,154.27999877929688,2796.07373046875,138.0121612548828
2025_121,樺加沙颱風,闊葉樹林型,45.43207135058316,245268.98,2525568.98,158.01998901367188,85.52999877929688,157.46499633789062,2797.622802734375,138.75550842285156
2025_123,樺加沙颱風,闊葉樹林型,37.65979117547535,242793.96,2533700.66,154.6750030517578,79.69499969482422,154.27999877929688,2742.97314453125,134.78146362304688
2025_124,樺加沙颱風,闊葉樹林型,42.302624878481225,243230.28,2533724.45,154.6750030517578,79.69499969482422,154.27999877929688,2742.97314453125,134.78146362304688
2025_125,樺加沙颱風,闊葉樹林型,42.17291298675989,242141.57,2534649.62,154.6750030517578,79.69499969482422,154.27999877929688,2742.97314453125,134.78146362304688
2025_129,樺加沙颱風,闊葉樹林型,41.91007547318012,240823.68,2480028.03,113.19999694824219,61.0,112.93499755859375,2383.537841796875,127.65581512451172
2025_130,樺加沙颱風,闊葉樹林型,54.048961255978455,239970.97,2506463.45,145.7899932861328,78.92499542236328,145.30499267578125,2523.927734375,132.65663146972656
2025_131,樺加沙颱風,闊葉樹林型,32.06706985148498,243629.05,2531455.57,158.01998901367188,85.52999877929688,157.46499633789062,2763.902587890625,134.30699157714844
2025_132,樺加沙颱風,闊葉樹林型,31.160066779905723,254905.88,2530475.14,160.6949920654297,89.07999420166016,160.18499755859375,2545.30322265625,132.95693969726562
2025_133,樺加沙颱風,闊葉樹林型,27.565248984490395,254959.73,2530522.71,160.6949920654297,89.07999420166016,160.18499755859375,2545.30322265625,132.95693969726562
2025_134,樺加沙颱風,闊葉樹林型,24.93969399086426,255298.1,2530655.6,160.6949920654297,89.07999420166016,160.18499755859375,2433.956298828125,133.33786010742188
2025_135,樺加沙颱風,闊葉樹林型,38.11835994667712,246403.61,2531365.13,158.01998901367188,85.52999877929688,157.46499633789062,2691.63232421875,130.44161987304688
2025_136,樺加沙颱風,闊葉樹林型,35.94211187138234,254802.64,2531508.2,160.6949920654297,89.07999420166016,160.18499755859375,2545.30322265625,132.95693969726562
2025_137,樺加沙颱風,闊葉樹林型,33.425567049364545,254983.0,2531605.42,160.6949920654297,89.07999420166016,160.18499755859375,2545.30322265625,132.95693969726562
2025_139,樺加沙颱風,闊葉樹林型,49.85993385121615,256051.21,2562278.71,163.69000244140625,99.3949966430664,159.69000244140625,2405.044189453125,140.03933715820312
2025_141,樺加沙颱風,闊葉樹林型,54.27064756126706,282461.22,2631737.49,118.5,105.13499450683594,118.5,2431.345703125,157.89122009277344
2025_144,樺加沙颱風,闊葉樹林型,46.59848383582609,298812.62,2680333.13,161.84500122070312,112.5250015258789,161.84500122070312,2229.95703125,142.79437255859375
2025_145,樺加沙颱風,闊葉樹林型,54.20457985483393,297485.57,2599870.87,130.61000061035156,109.7699966430664,130.1649932861328,2258.384521484375,142.3820343017578
2025_148,樺加沙颱風,闊葉樹林型,41.99819984310421,281870.57,2624803.77,118.5,105.13499450683594,118.5,2678.929443359375,146.88833618164062
2025_149,樺加沙颱風,闊葉樹林型,34.66253388314486,304092.13,2695448.01,135.614990234375,107.19999694824219,135.4149932861328,2391.3486328125,132.9745330810547
2025_150,樺加沙颱風,闊葉樹林型,51.188355612519054,290605.27,2676882.74,130.12998962402344,99.40499877929688,129.9449920654297,2369.41796875,137.01724243164062
2025_153,樺加沙颱風,闊葉樹林型,49.3676133591072,299035.36,2666651.44,155.6949920654297,115.72999572753906,155.6949920654297,2337.49755859375,135.8145751953125
2025_155,樺加沙颱風,闊葉樹林型,61.41463824654208,284392.65,2639101.55,99.75999450683594,77.68000030517578,99.7449951171875,2462.13525390625,142.64247131347656
2025_156,樺加沙颱風,闊葉樹林型,19.694600815138024,262843.83,2527675.61,154.83999633789062,85.4949951171875,153.9250030517578,1973.794189453125,117.7799301147461
2025_157,樺加沙颱風,闊葉樹林型,24.68442966726714,262955.43,2527691.8,154.83999633789062,85.4949951171875,153.9250030517578,2061.32373046875,116.4581298828125
2025_158,樺加沙颱風,闊葉樹林型,45.98566803619691,263492.39,2529876.26,154.83999633789062,85.4949951171875,153.9250030517578,2061.32373046875,116.4581298828125
2025_159,樺加沙颱風,闊葉樹林型,39.14355704978305,263407.52,2530612.08,154.83999633789062,85.4949951171875,153.9250030517578,2061.32373046875,116.4581298828125
2025_160,樺加沙颱風,闊葉樹林型,32.51251731617002,261546.84,2526307.13,154.83999633789062,85.4949951171875,153.9250030517578,1973.794189453125,117.7799301147461
2025_161,樺加沙颱風,竹林,25.682184661491608,261686.67,2528448.95,154.83999633789062,85.4949951171875,153.9250030517578,2061.32373046875,116.4581298828125
2025_162,樺加沙颱風,闊葉樹林型,10.21937711459359,264463.35,2525531.02,154.83999633789062,85.4949951171875,153.9250030517578,1973.794189453125,117.7799301147461
2025_163,樺加沙颱風,闊葉樹林型,29.32750061118656,302545.15,2701210.34,123.16999816894531,97.31999969482422,123.02999877929688,2343.480224609375,148.95858764648438
2025_164,樺加沙颱風,闊葉樹林型,41.59751679121417,264312.16,2586583.2,164.30499267578125,103.45499420166016,163.9949951171875,2511.740966796875,142.35116577148438
2025_167,樺加沙颱風,闊葉樹林型,29.424115787413506,238640.62,2532870.23,149.6649932861328,76.01499938964844,149.3699951171875,2659.308349609375,132.2608642578125
2025_168,樺加沙颱風,闊葉樹林型,36.51456867399333,243254.73,2526883.14,158.01998901367188,85.52999877929688,157.46499633789062,2639.58642578125,125.33547973632812
2025_169,樺加沙颱風,闊葉樹林型,51.14301422794352,244133.33,2527677.43,158.01998901367188,85.52999877929688,157.46499633789062,2639.58642578125,125.33547973632812
2025_170,樺加沙颱風,闊葉樹林型,41.54101551251079,244098.01,2527927.57,158.01998901367188,85.52999877929688,157.46499633789062,2763.902587890625,134.30699157714844
2025_172,楊柳颱風,闊葉樹林型,49.606495042652746,268296.37,2573874.96,122.69999694824219,122.21499633789062,122.69999694824219,2328.449951171875,156.06617736816406
2025_173,楊柳颱風,闊葉樹林型,63.5858394276454,271163.53,2589475.38,104.01499938964844,103.9949951171875,104.01499938964844,2449.090576171875,168.47286987304688
2025_174,楊柳颱風,闊葉樹林型,44.359258950107865,269237.55,2586436.75,133.0749969482422,133.0749969482422,133.0749969482422,2533.548583984375,165.17140197753906
2025_175,楊柳颱風,闊葉樹林型,59.4910411337972,271435.24,2602487.28,79.16500091552734,79.125,79.16500091552734,2360.921142578125,137.02381896972656
2025_177,楊柳颱風,闊葉樹林型,71.29295067444346,275609.53,2597343.35,104.01499938964844,103.9949951171875,104.01499938964844,2247.890380859375,135.7090606689453
2025_178,楊柳颱風,闊葉樹林型,39.96814794983898,266065.33,2553215.56,114.0,113.9949951171875,114.0,1656.76123046875,108.19927978515625
2025_180,楊柳颱風,闊葉樹林型,52.52322484608508,277759.47,2556967.7,106.47999572753906,106.41500091552734,106.47999572753906,2043.7376708984375,127.1300277709961
2025_181,楊柳颱風,闊葉樹林型,42.04206908232861,277329.73,2555370.82,120.26499938964844,120.26499938964844,120.26499938964844,2136.243408203125,128.89334106445312
2025_183,楊柳颱風,闊葉樹林型,40.47420622680255,239906.98,2590734.8,160.9149932861328,160.88499450683594,160.9149932861328,2500.435546875,127.82493591308594
2025_189,楊柳颱風,闊葉樹林型,48.47838916593054,268191.68,2581115.15,133.0749969482422,133.0749969482422,133.0749969482422,2361.29248046875,146.88917541503906
2025_191,楊柳颱風,闊葉樹林型,43.57077227020226,277897.39,2582242.39,109.68000030517578,109.68000030517578,109.68000030517578,1776.080810546875,112.17910766601562
2025_195,楊柳颱風,闊葉樹林型,59.55879346305473,230691.41,2545578.42,85.66500091552734,85.29499816894531,85.66500091552734,2634.498291015625,141.6938018798828
2025_197,楊柳颱風,闊葉樹林型,51.329007116424805,226202.86,2566451.89,89.48999786376953,87.93499755859375,89.48999786376953,2777.9365234375,169.5355224609375
2025_198,楊柳颱風,闊葉樹林型,47.55584848253888,227196.05,2566685.24,116.83999633789062,116.44499969482422,116.83999633789062,2704.38232421875,173.16522216796875
2025_200,楊柳颱風,闊葉樹林型,48.39453039927944,227804.98,2515010.53,94.38999938964844,94.07999420166016,94.38999938964844,3089.994384765625,176.77316284179688
2025_201,楊柳颱風,闊葉樹林型,25.772653472692426,218757.57,2523413.67,95.94499969482422,95.18999481201172,95.94499969482422,2884.879638671875,169.8948974609375
2025_203,楊柳颱風,闊葉樹林型,46.53438273346463,231478.28,2524497.25,94.97999572753906,94.55999755859375,94.83499908447266,2786.07470703125,146.2504425048828
2025_205,楊柳颱風,闊葉樹林型,22.737405889726222,218608.99,2523381.23,95.94499969482422,95.18999481201172,95.94499969482422,2884.879638671875,169.8948974609375
2025_206,楊柳颱風,闊葉樹林型,47.7924373291279,240236.59,2538982.66,88.47000122070312,88.06999969482422,88.47000122070312,2610.104248046875,137.64793395996094
2025_208,楊柳颱風,闊葉樹林型,36.71637457580036,246456.19,2579541.12,117.52999877929688,117.52999877929688,117.52999877929688,2611.469970703125,128.01031494140625
2025_209,楊柳颱風,闊葉樹林型,59.90130591941378,215671.46,2543332.93,94.6199951171875,93.97999572753906,94.6199951171875,2956.617919921875,183.99441528320312
2025_211,楊柳颱風,闊葉樹林型,33.197229942878394,281781.0,2605037.67,71.08499908447266,71.03499603271484,71.08499908447266,2137.846923828125,150.51254272460938
2025_212,楊柳颱風,闊葉樹林型,43.38184383278452,282061.8,2605782.01,71.08499908447266,71.03499603271484,71.08499908447266,2298.92041015625,137.5152587890625
2025_213,楊柳颱風,闊葉樹林型,29.92228709167213,217096.71,2492311.22,119.04499816894531,115.2249984741211,119.04499816894531,4106.98876953125,207.43701171875
2025_214,楊柳颱風,闊葉樹林型,45.60472658302529,218536.74,2493180.07,119.04499816894531,115.2249984741211,119.04499816894531,4106.98876953125,207.43701171875
2025_215,楊柳颱風,闊葉樹林型,35.43232547287678,218611.12,2492422.31,119.04499816894531,115.2249984741211,119.04499816894531,4106.98876953125,207.43701171875
2025_217,楊柳颱風,闊葉樹林型,60.33038481521324,220935.04,2492267.93,113.35499572753906,110.58499908447266,113.3499984741211,3466.78662109375,180.9872283935547
2025_218,0728豪雨,闊葉樹林型,10.21937711459359,237118.36,2637717.96,233.47999572753906,80.38999938964844,105.93000030517578,1915.0513916015625,104.89905548095703
2025_223,0728豪雨,闊葉樹林型,38.67344937613533,225127.08,2568974.44,530.719970703125,208.2849884033203,303.1449890136719,2704.38232421875,173.16522216796875
2025_224,0728豪雨,闊葉樹林型,34.30834539460494,225221.75,2569208.65,530.719970703125,208.2849884033203,303.1449890136719,2704.38232421875,173.16522216796875
2025_229,0728豪雨,闊葉樹林型,21.568129435647887,226818.29,2568494.06,530.719970703125,208.2849884033203,303.1449890136719,2704.38232421875,173.16522216796875
2025_230,0728豪雨,闊葉樹林型,21.37099732252036,226874.56,2568597.98,530.719970703125,208.2849884033203,303.1449890136719,2704.38232421875,173.16522216796875
2025_232,0728豪雨,闊葉樹林型,30.720611476635867,227416.46,2565425.33,532.635009765625,189.6649932861328,288.54998779296875,2777.9365234375,169.5355224609375
2025_235,0728豪雨,闊葉樹林型,24.52281262777141,229335.05,2568434.34,530.719970703125,208.2849884033203,303.1449890136719,2704.38232421875,173.16522216796875
2025_236,0728豪雨,闊葉樹林型,40.04325099636187,229080.79,2568623.1,530.719970703125,208.2849884033203,303.1449890136719,2704.38232421875,173.16522216796875
2025_239,0728豪雨,闊葉樹林型,46.5263493090976,217421.28,2549062.91,528.5150146484375,160.364990234375,266.42999267578125,2664.70361328125,169.536376953125
2025_243,0728豪雨,闊葉樹林型,32.087580878338315,217959.69,2548798.03,528.5150146484375,160.364990234375,266.42999267578125,2664.70361328125,169.536376953125
2025_244,0728豪雨,闊葉樹林型,21.83994971124597,222748.44,2547096.72,597.875,226.95999145507812,341.9849853515625,2502.212158203125,147.98951721191406
2025_246,0728豪雨,闊葉樹林型,49.3676133591072,221363.16,2548156.46,597.875,226.95999145507812,341.9849853515625,2502.212158203125,147.98951721191406
2025_247,0728豪雨,闊葉樹林型,36.93089662022377,222056.44,2548239.79,597.875,226.95999145507812,341.9849853515625,2502.212158203125,147.98951721191406
2025_250,0728豪雨,闊葉樹林型,33.946295027753955,219691.87,2549574.76,597.875,226.95999145507812,341.9849853515625,2502.212158203125,147.98951721191406
2025_251,0728豪雨,闊葉樹林型,45.74135233937299,219151.86,2550250.12,528.5150146484375,160.364990234375,266.42999267578125,2586.85205078125,154.91798400878906
2025_252,0728豪雨,闊葉樹林型,36.93089662022377,219273.51,2550684.42,528.5150146484375,160.364990234375,266.42999267578125,2586.85205078125,154.91798400878906
2025_253,0728豪雨,闊葉樹林型,41.23221278344418,219286.52,2550763.06,528.5150146484375,160.364990234375,266.42999267578125,2586.85205078125,154.91798400878906
2025_254,0728豪雨,闊葉樹林型,51.72550624645304,219760.15,2551598.93,597.875,226.95999145507812,341.9849853515625,2674.13916015625,157.52418518066406
2025_256,0728豪雨,闊葉樹林型,39.52263127117112,216598.13,2549252.04,528.5150146484375,160.364990234375,266.42999267578125,2664.70361328125,169.536376953125
2025_258,0728豪雨,闊葉樹林型,43.77679566071583,217206.24,2549691.55,528.5150146484375,160.364990234375,266.42999267578125,2664.70361328125,169.536376953125
2025_259,0728豪雨,闊葉樹林型,41.676265474602594,214739.78,2549563.87,528.5150146484375,160.364990234375,266.42999267578125,2664.70361328125,169.536376953125
2025_262,0728豪雨,闊葉樹林型,38.28695056949238,216823.13,2540111.94,577.3150024414062,155.4149932861328,288.8249816894531,2956.617919921875,183.99441528320312
2025_263,0728豪雨,闊葉樹林型,47.12401133336427,216951.58,2540150.38,577.3150024414062,155.4149932861328,288.8249816894531,2956.617919921875,183.99441528320312
2025_269,0728豪雨,闊葉樹林型,41.56364135798625,215660.85,2543420.78,577.3150024414062,155.4149932861328,288.8249816894531,2956.617919921875,183.99441528320312
2025_270,0728豪雨,闊葉樹林型,34.30834539460494,215689.96,2542642.93,577.3150024414062,155.4149932861328,288.8249816894531,2956.617919921875,183.99441528320312
2025_272,0728豪雨,闊葉樹林型,17.183330483447964,214533.33,2540798.91,577.3150024414062,155.4149932861328,288.8249816894531,2956.617919921875,183.99441528320312
2025_276,0728豪雨,闊葉樹林型,45.561759328850215,215099.07,2539629.21,577.3150024414062,155.4149932861328,288.8249816894531,2956.617919921875,183.99441528320312
2025_278,0728豪雨,闊葉樹林型,46.828403128015374,214321.51,2555187.32,528.5150146484375,160.364990234375,266.42999267578125,2586.85205078125,154.91798400878906
2025_281,0728豪雨,闊葉樹林型,34.888691645645146,215689.01,2555842.89,626.094970703125,194.0050048828125,307.8699951171875,2666.719482421875,172.3930206298828
2025_282,0728豪雨,闊葉樹林型,49.3088444642106,215695.66,2555683.77,626.094970703125,194.0050048828125,307.8699951171875,2666.719482421875,172.3930206298828
2025_283,0728豪雨,闊葉樹林型,30.10818826996884,216099.83,2555828.21,626.094970703125,194.0050048828125,307.8699951171875,2666.719482421875,172.3930206298828
2025_284,0728豪雨,闊葉樹林型,34.03756281454756,216093.16,2555707.54,626.094970703125,194.0050048828125,307.8699951171875,2666.719482421875,172.3930206298828
2025_285,0728豪雨,闊葉樹林型,31.588135505201176,216313.02,2555734.52,626.094970703125,194.0050048828125,307.8699951171875,2666.719482421875,172.3930206298828
2025_288,0728豪雨,闊葉樹林型,32.65176013874374,212902.33,2555503.54,626.094970703125,194.0050048828125,307.8699951171875,2546.2138671875,161.3837127685547
2025_289,0728豪雨,闊葉樹林型,28.735641668064066,212957.37,2555292.39,528.5150146484375,160.364990234375,266.42999267578125,2556.321044921875,148.60157775878906
2025_291,0728豪雨,闊葉樹林型,29.92228709167213,214054.31,2555266.5,528.5150146484375,160.364990234375,266.42999267578125,2556.321044921875,148.60157775878906
2025_292,0728豪雨,闊葉樹林型,30.10818826996884,214173.09,2555138.41,528.5150146484375,160.364990234375,266.42999267578125,2556.321044921875,148.60157775878906
2025_293,0728豪雨,闊葉樹林型,41.56364135798625,222353.22,2554242.21,597.875,226.95999145507812,341.9849853515625,2674.13916015625,157.52418518066406
2025_296,0728豪雨,竹林,38.577711707605054,217041.63,2555101.87,528.5150146484375,160.364990234375,266.42999267578125,2586.85205078125,154.91798400878906
2025_298,0728豪雨,闊葉樹林型,10.024987862075742,214212.53,2554804.61,528.5150146484375,160.364990234375,266.42999267578125,2586.85205078125,154.91798400878906
2025_299,0728豪雨,闊葉樹林型,41.01108156155348,215124.11,2554630.9,528.5150146484375,160.364990234375,266.42999267578125,2586.85205078125,154.91798400878906
2025_301,0728豪雨,闊葉樹林型,27.017123217850244,216181.06,2553981.86,528.5150146484375,160.364990234375,266.42999267578125,2586.85205078125,154.91798400878906
2025_302,0728豪雨,闊葉樹林型,30.72061147663586,216404.74,2553929.33,528.5150146484375,160.364990234375,266.42999267578125,2586.85205078125,154.91798400878906
2025_303,0728豪雨,闊葉樹林型,34.52178114261242,214985.71,2552185.75,528.5150146484375,160.364990234375,266.42999267578125,2586.85205078125,154.91798400878906
2025_306,0728豪雨,闊葉樹林型,25.034387530343444,222514.45,2552540.21,597.875,226.95999145507812,341.9849853515625,2674.13916015625,157.52418518066406
2025_307,0728豪雨,闊葉樹林型,42.17291298675989,222854.59,2553067.4,597.875,226.95999145507812,341.9849853515625,2674.13916015625,157.52418518066406
2025_308,0728豪雨,闊葉樹林型,38.50896869263104,222985.01,2552977.73,597.875,226.95999145507812,341.9849853515625,2674.13916015625,157.52418518066406
2025_309,0728豪雨,闊葉樹林型,32.51251731617002,223072.29,2552129.46,597.875,226.95999145507812,341.9849853515625,2674.13916015625,157.52418518066406
2025_310,0728豪雨,闊葉樹林型,30.96375653207352,223723.56,2552454.36,597.875,226.95999145507812,341.9849853515625,2674.13916015625,157.52418518066406
2025_311,0728豪雨,闊葉樹林型,56.48845288625745,242136.11,2527178.03,548.8800048828125,153.6199951171875,286.8399963378906,2639.58642578125,125.33547973632812
2025_312,0728豪雨,闊葉樹林型,45.86825078796896,242145.23,2527899.26,548.8800048828125,153.6199951171875,286.8399963378906,2763.902587890625,134.30699157714844
2025_313,0728豪雨,闊葉樹林型,38.67344937613533,242396.51,2527377.07,548.8800048828125,153.6199951171875,286.8399963378906,2639.58642578125,125.33547973632812
2025_314,0728豪雨,闊葉樹林型,50.2554353477881,242378.22,2527190.25,548.8800048828125,153.6199951171875,286.8399963378906,2639.58642578125,125.33547973632812
2025_315,0728豪雨,闊葉樹林型,38.004957659317206,242595.86,2527300.99,548.8800048828125,153.6199951171875,286.8399963378906,2639.58642578125,125.33547973632812
2025_316,0728豪雨,闊葉樹林型,55.49098722827768,237866.32,2527506.14,582.0549926757812,163.33999633789062,300.9100036621094,2636.4248046875,134.2984161376953
2025_317,0728豪雨,闊葉樹林型,27.26604445073282,237944.6,2527552.52,582.0549926757812,163.33999633789062,300.9100036621094,2636.4248046875,134.2984161376953
2025_318,0728豪雨,闊葉樹林型,52.25088558587151,239340.88,2528095.46,582.0549926757812,163.33999633789062,300.9100036621094,2659.308349609375,132.2608642578125
2025_319,0728豪雨,闊葉樹林型,48.082496179513946,240122.24,2527648.29,548.8800048828125,153.6199951171875,286.8399963378906,2639.58642578125,125.33547973632812
2025_320,0728豪雨,闊葉樹林型,52.53846097986847,241117.84,2527749.07,548.8800048828125,153.6199951171875,286.8399963378906,2763.902587890625,134.30699157714844
2025_325,0728豪雨,闊葉樹林型,37.99072498917101,231733.07,2529244.29,582.0549926757812,163.33999633789062,300.9100036621094,2703.9736328125,138.96592712402344
2025_326,0728豪雨,闊葉樹林型,24.260799584868057,231948.02,2529078.45,582.0549926757812,163.33999633789062,300.9100036621094,2703.9736328125,138.96592712402344
2025_328,0728豪雨,闊葉樹林型,46.20938416376799,233075.81,2526558.54,582.0549926757812,163.33999633789062,300.9100036621094,2786.07470703125,146.2504425048828
2025_329,0728豪雨,闊葉樹林型,33.27369602543111,233081.91,2521797.7,584.0899658203125,179.66000366210938,337.2099914550781,2701.94091796875,150.17758178710938
2025_330,0728豪雨,闊葉樹林型,42.03111377419729,232986.71,2521800.35,584.0899658203125,179.66000366210938,337.2099914550781,2701.94091796875,150.17758178710938
2025_331,0728豪雨,闊葉樹林型,47.26185462150862,233459.17,2521803.79,584.0899658203125,179.66000366210938,337.2099914550781,2701.94091796875,150.17758178710938
2025_332,0728豪雨,闊葉樹林型,39.22274642672917,230908.33,2519516.04,584.0899658203125,179.66000366210938,337.2099914550781,2701.94091796875,150.17758178710938
2025_333,0728豪雨,闊葉樹林型,33.946295027753955,231437.54,2523577.9,582.0549926757812,163.33999633789062,300.9100036621094,2786.07470703125,146.2504425048828
2025_334,0728豪雨,闊葉樹林型,40.47420622680255,230857.34,2524200.54,582.0549926757812,163.33999633789062,300.9100036621094,2786.07470703125,146.2504425048828
2025_335,0728豪雨,闊葉樹林型,32.82907195826586,242243.17,2525675.41,548.8800048828125,153.6199951171875,286.8399963378906,2639.58642578125,125.33547973632812
2025_336,0728豪雨,闊葉樹林型,43.0478321430526,242589.36,2526090.98,548.8800048828125,153.6199951171875,286.8399963378906,2639.58642578125,125.33547973632812
2025_337,0728豪雨,闊葉樹林型,40.34005890109771,232745.32,2525764.44,582.0549926757812,163.33999633789062,300.9100036621094,2786.07470703125,146.2504425048828
2025_338,0728豪雨,闊葉樹林型,51.34019174590991,231908.13,2523980.11,582.0549926757812,163.33999633789062,300.9100036621094,2786.07470703125,146.2504425048828
2025_339,0728豪雨,闊葉樹林型,55.879339657330505,231698.66,2524085.86,582.0549926757812,163.33999633789062,300.9100036621094,2786.07470703125,146.2504425048828
2025_340,0728豪雨,闊葉樹林型,41.91007547318012,226628.49,2523794.07,627.7149658203125,182.20498657226562,333.8599853515625,2811.63818359375,156.8657989501953
2025_343,0728豪雨,闊葉樹林型,43.88356587860426,228166.66,2521756.27,618.2949829101562,179.34999084472656,348.5899963378906,2878.77783203125,159.82733154296875
2025_345,0728豪雨,闊葉樹林型,33.02386755579665,229253.87,2522791.43,627.7149658203125,182.20498657226562,333.8599853515625,2811.63818359375,156.8657989501953
2025_350,0728豪雨,闊葉樹林型,25.159789433981928,227401.75,2558687.0,532.635009765625,189.6649932861328,288.54998779296875,2720.570556640625,170.38348388671875
2025_351,0728豪雨,闊葉樹林型,45.73285177294307,227385.73,2558922.36,532.635009765625,189.6649932861328,288.54998779296875,2720.570556640625,170.38348388671875
2025_354,0728豪雨,闊葉樹林型,29.992245119716017,229609.53,2559570.55,502.4549865722656,192.5,280.5849914550781,2778.01904296875,166.40513610839844
2025_355,0728豪雨,闊葉樹林型,45.008949668923,229769.02,2559393.01,502.4549865722656,192.5,280.5849914550781,2778.01904296875,166.40513610839844
2025_356,0728豪雨,闊葉樹林型,43.68885454421518,229767.65,2559529.46,502.4549865722656,192.5,280.5849914550781,2778.01904296875,166.40513610839844
2025_359,0728豪雨,闊葉樹林型,33.854514812620515,229985.01,2549698.67,524.6799926757812,171.9499969482422,283.81500244140625,2634.498291015625,141.6938018798828
2025_360,0728豪雨,闊葉樹林型,34.30834539460494,230027.75,2549531.19,524.6799926757812,171.9499969482422,283.81500244140625,2634.498291015625,141.6938018798828
2025_361,0728豪雨,闊葉樹林型,40.70318870066343,229905.51,2545478.57,524.6799926757812,171.9499969482422,283.81500244140625,2634.498291015625,141.6938018798828
2025_363,0728豪雨,闊葉樹林型,43.42182054759477,226253.73,2547507.88,597.875,226.95999145507812,341.9849853515625,2630.49951171875,160.43226623535156
2025_365,0728豪雨,闊葉樹林型,27.806069555844164,228469.51,2547834.25,597.875,226.95999145507812,341.9849853515625,2630.49951171875,160.43226623535156
2025_370,0728豪雨,闊葉樹林型,29.49620849656644,224295.74,2545555.07,597.875,226.95999145507812,341.9849853515625,2502.212158203125,147.98951721191406
2025_371,0728豪雨,闊葉樹林型,27.93835272960235,224913.44,2544416.96,597.875,226.95999145507812,341.9849853515625,2630.49951171875,160.43226623535156
2025_372,0728豪雨,闊葉樹林型,30.269155243344123,225171.01,2544372.02,597.875,226.95999145507812,341.9849853515625,2630.49951171875,160.43226623535156
2025_373,0728豪雨,闊葉樹林型,29.99224511971602,225235.38,2544481.1,597.875,226.95999145507812,341.9849853515625,2630.49951171875,160.43226623535156
2025_374,0728豪雨,闊葉樹林型,35.14579037169356,225339.28,2544367.05,597.875,226.95999145507812,341.9849853515625,2630.49951171875,160.43226623535156
2025_375,0728豪雨,闊葉樹林型,47.44351957055699,224085.94,2554666.44,597.875,226.95999145507812,341.9849853515625,2674.13916015625,157.52418518066406
2025_377,0728豪雨,闊葉樹林型,28.12178338655737,225721.97,2544567.74,597.875,226.95999145507812,341.9849853515625,2630.49951171875,160.43226623535156
2025_378,0728豪雨,闊葉樹林型,55.52255133941671,226012.07,2543674.08,573.7799682617188,159.2050018310547,285.4700012207031,3075.998046875,173.19439697265625
2025_381,0728豪雨,闊葉樹林型,32.965670984008376,226313.4,2543876.11,573.7799682617188,159.2050018310547,285.4700012207031,3075.998046875,173.19439697265625
2025_383,0728豪雨,闊葉樹林型,56.69254837852218,232517.09,2562471.71,502.4549865722656,192.5,280.5849914550781,2766.05029296875,162.231689453125
2025_384,0728豪雨,闊葉樹林型,35.06054243271615,232523.1,2558514.89,502.4549865722656,192.5,280.5849914550781,2778.01904296875,166.40513610839844
2025_386,0728豪雨,闊葉樹林型,18.779921287170044,234756.41,2535045.19,548.9249877929688,152.08499145507812,281.60498046875,2721.876220703125,133.96163940429688
2025_387,0728豪雨,闊葉樹林型,28.960080041115702,235015.07,2535031.09,548.9249877929688,152.08499145507812,281.60498046875,2721.876220703125,133.96163940429688
2025_388,0728豪雨,闊葉樹林型,29.32750061118656,235837.86,2538455.8,548.9249877929688,152.08499145507812,281.60498046875,2721.876220703125,133.96163940429688
2025_390,0728豪雨,闊葉樹林型,24.684429667267143,235683.88,2540253.15,548.9249877929688,152.08499145507812,281.60498046875,2736.422119140625,151.38873291015625
2025_393,0728豪雨,闊葉樹林型,26.217612768234883,227270.4,2559946.87,532.635009765625,189.6649932861328,288.54998779296875,2720.570556640625,170.38348388671875
2025_394,0728豪雨,闊葉樹林型,37.77568430595466,227287.37,2559318.84,532.635009765625,189.6649932861328,288.54998779296875,2720.570556640625,170.38348388671875
2025_395,0728豪雨,闊葉樹林型,26.217612768234883,227492.49,2559275.08,532.635009765625,189.6649932861328,288.54998779296875,2720.570556640625,170.38348388671875
2025_403,0728豪雨,闊葉樹林型,28.91046765839842,231101.53,2560219.44,502.4549865722656,192.5,280.5849914550781,2778.01904296875,166.40513610839844
2025_406,0728豪雨,闊葉樹林型,42.8104923209509,223311.02,2558602.68,532.635009765625,189.6649932861328,288.54998779296875,2472.412841796875,158.74024963378906
2025_407,0728豪雨,闊葉樹林型,46.76535660991049,223121.86,2558380.01,532.635009765625,189.6649932861328,288.54998779296875,2472.412841796875,158.74024963378906
2025_408,0728豪雨,闊葉樹林型,36.00673320377918,223745.98,2558353.39,532.635009765625,189.6649932861328,288.54998779296875,2472.412841796875,158.74024963378906
2025_410,0728豪雨,闊葉樹林型,42.47384298513367,223808.54,2558699.24,532.635009765625,189.6649932861328,288.54998779296875,2472.412841796875,158.74024963378906
2025_415,0728豪雨,闊葉樹林型,36.71637457580036,224878.61,2564463.08,532.635009765625,189.6649932861328,288.54998779296875,2777.9365234375,169.5355224609375
2025_416,0728豪雨,闊葉樹林型,48.74735872696335,224767.93,2564717.85,532.635009765625,189.6649932861328,288.54998779296875,2777.9365234375,169.5355224609375
2025_417,0728豪雨,闊葉樹林型,38.876655136344326,224804.24,2579081.18,468.0950012207031,178.9949951171875,257.9700012207031,2666.233154296875,166.17950439453125
2025_419,0728豪雨,闊葉樹林型,10.315082561193282,217294.78,2532325.5,580.635009765625,172.88499450683594,309.7250061035156,2933.138916015625,168.9228057861328
2025_422,0728豪雨,闊葉樹林型,18.202088390873595,219114.13,2526546.67,580.635009765625,172.88499450683594,309.7250061035156,2884.879638671875,169.8948974609375
2025_426,0728豪雨,闊葉樹林型,23.994436724543963,220972.45,2527657.47,627.7149658203125,182.20498657226562,333.8599853515625,3080.857421875,169.23855590820312
2025_427,0728豪雨,闊葉樹林型,29.034220452471416,224784.28,2523880.21,627.7149658203125,182.20498657226562,333.8599853515625,2811.63818359375,156.8657989501953
2025_430,0728豪雨,闊葉樹林型,36.62354905164433,225498.09,2524431.76,627.7149658203125,182.20498657226562,333.8599853515625,2811.63818359375,156.8657989501953
2025_433,0728豪雨,闊葉樹林型,18.00416160591338,222720.53,2529929.61,627.7149658203125,182.20498657226562,333.8599853515625,2925.142578125,173.83131408691406
2025_434,0728豪雨,闊葉樹林型,38.836224204282125,222971.57,2530007.12,627.7149658203125,182.20498657226562,333.8599853515625,2925.142578125,173.83131408691406
2025_435,0728豪雨,闊葉樹林型,31.332627955778683,218272.97,2524439.9,580.635009765625,172.88499450683594,309.7250061035156,2884.879638671875,169.8948974609375
2025_436,0728豪雨,闊葉樹林型,29.205932247399417,218267.79,2524748.3,580.635009765625,172.88499450683594,309.7250061035156,2884.879638671875,169.8948974609375
2025_437,0728豪雨,闊葉樹林型,30.17736603061792,218646.3,2523368.14,580.635009765625,172.88499450683594,309.7250061035156,2884.879638671875,169.8948974609375
2025_438,0728豪雨,闊葉樹林型,46.11867036034214,218789.47,2522448.85,580.635009765625,172.88499450683594,309.7250061035156,2884.879638671875,169.8948974609375
2025_443,0728豪雨,闊葉樹林型,20.846265656650555,215814.88,2523334.09,580.635009765625,172.88499450683594,309.7250061035156,2884.879638671875,169.8948974609375
2025_445,0728豪雨,闊葉樹林型,36.885169224775694,214732.46,2535988.83,577.3150024414062,155.4149932861328,288.8249816894531,2999.6904296875,180.5821533203125
2025_446,0728豪雨,闊葉樹林型,40.51058943733277,214728.45,2534796.03,577.3150024414062,155.4149932861328,288.8249816894531,2999.6904296875,180.5821533203125
2025_447,0728豪雨,闊葉樹林型,38.32881810145589,215064.42,2536556.63,577.3150024414062,155.4149932861328,288.8249816894531,2999.6904296875,180.5821533203125
2025_450,0728豪雨,闊葉樹林型,38.04757894764742,213241.44,2547359.7,528.5150146484375,160.364990234375,266.42999267578125,2479.486083984375,162.99818420410156
2025_453,0728豪雨,闊葉樹林型,36.885169224775694,213716.77,2547422.78,528.5150146484375,160.364990234375,266.42999267578125,2479.486083984375,162.99818420410156
2025_455,0728豪雨,竹林,28.63490403452203,214561.27,2547965.01,528.5150146484375,160.364990234375,266.42999267578125,2664.70361328125,169.536376953125
2025_456,0728豪雨,闊葉樹林型,21.95499883223757,211056.48,2540536.38,577.3150024414062,155.4149932861328,288.8249816894531,2710.6376953125,174.08975219726562
2025_457,0728豪雨,闊葉樹林型,31.138369345567487,211158.01,2540747.26,577.3150024414062,155.4149932861328,288.8249816894531,2710.6376953125,174.08975219726562
2025_458,0728豪雨,闊葉樹林型,46.242226022013895,211187.62,2539463.66,577.3150024414062,155.4149932861328,288.8249816894531,2710.6376953125,174.08975219726562
2025_459,0728豪雨,闊葉樹林型,43.59051881270963,211233.99,2539613.88,577.3150024414062,155.4149932861328,288.8249816894531,2710.6376953125,174.08975219726562
2025_460,0728豪雨,闊葉樹林型,37.90505895833579,211312.96,2539687.46,577.3150024414062,155.4149932861328,288.8249816894531,2710.6376953125,174.08975219726562
2025_461,0728豪雨,闊葉樹林型,43.18031634685804,211385.75,2539568.38,577.3150024414062,155.4149932861328,288.8249816894531,2710.6376953125,174.08975219726562
2025_462,0728豪雨,闊葉樹林型,29.205932247399417,210200.54,2541020.13,577.3150024414062,155.4149932861328,288.8249816894531,2710.6376953125,174.08975219726562
2025_464,0728豪雨,闊葉樹林型,30.985684296843363,211227.9,2541460.08,577.3150024414062,155.4149932861328,288.8249816894531,2710.6376953125,174.08975219726562
2025_467,0728豪雨,闊葉樹林型,31.332627955778683,210271.99,2541210.72,577.3150024414062,155.4149932861328,288.8249816894531,2710.6376953125,174.08975219726562
2025_469,0728豪雨,闊葉樹林型,23.994436724543963,209268.46,2546667.95,528.5150146484375,160.364990234375,266.42999267578125,2479.486083984375,162.99818420410156
2025_471,0728豪雨,闊葉樹林型,33.02386755579665,207568.13,2540249.14,451.97998046875,126.55999755859375,244.61000061035156,2676.395751953125,163.50372314453125
2025_472,0728豪雨,闊葉樹林型,23.273326481355983,207815.19,2540778.75,451.97998046875,126.55999755859375,244.61000061035156,2676.395751953125,163.50372314453125
2025_473,0728豪雨,闊葉樹林型,32.985092758994966,208332.66,2540762.14,451.97998046875,126.55999755859375,244.61000061035156,2676.395751953125,163.50372314453125
2025_475,0728豪雨,闊葉樹林型,32.087580878338315,207583.15,2541790.08,451.97998046875,126.55999755859375,244.61000061035156,2676.395751953125,163.50372314453125
2025_476,0728豪雨,闊葉樹林型,18.00416160591338,207534.51,2542737.77,451.97998046875,126.55999755859375,244.61000061035156,2676.395751953125,163.50372314453125
2025_478,0728豪雨,闊葉樹林型,26.82087387239509,216315.56,2519783.29,528.0849609375,169.52999877929688,325.4849853515625,2992.088134765625,169.11236572265625
2025_479,0728豪雨,闊葉樹林型,26.56505117707799,216754.88,2519902.42,528.0849609375,169.52999877929688,325.4849853515625,2992.088134765625,169.11236572265625
2025_480,0728豪雨,闊葉樹林型,24.93969399086426,219194.08,2520450.46,528.0849609375,169.52999877929688,325.4849853515625,2992.088134765625,169.11236572265625
2025_484,0728豪雨,闊葉樹林型,51.479166996658925,230047.69,2518784.19,584.0899658203125,179.66000366210938,337.2099914550781,2701.94091796875,150.17758178710938
2025_486,0728豪雨,闊葉樹林型,45.561759328850215,230357.81,2519113.73,584.0899658203125,179.66000366210938,337.2099914550781,2701.94091796875,150.17758178710938
2025_488,0728豪雨,闊葉樹林型,50.8906940014184,227912.07,2520348.12,618.2949829101562,179.34999084472656,348.5899963378906,2878.77783203125,159.82733154296875
2025_489,0728豪雨,闊葉樹林型,30.96375653207352,227891.22,2521120.86,618.2949829101562,179.34999084472656,348.5899963378906,2878.77783203125,159.82733154296875
2025_494,0728豪雨,闊葉樹林型,30.269155243344123,229578.94,2517939.19,584.0899658203125,179.66000366210938,337.2099914550781,2701.94091796875,150.17758178710938
2025_495,0728豪雨,闊葉樹林型,34.888691645645146,229700.33,2517622.46,584.0899658203125,179.66000366210938,337.2099914550781,2701.94091796875,150.17758178710938
2025_501,0728豪雨,竹林,38.67344937613533,216919.22,2575618.65,532.5150146484375,171.89498901367188,267.8949890136719,2598.240478515625,152.61203002929688
2025_502,0728豪雨,闊葉樹林型,29.54409628156036,216625.13,2575693.55,532.5150146484375,171.89498901367188,267.8949890136719,2598.240478515625,152.61203002929688
2025_503,0728豪雨,竹林,25.159789433981928,216692.77,2575779.0,532.5150146484375,171.89498901367188,267.8949890136719,2598.240478515625,152.61203002929688
2025_504,0728豪雨,竹林,31.160066779905723,214109.93,2575584.49,532.5150146484375,171.89498901367188,267.8949890136719,2466.8583984375,146.95303344726562
2025_505,0728豪雨,竹林,32.51251731617002,216791.59,2575962.07,532.5150146484375,171.89498901367188,267.8949890136719,2598.240478515625,152.61203002929688
2025_506,0728豪雨,竹林,31.588135505201176,214824.48,2576025.61,532.5150146484375,171.89498901367188,267.8949890136719,2598.240478515625,152.61203002929688
2025_510,0728豪雨,闊葉樹林型,37.247373202381205,221892.27,2577211.55,530.719970703125,208.2849884033203,303.1449890136719,2723.8056640625,166.2555389404297
2025_512,0728豪雨,闊葉樹林型,32.73080151420785,222025.78,2577307.54,530.719970703125,208.2849884033203,303.1449890136719,2723.8056640625,166.2555389404297
2025_515,0728豪雨,闊葉樹林型,5.710593137499643,215308.86,2575857.99,532.5150146484375,171.89498901367188,267.8949890136719,2598.240478515625,152.61203002929688
2025_517,0728豪雨,闊葉樹林型,37.082382807835,215442.95,2575641.65,532.5150146484375,171.89498901367188,267.8949890136719,2598.240478515625,152.61203002929688
2025_520,0728豪雨,竹林,29.034220452471416,215090.84,2575282.07,532.5150146484375,171.89498901367188,267.8949890136719,2598.240478515625,152.61203002929688
2025_521,0728豪雨,闊葉樹林型,51.9511174652928,215383.56,2576851.51,532.5150146484375,171.89498901367188,267.8949890136719,2598.240478515625,152.61203002929688
2025_522,0728豪雨,闊葉樹林型,26.82087387239509,216908.62,2573953.7,532.5150146484375,171.89498901367188,267.8949890136719,2598.240478515625,152.61203002929688
2025_524,0728豪雨,竹林,27.806069555844164,216785.08,2574682.88,532.5150146484375,171.89498901367188,267.8949890136719,2598.240478515625,152.61203002929688
2025_525,0728豪雨,闊葉樹林型,22.144873841221017,217268.24,2574922.75,532.5150146484375,171.89498901367188,267.8949890136719,2598.240478515625,152.61203002929688
2025_526,0728豪雨,闊葉樹林型,34.99202019855866,216582.99,2575061.22,532.5150146484375,171.89498901367188,267.8949890136719,2598.240478515625,152.61203002929688
2025_527,0728豪雨,竹林,30.10818826996884,217038.93,2575214.25,532.5150146484375,171.89498901367188,267.8949890136719,2598.240478515625,152.61203002929688
2025_528,0728豪雨,闊葉樹林型,30.337664384844903,217078.72,2577697.03,430.7599792480469,126.65499877929688,205.92999267578125,2589.054443359375,156.8206024169922
2025_529,0728豪雨,闊葉樹林型,33.50097823942329,217384.3,2575028.56,532.5150146484375,171.89498901367188,267.8949890136719,2598.240478515625,152.61203002929688
2025_531,0728豪雨,竹林,27.911980918711127,217364.75,2574737.02,532.5150146484375,171.89498901367188,267.8949890136719,2598.240478515625,152.61203002929688
2025_533,0728豪雨,闊葉樹林型,47.9744503541902,220197.93,2573026.93,530.719970703125,208.2849884033203,303.1449890136719,2723.8056640625,166.2555389404297
2025_534,0728豪雨,闊葉樹林型,29.54409628156036,220369.66,2573176.18,530.719970703125,208.2849884033203,303.1449890136719,2723.8056640625,166.2555389404297
2025_536,0728豪雨,闊葉樹林型,38.13247816190013,217329.24,2574031.95,532.5150146484375,171.89498901367188,267.8949890136719,2598.240478515625,152.61203002929688
2025_539,0728豪雨,闊葉樹林型,42.89347697966648,254013.87,2642134.08,233.5699920654297,91.66500091552734,121.7199935913086,1799.2901611328125,105.68270874023438
2025_542,0728豪雨,竹林,27.155878281943988,221591.49,2595649.83,382.3949890136719,120.77999877929688,194.3199920654297,3152.661865234375,178.15899658203125
2025_544,0728豪雨,竹林,50.4127146242384,222239.85,2595853.59,382.3949890136719,120.77999877929688,194.3199920654297,3152.661865234375,178.15899658203125
2025_545,0728豪雨,竹林,45.84296219186747,222305.72,2592488.92,382.3949890136719,120.77999877929688,194.3199920654297,2850.0078125,165.6585693359375
2025_550,0728豪雨,闊葉樹林型,40.53479707962874,263399.19,2593503.59,176.75999450683594,67.62999725341797,93.83499908447266,2568.433349609375,142.67559814453125
2025_555,0728豪雨,闊葉樹林型,43.42182054759477,220073.5,2581984.9,468.0950012207031,178.9949951171875,257.9700012207031,2686.809326171875,153.22703552246094
2025_558,0728豪雨,闊葉樹林型,31.332627955778683,224123.89,2579977.34,468.0950012207031,178.9949951171875,257.9700012207031,2686.809326171875,153.22703552246094
2025_559,0728豪雨,闊葉樹林型,45.84296219186747,227645.68,2581283.61,468.0950012207031,178.9949951171875,257.9700012207031,2666.233154296875,166.17950439453125
2025_560,0728豪雨,闊葉樹林型,41.12786681163709,229141.82,2581315.79,468.0950012207031,178.9949951171875,257.9700012207031,2666.233154296875,166.17950439453125
2025_561,0728豪雨,闊葉樹林型,51.45703397263839,229718.43,2583738.9,418.7049865722656,157.80999755859375,219.50999450683594,2483.99609375,139.27691650390625
2025_562,0728豪雨,闊葉樹林型,35.94211187138234,229725.71,2584066.65,418.7049865722656,157.80999755859375,219.50999450683594,2483.99609375,139.27691650390625
2025_563,0728豪雨,闊葉樹林型,30.72061147663586,230099.76,2583646.14,418.7049865722656,157.80999755859375,219.50999450683594,2483.99609375,139.27691650390625
2025_564,0728豪雨,闊葉樹林型,58.6288884667066,226769.84,2581357.78,468.0950012207031,178.9949951171875,257.9700012207031,2666.233154296875,166.17950439453125
2025_565,0728豪雨,闊葉樹林型,31.39687644298045,227940.13,2591914.72,382.3949890136719,120.77999877929688,194.3199920654297,2806.211181640625,174.05606079101562
2025_566,0728豪雨,闊葉樹林型,45.35368663627471,228249.86,2592284.52,382.3949890136719,120.77999877929688,194.3199920654297,2806.211181640625,174.05606079101562
2025_567,0728豪雨,闊葉樹林型,44.75622365009062,228163.91,2592305.7,382.3949890136719,120.77999877929688,194.3199920654297,2806.211181640625,174.05606079101562
2025_569,0728豪雨,闊葉樹林型,48.92370550330525,227205.82,2593376.39,382.3949890136719,120.77999877929688,194.3199920654297,2806.211181640625,174.05606079101562
2025_570,0728豪雨,闊葉樹林型,37.83331466287141,227768.55,2566343.07,532.635009765625,189.6649932861328,288.54998779296875,2777.9365234375,169.5355224609375
2025_572,0728豪雨,闊葉樹林型,45.98566803619691,226595.53,2567162.8,530.719970703125,208.2849884033203,303.1449890136719,2704.38232421875,173.16522216796875
2025_573,0728豪雨,闊葉樹林型,33.27369602543111,226798.29,2567275.76,530.719970703125,208.2849884033203,303.1449890136719,2704.38232421875,173.16522216796875
2025_574,0728豪雨,闊葉樹林型,58.11028692895867,226844.8,2567398.92,530.719970703125,208.2849884033203,303.1449890136719,2704.38232421875,173.16522216796875
2025_575,0728豪雨,闊葉樹林型,33.02386755579665,225935.12,2562718.17,532.635009765625,189.6649932861328,288.54998779296875,2777.9365234375,169.5355224609375
2025_576,0728豪雨,闊葉樹林型,20.92817687973532,226383.46,2563072.66,532.635009765625,189.6649932861328,288.54998779296875,2777.9365234375,169.5355224609375
2025_577,0728豪雨,闊葉樹林型,27.26604445073282,226396.13,2563239.72,532.635009765625,189.6649932861328,288.54998779296875,2777.9365234375,169.5355224609375
2025_578,0728豪雨,闊葉樹林型,38.93040115948257,225818.56,2563459.1,532.635009765625,189.6649932861328,288.54998779296875,2777.9365234375,169.5355224609375
2025_579,0728豪雨,闊葉樹林型,34.01934998982646,226448.29,2563421.24,532.635009765625,189.6649932861328,288.54998779296875,2777.9365234375,169.5355224609375
2025_580,0728豪雨,闊葉樹林型,36.08714706573126,225381.83,2563792.55,532.635009765625,189.6649932861328,288.54998779296875,2777.9365234375,169.5355224609375
2025_581,0728豪雨,闊葉樹林型,37.247373202381205,225599.48,2563576.9,532.635009765625,189.6649932861328,288.54998779296875,2777.9365234375,169.5355224609375
2025_582,0728豪雨,闊葉樹林型,36.326005581723855,225651.25,2563528.88,532.635009765625,189.6649932861328,288.54998779296875,2777.9365234375,169.5355224609375
2025_583,0728豪雨,闊葉樹林型,39.31462864873002,226225.51,2539751.31,573.7799682617188,159.2050018310547,285.4700012207031,3075.998046875,173.19439697265625
2025_584,0728豪雨,闊葉樹林型,38.06176053983252,226173.5,2539845.97,573.7799682617188,159.2050018310547,285.4700012207031,3075.998046875,173.19439697265625
2025_585,0728豪雨,闊葉樹林型,39.727886428017456,226402.87,2539865.56,573.7799682617188,159.2050018310547,285.4700012207031,3075.998046875,173.19439697265625
2025_587,0728豪雨,闊葉樹林型,39.53553952464218,225345.0,2542053.58,573.7799682617188,159.2050018310547,285.4700012207031,3075.998046875,173.19439697265625
2025_589,0728豪雨,闊葉樹林型,33.02386755579665,226809.12,2540815.47,573.7799682617188,159.2050018310547,285.4700012207031,3075.998046875,173.19439697265625
2025_595,0728豪雨,闊葉樹林型,15.37625124882619,224482.41,2568365.92,530.719970703125,208.2849884033203,303.1449890136719,2704.38232421875,173.16522216796875
2025_597,0728豪雨,闊葉樹林型,37.90505895833579,224543.55,2561005.46,532.635009765625,189.6649932861328,288.54998779296875,2777.9365234375,169.5355224609375
2025_599,0728豪雨,闊葉樹林型,31.18173575791572,224093.99,2561032.55,532.635009765625,189.6649932861328,288.54998779296875,2787.701904296875,169.62338256835938
2025_600,0728豪雨,闊葉樹林型,36.00673320377917,224152.28,2561120.09,532.635009765625,189.6649932861328,288.54998779296875,2787.701904296875,169.62338256835938
2025_603,0728豪雨,闊葉樹林型,36.62354905164433,224366.61,2561324.02,532.635009765625,189.6649932861328,288.54998779296875,2787.701904296875,169.62338256835938
2025_604,0728豪雨,闊葉樹林型,45.78377864972804,223575.93,2562195.49,532.635009765625,189.6649932861328,288.54998779296875,2787.701904296875,169.62338256835938
2025_605,0728豪雨,闊葉樹林型,35.009177890477666,223569.39,2562509.52,532.635009765625,189.6649932861328,288.54998779296875,2787.701904296875,169.62338256835938
2025_607,0728豪雨,闊葉樹林型,31.7353754997287,224193.43,2561960.37,532.635009765625,189.6649932861328,288.54998779296875,2787.701904296875,169.62338256835938
2025_608,0728豪雨,闊葉樹林型,39.22274642672917,224122.11,2562694.87,532.635009765625,189.6649932861328,288.54998779296875,2787.701904296875,169.62338256835938
2025_609,0728豪雨,闊葉樹林型,38.836224204282125,224144.5,2561741.9,532.635009765625,189.6649932861328,288.54998779296875,2787.701904296875,169.62338256835938
2025_610,0728豪雨,闊葉樹林型,35.16278633434701,224440.04,2562802.35,532.635009765625,189.6649932861328,288.54998779296875,2787.701904296875,169.62338256835938
2025_616,0728豪雨,闊葉樹林型,36.51456867399333,221443.31,2571932.63,530.719970703125,208.2849884033203,303.1449890136719,2765.01318359375,171.3437042236328
2025_617,0728豪雨,竹林,37.202544890156695,220624.04,2571986.97,530.719970703125,208.2849884033203,303.1449890136719,2765.01318359375,171.3437042236328
2025_622,0728豪雨,闊葉樹林型,30.26915524334413,220063.19,2569729.06,530.719970703125,208.2849884033203,303.1449890136719,2765.01318359375,171.3437042236328
2025_623,0728豪雨,闊葉樹林型,28.14782196842062,220043.11,2569836.43,530.719970703125,208.2849884033203,303.1449890136719,2765.01318359375,171.3437042236328
2025_628,0728豪雨,闊葉樹林型,45.0,220867.49,2569309.69,530.719970703125,208.2849884033203,303.1449890136719,2765.01318359375,171.3437042236328
2025_630,0728豪雨,竹林,31.160066779905723,219537.37,2569237.65,530.719970703125,208.2849884033203,303.1449890136719,2765.01318359375,171.3437042236328
2025_631,0728豪雨,闊葉樹林型,41.4729343089405,219743.73,2568170.47,530.719970703125,208.2849884033203,303.1449890136719,2765.01318359375,171.3437042236328
2025_633,0728豪雨,闊葉樹林型,24.260799584868057,220370.07,2568817.98,530.719970703125,208.2849884033203,303.1449890136719,2765.01318359375,171.3437042236328
2025_634,0728豪雨,闊葉樹林型,51.34019174590991,221426.21,2562208.33,532.635009765625,189.6649932861328,288.54998779296875,2787.701904296875,169.62338256835938
2025_635,0728豪雨,闊葉樹林型,17.752790161946685,221236.04,2562549.93,532.635009765625,189.6649932861328,288.54998779296875,2787.701904296875,169.62338256835938
2025_636,0728豪雨,闊葉樹林型,41.56364135798625,221355.83,2567766.97,530.719970703125,208.2849884033203,303.1449890136719,2765.01318359375,171.3437042236328
2025_642,0728豪雨,闊葉樹林型,31.18173575791572,223044.69,2562661.99,532.635009765625,189.6649932861328,288.54998779296875,2787.701904296875,169.62338256835938
2025_646,0728豪雨,闊葉樹林型,31.311156133255537,216823.52,2560988.15,626.094970703125,194.0050048828125,307.8699951171875,2777.270263671875,170.2137908935547
2025_647,0728豪雨,闊葉樹林型,41.83254107800667,218187.97,2565642.19,626.094970703125,194.0050048828125,307.8699951171875,2777.270263671875,170.2137908935547
2025_648,0728豪雨,闊葉樹林型,35.06054243271615,218611.96,2564884.35,626.094970703125,194.0050048828125,307.8699951171875,2777.270263671875,170.2137908935547
2025_649,0728豪雨,闊葉樹林型,32.63194030642942,218777.97,2563732.95,626.094970703125,194.0050048828125,307.8699951171875,2777.270263671875,170.2137908935547
2025_651,0728豪雨,闊葉樹林型,47.07775513424629,234355.25,2504179.74,580.239990234375,189.51499938964844,369.8800048828125,2678.989990234375,138.628173828125
2025_653,0728豪雨,闊葉樹林型,35.59853666783391,237473.5,2506865.97,580.239990234375,189.51499938964844,369.8800048828125,2689.07177734375,136.0436248779297
2025_658,0728豪雨,闊葉樹林型,53.53207600313405,225751.7,2505412.91,614.0999755859375,191.63999938964844,365.864990234375,3458.8955078125,175.63583374023438
2025_659,0728豪雨,闊葉樹林型,46.242226022013895,226933.66,2505271.75,614.0999755859375,191.63999938964844,365.864990234375,3458.8955078125,175.63583374023438
2025_660,0728豪雨,闊葉樹林型,35.59853666783391,227059.14,2505225.38,614.0999755859375,191.63999938964844,365.864990234375,3458.8955078125,175.63583374023438
2025_661,0728豪雨,闊葉樹林型,41.56364135798625,229674.19,2504236.24,580.239990234375,189.51499938964844,369.8800048828125,2678.989990234375,138.628173828125
2025_662,0728豪雨,闊葉樹林型,50.79768468757728,227353.79,2504300.96,614.0999755859375,191.63999938964844,365.864990234375,3458.8955078125,175.63583374023438
2025_667,0728豪雨,闊葉樹林型,39.727886428017456,234745.19,2488295.38,538.2550048828125,152.97000122070312,329.2049865722656,2279.239501953125,129.17034912109375
2025_668,0728豪雨,闊葉樹林型,48.082496179513946,233965.04,2488571.29,538.2550048828125,152.97000122070312,329.2049865722656,2438.184814453125,130.67996215820312
2025_670,0728豪雨,闊葉樹林型,52.2508855858715,233719.17,2495747.77,575.2249755859375,192.33499145507812,370.1000061035156,2446.048095703125,134.05355834960938
2025_671,0728豪雨,闊葉樹林型,51.479166996658925,233944.4,2492521.01,575.2249755859375,192.33499145507812,370.1000061035156,2301.5791015625,127.96968841552734
2025_675,0728豪雨,闊葉樹林型,41.27835984180592,233070.92,2504829.44,580.239990234375,189.51499938964844,369.8800048828125,2678.989990234375,138.628173828125
2025_676,0728豪雨,闊葉樹林型,53.43820636802773,233323.4,2497007.16,575.2249755859375,192.33499145507812,370.1000061035156,2446.048095703125,134.05355834960938
2025_677,0728豪雨,闊葉樹林型,43.59051881270964,233068.26,2497188.41,575.2249755859375,192.33499145507812,370.1000061035156,2446.048095703125,134.05355834960938
2025_678,0728豪雨,闊葉樹林型,30.541505272932262,230830.08,2500288.31,580.239990234375,189.51499938964844,369.8800048828125,2678.989990234375,138.628173828125
2025_680,0728豪雨,闊葉樹林型,28.30319610038818,229579.39,2503825.81,580.239990234375,189.51499938964844,369.8800048828125,2678.989990234375,138.628173828125
2025_682,0728豪雨,闊葉樹林型,25.43844441156941,231253.15,2500591.57,580.239990234375,189.51499938964844,369.8800048828125,2678.989990234375,138.628173828125
2025_683,0728豪雨,闊葉樹林型,33.197229942878394,230760.59,2500755.5,580.239990234375,189.51499938964844,369.8800048828125,2678.989990234375,138.628173828125
2025_684,0728豪雨,闊葉樹林型,44.6831922342158,230927.27,2500867.34,580.239990234375,189.51499938964844,369.8800048828125,2678.989990234375,138.628173828125
2025_685,0728豪雨,闊葉樹林型,40.70318870066343,231919.64,2517064.96,584.0899658203125,179.66000366210938,337.2099914550781,2701.94091796875,150.17758178710938
2025_686,0728豪雨,闊葉樹林型,44.31238462399072,231918.3,2516498.14,584.0899658203125,179.66000366210938,337.2099914550781,2844.406982421875,165.46099853515625
2025_687,0728豪雨,闊葉樹林型,41.59751679121417,232008.29,2513886.67,584.0899658203125,179.66000366210938,337.2099914550781,2844.406982421875,165.46099853515625
2025_688,0728豪雨,闊葉樹林型,55.15416568299573,232835.32,2518541.56,584.0899658203125,179.66000366210938,337.2099914550781,2701.94091796875,150.17758178710938
2025_689,0728豪雨,闊葉樹林型,29.034220452471416,232658.03,2516392.7,584.0899658203125,179.66000366210938,337.2099914550781,2844.406982421875,165.46099853515625
2025_693,0728豪雨,竹林,22.48092791828604,233052.99,2622524.65,239.15499877929688,86.04999542236328,112.71499633789062,1937.017333984375,115.05079650878906
2025_698,0728豪雨,闊葉樹林型,51.67662497854497,217216.97,2569195.06,532.5150146484375,171.89498901367188,267.8949890136719,2736.55712890625,170.5413360595703
2025_703,0728豪雨,闊葉樹林型,31.83974832021572,215102.66,2570148.92,532.5150146484375,171.89498901367188,267.8949890136719,2736.55712890625,170.5413360595703
2025_704,0728豪雨,闊葉樹林型,36.71637457580036,217737.17,2568904.88,532.5150146484375,171.89498901367188,267.8949890136719,2736.55712890625,170.5413360595703
2025_706,0728豪雨,闊葉樹林型,37.83331466287141,221924.59,2560609.33,532.635009765625,189.6649932861328,288.54998779296875,2472.412841796875,158.74024963378906
2025_708,0728豪雨,闊葉樹林型,7.667577242751911,223187.54,2559613.45,532.635009765625,189.6649932861328,288.54998779296875,2472.412841796875,158.74024963378906
2025_709,0728豪雨,闊葉樹林型,46.31583979076502,223397.26,2560872.96,532.635009765625,189.6649932861328,288.54998779296875,2472.412841796875,158.74024963378906
2025_714,0728豪雨,闊葉樹林型,24.260799584868057,215335.39,2559363.33,626.094970703125,194.0050048828125,307.8699951171875,2666.719482421875,172.3930206298828
2025_715,0728豪雨,闊葉樹林型,45.01789374866915,217492.7,2557170.35,626.094970703125,194.0050048828125,307.8699951171875,2666.719482421875,172.3930206298828
2025_719,0728豪雨,闊葉樹林型,45.18677738187266,232839.56,2514764.59,584.0899658203125,179.66000366210938,337.2099914550781,2844.406982421875,165.46099853515625
2025_720,0728豪雨,闊葉樹林型,51.5012610615559,233156.93,2515772.97,584.0899658203125,179.66000366210938,337.2099914550781,2844.406982421875,165.46099853515625
2025_721,0728豪雨,闊葉樹林型,57.79790760585833,234691.53,2515919.06,584.0899658203125,179.66000366210938,337.2099914550781,2649.91015625,142.32667541503906
2025_722,0728豪雨,闊葉樹林型,37.247373202381205,235546.05,2516582.78,584.0899658203125,179.66000366210938,337.2099914550781,2649.91015625,142.32667541503906
2025_723,0728豪雨,闊葉樹林型,36.326005581723855,232991.13,2516583.5,584.0899658203125,179.66000366210938,337.2099914550781,2844.406982421875,165.46099853515625
2025_724,0728豪雨,闊葉樹林型,41.46155762076173,235802.16,2518098.42,584.0899658203125,179.66000366210938,337.2099914550781,2594.234130859375,136.63299560546875
2025_725,0728豪雨,闊葉樹林型,33.44445239980459,236492.46,2514797.82,584.0899658203125,179.66000366210938,337.2099914550781,2649.91015625,142.32667541503906
2025_726,0728豪雨,闊葉樹林型,29.92228709167213,236382.4,2514791.78,584.0899658203125,179.66000366210938,337.2099914550781,2649.91015625,142.32667541503906
2025_728,0728豪雨,闊葉樹林型,27.565248984490395,224726.24,2558170.08,532.635009765625,189.6649932861328,288.54998779296875,2720.570556640625,170.38348388671875
2025_729,0728豪雨,闊葉樹林型,37.90505895833579,228926.61,2564327.33,532.635009765625,189.6649932861328,288.54998779296875,2777.9365234375,169.5355224609375
2025_732,0728豪雨,闊葉樹林型,48.651427125408304,234448.65,2504674.09,580.239990234375,189.51499938964844,369.8800048828125,2678.989990234375,138.628173828125
2025_733,0728豪雨,闊葉樹林型,38.467578148302174,236451.1,2510936.46,580.239990234375,189.51499938964844,369.8800048828125,2689.07177734375,136.0436248779297
2025_734,0728豪雨,闊葉樹林型,44.563720855785085,242272.83,2512866.74,539.9749755859375,170.83999633789062,314.30499267578125,2659.226318359375,138.2041473388672
2025_735,0728豪雨,闊葉樹林型,47.34541655277845,231077.85,2504540.0,580.239990234375,189.51499938964844,369.8800048828125,2678.989990234375,138.628173828125
2025_736,0728豪雨,闊葉樹林型,38.836224204282125,232705.21,2504278.62,580.239990234375,189.51499938964844,369.8800048828125,2678.989990234375,138.628173828125
2025_737,0728豪雨,闊葉樹林型,37.11250830386473,233001.51,2502774.35,580.239990234375,189.51499938964844,369.8800048828125,2678.989990234375,138.628173828125
2025_738,0728豪雨,闊葉樹林型,45.707319368544255,234637.51,2502222.35,580.239990234375,189.51499938964844,369.8800048828125,2563.135009765625,133.9579620361328
2025_744,0728豪雨,闊葉樹林型,29.034220452471416,230363.19,2504978.79,580.239990234375,189.51499938964844,369.8800048828125,2678.989990234375,138.628173828125
2025_745,0728豪雨,闊葉樹林型,40.376760812124,230329.94,2500314.21,580.239990234375,189.51499938964844,369.8800048828125,2678.989990234375,138.628173828125
2025_746,0728豪雨,闊葉樹林型,35.06054243271615,230427.95,2500500.31,580.239990234375,189.51499938964844,369.8800048828125,2678.989990234375,138.628173828125
2025_747,0728豪雨,闊葉樹林型,11.395654497719995,230484.99,2501060.69,580.239990234375,189.51499938964844,369.8800048828125,2678.989990234375,138.628173828125
2025_749,0728豪雨,闊葉樹林型,43.42182054759477,241543.76,2531633.28,548.8800048828125,153.6199951171875,286.8399963378906,2763.902587890625,134.30699157714844
2025_750,0728豪雨,闊葉樹林型,59.026443726206445,242459.27,2531678.08,548.8800048828125,153.6199951171875,286.8399963378906,2763.902587890625,134.30699157714844
2025_751,0728豪雨,闊葉樹林型,36.94611005709807,241903.43,2531864.34,548.8800048828125,153.6199951171875,286.8399963378906,2763.902587890625,134.30699157714844
2025_752,0728豪雨,闊葉樹林型,33.04322068167278,243302.87,2532301.13,548.8800048828125,153.6199951171875,286.8399963378906,2763.902587890625,134.30699157714844
2025_753,0728豪雨,闊葉樹林型,62.29038921473756,241606.42,2531457.33,548.8800048828125,153.6199951171875,286.8399963378906,2763.902587890625,134.30699157714844
2025_754,0728豪雨,闊葉樹林型,33.02386755579665,241430.8,2529014.33,548.8800048828125,153.6199951171875,286.8399963378906,2763.902587890625,134.30699157714844
2025_755,0728豪雨,闊葉樹林型,49.017701104158654,241355.77,2529440.99,548.8800048828125,153.6199951171875,286.8399963378906,2763.902587890625,134.30699157714844
2025_756,0728豪雨,闊葉樹林型,38.836224204282125,242341.69,2529549.73,548.8800048828125,153.6199951171875,286.8399963378906,2763.902587890625,134.30699157714844
2025_757,0728豪雨,闊葉樹林型,43.59051881270963,242426.92,2529761.9,548.8800048828125,153.6199951171875,286.8399963378906,2763.902587890625,134.30699157714844
2025_758,0728豪雨,闊葉樹林型,33.44445239980459,242795.14,2530293.88,548.8800048828125,153.6199951171875,286.8399963378906,2763.902587890625,134.30699157714844
2025_760,0728豪雨,闊葉樹林型,38.876655136344326,239759.47,2530191.43,582.0549926757812,163.33999633789062,300.9100036621094,2659.308349609375,132.2608642578125
2025_761,0728豪雨,闊葉樹林型,39.14355704978305,218890.46,2552685.24,528.5150146484375,160.364990234375,266.42999267578125,2586.85205078125,154.91798400878906
2025_764,0728豪雨,闊葉樹林型,38.06176053983252,219598.26,2557342.33,532.635009765625,189.6649932861328,288.54998779296875,2472.412841796875,158.74024963378906
2025_765,0728豪雨,闊葉樹林型,43.53119928561418,218325.08,2558973.04,626.094970703125,194.0050048828125,307.8699951171875,2666.719482421875,172.3930206298828
2025_766,0728豪雨,闊葉樹林型,20.88727638387147,203707.23,2552099.86,518.9149780273438,145.6750030517578,261.5749816894531,2410.651123046875,153.12747192382812
2025_770,0728豪雨,闊葉樹林型,33.33081260166977,211241.53,2551490.48,528.5150146484375,160.364990234375,266.42999267578125,2556.321044921875,148.60157775878906
2025_773,0728豪雨,闊葉樹林型,32.47251629973426,237637.54,2536590.53,548.9249877929688,152.08499145507812,281.60498046875,2721.876220703125,133.96163940429688
2025_774,0728豪雨,闊葉樹林型,24.094842552110705,238127.45,2537348.34,548.9249877929688,152.08499145507812,281.60498046875,2721.876220703125,133.96163940429688
2025_775,0728豪雨,闊葉樹林型,30.653673803588863,238156.0,2537225.56,548.9249877929688,152.08499145507812,281.60498046875,2721.876220703125,133.96163940429688
2025_776,0728豪雨,闊葉樹林型,35.81208696357704,238242.09,2537359.82,548.9249877929688,152.08499145507812,281.60498046875,2721.876220703125,133.96163940429688
2025_777,0728豪雨,闊葉樹林型,40.376760812124,241757.28,2537611.36,520.3399658203125,147.47999572753906,273.55499267578125,2742.97314453125,134.78146362304688
2025_778,0728豪雨,闊葉樹林型,64.07353658541825,224402.9,2538477.32,573.7799682617188,159.2050018310547,285.4700012207031,2913.28076171875,173.29315185546875
2025_779,0728豪雨,闊葉樹林型,26.849053663953967,226707.52,2537533.18,573.7799682617188,159.2050018310547,285.4700012207031,2989.65869140625,161.69830322265625
2025_780,0728豪雨,闊葉樹林型,26.67924362098057,229249.24,2536579.86,573.7799682617188,159.2050018310547,285.4700012207031,2989.65869140625,161.69830322265625
2025_781,0728豪雨,闊葉樹林型,20.59784729451404,229259.71,2536512.14,573.7799682617188,159.2050018310547,285.4700012207031,2989.65869140625,161.69830322265625
2025_786,0728豪雨,闊葉樹林型,40.7628826356304,222778.0,2557417.44,532.635009765625,189.6649932861328,288.54998779296875,2472.412841796875,158.74024963378906
2025_787,0728豪雨,闊葉樹林型,46.11867036034214,222927.83,2557180.02,532.635009765625,189.6649932861328,288.54998779296875,2472.412841796875,158.74024963378906
2025_789,0728豪雨,闊葉樹林型,53.93201342463042,222718.17,2539954.76,573.7799682617188,159.2050018310547,285.4700012207031,2914.75244140625,176.5850067138672
2025_790,0728豪雨,闊葉樹林型,24.260799584868057,222905.16,2536017.02,573.7799682617188,159.2050018310547,285.4700012207031,2913.28076171875,173.29315185546875
2025_793,0728豪雨,闊葉樹林型,34.468683663334545,238918.99,2534435.17,548.9249877929688,152.08499145507812,281.60498046875,2721.876220703125,133.96163940429688
2025_794,0728豪雨,闊葉樹林型,43.99915861590316,239049.38,2534814.49,548.9249877929688,152.08499145507812,281.60498046875,2721.876220703125,133.96163940429688
2025_796,0728豪雨,竹林,44.783515145502,213878.93,2573206.53,532.5150146484375,171.89498901367188,267.8949890136719,2466.8583984375,146.95303344726562
2025_804,0728豪雨,闊葉樹林型,34.85410224097107,208351.56,2572463.34,464.3699951171875,128.2449951171875,210.97000122070312,2426.28857421875,150.275146484375
2025_807,0728豪雨,闊葉樹林型,40.9523515915937,207954.42,2572660.07,464.3699951171875,128.2449951171875,210.97000122070312,2426.28857421875,150.275146484375
2025_811,0728豪雨,闊葉樹林型,45.707319368544255,236840.95,2520322.3,584.0899658203125,179.66000366210938,337.2099914550781,2594.234130859375,136.63299560546875
2025_812,0728豪雨,闊葉樹林型,48.80866660527383,237725.04,2520123.78,584.0899658203125,179.66000366210938,337.2099914550781,2594.234130859375,136.63299560546875
2025_814,0728豪雨,闊葉樹林型,30.10818826996884,238015.71,2520067.26,584.0899658203125,179.66000366210938,337.2099914550781,2594.234130859375,136.63299560546875
2025_815,0728豪雨,闊葉樹林型,41.01108156155348,208438.24,2571765.45,464.3699951171875,128.2449951171875,210.97000122070312,2563.32373046875,157.93408203125
2025_816,0728豪雨,闊葉樹林型,44.15186907819885,208559.14,2571811.81,464.3699951171875,128.2449951171875,210.97000122070312,2563.32373046875,157.93408203125
2025_817,0728豪雨,竹林,41.8103148957786,208354.39,2572196.43,464.3699951171875,128.2449951171875,210.97000122070312,2426.28857421875,150.275146484375
2025_818,0728豪雨,闊葉樹林型,42.302624878481225,208408.23,2572363.53,464.3699951171875,128.2449951171875,210.97000122070312,2426.28857421875,150.275146484375
2025_819,0728豪雨,竹林,36.88516922477569,208250.84,2572406.58,464.3699951171875,128.2449951171875,210.97000122070312,2426.28857421875,150.275146484375
2025_820,0728豪雨,闊葉樹林型,30.337664384844903,233272.42,2523647.62,582.0549926757812,163.33999633789062,300.9100036621094,2786.07470703125,146.2504425048828
2025_822,0728豪雨,闊葉樹林型,33.27369602543111,233076.66,2523891.55,582.0549926757812,163.33999633789062,300.9100036621094,2786.07470703125,146.2504425048828
2025_824,0728豪雨,闊葉樹林型,37.67432421467949,216204.6,2571530.39,532.5150146484375,171.89498901367188,267.8949890136719,2736.55712890625,170.5413360595703
2025_827,0728豪雨,闊葉樹林型,36.57693385156434,236855.19,2515403.64,584.0899658203125,179.66000366210938,337.2099914550781,2649.91015625,142.32667541503906
2025_828,0728豪雨,闊葉樹林型,10.779771619960355,237767.7,2519549.58,584.0899658203125,179.66000366210938,337.2099914550781,2594.234130859375,136.63299560546875
2025_829,0728豪雨,闊葉樹林型,43.74754064175339,242937.33,2515934.46,539.9749755859375,170.83999633789062,314.30499267578125,2659.226318359375,138.2041473388672
2025_830,0728豪雨,闊葉樹林型,55.80657507621229,245577.05,2514071.82,539.9749755859375,170.83999633789062,314.30499267578125,2227.70556640625,122.15391540527344
2025_832,0728豪雨,闊葉樹林型,36.62354905164433,230815.96,2518708.56,584.0899658203125,179.66000366210938,337.2099914550781,2701.94091796875,150.17758178710938
2025_833,0728豪雨,闊葉樹林型,28.12178338655737,230850.44,2520070.19,584.0899658203125,179.66000366210938,337.2099914550781,2701.94091796875,150.17758178710938
2025_835,0728豪雨,闊葉樹林型,44.946184270621984,232741.48,2519202.94,584.0899658203125,179.66000366210938,337.2099914550781,2701.94091796875,150.17758178710938
2025_836,0728豪雨,闊葉樹林型,61.75678126713237,231631.18,2519324.87,584.0899658203125,179.66000366210938,337.2099914550781,2701.94091796875,150.17758178710938
2025_837,0728豪雨,闊葉樹林型,46.42958537828381,231817.93,2520857.68,584.0899658203125,179.66000366210938,337.2099914550781,2701.94091796875,150.17758178710938
2025_838,0728豪雨,闊葉樹林型,50.8675052811408,232152.93,2520791.24,584.0899658203125,179.66000366210938,337.2099914550781,2701.94091796875,150.17758178710938
2025_839,0728豪雨,闊葉樹林型,36.45196008712727,230274.39,2517856.98,584.0899658203125,179.66000366210938,337.2099914550781,2701.94091796875,150.17758178710938
2025_842,0728豪雨,闊葉樹林型,40.53479707962874,238014.89,2521229.73,584.0899658203125,179.66000366210938,337.2099914550781,2594.234130859375,136.63299560546875
2025_843,0728豪雨,闊葉樹林型,49.230075979996975,236128.76,2521615.73,584.0899658203125,179.66000366210938,337.2099914550781,2594.234130859375,136.63299560546875
2025_846,0728豪雨,闊葉樹林型,29.034220452471416,227927.27,2515116.04,618.2949829101562,179.34999084472656,348.5899963378906,3089.994384765625,176.77316284179688
2025_847,0728豪雨,闊葉樹林型,44.6831922342158,229093.36,2515590.98,618.2949829101562,179.34999084472656,348.5899963378906,3089.994384765625,176.77316284179688
2025_848,0728豪雨,闊葉樹林型,55.52255133941671,229595.92,2516238.76,584.0899658203125,179.66000366210938,337.2099914550781,2844.406982421875,165.46099853515625
2025_849,0728豪雨,闊葉樹林型,42.52694856602216,235567.92,2516080.93,584.0899658203125,179.66000366210938,337.2099914550781,2649.91015625,142.32667541503906
2025_850,0728豪雨,闊葉樹林型,67.41756438891746,235906.04,2516281.13,584.0899658203125,179.66000366210938,337.2099914550781,2649.91015625,142.32667541503906
2025_853,0728豪雨,闊葉樹林型,54.449352934111424,211774.08,2542281.4,577.3150024414062,155.4149932861328,288.8249816894531,2710.6376953125,174.08975219726562
2025_857,0728豪雨,闊葉樹林型,40.376760812124,228223.96,2551248.1,597.875,226.95999145507812,341.9849853515625,2695.205078125,150.03155517578125
2025_859,0728豪雨,闊葉樹林型,31.18173575791572,227524.64,2552674.43,597.875,226.95999145507812,341.9849853515625,2695.205078125,150.03155517578125
2025_860,0728豪雨,闊葉樹林型,31.693440803183943,227468.85,2552740.5,597.875,226.95999145507812,341.9849853515625,2695.205078125,150.03155517578125
2025_862,0728豪雨,闊葉樹林型,27.26604445073282,226610.94,2549553.0,597.875,226.95999145507812,341.9849853515625,2630.49951171875,160.43226623535156
2025_865,0728豪雨,闊葉樹林型,35.95829151209359,226783.05,2545358.37,597.875,226.95999145507812,341.9849853515625,2630.49951171875,160.43226623535156
2025_866,0728豪雨,闊葉樹林型,33.04322068167278,224189.16,2551500.07,597.875,226.95999145507812,341.9849853515625,2674.13916015625,157.52418518066406
2025_869,0728豪雨,闊葉樹林型,56.1098093378833,224966.7,2548843.13,597.875,226.95999145507812,341.9849853515625,2630.49951171875,160.43226623535156
2025_870,0728豪雨,闊葉樹林型,39.43197210676055,225186.44,2548963.49,597.875,226.95999145507812,341.9849853515625,2630.49951171875,160.43226623535156
2025_871,0728豪雨,闊葉樹林型,31.007583006867133,223593.49,2543490.67,573.7799682617188,159.2050018310547,285.4700012207031,2914.75244140625,176.5850067138672
2025_878,0728豪雨,闊葉樹林型,53.75898203286354,213837.29,2628852.36,258.4599914550781,90.25499725341797,126.88499450683594,1523.1300048828125,84.35311126708984
2025_879,0728豪雨,闊葉樹林型,46.53438273346463,213860.0,2629135.14,258.4599914550781,90.25499725341797,126.88499450683594,1523.1300048828125,84.35311126708984
2025_880,0728豪雨,闊葉樹林型,34.66253388314486,213491.43,2629655.83,258.4599914550781,90.25499725341797,126.88499450683594,1523.1300048828125,84.35311126708984
2025_885,0728豪雨,闊葉樹林型,41.59751679121417,213639.04,2628002.96,258.4599914550781,90.25499725341797,126.88499450683594,1523.1300048828125,84.35311126708984
2025_886,0728豪雨,闊葉樹林型,48.70632959817723,213574.28,2628058.74,258.4599914550781,90.25499725341797,126.88499450683594,1523.1300048828125,84.35311126708984
2025_887,0728豪雨,竹林,20.556045219583467,213496.59,2628085.63,258.4599914550781,90.25499725341797,126.88499450683594,1523.1300048828125,84.35311126708984
2025_889,0728豪雨,闊葉樹林型,41.56364135798625,207079.78,2559476.42,592.2449951171875,145.14500427246094,280.9949951171875,2261.533935546875,145.4299774169922
2025_890,0728豪雨,闊葉樹林型,5.710593137499643,209702.02,2568408.23,532.5150146484375,171.89498901367188,267.8949890136719,2612.831787109375,160.73251342773438
2025_895,0728豪雨,闊葉樹林型,40.53479707962874,207865.6,2559006.23,592.2449951171875,145.14500427246094,280.9949951171875,2261.533935546875,145.4299774169922
2025_899,0728豪雨,竹林,39.63842114615208,214300.86,2627354.1,258.4599914550781,90.25499725341797,126.88499450683594,1688.0975341796875,85.7525634765625
2025_900,0728豪雨,闊葉樹林型,61.95074597846256,240077.38,2577528.53,270.72998046875,89.4000015258789,131.31500244140625,2517.36474609375,134.92945861816406
2025_902,0728豪雨,闊葉樹林型,19.694600815138024,213373.22,2626447.07,258.4599914550781,90.25499725341797,126.88499450683594,1688.0975341796875,85.7525634765625
2025_905,0728豪雨,闊葉樹林型,51.479166996658925,242740.58,2574998.35,365.3949890136719,141.7899932861328,205.6599884033203,2563.6611328125,140.51837158203125
2025_907,0728豪雨,闊葉樹林型,52.47740238131983,242610.01,2577537.92,270.72998046875,89.4000015258789,131.31500244140625,2517.36474609375,134.92945861816406
2025_913,0728豪雨,闊葉樹林型,50.24934765756516,215335.23,2633646.47,241.45999145507812,74.94499969482422,122.90499877929688,1546.2135009765625,84.9543685913086
2025_914,0728豪雨,闊葉樹林型,10.024987862075742,215776.54,2633661.17,241.45999145507812,74.94499969482422,122.90499877929688,1546.2135009765625,84.9543685913086
2025_915,0728豪雨,闊葉樹林型,59.34036584952376,215232.07,2633858.59,241.45999145507812,74.94499969482422,122.90499877929688,1546.2135009765625,84.9543685913086
2025_916,0728豪雨,闊葉樹林型,56.02723562281445,215414.44,2633942.18,241.45999145507812,74.94499969482422,122.90499877929688,1546.2135009765625,84.9543685913086
2025_918,0728豪雨,闊葉樹林型,29.54409628156036,223642.88,2656152.96,214.18499755859375,75.21499633789062,102.0,1543.4552001953125,101.83726501464844
2025_919,0728豪雨,闊葉樹林型,52.025420148370834,223737.78,2656294.26,214.18499755859375,75.21499633789062,102.0,1543.4552001953125,101.83726501464844
2025_920,0728豪雨,闊葉樹林型,21.568129435647887,223929.91,2656220.17,214.18499755859375,75.21499633789062,102.0,1543.4552001953125,101.83726501464844
2025_923,0728豪雨,闊葉樹林型,36.00673320377918,224180.44,2656182.49,214.18499755859375,75.21499633789062,102.0,1543.4552001953125,101.83726501464844
2025_925,0728豪雨,闊葉樹林型,42.76882539196875,224360.19,2656020.14,214.18499755859375,75.21499633789062,102.0,1543.4552001953125,101.83726501464844
2025_927,0728豪雨,闊葉樹林型,46.69408503840473,216820.2,2635102.9,241.45999145507812,74.94499969482422,122.90499877929688,1546.2135009765625,84.9543685913086
2025_928,0728豪雨,闊葉樹林型,36.05502968442895,223397.66,2656310.81,214.18499755859375,75.21499633789062,102.0,1543.4552001953125,101.83726501464844
2025_929,0728豪雨,闊葉樹林型,34.30834539460494,223510.81,2656190.52,214.18499755859375,75.21499633789062,102.0,1543.4552001953125,101.83726501464844
2025_933,0728豪雨,闊葉樹林型,41.23221278344418,235762.81,2539933.19,548.9249877929688,152.08499145507812,281.60498046875,2736.422119140625,151.38873291015625
2025_934,0728豪雨,闊葉樹林型,17.393118144442386,235890.32,2539886.14,548.9249877929688,152.08499145507812,281.60498046875,2736.422119140625,151.38873291015625
2025_937,0728豪雨,闊葉樹林型,29.424115787413506,237248.02,2539848.17,548.9249877929688,152.08499145507812,281.60498046875,2736.422119140625,151.38873291015625
2025_941,0728豪雨,闊葉樹林型,46.78903266978297,238219.03,2543177.03,548.9249877929688,152.08499145507812,281.60498046875,2736.422119140625,151.38873291015625
2025_944,0728豪雨,闊葉樹林型,27.699472808055,237252.72,2543472.79,548.9249877929688,152.08499145507812,281.60498046875,2736.422119140625,151.38873291015625
2025_946,0728豪雨,闊葉樹林型,32.005383208083494,239822.48,2540667.1,520.3399658203125,147.47999572753906,273.55499267578125,2610.104248046875,137.64793395996094
2025_952,0728豪雨,闊葉樹林型,26.593674030621376,238180.41,2538396.75,548.9249877929688,152.08499145507812,281.60498046875,2721.876220703125,133.96163940429688
2025_953,0728豪雨,闊葉樹林型,45.86825078796896,242345.55,2538634.41,520.3399658203125,147.47999572753906,273.55499267578125,2742.97314453125,134.78146362304688
2025_954,0728豪雨,闊葉樹林型,34.18253892596887,242397.23,2538258.54,520.3399658203125,147.47999572753906,273.55499267578125,2742.97314453125,134.78146362304688
2025_955,0728豪雨,闊葉樹林型,36.86989764584402,242477.79,2538453.52,520.3399658203125,147.47999572753906,273.55499267578125,2742.97314453125,134.78146362304688
2025_956,0728豪雨,闊葉樹林型,24.260799584868057,240264.01,2535759.71,520.3399658203125,147.47999572753906,273.55499267578125,2742.97314453125,134.78146362304688
2025_957,0728豪雨,闊葉樹林型,41.91007547318012,240668.93,2535582.12,520.3399658203125,147.47999572753906,273.55499267578125,2742.97314453125,134.78146362304688
2025_958,0728豪雨,闊葉樹林型,34.66253388314486,240712.05,2536054.14,520.3399658203125,147.47999572753906,273.55499267578125,2742.97314453125,134.78146362304688
2025_960,0728豪雨,闊葉樹林型,45.22207888903144,240872.48,2535719.09,520.3399658203125,147.47999572753906,273.55499267578125,2742.97314453125,134.78146362304688
2025_967,0728豪雨,闊葉樹林型,42.68513943100698,234000.94,2538445.84,548.9249877929688,152.08499145507812,281.60498046875,2859.393798828125,158.3670654296875
2025_968,0728豪雨,闊葉樹林型,43.97034622693592,234715.85,2537999.77,548.9249877929688,152.08499145507812,281.60498046875,2721.876220703125,133.96163940429688
2025_970,0728豪雨,闊葉樹林型,20.92817687973532,202769.9,2536648.68,451.97998046875,126.55999755859375,244.61000061035156,2615.20654296875,155.43116760253906
2025_971,0728豪雨,闊葉樹林型,61.609168756241125,239548.04,2536251.1,548.9249877929688,152.08499145507812,281.60498046875,2721.876220703125,133.96163940429688
2025_972,0728豪雨,闊葉樹林型,40.51058943733277,239796.11,2536162.85,548.9249877929688,152.08499145507812,281.60498046875,2721.876220703125,133.96163940429688
2025_973,0728豪雨,闊葉樹林型,48.082496179513946,240005.84,2535939.27,520.3399658203125,147.47999572753906,273.55499267578125,2742.97314453125,134.78146362304688
2025_974,0728豪雨,闊葉樹林型,27.990970091758022,235732.06,2535388.25,548.9249877929688,152.08499145507812,281.60498046875,2721.876220703125,133.96163940429688
2025_976,0728豪雨,闊葉樹林型,20.387669768422825,235829.29,2535605.08,548.9249877929688,152.08499145507812,281.60498046875,2721.876220703125,133.96163940429688
2025_977,0728豪雨,闊葉樹林型,26.56505117707799,240182.8,2535604.46,520.3399658203125,147.47999572753906,273.55499267578125,2742.97314453125,134.78146362304688
2025_979,0728豪雨,闊葉樹林型,55.783498581858304,242707.38,2534108.77,520.3399658203125,147.47999572753906,273.55499267578125,2742.97314453125,134.78146362304688
2025_980,0728豪雨,闊葉樹林型,21.99315979629213,240860.55,2535110.58,520.3399658203125,147.47999572753906,273.55499267578125,2742.97314453125,134.78146362304688
2025_981,0728豪雨,闊葉樹林型,42.779253086391705,240703.95,2535316.21,520.3399658203125,147.47999572753906,273.55499267578125,2742.97314453125,134.78146362304688
2025_983,0728豪雨,闊葉樹林型,58.83103524308009,240514.21,2543696.82,520.3399658203125,147.47999572753906,273.55499267578125,2610.104248046875,137.64793395996094
2025_985,0728豪雨,闊葉樹林型,24.260799584868057,224143.36,2508572.68,614.0999755859375,191.63999938964844,365.864990234375,3208.257568359375,163.9506378173828
2025_986,0728豪雨,闊葉樹林型,31.007583006867133,224164.43,2510041.99,614.0999755859375,191.63999938964844,365.864990234375,3208.257568359375,163.9506378173828
2025_987,0728豪雨,闊葉樹林型,37.60152555834086,224447.47,2510449.1,614.0999755859375,191.63999938964844,365.864990234375,3247.296630859375,172.06101989746094
2025_988,0728豪雨,闊葉樹林型,44.4339436755831,224097.82,2508325.82,614.0999755859375,191.63999938964844,365.864990234375,3208.257568359375,163.9506378173828
2025_990,0728豪雨,闊葉樹林型,48.75418465890979,220314.89,2510139.53,614.0999755859375,191.63999938964844,365.864990234375,3208.257568359375,163.9506378173828
2025_994,0728豪雨,闊葉樹林型,34.03756281454756,221823.88,2510602.4,614.0999755859375,191.63999938964844,365.864990234375,3208.257568359375,163.9506378173828
2025_995,0728豪雨,闊葉樹林型,37.790111559066204,221243.07,2506463.73,614.0999755859375,191.63999938964844,365.864990234375,3208.257568359375,163.9506378173828
2025_996,0728豪雨,闊葉樹林型,40.47420622680254,233644.57,2594032.4,360.1549987792969,131.3800048828125,185.80499267578125,2501.34765625,150.38238525390625
2025_998,0728豪雨,闊葉樹林型,35.43232547287678,234735.24,2593155.75,360.1549987792969,131.3800048828125,185.80499267578125,2419.028564453125,141.7389678955078
2025_999,0728豪雨,闊葉樹林型,44.57294618219693,235011.95,2593169.48,360.1549987792969,131.3800048828125,185.80499267578125,2419.028564453125,141.7389678955078
2025_1000,0728豪雨,闊葉樹林型,52.85904948954693,235897.78,2587448.39,418.7049865722656,157.80999755859375,219.50999450683594,2507.504638671875,143.16065979003906
2025_1008,0728豪雨,闊葉樹林型,47.26185462150862,286772.61,2658338.0,128.03500366210938,50.25499725341797,59.85499954223633,2330.667236328125,145.41802978515625
2025_1009,0728豪雨,闊葉樹林型,28.735641668064066,288585.12,2654934.07,168.3249969482422,75.29999542236328,87.08000183105469,1718.05224609375,108.5896987915039
2025_1010,0728豪雨,闊葉樹林型,52.918230833137656,267562.96,2611125.67,189.625,67.85499572753906,92.0250015258789,2086.531982421875,117.45305633544922
2025_1016,0728豪雨,闊葉樹林型,20.387669768422825,216613.83,2512074.07,528.0849609375,169.52999877929688,325.4849853515625,3375.24658203125,182.49546813964844
2025_1017,0728豪雨,闊葉樹林型,33.65076727448982,218504.4,2511175.22,528.0849609375,169.52999877929688,325.4849853515625,3375.24658203125,182.49546813964844
2025_1018,0728豪雨,闊葉樹林型,46.69408503840473,218521.76,2510889.32,534.7550048828125,162.5449981689453,331.5950012207031,3173.47412109375,163.93460083007812
2025_1019,0728豪雨,闊葉樹林型,40.36453657309736,213745.79,2501889.3,534.7550048828125,162.5449981689453,331.5950012207031,2864.02294921875,171.08883666992188
2025_1020,0728豪雨,闊葉樹林型,40.34005890109771,221089.47,2512970.89,618.2949829101562,179.34999084472656,348.5899963378906,3345.975341796875,177.1853790283203
2025_1021,0728豪雨,闊葉樹林型,42.8104923209509,216569.04,2512940.34,528.0849609375,169.52999877929688,325.4849853515625,3375.24658203125,182.49546813964844
2025_1022,0728豪雨,闊葉樹林型,31.588135505201176,216217.05,2513311.14,528.0849609375,169.52999877929688,325.4849853515625,3375.24658203125,182.49546813964844
2025_1024,0728豪雨,闊葉樹林型,42.6115260474372,233427.7,2516865.76,584.0899658203125,179.66000366210938,337.2099914550781,2701.94091796875,150.17758178710938
2025_1025,0728豪雨,闊葉樹林型,64.76366687768189,207745.19,2529061.76,500.8249816894531,154.45999145507812,274.2099914550781,2670.104736328125,167.37664794921875
2025_1026,0728豪雨,闊葉樹林型,30.337664384844903,231055.25,2528269.17,582.0549926757812,163.33999633789062,300.9100036621094,2703.9736328125,138.96592712402344
2025_1027,0728豪雨,闊葉樹林型,46.01070199822306,231272.64,2528178.61,582.0549926757812,163.33999633789062,300.9100036621094,2703.9736328125,138.96592712402344
2025_1028,0728豪雨,闊葉樹林型,33.10114358966526,210213.73,2538075.96,577.3150024414062,155.4149932861328,288.8249816894531,2656.133544921875,170.91372680664062
2025_1029,0728豪雨,闊葉樹林型,39.98069050753483,211049.3,2536785.16,577.3150024414062,155.4149932861328,288.8249816894531,2656.133544921875,170.91372680664062
2025_1030,0728豪雨,闊葉樹林型,26.246849689869403,209347.6,2536663.06,577.3150024414062,155.4149932861328,288.8249816894531,2656.133544921875,170.91372680664062
2025_1032,0728豪雨,闊葉樹林型,43.74754064175339,211256.96,2537731.83,577.3150024414062,155.4149932861328,288.8249816894531,2656.133544921875,170.91372680664062
2025_1033,0728豪雨,竹林,48.99761517464819,214415.57,2538105.62,577.3150024414062,155.4149932861328,288.8249816894531,2999.6904296875,180.5821533203125
2025_1034,0728豪雨,闊葉樹林型,30.337664384844903,228149.26,2543812.65,573.7799682617188,159.2050018310547,285.4700012207031,3075.998046875,173.19439697265625
2025_1035,0728豪雨,闊葉樹林型,27.699472808055,229449.83,2536369.75,573.7799682617188,159.2050018310547,285.4700012207031,2989.65869140625,161.69830322265625
2025_1037,0728豪雨,闊葉樹林型,21.568129435647887,223837.56,2546280.49,597.875,226.95999145507812,341.9849853515625,2502.212158203125,147.98951721191406
2025_1038,0728豪雨,闊葉樹林型,35.59853666783391,212481.97,2559152.34,626.094970703125,194.0050048828125,307.8699951171875,2546.2138671875,161.3837127685547
2025_1039,0728豪雨,闊葉樹林型,26.158981435332173,214212.08,2565486.02,626.094970703125,194.0050048828125,307.8699951171875,2595.341064453125,162.25697326660156
2025_1040,0728豪雨,闊葉樹林型,42.779253086391705,214309.95,2563968.83,626.094970703125,194.0050048828125,307.8699951171875,2777.270263671875,170.2137908935547
2025_1044,0728豪雨,闊葉樹林型,35.41561005234765,218084.2,2564492.61,626.094970703125,194.0050048828125,307.8699951171875,2777.270263671875,170.2137908935547
2025_1045,0728豪雨,闊葉樹林型,32.005383208083494,220181.46,2565174.59,532.635009765625,189.6649932861328,288.54998779296875,2787.701904296875,169.62338256835938
2025_1048,0728豪雨,闊葉樹林型,46.38095061161688,235298.11,2566795.47,407.93499755859375,159.91000366210938,228.39999389648438,2800.0224609375,160.45843505859375
2025_1049,0728豪雨,闊葉樹林型,41.98721249581666,227596.92,2571142.88,530.719970703125,208.2849884033203,303.1449890136719,2704.38232421875,173.16522216796875
2025_1051,0728豪雨,闊葉樹林型,19.198613308677363,216336.44,2566919.34,532.5150146484375,171.89498901367188,267.8949890136719,2736.55712890625,170.5413360595703
2025_1052,0728豪雨,竹林,41.56364135798625,218423.14,2567199.47,532.5150146484375,171.89498901367188,267.8949890136719,2736.55712890625,170.5413360595703
2025_1053,0728豪雨,闊葉樹林型,44.75622365009062,229347.39,2574922.14,530.719970703125,208.2849884033203,303.1449890136719,2617.794921875,159.61663818359375
2025_1054,0728豪雨,闊葉樹林型,50.91384053616322,229614.96,2573907.59,407.93499755859375,159.91000366210938,228.39999389648438,2418.293701171875,138.82501220703125
2025_1059,0728豪雨,闊葉樹林型,46.93804858054488,234493.57,2579217.14,418.7049865722656,157.80999755859375,219.50999450683594,2512.659912109375,144.93051147460938
2025_1060,0728豪雨,闊葉樹林型,27.911980918711127,218232.12,2581232.56,430.7599792480469,126.65499877929688,205.92999267578125,2589.054443359375,156.8206024169922
2025_1061,0728豪雨,闊葉樹林型,37.30694874098832,231462.61,2584895.52,418.7049865722656,157.80999755859375,219.50999450683594,2483.99609375,139.27691650390625
2025_1062,0728豪雨,闊葉樹林型,40.04325099636187,233887.36,2590144.47,360.1549987792969,131.3800048828125,185.80499267578125,2501.34765625,150.38238525390625
2025_1063,0728豪雨,闊葉樹林型,49.017701104158654,229002.23,2590344.72,382.3949890136719,120.77999877929688,194.3199920654297,2806.211181640625,174.05606079101562
2025_1065,0728豪雨,闊葉樹林型,36.86989764584402,226701.41,2598347.97,382.3949890136719,120.77999877929688,194.3199920654297,3013.884521484375,179.8356170654297
2025_1067,0728豪雨,闊葉樹林型,50.151552379960606,226336.6,2601388.08,352.6499938964844,136.30499267578125,181.125,2559.213623046875,138.95001220703125
2025_1068,0728豪雨,竹林,36.86989764584402,224525.84,2604703.41,352.6499938964844,136.30499267578125,181.125,2793.92431640625,167.81224060058594
2025_1074,0728豪雨,竹林,46.13520746598665,234706.5,2631267.25,239.15499877929688,86.04999542236328,112.71499633789062,2086.798583984375,121.12052154541016
2025_1077,0728豪雨,闊葉樹林型,47.19310563582845,252337.7,2630584.73,220.0449981689453,81.21499633789062,109.63499450683594,1803.0828857421875,101.858642578125
2025_1078,0728豪雨,闊葉樹林型,29.32750061118656,236002.1,2634049.65,233.47999572753906,80.38999938964844,105.93000030517578,1915.0513916015625,104.89905548095703
2025_1079,0728豪雨,闊葉樹林型,54.39733118615822,251230.85,2639065.95,233.5699920654297,91.66500091552734,121.7199935913086,1799.2901611328125,105.68270874023438
2025_1080,0728豪雨,闊葉樹林型,47.61538175910259,274749.67,2648956.75,234.5800018310547,129.69000244140625,145.39500427246094,2772.131103515625,156.80596923828125
2025_1081,0728豪雨,闊葉樹林型,59.32102706661042,252436.23,2650193.48,242.35499572753906,99.72999572753906,135.4949951171875,1945.080810546875,110.75309753417969
2025_1083,0728豪雨,闊葉樹林型,14.434094830851231,228928.56,2661782.69,214.18499755859375,75.21499633789062,102.0,1547.0570068359375,102.39977264404297
2025_1084,0728豪雨,闊葉樹林型,44.89216578140445,262814.63,2666262.06,198.16000366210938,97.4000015258789,115.98999786376953,2568.5400390625,156.200439453125
2025_1088,0728豪雨,闊葉樹林型,52.188377852621386,283093.82,2682328.93,95.19999694824219,41.0,53.52000045776367,2222.576904296875,135.27322387695312
2025_1089,0728豪雨,闊葉樹林型,46.17646516763125,215890.94,2530583.07,580.635009765625,172.88499450683594,309.7250061035156,2933.138916015625,168.9228057861328
2025_1090,0728豪雨,闊葉樹林型,45.0,215867.47,2530478.77,580.635009765625,172.88499450683594,309.7250061035156,2933.138916015625,168.9228057861328
2025_1091,0728豪雨,闊葉樹林型,43.22084280018324,214156.56,2533457.29,577.3150024414062,155.4149932861328,288.8249816894531,2999.6904296875,180.5821533203125
2025_1093,0728豪雨,闊葉樹林型,39.50971228619393,278030.08,2579831.84,167.7949981689453,66.05999755859375,99.31999969482422,1776.080810546875,112.17910766601562
2025_1094,0728豪雨,闊葉樹林型,36.45196008712727,278029.71,2579870.22,167.7949981689453,66.05999755859375,99.31999969482422,1776.080810546875,112.17910766601562
2025_1095,0728豪雨,闊葉樹林型,29.424115787413506,278091.48,2579921.44,167.7949981689453,66.05999755859375,99.31999969482422,1776.080810546875,112.17910766601562
2025_1096,0728豪雨,闊葉樹林型,42.1729129867599,272886.33,2580433.65,167.7949981689453,66.05999755859375,99.31999969482422,2176.4814453125,146.4366455078125
2025_1097,0728豪雨,闊葉樹林型,34.18253892596887,278062.32,2579764.63,167.7949981689453,66.05999755859375,99.31999969482422,1776.080810546875,112.17910766601562
2025_1098,0728豪雨,闊葉樹林型,38.28695056949238,280376.01,2581425.56,167.7949981689453,66.05999755859375,99.31999969482422,1776.080810546875,112.17910766601562
2025_1099,0728豪雨,闊葉樹林型,15.90987591526664,284536.59,2578390.61,159.0800018310547,61.45499801635742,85.92499542236328,1781.5130615234375,108.79041290283203
2025_1100,0728豪雨,闊葉樹林型,11.04835208485498,284676.25,2577709.85,159.0800018310547,61.45499801635742,85.92499542236328,1781.5130615234375,108.79041290283203
2025_1101,0728豪雨,闊葉樹林型,52.47740238131983,276008.45,2575253.88,201.9199981689453,69.90499877929688,109.2699966430664,1522.0943603515625,109.73155212402344
2025_1103,0728豪雨,闊葉樹林型,42.377774270582094,290535.92,2647828.67,168.3249969482422,75.29999542236328,87.08000183105469,2090.37939453125,122.56769561767578
2025_1106,0728豪雨,闊葉樹林型,56.10606921127311,281426.69,2654602.52,168.3249969482422,75.29999542236328,87.08000183105469,2503.708984375,123.4659194946289
2025_1108,0728豪雨,闊葉樹林型,70.24264352654761,281264.2,2646375.39,168.3249969482422,75.29999542236328,87.08000183105469,2561.518310546875,135.14614868164062
2025_1109,0728豪雨,闊葉樹林型,39.72788642801746,278972.57,2584333.97,167.7949981689453,66.05999755859375,99.31999969482422,2192.05224609375,135.8311004638672
2025_1110,0728豪雨,闊葉樹林型,63.57879651909366,273144.89,2584242.3,167.7949981689453,66.05999755859375,99.31999969482422,2521.49609375,159.008544921875
2025_1111,0728豪雨,闊葉樹林型,34.99202019855866,273793.56,2584487.32,167.7949981689453,66.05999755859375,99.31999969482422,2521.49609375,159.008544921875
2025_1112,0728豪雨,闊葉樹林型,33.946295027753955,273880.94,2566937.0,201.9199981689453,69.90499877929688,109.2699966430664,2094.354248046875,141.65664672851562
2025_1113,0728豪雨,闊葉樹林型,37.202544890156695,273893.11,2566986.18,201.9199981689453,69.90499877929688,109.2699966430664,2094.354248046875,141.65664672851562
2025_1114,0728豪雨,竹林,37.87640024160826,278322.74,2562772.68,243.9099884033203,90.57499694824219,135.489990234375,2098.5224609375,133.08033752441406
2025_1117,0728豪雨,闊葉樹林型,51.479166996658925,286780.43,2580532.23,159.0800018310547,61.45499801635742,85.92499542236328,2089.62841796875,132.9912872314453
2025_1118,0728豪雨,闊葉樹林型,43.54110253900031,292261.42,2578562.71,158.39498901367188,63.57499694824219,85.58499908447266,2111.184814453125,136.44265747070312
2025_1119,0728豪雨,闊葉樹林型,33.946295027753955,292274.71,2578602.17,158.39498901367188,63.57499694824219,85.58499908447266,2111.184814453125,136.44265747070312
2025_1120,0728豪雨,闊葉樹林型,39.77877859061192,273736.93,2563334.94,243.9099884033203,90.57499694824219,135.489990234375,1925.8834228515625,121.25970458984375
2025_1121,0728豪雨,闊葉樹林型,54.01310059666566,281374.77,2545201.93,240.75498962402344,97.46499633789062,142.72000122070312,1937.57470703125,133.17822265625
2025_1122,0728豪雨,闊葉樹林型,38.13247816190013,221046.4,2514138.85,618.2949829101562,179.34999084472656,348.5899963378906,3345.975341796875,177.1853790283203
2025_1123,0728豪雨,闊葉樹林型,36.43626970061044,225981.83,2514149.65,618.2949829101562,179.34999084472656,348.5899963378906,3089.994384765625,176.77316284179688
2025_1124,0728豪雨,闊葉樹林型,29.734272666889545,227003.52,2516126.35,618.2949829101562,179.34999084472656,348.5899963378906,3089.994384765625,176.77316284179688
2025_1125,0728豪雨,闊葉樹林型,38.46757814830217,226966.88,2516402.53,618.2949829101562,179.34999084472656,348.5899963378906,3089.994384765625,176.77316284179688
2025_1126,0728豪雨,闊葉樹林型,36.00673320377917,219716.64,2516894.55,618.2949829101562,179.34999084472656,348.5899963378906,2973.652587890625,167.24110412597656
2025_1127,0728豪雨,闊葉樹林型,44.359258950107865,231062.62,2515767.68,584.0899658203125,179.66000366210938,337.2099914550781,2844.406982421875,165.46099853515625
2025_1128,0728豪雨,闊葉樹林型,36.1352033247489,232683.78,2521921.04,584.0899658203125,179.66000366210938,337.2099914550781,2701.94091796875,150.17758178710938
2025_1129,0728豪雨,闊葉樹林型,33.946295027753955,233257.07,2503654.89,580.239990234375,189.51499938964844,369.8800048828125,2678.989990234375,138.628173828125
2025_1130,0728豪雨,闊葉樹林型,41.12786681163709,241811.94,2504765.1,585.7749633789062,177.48500061035156,336.44000244140625,2492.38916015625,125.9029312133789
2025_1131,0728豪雨,闊葉樹林型,46.01070199822306,238084.02,2506254.42,580.239990234375,189.51499938964844,369.8800048828125,2689.07177734375,136.0436248779297
2025_1132,0728豪雨,闊葉樹林型,51.39039996896976,240681.53,2507392.71,585.7749633789062,177.48500061035156,336.44000244140625,2523.927734375,132.65663146972656
2025_1133,0728豪雨,闊葉樹林型,34.18253892596887,233487.89,2509852.58,580.239990234375,189.51499938964844,369.8800048828125,2856.927490234375,156.2165985107422
2025_1134,0728豪雨,闊葉樹林型,42.377774270582094,242236.63,2514573.89,539.9749755859375,170.83999633789062,314.30499267578125,2659.226318359375,138.2041473388672
2025_1135,0728豪雨,闊葉樹林型,44.31238462399072,223474.94,2500053.46,614.0999755859375,191.63999938964844,365.864990234375,3421.30029296875,166.23594665527344
2025_1138,0728豪雨,闊葉樹林型,39.727886428017456,222209.51,2501989.28,614.0999755859375,191.63999938964844,365.864990234375,3421.30029296875,166.23594665527344
2025_1141,0728豪雨,闊葉樹林型,43.844830570829245,238647.52,2499140.03,575.2249755859375,192.33499145507812,370.1000061035156,2480.2919921875,134.50819396972656
2025_1142,0728豪雨,闊葉樹林型,33.946295027753955,237860.45,2499618.23,575.2249755859375,192.33499145507812,370.1000061035156,2480.2919921875,134.50819396972656
2025_1143,0728豪雨,闊葉樹林型,50.82682311538271,243162.8,2499864.44,538.6950073242188,165.09999084472656,322.4750061035156,2408.88671875,142.03627014160156
2025_1144,0728豪雨,闊葉樹林型,38.28695056949238,230051.47,2501242.79,580.239990234375,189.51499938964844,369.8800048828125,2678.989990234375,138.628173828125
2025_1145,0728豪雨,闊葉樹林型,37.790111559066204,221672.7,2530164.71,627.7149658203125,182.20498657226562,333.8599853515625,2925.142578125,173.83131408691406
2025_1146,0728豪雨,闊葉樹林型,36.00673320377917,222308.2,2529046.83,627.7149658203125,182.20498657226562,333.8599853515625,2925.142578125,173.83131408691406
2025_1148,0728豪雨,闊葉樹林型,28.960080041115702,225812.1,2530176.49,627.7149658203125,182.20498657226562,333.8599853515625,2923.65380859375,170.8692626953125
2025_1149,0728豪雨,闊葉樹林型,25.034387530343444,225865.42,2530158.0,627.7149658203125,182.20498657226562,333.8599853515625,2923.65380859375,170.8692626953125
2025_1150,0728豪雨,闊葉樹林型,36.45196008712727,232094.65,2527544.71,582.0549926757812,163.33999633789062,300.9100036621094,2786.07470703125,146.2504425048828
2025_1151,0728豪雨,闊葉樹林型,31.693440803183943,237254.56,2528827.52,582.0549926757812,163.33999633789062,300.9100036621094,2659.308349609375,132.2608642578125
2025_1152,0728豪雨,闊葉樹林型,41.19751028946612,237760.29,2528564.87,582.0549926757812,163.33999633789062,300.9100036621094,2659.308349609375,132.2608642578125
2025_1153,0728豪雨,闊葉樹林型,43.97995668722642,243964.26,2529734.3,548.8800048828125,153.6199951171875,286.8399963378906,2763.902587890625,134.30699157714844
2025_1154,0728豪雨,闊葉樹林型,40.91700476339015,246599.14,2530331.54,548.8800048828125,153.6199951171875,286.8399963378906,2691.63232421875,130.44161987304688
2025_1155,0728豪雨,闊葉樹林型,58.83103524308009,241643.26,2524326.99,548.8800048828125,153.6199951171875,286.8399963378906,2639.58642578125,125.33547973632812
2025_1156,0728豪雨,闊葉樹林型,38.32881810145589,249551.17,2524054.0,548.8800048828125,153.6199951171875,286.8399963378906,2797.622802734375,138.75550842285156
2025_1157,0728豪雨,闊葉樹林型,39.22274642672917,249579.11,2523987.76,548.8800048828125,153.6199951171875,286.8399963378906,2797.622802734375,138.75550842285156
2025_1158,0728豪雨,闊葉樹林型,42.04206908232861,249721.78,2523987.8,548.8800048828125,153.6199951171875,286.8399963378906,2797.622802734375,138.75550842285156
2025_1159,0728豪雨,闊葉樹林型,39.727886428017456,249784.63,2523914.18,548.8800048828125,153.6199951171875,286.8399963378906,2797.622802734375,138.75550842285156
2025_1160,0728豪雨,闊葉樹林型,57.33654652101931,250245.58,2532063.36,489.03997802734375,138.83999633789062,269.44000244140625,2545.30322265625,132.95693969726562
2025_1161,0728豪雨,闊葉樹林型,48.86969349083896,249638.94,2524029.94,548.8800048828125,153.6199951171875,286.8399963378906,2797.622802734375,138.75550842285156
2025_1162,0728豪雨,闊葉樹林型,46.242226022013895,254798.92,2522109.84,476.4449768066406,160.97000122070312,290.06500244140625,2180.2763671875,123.4901351928711
2025_1163,0728豪雨,闊葉樹林型,27.26604445073282,255356.0,2530590.22,489.03997802734375,138.83999633789062,269.44000244140625,2433.956298828125,133.33786010742188
2025_1164,0728豪雨,闊葉樹林型,36.19905592632724,262031.82,2528097.68,418.9649963378906,118.2699966430664,240.46499633789062,2061.32373046875,116.4581298828125
2025_1165,0728豪雨,闊葉樹林型,21.568129435647887,264746.81,2522606.58,418.9649963378906,118.2699966430664,240.46499633789062,1973.794189453125,117.7799301147461
2025_1166,0728豪雨,闊葉樹林型,47.345416552778445,271333.66,2529454.29,327.3899841308594,104.2199935913086,196.93499755859375,2149.204833984375,118.53839111328125
2025_1167,0728豪雨,闊葉樹林型,36.05502968442895,240896.18,2480019.65,492.55999755859375,139.34500122070312,299.6349792480469,2383.537841796875,127.65581512451172
2025_1168,0728豪雨,闊葉樹林型,36.57693385156434,242331.82,2480228.19,492.55999755859375,139.34500122070312,299.6349792480469,2383.537841796875,127.65581512451172
2025_1169,0728豪雨,闊葉樹林型,34.52178114261242,242307.35,2480267.77,492.55999755859375,139.34500122070312,299.6349792480469,2383.537841796875,127.65581512451172
2025_1170,0728豪雨,闊葉樹林型,37.082382807835,241520.07,2480619.27,492.55999755859375,139.34500122070312,299.6349792480469,2383.537841796875,127.65581512451172
2025_1171,0728豪雨,闊葉樹林型,35.28126182726603,241642.53,2480625.94,492.55999755859375,139.34500122070312,299.6349792480469,2383.537841796875,127.65581512451172
2025_1172,0728豪雨,闊葉樹林型,38.004957659317206,241364.1,2480667.12,492.55999755859375,139.34500122070312,299.6349792480469,2383.537841796875,127.65581512451172
2025_1173,0728豪雨,闊葉樹林型,35.14579037169356,240070.85,2474228.67,481.3450012207031,124.61000061035156,271.85498046875,2137.89599609375,125.09806823730469
2025_1174,0728豪雨,闊葉樹林型,42.52694856602216,240628.33,2474291.08,481.3450012207031,124.61000061035156,271.85498046875,2137.89599609375,125.09806823730469
2025_1175,0728豪雨,闊葉樹林型,23.893396656492648,240524.95,2474343.19,481.3450012207031,124.61000061035156,271.85498046875,2137.89599609375,125.09806823730469
2025_1176,0728豪雨,闊葉樹林型,33.59475678656656,238819.93,2473171.05,576.3250122070312,157.5349884033203,325.8899841308594,2174.802978515625,115.05996704101562
2025_1177,0728豪雨,闊葉樹林型,28.35466400077033,237800.52,2473273.69,576.3250122070312,157.5349884033203,325.8899841308594,2174.802978515625,115.05996704101562
2025_1178,0728豪雨,闊葉樹林型,43.88356587860426,231476.79,2473808.38,576.3250122070312,157.5349884033203,325.8899841308594,2379.845458984375,135.04287719726562
2025_1181,0728豪雨,闊葉樹林型,40.79858749551321,235556.95,2493806.46,575.2249755859375,192.33499145507812,370.1000061035156,2292.193115234375,131.33595275878906
2025_1183,0728豪雨,闊葉樹林型,36.326005581723855,235661.38,2496586.29,575.2249755859375,192.33499145507812,370.1000061035156,2480.2919921875,134.50819396972656
2025_1184,0728豪雨,闊葉樹林型,34.30834539460494,234283.01,2496788.07,575.2249755859375,192.33499145507812,370.1000061035156,2446.048095703125,134.05355834960938
2025_1185,0728豪雨,闊葉樹林型,45.80917341040296,240813.61,2492911.39,538.6950073242188,165.09999084472656,322.4750061035156,2347.517822265625,128.42884826660156
2025_1186,0728豪雨,闊葉樹林型,21.83994971124597,236034.07,2492949.78,575.2249755859375,192.33499145507812,370.1000061035156,2292.193115234375,131.33595275878906
2025_1187,0728豪雨,闊葉樹林型,46.01070199822306,241107.91,2493827.6,538.6950073242188,165.09999084472656,322.4750061035156,2347.517822265625,128.42884826660156
2025_1188,0728豪雨,闊葉樹林型,35.94211187138234,237151.88,2497332.92,575.2249755859375,192.33499145507812,370.1000061035156,2480.2919921875,134.50819396972656
2025_1189,0728豪雨,闊葉樹林型,24.260799584868057,237753.89,2497750.68,575.2249755859375,192.33499145507812,370.1000061035156,2480.2919921875,134.50819396972656
2025_1190,0728豪雨,闊葉樹林型,23.58638143384095,219841.03,2503982.6,614.0999755859375,191.63999938964844,365.864990234375,3421.30029296875,166.23594665527344
2025_1191,0728豪雨,闊葉樹林型,38.11835994667712,219957.01,2506316.95,614.0999755859375,191.63999938964844,365.864990234375,3208.257568359375,163.9506378173828
2025_1194,0728豪雨,闊葉樹林型,49.3088444642106,220260.89,2502025.01,614.0999755859375,191.63999938964844,365.864990234375,3421.30029296875,166.23594665527344
2025_1196,0728豪雨,闊葉樹林型,31.75630295195132,220794.96,2498793.22,640.2449951171875,202.0749969482422,396.42498779296875,3688.113037109375,181.79751586914062
2025_1197,0728豪雨,闊葉樹林型,31.7353754997287,218183.77,2483653.34,590.3299560546875,151.87998962402344,348.30999755859375,3194.519287109375,174.19558715820312
2025_1198,0728豪雨,闊葉樹林型,35.264389682754654,218172.8,2483765.05,590.3299560546875,151.87998962402344,348.30999755859375,3194.519287109375,174.19558715820312
2025_1200,0728豪雨,闊葉樹林型,42.17291298675989,234598.01,2483577.3,538.2550048828125,152.97000122070312,329.2049865722656,2438.184814453125,130.67996215820312
2025_1202,0728豪雨,闊葉樹林型,36.62354905164433,233720.1,2492212.55,575.2249755859375,192.33499145507812,370.1000061035156,2301.5791015625,127.96968841552734
2025_1204,0728豪雨,闊葉樹林型,33.425567049364545,232900.45,2477198.56,576.3250122070312,157.5349884033203,325.8899841308594,2379.845458984375,135.04287719726562
2025_1205,0728豪雨,闊葉樹林型,37.65979117547535,232294.5,2475422.75,576.3250122070312,157.5349884033203,325.8899841308594,2379.845458984375,135.04287719726562
2025_1207,0728豪雨,闊葉樹林型,42.5163425625201,232161.71,2474045.79,576.3250122070312,157.5349884033203,325.8899841308594,2379.845458984375,135.04287719726562
2025_1208,0728豪雨,闊葉樹林型,54.25746376730016,243777.83,2482911.88,492.55999755859375,139.34500122070312,299.6349792480469,2383.537841796875,127.65581512451172
2025_1209,0728豪雨,闊葉樹林型,51.30100202029698,243709.0,2484200.22,492.55999755859375,139.34500122070312,299.6349792480469,2403.418701171875,132.67581176757812
2025_1210,0728豪雨,闊葉樹林型,35.565430802303304,240764.58,2484640.18,492.55999755859375,139.34500122070312,299.6349792480469,2403.418701171875,132.67581176757812
2025_1211,0728豪雨,闊葉樹林型,31.007583006867133,240894.32,2484695.4,492.55999755859375,139.34500122070312,299.6349792480469,2403.418701171875,132.67581176757812
2025_1212,0728豪雨,闊葉樹林型,23.0611356160509,237481.26,2484932.59,538.2550048828125,152.97000122070312,329.2049865722656,2279.239501953125,129.17034912109375
2025_1213,0728豪雨,闊葉樹林型,38.93040115948257,224158.47,2478199.36,616.0299682617188,174.0449981689453,377.30499267578125,2820.983642578125,155.50387573242188
2025_1215,0728豪雨,闊葉樹林型,37.60152555834086,222793.89,2493569.64,640.2449951171875,202.0749969482422,396.42498779296875,3466.78662109375,180.9872283935547
2025_1216,0728豪雨,闊葉樹林型,49.45204096540979,222660.63,2493855.04,640.2449951171875,202.0749969482422,396.42498779296875,3466.78662109375,180.9872283935547
2025_1217,0728豪雨,闊葉樹林型,48.70632959817723,238453.24,2475847.37,576.3250122070312,157.5349884033203,325.8899841308594,2174.802978515625,115.05996704101562
2025_1219,0728豪雨,闊葉樹林型,30.17736603061792,236635.53,2476720.29,576.3250122070312,157.5349884033203,325.8899841308594,2174.802978515625,115.05996704101562
2025_1220,0728豪雨,闊葉樹林型,24.260799584868057,237891.31,2479368.02,538.2550048828125,152.97000122070312,329.2049865722656,2266.79052734375,130.03457641601562
2025_1221,0728豪雨,闊葉樹林型,37.247373202381205,228255.98,2476503.08,563.0849609375,136.77000427246094,307.8949890136719,2794.512451171875,158.90850830078125
2025_1222,0728豪雨,闊葉樹林型,18.053902977226738,228719.7,2475247.0,563.0849609375,136.77000427246094,307.8949890136719,2794.512451171875,158.90850830078125
2025_1223,0728豪雨,闊葉樹林型,35.615064210381185,216035.88,2517957.61,528.0849609375,169.52999877929688,325.4849853515625,2992.088134765625,169.11236572265625
2025_1224,0728豪雨,闊葉樹林型,41.56364135798625,215571.65,2518815.16,528.0849609375,169.52999877929688,325.4849853515625,2992.088134765625,169.11236572265625
2025_1228,0728豪雨,闊葉樹林型,21.33126583595921,216017.51,2496278.0,573.0199584960938,155.61000061035156,336.4100036621094,3732.37646484375,184.0919952392578
2025_1229,0728豪雨,闊葉樹林型,36.93089662022377,217003.8,2496755.99,573.0199584960938,155.61000061035156,336.4100036621094,3732.37646484375,184.0919952392578
2025_1230,0728豪雨,闊葉樹林型,33.02386755579665,216781.9,2514587.42,528.0849609375,169.52999877929688,325.4849853515625,3375.24658203125,182.49546813964844
2025_1231,0728豪雨,闊葉樹林型,35.264389682754654,217361.85,2514844.75,528.0849609375,169.52999877929688,325.4849853515625,3375.24658203125,182.49546813964844
2025_1233,0728豪雨,闊葉樹林型,14.302914425322813,215993.22,2497088.64,573.0199584960938,155.61000061035156,336.4100036621094,3732.37646484375,184.0919952392578
2025_1234,0728豪雨,闊葉樹林型,27.93835272960235,215482.72,2518586.77,528.0849609375,169.52999877929688,325.4849853515625,2992.088134765625,169.11236572265625
2025_1235,0728豪雨,闊葉樹林型,28.63490403452203,214291.08,2514971.71,528.0849609375,169.52999877929688,325.4849853515625,3375.24658203125,182.49546813964844
2025_1236,0728豪雨,闊葉樹林型,35.264389682754654,214818.49,2512957.37,528.0849609375,169.52999877929688,325.4849853515625,3375.24658203125,182.49546813964844
2025_1237,0728豪雨,闊葉樹林型,29.424115787413506,215017.91,2512105.15,528.0849609375,169.52999877929688,325.4849853515625,3375.24658203125,182.49546813964844
2025_1238,0728豪雨,闊葉樹林型,30.269155243344123,212105.79,2586907.21,430.7599792480469,126.65499877929688,205.92999267578125,2578.138427734375,150.24192810058594
2025_1239,0728豪雨,竹林,31.311156133255537,212073.97,2581830.4,430.7599792480469,126.65499877929688,205.92999267578125,2336.316650390625,150.14096069335938
2025_1240,0728豪雨,竹林,36.839310662660615,212547.35,2581703.88,430.7599792480469,126.65499877929688,205.92999267578125,2336.316650390625,150.14096069335938
2025_1258,0728豪雨,闊葉樹林型,28.63490403452203,207636.48,2582442.8,410.5099792480469,119.2199935913086,190.51499938964844,2429.003173828125,143.45407104492188
2025_1259,0728豪雨,闊葉樹林型,32.31153323742385,207755.03,2583514.07,410.5099792480469,119.2199935913086,190.51499938964844,2799.51318359375,159.31056213378906
2025_1261,0728豪雨,闊葉樹林型,27.726186750640903,208075.09,2581303.98,410.5099792480469,119.2199935913086,190.51499938964844,2429.003173828125,143.45407104492188
2025_1266,0728豪雨,竹林,48.52706569105951,218078.89,2597803.16,395.6000061035156,114.51499938964844,191.25,2744.40185546875,161.41140747070312
2025_1268,0728豪雨,竹林,47.19310563582845,218506.59,2598521.21,395.6000061035156,114.51499938964844,191.25,2744.40185546875,161.41140747070312
2025_1270,0728豪雨,竹林,21.95499883223757,219922.51,2598913.27,382.3949890136719,120.77999877929688,194.3199920654297,3152.661865234375,178.15899658203125
2025_1271,0728豪雨,闊葉樹林型,33.27369602543111,219264.14,2589190.32,395.6000061035156,114.51499938964844,191.25,2628.14892578125,151.3077392578125
2025_1275,0728豪雨,闊葉樹林型,36.51456867399333,222074.87,2593716.67,382.3949890136719,120.77999877929688,194.3199920654297,2850.0078125,165.6585693359375
2025_1279,0728豪雨,竹林,20.88727638387147,215619.06,2587296.32,430.7599792480469,126.65499877929688,205.92999267578125,2618.4912109375,152.3922882080078
2025_1280,0728豪雨,闊葉樹林型,32.51251731617002,220962.5,2585661.41,468.0950012207031,178.9949951171875,257.9700012207031,2672.93408203125,146.8203125
2025_1282,0728豪雨,闊葉樹林型,35.264389682754654,217681.26,2580830.41,430.7599792480469,126.65499877929688,205.92999267578125,2589.054443359375,156.8206024169922
2025_1284,0728豪雨,竹林,23.58638143384095,217156.54,2582410.35,430.7599792480469,126.65499877929688,205.92999267578125,2589.054443359375,156.8206024169922
2025_1286,0728豪雨,闊葉樹林型,30.337664384844903,215960.72,2581033.34,430.7599792480469,126.65499877929688,205.92999267578125,2589.054443359375,156.8206024169922
2025_1287,0728豪雨,闊葉樹林型,52.43652698648192,224259.81,2579812.81,468.0950012207031,178.9949951171875,257.9700012207031,2686.809326171875,153.22703552246094
2025_1292,0728豪雨,闊葉樹林型,48.11116319293781,215258.71,2579267.33,430.7599792480469,126.65499877929688,205.92999267578125,2589.054443359375,156.8206024169922
2025_1297,0728豪雨,闊葉樹林型,24.260799584868057,209125.92,2574036.76,464.3699951171875,128.2449951171875,210.97000122070312,2426.28857421875,150.275146484375
2025_1304,0728豪雨,竹林,34.21858270764896,207542.95,2575218.23,464.3699951171875,128.2449951171875,210.97000122070312,2426.28857421875,150.275146484375
2025_1309,0728豪雨,竹林,46.20938416376799,213337.77,2576549.48,532.5150146484375,171.89498901367188,267.8949890136719,2466.8583984375,146.95303344726562
2025_1312,0728豪雨,竹林,38.11835994667712,214866.82,2575746.71,532.5150146484375,171.89498901367188,267.8949890136719,2598.240478515625,152.61203002929688
2025_1318,0728豪雨,闊葉樹林型,22.737405889726222,217476.5,2578732.31,430.7599792480469,126.65499877929688,205.92999267578125,2589.054443359375,156.8206024169922
2025_1319,0728豪雨,竹林,32.005383208083494,209583.76,2578590.61,430.7599792480469,126.65499877929688,205.92999267578125,2336.316650390625,150.14096069335938
2025_1321,0728豪雨,竹林,11.309932474020217,213629.87,2578145.23,430.7599792480469,126.65499877929688,205.92999267578125,2336.316650390625,150.14096069335938
2025_1322,0728豪雨,闊葉樹林型,38.28695056949238,215177.48,2578840.01,430.7599792480469,126.65499877929688,205.92999267578125,2589.054443359375,156.8206024169922
2025_1323,0728豪雨,闊葉樹林型,21.95499883223757,210873.26,2580226.47,430.7599792480469,126.65499877929688,205.92999267578125,2336.316650390625,150.14096069335938
2025_1324,0728豪雨,闊葉樹林型,32.02597107856493,210751.68,2580305.25,430.7599792480469,126.65499877929688,205.92999267578125,2336.316650390625,150.14096069335938
2025_1325,0728豪雨,闊葉樹林型,48.540940845142885,210760.6,2580337.6,430.7599792480469,126.65499877929688,205.92999267578125,2336.316650390625,150.14096069335938
2025_1326,0728豪雨,闊葉樹林型,31.05129356595241,210836.6,2580416.21,430.7599792480469,126.65499877929688,205.92999267578125,2336.316650390625,150.14096069335938
2025_1331,0728豪雨,闊葉樹林型,34.66253388314486,221996.88,2574700.86,530.719970703125,208.2849884033203,303.1449890136719,2723.8056640625,166.2555389404297
2025_1334,0728豪雨,闊葉樹林型,36.19905592632724,221901.16,2576433.86,530.719970703125,208.2849884033203,303.1449890136719,2723.8056640625,166.2555389404297
2025_1336,0728豪雨,闊葉樹林型,46.72580648402681,223020.32,2576717.21,530.719970703125,208.2849884033203,303.1449890136719,2723.8056640625,166.2555389404297
2025_1338,0728豪雨,闊葉樹林型,47.37567696741501,219937.07,2574980.7,530.719970703125,208.2849884033203,303.1449890136719,2723.8056640625,166.2555389404297
2025_1339,0728豪雨,闊葉樹林型,44.50824474873735,219992.6,2574999.83,530.719970703125,208.2849884033203,303.1449890136719,2723.8056640625,166.2555389404297
2025_1341,0728豪雨,竹林,31.693440803183943,203227.85,2574381.74,464.3699951171875,128.2449951171875,210.97000122070312,2324.6796875,145.32469177246094
2025_1342,0728豪雨,竹林,24.094842552110705,203281.83,2574469.87,464.3699951171875,128.2449951171875,210.97000122070312,2324.6796875,145.32469177246094
2025_1346,0728豪雨,闊葉樹林型,30.985684296843363,222806.26,2570122.91,530.719970703125,208.2849884033203,303.1449890136719,2765.01318359375,171.3437042236328
2025_1347,0728豪雨,闊葉樹林型,27.484186071108013,222866.99,2570144.56,530.719970703125,208.2849884033203,303.1449890136719,2765.01318359375,171.3437042236328
2025_1353,0728豪雨,闊葉樹林型,31.138369345567487,223302.2,2571759.18,530.719970703125,208.2849884033203,303.1449890136719,2765.01318359375,171.3437042236328
2025_1355,0728豪雨,闊葉樹林型,40.9523515915937,221210.42,2571566.41,530.719970703125,208.2849884033203,303.1449890136719,2765.01318359375,171.3437042236328
2025_1356,0728豪雨,闊葉樹林型,27.93835272960235,221213.35,2571617.26,530.719970703125,208.2849884033203,303.1449890136719,2765.01318359375,171.3437042236328
2025_1357,0728豪雨,闊葉樹林型,34.30834539460494,222277.43,2571416.56,530.719970703125,208.2849884033203,303.1449890136719,2765.01318359375,171.3437042236328
2025_1359,0728豪雨,闊葉樹林型,43.18031634685804,217276.84,2571667.49,532.5150146484375,171.89498901367188,267.8949890136719,2736.55712890625,170.5413360595703
2025_1361,0728豪雨,闊葉樹林型,42.590426635906965,217214.39,2571719.12,532.5150146484375,171.89498901367188,267.8949890136719,2736.55712890625,170.5413360595703
2025_1362,0728豪雨,闊葉樹林型,44.87411432914989,217251.81,2571750.87,532.5150146484375,171.89498901367188,267.8949890136719,2736.55712890625,170.5413360595703
2025_1367,0728豪雨,闊葉樹林型,36.5924873189136,221646.22,2570308.32,530.719970703125,208.2849884033203,303.1449890136719,2765.01318359375,171.3437042236328
2025_1370,0728豪雨,闊葉樹林型,48.540940845142885,222383.92,2569972.88,530.719970703125,208.2849884033203,303.1449890136719,2765.01318359375,171.3437042236328
2025_1371,0728豪雨,闊葉樹林型,42.16205280597383,220272.88,2569544.03,530.719970703125,208.2849884033203,303.1449890136719,2765.01318359375,171.3437042236328
2025_1372,0728豪雨,闊葉樹林型,48.99091309842978,220983.13,2570141.48,530.719970703125,208.2849884033203,303.1449890136719,2765.01318359375,171.3437042236328
2025_1373,0728豪雨,闊葉樹林型,36.326005581723855,221106.42,2570168.85,530.719970703125,208.2849884033203,303.1449890136719,2765.01318359375,171.3437042236328
2025_1374,0728豪雨,闊葉樹林型,49.85365752782776,220592.71,2570288.61,530.719970703125,208.2849884033203,303.1449890136719,2765.01318359375,171.3437042236328
2025_1379,0728豪雨,竹林,44.28418708125969,213795.07,2567797.98,532.5150146484375,171.89498901367188,267.8949890136719,2612.831787109375,160.73251342773438
2025_1388,0728豪雨,闊葉樹林型,40.7628826356304,209430.92,2570042.59,532.5150146484375,171.89498901367188,267.8949890136719,2612.831787109375,160.73251342773438
2025_1389,0728豪雨,闊葉樹林型,50.490639251479735,209487.77,2570170.05,532.5150146484375,171.89498901367188,267.8949890136719,2612.831787109375,160.73251342773438
2025_1390,0728豪雨,闊葉樹林型,27.806069555844164,210644.5,2565817.9,626.094970703125,194.0050048828125,307.8699951171875,2595.341064453125,162.25697326660156
2025_1391,0728豪雨,闊葉樹林型,35.746679440302486,208509.6,2565988.26,592.2449951171875,145.14500427246094,280.9949951171875,2481.1416015625,155.58363342285156
2025_1393,0728豪雨,闊葉樹林型,38.46757814830217,208885.57,2567624.86,464.3699951171875,128.2449951171875,210.97000122070312,2563.32373046875,157.93408203125
2025_1394,0728豪雨,闊葉樹林型,20.387669768422825,211486.75,2568442.85,532.5150146484375,171.89498901367188,267.8949890136719,2612.831787109375,160.73251342773438
2025_1397,0728豪雨,闊葉樹林型,35.264389682754654,211461.75,2564160.43,626.094970703125,194.0050048828125,307.8699951171875,2595.341064453125,162.25697326660156
2025_1398,0728豪雨,闊葉樹林型,37.83331466287141,211476.05,2564119.01,626.094970703125,194.0050048828125,307.8699951171875,2595.341064453125,162.25697326660156
2025_1400,0728豪雨,闊葉樹林型,37.11250830386473,211639.41,2564318.67,626.094970703125,194.0050048828125,307.8699951171875,2595.341064453125,162.25697326660156
2025_1401,0728豪雨,闊葉樹林型,39.14355704978305,211716.21,2564327.07,626.094970703125,194.0050048828125,307.8699951171875,2595.341064453125,162.25697326660156
2025_1402,0728豪雨,闊葉樹林型,41.37023532050225,211682.29,2564337.11,626.094970703125,194.0050048828125,307.8699951171875,2595.341064453125,162.25697326660156
2025_1404,0728豪雨,闊葉樹林型,33.65076727448982,211723.5,2564372.6,626.094970703125,194.0050048828125,307.8699951171875,2595.341064453125,162.25697326660156
2025_1408,0728豪雨,闊葉樹林型,52.67975673419717,220706.69,2566288.18,532.635009765625,189.6649932861328,288.54998779296875,2787.701904296875,169.62338256835938
2025_1409,0728豪雨,闊葉樹林型,40.04325099636187,220958.14,2566314.98,532.635009765625,189.6649932861328,288.54998779296875,2787.701904296875,169.62338256835938
2025_1410,0728豪雨,闊葉樹林型,45.0357651650416,220718.26,2566338.77,532.635009765625,189.6649932861328,288.54998779296875,2787.701904296875,169.62338256835938
2025_1411,0728豪雨,闊葉樹林型,15.616129405024544,220017.47,2564973.81,532.635009765625,189.6649932861328,288.54998779296875,2787.701904296875,169.62338256835938
2025_1412,0728豪雨,闊葉樹林型,39.612764584574585,221091.28,2566045.49,532.635009765625,189.6649932861328,288.54998779296875,2787.701904296875,169.62338256835938
2025_1413,0728豪雨,闊葉樹林型,33.04322068167278,216727.4,2565851.83,626.094970703125,194.0050048828125,307.8699951171875,2777.270263671875,170.2137908935547
2025_1417,0728豪雨,闊葉樹林型,36.62354905164433,219640.67,2565769.92,532.635009765625,189.6649932861328,288.54998779296875,2787.701904296875,169.62338256835938
2025_1418,0728豪雨,闊葉樹林型,40.7628826356304,219778.53,2565722.24,532.635009765625,189.6649932861328,288.54998779296875,2787.701904296875,169.62338256835938
2025_1420,0728豪雨,闊葉樹林型,44.31238462399072,213666.4,2566141.45,626.094970703125,194.0050048828125,307.8699951171875,2595.341064453125,162.25697326660156
2025_1421,0728豪雨,闊葉樹林型,44.4246291370315,213804.97,2566047.35,626.094970703125,194.0050048828125,307.8699951171875,2595.341064453125,162.25697326660156
2025_1423,0728豪雨,竹林,24.094842552110705,214582.22,2565640.22,626.094970703125,194.0050048828125,307.8699951171875,2777.270263671875,170.2137908935547
2025_1424,0728豪雨,闊葉樹林型,35.06054243271615,215052.14,2565427.53,626.094970703125,194.0050048828125,307.8699951171875,2777.270263671875,170.2137908935547
2025_1427,0728豪雨,闊葉樹林型,38.99732513321522,212227.89,2564565.11,626.094970703125,194.0050048828125,307.8699951171875,2595.341064453125,162.25697326660156
2025_1429,0728豪雨,竹林,39.612764584574585,212561.54,2565534.73,626.094970703125,194.0050048828125,307.8699951171875,2595.341064453125,162.25697326660156
2025_1430,0728豪雨,闊葉樹林型,33.946295027753955,219951.29,2557382.96,532.635009765625,189.6649932861328,288.54998779296875,2472.412841796875,158.74024963378906
2025_1433,0728豪雨,闊葉樹林型,46.40528916796506,220235.7,2561316.35,532.635009765625,189.6649932861328,288.54998779296875,2787.701904296875,169.62338256835938
2025_1434,0728豪雨,闊葉樹林型,32.57233714755203,219156.48,2557738.18,626.094970703125,194.0050048828125,307.8699951171875,2666.719482421875,172.3930206298828
2025_1437,0728豪雨,竹林,40.47420622680255,219297.31,2554246.86,528.5150146484375,160.364990234375,266.42999267578125,2586.85205078125,154.91798400878906
2025_1438,0728豪雨,闊葉樹林型,34.46868366333454,219555.09,2554345.37,597.875,226.95999145507812,341.9849853515625,2674.13916015625,157.52418518066406
2025_1439,0728豪雨,闊葉樹林型,25.376933525152303,219837.22,2554201.73,597.875,226.95999145507812,341.9849853515625,2674.13916015625,157.52418518066406
2025_1440,0728豪雨,闊葉樹林型,40.36453657309736,219885.05,2554020.01,597.875,226.95999145507812,341.9849853515625,2674.13916015625,157.52418518066406
2025_1443,0728豪雨,闊葉樹林型,49.28919641734945,222889.02,2553650.07,597.875,226.95999145507812,341.9849853515625,2674.13916015625,157.52418518066406
2025_1445,0728豪雨,闊葉樹林型,40.79858749551321,223721.3,2554373.4,597.875,226.95999145507812,341.9849853515625,2674.13916015625,157.52418518066406
2025_1446,0728豪雨,闊葉樹林型,27.806069555844164,224359.49,2553504.35,597.875,226.95999145507812,341.9849853515625,2674.13916015625,157.52418518066406
2025_1449,0728豪雨,闊葉樹林型,35.264389682754654,223145.43,2551995.11,597.875,226.95999145507812,341.9849853515625,2674.13916015625,157.52418518066406
2025_1452,0728豪雨,闊葉樹林型,35.264389682754654,218381.81,2547111.84,528.5150146484375,160.364990234375,266.42999267578125,2664.70361328125,169.536376953125
2025_1454,0728豪雨,闊葉樹林型,39.88006394186307,218560.62,2547320.33,528.5150146484375,160.364990234375,266.42999267578125,2664.70361328125,169.536376953125
2025_1455,0728豪雨,竹林,38.13247816190013,213708.26,2556312.4,626.094970703125,194.0050048828125,307.8699951171875,2546.2138671875,161.3837127685547
2025_1458,0728豪雨,闊葉樹林型,37.87640024160826,215241.31,2557914.74,626.094970703125,194.0050048828125,307.8699951171875,2666.719482421875,172.3930206298828
2025_1466,0728豪雨,闊葉樹林型,37.48434900054385,213919.84,2555986.76,626.094970703125,194.0050048828125,307.8699951171875,2546.2138671875,161.3837127685547
2025_1467,0728豪雨,闊葉樹林型,26.849053663953967,214064.93,2556111.54,626.094970703125,194.0050048828125,307.8699951171875,2546.2138671875,161.3837127685547
2025_1468,0728豪雨,闊葉樹林型,26.246849689869403,214092.65,2556132.01,626.094970703125,194.0050048828125,307.8699951171875,2546.2138671875,161.3837127685547
2025_1469,0728豪雨,闊葉樹林型,26.849053663953967,214143.37,2556147.78,626.094970703125,194.0050048828125,307.8699951171875,2546.2138671875,161.3837127685547
2025_1474,0728豪雨,闊葉樹林型,40.47420622680255,217992.65,2551244.59,528.5150146484375,160.364990234375,266.42999267578125,2586.85205078125,154.91798400878906
2025_1476,0728豪雨,闊葉樹林型,22.144873841221017,214192.99,2551180.08,528.5150146484375,160.364990234375,266.42999267578125,2556.321044921875,148.60157775878906
2025_1488,0728豪雨,竹林,37.67432421467949,214308.93,2548660.86,528.5150146484375,160.364990234375,266.42999267578125,2664.70361328125,169.536376953125
2025_1490,0728豪雨,闊葉樹林型,27.726186750640903,213412.02,2546488.53,528.5150146484375,160.364990234375,266.42999267578125,2479.486083984375,162.99818420410156
2025_1491,0728豪雨,竹林,31.7353754997287,213883.56,2547426.26,528.5150146484375,160.364990234375,266.42999267578125,2479.486083984375,162.99818420410156
2025_1492,0728豪雨,闊葉樹林型,31.160066779905723,218825.53,2545993.55,528.5150146484375,160.364990234375,266.42999267578125,2664.70361328125,169.536376953125
2025_1493,0728豪雨,闊葉樹林型,33.50097823942329,218878.34,2547746.09,528.5150146484375,160.364990234375,266.42999267578125,2664.70361328125,169.536376953125
2025_1494,0728豪雨,闊葉樹林型,53.53207600313405,219193.08,2546046.88,528.5150146484375,160.364990234375,266.42999267578125,2664.70361328125,169.536376953125
2025_1495,0728豪雨,闊葉樹林型,25.376933525152303,219944.52,2547314.03,597.875,226.95999145507812,341.9849853515625,2502.212158203125,147.98951721191406
2025_1496,0728豪雨,闊葉樹林型,42.852042658024615,220253.61,2547173.54,597.875,226.95999145507812,341.9849853515625,2502.212158203125,147.98951721191406
2025_1497,0728豪雨,闊葉樹林型,36.326005581723855,220311.62,2547072.6,597.875,226.95999145507812,341.9849853515625,2502.212158203125,147.98951721191406
2025_1498,0728豪雨,闊葉樹林型,32.005383208083494,218807.61,2546103.71,528.5150146484375,160.364990234375,266.42999267578125,2664.70361328125,169.536376953125
2025_1500,0728豪雨,闊葉樹林型,28.12178338655737,218445.87,2544957.46,528.5150146484375,160.364990234375,266.42999267578125,2664.70361328125,169.536376953125
2025_1501,0728豪雨,闊葉樹林型,31.18173575791572,218628.92,2545202.16,528.5150146484375,160.364990234375,266.42999267578125,2664.70361328125,169.536376953125
2025_1502,0728豪雨,闊葉樹林型,35.14579037169356,218422.19,2545253.36,528.5150146484375,160.364990234375,266.42999267578125,2664.70361328125,169.536376953125
2025_1511,0728豪雨,闊葉樹林型,44.008750098953584,221402.85,2554010.47,597.875,226.95999145507812,341.9849853515625,2674.13916015625,157.52418518066406
2025_1512,0728豪雨,闊葉樹林型,32.82907195826586,220854.31,2554726.5,597.875,226.95999145507812,341.9849853515625,2674.13916015625,157.52418518066406
2025_1513,0728豪雨,闊葉樹林型,45.01789374866915,221064.38,2554854.21,597.875,226.95999145507812,341.9849853515625,2674.13916015625,157.52418518066406
2025_1515,0728豪雨,闊葉樹林型,40.31554221077258,223403.34,2546975.81,597.875,226.95999145507812,341.9849853515625,2502.212158203125,147.98951721191406
2025_1518,0728豪雨,闊葉樹林型,39.22274642672917,223442.66,2563824.49,532.635009765625,189.6649932861328,288.54998779296875,2787.701904296875,169.62338256835938
2025_1519,0728豪雨,闊葉樹林型,32.51251731617002,218020.0,2542615.19,577.3150024414062,155.4149932861328,288.8249816894531,2956.617919921875,183.99441528320312
2025_1520,0728豪雨,闊葉樹林型,25.530275981014736,217379.84,2542814.79,577.3150024414062,155.4149932861328,288.8249816894531,2956.617919921875,183.99441528320312
2025_1521,0728豪雨,闊葉樹林型,50.20054253351386,217554.29,2544373.6,528.5150146484375,160.364990234375,266.42999267578125,2664.70361328125,169.536376953125
2025_1522,0728豪雨,闊葉樹林型,37.790111559066204,217606.97,2544567.68,528.5150146484375,160.364990234375,266.42999267578125,2664.70361328125,169.536376953125
2025_1523,0728豪雨,闊葉樹林型,15.90987591526664,216569.68,2559877.86,626.094970703125,194.0050048828125,307.8699951171875,2666.719482421875,172.3930206298828
2025_1525,0728豪雨,闊葉樹林型,32.005383208083494,216884.69,2562102.48,626.094970703125,194.0050048828125,307.8699951171875,2777.270263671875,170.2137908935547
2025_1526,0728豪雨,闊葉樹林型,33.891288740963454,215936.87,2565546.44,626.094970703125,194.0050048828125,307.8699951171875,2777.270263671875,170.2137908935547
2025_1527,0728豪雨,闊葉樹林型,34.32623881675949,216618.49,2542029.55,577.3150024414062,155.4149932861328,288.8249816894531,2956.617919921875,183.99441528320312
2025_1529,0728豪雨,闊葉樹林型,33.10114358966526,208091.19,2559439.73,592.2449951171875,145.14500427246094,280.9949951171875,2261.533935546875,145.4299774169922
2025_1534,0728豪雨,闊葉樹林型,41.3243671023583,211520.14,2563970.78,626.094970703125,194.0050048828125,307.8699951171875,2595.341064453125,162.25697326660156
2025_1536,0728豪雨,闊葉樹林型,33.891288740963454,211793.75,2564181.59,626.094970703125,194.0050048828125,307.8699951171875,2595.341064453125,162.25697326660156
2025_1538,0728豪雨,闊葉樹林型,41.18592516570965,210812.48,2556026.18,626.094970703125,194.0050048828125,307.8699951171875,2546.2138671875,161.3837127685547
2025_1539,0728豪雨,闊葉樹林型,27.990970091758022,211048.76,2555887.71,626.094970703125,194.0050048828125,307.8699951171875,2546.2138671875,161.3837127685547
2025_1540,0728豪雨,闊葉樹林型,31.75630295195132,211428.89,2557997.62,626.094970703125,194.0050048828125,307.8699951171875,2546.2138671875,161.3837127685547
2025_1543,0728豪雨,竹林,25.253207609369632,208252.84,2548269.25,518.9149780273438,145.6750030517578,261.5749816894531,2514.7978515625,153.3416290283203
2025_1546,0728豪雨,闊葉樹林型,27.26604445073282,210671.69,2550270.65,528.5150146484375,160.364990234375,266.42999267578125,2556.321044921875,148.60157775878906
2025_1552,0728豪雨,闊葉樹林型,32.005383208083494,206072.74,2541862.11,451.97998046875,126.55999755859375,244.61000061035156,2676.395751953125,163.50372314453125
2025_1553,0728豪雨,闊葉樹林型,22.40687120493745,206727.83,2542674.91,451.97998046875,126.55999755859375,244.61000061035156,2676.395751953125,163.50372314453125
2025_1554,0728豪雨,闊葉樹林型,31.138369345567487,210442.07,2539452.09,577.3150024414062,155.4149932861328,288.8249816894531,2710.6376953125,174.08975219726562
2025_1555,0728豪雨,闊葉樹林型,33.70658681677467,211525.45,2545634.02,528.5150146484375,160.364990234375,266.42999267578125,2479.486083984375,162.99818420410156
2025_1557,0728豪雨,闊葉樹林型,40.376760812124,211807.52,2547469.46,528.5150146484375,160.364990234375,266.42999267578125,2479.486083984375,162.99818420410156
2025_1558,0728豪雨,闊葉樹林型,21.568129435647887,210311.66,2544234.38,577.3150024414062,155.4149932861328,288.8249816894531,2710.6376953125,174.08975219726562
2025_1562,0728豪雨,竹林,43.33171975024536,215590.34,2543398.82,577.3150024414062,155.4149932861328,288.8249816894531,2956.617919921875,183.99441528320312
2025_1563,0728豪雨,竹林,51.3625312438236,215596.34,2543448.42,577.3150024414062,155.4149932861328,288.8249816894531,2956.617919921875,183.99441528320312
2025_1564,0728豪雨,闊葉樹林型,31.75630295195132,211220.37,2543752.19,577.3150024414062,155.4149932861328,288.8249816894531,2710.6376953125,174.08975219726562
2025_1565,0728豪雨,闊葉樹林型,32.965670984008376,217072.85,2541568.49,577.3150024414062,155.4149932861328,288.8249816894531,2956.617919921875,183.99441528320312
2025_1566,0728豪雨,闊葉樹林型,34.32623881675949,217232.76,2541781.67,577.3150024414062,155.4149932861328,288.8249816894531,2956.617919921875,183.99441528320312
2025_1568,0728豪雨,闊葉樹林型,26.158981435332173,217397.57,2541682.72,577.3150024414062,155.4149932861328,288.8249816894531,2956.617919921875,183.99441528320312
2025_1570,0728豪雨,闊葉樹林型,47.99612863899791,217881.61,2536919.6,577.3150024414062,155.4149932861328,288.8249816894531,2999.6904296875,180.5821533203125
2025_1575,0728豪雨,闊葉樹林型,19.33554969199933,223257.98,2554903.77,597.875,226.95999145507812,341.9849853515625,2674.13916015625,157.52418518066406
2025_1578,0728豪雨,闊葉樹林型,27.93835272960235,223028.79,2546931.37,597.875,226.95999145507812,341.9849853515625,2502.212158203125,147.98951721191406
2025_1579,0728豪雨,闊葉樹林型,41.17433120903597,223110.04,2537467.26,573.7799682617188,159.2050018310547,285.4700012207031,2913.28076171875,173.29315185546875
2025_1580,0728豪雨,闊葉樹林型,41.46155762076173,212084.19,2536238.0,577.3150024414062,155.4149932861328,288.8249816894531,2656.133544921875,170.91372680664062
2025_1581,0728豪雨,闊葉樹林型,33.197229942878394,210946.74,2536390.11,577.3150024414062,155.4149932861328,288.8249816894531,2656.133544921875,170.91372680664062
2025_1583,0728豪雨,竹林,43.42182054759477,214562.54,2539381.11,577.3150024414062,155.4149932861328,288.8249816894531,2956.617919921875,183.99441528320312
2025_1584,0728豪雨,闊葉樹林型,32.25075657991223,221546.83,2536896.99,573.7799682617188,159.2050018310547,285.4700012207031,2913.28076171875,173.29315185546875
2025_1586,0728豪雨,闊葉樹林型,37.67432421467949,220402.56,2537118.97,573.7799682617188,159.2050018310547,285.4700012207031,2913.28076171875,173.29315185546875
2025_1587,0728豪雨,闊葉樹林型,32.73080151420785,220903.94,2540033.55,573.7799682617188,159.2050018310547,285.4700012207031,2914.75244140625,176.5850067138672
2025_1590,0728豪雨,闊葉樹林型,29.734272666889545,224546.37,2539275.6,573.7799682617188,159.2050018310547,285.4700012207031,3075.998046875,173.19439697265625
2025_1591,0728豪雨,闊葉樹林型,36.45196008712727,223682.02,2542661.4,573.7799682617188,159.2050018310547,285.4700012207031,2914.75244140625,176.5850067138672
2025_1593,0728豪雨,闊葉樹林型,37.0068193431202,223635.01,2535503.54,573.7799682617188,159.2050018310547,285.4700012207031,2913.28076171875,173.29315185546875
2025_1595,0728豪雨,闊葉樹林型,22.144873841221017,238157.71,2657157.12,232.75,85.81999969482422,118.04999542236328,1698.853271484375,101.72538757324219
2025_1597,0728豪雨,闊葉樹林型,39.14355704978305,238084.8,2657183.29,232.75,85.81999969482422,118.04999542236328,1698.853271484375,101.72538757324219
2025_1598,0728豪雨,闊葉樹林型,29.49620849656644,238861.55,2669070.49,237.68499755859375,104.32499694824219,131.41000366210938,1703.1488037109375,100.41968536376953
2025_1599,0728豪雨,闊葉樹林型,50.29190129825525,239755.04,2672878.45,237.68499755859375,104.32499694824219,131.41000366210938,1677.6024169921875,102.9942398071289
2025_1600,0728豪雨,竹林,40.90520427089325,231562.39,2577607.59,418.7049865722656,157.80999755859375,219.50999450683594,2512.659912109375,144.93051147460938
2025_1606,0728豪雨,闊葉樹林型,29.32750061118656,239027.09,2655600.94,232.75,85.81999969482422,118.04999542236328,1698.853271484375,101.72538757324219
2025_1607,0728豪雨,闊葉樹林型,42.03111377419729,239034.64,2657968.03,232.75,85.81999969482422,118.04999542236328,1698.853271484375,101.72538757324219
2025_1608,0728豪雨,闊葉樹林型,38.467578148302174,237304.26,2660521.18,232.75,85.81999969482422,118.04999542236328,1698.853271484375,101.72538757324219
2025_1609,0728豪雨,闊葉樹林型,18.779921287170044,237216.31,2660672.75,232.75,85.81999969482422,118.04999542236328,1706.4581298828125,100.20221710205078
2025_1610,0728豪雨,闊葉樹林型,39.57420005713789,240255.72,2672799.68,235.125,98.85499572753906,131.2050018310547,1921.08544921875,114.04977416992188
2025_1611,0728豪雨,竹林,35.264389682754654,234798.21,2630991.34,239.15499877929688,86.04999542236328,112.71499633789062,2019.923828125,113.62877655029297
2025_1613,0728豪雨,闊葉樹林型,38.903551214305885,237164.03,2635459.42,233.47999572753906,80.38999938964844,105.93000030517578,1915.0513916015625,104.89905548095703
2025_1614,0728豪雨,闊葉樹林型,48.67204201795561,237107.12,2638001.93,233.47999572753906,80.38999938964844,105.93000030517578,1915.0513916015625,104.89905548095703
2025_1615,0728豪雨,闊葉樹林型,34.52178114261242,234775.25,2630322.24,239.15499877929688,86.04999542236328,112.71499633789062,2019.923828125,113.62877655029297
2025_1617,0728豪雨,闊葉樹林型,45.57896186050529,253636.15,2636065.48,233.5699920654297,91.66500091552734,121.7199935913086,1336.2423095703125,83.71221923828125
2025_1618,0728豪雨,闊葉樹林型,45.84296219186747,196582.0,2568508.15,454.41497802734375,135.2550048828125,203.84999084472656,2313.618896484375,153.12095642089844
2025_1622,0728豪雨,闊葉樹林型,37.77568430595466,202650.55,2566570.87,464.3699951171875,128.2449951171875,210.97000122070312,2360.792236328125,145.8151092529297
2025_1623,0728豪雨,闊葉樹林型,27.238572082130062,203279.96,2561495.91,592.2449951171875,145.14500427246094,280.9949951171875,2355.26708984375,157.9983673095703
2025_1624,0728豪雨,闊葉樹林型,27.93835272960235,195332.02,2562311.61,470.93499755859375,120.96499633789062,223.26499938964844,2290.422607421875,145.20950317382812
2025_1625,0728豪雨,闊葉樹林型,38.32881810145589,196016.74,2562553.78,470.93499755859375,120.96499633789062,223.26499938964844,2290.422607421875,145.20950317382812
2025_1626,0728豪雨,闊葉樹林型,34.46868366333454,195653.41,2562592.33,470.93499755859375,120.96499633789062,223.26499938964844,2290.422607421875,145.20950317382812
2025_1627,0728豪雨,闊葉樹林型,29.32750061118656,195131.88,2562691.89,470.93499755859375,120.96499633789062,223.26499938964844,2290.422607421875,145.20950317382812
2025_1628,0728豪雨,闊葉樹林型,30.72061147663586,195427.98,2566929.05,454.41497802734375,135.2550048828125,203.84999084472656,2313.618896484375,153.12095642089844
2025_1629,0728豪雨,闊葉樹林型,46.30767957874156,201847.73,2557731.74,592.2449951171875,145.14500427246094,280.9949951171875,2404.69677734375,149.7960205078125
2025_1630,0728豪雨,闊葉樹林型,41.83254107800667,201018.57,2558819.43,592.2449951171875,145.14500427246094,280.9949951171875,2404.69677734375,149.7960205078125
2025_1631,0728豪雨,闊葉樹林型,48.18968510422141,201084.33,2558888.68,592.2449951171875,145.14500427246094,280.9949951171875,2404.69677734375,149.7960205078125
2025_1634,0728豪雨,闊葉樹林型,20.387669768422825,203849.56,2557978.84,592.2449951171875,145.14500427246094,280.9949951171875,2404.69677734375,149.7960205078125
2025_1639,0728豪雨,闊葉樹林型,26.849053663953967,202038.53,2556347.94,592.2449951171875,145.14500427246094,280.9949951171875,2404.69677734375,149.7960205078125
2025_1640,0728豪雨,闊葉樹林型,48.39453039927944,201607.19,2557109.01,592.2449951171875,145.14500427246094,280.9949951171875,2404.69677734375,149.7960205078125
2025_1641,0728豪雨,闊葉樹林型,47.37567696741501,201708.34,2557202.07,592.2449951171875,145.14500427246094,280.9949951171875,2404.69677734375,149.7960205078125
2025_1642,0728豪雨,闊葉樹林型,45.78377864972804,201805.8,2557469.53,592.2449951171875,145.14500427246094,280.9949951171875,2404.69677734375,149.7960205078125
2025_1644,0728豪雨,闊葉樹林型,37.247373202381205,201665.17,2557602.17,592.2449951171875,145.14500427246094,280.9949951171875,2404.69677734375,149.7960205078125
2025_1645,0728豪雨,闊葉樹林型,29.034220452471416,203231.04,2555210.49,518.9149780273438,145.6750030517578,261.5749816894531,2410.651123046875,153.12747192382812
2025_1648,0728豪雨,闊葉樹林型,9.520202144985053,201740.76,2555695.14,592.2449951171875,145.14500427246094,280.9949951171875,2404.69677734375,149.7960205078125
2025_1650,0728豪雨,闊葉樹林型,39.98069050753484,199336.48,2554786.23,518.9149780273438,145.6750030517578,261.5749816894531,2410.651123046875,153.12747192382812
2025_1651,0728豪雨,闊葉樹林型,26.217612768234883,204036.57,2553816.67,518.9149780273438,145.6750030517578,261.5749816894531,2466.655029296875,144.16143798828125
2025_1653,0728豪雨,闊葉樹林型,31.311156133255537,204409.08,2552684.33,518.9149780273438,145.6750030517578,261.5749816894531,2466.655029296875,144.16143798828125
2025_1655,0728豪雨,闊葉樹林型,44.710622455169606,201056.84,2554067.81,518.9149780273438,145.6750030517578,261.5749816894531,2410.651123046875,153.12747192382812
2025_1657,0728豪雨,竹林,13.83230277374978,196444.15,2553612.66,475.4849853515625,151.88999938964844,248.77499389648438,2347.15966796875,147.24630737304688
2025_1658,0728豪雨,闊葉樹林型,35.2136676052906,191511.26,2551225.83,475.4849853515625,151.88999938964844,248.77499389648438,2106.42919921875,135.00828552246094
2025_1660,0728豪雨,竹林,27.93835272960235,192368.32,2547157.67,475.4849853515625,151.88999938964844,248.77499389648438,2252.890869140625,142.56378173828125
2025_1662,0728豪雨,闊葉樹林型,26.47888107199723,193052.32,2551625.18,475.4849853515625,151.88999938964844,248.77499389648438,2106.42919921875,135.00828552246094
2025_1663,0728豪雨,竹林,29.71061986959468,192942.11,2546632.56,475.4849853515625,151.88999938964844,248.77499389648438,2252.890869140625,142.56378173828125
2025_1665,0728豪雨,竹林,32.63194030642942,189739.19,2539160.67,482.8999938964844,145.59500122070312,257.3599853515625,2414.16015625,148.79263305664062
2025_1666,0728豪雨,竹林,35.009177890477666,190150.41,2539531.97,482.8999938964844,145.59500122070312,257.3599853515625,2414.16015625,148.79263305664062
2025_1668,0728豪雨,闊葉樹林型,28.835768652404315,195231.3,2545961.56,475.4849853515625,151.88999938964844,248.77499389648438,2451.772216796875,149.24961853027344
2025_1670,0728豪雨,闊葉樹林型,28.810793742973065,199349.04,2548675.74,518.9149780273438,145.6750030517578,261.5749816894531,2561.55078125,168.23117065429688
2025_1671,0728豪雨,闊葉樹林型,39.14355704978305,200058.67,2546561.45,518.9149780273438,145.6750030517578,261.5749816894531,2561.55078125,168.23117065429688
2025_1673,0728豪雨,闊葉樹林型,34.78470182920318,197121.89,2540619.93,482.8999938964844,145.59500122070312,257.3599853515625,2469.534423828125,141.6698760986328
2025_1676,0728豪雨,闊葉樹林型,26.67924362098057,201311.09,2548974.76,518.9149780273438,145.6750030517578,261.5749816894531,2561.55078125,168.23117065429688
2025_1677,0728豪雨,闊葉樹林型,33.891288740963454,201419.09,2548577.75,518.9149780273438,145.6750030517578,261.5749816894531,2561.55078125,168.23117065429688
2025_1679,0728豪雨,闊葉樹林型,23.3434296829173,202346.41,2548915.22,518.9149780273438,145.6750030517578,261.5749816894531,2561.55078125,168.23117065429688
2025_1682,0728豪雨,闊葉樹林型,33.946295027753955,201769.22,2549210.18,518.9149780273438,145.6750030517578,261.5749816894531,2561.55078125,168.23117065429688
2025_1683,丹娜絲颱風、薇帕颱風、0721豪雨,闊葉樹林型,21.33126583595921,216601.09,2608989.41,556.5650024414062,138.614990234375,236.43499755859375,2382.69189453125,140.41598510742188
2025_1690,丹娜絲颱風、薇帕颱風、0721豪雨,闊葉樹林型,24.260799584868057,207001.43,2582251.96,566.6400146484375,143.6199951171875,231.70498657226562,2429.003173828125,143.45407104492188
2025_1691,丹娜絲颱風、薇帕颱風、0721豪雨,竹林,31.311156133255537,203258.13,2573671.08,511.2649841308594,133.37998962402344,195.48500061035156,2324.6796875,145.32469177246094
2025_1692,丹娜絲颱風、薇帕颱風、0721豪雨,竹林,41.46155762076173,213842.46,2563953.86,447.1199951171875,117.72999572753906,170.06500244140625,2595.341064453125,162.25697326660156
2025_1695,丹娜絲颱風、薇帕颱風、0721豪雨,闊葉樹林型,39.76607121224395,235503.21,2470361.26,547.6599731445312,105.63499450683594,251.0449981689453,1788.835205078125,98.97721099853516
2025_1696,丹娜絲颱風、薇帕颱風、0721豪雨,闊葉樹林型,33.02386755579665,234766.88,2474695.19,547.6599731445312,105.63499450683594,251.0449981689453,2174.802978515625,115.05996704101562
2025_1700,丹娜絲颱風、薇帕颱風、0721豪雨,闊葉樹林型,24.52281262777141,232690.54,2471555.89,547.6599731445312,105.63499450683594,251.0449981689453,2122.54833984375,124.43677520751953
2025_1702,丹娜絲颱風、薇帕颱風、0721豪雨,闊葉樹林型,41.59751679121417,232208.82,2473922.36,547.6599731445312,105.63499450683594,251.0449981689453,2379.845458984375,135.04287719726562
2025_1706,丹娜絲颱風、薇帕颱風、0721豪雨,闊葉樹林型,45.74135233937299,292566.22,2673009.43,377.8699951171875,89.15499877929688,137.5699920654297,2353.409423828125,141.65667724609375
2025_1707,丹娜絲颱風、薇帕颱風、0721豪雨,闊葉樹林型,42.89347697966648,241861.68,2528210.09,433.0350036621094,108.7449951171875,161.55499267578125,2763.902587890625,134.30699157714844
2025_1709,丹娜絲颱風、薇帕颱風、0721豪雨,闊葉樹林型,36.45196008712727,255430.65,2568940.33,431.25,124.79999542236328,166.58499145507812,2458.736572265625,143.48196411132812
2025_1710,丹娜絲颱風、薇帕颱風、0721豪雨,闊葉樹林型,50.29190129825525,254916.3,2563773.81,417.7599792480469,118.38499450683594,165.16000366210938,2340.789306640625,131.37274169921875
2025_1711,丹娜絲颱風、薇帕颱風、0721豪雨,闊葉樹林型,23.994436724543963,280561.98,2622803.32,322.9100036621094,77.78499603271484,117.95999908447266,2771.251220703125,147.7129364013672
2025_1713,丹娜絲颱風、薇帕颱風、0721豪雨,闊葉樹林型,35.43232547287678,267337.56,2625718.71,409.2349853515625,115.625,189.63499450683594,2125.00048828125,115.07217407226562
2025_1714,丹娜絲颱風、薇帕颱風、0721豪雨,闊葉樹林型,47.7924373291279,268325.65,2602652.88,425.1949768066406,125.18999481201172,164.05999755859375,2374.764404296875,136.85586547851562
2025_1715,丹娜絲颱風、薇帕颱風、0721豪雨,闊葉樹林型,46.30767957874156,258437.33,2607348.73,482.9949951171875,151.44000244140625,220.05999755859375,2118.09814453125,118.77970886230469
2025_1716,丹娜絲颱風、薇帕颱風、0721豪雨,闊葉樹林型,35.565430802303304,235441.07,2496391.1,487.125,111.19499969482422,218.17999267578125,2480.2919921875,134.50819396972656
2025_1717,丹娜絲颱風、薇帕颱風、0721豪雨,闊葉樹林型,34.468683663334545,236042.08,2496384.37,487.125,111.19499969482422,218.17999267578125,2480.2919921875,134.50819396972656
2025_1718,丹娜絲颱風、薇帕颱風、0721豪雨,闊葉樹林型,42.779253086391705,236023.49,2499931.35,487.125,111.19499969482422,218.17999267578125,2480.2919921875,134.50819396972656
2025_1720,丹娜絲颱風、薇帕颱風、0721豪雨,闊葉樹林型,54.41469754415778,299091.19,2675388.1,377.8699951171875,89.15499877929688,137.5699920654297,2352.610595703125,151.37234497070312
2025_1721,丹娜絲颱風、薇帕颱風、0721豪雨,闊葉樹林型,45.16024384854909,236221.53,2482062.48,528.344970703125,120.55999755859375,238.90499877929688,2266.79052734375,130.03457641601562
2025_1722,丹娜絲颱風、薇帕颱風、0721豪雨,闊葉樹林型,35.615064210381185,231806.8,2474762.62,547.6599731445312,105.63499450683594,251.0449981689453,2379.845458984375,135.04287719726562
2025_1725,丹娜絲颱風、薇帕颱風、0721豪雨,闊葉樹林型,30.720611476635867,233197.89,2460661.9,526.9599609375,105.61499786376953,251.92498779296875,2511.745849609375,145.3084259033203
2025_1726,丹娜絲颱風、薇帕颱風、0721豪雨,闊葉樹林型,51.42931272739655,230157.97,2480886.31,528.344970703125,120.55999755859375,238.90499877929688,2438.447998046875,135.5248260498047
2025_1727,丹娜絲颱風、薇帕颱風、0721豪雨,闊葉樹林型,46.65433107859522,230467.8,2503517.53,459.5799865722656,128.4199981689453,183.25,2678.989990234375,138.628173828125
2025_1728,丹娜絲颱風、薇帕颱風、0721豪雨,闊葉樹林型,54.084713124362885,237168.31,2638028.14,531.0499877929688,154.98500061035156,313.69000244140625,1915.0513916015625,104.89905548095703
2025_1729,丹娜絲颱風、薇帕颱風、0721豪雨,闊葉樹林型,27.017123217850244,222059.32,2549090.18,377.91998291015625,89.3449935913086,160.5500030517578,2502.212158203125,147.98951721191406
2025_1731,丹娜絲颱風、薇帕颱風、0721豪雨,闊葉樹林型,42.03111377419729,232184.57,2521347.32,442.5849914550781,124.69499969482422,162.3199920654297,2701.94091796875,150.17758178710938
2025_1732,丹娜絲颱風、薇帕颱風、0721豪雨,闊葉樹林型,37.0068193431202,231887.55,2523825.6,424.2099914550781,113.9699935913086,154.52999877929688,2786.07470703125,146.2504425048828
2025_1733,丹娜絲颱風、薇帕颱風、0721豪雨,闊葉樹林型,46.17646516763125,229732.72,2545360.43,400.04998779296875,97.50499725341797,144.89500427246094,2634.498291015625,141.6938018798828
2025_1734,丹娜絲颱風、薇帕颱風、0721豪雨,闊葉樹林型,32.65176013874374,226496.41,2543945.37,384.614990234375,93.31999969482422,170.27999877929688,3075.998046875,173.19439697265625
2025_1735,丹娜絲颱風、薇帕颱風、0721豪雨,闊葉樹林型,40.7270942279994,233481.33,2595490.68,499.18499755859375,139.42999267578125,215.33499145507812,2397.87255859375,141.15618896484375
2025_1737,丹娜絲颱風、薇帕颱風、0721豪雨,闊葉樹林型,40.51058943733277,228991.06,2581456.56,502.239990234375,134.52000427246094,194.17999267578125,2666.233154296875,166.17950439453125
2025_1738,丹娜絲颱風、薇帕颱風、0721豪雨,闊葉樹林型,18.00416160591338,226603.5,2563440.32,369.7449951171875,98.89999389648438,138.84999084472656,2777.9365234375,169.5355224609375
2025_1740,丹娜絲颱風、薇帕颱風、0721豪雨,闊葉樹林型,41.4729343089405,220494.92,2562425.25,369.7449951171875,98.89999389648438,138.84999084472656,2787.701904296875,169.62338256835938
2025_1743,丹娜絲颱風、薇帕颱風、0721豪雨,闊葉樹林型,38.467578148302174,223586.55,2559502.1,369.7449951171875,98.89999389648438,138.84999084472656,2472.412841796875,158.74024963378906
2025_1744,丹娜絲颱風、薇帕颱風、0721豪雨,闊葉樹林型,52.43652698648192,244646.48,2530408.04,433.0350036621094,108.7449951171875,161.55499267578125,2763.902587890625,134.30699157714844
2025_1745,丹娜絲颱風、薇帕颱風、0721豪雨,闊葉樹林型,33.425567049364545,209738.55,2550280.08,379.79998779296875,95.53499603271484,169.01998901367188,2556.321044921875,148.60157775878906
2025_1746,丹娜絲颱風、薇帕颱風、0721豪雨,竹林,7.264626465193748,213732.62,2629068.17,590.010009765625,120.69999694824219,288.989990234375,1523.1300048828125,84.35311126708984
2025_1750,丹娜絲颱風、薇帕颱風、0721豪雨,闊葉樹林型,61.45697965661481,215280.75,2633543.44,583.0349731445312,166.09500122070312,323.625,1546.2135009765625,84.9543685913086
2025_1751,丹娜絲颱風、薇帕颱風、0721豪雨,闊葉樹林型,55.40771131249006,214992.64,2633304.02,583.0349731445312,166.09500122070312,323.625,1546.2135009765625,84.9543685913086
2025_1754,丹娜絲颱風、薇帕颱風、0721豪雨,闊葉樹林型,40.9523515915937,285930.41,2656381.24,350.7699890136719,78.25499725341797,135.2449951171875,2330.667236328125,145.41802978515625
2025_1755,丹娜絲颱風、薇帕颱風、0721豪雨,闊葉樹林型,45.510026207419365,288324.07,2656111.47,350.7699890136719,78.25499725341797,135.2449951171875,2330.667236328125,145.41802978515625
2025_1756,丹娜絲颱風、薇帕颱風、0721豪雨,闊葉樹林型,52.02542014837084,272808.31,2658725.21,363.03997802734375,90.875,162.0,3239.04736328125,160.2562255859375
2025_1757,丹娜絲颱風、薇帕颱風、0721豪雨,闊葉樹林型,39.31462864873003,216822.52,2542053.62,394.9700012207031,98.73999786376953,169.84999084472656,2956.617919921875,183.99441528320312
2025_1758,丹娜絲颱風、薇帕颱風、0721豪雨,闊葉樹林型,37.790111559066204,227419.28,2557449.44,369.7449951171875,98.89999389648438,138.84999084472656,2720.570556640625,170.38348388671875
2025_1759,丹娜絲颱風、薇帕颱風、0721豪雨,闊葉樹林型,41.18592516570965,214548.7,2565743.28,447.1199951171875,117.72999572753906,170.06500244140625,2777.270263671875,170.2137908935547
2025_1762,丹娜絲颱風、薇帕颱風、0721豪雨,闊葉樹林型,47.13939561888404,218364.39,2586753.63,531.9599609375,140.98500061035156,217.85499572753906,2618.4912109375,152.3922882080078
2025_1766,丹娜絲颱風、薇帕颱風、0721豪雨,闊葉樹林型,54.50544919569607,260321.48,2670484.3,342.7799987792969,85.36499786376953,168.239990234375,2568.5400390625,156.200439453125
2025_1767,鳳凰颱風,闊葉樹林型,62.89798992380757,297900.12,2675828.74,427.9599914550781,381.6999816894531,427.9599914550781,2352.610595703125,151.37234497070312
2025_1768,鳳凰颱風,闊葉樹林型,34.30834539460494,300420.55,2660565.26,429.1600036621094,372.1600036621094,429.1549987792969,2146.370361328125,133.07498168945312
2025_1769,鳳凰颱風,闊葉樹林型,50.41872562773047,290427.3,2704016.22,146.23500061035156,107.71499633789062,145.22000122070312,2244.089599609375,147.86839294433594
2025_1770,鳳凰颱風,闊葉樹林型,15.436640338110504,316070.91,2673229.63,413.0799865722656,364.5299987792969,412.0149841308594,2261.236328125,147.94313049316406
2025_1772,鳳凰颱風,闊葉樹林型,38.78215347624,293235.48,2683096.17,400.55999755859375,337.9800109863281,400.55999755859375,2679.881591796875,156.8087615966797
2025_1773,鳳凰颱風,闊葉樹林型,42.5163425625201,289441.37,2705207.43,146.23500061035156,107.71499633789062,145.22000122070312,2383.025634765625,150.17239379882812
2025_1774,鳳凰颱風,闊葉樹林型,41.18592516570965,295924.2,2718183.64,186.3699951171875,132.72000122070312,183.92999267578125,2200.2421875,149.63926696777344
2025_1775,鳳凰颱風,闊葉樹林型,39.96814794983898,295992.69,2718143.46,186.3699951171875,132.72000122070312,183.92999267578125,2200.2421875,149.63926696777344
2025_1776,鳳凰颱風,闊葉樹林型,40.53479707962874,297447.34,2718157.58,186.3699951171875,132.72000122070312,183.92999267578125,2200.2421875,149.63926696777344
2025_1777,鳳凰颱風,闊葉樹林型,34.21858270764895,304277.18,2663783.78,365.6949768066406,314.2049865722656,364.875,2347.9912109375,151.24337768554688
2025_1778,樺加沙颱風,闊葉樹林型,39.57420005713789,317310.12,2698343.16,126.07999420166016,90.39999389648438,124.875,1911.7799072265625,132.78627014160156
2025_1782,樺加沙颱風,闊葉樹林型,47.07775513424629,232061.04,2524098.23,149.6649932861328,76.01499938964844,149.3699951171875,2786.07470703125,146.2504425048828
2025_1783,樺加沙颱風,闊葉樹林型,50.82682311538271,241778.08,2524499.21,158.01998901367188,85.52999877929688,157.46499633789062,2639.58642578125,125.33547973632812
2025_1784,樺加沙颱風,闊葉樹林型,33.946295027753955,231263.35,2527608.85,149.6649932861328,76.01499938964844,149.3699951171875,2786.07470703125,146.2504425048828
2025_1785,樺加沙颱風,闊葉樹林型,18.58988204700748,241455.83,2528796.5,158.01998901367188,85.52999877929688,157.46499633789062,2763.902587890625,134.30699157714844
2025_1786,樺加沙颱風,闊葉樹林型,41.37023532050225,231150.82,2517696.16,152.2449951171875,85.125,152.0500030517578,2701.94091796875,150.17758178710938
2025_1787,樺加沙颱風,闊葉樹林型,45.78377864972804,233651.21,2518123.69,152.2449951171875,85.125,152.0500030517578,2701.94091796875,150.17758178710938
2025_1788,樺加沙颱風,闊葉樹林型,16.970296539403275,215879.99,2519795.8,116.95999908447266,65.8699951171875,115.81499481201172,2992.088134765625,169.11236572265625
2025_1790,樺加沙颱風,闊葉樹林型,26.82087387239509,215696.88,2522111.86,116.95999908447266,65.8699951171875,115.81499481201172,2992.088134765625,169.11236572265625
2025_1792,樺加沙颱風,闊葉樹林型,26.158981435332173,214063.63,2525004.56,112.41500091552734,59.39999771118164,110.33999633789062,2662.489990234375,167.71499633789062
2025_1793,樺加沙颱風,闊葉樹林型,27.26604445073282,217379.35,2514942.09,116.95999908447266,65.8699951171875,115.81499481201172,3375.24658203125,182.49546813964844
2025_1800,樺加沙颱風,闊葉樹林型,45.08034632153942,242426.61,2525753.73,158.01998901367188,85.52999877929688,157.46499633789062,2639.58642578125,125.33547973632812
2025_1801,樺加沙颱風,闊葉樹林型,54.0802500711846,237574.8,2526227.76,149.6649932861328,76.01499938964844,149.3699951171875,2636.4248046875,134.2984161376953
2025_1802,樺加沙颱風,闊葉樹林型,37.60152555834086,256695.27,2528140.45,160.6949920654297,89.07999420166016,160.18499755859375,2433.956298828125,133.33786010742188
2025_1803,樺加沙颱風,闊葉樹林型,41.289874733376,237902.95,2476840.74,109.19999694824219,54.78499984741211,108.02499389648438,2174.802978515625,115.05996704101562
2025_1804,樺加沙颱風,闊葉樹林型,33.946295027753955,240475.43,2477187.33,109.18000030517578,54.00499725341797,107.91500091552734,2137.89599609375,125.09806823730469
2025_1805,樺加沙颱風,闊葉樹林型,18.77992128717004,241141.28,2505736.26,145.7899932861328,78.92499542236328,145.30499267578125,2523.927734375,132.65663146972656
2025_1806,樺加沙颱風,闊葉樹林型,38.67344937613533,240860.52,2480052.56,113.19999694824219,61.0,112.93499755859375,2383.537841796875,127.65581512451172
2025_1807,樺加沙颱風,闊葉樹林型,60.62579533803793,287418.76,2624535.15,118.5,105.13499450683594,118.5,2398.856689453125,133.01580810546875
2025_1808,樺加沙颱風,闊葉樹林型,68.19562633321902,287999.27,2624652.47,118.5,105.13499450683594,118.5,2398.856689453125,133.01580810546875
2025_1810,樺加沙颱風,闊葉樹林型,61.910579882084086,281575.32,2621932.42,118.5,105.13499450683594,118.5,2678.929443359375,146.88833618164062
2025_1812,樺加沙颱風,闊葉樹林型,36.08714706573126,285505.74,2620775.45,124.32499694824219,101.66500091552734,124.2449951171875,2516.89453125,137.5990753173828
2025_1813,樺加沙颱風,闊葉樹林型,50.20054253351386,285296.89,2622098.56,118.5,105.13499450683594,118.5,2678.929443359375,146.88833618164062
2025_1814,樺加沙颱風,闊葉樹林型,39.76607121224395,284827.66,2619600.26,124.32499694824219,101.66500091552734,124.2449951171875,2516.89453125,137.5990753173828
2025_1815,樺加沙颱風,闊葉樹林型,32.31153323742385,286867.14,2620796.64,124.32499694824219,101.66500091552734,124.2449951171875,2341.34521484375,135.4976806640625
2025_1816,樺加沙颱風,闊葉樹林型,38.876655136344326,286652.24,2620891.32,124.32499694824219,101.66500091552734,124.2449951171875,2341.34521484375,135.4976806640625
2025_1817,樺加沙颱風,闊葉樹林型,41.59751679121417,282546.85,2610040.89,113.33999633789062,94.72000122070312,113.25999450683594,2298.92041015625,137.5152587890625
2025_1818,樺加沙颱風,闊葉樹林型,34.78470182920318,283042.83,2609708.49,113.33999633789062,94.72000122070312,113.25999450683594,2298.92041015625,137.5152587890625
2025_1819,樺加沙颱風,闊葉樹林型,40.22942490250022,281729.15,2605081.54,113.33999633789062,94.72000122070312,113.25999450683594,2137.846923828125,150.51254272460938
2025_1820,樺加沙颱風,闊葉樹林型,33.27369602543111,285206.46,2606432.49,113.33999633789062,94.72000122070312,113.25999450683594,2298.92041015625,137.5152587890625
2025_1821,樺加沙颱風,闊葉樹林型,40.79858749551321,282242.36,2603212.27,113.33999633789062,94.72000122070312,113.25999450683594,2137.846923828125,150.51254272460938
2025_1822,樺加沙颱風,闊葉樹林型,26.707667766558608,292191.54,2597291.67,135.4550018310547,113.43999481201172,135.10499572753906,2088.066162109375,136.9495086669922
2025_1823,樺加沙颱風,闊葉樹林型,25.65191625517833,292220.07,2597419.54,135.4550018310547,113.43999481201172,135.10499572753906,2088.066162109375,136.9495086669922
2025_1824,樺加沙颱風,闊葉樹林型,37.790111559066204,304203.63,2620404.79,100.1449966430664,84.83499908447266,98.68999481201172,1806.2227783203125,135.92990112304688
2025_1825,樺加沙颱風,闊葉樹林型,37.790111559066204,299146.04,2613878.96,121.31999969482422,103.29000091552734,120.95999908447266,1958.8206787109375,123.54737854003906
2025_1826,樺加沙颱風,闊葉樹林型,37.99072498917101,298427.34,2599335.83,135.4550018310547,113.43999481201172,135.10499572753906,2154.465576171875,143.8412322998047
2025_1827,樺加沙颱風,闊葉樹林型,38.50896869263104,295534.39,2610905.25,121.31999969482422,103.29000091552734,120.95999908447266,2029.2454833984375,120.9079818725586
2025_1828,樺加沙颱風,闊葉樹林型,55.44347578884612,285797.84,2633362.63,99.75999450683594,77.68000030517578,99.7449951171875,2202.935791015625,140.18649291992188
2025_1829,樺加沙颱風,闊葉樹林型,59.981893015050346,282660.16,2631115.95,118.5,105.13499450683594,118.5,2431.345703125,157.89122009277344
2025_1830,樺加沙颱風,闊葉樹林型,40.53479707962874,282595.04,2627837.51,118.5,105.13499450683594,118.5,2431.345703125,157.89122009277344
2025_1831,樺加沙颱風,闊葉樹林型,44.359258950107865,282547.41,2627906.13,118.5,105.13499450683594,118.5,2431.345703125,157.89122009277344
2025_1832,樺加沙颱風,闊葉樹林型,50.24325709493154,282752.87,2627994.89,118.5,105.13499450683594,118.5,2431.345703125,157.89122009277344
2025_1833,樺加沙颱風,闊葉樹林型,37.90505895833579,286222.84,2627486.68,118.5,105.13499450683594,118.5,2384.85400390625,147.62538146972656
2025_1835,樺加沙颱風,闊葉樹林型,30.809442202940232,291803.27,2606446.37,130.61000061035156,109.7699966430664,130.1649932861328,2000.1451416015625,130.2339324951172
2025_1836,樺加沙颱風,闊葉樹林型,38.11835994667712,292820.92,2606560.32,130.61000061035156,109.7699966430664,130.1649932861328,2000.1451416015625,130.2339324951172
2025_1837,樺加沙颱風,闊葉樹林型,43.02734418130677,292763.09,2606728.62,130.61000061035156,109.7699966430664,130.1649932861328,2000.1451416015625,130.2339324951172
2025_1838,樺加沙颱風,闊葉樹林型,36.00673320377918,291931.28,2607729.47,130.61000061035156,109.7699966430664,130.1649932861328,2000.1451416015625,130.2339324951172
2025_1839,樺加沙颱風,闊葉樹林型,35.565430802303304,293869.33,2607708.68,130.61000061035156,109.7699966430664,130.1649932861328,2000.1451416015625,130.2339324951172
2025_1841,樺加沙颱風,闊葉樹林型,49.90378357641581,293867.14,2604132.21,130.61000061035156,109.7699966430664,130.1649932861328,1965.8260498046875,120.82568359375
2025_1842,樺加沙颱風,闊葉樹林型,35.264389682754654,294373.14,2604913.86,130.61000061035156,109.7699966430664,130.1649932861328,1965.8260498046875,120.82568359375
2025_1844,樺加沙颱風,闊葉樹林型,54.47959216122716,293718.69,2600136.2,130.61000061035156,109.7699966430664,130.1649932861328,1965.8260498046875,120.82568359375
2025_1846,樺加沙颱風,闊葉樹林型,16.91651608571675,284959.42,2577895.85,137.8249969482422,105.78499603271484,137.2949981689453,1781.5130615234375,108.79041290283203
2025_1847,樺加沙颱風,闊葉樹林型,36.93089662022377,285959.8,2578020.72,137.8249969482422,105.78499603271484,137.2949981689453,2089.62841796875,132.9912872314453
2025_1848,樺加沙颱風,闊葉樹林型,47.32267734438668,286132.18,2578498.78,137.8249969482422,105.78499603271484,137.2949981689453,2089.62841796875,132.9912872314453
2025_1849,樺加沙颱風,闊葉樹林型,45.18677738187266,297778.05,2595884.87,135.4550018310547,113.43999481201172,135.10499572753906,2154.465576171875,143.8412322998047
2025_1850,樺加沙颱風,竹林,31.7353754997287,283645.12,2572286.26,117.21499633789062,86.67499542236328,115.70999908447266,1874.63818359375,127.33627319335938
2025_1851,樺加沙颱風,闊葉樹林型,39.77877859061192,283956.45,2571416.05,117.21499633789062,86.67499542236328,115.70999908447266,2024.071533203125,137.7022247314453
2025_1852,樺加沙颱風,闊葉樹林型,39.63842114615208,284068.98,2570489.75,117.21499633789062,86.67499542236328,115.70999908447266,2024.071533203125,137.7022247314453
2025_1858,樺加沙颱風,闊葉樹林型,52.8541046613614,278654.06,2607102.83,148.81500244140625,106.1449966430664,148.75498962402344,2432.95361328125,139.78724670410156
2025_1860,樺加沙颱風,闊葉樹林型,62.40556276184292,280600.54,2610815.31,136.62998962402344,103.42499542236328,136.59500122070312,2500.72802734375,142.43997192382812
2025_1861,樺加沙颱風,闊葉樹林型,38.67344937613533,272012.95,2600033.29,148.81500244140625,106.1449966430664,148.75498962402344,2360.921142578125,137.02381896972656
2025_1863,樺加沙颱風,闊葉樹林型,48.70632959817723,271916.92,2600061.96,148.81500244140625,106.1449966430664,148.75498962402344,2360.921142578125,137.02381896972656
2025_1864,樺加沙颱風,闊葉樹林型,54.94471825132664,274879.55,2600915.88,148.81500244140625,106.1449966430664,148.75498962402344,2360.921142578125,137.02381896972656
2025_1865,樺加沙颱風,闊葉樹林型,26.47888107199723,273771.28,2597366.87,149.30499267578125,109.32499694824219,149.2899932861328,2697.459716796875,170.0337371826172
2025_1866,樺加沙颱風,闊葉樹林型,60.58204978429987,273063.22,2605072.52,148.81500244140625,106.1449966430664,148.75498962402344,2360.921142578125,137.02381896972656
2025_1868,樺加沙颱風,闊葉樹林型,43.77679566071583,268971.92,2602908.67,145.614990234375,103.6199951171875,145.52999877929688,2374.764404296875,136.85586547851562
2025_1869,樺加沙颱風,闊葉樹林型,42.54813797067997,282085.53,2605297.06,113.33999633789062,94.72000122070312,113.25999450683594,2298.92041015625,137.5152587890625
2025_1870,樺加沙颱風,闊葉樹林型,42.76882539196875,280621.07,2596927.64,149.30499267578125,109.32499694824219,149.2899932861328,2247.890380859375,135.7090606689453
2025_1871,樺加沙颱風,闊葉樹林型,53.86401320712496,276464.03,2597574.95,149.30499267578125,109.32499694824219,149.2899932861328,2247.890380859375,135.7090606689453
2025_1872,樺加沙颱風,闊葉樹林型,49.13094970675648,279586.56,2600585.25,148.81500244140625,106.1449966430664,148.75498962402344,2254.958251953125,148.55401611328125
2025_1877,樺加沙颱風,闊葉樹林型,45.86825078796896,279555.37,2621755.47,136.62998962402344,103.42499542236328,136.59500122070312,2649.400146484375,138.68931579589844
2025_1878,樺加沙颱風,闊葉樹林型,47.19310563582845,282075.44,2620902.01,124.32499694824219,101.66500091552734,124.2449951171875,2516.89453125,137.5990753173828
2025_1879,樺加沙颱風,闊葉樹林型,23.3434296829173,281993.81,2620219.42,124.32499694824219,101.66500091552734,124.2449951171875,2516.89453125,137.5990753173828
2025_1883,樺加沙颱風,闊葉樹林型,49.51661804596837,277727.4,2631432.39,123.23500061035156,96.13499450683594,123.23500061035156,2447.114990234375,149.9739532470703
2025_1887,樺加沙颱風,闊葉樹林型,45.5703632033515,275191.77,2617859.41,136.62998962402344,103.42499542236328,136.59500122070312,2172.563720703125,122.6304931640625
2025_1889,樺加沙颱風,闊葉樹林型,40.03075915578156,285530.1,2658661.03,138.5749969482422,105.40499877929688,138.47999572753906,2648.472900390625,151.1837158203125
2025_1890,樺加沙颱風,闊葉樹林型,37.29207573526101,285492.96,2658805.86,138.5749969482422,105.40499877929688,138.47999572753906,2648.472900390625,151.1837158203125
2025_1891,樺加沙颱風,闊葉樹林型,38.46757814830217,285702.3,2658853.82,138.5749969482422,105.40499877929688,138.47999572753906,2330.667236328125,145.41802978515625
2025_1892,樺加沙颱風,闊葉樹林型,48.91696599526741,286610.19,2653036.87,97.33499908447266,82.41999816894531,97.0250015258789,1718.05224609375,108.5896987915039
2025_1893,樺加沙颱風,闊葉樹林型,40.55896658324713,287290.9,2653521.11,97.33499908447266,82.41999816894531,97.0250015258789,1718.05224609375,108.5896987915039
2025_1894,樺加沙颱風,闊葉樹林型,45.74135233937299,291796.39,2656848.15,203.97000122070312,154.67999267578125,203.80499267578125,2381.613525390625,137.01673889160156
2025_1895,樺加沙颱風,闊葉樹林型,36.62354905164433,291834.34,2656813.93,203.97000122070312,154.67999267578125,203.80499267578125,2381.613525390625,137.01673889160156
2025_1896,樺加沙颱風,闊葉樹林型,20.92817687973532,285415.82,2659599.49,138.5749969482422,105.40499877929688,138.47999572753906,2648.472900390625,151.1837158203125
2025_1898,樺加沙颱風,闊葉樹林型,47.72631099390627,285641.95,2661573.7,138.5749969482422,105.40499877929688,138.47999572753906,2593.458740234375,148.11077880859375
2025_1899,樺加沙颱風,闊葉樹林型,41.98721249581666,287726.14,2657848.24,138.5749969482422,105.40499877929688,138.47999572753906,2330.667236328125,145.41802978515625
2025_1900,樺加沙颱風,闊葉樹林型,50.20665326822132,291167.88,2657302.87,203.97000122070312,154.67999267578125,203.80499267578125,2381.613525390625,137.01673889160156
2025_1901,樺加沙颱風,闊葉樹林型,38.876655136344326,283440.02,2656927.84,138.5749969482422,105.40499877929688,138.47999572753906,2648.472900390625,151.1837158203125
2025_1902,樺加沙颱風,闊葉樹林型,41.59751679121417,284305.85,2657675.87,138.5749969482422,105.40499877929688,138.47999572753906,2648.472900390625,151.1837158203125
2025_1903,樺加沙颱風,闊葉樹林型,44.6831922342158,287674.81,2658067.13,138.5749969482422,105.40499877929688,138.47999572753906,2330.667236328125,145.41802978515625
2025_1904,樺加沙颱風,闊葉樹林型,35.94211187138234,289876.34,2636289.41,99.75999450683594,77.68000030517578,99.7449951171875,2202.935791015625,140.18649291992188
2025_1905,樺加沙颱風,闊葉樹林型,32.51251731617002,289077.56,2643664.26,99.75999450683594,77.68000030517578,99.7449951171875,2220.61083984375,124.09061431884766
2025_1906,樺加沙颱風,闊葉樹林型,51.10320675611623,283118.43,2642466.75,99.75999450683594,77.68000030517578,99.7449951171875,2462.13525390625,142.64247131347656
2025_1907,樺加沙颱風,闊葉樹林型,49.85365752782776,286316.16,2641081.02,99.75999450683594,77.68000030517578,99.7449951171875,2220.61083984375,124.09061431884766
2025_1908,樺加沙颱風,闊葉樹林型,42.5163425625201,286388.16,2641283.89,99.75999450683594,77.68000030517578,99.7449951171875,2220.61083984375,124.09061431884766
2025_1910,樺加沙颱風,闊葉樹林型,36.94611005709807,290317.74,2639217.68,99.75999450683594,77.68000030517578,99.7449951171875,2220.61083984375,124.09061431884766
2025_1913,樺加沙颱風,闊葉樹林型,36.45196008712727,283177.57,2635454.2,99.75999450683594,77.68000030517578,99.7449951171875,2511.476806640625,147.00294494628906
2025_1914,樺加沙颱風,闊葉樹林型,42.862412092456296,284504.74,2635946.23,99.75999450683594,77.68000030517578,99.7449951171875,2511.476806640625,147.00294494628906
2025_1915,樺加沙颱風,闊葉樹林型,60.76542779032445,302654.76,2657687.53,151.78500366210938,115.7249984741211,151.48500061035156,2319.623291015625,149.06011962890625
2025_1916,樺加沙颱風,闊葉樹林型,41.8103148957786,304480.09,2636648.31,123.06999969482422,110.36499786376953,122.25999450683594,1696.45263671875,121.16349792480469
2025_1918,樺加沙颱風,闊葉樹林型,37.90505895833579,299759.32,2651719.31,158.0699920654297,110.55999755859375,157.52999877929688,2082.81787109375,138.217529296875
2025_1919,樺加沙颱風,闊葉樹林型,23.061135616050905,296617.03,2650336.96,158.0699920654297,110.55999755859375,157.52999877929688,2082.81787109375,138.217529296875
2025_1920,樺加沙颱風,闊葉樹林型,36.05502968442895,296721.89,2650232.5,158.0699920654297,110.55999755859375,157.52999877929688,2082.81787109375,138.217529296875
2025_1921,樺加沙颱風,闊葉樹林型,66.64855401747919,297204.1,2650860.42,158.0699920654297,110.55999755859375,157.52999877929688,2082.81787109375,138.217529296875
2025_1922,樺加沙颱風,闊葉樹林型,60.6717586680522,297597.93,2651765.88,158.0699920654297,110.55999755859375,157.52999877929688,2082.81787109375,138.217529296875
2025_1923,樺加沙颱風,闊葉樹林型,59.53716225202639,297623.29,2651806.47,158.0699920654297,110.55999755859375,157.52999877929688,2082.81787109375,138.217529296875
2025_1924,樺加沙颱風,闊葉樹林型,55.67906513780481,294418.63,2652575.96,158.0699920654297,110.55999755859375,157.52999877929688,1986.802001953125,125.88800048828125
2025_1925,樺加沙颱風,闊葉樹林型,57.44300983725008,295995.1,2652187.02,158.0699920654297,110.55999755859375,157.52999877929688,2082.81787109375,138.217529296875
2025_1926,樺加沙颱風,闊葉樹林型,49.82852194195039,296390.94,2654727.41,158.0699920654297,110.55999755859375,157.52999877929688,2082.81787109375,138.217529296875
2025_1927,樺加沙颱風,闊葉樹林型,54.2969707265141,295381.03,2655250.87,203.97000122070312,154.67999267578125,203.80499267578125,2381.613525390625,137.01673889160156
2025_1928,樺加沙颱風,闊葉樹林型,66.21019882530187,293043.9,2639280.38,125.2199935913086,98.29999542236328,124.48499298095703,2165.39794921875,142.8837127685547
2025_1929,樺加沙颱風,闊葉樹林型,33.927980154144706,294245.87,2639891.04,125.2199935913086,98.29999542236328,124.48499298095703,2165.39794921875,142.8837127685547
2025_1930,樺加沙颱風,闊葉樹林型,47.07775513424629,275626.24,2636374.73,105.21499633789062,83.60499572753906,105.18999481201172,2476.8828125,145.62222290039062
2025_1932,樺加沙颱風,闊葉樹林型,49.52305830933339,277033.57,2633085.86,105.21499633789062,83.60499572753906,105.18999481201172,2476.8828125,145.62222290039062
2025_1936,樺加沙颱風,闊葉樹林型,40.7628826356304,281313.19,2654430.68,97.33499908447266,82.41999816894531,97.0250015258789,2503.708984375,123.4659194946289
2025_1940,樺加沙颱風,闊葉樹林型,47.10090264184485,282444.35,2643533.96,99.75999450683594,77.68000030517578,99.7449951171875,2462.13525390625,142.64247131347656
2025_1941,樺加沙颱風,闊葉樹林型,55.23526825735523,278662.39,2633344.1,105.21499633789062,83.60499572753906,105.18999481201172,2476.8828125,145.62222290039062
2025_1946,樺加沙颱風,闊葉樹林型,40.7628826356304,275544.55,2628580.37,123.23500061035156,96.13499450683594,123.23500061035156,2447.114990234375,149.9739532470703
2025_1950,樺加沙颱風,闊葉樹林型,51.34578033770092,275128.36,2631759.41,123.23500061035156,96.13499450683594,123.23500061035156,2272.796630859375,134.41383361816406
2025_1951,樺加沙颱風,闊葉樹林型,47.03908938941234,275702.42,2632291.22,123.23500061035156,96.13499450683594,123.23500061035156,2447.114990234375,149.9739532470703
2025_1956,樺加沙颱風,闊葉樹林型,32.02597107856493,264938.91,2530051.05,154.83999633789062,85.4949951171875,153.9250030517578,2061.32373046875,116.4581298828125
2025_1958,樺加沙颱風,闊葉樹林型,35.43232547287678,258540.42,2532795.86,160.6949920654297,89.07999420166016,160.18499755859375,2433.956298828125,133.33786010742188
2025_1959,樺加沙颱風,闊葉樹林型,44.75622365009062,258844.23,2532586.72,160.6949920654297,89.07999420166016,160.18499755859375,2433.956298828125,133.33786010742188
2025_1960,樺加沙颱風,闊葉樹林型,40.41337530810542,215630.15,2519134.97,116.95999908447266,65.8699951171875,115.81499481201172,2992.088134765625,169.11236572265625
2025_1961,樺加沙颱風,闊葉樹林型,51.00600743245538,215330.77,2525379.79,112.41500091552734,59.39999771118164,110.33999633789062,2884.879638671875,169.8948974609375
2025_1962,樺加沙颱風,闊葉樹林型,63.07127292425983,237769.78,2530012.89,149.6649932861328,76.01499938964844,149.3699951171875,2659.308349609375,132.2608642578125
2025_1963,樺加沙颱風,闊葉樹林型,42.924476930175054,245399.22,2529706.12,158.01998901367188,85.52999877929688,157.46499633789062,2691.63232421875,130.44161987304688
2025_1964,樺加沙颱風,闊葉樹林型,48.70632959817723,245792.26,2529747.11,158.01998901367188,85.52999877929688,157.46499633789062,2691.63232421875,130.44161987304688
2025_1965,樺加沙颱風,闊葉樹林型,53.98613336974438,247884.78,2530634.38,158.01998901367188,85.52999877929688,157.46499633789062,2691.63232421875,130.44161987304688
2025_1966,樺加沙颱風,闊葉樹林型,45.91869233345094,249608.73,2530427.23,158.01998901367188,85.52999877929688,157.46499633789062,2691.63232421875,130.44161987304688
2025_1967,樺加沙颱風,闊葉樹林型,44.008750098953584,246302.76,2531629.84,158.01998901367188,85.52999877929688,157.46499633789062,2691.63232421875,130.44161987304688
2025_1968,樺加沙颱風,闊葉樹林型,45.32746215745959,246468.61,2532767.94,158.01998901367188,85.52999877929688,157.46499633789062,2691.63232421875,130.44161987304688
2025_1969,樺加沙颱風,闊葉樹林型,39.31462864873002,253042.66,2531937.45,160.6949920654297,89.07999420166016,160.18499755859375,2545.30322265625,132.95693969726562
2025_1970,樺加沙颱風,闊葉樹林型,34.09207978094286,242468.9,2532984.99,158.01998901367188,85.52999877929688,157.46499633789062,2763.902587890625,134.30699157714844
2025_1971,樺加沙颱風,闊葉樹林型,22.29512452730976,242373.67,2532996.47,158.01998901367188,85.52999877929688,157.46499633789062,2763.902587890625,134.30699157714844
2025_1972,樺加沙颱風,闊葉樹林型,50.51452125637866,241657.47,2529295.53,158.01998901367188,85.52999877929688,157.46499633789062,2763.902587890625,134.30699157714844
2025_1973,樺加沙颱風,闊葉樹林型,49.38714482392327,241885.96,2529748.9,158.01998901367188,85.52999877929688,157.46499633789062,2763.902587890625,134.30699157714844
2025_1976,樺加沙颱風,闊葉樹林型,31.693440803183943,231256.41,2528126.53,149.6649932861328,76.01499938964844,149.3699951171875,2703.9736328125,138.96592712402344
2025_1977,樺加沙颱風,闊葉樹林型,36.94611005709807,240722.52,2528569.24,158.01998901367188,85.52999877929688,157.46499633789062,2763.902587890625,134.30699157714844
2025_1978,樺加沙颱風,闊葉樹林型,43.02734418130678,240869.47,2528539.25,158.01998901367188,85.52999877929688,157.46499633789062,2763.902587890625,134.30699157714844
2025_1979,樺加沙颱風,闊葉樹林型,26.56505117707799,215280.46,2518093.02,116.95999908447266,65.8699951171875,115.81499481201172,2992.088134765625,169.11236572265625
2025_1983,樺加沙颱風,闊葉樹林型,50.79768468757728,262041.65,2591523.97,154.4550018310547,100.53499603271484,154.38499450683594,2568.433349609375,142.67559814453125
2025_1984,樺加沙颱風,闊葉樹林型,55.6596190224333,279077.96,2595294.71,149.30499267578125,109.32499694824219,149.2899932861328,2247.890380859375,135.7090606689453
2025_1985,樺加沙颱風,闊葉樹林型,39.50971228619393,279341.54,2591504.36,149.30499267578125,109.32499694824219,149.2899932861328,2251.6513671875,142.42526245117188
2025_1986,樺加沙颱風,闊葉樹林型,37.90505895833579,281907.36,2589283.07,126.07999420166016,98.29499816894531,126.05999755859375,1933.9290771484375,124.3104476928711
2025_1988,樺加沙颱風,闊葉樹林型,62.11176810504191,267148.51,2589747.29,154.4550018310547,100.53499603271484,154.38499450683594,2449.460205078125,152.95896911621094
2025_1989,樺加沙颱風,闊葉樹林型,56.66057358459913,267417.96,2589814.09,154.4550018310547,100.53499603271484,154.38499450683594,2449.460205078125,152.95896911621094
2025_1990,樺加沙颱風,闊葉樹林型,54.2969707265141,273907.55,2589447.09,149.30499267578125,109.32499694824219,149.2899932861328,2449.090576171875,168.47286987304688
2025_1996,樺加沙颱風,闊葉樹林型,34.21858270764896,264824.08,2583872.58,164.30499267578125,103.45499420166016,163.9949951171875,2511.740966796875,142.35116577148438
2025_1997,樺加沙颱風,闊葉樹林型,40.55896658324713,263415.78,2584969.2,164.30499267578125,103.45499420166016,163.9949951171875,2511.740966796875,142.35116577148438
2025_1998,樺加沙颱風,闊葉樹林型,61.13586856516534,268959.21,2584570.42,164.30499267578125,103.45499420166016,163.9949951171875,2533.548583984375,165.17140197753906
2025_2001,樺加沙颱風,闊葉樹林型,34.73245644172311,278727.6,2579787.89,157.05999755859375,116.05999755859375,156.85499572753906,1776.080810546875,112.17910766601562
2025_2002,樺加沙颱風,闊葉樹林型,57.010705706840646,278426.9,2579982.79,157.05999755859375,116.05999755859375,156.85499572753906,1776.080810546875,112.17910766601562
2025_2003,樺加沙颱風,闊葉樹林型,41.37023532050225,273269.96,2577849.16,157.05999755859375,116.05999755859375,156.85499572753906,2176.4814453125,146.4366455078125
2025_2010,樺加沙颱風,闊葉樹林型,40.53479707962874,255573.02,2568816.31,138.489990234375,77.52999877929688,137.6750030517578,2458.736572265625,143.48196411132812
2025_2011,樺加沙颱風,闊葉樹林型,66.27288323451573,255405.17,2569397.91,138.489990234375,77.52999877929688,137.6750030517578,2458.736572265625,143.48196411132812
2025_2012,樺加沙颱風,闊葉樹林型,49.70211194894342,247872.27,2569438.08,152.6750030517578,102.93999481201172,151.95999145507812,2553.1171875,134.03147888183594
2025_2014,樺加沙颱風,闊葉樹林型,41.17433120903597,251805.35,2569180.09,138.489990234375,77.52999877929688,137.6750030517578,2557.59912109375,142.39317321777344
2025_2015,樺加沙颱風,闊葉樹林型,40.47420622680254,250535.84,2569156.78,138.489990234375,77.52999877929688,137.6750030517578,2557.59912109375,142.39317321777344
2025_2019,樺加沙颱風,闊葉樹林型,53.32458251900928,245815.03,2568141.58,152.6750030517578,102.93999481201172,151.95999145507812,2553.1171875,134.03147888183594
2025_2021,樺加沙颱風,闊葉樹林型,42.6115260474372,249273.12,2566304.42,183.8000030517578,118.91500091552734,181.19000244140625,2357.570556640625,129.73587036132812
2025_2024,樺加沙颱風,闊葉樹林型,42.93479585813085,254551.73,2564124.7,163.69000244140625,99.3949966430664,159.69000244140625,2340.789306640625,131.37274169921875
2025_2025,樺加沙颱風,闊葉樹林型,43.66924012026495,261324.97,2560916.04,142.92999267578125,90.04499816894531,139.00498962402344,2405.933349609375,143.4873809814453
2025_2026,樺加沙颱風,闊葉樹林型,42.302624878481225,261237.01,2562009.73,142.92999267578125,90.04499816894531,139.00498962402344,2405.933349609375,143.4873809814453
2025_2027,樺加沙颱風,闊葉樹林型,46.23402277192896,261178.48,2562047.06,142.92999267578125,90.04499816894531,139.00498962402344,2405.933349609375,143.4873809814453
2025_2028,樺加沙颱風,闊葉樹林型,50.65688652939868,260846.0,2561406.04,142.92999267578125,90.04499816894531,139.00498962402344,2405.933349609375,143.4873809814453
2025_2029,樺加沙颱風,闊葉樹林型,39.727886428017456,260411.25,2564779.99,142.92999267578125,90.04499816894531,139.00498962402344,2405.933349609375,143.4873809814453
2025_2030,樺加沙颱風,闊葉樹林型,31.588135505201176,262438.63,2564440.29,142.92999267578125,90.04499816894531,139.00498962402344,2405.933349609375,143.4873809814453
2025_2031,樺加沙颱風,闊葉樹林型,31.332627955778683,262569.22,2564004.9,142.92999267578125,90.04499816894531,139.00498962402344,2405.933349609375,143.4873809814453
2025_2032,樺加沙颱風,闊葉樹林型,52.61435829572586,263447.66,2560245.56,142.92999267578125,90.04499816894531,139.00498962402344,2042.8485107421875,116.05941772460938
2025_2033,樺加沙颱風,闊葉樹林型,50.07771757914672,263860.77,2561443.93,142.92999267578125,90.04499816894531,139.00498962402344,2405.933349609375,143.4873809814453
2025_2034,樺加沙颱風,闊葉樹林型,36.86989764584402,270127.87,2562750.52,142.92999267578125,90.04499816894531,139.00498962402344,2275.159423828125,142.87350463867188
2025_2035,樺加沙颱風,闊葉樹林型,49.72115168315113,269194.94,2563686.38,142.92999267578125,90.04499816894531,139.00498962402344,2275.159423828125,142.87350463867188
2025_2036,樺加沙颱風,闊葉樹林型,44.563720855785085,266290.28,2560534.4,142.92999267578125,90.04499816894531,139.00498962402344,1914.629638671875,118.69842529296875
2025_2037,樺加沙颱風,闊葉樹林型,39.77877859061192,269254.05,2564402.83,142.92999267578125,90.04499816894531,139.00498962402344,2275.159423828125,142.87350463867188
2025_2038,樺加沙颱風,闊葉樹林型,53.97262661489639,269080.33,2564420.51,142.92999267578125,90.04499816894531,139.00498962402344,2275.159423828125,142.87350463867188
2025_2039,樺加沙颱風,闊葉樹林型,36.51456867399333,266949.78,2565133.62,142.92999267578125,90.04499816894531,139.00498962402344,2275.159423828125,142.87350463867188
2025_2040,樺加沙颱風,闊葉樹林型,37.29207573526101,267643.53,2565127.39,142.92999267578125,90.04499816894531,139.00498962402344,2275.159423828125,142.87350463867188
2025_2041,樺加沙颱風,闊葉樹林型,39.11707104818377,267694.91,2566420.58,142.92999267578125,90.04499816894531,139.00498962402344,2275.159423828125,142.87350463867188
2025_2042,樺加沙颱風,闊葉樹林型,43.59051881270964,270986.47,2575238.79,142.00498962402344,101.93000030517578,140.44000244140625,2067.1142578125,145.43313598632812
2025_2043,樺加沙颱風,闊葉樹林型,51.89242312248514,272046.12,2575610.25,142.00498962402344,101.93000030517578,140.44000244140625,2067.1142578125,145.43313598632812
2025_2044,樺加沙颱風,闊葉樹林型,55.89078582309227,272416.74,2574988.43,142.00498962402344,101.93000030517578,140.44000244140625,2067.1142578125,145.43313598632812
2025_2045,樺加沙颱風,闊葉樹林型,42.89347697966648,272155.45,2576562.39,142.00498962402344,101.93000030517578,140.44000244140625,2067.1142578125,145.43313598632812
2025_2046,樺加沙颱風,闊葉樹林型,42.852042658024615,261289.39,2566521.45,138.97499084472656,82.83499908447266,137.8249969482422,2327.461181640625,142.00421142578125
2025_2047,樺加沙颱風,闊葉樹林型,44.8650800832348,260696.38,2567081.9,138.97499084472656,82.83499908447266,137.8249969482422,2327.461181640625,142.00421142578125
2025_2048,樺加沙颱風,闊葉樹林型,37.60152555834086,261137.29,2567362.66,138.97499084472656,82.83499908447266,137.8249969482422,2327.461181640625,142.00421142578125
2025_2049,樺加沙颱風,闊葉樹林型,52.10979544345956,260318.01,2560538.5,142.92999267578125,90.04499816894531,139.00498962402344,2042.8485107421875,116.05941772460938
2025_2051,樺加沙颱風,闊葉樹林型,40.90520427089325,261859.26,2570677.08,138.97499084472656,82.83499908447266,137.8249969482422,2327.461181640625,142.00421142578125
2025_2052,樺加沙颱風,闊葉樹林型,54.15145659386188,262337.31,2573149.1,138.97499084472656,82.83499908447266,137.8249969482422,2493.251953125,152.76788330078125
2025_2053,樺加沙颱風,闊葉樹林型,54.19132155015698,259648.35,2575281.27,138.489990234375,77.52999877929688,137.6750030517578,2395.651123046875,140.81529235839844
2025_2054,樺加沙颱風,闊葉樹林型,35.43232547287678,275770.82,2576530.54,142.00498962402344,101.93000030517578,140.44000244140625,1522.0943603515625,109.73155212402344
2025_2055,樺加沙颱風,闊葉樹林型,30.473837103833297,276494.83,2576548.8,142.00498962402344,101.93000030517578,140.44000244140625,1522.0943603515625,109.73155212402344
2025_2056,樺加沙颱風,闊葉樹林型,48.44351168529634,273823.8,2576582.36,142.00498962402344,101.93000030517578,140.44000244140625,2067.1142578125,145.43313598632812
2025_2057,樺加沙颱風,闊葉樹林型,38.11835994667712,273544.61,2565848.17,139.6949920654297,96.29499816894531,136.875,1925.8834228515625,121.25970458984375
2025_2058,樺加沙颱風,闊葉樹林型,32.47251629973426,274853.87,2566487.44,142.00498962402344,101.93000030517578,140.44000244140625,2094.354248046875,141.65664672851562
2025_2059,樺加沙颱風,闊葉樹林型,41.86581899605287,281421.07,2564476.85,109.31999969482422,76.67499542236328,106.46499633789062,2074.32373046875,132.308349609375
2025_2060,樺加沙颱風,闊葉樹林型,32.087580878338315,281393.99,2567571.72,117.21499633789062,86.67499542236328,115.70999908447266,2024.071533203125,137.7022247314453
2025_2061,樺加沙颱風,闊葉樹林型,21.95499883223757,279531.31,2562604.18,139.6949920654297,96.29499816894531,136.875,2098.5224609375,133.08033752441406
2025_2062,樺加沙颱風,竹林,27.26604445073282,275422.11,2561870.64,139.6949920654297,96.29499816894531,136.875,1925.8834228515625,121.25970458984375
2025_2063,樺加沙颱風,闊葉樹林型,43.271344818790695,271480.14,2566169.88,139.6949920654297,96.29499816894531,136.875,1925.8834228515625,121.25970458984375
2025_2064,樺加沙颱風,闊葉樹林型,30.36043784504823,271143.25,2567408.68,142.00498962402344,101.93000030517578,140.44000244140625,2094.354248046875,141.65664672851562
2025_2065,樺加沙颱風,闊葉樹林型,39.98069050753484,272015.12,2568050.78,142.00498962402344,101.93000030517578,140.44000244140625,2094.354248046875,141.65664672851562
2025_2066,樺加沙颱風,闊葉樹林型,42.8624120924563,270204.07,2568593.42,138.97499084472656,82.83499908447266,137.8249969482422,2246.871826171875,142.2772979736328
2025_2067,樺加沙颱風,闊葉樹林型,33.02386755579665,255045.22,2539365.57,155.80499267578125,85.14999389648438,155.43499755859375,2634.057861328125,132.86244201660156
2025_2068,樺加沙颱風,闊葉樹林型,38.876655136344326,255107.81,2539462.62,155.80499267578125,85.14999389648438,155.43499755859375,2634.057861328125,132.86244201660156
2025_2069,樺加沙颱風,闊葉樹林型,46.46998530702429,257943.51,2540342.43,155.80499267578125,85.14999389648438,155.43499755859375,2523.727294921875,136.40858459472656
2025_2070,樺加沙颱風,闊葉樹林型,33.04322068167278,258056.92,2540343.64,155.80499267578125,85.14999389648438,155.43499755859375,2523.727294921875,136.40858459472656
2025_2071,樺加沙颱風,闊葉樹林型,70.01765382985633,252269.02,2535439.08,155.80499267578125,85.14999389648438,155.43499755859375,2552.65673828125,143.5482940673828
2025_2072,樺加沙颱風,闊葉樹林型,66.74630776583012,252395.96,2536099.47,155.80499267578125,85.14999389648438,155.43499755859375,2552.65673828125,143.5482940673828
2025_2073,樺加沙颱風,闊葉樹林型,59.9273731810441,252663.48,2535587.75,155.80499267578125,85.14999389648438,155.43499755859375,2552.65673828125,143.5482940673828
2025_2074,樺加沙颱風,闊葉樹林型,39.31462864873003,249544.8,2535370.28,154.6750030517578,79.69499969482422,154.27999877929688,2796.07373046875,138.0121612548828
2025_2075,樺加沙颱風,闊葉樹林型,31.50340488200827,250689.97,2535390.73,155.80499267578125,85.14999389648438,155.43499755859375,2552.65673828125,143.5482940673828
2025_2076,樺加沙颱風,闊葉樹林型,28.735641668064066,252045.71,2535256.32,155.80499267578125,85.14999389648438,155.43499755859375,2552.65673828125,143.5482940673828
2025_2077,樺加沙颱風,闊葉樹林型,33.10114358966526,263676.89,2552918.8,145.46499633789062,98.60499572753906,144.6949920654297,2134.708251953125,119.52919006347656
2025_2078,樺加沙颱風,闊葉樹林型,54.25746376730016,264556.2,2552903.72,145.46499633789062,98.60499572753906,144.6949920654297,2134.708251953125,119.52919006347656
2025_2079,樺加沙颱風,闊葉樹林型,25.159789433981928,265608.33,2555046.79,145.46499633789062,98.60499572753906,144.6949920654297,1656.76123046875,108.19927978515625
2025_2080,樺加沙颱風,闊葉樹林型,42.68513943100698,267226.75,2554594.13,145.46499633789062,98.60499572753906,144.6949920654297,1656.76123046875,108.19927978515625
2025_2081,樺加沙颱風,闊葉樹林型,44.28418708125969,264749.89,2552464.26,145.46499633789062,98.60499572753906,144.6949920654297,2134.708251953125,119.52919006347656
2025_2082,樺加沙颱風,闊葉樹林型,35.615064210381185,265502.05,2552935.04,145.46499633789062,98.60499572753906,144.6949920654297,1656.76123046875,108.19927978515625
2025_2083,樺加沙颱風,闊葉樹林型,31.311156133255537,264170.4,2550805.47,145.46499633789062,98.60499572753906,144.6949920654297,2134.708251953125,119.52919006347656
2025_2084,樺加沙颱風,闊葉樹林型,36.45196008712727,263032.22,2550806.01,145.46499633789062,98.60499572753906,144.6949920654297,2134.708251953125,119.52919006347656
2025_2085,樺加沙颱風,闊葉樹林型,42.03111377419729,263795.5,2548886.05,145.46499633789062,98.60499572753906,144.6949920654297,2029.1551513671875,112.76154327392578
2025_2086,樺加沙颱風,闊葉樹林型,20.556045219583467,271157.66,2549120.9,139.5800018310547,91.50999450683594,138.1949920654297,2094.242919921875,116.33453369140625
2025_2087,樺加沙颱風,闊葉樹林型,23.167586698400417,271740.22,2547747.12,139.5800018310547,91.50999450683594,138.1949920654297,2094.242919921875,116.33453369140625
2025_2088,樺加沙颱風,闊葉樹林型,26.56505117707799,262628.75,2551640.27,145.46499633789062,98.60499572753906,144.6949920654297,2134.708251953125,119.52919006347656
2025_2089,樺加沙颱風,闊葉樹林型,30.17736603061792,262670.25,2551204.34,145.46499633789062,98.60499572753906,144.6949920654297,2134.708251953125,119.52919006347656
2025_2090,樺加沙颱風,闊葉樹林型,39.43197210676055,262758.01,2551613.08,145.46499633789062,98.60499572753906,144.6949920654297,2134.708251953125,119.52919006347656
2025_2091,樺加沙颱風,闊葉樹林型,31.18173575791572,262277.42,2550097.01,145.46499633789062,98.60499572753906,144.6949920654297,2134.708251953125,119.52919006347656
2025_2092,樺加沙颱風,闊葉樹林型,43.271344818790695,262765.12,2549924.97,145.46499633789062,98.60499572753906,144.6949920654297,2134.708251953125,119.52919006347656
2025_2093,樺加沙颱風,闊葉樹林型,44.87411432914989,263553.66,2556163.0,142.92999267578125,90.04499816894531,139.00498962402344,2042.8485107421875,116.05941772460938
2025_2094,樺加沙颱風,闊葉樹林型,31.39687644298045,263786.59,2555560.97,142.92999267578125,90.04499816894531,139.00498962402344,2042.8485107421875,116.05941772460938
2025_2096,樺加沙颱風,闊葉樹林型,37.410672491183874,262884.57,2557708.97,142.92999267578125,90.04499816894531,139.00498962402344,2042.8485107421875,116.05941772460938
2025_2097,樺加沙颱風,闊葉樹林型,31.75630295195132,262067.23,2553862.25,145.46499633789062,98.60499572753906,144.6949920654297,2134.708251953125,119.52919006347656
2025_2098,樺加沙颱風,闊葉樹林型,45.18677738187266,261674.73,2553967.05,145.46499633789062,98.60499572753906,144.6949920654297,2134.708251953125,119.52919006347656
2025_2099,樺加沙颱風,闊葉樹林型,36.05502968442895,259277.27,2552326.04,158.7949981689453,97.08999633789062,158.375,1861.2562255859375,102.58708953857422
2025_2101,樺加沙颱風,闊葉樹林型,32.087580878338315,260553.23,2555411.3,142.92999267578125,90.04499816894531,139.00498962402344,2042.8485107421875,116.05941772460938
2025_2102,樺加沙颱風,闊葉樹林型,45.83452257702415,261226.09,2553574.06,145.46499633789062,98.60499572753906,144.6949920654297,2134.708251953125,119.52919006347656
2025_2103,樺加沙颱風,闊葉樹林型,49.60649504265275,261331.1,2553875.58,145.46499633789062,98.60499572753906,144.6949920654297,2134.708251953125,119.52919006347656
2025_2104,樺加沙颱風,闊葉樹林型,43.18031634685804,260820.44,2554393.88,145.46499633789062,98.60499572753906,144.6949920654297,2134.708251953125,119.52919006347656
2025_2105,樺加沙颱風,闊葉樹林型,43.139678341360025,261131.97,2558365.3,142.92999267578125,90.04499816894531,139.00498962402344,2042.8485107421875,116.05941772460938
2025_2106,樺加沙颱風,闊葉樹林型,49.82852194195039,258588.31,2560340.9,163.69000244140625,99.3949966430664,159.69000244140625,1899.56494140625,103.24708557128906
2025_2107,樺加沙颱風,闊葉樹林型,43.30156320620466,259298.13,2563043.06,163.69000244140625,99.3949966430664,159.69000244140625,2405.044189453125,140.03933715820312
2025_2108,樺加沙颱風,闊葉樹林型,48.56172665223335,259505.81,2563156.81,163.69000244140625,99.3949966430664,159.69000244140625,2405.044189453125,140.03933715820312
2025_2109,樺加沙颱風,闊葉樹林型,70.82703837511309,254438.3,2558396.49,163.69000244140625,99.3949966430664,159.69000244140625,1921.8065185546875,106.97059631347656
2025_2110,樺加沙颱風,闊葉樹林型,45.707319368544255,254557.18,2563231.12,163.69000244140625,99.3949966430664,159.69000244140625,2340.789306640625,131.37274169921875
2025_2111,樺加沙颱風,闊葉樹林型,37.65979117547535,255289.69,2555395.71,163.69000244140625,99.3949966430664,159.69000244140625,1899.56494140625,103.24708557128906
2025_2112,樺加沙颱風,闊葉樹林型,63.779051330200495,254501.45,2558339.95,163.69000244140625,99.3949966430664,159.69000244140625,1921.8065185546875,106.97059631347656
2025_2113,樺加沙颱風,闊葉樹林型,36.00673320377917,256616.09,2563068.4,163.69000244140625,99.3949966430664,159.69000244140625,2405.044189453125,140.03933715820312
2025_2114,樺加沙颱風,闊葉樹林型,35.59853666783391,254151.27,2554256.93,158.7949981689453,97.08999633789062,158.375,1362.900634765625,76.77689361572266
2025_2115,樺加沙颱風,闊葉樹林型,40.9523515915937,254194.64,2554264.66,158.7949981689453,97.08999633789062,158.375,1362.900634765625,76.77689361572266
2025_2116,樺加沙颱風,闊葉樹林型,36.19905592632724,254625.68,2554322.25,158.7949981689453,97.08999633789062,158.375,1362.900634765625,76.77689361572266
2025_2118,樺加沙颱風,闊葉樹林型,37.60152555834086,252630.88,2549679.23,158.7949981689453,97.08999633789062,158.375,1995.0562744140625,105.32012939453125
2025_2119,樺加沙颱風,闊葉樹林型,42.8104923209509,252949.43,2566342.73,163.69000244140625,99.3949966430664,159.69000244140625,2340.789306640625,131.37274169921875
2025_2121,樺加沙颱風,闊葉樹林型,43.271344818790695,251274.97,2564382.39,163.69000244140625,99.3949966430664,159.69000244140625,2340.789306640625,131.37274169921875
2025_2122,樺加沙颱風,闊葉樹林型,43.77679566071583,252149.92,2565266.65,163.69000244140625,99.3949966430664,159.69000244140625,2340.789306640625,131.37274169921875
2025_2123,樺加沙颱風,闊葉樹林型,36.05502968442895,251063.22,2562007.75,163.69000244140625,99.3949966430664,159.69000244140625,2340.789306640625,131.37274169921875
2025_2124,樺加沙颱風,闊葉樹林型,31.693440803183943,251475.67,2567263.11,138.489990234375,77.52999877929688,137.6750030517578,2557.59912109375,142.39317321777344
2025_2125,樺加沙颱風,闊葉樹林型,46.53438273346463,250700.8,2567295.78,138.489990234375,77.52999877929688,137.6750030517578,2557.59912109375,142.39317321777344
2025_2126,樺加沙颱風,闊葉樹林型,41.54101551251079,276863.65,2550077.13,139.5800018310547,91.50999450683594,138.1949920654297,2136.243408203125,128.89334106445312
2025_2128,樺加沙颱風,闊葉樹林型,46.76535660991049,277626.66,2553990.83,139.5800018310547,91.50999450683594,138.1949920654297,2136.243408203125,128.89334106445312
2025_2129,樺加沙颱風,闊葉樹林型,43.38184383278452,278804.99,2552607.08,139.5800018310547,91.50999450683594,138.1949920654297,2136.243408203125,128.89334106445312
2025_2130,樺加沙颱風,闊葉樹林型,31.160066779905723,278826.09,2552699.49,139.5800018310547,91.50999450683594,138.1949920654297,2136.243408203125,128.89334106445312
2025_2131,樺加沙颱風,闊葉樹林型,40.810470609746446,279537.07,2560494.0,139.6949920654297,96.29499816894531,136.875,2043.7376708984375,127.1300277709961
2025_2132,樺加沙颱風,闊葉樹林型,30.653673803588863,280008.76,2556922.35,139.6949920654297,96.29499816894531,136.875,2043.7376708984375,127.1300277709961
2025_2133,樺加沙颱風,闊葉樹林型,45.71583529290024,276091.96,2555080.04,139.5800018310547,91.50999450683594,138.1949920654297,2136.243408203125,128.89334106445312
2025_2134,樺加沙颱風,闊葉樹林型,43.38184383278452,277557.01,2556259.58,139.6949920654297,96.29499816894531,136.875,2043.7376708984375,127.1300277709961
2025_2135,樺加沙颱風,闊葉樹林型,41.86581899605287,275971.66,2547064.44,139.5800018310547,91.50999450683594,138.1949920654297,1859.57763671875,112.26715850830078
2025_2136,樺加沙颱風,闊葉樹林型,41.09292517464176,275393.95,2547138.45,139.5800018310547,91.50999450683594,138.1949920654297,2094.242919921875,116.33453369140625
2025_2137,樺加沙颱風,闊葉樹林型,45.60472658302529,275418.51,2547289.56,139.5800018310547,91.50999450683594,138.1949920654297,2094.242919921875,116.33453369140625
2025_2138,樺加沙颱風,闊葉樹林型,34.46868366333454,275654.0,2547366.11,139.5800018310547,91.50999450683594,138.1949920654297,2094.242919921875,116.33453369140625
2025_2139,樺加沙颱風,闊葉樹林型,42.76882539196875,275709.51,2547493.72,139.5800018310547,91.50999450683594,138.1949920654297,1859.57763671875,112.26715850830078
2025_2140,樺加沙颱風,闊葉樹林型,43.26125824127405,274806.14,2547082.51,139.5800018310547,91.50999450683594,138.1949920654297,2094.242919921875,116.33453369140625
2025_2142,樺加沙颱風,闊葉樹林型,52.764751982550656,244731.77,2558626.17,183.8000030517578,118.91500091552734,181.19000244140625,2365.733154296875,142.66444396972656
2025_2143,樺加沙颱風,闊葉樹林型,36.00673320377918,248353.64,2555488.21,183.8000030517578,118.91500091552734,181.19000244140625,2213.29150390625,120.28736877441406
2025_2144,樺加沙颱風,闊葉樹林型,36.08714706573126,249225.72,2558101.03,183.8000030517578,118.91500091552734,181.19000244140625,2213.29150390625,120.28736877441406
2025_2146,樺加沙颱風,闊葉樹林型,50.88490078137549,249348.18,2562882.85,183.8000030517578,118.91500091552734,181.19000244140625,2357.570556640625,129.73587036132812
2025_2147,樺加沙颱風,闊葉樹林型,47.66726112371988,249689.5,2563618.48,183.8000030517578,118.91500091552734,181.19000244140625,2357.570556640625,129.73587036132812
2025_2148,樺加沙颱風,闊葉樹林型,59.31826136975264,251694.09,2562875.09,163.69000244140625,99.3949966430664,159.69000244140625,2340.789306640625,131.37274169921875
2025_2149,樺加沙颱風,闊葉樹林型,39.05065885812619,251217.1,2559610.22,163.69000244140625,99.3949966430664,159.69000244140625,1921.8065185546875,106.97059631347656
2025_2150,樺加沙颱風,闊葉樹林型,35.565430802303304,251669.59,2559872.23,163.69000244140625,99.3949966430664,159.69000244140625,1921.8065185546875,106.97059631347656
2025_2154,樺加沙颱風,闊葉樹林型,49.19051468406037,249560.97,2560887.01,183.8000030517578,118.91500091552734,181.19000244140625,2213.29150390625,120.28736877441406
2025_2155,樺加沙颱風,闊葉樹林型,53.09405966357308,249812.23,2556701.99,183.8000030517578,118.91500091552734,181.19000244140625,2213.29150390625,120.28736877441406
2025_2156,樺加沙颱風,闊葉樹林型,54.60830664909353,249838.37,2555615.92,183.8000030517578,118.91500091552734,181.19000244140625,2213.29150390625,120.28736877441406
2025_2157,樺加沙颱風,闊葉樹林型,42.93479585813085,246865.28,2554544.24,154.8249969482422,89.73500061035156,154.6649932861328,2037.9127197265625,106.47775268554688
2025_2158,樺加沙颱風,闊葉樹林型,55.05607807612879,246169.43,2552236.01,154.8249969482422,89.73500061035156,154.6649932861328,2037.9127197265625,106.47775268554688
2025_2160,樺加沙颱風,闊葉樹林型,46.01070199822306,248390.36,2544386.14,154.8249969482422,89.73500061035156,154.6649932861328,2274.638916015625,117.55580139160156
2025_2162,樺加沙颱風,闊葉樹林型,42.09672607229439,250589.04,2547876.43,158.7949981689453,97.08999633789062,158.375,1995.0562744140625,105.32012939453125
2025_2165,樺加沙颱風,闊葉樹林型,25.407718108948472,268323.54,2540845.22,155.6699981689453,89.38999938964844,154.4949951171875,2036.0047607421875,125.8031005859375
2025_2166,樺加沙颱風,闊葉樹林型,18.54197796399724,268459.24,2539419.5,155.6699981689453,89.38999938964844,154.4949951171875,2036.0047607421875,125.8031005859375
2025_2167,樺加沙颱風,闊葉樹林型,21.211450322740603,268459.44,2540545.97,155.6699981689453,89.38999938964844,154.4949951171875,2036.0047607421875,125.8031005859375
2025_2168,樺加沙颱風,闊葉樹林型,17.752790161946685,269160.21,2544100.47,155.6699981689453,89.38999938964844,154.4949951171875,2036.0047607421875,125.8031005859375
2025_2169,樺加沙颱風,闊葉樹林型,21.83994971124597,270400.56,2540117.05,155.6699981689453,89.38999938964844,154.4949951171875,2036.0047607421875,125.8031005859375
2025_2170,樺加沙颱風,闊葉樹林型,46.40528916796506,256977.72,2542981.29,155.80499267578125,85.14999389648438,155.43499755859375,2523.727294921875,136.40858459472656
2025_2171,樺加沙颱風,闊葉樹林型,40.04325099636187,257217.62,2543015.25,155.80499267578125,85.14999389648438,155.43499755859375,2523.727294921875,136.40858459472656
2025_2172,樺加沙颱風,闊葉樹林型,45.35368663627471,257353.46,2543176.14,155.80499267578125,85.14999389648438,155.43499755859375,2523.727294921875,136.40858459472656
2025_2173,樺加沙颱風,闊葉樹林型,50.05301215093204,257408.4,2543089.33,155.80499267578125,85.14999389648438,155.43499755859375,2523.727294921875,136.40858459472656
2025_2174,樺加沙颱風,闊葉樹林型,58.76993022442898,257693.2,2541750.24,155.80499267578125,85.14999389648438,155.43499755859375,2523.727294921875,136.40858459472656
2025_2175,樺加沙颱風,闊葉樹林型,51.42931272739655,253994.44,2546611.82,158.7949981689453,97.08999633789062,158.375,1995.0562744140625,105.32012939453125
2025_2176,樺加沙颱風,闊葉樹林型,45.318709921376175,254976.76,2547863.77,158.7949981689453,97.08999633789062,158.375,1995.0562744140625,105.32012939453125
2025_2177,樺加沙颱風,闊葉樹林型,30.72061147663586,254679.3,2548215.8,158.7949981689453,97.08999633789062,158.375,1995.0562744140625,105.32012939453125
2025_2178,樺加沙颱風,闊葉樹林型,46.69408503840473,255373.9,2548492.67,158.7949981689453,97.08999633789062,158.375,1937.48486328125,103.57821655273438
2025_2179,樺加沙颱風,闊葉樹林型,35.95829151209359,255632.44,2547482.64,158.7949981689453,97.08999633789062,158.375,1937.48486328125,103.57821655273438
2025_2180,樺加沙颱風,闊葉樹林型,55.601078992590544,256545.6,2547487.19,158.7949981689453,97.08999633789062,158.375,1937.48486328125,103.57821655273438
2025_2181,樺加沙颱風,闊葉樹林型,50.29190129825525,251531.49,2546733.74,158.7949981689453,97.08999633789062,158.375,1995.0562744140625,105.32012939453125
2025_2182,樺加沙颱風,闊葉樹林型,44.973117396971325,252350.17,2549079.98,158.7949981689453,97.08999633789062,158.375,1995.0562744140625,105.32012939453125
2025_2183,樺加沙颱風,闊葉樹林型,47.34541655277845,252452.75,2549106.15,158.7949981689453,97.08999633789062,158.375,1995.0562744140625,105.32012939453125
2025_2184,樺加沙颱風,闊葉樹林型,43.99915861590316,261885.4,2546226.99,145.46499633789062,98.60499572753906,144.6949920654297,2029.1551513671875,112.76154327392578
2025_2185,樺加沙颱風,闊葉樹林型,26.158981435332173,262842.3,2546072.41,145.46499633789062,98.60499572753906,144.6949920654297,2029.1551513671875,112.76154327392578
2025_2186,樺加沙颱風,闊葉樹林型,39.22274642672917,255419.96,2545106.42,158.7949981689453,97.08999633789062,158.375,1937.48486328125,103.57821655273438
2025_2187,樺加沙颱風,闊葉樹林型,57.99775974609519,257063.02,2546285.32,158.7949981689453,97.08999633789062,158.375,1937.48486328125,103.57821655273438
2025_2188,樺加沙颱風,闊葉樹林型,58.20006715035275,251939.57,2542924.28,155.80499267578125,85.14999389648438,155.43499755859375,2634.057861328125,132.86244201660156
2025_2189,樺加沙颱風,闊葉樹林型,57.505726668184735,255031.76,2543121.1,155.80499267578125,85.14999389648438,155.43499755859375,2634.057861328125,132.86244201660156
2025_2190,樺加沙颱風,闊葉樹林型,46.53438273346463,255139.53,2542039.8,155.80499267578125,85.14999389648438,155.43499755859375,2634.057861328125,132.86244201660156
2025_2191,樺加沙颱風,闊葉樹林型,55.95542767226915,256317.7,2542274.72,155.80499267578125,85.14999389648438,155.43499755859375,2523.727294921875,136.40858459472656
2025_2192,樺加沙颱風,闊葉樹林型,40.31554221077258,239385.51,2537161.63,142.8249969482422,71.91999816894531,142.37998962402344,2721.876220703125,133.96163940429688
2025_2193,樺加沙颱風,闊葉樹林型,33.197229942878394,240623.96,2538763.17,154.6750030517578,79.69499969482422,154.27999877929688,2610.104248046875,137.64793395996094
2025_2194,樺加沙颱風,闊葉樹林型,12.755871704044356,240949.65,2537304.28,154.6750030517578,79.69499969482422,154.27999877929688,2742.97314453125,134.78146362304688
2025_2199,樺加沙颱風,闊葉樹林型,31.39687644298045,242151.52,2533280.37,154.6750030517578,79.69499969482422,154.27999877929688,2742.97314453125,134.78146362304688
2025_2200,樺加沙颱風,闊葉樹林型,31.39687644298045,242247.71,2533087.96,158.01998901367188,85.52999877929688,157.46499633789062,2763.902587890625,134.30699157714844
2025_2201,樺加沙颱風,闊葉樹林型,49.62567442219609,249788.66,2536835.28,154.6750030517578,79.69499969482422,154.27999877929688,2796.07373046875,138.0121612548828
2025_2202,樺加沙颱風,闊葉樹林型,47.18544559863653,249999.31,2536909.7,154.6750030517578,79.69499969482422,154.27999877929688,2796.07373046875,138.0121612548828
2025_2203,樺加沙颱風,闊葉樹林型,45.43207135058316,251266.57,2537005.33,155.80499267578125,85.14999389648438,155.43499755859375,2552.65673828125,143.5482940673828
2025_2204,樺加沙颱風,闊葉樹林型,61.713606452809145,252055.45,2537648.64,155.80499267578125,85.14999389648438,155.43499755859375,2552.65673828125,143.5482940673828
2025_2205,樺加沙颱風,闊葉樹林型,42.03111377419729,253801.26,2537692.49,155.80499267578125,85.14999389648438,155.43499755859375,2552.65673828125,143.5482940673828
2025_2206,樺加沙颱風,闊葉樹林型,43.88356587860426,242594.57,2541228.16,154.6750030517578,79.69499969482422,154.27999877929688,2610.104248046875,137.64793395996094
2025_2207,樺加沙颱風,闊葉樹林型,34.78470182920318,243143.24,2541178.76,154.6750030517578,79.69499969482422,154.27999877929688,2610.104248046875,137.64793395996094
2025_2208,樺加沙颱風,闊葉樹林型,44.973117396971325,243224.74,2540688.44,154.6750030517578,79.69499969482422,154.27999877929688,2610.104248046875,137.64793395996094
2025_2210,樺加沙颱風,闊葉樹林型,41.09292517464176,237640.77,2540696.38,142.8249969482422,71.91999816894531,142.37998962402344,2736.422119140625,151.38873291015625
2025_2211,樺加沙颱風,闊葉樹林型,46.46998530702429,239874.59,2539415.9,154.6750030517578,79.69499969482422,154.27999877929688,2610.104248046875,137.64793395996094
2025_2212,樺加沙颱風,闊葉樹林型,33.10114358966526,235172.54,2535282.22,142.8249969482422,71.91999816894531,142.37998962402344,2721.876220703125,133.96163940429688
2025_2213,樺加沙颱風,闊葉樹林型,59.545279403060505,235500.61,2536301.44,142.8249969482422,71.91999816894531,142.37998962402344,2721.876220703125,133.96163940429688
2025_2215,樺加沙颱風,闊葉樹林型,32.65176013874374,236727.26,2535641.32,142.8249969482422,71.91999816894531,142.37998962402344,2721.876220703125,133.96163940429688
2025_2217,樺加沙颱風,闊葉樹林型,20.387669768422825,240242.57,2535104.81,154.6750030517578,79.69499969482422,154.27999877929688,2742.97314453125,134.78146362304688
2025_2218,樺加沙颱風,闊葉樹林型,38.99732513321522,242226.4,2536293.8,154.6750030517578,79.69499969482422,154.27999877929688,2742.97314453125,134.78146362304688
2025_2220,樺加沙颱風,闊葉樹林型,42.89347697966648,235640.16,2534143.62,142.8249969482422,71.91999816894531,142.37998962402344,2721.876220703125,133.96163940429688
2025_2221,樺加沙颱風,闊葉樹林型,33.59475678656656,235162.44,2538289.04,142.8249969482422,71.91999816894531,142.37998962402344,2721.876220703125,133.96163940429688
2025_2222,樺加沙颱風,闊葉樹林型,34.30834539460494,237391.69,2542108.64,142.8249969482422,71.91999816894531,142.37998962402344,2736.422119140625,151.38873291015625
2025_2224,樺加沙颱風,闊葉樹林型,45.08034632153942,242426.61,2525753.73,158.01998901367188,85.52999877929688,157.46499633789062,2639.58642578125,125.33547973632812
2025_2225,樺加沙颱風,闊葉樹林型,54.0802500711846,237574.8,2526227.76,149.6649932861328,76.01499938964844,149.3699951171875,2636.4248046875,134.2984161376953
2025_2226,樺加沙颱風,闊葉樹林型,37.60152555834086,256695.27,2528140.45,160.6949920654297,89.07999420166016,160.18499755859375,2433.956298828125,133.33786010742188
2025_2227,樺加沙颱風,闊葉樹林型,41.289874733376,237902.95,2476840.74,109.19999694824219,54.78499984741211,108.02499389648438,2174.802978515625,115.05996704101562
2025_2228,樺加沙颱風,闊葉樹林型,33.946295027753955,240475.43,2477187.33,109.18000030517578,54.00499725341797,107.91500091552734,2137.89599609375,125.09806823730469
2025_2229,樺加沙颱風,闊葉樹林型,18.77992128717004,241141.28,2505736.26,145.7899932861328,78.92499542236328,145.30499267578125,2523.927734375,132.65663146972656
2025_2230,樺加沙颱風,闊葉樹林型,38.67344937613533,240860.52,2480052.56,113.19999694824219,61.0,112.93499755859375,2383.537841796875,127.65581512451172
2025_2232,樺加沙颱風,闊葉樹林型,40.36453657309736,297726.87,2683887.18,161.84500122070312,112.5250015258789,161.84500122070312,2602.125244140625,151.9195098876953
2025_2233,0728豪雨,闊葉樹林型,42.862412092456296,272516.42,2660463.51,172.8300018310547,74.29499816894531,85.80999755859375,3239.04736328125,160.2562255859375
2025_2234,0728豪雨,闊葉樹林型,51.148690800136656,274191.02,2666139.29,152.4449920654297,69.9000015258789,84.72999572753906,2795.511962890625,199.6590576171875
2025_2235,0728豪雨,闊葉樹林型,50.68634772701184,269504.89,2673126.55,198.16000366210938,97.4000015258789,115.98999786376953,2530.10693359375,193.16954040527344
2025_2236,0728豪雨,闊葉樹林型,52.23008485684331,268991.34,2673844.2,198.16000366210938,97.4000015258789,115.98999786376953,2530.10693359375,193.16954040527344
2025_2239,鳳凰颱風,闊葉樹林型,45.25729327096913,307601.4,2698038.58,422.489990234375,337.3349914550781,421.69000244140625,2229.592041015625,148.98240661621094
2025_2240,0728豪雨,闊葉樹林型,46.72580648402681,240851.47,2693840.44,144.44000244140625,47.8599967956543,70.13999938964844,1929.3109130859375,132.99595642089844
2025_2241,0728豪雨,闊葉樹林型,45.35368663627471,240620.25,2691963.37,144.44000244140625,47.8599967956543,70.13999938964844,1819.523681640625,115.80535888671875
2025_2243,0728豪雨,闊葉樹林型,36.71637457580036,239942.65,2688925.5,144.44000244140625,47.8599967956543,70.13999938964844,1819.523681640625,115.80535888671875
2025_2244,0728豪雨,闊葉樹林型,50.65688652939868,236645.64,2689720.95,145.02499389648438,51.96500015258789,66.79000091552734,1704.396484375,106.57281494140625
2025_2246,0728豪雨,闊葉樹林型,16.808314433366295,238518.96,2683131.24,211.5449981689453,90.4949951171875,109.12999725341797,1754.9124755859375,108.825439453125
2025_2247,0728豪雨,闊葉樹林型,31.160066779905723,240245.24,2683119.73,171.08999633789062,50.91499710083008,77.56500244140625,2035.98486328125,121.61235809326172
2025_2248,0728豪雨,闊葉樹林型,32.965670984008376,224959.32,2656222.38,214.18499755859375,75.21499633789062,102.0,1647.1026611328125,100.47161102294922
2025_2252,0728豪雨,闊葉樹林型,50.05301215093204,248659.89,2665563.9,231.01499938964844,87.78499603271484,125.6449966430664,1948.8656005859375,118.5080337524414
2025_2253,0728豪雨,闊葉樹林型,33.946295027753955,250559.24,2666517.24,212.47000122070312,95.54999542236328,120.85499572753906,2286.938232421875,150.9737548828125
2025_2255,0728豪雨,闊葉樹林型,33.425567049364545,233244.07,2663944.78,232.75,85.81999969482422,118.04999542236328,1751.3350830078125,105.95482635498047
2025_2256,0728豪雨,闊葉樹林型,30.720611476635867,233192.07,2664037.97,232.75,85.81999969482422,118.04999542236328,1751.3350830078125,105.95482635498047
2025_2257,0728豪雨,闊葉樹林型,34.46868366333454,227645.71,2663853.5,214.18499755859375,75.21499633789062,102.0,1547.0570068359375,102.39977264404297
2025_2258,0728豪雨,闊葉樹林型,37.351484577447394,231079.72,2663965.76,232.75,85.81999969482422,118.04999542236328,1751.3350830078125,105.95482635498047
2025_2260,0728豪雨,闊葉樹林型,27.017123217850244,226533.57,2660561.73,214.18499755859375,75.21499633789062,102.0,1647.1026611328125,100.47161102294922
2025_2263,0728豪雨,闊葉樹林型,31.693440803183943,222368.82,2656990.4,214.18499755859375,75.21499633789062,102.0,1543.4552001953125,101.83726501464844
2025_2266,0728豪雨,闊葉樹林型,20.26014116551069,222786.13,2656447.16,214.18499755859375,75.21499633789062,102.0,1543.4552001953125,101.83726501464844
2025_2267,0728豪雨,闊葉樹林型,36.94611005709807,222608.56,2656927.53,214.18499755859375,75.21499633789062,102.0,1543.4552001953125,101.83726501464844
2025_2270,0728豪雨,竹林,33.927980154144706,213340.36,2570296.49,532.5150146484375,171.89498901367188,267.8949890136719,2612.831787109375,160.73251342773438
2025_2271,0728豪雨,竹林,36.05502968442895,210144.7,2577731.37,430.7599792480469,126.65499877929688,205.92999267578125,2336.316650390625,150.14096069335938
2025_2272,0728豪雨,闊葉樹林型,33.10114358966526,210438.83,2582238.78,430.7599792480469,126.65499877929688,205.92999267578125,2336.316650390625,150.14096069335938
2025_2275,0728豪雨,闊葉樹林型,49.230075979996975,210501.82,2575478.94,532.5150146484375,171.89498901367188,267.8949890136719,2466.8583984375,146.95303344726562
2025_2277,0728豪雨,闊葉樹林型,34.66253388314486,192236.35,2576813.52,454.41497802734375,135.2550048828125,203.84999084472656,2054.81005859375,132.750732421875
2025_2278,0728豪雨,闊葉樹林型,45.35368663627471,199020.75,2571588.64,464.3699951171875,128.2449951171875,210.97000122070312,2360.792236328125,145.8151092529297
2025_2279,0728豪雨,竹林,52.41603810093891,191267.75,2568695.41,454.41497802734375,135.2550048828125,203.84999084472656,2170.5478515625,132.3040313720703
2025_2280,0728豪雨,闊葉樹林型,42.852042658024615,206281.86,2564982.84,592.2449951171875,145.14500427246094,280.9949951171875,2481.1416015625,155.58363342285156
2025_2281,0728豪雨,闊葉樹林型,39.98069050753483,206353.9,2564997.56,592.2449951171875,145.14500427246094,280.9949951171875,2481.1416015625,155.58363342285156
2025_2287,0728豪雨,闊葉樹林型,35.16278633434701,208550.14,2564187.9,592.2449951171875,145.14500427246094,280.9949951171875,2481.1416015625,155.58363342285156
2025_2288,0728豪雨,闊葉樹林型,46.13520746598665,205454.39,2563385.13,592.2449951171875,145.14500427246094,280.9949951171875,2481.1416015625,155.58363342285156
2025_2291,0728豪雨,闊葉樹林型,4.520227592644634,206074.88,2562234.56,592.2449951171875,145.14500427246094,280.9949951171875,2481.1416015625,155.58363342285156
2025_2292,0728豪雨,闊葉樹林型,42.18376530657795,206159.06,2562216.76,592.2449951171875,145.14500427246094,280.9949951171875,2481.1416015625,155.58363342285156
2025_2293,0728豪雨,闊葉樹林型,37.90505895833579,206393.85,2561379.23,592.2449951171875,145.14500427246094,280.9949951171875,2481.1416015625,155.58363342285156
2025_2295,0728豪雨,闊葉樹林型,24.748625315195834,250300.9,2579481.24,244.21499633789062,87.43000030517578,120.61499786376953,2418.15673828125,133.8743133544922
2025_2296,0728豪雨,闊葉樹林型,59.981893015050346,228768.44,2572723.51,530.719970703125,208.2849884033203,303.1449890136719,2617.794921875,159.61663818359375
2025_2297,0728豪雨,闊葉樹林型,39.22274642672917,229466.73,2574786.16,530.719970703125,208.2849884033203,303.1449890136719,2617.794921875,159.61663818359375
2025_2299,0728豪雨,闊葉樹林型,47.12401133336427,230506.44,2574491.98,407.93499755859375,159.91000366210938,228.39999389648438,2418.293701171875,138.82501220703125
2025_2301,0728豪雨,闊葉樹林型,44.28418708125969,232115.6,2577683.98,418.7049865722656,157.80999755859375,219.50999450683594,2512.659912109375,144.93051147460938
2025_2303,0728豪雨,闊葉樹林型,36.62354905164433,227226.22,2574853.76,530.719970703125,208.2849884033203,303.1449890136719,2617.794921875,159.61663818359375
2025_2304,0728豪雨,闊葉樹林型,55.55009801204651,228745.83,2571727.46,530.719970703125,208.2849884033203,303.1449890136719,2704.38232421875,173.16522216796875
2025_2305,0728豪雨,闊葉樹林型,34.59230960784307,228790.21,2572148.22,530.719970703125,208.2849884033203,303.1449890136719,2617.794921875,159.61663818359375
2025_2307,0728豪雨,闊葉樹林型,44.87411432914989,231174.37,2548376.14,524.6799926757812,171.9499969482422,283.81500244140625,2634.498291015625,141.6938018798828
2025_2310,0728豪雨,闊葉樹林型,28.30319610038818,229735.57,2564978.81,502.4549865722656,192.5,280.5849914550781,2766.05029296875,162.231689453125
2025_2313,0728豪雨,闊葉樹林型,28.735641668064066,226438.36,2549857.41,597.875,226.95999145507812,341.9849853515625,2695.205078125,150.03155517578125
2025_2314,0728豪雨,闊葉樹林型,42.25951228504015,224469.77,2550442.2,597.875,226.95999145507812,341.9849853515625,2695.205078125,150.03155517578125
2025_2315,0728豪雨,闊葉樹林型,48.11116319293781,223834.22,2550906.97,597.875,226.95999145507812,341.9849853515625,2674.13916015625,157.52418518066406
2025_2317,0728豪雨,闊葉樹林型,29.89890183861456,222700.75,2554252.18,597.875,226.95999145507812,341.9849853515625,2674.13916015625,157.52418518066406
2025_2320,0728豪雨,闊葉樹林型,37.65979117547535,223370.09,2555300.15,597.875,226.95999145507812,341.9849853515625,2674.13916015625,157.52418518066406
2025_2321,0728豪雨,闊葉樹林型,33.04322068167278,220079.29,2557042.52,532.635009765625,189.6649932861328,288.54998779296875,2472.412841796875,158.74024963378906
2025_2322,0728豪雨,闊葉樹林型,53.75898203286354,213101.46,2598195.1,395.6000061035156,114.51499938964844,191.25,2626.04248046875,147.5991973876953
2025_2323,0728豪雨,闊葉樹林型,51.5012610615559,213274.11,2598527.42,395.6000061035156,114.51499938964844,191.25,2626.04248046875,147.5991973876953
2025_2324,0728豪雨,闊葉樹林型,44.6831922342158,211114.51,2599039.57,395.6000061035156,114.51499938964844,191.25,2626.04248046875,147.5991973876953
2025_2325,0728豪雨,闊葉樹林型,47.13939561888404,224069.77,2588019.13,468.0950012207031,178.9949951171875,257.9700012207031,2672.93408203125,146.8203125
2025_2326,0728豪雨,闊葉樹林型,39.43197210676055,224136.14,2571405.7,530.719970703125,208.2849884033203,303.1449890136719,2765.01318359375,171.3437042236328
2025_2327,0728豪雨,闊葉樹林型,38.903551214305885,224554.36,2572317.9,530.719970703125,208.2849884033203,303.1449890136719,2617.794921875,159.61663818359375
2025_2328,0728豪雨,闊葉樹林型,39.98069050753484,224855.59,2590460.44,382.3949890136719,120.77999877929688,194.3199920654297,2806.211181640625,174.05606079101562
2025_2329,0728豪雨,闊葉樹林型,26.707667766558608,224386.14,2568625.67,530.719970703125,208.2849884033203,303.1449890136719,2765.01318359375,171.3437042236328
2025_2330,0728豪雨,闊葉樹林型,35.28126182726603,220398.33,2575753.74,530.719970703125,208.2849884033203,303.1449890136719,2723.8056640625,166.2555389404297
2025_2334,0728豪雨,闊葉樹林型,37.247373202381205,215608.3,2571734.12,532.5150146484375,171.89498901367188,267.8949890136719,2736.55712890625,170.5413360595703
2025_2335,0728豪雨,竹林,29.54409628156036,217093.35,2577823.43,430.7599792480469,126.65499877929688,205.92999267578125,2589.054443359375,156.8206024169922
2025_2336,0728豪雨,闊葉樹林型,31.693440803183943,216736.2,2583881.72,430.7599792480469,126.65499877929688,205.92999267578125,2618.4912109375,152.3922882080078
2025_2337,0728豪雨,闊葉樹林型,26.246849689869403,216977.7,2574143.45,532.5150146484375,171.89498901367188,267.8949890136719,2598.240478515625,152.61203002929688
2025_2338,0728豪雨,闊葉樹林型,51.148690800136656,216878.53,2567676.11,532.5150146484375,171.89498901367188,267.8949890136719,2736.55712890625,170.5413360595703
2025_2341,0728豪雨,闊葉樹林型,18.77992128717004,216804.65,2568221.51,532.5150146484375,171.89498901367188,267.8949890136719,2736.55712890625,170.5413360595703
2025_2344,0728豪雨,闊葉樹林型,45.60472658302529,217621.82,2567701.71,532.5150146484375,171.89498901367188,267.8949890136719,2736.55712890625,170.5413360595703
2025_2345,0728豪雨,闊葉樹林型,27.238572082130062,212034.16,2568413.13,532.5150146484375,171.89498901367188,267.8949890136719,2612.831787109375,160.73251342773438
2025_2351,0728豪雨,闊葉樹林型,40.03075915578156,223259.77,2596768.09,382.3949890136719,120.77999877929688,194.3199920654297,3152.661865234375,178.15899658203125
2025_2352,0728豪雨,竹林,45.501385656241695,213347.89,2597354.61,395.6000061035156,114.51499938964844,191.25,2626.04248046875,147.5991973876953
2025_2354,0728豪雨,竹林,53.51336095970972,212986.41,2597623.75,395.6000061035156,114.51499938964844,191.25,2626.04248046875,147.5991973876953
2025_2355,0728豪雨,闊葉樹林型,60.77737141374329,213170.99,2597637.91,395.6000061035156,114.51499938964844,191.25,2626.04248046875,147.5991973876953
2025_2357,0728豪雨,竹林,48.11116319293781,213526.34,2597584.41,395.6000061035156,114.51499938964844,191.25,2626.04248046875,147.5991973876953
2025_2358,樺加沙颱風,闊葉樹林型,37.60152555834086,276683.82,2549092.76,139.5800018310547,91.50999450683594,138.1949920654297,1859.57763671875,112.26715850830078
2025_2359,樺加沙颱風,闊葉樹林型,27.26604445073282,277436.05,2548248.66,139.5800018310547,91.50999450683594,138.1949920654297,1859.57763671875,112.26715850830078
2025_2360,樺加沙颱風,闊葉樹林型,43.02734418130677,279529.96,2577629.97,157.05999755859375,116.05999755859375,156.85499572753906,1776.080810546875,112.17910766601562
2025_2361,樺加沙颱風,闊葉樹林型,39.98069050753484,278652.77,2579970.76,157.05999755859375,116.05999755859375,156.85499572753906,1776.080810546875,112.17910766601562
2025_2363,樺加沙颱風,闊葉樹林型,41.74343906313782,276167.7,2547169.57,139.5800018310547,91.50999450683594,138.1949920654297,1859.57763671875,112.26715850830078
2025_2364,樺加沙颱風,闊葉樹林型,23.167586698400417,259258.92,2541551.08,155.80499267578125,85.14999389648438,155.43499755859375,2523.727294921875,136.40858459472656
2025_2365,樺加沙颱風,闊葉樹林型,20.88727638387147,271770.67,2547454.06,139.5800018310547,91.50999450683594,138.1949920654297,2094.242919921875,116.33453369140625
2025_2366,樺加沙颱風,闊葉樹林型,33.02386755579665,261804.97,2541563.3,155.6699981689453,89.38999938964844,154.4949951171875,2286.827880859375,127.68917846679688
2025_2367,樺加沙颱風,闊葉樹林型,47.51850796200055,265319.55,2550076.53,145.46499633789062,98.60499572753906,144.6949920654297,2134.708251953125,119.52919006347656
2025_2370,樺加沙颱風,闊葉樹林型,40.376760812124,260711.79,2567576.72,138.97499084472656,82.83499908447266,137.8249969482422,2327.461181640625,142.00421142578125
2025_2371,樺加沙颱風,闊葉樹林型,43.26125824127405,262243.44,2593234.75,154.4550018310547,100.53499603271484,154.38499450683594,2568.433349609375,142.67559814453125
2025_2372,樺加沙颱風,闊葉樹林型,42.68513943100698,248673.44,2556066.27,183.8000030517578,118.91500091552734,181.19000244140625,2213.29150390625,120.28736877441406
2025_2373,樺加沙颱風,闊葉樹林型,64.53823079083809,256243.16,2562440.34,163.69000244140625,99.3949966430664,159.69000244140625,2405.044189453125,140.03933715820312
2025_2374,樺加沙颱風,闊葉樹林型,24.74862531519583,253324.38,2547006.3,158.7949981689453,97.08999633789062,158.375,1995.0562744140625,105.32012939453125
2025_2375,0728豪雨,闊葉樹林型,32.18975488338548,218135.47,2560122.1,626.094970703125,194.0050048828125,307.8699951171875,2666.719482421875,172.3930206298828
2025_2376,0728豪雨,闊葉樹林型,34.99202019855866,218247.25,2560990.89,626.094970703125,194.0050048828125,307.8699951171875,2777.270263671875,170.2137908935547
2025_2377,0728豪雨,闊葉樹林型,34.52178114261242,218425.15,2560915.31,626.094970703125,194.0050048828125,307.8699951171875,2666.719482421875,172.3930206298828
2025_2378,0728豪雨,闊葉樹林型,42.08581058000388,218710.37,2561167.28,626.094970703125,194.0050048828125,307.8699951171875,2777.270263671875,170.2137908935547
2025_2380,0728豪雨,闊葉樹林型,27.93835272960235,214093.64,2565459.74,626.094970703125,194.0050048828125,307.8699951171875,2595.341064453125,162.25697326660156
2025_2382,0728豪雨,闊葉樹林型,39.31462864873002,216376.46,2541507.15,577.3150024414062,155.4149932861328,288.8249816894531,2956.617919921875,183.99441528320312
2025_2383,0728豪雨,闊葉樹林型,42.18376530657795,217063.16,2542455.38,577.3150024414062,155.4149932861328,288.8249816894531,2956.617919921875,183.99441528320312
2025_2385,0728豪雨,闊葉樹林型,33.425567049364545,216770.08,2544334.38,528.5150146484375,160.364990234375,266.42999267578125,2664.70361328125,169.536376953125
2025_2386,0728豪雨,闊葉樹林型,31.75630295195132,214086.96,2549359.46,528.5150146484375,160.364990234375,266.42999267578125,2479.486083984375,162.99818420410156
2025_2387,0728豪雨,竹林,33.04322068167278,214431.05,2547707.9,528.5150146484375,160.364990234375,266.42999267578125,2664.70361328125,169.536376953125
2025_2392,0728豪雨,闊葉樹林型,51.39039996896976,217014.71,2562940.28,626.094970703125,194.0050048828125,307.8699951171875,2777.270263671875,170.2137908935547
2025_2393,0728豪雨,闊葉樹林型,43.893233668933576,215493.55,2560131.03,626.094970703125,194.0050048828125,307.8699951171875,2666.719482421875,172.3930206298828
2025_2394,0728豪雨,闊葉樹林型,46.72580648402681,214047.79,2566005.35,626.094970703125,194.0050048828125,307.8699951171875,2595.341064453125,162.25697326660156
2025_2395,0728豪雨,闊葉樹林型,41.12786681163709,214002.05,2566167.11,626.094970703125,194.0050048828125,307.8699951171875,2595.341064453125,162.25697326660156
2025_2396,0728豪雨,闊葉樹林型,48.48535378920872,213845.04,2566165.87,626.094970703125,194.0050048828125,307.8699951171875,2595.341064453125,162.25697326660156
2025_2397,0728豪雨,竹林,26.246849689869403,214006.56,2566315.86,626.094970703125,194.0050048828125,307.8699951171875,2595.341064453125,162.25697326660156
2025_2399,0728豪雨,闊葉樹林型,33.197229942878394,208662.66,2544778.57,518.9149780273438,145.6750030517578,261.5749816894531,2514.7978515625,153.3416290283203
2025_2400,0728豪雨,闊葉樹林型,32.06706985148498,209276.36,2546426.88,528.5150146484375,160.364990234375,266.42999267578125,2479.486083984375,162.99818420410156
2025_2402,0728豪雨,闊葉樹林型,37.247373202381205,210539.54,2544992.26,528.5150146484375,160.364990234375,266.42999267578125,2479.486083984375,162.99818420410156
2025_2403,0728豪雨,闊葉樹林型,36.00673320377917,211782.89,2550246.22,528.5150146484375,160.364990234375,266.42999267578125,2556.321044921875,148.60157775878906
2025_2406,0728豪雨,闊葉樹林型,37.082382807835,208564.1,2558962.57,592.2449951171875,145.14500427246094,280.9949951171875,2261.533935546875,145.4299774169922
2025_2410,0728豪雨,闊葉樹林型,31.693440803183943,205498.3,2553030.59,518.9149780273438,145.6750030517578,261.5749816894531,2466.655029296875,144.16143798828125
2025_2412,0728豪雨,竹林,36.57693385156434,207505.33,2555364.38,518.9149780273438,145.6750030517578,261.5749816894531,2466.655029296875,144.16143798828125
2025_2414,0728豪雨,闊葉樹林型,40.41337530810542,204314.97,2556804.95,592.2449951171875,145.14500427246094,280.9949951171875,2261.533935546875,145.4299774169922
2025_2416,0728豪雨,闊葉樹林型,25.682184661491608,213014.03,2552716.74,528.5150146484375,160.364990234375,266.42999267578125,2556.321044921875,148.60157775878906
2025_2418,0728豪雨,竹林,23.167586698400417,193297.04,2551962.8,475.4849853515625,151.88999938964844,248.77499389648438,2106.42919921875,135.00828552246094
2025_2419,0728豪雨,闊葉樹林型,30.17736603061792,200143.49,2554196.66,518.9149780273438,145.6750030517578,261.5749816894531,2410.651123046875,153.12747192382812
2025_2420,0728豪雨,闊葉樹林型,39.53553952464218,200722.18,2555691.55,592.2449951171875,145.14500427246094,280.9949951171875,2404.69677734375,149.7960205078125
2025_2421,0728豪雨,竹林,33.946295027753955,202587.26,2543117.89,451.97998046875,126.55999755859375,244.61000061035156,2509.11474609375,160.39019775390625
2025_2422,0728豪雨,竹林,30.96375653207352,202676.45,2543210.63,451.97998046875,126.55999755859375,244.61000061035156,2509.11474609375,160.39019775390625
2025_2423,0728豪雨,闊葉樹林型,30.24625565345472,202769.46,2545776.3,518.9149780273438,145.6750030517578,261.5749816894531,2561.55078125,168.23117065429688
2025_2425,1020豪雨,闊葉樹林型,3.1996013002506887,256535.39,2728994.08,168.58499145507812,128.25,163.625,1963.9158935546875,129.3870391845703
2025_2426,1020豪雨,闊葉樹林型,33.59475678656656,299645.89,2760728.04,375.6600036621094,202.61000061035156,330.6449890136719,1879.5255126953125,112.56690216064453
2025_2429,鳳凰颱風,闊葉樹林型,43.54110253900031,337812.1,2717014.34,551.364990234375,410.80999755859375,543.9049682617188,2018.3995361328125,134.54263305664062
2025_2430,鳳凰颱風,闊葉樹林型,33.197229942878394,338085.25,2718096.34,551.364990234375,410.80999755859375,543.9049682617188,2018.3995361328125,134.54263305664062
2025_2432,鳳凰颱風,闊葉樹林型,24.684429667267143,338286.27,2714211.26,551.364990234375,410.80999755859375,543.9049682617188,2005.4293212890625,113.73884582519531
2025_2433,0728豪雨,闊葉樹林型,37.410672491183874,237040.26,2710975.16,96.89999389648438,48.45499801635742,61.8849983215332,1583.7938232421875,107.37749481201172
2025_2434,0728豪雨,竹林,32.965670984008376,241151.22,2713560.71,82.7750015258789,44.04999923706055,57.82999801635742,1660.5762939453125,119.74012756347656
2025_2435,樺加沙颱風,闊葉樹林型,54.15145659386188,231512.48,2470911.52,109.19999694824219,54.78499984741211,108.02499389648438,2122.54833984375,124.43677520751953
2025_2436,樺加沙颱風,闊葉樹林型,35.59853666783391,230790.32,2472042.77,109.19999694824219,54.78499984741211,108.02499389648438,2122.54833984375,124.43677520751953
2025_2437,樺加沙颱風,闊葉樹林型,19.198613308677363,229815.66,2472812.43,109.19999694824219,54.78499984741211,108.02499389648438,2379.845458984375,135.04287719726562
2025_2438,樺加沙颱風,闊葉樹林型,47.68204760672303,232822.74,2475330.87,109.19999694824219,54.78499984741211,108.02499389648438,2379.845458984375,135.04287719726562
2025_2439,樺加沙颱風,闊葉樹林型,33.02386755579665,231077.06,2478296.41,123.29999542236328,67.79000091552734,123.06499481201172,2438.447998046875,135.5248260498047
2025_2440,樺加沙颱風,闊葉樹林型,40.79858749551321,236525.41,2493875.36,137.97499084472656,73.40999603271484,137.80999755859375,2292.193115234375,131.33595275878906
2025_2442,樺加沙颱風,闊葉樹林型,48.50622597171452,233918.43,2506960.43,151.89999389648438,83.52999877929688,151.66000366210938,2856.927490234375,156.2165985107422
2025_2444,樺加沙颱風,闊葉樹林型,34.888691645645146,241001.94,2529351.42,158.01998901367188,85.52999877929688,157.46499633789062,2763.902587890625,134.30699157714844
2025_2445,樺加沙颱風,闊葉樹林型,26.56505117707799,242182.33,2533160.1,158.01998901367188,85.52999877929688,157.46499633789062,2763.902587890625,134.30699157714844
2025_2446,樺加沙颱風,闊葉樹林型,35.29811642184922,246006.38,2534091.48,154.6750030517578,79.69499969482422,154.27999877929688,2796.07373046875,138.0121612548828
2025_2447,樺加沙颱風,闊葉樹林型,45.08034632153942,246229.92,2534760.51,154.6750030517578,79.69499969482422,154.27999877929688,2796.07373046875,138.0121612548828
2025_2448,0728豪雨,闊葉樹林型,30.473837103833297,194162.09,2525658.61,424.41998291015625,121.00999450683594,224.04998779296875,2255.433349609375,139.43275451660156
2025_2449,0728豪雨,闊葉樹林型,42.68513943100698,226182.71,2539713.69,573.7799682617188,159.2050018310547,285.4700012207031,3075.998046875,173.19439697265625
2025_2452,0728豪雨,闊葉樹林型,24.748625315195834,221954.52,2521083.59,618.2949829101562,179.34999084472656,348.5899963378906,2973.652587890625,167.24110412597656
2025_2455,樺加沙颱風,闊葉樹林型,39.35384148704364,276428.67,2632687.17,123.23500061035156,96.13499450683594,123.23500061035156,2447.114990234375,149.9739532470703
2025_2456,0728豪雨,闊葉樹林型,41.59751679121417,274716.08,2641663.37,209.5,90.2249984741211,111.82999420166016,2503.506591796875,143.71511840820312
2025_2457,0728豪雨,闊葉樹林型,41.17433120903597,271989.41,2647073.91,234.5800018310547,129.69000244140625,145.39500427246094,2772.131103515625,156.80596923828125
2025_2460,0728豪雨,闊葉樹林型,51.78499114845545,264606.17,2634114.46,233.84999084472656,101.30999755859375,128.489990234375,2253.218017578125,129.36190795898438
2025_2463,0728豪雨,闊葉樹林型,39.22274642672917,239037.95,2633402.65,233.47999572753906,80.38999938964844,105.93000030517578,1915.0513916015625,104.89905548095703
2025_2464,0728豪雨,闊葉樹林型,50.00345963023872,239853.24,2606258.85,276.07000732421875,106.08999633789062,129.37998962402344,2416.623046875,128.63072204589844
2025_2465,0728豪雨,竹林,33.02386755579665,235772.3,2630545.72,239.15499877929688,86.04999542236328,112.71499633789062,2019.923828125,113.62877655029297
2025_2467,0728豪雨,闊葉樹林型,43.271344818790695,235795.64,2600535.26,290.4750061035156,108.0999984741211,133.4550018310547,2157.869384765625,114.49881744384766
2025_2468,0728豪雨,闊葉樹林型,39.05065885812619,235096.21,2646245.48,248.13499450683594,82.08000183105469,118.9949951171875,1868.9532470703125,124.62129211425781
2025_2469,0728豪雨,闊葉樹林型,47.07775513424629,233307.98,2625875.37,239.15499877929688,86.04999542236328,112.71499633789062,1937.017333984375,115.05079650878906
2025_2471,0728豪雨,闊葉樹林型,46.53438273346463,235318.76,2605436.28,290.4750061035156,108.0999984741211,133.4550018310547,2007.3773193359375,118.20051574707031
2025_2472,0728豪雨,闊葉樹林型,27.26604445073282,232708.38,2631249.62,239.15499877929688,86.04999542236328,112.71499633789062,2086.798583984375,121.12052154541016
2025_2473,0728豪雨,闊葉樹林型,35.14579037169356,228301.53,2602257.2,352.6499938964844,136.30499267578125,181.125,2559.213623046875,138.95001220703125
2025_2474,0728豪雨,闊葉樹林型,53.26736451855006,232944.1,2603724.16,290.4750061035156,108.0999984741211,133.4550018310547,2112.41259765625,108.20011138916016
2025_2477,0728豪雨,闊葉樹林型,22.40687120493745,223458.43,2627216.04,265.8299865722656,90.93999481201172,126.9949951171875,2034.4815673828125,104.4044189453125
2025_2479,0728豪雨,闊葉樹林型,25.682184661491608,222472.22,2625892.89,265.8299865722656,90.93999481201172,126.9949951171875,2034.4815673828125,104.4044189453125
2025_2480,0728豪雨,闊葉樹林型,14.03624346792648,221498.44,2631133.12,265.8299865722656,90.93999481201172,126.9949951171875,1948.4617919921875,110.43502807617188
2025_2481,0728豪雨,竹林,29.992245119716017,220693.66,2640612.0,240.9949951171875,80.27999877929688,112.60499572753906,1600.0316162109375,92.07410430908203
2025_2482,0728豪雨,闊葉樹林型,27.726186750640903,221889.65,2641938.66,240.9949951171875,80.27999877929688,112.60499572753906,1600.0316162109375,92.07410430908203
2025_2490,0728豪雨,竹林,34.52178114261242,216917.55,2601091.6,334.239990234375,114.08999633789062,158.85499572753906,2534.6162109375,152.1442413330078
2025_2492,0728豪雨,闊葉樹林型,6.379370208442804,212969.08,2634338.7,241.45999145507812,74.94499969482422,122.90499877929688,1525.47314453125,84.681396484375
2025_2493,樺加沙颱風,闊葉樹林型,27.238572082130062,309314.36,2643414.06,123.06999969482422,110.36499786376953,122.25999450683594,1666.614013671875,123.00627136230469
2025_2494,樺加沙颱風,闊葉樹林型,32.65176013874374,307756.94,2634318.71,123.06999969482422,110.36499786376953,122.25999450683594,1842.4329833984375,136.02622985839844
2025_2496,0728豪雨,闊葉樹林型,45.22207888903144,273147.74,2643430.6,209.5,90.2249984741211,111.82999420166016,2503.506591796875,143.71511840820312
2025_2497,0613豪雨,闊葉樹林型,49.65757771296781,231237.45,2558153.2,146.85499572753906,101.68499755859375,146.53500366210938,2778.01904296875,166.40513610839844
2025_2518,樺加沙颱風,闊葉樹林型,63.648972073139774,306122.2,2662420.14,151.78500366210938,115.7249984741211,151.48500061035156,2181.954833984375,145.70364379882812
2025_2519,樺加沙颱風,闊葉樹林型,22.48092791828604,251234.21,2534150.85,155.80499267578125,85.14999389648438,155.43499755859375,2552.65673828125,143.5482940673828
2025_2521,樺加沙颱風,闊葉樹林型,53.97262661489639,251989.33,2533458.7,155.80499267578125,85.14999389648438,155.43499755859375,2552.65673828125,143.5482940673828
2025_2523,樺加沙颱風,闊葉樹林型,40.9523515915937,252420.3,2534424.68,155.80499267578125,85.14999389648438,155.43499755859375,2552.65673828125,143.5482940673828
2025_2524,樺加沙颱風,闊葉樹林型,52.43140797117251,252660.15,2534006.37,155.80499267578125,85.14999389648438,155.43499755859375,2552.65673828125,143.5482940673828
2025_2525,樺加沙颱風,闊葉樹林型,56.40137426509117,252975.02,2534083.53,155.80499267578125,85.14999389648438,155.43499755859375,2552.65673828125,143.5482940673828
2025_2526,樺加沙颱風,闊葉樹林型,47.82172390517496,254284.62,2537402.66,155.80499267578125,85.14999389648438,155.43499755859375,2552.65673828125,143.5482940673828
2025_2527,樺加沙颱風,闊葉樹林型,37.29207573526101,255174.45,2536079.57,155.80499267578125,85.14999389648438,155.43499755859375,2552.65673828125,143.5482940673828
2025_2528,樺加沙颱風,闊葉樹林型,34.888691645645146,255324.56,2536025.76,155.80499267578125,85.14999389648438,155.43499755859375,2642.49951171875,139.8202667236328
2025_2529,樺加沙颱風,闊葉樹林型,39.22274642672917,257929.67,2542002.95,155.80499267578125,85.14999389648438,155.43499755859375,2523.727294921875,136.40858459472656
2025_2530,樺加沙颱風,闊葉樹林型,51.04612098418317,258000.82,2542058.04,155.80499267578125,85.14999389648438,155.43499755859375,2523.727294921875,136.40858459472656
2025_2532,樺加沙颱風,闊葉樹林型,38.11835994667712,250290.29,2534745.26,155.80499267578125,85.14999389648438,155.43499755859375,2552.65673828125,143.5482940673828
2025_2536,楊柳颱風,闊葉樹林型,45.5703632033515,237960.63,2590951.44,152.8699951171875,148.13999938964844,152.8699951171875,2419.028564453125,141.7389678955078
2025_2539,楊柳颱風,闊葉樹林型,44.75622365009062,260771.58,2564556.67,108.82499694824219,108.81999969482422,108.82499694824219,2405.933349609375,143.4873809814453
2025_2540,楊柳颱風,闊葉樹林型,42.54813797067997,251038.35,2564651.7,93.63999938964844,93.63499450683594,93.63999938964844,2340.789306640625,131.37274169921875
2025_2541,楊柳颱風,闊葉樹林型,27.726186750640903,260281.25,2566933.96,117.43999481201172,116.52499389648438,117.43999481201172,2458.736572265625,143.48196411132812
2025_2542,楊柳颱風,闊葉樹林型,55.83727025352192,260608.76,2567525.69,122.69999694824219,122.21499633789062,122.69999694824219,2327.461181640625,142.00421142578125
2025_2544,楊柳颱風,闊葉樹林型,36.05502968442895,255949.75,2553938.8,88.1500015258789,87.93499755859375,88.1500015258789,1861.2562255859375,102.58708953857422
2025_2545,楊柳颱風,闊葉樹林型,40.79858749551321,255762.9,2554012.9,88.1500015258789,87.93499755859375,88.1500015258789,1861.2562255859375,102.58708953857422
2025_2546,楊柳颱風,闊葉樹林型,52.03599855755548,255098.17,2554729.7,88.1500015258789,87.93499755859375,88.1500015258789,1362.900634765625,76.77689361572266
2025_2548,楊柳颱風,闊葉樹林型,51.84956155617976,254870.48,2562734.63,93.63999938964844,93.63499450683594,93.63999938964844,2340.789306640625,131.37274169921875
2025_2549,楊柳颱風,闊葉樹林型,60.80597608322818,257942.19,2556997.63,93.63999938964844,93.63499450683594,93.63999938964844,1899.56494140625,103.24708557128906
2025_2550,楊柳颱風,闊葉樹林型,45.01789374866915,259128.33,2557227.48,93.63999938964844,93.63499450683594,93.63999938964844,1899.56494140625,103.24708557128906
2025_2551,楊柳颱風,闊葉樹林型,13.83230277374978,255477.79,2554720.98,88.1500015258789,87.93499755859375,88.1500015258789,1861.2562255859375,102.58708953857422
2025_2556,楊柳颱風,闊葉樹林型,42.16205280597383,223497.78,2555139.63,90.98999786376953,90.75499725341797,90.98999786376953,2674.13916015625,157.52418518066406
2025_2557,0728豪雨,闊葉樹林型,33.65076727448982,266677.54,2700660.64,84.0250015258789,27.099998474121094,51.15999984741211,2357.526611328125,142.60333251953125
2025_2559,0728豪雨,闊葉樹林型,46.42958537828381,286387.29,2700141.04,72.0199966430664,19.885000228881836,36.46999740600586,2244.089599609375,147.86839294433594
2025_2560,0728豪雨,闊葉樹林型,32.51251731617002,286436.45,2699998.35,72.0199966430664,19.885000228881836,36.46999740600586,2244.089599609375,147.86839294433594
2025_2561,0728豪雨,闊葉樹林型,25.407718108948472,286468.15,2700188.61,72.0199966430664,19.885000228881836,36.46999740600586,2244.089599609375,147.86839294433594
2025_2565,0728豪雨,闊葉樹林型,50.41872562773047,244836.96,2679308.14,171.08999633789062,50.91499710083008,77.56500244140625,1990.750732421875,120.60979461669922
2025_2568,0728豪雨,闊葉樹林型,33.27369602543111,220813.2,2550853.61,597.875,226.95999145507812,341.9849853515625,2674.13916015625,157.52418518066406
2025_2571,0728豪雨,闊葉樹林型,47.10090264184485,224901.46,2611956.23,293.5400085449219,103.35499572753906,134.2949981689453,2098.72265625,117.17169952392578
2025_2574,0728豪雨,闊葉樹林型,43.02734418130677,227158.36,2616591.61,293.5400085449219,103.35499572753906,134.2949981689453,2117.24853515625,119.92066955566406
2025_2577,0728豪雨,闊葉樹林型,57.010705706840646,234041.87,2546436.84,524.6799926757812,171.9499969482422,283.81500244140625,2634.498291015625,141.6938018798828
2025_2580,0728豪雨,闊葉樹林型,36.93089662022377,251725.57,2555716.66,353.9599914550781,112.625,178.61000061035156,1921.8065185546875,106.97059631347656
2025_2581,0728豪雨,闊葉樹林型,42.779253086391705,254262.35,2548989.14,394.5849914550781,118.18999481201172,211.3699951171875,1995.0562744140625,105.32012939453125
2025_2582,0728豪雨,闊葉樹林型,49.137581307519845,223020.93,2520428.49,618.2949829101562,179.34999084472656,348.5899963378906,2973.652587890625,167.24110412597656
2025_2583,0728豪雨,闊葉樹林型,32.985092758994966,222235.6,2521054.39,618.2949829101562,179.34999084472656,348.5899963378906,2973.652587890625,167.24110412597656
2025_2584,0728豪雨,闊葉樹林型,31.75630295195132,222079.24,2521134.55,618.2949829101562,179.34999084472656,348.5899963378906,2973.652587890625,167.24110412597656
2025_2585,0728豪雨,闊葉樹林型,56.049816351679205,221882.85,2529646.3,627.7149658203125,182.20498657226562,333.8599853515625,2925.142578125,173.83131408691406
2025_2587,0728豪雨,闊葉樹林型,59.43924321278938,223630.69,2537732.99,573.7799682617188,159.2050018310547,285.4700012207031,2913.28076171875,173.29315185546875
2025_2589,0728豪雨,闊葉樹林型,41.99819984310421,223853.87,2539471.2,573.7799682617188,159.2050018310547,285.4700012207031,2914.75244140625,176.5850067138672
2025_2591,0728豪雨,闊葉樹林型,38.876655136344326,223907.72,2543628.93,573.7799682617188,159.2050018310547,285.4700012207031,2914.75244140625,176.5850067138672
2025_2592,0728豪雨,闊葉樹林型,44.973117396971325,223806.1,2543654.66,573.7799682617188,159.2050018310547,285.4700012207031,2914.75244140625,176.5850067138672
2025_2593,0728豪雨,闊葉樹林型,44.15186907819885,219533.48,2546454.17,597.875,226.95999145507812,341.9849853515625,2502.212158203125,147.98951721191406
2025_2594,0728豪雨,闊葉樹林型,60.98285937539848,220257.42,2538204.86,573.7799682617188,159.2050018310547,285.4700012207031,2913.28076171875,173.29315185546875
2025_2596,0728豪雨,闊葉樹林型,28.76073036769665,223315.28,2538295.49,573.7799682617188,159.2050018310547,285.4700012207031,2913.28076171875,173.29315185546875
2025_2597,0728豪雨,闊葉樹林型,46.42958537828381,222521.16,2538901.18,573.7799682617188,159.2050018310547,285.4700012207031,2914.75244140625,176.5850067138672
2025_2602,0728豪雨,闊葉樹林型,39.727886428017456,232867.87,2546441.95,524.6799926757812,171.9499969482422,283.81500244140625,2634.498291015625,141.6938018798828
2025_2603,0728豪雨,闊葉樹林型,44.60058682281712,233615.74,2547394.61,524.6799926757812,171.9499969482422,283.81500244140625,2634.498291015625,141.6938018798828
2025_2604,0728豪雨,闊葉樹林型,36.08714706573126,232875.85,2544086.24,548.9249877929688,152.08499145507812,281.60498046875,2720.153076171875,152.07115173339844
2025_2605,0728豪雨,闊葉樹林型,39.53553952464218,233369.65,2544261.87,548.9249877929688,152.08499145507812,281.60498046875,2720.153076171875,152.07115173339844
2025_2608,0728豪雨,闊葉樹林型,25.159789433981928,234371.25,2544666.3,524.6799926757812,171.9499969482422,283.81500244140625,2634.498291015625,141.6938018798828
2025_2611,0728豪雨,闊葉樹林型,44.783515145502,251588.06,2544125.36,433.489990234375,128.1649932861328,237.375,2634.057861328125,132.86244201660156
2025_2612,0728豪雨,闊葉樹林型,39.05065885812619,253213.81,2544557.26,394.5849914550781,118.18999481201172,211.3699951171875,1995.0562744140625,105.32012939453125
2025_2613,0728豪雨,闊葉樹林型,39.727886428017456,250983.41,2544628.34,394.5849914550781,118.18999481201172,211.3699951171875,1995.0562744140625,105.32012939453125
2025_2616,0728豪雨,闊葉樹林型,21.211450322740603,228861.8,2545995.92,597.875,226.95999145507812,341.9849853515625,2630.49951171875,160.43226623535156
2025_2617,0728豪雨,闊葉樹林型,36.62354905164433,228829.29,2546124.28,597.875,226.95999145507812,341.9849853515625,2630.49951171875,160.43226623535156
2025_2619,0728豪雨,闊葉樹林型,43.139678341360025,229463.28,2547508.61,597.875,226.95999145507812,341.9849853515625,2630.49951171875,160.43226623535156
2025_2621,0728豪雨,闊葉樹林型,49.05111016553776,227482.33,2521195.54,618.2949829101562,179.34999084472656,348.5899963378906,2878.77783203125,159.82733154296875
2025_2622,0728豪雨,闊葉樹林型,33.927980154144706,225505.77,2515642.17,618.2949829101562,179.34999084472656,348.5899963378906,3089.994384765625,176.77316284179688
2025_2624,0728豪雨,闊葉樹林型,39.63842114615208,223864.74,2516533.23,618.2949829101562,179.34999084472656,348.5899963378906,3345.975341796875,177.1853790283203
2025_2625,0728豪雨,闊葉樹林型,29.034220452471416,223918.47,2516553.38,618.2949829101562,179.34999084472656,348.5899963378906,3345.975341796875,177.1853790283203
2025_2626,0728豪雨,闊葉樹林型,49.85365752782776,231033.02,2513288.86,584.0899658203125,179.66000366210938,337.2099914550781,2844.406982421875,165.46099853515625
2025_2627,0728豪雨,闊葉樹林型,26.56505117707799,233462.0,2514996.5,584.0899658203125,179.66000366210938,337.2099914550781,2844.406982421875,165.46099853515625
2025_2628,0728豪雨,闊葉樹林型,46.88333444737181,239016.03,2508476.29,580.239990234375,189.51499938964844,369.8800048828125,2689.07177734375,136.0436248779297
2025_2629,0728豪雨,闊葉樹林型,40.36453657309736,239336.61,2510028.64,580.239990234375,189.51499938964844,369.8800048828125,2689.07177734375,136.0436248779297
2025_2631,0728豪雨,闊葉樹林型,36.34180401854167,241408.56,2498698.52,538.6950073242188,165.09999084472656,322.4750061035156,2408.88671875,142.03627014160156
2025_2632,0728豪雨,闊葉樹林型,58.20931111603339,241444.41,2510587.9,585.7749633789062,177.48500061035156,336.44000244140625,2523.927734375,132.65663146972656
2025_2633,0728豪雨,闊葉樹林型,38.67344937613533,236208.9,2508546.58,580.239990234375,189.51499938964844,369.8800048828125,2689.07177734375,136.0436248779297
2025_2634,0728豪雨,闊葉樹林型,47.91647143816213,237136.25,2508725.37,580.239990234375,189.51499938964844,369.8800048828125,2689.07177734375,136.0436248779297
2025_2635,0728豪雨,闊葉樹林型,35.59853666783391,235241.23,2506511.67,580.239990234375,189.51499938964844,369.8800048828125,2689.07177734375,136.0436248779297
2025_2636,丹娜絲颱風、薇帕颱風、0721豪雨,竹林,60.95477546245351,204787.02,2577547.09,511.2649841308594,133.37998962402344,195.48500061035156,2426.28857421875,150.275146484375
2025_2637,丹娜絲颱風、薇帕颱風、0721豪雨,闊葉樹林型,41.86581899605287,201067.65,2573058.39,511.2649841308594,133.37998962402344,195.48500061035156,2324.6796875,145.32469177246094
2025_2639,丹娜絲颱風、薇帕颱風、0721豪雨,闊葉樹林型,36.88516922477569,200246.84,2571366.44,511.2649841308594,133.37998962402344,195.48500061035156,2360.792236328125,145.8151092529297
2025_2640,丹娜絲颱風、薇帕颱風、0721豪雨,竹林,41.01108156155348,203289.85,2573649.91,511.2649841308594,133.37998962402344,195.48500061035156,2324.6796875,145.32469177246094
2025_2642,丹娜絲颱風、薇帕颱風、0721豪雨,闊葉樹林型,46.20938416376799,232757.27,2475306.86,547.6599731445312,105.63499450683594,251.0449981689453,2379.845458984375,135.04287719726562
2025_2643,丹娜絲颱風、薇帕颱風、0721豪雨,闊葉樹林型,30.269155243344123,230286.18,2519226.72,442.5849914550781,124.69499969482422,162.3199920654297,2701.94091796875,150.17758178710938
2025_2644,丹娜絲颱風、薇帕颱風、0721豪雨,闊葉樹林型,59.193018882894826,228875.63,2565709.94,369.7449951171875,98.89999389648438,138.84999084472656,2777.9365234375,169.5355224609375
2025_2645,丹娜絲颱風、薇帕颱風、0721豪雨,闊葉樹林型,38.46757814830217,219834.33,2585489.39,502.239990234375,134.52000427246094,194.17999267578125,2672.93408203125,146.8203125
2025_2646,丹娜絲颱風、薇帕颱風、0721豪雨,闊葉樹林型,32.02597107856493,219281.33,2589185.74,530.7349853515625,144.73500061035156,228.38999938964844,2628.14892578125,151.3077392578125
2025_2647,丹娜絲颱風、薇帕颱風、0721豪雨,闊葉樹林型,45.18677738187266,231084.99,2591771.76,499.18499755859375,139.42999267578125,215.33499145507812,2501.34765625,150.38238525390625
2025_2649,丹娜絲颱風、薇帕颱風、0721豪雨,闊葉樹林型,48.50622597171452,215888.19,2609111.09,556.5650024414062,138.614990234375,236.43499755859375,2382.69189453125,140.41598510742188
2025_2652,丹娜絲颱風、薇帕颱風、0721豪雨,闊葉樹林型,18.58988204700748,228066.23,2601830.56,500.41497802734375,129.89500427246094,209.22499084472656,2559.213623046875,138.95001220703125
2025_2656,丹娜絲颱風、薇帕颱風、0721豪雨,闊葉樹林型,43.893233668933576,258098.32,2701802.66,451.8999938964844,118.50999450683594,232.1199951171875,2219.911865234375,154.96214294433594
2025_2658,丹娜絲颱風、薇帕颱風、0721豪雨,闊葉樹林型,55.37981649987255,276476.34,2686689.0,363.42498779296875,99.61499786376953,169.52999877929688,2442.231689453125,136.23085021972656
2025_2659,丹娜絲颱風、薇帕颱風、0721豪雨,闊葉樹林型,25.376933525152303,294379.26,2681962.95,398.5249938964844,87.9000015258789,141.55499267578125,2387.092529296875,136.10618591308594
2025_2660,丹娜絲颱風、薇帕颱風、0721豪雨,闊葉樹林型,47.75574016641634,297998.98,2677131.76,377.8699951171875,89.15499877929688,137.5699920654297,2352.610595703125,151.37234497070312
2025_2661,丹娜絲颱風、薇帕颱風、0721豪雨,闊葉樹林型,48.4295352623155,299062.42,2677432.73,398.5249938964844,87.9000015258789,141.55499267578125,2229.95703125,142.79437255859375
2025_2662,丹娜絲颱風、薇帕颱風、0721豪雨,闊葉樹林型,42.93479585813085,300135.17,2678412.61,398.5249938964844,87.9000015258789,141.55499267578125,2229.95703125,142.79437255859375
2025_2663,丹娜絲颱風、薇帕颱風、0721豪雨,闊葉樹林型,34.18253892596887,296576.42,2650195.58,324.85498046875,75.61499786376953,130.02999877929688,2082.81787109375,138.217529296875
2025_2664,丹娜絲颱風、薇帕颱風、0721豪雨,闊葉樹林型,34.78470182920318,304920.58,2665398.02,334.05499267578125,79.98999786376953,148.50498962402344,2347.9912109375,151.24337768554688
2025_2665,丹娜絲颱風、薇帕颱風、0721豪雨,闊葉樹林型,36.62354905164433,238836.91,2473172.73,547.6599731445312,105.63499450683594,251.0449981689453,2174.802978515625,115.05996704101562
2025_2666,丹娜絲颱風、薇帕颱風、0721豪雨,竹林,30.541505272932262,225074.38,2612832.39,534.0,124.6199951171875,251.00498962402344,2098.72265625,117.17169952392578
2025_2669,0728豪雨,闊葉樹林型,23.061135616050905,229429.76,2435920.6,420.7699890136719,146.03500366210938,227.4149932861328,2145.93115234375,117.83626556396484
2025_2670,0728豪雨,闊葉樹林型,45.0357651650416,221424.72,2449330.74,545.3300170898438,168.3699951171875,272.55499267578125,2636.051513671875,156.58033752441406
2025_2671,樺加沙颱風,闊葉樹林型,41.4729343089405,237969.92,2465343.27,108.4000015258789,52.07999801635742,106.59500122070312,2026.6397705078125,117.76297760009766
2025_2672,樺加沙颱風,闊葉樹林型,38.11835994667712,231639.53,2469167.46,109.19999694824219,54.78499984741211,108.02499389648438,2122.54833984375,124.43677520751953
2025_2673,0728豪雨,闊葉樹林型,47.44351957055698,221255.92,2449397.47,545.3300170898438,168.3699951171875,272.55499267578125,2636.051513671875,156.58033752441406
