lid,year,x,y,event,trigger,area_ha
2018_0,2018,336173.74,2714227.22,0206花蓮地震,地震,0.73828421054
2018_1,2018,334411.23,2707956.05,0206花蓮地震,地震,0.30778114812
2018_2,2018,253346.56,2714732.91,鹿場堰塞湖,其他,12.2333732061
2018_3,2018,253092.26,2714351.84,鹿場堰塞湖,其他,4.86771849035
2018_4,2018,255914.78,2626560.32,丹大溪堰塞湖,其他,7.90864357507
2018_5,2018,241955.23,2586525.43,0613暨0619豪雨,降雨,1.95027319661
2018_6,2018,283958.0,2609868.15,瑪莉亞颱風,降雨,2.14822034061
2018_7,2018,219668.7,2450304.35,0823熱帶低壓,降雨,0.09627550579
2018_8,2018,219594.1,2450312.74,0823熱帶低壓,降雨,0.06120915029
2018_9,2018,219407.26,2450065.78,0823熱帶低壓,降雨,0.03983710727
2018_10,2018,219508.59,2450204.89,0823熱帶低壓,降雨,0.56150404417
2018_11,2018,297921.23,2718243.83,0823熱帶低壓,降雨,0.29639310066
2018_12,2018,253582.62,2541137.91,0823熱帶低壓,降雨,29.6053801451
2018_13,2018,204869.66,2554188.08,0823熱帶低壓,降雨,2.1130192474
2018_14,2018,210059.07,2561970.72,0823熱帶低壓,降雨,8.77345268226
2018_15,2018,222086.82,2561745.28,0823熱帶低壓,降雨,2.18048614686
2018_16,2018,232389.88,2560697.45,0823熱帶低壓,降雨,0.93904149093
2018_17,2018,217764.17,2568996.34,0823熱帶低壓,降雨,6.92351373742
2018_18,2018,217287.45,2569024.31,0823熱帶低壓,降雨,0.45870670144
2018_19,2018,217349.37,2569156.82,0823熱帶低壓,降雨,0.53690040901
2018_20,2018,217143.17,2569269.03,0823熱帶低壓,降雨,0.64900802467
2018_21,2018,210483.59,2576742.98,0823熱帶低壓,降雨,1.18296994212
2018_22,2018,237153.58,2572151.02,0823熱帶低壓,降雨,0.99625330779
2018_23,2018,212746.27,2579079.97,0823熱帶低壓,降雨,1.47081240356
2018_24,2018,212373.99,2578925.82,0823熱帶低壓,降雨,0.10166424075
2018_25,2018,212331.25,2578429.09,0823熱帶低壓,降雨,0.12617417716
2018_26,2018,227738.44,2585340.82,0823熱帶低壓,降雨,1.52588585881
2018_27,2018,212284.66,2591859.03,0823熱帶低壓,降雨,5.50094352105
2018_28,2018,213098.94,2592033.61,0823熱帶低壓,降雨,3.0245029649
2018_29,2018,212851.84,2592124.51,0823熱帶低壓,降雨,1.03352877689
2018_30,2018,212776.45,2591936.26,0823熱帶低壓,降雨,0.33542622534
2018_31,2018,227053.24,2451413.22,0823熱帶低壓,降雨,0.37856929416
2018_32,2018,232945.99,2457978.19,0823熱帶低壓,降雨,0.83032392192
2018_33,2018,232151.04,2473930.11,0823熱帶低壓,降雨,0.73414217688
2018_34,2018,216312.54,2475525.76,0823熱帶低壓,降雨,0.20367582486
2018_35,2018,214004.75,2488892.18,0823熱帶低壓,降雨,0.48153376019
2018_36,2018,235910.01,2503419.79,0823熱帶低壓,降雨,0.7389384499
2018_37,2018,235468.04,2504830.26,0823熱帶低壓,降雨,0.23445974887
2018_38,2018,187528.58,2515847.19,0823熱帶低壓,降雨,0.239403302
2018_39,2018,226379.18,2509007.21,0823熱帶低壓,降雨,4.5074976847
2018_40,2018,244275.08,2515418.9,0823熱帶低壓,降雨,3.66120198797
2018_41,2018,250584.52,2523157.68,0823熱帶低壓,降雨,0.53689515296
2018_42,2018,254482.78,2530352.14,0823熱帶低壓,降雨,0.26304711232
2018_43,2018,241742.35,2528263.29,0823熱帶低壓,降雨,5.55849354664
2018_44,2018,214245.76,2523954.21,0823熱帶低壓,降雨,0.22642905839
2018_45,2018,211479.2,2534965.99,0823熱帶低壓,降雨,0.53248259141
2018_46,2018,210182.36,2540226.82,0823熱帶低壓,降雨,0.8492281081
2018_47,2018,311576.41,2795217.97,0909熱帶低壓,降雨,0.27490992007
2018_48,2018,296041.02,2684263.77,0206花蓮地震,地震,0.16478161598
2018_49,2018,290218.88,2681185.57,0206花蓮地震,地震,1.01903314295
2018_50,2018,307029.25,2666615.72,0206花蓮地震,地震,1.11384464114
2018_51,2018,274760.25,2693563.49,0613暨0619豪雨暨瑪莉亞颱風,降雨,0.43268074327
2018_52,2018,279260.16,2685670.2,0613暨0619豪雨暨瑪莉亞颱風,降雨,0.15401903041
2018_53,2018,270315.9,2678500.87,0613暨0619豪雨暨瑪莉亞颱風,降雨,0.14496690826
2018_54,2018,278791.27,2645758.79,0613暨0619豪雨暨瑪莉亞颱風,降雨,2.92093727032
2018_55,2018,252773.36,2555862.84,0613暨0619豪雨暨瑪莉亞颱風,降雨,0.30213658613
2018_56,2018,253339.74,2545503.03,0613暨0619豪雨暨瑪莉亞颱風,降雨,2.57927395003
2018_57,2018,246110.92,2552123.43,0613暨0619豪雨暨瑪莉亞颱風,降雨,0.09442609623
2018_58,2018,245982.8,2552173.43,0613暨0619豪雨暨瑪莉亞颱風,降雨,2.15783668788
2018_59,2018,249180.17,2535667.41,0613暨0619豪雨暨瑪莉亞颱風,降雨,0.13166871178
2018_60,2018,252637.21,2528413.05,0613暨0619豪雨暨瑪莉亞颱風,降雨,0.34866408948
2018_61,2018,247185.79,2530205.11,0613暨0619豪雨暨瑪莉亞颱風,降雨,1.34383717685
2018_62,2018,249215.34,2512165.73,0613暨0619豪雨暨瑪莉亞颱風,降雨,1.17835284492
2018_63,2018,255432.01,2546817.96,0909熱帶低壓暨山竹颱風,降雨,0.57855928928
2018_64,2018,252784.27,2556972.88,0909熱帶低壓暨山竹颱風,降雨,1.29978490168
2018_65,2018,248579.57,2556309.86,0909熱帶低壓暨山竹颱風,降雨,3.10441573224
2018_66,2018,247977.27,2554491.76,0909熱帶低壓暨山竹颱風,降雨,30.1413510914
2018_67,2018,258299.52,2560649.73,0909熱帶低壓暨山竹颱風,降雨,3.13439495843
2018_68,2018,264884.8,2560373.97,0909熱帶低壓暨山竹颱風,降雨,0.1669527751
2018_69,2018,272827.29,2583550.8,0909熱帶低壓暨山竹颱風,降雨,0.14475488914
2018_70,2018,256407.43,2582265.67,0909熱帶低壓暨山竹颱風,降雨,0.65659221851
2018_71,2018,275093.41,2634538.16,0909熱帶低壓暨山竹颱風,降雨,0.77677989069
2018_72,2018,282934.86,2659975.93,0909熱帶低壓暨山竹颱風,降雨,0.57165058091
2019_0,2019,270101.04,2582758.12,白鹿颱風,降雨,0.91
2019_1,2019,286450.78,2628107.94,白鹿颱風,降雨,0.9
2019_2,2019,245665.92,2582198.89,白鹿颱風,降雨,0.1
2019_3,2019,248744.43,2579816.34,白鹿颱風,降雨,0.27
2019_4,2019,232403.89,2577003.73,白鹿颱風,降雨,0.12
2019_5,2019,262082.24,2570980.26,白鹿颱風,降雨,0.17
2019_6,2019,272162.78,2569393.44,白鹿颱風,降雨,0.15
2019_7,2019,255854.82,2547764.76,白鹿颱風,降雨,0.22
2019_8,2019,251263.46,2546775.71,白鹿颱風,降雨,0.41
2019_9,2019,240140.68,2532749.33,白鹿颱風,降雨,0.14
2019_10,2019,238082.75,2528446.86,白鹿颱風,降雨,0.13
2019_11,2019,243504.63,2529038.36,白鹿颱風,降雨,0.13
2019_12,2019,243787.9,2527747.92,白鹿颱風,降雨,0.16
2019_13,2019,281895.43,2727704.03,利奇馬颱風,降雨,0.13
2019_14,2019,275653.47,2665432.4,利奇馬颱風,降雨,0.69
2019_15,2019,219246.96,2558579.52,利奇馬颱風,降雨,0.4
2019_16,2019,295316.91,2706865.96,0808地震、利奇馬颱風、白鹿颱風,混合,0.1
2019_17,2019,295145.59,2707188.11,0808地震、利奇馬颱風、白鹿颱風,混合,0.15
2019_18,2019,308287.37,2699602.71,0808地震、利奇馬颱風、白鹿颱風,混合,0.19
2019_19,2019,285714.34,2660542.66,白鹿颱風,降雨,0.2
2019_20,2019,270408.58,2586515.05,白鹿颱風,降雨,0.5
2019_21,2019,293229.22,2659960.65,白鹿颱風,降雨,0.22
2019_22,2019,280427.16,2633824.43,白鹿颱風,降雨,1.82
2019_23,2019,234172.1,2576450.4,利奇馬颱風、0815豪雨、白鹿颱風,降雨,0.27
2019_24,2019,232937.46,2568565.62,利奇馬颱風、0815豪雨、白鹿颱風,降雨,0.22
2019_25,2019,259227.02,2557152.39,白鹿颱風,降雨,0.42
2019_26,2019,250910.69,2556707.03,白鹿颱風,降雨,0.34
2019_27,2019,250899.07,2556991.34,白鹿颱風,降雨,0.16
2019_28,2019,235882.71,2556309.24,利奇馬颱風、0815豪雨、白鹿颱風,降雨,1.62
2019_29,2019,243898.94,2550491.22,白鹿颱風,降雨,0.43
2019_30,2019,225850.96,2527764.55,利奇馬颱風、0815豪雨、白鹿颱風,降雨,1.06
2019_31,2019,235331.48,2528210.18,利奇馬颱風、0815豪雨、白鹿颱風,降雨,0.19
2019_32,2019,235825.88,2528447.21,利奇馬颱風、0815豪雨、白鹿颱風,降雨,0.21
2019_33,2019,237326.27,2529044.38,白鹿颱風,降雨,0.14
2019_34,2019,244237.02,2529443.41,白鹿颱風,降雨,0.19
2019_35,2019,242540.0,2524764.16,白鹿颱風,降雨,3.22
2019_36,2019,244705.14,2613622.16,利奇馬颱風、0815豪雨、白鹿颱風,降雨,0.26
2019_37,2019,253954.33,2642063.78,利奇馬颱風、0815豪雨、白鹿颱風,降雨,0.16
2019_38,2019,236660.58,2616675.65,利奇馬颱風、0815豪雨、白鹿颱風,降雨,0.26
2019_39,2019,243339.72,2529062.22,白鹿颱風,降雨,0.24
2019_40,2019,275674.5,2666486.27,利奇馬颱風、0815豪雨、白鹿颱風,降雨,0.16
2019_41,2019,259843.02,2645557.62,利奇馬颱風、0815豪雨、白鹿颱風,降雨,1.75
2019_42,2019,266610.86,2649465.97,利奇馬颱風、0815豪雨、白鹿颱風,降雨,1.24
2019_43,2019,262153.76,2705743.73,利奇馬颱風,降雨,1.35
2019_44,2019,257540.1,2706709.04,利奇馬颱風,降雨,0.16
2019_45,2019,274995.33,2719264.49,利奇馬颱風,降雨,0.24
2019_46,2019,287487.12,2734916.25,利奇馬颱風,降雨,0.82
2019_47,2019,284716.41,2737278.31,利奇馬颱風,降雨,0.34
2019_48,2019,272462.34,2672941.29,利奇馬颱風、0815豪雨、白鹿颱風,降雨,3.53
2019_49,2019,271388.28,2670583.02,利奇馬颱風、0815豪雨、白鹿颱風,降雨,0.31
2019_50,2019,266053.79,2665683.54,利奇馬颱風、0815豪雨、白鹿颱風,降雨,1.28
2019_51,2019,250424.8,2617898.0,利奇馬颱風、0815豪雨、白鹿颱風,降雨,4.44
2019_52,2019,252824.72,2610478.58,利奇馬颱風、0815豪雨、白鹿颱風,降雨,1.56
2019_53,2019,216314.44,2529548.82,0627高雄茂林山崩,其他,5.01
2019_54,2019,264883.38,2700743.51,0518及0611豪雨,降雨,0.15
2019_55,2019,265057.54,2700749.89,0518及0611豪雨,降雨,0.28
2019_56,2019,265455.5,2697380.77,0518及0611豪雨,降雨,0.17
2019_57,2019,255545.64,2681019.65,0518及0611豪雨,降雨,0.12
2019_58,2019,280360.72,2684310.59,0518及0611豪雨,降雨,0.24
2019_59,2019,274564.51,2669729.57,0518及0611豪雨,降雨,0.12
2019_60,2019,270041.84,2671070.48,0518及0611豪雨,降雨,0.39
2019_61,2019,266517.03,2681234.54,0518及0611豪雨,降雨,0.25
2019_62,2019,275423.4,2664681.74,0518及0611豪雨,降雨,0.29
2019_63,2019,274532.91,2664915.65,0518及0611豪雨,降雨,0.19
2019_64,2019,268530.39,2648546.94,0518及0611豪雨,降雨,0.16
2019_65,2019,275876.6,2649654.15,0518及0611豪雨,降雨,0.27
2019_66,2019,272058.88,2647173.77,0518及0611豪雨,降雨,0.22
2019_67,2019,263808.45,2644723.07,0518及0611豪雨,降雨,0.12
2019_68,2019,258049.41,2646297.26,0518及0611豪雨,降雨,0.13
2019_69,2019,268134.47,2643418.88,0518及0611豪雨,降雨,0.25
2019_70,2019,272045.71,2638882.88,0518及0611豪雨,降雨,0.51
2019_71,2019,266728.48,2629157.22,0518及0611豪雨,降雨,0.31
2019_72,2019,265736.65,2687278.33,0518及0611豪雨,降雨,0.23
2019_73,2019,273780.41,2688069.42,0518及0611豪雨,降雨,0.22
2019_74,2019,257147.18,2654144.45,0518及0611豪雨,降雨,0.16
2019_75,2019,254463.85,2642420.06,0518及0611豪雨,降雨,0.31
2019_76,2019,253610.4,2638622.86,0518及0611豪雨,降雨,0.55
2019_77,2019,248004.97,2627772.43,0518及0611豪雨,降雨,11.64
2019_78,2019,242130.48,2619293.53,0518及0611豪雨,降雨,0.82
2019_79,2019,250360.04,2617940.33,利奇馬颱風、0815豪雨、白鹿颱風,降雨,1.76
2019_80,2019,244708.36,2613611.27,利奇馬颱風、0815豪雨、白鹿颱風,降雨,0.29
2019_81,2019,232357.7,2611202.89,0518及0611豪雨,降雨,0.25
2019_82,2019,234757.4,2612064.98,0518及0611豪雨,降雨,0.28
2019_83,2019,247538.81,2608281.07,0518及0611豪雨,降雨,0.11
2019_84,2019,233306.06,2605042.34,0518及0611豪雨,降雨,0.36
2019_85,2019,231169.24,2604460.51,0518及0611豪雨,降雨,0.11
2019_86,2019,238414.77,2600520.4,0518及0611豪雨,降雨,0.6
2019_87,2019,242035.7,2597398.99,0518及0611豪雨,降雨,0.23
2019_88,2019,233992.09,2563662.46,0518及0611豪雨,降雨,4.35
2019_89,2019,232708.07,2565690.43,0518及0611豪雨,降雨,1.01
2019_90,2019,221793.65,2565708.23,0518及0611豪雨,降雨,0.21
2019_91,2019,225324.7,2562784.45,0518及0611豪雨,降雨,0.2
2019_92,2019,233384.99,2562991.19,0518及0611豪雨,降雨,0.48
2019_93,2019,226658.71,2558607.05,0518及0611豪雨,降雨,0.38
2019_94,2019,216255.56,2529432.31,0627高雄茂林山崩,其他,0.23
2019_95,2019,215181.21,2539354.95,0518及0611豪雨,降雨,0.73
2019_96,2019,222873.46,2540867.58,0518及0611豪雨,降雨,1.19
2019_97,2019,275004.8,2694129.14,0518及0611豪雨,降雨,1.04
2019_98,2019,261375.2,2713988.15,0518及0611豪雨,降雨,0.46
2019_99,2019,266161.53,2723531.79,0518及0611豪雨,降雨,0.28
2019_100,2019,288596.19,2723148.58,0518及0611豪雨,降雨,0.29
2019_101,2019,278066.74,2715605.47,0518及0611豪雨,降雨,0.43
2019_102,2019,301475.18,2696906.5,0428豪雨,降雨,0.77
2019_103,2019,313455.54,2697186.02,0428豪雨,降雨,0.68
2019_104,2019,287194.26,2706810.96,0428豪雨,降雨,0.52
2019_105,2019,338013.84,2717814.43,0428豪雨,降雨,0.63
2019_106,2019,302241.15,2716561.83,0428豪雨,降雨,0.13
2019_107,2019,299468.89,2645384.24,0418地震,地震,0.12
2019_108,2019,297655.4,2640964.42,0418地震,地震,0.09
2019_109,2019,296288.39,2650651.09,0418地震,地震,0.55
2019_110,2019,305803.8,2659820.39,0418地震,地震,0.32
2019_111,2019,305783.91,2659689.68,0418地震,地震,0.21
2019_112,2019,305818.26,2662420.44,0418地震,地震,1.07
2019_113,2019,303239.45,2667689.61,0418地震,地震,0.1
2019_114,2019,303209.01,2667782.61,0418地震,地震,0.21
2019_115,2019,316550.06,2676248.73,0418地震,地震,0.84
2019_116,2019,313473.91,2676549.51,0418地震,地震,0.21
2019_117,2019,312821.1,2676263.18,0418地震,地震,0.32
2019_118,2019,307626.82,2675990.55,0418地震,地震,0.33
2019_119,2019,297165.83,2653601.49,0418地震,地震,0.12
2019_120,2019,285236.61,2632094.7,0418地震,地震,0.48
2019_121,2019,287749.22,2625934.87,0418地震,地震,1.05
2019_122,2019,285361.01,2631924.24,0418地震,地震,0.16
2019_123,2019,271997.46,2658829.32,0418地震,地震,0.17
2019_124,2019,275804.97,2657199.29,0418地震,地震,0.27
2019_125,2019,275062.64,2657537.21,0418地震,地震,0.17
2019_126,2019,262366.57,2683076.18,0418地震,地震,2.17
2019_127,2019,271587.33,2678943.31,0418地震,地震,0.84
2019_128,2019,263522.64,2673431.9,0418地震,地震,0.59
2019_129,2019,263556.63,2670011.37,0418地震,地震,0.28
2019_130,2019,263757.66,2670348.28,0418地震,地震,0.13
2019_131,2019,262679.39,2668776.93,0418地震,地震,1.64
2019_132,2019,267454.95,2682777.72,0418地震,地震,1.15
2019_133,2019,268052.88,2692546.13,0418地震,地震,1.5
2019_134,2019,255038.79,2668485.3,0418地震,地震,0.77
2019_135,2019,227976.18,2584829.61,丹娜絲颱風,降雨,0.19
2019_136,2019,230904.18,2562761.38,丹娜絲颱風,降雨,0.28
2020_0,2020,253338.7,2708158.94,0521暨0528豪雨,降雨,0.26
2020_1,2020,268273.44,2706674.17,0521暨0528豪雨,降雨,0.12
2020_2,2020,242869.22,2683850.42,0521暨0528豪雨,降雨,0.28
2020_3,2020,269411.35,2678072.16,0521暨0528豪雨,降雨,0.12
2020_4,2020,258064.72,2667529.36,0521暨0528豪雨,降雨,0.38
2020_5,2020,263943.28,2667695.91,0521暨0528豪雨,降雨,0.11
2020_6,2020,240569.44,2620693.63,0521暨0528豪雨,降雨,0.25
2020_7,2020,226973.3,2608780.37,0521暨0528豪雨,降雨,0.42
2020_8,2020,214439.27,2607140.22,0521暨0528豪雨,降雨,0.21
2020_9,2020,238135.94,2605624.76,0521暨0528豪雨,降雨,0.38
2020_10,2020,217316.0,2590369.76,0521暨0528豪雨,降雨,0.83
2020_11,2020,243517.6,2585680.04,0521暨0528豪雨,降雨,1.12
2020_12,2020,229250.87,2584867.68,0521暨0528豪雨,降雨,0.16
2020_13,2020,233640.63,2566601.78,0521暨0528豪雨,降雨,0.3
2020_14,2020,238764.7,2564809.27,0521暨0528豪雨,降雨,0.14
2020_15,2020,220405.77,2565527.13,0521暨0528豪雨,降雨,0.78
2020_16,2020,230329.76,2572010.4,0521暨0528豪雨,降雨,0.13
2020_17,2020,232638.49,2565869.94,0521暨0528豪雨,降雨,0.68
2020_18,2020,208939.07,2573921.98,0521暨0528豪雨,降雨,0.1
2020_19,2020,219084.66,2593755.18,0521暨0528豪雨,降雨,0.63
2020_20,2020,249788.21,2686595.45,0521暨0528豪雨,降雨,0.66
2020_21,2020,264587.63,2649009.11,0521暨0528豪雨,降雨,0.1
2020_22,2020,264474.51,2648992.99,0521暨0528豪雨,降雨,0.23
2021_0,2021,217394.68,2610734.3,彩雲颱風,降雨,0.24
2021_1,2021,216879.04,2609903.5,彩雲颱風,降雨,0.55
2021_2,2021,221005.72,2618346.41,彩雲颱風,降雨,0.31
2021_3,2021,239527.39,2579332.44,彩雲颱風,降雨,0.27
2021_4,2021,214596.19,2612517.16,彩雲颱風,降雨,0.32
2021_5,2021,216229.23,2608718.78,彩雲颱風,降雨,0.71
2021_6,2021,228811.59,2581538.23,彩雲颱風,降雨,0.32
2021_7,2021,220427.76,2585048.96,彩雲颱風,降雨,0.12
2021_8,2021,229112.96,2571982.56,彩雲颱風,降雨,0.62
2021_9,2021,236770.01,2554176.89,彩雲颱風,降雨,0.12
2021_10,2021,237104.15,2554592.42,彩雲颱風,降雨,0.13
2021_11,2021,221066.74,2511260.89,彩雲颱風,降雨,1.62
2021_12,2021,220599.53,2585601.52,彩雲颱風,降雨,0.25
2021_13,2021,218438.12,2526791.19,彩雲颱風,降雨,0.19
2021_14,2021,231921.33,2562556.98,彩雲颱風,降雨,1.57
2021_15,2021,229242.61,2561843.24,彩雲颱風,降雨,0.11
2021_16,2021,231645.97,2563277.67,彩雲颱風,降雨,0.19
2021_17,2021,225165.26,2582448.32,彩雲颱風,降雨,0.37
2021_18,2021,225770.18,2584530.25,彩雲颱風,降雨,0.53
2021_19,2021,227313.21,2592814.42,彩雲颱風,降雨,0.14
2021_20,2021,200347.25,2570442.6,0621豪雨,降雨,0.34
2021_21,2021,214105.12,2570091.11,0621豪雨,降雨,0.17
2021_22,2021,208208.63,2556611.41,0621豪雨,降雨,0.15
2021_23,2021,220780.96,2557510.73,0621豪雨,降雨,0.3
2021_24,2021,217397.7,2495373.35,0621豪雨,降雨,0.12
2021_25,2021,222334.54,2491588.95,0621豪雨,降雨,0.46
2021_26,2021,205344.24,2560924.28,0621豪雨,降雨,0.21
2021_27,2021,215737.87,2562361.27,0621豪雨,降雨,0.3
2021_28,2021,288446.63,2737386.99,烟花颱風,降雨,0.64
2021_29,2021,256337.24,2714396.59,烟花颱風,降雨,0.49
2021_30,2021,260004.56,2713378.95,烟花颱風,降雨,0.12
2021_31,2021,261186.63,2715074.29,烟花颱風,降雨,0.27
2021_32,2021,273856.55,2719055.65,烟花颱風,降雨,0.16
2021_33,2021,272641.73,2726125.41,烟花颱風,降雨,0.13
2021_34,2021,277074.03,2733950.0,烟花颱風,降雨,1.2
2021_35,2021,284121.42,2737034.72,烟花颱風,降雨,0.28
2021_36,2021,311988.88,2760653.4,烟花颱風,降雨,0.2
2021_37,2021,207522.34,2561946.95,0731豪雨暨盧碧颱風,降雨,0.54
2021_38,2021,214227.78,2569118.86,0731豪雨暨盧碧颱風,降雨,0.13
2021_39,2021,208756.08,2561963.69,0731豪雨暨盧碧颱風,降雨,0.18
2021_40,2021,214180.21,2568630.57,0731豪雨暨盧碧颱風,降雨,4.95
2021_41,2021,201176.98,2554276.25,0731豪雨暨盧碧颱風,降雨,0.17
2021_42,2021,192310.67,2571185.55,0731豪雨暨盧碧颱風,降雨,0.1
2021_43,2021,198069.44,2570429.15,0731豪雨暨盧碧颱風,降雨,0.12
2021_44,2021,198656.37,2570402.05,0731豪雨暨盧碧颱風,降雨,0.13
2021_45,2021,196094.89,2569315.49,0731豪雨暨盧碧颱風,降雨,0.49
2021_46,2021,201020.09,2573052.95,0731豪雨暨盧碧颱風,降雨,0.23
2021_47,2021,197296.09,2569326.91,0731豪雨暨盧碧颱風,降雨,0.14
2021_48,2021,226913.99,2486046.98,0731豪雨暨盧碧颱風,降雨,0.22
2021_49,2021,225717.72,2487581.57,0731豪雨暨盧碧颱風,降雨,0.63
2021_50,2021,225962.45,2488444.65,0731豪雨暨盧碧颱風,降雨,0.17
2021_51,2021,225731.08,2486806.14,0731豪雨暨盧碧颱風,降雨,0.48
2021_52,2021,226129.27,2488166.7,0731豪雨暨盧碧颱風,降雨,0.45
2021_53,2021,226039.64,2490169.31,0731豪雨暨盧碧颱風,降雨,0.26
2021_54,2021,227495.05,2489370.63,0731豪雨暨盧碧颱風,降雨,0.18
2021_55,2021,237268.54,2529052.03,0731豪雨暨盧碧颱風,降雨,1.02
2021_56,2021,235275.35,2509741.43,0731豪雨暨盧碧颱風,降雨,0.62
2021_57,2021,227584.02,2659667.6,0731豪雨暨盧碧颱風,降雨,0.13
2021_58,2021,262671.9,2688323.04,0731豪雨暨盧碧颱風,降雨,0.11
2021_59,2021,246944.01,2682545.23,0731豪雨暨盧碧颱風,降雨,0.29
2021_60,2021,214149.25,2607788.33,0731豪雨暨盧碧颱風,降雨,0.25
2021_61,2021,224642.61,2608489.35,0731豪雨暨盧碧颱風,降雨,0.29
2021_62,2021,223214.75,2595040.86,0731豪雨暨盧碧颱風,降雨,0.25
2021_63,2021,220865.16,2594517.03,0731豪雨暨盧碧颱風,降雨,0.46
2021_64,2021,218670.99,2594467.23,0731豪雨暨盧碧颱風,降雨,0.45
2021_65,2021,218849.39,2594468.32,0731豪雨暨盧碧颱風,降雨,0.11
2021_66,2021,224514.45,2595446.19,0731豪雨暨盧碧颱風,降雨,0.99
2021_67,2021,227348.21,2592818.69,0731豪雨暨盧碧颱風,降雨,0.12
2021_68,2021,234412.17,2590083.34,0731豪雨暨盧碧颱風,降雨,0.15
2021_69,2021,234187.6,2590647.03,0731豪雨暨盧碧颱風,降雨,0.12
2021_70,2021,223977.03,2595855.16,0731豪雨暨盧碧颱風,降雨,0.12
2021_71,2021,216300.12,2582040.88,0731豪雨暨盧碧颱風,降雨,0.19
2021_72,2021,220972.02,2582681.26,0731豪雨暨盧碧颱風,降雨,0.11
2021_73,2021,227988.56,2606940.7,0731豪雨暨盧碧颱風,降雨,0.66
2021_74,2021,225905.13,2600916.87,0731豪雨暨盧碧颱風,降雨,0.27
2021_75,2021,226747.63,2601563.2,0731豪雨暨盧碧颱風,降雨,0.91
2021_76,2021,213943.56,2585256.86,0731豪雨暨盧碧颱風,降雨,0.17
2021_77,2021,213960.96,2585051.83,0731豪雨暨盧碧颱風,降雨,0.19
2021_78,2021,220661.0,2585676.75,0731豪雨暨盧碧颱風,降雨,0.31
2021_79,2021,220502.68,2585057.77,0731豪雨暨盧碧颱風,降雨,1.09
2021_80,2021,221153.44,2585340.76,0731豪雨暨盧碧颱風,降雨,0.17
2021_81,2021,216736.03,2589739.84,0731豪雨暨盧碧颱風,降雨,0.67
2021_82,2021,220605.81,2585356.62,0731豪雨暨盧碧颱風,降雨,0.21
2021_83,2021,220762.24,2585406.51,0731豪雨暨盧碧颱風,降雨,1.24
2021_84,2021,222531.95,2600691.7,0731豪雨暨盧碧颱風,降雨,0.46
2021_85,2021,222603.25,2600556.51,0731豪雨暨盧碧颱風,降雨,0.13
2021_86,2021,225772.11,2598334.64,0731豪雨暨盧碧颱風,降雨,0.8
2021_87,2021,226325.79,2597868.7,0731豪雨暨盧碧颱風,降雨,0.45
2021_88,2021,221995.69,2600934.87,0731豪雨暨盧碧颱風,降雨,0.32
2021_89,2021,211364.6,2570457.78,0731豪雨暨盧碧颱風,降雨,0.22
2021_90,2021,213451.44,2571574.48,0731豪雨暨盧碧颱風,降雨,0.12
2021_91,2021,212027.73,2573658.09,0731豪雨暨盧碧颱風,降雨,0.19
2021_92,2021,214256.13,2577860.1,0731豪雨暨盧碧颱風,降雨,0.16
2021_93,2021,212416.14,2580605.35,0731豪雨暨盧碧颱風,降雨,0.21
2021_94,2021,206501.68,2573653.52,0731豪雨暨盧碧颱風,降雨,0.21
2021_95,2021,207632.75,2582911.65,0731豪雨暨盧碧颱風,降雨,0.51
2021_96,2021,203717.76,2579060.52,0731豪雨暨盧碧颱風,降雨,0.22
2021_97,2021,208135.22,2582143.69,0731豪雨暨盧碧颱風,降雨,0.28
2021_98,2021,205224.56,2579837.74,0731豪雨暨盧碧颱風,降雨,0.24
2021_99,2021,208064.32,2581903.78,0731豪雨暨盧碧颱風,降雨,0.15
2021_100,2021,203529.9,2579037.98,0731豪雨暨盧碧颱風,降雨,0.21
2021_101,2021,219822.06,2609139.84,0731豪雨暨盧碧颱風,降雨,0.52
2021_102,2021,214593.56,2612517.29,0731豪雨暨盧碧颱風,降雨,0.31
2021_103,2021,216712.23,2608350.29,0731豪雨暨盧碧颱風,降雨,0.48
2021_104,2021,217146.01,2610766.77,0731豪雨暨盧碧颱風,降雨,1.55
2021_105,2021,222799.69,2552353.9,0731豪雨暨盧碧颱風,降雨,1.24
2021_106,2021,220973.77,2554731.77,0731豪雨暨盧碧颱風,降雨,0.81
2021_107,2021,218871.66,2543091.38,0731豪雨暨盧碧颱風,降雨,0.26
2021_108,2021,222321.82,2544163.87,0731豪雨暨盧碧颱風,降雨,0.99
2021_109,2021,221289.19,2546712.07,0731豪雨暨盧碧颱風,降雨,0.27
2021_110,2021,220050.85,2545723.08,0731豪雨暨盧碧颱風,降雨,0.15
2021_111,2021,222224.25,2551669.28,0731豪雨暨盧碧颱風,降雨,1.12
2021_112,2021,219904.47,2545620.87,0731豪雨暨盧碧颱風,降雨,0.6
2021_113,2021,236181.21,2561691.77,0731豪雨暨盧碧颱風,降雨,0.15
2021_114,2021,221933.08,2546647.58,0731豪雨暨盧碧颱風,降雨,0.52
2021_115,2021,221382.71,2546795.59,0731豪雨暨盧碧颱風,降雨,0.48
2021_116,2021,218891.35,2545530.57,0731豪雨暨盧碧颱風,降雨,0.41
2021_117,2021,222696.83,2549877.77,0731豪雨暨盧碧颱風,降雨,0.52
2021_118,2021,219476.38,2544600.02,0731豪雨暨盧碧颱風,降雨,0.51
2021_119,2021,222216.86,2547099.85,0731豪雨暨盧碧颱風,降雨,0.36
2021_120,2021,221241.29,2547233.46,0731豪雨暨盧碧颱風,降雨,0.94
2021_121,2021,221076.39,2555105.01,0731豪雨暨盧碧颱風,降雨,1.85
2021_122,2021,222552.68,2552489.95,0731豪雨暨盧碧颱風,降雨,0.48
2021_123,2021,220623.5,2546618.45,0731豪雨暨盧碧颱風,降雨,0.82
2021_124,2021,219338.72,2545848.3,0731豪雨暨盧碧颱風,降雨,0.31
2021_125,2021,233963.51,2563788.87,0731豪雨暨盧碧颱風,降雨,6.04
2021_126,2021,233834.1,2563263.06,0731豪雨暨盧碧颱風,降雨,1.99
2021_127,2021,232128.72,2563110.98,0731豪雨暨盧碧颱風,降雨,0.47
2021_128,2021,233158.6,2563105.42,0731豪雨暨盧碧颱風,降雨,0.38
2021_129,2021,233567.74,2563008.26,0731豪雨暨盧碧颱風,降雨,3.65
2021_130,2021,229453.43,2564882.22,0731豪雨暨盧碧颱風,降雨,2.79
2021_131,2021,231887.34,2563140.16,0731豪雨暨盧碧颱風,降雨,0.37
2021_132,2021,233645.62,2563788.52,0731豪雨暨盧碧颱風,降雨,0.52
2021_133,2021,233661.63,2563947.59,0731豪雨暨盧碧颱風,降雨,0.42
2021_134,2021,233351.3,2563175.19,0731豪雨暨盧碧颱風,降雨,1.05
2021_135,2021,232876.64,2563254.31,0731豪雨暨盧碧颱風,降雨,1.73
2021_136,2021,233249.58,2563002.84,0731豪雨暨盧碧颱風,降雨,1.59
2021_137,2021,232940.98,2563088.73,0731豪雨暨盧碧颱風,降雨,1.97
2021_138,2021,228357.21,2564803.0,0731豪雨暨盧碧颱風,降雨,0.38
2021_139,2021,234112.88,2564155.73,0731豪雨暨盧碧颱風,降雨,6.1
2021_140,2021,233540.08,2563258.95,0731豪雨暨盧碧颱風,降雨,7.25
2021_141,2021,232718.23,2569244.44,0731豪雨暨盧碧颱風,降雨,0.25
2021_142,2021,232869.79,2568593.76,0731豪雨暨盧碧颱風,降雨,0.81
2021_143,2021,232770.52,2566012.77,0731豪雨暨盧碧颱風,降雨,0.75
2021_144,2021,230027.99,2567205.09,0731豪雨暨盧碧颱風,降雨,0.19
2021_145,2021,231694.62,2568082.76,0731豪雨暨盧碧颱風,降雨,0.48
2021_146,2021,232617.67,2565800.34,0731豪雨暨盧碧颱風,降雨,0.96
2021_147,2021,233722.69,2577233.11,0731豪雨暨盧碧颱風,降雨,0.56
2021_148,2021,240259.18,2590012.53,0731豪雨暨盧碧颱風,降雨,0.23
2021_149,2021,230590.0,2575796.15,0731豪雨暨盧碧颱風,降雨,0.29
2021_150,2021,230587.92,2576189.68,0731豪雨暨盧碧颱風,降雨,0.31
2021_151,2021,244428.26,2586934.08,0731豪雨暨盧碧颱風,降雨,0.15
2021_152,2021,231690.16,2577946.26,0731豪雨暨盧碧颱風,降雨,0.13
2021_153,2021,240780.46,2590571.56,0731豪雨暨盧碧颱風,降雨,0.22
2021_154,2021,244384.23,2587271.81,0731豪雨暨盧碧颱風,降雨,0.74
2021_155,2021,218296.74,2559657.43,0731豪雨暨盧碧颱風,降雨,1.37
2021_156,2021,218227.04,2559643.36,0731豪雨暨盧碧颱風,降雨,0.79
2021_157,2021,222049.99,2561824.77,0731豪雨暨盧碧颱風,降雨,0.36
2021_158,2021,219191.31,2558638.75,0731豪雨暨盧碧颱風,降雨,0.22
2021_159,2021,218548.44,2561642.05,0731豪雨暨盧碧颱風,降雨,0.4
2021_160,2021,221935.09,2561348.36,0731豪雨暨盧碧颱風,降雨,0.2
2021_161,2021,227213.53,2565150.73,0731豪雨暨盧碧颱風,降雨,0.4
2021_162,2021,226921.42,2564514.7,0731豪雨暨盧碧颱風,降雨,0.4
2021_163,2021,224647.24,2568161.44,0731豪雨暨盧碧颱風,降雨,0.95
2021_164,2021,223195.37,2563100.54,0731豪雨暨盧碧颱風,降雨,0.1
2021_165,2021,226643.43,2565339.75,0731豪雨暨盧碧颱風,降雨,0.25
2021_166,2021,233698.36,2560782.04,0731豪雨暨盧碧颱風,降雨,0.3
2021_167,2021,226196.44,2564785.35,0731豪雨暨盧碧颱風,降雨,0.13
2021_168,2021,226647.65,2566129.59,0731豪雨暨盧碧颱風,降雨,0.2
2021_169,2021,226924.01,2568126.96,0731豪雨暨盧碧颱風,降雨,1.43
2021_170,2021,227370.75,2565345.29,0731豪雨暨盧碧颱風,降雨,0.2
2021_171,2021,226856.16,2568526.61,0731豪雨暨盧碧颱風,降雨,3.63
2021_172,2021,225715.77,2563900.54,0731豪雨暨盧碧颱風,降雨,0.49
2021_173,2021,230130.21,2574145.12,0731豪雨暨盧碧颱風,降雨,0.66
2021_174,2021,216609.34,2529746.85,0731豪雨暨盧碧颱風,降雨,0.13
2021_175,2021,216309.35,2530222.28,0731豪雨暨盧碧颱風,降雨,0.32
2021_176,2021,229298.42,2536319.39,0731豪雨暨盧碧颱風,降雨,0.88
2021_177,2021,230065.57,2531502.07,0731豪雨暨盧碧颱風,降雨,0.13
2021_178,2021,229384.15,2529769.04,0731豪雨暨盧碧颱風,降雨,7.13
2021_179,2021,231260.39,2532521.43,0731豪雨暨盧碧颱風,降雨,0.21
2021_180,2021,228530.22,2534077.17,0731豪雨暨盧碧颱風,降雨,0.32
2021_181,2021,219848.19,2534559.41,0731豪雨暨盧碧颱風,降雨,0.18
2021_182,2021,221236.26,2541132.36,0731豪雨暨盧碧颱風,降雨,0.22
2021_183,2021,223220.9,2535313.18,0731豪雨暨盧碧颱風,降雨,2.76
2021_184,2021,229094.8,2531444.95,0731豪雨暨盧碧颱風,降雨,0.31
2021_185,2021,228646.34,2530983.37,0731豪雨暨盧碧颱風,降雨,0.16
2021_186,2021,222830.44,2531386.97,0731豪雨暨盧碧颱風,降雨,0.66
2021_187,2021,222526.69,2534970.71,0731豪雨暨盧碧颱風,降雨,0.73
2021_188,2021,226297.27,2536886.35,0731豪雨暨盧碧颱風,降雨,1.8
2021_189,2021,223248.05,2532155.5,0731豪雨暨盧碧颱風,降雨,0.22
2021_190,2021,226426.46,2539451.71,0731豪雨暨盧碧颱風,降雨,0.4
2021_191,2021,224197.93,2536163.09,0731豪雨暨盧碧颱風,降雨,0.7
2021_192,2021,217076.38,2541161.12,0731豪雨暨盧碧颱風,降雨,0.35
2021_193,2021,230011.43,2537639.8,0731豪雨暨盧碧颱風,降雨,0.25
2021_194,2021,229238.32,2535540.06,0731豪雨暨盧碧颱風,降雨,0.35
2021_195,2021,223549.28,2538244.38,0731豪雨暨盧碧颱風,降雨,0.53
2021_196,2021,225825.78,2527823.75,0731豪雨暨盧碧颱風,降雨,0.54
2021_197,2021,231474.89,2531438.22,0731豪雨暨盧碧颱風,降雨,0.43
2021_198,2021,222896.42,2535656.04,0731豪雨暨盧碧颱風,降雨,9.01
2021_199,2021,208034.9,2537830.49,0731豪雨暨盧碧颱風,降雨,0.22
2021_200,2021,207794.69,2539544.61,0731豪雨暨盧碧颱風,降雨,0.31
2021_201,2021,206623.66,2528614.49,0731豪雨暨盧碧颱風,降雨,0.15
2021_202,2021,207557.51,2528887.3,0731豪雨暨盧碧颱風,降雨,0.16
2021_203,2021,214751.71,2575882.14,0731豪雨暨盧碧颱風,降雨,0.82
2021_204,2021,215837.36,2571833.94,0731豪雨暨盧碧颱風,降雨,0.24
2021_205,2021,214319.13,2573628.18,0731豪雨暨盧碧颱風,降雨,0.22
2021_206,2021,225465.2,2578298.75,0731豪雨暨盧碧颱風,降雨,0.18
2021_207,2021,221722.54,2577717.23,0731豪雨暨盧碧颱風,降雨,0.16
2021_208,2021,224716.56,2576561.9,0731豪雨暨盧碧颱風,降雨,0.96
2021_209,2021,222099.88,2577474.66,0731豪雨暨盧碧颱風,降雨,0.36
2021_210,2021,217572.86,2574672.85,0731豪雨暨盧碧颱風,降雨,0.41
2021_211,2021,224270.9,2579088.21,0731豪雨暨盧碧颱風,降雨,0.23
2021_212,2021,218379.5,2565356.82,0731豪雨暨盧碧颱風,降雨,0.25
2021_213,2021,215009.56,2569915.91,0731豪雨暨盧碧颱風,降雨,0.15
2021_214,2021,217281.07,2569033.89,0731豪雨暨盧碧颱風,降雨,0.61
2021_215,2021,218353.04,2567333.66,0731豪雨暨盧碧颱風,降雨,0.19
2021_216,2021,215393.96,2570120.28,0731豪雨暨盧碧颱風,降雨,0.33
2021_217,2021,221446.0,2567979.96,0731豪雨暨盧碧颱風,降雨,1.2
2021_218,2021,218055.45,2568738.96,0731豪雨暨盧碧颱風,降雨,0.61
2021_219,2021,218280.39,2565620.17,0731豪雨暨盧碧颱風,降雨,0.27
2021_220,2021,209936.96,2546047.03,0731豪雨暨盧碧颱風,降雨,0.22
2021_221,2021,210456.93,2544200.27,0731豪雨暨盧碧颱風,降雨,0.22
2021_222,2021,202365.74,2545891.66,0731豪雨暨盧碧颱風,降雨,0.27
2021_223,2021,209833.25,2549780.35,0731豪雨暨盧碧颱風,降雨,0.22
2021_224,2021,210421.28,2553849.04,0731豪雨暨盧碧颱風,降雨,0.13
2021_225,2021,209701.19,2551237.15,0731豪雨暨盧碧颱風,降雨,0.2
2021_226,2021,211767.41,2562257.05,0731豪雨暨盧碧颱風,降雨,0.12
2021_227,2021,210462.11,2561123.14,0731豪雨暨盧碧颱風,降雨,0.18
2021_228,2021,211469.05,2562057.7,0731豪雨暨盧碧颱風,降雨,0.28
2021_229,2021,211955.21,2562528.39,0731豪雨暨盧碧颱風,降雨,0.47
2021_230,2021,219148.51,2557113.95,0731豪雨暨盧碧颱風,降雨,4.7
2021_231,2021,218874.39,2557063.68,0731豪雨暨盧碧颱風,降雨,1.73
2021_232,2021,216980.18,2546394.43,0731豪雨暨盧碧颱風,降雨,0.23
2021_233,2021,216959.91,2545413.43,0731豪雨暨盧碧颱風,降雨,1.91
2021_234,2021,219780.96,2549269.92,0731豪雨暨盧碧颱風,降雨,2.87
2021_235,2021,219236.82,2550212.89,0731豪雨暨盧碧颱風,降雨,0.57
2021_236,2021,217811.46,2547026.76,0731豪雨暨盧碧颱風,降雨,0.18
2021_237,2021,211623.34,2548850.23,0731豪雨暨盧碧颱風,降雨,0.22
2021_238,2021,221097.9,2550746.33,0731豪雨暨盧碧颱風,降雨,2.36
2021_239,2021,221155.56,2550100.68,0731豪雨暨盧碧颱風,降雨,0.29
2021_240,2021,220476.27,2550516.61,0731豪雨暨盧碧颱風,降雨,1.39
2021_241,2021,220468.37,2550865.69,0731豪雨暨盧碧颱風,降雨,0.53
2021_242,2021,219420.63,2551278.98,0731豪雨暨盧碧颱風,降雨,0.26
2021_243,2021,214540.53,2551494.74,0731豪雨暨盧碧颱風,降雨,0.13
2021_244,2021,211052.06,2547455.85,0731豪雨暨盧碧颱風,降雨,0.14
2021_245,2021,201805.01,2546932.71,0731豪雨暨盧碧颱風,降雨,0.24
2021_246,2021,253468.09,2707644.56,0731豪雨暨盧碧颱風,降雨,0.56
2021_247,2021,249046.33,2692114.67,0731豪雨暨盧碧颱風,降雨,0.53
2021_248,2021,263617.9,2699082.32,0731豪雨暨盧碧颱風,降雨,0.28
2021_249,2021,263203.62,2701503.07,0731豪雨暨盧碧颱風,降雨,0.43
2021_250,2021,264039.19,2709096.09,0731豪雨暨盧碧颱風,降雨,0.3
2021_251,2021,252766.74,2690775.22,0731豪雨暨盧碧颱風,降雨,0.35
2021_252,2021,258843.76,2695340.59,0731豪雨暨盧碧颱風,降雨,0.14
2021_253,2021,254763.29,2694671.52,0731豪雨暨盧碧颱風,降雨,0.56
2021_254,2021,255165.19,2704812.57,0731豪雨暨盧碧颱風,降雨,0.19
2021_255,2021,233760.79,2517829.82,0731豪雨暨盧碧颱風,降雨,0.18
2021_256,2021,231064.67,2513954.99,0731豪雨暨盧碧颱風,降雨,0.21
2021_257,2021,233046.5,2517176.5,0731豪雨暨盧碧颱風,降雨,0.52
2021_258,2021,230837.15,2512809.21,0731豪雨暨盧碧颱風,降雨,0.2
2021_259,2021,227483.77,2515378.46,0731豪雨暨盧碧颱風,降雨,0.38
2021_260,2021,236262.59,2515523.69,0731豪雨暨盧碧颱風,降雨,0.43
2021_261,2021,225620.43,2516119.79,0731豪雨暨盧碧颱風,降雨,0.35
2021_262,2021,225324.87,2514754.11,0731豪雨暨盧碧颱風,降雨,0.13
2021_263,2021,230813.72,2513831.67,0731豪雨暨盧碧颱風,降雨,0.2
2021_264,2021,236102.82,2515681.53,0731豪雨暨盧碧颱風,降雨,0.42
2021_265,2021,234892.11,2514584.19,0731豪雨暨盧碧颱風,降雨,0.28
2021_266,2021,230924.68,2514016.97,0731豪雨暨盧碧颱風,降雨,0.39
2021_267,2021,233664.16,2517914.54,0731豪雨暨盧碧颱風,降雨,0.37
2021_268,2021,222971.93,2518377.63,0731豪雨暨盧碧颱風,降雨,0.11
2021_269,2021,222879.23,2518676.76,0731豪雨暨盧碧颱風,降雨,0.65
2021_270,2021,223095.11,2518426.6,0731豪雨暨盧碧颱風,降雨,0.17
2021_271,2021,221871.45,2519156.59,0731豪雨暨盧碧颱風,降雨,0.36
2021_272,2021,223162.21,2518800.06,0731豪雨暨盧碧颱風,降雨,0.26
2021_273,2021,222876.28,2518406.66,0731豪雨暨盧碧颱風,降雨,0.21
2021_274,2021,227827.93,2508586.5,0731豪雨暨盧碧颱風,降雨,3.96
2021_275,2021,223865.88,2515399.3,0731豪雨暨盧碧颱風,降雨,0.35
2021_276,2021,223938.35,2516509.42,0731豪雨暨盧碧颱風,降雨,1.29
2021_277,2021,224064.41,2515388.15,0731豪雨暨盧碧颱風,降雨,2.12
2021_278,2021,231344.15,2528185.24,0731豪雨暨盧碧颱風,降雨,0.25
2021_279,2021,229684.3,2517866.11,0731豪雨暨盧碧颱風,降雨,0.82
2021_280,2021,230697.34,2520239.37,0731豪雨暨盧碧颱風,降雨,0.66
2021_281,2021,227859.2,2526310.82,0731豪雨暨盧碧颱風,降雨,0.32
2021_282,2021,235115.08,2521607.79,0731豪雨暨盧碧颱風,降雨,0.23
2021_283,2021,224892.1,2518742.45,0731豪雨暨盧碧颱風,降雨,0.19
2021_284,2021,231281.44,2527698.33,0731豪雨暨盧碧颱風,降雨,0.22
2021_285,2021,231865.14,2529155.44,0731豪雨暨盧碧颱風,降雨,0.63
2021_286,2021,231151.58,2528318.4,0731豪雨暨盧碧颱風,降雨,0.94
2021_287,2021,228819.57,2526148.09,0731豪雨暨盧碧颱風,降雨,0.51
2021_288,2021,230998.06,2519567.45,0731豪雨暨盧碧颱風,降雨,0.13
2021_289,2021,225013.92,2518575.66,0731豪雨暨盧碧颱風,降雨,0.61
2021_290,2021,215887.94,2505883.17,0731豪雨暨盧碧颱風,降雨,0.24
2021_291,2021,221727.08,2507871.3,0731豪雨暨盧碧颱風,降雨,0.23
2021_292,2021,223326.37,2508757.96,0731豪雨暨盧碧颱風,降雨,0.32
2021_293,2021,215969.73,2505181.3,0731豪雨暨盧碧颱風,降雨,0.13
2021_294,2021,221081.4,2500073.38,0731豪雨暨盧碧颱風,降雨,0.21
2021_295,2021,220280.7,2506181.64,0731豪雨暨盧碧颱風,降雨,0.47
2021_296,2021,219809.22,2504144.17,0731豪雨暨盧碧颱風,降雨,0.64
2021_297,2021,220162.7,2500213.47,0731豪雨暨盧碧颱風,降雨,0.41
2021_298,2021,220661.19,2499940.15,0731豪雨暨盧碧颱風,降雨,0.31
2021_299,2021,220235.32,2499898.45,0731豪雨暨盧碧颱風,降雨,0.74
2021_300,2021,220086.82,2495930.15,0731豪雨暨盧碧颱風,降雨,0.99
2021_301,2021,217249.65,2496864.43,0731豪雨暨盧碧颱風,降雨,4.98
2021_302,2021,216592.09,2501532.88,0731豪雨暨盧碧颱風,降雨,0.23
2021_303,2021,212471.79,2501088.77,0731豪雨暨盧碧颱風,降雨,0.16
2021_304,2021,213516.45,2475310.27,0731豪雨暨盧碧颱風,降雨,0.12
2021_305,2021,225509.64,2479902.03,0731豪雨暨盧碧颱風,降雨,0.13
2021_306,2021,220676.63,2483724.99,0731豪雨暨盧碧颱風,降雨,0.21
2021_307,2021,218010.7,2484566.7,0731豪雨暨盧碧颱風,降雨,0.18
2021_308,2021,213892.94,2482809.13,0731豪雨暨盧碧颱風,降雨,0.17
2021_309,2021,218986.59,2493422.46,0731豪雨暨盧碧颱風,降雨,0.36
2021_310,2021,216473.88,2492532.83,0731豪雨暨盧碧颱風,降雨,0.25
2021_311,2021,221291.96,2486315.8,0731豪雨暨盧碧颱風,降雨,0.41
2021_312,2021,219631.73,2491828.7,0731豪雨暨盧碧颱風,降雨,0.37
2021_313,2021,223626.61,2489167.27,0731豪雨暨盧碧颱風,降雨,0.12
2021_314,2021,217420.73,2492260.25,0731豪雨暨盧碧颱風,降雨,0.35
2021_315,2021,219893.68,2487854.63,0731豪雨暨盧碧颱風,降雨,0.81
2021_316,2021,223781.76,2489051.95,0731豪雨暨盧碧颱風,降雨,1.75
2021_317,2021,220805.54,2491971.57,0731豪雨暨盧碧颱風,降雨,0.91
2021_318,2021,217176.82,2492277.64,0731豪雨暨盧碧颱風,降雨,1.04
2021_319,2021,219005.8,2493262.1,0731豪雨暨盧碧颱風,降雨,0.31
2021_320,2021,213326.2,2492587.16,0731豪雨暨盧碧颱風,降雨,1.57
2021_321,2021,218707.14,2516577.73,0731豪雨暨盧碧颱風,降雨,0.2
2021_322,2021,220617.8,2518412.96,0731豪雨暨盧碧颱風,降雨,0.12
2021_323,2021,219549.16,2517740.69,0731豪雨暨盧碧颱風,降雨,1.63
2021_324,2021,220281.7,2517853.45,0731豪雨暨盧碧颱風,降雨,0.25
2021_325,2021,217301.54,2512893.67,0731豪雨暨盧碧颱風,降雨,0.23
2021_326,2021,216254.49,2519892.09,0731豪雨暨盧碧颱風,降雨,0.51
2021_327,2021,214039.87,2528484.87,0731豪雨暨盧碧颱風,降雨,0.45
2021_328,2021,214326.11,2528691.59,0731豪雨暨盧碧颱風,降雨,0.16
2021_329,2021,214107.93,2524971.84,0731豪雨暨盧碧颱風,降雨,0.21
2021_330,2021,214500.33,2525338.47,0731豪雨暨盧碧颱風,降雨,0.23
2021_331,2021,215774.97,2523277.97,0731豪雨暨盧碧颱風,降雨,0.78
2021_332,2021,219820.11,2526688.86,0731豪雨暨盧碧颱風,降雨,0.45
2021_333,2021,218196.56,2526764.37,0731豪雨暨盧碧颱風,降雨,1.38
2021_334,2021,219261.23,2526483.6,0731豪雨暨盧碧颱風,降雨,6.43
2021_335,2021,219485.13,2529679.37,0731豪雨暨盧碧颱風,降雨,1.78
2021_336,2021,219010.79,2526269.11,0731豪雨暨盧碧颱風,降雨,0.55
2021_337,2021,217903.56,2527043.43,0731豪雨暨盧碧颱風,降雨,7.16
2021_338,2021,216849.18,2522344.37,0731豪雨暨盧碧颱風,降雨,0.12
2021_339,2021,218098.24,2525896.27,0731豪雨暨盧碧颱風,降雨,0.51
2021_340,2021,219621.4,2526221.67,0731豪雨暨盧碧颱風,降雨,0.29
2021_341,2021,222452.16,2526930.53,0731豪雨暨盧碧颱風,降雨,0.68
2021_342,2021,219865.97,2527354.18,0731豪雨暨盧碧颱風,降雨,0.68
2021_343,2021,218443.25,2526485.85,0731豪雨暨盧碧颱風,降雨,0.56
2021_344,2021,218830.86,2526678.87,0731豪雨暨盧碧颱風,降雨,1.8
2021_345,2021,225588.06,2527582.19,0731豪雨暨盧碧颱風,降雨,3.2
2021_346,2021,222856.08,2529989.69,0731豪雨暨盧碧颱風,降雨,0.28
2021_347,2021,217691.91,2525979.66,0731豪雨暨盧碧颱風,降雨,0.31
2021_348,2021,222963.28,2529911.83,0731豪雨暨盧碧颱風,降雨,0.78
2021_349,2021,222731.51,2529800.33,0731豪雨暨盧碧颱風,降雨,1.18
2021_350,2021,220031.18,2527858.88,0731豪雨暨盧碧颱風,降雨,0.54
2021_351,2021,214915.51,2519849.15,0731豪雨暨盧碧颱風,降雨,0.37
2021_352,2021,215228.56,2519312.54,0731豪雨暨盧碧颱風,降雨,0.25
2021_353,2021,216217.91,2513542.42,0731豪雨暨盧碧颱風,降雨,0.17
2021_354,2021,233282.76,2611338.85,0731豪雨暨盧碧颱風,降雨,1.19
2021_355,2021,233712.63,2611989.49,0731豪雨暨盧碧颱風,降雨,0.26
2021_356,2021,239449.5,2611716.45,0731豪雨暨盧碧颱風,降雨,1.01
2021_357,2021,232985.63,2601352.25,0731豪雨暨盧碧颱風,降雨,0.15
2021_358,2021,232904.71,2599210.66,0731豪雨暨盧碧颱風,降雨,1.18
2021_359,2021,251162.86,2606597.43,0731豪雨暨盧碧颱風,降雨,0.27
2021_360,2021,241278.72,2599417.92,0731豪雨暨盧碧颱風,降雨,0.25
2021_361,2021,236767.44,2616553.44,0731豪雨暨盧碧颱風,降雨,0.21
2021_362,2021,236219.1,2617354.34,0731豪雨暨盧碧颱風,降雨,0.27
2021_363,2021,240098.63,2606864.97,0731豪雨暨盧碧颱風,降雨,1.07
2021_364,2021,255938.42,2645365.95,0731豪雨暨盧碧颱風,降雨,3.85
2021_365,2021,269384.15,2677896.93,0731豪雨暨盧碧颱風,降雨,0.18
2021_366,2021,261048.51,2655028.39,0731豪雨暨盧碧颱風,降雨,0.23
2021_367,2021,263740.26,2662217.1,0731豪雨暨盧碧颱風,降雨,0.6
2021_368,2021,306782.9,2664661.8,璨樹颱風,降雨,1.14
2021_369,2021,305071.92,2658426.96,璨樹颱風,降雨,0.12
2021_370,2021,301227.96,2662543.38,圓規颱風暨1013豪雨,降雨,1.09
2021_371,2021,284798.66,2632332.02,圓規颱風暨1013豪雨,降雨,1.06
2021_372,2021,267770.79,2573058.66,圓規颱風暨1013豪雨,降雨,0.72
2021_373,2021,240741.19,2487529.71,圓規颱風暨1013豪雨,降雨,1.25
2021_374,2021,247063.46,2498579.8,圓規颱風暨1013豪雨,降雨,0.48
2021_375,2021,241109.77,2507640.54,圓規颱風暨1013豪雨,降雨,0.28
2021_376,2021,249240.72,2512112.57,圓規颱風暨1013豪雨,降雨,0.59
2021_377,2021,246832.55,2521612.64,圓規颱風暨1013豪雨,降雨,0.1
2021_378,2021,237291.93,2528903.25,圓規颱風暨1013豪雨,降雨,0.19
2021_379,2021,237969.54,2527689.14,圓規颱風暨1013豪雨,降雨,0.12
2021_380,2021,302471.84,2716819.31,圓規颱風暨1013豪雨,降雨,0.6
2021_381,2021,299791.98,2715089.25,圓規颱風暨1013豪雨,降雨,0.2
2021_382,2021,300077.12,2714230.43,圓規颱風暨1013豪雨,降雨,0.17
2021_383,2021,294210.11,2712756.25,圓規颱風暨1013豪雨,降雨,0.2
2021_384,2021,283322.74,2702670.02,圓規颱風暨1013豪雨,降雨,0.11
2021_385,2021,314873.94,2703511.06,圓規颱風暨1013豪雨,降雨,0.21
2021_386,2021,300069.75,2675820.59,圓規颱風暨1013豪雨,降雨,0.2
2021_387,2021,301752.79,2675737.31,圓規颱風暨1013豪雨,降雨,0.33
2021_388,2021,305138.65,2676906.59,圓規颱風暨1013豪雨,降雨,0.43
2021_389,2021,297996.07,2674237.77,圓規颱風暨1013豪雨,降雨,0.13
2021_390,2021,272137.28,2614985.54,圓規颱風暨1013豪雨,降雨,0.12
2021_391,2021,286969.29,2615195.29,圓規颱風暨1013豪雨,降雨,0.15
2021_392,2021,288187.26,2616105.48,圓規颱風暨1013豪雨,降雨,0.3
2021_393,2021,295862.45,2612177.57,圓規颱風暨1013豪雨,降雨,0.1
2021_394,2021,292386.54,2606686.01,圓規颱風暨1013豪雨,降雨,0.28
2021_395,2021,293806.77,2599903.87,圓規颱風暨1013豪雨,降雨,0.12
2021_396,2021,294240.37,2601527.4,圓規颱風暨1013豪雨,降雨,0.11
2021_397,2021,297827.0,2598690.15,圓規颱風暨1013豪雨,降雨,0.12
2021_398,2021,282802.3,2601725.75,圓規颱風暨1013豪雨,降雨,0.17
2021_399,2021,276268.5,2599285.19,圓規颱風暨1013豪雨,降雨,1.07
2021_400,2021,274915.59,2600206.75,圓規颱風暨1013豪雨,降雨,0.37
2021_401,2021,274455.53,2595793.05,圓規颱風暨1013豪雨,降雨,0.17
2021_402,2021,278673.77,2593241.31,圓規颱風暨1013豪雨,降雨,1.05
2021_403,2021,280435.89,2593621.23,圓規颱風暨1013豪雨,降雨,0.27
2021_404,2021,268720.69,2576576.41,圓規颱風暨1013豪雨,降雨,0.87
2021_405,2021,270041.11,2575744.76,圓規颱風暨1013豪雨,降雨,0.29
2021_406,2021,271254.85,2575158.86,圓規颱風暨1013豪雨,降雨,0.18
2021_407,2021,275344.66,2575236.33,圓規颱風暨1013豪雨,降雨,0.2
2021_408,2021,249558.6,2538179.21,圓規颱風暨1013豪雨,降雨,0.23
2021_409,2021,252721.2,2536250.28,圓規颱風暨1013豪雨,降雨,0.28
2021_410,2021,235389.1,2538735.93,圓規颱風暨1013豪雨,降雨,0.2
2022_0,2022,286708.22,2587559.87,0323地震,地震,0.46
2022_1,2022,290508.15,2576457.09,0323地震,地震,0.15
2022_2,2022,290616.29,2576308.66,0323地震,地震,1.64
2022_3,2022,282408.2,2736129.39,軒嵐諾暨梅花颱風,降雨,2.66
2022_4,2022,274348.26,2712980.23,軒嵐諾暨梅花颱風,降雨,0.49
2022_5,2022,288488.37,2742567.21,軒嵐諾暨梅花颱風,降雨,0.31
2022_6,2022,273593.33,2736530.25,軒嵐諾暨梅花颱風,降雨,0.38
2022_7,2022,285349.84,2734734.36,軒嵐諾暨梅花颱風,降雨,0.31
2022_8,2022,286906.47,2734378.81,軒嵐諾暨梅花颱風,降雨,0.1
2022_9,2022,289800.86,2733291.36,軒嵐諾暨梅花颱風,降雨,0.68
2022_10,2022,274874.7,2732958.22,軒嵐諾暨梅花颱風,降雨,0.45
2022_11,2022,287479.24,2730364.42,軒嵐諾暨梅花颱風,降雨,0.23
2022_12,2022,290975.17,2729003.4,軒嵐諾暨梅花颱風,降雨,0.15
2022_13,2022,280193.48,2724190.87,軒嵐諾暨梅花颱風,降雨,0.11
2022_14,2022,261285.89,2713822.12,軒嵐諾暨梅花颱風,降雨,0.21
2022_15,2022,260364.57,2709043.36,軒嵐諾暨梅花颱風,降雨,1.13
2022_16,2022,276408.52,2578857.12,0918地震,地震,0.21
2022_17,2022,276586.11,2578964.59,0918地震,地震,0.2
2022_18,2022,274231.16,2575563.04,0918地震,地震,0.45
2022_19,2022,281483.14,2545709.02,0918地震,地震,0.52
2022_20,2022,281511.69,2544400.52,0918地震,地震,0.2
2022_21,2022,278406.69,2543453.42,0918地震,地震,0.22
2022_22,2022,270223.24,2549850.28,0918地震,地震,0.13
2022_23,2022,288487.43,2587790.96,0918地震,地震,1.6
2022_24,2022,278325.05,2539322.64,0918地震,地震,0.39
2022_25,2022,277571.96,2537997.99,0918地震,地震,0.2
2022_26,2022,279996.42,2563237.89,0918地震,地震,0.19
2022_27,2022,274810.53,2581033.58,0918地震,地震,0.56
2022_28,2022,274695.16,2581070.87,0918地震,地震,0.16
2022_29,2022,291053.23,2592858.18,0918地震,地震,0.71
2022_30,2022,291641.28,2593582.33,0918地震,地震,0.21
2022_31,2022,286272.63,2555840.06,0918地震,地震,0.17
2022_32,2022,281812.39,2570920.95,0918地震,地震,0.89
2022_33,2022,288454.93,2587091.26,0918地震,地震,0.34
2022_34,2022,282279.33,2549746.89,0918地震,地震,0.22
2022_35,2022,283661.47,2553898.29,0918地震,地震,0.22
2022_36,2022,272025.85,2544225.15,0918地震,地震,0.43
2022_37,2022,271883.43,2546693.17,0918地震,地震,2.74
2022_38,2022,273930.72,2536329.55,0918地震,地震,2.62
2022_39,2022,274141.34,2536110.44,0918地震,地震,0.35
2022_40,2022,270073.75,2532635.29,0918地震,地震,0.35
2022_41,2022,269927.28,2532627.28,0918地震,地震,0.27
2022_42,2022,269963.97,2532348.04,0918地震,地震,0.38
2022_43,2022,261378.14,2575931.49,0918地震,地震,0.43
2022_44,2022,273380.02,2575828.52,0918地震,地震,0.14
2022_45,2022,273291.21,2575928.83,0918地震,地震,0.37
2022_46,2022,268735.65,2573881.27,0918地震,地震,0.25
2022_47,2022,263341.5,2574351.42,0918地震,地震,0.25
2022_48,2022,262335.25,2573211.95,0918地震,地震,0.2
2022_49,2022,256306.8,2542286.23,0918地震,地震,0.12
2022_50,2022,271965.9,2534537.6,0918地震,地震,0.12
2022_51,2022,276173.5,2575178.78,0918地震,地震,0.2
2022_52,2022,283134.56,2571009.97,0918地震,地震,0.47
2022_53,2022,282883.22,2566880.49,0918地震,地震,0.15
2022_54,2022,282369.39,2567583.35,0918地震,地震,0.33
2022_55,2022,276368.43,2550543.9,0918地震,地震,0.16
2022_56,2022,282783.49,2548162.97,0918地震,地震,0.13
2022_57,2022,278267.66,2539464.8,0918地震,地震,0.14
2022_58,2022,274085.55,2536437.47,0918地震,地震,0.5
2022_59,2022,273979.51,2536447.37,0918地震,地震,0.54
2022_60,2022,282739.9,2550986.24,0918地震,地震,0.25
2022_61,2022,291643.24,2726675.15,1007豪雨、尼莎颱風暨1022豪雨,降雨,0.13
2022_62,2022,285852.65,2722474.13,1007豪雨、尼莎颱風暨1022豪雨,降雨,0.21
2022_63,2022,273994.03,2719177.24,1007豪雨、尼莎颱風暨1022豪雨,降雨,0.18
2022_64,2022,296570.1,2716853.63,1007豪雨、尼莎颱風暨1022豪雨,降雨,1.33
2022_65,2022,300848.54,2721995.79,1007豪雨、尼莎颱風暨1022豪雨,降雨,1.33
2022_66,2022,301107.63,2722097.17,1007豪雨、尼莎颱風暨1022豪雨,降雨,0.45
2022_67,2022,301076.29,2722537.02,1007豪雨、尼莎颱風暨1022豪雨,降雨,0.15
2022_68,2022,300953.24,2722462.42,1007豪雨、尼莎颱風暨1022豪雨,降雨,0.12
2022_69,2022,300338.64,2722041.5,1007豪雨、尼莎颱風暨1022豪雨,降雨,0.21
2022_70,2022,300178.26,2721914.47,1007豪雨、尼莎颱風暨1022豪雨,降雨,0.83
2022_71,2022,299983.54,2722051.74,1007豪雨、尼莎颱風暨1022豪雨,降雨,2.09
2022_72,2022,299134.48,2722371.78,1007豪雨、尼莎颱風暨1022豪雨,降雨,0.57
2022_73,2022,299268.91,2722353.19,1007豪雨、尼莎颱風暨1022豪雨,降雨,0.41
2022_74,2022,299577.9,2722118.1,1007豪雨、尼莎颱風暨1022豪雨,降雨,0.17
2022_75,2022,299652.61,2721996.34,1007豪雨、尼莎颱風暨1022豪雨,降雨,0.25
2022_76,2022,300662.12,2722019.76,1007豪雨、尼莎颱風暨1022豪雨,降雨,0.59
2022_77,2022,300433.16,2721858.54,1007豪雨、尼莎颱風暨1022豪雨,降雨,0.12
2022_78,2022,300606.85,2721779.93,1007豪雨、尼莎颱風暨1022豪雨,降雨,0.15
2022_79,2022,300597.32,2721591.88,1007豪雨、尼莎颱風暨1022豪雨,降雨,0.12
2022_80,2022,301445.81,2721663.45,1007豪雨、尼莎颱風暨1022豪雨,降雨,0.37
2022_81,2022,301550.5,2720946.21,1007豪雨、尼莎颱風暨1022豪雨,降雨,0.17
2022_82,2022,295473.45,2715108.16,1007豪雨、尼莎颱風暨1022豪雨,降雨,0.11
2022_83,2022,295094.15,2714095.77,1007豪雨、尼莎颱風暨1022豪雨,降雨,0.17
2022_84,2022,285271.64,2705319.81,1007豪雨、尼莎颱風暨1022豪雨,降雨,0.22
2022_85,2022,288676.79,2706671.87,1007豪雨、尼莎颱風暨1022豪雨,降雨,0.23
2022_86,2022,320157.64,2707032.23,1007豪雨、尼莎颱風暨1022豪雨,降雨,0.16
2022_87,2022,291203.12,2703156.6,1007豪雨、尼莎颱風暨1022豪雨,降雨,0.46
2022_88,2022,302889.65,2701971.63,1007豪雨、尼莎颱風暨1022豪雨,降雨,0.17
2022_89,2022,320383.94,2703560.1,1007豪雨、尼莎颱風暨1022豪雨,降雨,3.26
2022_90,2022,320878.4,2702901.12,1007豪雨、尼莎颱風暨1022豪雨,降雨,0.21
2022_91,2022,297785.0,2689205.95,1007豪雨、尼莎颱風暨1022豪雨,降雨,0.65
2022_92,2022,314026.8,2689881.45,1007豪雨、尼莎颱風暨1022豪雨,降雨,0.28
2022_93,2022,313153.09,2677485.96,1007豪雨、尼莎颱風暨1022豪雨,降雨,0.25
2022_94,2022,310308.36,2674630.72,1007豪雨、尼莎颱風暨1022豪雨,降雨,1.08
2022_95,2022,308152.77,2674557.78,1007豪雨、尼莎颱風暨1022豪雨,降雨,0.24
2022_96,2022,298679.07,2655542.54,1007豪雨、尼莎颱風暨1022豪雨,降雨,0.14
2022_97,2022,297593.99,2653418.24,1007豪雨、尼莎颱風暨1022豪雨,降雨,0.16
2022_98,2022,291429.46,2649874.73,1007豪雨、尼莎颱風暨1022豪雨,降雨,0.31
2022_99,2022,292208.52,2638535.05,1007豪雨、尼莎颱風暨1022豪雨,降雨,0.43
2022_100,2022,289750.99,2637479.22,1007豪雨、尼莎颱風暨1022豪雨,降雨,0.13
2022_101,2022,302567.75,2722082.46,1007豪雨、尼莎颱風暨1022豪雨,降雨,11.19
2022_102,2022,320114.93,2772147.47,1007豪雨、尼莎颱風暨1022豪雨,降雨,3.46
2022_103,2022,312390.97,2778660.2,1007豪雨、尼莎颱風暨1022豪雨,降雨,0.41
2022_104,2022,289693.68,2700625.7,1007豪雨、尼莎颱風暨1022豪雨,降雨,1.18
2022_105,2022,330199.09,2701022.4,1007豪雨、尼莎颱風暨1022豪雨,降雨,0.56
2022_106,2022,303815.14,2697393.0,1007豪雨、尼莎颱風暨1022豪雨,降雨,1.18
2022_107,2022,316693.66,2694341.07,1007豪雨、尼莎颱風暨1022豪雨,降雨,0.22
2022_108,2022,318157.99,2694683.13,1007豪雨、尼莎颱風暨1022豪雨,降雨,1.42
2022_109,2022,329924.32,2704581.36,1007豪雨、尼莎颱風暨1022豪雨,降雨,0.18
2022_110,2022,291248.95,2729830.82,1007豪雨、尼莎颱風暨1022豪雨,降雨,0.95
2022_111,2022,275099.66,2736332.23,1007豪雨、尼莎颱風暨1022豪雨,降雨,0.17
2022_112,2022,275781.44,2735448.89,1007豪雨、尼莎颱風暨1022豪雨,降雨,0.14
2022_113,2022,285488.08,2737646.55,1007豪雨、尼莎颱風暨1022豪雨,降雨,0.21
2022_114,2022,287071.22,2752419.49,1007豪雨、尼莎颱風暨1022豪雨,降雨,0.1
2022_115,2022,323253.98,2713775.59,1007豪雨、尼莎颱風暨1022豪雨,降雨,0.31
2022_116,2022,335838.43,2708364.71,1007豪雨、尼莎颱風暨1022豪雨,降雨,0.39
2022_117,2022,301001.61,2722369.38,1007豪雨、尼莎颱風暨1022豪雨,降雨,0.33
2022_118,2022,262440.03,2563069.59,0918地震,地震,0.8
2022_119,2022,274450.24,2536278.36,0918地震,地震,2.58
2022_120,2022,271287.24,2532760.06,0918地震,地震,0.33
2022_121,2022,269825.28,2532851.41,0918地震,地震,0.5
2022_122,2022,270218.72,2532786.78,0918地震,地震,0.09
2022_123,2022,262828.16,2568458.25,0918地震,地震,0.63
2022_124,2022,261998.44,2568533.58,0918地震,地震,0.06
2022_125,2022,256014.84,2564563.63,0918地震,地震,0.11
2022_126,2022,253970.7,2565765.21,0918地震,地震,0.09
2022_127,2022,254257.86,2563625.57,0918地震,地震,0.07
2022_128,2022,254997.85,2564076.86,0918地震,地震,0.03
2022_129,2022,258925.2,2563425.38,0918地震,地震,0.02
2022_130,2022,257855.3,2562069.96,0918地震,地震,0.15
2022_131,2022,257030.26,2561719.43,0918地震,地震,0.04
2022_132,2022,259484.47,2560376.53,0918地震,地震,0.31
2022_133,2022,262232.47,2557763.98,0918地震,地震,0.06
2022_134,2022,262158.3,2557736.75,0918地震,地震,0.07
2022_135,2022,254858.32,2543877.3,0918地震,地震,0.45
2022_136,2022,257032.83,2542853.33,0918地震,地震,0.06
2022_137,2022,272659.55,2541676.01,0918地震,地震,0.05
2022_138,2022,268437.62,2540650.41,0918地震,地震,0.02
2022_139,2022,257953.97,2540340.74,0918地震,地震,0.03
2022_140,2022,257922.23,2540341.15,0918地震,地震,0.01
2022_141,2022,271509.11,2534053.61,0918地震,地震,0.06
2022_142,2022,270982.79,2532801.94,0918地震,地震,0.05
2022_143,2022,271143.06,2535622.67,0918地震,地震,0.04
2022_144,2022,256461.01,2531422.01,0918地震,地震,0.08
2022_145,2022,260888.95,2533113.25,0918地震,地震,0.02
2022_146,2022,262769.67,2527090.83,0918地震,地震,0.11
2022_147,2022,276372.0,2575092.79,0918地震,地震,0.07
2022_148,2022,284914.14,2575801.93,0918地震,地震,0.04
2022_149,2022,281939.96,2570072.31,0918地震,地震,0.04
2022_150,2022,281867.37,2567479.52,0918地震,地震,0.04
2022_151,2022,282080.32,2567321.42,0918地震,地震,0.22
2022_152,2022,281694.87,2567858.36,0918地震,地震,0.07
2022_153,2022,280828.42,2568569.8,0918地震,地震,0.24
2022_154,2022,281149.85,2567196.79,0918地震,地震,0.19
2022_155,2022,278813.35,2561686.44,0918地震,地震,0.06
2022_156,2022,286327.93,2555850.46,0918地震,地震,0.05
2022_157,2022,282708.35,2551773.3,0918地震,地震,0.03
2022_158,2022,283950.49,2550542.77,0918地震,地震,0.07
2022_159,2022,282705.15,2547210.89,0918地震,地震,0.05
2022_160,2022,281556.43,2544417.17,0918地震,地震,0.06
2022_161,2022,277478.68,2538184.57,0918地震,地震,0.02
2022_162,2022,277367.67,2537943.11,0918地震,地震,0.02
2022_163,2022,270070.75,2532639.32,0918地震,地震,0.21
2022_164,2022,269958.58,2532352.82,0918地震,地震,0.19
2022_165,2022,286273.69,2555821.48,0918地震,地震,0.06
2022_166,2022,282256.89,2549756.99,0918地震,地震,0.07
2022_167,2022,281507.71,2544408.45,0918地震,地震,0.1
2022_168,2022,277342.71,2537896.79,0918地震,地震,0.01
2022_169,2022,295042.08,2714079.89,1030豪雨,降雨,0.43
2022_170,2022,312786.42,2702470.74,1030豪雨,降雨,0.27
2022_171,2022,293136.48,2653550.9,1030豪雨,降雨,0.42
2022_172,2022,301466.11,2722013.24,1007豪雨、尼莎颱風暨1022豪雨,降雨,1.87
2023_0,2023,289672.43,2698195.31,海葵颱風,降雨,0.23
2023_1,2023,328265.8,2696315.43,海葵颱風,降雨,0.19
2023_2,2023,297567.37,2702243.09,海葵颱風,降雨,0.8
2023_3,2023,299140.3,2700509.72,海葵颱風,降雨,0.18
2023_4,2023,310870.63,2698628.81,海葵颱風,降雨,0.76
2023_5,2023,310741.49,2698341.64,海葵颱風,降雨,0.31
2023_6,2023,310941.14,2699802.79,海葵颱風,降雨,7.15
2023_7,2023,310788.57,2699477.68,海葵颱風,降雨,2.72
2023_8,2023,324229.16,2698104.53,海葵颱風,降雨,0.13
2023_9,2023,304407.86,2702781.79,海葵颱風,降雨,0.14
2023_10,2023,305717.5,2702509.68,海葵颱風,降雨,0.44
2023_11,2023,319231.29,2693830.97,海葵颱風,降雨,1.32
2023_12,2023,319082.38,2693650.18,海葵颱風,降雨,0.18
2023_13,2023,295181.08,2610951.32,海葵颱風,降雨,0.22
2023_14,2023,295485.52,2612197.81,海葵颱風,降雨,0.44
2023_15,2023,295973.46,2612340.12,海葵颱風,降雨,0.13
2023_16,2023,278382.07,2647304.85,海葵颱風,降雨,0.65
2023_17,2023,280601.7,2647043.45,海葵颱風,降雨,0.69
2023_18,2023,284612.52,2647465.0,海葵颱風,降雨,0.21
2023_19,2023,291092.85,2646689.43,海葵颱風,降雨,0.37
2023_20,2023,283636.92,2646186.68,海葵颱風,降雨,0.19
2023_21,2023,287624.95,2642288.82,海葵颱風,降雨,0.47
2023_22,2023,287352.26,2642507.17,海葵颱風,降雨,0.17
2023_23,2023,287573.97,2642452.87,海葵颱風,降雨,0.8
2023_24,2023,287729.64,2642362.28,海葵颱風,降雨,0.2
2023_25,2023,291696.19,2642380.75,海葵颱風,降雨,1.35
2023_26,2023,291797.37,2641812.46,海葵颱風,降雨,0.2
2023_27,2023,297982.44,2641015.51,海葵颱風,降雨,0.17
2023_28,2023,287543.21,2639697.09,海葵颱風,降雨,0.11
2023_29,2023,294881.04,2640156.36,海葵颱風,降雨,0.47
2023_30,2023,295164.34,2637294.04,海葵颱風,降雨,2.06
2023_31,2023,295394.43,2637450.83,海葵颱風,降雨,0.54
2023_32,2023,295331.87,2636971.53,海葵颱風,降雨,0.18
2023_33,2023,295268.37,2636937.03,海葵颱風,降雨,0.18
2023_34,2023,290322.51,2638035.88,海葵颱風,降雨,0.67
2023_35,2023,290506.15,2637751.22,海葵颱風,降雨,0.19
2023_36,2023,290000.62,2637595.05,海葵颱風,降雨,0.37
2023_37,2023,291041.9,2637683.71,海葵颱風,降雨,0.3
2023_38,2023,305939.42,2664086.16,海葵颱風,降雨,0.49
2023_39,2023,306279.15,2664349.48,海葵颱風,降雨,0.17
2023_40,2023,299905.82,2684128.95,海葵颱風,降雨,0.32
2023_41,2023,299456.38,2684231.02,海葵颱風,降雨,0.59
2023_42,2023,299982.44,2687439.56,海葵颱風,降雨,0.14
2023_43,2023,299412.97,2687935.08,海葵颱風,降雨,0.13
2023_44,2023,301966.74,2687337.55,海葵颱風,降雨,0.1
2023_45,2023,312941.83,2685746.6,海葵颱風,降雨,0.27
2023_46,2023,314670.45,2687726.34,海葵颱風,降雨,0.35
2023_47,2023,319958.77,2686755.19,海葵颱風,降雨,0.39
2023_48,2023,312205.6,2681113.95,海葵颱風,降雨,0.3
2023_49,2023,310764.21,2682734.37,海葵颱風,降雨,0.38
2023_50,2023,288095.05,2681761.56,海葵颱風,降雨,0.22
2023_51,2023,293970.56,2681865.82,海葵颱風,降雨,0.23
2023_52,2023,294073.14,2681764.5,海葵颱風,降雨,0.96
2023_53,2023,292954.03,2681310.75,海葵颱風,降雨,0.3
2023_54,2023,296248.9,2681019.93,海葵颱風,降雨,0.3
2023_55,2023,298101.85,2680669.3,海葵颱風,降雨,0.21
2023_56,2023,297701.34,2682369.06,海葵颱風,降雨,0.15
2023_57,2023,300257.58,2680854.95,海葵颱風,降雨,0.48
2023_58,2023,292568.09,2682876.26,海葵颱風,降雨,0.2
2023_59,2023,298391.15,2683131.04,海葵颱風,降雨,0.22
2023_60,2023,292012.98,2686522.27,海葵颱風,降雨,0.2
2023_61,2023,289246.11,2677497.76,海葵颱風,降雨,0.17
2023_62,2023,294317.75,2677332.85,海葵颱風,降雨,0.46
2023_63,2023,294550.34,2677731.51,海葵颱風,降雨,0.11
2023_64,2023,296807.3,2679135.72,海葵颱風,降雨,0.33
2023_65,2023,297007.46,2676781.5,海葵颱風,降雨,0.97
2023_66,2023,299844.36,2678627.37,海葵颱風,降雨,2.07
2023_67,2023,285745.08,2675740.31,海葵颱風,降雨,0.15
2023_68,2023,285205.6,2676710.71,海葵颱風,降雨,0.15
2023_69,2023,287996.96,2674989.89,海葵颱風,降雨,0.31
2023_70,2023,296945.07,2675535.31,海葵颱風,降雨,1.05
2023_71,2023,294810.13,2674257.47,海葵颱風,降雨,0.2
2023_72,2023,297954.14,2675535.33,海葵颱風,降雨,0.61
2023_73,2023,297504.25,2674674.14,海葵颱風,降雨,0.11
2023_74,2023,297356.97,2674615.32,海葵颱風,降雨,0.2
2023_75,2023,299749.19,2675185.59,海葵颱風,降雨,0.12
2023_76,2023,303412.08,2676952.48,海葵颱風,降雨,0.31
2023_77,2023,305133.46,2676884.32,海葵颱風,降雨,0.14
2023_78,2023,287618.98,2673837.2,海葵颱風,降雨,0.2
2023_79,2023,292136.85,2673724.93,海葵颱風,降雨,0.13
2023_80,2023,292356.01,2672940.94,海葵颱風,降雨,0.1
2023_81,2023,292518.4,2672973.5,海葵颱風,降雨,0.15
2023_82,2023,293230.33,2672066.55,海葵颱風,降雨,0.2
2023_83,2023,295117.19,2672808.25,海葵颱風,降雨,0.12
2023_84,2023,297357.06,2673891.85,海葵颱風,降雨,0.16
2023_85,2023,301484.47,2673489.93,海葵颱風,降雨,0.21
2023_86,2023,303767.17,2674153.34,海葵颱風,降雨,0.46
2023_87,2023,308692.35,2676653.11,海葵颱風,降雨,0.53
2023_88,2023,287746.78,2670044.83,海葵颱風,降雨,0.25
2023_89,2023,292655.27,2670650.6,海葵颱風,降雨,0.34
2023_90,2023,310719.61,2671150.53,海葵颱風,降雨,0.38
2023_91,2023,303391.7,2668229.79,海葵颱風,降雨,3.15
2023_92,2023,313077.12,2676263.42,海葵颱風,降雨,0.15
2023_93,2023,298753.18,2667277.9,海葵颱風,降雨,0.15
2023_94,2023,298916.71,2666371.26,海葵颱風,降雨,0.46
2023_95,2023,299508.66,2663557.91,海葵颱風,降雨,0.91
2023_96,2023,300138.52,2663734.36,海葵颱風,降雨,0.18
2023_97,2023,294867.42,2663644.52,海葵颱風,降雨,0.17
2023_98,2023,282034.68,2662268.95,海葵颱風,降雨,0.64
2023_99,2023,285296.65,2662126.66,海葵颱風,降雨,1.83
2023_100,2023,288226.93,2660678.9,海葵颱風,降雨,0.19
2023_101,2023,279335.95,2658165.96,海葵颱風,降雨,0.22
2023_102,2023,279539.53,2657575.19,海葵颱風,降雨,0.28
2023_103,2023,285976.62,2659255.23,海葵颱風,降雨,0.22
2023_104,2023,285620.03,2659372.41,海葵颱風,降雨,0.28
2023_105,2023,285436.47,2659062.57,海葵颱風,降雨,0.42
2023_106,2023,285724.91,2659034.58,海葵颱風,降雨,1.39
2023_107,2023,285702.75,2658630.75,海葵颱風,降雨,0.89
2023_108,2023,285760.44,2658807.53,海葵颱風,降雨,0.67
2023_109,2023,285934.68,2658622.36,海葵颱風,降雨,0.28
2023_110,2023,286209.79,2658299.55,海葵颱風,降雨,0.35
2023_111,2023,286100.26,2658070.29,海葵颱風,降雨,0.12
2023_112,2023,286238.27,2658013.1,海葵颱風,降雨,0.1
2023_113,2023,285630.26,2658473.36,海葵颱風,降雨,0.26
2023_114,2023,284225.02,2657209.15,海葵颱風,降雨,0.32
2023_115,2023,284540.96,2657788.86,海葵颱風,降雨,0.15
2023_116,2023,281650.26,2657605.41,海葵颱風,降雨,0.14
2023_117,2023,283696.24,2656485.84,海葵颱風,降雨,0.58
2023_118,2023,285542.94,2658902.13,海葵颱風,降雨,0.12
2023_119,2023,288393.1,2660275.6,海葵颱風,降雨,0.14
2023_120,2023,288309.62,2660300.26,海葵颱風,降雨,0.16
2023_121,2023,289450.71,2658644.36,海葵颱風,降雨,0.11
2023_122,2023,292698.92,2660043.21,海葵颱風,降雨,0.64
2023_123,2023,294985.52,2658873.09,海葵颱風,降雨,0.25
2023_124,2023,296473.85,2657829.47,海葵颱風,降雨,0.73
2023_125,2023,296407.86,2657659.08,海葵颱風,降雨,0.66
2023_126,2023,295402.52,2658308.77,海葵颱風,降雨,0.14
2023_127,2023,281618.11,2656625.61,海葵颱風,降雨,0.14
2023_128,2023,295505.42,2655050.03,海葵颱風,降雨,0.1
2023_129,2023,298705.75,2655673.85,海葵颱風,降雨,0.32
2023_130,2023,281015.79,2653428.06,海葵颱風,降雨,0.41
2023_131,2023,281535.68,2653777.31,海葵颱風,降雨,0.65
2023_132,2023,287248.36,2652714.2,海葵颱風,降雨,0.23
2023_133,2023,287155.66,2652427.8,海葵颱風,降雨,0.13
2023_134,2023,287082.74,2652076.15,海葵颱風,降雨,0.11
2023_135,2023,292111.84,2654296.15,海葵颱風,降雨,0.32
2023_136,2023,290435.18,2654392.16,海葵颱風,降雨,0.23
2023_137,2023,293364.37,2653295.97,海葵颱風,降雨,0.17
2023_138,2023,295720.86,2653757.76,海葵颱風,降雨,0.61
2023_139,2023,296243.38,2652308.56,海葵颱風,降雨,0.39
2023_140,2023,300761.32,2652647.49,海葵颱風,降雨,0.32
2023_141,2023,295286.43,2651856.4,海葵颱風,降雨,0.28
2023_142,2023,295326.54,2650144.3,海葵颱風,降雨,0.4
2023_143,2023,296304.93,2649807.91,海葵颱風,降雨,0.1
2023_144,2023,259577.38,2599845.51,海葵颱風,降雨,0.16
2023_145,2023,267588.22,2573198.44,海葵颱風,降雨,0.46
2023_146,2023,266880.36,2571905.03,海葵颱風,降雨,0.13
2023_147,2023,273650.73,2571841.36,海葵颱風,降雨,0.99
2023_148,2023,265817.07,2603584.88,海葵颱風,降雨,0.4
2023_149,2023,271933.87,2601774.87,海葵颱風,降雨,0.33
2023_150,2023,266955.36,2586431.01,海葵颱風,降雨,0.45
2023_151,2023,265499.71,2584915.99,海葵颱風,降雨,0.7
2023_152,2023,260715.01,2587235.0,海葵颱風,降雨,0.74
2023_153,2023,260792.06,2586287.62,海葵颱風,降雨,0.32
2023_154,2023,256642.66,2584129.98,海葵颱風,降雨,0.5
2023_155,2023,267674.0,2573294.71,海葵颱風,降雨,0.2
2023_156,2023,270354.75,2572814.39,海葵颱風,降雨,0.87
2023_157,2023,270324.86,2572613.22,海葵颱風,降雨,0.15
2023_158,2023,275356.28,2575214.97,海葵颱風,降雨,0.47
2023_159,2023,265141.32,2587688.76,海葵颱風,降雨,0.11
2023_160,2023,265194.23,2587112.32,海葵颱風,降雨,0.1
2023_161,2023,271174.57,2584722.64,海葵颱風,降雨,0.31
2023_162,2023,270740.68,2586258.92,海葵颱風,降雨,0.14
2023_163,2023,282008.84,2604787.99,海葵颱風,降雨,0.18
2023_164,2023,283210.62,2600179.44,海葵颱風,降雨,0.48
2023_165,2023,280883.93,2600026.33,海葵颱風,降雨,0.19
2023_166,2023,295898.05,2604383.33,海葵颱風,降雨,0.15
2023_167,2023,288350.66,2596215.96,海葵颱風,降雨,0.31
2023_168,2023,280799.53,2642810.9,海葵颱風,降雨,0.38
2023_169,2023,281743.6,2642674.18,海葵颱風,降雨,0.86
2023_170,2023,285910.31,2641586.46,海葵颱風,降雨,0.26
2023_171,2023,285529.34,2641108.19,海葵颱風,降雨,0.43
2023_172,2023,286096.83,2638670.16,海葵颱風,降雨,0.56
2023_173,2023,281117.48,2638365.78,海葵颱風,降雨,0.91
2023_174,2023,285562.79,2635874.49,海葵颱風,降雨,1.11
2023_175,2023,292106.64,2637458.97,海葵颱風,降雨,0.44
2023_176,2023,286630.82,2634263.53,海葵颱風,降雨,0.69
2023_177,2023,287393.82,2632883.91,海葵颱風,降雨,0.27
2023_178,2023,292697.21,2630925.5,海葵颱風,降雨,0.2
2023_179,2023,274935.09,2622841.31,海葵颱風,降雨,0.39
2023_180,2023,275380.08,2622970.6,海葵颱風,降雨,0.18
2023_181,2023,277371.18,2621720.76,海葵颱風,降雨,0.56
2023_182,2023,288536.2,2623633.26,海葵颱風,降雨,2.44
2023_183,2023,288436.14,2623848.28,海葵颱風,降雨,0.22
2023_184,2023,288122.61,2623447.43,海葵颱風,降雨,0.14
2023_185,2023,288051.34,2623536.52,海葵颱風,降雨,0.17
2023_186,2023,287030.94,2621465.9,海葵颱風,降雨,1.55
2023_187,2023,287470.05,2621602.49,海葵颱風,降雨,0.51
2023_188,2023,275055.32,2619089.42,海葵颱風,降雨,0.23
2023_189,2023,284982.03,2620983.92,海葵颱風,降雨,0.37
2023_190,2023,285153.54,2620431.39,海葵颱風,降雨,0.74
2023_191,2023,285041.17,2620273.3,海葵颱風,降雨,0.77
2023_192,2023,285292.37,2620931.63,海葵颱風,降雨,0.14
2023_193,2023,274940.14,2624056.3,海葵颱風,降雨,0.23
2023_194,2023,288267.52,2616210.63,海葵颱風,降雨,0.39
2023_195,2023,284517.23,2610791.31,海葵颱風,降雨,0.24
2023_196,2023,283095.22,2609542.6,海葵颱風,降雨,0.28
2023_197,2023,276046.9,2611741.87,海葵颱風,降雨,0.68
2023_198,2023,285690.59,2613416.33,海葵颱風,降雨,0.41
2023_199,2023,276617.65,2636136.76,海葵颱風,降雨,0.99
2023_200,2023,274650.85,2635181.27,海葵颱風,降雨,0.69
2023_201,2023,274851.03,2635397.82,海葵颱風,降雨,0.37
2023_202,2023,278398.3,2634258.62,海葵颱風,降雨,1.13
2023_203,2023,278777.68,2633139.0,海葵颱風,降雨,1.13
2023_204,2023,278419.23,2632764.78,海葵颱風,降雨,0.38
2023_205,2023,278550.22,2632650.12,海葵颱風,降雨,0.23
2023_206,2023,282601.14,2631368.93,海葵颱風,降雨,0.21
2023_207,2023,282641.43,2630733.84,海葵颱風,降雨,0.92
2023_208,2023,282266.45,2630901.06,海葵颱風,降雨,0.2
2023_209,2023,281819.65,2630032.35,海葵颱風,降雨,0.4
2023_210,2023,284900.3,2630890.84,海葵颱風,降雨,0.98
2023_211,2023,289209.99,2624924.74,海葵颱風,降雨,0.66
2023_212,2023,287184.63,2623336.24,海葵颱風,降雨,0.47
2023_213,2023,287442.21,2623427.38,海葵颱風,降雨,0.58
2023_214,2023,288036.56,2623846.7,海葵颱風,降雨,0.35
2023_215,2023,287786.77,2623554.76,海葵颱風,降雨,0.24
2023_216,2023,287922.93,2623639.33,海葵颱風,降雨,0.21
2023_217,2023,296106.47,2638423.49,海葵颱風,降雨,0.37
2023_218,2023,295828.0,2611459.19,海葵颱風,降雨,0.26
2023_219,2023,295880.24,2611283.83,海葵颱風,降雨,0.1
2023_220,2023,295998.95,2611136.41,海葵颱風,降雨,0.16
2023_221,2023,296367.87,2610131.81,海葵颱風,降雨,0.23
2023_222,2023,296326.46,2609906.23,海葵颱風,降雨,0.13
2023_223,2023,296649.95,2609616.46,海葵颱風,降雨,0.16
2023_224,2023,297585.67,2609877.46,海葵颱風,降雨,0.14
2023_225,2023,297553.91,2609803.54,海葵颱風,降雨,0.19
2023_226,2023,297585.35,2608528.91,海葵颱風,降雨,0.13
2023_227,2023,300035.93,2605806.75,海葵颱風,降雨,0.24
2023_228,2023,279723.9,2668204.34,海葵颱風,降雨,0.15
2023_229,2023,256128.39,2642012.12,海葵颱風,降雨,0.3
2023_230,2023,275321.71,2657992.45,海葵颱風,降雨,0.28
2023_231,2023,276784.42,2660477.88,海葵颱風,降雨,0.1
2023_232,2023,263657.32,2666107.36,海葵颱風,降雨,0.12
2023_233,2023,258803.22,2641373.52,海葵颱風,降雨,0.3
2023_234,2023,260429.32,2643918.0,海葵颱風,降雨,0.63
2023_235,2023,283832.2,2679737.14,海葵颱風,降雨,0.13
2023_236,2023,283260.85,2679529.47,海葵颱風,降雨,0.14
2023_237,2023,283308.93,2678197.95,海葵颱風,降雨,0.18
2023_238,2023,273439.71,2653844.28,海葵颱風,降雨,0.25
2023_239,2023,270894.97,2656614.21,海葵颱風,降雨,0.13
2023_240,2023,273247.31,2649086.08,海葵颱風,降雨,1.92
2023_241,2023,275478.82,2650831.02,海葵颱風,降雨,0.13
2023_242,2023,274417.59,2645536.42,海葵颱風,降雨,0.52
2023_243,2023,274849.36,2642115.32,海葵颱風,降雨,0.24
2023_244,2023,273085.77,2642384.42,海葵颱風,降雨,0.13
2023_245,2023,273270.41,2640100.07,海葵颱風,降雨,0.72
2023_246,2023,272399.46,2639800.17,海葵颱風,降雨,0.32
2023_247,2023,268590.28,2648856.47,海葵颱風,降雨,1.18
2023_248,2023,268074.76,2649085.32,海葵颱風,降雨,0.93
2023_249,2023,267654.04,2634889.63,海葵颱風,降雨,0.17
2023_250,2023,252013.51,2632177.78,海葵颱風,降雨,0.23
2023_251,2023,273958.52,2623705.5,海葵颱風,降雨,0.21
2023_252,2023,258880.05,2605916.59,海葵颱風,降雨,0.27
2023_253,2023,243371.02,2606333.18,海葵颱風,降雨,0.26
2023_254,2023,238702.15,2616454.41,海葵颱風,降雨,0.74
2023_255,2023,271644.91,2622200.38,海葵颱風,降雨,0.21
2023_256,2023,263419.17,2619376.56,海葵颱風,降雨,0.17
2023_257,2023,270500.29,2614879.66,海葵颱風,降雨,0.22
2023_258,2023,270398.81,2613159.43,海葵颱風,降雨,1.11
2023_259,2023,269057.91,2614955.44,海葵颱風,降雨,0.13
2023_260,2023,267075.31,2612104.46,海葵颱風,降雨,0.14
2023_261,2023,265124.43,2622572.53,海葵颱風,降雨,0.52
2023_262,2023,215756.63,2567481.82,海葵颱風,降雨,0.79
2023_263,2023,242312.99,2576154.58,海葵颱風,降雨,0.62
2023_264,2023,244148.06,2575041.87,海葵颱風,降雨,0.16
2023_265,2023,243505.89,2575407.36,海葵颱風,降雨,0.26
2023_266,2023,246534.43,2579466.93,海葵颱風,降雨,0.18
2023_267,2023,287019.02,2565412.82,海葵颱風,降雨,0.43
2023_268,2023,282780.55,2550993.28,海葵颱風,降雨,1.15
2023_269,2023,272466.35,2547385.72,海葵颱風,降雨,0.78
2023_270,2023,273925.92,2550498.39,海葵颱風,降雨,0.76
2023_271,2023,274632.06,2554051.34,海葵颱風,降雨,0.6
2023_272,2023,274699.79,2553974.74,海葵颱風,降雨,0.2
2023_273,2023,274559.92,2552886.22,海葵颱風,降雨,1.38
2023_274,2023,243824.9,2515565.66,海葵颱風,降雨,0.21
2023_275,2023,246392.08,2514478.18,海葵颱風,降雨,0.11
2023_276,2023,248196.43,2509145.0,海葵颱風,降雨,0.19
2023_277,2023,241743.13,2506915.53,海葵颱風,降雨,0.26
2023_278,2023,258252.2,2539398.59,海葵颱風,降雨,0.41
2023_279,2023,258982.24,2541505.77,海葵颱風,降雨,2.29
2023_280,2023,258835.84,2541288.75,海葵颱風,降雨,0.27
2023_281,2023,242145.32,2527326.86,海葵颱風,降雨,0.16
2023_282,2023,254111.4,2529790.89,海葵颱風,降雨,0.36
2023_283,2023,265332.98,2532157.59,海葵颱風,降雨,0.41
2023_284,2023,265725.63,2531533.05,海葵颱風,降雨,1.14
2023_285,2023,266156.67,2530889.77,海葵颱風,降雨,0.77
2023_286,2023,266786.82,2534591.59,海葵颱風,降雨,0.79
2023_287,2023,276611.47,2553739.75,海葵颱風,降雨,0.17
2023_288,2023,276542.57,2554211.17,海葵颱風,降雨,0.21
2023_289,2023,276462.8,2553990.16,海葵颱風,降雨,0.18
2023_290,2023,279538.01,2554344.74,海葵颱風,降雨,0.16
2023_291,2023,279433.83,2554412.51,海葵颱風,降雨,0.17
2023_292,2023,273749.76,2540541.06,海葵颱風,降雨,0.44
2023_293,2023,273772.78,2540806.31,海葵颱風,降雨,0.29
2023_294,2023,277797.32,2540117.43,海葵颱風,降雨,0.5
2023_295,2023,274365.97,2545238.4,海葵颱風,降雨,0.56
2023_296,2023,276158.04,2548079.46,海葵颱風,降雨,0.27
2023_297,2023,276360.66,2548043.23,海葵颱風,降雨,0.11
2023_298,2023,276051.82,2547240.58,海葵颱風,降雨,0.25
2023_299,2023,275626.79,2546889.04,海葵颱風,降雨,0.35
2023_300,2023,276696.32,2547176.87,海葵颱風,降雨,0.22
2023_301,2023,270427.31,2532645.37,海葵颱風,降雨,0.71
2023_302,2023,269374.21,2530086.05,海葵颱風,降雨,0.56
2023_303,2023,269278.62,2530039.08,海葵颱風,降雨,0.2
2023_304,2023,269444.14,2529546.13,海葵颱風,降雨,0.15
2023_305,2023,269589.29,2529552.83,海葵颱風,降雨,0.29
2023_306,2023,269687.62,2529744.0,海葵颱風,降雨,0.11
2023_307,2023,272778.74,2534305.91,海葵颱風,降雨,0.34
2023_308,2023,272883.4,2534277.35,海葵颱風,降雨,0.29
2023_309,2023,240598.9,2503317.19,海葵颱風,降雨,0.35
2023_310,2023,241419.11,2498604.51,海葵颱風,降雨,0.19
2023_311,2023,232215.14,2498200.31,海葵颱風,降雨,0.14
2023_312,2023,243197.47,2498361.57,海葵颱風,降雨,0.19
2023_313,2023,242690.81,2498392.88,海葵颱風,降雨,0.16
2023_314,2023,237201.74,2495721.33,海葵颱風,降雨,0.26
2023_315,2023,239107.43,2494996.46,海葵颱風,降雨,0.43
2023_316,2023,240154.33,2491739.56,海葵颱風,降雨,0.38
2023_317,2023,251076.51,2566523.57,海葵颱風,降雨,0.22
2023_318,2023,265809.06,2553937.52,海葵颱風,降雨,0.69
2023_319,2023,267616.22,2562718.61,海葵颱風,降雨,0.36
2023_320,2023,261794.36,2557431.56,海葵颱風,降雨,0.66
2023_321,2023,252090.74,2564683.77,海葵颱風,降雨,0.61
2023_322,2023,261277.14,2558134.97,海葵颱風,降雨,0.36
2023_323,2023,262048.11,2557325.53,海葵颱風,降雨,0.2
2023_324,2023,259506.1,2557816.86,海葵颱風,降雨,0.54
2023_325,2023,235584.62,2481069.23,海葵颱風,降雨,1.54
2023_326,2023,239671.84,2486970.06,海葵颱風,降雨,0.16
2023_327,2023,271938.23,2546738.5,海葵颱風,降雨,0.61
2023_328,2023,272309.31,2546682.75,海葵颱風,降雨,0.15
2023_329,2023,272332.29,2546215.62,海葵颱風,降雨,0.5
2023_330,2023,271683.53,2546204.52,海葵颱風,降雨,0.85
2023_331,2023,271525.4,2545156.52,海葵颱風,降雨,1.67
2023_332,2023,291506.89,2678989.16,海葵颱風,降雨,3.11
2023_333,2023,287674.81,2635584.34,海葵颱風,降雨,0.91
2023_334,2023,313084.04,2692811.32,杜蘇芮颱風,降雨,1.31
2023_335,2023,292099.03,2686279.15,杜蘇芮颱風,降雨,0.36
2023_336,2023,320587.87,2686168.0,杜蘇芮颱風,降雨,2.32
2023_337,2023,298114.18,2680664.38,杜蘇芮颱風,降雨,0.25
2023_338,2023,299486.6,2676338.19,杜蘇芮颱風,降雨,0.93
2023_339,2023,297359.61,2674610.14,杜蘇芮颱風,降雨,0.18
2023_340,2023,309644.18,2674424.51,杜蘇芮颱風,降雨,1.03
2023_341,2023,306039.22,2673167.65,杜蘇芮颱風,降雨,0.29
2023_342,2023,302576.65,2673707.88,杜蘇芮颱風,降雨,1.02
2023_343,2023,301487.85,2673481.54,杜蘇芮颱風,降雨,0.59
2023_344,2023,297367.56,2673884.39,杜蘇芮颱風,降雨,0.38
2023_345,2023,296748.89,2673919.89,杜蘇芮颱風,降雨,0.71
2023_346,2023,310731.09,2671151.08,杜蘇芮颱風,降雨,0.82
2023_347,2023,305758.86,2666488.24,杜蘇芮颱風,降雨,0.41
2023_348,2023,303427.35,2668245.05,杜蘇芮颱風,降雨,8.75
2023_349,2023,299186.04,2650916.91,杜蘇芮颱風,降雨,1.16
2023_350,2023,293977.68,2606435.58,杜蘇芮颱風,降雨,1.83
2023_351,2023,269417.31,2585185.05,杜蘇芮颱風,降雨,1.45
2023_352,2023,261327.97,2560342.4,杜蘇芮颱風,降雨,0.47
2023_353,2023,252601.66,2557102.88,杜蘇芮颱風,降雨,0.65
2023_354,2023,251468.65,2557424.26,杜蘇芮颱風,降雨,0.8
2023_355,2023,253072.2,2552796.32,杜蘇芮颱風,降雨,1.14
2023_356,2023,245303.32,2550436.48,杜蘇芮颱風,降雨,0.15
2023_357,2023,251181.44,2546499.65,杜蘇芮颱風,降雨,0.91
2023_358,2023,240414.0,2491516.39,杜蘇芮颱風,降雨,0.42
2023_359,2023,238925.43,2528776.75,杜蘇芮颱風,降雨,0.19
2023_360,2023,241018.56,2529346.91,杜蘇芮颱風,降雨,0.13
2023_361,2023,286504.05,2623977.08,杜蘇芮颱風,降雨,0.12
2023_362,2023,299816.23,2604451.72,杜蘇芮颱風,降雨,0.47
2023_363,2023,299726.07,2600134.04,杜蘇芮颱風,降雨,0.06
2023_364,2023,296753.96,2590411.43,杜蘇芮颱風,降雨,0.02
2023_365,2023,267121.08,2585824.89,杜蘇芮颱風,降雨,2.39
2023_366,2023,267052.79,2586382.57,杜蘇芮颱風,降雨,0.1
2023_367,2023,269982.55,2586127.86,杜蘇芮颱風,降雨,0.03
2023_368,2023,272897.27,2584119.6,杜蘇芮颱風,降雨,0.52
2023_369,2023,268624.19,2582551.19,杜蘇芮颱風,降雨,0.05
2023_370,2023,268421.23,2580792.16,杜蘇芮颱風,降雨,0.12
2023_371,2023,272893.16,2581786.33,杜蘇芮颱風,降雨,0.06
2023_372,2023,273136.24,2581738.53,杜蘇芮颱風,降雨,0.13
2023_373,2023,273197.44,2581699.02,杜蘇芮颱風,降雨,0.06
2023_374,2023,273984.14,2581339.16,杜蘇芮颱風,降雨,0.02
2023_375,2023,275468.18,2581673.53,杜蘇芮颱風,降雨,0.06
2023_376,2023,274315.03,2580885.47,杜蘇芮颱風,降雨,0.06
2023_377,2023,274370.73,2580891.0,杜蘇芮颱風,降雨,0.04
2023_378,2023,275787.08,2579182.33,杜蘇芮颱風,降雨,0.08
2023_379,2023,276368.13,2575450.65,杜蘇芮颱風,降雨,0.06
2023_380,2023,276376.25,2575418.9,杜蘇芮颱風,降雨,0.02
2023_381,2023,290582.49,2575794.55,杜蘇芮颱風,降雨,0.03
2023_382,2023,258629.98,2563624.01,杜蘇芮颱風,降雨,0.06
2023_383,2023,266790.92,2562546.91,杜蘇芮颱風,降雨,0.23
2023_384,2023,266093.97,2553757.03,杜蘇芮颱風,降雨,0.06
2023_385,2023,277578.82,2538164.27,杜蘇芮颱風,降雨,0.35
2023_386,2023,245749.37,2531456.08,杜蘇芮颱風,降雨,0.08
2023_387,2023,249804.19,2530906.47,杜蘇芮颱風,降雨,0.23
2023_388,2023,256284.55,2531399.83,杜蘇芮颱風,降雨,0.07
2023_389,2023,241944.43,2527869.24,杜蘇芮颱風,降雨,0.21
2023_390,2023,242338.84,2515270.77,杜蘇芮颱風,降雨,0.27
2023_391,2023,239197.03,2503622.35,杜蘇芮颱風,降雨,0.12
2023_392,2023,300100.24,2728765.95,海葵颱風,降雨,0.06
2023_393,2023,276328.8,2585571.19,海葵颱風,降雨,0.17
2023_394,2023,276363.55,2585589.23,海葵颱風,降雨,0.03
2023_395,2023,273394.26,2569718.53,海葵颱風,降雨,0.08
2023_396,2023,273366.05,2569566.01,海葵颱風,降雨,0.04
2023_397,2023,273210.09,2569579.36,海葵颱風,降雨,0.04
2023_398,2023,270972.15,2569381.71,海葵颱風,降雨,0.06
2023_399,2023,270244.35,2566668.63,海葵颱風,降雨,0.14
2023_400,2023,231526.09,2575527.26,海葵颱風,降雨,0.07
2023_401,2023,230541.68,2576134.1,海葵颱風,降雨,0.06
2023_402,2023,230557.52,2575877.47,海葵颱風,降雨,0.06
2023_403,2023,230852.28,2576591.03,海葵颱風,降雨,0.12
2023_404,2023,223074.31,2562593.51,海葵颱風,降雨,0.04
2023_405,2023,232302.62,2558657.26,海葵颱風,降雨,0.31
2023_406,2023,231242.79,2527651.2,海葵颱風,降雨,0.08
2023_407,2023,237283.82,2506734.21,海葵颱風,降雨,0.1
2023_408,2023,237272.98,2506443.28,海葵颱風,降雨,0.08
2023_409,2023,236237.36,2502798.33,海葵颱風,降雨,0.23
2023_410,2023,237557.45,2499946.11,海葵颱風,降雨,0.26
2023_411,2023,237775.78,2499971.21,海葵颱風,降雨,0.26
2023_412,2023,234619.63,2502212.82,海葵颱風,降雨,0.03
2023_413,2023,239041.0,2508477.86,海葵颱風,降雨,0.04
2023_414,2023,241468.0,2510573.13,海葵颱風,降雨,0.13
2023_415,2023,241407.69,2510519.38,海葵颱風,降雨,0.12
2023_416,2023,242071.15,2510591.64,海葵颱風,降雨,0.19
2023_417,2023,242142.89,2510650.08,海葵颱風,降雨,0.04
2023_418,2023,241365.31,2508143.4,海葵颱風,降雨,0.07
2023_419,2023,238731.18,2532091.48,海葵颱風,降雨,0.35
2023_420,2023,246298.39,2531540.13,海葵颱風,降雨,0.03
2023_421,2023,246365.38,2531777.76,海葵颱風,降雨,0.03
2023_422,2023,246214.85,2531420.71,海葵颱風,降雨,0.1
2023_423,2023,249700.69,2530493.01,海葵颱風,降雨,0.11
2023_424,2023,249519.38,2530432.61,海葵颱風,降雨,0.04
2023_425,2023,242146.78,2528406.95,海葵颱風,降雨,0.28
2023_426,2023,242030.92,2528397.55,海葵颱風,降雨,0.04
2023_427,2023,242179.9,2528581.73,海葵颱風,降雨,0.09
2023_428,2023,272057.36,2592004.13,小犬颱風,降雨,0.06
2023_429,2023,278383.6,2594503.1,小犬颱風,降雨,0.25
2023_430,2023,214079.91,2555205.77,卡努颱風,降雨,0.62
2023_431,2023,219316.64,2545531.11,卡努颱風,降雨,0.11
2023_432,2023,238429.79,2595174.76,卡努颱風,降雨,0.15
2023_433,2023,234424.56,2595280.7,卡努颱風,降雨,0.08
2023_434,2023,233307.56,2595682.66,卡努颱風,降雨,0.3
2023_435,2023,238761.5,2595547.75,卡努颱風,降雨,0.14
2023_436,2023,215147.95,2608247.9,卡努颱風,降雨,0.18
2023_437,2023,216302.26,2558601.51,卡努颱風,降雨,2.69
2023_438,2023,239058.28,2565522.21,卡努颱風,降雨,0.28
2023_439,2023,237262.58,2566060.23,卡努颱風,降雨,0.05
2023_440,2023,229266.36,2564630.26,卡努颱風,降雨,0.13
2023_441,2023,229177.49,2564532.28,卡努颱風,降雨,0.08
2023_442,2023,229464.82,2564888.27,卡努颱風,降雨,0.05
2023_443,2023,228362.21,2564592.94,卡努颱風,降雨,0.25
2023_444,2023,227034.85,2564029.53,卡努颱風,降雨,0.11
2023_445,2023,224186.04,2561653.88,卡努颱風,降雨,0.03
2023_446,2023,225140.35,2561076.18,卡努颱風,降雨,0.11
2023_447,2023,228080.76,2562133.93,卡努颱風,降雨,0.12
2023_448,2023,226932.48,2568457.09,卡努颱風,降雨,0.61
2023_449,2023,230054.37,2559776.07,卡努颱風,降雨,0.3
2023_450,2023,222478.66,2559283.58,卡努颱風,降雨,0.12
2023_451,2023,219465.57,2557708.65,卡努颱風,降雨,0.34
2023_452,2023,220116.9,2555676.09,卡努颱風,降雨,0.12
2023_453,2023,217687.46,2547427.31,卡努颱風,降雨,0.22
2023_454,2023,230325.12,2573865.95,卡努颱風,降雨,0.11
2023_455,2023,230167.62,2571876.81,卡努颱風,降雨,0.15
2023_456,2023,228670.85,2573585.06,卡努颱風,降雨,0.15
2023_457,2023,234790.15,2572624.6,卡努颱風,降雨,0.28
2023_458,2023,234189.24,2572235.47,卡努颱風,降雨,0.33
2023_459,2023,234126.97,2571978.56,卡努颱風,降雨,0.3
2023_460,2023,232418.05,2577115.54,卡努颱風,降雨,0.34
2023_461,2023,232404.76,2576998.87,卡努颱風,降雨,0.12
2023_462,2023,232334.66,2576622.39,卡努颱風,降雨,0.08
2023_463,2023,236515.38,2577392.79,卡努颱風,降雨,0.13
2023_464,2023,233717.61,2577325.42,卡努颱風,降雨,0.16
2023_465,2023,244948.82,2580280.87,卡努颱風,降雨,0.1
2023_466,2023,225911.53,2582608.58,卡努颱風,降雨,0.12
2023_467,2023,231652.62,2585155.02,卡努颱風,降雨,0.15
2023_468,2023,233162.28,2583513.73,卡努颱風,降雨,0.13
2023_469,2023,245913.93,2587135.39,卡努颱風,降雨,0.1
2023_470,2023,218424.94,2588039.72,卡努颱風,降雨,0.61
2023_471,2023,246483.25,2603107.52,卡努颱風,降雨,0.13
2023_472,2023,235942.81,2600147.96,卡努颱風,降雨,0.88
2023_473,2023,243705.49,2601349.96,卡努颱風,降雨,1.0
2023_474,2023,249382.44,2599839.28,卡努颱風,降雨,0.16
2023_475,2023,232548.66,2563298.47,卡努颱風,降雨,0.58
2023_476,2023,225764.74,2598585.19,卡努颱風,降雨,0.49
2023_477,2023,221275.26,2577427.49,卡努颱風,降雨,0.65
2023_478,2023,231061.33,2564233.49,卡努颱風,降雨,0.23
2023_479,2023,230924.02,2563900.54,卡努颱風,降雨,0.17
2023_480,2023,232407.15,2563329.34,卡努颱風,降雨,0.16
2023_481,2023,233876.38,2565491.13,卡努颱風,降雨,0.26
2023_482,2023,234563.03,2564770.22,卡努颱風,降雨,0.1
2023_483,2023,220837.0,2575697.17,卡努颱風,降雨,0.09
2023_484,2023,230523.64,2564377.7,卡努颱風,降雨,0.26
2023_485,2023,252274.02,2586347.54,卡努颱風,降雨,0.1
2023_486,2023,240912.56,2619920.32,卡努颱風,降雨,1.07
2023_487,2023,274648.76,2658780.18,卡努颱風,降雨,0.55
2023_488,2023,273620.04,2658979.22,卡努颱風,降雨,0.69
2023_489,2023,274461.99,2659279.94,卡努颱風,降雨,0.66
2023_490,2023,270844.98,2661720.85,卡努颱風,降雨,0.31
2023_491,2023,271119.19,2661764.56,卡努颱風,降雨,0.16
2023_492,2023,270841.09,2661848.82,卡努颱風,降雨,0.38
2023_493,2023,268902.19,2663001.12,卡努颱風,降雨,0.26
2023_494,2023,268713.11,2663164.11,卡努颱風,降雨,0.17
2023_495,2023,269417.15,2662805.17,卡努颱風,降雨,0.13
2023_496,2023,269702.9,2660919.69,卡努颱風,降雨,1.12
2023_497,2023,270869.73,2661488.05,卡努颱風,降雨,1.21
2023_498,2023,270422.84,2661522.68,卡努颱風,降雨,0.74
2023_499,2023,269208.82,2660661.34,卡努颱風,降雨,0.58
2023_500,2023,267357.52,2661315.71,卡努颱風,降雨,0.59
2023_501,2023,266263.21,2662984.94,卡努颱風,降雨,0.61
2023_502,2023,265847.43,2662959.67,卡努颱風,降雨,0.22
2023_503,2023,265272.69,2663310.9,卡努颱風,降雨,0.34
2023_504,2023,266161.79,2663715.5,卡努颱風,降雨,0.19
2023_505,2023,264676.54,2662313.28,卡努颱風,降雨,0.36
2023_506,2023,264920.4,2661390.69,卡努颱風,降雨,0.64
2023_507,2023,265121.74,2661359.97,卡努颱風,降雨,0.35
2023_508,2023,264913.42,2660444.02,卡努颱風,降雨,0.23
2023_509,2023,265032.05,2659802.52,卡努颱風,降雨,0.39
2023_510,2023,268308.57,2662270.95,卡努颱風,降雨,0.14
2023_511,2023,268953.08,2661809.54,卡努颱風,降雨,0.17
2023_512,2023,268873.72,2661163.31,卡努颱風,降雨,0.22
2023_513,2023,271671.35,2664052.47,卡努颱風,降雨,0.23
2023_514,2023,271797.64,2663602.29,卡努颱風,降雨,0.43
2023_515,2023,269939.86,2663249.04,卡努颱風,降雨,0.1
2023_516,2023,271254.95,2661679.64,卡努颱風,降雨,2.89
2023_517,2023,272244.77,2662811.36,卡努颱風,降雨,0.43
2023_518,2023,272290.85,2662173.51,卡努颱風,降雨,0.27
2023_519,2023,261161.2,2654457.62,卡努颱風,降雨,0.25
2023_520,2023,262714.7,2654219.21,卡努颱風,降雨,0.24
2023_521,2023,262920.72,2654136.36,卡努颱風,降雨,0.33
2023_522,2023,263382.92,2654636.99,卡努颱風,降雨,0.14
2023_523,2023,261475.75,2656091.6,卡努颱風,降雨,0.15
2023_524,2023,261049.78,2655273.12,卡努颱風,降雨,2.79
2023_525,2023,260832.15,2655137.67,卡努颱風,降雨,0.55
2023_526,2023,260911.21,2654873.75,卡努颱風,降雨,0.69
2023_527,2023,274622.35,2633747.87,卡努颱風,降雨,0.32
2023_528,2023,275008.56,2632985.08,卡努颱風,降雨,3.61
2023_529,2023,275804.77,2633034.73,卡努颱風,降雨,0.34
2023_530,2023,274656.18,2659116.29,卡努颱風,降雨,0.11
2023_531,2023,274797.31,2658184.79,卡努颱風,降雨,0.16
2023_532,2023,279370.16,2656739.02,卡努颱風,降雨,0.1
2023_533,2023,281470.19,2656442.05,卡努颱風,降雨,0.19
2023_534,2023,282328.72,2656999.43,卡努颱風,降雨,0.08
2023_535,2023,281155.72,2657835.89,卡努颱風,降雨,0.07
2023_536,2023,281371.07,2657677.06,卡努颱風,降雨,0.1
2023_537,2023,285920.32,2659225.18,卡努颱風,降雨,0.45
2023_538,2023,285663.6,2659017.99,卡努颱風,降雨,0.18
2023_539,2023,268518.29,2661284.87,卡努颱風,降雨,0.09
2023_540,2023,268359.74,2662321.61,卡努颱風,降雨,0.26
2023_541,2023,268726.11,2663081.16,卡努颱風,降雨,0.35
2023_542,2023,268949.68,2661239.94,卡努颱風,降雨,0.15
2023_543,2023,269018.2,2661205.4,卡努颱風,降雨,0.1
2023_544,2023,268283.18,2661293.99,卡努颱風,降雨,0.26
2023_545,2023,269281.63,2660967.32,卡努颱風,降雨,0.03
2023_546,2023,269450.2,2660731.02,卡努颱風,降雨,0.09
2023_547,2023,270381.45,2660364.97,卡努颱風,降雨,0.48
2023_548,2023,269864.84,2661029.46,卡努颱風,降雨,0.26
2023_549,2023,269605.95,2660955.44,卡努颱風,降雨,0.32
2023_550,2023,270605.01,2662093.27,卡努颱風,降雨,0.1
2023_551,2023,270456.84,2661954.99,卡努颱風,降雨,0.1
2023_552,2023,270190.05,2661966.14,卡努颱風,降雨,0.07
2023_553,2023,270125.74,2661976.02,卡努颱風,降雨,0.24
2023_554,2023,270577.62,2662043.5,卡努颱風,降雨,0.06
2023_555,2023,270948.82,2662303.04,卡努颱風,降雨,0.06
2023_556,2023,270995.35,2662207.03,卡努颱風,降雨,0.05
2023_557,2023,270859.88,2662371.68,卡努颱風,降雨,0.07
2023_558,2023,271106.4,2662031.19,卡努颱風,降雨,0.25
2023_559,2023,271041.55,2661945.65,卡努颱風,降雨,0.15
2023_560,2023,271356.73,2661879.7,卡努颱風,降雨,0.55
2023_561,2023,270600.72,2661684.32,卡努颱風,降雨,0.04
2023_562,2023,270814.57,2661787.62,卡努颱風,降雨,0.05
2023_563,2023,269571.86,2661208.26,卡努颱風,降雨,0.03
2023_564,2023,269656.2,2662111.9,卡努颱風,降雨,0.05
2023_565,2023,271165.67,2661186.09,卡努颱風,降雨,0.37
2023_566,2023,271044.57,2661058.68,卡努颱風,降雨,0.71
2023_567,2023,271028.52,2661210.34,卡努颱風,降雨,1.25
2023_568,2023,271123.5,2661445.15,卡努颱風,降雨,0.06
2023_569,2023,273293.47,2660349.49,卡努颱風,降雨,0.05
2023_570,2023,272156.37,2662881.67,卡努颱風,降雨,0.02
2023_571,2023,272223.87,2662955.18,卡努颱風,降雨,0.12
2023_572,2023,272210.54,2662621.49,卡努颱風,降雨,0.13
2023_573,2023,272172.55,2662510.38,卡努颱風,降雨,0.16
2023_574,2023,272143.72,2662386.32,卡努颱風,降雨,0.09
2023_575,2023,285317.87,2662119.84,卡努颱風,降雨,0.94
2023_576,2023,268433.89,2665025.45,卡努颱風,降雨,0.28
2023_577,2023,270120.81,2663915.04,卡努颱風,降雨,0.21
2023_578,2023,270528.88,2663502.85,卡努颱風,降雨,0.04
2023_579,2023,270352.36,2663501.2,卡努颱風,降雨,0.05
2023_580,2023,270040.61,2663704.85,卡努颱風,降雨,0.08
2023_581,2023,275296.03,2663692.04,卡努颱風,降雨,0.06
2023_582,2023,268172.97,2667328.76,卡努颱風,降雨,0.08
2023_583,2023,261556.39,2657409.5,卡努颱風,降雨,0.2
2023_584,2023,261869.79,2657094.74,卡努颱風,降雨,0.07
2023_585,2023,262044.44,2656936.31,卡努颱風,降雨,0.28
2023_586,2023,262136.55,2656960.49,卡努颱風,降雨,0.03
2023_587,2023,262217.55,2656957.87,卡努颱風,降雨,0.2
2023_588,2023,262622.8,2657105.65,卡努颱風,降雨,0.08
2023_589,2023,262646.51,2657154.39,卡努颱風,降雨,0.03
2023_590,2023,262550.11,2657053.83,卡努颱風,降雨,0.09
2023_591,2023,262025.47,2656758.17,卡努颱風,降雨,0.04
2023_592,2023,262080.49,2656658.17,卡努颱風,降雨,0.03
2023_593,2023,262216.06,2656718.65,卡努颱風,降雨,0.15
2023_594,2023,262341.7,2656830.07,卡努颱風,降雨,0.04
2023_595,2023,262373.44,2656506.49,卡努颱風,降雨,0.61
2023_596,2023,262497.45,2656384.87,卡努颱風,降雨,0.11
2023_597,2023,263307.09,2657555.71,卡努颱風,降雨,0.2
2023_598,2023,263398.41,2657696.98,卡努颱風,降雨,0.05
2023_599,2023,261705.29,2656164.67,卡努颱風,降雨,0.07
2023_600,2023,261571.32,2656056.65,卡努颱風,降雨,0.08
2023_601,2023,261745.37,2656026.52,卡努颱風,降雨,0.12
2023_602,2023,261462.47,2656420.8,卡努颱風,降雨,0.09
2023_603,2023,261013.77,2655031.24,卡努颱風,降雨,0.07
2023_604,2023,261550.79,2655167.41,卡努颱風,降雨,0.18
2023_605,2023,261688.49,2655078.24,卡努颱風,降雨,0.04
2023_606,2023,261479.76,2655278.7,卡努颱風,降雨,0.06
2023_607,2023,261464.76,2655321.77,卡努颱風,降雨,0.03
2023_608,2023,261926.47,2655185.22,卡努颱風,降雨,0.04
2023_609,2023,262135.82,2655118.94,卡努颱風,降雨,0.04
2023_610,2023,262132.56,2655050.83,卡努颱風,降雨,0.07
2023_611,2023,261955.24,2655650.3,卡努颱風,降雨,0.12
2023_612,2023,262278.91,2655323.46,卡努颱風,降雨,0.3
2023_613,2023,262096.41,2655460.58,卡努颱風,降雨,0.19
2023_614,2023,262201.86,2656207.24,卡努颱風,降雨,0.24
2023_615,2023,263466.1,2654804.4,卡努颱風,降雨,0.29
2023_616,2023,263576.09,2654595.27,卡努颱風,降雨,0.1
2023_617,2023,263318.24,2655079.92,卡努颱風,降雨,0.05
2023_618,2023,263473.09,2654983.04,卡努颱風,降雨,0.09
2023_619,2023,263433.94,2654934.69,卡努颱風,降雨,0.08
2023_620,2023,263387.21,2654931.1,卡努颱風,降雨,0.04
2023_621,2023,263370.87,2654764.21,卡努颱風,降雨,0.04
2023_622,2023,263342.36,2655614.02,卡努颱風,降雨,0.07
2023_623,2023,263074.27,2655494.53,卡努颱風,降雨,0.11
2023_624,2023,263422.01,2655415.12,卡努颱風,降雨,0.14
2023_625,2023,263019.77,2655430.53,卡努颱風,降雨,0.16
2023_626,2023,263122.14,2655724.4,卡努颱風,降雨,0.03
2023_627,2023,263415.58,2656265.72,卡努颱風,降雨,0.07
2023_628,2023,263475.02,2656072.68,卡努颱風,降雨,0.07
2023_629,2023,263261.33,2656267.08,卡努颱風,降雨,0.01
2023_630,2023,263540.85,2656856.46,卡努颱風,降雨,0.03
2023_631,2023,263182.65,2657282.41,卡努颱風,降雨,0.17
2023_632,2023,263203.79,2655584.21,卡努颱風,降雨,0.04
2023_633,2023,263331.97,2654692.68,卡努颱風,降雨,0.05
2023_634,2023,263354.32,2654643.04,卡努颱風,降雨,0.12
2023_635,2023,261031.26,2654743.7,卡努颱風,降雨,0.19
2023_636,2023,261134.01,2654580.96,卡努颱風,降雨,0.1
2023_637,2023,261368.24,2654439.4,卡努颱風,降雨,0.2
2023_638,2023,261183.85,2654375.83,卡努颱風,降雨,0.1
2023_639,2023,261308.69,2654349.85,卡努颱風,降雨,0.09
2023_640,2023,261500.58,2654709.87,卡努颱風,降雨,0.27
2023_641,2023,261138.9,2654922.7,卡努颱風,降雨,0.18
2023_642,2023,260806.44,2654720.17,卡努颱風,降雨,0.05
2023_643,2023,260603.37,2654285.22,卡努颱風,降雨,0.09
2023_644,2023,260715.3,2654282.74,卡努颱風,降雨,0.11
2023_645,2023,260549.86,2654144.27,卡努颱風,降雨,0.06
2023_646,2023,260606.78,2654150.7,卡努颱風,降雨,0.04
2023_647,2023,260629.08,2653922.2,卡努颱風,降雨,0.03
2023_648,2023,261246.33,2653835.28,卡努颱風,降雨,1.78
2023_649,2023,261110.68,2653718.57,卡努颱風,降雨,0.16
2023_650,2023,261412.5,2654219.18,卡努颱風,降雨,0.07
2023_651,2023,261436.33,2653639.82,卡努颱風,降雨,0.04
2023_652,2023,261626.52,2653821.01,卡努颱風,降雨,0.07
2023_653,2023,262499.3,2654254.37,卡努颱風,降雨,0.34
2023_654,2023,263449.64,2654312.37,卡努颱風,降雨,0.02
2023_655,2023,263179.99,2654101.64,卡努颱風,降雨,0.06
2023_656,2023,263032.06,2653666.44,卡努颱風,降雨,0.06
2023_657,2023,263022.52,2653570.03,卡努颱風,降雨,0.11
2023_658,2023,262891.24,2653572.72,卡努颱風,降雨,0.03
2023_659,2023,262799.47,2653517.52,卡努颱風,降雨,0.03
2023_660,2023,262782.16,2653613.3,卡努颱風,降雨,0.03
2023_661,2023,263098.67,2653343.17,卡努颱風,降雨,0.07
2023_662,2023,263287.91,2653167.39,卡努颱風,降雨,0.05
2023_663,2023,263295.03,2653096.67,卡努颱風,降雨,0.04
2023_664,2023,265150.24,2660395.94,卡努颱風,降雨,0.09
2023_665,2023,264981.28,2660450.79,卡努颱風,降雨,0.04
2023_666,2023,265515.43,2659730.17,卡努颱風,降雨,0.05
2023_667,2023,264577.64,2659644.38,卡努颱風,降雨,0.2
2023_668,2023,264134.43,2659817.52,卡努颱風,降雨,0.37
2023_669,2023,264057.57,2659815.11,卡努颱風,降雨,0.21
2023_670,2023,264091.2,2659434.31,卡努颱風,降雨,0.15
2023_671,2023,263936.2,2659311.89,卡努颱風,降雨,0.2
2023_672,2023,263956.83,2659109.91,卡努颱風,降雨,0.16
2023_673,2023,263845.18,2658514.18,卡努颱風,降雨,0.08
2023_674,2023,262870.74,2659299.39,卡努颱風,降雨,0.04
2023_675,2023,264651.24,2660779.59,卡努颱風,降雨,0.13
2023_676,2023,264162.2,2658494.24,卡努颱風,降雨,0.09
2023_677,2023,264106.27,2658674.79,卡努颱風,降雨,0.77
2023_678,2023,263916.33,2658644.02,卡努颱風,降雨,0.16
2023_679,2023,263795.31,2658770.56,卡努颱風,降雨,0.11
2023_680,2023,263783.72,2658702.92,卡努颱風,降雨,0.08
2023_681,2023,263694.49,2658647.31,卡努颱風,降雨,0.23
2023_682,2023,263549.87,2658868.57,卡努颱風,降雨,0.08
2023_683,2023,263569.88,2658774.61,卡努颱風,降雨,0.05
2023_684,2023,263226.61,2658888.57,卡努颱風,降雨,0.09
2023_685,2023,262835.61,2659470.05,卡努颱風,降雨,0.21
2023_686,2023,262358.75,2660307.49,卡努颱風,降雨,0.76
2023_687,2023,262461.81,2660232.32,卡努颱風,降雨,0.2
2023_688,2023,261664.8,2658430.56,卡努颱風,降雨,0.1
2023_689,2023,261097.81,2657985.18,卡努颱風,降雨,0.23
2023_690,2023,261574.12,2657638.38,卡努颱風,降雨,0.06
2023_691,2023,261659.57,2657741.77,卡努颱風,降雨,0.03
2023_692,2023,261718.95,2657765.47,卡努颱風,降雨,0.01
2023_693,2023,262761.92,2657890.43,卡努颱風,降雨,0.06
2023_694,2023,263270.88,2658221.85,卡努颱風,降雨,0.11
2023_695,2023,263151.16,2658203.14,卡努颱風,降雨,0.04
2023_696,2023,263180.49,2658053.47,卡努颱風,降雨,0.01
2023_697,2023,268774.36,2662826.82,卡努颱風,降雨,0.28
2023_698,2023,268984.51,2663392.04,卡努颱風,降雨,0.04
2023_699,2023,268971.61,2663350.81,卡努颱風,降雨,0.09
2023_700,2023,270326.34,2662332.93,卡努颱風,降雨,0.2
2023_701,2023,269934.55,2662089.18,卡努颱風,降雨,0.07
2023_702,2023,269844.11,2662017.87,卡努颱風,降雨,0.14
2023_703,2023,269888.49,2661594.96,卡努颱風,降雨,0.17
2023_704,2023,269686.86,2661446.96,卡努颱風,降雨,0.18
2023_705,2023,270059.99,2660990.35,卡努颱風,降雨,0.04
2023_706,2023,269722.9,2661046.07,卡努颱風,降雨,0.04
2023_707,2023,270354.2,2661140.58,卡努颱風,降雨,0.09
2023_708,2023,270062.42,2660420.89,卡努颱風,降雨,0.07
2023_709,2023,269176.05,2660603.12,卡努颱風,降雨,0.21
2023_710,2023,268885.75,2660334.9,卡努颱風,降雨,0.11
2023_711,2023,268369.21,2662803.93,卡努颱風,降雨,0.05
2023_712,2023,268503.48,2662487.77,卡努颱風,降雨,0.04
2023_713,2023,268476.87,2662400.96,卡努颱風,降雨,0.04
2023_714,2023,268022.12,2662597.47,卡努颱風,降雨,0.03
2023_715,2023,267905.6,2662784.12,卡努颱風,降雨,0.03
2023_716,2023,266326.0,2662799.97,卡努颱風,降雨,0.05
2023_717,2023,262972.82,2662050.97,卡努颱風,降雨,0.1
2023_718,2023,265671.71,2663765.74,卡努颱風,降雨,0.35
2023_719,2023,265976.56,2663715.11,卡努颱風,降雨,0.27
2023_720,2023,265850.05,2663571.04,卡努颱風,降雨,0.21
2023_721,2023,265337.76,2663390.77,卡努颱風,降雨,0.25
2023_722,2023,265210.52,2663255.32,卡努颱風,降雨,0.26
2023_723,2023,264109.92,2662517.78,卡努颱風,降雨,0.09
2023_724,2023,264050.72,2662671.69,卡努颱風,降雨,0.17
2023_725,2023,263931.91,2662409.77,卡努颱風,降雨,0.08
2023_726,2023,264076.39,2662405.49,卡努颱風,降雨,0.12
2023_727,2023,263909.93,2662211.63,卡努颱風,降雨,0.08
2023_728,2023,263827.94,2662147.87,卡努颱風,降雨,0.17
2023_729,2023,263495.32,2662559.64,卡努颱風,降雨,0.1
2023_730,2023,263530.69,2662435.79,卡努颱風,降雨,0.05
2023_731,2023,263354.99,2662345.11,卡努颱風,降雨,0.18
2023_732,2023,265878.46,2661939.29,卡努颱風,降雨,0.18
2023_733,2023,266054.29,2662163.13,卡努颱風,降雨,0.1
2023_734,2023,266005.23,2662281.71,卡努颱風,降雨,0.14
2023_735,2023,265847.82,2662522.56,卡努颱風,降雨,0.03
2023_736,2023,265739.49,2662900.27,卡努颱風,降雨,0.09
2023_737,2023,264049.83,2661456.95,卡努颱風,降雨,0.05
2023_738,2023,267891.3,2662256.39,卡努颱風,降雨,0.06
2023_739,2023,268279.88,2662152.18,卡努颱風,降雨,0.24
2023_740,2023,267713.86,2662055.04,卡努颱風,降雨,0.04
2023_741,2023,267806.03,2662032.89,卡努颱風,降雨,0.1
2023_742,2023,267133.35,2660925.4,卡努颱風,降雨,0.05
2023_743,2023,267133.5,2660902.43,卡努颱風,降雨,0.02
2023_744,2023,267626.29,2660866.54,卡努颱風,降雨,0.06
2023_745,2023,267657.04,2660780.15,卡努颱風,降雨,0.07
2023_746,2023,267709.55,2661353.87,卡努颱風,降雨,0.05
2023_747,2023,268385.01,2661479.09,卡努颱風,降雨,0.05
2023_748,2023,268332.44,2661452.43,卡努颱風,降雨,0.03
2023_749,2023,268435.87,2661365.04,卡努颱風,降雨,0.18
2023_750,2023,267999.84,2662017.59,卡努颱風,降雨,0.2
2023_751,2023,262782.24,2662153.69,卡努颱風,降雨,0.14
2023_752,2023,263239.16,2661817.96,卡努颱風,降雨,0.08
2023_753,2023,263061.9,2661823.74,卡努颱風,降雨,0.07
2023_754,2023,263121.49,2661967.24,卡努颱風,降雨,0.03
2023_755,2023,263129.28,2661412.98,卡努颱風,降雨,0.24
2023_756,2023,262241.22,2660802.81,卡努颱風,降雨,0.09
2023_757,2023,270212.9,2663797.96,卡努颱風,降雨,0.02
2023_758,2023,269521.65,2664090.63,卡努颱風,降雨,0.11
2023_759,2023,269708.31,2664371.93,卡努颱風,降雨,0.05
2023_760,2023,269598.04,2664517.84,卡努颱風,降雨,0.07
2023_761,2023,265532.4,2664091.31,卡努颱風,降雨,0.51
2023_762,2023,266367.04,2663526.24,卡努颱風,降雨,0.05
2023_763,2023,268513.89,2663405.1,卡努颱風,降雨,0.11
2023_764,2023,268563.29,2663336.03,卡努颱風,降雨,0.12
2023_765,2023,268539.29,2663284.42,卡努颱風,降雨,0.03
2023_766,2023,268457.66,2663674.9,卡努颱風,降雨,0.02
2023_767,2023,268046.47,2663807.2,卡努颱風,降雨,0.18
2023_768,2023,267921.3,2664221.24,卡努颱風,降雨,0.06
2023_769,2023,268493.86,2665113.63,卡努颱風,降雨,0.09
2023_770,2023,268480.19,2665075.76,卡努颱風,降雨,0.05
2023_771,2023,263513.67,2654606.12,卡努颱風,降雨,0.54
2023_772,2023,268121.64,2667217.43,卡努颱風,降雨,0.29
2023_773,2023,263485.35,2655118.11,卡努颱風,降雨,0.25
2023_774,2023,263482.14,2655582.02,卡努颱風,降雨,0.1
2023_775,2023,264591.01,2661470.29,卡努颱風,降雨,0.05
2023_776,2023,264332.87,2647908.13,卡努颱風,降雨,0.19
2023_777,2023,267498.05,2647009.56,卡努颱風,降雨,0.28
2023_778,2023,265760.09,2664779.51,卡努颱風,降雨,0.27
2023_779,2023,265733.58,2665212.45,卡努颱風,降雨,0.25
2023_780,2023,264584.54,2665508.92,卡努颱風,降雨,0.33
2023_781,2023,265929.18,2665762.7,卡努颱風,降雨,0.53
2023_782,2023,265671.25,2666237.82,卡努颱風,降雨,0.24
2023_783,2023,264740.51,2666531.28,卡努颱風,降雨,0.47
2023_784,2023,265590.54,2664900.04,卡努颱風,降雨,0.1
2023_785,2023,263137.44,2648290.54,卡努颱風,降雨,0.3
2023_786,2023,263411.31,2648131.44,卡努颱風,降雨,0.11
2023_787,2023,263713.79,2647605.45,卡努颱風,降雨,0.12
2023_788,2023,263783.25,2647132.19,卡努颱風,降雨,0.12
2023_789,2023,259600.7,2632101.1,卡努颱風,降雨,0.21
2023_790,2023,272526.85,2658237.05,卡努颱風,降雨,0.28
2023_791,2023,272702.76,2658566.97,卡努颱風,降雨,0.22
2023_792,2023,272355.69,2659490.66,卡努颱風,降雨,0.39
2023_793,2023,272344.23,2659242.08,卡努颱風,降雨,0.2
2023_794,2023,272401.8,2658283.69,卡努颱風,降雨,0.25
2023_795,2023,269149.27,2658488.52,卡努颱風,降雨,0.96
2023_796,2023,269266.97,2657967.41,卡努颱風,降雨,0.39
2023_797,2023,268965.87,2658560.62,卡努颱風,降雨,0.13
2023_798,2023,273445.77,2657391.69,卡努颱風,降雨,0.48
2023_799,2023,273508.08,2657539.81,卡努颱風,降雨,1.47
2023_800,2023,273723.36,2657578.26,卡努颱風,降雨,0.19
2023_801,2023,273806.45,2657669.36,卡努颱風,降雨,0.14
2023_802,2023,271823.39,2657934.75,卡努颱風,降雨,0.31
2023_803,2023,271991.68,2658124.62,卡努颱風,降雨,0.3
2023_804,2023,271885.52,2659016.76,卡努颱風,降雨,0.2
2023_805,2023,272111.74,2658011.06,卡努颱風,降雨,0.23
2023_806,2023,272230.47,2658794.88,卡努颱風,降雨,1.11
2023_807,2023,271908.38,2659612.78,卡努颱風,降雨,0.23
2023_808,2023,271970.34,2660711.0,卡努颱風,降雨,1.13
2023_809,2023,272363.95,2657347.63,卡努颱風,降雨,0.19
2023_810,2023,272241.6,2657454.79,卡努颱風,降雨,1.05
2023_811,2023,265910.11,2659033.81,卡努颱風,降雨,0.24
2023_812,2023,266560.5,2660050.62,卡努颱風,降雨,0.16
2023_813,2023,266936.86,2659563.17,卡努颱風,降雨,0.19
2023_814,2023,267388.19,2660584.61,卡努颱風,降雨,0.15
2023_815,2023,267878.02,2660415.57,卡努颱風,降雨,3.54
2023_816,2023,271596.9,2657749.86,卡努颱風,降雨,1.27
2023_817,2023,271467.28,2658572.88,卡努颱風,降雨,0.31
2023_818,2023,271933.54,2658025.59,卡努颱風,降雨,0.14
2023_819,2023,266541.75,2659267.5,卡努颱風,降雨,0.42
2023_820,2023,269482.99,2659170.7,卡努颱風,降雨,0.55
2023_821,2023,270076.1,2659375.49,卡努颱風,降雨,1.55
2023_822,2023,270137.97,2658898.33,卡努颱風,降雨,0.27
2023_823,2023,271918.76,2660335.5,卡努颱風,降雨,0.24
2023_824,2023,271768.14,2661033.05,卡努颱風,降雨,0.3
2023_825,2023,270916.37,2658312.06,卡努颱風,降雨,0.52
2023_826,2023,275994.94,2650598.52,卡努颱風,降雨,0.23
2023_827,2023,275586.0,2650850.49,卡努颱風,降雨,0.31
2023_828,2023,275372.28,2650339.82,卡努颱風,降雨,0.74
2023_829,2023,275904.82,2650207.81,卡努颱風,降雨,0.2
2023_830,2023,275083.35,2650433.04,卡努颱風,降雨,0.34
2023_831,2023,274791.62,2650775.09,卡努颱風,降雨,0.24
2023_832,2023,274639.3,2650659.99,卡努颱風,降雨,0.29
2023_833,2023,274636.36,2650436.06,卡努颱風,降雨,0.21
2023_834,2023,274538.79,2650159.88,卡努颱風,降雨,0.46
2023_835,2023,274360.01,2650319.53,卡努颱風,降雨,2.23
2023_836,2023,274242.61,2650586.44,卡努颱風,降雨,0.3
2023_837,2023,274654.95,2650210.06,卡努颱風,降雨,0.18
2023_838,2023,273821.73,2651625.31,卡努颱風,降雨,0.56
2023_839,2023,271591.57,2650899.97,卡努颱風,降雨,1.0
2023_840,2023,271481.96,2650713.41,卡努颱風,降雨,0.57
2023_841,2023,271532.5,2650549.9,卡努颱風,降雨,0.56
2023_842,2023,271907.22,2650589.48,卡努颱風,降雨,0.26
2023_843,2023,272111.17,2650878.03,卡努颱風,降雨,0.71
2023_844,2023,272233.53,2650917.2,卡努颱風,降雨,0.2
2023_845,2023,272148.3,2650689.74,卡努颱風,降雨,0.55
2023_846,2023,271820.8,2651838.78,卡努颱風,降雨,2.69
2023_847,2023,272755.78,2651410.12,卡努颱風,降雨,0.36
2023_848,2023,272830.6,2651691.14,卡努颱風,降雨,0.25
2023_849,2023,272877.53,2651550.38,卡努颱風,降雨,0.35
2023_850,2023,272561.42,2650923.74,卡努颱風,降雨,0.2
2023_851,2023,273115.62,2650201.53,卡努颱風,降雨,1.64
2023_852,2023,273496.58,2650307.74,卡努颱風,降雨,1.74
2023_853,2023,273299.39,2650193.66,卡努颱風,降雨,0.17
2023_854,2023,272078.93,2649429.9,卡努颱風,降雨,0.27
2023_855,2023,273337.9,2649714.69,卡努颱風,降雨,1.52
2023_856,2023,273479.53,2651486.32,卡努颱風,降雨,0.27
2023_857,2023,269741.72,2649122.34,卡努颱風,降雨,0.95
2023_858,2023,269425.92,2649825.58,卡努颱風,降雨,1.66
2023_859,2023,269101.65,2649788.54,卡努颱風,降雨,0.43
2023_860,2023,268933.83,2650474.26,卡努颱風,降雨,0.96
2023_861,2023,269044.0,2651274.71,卡努颱風,降雨,0.13
2023_862,2023,271069.06,2651045.21,卡努颱風,降雨,1.19
2023_863,2023,267257.59,2651987.52,卡努颱風,降雨,2.6
2023_864,2023,267304.78,2651620.54,卡努颱風,降雨,0.87
2023_865,2023,267407.32,2651290.48,卡努颱風,降雨,0.37
2023_866,2023,267173.33,2650999.82,卡努颱風,降雨,2.79
2023_867,2023,266680.26,2650506.9,卡努颱風,降雨,8.71
2023_868,2023,265956.03,2650671.61,卡努颱風,降雨,0.54
2023_869,2023,268008.31,2651627.52,卡努颱風,降雨,0.51
2023_870,2023,268457.13,2651146.97,卡努颱風,降雨,0.31
2023_871,2023,268551.23,2650986.63,卡努颱風,降雨,0.48
2023_872,2023,268512.93,2650743.18,卡努颱風,降雨,0.55
2023_873,2023,268442.87,2650537.22,卡努颱風,降雨,0.59
2023_874,2023,268477.23,2650027.95,卡努颱風,降雨,0.35
2023_875,2023,264598.47,2650321.21,卡努颱風,降雨,0.53
2023_876,2023,264983.83,2649590.46,卡努颱風,降雨,0.19
2023_877,2023,263963.76,2649270.72,卡努颱風,降雨,0.85
2023_878,2023,263207.93,2649289.56,卡努颱風,降雨,0.41
2023_879,2023,262183.17,2650352.72,卡努颱風,降雨,1.75
2023_880,2023,263319.15,2650556.85,卡努颱風,降雨,0.8
2023_881,2023,263150.82,2651164.9,卡努颱風,降雨,1.09
2023_882,2023,260039.99,2649846.47,卡努颱風,降雨,0.43
2023_883,2023,269741.49,2648515.34,卡努颱風,降雨,0.65
2023_884,2023,270575.81,2647809.55,卡努颱風,降雨,0.28
2023_885,2023,271743.02,2648782.27,卡努颱風,降雨,0.24
2023_886,2023,272107.05,2648844.54,卡努颱風,降雨,0.42
2023_887,2023,271956.71,2648359.11,卡努颱風,降雨,0.22
2023_888,2023,272923.41,2647809.74,卡努颱風,降雨,0.41
2023_889,2023,272157.04,2647115.3,卡努颱風,降雨,0.18
2023_890,2023,275642.98,2649068.44,卡努颱風,降雨,0.29
2023_891,2023,275195.41,2648682.22,卡努颱風,降雨,1.08
2023_892,2023,267416.15,2660703.62,卡努颱風,降雨,0.92
2023_893,2023,274597.49,2649015.58,卡努颱風,降雨,0.66
2023_894,2023,273971.89,2647278.36,卡努颱風,降雨,0.37
2023_895,2023,272343.6,2652676.97,卡努颱風,降雨,0.31
2023_896,2023,273238.68,2652542.3,卡努颱風,降雨,0.38
2023_897,2023,271035.75,2654477.62,卡努颱風,降雨,1.98
2023_898,2023,270907.95,2654638.78,卡努颱風,降雨,0.54
2023_899,2023,271083.94,2653962.8,卡努颱風,降雨,0.54
2023_900,2023,270540.4,2654354.24,卡努颱風,降雨,0.33
2023_901,2023,270407.68,2654942.27,卡努颱風,降雨,0.66
2023_902,2023,268044.32,2652102.49,卡努颱風,降雨,1.45
2023_903,2023,267047.41,2653934.88,卡努颱風,降雨,1.51
2023_904,2023,266464.97,2653976.99,卡努颱風,降雨,0.53
2023_905,2023,266168.25,2653702.41,卡努颱風,降雨,0.89
2023_906,2023,266647.48,2654063.62,卡努颱風,降雨,0.24
2023_907,2023,265233.73,2654407.82,卡努颱風,降雨,0.41
2023_908,2023,264949.51,2652754.32,卡努颱風,降雨,1.53
2023_909,2023,265048.07,2652376.94,卡努颱風,降雨,0.47
2023_910,2023,261487.99,2652913.4,卡努颱風,降雨,1.18
2023_911,2023,260982.14,2653376.61,卡努颱風,降雨,0.31
2023_912,2023,253367.21,2653418.36,卡努颱風,降雨,0.34
2023_913,2023,266102.46,2656727.49,卡努颱風,降雨,0.37
2023_914,2023,265560.06,2656147.64,卡努颱風,降雨,0.27
2023_915,2023,267330.66,2657271.72,卡努颱風,降雨,0.27
2023_916,2023,267976.08,2656120.57,卡努颱風,降雨,0.53
2023_917,2023,268325.34,2656944.9,卡努颱風,降雨,0.21
2023_918,2023,268178.18,2657215.5,卡努颱風,降雨,1.49
2023_919,2023,268530.93,2657114.19,卡努颱風,降雨,0.22
2023_920,2023,269744.42,2657594.18,卡努颱風,降雨,0.37
2023_921,2023,270574.7,2657361.19,卡努颱風,降雨,0.24
2023_922,2023,269625.38,2657141.78,卡努颱風,降雨,0.28
2023_923,2023,269013.33,2656595.19,卡努颱風,降雨,0.6
2023_924,2023,269054.84,2656413.02,卡努颱風,降雨,0.62
2023_925,2023,270650.02,2656113.17,卡努颱風,降雨,0.66
2023_926,2023,270747.81,2655868.84,卡努颱風,降雨,0.25
2023_927,2023,270014.89,2655629.27,卡努颱風,降雨,0.33
2023_928,2023,269145.94,2655250.29,卡努颱風,降雨,0.33
2023_929,2023,270254.28,2655781.38,卡努颱風,降雨,0.39
2023_930,2023,270416.99,2655809.96,卡努颱風,降雨,0.16
2023_931,2023,273478.83,2656704.47,卡努颱風,降雨,1.01
2023_932,2023,273020.82,2657270.23,卡努颱風,降雨,1.22
2023_933,2023,251123.23,2622716.87,卡努颱風,降雨,0.52
2023_934,2023,267092.53,2671784.18,卡努颱風,降雨,0.44
2023_935,2023,259012.89,2664135.4,卡努颱風,降雨,0.65
2023_936,2023,260134.65,2656371.98,卡努颱風,降雨,0.29
2023_937,2023,260521.59,2656715.06,卡努颱風,降雨,0.41
2023_938,2023,257398.3,2656622.93,卡努颱風,降雨,0.34
2023_939,2023,259751.57,2655451.78,卡努颱風,降雨,0.64
2023_940,2023,260114.36,2655017.37,卡努颱風,降雨,0.55
2023_941,2023,273366.32,2650550.29,卡努颱風,降雨,0.75
2023_942,2023,273580.7,2650407.75,卡努颱風,降雨,0.11
2023_943,2023,270505.49,2659339.2,卡努颱風,降雨,0.16
2023_944,2023,272346.81,2659643.83,卡努颱風,降雨,0.52
2023_945,2023,270862.33,2659937.41,卡努颱風,降雨,0.7
2023_946,2023,271865.91,2659991.05,卡努颱風,降雨,0.72
2023_947,2023,272376.23,2660412.08,卡努颱風,降雨,0.51
2023_948,2023,274778.26,2650986.29,卡努颱風,降雨,0.36
2023_949,2023,262038.49,2651225.19,卡努颱風,降雨,0.25
2023_950,2023,272588.08,2655493.86,卡努颱風,降雨,0.66
2023_951,2023,269397.38,2654771.33,卡努颱風,降雨,0.05
2023_952,2023,273307.09,2657285.88,卡努颱風,降雨,0.33
2023_953,2023,270993.12,2658025.46,卡努颱風,降雨,0.35
2023_954,2023,272162.86,2658255.19,卡努颱風,降雨,0.25
2023_955,2023,268692.7,2648252.48,卡努颱風,降雨,0.64
2023_956,2023,268948.4,2648174.5,卡努颱風,降雨,0.19
2023_957,2023,269077.76,2648339.66,卡努颱風,降雨,0.17
2023_958,2023,261113.44,2658659.6,卡努颱風,降雨,0.81
2023_959,2023,257679.15,2652242.42,卡努颱風,降雨,0.56
2023_960,2023,265825.95,2625687.78,卡努颱風,降雨,0.58
2023_961,2023,254515.79,2651868.96,卡努颱風,降雨,0.65
2023_962,2023,254443.69,2651967.42,卡努颱風,降雨,0.15
2023_963,2023,255362.39,2651101.77,卡努颱風,降雨,0.44
2023_964,2023,253577.45,2651881.55,卡努颱風,降雨,0.21
2023_965,2023,257046.31,2648590.11,卡努颱風,降雨,0.2
2023_966,2023,254487.74,2649081.29,卡努颱風,降雨,0.31
2023_967,2023,270587.79,2646495.46,卡努颱風,降雨,0.18
2023_968,2023,270632.19,2646382.88,卡努颱風,降雨,0.02
2023_969,2023,271193.62,2646496.89,卡努颱風,降雨,0.05
2023_970,2023,271829.76,2646400.92,卡努颱風,降雨,0.01
2023_971,2023,271813.95,2646324.4,卡努颱風,降雨,0.07
2023_972,2023,272255.49,2646561.49,卡努颱風,降雨,0.1
2023_973,2023,273051.81,2645887.87,卡努颱風,降雨,0.08
2023_974,2023,271997.91,2657001.6,卡努颱風,降雨,0.09
2023_975,2023,272213.12,2657299.59,卡努颱風,降雨,0.07
2023_976,2023,272510.53,2657271.68,卡努颱風,降雨,0.03
2023_977,2023,272554.09,2657330.67,卡努颱風,降雨,0.08
2023_978,2023,272589.77,2656886.2,卡努颱風,降雨,0.02
2023_979,2023,273388.22,2656356.13,卡努颱風,降雨,1.55
2023_980,2023,273338.49,2656585.63,卡努颱風,降雨,0.06
2023_981,2023,274094.18,2656001.41,卡努颱風,降雨,0.06
2023_982,2023,274329.07,2656080.49,卡努颱風,降雨,0.06
2023_983,2023,274216.95,2656058.64,卡努颱風,降雨,0.12
2023_984,2023,273987.19,2656118.24,卡努颱風,降雨,0.49
2023_985,2023,271092.0,2655649.14,卡努颱風,降雨,0.42
2023_986,2023,271090.06,2655486.27,卡努颱風,降雨,0.49
2023_987,2023,268930.81,2655099.64,卡努颱風,降雨,0.38
2023_988,2023,268966.92,2655253.35,卡努颱風,降雨,0.04
2023_989,2023,268534.5,2654867.97,卡努颱風,降雨,0.31
2023_990,2023,268442.03,2654442.29,卡努颱風,降雨,0.53
2023_991,2023,269016.0,2654120.92,卡努颱風,降雨,0.67
2023_992,2023,269205.94,2654014.16,卡努颱風,降雨,0.1
2023_993,2023,268041.58,2654072.0,卡努颱風,降雨,0.36
2023_994,2023,268691.37,2654069.47,卡努颱風,降雨,0.08
2023_995,2023,268634.85,2654012.91,卡努颱風,降雨,0.08
2023_996,2023,269421.34,2653604.63,卡努颱風,降雨,0.52
2023_997,2023,269636.59,2654606.63,卡努颱風,降雨,0.08
2023_998,2023,271029.35,2653873.05,卡努颱風,降雨,0.12
2023_999,2023,271328.12,2654135.38,卡努颱風,降雨,0.13
2023_1000,2023,271241.09,2654054.88,卡努颱風,降雨,0.15
2023_1001,2023,269773.58,2654413.3,卡努颱風,降雨,0.12
2023_1002,2023,269679.34,2653769.17,卡努颱風,降雨,0.43
2023_1003,2023,269850.6,2653765.93,卡努颱風,降雨,0.14
2023_1004,2023,269715.47,2653988.56,卡努颱風,降雨,0.14
2023_1005,2023,270122.0,2653739.01,卡努颱風,降雨,0.52
2023_1006,2023,270164.86,2653906.57,卡努颱風,降雨,0.1
2023_1007,2023,270224.99,2654109.26,卡努颱風,降雨,0.12
2023_1008,2023,270343.66,2654188.29,卡努颱風,降雨,0.12
2023_1009,2023,270368.38,2654354.41,卡努颱風,降雨,0.11
2023_1010,2023,269667.51,2652264.08,卡努颱風,降雨,1.16
2023_1011,2023,269519.89,2652198.61,卡努颱風,降雨,0.36
2023_1012,2023,270016.95,2652587.55,卡努颱風,降雨,1.75
2023_1013,2023,269835.7,2652877.14,卡努颱風,降雨,0.5
2023_1014,2023,270349.91,2652611.85,卡努颱風,降雨,0.42
2023_1015,2023,269191.58,2652428.68,卡努颱風,降雨,0.46
2023_1016,2023,267754.45,2653880.41,卡努颱風,降雨,1.94
2023_1017,2023,267770.67,2653446.29,卡努颱風,降雨,2.35
2023_1018,2023,267900.37,2653186.78,卡努颱風,降雨,1.14
2023_1019,2023,268126.02,2653117.07,卡努颱風,降雨,0.51
2023_1020,2023,268122.6,2653375.24,卡努颱風,降雨,0.04
2023_1021,2023,268137.19,2653301.39,卡努颱風,降雨,0.03
2023_1022,2023,268024.01,2653336.33,卡努颱風,降雨,0.11
2023_1023,2023,268314.53,2653141.14,卡努颱風,降雨,1.36
2023_1024,2023,268513.54,2653142.79,卡努颱風,降雨,0.8
2023_1025,2023,268473.66,2652626.85,卡努颱風,降雨,0.54
2023_1026,2023,268380.65,2652398.17,卡努颱風,降雨,0.08
2023_1027,2023,268135.43,2652338.84,卡努颱風,降雨,0.28
2023_1028,2023,268060.76,2652342.14,卡努颱風,降雨,0.17
2023_1029,2023,268226.62,2652163.78,卡努颱風,降雨,0.7
2023_1030,2023,268222.3,2651978.36,卡努颱風,降雨,0.55
2023_1031,2023,268320.48,2651700.88,卡努颱風,降雨,2.0
2023_1032,2023,268049.43,2651737.92,卡努颱風,降雨,0.76
2023_1033,2023,268090.89,2651580.7,卡努颱風,降雨,0.29
2023_1034,2023,268302.25,2651523.15,卡努颱風,降雨,0.19
2023_1035,2023,268358.87,2651343.6,卡努颱風,降雨,0.04
2023_1036,2023,268386.66,2651351.03,卡努颱風,降雨,0.03
2023_1037,2023,268335.13,2651059.28,卡努颱風,降雨,0.27
2023_1038,2023,268826.01,2651100.58,卡努颱風,降雨,0.13
2023_1039,2023,268720.86,2650776.53,卡努颱風,降雨,0.66
2023_1040,2023,268393.11,2650355.53,卡努颱風,降雨,0.26
2023_1041,2023,268478.73,2649842.39,卡努颱風,降雨,0.06
2023_1042,2023,271559.48,2652914.46,卡努颱風,降雨,2.39
2023_1043,2023,271454.7,2652723.37,卡努颱風,降雨,0.43
2023_1044,2023,270621.42,2653073.65,卡努颱風,降雨,0.1
2023_1045,2023,270781.26,2652977.65,卡努颱風,降雨,0.14
2023_1046,2023,271186.93,2652724.43,卡努颱風,降雨,0.33
2023_1047,2023,271810.33,2652795.53,卡努颱風,降雨,0.28
2023_1048,2023,271691.8,2652663.67,卡努颱風,降雨,0.35
2023_1049,2023,271566.47,2652449.41,卡努颱風,降雨,0.44
2023_1050,2023,271683.11,2652447.45,卡努颱風,降雨,0.61
2023_1051,2023,271735.17,2652305.41,卡努颱風,降雨,0.39
2023_1052,2023,271624.07,2652252.83,卡努颱風,降雨,0.27
2023_1053,2023,271646.72,2652167.58,卡努颱風,降雨,0.35
2023_1054,2023,271751.07,2652179.58,卡努颱風,降雨,0.27
2023_1055,2023,271821.11,2652105.25,卡努颱風,降雨,0.18
2023_1056,2023,271933.71,2652327.59,卡努颱風,降雨,0.66
2023_1057,2023,272033.37,2652011.17,卡努颱風,降雨,0.25
2023_1058,2023,272179.65,2651969.82,卡努颱風,降雨,0.11
2023_1059,2023,271710.29,2652951.74,卡努颱風,降雨,0.22
2023_1060,2023,271770.24,2651823.37,卡努颱風,降雨,4.0
2023_1061,2023,271994.41,2651763.96,卡努颱風,降雨,0.12
2023_1062,2023,271688.13,2653127.43,卡努颱風,降雨,0.26
2023_1063,2023,271138.88,2652384.91,卡努颱風,降雨,0.26
2023_1064,2023,271219.95,2652361.8,卡努颱風,降雨,0.18
2023_1065,2023,271485.45,2652319.71,卡努颱風,降雨,0.34
2023_1066,2023,272225.4,2653015.24,卡努颱風,降雨,0.42
2023_1067,2023,272567.01,2652836.93,卡努颱風,降雨,0.16
2023_1068,2023,270819.57,2651415.26,卡努颱風,降雨,1.09
2023_1069,2023,270941.59,2651604.91,卡努颱風,降雨,0.47
2023_1070,2023,271002.28,2651335.12,卡努颱風,降雨,0.21
2023_1071,2023,271457.47,2651248.2,卡努颱風,降雨,0.06
2023_1072,2023,271450.79,2651331.31,卡努颱風,降雨,0.14
2023_1073,2023,271535.67,2651104.41,卡努颱風,降雨,0.3
2023_1074,2023,271829.18,2650608.36,卡努颱風,降雨,0.09
2023_1075,2023,270084.5,2650763.02,卡努颱風,降雨,0.1
2023_1076,2023,270135.8,2650451.29,卡努颱風,降雨,0.11
2023_1077,2023,270429.48,2650192.15,卡努颱風,降雨,0.12
2023_1078,2023,271146.05,2650059.83,卡努颱風,降雨,0.08
2023_1079,2023,271590.67,2650390.15,卡努颱風,降雨,0.06
2023_1080,2023,271671.5,2650374.35,卡努颱風,降雨,0.04
2023_1081,2023,268245.68,2649078.39,卡努颱風,降雨,0.34
2023_1082,2023,272428.48,2650299.59,卡努颱風,降雨,0.21
2023_1083,2023,272501.56,2650383.69,卡努颱風,降雨,0.1
2023_1084,2023,272325.48,2650338.45,卡努颱風,降雨,0.12
2023_1085,2023,272342.94,2650199.17,卡努颱風,降雨,0.07
2023_1086,2023,272299.75,2651501.49,卡努颱風,降雨,0.45
2023_1087,2023,272744.14,2651026.35,卡努颱風,降雨,0.09
2023_1088,2023,272741.58,2650941.36,卡努颱風,降雨,0.21
2023_1089,2023,272311.01,2650911.3,卡努颱風,降雨,0.13
2023_1090,2023,272295.7,2650995.02,卡努颱風,降雨,0.06
2023_1091,2023,272748.22,2650744.13,卡努颱風,降雨,0.15
2023_1092,2023,272826.58,2650734.33,卡努颱風,降雨,0.14
2023_1093,2023,272242.67,2650636.91,卡努颱風,降雨,0.15
2023_1094,2023,272900.94,2652044.28,卡努颱風,降雨,0.33
2023_1095,2023,272935.93,2652107.9,卡努颱風,降雨,0.15
2023_1096,2023,272978.48,2652279.69,卡努颱風,降雨,0.16
2023_1097,2023,273015.18,2652380.66,卡努颱風,降雨,0.06
2023_1098,2023,273124.16,2652425.69,卡努颱風,降雨,0.27
2023_1099,2023,273152.88,2652692.95,卡努颱風,降雨,0.1
2023_1100,2023,273221.41,2653194.52,卡努颱風,降雨,0.22
2023_1101,2023,273326.9,2653108.8,卡努颱風,降雨,0.41
2023_1102,2023,273163.38,2653066.3,卡努颱風,降雨,0.12
2023_1103,2023,274831.12,2652813.92,卡努颱風,降雨,1.09
2023_1104,2023,273397.59,2649397.35,卡努颱風,降雨,0.79
2023_1105,2023,273485.75,2649799.59,卡努颱風,降雨,0.22
2023_1106,2023,273461.17,2649742.26,卡努颱風,降雨,0.11
2023_1107,2023,274574.88,2651549.42,卡努颱風,降雨,0.62
2023_1108,2023,275701.18,2651385.36,卡努颱風,降雨,0.12
2023_1109,2023,276753.49,2651484.34,卡努颱風,降雨,0.2
2023_1110,2023,271320.33,2653285.61,卡努颱風,降雨,0.14
2023_1111,2023,275537.51,2650795.88,卡努颱風,降雨,0.14
2023_1112,2023,275484.45,2650750.71,卡努颱風,降雨,0.08
2023_1113,2023,272835.43,2654047.93,卡努颱風,降雨,0.23
2023_1114,2023,272359.85,2654006.91,卡努颱風,降雨,0.27
2023_1115,2023,273090.75,2653711.9,卡努颱風,降雨,0.15
2023_1116,2023,273179.18,2653708.14,卡努颱風,降雨,0.09
2023_1117,2023,273349.52,2653853.84,卡努颱風,降雨,0.05
2023_1118,2023,272932.13,2654534.28,卡努颱風,降雨,0.05
2023_1119,2023,273132.15,2654690.85,卡努颱風,降雨,0.18
2023_1120,2023,273442.08,2654721.4,卡努颱風,降雨,0.06
2023_1121,2023,273412.69,2654582.95,卡努颱風,降雨,0.12
2023_1122,2023,267939.92,2655459.73,卡努颱風,降雨,0.16
2023_1123,2023,268239.62,2655806.93,卡努颱風,降雨,0.13
2023_1124,2023,268183.99,2655793.08,卡努颱風,降雨,0.05
2023_1125,2023,268039.89,2657018.33,卡努颱風,降雨,0.11
2023_1126,2023,268296.15,2657142.36,卡努颱風,降雨,0.06
2023_1127,2023,268077.16,2656811.83,卡努颱風,降雨,0.14
2023_1128,2023,269031.14,2656978.41,卡努颱風,降雨,0.07
2023_1129,2023,268900.37,2656857.15,卡努颱風,降雨,1.0
2023_1130,2023,269361.74,2657238.18,卡努颱風,降雨,0.19
2023_1131,2023,270909.63,2657237.63,卡努颱風,降雨,0.35
2023_1132,2023,270764.51,2657328.71,卡努颱風,降雨,0.17
2023_1133,2023,270717.83,2657530.45,卡努颱風,降雨,0.08
2023_1134,2023,270358.98,2657308.61,卡努颱風,降雨,0.04
2023_1135,2023,270423.51,2657527.03,卡努颱風,降雨,0.05
2023_1136,2023,269261.54,2656102.42,卡努颱風,降雨,0.19
2023_1137,2023,269325.92,2656280.27,卡努颱風,降雨,0.06
2023_1138,2023,268919.78,2656229.02,卡努颱風,降雨,0.04
2023_1139,2023,268938.1,2656135.94,卡努颱風,降雨,0.04
2023_1140,2023,269095.88,2656249.84,卡努颱風,降雨,0.05
2023_1141,2023,269195.54,2656442.77,卡努颱風,降雨,0.11
2023_1142,2023,270142.62,2655783.18,卡努颱風,降雨,0.11
2023_1143,2023,269673.34,2655525.14,卡努颱風,降雨,0.03
2023_1144,2023,269753.75,2655508.29,卡努颱風,降雨,0.08
2023_1145,2023,269708.45,2655463.31,卡努颱風,降雨,0.07
2023_1146,2023,269799.67,2655589.03,卡努颱風,降雨,0.03
2023_1147,2023,269947.76,2655475.09,卡努颱風,降雨,0.02
2023_1148,2023,270103.6,2655972.09,卡努颱風,降雨,0.03
2023_1149,2023,270139.55,2655986.15,卡努颱風,降雨,0.04
2023_1150,2023,269390.27,2656270.17,卡努颱風,降雨,0.09
2023_1151,2023,269866.62,2656052.68,卡努颱風,降雨,0.2
2023_1152,2023,271238.71,2656187.57,卡努颱風,降雨,0.2
2023_1153,2023,273595.02,2655132.28,卡努颱風,降雨,0.1
2023_1154,2023,273501.71,2654990.07,卡努颱風,降雨,0.34
2023_1155,2023,274046.15,2655564.05,卡努颱風,降雨,0.07
2023_1156,2023,273902.24,2655337.14,卡努颱風,降雨,0.02
2023_1157,2023,273929.08,2655341.95,卡努颱風,降雨,0.04
2023_1158,2023,275167.9,2655341.71,卡努颱風,降雨,2.54
2023_1159,2023,275023.92,2655080.11,卡努颱風,降雨,1.17
2023_1160,2023,275180.84,2655081.85,卡努颱風,降雨,0.65
2023_1161,2023,273665.52,2657534.45,卡努颱風,降雨,0.25
2023_1162,2023,272951.9,2655740.71,卡努颱風,降雨,0.19
2023_1163,2023,272824.63,2655595.25,卡努颱風,降雨,0.04
2023_1164,2023,272618.1,2655621.41,卡努颱風,降雨,0.27
2023_1165,2023,272317.7,2655443.23,卡努颱風,降雨,0.34
2023_1166,2023,273263.49,2656306.27,卡努颱風,降雨,0.06
2023_1167,2023,267984.59,2659172.96,卡努颱風,降雨,0.1
2023_1168,2023,267932.78,2657650.53,卡努颱風,降雨,0.06
2023_1169,2023,268501.55,2660145.97,卡努颱風,降雨,0.07
2023_1170,2023,269231.05,2658727.86,卡努颱風,降雨,0.23
2023_1171,2023,269550.51,2658984.5,卡努颱風,降雨,0.13
2023_1172,2023,269836.98,2658552.37,卡努颱風,降雨,0.01
2023_1173,2023,269808.5,2658536.27,卡努颱風,降雨,0.02
2023_1174,2023,269841.79,2658514.06,卡努颱風,降雨,0.02
2023_1175,2023,270107.68,2658774.28,卡努颱風,降雨,0.03
2023_1176,2023,270139.6,2658770.45,卡努颱風,降雨,0.06
2023_1177,2023,269573.7,2659736.35,卡努颱風,降雨,1.05
2023_1178,2023,271295.21,2658416.41,卡努颱風,降雨,0.42
2023_1179,2023,271942.75,2660168.32,卡努颱風,降雨,0.08
2023_1180,2023,271680.82,2659894.57,卡努颱風,降雨,0.05
2023_1181,2023,271919.78,2659830.86,卡努颱風,降雨,0.22
2023_1182,2023,271982.6,2659775.13,卡努颱風,降雨,0.04
2023_1183,2023,272053.21,2660370.32,卡努颱風,降雨,1.66
2023_1184,2023,272421.15,2660247.72,卡努颱風,降雨,0.17
2023_1185,2023,272654.9,2659953.62,卡努颱風,降雨,1.14
2023_1186,2023,272551.66,2659437.55,卡努颱風,降雨,0.11
2023_1187,2023,272440.8,2659553.56,卡努颱風,降雨,0.04
2023_1188,2023,272470.08,2659444.82,卡努颱風,降雨,0.03
2023_1189,2023,272219.11,2659829.55,卡努颱風,降雨,0.02
2023_1190,2023,272005.38,2659378.12,卡努颱風,降雨,0.13
2023_1191,2023,272435.16,2659008.2,卡努颱風,降雨,0.08
2023_1192,2023,273084.17,2658172.46,卡努颱風,降雨,0.3
2023_1193,2023,270078.63,2660321.7,卡努颱風,降雨,0.7
2023_1194,2023,269995.3,2660385.75,卡努颱風,降雨,0.08
2023_1195,2023,269809.34,2660232.49,卡努颱風,降雨,0.11
2023_1196,2023,269667.65,2660352.06,卡努颱風,降雨,0.15
2023_1197,2023,260309.72,2657557.45,卡努颱風,降雨,0.23
2023_1198,2023,260265.92,2657427.36,卡努颱風,降雨,0.16
2023_1199,2023,260588.41,2657650.64,卡努颱風,降雨,0.08
2023_1200,2023,260496.5,2657188.84,卡努颱風,降雨,0.08
2023_1201,2023,260177.0,2657151.93,卡努颱風,降雨,0.18
2023_1202,2023,260187.48,2657243.59,卡努颱風,降雨,0.06
2023_1203,2023,262937.63,2652734.72,卡努颱風,降雨,0.16
2023_1204,2023,263064.14,2652562.29,卡努颱風,降雨,0.17
2023_1205,2023,263414.69,2652472.21,卡努颱風,降雨,0.09
2023_1206,2023,262985.41,2652452.51,卡努颱風,降雨,0.01
2023_1207,2023,262869.5,2653082.99,卡努颱風,降雨,0.02
2023_1208,2023,262258.37,2653159.78,卡努颱風,降雨,0.03
2023_1209,2023,262347.6,2652671.06,卡努颱風,降雨,0.02
2023_1210,2023,261432.78,2652661.72,卡努颱風,降雨,0.05
2023_1211,2023,261530.69,2652245.94,卡努颱風,降雨,0.05
2023_1212,2023,261434.72,2652584.7,卡努颱風,降雨,0.04
2023_1213,2023,261488.17,2652587.16,卡努颱風,降雨,0.04
2023_1214,2023,261497.41,2652735.98,卡努颱風,降雨,0.12
2023_1215,2023,261603.09,2652434.66,卡努颱風,降雨,0.06
2023_1216,2023,261549.23,2652365.58,卡努颱風,降雨,0.05
2023_1217,2023,261608.89,2653025.68,卡努颱風,降雨,0.1
2023_1218,2023,265886.97,2654744.27,卡努颱風,降雨,0.13
2023_1219,2023,265407.56,2654708.83,卡努颱風,降雨,0.1
2023_1220,2023,265503.68,2654681.6,卡努颱風,降雨,0.15
2023_1221,2023,265387.85,2654579.55,卡努颱風,降雨,0.14
2023_1222,2023,265358.06,2654442.48,卡努颱風,降雨,0.15
2023_1223,2023,265303.77,2654320.16,卡努颱風,降雨,0.07
2023_1224,2023,264903.01,2654065.52,卡努颱風,降雨,0.27
2023_1225,2023,265695.66,2653869.43,卡努颱風,降雨,0.13
2023_1226,2023,265727.34,2653728.47,卡努颱風,降雨,0.23
2023_1227,2023,265616.63,2653700.55,卡努颱風,降雨,0.05
2023_1228,2023,265661.08,2653541.27,卡努颱風,降雨,0.08
2023_1229,2023,265581.26,2653527.56,卡努颱風,降雨,0.09
2023_1230,2023,265844.45,2653417.66,卡努颱風,降雨,0.1
2023_1231,2023,264340.49,2653813.05,卡努颱風,降雨,0.15
2023_1232,2023,264544.94,2653807.62,卡努颱風,降雨,0.06
2023_1233,2023,264233.71,2653799.87,卡努颱風,降雨,0.33
2023_1234,2023,264153.31,2653563.29,卡努颱風,降雨,0.08
2023_1235,2023,264468.18,2653767.93,卡努颱風,降雨,0.14
2023_1236,2023,264512.46,2653766.75,卡努颱風,降雨,0.04
2023_1237,2023,264620.89,2653883.31,卡努颱風,降雨,0.04
2023_1238,2023,264212.01,2653646.64,卡努颱風,降雨,0.1
2023_1239,2023,264882.48,2653839.55,卡努颱風,降雨,0.11
2023_1240,2023,264787.18,2654424.71,卡努颱風,降雨,0.03
2023_1241,2023,265401.06,2654670.1,卡努颱風,降雨,0.04
2023_1242,2023,265459.18,2654774.23,卡努颱風,降雨,0.05
2023_1243,2023,265294.66,2654241.28,卡努颱風,降雨,0.09
2023_1244,2023,265262.14,2654056.19,卡努颱風,降雨,0.04
2023_1245,2023,266030.56,2654657.94,卡努颱風,降雨,0.1
2023_1246,2023,265910.97,2654386.26,卡努颱風,降雨,0.14
2023_1247,2023,265848.45,2654317.37,卡努颱風,降雨,0.24
2023_1248,2023,265491.71,2654250.56,卡努颱風,降雨,0.08
2023_1249,2023,266078.13,2653867.17,卡努颱風,降雨,0.1
2023_1250,2023,266082.58,2653555.85,卡努颱風,降雨,0.04
2023_1251,2023,265826.43,2653295.55,卡努颱風,降雨,0.05
2023_1252,2023,265722.47,2653655.31,卡努颱風,降雨,0.06
2023_1253,2023,265226.73,2653868.49,卡努颱風,降雨,0.04
2023_1254,2023,265319.3,2654843.77,卡努颱風,降雨,0.06
2023_1255,2023,264613.39,2654584.19,卡努颱風,降雨,0.04
2023_1256,2023,264757.02,2653048.4,卡努颱風,降雨,0.11
2023_1257,2023,265130.03,2652874.93,卡努颱風,降雨,0.24
2023_1258,2023,264808.31,2652831.47,卡努颱風,降雨,0.25
2023_1259,2023,265567.8,2652814.48,卡努颱風,降雨,0.18
2023_1260,2023,265314.99,2652788.68,卡努颱風,降雨,0.07
2023_1261,2023,265958.9,2652749.07,卡努颱風,降雨,0.22
2023_1262,2023,265650.37,2652524.23,卡努颱風,降雨,0.25
2023_1263,2023,265503.42,2652458.16,卡努颱風,降雨,0.19
2023_1264,2023,266470.97,2652659.27,卡努颱風,降雨,0.33
2023_1265,2023,266219.98,2652526.2,卡努颱風,降雨,0.07
2023_1266,2023,266186.12,2652449.22,卡努颱風,降雨,0.08
2023_1267,2023,265748.13,2652415.09,卡努颱風,降雨,0.12
2023_1268,2023,266211.77,2652361.64,卡努颱風,降雨,0.11
2023_1269,2023,265992.61,2652334.67,卡努颱風,降雨,0.08
2023_1270,2023,266074.93,2652319.31,卡努颱風,降雨,0.21
2023_1271,2023,266450.47,2652239.0,卡努颱風,降雨,0.15
2023_1272,2023,266130.81,2652159.18,卡努颱風,降雨,0.08
2023_1273,2023,265968.03,2652121.82,卡努颱風,降雨,0.84
2023_1274,2023,264511.1,2652925.31,卡努颱風,降雨,0.26
2023_1275,2023,264710.78,2652855.4,卡努颱風,降雨,0.03
2023_1276,2023,264707.79,2652797.45,卡努颱風,降雨,0.03
2023_1277,2023,264645.03,2652633.09,卡努颱風,降雨,0.04
2023_1278,2023,264997.48,2652524.05,卡努颱風,降雨,0.08
2023_1279,2023,265195.51,2652506.71,卡努颱風,降雨,0.13
2023_1280,2023,265805.69,2652354.16,卡努颱風,降雨,0.08
2023_1281,2023,265792.46,2652301.38,卡努颱風,降雨,0.15
2023_1282,2023,265858.88,2652173.25,卡努颱風,降雨,0.28
2023_1283,2023,265992.46,2652437.07,卡努颱風,降雨,0.08
2023_1284,2023,264335.69,2652626.46,卡努颱風,降雨,0.06
2023_1285,2023,264356.19,2652649.34,卡努颱風,降雨,0.02
2023_1286,2023,264167.15,2652543.14,卡努颱風,降雨,0.26
2023_1287,2023,264146.69,2652282.28,卡努颱風,降雨,0.03
2023_1288,2023,264354.63,2652191.82,卡努颱風,降雨,0.19
2023_1289,2023,264557.48,2652074.99,卡努颱風,降雨,0.01
2023_1290,2023,264558.59,2651996.84,卡努颱風,降雨,0.21
2023_1291,2023,266137.81,2656440.41,卡努颱風,降雨,0.09
2023_1292,2023,265825.68,2656430.61,卡努颱風,降雨,0.13
2023_1293,2023,265249.3,2656227.15,卡努颱風,降雨,0.19
2023_1294,2023,266176.1,2655949.93,卡努颱風,降雨,0.25
2023_1295,2023,265279.69,2655474.11,卡努颱風,降雨,0.09
2023_1296,2023,265199.25,2655467.82,卡努颱風,降雨,0.14
2023_1297,2023,265148.36,2655383.97,卡努颱風,降雨,0.16
2023_1298,2023,264556.7,2655174.67,卡努颱風,降雨,0.27
2023_1299,2023,266197.48,2656375.14,卡努颱風,降雨,0.03
2023_1300,2023,266213.09,2655374.61,卡努颱風,降雨,0.11
2023_1301,2023,264463.64,2655141.0,卡努颱風,降雨,0.26
2023_1302,2023,264882.48,2655382.27,卡努颱風,降雨,0.05
2023_1303,2023,267462.01,2656289.84,卡努颱風,降雨,0.22
2023_1304,2023,267377.62,2656109.16,卡努颱風,降雨,0.07
2023_1305,2023,267284.95,2656014.74,卡努颱風,降雨,0.19
2023_1306,2023,267438.3,2655828.73,卡努颱風,降雨,0.1
2023_1307,2023,267009.14,2655631.64,卡努颱風,降雨,0.63
2023_1308,2023,266966.32,2655453.73,卡努颱風,降雨,0.11
2023_1309,2023,268309.95,2657079.65,卡努颱風,降雨,0.05
2023_1310,2023,267926.48,2656992.87,卡努颱風,降雨,0.06
2023_1311,2023,268708.19,2656825.14,卡努颱風,降雨,0.24
2023_1312,2023,267221.48,2657477.39,卡努颱風,降雨,0.16
2023_1313,2023,267148.21,2657477.26,卡努颱風,降雨,0.04
2023_1314,2023,267075.66,2657610.62,卡努颱風,降雨,0.02
2023_1315,2023,267048.91,2657600.9,卡努颱風,降雨,0.02
2023_1316,2023,266686.79,2657593.78,卡努颱風,降雨,0.06
2023_1317,2023,266869.69,2657383.61,卡努颱風,降雨,0.02
2023_1318,2023,267402.36,2656952.74,卡努颱風,降雨,0.08
2023_1319,2023,264329.85,2652048.36,卡努颱風,降雨,0.05
2023_1320,2023,264411.1,2651925.45,卡努颱風,降雨,0.17
2023_1321,2023,267774.87,2656562.58,卡努颱風,降雨,0.04
2023_1322,2023,267750.68,2656518.37,卡努颱風,降雨,0.05
2023_1323,2023,267465.4,2655930.06,卡努颱風,降雨,0.07
2023_1324,2023,266985.93,2654883.81,卡努颱風,降雨,0.08
2023_1325,2023,268809.12,2656746.88,卡努颱風,降雨,0.08
2023_1326,2023,268622.48,2656753.47,卡努颱風,降雨,0.04
2023_1327,2023,268623.81,2656726.38,卡努颱風,降雨,0.04
2023_1328,2023,269001.25,2656743.53,卡努颱風,降雨,0.1
2023_1329,2023,266311.05,2654257.78,卡努颱風,降雨,0.43
2023_1330,2023,267396.82,2653957.13,卡努颱風,降雨,0.21
2023_1331,2023,267222.01,2653741.63,卡努颱風,降雨,0.36
2023_1332,2023,266790.2,2653647.65,卡努颱風,降雨,0.05
2023_1333,2023,267334.37,2653606.3,卡努颱風,降雨,0.07
2023_1334,2023,266244.95,2653505.68,卡努颱風,降雨,0.09
2023_1335,2023,266470.95,2653470.44,卡努颱風,降雨,0.07
2023_1336,2023,266723.57,2653256.33,卡努颱風,降雨,0.07
2023_1337,2023,266770.18,2653185.52,卡努颱風,降雨,0.06
2023_1338,2023,266622.74,2653235.13,卡努颱風,降雨,1.19
2023_1339,2023,266763.29,2653035.89,卡努颱風,降雨,0.69
2023_1340,2023,266768.64,2654469.01,卡努颱風,降雨,0.11
2023_1341,2023,266746.24,2654175.04,卡努颱風,降雨,0.04
2023_1342,2023,266541.1,2654024.14,卡努颱風,降雨,0.29
2023_1343,2023,266293.61,2653761.39,卡努颱風,降雨,0.34
2023_1344,2023,266350.1,2653899.69,卡努颱風,降雨,0.09
2023_1345,2023,266359.8,2654334.69,卡努颱風,降雨,0.05
2023_1346,2023,266511.95,2652772.24,卡努颱風,降雨,0.06
2023_1347,2023,266160.89,2652976.55,卡努颱風,降雨,0.05
2023_1348,2023,267406.47,2652109.26,卡努颱風,降雨,0.13
2023_1349,2023,267772.99,2652135.11,卡努颱風,降雨,1.03
2023_1350,2023,268198.33,2652670.64,卡努颱風,降雨,0.14
2023_1351,2023,268041.63,2652740.8,卡努颱風,降雨,0.11
2023_1352,2023,268225.21,2652769.79,卡努颱風,降雨,0.12
2023_1353,2023,268302.34,2654053.25,卡努颱風,降雨,0.08
2023_1354,2023,267450.96,2652168.08,卡努颱風,降雨,0.12
2023_1355,2023,268388.77,2652460.95,卡努颱風,降雨,0.07
2023_1356,2023,268698.15,2652445.82,卡努颱風,降雨,0.46
2023_1357,2023,268521.06,2652733.45,卡努颱風,降雨,0.07
2023_1358,2023,268992.46,2652888.73,卡努颱風,降雨,0.83
2023_1359,2023,269220.28,2657247.12,卡努颱風,降雨,0.06
2023_1360,2023,269886.57,2657609.31,卡努颱風,降雨,0.29
2023_1361,2023,269481.32,2657245.65,卡努颱風,降雨,0.05
2023_1362,2023,268803.59,2656297.72,卡努颱風,降雨,0.06
2023_1363,2023,270165.75,2656767.05,卡努颱風,降雨,0.05
2023_1364,2023,270208.63,2656184.97,卡努颱風,降雨,0.08
2023_1365,2023,270207.49,2656117.16,卡努颱風,降雨,0.1
2023_1366,2023,269155.26,2654183.25,卡努颱風,降雨,0.08
2023_1367,2023,269189.99,2654314.4,卡努颱風,降雨,0.02
2023_1368,2023,268941.11,2654593.07,卡努颱風,降雨,0.16
2023_1369,2023,268794.68,2654758.17,卡努颱風,降雨,0.08
2023_1370,2023,268703.04,2654389.02,卡努颱風,降雨,0.12
2023_1371,2023,269551.68,2654483.92,卡努颱風,降雨,0.03
2023_1372,2023,269844.92,2652714.34,卡努颱風,降雨,0.32
2023_1373,2023,270103.9,2652409.09,卡努颱風,降雨,0.08
2023_1374,2023,269565.28,2652389.01,卡努颱風,降雨,0.06
2023_1375,2023,270011.52,2651832.77,卡努颱風,降雨,0.85
2023_1376,2023,269728.97,2650755.44,卡努颱風,降雨,0.03
2023_1377,2023,269644.64,2650865.28,卡努颱風,降雨,0.03
2023_1378,2023,270116.49,2650653.11,卡努颱風,降雨,0.22
2023_1379,2023,270014.93,2650472.84,卡努颱風,降雨,0.24
2023_1380,2023,269658.12,2650329.93,卡努颱風,降雨,0.04
2023_1381,2023,269707.54,2650205.36,卡努颱風,降雨,0.05
2023_1382,2023,269207.92,2649867.07,卡努颱風,降雨,0.23
2023_1383,2023,269134.34,2652019.6,卡努颱風,降雨,0.04
2023_1384,2023,268738.99,2650914.4,卡努颱風,降雨,0.07
2023_1385,2023,268738.64,2650872.98,卡努颱風,降雨,0.04
2023_1386,2023,268791.87,2651022.74,卡努颱風,降雨,0.08
2023_1387,2023,269008.94,2650807.2,卡努颱風,降雨,0.26
2023_1388,2023,269427.51,2650942.93,卡努颱風,降雨,0.12
2023_1389,2023,269855.27,2647928.05,卡努颱風,降雨,0.28
2023_1390,2023,268847.9,2646939.7,卡努颱風,降雨,0.1
2023_1391,2023,268130.54,2649367.53,卡努颱風,降雨,0.14
2023_1392,2023,267785.84,2651157.08,卡努颱風,降雨,0.17
2023_1393,2023,266963.63,2651770.18,卡努颱風,降雨,0.13
2023_1394,2023,265952.97,2649681.4,卡努颱風,降雨,0.13
2023_1395,2023,266172.99,2649544.27,卡努颱風,降雨,0.13
2023_1396,2023,267309.67,2650314.31,卡努颱風,降雨,0.17
2023_1397,2023,268137.13,2651772.88,卡努颱風,降雨,0.14
2023_1398,2023,268192.29,2651582.29,卡努颱風,降雨,0.18
2023_1399,2023,266864.78,2651967.15,卡努颱風,降雨,0.08
2023_1400,2023,266606.56,2651736.28,卡努颱風,降雨,0.1
2023_1401,2023,266815.64,2651538.33,卡努颱風,降雨,0.05
2023_1402,2023,267431.39,2651469.74,卡努颱風,降雨,0.31
2023_1403,2023,267571.99,2651487.99,卡努颱風,降雨,0.13
2023_1404,2023,267620.39,2651293.42,卡努颱風,降雨,0.15
2023_1405,2023,267186.64,2651239.73,卡努颱風,降雨,0.06
2023_1406,2023,266432.6,2650387.72,卡努颱風,降雨,0.1
2023_1407,2023,266355.46,2650309.24,卡努颱風,降雨,0.04
2023_1408,2023,266314.46,2649961.68,卡努颱風,降雨,0.09
2023_1409,2023,266647.63,2649885.31,卡努颱風,降雨,0.27
2023_1410,2023,266768.78,2649873.89,卡努颱風,降雨,0.13
2023_1411,2023,266499.96,2649733.28,卡努颱風,降雨,0.04
2023_1412,2023,265505.27,2649369.41,卡努颱風,降雨,0.07
2023_1413,2023,265542.02,2649401.25,卡努颱風,降雨,0.06
2023_1414,2023,268429.96,2650759.63,卡努颱風,降雨,0.16
2023_1415,2023,268551.35,2650843.37,卡努颱風,降雨,0.05
2023_1416,2023,267279.26,2650369.64,卡努颱風,降雨,0.08
2023_1417,2023,267320.24,2649630.69,卡努颱風,降雨,0.14
2023_1418,2023,267769.78,2649520.03,卡努颱風,降雨,0.05
2023_1419,2023,267738.11,2649430.17,卡努颱風,降雨,0.04
2023_1420,2023,267188.36,2649580.02,卡努颱風,降雨,0.1
2023_1421,2023,267070.48,2649390.92,卡努颱風,降雨,0.09
2023_1422,2023,263561.44,2651143.54,卡努颱風,降雨,0.56
2023_1423,2023,264636.31,2651965.74,卡努颱風,降雨,0.08
2023_1424,2023,264610.68,2651712.16,卡努颱風,降雨,0.08
2023_1425,2023,264943.3,2651625.3,卡努颱風,降雨,0.12
2023_1426,2023,266139.46,2651556.82,卡努颱風,降雨,0.08
2023_1427,2023,265941.33,2651418.01,卡努颱風,降雨,0.08
2023_1428,2023,265860.22,2651386.44,卡努颱風,降雨,0.11
2023_1429,2023,265930.75,2651340.95,卡努颱風,降雨,0.12
2023_1430,2023,264863.04,2650896.57,卡努颱風,降雨,0.18
2023_1431,2023,266009.3,2650872.11,卡努颱風,降雨,1.55
2023_1432,2023,266106.59,2650275.14,卡努颱風,降雨,0.11
2023_1433,2023,265782.6,2650250.25,卡努颱風,降雨,0.12
2023_1434,2023,265447.88,2650376.7,卡努颱風,降雨,0.13
2023_1435,2023,265304.36,2650391.75,卡努颱風,降雨,0.11
2023_1436,2023,265234.76,2650342.31,卡努颱風,降雨,0.13
2023_1437,2023,264415.46,2650535.64,卡努颱風,降雨,0.09
2023_1438,2023,264392.77,2650467.34,卡努颱風,降雨,0.08
2023_1439,2023,264060.77,2650505.53,卡努颱風,降雨,0.69
2023_1440,2023,262722.54,2650417.94,卡努颱風,降雨,0.12
2023_1441,2023,262782.89,2650410.3,卡努颱風,降雨,0.09
2023_1442,2023,262823.35,2650158.57,卡努颱風,降雨,0.05
2023_1443,2023,262768.55,2650096.66,卡努颱風,降雨,0.12
2023_1444,2023,262724.23,2649968.11,卡努颱風,降雨,0.06
2023_1445,2023,262956.43,2649963.01,卡努颱風,降雨,0.03
2023_1446,2023,264991.95,2651506.94,卡努颱風,降雨,0.09
2023_1447,2023,264723.41,2651504.09,卡努颱風,降雨,0.11
2023_1448,2023,264654.7,2651654.61,卡努颱風,降雨,0.03
2023_1449,2023,264575.82,2651912.05,卡努颱風,降雨,0.02
2023_1450,2023,265153.23,2651775.31,卡努颱風,降雨,0.05
2023_1451,2023,265899.29,2650699.11,卡努颱風,降雨,0.16
2023_1452,2023,265837.68,2650580.84,卡努颱風,降雨,0.08
2023_1453,2023,263556.91,2651026.1,卡努颱風,降雨,0.06
2023_1454,2023,263502.69,2651421.83,卡努颱風,降雨,0.06
2023_1455,2023,264918.84,2649506.65,卡努颱風,降雨,0.15
2023_1456,2023,261887.47,2651398.4,卡努颱風,降雨,0.05
2023_1457,2023,262764.49,2651134.0,卡努颱風,降雨,0.26
2023_1458,2023,262917.34,2651136.69,卡努颱風,降雨,0.08
2023_1459,2023,263292.71,2650922.28,卡努颱風,降雨,0.03
2023_1460,2023,262230.38,2650027.41,卡努颱風,降雨,0.17
2023_1461,2023,262099.48,2649957.84,卡努颱風,降雨,0.11
2023_1462,2023,261793.05,2650208.04,卡努颱風,降雨,0.02
2023_1463,2023,261637.32,2650375.18,卡努颱風,降雨,0.03
2023_1464,2023,261900.5,2650429.27,卡努颱風,降雨,0.06
2023_1465,2023,261979.6,2651354.29,卡努颱風,降雨,0.09
2023_1466,2023,263058.78,2651519.88,卡努颱風,降雨,0.07
2023_1467,2023,263330.8,2651828.92,卡努颱風,降雨,0.02
2023_1468,2023,263154.04,2652014.78,卡努颱風,降雨,0.04
2023_1469,2023,261648.78,2649453.39,卡努颱風,降雨,0.03
2023_1470,2023,261675.56,2649351.56,卡努颱風,降雨,0.03
2023_1471,2023,261706.42,2649171.95,卡努颱風,降雨,0.06
2023_1472,2023,260247.78,2649806.61,卡努颱風,降雨,0.18
2023_1473,2023,260358.7,2649758.48,卡努颱風,降雨,0.11
2023_1474,2023,260317.01,2649784.57,卡努颱風,降雨,0.13
2023_1475,2023,260477.68,2649760.32,卡努颱風,降雨,0.19
2023_1476,2023,260574.37,2649856.75,卡努颱風,降雨,0.11
2023_1477,2023,260645.69,2649604.37,卡努颱風,降雨,0.05
2023_1478,2023,260607.26,2649772.02,卡努颱風,降雨,0.05
2023_1479,2023,260722.62,2650196.08,卡努颱風,降雨,0.14
2023_1480,2023,260149.08,2650111.81,卡努颱風,降雨,0.06
2023_1481,2023,260742.29,2649948.82,卡努颱風,降雨,0.23
2023_1482,2023,259928.17,2648848.77,卡努颱風,降雨,0.29
2023_1483,2023,259825.93,2651043.0,卡努颱風,降雨,0.32
2023_1484,2023,259830.49,2650939.34,卡努颱風,降雨,0.08
2023_1485,2023,260436.71,2650926.8,卡努颱風,降雨,0.11
2023_1486,2023,259098.0,2651831.68,卡努颱風,降雨,0.17
2023_1487,2023,259108.48,2650883.76,卡努颱風,降雨,0.09
2023_1488,2023,260754.91,2651328.93,卡努颱風,降雨,0.15
2023_1489,2023,260433.27,2651608.46,卡努颱風,降雨,0.08
2023_1490,2023,259287.8,2651231.78,卡努颱風,降雨,0.03
2023_1491,2023,259710.52,2651111.17,卡努颱風,降雨,0.06
2023_1492,2023,260488.08,2651532.6,卡努颱風,降雨,0.02
2023_1493,2023,259138.19,2650909.23,卡努颱風,降雨,0.04
2023_1494,2023,259053.55,2650867.44,卡努颱風,降雨,0.09
2023_1495,2023,259062.08,2650316.31,卡努颱風,降雨,0.05
2023_1496,2023,258974.76,2650634.64,卡努颱風,降雨,0.04
2023_1497,2023,259708.81,2648891.33,卡努颱風,降雨,0.06
2023_1498,2023,259892.16,2648775.5,卡努颱風,降雨,0.03
2023_1499,2023,260622.94,2649175.23,卡努颱風,降雨,0.06
2023_1500,2023,260577.55,2649732.24,卡努颱風,降雨,0.07
2023_1501,2023,260556.24,2649703.06,卡努颱風,降雨,0.03
2023_1502,2023,260022.86,2649790.6,卡努颱風,降雨,0.04
2023_1503,2023,260183.05,2650097.84,卡努颱風,降雨,0.04
2023_1504,2023,261292.75,2650367.64,卡努颱風,降雨,0.01
2023_1505,2023,261168.54,2650511.53,卡努颱風,降雨,0.02
2023_1506,2023,259785.2,2652815.67,卡努颱風,降雨,0.1
2023_1507,2023,260114.52,2652683.16,卡努颱風,降雨,0.08
2023_1508,2023,260998.49,2652618.11,卡努颱風,降雨,0.27
2023_1509,2023,259127.91,2654807.4,卡努颱風,降雨,0.04
2023_1510,2023,259385.08,2654604.08,卡努颱風,降雨,0.15
2023_1511,2023,259407.01,2654424.92,卡努颱風,降雨,0.09
2023_1512,2023,259547.34,2653842.77,卡努颱風,降雨,0.06
2023_1513,2023,259133.25,2653959.96,卡努颱風,降雨,0.08
2023_1514,2023,259068.34,2653928.17,卡努颱風,降雨,0.13
2023_1515,2023,257754.59,2653013.65,卡努颱風,降雨,0.08
2023_1516,2023,258032.88,2652677.41,卡努颱風,降雨,0.19
2023_1517,2023,258215.5,2652497.76,卡努颱風,降雨,0.1
2023_1518,2023,261108.95,2652895.6,卡努颱風,降雨,0.09
2023_1519,2023,260864.88,2653139.91,卡努颱風,降雨,0.06
2023_1520,2023,260928.0,2652821.28,卡努颱風,降雨,0.02
2023_1521,2023,260994.29,2652738.44,卡努颱風,降雨,0.07
2023_1522,2023,261182.24,2652443.86,卡努颱風,降雨,0.04
2023_1523,2023,260769.75,2652412.03,卡努颱風,降雨,0.03
2023_1524,2023,260579.55,2652372.35,卡努颱風,降雨,0.02
2023_1525,2023,260461.2,2652591.83,卡努颱風,降雨,0.03
2023_1526,2023,260442.7,2652535.59,卡努颱風,降雨,0.05
2023_1527,2023,260428.54,2652444.55,卡努颱風,降雨,0.03
2023_1528,2023,260316.94,2652718.84,卡努颱風,降雨,0.02
2023_1529,2023,260164.79,2652900.61,卡努颱風,降雨,0.07
2023_1530,2023,260472.08,2653060.12,卡努颱風,降雨,0.04
2023_1531,2023,259659.8,2652703.63,卡努颱風,降雨,0.04
2023_1532,2023,259651.56,2652618.2,卡努颱風,降雨,0.05
2023_1533,2023,260010.59,2652601.29,卡努颱風,降雨,0.02
2023_1534,2023,260176.53,2652507.91,卡努颱風,降雨,0.03
2023_1535,2023,260172.87,2652453.73,卡努颱風,降雨,0.05
2023_1536,2023,260254.98,2652231.48,卡努颱風,降雨,0.09
2023_1537,2023,260300.05,2652280.82,卡努颱風,降雨,0.04
2023_1538,2023,259671.75,2652063.94,卡努颱風,降雨,0.2
2023_1539,2023,260505.07,2656038.44,卡努颱風,降雨,0.03
2023_1540,2023,260922.69,2655989.29,卡努颱風,降雨,0.04
2023_1541,2023,260528.42,2657518.43,卡努颱風,降雨,0.02
2023_1542,2023,260618.04,2657548.09,卡努颱風,降雨,0.02
2023_1543,2023,258643.52,2656336.03,卡努颱風,降雨,0.04
2023_1544,2023,259339.79,2654878.32,卡努颱風,降雨,0.04
2023_1545,2023,264532.62,2649194.68,卡努颱風,降雨,0.32
2023_1546,2023,265710.71,2648882.65,卡努颱風,降雨,0.08
2023_1547,2023,264124.8,2648087.23,卡努颱風,降雨,0.13
2023_1548,2023,260369.23,2647951.27,卡努颱風,降雨,0.15
2023_1549,2023,260405.91,2648713.47,卡努颱風,降雨,0.05
2023_1550,2023,270102.45,2657664.01,卡努颱風,降雨,0.05
2023_1551,2023,269788.74,2658340.45,卡努颱風,降雨,0.06
2023_1552,2023,270001.36,2658204.35,卡努颱風,降雨,0.03
2023_1553,2023,269993.33,2658253.19,卡努颱風,降雨,0.04
2023_1554,2023,269359.96,2658627.15,卡努颱風,降雨,0.02
2023_1555,2023,267109.28,2659691.97,卡努颱風,降雨,0.32
2023_1556,2023,267060.89,2659556.16,卡努颱風,降雨,0.36
2023_1557,2023,266637.54,2660463.09,卡努颱風,降雨,0.15
2023_1558,2023,266821.09,2658226.3,卡努颱風,降雨,0.19
2023_1559,2023,266735.38,2658183.24,卡努颱風,降雨,0.37
2023_1560,2023,266882.31,2658330.3,卡努颱風,降雨,0.07
2023_1561,2023,266425.17,2658324.83,卡努颱風,降雨,0.18
2023_1562,2023,265301.2,2658547.51,卡努颱風,降雨,0.16
2023_1563,2023,266133.22,2657318.11,卡努颱風,降雨,0.11
2023_1564,2023,266257.34,2657296.89,卡努颱風,降雨,0.2
2023_1565,2023,265877.39,2657355.61,卡努颱風,降雨,0.06
2023_1566,2023,266770.62,2659900.95,卡努颱風,降雨,0.07
2023_1567,2023,266533.08,2660398.3,卡努颱風,降雨,0.1
2023_1568,2023,266602.54,2660233.17,卡努颱風,降雨,0.03
2023_1569,2023,266393.37,2659863.13,卡努颱風,降雨,0.06
2023_1570,2023,266744.69,2659811.66,卡努颱風,降雨,0.05
2023_1571,2023,266868.02,2659756.02,卡努颱風,降雨,0.03
2023_1572,2023,266773.83,2657951.26,卡努颱風,降雨,0.12
2023_1573,2023,266937.93,2658269.23,卡努颱風,降雨,0.06
2023_1574,2023,266686.99,2658296.33,卡努颱風,降雨,0.07
2023_1575,2023,266591.38,2658360.6,卡努颱風,降雨,0.03
2023_1576,2023,266358.84,2658802.82,卡努颱風,降雨,0.03
2023_1577,2023,266370.03,2658698.14,卡努颱風,降雨,0.04
2023_1578,2023,268163.65,2659134.34,卡努颱風,降雨,0.14
2023_1579,2023,268571.8,2659022.05,卡努颱風,降雨,0.06
2023_1580,2023,268603.96,2659112.75,卡努颱風,降雨,0.04
2023_1581,2023,268538.77,2659266.06,卡努颱風,降雨,0.05
2023_1582,2023,264832.51,2658727.54,卡努颱風,降雨,0.06
2023_1583,2023,264947.54,2658505.6,卡努颱風,降雨,0.02
2023_1584,2023,261528.9,2660284.48,卡努颱風,降雨,0.1
2023_1585,2023,261625.37,2660284.56,卡努颱風,降雨,0.11
2023_1586,2023,261130.69,2658954.62,卡努颱風,降雨,0.34
2023_1587,2023,261245.89,2658361.47,卡努颱風,降雨,0.04
2023_1588,2023,260794.09,2658015.43,卡努颱風,降雨,0.1
2023_1589,2023,260434.78,2659256.23,卡努颱風,降雨,0.02
2023_1590,2023,266945.12,2661053.42,卡努颱風,降雨,0.09
2023_1591,2023,267242.37,2660857.03,卡努颱風,降雨,0.19
2023_1592,2023,267281.03,2660765.39,卡努颱風,降雨,0.16
2023_1593,2023,267309.47,2660876.27,卡努颱風,降雨,0.09
2023_1594,2023,267056.61,2660741.75,卡努颱風,降雨,0.06
2023_1595,2023,267065.4,2660658.5,卡努颱風,降雨,0.04
2023_1596,2023,267469.93,2660802.49,卡努颱風,降雨,0.06
2023_1597,2023,268169.07,2660407.68,卡努颱風,降雨,0.17
2023_1598,2023,261530.5,2661474.95,卡努颱風,降雨,0.16
2023_1599,2023,261881.23,2661083.69,卡努颱風,降雨,0.11
2023_1600,2023,261280.91,2660791.46,卡努颱風,降雨,0.02
2023_1601,2023,260874.19,2662614.1,卡努颱風,降雨,0.15
2023_1602,2023,259001.86,2663114.61,卡努颱風,降雨,0.09
2023_1603,2023,259315.65,2663134.36,卡努颱風,降雨,0.04
2023_1604,2023,259284.79,2663120.38,卡努颱風,降雨,0.02
2023_1605,2023,259234.46,2662983.97,卡努颱風,降雨,0.02
2023_1606,2023,259140.88,2662803.19,卡努颱風,降雨,0.16
2023_1607,2023,258838.28,2661890.53,卡努颱風,降雨,0.05
2023_1608,2023,258763.88,2661886.69,卡努颱風,降雨,0.09
2023_1609,2023,262406.95,2665267.09,卡努颱風,降雨,0.04
2023_1610,2023,261500.42,2665477.15,卡努颱風,降雨,0.16
2023_1611,2023,261328.5,2663251.9,卡努颱風,降雨,0.11
2023_1612,2023,262048.56,2663271.59,卡努颱風,降雨,0.06
2023_1613,2023,262677.78,2664510.51,卡努颱風,降雨,0.04
2023_1614,2023,262818.0,2664332.54,卡努颱風,降雨,0.28
2023_1615,2023,260142.29,2665250.18,卡努颱風,降雨,0.06
2023_1616,2023,260498.68,2665088.79,卡努颱風,降雨,0.22
2023_1617,2023,259105.77,2663965.29,卡努颱風,降雨,0.09
2023_1618,2023,266144.45,2666269.6,卡努颱風,降雨,0.16
2023_1619,2023,265280.79,2666270.97,卡努颱風,降雨,0.11
2023_1620,2023,264928.65,2666189.43,卡努颱風,降雨,0.03
2023_1621,2023,264889.28,2666201.8,卡努颱風,降雨,0.02
2023_1622,2023,264766.65,2666028.95,卡努颱風,降雨,0.07
2023_1623,2023,264836.26,2665981.06,卡努颱風,降雨,0.03
2023_1624,2023,263938.76,2667307.63,卡努颱風,降雨,0.22
2023_1625,2023,262049.36,2666963.69,卡努颱風,降雨,0.2
2023_1626,2023,262782.24,2666889.95,卡努颱風,降雨,0.06
2023_1627,2023,257463.27,2664409.61,卡努颱風,降雨,0.04
2023_1628,2023,253622.33,2664126.72,卡努颱風,降雨,0.29
2023_1629,2023,253802.84,2664308.02,卡努颱風,降雨,0.03
2023_1630,2023,253704.71,2664202.82,卡努颱風,降雨,0.01
2023_1631,2023,253593.58,2665719.2,卡努颱風,降雨,0.05
2023_1632,2023,253743.36,2664980.82,卡努颱風,降雨,0.05
2023_1633,2023,254086.6,2663253.41,卡努颱風,降雨,0.07
2023_1634,2023,257367.48,2662833.39,卡努颱風,降雨,0.12
2023_1635,2023,257629.05,2663028.84,卡努颱風,降雨,0.15
2023_1636,2023,257833.92,2661905.84,卡努颱風,降雨,0.05
2023_1637,2023,257006.18,2662317.68,卡努颱風,降雨,0.05
2023_1638,2023,257281.11,2662092.09,卡努颱風,降雨,0.02
2023_1639,2023,257891.37,2659441.62,卡努颱風,降雨,0.07
2023_1640,2023,257713.33,2659846.57,卡努颱風,降雨,0.06
2023_1641,2023,258032.15,2657793.61,卡努颱風,降雨,0.18
2023_1642,2023,255927.82,2658436.79,卡努颱風,降雨,0.04
2023_1643,2023,253854.73,2657739.61,卡努颱風,降雨,0.08
2023_1644,2023,257637.93,2657483.71,卡努颱風,降雨,0.1
2023_1645,2023,257324.92,2656972.88,卡努颱風,降雨,0.06
2023_1646,2023,255188.84,2656255.92,卡努颱風,降雨,0.08
2023_1647,2023,255230.33,2656752.52,卡努颱風,降雨,0.03
2023_1648,2023,255246.1,2656672.49,卡努颱風,降雨,0.02
2023_1649,2023,257463.66,2653440.82,卡努颱風,降雨,0.44
2023_1650,2023,257509.68,2653341.89,卡努颱風,降雨,0.07
2023_1651,2023,257297.2,2653409.7,卡努颱風,降雨,0.02
2023_1652,2023,257280.38,2653354.87,卡努颱風,降雨,0.03
2023_1653,2023,256777.64,2653270.49,卡努颱風,降雨,0.13
2023_1654,2023,256849.9,2653319.62,卡努颱風,降雨,0.03
2023_1655,2023,256719.6,2652894.48,卡努颱風,降雨,0.06
2023_1656,2023,256659.63,2652956.1,卡努颱風,降雨,0.01
2023_1657,2023,256688.37,2652919.11,卡努颱風,降雨,0.01
2023_1658,2023,256989.36,2653108.58,卡努颱風,降雨,0.02
2023_1659,2023,257432.82,2652710.39,卡努颱風,降雨,0.11
2023_1660,2023,257515.36,2653002.81,卡努颱風,降雨,0.11
2023_1661,2023,256222.86,2654264.64,卡努颱風,降雨,0.02
2023_1662,2023,256466.69,2654200.02,卡努颱風,降雨,0.05
2023_1663,2023,256414.81,2654243.17,卡努颱風,降雨,0.06
2023_1664,2023,258197.04,2652301.72,卡努颱風,降雨,0.07
2023_1665,2023,253405.8,2653857.07,卡努颱風,降雨,0.06
2023_1666,2023,255478.71,2652393.9,卡努颱風,降雨,0.04
2023_1667,2023,255347.36,2653854.28,卡努颱風,降雨,0.01
2023_1668,2023,255347.55,2654616.12,卡努颱風,降雨,0.03
2023_1669,2023,257869.38,2651526.99,卡努颱風,降雨,0.29
2023_1670,2023,258770.3,2651418.26,卡努颱風,降雨,0.05
2023_1671,2023,256901.74,2650396.64,卡努颱風,降雨,0.08
2023_1672,2023,257246.54,2650741.37,卡努颱風,降雨,0.07
2023_1673,2023,257149.12,2649975.87,卡努颱風,降雨,0.13
2023_1674,2023,258420.9,2650215.38,卡努颱風,降雨,0.05
2023_1675,2023,257702.93,2651307.5,卡努颱風,降雨,0.09
2023_1676,2023,270158.85,2644847.26,卡努颱風,降雨,0.04
2023_1677,2023,270140.91,2644735.12,卡努颱風,降雨,0.02
2023_1678,2023,270125.56,2644669.98,卡努颱風,降雨,0.02
2023_1679,2023,267611.86,2646423.69,卡努颱風,降雨,0.15
2023_1680,2023,267551.83,2646434.33,卡努颱風,降雨,0.01
2023_1681,2023,263169.94,2644925.27,卡努颱風,降雨,0.08
2023_1682,2023,258871.91,2645734.13,卡努颱風,降雨,0.06
2023_1683,2023,253718.04,2643336.16,卡努颱風,降雨,0.14
2023_1684,2023,253917.64,2643067.96,卡努颱風,降雨,0.07
2023_1685,2023,254130.73,2642747.7,卡努颱風,降雨,0.22
2023_1686,2023,270661.81,2658928.46,卡努颱風,降雨,1.88
2023_1687,2023,262149.18,2648962.11,卡努颱風,降雨,1.81
2023_1688,2023,267248.72,2655939.19,卡努颱風,降雨,0.33
2023_1689,2023,256687.46,2646942.57,卡努颱風,降雨,0.22
2023_1690,2023,261556.77,2653036.62,卡努颱風,降雨,0.08
2023_1691,2023,264314.54,2654188.9,卡努颱風,降雨,0.52
2023_1692,2023,264410.58,2652524.5,卡努颱風,降雨,0.13
2023_1693,2023,266748.99,2655233.32,卡努颱風,降雨,1.95
2023_1694,2023,261561.92,2649125.93,卡努颱風,降雨,0.28
2023_1695,2023,258557.34,2653904.34,卡努颱風,降雨,0.04
2023_1696,2023,258575.17,2653674.29,卡努颱風,降雨,0.07
2023_1697,2023,258307.92,2652447.12,卡努颱風,降雨,0.09
2023_1698,2023,261106.5,2659113.24,卡努颱風,降雨,0.07
2023_1699,2023,264904.87,2666602.32,卡努颱風,降雨,0.07
2023_1700,2023,258380.8,2650865.04,卡努颱風,降雨,0.64
2023_1701,2023,258158.8,2651073.7,卡努颱風,降雨,0.13
2023_1702,2023,256653.98,2646834.02,卡努颱風,降雨,0.32
2023_1703,2023,285487.87,2711961.35,海葵颱風,降雨,0.03
2023_1704,2023,307459.49,2707893.72,海葵颱風,降雨,0.04
2023_1705,2023,306932.57,2708207.68,海葵颱風,降雨,0.05
2023_1706,2023,289275.36,2709421.88,海葵颱風,降雨,0.02
2023_1707,2023,288700.87,2709967.97,海葵颱風,降雨,0.04
2023_1708,2023,319697.49,2706246.47,海葵颱風,降雨,0.03
2023_1709,2023,319568.75,2705267.28,海葵颱風,降雨,0.06
2023_1710,2023,318883.29,2706729.25,海葵颱風,降雨,0.03
2023_1711,2023,311489.04,2705437.08,海葵颱風,降雨,0.05
2023_1712,2023,311450.29,2705430.77,海葵颱風,降雨,0.03
2023_1713,2023,307566.05,2706441.35,海葵颱風,降雨,0.02
2023_1714,2023,308671.05,2705736.89,海葵颱風,降雨,0.04
2023_1715,2023,289298.91,2706201.46,海葵颱風,降雨,0.14
2023_1716,2023,286544.55,2706467.46,海葵颱風,降雨,0.04
2023_1717,2023,322237.04,2703016.7,海葵颱風,降雨,0.01
2023_1718,2023,312931.42,2702890.89,海葵颱風,降雨,0.13
2023_1719,2023,312897.51,2702004.8,海葵颱風,降雨,0.12
2023_1720,2023,313360.29,2702370.49,海葵颱風,降雨,0.13
2023_1721,2023,314050.37,2703317.13,海葵颱風,降雨,0.15
2023_1722,2023,313371.69,2703051.67,海葵颱風,降雨,0.05
2023_1723,2023,291753.43,2704114.53,海葵颱風,降雨,0.14
2023_1724,2023,311736.37,2700631.73,海葵颱風,降雨,0.19
2023_1725,2023,309886.2,2700454.33,海葵颱風,降雨,0.14
2023_1726,2023,310089.02,2700031.57,海葵颱風,降雨,0.08
2023_1727,2023,310461.32,2700168.35,海葵颱風,降雨,0.23
2023_1728,2023,310655.28,2700291.35,海葵颱風,降雨,0.05
2023_1729,2023,310738.52,2700374.78,海葵颱風,降雨,0.01
2023_1730,2023,288529.56,2700169.1,海葵颱風,降雨,0.1
2023_1731,2023,288523.52,2700134.7,海葵颱風,降雨,0.03
2023_1732,2023,288162.17,2700049.34,海葵颱風,降雨,0.05
2023_1733,2023,313634.07,2697135.99,海葵颱風,降雨,0.27
2023_1734,2023,310650.2,2697121.55,海葵颱風,降雨,0.14
2023_1735,2023,307598.89,2698236.5,海葵颱風,降雨,0.06
2023_1736,2023,318078.84,2694244.13,海葵颱風,降雨,0.1
2023_1737,2023,316252.64,2696641.36,海葵颱風,降雨,0.22
2023_1738,2023,314977.09,2694392.74,海葵颱風,降雨,0.24
2023_1739,2023,315079.38,2694281.51,海葵颱風,降雨,0.08
2023_1740,2023,312245.43,2696100.69,海葵颱風,降雨,0.2
2023_1741,2023,314334.55,2695458.45,海葵颱風,降雨,0.08
2023_1742,2023,314348.21,2695385.27,海葵颱風,降雨,0.13
2023_1743,2023,317461.65,2692182.06,海葵颱風,降雨,0.15
2023_1744,2023,318266.83,2692113.09,海葵颱風,降雨,0.05
2023_1745,2023,311541.64,2692635.2,海葵颱風,降雨,0.11
2023_1746,2023,314928.83,2690404.61,海葵颱風,降雨,0.09
2023_1747,2023,284004.37,2716447.51,海葵颱風,降雨,0.89
2023_1748,2023,272650.63,2718973.02,海葵颱風,降雨,0.07
2023_1749,2023,284269.04,2716260.83,海葵颱風,降雨,0.03
2023_1750,2023,282452.12,2715053.4,海葵颱風,降雨,0.13
2023_1751,2023,282389.98,2715164.78,海葵颱風,降雨,0.17
2023_1752,2023,277315.48,2715190.92,海葵颱風,降雨,0.03
2023_1753,2023,280165.56,2708741.68,海葵颱風,降雨,0.06
2023_1754,2023,270344.31,2689662.77,海葵颱風,降雨,0.01
2023_1755,2023,271806.57,2638888.24,海葵颱風,降雨,0.05
2023_1756,2023,236587.31,2617087.61,海葵颱風,降雨,0.09
2023_1757,2023,228563.21,2584489.08,海葵颱風,降雨,0.34
2023_1758,2023,220364.68,2575830.59,海葵颱風,降雨,0.09
2023_1759,2023,233447.61,2570975.64,海葵颱風,降雨,0.06
2023_1760,2023,229259.17,2568990.77,海葵颱風,降雨,0.06
2023_1761,2023,233953.85,2566707.22,海葵颱風,降雨,0.04
2023_1762,2023,223211.7,2563179.19,海葵颱風,降雨,0.03
2023_1763,2023,223253.59,2563188.32,海葵颱風,降雨,0.27
2023_1764,2023,226636.65,2558741.91,海葵颱風,降雨,0.07
2023_1765,2023,223623.73,2542486.51,海葵颱風,降雨,0.07
2023_1766,2023,223837.93,2543628.29,海葵颱風,降雨,0.04
2023_1767,2023,221047.8,2538100.78,海葵颱風,降雨,0.04
2023_1768,2023,228435.67,2517357.76,海葵颱風,降雨,0.05
2023_1769,2023,233182.21,2506832.49,海葵颱風,降雨,0.08
2023_1770,2023,233671.74,2506544.73,海葵颱風,降雨,0.08
2023_1771,2023,231859.03,2500474.41,海葵颱風,降雨,0.11
2023_1772,2023,228437.75,2496885.83,海葵颱風,降雨,0.48
2023_1773,2023,233656.82,2490378.61,海葵颱風,降雨,0.52
2023_1774,2023,232959.77,2489819.79,海葵颱風,降雨,0.15
2023_1775,2023,233666.5,2488579.77,海葵颱風,降雨,0.18
2023_1776,2023,220615.21,2480807.26,海葵颱風,降雨,0.07
2023_1777,2023,223383.33,2481646.99,海葵颱風,降雨,0.35
2023_1778,2023,227854.12,2565623.22,海葵颱風,降雨,1.03
2023_1779,2023,216206.55,2498033.56,海葵颱風,降雨,0.04
2023_1780,2023,274286.64,2534088.33,海葵颱風,降雨,0.21
2023_1781,2023,274882.53,2534724.6,海葵颱風,降雨,0.13
2023_1782,2023,272959.32,2534011.58,海葵颱風,降雨,0.03
2023_1783,2023,272313.1,2534898.98,海葵颱風,降雨,0.24
2023_1784,2023,272790.2,2533389.94,海葵颱風,降雨,0.05
2023_1785,2023,272979.75,2533607.96,海葵颱風,降雨,0.05
2023_1786,2023,278096.62,2538398.46,海葵颱風,降雨,0.21
2023_1787,2023,277605.18,2538585.75,海葵颱風,降雨,0.1
2023_1788,2023,277338.87,2538493.58,海葵颱風,降雨,0.07
2023_1789,2023,277282.76,2538528.35,海葵颱風,降雨,0.04
2023_1790,2023,272687.75,2533341.95,海葵颱風,降雨,0.25
2023_1791,2023,277213.89,2537844.79,海葵颱風,降雨,0.23
2023_1792,2023,272180.96,2537442.89,海葵颱風,降雨,0.03
2023_1793,2023,272180.77,2537398.62,海葵颱風,降雨,0.02
2023_1794,2023,272185.24,2536567.89,海葵颱風,降雨,0.07
2023_1795,2023,275126.08,2536310.84,海葵颱風,降雨,0.1
2023_1796,2023,273252.4,2540141.41,海葵颱風,降雨,0.04
2023_1797,2023,273302.71,2540131.49,海葵颱風,降雨,0.04
2023_1798,2023,273659.2,2540245.66,海葵颱風,降雨,0.12
2023_1799,2023,273223.73,2539998.93,海葵颱風,降雨,0.06
2023_1800,2023,274536.53,2539079.02,海葵颱風,降雨,0.1
2023_1801,2023,274441.28,2539147.72,海葵颱風,降雨,0.05
2023_1802,2023,273519.83,2541006.55,海葵颱風,降雨,0.02
2023_1803,2023,277139.05,2539864.49,海葵颱風,降雨,0.13
2023_1804,2023,277261.58,2539982.73,海葵颱風,降雨,0.56
2023_1805,2023,277346.37,2540034.91,海葵颱風,降雨,0.19
2023_1806,2023,278207.84,2539050.01,海葵颱風,降雨,0.05
2023_1807,2023,278117.55,2539196.78,海葵颱風,降雨,0.09
2023_1808,2023,278186.7,2539337.18,海葵颱風,降雨,0.21
2023_1809,2023,277854.68,2539221.08,海葵颱風,降雨,0.08
2023_1810,2023,278754.73,2540273.88,海葵颱風,降雨,0.32
2023_1811,2023,278377.88,2540106.25,海葵颱風,降雨,0.12
2023_1812,2023,278744.35,2540188.53,海葵颱風,降雨,0.21
2023_1813,2023,278389.96,2540513.69,海葵颱風,降雨,0.1
2023_1814,2023,278467.0,2540595.54,海葵颱風,降雨,0.05
2023_1815,2023,273582.21,2542318.05,海葵颱風,降雨,0.04
2023_1816,2023,275084.42,2543474.83,海葵颱風,降雨,0.1
2023_1817,2023,275436.45,2543272.35,海葵颱風,降雨,0.05
2023_1818,2023,274959.08,2543257.11,海葵颱風,降雨,0.02
2023_1819,2023,275620.5,2543857.35,海葵颱風,降雨,0.05
2023_1820,2023,275883.1,2543833.1,海葵颱風,降雨,0.11
2023_1821,2023,276209.65,2543668.9,海葵颱風,降雨,0.06
2023_1822,2023,276480.46,2543801.52,海葵颱風,降雨,0.05
2023_1823,2023,274785.81,2542690.14,海葵颱風,降雨,0.09
2023_1824,2023,274923.09,2542705.42,海葵颱風,降雨,0.07
2023_1825,2023,275087.62,2542545.24,海葵颱風,降雨,0.04
2023_1826,2023,275671.15,2542805.66,海葵颱風,降雨,0.04
2023_1827,2023,274928.73,2542820.12,海葵颱風,降雨,0.03
2023_1828,2023,275331.9,2542848.43,海葵颱風,降雨,0.06
2023_1829,2023,278733.66,2542098.86,海葵颱風,降雨,0.2
2023_1830,2023,279785.82,2542660.86,海葵颱風,降雨,0.15
2023_1831,2023,280118.87,2542040.27,海葵颱風,降雨,0.36
2023_1832,2023,281280.51,2543784.38,海葵颱風,降雨,0.09
2023_1833,2023,276650.91,2544745.69,海葵颱風,降雨,0.11
2023_1834,2023,279684.01,2549409.72,海葵颱風,降雨,0.09
2023_1835,2023,276444.44,2551930.93,海葵颱風,降雨,0.06
2023_1836,2023,276854.0,2549766.7,海葵颱風,降雨,0.11
2023_1837,2023,277114.03,2549987.55,海葵颱風,降雨,0.03
2023_1838,2023,277592.53,2550327.65,海葵颱風,降雨,0.08
2023_1839,2023,277814.88,2550322.43,海葵颱風,降雨,0.07
2023_1840,2023,277657.77,2550356.32,海葵颱風,降雨,0.1
2023_1841,2023,277307.26,2552113.61,海葵颱風,降雨,0.44
2023_1842,2023,278521.9,2552138.54,海葵颱風,降雨,0.1
2023_1843,2023,276660.23,2551206.23,海葵颱風,降雨,0.05
2023_1844,2023,276804.29,2551103.12,海葵颱風,降雨,0.04
2023_1845,2023,279315.32,2551959.21,海葵颱風,降雨,0.13
2023_1846,2023,279953.63,2550738.09,海葵颱風,降雨,0.44
2023_1847,2023,280537.01,2551202.16,海葵颱風,降雨,0.05
2023_1848,2023,280444.3,2551159.69,海葵颱風,降雨,0.05
2023_1849,2023,274840.11,2565714.97,海葵颱風,降雨,0.21
2023_1850,2023,274497.24,2564686.92,海葵颱風,降雨,0.08
2023_1851,2023,274512.06,2564570.65,海葵颱風,降雨,0.04
2023_1852,2023,273690.97,2564808.53,海葵颱風,降雨,0.07
2023_1853,2023,274353.74,2569868.82,海葵颱風,降雨,0.08
2023_1854,2023,273665.48,2571743.77,海葵颱風,降雨,0.05
2023_1855,2023,273385.96,2571644.07,海葵颱風,降雨,0.4
2023_1856,2023,274384.91,2572704.94,海葵颱風,降雨,0.08
2023_1857,2023,275194.07,2578899.31,海葵颱風,降雨,0.04
2023_1858,2023,275368.52,2581226.09,海葵颱風,降雨,0.09
2023_1859,2023,273145.64,2581896.64,海葵颱風,降雨,0.07
2023_1860,2023,281893.68,2590179.96,海葵颱風,降雨,0.05
2023_1861,2023,281824.32,2594652.61,海葵颱風,降雨,0.13
2023_1862,2023,281930.54,2594518.61,海葵颱風,降雨,0.11
2023_1863,2023,276168.82,2596087.02,海葵颱風,降雨,0.24
2023_1864,2023,275326.8,2596092.97,海葵颱風,降雨,0.11
2023_1865,2023,276273.08,2597071.89,海葵颱風,降雨,0.12
2023_1866,2023,276588.83,2597243.45,海葵颱風,降雨,0.1
2023_1867,2023,276691.19,2596905.19,海葵颱風,降雨,0.39
2023_1868,2023,280267.75,2599844.86,海葵颱風,降雨,0.14
2023_1869,2023,280473.57,2599862.39,海葵颱風,降雨,0.09
2023_1870,2023,272069.31,2601166.68,海葵颱風,降雨,0.37
2023_1871,2023,297641.02,2719847.66,海葵颱風,降雨,0.02
2023_1872,2023,298726.53,2720936.95,海葵颱風,降雨,0.19
2023_1873,2023,305985.69,2708393.2,海葵颱風,降雨,0.09
2023_1874,2023,289296.44,2716382.69,海葵颱風,降雨,0.17
2023_1875,2023,295091.91,2716620.64,海葵颱風,降雨,0.01
2023_1876,2023,295126.88,2714229.91,海葵颱風,降雨,0.09
2023_1877,2023,315192.8,2704116.35,海葵颱風,降雨,0.25
2023_1878,2023,316681.67,2703568.69,海葵颱風,降雨,0.03
2023_1879,2023,310429.4,2700135.89,海葵颱風,降雨,0.05
2023_1880,2023,306387.32,2695884.6,海葵颱風,降雨,0.03
2023_1881,2023,306375.59,2695907.96,海葵颱風,降雨,0.01
2023_1882,2023,315757.82,2695026.15,海葵颱風,降雨,0.23
2023_1883,2023,315534.3,2695147.76,海葵颱風,降雨,0.09
2023_1884,2023,301547.44,2691296.68,海葵颱風,降雨,0.02
2023_1885,2023,308518.07,2693485.87,海葵颱風,降雨,0.21
2023_1886,2023,318131.2,2690501.91,海葵颱風,降雨,0.04
2023_1887,2023,318070.97,2690697.66,海葵颱風,降雨,0.18
2023_1888,2023,318190.77,2690580.79,海葵颱風,降雨,0.33
2023_1889,2023,273231.32,2637810.97,海葵颱風,降雨,0.05
2023_1890,2023,276182.24,2634199.96,海葵颱風,降雨,0.04
2023_1891,2023,275991.73,2634223.0,海葵颱風,降雨,0.02
2023_1892,2023,275927.35,2634014.22,海葵颱風,降雨,0.07
2023_1893,2023,275301.78,2633463.84,海葵颱風,降雨,0.08
2023_1894,2023,275139.73,2633643.23,海葵颱風,降雨,0.03
2023_1895,2023,272802.85,2628739.72,海葵颱風,降雨,0.02
2023_1896,2023,272757.56,2628748.15,海葵颱風,降雨,0.81
2023_1897,2023,273383.96,2624820.28,海葵颱風,降雨,0.17
2023_1898,2023,277193.74,2626886.93,海葵颱風,降雨,0.36
2023_1899,2023,277185.38,2625171.65,海葵颱風,降雨,0.09
2023_1900,2023,282077.22,2627075.16,海葵颱風,降雨,0.16
2023_1901,2023,279754.92,2622925.63,海葵颱風,降雨,1.82
2023_1902,2023,275180.01,2619069.66,海葵颱風,降雨,0.09
2023_1903,2023,281183.26,2620403.38,海葵颱風,降雨,0.44
2023_1904,2023,281936.5,2620877.95,海葵颱風,降雨,0.02
2023_1905,2023,275429.45,2618475.11,海葵颱風,降雨,0.45
2023_1906,2023,275318.01,2618448.34,海葵颱風,降雨,0.13
2023_1907,2023,274600.94,2616277.68,海葵颱風,降雨,0.05
2023_1908,2023,281009.63,2608634.96,海葵颱風,降雨,0.2
2023_1909,2023,274030.28,2605049.41,海葵颱風,降雨,0.07
2023_1910,2023,279303.87,2607525.97,海葵颱風,降雨,0.09
2023_1911,2023,276217.06,2578671.08,小犬颱風,降雨,0.22
2023_1912,2023,271719.42,2574984.64,小犬颱風,降雨,0.69
2023_1913,2023,271996.09,2575157.43,小犬颱風,降雨,0.13
2023_1914,2023,262390.1,2574308.7,小犬颱風,降雨,1.66
2023_1915,2023,262481.11,2574353.76,小犬颱風,降雨,0.13
2023_1916,2023,267856.86,2573943.93,小犬颱風,降雨,0.25
2023_1917,2023,268075.37,2573617.0,小犬颱風,降雨,0.47
2023_1918,2023,258989.79,2569914.2,小犬颱風,降雨,0.05
2023_1919,2023,274536.22,2564613.37,小犬颱風,降雨,0.18
2023_1920,2023,257432.02,2562055.07,小犬颱風,降雨,0.51
2023_1921,2023,257484.73,2561879.58,小犬颱風,降雨,1.4
2023_1922,2023,261471.48,2563287.8,小犬颱風,降雨,0.66
2023_1923,2023,257933.03,2541861.03,小犬颱風,降雨,0.79
2023_1924,2023,260177.62,2539486.03,小犬颱風,降雨,0.19
2023_1925,2023,245417.37,2530573.5,小犬颱風,降雨,0.08
2023_1926,2023,237510.8,2498344.85,小犬颱風,降雨,0.85
2023_1927,2023,243561.0,2499484.42,小犬颱風,降雨,0.38
2023_1928,2023,243669.54,2499459.38,小犬颱風,降雨,0.1
2023_1929,2023,242174.93,2496608.09,小犬颱風,降雨,0.04
2023_1930,2023,221528.12,2495985.59,小犬颱風,降雨,0.49
2023_1931,2023,220825.13,2496772.8,小犬颱風,降雨,0.27
2023_1932,2023,304689.31,2664305.88,杜蘇芮颱風,降雨,0.04
2023_1933,2023,305419.75,2654859.43,杜蘇芮颱風,降雨,0.06
2023_1934,2023,305497.53,2654767.71,杜蘇芮颱風,降雨,0.01
2023_1935,2023,305513.05,2654891.0,杜蘇芮颱風,降雨,0.01
2023_1936,2023,292999.29,2639763.27,杜蘇芮颱風,降雨,0.07
2023_1937,2023,287203.43,2619939.14,杜蘇芮颱風,降雨,0.03
2023_1938,2023,299197.59,2595866.11,杜蘇芮颱風,降雨,0.04
2023_1939,2023,296577.91,2586085.04,杜蘇芮颱風,降雨,0.06
2023_1940,2023,290156.02,2576030.57,杜蘇芮颱風,降雨,0.02
2023_1941,2023,285754.1,2612188.2,杜蘇芮颱風,降雨,0.03
2023_1942,2023,264203.77,2584126.58,杜蘇芮颱風,降雨,0.07
2023_1943,2023,269648.99,2585855.12,杜蘇芮颱風,降雨,0.47
2023_1944,2023,268570.21,2582501.13,杜蘇芮颱風,降雨,0.23
2023_1945,2023,273403.93,2582209.23,杜蘇芮颱風,降雨,0.12
2023_1946,2023,276557.98,2578927.67,杜蘇芮颱風,降雨,0.1
2023_1947,2023,262479.02,2576549.62,杜蘇芮颱風,降雨,0.18
2023_1948,2023,270962.72,2575696.58,杜蘇芮颱風,降雨,0.31
2023_1949,2023,269830.89,2575942.98,杜蘇芮颱風,降雨,0.38
2023_1950,2023,270983.1,2576539.49,杜蘇芮颱風,降雨,0.94
2023_1951,2023,275361.8,2571840.72,杜蘇芮颱風,降雨,0.1
2023_1952,2023,269742.12,2567497.96,杜蘇芮颱風,降雨,0.24
2023_1953,2023,270750.51,2566821.11,杜蘇芮颱風,降雨,0.11
2023_1954,2023,267136.27,2563160.91,杜蘇芮颱風,降雨,0.69
2023_1955,2023,260948.18,2558224.66,杜蘇芮颱風,降雨,0.05
2023_1956,2023,255076.89,2554920.19,杜蘇芮颱風,降雨,0.24
2023_1957,2023,264915.03,2552554.03,杜蘇芮颱風,降雨,0.11
2023_1958,2023,264961.85,2553007.78,杜蘇芮颱風,降雨,0.53
2023_1959,2023,262718.87,2550732.2,杜蘇芮颱風,降雨,0.22
2023_1960,2023,250658.53,2547700.89,杜蘇芮颱風,降雨,0.53
2023_1961,2023,250703.49,2547728.36,杜蘇芮颱風,降雨,0.17
2023_1962,2023,251729.24,2547265.4,杜蘇芮颱風,降雨,0.12
2023_1963,2023,252137.13,2547833.51,杜蘇芮颱風,降雨,0.04
2023_1964,2023,252150.8,2547036.42,杜蘇芮颱風,降雨,0.03
2023_1965,2023,253191.7,2546446.23,杜蘇芮颱風,降雨,0.37
2023_1966,2023,255259.8,2546407.32,杜蘇芮颱風,降雨,0.13
2023_1967,2023,255260.14,2546157.26,杜蘇芮颱風,降雨,0.16
2023_1968,2023,254003.28,2546563.09,杜蘇芮颱風,降雨,0.08
2023_1969,2023,256333.71,2546689.44,杜蘇芮颱風,降雨,0.26
2023_1970,2023,243412.37,2543687.51,杜蘇芮颱風,降雨,0.04
2023_1971,2023,252904.63,2544038.24,杜蘇芮颱風,降雨,0.11
2023_1972,2023,253019.65,2543942.89,杜蘇芮颱風,降雨,0.13
2023_1973,2023,253085.89,2543893.98,杜蘇芮颱風,降雨,0.18
2023_1974,2023,253232.52,2544075.81,杜蘇芮颱風,降雨,0.09
2023_1975,2023,260521.35,2542565.66,杜蘇芮颱風,降雨,0.17
2023_1976,2023,278275.9,2538686.43,杜蘇芮颱風,降雨,0.19
2023_1977,2023,272302.53,2535337.84,杜蘇芮颱風,降雨,0.05
2023_1978,2023,272920.65,2533614.12,杜蘇芮颱風,降雨,0.18
2023_1979,2023,250750.33,2533753.31,杜蘇芮颱風,降雨,0.11
2023_1980,2023,245463.4,2530400.91,杜蘇芮颱風,降雨,0.04
2023_1981,2023,245479.38,2530458.42,杜蘇芮颱風,降雨,0.04
2023_1982,2023,240720.67,2531573.09,杜蘇芮颱風,降雨,0.05
2023_1983,2023,239457.32,2530237.19,杜蘇芮颱風,降雨,0.3
2023_1984,2023,241073.51,2529271.94,杜蘇芮颱風,降雨,0.42
2023_1985,2023,242066.51,2529159.32,杜蘇芮颱風,降雨,0.12
2023_1986,2023,267865.47,2529076.92,杜蘇芮颱風,降雨,0.09
2023_1987,2023,239052.12,2527433.12,杜蘇芮颱風,降雨,0.13
2023_1988,2023,243344.23,2524837.75,杜蘇芮颱風,降雨,0.04
2023_1989,2023,252774.17,2525076.26,杜蘇芮颱風,降雨,0.07
2023_1990,2023,240134.69,2522099.16,杜蘇芮颱風,降雨,0.04
2023_1991,2023,243015.97,2523312.22,杜蘇芮颱風,降雨,0.16
2023_1992,2023,251369.85,2523056.18,杜蘇芮颱風,降雨,0.48
2023_1993,2023,251197.1,2522021.8,杜蘇芮颱風,降雨,0.05
2023_1994,2023,247083.94,2521562.83,杜蘇芮颱風,降雨,0.49
2023_1995,2023,246299.82,2520743.94,杜蘇芮颱風,降雨,0.06
2023_1996,2023,248774.06,2519314.22,杜蘇芮颱風,降雨,0.07
2023_1997,2023,251864.24,2520551.29,杜蘇芮颱風,降雨,0.07
2023_1998,2023,251790.64,2520029.23,杜蘇芮颱風,降雨,0.03
2023_1999,2023,235722.2,2517472.18,杜蘇芮颱風,降雨,0.03
2023_2000,2023,249535.88,2515996.79,杜蘇芮颱風,降雨,0.06
2023_2001,2023,246106.16,2510535.46,杜蘇芮颱風,降雨,0.05
2023_2002,2023,248751.71,2510531.09,杜蘇芮颱風,降雨,0.1
2023_2003,2023,233674.41,2506567.22,杜蘇芮颱風,降雨,0.06
2023_2004,2023,236984.51,2506270.84,杜蘇芮颱風,降雨,0.11
2023_2005,2023,237571.83,2506489.35,杜蘇芮颱風,降雨,0.03
2023_2006,2023,240271.41,2507927.46,杜蘇芮颱風,降雨,0.12
2023_2007,2023,238577.59,2506605.99,杜蘇芮颱風,降雨,0.03
2023_2008,2023,241040.64,2507926.02,杜蘇芮颱風,降雨,0.05
2023_2009,2023,241190.07,2505780.91,杜蘇芮颱風,降雨,0.13
2023_2010,2023,243268.83,2507178.54,杜蘇芮颱風,降雨,0.1
2023_2011,2023,245131.68,2507778.74,杜蘇芮颱風,降雨,0.46
2023_2012,2023,244991.95,2507806.89,杜蘇芮颱風,降雨,0.05
2023_2013,2023,229895.89,2502708.6,杜蘇芮颱風,降雨,0.07
2023_2014,2023,232621.68,2503016.68,杜蘇芮颱風,降雨,0.07
2023_2015,2023,233499.44,2503295.07,杜蘇芮颱風,降雨,0.06
2023_2016,2023,233534.33,2503320.91,杜蘇芮颱風,降雨,0.08
2023_2017,2023,241961.8,2502835.58,杜蘇芮颱風,降雨,0.08
2023_2018,2023,236005.31,2500292.4,杜蘇芮颱風,降雨,0.15
2023_2019,2023,235729.05,2499976.19,杜蘇芮颱風,降雨,0.26
2023_2020,2023,235924.66,2499922.49,杜蘇芮颱風,降雨,0.18
2023_2021,2023,235898.04,2501197.14,杜蘇芮颱風,降雨,0.08
2023_2022,2023,235710.64,2500550.17,杜蘇芮颱風,降雨,0.04
2023_2023,2023,239508.66,2501825.08,杜蘇芮颱風,降雨,0.38
2023_2024,2023,228497.95,2498817.97,杜蘇芮颱風,降雨,0.08
2023_2025,2023,228850.6,2498508.6,杜蘇芮颱風,降雨,0.05
2023_2026,2023,231015.97,2497583.27,杜蘇芮颱風,降雨,0.26
2023_2027,2023,230689.25,2499484.82,杜蘇芮颱風,降雨,0.06
2023_2028,2023,234604.68,2498276.07,杜蘇芮颱風,降雨,0.08
2023_2029,2023,236558.46,2498476.16,杜蘇芮颱風,降雨,0.04
2023_2030,2023,236248.76,2497675.2,杜蘇芮颱風,降雨,0.12
2023_2031,2023,237858.82,2498108.34,杜蘇芮颱風,降雨,0.05
2023_2032,2023,246520.87,2496260.12,杜蘇芮颱風,降雨,0.06
2023_2033,2023,226225.11,2493256.28,杜蘇芮颱風,降雨,0.07
2023_2034,2023,233184.33,2493544.88,杜蘇芮颱風,降雨,0.04
2023_2035,2023,236831.98,2491949.1,杜蘇芮颱風,降雨,0.05
2023_2036,2023,239547.67,2491741.43,杜蘇芮颱風,降雨,0.06
2023_2037,2023,239819.04,2491511.36,杜蘇芮颱風,降雨,0.03
2023_2038,2023,243138.65,2494027.25,杜蘇芮颱風,降雨,0.41
2023_2039,2023,231679.8,2490226.93,杜蘇芮颱風,降雨,0.02
2023_2040,2023,234310.46,2490623.02,杜蘇芮颱風,降雨,0.18
2023_2041,2023,233879.88,2490351.39,杜蘇芮颱風,降雨,0.02
2023_2042,2023,220414.74,2486460.61,杜蘇芮颱風,降雨,0.05
2023_2043,2023,221273.51,2485098.06,杜蘇芮颱風,降雨,0.16
2023_2044,2023,226917.65,2485167.5,杜蘇芮颱風,降雨,0.15
2023_2045,2023,225932.93,2485340.34,杜蘇芮颱風,降雨,0.07
2023_2046,2023,240886.71,2479956.45,杜蘇芮颱風,降雨,0.1
2023_2047,2023,226237.14,2469620.15,杜蘇芮颱風,降雨,0.06
2023_2048,2023,282314.48,2703245.05,卡努颱風,降雨,0.1
2023_2049,2023,295361.63,2692391.27,卡努颱風,降雨,0.04
2023_2050,2023,241158.11,2692148.33,卡努颱風,降雨,0.05
2023_2051,2023,258293.05,2686885.93,卡努颱風,降雨,0.04
2023_2052,2023,253387.12,2682763.71,卡努颱風,降雨,0.27
2023_2053,2023,288301.21,2681469.56,卡努颱風,降雨,0.06
2023_2054,2023,287700.94,2679818.55,卡努颱風,降雨,0.02
2023_2055,2023,239955.28,2662337.21,卡努颱風,降雨,0.04
2023_2056,2023,240098.95,2660836.07,卡努颱風,降雨,0.03
2023_2057,2023,251272.6,2653399.72,卡努颱風,降雨,0.65
2023_2058,2023,251252.45,2653516.18,卡努颱風,降雨,0.02
2023_2059,2023,223934.71,2595594.66,卡努颱風,降雨,0.17
2023_2060,2023,229023.49,2593141.75,卡努颱風,降雨,0.04
2023_2061,2023,229726.68,2591530.57,卡努颱風,降雨,0.12
2023_2062,2023,221311.35,2586883.18,卡努颱風,降雨,0.03
2023_2063,2023,220853.94,2585815.25,卡努颱風,降雨,0.11
2023_2064,2023,308604.75,2708062.3,海葵颱風,降雨,0.12
2023_2065,2023,298586.26,2700773.37,海葵颱風,降雨,0.56
2023_2066,2023,298896.85,2699934.98,海葵颱風,降雨,0.11
2023_2067,2023,286619.58,2641108.62,杜蘇芮颱風,降雨,0.07
2023_2068,2023,297694.29,2639089.56,杜蘇芮颱風,降雨,0.45
2023_2069,2023,293502.44,2606952.78,杜蘇芮颱風,降雨,0.13
2023_2070,2023,261859.85,2559657.32,杜蘇芮颱風,降雨,0.38
2023_2071,2023,261900.93,2559479.61,杜蘇芮颱風,降雨,0.17
2023_2072,2023,243005.15,2539715.51,杜蘇芮颱風,降雨,0.1
2023_2073,2023,273240.01,2539991.94,杜蘇芮颱風,降雨,0.07
2023_2074,2023,249299.94,2523516.29,杜蘇芮颱風,降雨,0.16
2023_2075,2023,250703.6,2523038.22,杜蘇芮颱風,降雨,0.08
2023_2076,2023,249022.12,2521961.74,杜蘇芮颱風,降雨,0.11
2023_2077,2023,242434.77,2515242.25,杜蘇芮颱風,降雨,0.1
2023_2078,2023,242516.5,2515215.44,杜蘇芮颱風,降雨,0.03
2023_2079,2023,246397.08,2515039.95,杜蘇芮颱風,降雨,0.19
2023_2080,2023,247733.63,2515483.44,杜蘇芮颱風,降雨,0.28
2023_2081,2023,247646.48,2515363.83,杜蘇芮颱風,降雨,1.18
2023_2082,2023,248058.54,2515158.14,杜蘇芮颱風,降雨,0.31
2023_2083,2023,247678.28,2515416.32,杜蘇芮颱風,降雨,0.2
2023_2084,2023,247932.51,2515195.21,杜蘇芮颱風,降雨,0.08
2023_2085,2023,245066.71,2508844.33,杜蘇芮颱風,降雨,0.6
2023_2086,2023,244964.26,2508812.83,杜蘇芮颱風,降雨,0.12
2023_2087,2023,245639.32,2509855.16,杜蘇芮颱風,降雨,0.14
2023_2088,2023,234574.12,2502198.26,杜蘇芮颱風,降雨,0.23
2023_2089,2023,243582.47,2499436.67,杜蘇芮颱風,降雨,0.05
2023_2090,2023,244370.22,2499496.35,杜蘇芮颱風,降雨,0.03
2023_2091,2023,245243.39,2499755.78,杜蘇芮颱風,降雨,0.03
2023_2092,2023,236765.59,2490922.84,杜蘇芮颱風,降雨,0.14
2023_2093,2023,231068.42,2486723.43,杜蘇芮颱風,降雨,0.16
2024_0,2024,221966.22,2474331.48,凱米颱風,降雨,0.792773166759
2024_1,2024,231857.53,2482079.56,凱米颱風,降雨,1.11038826845
2024_2,2024,226419.18,2487575.48,凱米颱風,降雨,0.84315023015
2024_3,2024,226866.12,2490888.04,凱米颱風,降雨,0.798626082118
2024_4,2024,230719.43,2492471.98,凱米颱風,降雨,0.924627731096
2024_5,2024,231605.15,2497467.18,凱米颱風,降雨,0.737995387132
2024_6,2024,229957.43,2501934.25,凱米颱風,降雨,0.833161134678
2024_7,2024,219928.54,2505521.33,凱米颱風,降雨,3.20698080769
2024_8,2024,219727.44,2510926.39,凱米颱風,降雨,2.32197195663
2024_9,2024,219643.3,2511052.69,凱米颱風,降雨,0.579060932504
2024_10,2024,225523.52,2511227.87,凱米颱風,降雨,1.13406790908
2024_11,2024,226020.3,2512391.34,凱米颱風,降雨,1.00273678608
2024_12,2024,221088.54,2513032.3,凱米颱風,降雨,0.661800525039
2024_13,2024,223318.64,2525497.72,凱米颱風,降雨,1.15298697337
2024_14,2024,222142.93,2525770.08,凱米颱風,降雨,1.4339010029
2024_15,2024,250675.24,2526323.42,山陀兒颱風,降雨,2.0319786522
2024_16,2024,225068.71,2528213.91,凱米颱風,降雨,0.535295789234
2024_17,2024,242382.45,2531768.54,山陀兒颱風,降雨,0.560460884392
2024_18,2024,218295.74,2536657.99,凱米颱風,降雨,1.84022991865
2024_19,2024,219515.9,2539806.6,凱米颱風,降雨,2.28103196839
2024_20,2024,221382.51,2540564.56,凱米颱風,降雨,1.14708307921
2024_21,2024,220611.4,2542422.68,凱米颱風,降雨,0.68656735388
2024_22,2024,221012.71,2543285.16,凱米颱風,降雨,0.512772662633
2024_23,2024,226625.5,2548742.45,凱米颱風,降雨,0.510297931856
2024_24,2024,218259.29,2549975.57,凱米颱風,降雨,0.621418211958
2024_25,2024,222449.08,2549979.19,凱米颱風,降雨,0.63376826974
2024_26,2024,227657.29,2550457.46,凱米颱風,降雨,0.526496828061
2024_27,2024,220492.98,2550542.83,凱米颱風,降雨,0.573193495142
2024_28,2024,219165.5,2550879.07,凱米颱風,降雨,3.07117146367
2024_29,2024,216075.25,2551648.29,凱米颱風,降雨,0.603072523742
2024_30,2024,220007.95,2551674.32,凱米颱風,降雨,0.938376151994
2024_31,2024,222412.65,2552243.99,凱米颱風,降雨,0.576488824117
2024_32,2024,214317.7,2553625.26,凱米颱風,降雨,0.800267269343
2024_33,2024,222404.81,2553811.76,凱米颱風,降雨,0.615477032871
2024_34,2024,221023.83,2555139.4,凱米颱風,降雨,0.665470614749
2024_35,2024,227642.39,2555254.36,凱米颱風,降雨,0.752767208435
2024_36,2024,215071.56,2557970.64,凱米颱風,降雨,0.658682508128
2024_37,2024,216993.55,2558354.29,凱米颱風,降雨,0.672488407233
2024_38,2024,224306.87,2558472.43,凱米颱風,降雨,0.892609275992
2024_39,2024,219116.13,2564076.11,凱米颱風,降雨,0.713426461926
2024_40,2024,218856.67,2564074.31,凱米颱風,降雨,0.826012332298
2024_41,2024,213898.21,2566889.83,凱米颱風,降雨,0.648104552301
2024_42,2024,228116.5,2569820.4,凱米颱風,降雨,0.599005663429
2024_43,2024,217100.64,2573882.02,凱米颱風,降雨,0.518791556344
2024_44,2024,222146.44,2577698.17,凱米颱風,降雨,0.632590082905
2024_45,2024,194261.1,2580085.24,凱米颱風,降雨,0.544022677725
2024_46,2024,198234.7,2581855.1,凱米颱風,降雨,0.712741343734
2024_47,2024,216968.19,2582573.98,凱米颱風,降雨,0.569606823657
2024_48,2024,219383.03,2585630.33,凱米颱風,降雨,1.60801761212
2024_49,2024,208037.64,2585875.67,凱米颱風,降雨,0.619213783299
2024_50,2024,218281.96,2586744.7,凱米颱風,降雨,0.682768225185
2024_51,2024,218526.1,2595026.97,凱米颱風,降雨,2.01561159382
2024_52,2024,218338.48,2595234.18,凱米颱風,降雨,1.91746415991
2024_53,2024,223819.92,2595608.77,凱米颱風,降雨,0.730408497084
2024_54,2024,218129.38,2595659.27,凱米颱風,降雨,0.803419271273
2024_55,2024,212515.91,2596140.22,凱米颱風,降雨,1.80213864513
2024_56,2024,214670.98,2596544.97,凱米颱風,降雨,0.51924345169
2024_57,2024,212005.68,2596644.08,凱米颱風,降雨,0.625775635051
2024_58,2024,211902.33,2600559.99,凱米颱風,降雨,0.662655747101
2024_59,2024,208143.66,2602047.0,凱米颱風,降雨,0.640243709424
2024_60,2024,208417.63,2602044.38,凱米颱風,降雨,0.801303503374
2024_61,2024,216174.79,2602196.69,凱米颱風,降雨,1.4770718732
2024_62,2024,216627.16,2602558.55,凱米颱風,降雨,0.734563224386
2024_63,2024,239859.97,2603321.96,凱米颱風,降雨,0.500331591368
2024_64,2024,222454.65,2603861.25,凱米颱風,降雨,0.522950892961
2024_65,2024,235806.16,2603960.63,凱米颱風,降雨,1.60379199809
2024_66,2024,222527.33,2604072.03,凱米颱風,降雨,0.781911399812
2024_67,2024,217744.87,2604245.51,凱米颱風,降雨,1.09289475285
2024_68,2024,233300.45,2604451.71,0629豪雨,降雨,0.542685899039
2024_69,2024,225567.66,2605269.59,0629豪雨,降雨,1.06894559788
2024_70,2024,233499.75,2605359.41,0629豪雨,降雨,2.61995975889
2024_71,2024,213438.87,2606041.23,0629豪雨,降雨,1.33733690118
2024_72,2024,218337.64,2606271.31,凱米颱風,降雨,0.502388727945
2024_73,2024,225175.51,2606382.18,凱米颱風,降雨,1.15478398634
2024_74,2024,232369.19,2607839.82,凱米颱風,降雨,0.514437645193
2024_75,2024,235381.6,2609771.95,凱米颱風,降雨,0.607874512931
2024_76,2024,226149.12,2613809.68,凱米颱風,降雨,1.31356963116
2024_77,2024,227025.7,2616474.64,凱米颱風,降雨,2.1219429396
2024_78,2024,219723.21,2618011.23,凱米颱風,降雨,0.526000287369
2024_79,2024,219891.36,2618728.26,凱米颱風,降雨,0.639461371196
2024_80,2024,247972.9,2622105.75,凱米颱風,降雨,0.570943765291
2024_81,2024,233172.68,2626855.16,凱米颱風,降雨,0.9912457514
2024_82,2024,262174.63,2666024.99,0403花蓮地震,地震,1.25606170066
2024_83,2024,249889.17,2668976.81,凱米颱風,降雨,1.80366594786
2024_84,2024,262274.54,2681370.86,0403花蓮地震,地震,0.728528734884
2024_85,2024,263233.29,2682831.1,0403花蓮地震,地震,0.999907879077
2024_86,2024,263497.94,2682916.79,0629豪雨,降雨,0.736206676377
2024_87,2024,262229.53,2682947.82,0403花蓮地震,地震,2.00983440716
2024_88,2024,257439.04,2699950.67,0403花蓮地震,地震,0.514143260992
2024_89,2024,258994.51,2700724.87,0403花蓮地震,地震,0.60318921398
2024_90,2024,260234.15,2702080.81,0403花蓮地震,地震,0.668927414563
2024_91,2024,285406.38,2611095.06,0403花蓮地震,地震,0.723232874918
2024_92,2024,283568.01,2613727.02,山陀兒颱風,降雨,0.522613236851
2024_93,2024,307771.71,2633109.35,0629豪雨,降雨,1.02944826612
2024_94,2024,294544.59,2640718.78,0403花蓮地震,地震,0.558214516849
2024_95,2024,287219.63,2641803.7,0403花蓮地震,地震,0.934969179197
2024_96,2024,297610.32,2652547.4,康芮颱風,降雨,1.28479915173
2024_97,2024,300162.87,2654465.14,0403花蓮地震,地震,0.861286666361
2024_98,2024,298219.6,2654584.5,0403花蓮地震,地震,0.611709450476
2024_99,2024,296477.2,2654919.7,0403花蓮地震,地震,1.68344470457
2024_100,2024,298715.1,2655712.47,0403花蓮地震,地震,0.534712219797
2024_101,2024,299716.59,2655915.26,0403花蓮地震,地震,0.645253457833
2024_102,2024,302560.31,2656342.58,0403花蓮地震,地震,1.18602768963
2024_103,2024,291185.1,2656563.07,0403花蓮地震,地震,0.891613104403
2024_104,2024,294454.41,2657928.2,康芮颱風,降雨,0.58541895166
2024_105,2024,294715.88,2658930.82,康芮颱風,降雨,0.953469120844
2024_106,2024,273536.86,2660840.78,0629豪雨,降雨,0.803867817475
2024_107,2024,305592.56,2662508.22,0403花蓮地震,地震,0.680719546525
2024_108,2024,302890.03,2663650.22,0403花蓮地震,地震,0.650729134909
2024_109,2024,302462.48,2664125.88,0403花蓮地震,地震,0.580973951988
2024_110,2024,290085.34,2664724.48,康芮颱風,降雨,0.512291652431
2024_111,2024,300978.23,2665729.67,0403花蓮地震,地震,3.38426758467
2024_112,2024,301606.0,2666112.1,0403花蓮地震,地震,0.654985302876
2024_113,2024,300774.61,2666129.46,0403花蓮地震,地震,0.530123199762
2024_114,2024,268198.8,2667236.48,0629豪雨,降雨,0.661274191779
2024_115,2024,301918.31,2670562.81,0403花蓮地震,地震,0.638572749983
2024_116,2024,295080.58,2671999.88,0403花蓮地震,地震,0.523914504344
2024_117,2024,307589.72,2674719.57,康芮颱風,降雨,0.929125599734
2024_118,2024,293614.88,2675490.27,0403花蓮地震,地震,0.868985785018
2024_119,2024,270704.78,2676981.69,凱米颱風,降雨,1.12492239798
2024_120,2024,305915.0,2678043.22,凱米颱風,降雨,0.72150041605
2024_121,2024,313464.3,2680032.12,0403花蓮地震,地震,0.653920033154
2024_122,2024,293217.52,2682581.96,康芮颱風,降雨,0.672998759883
2024_123,2024,321925.25,2690144.83,0403花蓮地震,地震,0.502984551675
2024_124,2024,308279.24,2690344.43,康芮颱風,降雨,2.09894446613
2024_125,2024,309299.15,2692353.93,0403花蓮地震,地震,0.575198380304
2024_126,2024,314036.54,2693023.21,0403花蓮地震,地震,0.771355953047
2024_127,2024,315072.17,2693219.29,凱米颱風,降雨,0.819328470614
2024_128,2024,319021.91,2693635.19,凱米颱風,降雨,0.541284681966
2024_129,2024,311832.28,2697790.46,康芮颱風,降雨,1.23765605416
2024_130,2024,329369.05,2699117.45,凱米颱風,降雨,0.513714287238
2024_131,2024,306338.13,2703800.21,康芮颱風,降雨,0.739709524869
2024_132,2024,318048.55,2714511.88,康芮颱風,降雨,0.553440057155
2024_133,2024,335398.31,2715028.69,0403花蓮地震,地震,1.33941607732
2024_134,2024,321055.42,2716432.57,康芮颱風,降雨,0.5660363672
2024_135,2024,307271.71,2716652.15,凱米颱風,降雨,0.710678384718
2024_136,2024,333649.94,2716784.41,0403花蓮地震,地震,0.800833334262
2024_137,2024,308383.94,2717012.58,凱米颱風,降雨,0.544869851577
2024_138,2024,317010.01,2717190.99,凱米颱風,降雨,1.88388074101
2024_139,2024,307815.61,2717250.01,凱米颱風,降雨,0.608349480393
2024_140,2024,309301.54,2717389.08,凱米颱風,降雨,0.916447379814
2024_141,2024,303490.26,2717373.82,康芮颱風,降雨,0.543525653167
2024_142,2024,302779.79,2717865.98,康芮颱風,降雨,0.760450939682
2024_143,2024,325087.23,2718137.96,0403花蓮地震,地震,0.80248207916
2024_144,2024,292568.82,2718376.77,康芮颱風,降雨,0.994305118791
2024_145,2024,318266.58,2718421.77,康芮颱風,降雨,0.560708546098
2024_146,2024,317930.94,2718684.23,康芮颱風,降雨,1.61771749805
2024_147,2024,307585.73,2718725.46,凱米颱風,降雨,0.641656982646
2024_148,2024,288368.2,2737907.76,0629豪雨,降雨,5.65201167542
2024_149,2024,263953.05,2621807.9,0629豪雨,降雨,0.643968510232
2024_150,2024,227491.34,2483664.59,凱米颱風,降雨,0.707379702538
2024_151,2024,220501.44,2485701.71,凱米颱風,降雨,0.544605922941
2024_152,2024,225749.94,2487016.95,凱米颱風,降雨,0.886482543227
2024_153,2024,225982.95,2488897.9,凱米颱風,降雨,0.716018501661
2024_154,2024,220338.72,2488364.96,凱米颱風,降雨,0.708910167677
2024_155,2024,219983.17,2488452.23,凱米颱風,降雨,0.583609867727
2024_156,2024,220187.9,2488323.38,凱米颱風,降雨,0.787239247225
2024_157,2024,233488.56,2489529.65,0629豪雨,降雨,1.23497456984
2024_158,2024,224401.62,2489424.99,凱米颱風,降雨,0.752483773871
2024_159,2024,229382.0,2494144.44,凱米颱風,降雨,0.500698726416
2024_160,2024,221545.94,2496470.67,凱米颱風,降雨,0.722251483043
2024_161,2024,221692.39,2496104.12,凱米颱風,降雨,0.722322711649
2024_162,2024,229298.86,2496960.71,凱米颱風,降雨,0.654769445019
2024_163,2024,239100.81,2499484.38,山陀兒颱風,降雨,0.599066880749
2024_164,2024,240424.53,2500900.2,山陀兒颱風,降雨,0.719248471933
2024_165,2024,237826.85,2501142.7,凱米颱風,降雨,0.713461284179
2024_166,2024,221260.89,2501107.13,凱米颱風,降雨,8.48833913007
2024_167,2024,239573.84,2501881.39,山陀兒颱風,降雨,1.27493439563
2024_168,2024,228401.24,2502611.02,凱米颱風,降雨,0.991003702618
2024_169,2024,216976.08,2502692.2,凱米颱風,降雨,1.07372476926
2024_170,2024,235591.98,2504175.26,凱米颱風,降雨,0.803059263227
2024_171,2024,235412.83,2504153.8,凱米颱風,降雨,0.673613614465
2024_172,2024,240973.49,2507649.42,山陀兒颱風,降雨,1.208932771
2024_173,2024,243751.39,2507958.85,0629豪雨,降雨,0.570680640403
2024_174,2024,241188.71,2507962.9,山陀兒颱風,降雨,0.64451051563
2024_175,2024,244955.57,2508755.38,山陀兒颱風,降雨,2.569175493
2024_176,2024,241044.53,2510205.87,山陀兒颱風,降雨,0.501480333486
2024_177,2024,233011.57,2510523.36,凱米颱風,降雨,0.758958081156
2024_178,2024,227920.27,2510899.16,凱米颱風,降雨,1.53093190695
2024_179,2024,224885.26,2511323.75,凱米颱風,降雨,0.76572534508
2024_180,2024,240056.71,2512015.71,山陀兒颱風,降雨,0.82734197978
2024_181,2024,220801.18,2510276.86,凱米颱風,降雨,2.84652420958
2024_182,2024,220893.31,2510714.75,凱米颱風,降雨,0.910439011084
2024_183,2024,220618.62,2511547.98,凱米颱風,降雨,0.631336749831
2024_184,2024,220841.91,2511255.68,凱米颱風,降雨,0.608616064312
2024_185,2024,221179.56,2513195.34,凱米颱風,降雨,0.538954802201
2024_186,2024,224800.76,2514428.74,凱米颱風,降雨,1.32079216609
2024_187,2024,235217.89,2514233.6,凱米颱風,降雨,1.9224417665
2024_188,2024,229683.05,2515134.14,山陀兒颱風,降雨,0.89758147511
2024_189,2024,233130.78,2515159.36,山陀兒颱風,降雨,0.605579279608
2024_190,2024,236367.26,2514892.79,山陀兒颱風,降雨,1.54310456002
2024_191,2024,223801.12,2523907.53,凱米颱風,降雨,0.604302446883
2024_192,2024,228084.6,2526286.47,凱米颱風,降雨,0.56675509428
2024_193,2024,242194.63,2527261.6,山陀兒颱風,降雨,0.767697972298
2024_194,2024,226017.18,2528095.92,凱米颱風,降雨,1.72498411503
2024_195,2024,243076.63,2528879.98,山陀兒颱風,降雨,0.843001005421
2024_196,2024,226923.19,2530584.81,凱米颱風,降雨,0.85315637955
2024_197,2024,242895.77,2533722.44,山陀兒颱風,降雨,0.533046652523
2024_198,2024,228289.92,2535532.62,凱米颱風,降雨,0.720823464076
2024_199,2024,219227.91,2537742.99,凱米颱風,降雨,0.716711457308
2024_200,2024,254513.93,2538101.01,山陀兒颱風,降雨,0.959592817962
2024_201,2024,219158.44,2540153.42,凱米颱風,降雨,1.07925040988
2024_202,2024,226873.09,2540760.62,凱米颱風,降雨,0.775112529736
2024_203,2024,220979.0,2542284.51,凱米颱風,降雨,1.48538219866
2024_204,2024,220708.48,2542951.5,凱米颱風,降雨,0.749807578365
2024_205,2024,225740.93,2544452.92,凱米颱風,降雨,0.521472431533
2024_206,2024,234339.96,2544551.5,凱米颱風,降雨,1.19648179422
2024_207,2024,221876.26,2546636.95,凱米颱風,降雨,0.666556142186
2024_208,2024,261314.74,2547391.64,山陀兒颱風,降雨,0.84814201305
2024_209,2024,232383.92,2548224.04,0629豪雨,降雨,2.43315426088
2024_210,2024,248709.17,2549694.2,山陀兒颱風,降雨,1.07758208144
2024_211,2024,220980.44,2550812.75,凱米颱風,降雨,0.902152009622
2024_212,2024,221124.06,2550761.9,凱米颱風,降雨,0.7192836351
2024_213,2024,224136.41,2551332.57,凱米颱風,降雨,0.702405023205
2024_214,2024,201512.26,2551377.05,凱米颱風,降雨,0.954807287297
2024_215,2024,223715.41,2551699.87,凱米颱風,降雨,0.642407295769
2024_216,2024,222783.06,2552403.93,凱米颱風,降雨,0.802291852231
2024_217,2024,225170.67,2553311.7,凱米颱風,降雨,0.501434638315
2024_218,2024,226317.64,2554743.7,凱米颱風,降雨,0.683443200917
2024_219,2024,218918.79,2558570.79,凱米颱風,降雨,0.669339057086
2024_220,2024,218099.95,2560013.8,凱米颱風,降雨,1.15339492021
2024_221,2024,218122.58,2559675.72,凱米颱風,降雨,1.25499831194
2024_222,2024,217717.77,2560021.21,凱米颱風,降雨,1.13662668162
2024_223,2024,221996.21,2561823.63,凱米颱風,降雨,0.731425193511
2024_224,2024,211196.18,2561926.44,凱米颱風,降雨,2.4287481397
2024_225,2024,214110.6,2565454.06,凱米颱風,降雨,0.981343290491
2024_226,2024,206162.72,2565719.28,凱米颱風,降雨,0.858314173443
2024_227,2024,216372.4,2565981.68,凱米颱風,降雨,0.638615672682
2024_228,2024,236191.44,2566208.66,凱米颱風,降雨,8.77088086457
2024_229,2024,236503.73,2565973.34,凱米颱風,降雨,1.05676587345
2024_230,2024,221267.22,2576544.4,凱米颱風,降雨,0.785536970138
2024_231,2024,224477.36,2576624.13,0403花蓮地震,地震,3.21506496994
2024_232,2024,222108.68,2577171.79,凱米颱風,降雨,0.536991159533
2024_233,2024,221703.17,2577666.93,凱米颱風,降雨,0.563450992399
2024_234,2024,214633.5,2581368.4,凱米颱風,降雨,0.752192370057
2024_235,2024,230798.13,2581959.48,凱米颱風,降雨,1.47193012674
2024_236,2024,230809.25,2582164.11,凱米颱風,降雨,0.923164377249
2024_237,2024,230586.1,2582074.83,凱米颱風,降雨,0.96966605171
2024_238,2024,230511.64,2581862.55,凱米颱風,降雨,0.792223810094
2024_239,2024,201399.71,2583368.35,凱米颱風,降雨,0.519258006058
2024_240,2024,229470.73,2584846.57,凱米颱風,降雨,0.525675213028
2024_241,2024,231419.23,2585190.66,0629豪雨,降雨,1.29793913523
2024_242,2024,204818.96,2585153.62,凱米颱風,降雨,2.26977419568
2024_243,2024,220961.79,2585515.12,凱米颱風,降雨,1.31688492916
2024_244,2024,206668.47,2586251.41,凱米颱風,降雨,0.573427697331
2024_245,2024,242150.12,2588369.77,凱米颱風,降雨,0.640954229589
2024_246,2024,217108.55,2594312.7,凱米颱風,降雨,1.1022745995
2024_247,2024,222995.35,2596277.63,凱米颱風,降雨,1.62659886649
2024_248,2024,212128.53,2596665.22,凱米颱風,降雨,0.638864972003
2024_249,2024,212856.18,2597042.56,凱米颱風,降雨,1.19602075609
2024_250,2024,214669.69,2603500.01,凱米颱風,降雨,0.505126324684
2024_251,2024,235108.47,2604794.38,凱米颱風,降雨,0.664708389388
2024_252,2024,218152.99,2606373.48,凱米颱風,降雨,2.08124047455
2024_253,2024,218629.67,2606760.02,凱米颱風,降雨,2.02212617499
2024_254,2024,218798.86,2606640.76,凱米颱風,降雨,0.986458487197
2024_255,2024,232152.08,2607212.01,凱米颱風,降雨,0.586474193649
2024_256,2024,270495.94,2574608.99,山陀兒颱風,降雨,0.943406879798
2024_257,2024,216937.11,2609615.78,凱米颱風,降雨,0.630294268993
2024_258,2024,262075.03,2612748.3,0629豪雨,降雨,1.25095409113
2024_259,2024,221824.72,2613699.32,凱米颱風,降雨,0.827928893782
2024_260,2024,220198.51,2615477.16,凱米颱風,降雨,0.665509420879
2024_261,2024,251741.17,2615924.67,凱米颱風,降雨,1.65804728103
2024_262,2024,244511.7,2616396.58,凱米颱風,降雨,1.83539805959
2024_263,2024,217296.26,2617508.61,凱米颱風,降雨,0.593346040094
2024_264,2024,243645.69,2619688.98,凱米颱風,降雨,1.08356631891
2024_265,2024,241314.36,2625626.34,凱米颱風,降雨,0.663748346159
2024_266,2024,258600.65,2625679.03,0629豪雨,降雨,0.517511021124
2024_267,2024,256798.15,2666158.18,0403花蓮地震,地震,0.684680415207
2024_268,2024,261978.91,2685081.0,凱米颱風,降雨,0.5258473229
2024_269,2024,257191.38,2692095.2,0403花蓮地震,地震,0.82818406666
2024_270,2024,283595.42,2620496.93,0403花蓮地震,地震,1.42297318701
2024_271,2024,282342.61,2621218.53,0403花蓮地震,地震,0.565646646711
2024_272,2024,280106.48,2633139.51,凱米颱風,降雨,0.519994442459
2024_273,2024,308060.84,2632021.8,山陀兒颱風,降雨,0.939836172504
2024_274,2024,280845.1,2634199.2,0403花蓮地震,地震,3.09403735929
2024_275,2024,283361.25,2639742.53,0403花蓮地震,地震,0.655556015481
2024_276,2024,283336.07,2639334.33,0403花蓮地震,地震,0.822317969048
2024_277,2024,288386.69,2641721.87,0403花蓮地震,地震,1.22923239358
2024_278,2024,283422.94,2641598.13,0403花蓮地震,地震,6.66591873108
2024_279,2024,288362.17,2643260.8,0403花蓮地震,地震,1.58868101865
2024_280,2024,282719.07,2643866.68,0403花蓮地震,地震,0.637138811692
2024_281,2024,284613.63,2643945.35,0403花蓮地震,地震,3.23679342785
2024_282,2024,282832.32,2643617.3,0403花蓮地震,地震,16.1639137039
2024_283,2024,283568.79,2646413.56,0403花蓮地震,地震,1.40392134154
2024_284,2024,294473.93,2653398.13,康芮颱風,降雨,0.834746724051
2024_285,2024,280952.19,2653982.87,凱米颱風,降雨,0.576807841684
2024_286,2024,293848.54,2660580.74,康芮颱風,降雨,0.5370505504
2024_287,2024,301300.38,2664731.8,0403花蓮地震,地震,1.10345936505
2024_288,2024,303516.34,2667036.78,0403花蓮地震,地震,1.28342328624
2024_289,2024,307177.8,2669841.37,0403花蓮地震,地震,0.698169666671
2024_290,2024,295907.53,2670359.88,康芮颱風,降雨,0.514124452518
2024_291,2024,295063.41,2671746.49,0403花蓮地震,地震,0.697331507096
2024_292,2024,271571.65,2677594.69,凱米颱風,降雨,0.570108595476
2024_293,2024,271473.3,2677389.9,凱米颱風,降雨,1.0634341853
2024_294,2024,271444.67,2677593.77,凱米颱風,降雨,2.68618683828
2024_295,2024,299173.76,2680815.73,康芮颱風,降雨,1.01777027831
2024_296,2024,275776.89,2681283.1,凱米颱風,降雨,0.68803409341
2024_297,2024,326004.95,2687166.84,0403花蓮地震,地震,0.548535883478
2024_298,2024,292541.84,2687452.0,康芮颱風,降雨,0.625140581644
2024_299,2024,298607.11,2688753.1,康芮颱風,降雨,0.646995784758
2024_300,2024,318067.03,2694272.65,康芮颱風,降雨,0.986873820309
2024_301,2024,273961.56,2696230.9,0403花蓮地震,地震,0.833865293051
2024_302,2024,311401.95,2698167.74,康芮颱風,降雨,1.17773128626
2024_303,2024,311164.05,2697911.52,康芮颱風,降雨,0.826427591712
2024_304,2024,304521.54,2700253.47,0403花蓮地震,地震,1.57231342161
2024_305,2024,287296.87,2700982.21,凱米颱風,降雨,1.26290489384
2024_306,2024,305669.1,2702551.03,康芮颱風,降雨,0.715157916673
2024_307,2024,276093.06,2702902.61,凱米颱風,降雨,0.50240549399
2024_308,2024,304379.51,2702878.55,康芮颱風,降雨,1.03806984297
2024_309,2024,304449.75,2703020.54,康芮颱風,降雨,0.677066350757
2024_310,2024,287966.72,2704708.66,凱米颱風,降雨,0.605997810578
2024_311,2024,305837.89,2707672.74,康芮颱風,降雨,1.28078764627
2024_312,2024,307081.88,2707582.93,康芮颱風,降雨,0.551322387809
2024_313,2024,335826.38,2708374.92,凱米颱風,降雨,2.10529317227
2024_314,2024,311415.53,2709387.59,凱米颱風,降雨,0.547877236592
2024_315,2024,308511.84,2709723.6,凱米颱風,降雨,0.512347610239
2024_316,2024,336011.52,2709877.09,凱米颱風,降雨,0.550685836916
2024_317,2024,315598.1,2714093.21,凱米颱風,降雨,0.633802815257
2024_318,2024,291181.69,2714696.32,康芮颱風,降雨,2.38022740722
2024_319,2024,318442.55,2715069.4,康芮颱風,降雨,2.12394217145
2024_320,2024,315569.55,2716241.05,康芮颱風,降雨,1.74430369956
2024_321,2024,291416.06,2717176.25,康芮颱風,降雨,0.60526369765
2024_322,2024,291980.7,2717230.93,康芮颱風,降雨,0.735521974287
2024_323,2024,307374.99,2717600.75,康芮颱風,降雨,1.72307235116
2024_324,2024,319656.82,2717743.8,康芮颱風,降雨,0.695214611365
2024_325,2024,309617.38,2718554.35,凱米颱風,降雨,1.28098331975
2024_326,2024,295063.22,2718676.51,康芮颱風,降雨,1.32298777364
2024_327,2024,304252.43,2719192.9,康芮颱風,降雨,0.674396554844
2024_328,2024,295183.51,2719312.03,康芮颱風,降雨,2.97265129353
2024_329,2024,294155.3,2719383.56,康芮颱風,降雨,1.46342188802
2024_330,2024,265150.64,2587049.25,康芮颱風,降雨,8.83789432196
2024_331,2024,265288.39,2587562.87,康芮颱風,降雨,7.66639592859
2024_332,2024,226358.7,2538937.01,凱米颱風,降雨,0.960484692163
2024_333,2024,236314.57,2591176.43,康芮颱風,降雨,1.97433272611
2024_334,2024,309847.3,2676798.66,0403花蓮地震,地震,0.587685068729
2024_335,2024,342772.03,2779708.9,山陀兒颱風,降雨,0.805418036262
2024_336,2024,275655.82,2708225.82,康芮颱風,降雨,0.144976800707
2024_337,2024,293603.43,2718453.58,康芮颱風,降雨,2.30005236836
2024_338,2024,276372.71,2682416.17,康芮颱風,降雨,2.14466917927
2024_339,2024,302930.67,2700574.89,康芮颱風,降雨,1.67519129816
2024_340,2024,306209.61,2699236.62,康芮颱風,降雨,1.51522239068
2024_341,2024,305703.98,2695925.41,康芮颱風,降雨,1.31018567593
2024_342,2024,292444.85,2719197.75,康芮颱風,降雨,1.38501551691
2024_343,2024,300321.85,2699543.59,康芮颱風,降雨,1.18010357305
2024_344,2024,292909.67,2719259.97,康芮颱風,降雨,1.32002092039
2024_345,2024,293395.59,2716195.89,康芮颱風,降雨,0.910019006813
2024_346,2024,295241.17,2715790.71,康芮颱風,降雨,0.820031417664
2024_347,2024,303353.1,2701115.24,康芮颱風,降雨,0.860101850401
2024_348,2024,293427.99,2719214.81,康芮颱風,降雨,0.715014477821
2024_349,2024,294475.07,2718962.64,康芮颱風,降雨,0.780024406908
2024_350,2024,293042.06,2702255.86,康芮颱風,降雨,0.825012349863
2024_351,2024,305917.53,2699054.11,康芮颱風,降雨,0.765110232945
2024_352,2024,293553.98,2719372.41,康芮颱風,降雨,0.735016911847
2024_353,2024,309552.19,2691785.45,康芮颱風,降雨,0.655117279482
2024_354,2024,299826.34,2706605.92,康芮颱風,降雨,0.710059430355
2024_355,2024,300105.13,2700096.4,康芮颱風,降雨,0.610052495882
2024_356,2024,302289.93,2700000.04,康芮颱風,降雨,0.620067416559
2024_357,2024,294855.95,2718188.3,康芮颱風,降雨,0.555019709964
2024_358,2024,311140.66,2687097.08,康芮颱風,降雨,0.53510458076
2024_359,2024,300169.82,2697787.65,康芮颱風,降雨,0.535045853534
2024_360,2024,294404.32,2713978.87,康芮颱風,降雨,0.52501571447
2024_361,2024,310833.5,2698555.68,康芮颱風,降雨,0.445086060806
2024_362,2024,310945.51,2700471.98,康芮颱風,降雨,0.445086631962
2024_363,2024,306420.35,2699297.9,康芮颱風,降雨,0.415061766319
2024_364,2024,300035.03,2697748.71,康芮颱風,降雨,0.460038778243
2024_365,2024,302255.37,2697659.9,康芮颱風,降雨,0.485052060272
2024_366,2024,298539.97,2699932.01,康芮颱風,降雨,0.435030925766
2024_367,2024,300574.84,2701307.05,康芮颱風,降雨,0.370033861067
2024_368,2024,292681.26,2719267.9,康芮颱風,降雨,0.42500598172
2024_369,2024,298907.34,2698740.82,康芮颱風,降雨,0.330024658943
2024_370,2024,301132.38,2701314.49,康芮颱風,降雨,0.315030458419
2024_371,2024,309521.53,2699974.85,康芮颱風,降雨,0.350063638377
2024_372,2024,305928.44,2707712.23,康芮颱風,降雨,0.345050023837
2024_373,2024,302571.32,2700743.85,康芮颱風,降雨,0.305034391254
2024_374,2024,292019.0,2719255.62,康芮颱風,降雨,0.355002325362
2024_375,2024,302120.92,2700829.61,康芮颱風,降雨,0.330035262902
2024_376,2024,294413.22,2718739.94,康芮颱風,降雨,0.320010268284
2024_377,2024,291699.71,2720322.06,康芮颱風,降雨,0.270001382264
2024_378,2024,299043.63,2700263.96,康芮颱風,降雨,0.285021225176
2024_379,2024,303952.34,2691642.38,康芮颱風,降雨,0.29003584602
2024_380,2024,276375.13,2682034.24,康芮颱風,降雨,0.319950772142
2024_381,2024,295114.57,2718107.89,康芮颱風,降雨,0.260009539564
2024_382,2024,299467.3,2700638.77,康芮颱風,降雨,0.255020787549
2024_383,2024,294076.02,2715587.11,康芮颱風,降雨,0.305008304909
2024_384,2024,310331.14,2699295.41,康芮颱風,降雨,0.220041456124
2024_385,2024,293267.63,2716134.2,康芮颱風,降雨,0.265005212171
2024_386,2024,309689.89,2698529.94,康芮颱風,降雨,0.260047301249
2024_387,2024,291818.86,2720175.35,康芮颱風,降雨,0.205001313047
2024_388,2024,303167.1,2690865.95,康芮颱風,降雨,0.150017616522
2024_389,2024,312016.0,2691866.7,康芮颱風,降雨,0.200040835647
2024_390,2024,293399.92,2719976.52,康芮颱風,降雨,0.165003312482
2024_391,2024,293857.56,2718406.82,康芮颱風,降雨,0.200005053283
2024_392,2024,294270.45,2718268.88,康芮颱風,降雨,0.160004471857
2024_393,2024,301380.15,2701309.07,康芮颱風,降雨,0.150014643572
2024_394,2024,310030.44,2700658.12,康芮颱風,降雨,0.165030652801
2024_395,2024,294789.26,2715627.57,康芮颱風,降雨,0.160005506462
2024_396,2024,309648.09,2698452.99,康芮颱風,降雨,0.170030789843
2024_397,2024,291972.22,2719965.85,康芮颱風,降雨,0.140000888779
2024_398,2024,298416.3,2699582.68,康芮颱風,降雨,0.130008891016
2024_399,2024,301057.4,2701420.02,康芮颱風,降雨,0.150014343592
2024_400,2024,291492.6,2720315.02,康芮颱風,降雨,0.135000498416
2024_401,2024,292309.06,2719034.6,康芮颱風,降雨,0.135001017129
2024_402,2024,309492.36,2699815.21,康芮颱風,降雨,0.120021571142
2024_403,2024,303187.59,2691002.01,康芮颱風,降雨,0.120013915095
2024_404,2024,300189.49,2714760.42,康芮颱風,降雨,0.110009826453
2024_405,2024,303338.51,2700660.95,康芮颱風,降雨,0.120014332895
2024_406,2024,295511.09,2718051.29,康芮颱風,降雨,0.105004577763
2024_407,2024,292080.71,2719160.8,康芮颱風,降雨,0.115000750326
2024_408,2024,299072.66,2700167.16,康芮颱風,降雨,0.110008192968
2024_409,2024,295007.76,2715784.2,康芮颱風,降雨,0.100003437374
2024_410,2024,309472.66,2699910.02,康芮颱風,降雨,0.10001820952
2024_411,2024,303971.75,2707968.53,康芮颱風,降雨,0.105013219988
2024_412,2024,313905.55,2696303.1,康芮颱風,降雨,0.100022406893
2024_413,2024,280584.99,2647005.22,康芮颱風,降雨,0.829904018443
2024_414,2024,299782.47,2675269.71,康芮颱風,降雨,0.765061718527
2024_415,2024,301900.23,2675011.47,康芮颱風,降雨,0.725073660035
2024_416,2024,297051.13,2670750.59,康芮颱風,降雨,0.695036447283
2024_417,2024,289414.87,2673616.55,康芮颱風,降雨,0.654984119404
2024_418,2024,280577.1,2647159.39,康芮颱風,降雨,0.649924644207
2024_419,2024,284774.03,2663038.69,康芮颱風,降雨,0.54996068518
2024_420,2024,295759.28,2672556.87,康芮颱風,降雨,0.540021030314
2024_421,2024,291198.77,2667133.74,康芮颱風,降雨,0.50999622007
2024_422,2024,297694.48,2690066.08,康芮颱風,降雨,0.430026407022
2024_423,2024,285325.85,2647838.3,康芮颱風,降雨,0.509965017372
2024_424,2024,283149.24,2652781.58,康芮颱風,降雨,0.44496013805
2024_425,2024,285950.25,2662659.55,康芮颱風,降雨,0.434973838718
2024_426,2024,298395.67,2688642.66,康芮颱風,降雨,0.395026394492
2024_427,2024,279643.19,2658361.56,康芮颱風,降雨,0.309961610849
2024_428,2024,285282.33,2675593.46,康芮颱風,降雨,0.359976802232
2024_429,2024,284670.16,2647771.94,康芮颱風,降雨,0.309976690247
2024_430,2024,288044.6,2673945.78,康芮颱風,降雨,0.324987511139
2024_431,2024,275570.15,2636217.03,康芮颱風,降雨,0.29495004632
2024_432,2024,299133.48,2675394.51,康芮颱風,降雨,0.29002151978
2024_433,2024,303292.58,2676171.33,康芮颱風,降雨,0.300034347667
2024_434,2024,281300.11,2657556.81,康芮颱風,降雨,0.284969520802
2024_435,2024,298028.31,2690766.27,康芮颱風,降雨,0.230015053649
2024_436,2024,274396.42,2671301.35,康芮颱風,降雨,0.254955368346
2024_437,2024,274658.71,2633326.68,康芮颱風,降雨,0.229959423779
2024_438,2024,302840.13,2675873.09,康芮颱風,降雨,0.230025263964
2024_439,2024,278257.95,2636270.27,康芮颱風,降雨,0.239966306565
2024_440,2024,283326.3,2653140.16,康芮颱風,降雨,0.234979022936
2024_441,2024,290356.01,2668076.69,康芮颱風,降雨,0.234996617286
2024_442,2024,291921.85,2686586.98,康芮颱風,降雨,0.175000436339
2024_443,2024,278253.28,2636365.9,康芮颱風,降雨,0.219969028396
2024_444,2024,288605.77,2674899.89,康芮颱風,降雨,0.239991826725
2024_445,2024,295576.13,2692292.16,康芮颱風,降雨,0.215008648257
2024_446,2024,247306.71,2667969.11,康芮颱風,降雨,0.22489910279
2024_447,2024,290103.36,2667446.4,康芮颱風,降雨,0.219996094153
2024_448,2024,280080.93,2647544.28,康芮颱風,降雨,0.199975568362
2024_449,2024,282829.23,2654769.75,康芮颱風,降雨,0.179983292003
2024_450,2024,294234.03,2672683.56,康芮颱風,降雨,0.190004691735
2024_451,2024,285181.25,2670010.3,康芮颱風,降雨,0.199986555943
2024_452,2024,285395.8,2675766.61,康芮颱風,降雨,0.184988201857
2024_453,2024,287252.45,2670613.08,康芮颱風,降雨,0.124994236758
2024_454,2024,285401.86,2675676.02,康芮颱風,降雨,0.16998893141
2024_455,2024,298121.74,2670881.67,康芮颱風,降雨,0.160009869898
2024_456,2024,279899.3,2658197.33,康芮颱風,降雨,0.154981379974
2024_457,2024,287809.8,2670022.24,康芮颱風,降雨,0.14499404821
2024_458,2024,295648.57,2671458.26,康芮颱風,降雨,0.145005676292
2024_459,2024,292543.42,2687499.7,康芮颱風,降雨,0.170001524525
2024_460,2024,294562.62,2686415.65,康芮颱風,降雨,0.150004418254
2024_461,2024,294912.41,2687456.09,康芮颱風,降雨,0.160005106243
2024_462,2024,286051.23,2648057.91,康芮颱風,降雨,0.164989705398
2024_463,2024,277665.05,2637562.12,康芮颱風,降雨,0.149978025351
2024_464,2024,279813.86,2646188.78,康芮颱風,降雨,0.144982157284
2024_465,2024,303722.75,2676048.15,康芮颱風,降雨,0.115013933717
2024_466,2024,299015.89,2689803.3,康芮颱風,降雨,0.155011376388
2024_467,2024,297507.12,2691925.5,康芮颱風,降雨,0.140008063541
2024_468,2024,279833.15,2658325.58,康芮颱風,降雨,0.109986486588
2024_469,2024,280220.29,2647413.7,康芮颱風,降雨,0.12998457258
2024_470,2024,280851.82,2646497.42,康芮颱風,降雨,0.139984260757
2024_471,2024,288807.57,2677191.68,康芮颱風,降雨,0.114996602978
2024_472,2024,298819.6,2675788.72,康芮颱風,降雨,0.140009844247
2024_473,2024,284795.13,2662762.6,康芮颱風,降雨,0.129990957091
2024_474,2024,282106.55,2670521.88,康芮颱風,降雨,0.184740194647
2024_475,2024,296018.55,2680568.53,康芮颱風,降雨,0.120005135497
2024_476,2024,284986.76,2647628.38,康芮颱風,降雨,0.129990625935
2024_477,2024,292189.23,2687618.9,康芮颱風,降雨,0.125000540399
2024_478,2024,294952.6,2687893.76,康芮颱風,降雨,0.115003679339
2024_479,2024,296000.88,2680646.92,康芮颱風,降雨,0.115005060141
2024_480,2024,298659.27,2688693.61,康芮颱風,降雨,0.120008476588
2024_481,2024,292225.82,2686938.83,康芮颱風,降雨,0.110000884133
2024_482,2024,288768.0,2677484.26,康芮颱風,降雨,0.10999672903
2024_483,2024,283287.08,2652692.79,康芮颱風,降雨,0.104990889603
2024_484,2024,281103.77,2652636.84,康芮颱風,降雨,0.104988288574
2024_485,2024,298142.9,2690735.33,康芮颱風,降雨,0.100006525347
2024_486,2024,281416.78,2647859.52,康芮颱風,降雨,0.104988716201
2024_487,2024,286083.74,2648123.82,康芮颱風,降雨,0.109993120975
2024_488,2024,297577.26,2672913.74,康芮颱風,降雨,0.100005969501
2024_489,2024,238146.72,2534044.93,山陀兒颱風,降雨,0.779563232264
2024_490,2024,227863.19,2508665.64,山陀兒颱風,降雨,0.684543122422
2024_491,2024,225670.83,2509458.23,山陀兒颱風,降雨,0.329772235658
2024_492,2024,231038.0,2528367.55,山陀兒颱風,降雨,0.244844643422
2024_493,2024,223802.6,2536789.63,康芮颱風,降雨,0.349753381132
2024_494,2024,225921.5,2509428.72,山陀兒颱風,降雨,0.249828223036
2024_495,2024,243656.1,2545626.22,山陀兒颱風,降雨,0.254872069219
2024_496,2024,224510.23,2539633.45,康芮颱風,降雨,0.259818759317
2024_497,2024,226305.42,2517748.81,山陀兒颱風,降雨,0.274812216157
2024_498,2024,223735.66,2536756.89,康芮颱風,降雨,0.20985199339
2024_499,2024,235766.53,2516346.89,山陀兒颱風,降雨,0.244856275997
2024_500,2024,227311.98,2517099.0,山陀兒颱風,降雨,0.254828340682
2024_501,2024,222410.44,2517734.51,山陀兒颱風,降雨,0.19485935828
2024_502,2024,237607.73,2560285.9,康芮颱風,降雨,0.219876254441
2024_503,2024,228355.06,2535774.27,康芮颱風,降雨,0.194871690973
2024_504,2024,236773.63,2513720.14,山陀兒颱風,降雨,0.209879016997
2024_505,2024,224310.07,2539439.25,康芮颱風,降雨,0.144898815535
2024_506,2024,224941.6,2509892.74,山陀兒颱風,降雨,0.169881613568
2024_507,2024,223733.88,2518386.34,山陀兒颱風,降雨,0.174875971731
2024_508,2024,234055.96,2538739.76,康芮颱風,降雨,0.144913090509
2024_509,2024,224429.28,2563191.51,康芮颱風,降雨,0.149895885014
2024_510,2024,224083.71,2511190.84,山陀兒颱風,降雨,0.164883831562
2024_511,2024,230000.88,2566990.56,康芮颱風,降雨,0.159897949372
2024_512,2024,227937.75,2515640.16,山陀兒颱風,降雨,0.124916784823
2024_513,2024,206229.39,2565827.42,康芮颱風,降雨,0.164855044416
2024_514,2024,248023.91,2528786.54,山陀兒颱風,降雨,3.75215842413
2024_515,2024,246884.71,2531420.9,山陀兒颱風,降雨,0.149929258231
2024_516,2024,204717.36,2566118.04,康芮颱風,降雨,0.124888519345
2024_517,2024,245812.82,2531218.11,山陀兒颱風,降雨,0.109946978332
2024_518,2024,236162.31,2523421.4,山陀兒颱風,降雨,0.144915633322
2024_519,2024,233814.97,2539083.8,康芮颱風,降雨,0.104936675903
2024_520,2024,206811.55,2583841.24,康芮颱風,降雨,0.144874264071
2024_521,2024,223255.86,2518645.49,山陀兒颱風,降雨,0.114918166859
2024_522,2024,225844.5,2541994.61,康芮颱風,降雨,0.11492153193
2024_523,2024,251264.98,2555938.94,山陀兒颱風,降雨,0.109953502722
2024_524,2024,221082.71,2516541.59,山陀兒颱風,降雨,0.114915679482
2024_525,2024,230859.57,2560158.17,康芮颱風,降雨,0.10493353617
2024_526,2024,234803.52,2564173.04,康芮颱風,降雨,0.134920309568
2024_527,2024,225816.48,2542074.61,康芮颱風,降雨,0.109924852823
2024_528,2024,224318.2,2537359.82,康芮颱風,降雨,0.114919562632
2024_529,2024,232167.96,2558489.84,康芮颱風,降雨,0.114928988645
2024_530,2024,234690.03,2564201.29,康芮颱風,降雨,0.114932130088
2024_531,2024,239260.4,2544915.0,康芮颱風,降雨,0.104942714279
2024_532,2024,224757.62,2508905.91,康芮颱風,降雨,0.104926348862
2024_533,2024,235287.24,2484703.95,山陀兒颱風,降雨,0.694585399378
2024_534,2024,237963.09,2498227.11,山陀兒颱風,降雨,0.304826919379
2024_535,2024,218070.75,2484266.22,山陀兒颱風,降雨,0.194849525973
2024_536,2024,241512.92,2501163.19,山陀兒颱風,降雨,0.174907094365
2024_537,2024,292858.72,2719651.57,康芮颱風,降雨,7.08011129675
2024_538,2024,302458.8,2699670.14,康芮颱風,降雨,0.560061457026
2024_539,2024,302299.02,2699835.59,康芮颱風,降雨,3.74040318118
2024_540,2024,302094.11,2699868.42,康芮颱風,降雨,0.18502004321
2024_541,2024,310331.88,2700214.69,康芮颱風,降雨,1.06520034997
2024_542,2024,310503.17,2700239.95,康芮颱風,降雨,1.94536947229
2024_543,2024,294697.88,2718275.72,康芮颱風,降雨,0.495016916269
2024_544,2024,294689.23,2718394.38,康芮颱風,降雨,0.170005824343
2024_545,2024,294667.12,2718472.84,康芮颱風,降雨,0.185006185478
2024_546,2024,294688.12,2718555.78,康芮颱風,降雨,0.685023092973
2024_547,2024,294579.42,2718601.55,康芮颱風,降雨,0.490016333897
2024_548,2024,301621.41,2699583.41,康芮颱風,降雨,0.720073478243
2024_549,2024,301848.39,2699633.58,康芮颱風,降雨,0.480049709094
2024_550,2024,301745.85,2699724.34,康芮颱風,降雨,0.525053982965
2024_551,2024,294372.23,2719706.17,康芮颱風,降雨,0.130004022074
2024_552,2024,294215.48,2719777.09,康芮颱風,降雨,1.48004313002
2024_553,2024,299463.84,2714617.91,康芮颱風,降雨,0.740060506881
2024_554,2024,299553.07,2714710.45,康芮颱風,降雨,0.125010025979
2024_555,2024,307696.45,2698212.33,康芮颱風,降雨,0.630101895478
2024_556,2024,307619.32,2698251.95,康芮颱風,降雨,0.165026795171
2024_557,2024,293429.16,2719729.98,康芮颱風,降雨,0.28500602917
2024_558,2024,293388.12,2719849.48,康芮颱風,降雨,0.570011807635
2024_559,2024,294197.9,2719082.57,康芮颱風,降雨,0.57501688657
2024_560,2024,301037.65,2701290.0,康芮颱風,降雨,0.550051947839
2024_561,2024,294498.38,2719391.29,康芮颱風,降雨,0.465014822535
2024_562,2024,293143.43,2719467.69,康芮颱風,降雨,0.415007828937
2024_563,2024,299203.45,2700541.05,康芮颱風,降雨,0.315024525587
2024_564,2024,305021.91,2701468.38,康芮颱風,降雨,0.300040843115
2024_565,2024,311236.27,2699766.57,康芮颱風,降雨,0.305060058105
2024_566,2024,310416.25,2699380.95,康芮颱風,降雨,0.320060709864
2024_567,2024,300221.14,2700191.25,康芮颱風,降雨,0.190016791049
2024_568,2024,299953.7,2697673.25,康芮颱風,降雨,0.155013052621
2024_569,2024,292439.43,2719604.37,康芮颱風,降雨,0.200002387662
2024_570,2024,302651.38,2699775.13,康芮颱風,降雨,0.115012780263
2024_571,2024,292290.94,2719672.08,康芮颱風,降雨,0.130001524488
2024_572,2024,301766.97,2697247.13,康芮颱風,降雨,0.135014092219
2024_573,2024,311033.93,2700316.17,康芮颱風,降雨,0.10001971023
2024_574,2024,300577.25,2699090.0,康芮颱風,降雨,0.105009435133
2024_575,2024,281204.42,2657923.58,康芮颱風,降雨,0.104988513814
2024_576,2024,282454.66,2656791.42,康芮颱風,降雨,0.119988632819
2024_577,2024,294608.33,2687184.61,康芮颱風,降雨,0.305008704951
2024_578,2024,285181.52,2676757.94,康芮颱風,降雨,0.189987355234
2024_579,2024,287776.85,2673913.25,康芮颱風,降雨,0.174992913351
2024_580,2024,301048.59,2674718.0,康芮颱風,降雨,0.130012329801
2024_581,2024,271052.44,2632596.71,康芮颱風,降雨,0.399914143084
2024_582,2024,273159.62,2637631.44,康芮颱風,降雨,0.249951993173
2024_583,2024,257191.36,2632422.81,康芮颱風,降雨,0.13495239323
2024_584,2024,235842.84,2566359.5,康芮颱風,降雨,1.15932910283
2024_585,2024,221233.82,2567775.78,康芮颱風,降雨,0.174872720168
2024_586,2024,240315.7,2545457.27,山陀兒颱風,降雨,0.254863321618
2024_587,2024,224604.13,2508883.72,山陀兒颱風,降雨,0.289796359835
2024_588,2024,224334.13,2510501.63,山陀兒颱風,降雨,0.289795921322
2024_589,2024,243513.2,2545660.53,山陀兒颱風,降雨,0.229883807786
2024_590,2024,223309.0,2518488.78,山陀兒颱風,降雨,0.174874975555
2024_591,2024,228070.25,2515328.36,山陀兒颱風,降雨,0.109926846996
2024_592,2024,204279.17,2566292.93,康芮颱風,降雨,0.119892077871
2024_593,2024,221030.91,2538092.15,康芮颱風,降雨,0.104923121472
2024_594,2024,278071.54,2636326.79,康芮颱風,降雨,0.917099565504
2024_595,2024,238828.07,2532714.37,山陀兒颱風,降雨,0.492253094726
2024_596,2024,224911.37,2481570.42,凱米颱風,降雨,0.301922607843
2024_597,2024,224217.8,2459549.33,山陀兒颱風,降雨,0.333035379867
2024_598,2024,221950.63,2469455.44,山陀兒颱風,降雨,0.34777907167
2024_599,2024,232636.39,2484302.79,0629豪雨,降雨,0.481606058514
2024_600,2024,224819.06,2487554.04,凱米颱風,降雨,0.483764121635
2024_601,2024,225376.18,2491678.38,凱米颱風,降雨,0.369641092002
2024_602,2024,243705.57,2495112.68,山陀兒颱風,降雨,0.330847302029
2024_603,2024,218943.52,2495592.81,凱米颱風,降雨,0.315486991287
2024_604,2024,234370.18,2496368.24,凱米颱風,降雨,0.336063992489
2024_605,2024,238961.36,2499358.18,山陀兒颱風,降雨,0.451388881503
2024_606,2024,228911.13,2499893.56,凱米颱風,降雨,0.310610892223
2024_607,2024,235133.45,2500911.17,凱米颱風,降雨,0.428404601958
2024_608,2024,229635.08,2503785.42,凱米颱風,降雨,0.446338899695
2024_609,2024,224605.41,2505556.79,凱米颱風,降雨,0.376992127276
2024_610,2024,241161.05,2505701.22,山陀兒颱風,降雨,0.334922959054
2024_611,2024,222517.78,2505753.3,凱米颱風,降雨,0.348327630437
2024_612,2024,225883.24,2506017.53,凱米颱風,降雨,0.466517226563
2024_613,2024,219938.83,2506243.65,凱米颱風,降雨,0.347604041049
2024_614,2024,220534.49,2506319.03,凱米颱風,降雨,0.338736364684
2024_615,2024,241741.42,2506479.63,山陀兒颱風,降雨,0.379546190385
2024_616,2024,247167.63,2506695.21,山陀兒颱風,降雨,0.415927074235
2024_617,2024,240265.03,2507869.81,山陀兒颱風,降雨,0.450207136755
2024_618,2024,246559.73,2508287.88,山陀兒颱風,降雨,0.315889113257
2024_619,2024,244823.09,2508598.75,山陀兒颱風,降雨,0.312612769033
2024_620,2024,243045.09,2513262.15,山陀兒颱風,降雨,0.34114173492
2024_621,2024,246960.42,2514358.94,凱米颱風,降雨,0.353942039828
2024_622,2024,219620.48,2517300.87,凱米颱風,降雨,0.419830053326
2024_623,2024,220042.37,2520653.65,凱米颱風,降雨,0.327424886867
2024_624,2024,222258.57,2521092.96,凱米颱風,降雨,0.421101482223
2024_625,2024,225209.07,2524324.21,凱米颱風,降雨,0.335915514568
2024_626,2024,219525.53,2525061.91,凱米颱風,降雨,0.390762638965
2024_627,2024,227087.37,2526485.3,凱米颱風,降雨,0.437955410271
2024_628,2024,218196.83,2527846.97,凱米颱風,降雨,0.330974741796
2024_629,2024,222043.92,2529048.95,凱米颱風,降雨,0.474950561602
2024_630,2024,238375.12,2532963.25,凱米颱風,降雨,0.406551626775
2024_631,2024,219853.37,2533061.09,凱米颱風,降雨,0.362345495297
2024_632,2024,225047.53,2533964.38,凱米颱風,降雨,0.480916199917
2024_633,2024,221123.57,2535272.08,凱米颱風,降雨,0.323154782945
2024_634,2024,214882.46,2535893.5,凱米颱風,降雨,0.405058245273
2024_635,2024,217543.11,2535878.78,凱米颱風,降雨,0.470695712072
2024_636,2024,218275.3,2537082.89,凱米颱風,降雨,0.420941295108
2024_637,2024,222232.55,2537419.9,凱米颱風,降雨,0.347944707832
2024_638,2024,254102.58,2538202.82,山陀兒颱風,降雨,0.400592071359
2024_639,2024,219600.01,2539303.47,凱米颱風,降雨,0.305436109139
2024_640,2024,221365.16,2540351.18,凱米颱風,降雨,0.322405218857
2024_641,2024,218689.89,2540924.52,凱米颱風,降雨,0.314037858324
2024_642,2024,218631.51,2541656.15,凱米颱風,降雨,0.410001406674
2024_643,2024,211473.84,2542488.65,凱米颱風,降雨,0.302354166437
2024_644,2024,218934.9,2544085.71,凱米颱風,降雨,0.367182857654
2024_645,2024,220195.7,2544200.87,凱米颱風,降雨,0.488823787217
2024_646,2024,220415.92,2546226.62,凱米颱風,降雨,0.32802747784
2024_647,2024,221254.33,2546347.62,凱米颱風,降雨,0.396711047592
2024_648,2024,251026.01,2547975.95,凱米颱風,降雨,0.428117935032
2024_649,2024,212509.15,2548768.86,凱米颱風,降雨,0.476190352006
2024_650,2024,224522.32,2551207.62,凱米颱風,降雨,0.338873545676
2024_651,2024,224523.81,2551449.32,凱米颱風,降雨,0.468778226892
2024_652,2024,236676.01,2552884.85,凱米颱風,降雨,0.355127135747
2024_653,2024,218814.11,2553434.6,凱米颱風,降雨,0.435897810094
2024_654,2024,222492.89,2553436.97,凱米颱風,降雨,0.399616358087
2024_655,2024,240790.93,2555700.16,凱米颱風,降雨,0.462345080388
2024_656,2024,219530.58,2555728.66,凱米颱風,降雨,0.392854774938
2024_657,2024,216145.22,2555822.84,凱米颱風,降雨,0.400219243602
2024_658,2024,225740.02,2557063.92,凱米颱風,降雨,0.327167205097
2024_659,2024,232312.0,2557626.19,0629豪雨,降雨,0.389604929784
2024_660,2024,215194.48,2557930.82,凱米颱風,降雨,0.360879577814
2024_661,2024,245442.55,2558518.72,凱米颱風,降雨,0.408945048337
2024_662,2024,223932.02,2558739.25,凱米颱風,降雨,0.314601310574
2024_663,2024,219836.23,2558764.16,凱米颱風,降雨,0.308459240157
2024_664,2024,228389.31,2561424.17,凱米颱風,降雨,0.41619424329
2024_665,2024,228851.21,2563545.46,凱米颱風,降雨,0.344993542777
2024_666,2024,225855.52,2563915.81,凱米颱風,降雨,0.40532895668
2024_667,2024,222891.13,2564380.97,凱米颱風,降雨,0.315105300448
2024_668,2024,216050.24,2565520.41,凱米颱風,降雨,0.340579487496
2024_669,2024,205448.72,2565795.91,凱米颱風,降雨,0.43946633062
2024_670,2024,225394.75,2566263.83,凱米颱風,降雨,0.347266774144
2024_671,2024,231201.12,2568886.15,凱米颱風,降雨,0.356713969643
2024_672,2024,214196.96,2571162.11,凱米颱風,降雨,0.489075675261
2024_673,2024,227107.16,2571913.05,凱米颱風,降雨,0.429388602514
2024_674,2024,217462.87,2574386.07,凱米颱風,降雨,0.418408958032
2024_675,2024,224321.21,2575928.72,凱米颱風,降雨,0.414255850966
2024_676,2024,222242.91,2576499.11,凱米颱風,降雨,0.363589963524
2024_677,2024,213389.94,2579258.25,凱米颱風,降雨,0.424437370276
2024_678,2024,210059.69,2581036.63,凱米颱風,降雨,0.305121805504
2024_679,2024,212566.34,2581889.82,凱米颱風,降雨,0.318556458578
2024_680,2024,220979.41,2582715.97,凱米颱風,降雨,0.328604252658
2024_681,2024,221536.94,2582750.71,凱米颱風,降雨,0.354342208849
2024_682,2024,221906.27,2583794.55,凱米颱風,降雨,0.440925294493
2024_683,2024,216633.21,2583799.1,凱米颱風,降雨,0.460728169187
2024_684,2024,221054.64,2585399.27,凱米颱風,降雨,0.403293779659
2024_685,2024,219034.42,2585485.01,凱米颱風,降雨,0.453856303798
2024_686,2024,221960.24,2585867.2,凱米颱風,降雨,0.313094897712
2024_687,2024,218236.09,2586235.95,凱米颱風,降雨,0.398890031384
2024_688,2024,212546.91,2589508.2,凱米颱風,降雨,0.469540674424
2024_689,2024,222335.65,2592395.93,凱米颱風,降雨,0.350830940976
2024_690,2024,224089.33,2595472.51,凱米颱風,降雨,0.480766543466
2024_691,2024,213188.76,2595534.74,凱米颱風,降雨,0.475735267928
2024_692,2024,216949.26,2596012.9,凱米颱風,降雨,0.454037331605
2024_693,2024,217301.93,2596024.69,凱米颱風,降雨,0.466844749317
2024_694,2024,213982.39,2596060.87,凱米颱風,降雨,0.402067885452
2024_695,2024,212592.82,2596231.5,凱米颱風,降雨,0.468388503319
2024_696,2024,226805.54,2598247.18,凱米颱風,降雨,0.308756732301
2024_697,2024,234154.1,2598403.74,凱米颱風,降雨,0.30093695918
2024_698,2024,218579.46,2598377.43,凱米颱風,降雨,0.411871292634
2024_699,2024,209994.0,2598391.07,凱米颱風,降雨,0.398468094807
2024_700,2024,218544.45,2598854.5,0629豪雨,降雨,0.371817626252
2024_701,2024,241513.33,2599898.49,0629豪雨,降雨,0.233599940686
2024_702,2024,227154.58,2600157.49,凱米颱風,降雨,0.485461631114
2024_703,2024,211306.86,2603989.98,凱米颱風,降雨,0.379087900222
2024_704,2024,219147.38,2605356.55,凱米颱風,降雨,0.469262452609
2024_705,2024,218439.46,2606510.53,凱米颱風,降雨,0.345440845463
2024_706,2024,231853.11,2607405.37,凱米颱風,降雨,0.348577754776
2024_707,2024,245279.39,2607763.6,凱米颱風,降雨,0.358737741764
2024_708,2024,242374.55,2608188.92,凱米颱風,降雨,0.352095296718
2024_709,2024,274509.37,2550232.7,凱米颱風,降雨,0.309768853894
2024_710,2024,264719.24,2552623.18,山陀兒颱風,降雨,0.311796177826
2024_711,2024,279598.42,2553546.06,凱米颱風,降雨,0.364670872278
2024_712,2024,276281.83,2600382.96,山陀兒颱風,降雨,0.388521037063
2024_713,2024,220006.75,2613190.1,凱米颱風,降雨,0.31671194964
2024_714,2024,216309.76,2613798.19,凱米颱風,降雨,0.315843319022
2024_715,2024,220272.13,2615638.69,康芮颱風,降雨,0.308695733758
2024_716,2024,226659.74,2615679.12,凱米颱風,降雨,0.392964639638
2024_717,2024,243464.41,2619153.52,凱米颱風,降雨,0.36481996302
2024_718,2024,224861.8,2623418.24,凱米颱風,降雨,0.480864725886
2024_719,2024,252099.1,2627038.04,凱米颱風,降雨,0.472183454743
2024_720,2024,234809.04,2628819.47,凱米颱風,降雨,0.4122678254
2024_721,2024,238554.22,2637368.22,凱米颱風,降雨,0.334396882966
2024_722,2024,220811.87,2639881.69,凱米颱風,降雨,0.440013894174
2024_723,2024,230469.51,2655853.42,凱米颱風,降雨,0.411518760715
2024_724,2024,251039.4,2658815.56,0629豪雨,降雨,0.319029151037
2024_725,2024,232400.79,2663328.22,0629豪雨,降雨,0.357124478339
2024_726,2024,261589.28,2670686.54,0403花蓮地震,地震,0.424710782446
2024_727,2024,260891.44,2680216.76,0403花蓮地震,地震,0.307093573793
2024_728,2024,260235.55,2681922.7,0403花蓮地震,地震,0.333055657649
2024_729,2024,263420.82,2698487.44,凱米颱風,降雨,0.314294955927
2024_730,2024,250783.1,2713533.1,凱米颱風,降雨,0.414227600935
2024_731,2024,278023.44,2611086.99,0403花蓮地震,地震,0.33707921762
2024_732,2024,282485.87,2612223.45,康芮颱風,降雨,0.330075701514
2024_733,2024,284523.59,2614607.21,0403花蓮地震,地震,0.433279608072
2024_734,2024,265436.22,2623040.94,0629豪雨,降雨,0.356137104163
2024_735,2024,303806.17,2624168.5,0403花蓮地震,地震,0.469254753304
2024_736,2024,280336.94,2628415.1,0629豪雨,降雨,0.323180547271
2024_737,2024,280357.48,2628553.11,0629豪雨,降雨,0.37060633592
2024_738,2024,274718.2,2632027.21,0403花蓮地震,地震,0.481664111478
2024_739,2024,275028.79,2635548.02,0629豪雨,降雨,0.354956954163
2024_740,2024,275015.72,2635662.69,0629豪雨,降雨,0.305054738226
2024_741,2024,294345.09,2640634.15,康芮颱風,降雨,0.415610992606
2024_742,2024,293600.07,2641868.56,0403花蓮地震,地震,0.472970086395
2024_743,2024,292754.22,2645668.13,0403花蓮地震,地震,0.690011998477
2024_744,2024,300282.93,2648224.1,0403花蓮地震,地震,0.35739246172
2024_745,2024,291924.76,2654037.48,0403花蓮地震,地震,0.408301955655
2024_746,2024,300089.86,2656195.86,康芮颱風,降雨,0.397756426938
2024_747,2024,292763.25,2659376.99,0403花蓮地震,地震,0.322413014193
2024_748,2024,288469.15,2660284.5,0403花蓮地震,地震,0.324566021836
2024_749,2024,303606.07,2665221.47,0403花蓮地震,地震,0.30577047807
2024_750,2024,301866.21,2666013.89,0403花蓮地震,地震,0.374646672187
2024_751,2024,302663.68,2666882.9,0403花蓮地震,地震,0.432069437782
2024_752,2024,303385.19,2667763.67,康芮颱風,降雨,0.428326666067
2024_753,2024,287885.6,2670080.42,0629豪雨,降雨,0.43737336419
2024_754,2024,295283.44,2671888.92,0403花蓮地震,地震,0.376730721171
2024_755,2024,306866.58,2673565.64,0403花蓮地震,地震,0.385766382761
2024_756,2024,296459.25,2674069.51,凱米颱風,降雨,0.397340021661
2024_757,2024,311875.6,2674262.81,0403花蓮地震,地震,0.385785901096
2024_758,2024,308215.07,2675283.36,0403花蓮地震,地震,0.303374451582
2024_759,2024,297107.6,2675973.21,凱米颱風,降雨,0.327442898721
2024_760,2024,308849.24,2676256.59,康芮颱風,降雨,0.39892194419
2024_761,2024,267918.52,2677236.08,0629豪雨,降雨,0.44411191495
2024_762,2024,308385.11,2683297.48,0629豪雨,降雨,0.416897089318
2024_763,2024,308183.53,2683674.38,康芮颱風,降雨,0.440673707791
2024_764,2024,297270.39,2685040.13,康芮颱風,降雨,0.365699056332
2024_765,2024,297033.32,2685023.9,康芮颱風,降雨,0.36060481838
2024_766,2024,315645.79,2686672.63,0629豪雨,降雨,1.44997477831
2024_767,2024,294989.82,2687374.39,0629豪雨,降雨,0.478160660049
2024_768,2024,311839.42,2689012.09,康芮颱風,降雨,0.387233471091
2024_769,2024,309004.75,2689183.19,康芮颱風,降雨,0.316145680632
2024_770,2024,306667.7,2689685.18,康芮颱風,降雨,0.318714685772
2024_771,2024,307145.24,2689999.83,康芮颱風,降雨,0.461960574461
2024_772,2024,297641.29,2690084.2,康芮颱風,降雨,0.305658837489
2024_773,2024,306005.98,2690096.04,康芮颱風,降雨,0.35275664124
2024_774,2024,321612.88,2690317.13,0403花蓮地震,地震,0.347825275132
2024_775,2024,297022.39,2690722.09,康芮颱風,降雨,0.384181346385
2024_776,2024,322242.1,2690881.69,0403花蓮地震,地震,0.307325800026
2024_777,2024,318472.56,2691203.81,0403花蓮地震,地震,0.414401359446
2024_778,2024,273111.66,2692064.85,凱米颱風,降雨,0.382834705118
2024_779,2024,311293.72,2692503.51,康芮颱風,降雨,0.344432610324
2024_780,2024,307778.18,2693067.96,康芮颱風,降雨,0.417442468869
2024_781,2024,308657.06,2693167.02,康芮颱風,降雨,0.417307851978
2024_782,2024,308316.75,2693798.31,康芮颱風,降雨,0.396276860022
2024_783,2024,299342.48,2695145.22,康芮颱風,降雨,0.318657538604
2024_784,2024,318361.82,2696013.7,康芮颱風,降雨,0.378510061115
2024_785,2024,314857.85,2696717.1,康芮颱風,降雨,0.332670066221
2024_786,2024,317357.37,2696758.25,0629豪雨,降雨,0.362709647569
2024_787,2024,303401.75,2697548.75,康芮颱風,降雨,0.323296653898
2024_788,2024,311801.3,2697586.16,康芮颱風,降雨,0.434765577859
2024_789,2024,320741.53,2697789.77,康芮颱風,降雨,0.444070010508
2024_790,2024,299307.89,2698929.0,康芮颱風,降雨,1.40669877428
2024_791,2024,298683.56,2699693.36,康芮颱風,降雨,0.396547223726
2024_792,2024,322979.58,2699845.53,凱米颱風,降雨,0.342858344931
2024_793,2024,286410.51,2700071.29,0629豪雨,降雨,0.442478673301
2024_794,2024,297839.77,2700545.71,康芮颱風,降雨,0.431682123528
2024_795,2024,264086.01,2700614.45,凱米颱風,降雨,0.311118777679
2024_796,2024,270841.69,2704291.62,凱米颱風,降雨,0.397908013573
2024_797,2024,335072.57,2707965.04,凱米颱風,降雨,0.434721670354
2024_798,2024,311979.39,2709203.23,凱米颱風,降雨,0.36789274375
2024_799,2024,336079.52,2709373.05,凱米颱風,降雨,0.495979229924
2024_800,2024,312157.73,2709504.0,凱米颱風,降雨,0.460470536784
2024_801,2024,315803.11,2709861.62,凱米颱風,降雨,0.407631772123
2024_802,2024,308573.92,2709974.36,凱米颱風,降雨,0.32360937612
2024_803,2024,315777.89,2710031.59,凱米颱風,降雨,0.403549586567
2024_804,2024,300468.24,2710498.23,凱米颱風,降雨,0.308838655265
2024_805,2024,324551.65,2712636.73,0403花蓮地震,地震,0.422638010568
2024_806,2024,317354.7,2713598.86,凱米颱風,降雨,0.308218978497
2024_807,2024,317399.18,2713682.0,凱米颱風,降雨,0.384865800244
2024_808,2024,317474.9,2713821.57,凱米颱風,降雨,0.328055291527
2024_809,2024,303461.13,2714050.01,凱米颱風,降雨,0.367804189253
2024_810,2024,324704.1,2714200.45,凱米颱風,降雨,0.33093977866
2024_811,2024,299300.08,2714619.16,凱米颱風,降雨,0.343105258504
2024_812,2024,305508.95,2714681.05,山陀兒颱風,降雨,0.389059586637
2024_813,2024,315989.44,2714883.92,康芮颱風,降雨,0.349498463285
2024_814,2024,305765.31,2714988.63,山陀兒颱風,降雨,0.383444838877
2024_815,2024,300091.5,2715113.01,凱米颱風,降雨,0.396171503488
2024_816,2024,305556.52,2715300.28,凱米颱風,降雨,0.332876918876
2024_817,2024,318311.07,2715636.6,康芮颱風,降雨,0.354521128373
2024_818,2024,309553.6,2715682.55,凱米颱風,降雨,0.361765059527
2024_819,2024,337714.52,2715711.95,0403花蓮地震,地震,0.322203588688
2024_820,2024,293634.79,2715988.34,康芮颱風,降雨,0.307291403667
2024_821,2024,294057.9,2716087.77,康芮颱風,降雨,0.495340540665
2024_822,2024,316395.94,2716221.89,康芮颱風,降雨,0.350129918964
2024_823,2024,309944.39,2716399.93,凱米颱風,降雨,0.397546071428
2024_824,2024,290704.66,2716359.12,康芮颱風,降雨,0.455904414083
2024_825,2024,316874.7,2716571.87,康芮颱風,降雨,0.413536026015
2024_826,2024,322058.2,2716805.2,凱米颱風,降雨,0.358215039653
2024_827,2024,325444.08,2717101.97,康芮颱風,降雨,0.366983872666
2024_828,2024,325504.02,2717281.53,康芮颱風,降雨,0.410075797814
2024_829,2024,295951.46,2718209.24,康芮颱風,降雨,0.398578305128
2024_830,2024,292715.2,2718410.11,康芮颱風,降雨,0.35406547102
2024_831,2024,293840.56,2718432.88,康芮颱風,降雨,0.370644787629
2024_832,2024,294429.02,2719022.28,康芮颱風,降雨,0.335180232353
2024_833,2024,293706.04,2719234.77,康芮颱風,降雨,0.333018095306
2024_834,2024,292980.68,2719299.78,康芮颱風,降雨,0.360893726176
2024_835,2024,310183.79,2721402.26,康芮颱風,降雨,0.302216259589
2024_836,2024,284510.23,2721433.97,凱米颱風,降雨,0.460580634988
2024_837,2024,332707.65,2722218.1,0403花蓮地震,地震,0.31079923242
2024_838,2024,323840.9,2748715.72,凱米颱風,降雨,0.365143420592
2024_839,2024,263971.67,2644966.84,凱米颱風,降雨,0.31820328661
2024_840,2024,264013.69,2683560.77,0403花蓮地震,地震,0.416144245745
2024_841,2024,223929.01,2470434.74,山陀兒颱風,降雨,0.40107221203
2024_842,2024,223915.28,2470528.31,山陀兒颱風,降雨,0.361835430951
2024_843,2024,225253.14,2477150.57,山陀兒颱風,降雨,0.305281207051
2024_844,2024,223313.93,2478633.27,山陀兒颱風,降雨,0.352813088502
2024_845,2024,222832.28,2478584.02,山陀兒颱風,降雨,0.351177060068
2024_846,2024,238257.01,2486722.44,山陀兒颱風,降雨,0.427447701636
2024_847,2024,225850.48,2487272.26,凱米颱風,降雨,0.3829967744
2024_848,2024,225573.54,2487383.25,凱米颱風,降雨,0.409153393702
2024_849,2024,234804.32,2488239.34,山陀兒颱風,降雨,0.438053820862
2024_850,2024,238672.8,2490846.12,山陀兒颱風,降雨,0.327457667938
2024_851,2024,228971.04,2493327.79,凱米颱風,降雨,0.412579639653
2024_852,2024,227922.8,2494869.61,凱米颱風,降雨,0.342401159883
2024_853,2024,235036.22,2495180.79,凱米颱風,降雨,0.329881847037
2024_854,2024,235396.12,2495699.55,凱米颱風,降雨,0.330595295997
2024_855,2024,238592.87,2497159.0,山陀兒颱風,降雨,0.339404415635
2024_856,2024,237367.42,2497324.76,山陀兒颱風,降雨,0.424915132497
2024_857,2024,237247.12,2497293.53,山陀兒颱風,降雨,0.466061933577
2024_858,2024,237509.53,2498335.29,山陀兒颱風,降雨,0.337879057543
2024_859,2024,228111.38,2498610.41,凱米颱風,降雨,0.415666620476
2024_860,2024,218592.71,2498691.98,凱米颱風,降雨,0.30471235678
2024_861,2024,239049.1,2499372.77,山陀兒颱風,降雨,0.322547389164
2024_862,2024,239998.37,2501773.12,山陀兒颱風,降雨,0.449517235257
2024_863,2024,233731.39,2504533.79,凱米颱風,降雨,0.337566583732
2024_864,2024,230207.08,2505685.19,凱米颱風,降雨,0.320015396579
2024_865,2024,224283.21,2505973.37,凱米颱風,降雨,0.418122031486
2024_866,2024,241090.4,2507891.91,山陀兒颱風,降雨,0.411745845136
2024_867,2024,241192.49,2507738.7,山陀兒颱風,降雨,0.358209947938
2024_868,2024,241212.88,2507863.08,山陀兒颱風,降雨,0.38956023714
2024_869,2024,244740.63,2515676.25,凱米颱風,降雨,0.494393534887
2024_870,2024,220218.38,2519575.86,凱米颱風,降雨,0.4215046216
2024_871,2024,249551.39,2520190.68,山陀兒颱風,降雨,0.349900252541
2024_872,2024,244746.02,2523212.31,山陀兒颱風,降雨,0.345082562077
2024_873,2024,221468.08,2524094.14,凱米颱風,降雨,0.310634999218
2024_874,2024,220045.55,2524464.97,凱米颱風,降雨,2.76940695804
2024_875,2024,219268.6,2525022.61,凱米颱風,降雨,0.306816244209
2024_876,2024,215495.54,2525951.16,凱米颱風,降雨,0.475869616899
2024_877,2024,226436.46,2525894.83,凱米颱風,降雨,0.310635291465
2024_878,2024,228051.94,2526199.45,凱米颱風,降雨,0.327399900108
2024_879,2024,222301.65,2527761.49,凱米颱風,降雨,0.436613046016
2024_880,2024,231089.13,2528388.67,凱米颱風,降雨,0.334344612377
2024_881,2024,223122.24,2529329.0,凱米颱風,降雨,0.324274790354
2024_882,2024,240104.41,2532696.69,凱米颱風,降雨,0.375102786427
2024_883,2024,225643.76,2534288.07,凱米颱風,降雨,0.414787267785
2024_884,2024,225696.73,2534177.08,凱米颱風,降雨,0.312984582716
2024_885,2024,250649.9,2534751.43,凱米颱風,降雨,0.314128672053
2024_886,2024,228150.02,2535479.74,凱米颱風,降雨,0.45126464768
2024_887,2024,218936.99,2535632.86,凱米颱風,降雨,0.371332329285
2024_888,2024,233565.57,2536303.47,凱米颱風,降雨,0.390449668313
2024_889,2024,237423.72,2536579.69,凱米颱風,降雨,0.362518806393
2024_890,2024,237739.75,2536556.03,凱米颱風,降雨,0.393998049993
2024_891,2024,224170.48,2537149.99,凱米颱風,降雨,0.443337724838
2024_892,2024,236125.56,2540201.06,凱米颱風,降雨,0.334401147362
2024_893,2024,227579.08,2541034.58,凱米颱風,降雨,0.368877606609
2024_894,2024,225777.0,2540863.34,凱米颱風,降雨,0.351969931913
2024_895,2024,211662.79,2541340.18,凱米颱風,降雨,0.453433445818
2024_896,2024,226821.31,2541542.28,凱米颱風,降雨,0.430693717505
2024_897,2024,237238.93,2542295.29,凱米颱風,降雨,0.475092015569
2024_898,2024,220765.75,2542920.53,凱米颱風,降雨,0.476387845388
2024_899,2024,236931.8,2543906.5,凱米颱風,降雨,0.314926499799
2024_900,2024,238571.59,2543756.82,凱米颱風,降雨,0.361911691823
2024_901,2024,236099.17,2545040.42,凱米颱風,降雨,0.324734569122
2024_902,2024,237160.18,2544342.7,凱米颱風,降雨,0.390089579483
2024_903,2024,236941.18,2544176.5,凱米颱風,降雨,0.381165682571
2024_904,2024,236446.09,2544290.35,凱米颱風,降雨,0.446130751904
2024_905,2024,239043.33,2545475.03,凱米颱風,降雨,0.334247418669
2024_906,2024,221484.0,2546863.47,凱米颱風,降雨,0.30183221358
2024_907,2024,231581.88,2546923.13,0629豪雨,降雨,0.45774255981
2024_908,2024,218705.55,2547604.37,凱米颱風,降雨,0.37822826058
2024_909,2024,214678.94,2548328.68,凱米颱風,降雨,0.480418974759
2024_910,2024,225631.96,2548835.28,凱米颱風,降雨,0.302988660244
2024_911,2024,214537.64,2548995.91,凱米颱風,降雨,0.490102880314
2024_912,2024,215719.5,2549652.97,凱米颱風,降雨,0.363879737671
2024_913,2024,215036.56,2549727.92,凱米颱風,降雨,0.46005986799
2024_914,2024,217634.14,2550640.12,凱米颱風,降雨,0.412767552072
2024_915,2024,225467.18,2553493.82,凱米颱風,降雨,0.371131991129
2024_916,2024,240841.98,2555155.15,凱米颱風,降雨,0.337640651663
2024_917,2024,212770.35,2555220.1,凱米颱風,降雨,0.326948414122
2024_918,2024,226669.81,2556872.45,凱米颱風,降雨,0.40653767635
2024_919,2024,230077.43,2557569.69,凱米颱風,降雨,0.399567522669
2024_920,2024,226714.01,2558592.95,凱米颱風,降雨,0.306827900593
2024_921,2024,230742.9,2560723.97,凱米颱風,降雨,0.349383374365
2024_922,2024,241854.32,2562766.73,凱米颱風,降雨,0.498123255139
2024_923,2024,252696.64,2563878.33,0629豪雨,降雨,0.31329610073
2024_924,2024,243153.01,2564022.36,凱米颱風,降雨,0.463789394074
2024_925,2024,222629.49,2564315.61,凱米颱風,降雨,0.433872515121
2024_926,2024,251840.22,2564451.0,0629豪雨,降雨,0.438295425366
2024_927,2024,238752.59,2565639.18,凱米颱風,降雨,0.338363705376
2024_928,2024,216629.91,2566144.78,凱米颱風,降雨,0.407654863055
2024_929,2024,241054.93,2573484.23,0629豪雨,降雨,0.369416525158
2024_930,2024,221907.7,2577136.69,凱米颱風,降雨,0.405353896803
2024_931,2024,224869.61,2577145.48,凱米颱風,降雨,0.327479597332
2024_932,2024,224632.87,2576911.02,凱米颱風,降雨,0.304883886562
2024_933,2024,225091.52,2578494.11,凱米颱風,降雨,0.359640358716
2024_934,2024,224792.24,2578953.8,凱米颱風,降雨,0.490095855425
2024_935,2024,240248.09,2584083.93,凱米颱風,降雨,0.367537377637
2024_936,2024,229220.88,2586060.02,凱米颱風,降雨,0.30967302886
2024_937,2024,219236.34,2585960.63,凱米颱風,降雨,0.395016498179
2024_938,2024,217101.06,2587628.86,凱米颱風,降雨,0.320639366641
2024_939,2024,232644.62,2587612.08,凱米颱風,降雨,0.306604643773
2024_940,2024,217301.95,2594108.45,凱米颱風,降雨,0.301878506753
2024_941,2024,212775.43,2594414.49,凱米颱風,降雨,0.30321185579
2024_942,2024,224044.64,2595562.88,凱米颱風,降雨,0.472978710103
2024_943,2024,212244.17,2596602.52,凱米颱風,降雨,0.499744640943
2024_944,2024,213587.46,2598493.93,康芮颱風,降雨,0.300183161219
2024_945,2024,213388.43,2598430.0,康芮颱風,降雨,0.387577776232
2024_946,2024,213590.06,2598779.17,康芮颱風,降雨,0.397666412084
2024_947,2024,225523.43,2605021.78,0629豪雨,降雨,0.462727345512
2024_948,2024,225775.62,2605757.73,凱米颱風,降雨,0.322032745517
2024_949,2024,218745.93,2606577.94,凱米颱風,降雨,0.310471178549
2024_950,2024,269625.58,2543425.6,凱米颱風,降雨,0.306121542433
2024_951,2024,281014.43,2555284.57,凱米颱風,降雨,0.384140421415
2024_952,2024,268630.3,2566354.29,山陀兒颱風,降雨,0.306837140858
2024_953,2024,270319.37,2569250.21,凱米颱風,降雨,0.351732890733
2024_954,2024,275472.56,2600714.86,山陀兒颱風,降雨,0.362821463933
2024_955,2024,223216.97,2611079.26,凱米颱風,降雨,0.352691721905
2024_956,2024,225750.6,2611962.65,凱米颱風,降雨,0.373037325423
2024_957,2024,225837.73,2613900.05,凱米颱風,降雨,0.400414851643
2024_958,2024,252703.11,2621630.4,0629豪雨,降雨,0.370918273396
2024_959,2024,225525.53,2625422.1,凱米颱風,降雨,0.324164940698
2024_960,2024,241418.93,2625512.84,凱米颱風,降雨,0.300927772512
2024_961,2024,260624.45,2680179.19,0403花蓮地震,地震,0.452190657734
2024_962,2024,256643.66,2684704.38,0629豪雨,降雨,0.460263279624
2024_963,2024,249094.86,2685597.11,0403花蓮地震,地震,0.302765162667
2024_964,2024,262272.24,2705847.82,凱米颱風,降雨,0.358023225353
2024_965,2024,252686.95,2706961.59,0629豪雨,降雨,0.484218277771
2024_966,2024,248699.07,2709550.57,凱米颱風,降雨,0.352507372769
2024_967,2024,264665.42,2621870.4,0403花蓮地震,地震,0.356993797418
2024_968,2024,308002.97,2629763.62,凱米颱風,降雨,0.345346989157
2024_969,2024,308010.47,2631758.96,凱米颱風,降雨,0.404884776167
2024_970,2024,308131.99,2632752.93,凱米颱風,降雨,0.351058270703
2024_971,2024,293081.39,2641887.62,0403花蓮地震,地震,1.2448494518
2024_972,2024,282701.01,2642226.43,0403花蓮地震,地震,0.333229570526
2024_973,2024,288493.22,2642496.96,0403花蓮地震,地震,3.73439120569
2024_974,2024,282955.81,2645019.02,凱米颱風,降雨,0.357228427243
2024_975,2024,276371.43,2665911.92,康芮颱風,降雨,0.300493439653
2024_976,2024,301099.14,2665914.88,0403花蓮地震,地震,0.322858815243
2024_977,2024,303775.01,2667053.51,0403花蓮地震,地震,0.404231216205
2024_978,2024,302087.06,2665499.16,0403花蓮地震,地震,0.476130192923
2024_979,2024,302327.39,2666036.61,0403花蓮地震,地震,0.334079861185
2024_980,2024,302859.92,2666098.16,0403花蓮地震,地震,0.432966257388
2024_981,2024,284567.89,2670201.13,凱米颱風,降雨,0.349903282154
2024_982,2024,295236.0,2671753.0,0403花蓮地震,地震,0.308809647545
2024_983,2024,305042.66,2674992.43,0403花蓮地震,地震,0.303968444311
2024_984,2024,302620.09,2675229.25,0403花蓮地震,地震,0.370062879785
2024_985,2024,314490.3,2676196.49,0403花蓮地震,地震,0.360544475599
2024_986,2024,296035.89,2675841.12,凱米颱風,降雨,0.313878422036
2024_987,2024,309945.56,2676664.51,0403花蓮地震,地震,0.414784679088
2024_988,2024,306827.61,2677626.99,0403花蓮地震,地震,0.474037352716
2024_989,2024,265541.26,2678651.23,康芮颱風,降雨,0.395596684538
2024_990,2024,297051.08,2679687.5,康芮颱風,降雨,0.450377876298
2024_991,2024,293240.59,2682976.24,康芮颱風,降雨,0.335597294052
2024_992,2024,264762.03,2683997.86,0403花蓮地震,地震,0.345901160509
2024_993,2024,301811.18,2686172.26,康芮颱風,降雨,0.304535635601
2024_994,2024,292052.87,2686340.29,凱米颱風,降雨,0.364907701214
2024_995,2024,292612.54,2687108.39,凱米颱風,降雨,0.443513755894
2024_996,2024,294144.92,2687995.58,康芮颱風,降雨,0.419877536355
2024_997,2024,294226.27,2687950.18,康芮颱風,降雨,0.31273207549
2024_998,2024,265285.38,2689032.8,0629豪雨,降雨,0.406852998453
2024_999,2024,321610.94,2690224.18,0403花蓮地震,地震,0.4493353687
2024_1000,2024,322190.1,2690483.72,0403花蓮地震,地震,0.467718772456
2024_1001,2024,322077.73,2690472.82,0403花蓮地震,地震,0.378792470215
2024_1002,2024,308546.7,2693095.74,康芮颱風,降雨,0.463507390209
2024_1003,2024,328636.63,2693949.09,凱米颱風,降雨,0.328927476352
2024_1004,2024,311702.48,2697812.1,康芮颱風,降雨,0.343764413258
2024_1005,2024,313294.85,2698231.58,康芮颱風,降雨,0.321554034289
2024_1006,2024,299466.24,2699106.9,康芮颱風,降雨,0.364288937895
2024_1007,2024,279412.18,2699843.13,0629豪雨,降雨,0.244793498102
2024_1008,2024,330445.37,2701741.3,凱米颱風,降雨,0.325174829942
2024_1009,2024,305852.56,2702844.33,康芮颱風,降雨,0.400039848755
2024_1010,2024,304922.33,2703139.6,凱米颱風,降雨,0.45140655118
2024_1011,2024,304274.33,2702895.31,凱米颱風,降雨,0.324884227518
2024_1012,2024,304353.99,2703053.73,凱米颱風,降雨,0.345516981248
2024_1013,2024,304155.13,2703309.68,凱米颱風,降雨,0.312193757403
2024_1014,2024,304103.34,2704854.33,凱米颱風,降雨,0.309494900212
2024_1015,2024,309330.98,2705132.21,康芮颱風,降雨,0.333490410389
2024_1016,2024,305934.44,2708369.18,康芮颱風,降雨,0.417377299389
2024_1017,2024,307727.89,2708466.52,康芮颱風,降雨,0.45278985232
2024_1018,2024,312580.27,2709084.41,凱米颱風,降雨,0.452658821628
2024_1019,2024,308563.69,2709545.84,凱米颱風,降雨,0.449826140728
2024_1020,2024,282454.54,2710127.27,0629豪雨,降雨,0.329393315942
2024_1021,2024,310701.07,2710435.49,凱米颱風,降雨,0.48718349531
2024_1022,2024,312988.08,2712770.65,凱米颱風,降雨,0.428528014937
2024_1023,2024,315920.99,2712884.88,康芮颱風,降雨,0.442107675415
2024_1024,2024,273778.63,2713185.45,康芮颱風,降雨,0.3033152621
2024_1025,2024,315706.8,2714041.64,康芮颱風,降雨,0.432409566347
2024_1026,2024,315554.25,2714010.97,康芮颱風,降雨,0.364605990049
2024_1027,2024,316013.31,2714778.53,康芮颱風,降雨,0.483207898971
2024_1028,2024,310101.74,2715144.82,凱米颱風,降雨,0.363352222222
2024_1029,2024,309759.35,2715157.86,凱米颱風,降雨,0.451016018575
2024_1030,2024,305155.25,2715246.43,凱米颱風,降雨,0.467098364481
2024_1031,2024,309200.97,2715525.22,凱米颱風,降雨,0.306793650822
2024_1032,2024,294921.25,2715862.24,康芮颱風,降雨,0.344580541626
2024_1033,2024,316109.27,2715902.46,康芮颱風,降雨,0.448485880149
2024_1034,2024,322160.02,2716448.63,凱米颱風,降雨,0.409655584413
2024_1035,2024,338053.81,2716672.31,0403花蓮地震,地震,0.407919413846
2024_1036,2024,319479.24,2717727.33,康芮颱風,降雨,0.435105797796
2024_1037,2024,319657.04,2717473.08,康芮颱風,降雨,0.481714743049
2024_1038,2024,295155.79,2718804.87,康芮颱風,降雨,0.472283168558
2024_1039,2024,295187.82,2718407.84,0629豪雨,降雨,0.31282435366
2024_1040,2024,304352.09,2719218.83,康芮颱風,降雨,0.360699178524
2024_1041,2024,295366.42,2718987.67,康芮颱風,降雨,0.400401656957
2024_1042,2024,294081.1,2719155.97,康芮颱風,降雨,0.326993706834
2024_1043,2024,307913.52,2721982.27,康芮颱風,降雨,0.32609200512
2024_1044,2024,263633.78,2699098.26,凱米颱風,降雨,0.466963910742
2024_1045,2024,263444.97,2705992.29,凱米颱風,降雨,0.325923496221
2024_1046,2024,215503.75,2542567.58,凱米颱風,降雨,1.99988060958
2024_1047,2024,226662.58,2601543.53,凱米颱風,降雨,3.26076551295
2024_1048,2024,226826.45,2600843.11,凱米颱風,降雨,0.632996072166
2024_1049,2024,227176.04,2600153.88,凱米颱風,降雨,0.673196702708
2024_1050,2024,226207.37,2600791.52,凱米颱風,降雨,1.19237516552
2024_1051,2024,226093.88,2600639.92,凱米颱風,降雨,0.630611860066
2024_1052,2024,227865.81,2601786.99,凱米颱風,降雨,1.45291308367
2024_1053,2024,246949.89,2521510.94,山陀兒颱風,降雨,0.305516397238
2024_1054,2024,246949.89,2521510.94,山陀兒颱風,降雨,0.305516397238
2024_1055,2024,251340.48,2522447.04,山陀兒颱風,降雨,0.337142117539
2024_1056,2024,285145.42,2717563.92,康芮颱風,降雨,7.55321265671
2024_1057,2024,245771.89,2625624.26,凱米颱風,降雨,0.291321052226
2024_1058,2024,303656.66,2697429.74,康芮颱風,降雨,1.49159518234
2024_1059,2024,247664.5,2574053.3,山陀兒颱風,降雨,0.134186202884
2024_1060,2024,319402.71,2679177.94,0403花蓮地震,地震,0.832009865544
2024_1061,2024,321165.51,2680180.68,0403花蓮地震,地震,0.900783322636
2024_1062,2024,304744.17,2718510.09,0403花蓮地震,地震,0.415055773441
2024_1063,2024,301440.71,2721640.5,0403花蓮地震,地震,0.115011543791
2024_1064,2024,295029.69,2708245.6,0403花蓮地震,地震,0.125004260552
2024_1065,2024,290753.78,2703621.26,0403花蓮地震,地震,0.104999354528
2024_1066,2024,327416.84,2712372.25,0403花蓮地震,地震,0.1100398419
2024_1067,2024,295155.34,2707886.15,0403花蓮地震,地震,0.105004017675
2024_1068,2024,299217.68,2719757.33,0403花蓮地震,地震,0.100007947268
2024_1069,2024,313987.68,2689893.23,0403花蓮地震,地震,0.600134329386
2024_1070,2024,323816.27,2685281.72,0403花蓮地震,地震,0.545175465475
2024_1071,2024,267295.51,2688832.83,0403花蓮地震,地震,0.53486958716
2024_1072,2024,309067.05,2693868.79,0403花蓮地震,地震,0.470082334456
2024_1073,2024,323636.34,2684659.12,0403花蓮地震,地震,0.520167013493
2024_1074,2024,316520.59,2695181.28,0403花蓮地震,地震,0.425106542598
2024_1075,2024,313401.01,2693627.74,0403花蓮地震,地震,0.38508420947
2024_1076,2024,310173.14,2684395.99,0403花蓮地震,地震,0.405075167083
2024_1077,2024,323722.8,2685601.71,0403花蓮地震,地震,0.345110580276
2024_1078,2024,309430.55,2705036.61,0403花蓮地震,地震,0.330059210676
2024_1079,2024,323250.96,2692044.91,0403花蓮地震,地震,0.33510622557
2024_1080,2024,324970.32,2686744.1,0403花蓮地震,地震,0.285095064427
2024_1081,2024,325014.82,2688577.4,0403花蓮地震,地震,0.275092277013
2024_1082,2024,313321.47,2692622.54,0403花蓮地震,地震,0.240052237958
2024_1083,2024,314899.63,2693336.88,0403花蓮地震,地震,0.260060856783
2024_1084,2024,323915.84,2685514.77,0403花蓮地震,地震,0.255082182628
2024_1085,2024,312044.9,2692252.37,0403花蓮地震,地震,0.220044884279
2024_1086,2024,317025.14,2689701.81,0403花蓮地震,地震,0.225057289953
2024_1087,2024,314967.76,2696334.3,0403花蓮地震,地震,0.240056469744
2024_1088,2024,321702.61,2690570.7,0403花蓮地震,地震,0.200059903717
2024_1089,2024,325456.17,2687167.71,0403花蓮地震,地震,0.210071217866
2024_1090,2024,313777.61,2692942.41,0403花蓮地震,地震,0.215047426986
2024_1091,2024,313462.22,2693517.46,0403花蓮地震,地震,0.215047093533
2024_1092,2024,323997.96,2682710.56,0403花蓮地震,地震,0.175056631819
2024_1093,2024,330533.53,2702022.38,0403花蓮地震,地震,0.160062944775
2024_1094,2024,313945.63,2690056.07,0403花蓮地震,地震,0.180039894603
2024_1095,2024,324197.55,2687957.23,0403花蓮地震,地震,0.135044213926
2024_1096,2024,310908.99,2698729.43,0403花蓮地震,地震,0.155029778711
2024_1097,2024,313164.71,2686815.75,0403花蓮地震,地震,0.150032331442
2024_1098,2024,254811.03,2677743.42,0403花蓮地震,地震,0.139948087407
2024_1099,2024,326038.45,2687565.46,0403花蓮地震,地震,0.145050014734
2024_1100,2024,325885.92,2686902.74,0403花蓮地震,地震,0.125042726776
2024_1101,2024,323718.92,2684869.66,0403花蓮地震,地震,0.125039990719
2024_1102,2024,311317.45,2691384.37,0403花蓮地震,地震,0.130025789885
2024_1103,2024,325452.13,2688185.49,0403花蓮地震,地震,0.150051210129
2024_1104,2024,325841.52,2686847.71,0403花蓮地震,地震,0.125043028946
2024_1105,2024,313867.98,2692614.03,0403花蓮地震,地震,0.125027829708
2024_1106,2024,321661.1,2690252.02,0403花蓮地震,地震,0.130039374366
2024_1107,2024,325353.29,2688339.06,0403花蓮地震,地震,0.120040919398
2024_1108,2024,314987.88,2691380.93,0403花蓮地震,地震,0.105024618854
2024_1109,2024,313269.82,2686724.21,0403花蓮地震,地震,0.110023783063
2024_1110,2024,324785.57,2686506.69,0403花蓮地震,地震,0.115038207383
2024_1111,2024,317088.78,2688201.8,0403花蓮地震,地震,0.125031945668
2024_1112,2024,259202.41,2686743.71,0403花蓮地震,地震,0.104965600868
2024_1113,2024,315703.85,2696558.49,0403花蓮地震,地震,0.105025347318
2024_1114,2024,313989.4,2692563.55,0403花蓮地震,地震,0.120026942186
2024_1115,2024,318441.01,2688899.09,0403花蓮地震,地震,0.105027932984
2024_1116,2024,312074.65,2694673.59,0403花蓮地震,地震,0.105021269201
2024_1117,2024,319274.17,2678859.72,0403花蓮地震,地震,1.8855207221
2024_1118,2024,318085.59,2680648.82,0403花蓮地震,地震,2.06554611489
2024_1119,2024,319962.56,2682018.88,0403花蓮地震,地震,1.91054077814
2024_1120,2024,295262.32,2671350.51,0403花蓮地震,地震,1.54005266612
2024_1121,2024,318188.29,2681276.42,0403花蓮地震,地震,1.6804451851
2024_1122,2024,315043.38,2684538.37,0403花蓮地震,地震,1.21028300405
2024_1123,2024,309157.53,2675453.18,0403花蓮地震,地震,1.01017590234
2024_1124,2024,320020.29,2683474.86,0403花蓮地震,地震,0.91525948038
2024_1125,2024,309451.23,2673756.78,0403花蓮地震,地震,0.795140481741
2024_1126,2024,302313.17,2683662.29,0403花蓮地震,地震,0.800085243631
2024_1127,2024,313043.41,2682426.47,0403花蓮地震,地震,0.690147590538
2024_1128,2024,312918.51,2682486.27,0403花蓮地震,地震,0.705149832241
2024_1129,2024,316775.29,2679968.54,0403花蓮地震,地震,0.755189382071
2024_1130,2024,308054.69,2677109.92,0403花蓮地震,地震,0.660107122558
2024_1131,2024,313311.69,2682234.75,0403花蓮地震,地震,0.705152560747
2024_1132,2024,317719.94,2681334.17,0403花蓮地震,地震,0.695181256708
2024_1133,2024,316757.5,2682173.09,0403花蓮地震,地震,0.680170317311
2024_1134,2024,318350.03,2679875.43,0403花蓮地震,地震,0.590157165428
2024_1135,2024,318501.47,2681423.59,0403花蓮地震,地震,0.680183243843
2024_1136,2024,307098.3,2676213.58,0403花蓮地震,地震,0.640098242022
2024_1137,2024,314477.39,2676189.71,0403花蓮地震,地震,0.600136554212
2024_1138,2024,317594.67,2681950.21,0403花蓮地震,地震,0.545141644383
2024_1139,2024,319558.13,2682548.1,0403花蓮地震,地震,0.545151789867
2024_1140,2024,319215.95,2682235.64,0403花蓮地震,地震,0.415114350563
2024_1141,2024,317756.9,2680614.03,0403花蓮地震,地震,0.575150348133
2024_1142,2024,312611.97,2682064.15,0403花蓮地震,地震,0.520109160977
2024_1143,2024,321525.29,2684401.82,0403花蓮地震,地震,0.500149480765
2024_1144,2024,314629.94,2682307.5,0403花蓮地震,地震,0.530121546078
2024_1145,2024,320887.24,2680164.01,0403花蓮地震,地震,0.415121816875
2024_1146,2024,321544.54,2685873.96,0403花蓮地震,地震,0.525157032927
2024_1147,2024,317501.39,2681408.29,0403花蓮地震,地震,0.460118793059
2024_1148,2024,314425.09,2676126.9,0403花蓮地震,地震,0.415094131338
2024_1149,2024,318959.46,2685734.16,0403花蓮地震,地震,0.390106708302
2024_1150,2024,318929.72,2679876.43,0403花蓮地震,地震,0.380103676425
2024_1151,2024,314840.79,2684149.12,0403花蓮地震,地震,0.435101126146
2024_1152,2024,319228.89,2680010.85,0403花蓮地震,地震,0.375103999021
2024_1153,2024,317837.05,2680782.94,0403花蓮地震,地震,0.445116669871
2024_1154,2024,318942.54,2678962.92,0403花蓮地震,地震,0.390106681951
2024_1155,2024,317846.95,2681192.79,0403花蓮地震,地震,0.430112717571
2024_1156,2024,321847.75,2685821.84,0403花蓮地震,地震,0.37511331773
2024_1157,2024,308219.95,2676685.59,0403花蓮地震,地震,0.415068213651
2024_1158,2024,316932.56,2678332.6,0403花蓮地震,地震,0.36509196218
2024_1159,2024,317071.8,2679603.85,0403花蓮地震,地震,0.385098189365
2024_1160,2024,310790.93,2672445.46,0403花蓮地震,地震,0.385073840731
2024_1161,2024,322924.19,2683656.09,0403花蓮地震,地震,0.305095803457
2024_1162,2024,316276.55,2681289.95,0403花蓮地震,地震,0.355087571942
2024_1163,2024,291515.53,2672016.25,0403花蓮地震,地震,0.329998836616
2024_1164,2024,306329.1,2664178.33,0403花蓮地震,地震,0.355051291185
2024_1165,2024,304270.78,2660561.61,0403花蓮地震,地震,0.365045531292
2024_1166,2024,300093.33,2683720.97,0403花蓮地震,地震,0.41003446016
2024_1167,2024,316946.83,2677689.29,0403花蓮地震,地震,0.400100957898
2024_1168,2024,311641.55,2669155.06,0403花蓮地震,地震,0.325064038544
2024_1169,2024,319101.99,2680106.17,0403花蓮地震,地震,0.355097154861
2024_1170,2024,311638.04,2677941.01,0403花蓮地震,地震,0.345068697852
2024_1171,2024,308644.21,2677489.86,0403花蓮地震,地震,0.315053082481
2024_1172,2024,318191.12,2680301.6,0403花蓮地震,地震,0.290076925655
2024_1173,2024,308055.64,2669500.44,0403花蓮地震,地震,0.36505920685
2024_1174,2024,317517.27,2685140.3,0403花蓮地震,地震,0.295076308105
2024_1175,2024,320316.21,2685312.42,0403花蓮地震,地震,0.310089414486
2024_1176,2024,319927.17,2682512.6,0403花蓮地震,地震,0.270076556964
2024_1177,2024,316574.51,2675673.14,0403花蓮地震,地震,0.3350832915
2024_1178,2024,320518.48,2685086.38,0403花蓮地震,地震,0.310089594404
2024_1179,2024,307034.05,2676282.51,0403花蓮地震,地震,0.310047152903
2024_1180,2024,307098.26,2674398.89,0403花蓮地震,地震,0.270041338169
2024_1181,2024,319690.94,2681574.87,0403花蓮地震,地震,0.235065335962
2024_1182,2024,312376.42,2673168.72,0403花蓮地震,地震,0.285059006743
2024_1183,2024,313484.06,2678478.89,0403花蓮地震,地震,0.300065797976
2024_1184,2024,319195.33,2681890.34,0403花蓮地震,地震,0.300082645884
2024_1185,2024,312800.03,2677857.31,0403花蓮地震,地震,0.275057847062
2024_1186,2024,313579.2,2676579.11,0403花蓮地震,地震,0.220048185726
2024_1187,2024,312233.25,2682216.16,0403花蓮地震,地震,0.230047323963
2024_1188,2024,307846.2,2669617.72,0403花蓮地震,地震,0.250040231172
2024_1189,2024,301089.54,2674008.76,0403花蓮地震,地震,0.280025663053
2024_1190,2024,290645.61,2671296.39,0403花蓮地震,地震,0.344995314496
2024_1191,2024,308518.21,2674485.86,0403花蓮地震,地震,0.245041285112
2024_1192,2024,308437.77,2665017.81,0403花蓮地震,地震,0.250041563573
2024_1193,2024,313241.25,2678288.33,0403花蓮地震,地震,0.360077490255
2024_1194,2024,319920.35,2686114.13,0403花蓮地震,地震,0.245069498748
2024_1195,2024,320674.04,2680304.62,0403花蓮地震,地震,0.210060955022
2024_1196,2024,312221.22,2676068.69,0403花蓮地震,地震,0.200040930181
2024_1197,2024,308766.95,2667263.14,0403花蓮地震,地震,0.205034943444
2024_1198,2024,320339.7,2685198.7,0403花蓮地震,地震,0.215061788045
2024_1199,2024,312062.96,2674677.49,0403花蓮地震,地震,0.205041564017
2024_1200,2024,320288.95,2685429.07,0403花蓮地震,地震,0.235067417289
2024_1201,2024,316085.24,2677993.75,0403花蓮地震,地震,0.205050161387
2024_1202,2024,318802.18,2680137.34,0403花蓮地震,地震,0.190051645015
2024_1203,2024,303901.38,2674049.77,0403花蓮地震,地震,0.180021933486
2024_1204,2024,307956.87,2675815.57,0403花蓮地震,地震,0.195031498523
2024_1205,2024,290537.26,2684708.08,0403花蓮地震,地震,0.214997466557
2024_1206,2024,318917.85,2686114.52,0403花蓮地震,地震,0.200054672039
2024_1207,2024,317662.17,2680557.52,0403花蓮地震,地震,0.17504522328
2024_1208,2024,306807.76,2676380.34,0403花蓮地震,地震,0.205030669953
2024_1209,2024,318820.18,2679025.79,0403花蓮地震,地震,0.185050090327
2024_1210,2024,320672.66,2680441.6,0403花蓮地震,地震,0.190055105887
2024_1211,2024,295573.64,2671658.38,0403花蓮地震,地震,0.195007183304
2024_1212,2024,322754.52,2683832.73,0403花蓮地震,地震,0.170053440822
2024_1213,2024,317326.84,2685291.2,0403花蓮地震,地震,0.180046177645
2024_1214,2024,319975.92,2681502.7,0403花蓮地震,地震,0.205057968328
2024_1215,2024,319524.8,2682687.29,0403花蓮地震,地震,0.165046275092
2024_1216,2024,321516.65,2684718.25,0403花蓮地震,地震,0.125037537001
2024_1217,2024,312381.87,2676671.98,0403花蓮地震,地震,0.210043592248
2024_1218,2024,295089.79,2674355.04,0403花蓮地震,地震,0.205006707662
2024_1219,2024,292230.45,2672076.46,0403花蓮地震,地震,0.195000944586
2024_1220,2024,313587.3,2682642.16,0403花蓮地震,地震,0.205045250292
2024_1221,2024,320965.46,2685146.91,0403花蓮地震,地震,0.150043945114
2024_1222,2024,308589.83,2667039.1,0403花蓮地震,地震,0.14502388831
2024_1223,2024,316903.83,2679235.9,0403花蓮地震,地震,0.185046798107
2024_1224,2024,312542.41,2682082.67,0403花蓮地震,地震,0.165034509085
2024_1225,2024,318166.11,2678653.75,0403花蓮地震,地震,0.140037053851
2024_1226,2024,314402.48,2680424.68,0403花蓮地震,地震,0.175039823905
2024_1227,2024,308571.01,2669168.28,0403花蓮地震,地震,0.175029391519
2024_1228,2024,316880.84,2679017.16,0403花蓮地震,地震,0.190047761959
2024_1229,2024,318407.26,2678761.02,0403花蓮地震,地震,0.180048352108
2024_1230,2024,318823.77,2679775.15,0403花蓮地震,地震,0.185050011088
2024_1231,2024,309222.75,2669310.0,0403花蓮地震,地震,0.155027420262
2024_1232,2024,322019.22,2684914.96,0403花蓮地震,地震,0.155046816196
2024_1233,2024,316502.66,2681962.02,0403花蓮地震,地震,0.170042233756
2024_1234,2024,317824.0,2680244.99,0403花蓮地震,地震,0.130033531834
2024_1235,2024,321027.36,2684613.61,0403花蓮地震,地震,0.1950575981
2024_1236,2024,295510.06,2671544.49,0403花蓮地震,地震,0.140005303826
2024_1237,2024,313883.08,2677010.37,0403花蓮地震,地震,0.170037562666
2024_1238,2024,310117.23,2674917.4,0403花蓮地震,地震,0.180033306792
2024_1239,2024,316996.17,2683571.22,0403花蓮地震,地震,0.17504444924
2024_1240,2024,318559.45,2680234.54,0403花蓮地震,地震,0.145038955677
2024_1241,2024,313179.83,2680963.85,0403花蓮地震,地震,0.115024558676
2024_1242,2024,320511.25,2679878.11,0403花蓮地震,地震,0.155044607133
2024_1243,2024,312417.35,2677553.24,0403花蓮地震,地震,0.165034605231
2024_1244,2024,312092.0,2675247.5,0403花蓮地震,地震,0.150030731365
2024_1245,2024,295528.43,2681789.07,0403花蓮地震,地震,0.130005108436
2024_1246,2024,317998.03,2681554.64,0403花蓮地震,地震,0.150039868952
2024_1247,2024,317724.27,2678679.93,0403花蓮地震,地震,0.135035229946
2024_1248,2024,306933.75,2676222.81,0403花蓮地震,地震,0.17502651662
2024_1249,2024,315899.6,2678394.79,0403花蓮地震,地震,0.170041047061
2024_1250,2024,316313.91,2674997.0,0403花蓮地震,地震,0.160039316323
2024_1251,2024,317738.47,2680705.49,0403花蓮地震,地震,0.150038896711
2024_1252,2024,311354.29,2674051.81,0403花蓮地震,地震,0.170033346143
2024_1253,2024,310405.48,2667471.81,0403花蓮地震,地震,0.170031480512
2024_1254,2024,323225.56,2683555.99,0403花蓮地震,地震,0.105033454264
2024_1255,2024,316454.03,2680874.46,0403花蓮地震,地震,0.135033570017
2024_1256,2024,317101.53,2681112.11,0403花蓮地震,地震,0.13003315332
2024_1257,2024,322614.51,2683964.42,0403花蓮地震,地震,0.150046467976
2024_1258,2024,309037.19,2674625.19,0403花蓮地震,地震,0.150026216382
2024_1259,2024,313437.27,2676402.46,0403花蓮地震,地震,0.165035776615
2024_1260,2024,312011.1,2681628.53,0403花蓮地震,地震,0.140028410311
2024_1261,2024,314216.55,2682402.98,0403花蓮地震,地震,0.125028447297
2024_1262,2024,319972.45,2682937.35,0403花蓮地震,地震,0.145041365959
2024_1263,2024,322075.88,2684988.32,0403花蓮地震,地震,0.165050181918
2024_1264,2024,316092.94,2679923.52,0403花蓮地震,地震,0.120029276152
2024_1265,2024,323164.3,2683930.69,0403花蓮地震,地震,0.145045791982
2024_1266,2024,321129.85,2682122.7,0403花蓮地震,地震,0.135039690997
2024_1267,2024,316792.23,2681594.79,0403花蓮地震,地震,0.155038847791
2024_1268,2024,308564.97,2674707.42,0403花蓮地震,地震,0.140023870061
2024_1269,2024,312846.69,2674629.78,0403花蓮地震,地震,0.140029621452
2024_1270,2024,308979.84,2674585.51,0403花蓮地震,地震,0.16002776272
2024_1271,2024,295132.86,2671469.38,0403花蓮地震,地震,0.125003847876
2024_1272,2024,295307.46,2672241.23,0403花蓮地震,地震,0.135004804223
2024_1273,2024,310290.85,2668925.7,0403花蓮地震,地震,0.145026626783
2024_1274,2024,318124.58,2683054.57,0403花蓮地震,地震,0.145038718731
2024_1275,2024,316630.91,2679784.34,0403花蓮地震,地震,0.135033707123
2024_1276,2024,295415.3,2670884.87,0403花蓮地震,地震,0.12000442033
2024_1277,2024,320815.64,2684561.48,0403花蓮地震,地震,0.125036234792
2024_1278,2024,317008.36,2677597.46,0403花蓮地震,地震,0.135034254873
2024_1279,2024,309171.99,2669512.38,0403花蓮地震,地震,0.115020077797
2024_1280,2024,321279.75,2684175.41,0403花蓮地震,地震,0.155045948219
2024_1281,2024,321464.19,2685121.7,0403花蓮地震,地震,0.130038573776
2024_1282,2024,316234.9,2681134.92,0403花蓮地震,地震,0.125030774397
2024_1283,2024,312013.24,2678753.47,0403花蓮地震,地震,0.145029533332
2024_1284,2024,316319.72,2678690.01,0403花蓮地震,地震,0.115028280793
2024_1285,2024,305636.12,2672483.91,0403花蓮地震,地震,0.135018761266
2024_1286,2024,318025.1,2681000.96,0403花蓮地震,地震,0.125032919436
2024_1287,2024,320527.83,2686812.1,0403花蓮地震,地震,0.1250361757
2024_1288,2024,318790.35,2680519.13,0403花蓮地震,地震,0.100026929979
2024_1289,2024,309238.34,2668595.09,0403花蓮地震,地震,0.130022715171
2024_1290,2024,305984.4,2675547.03,0403花蓮地震,地震,0.100014208398
2024_1291,2024,321636.07,2684396.18,0403花蓮地震,地震,0.130039413061
2024_1292,2024,308325.79,2677412.02,0403花蓮地震,地震,0.110018181853
2024_1293,2024,321899.77,2686151.01,0403花蓮地震,地震,0.120036327483
2024_1294,2024,316923.18,2681695.83,0403花蓮地震,地震,0.12003045627
2024_1295,2024,317549.92,2678533.73,0403花蓮地震,地震,0.105027121609
2024_1296,2024,320817.59,2683477.23,0403花蓮地震,地震,0.120035138696
2024_1297,2024,313239.76,2676312.6,0403花蓮地震,地震,0.135029175467
2024_1298,2024,308588.99,2664907.11,0403花蓮地震,地震,0.130021646035
2024_1299,2024,314409.9,2685411.84,0403花蓮地震,地震,0.115026136123
2024_1300,2024,318476.97,2686296.72,0403花蓮地震,地震,0.115030956322
2024_1301,2024,319490.88,2678851.02,0403花蓮地震,地震,0.13003635901
2024_1302,2024,308935.52,2677651.88,0403花蓮地震,地震,0.11001893685
2024_1303,2024,319274.38,2681841.34,0403花蓮地震,地震,0.110030403565
2024_1304,2024,312202.31,2682383.51,0403花蓮地震,地震,0.115023642358
2024_1305,2024,312583.23,2676861.92,0403花蓮地震,地震,0.105021952921
2024_1306,2024,310426.84,2681044.08,0403花蓮地震,地震,0.130024548949
2024_1307,2024,308208.31,2664508.43,0403花蓮地震,地震,0.130021392476
2024_1308,2024,320262.66,2685534.79,0403花蓮地震,地震,0.120034420223
2024_1309,2024,319626.12,2682965.55,0403花蓮地震,地震,0.105029644759
2024_1310,2024,319775.67,2680322.37,0403花蓮地震,地震,0.110030584227
2024_1311,2024,297067.52,2685029.36,0403花蓮地震,地震,0.130006772847
2024_1312,2024,313931.24,2672942.88,0403花蓮地震,地震,0.115025281337
2024_1313,2024,317141.65,2681602.72,0403花蓮地震,地震,0.120030301968
2024_1314,2024,320206.34,2683504.71,0403花蓮地震,地震,0.105030099081
2024_1315,2024,320751.47,2684913.25,0403花蓮地震,地震,0.110032202398
2024_1316,2024,290993.04,2679136.61,0403花蓮地震,地震,0.109999210967
2024_1317,2024,306500.13,2665098.67,0403花蓮地震,地震,0.100014554908
2024_1318,2024,317501.15,2679945.27,0403花蓮地震,地震,0.110028474128
2024_1319,2024,312258.77,2684987.65,0403花蓮地震,地震,0.110022755062
2024_1320,2024,318293.48,2681322.83,0403花蓮地震,地震,0.115030524542
2024_1321,2024,319963.55,2680224.57,0403花蓮地震,地震,0.135038103676
2024_1322,2024,300370.03,2683044.94,0403花蓮地震,地震,0.12001058027
2024_1323,2024,314395.58,2673012.29,0403花蓮地震,地震,0.100022676851
2024_1324,2024,313253.73,2680717.92,0403花蓮地震,地震,0.120025837571
2024_1325,2024,295320.76,2672298.02,0403花蓮地震,地震,0.105003780745
2024_1326,2024,309395.41,2673591.54,0403花蓮地震,地震,0.115020142784
2024_1327,2024,318989.79,2678546.59,0403花蓮地震,地震,0.125033877209
2024_1328,2024,317153.28,2681136.58,0403花蓮地震,地震,0.115029613769
2024_1329,2024,319892.39,2686629.06,0403花蓮地震,地震,0.115032709254
2024_1330,2024,319447.7,2682477.82,0403花蓮地震,地震,0.105029233274
2024_1331,2024,319755.22,2682754.89,0403花蓮地震,地震,0.10502964261
2024_1332,2024,295422.57,2671315.67,0403花蓮地震,地震,0.105003764316
2024_1333,2024,313097.09,2671569.36,0403花蓮地震,地震,0.10502226786
2024_1334,2024,302106.96,2674993.07,0403花蓮地震,地震,0.105010721724
2024_1335,2024,316408.39,2675867.39,0403花蓮地震,地震,0.100024761919
2024_1336,2024,308796.08,2668322.66,0403花蓮地震,地震,0.10001675262
2024_1337,2024,295486.17,2675366.74,0403花蓮地震,地震,0.642322187659
2024_1338,2024,319058.9,2686535.2,0403花蓮地震,地震,0.105028942799
2024_1339,2024,303508.13,2663613.58,0403花蓮地震,地震,0.100011936477
2024_1340,2024,249658.74,2660536.14,0403花蓮地震,地震,0.33485808594
2024_1341,2024,301117.38,2654350.74,0403花蓮地震,地震,8.75079798885
2024_1342,2024,300784.92,2652716.77,0403花蓮地震,地震,2.51022058064
2024_1343,2024,301270.67,2654010.6,0403花蓮地震,地震,1.38512805759
2024_1344,2024,296183.7,2654459.39,0403花蓮地震,地震,1.52006281483
2024_1345,2024,297207.47,2653592.7,0403花蓮地震,地震,1.18006079055
2024_1346,2024,293234.28,2657847.86,0403花蓮地震,地震,1.11001375872
2024_1347,2024,286296.62,2658693.86,0403花蓮地震,地震,1.05993869625
2024_1348,2024,296306.64,2654508.47,0403花蓮地震,地震,0.820035021173
2024_1349,2024,305581.85,2659422.98,0403花蓮地震,地震,0.840114847908
2024_1350,2024,286248.1,2657707.75,0403花蓮地震,地震,0.829952028514
2024_1351,2024,293927.72,2663924.99,0403花蓮地震,地震,0.850017016346
2024_1352,2024,305306.29,2660271.87,0403花蓮地震,地震,0.77510364185
2024_1353,2024,286159.81,2642814.23,0403花蓮地震,地震,0.804951171915
2024_1354,2024,286041.95,2642966.47,0403花蓮地震,地震,0.814949794915
2024_1355,2024,286218.47,2642697.75,0403花蓮地震,地震,0.744955063179
2024_1356,2024,289749.7,2655581.94,0403花蓮地震,地震,0.73998361973
2024_1357,2024,287503.53,2638632.68,0403花蓮地震,地震,0.679967678474
2024_1358,2024,291378.15,2655449.59,0403花蓮地震,地震,0.65999562222
2024_1359,2024,301735.53,2654058.16,0403花蓮地震,地震,0.660064576985
2024_1360,2024,301418.7,2654415.8,0403花蓮地震,地震,0.465043926306
2024_1361,2024,285895.85,2642875.79,0403花蓮地震,地震,0.464970254561
2024_1362,2024,305432.0,2659409.83,0403花蓮地震,地震,0.440059553476
2024_1363,2024,286850.66,2639780.61,0403花蓮地震,地震,0.364980202949
2024_1364,2024,287480.22,2652244.65,0403花蓮地震,地震,0.379982175765
2024_1365,2024,294800.24,2655807.06,0403花蓮地震,地震,0.300008073404
2024_1366,2024,290453.47,2655226.93,0403花蓮地震,地震,0.319994832858
2024_1367,2024,286358.62,2658865.09,0403花蓮地震,地震,0.27998371954
2024_1368,2024,294045.69,2663996.01,0403花蓮地震,地震,0.235004987432
2024_1369,2024,287801.89,2656187.93,0403花蓮地震,地震,0.269988586592
2024_1370,2024,290295.3,2655295.69,0403花蓮地震,地震,0.229996241295
2024_1371,2024,290171.55,2655348.39,0403花蓮地震,地震,0.239995705724
2024_1372,2024,286735.25,2646345.49,0403花蓮地震,地震,0.22998733677
2024_1373,2024,305029.36,2660294.08,0403花蓮地震,地震,0.235031061932
2024_1374,2024,286633.02,2644735.1,0403花蓮地震,地震,0.24998604274
2024_1375,2024,304771.48,2659802.24,0403花蓮地震,地震,0.245031317
2024_1376,2024,304118.31,2659190.81,0403花蓮地震,地震,0.215026227997
2024_1377,2024,290483.72,2655072.23,0403花蓮地震,地震,0.204996838614
2024_1378,2024,286839.98,2644732.76,0403花蓮地震,地震,0.194989683779
2024_1379,2024,288323.13,2655922.22,0403花蓮地震,地震,0.184992929498
2024_1380,2024,304469.3,2660140.29,0403花蓮地震,地震,0.200025371836
2024_1381,2024,283328.15,2646694.32,0403花蓮地震,地震,0.184983682526
2024_1382,2024,285886.76,2643010.77,0403花蓮地震,地震,0.169989692622
2024_1383,2024,288689.42,2643139.62,0403花蓮地震,地震,0.13499514726
2024_1384,2024,286232.17,2652745.09,0403花蓮地震,地震,0.149991099578
2024_1385,2024,301372.13,2654179.73,0403花蓮地震,地震,0.130012048678
2024_1386,2024,285657.35,2656357.97,0403花蓮地震,地震,0.154990030381
2024_1387,2024,285200.42,2657978.49,0403花蓮地震,地震,0.154989472378
2024_1388,2024,296280.86,2657692.42,0403花蓮地震,地震,0.125005255525
2024_1389,2024,286339.48,2642766.62,0403花蓮地震,地震,0.129992289386
2024_1390,2024,286978.46,2652752.93,0403花蓮地震,地震,0.129993221996
2024_1391,2024,303684.39,2659567.32,0403花蓮地震,地震,0.120014123755
2024_1392,2024,287110.03,2641598.25,0403花蓮地震,地震,0.114994168702
2024_1393,2024,302555.39,2658888.64,0403花蓮地震,地震,0.120012565294
2024_1394,2024,285822.24,2642964.1,0403花蓮地震,地震,0.119992294137
2024_1395,2024,291160.49,2655454.64,0403花蓮地震,地震,0.109998738038
2024_1396,2024,286081.68,2644408.01,0403花蓮地震,地震,0.114992960569
2024_1397,2024,286187.04,2643055.63,0403花蓮地震,地震,0.11499303864
2024_1398,2024,304716.75,2659965.8,0403花蓮地震,地震,0.100012730225
2024_1399,2024,286931.83,2652871.77,0403花蓮地震,地震,0.114994002832
2024_1400,2024,286453.66,2646717.92,0403花蓮地震,地震,0.109993848928
2024_1401,2024,287545.81,2640885.77,0403花蓮地震,地震,0.104995158493
2024_1402,2024,294845.88,2654803.69,0403花蓮地震,地震,0.100002866168
2024_1403,2024,254315.5,2639847.07,0403花蓮地震,地震,0.154940785206
2024_1404,2024,259311.2,2603639.39,0403花蓮地震,地震,0.129956270524
2024_1405,2024,289608.13,2706213.12,0403花蓮地震,地震,0.474991170443
2024_1406,2024,324814.71,2688019.32,0403花蓮地震,地震,8.55284275733
2024_1407,2024,313480.34,2692232.26,0403花蓮地震,地震,4.55599867978
2024_1408,2024,313188.2,2692525.27,0403花蓮地震,地震,4.16090014556
2024_1409,2024,311958.21,2685438.65,0403花蓮地震,地震,1.50530712387
2024_1410,2024,313642.93,2693671.2,0403花蓮地震,地震,1.94042809232
2024_1411,2024,259129.41,2686496.46,0403花蓮地震,地震,0.164946171919
2024_1412,2024,259128.88,2686646.17,0403花蓮地震,地震,1.20460659339
2024_1413,2024,314749.63,2693777.84,0403花蓮地震,地震,1.10025542701
2024_1414,2024,324654.46,2686750.23,0403花蓮地震,地震,0.890294419232
2024_1415,2024,311220.44,2691405.9,0403花蓮地震,地震,0.740146064334
2024_1416,2024,312232.58,2694843.11,0403花蓮地震,地震,0.22004571632
2024_1417,2024,312218.7,2694913.36,0403花蓮地震,地震,0.50510476752
2024_1418,2024,321523.25,2690198.97,0403花蓮地震,地震,0.760227885899
2024_1419,2024,313887.58,2695614.87,0403花蓮地震,地震,0.580130122849
2024_1420,2024,318784.1,2688517.95,0403花蓮地震,地震,0.445121172205
2024_1421,2024,313521.72,2686441.65,0403花蓮地震,地震,0.15003272211
2024_1422,2024,313594.4,2686484.88,0403花蓮地震,地震,0.155034349583
2024_1423,2024,325683.92,2687108.78,0403花蓮地震,地震,0.270092389325
2024_1424,2024,263175.03,2687261.54,0403花蓮地震,地震,0.209940271684
2024_1425,2024,313631.22,2693294.41,0403花蓮地震,地震,0.110024090887
2024_1426,2024,313662.23,2693378.57,0403花蓮地震,地震,0.115025221931
2024_1427,2024,323764.8,2684771.69,0403花蓮地震,地震,0.160051345975
2024_1428,2024,313246.25,2691884.64,0403花蓮地震,地震,0.110023560666
2024_1429,2024,309076.63,2687568.08,0403花蓮地震,地震,0.140024381587
2024_1430,2024,311399.4,2691078.0,0403花蓮地震,地震,0.145029042369
2024_1431,2024,259064.04,2686565.98,0403花蓮地震,地震,0.134956136329
2024_1432,2024,308645.8,2692135.79,0403花蓮地震,地震,0.150025792157
2024_1433,2024,324665.25,2688348.6,0403花蓮地震,地震,0.130042990785
2024_1434,2024,313102.37,2691556.14,0403花蓮地震,地震,0.140030209887
2024_1435,2024,317023.73,2688212.8,0403花蓮地震,地震,0.105026772896
2024_1436,2024,318749.26,2680756.14,0403花蓮地震,地震,3.18086249202
2024_1437,2024,318490.81,2680985.66,0403花蓮地震,地震,3.87103788989
2024_1438,2024,318644.91,2681042.66,0403花蓮地震,地震,0.18004836513
2024_1439,2024,312244.17,2684707.81,0403花蓮地震,地震,3.16565285288
2024_1440,2024,295220.73,2672106.68,0403花蓮地震,地震,2.44008249778
2024_1441,2024,318872.97,2681226.58,0403花蓮地震,地震,1.92052285946
2024_1442,2024,319297.97,2681677.14,0403花蓮地震,地震,0.360099924801
2024_1443,2024,319368.84,2681761.71,0403花蓮地震,地震,1.1303129297
2024_1444,2024,315908.74,2679837.24,0403花蓮地震,地震,0.165040158986
2024_1445,2024,315855.84,2679965.3,0403花蓮地震,地震,1.59038382675
2024_1446,2024,316224.59,2680064.45,0403花蓮地震,地震,0.255062776823
2024_1447,2024,316322.3,2680131.96,0403花蓮地震,地震,1.1102735131
2024_1448,2024,313441.44,2682106.98,0403花蓮地震,地震,1.46531761694
2024_1449,2024,319434.14,2681584.6,0403花蓮地震,地震,1.63045317922
2024_1450,2024,319081.22,2681503.47,0403花蓮地震,地震,0.445121415878
2024_1451,2024,319084.29,2681628.12,0403花蓮地震,地震,0.790216866144
2024_1452,2024,305719.06,2675030.59,0403花蓮地震,地震,1.14015911765
2024_1453,2024,320137.62,2686377.86,0403花蓮地震,地震,1.21534625107
2024_1454,2024,321778.45,2685989.54,0403花蓮地震,地震,1.45043807635
2024_1455,2024,319642.94,2680334.05,0403花蓮地震,地震,1.36038086535
2024_1456,2024,295486.18,2672329.31,0403花蓮地震,地震,0.395014424099
2024_1457,2024,295330.64,2672347.64,0403花蓮地震,地震,0.135004752086
2024_1458,2024,295308.5,2672443.97,0403花蓮地震,地震,0.315010951542
2024_1459,2024,305214.23,2674862.17,0403花蓮地震,地震,0.770103548233
2024_1460,2024,305135.59,2674957.77,0403花蓮地震,地震,0.16002161573
2024_1461,2024,319926.58,2681388.81,0403花蓮地震,地震,0.275077589987
2024_1462,2024,319882.51,2681496.0,0403花蓮地震,地震,0.430121090064
2024_1463,2024,319889.87,2681658.41,0403花蓮地震,地震,0.130036709163
2024_1464,2024,318969.48,2680759.96,0403花蓮地震,地震,0.865235669172
2024_1465,2024,295166.35,2671846.8,0403花蓮地震,地震,0.330010934761
2024_1466,2024,321031.03,2686568.15,0403花蓮地震,地震,0.93527502045
2024_1467,2024,317973.52,2680842.24,0403花蓮地震,地震,0.165043280556
2024_1468,2024,318106.17,2680881.36,0403花蓮地震,地震,0.630166765345
2024_1469,2024,319648.16,2682679.72,0403花蓮地震,地震,0.665186471366
2024_1470,2024,320615.54,2684879.92,0403花蓮地震,地震,0.555161090845
2024_1471,2024,317012.11,2683376.02,0403花蓮地震,地震,0.715181523607
2024_1472,2024,312997.3,2678094.86,0403花蓮地震,地震,0.750159802315
2024_1473,2024,318870.95,2685944.28,0403花蓮地震,地震,0.315085820475
2024_1474,2024,318954.4,2685983.58,0403花蓮地震,地震,0.200054370596
2024_1475,2024,319042.52,2686030.12,0403花蓮地震,地震,0.255069655018
2024_1476,2024,308549.93,2674607.79,0403花蓮地震,地震,0.575096499769
2024_1477,2024,313818.11,2678449.04,0403花蓮地震,地震,0.60013274094
2024_1478,2024,320880.34,2684429.95,0403花蓮地震,地震,0.725212098538
2024_1479,2024,313278.39,2678472.31,0403花蓮地震,地震,0.545117221796
2024_1480,2024,295298.72,2670851.6,0403花蓮地震,地震,0.685023223342
2024_1481,2024,295348.26,2670950.3,0403花蓮地震,地震,0.105003808595
2024_1482,2024,318405.97,2681298.1,0403花蓮地震,地震,0.715191411703
2024_1483,2024,320630.12,2679903.08,0403花蓮地震,地震,0.145041959369
2024_1484,2024,320598.29,2679979.05,0403花蓮地震,地震,0.290084066597
2024_1485,2024,316577.78,2682470.31,0403花蓮地震,地震,0.365091336384
2024_1486,2024,320692.62,2682202.94,0403花蓮地震,地震,0.475138232613
2024_1487,2024,316329.01,2679257.9,0403花蓮地震,地震,0.405099671926
2024_1488,2024,316306.63,2679367.89,0403花蓮地震,地震,0.100024859868
2024_1489,2024,314441.13,2685343.65,0403花蓮地震,地震,0.280064024124
2024_1490,2024,316116.64,2679737.04,0403花蓮地震,地震,0.43510650459
2024_1491,2024,317035.0,2681739.8,0403花蓮地震,地震,0.140035563261
2024_1492,2024,317017.02,2681822.24,0403花蓮地震,地震,0.160040526699
2024_1493,2024,315386.3,2681241.68,0403花蓮地震,地震,0.435103449102
2024_1494,2024,319945.24,2686684.13,0403花蓮地震,地震,0.100028871132
2024_1495,2024,320044.24,2686748.55,0403花蓮地震,地震,0.155043801944
2024_1496,2024,320727.43,2681751.57,0403花蓮地震,地震,0.430125403852
2024_1497,2024,311167.87,2675768.49,0403花蓮地震,地震,0.14502831607
2024_1498,2024,311126.86,2675846.07,0403花蓮地震,地震,0.290056487148
2024_1499,2024,307166.64,2676123.21,0403花蓮地震,地震,0.385059193258
2024_1500,2024,321071.98,2680829.33,0403花蓮地震,地震,0.380111582602
2024_1501,2024,320483.7,2686057.11,0403花蓮地震,地震,0.145041832687
2024_1502,2024,320460.53,2686161.05,0403花蓮地震,地震,0.190054761481
2024_1503,2024,318038.09,2679212.05,0403花蓮地震,地震,0.475125173663
2024_1504,2024,311821.07,2684930.34,0403花蓮地震,地震,0.11502318324
2024_1505,2024,311850.99,2685000.72,0403花蓮地震,地震,0.2300461172
2024_1506,2024,313589.21,2677513.64,0403花蓮地震,地震,0.345075524249
2024_1507,2024,294997.34,2672388.24,0403花蓮地震,地震,0.300009334183
2024_1508,2024,295059.03,2672415.39,0403花蓮地震,地震,0.105003582903
2024_1509,2024,307770.22,2676092.7,0403花蓮地震,地震,0.310049489974
2024_1510,2024,314140.05,2682716.43,0403花蓮地震,地震,0.36008107526
2024_1511,2024,316356.73,2682590.9,0403花蓮地震,地震,0.300074380058
2024_1512,2024,310947.95,2675928.69,0403花蓮地震,地震,0.285054516138
2024_1513,2024,316409.28,2679535.77,0403花蓮地震,地震,0.295072963591
2024_1514,2024,319559.65,2679718.3,0403花蓮地震,地震,0.335093341473
2024_1515,2024,295184.33,2671219.75,0403花蓮地震,地震,0.215006650494
2024_1516,2024,295108.46,2671244.76,0403花蓮地震,地震,0.105003365063
2024_1517,2024,309210.18,2668433.71,0403花蓮地震,地震,0.325056405082
2024_1518,2024,320796.64,2682752.43,0403花蓮地震,地震,0.265077389628
2024_1519,2024,316849.17,2681441.2,0403花蓮地震,地震,0.185046302537
2024_1520,2024,316791.69,2681463.2,0403花蓮地震,地震,0.130032955463
2024_1521,2024,318220.79,2684775.08,0403花蓮地震,地震,0.300080067701
2024_1522,2024,319006.03,2681842.13,0403花蓮地震,地震,0.235064387367
2024_1523,2024,305193.21,2675157.71,0403花蓮地震,地震,0.27503704652
2024_1524,2024,317617.17,2679170.56,0403花蓮地震,地震,0.210054618275
2024_1525,2024,309075.18,2675884.92,0403花蓮地震,地震,0.135023078355
2024_1526,2024,320593.62,2681811.97,0403花蓮地震,地震,0.290084140397
2024_1527,2024,295133.05,2672489.79,0403花蓮地震,地震,0.190005988047
2024_1528,2024,320505.73,2683777.14,0403花蓮地震,地震,0.135039027534
2024_1529,2024,320536.39,2683816.72,0403花蓮地震,地震,0.115033512648
2024_1530,2024,318097.8,2684793.1,0403花蓮地震,地震,0.245065050517
2024_1531,2024,307809.48,2669479.83,0403花蓮地震,地震,0.225036279634
2024_1532,2024,320207.56,2685801.14,0403花蓮地震,地震,0.310088622347
2024_1533,2024,316467.89,2680370.51,0403花蓮地震,地震,0.245060694113
2024_1534,2024,314245.56,2682319.68,0403花蓮地震,地震,0.255057465597
2024_1535,2024,302046.95,2674942.88,0403花蓮地震,地震,0.265027639083
2024_1536,2024,318947.08,2680088.86,0403花蓮地震,地震,0.200054642789
2024_1537,2024,307824.72,2673994.73,0403花蓮地震,地震,0.22003535645
2024_1538,2024,309598.15,2670210.82,0403花蓮地震,地震,0.230041031283
2024_1539,2024,319193.27,2682099.51,0403花蓮地震,地震,0.245067602349
2024_1540,2024,319732.62,2681489.68,0403花蓮地震,地震,0.16004491895
2024_1541,2024,303808.86,2674162.49,0403花蓮地震,地震,0.135015986384
2024_1542,2024,321285.43,2685327.44,0403花蓮地震,地震,0.180053580061
2024_1543,2024,320765.29,2685438.97,0403花蓮地震,地震,0.145042571239
2024_1544,2024,316214.54,2679458.17,0403花蓮地震,地震,0.180043917028
2024_1545,2024,316029.57,2684303.5,0403花蓮地震,地震,0.125030281746
2024_1546,2024,319882.31,2685331.29,0403花蓮地震,地震,0.235066410066
2024_1547,2024,320413.07,2679531.76,0403花蓮地震,地震,0.200057580009
2024_1548,2024,308936.47,2681117.89,0403花蓮地震,地震,0.220037832552
2024_1549,2024,316011.01,2679753.21,0403花蓮地震,地震,0.210050989677
2024_1550,2024,320543.4,2685969.71,0403花蓮地震,地震,0.245070935886
2024_1551,2024,313136.37,2682416.71,0403花蓮地震,地震,0.195041981741
2024_1552,2024,311069.83,2675972.3,0403花蓮地震,地震,0.180035033231
2024_1553,2024,305545.64,2674883.98,0403花蓮地震,地震,0.185025733708
2024_1554,2024,311034.71,2669543.63,0403花蓮地震,地震,0.150028609213
2024_1555,2024,320450.63,2684870.85,0403花蓮地震,地震,0.110032050242
2024_1556,2024,320200.69,2683573.44,0403花蓮地震,地震,0.110031730859
2024_1557,2024,318739.13,2680593.2,0403花蓮地震,地震,0.195053034657
2024_1558,2024,315691.83,2685392.62,0403花蓮地震,地震,0.155037328081
2024_1559,2024,317977.22,2680106.37,0403花蓮地震,地震,0.160042235903
2024_1560,2024,312064.85,2684939.03,0403花蓮地震,地震,0.100020392966
2024_1561,2024,319041.89,2680876.08,0403花蓮地震,地震,0.215059200994
2024_1562,2024,321916.69,2684883.18,0403花蓮地震,地震,0.150045138711
2024_1563,2024,306870.42,2676258.45,0403花蓮地震,地震,0.115017184315
2024_1564,2024,317895.4,2680676.66,0403花蓮地震,地震,0.11503021092
2024_1565,2024,318782.89,2680956.26,0403花蓮地震,地震,0.130035449802
2024_1566,2024,312378.0,2668376.91,0403花蓮地震,地震,0.120024622393
2024_1567,2024,312519.3,2684867.37,0403花蓮地震,地震,0.140029529149
2024_1568,2024,312595.21,2684596.67,0403花蓮地震,地震,0.150031433354
2024_1569,2024,314833.36,2684456.16,0403花蓮地震,地震,0.155035808689
2024_1570,2024,316914.47,2682092.8,0403花蓮地震,地震,0.135034097975
2024_1571,2024,314897.72,2684544.86,0403花蓮地震,地震,0.130030661349
2024_1572,2024,313741.7,2676656.2,0403花蓮地震,地震,0.140030662222
2024_1573,2024,313174.76,2682164.55,0403花蓮地震,地震,0.150032429573
2024_1574,2024,310272.95,2674512.88,0403花蓮地震,地震,0.140025915027
2024_1575,2024,317714.55,2685594.8,0403花蓮地震,地震,0.155040432455
2024_1576,2024,319555.64,2685788.62,0403花蓮地震,地震,0.155043435422
2024_1577,2024,307043.01,2676076.91,0403花蓮地震,地震,0.11001660757
2024_1578,2024,318604.72,2681089.04,0403花蓮地震,地震,0.110029994953
2024_1579,2024,305993.97,2672350.93,0403花蓮地震,地震,0.120017194601
2024_1580,2024,317882.19,2681688.18,0403花蓮地震,地震,0.13003406481
2024_1581,2024,318911.06,2680588.33,0403花蓮地震,地震,0.110030034921
2024_1582,2024,308612.73,2676454.31,0403花蓮地震,地震,0.150025257165
2024_1583,2024,319363.37,2686650.31,0403花蓮地震,地震,0.135037277693
2024_1584,2024,312470.71,2670165.07,0403花蓮地震,地震,0.120024804503
2024_1585,2024,309206.19,2673647.8,0403花蓮地震,地震,0.135023527587
2024_1586,2024,316872.57,2676607.27,0403花蓮地震,地震,0.105026147962
2024_1587,2024,319585.26,2685984.05,0403花蓮地震,地震,1.95809980954
2024_1588,2024,320562.47,2683264.7,0403花蓮地震,地震,0.125036262557
2024_1589,2024,319212.8,2681829.52,0403花蓮地震,地震,0.105028974662
2024_1590,2024,289755.92,2679185.37,0403花蓮地震,地震,0.104998137867
2024_1591,2024,313365.23,2675902.83,0403花蓮地震,地震,0.100021711162
2024_1592,2024,312157.14,2684661.43,0403花蓮地震,地震,0.105021816841
2024_1593,2024,316711.78,2682246.08,0403花蓮地震,地震,0.110027658503
2024_1594,2024,298591.36,2653296.68,0403花蓮地震,地震,3.00019721369
2024_1595,2024,298459.17,2653321.48,0403花蓮地震,地震,0.120007361901
2024_1596,2024,298485.64,2653396.94,0403花蓮地震,地震,0.100006991009
2024_1597,2024,298900.35,2653310.95,0403花蓮地震,地震,0.685047700352
2024_1598,2024,299009.83,2653362.37,0403花蓮地震,地震,2.2201551496
2024_1599,2024,300869.84,2654260.52,0403花蓮地震,地震,1.15510214952
2024_1600,2024,300610.37,2654400.95,0403花蓮地震,地震,0.195016851277
2024_1601,2024,286651.96,2658224.06,0403花蓮地震,地震,1.1449389037
2024_1602,2024,303174.84,2658707.3,0403花蓮地震,地震,0.345039049784
2024_1603,2024,303233.36,2658725.24,0403花蓮地震,地震,0.250027940525
2024_1604,2024,283466.75,2646394.99,0403花蓮地震,地震,0.529953572332
2024_1605,2024,291944.42,2655509.23,0403花蓮地震,地震,0.179999510574
2024_1606,2024,285947.38,2642140.35,0403花蓮地震,地震,0.239984644441
2024_1607,2024,291635.01,2655506.54,0403花蓮地震,地震,0.189999023571
2024_1608,2024,303052.0,2652472.58,0403花蓮地震,地震,0.130014215216
2024_1609,2024,291049.27,2655432.37,0403花蓮地震,地震,0.134998929275
2024_1610,2024,305089.91,2659425.98,0403花蓮地震,地震,0.125016778325
2024_1611,2024,254087.0,2638659.73,0403花蓮地震,地震,1.2645139562
2024_1612,2024,300558.11,2654150.03,0403花蓮地震,地震,4.38322304899
2024_1613,2024,300487.33,2653850.56,0403花蓮地震,地震,0.660203147153
2024_1614,2024,316906.29,2689713.14,0403花蓮地震,地震,0.13315078722
2024_1615,2024,313907.85,2673067.48,0403花蓮地震,地震,0.175700552258
2024_1616,2024,300490.0,2653661.99,0403花蓮地震,地震,0.744262561376
2024_1617,2024,300315.83,2653676.15,0403花蓮地震,地震,0.345260961641
2024_1618,2024,300800.83,2652757.88,0403花蓮地震,地震,1.86470964148
2024_1619,2024,300304.84,2654526.35,0403花蓮地震,地震,1.676166729
2024_1620,2024,299747.76,2654482.29,0403花蓮地震,地震,1.297235489
2024_1621,2024,299659.4,2654406.6,0403花蓮地震,地震,0.213971778656
2024_1622,2024,299864.04,2654458.5,0403花蓮地震,地震,0.148587460741
2024_1623,2024,300041.36,2654475.79,0403花蓮地震,地震,0.585088164162
2024_1624,2024,300656.12,2654732.88,0403花蓮地震,地震,0.913832684363
2024_1625,2024,299628.72,2653269.34,0403花蓮地震,地震,1.81567691114
2024_1626,2024,299370.89,2653350.53,0403花蓮地震,地震,1.19080050062
2024_1627,2024,299350.28,2653501.85,0403花蓮地震,地震,1.2872119493
2024_1628,2024,299315.67,2653729.23,0403花蓮地震,地震,1.97370437767
2024_1629,2024,298559.53,2653281.46,0403花蓮地震,地震,2.48804330886
2024_1630,2024,298310.82,2653261.42,0403花蓮地震,地震,0.519778938328
2024_1631,2024,298195.94,2653331.85,0403花蓮地震,地震,0.198445944982
2024_1632,2024,298468.72,2653331.95,0403花蓮地震,地震,0.166854424612
2024_1633,2024,298594.6,2653444.81,0403花蓮地震,地震,0.202366235893
2024_1634,2024,298759.25,2653417.49,0403花蓮地震,地震,0.202911964248
2024_1635,2024,298778.09,2653562.39,0403花蓮地震,地震,0.339571637195
2024_1636,2024,301227.6,2653719.48,0403花蓮地震,地震,0.523097894286
2024_1637,2024,301741.78,2654061.9,0403花蓮地震,地震,0.729715663882
2024_1638,2024,301281.43,2654006.55,0403花蓮地震,地震,1.49873891244
2024_1639,2024,301039.63,2654023.43,0403花蓮地震,地震,0.279448923154
2024_1640,2024,298910.48,2654501.26,0403花蓮地震,地震,3.65356393094
2024_1641,2024,298989.1,2654296.83,0403花蓮地震,地震,0.219388593774
2024_1642,2024,298601.54,2654218.42,0403花蓮地震,地震,0.254906153583
2024_1643,2024,298412.64,2654401.9,0403花蓮地震,地震,1.38782599789
2024_1644,2024,297587.84,2654476.87,0403花蓮地震,地震,0.296457161932
2024_1645,2024,297213.16,2653577.01,0403花蓮地震,地震,3.02658278997
2024_1646,2024,296570.88,2653956.41,0403花蓮地震,地震,0.331388077009
2024_1647,2024,296674.34,2653701.35,0403花蓮地震,地震,0.899579652575
2024_1648,2024,296803.53,2653481.92,0403花蓮地震,地震,0.248386898877
2024_1649,2024,296957.85,2653487.91,0403花蓮地震,地震,1.09933697411
2024_1650,2024,297076.61,2653892.24,0403花蓮地震,地震,1.49519119324
2024_1651,2024,297002.77,2654012.58,0403花蓮地震,地震,0.767273612222
2024_1652,2024,295955.75,2655405.38,0403花蓮地震,地震,0.834204571165
2024_1653,2024,294884.84,2654806.93,0403花蓮地震,地震,1.02031983748
2024_1654,2024,284971.0,2699578.84,0403花蓮地震,地震,0.549168266896
2024_1655,2024,287066.15,2699919.32,0403花蓮地震,地震,0.0585851225956
2024_1656,2024,323466.41,2711849.9,0403花蓮地震,地震,0.048807367355
2024_1657,2024,324607.94,2711370.36,0403花蓮地震,地震,4.81220495573
2024_1658,2024,318461.14,2711762.42,0403花蓮地震,地震,0.26937785663
2024_1659,2024,323530.16,2711605.96,0403花蓮地震,地震,0.177404251135
2024_1660,2024,323472.21,2712013.73,0403花蓮地震,地震,0.152036181161
2024_1661,2024,324567.97,2712025.64,0403花蓮地震,地震,0.948113289777
2024_1662,2024,323445.69,2711631.23,0403花蓮地震,地震,0.205589922158
2024_1663,2024,323446.8,2711246.3,0403花蓮地震,地震,0.637121143583
2024_1664,2024,324827.03,2711655.34,0403花蓮地震,地震,0.174491181228
2024_1665,2024,322437.99,2712350.95,0403花蓮地震,地震,0.0867402280232
2024_1666,2024,318963.98,2711620.0,0403花蓮地震,地震,0.0402581401724
2024_1667,2024,324449.7,2711021.27,0403花蓮地震,地震,0.204149022383
2024_1668,2024,323064.35,2712098.09,0403花蓮地震,地震,2.88580897857
2024_1669,2024,310690.4,2698216.17,0403花蓮地震,地震,0.233661068708
2024_1670,2024,303806.54,2698899.44,0403花蓮地震,地震,0.133023878667
2024_1671,2024,312218.11,2695047.69,0403花蓮地震,地震,0.0859624299771
2024_1672,2024,303829.78,2699038.65,0403花蓮地震,地震,0.0112874260388
2024_1673,2024,312245.12,2695126.83,0403花蓮地震,地震,0.157695484202
2024_1674,2024,310735.93,2690847.62,0403花蓮地震,地震,1.60870583522
2024_1675,2024,303775.47,2699031.98,0403花蓮地震,地震,0.0144811503153
2024_1676,2024,303864.34,2698981.51,0403花蓮地震,地震,0.0219783372736
2024_1677,2024,304998.12,2696015.75,0403花蓮地震,地震,0.482745824281
2024_1678,2024,314105.9,2692678.04,0403花蓮地震,地震,0.621923585413
2024_1679,2024,321465.59,2700918.66,0403花蓮地震,地震,0.303909908928
2024_1680,2024,311199.37,2698281.36,0403花蓮地震,地震,0.187322157695
2024_1681,2024,309918.63,2696903.28,0403花蓮地震,地震,0.0609504424025
2024_1682,2024,312066.18,2695355.89,0403花蓮地震,地震,0.642252007524
2024_1683,2024,303997.36,2698906.49,0403花蓮地震,地震,0.0797396435985
2024_1684,2024,310709.83,2698312.24,0403花蓮地震,地震,0.0220524822185
2024_1685,2024,318520.24,2693364.18,0403花蓮地震,地震,0.0481369618724
2024_1686,2024,318464.33,2693415.16,0403花蓮地震,地震,0.039788764752
2024_1687,2024,314833.92,2696299.99,0403花蓮地震,地震,0.54565317662
2024_1688,2024,318501.8,2693394.74,0403花蓮地震,地震,0.0282697403992
2024_1689,2024,325339.34,2693397.56,0403花蓮地震,地震,0.176612870681
2024_1690,2024,314927.0,2696472.83,0403花蓮地震,地震,0.0625316222255
2024_1691,2024,321112.03,2692968.2,0403花蓮地震,地震,0.233268948181
2024_1692,2024,323745.73,2694699.83,0403花蓮地震,地震,0.0457214908392
2024_1693,2024,314590.94,2695995.0,0403花蓮地震,地震,0.405313051696
2024_1694,2024,324270.85,2694226.43,0403花蓮地震,地震,0.152807804598
2024_1695,2024,323717.99,2694042.36,0403花蓮地震,地震,0.172473176662
2024_1696,2024,319043.95,2693337.51,0403花蓮地震,地震,0.220845689036
2024_1697,2024,314900.64,2696260.61,0403花蓮地震,地震,0.036364578585
2024_1698,2024,325541.63,2692986.27,0403花蓮地震,地震,0.114854927328
2024_1699,2024,324141.96,2693482.93,0403花蓮地震,地震,0.0891197274922
2024_1700,2024,304351.74,2653618.7,0403花蓮地震,地震,0.139304627918
2024_1701,2024,303764.81,2654155.13,0403花蓮地震,地震,1.68661673541
2024_1702,2024,288242.93,2645033.64,0403花蓮地震,地震,0.107004875726
2024_1703,2024,285044.98,2644866.59,0403花蓮地震,地震,0.153790761777
2024_1704,2024,295047.46,2649542.14,0403花蓮地震,地震,0.299375243607
2024_1705,2024,288474.13,2640742.57,0403花蓮地震,地震,1.04379989903
2024_1706,2024,288473.51,2644412.15,0403花蓮地震,地震,0.195403262383
2024_1707,2024,298320.54,2645500.9,0403花蓮地震,地震,0.103819065382
2024_1708,2024,287606.1,2639818.95,0403花蓮地震,地震,1.01883127931
2024_1709,2024,285942.82,2646021.34,0403花蓮地震,地震,0.115866192658
2024_1710,2024,288517.43,2644953.48,0403花蓮地震,地震,0.1015686668
2024_1711,2024,286610.09,2643597.95,0403花蓮地震,地震,0.379920938344
2024_1712,2024,288397.86,2644448.73,0403花蓮地震,地震,0.0353576980311
2024_1713,2024,292446.33,2646133.09,0403花蓮地震,地震,0.125102765356
2024_1714,2024,284037.45,2646676.82,0403花蓮地震,地震,0.132803642152
2024_1715,2024,296816.78,2643435.41,0403花蓮地震,地震,0.843425701076
2024_1716,2024,292107.06,2648635.38,0403花蓮地震,地震,0.0710207285431
2024_1717,2024,288302.47,2640533.15,0403花蓮地震,地震,0.838410861723
2024_1718,2024,298740.91,2645943.2,0403花蓮地震,地震,0.0475762904621
2024_1719,2024,291996.78,2645846.11,0403花蓮地震,地震,0.0768245240841
2024_1720,2024,296792.0,2642709.67,0403花蓮地震,地震,0.16804337871
2024_1721,2024,292494.72,2646013.92,0403花蓮地震,地震,0.213679082706
2024_1722,2024,292472.43,2645875.38,0403花蓮地震,地震,0.0444467378647
2024_1723,2024,286784.25,2643450.69,0403花蓮地震,地震,0.34925356502
2024_1724,2024,283859.3,2646294.06,0403花蓮地震,地震,0.234447719363
2024_1725,2024,292102.65,2645736.39,0403花蓮地震,地震,0.246454795437
2024_1726,2024,285755.07,2646172.98,0403花蓮地震,地震,1.19998364254
2024_1727,2024,299165.82,2646955.61,0403花蓮地震,地震,0.0496526650798
2024_1728,2024,287893.81,2640075.16,0403花蓮地震,地震,0.75242625733
2024_1729,2024,296917.67,2642681.62,0403花蓮地震,地震,0.0591770046646
2024_1730,2024,296894.07,2642871.08,0403花蓮地震,地震,0.0404593082591
2024_1731,2024,287702.02,2647080.28,0403花蓮地震,地震,0.0428839740362
2024_1732,2024,288477.41,2644926.48,0403花蓮地震,地震,0.0316217574038
2024_1733,2024,299452.08,2645455.42,0403花蓮地震,地震,0.134076309035
2024_1734,2024,288419.09,2644359.86,0403花蓮地震,地震,0.213605061585
2024_1735,2024,288444.53,2644897.36,0403花蓮地震,地震,0.0595286049637
2024_1736,2024,296939.51,2642854.9,0403花蓮地震,地震,0.0429966709023
2024_1737,2024,289797.8,2643943.93,0403花蓮地震,地震,0.0518840029705
2024_1738,2024,296967.18,2642821.68,0403花蓮地震,地震,0.109049968969
2024_1739,2024,288715.33,2640474.42,0403花蓮地震,地震,0.885076869377
2024_1740,2024,296858.36,2642714.18,0403花蓮地震,地震,0.0898897409487
2024_1741,2024,299613.81,2647785.11,0403花蓮地震,地震,0.249315413319
2024_1742,2024,298601.9,2645945.43,0403花蓮地震,地震,0.13086323793
2024_1743,2024,299483.14,2645397.76,0403花蓮地震,地震,0.0897313336896
2024_1744,2024,298573.32,2645496.68,0403花蓮地震,地震,0.0829364986311
2024_1745,2024,287720.66,2644132.44,0403花蓮地震,地震,1.10391637454
2024_1746,2024,297977.12,2644220.79,0403花蓮地震,地震,0.552829761737
2024_1747,2024,292058.84,2646079.77,0403花蓮地震,地震,0.0109451962421
2024_1748,2024,287764.94,2639950.4,0403花蓮地震,地震,0.306452637422
2024_1749,2024,283958.35,2646611.8,0403花蓮地震,地震,0.0242509088727
2024_1750,2024,281729.24,2646878.68,0403花蓮地震,地震,0.917370395392
2024_1751,2024,300174.12,2648995.66,0403花蓮地震,地震,0.271582752688
2024_1752,2024,289940.17,2644042.8,0403花蓮地震,地震,0.3465395961
2024_1753,2024,299073.88,2646812.54,0403花蓮地震,地震,0.28927755721
2024_1754,2024,282668.94,2649091.94,0403花蓮地震,地震,0.508506059892
2024_1755,2024,288582.3,2640351.3,0403花蓮地震,地震,2.09307433821
2024_1756,2024,292023.52,2648626.26,0403花蓮地震,地震,0.1631765765
2024_1757,2024,292280.09,2645932.61,0403花蓮地震,地震,0.596870071662
2024_1758,2024,292081.26,2645983.0,0403花蓮地震,地震,0.203639896915
2024_1759,2024,298565.06,2646968.08,0403花蓮地震,地震,0.26922238374
2024_1760,2024,298609.14,2645593.0,0403花蓮地震,地震,0.103106384955
2024_1761,2024,308138.55,2657510.92,0403花蓮地震,地震,0.951208574652
2024_1762,2024,302711.89,2662891.8,0403花蓮地震,地震,0.57817533307
2024_1763,2024,303221.46,2655726.47,0403花蓮地震,地震,0.0115350946919
2024_1764,2024,304923.67,2660244.87,0403花蓮地震,地震,0.422128050419
2024_1765,2024,302089.23,2656208.49,0403花蓮地震,地震,0.0815353062147
2024_1766,2024,307377.13,2658622.29,0403花蓮地震,地震,0.168426023841
2024_1767,2024,305960.66,2657411.35,0403花蓮地震,地震,0.331432969577
2024_1768,2024,302646.59,2659085.52,0403花蓮地震,地震,0.124069172933
2024_1769,2024,302294.28,2662361.68,0403花蓮地震,地震,0.306784036417
2024_1770,2024,302201.85,2656798.05,0403花蓮地震,地震,0.0815715274954
2024_1771,2024,302331.56,2662820.52,0403花蓮地震,地震,0.0632777634837
2024_1772,2024,300471.53,2659300.5,0403花蓮地震,地震,0.668106522171
2024_1773,2024,302290.85,2662549.44,0403花蓮地震,地震,0.128801484459
2024_1774,2024,302805.39,2657335.05,0403花蓮地震,地震,0.0764058996831
2024_1775,2024,303307.88,2659636.73,0403花蓮地震,地震,0.459177063371
2024_1776,2024,300859.81,2658181.71,0403花蓮地震,地震,0.0503833869804
2024_1777,2024,301210.11,2658402.81,0403花蓮地震,地震,0.0445035408194
2024_1778,2024,301832.27,2656295.25,0403花蓮地震,地震,1.32820079847
2024_1779,2024,300950.97,2657747.77,0403花蓮地震,地震,0.0592900403124
2024_1780,2024,303390.6,2659644.14,0403花蓮地震,地震,0.220845434572
2024_1781,2024,302341.91,2658262.75,0403花蓮地震,地震,0.111517295063
2024_1782,2024,302044.07,2656053.37,0403花蓮地震,地震,0.0921017190848
2024_1783,2024,302360.24,2662082.18,0403花蓮地震,地震,0.404825485255
2024_1784,2024,307668.15,2657545.37,0403花蓮地震,地震,0.137315870908
2024_1785,2024,306438.18,2657490.89,0403花蓮地震,地震,0.275694665996
2024_1786,2024,303222.79,2659595.18,0403花蓮地震,地震,0.08428538268
2024_1787,2024,301739.32,2656596.91,0403花蓮地震,地震,0.770880267255
2024_1788,2024,304364.5,2659023.63,0403花蓮地震,地震,0.145506438241
2024_1789,2024,307094.14,2657198.72,0403花蓮地震,地震,0.158740000586
2024_1790,2024,304476.7,2660979.62,0403花蓮地震,地震,0.136191204808
2024_1791,2024,302684.7,2656637.14,0403花蓮地震,地震,0.511691509958
2024_1792,2024,300079.14,2660297.11,0403花蓮地震,地震,0.394321818217
2024_1793,2024,304398.08,2660913.6,0403花蓮地震,地震,0.155123967935
2024_1794,2024,302650.88,2662482.59,0403花蓮地震,地震,0.311936660332
2024_1795,2024,302448.64,2658962.86,0403花蓮地震,地震,0.886824250574
2024_1796,2024,300329.4,2658502.87,0403花蓮地震,地震,0.131624268615
2024_1797,2024,302363.69,2662609.42,0403花蓮地震,地震,0.181853244865
2024_1798,2024,303181.57,2659217.94,0403花蓮地震,地震,3.94781282587
2024_1799,2024,301089.77,2661316.84,0403花蓮地震,地震,0.0658617950333
2024_1800,2024,302233.35,2662286.22,0403花蓮地震,地震,0.0878339289798
2024_1801,2024,303489.35,2661561.18,0403花蓮地震,地震,0.152847807294
2024_1802,2024,306296.2,2659248.31,0403花蓮地震,地震,0.18991130033
2024_1803,2024,305703.15,2659268.08,0403花蓮地震,地震,0.441377370403
2024_1804,2024,302792.34,2655127.44,0403花蓮地震,地震,0.0503159690962
2024_1805,2024,303219.87,2663156.9,0403花蓮地震,地震,0.294124391909
2024_1806,2024,300758.19,2658122.48,0403花蓮地震,地震,0.188222450451
2024_1807,2024,301186.08,2661401.97,0403花蓮地震,地震,0.0399409042169
2024_1808,2024,302465.62,2662792.76,0403花蓮地震,地震,0.0753179180047
2024_1809,2024,306263.73,2657345.37,0403花蓮地震,地震,0.332265703919
2024_1810,2024,305765.85,2659721.54,0403花蓮地震,地震,3.3300145333
2024_1811,2024,301094.23,2661208.83,0403花蓮地震,地震,0.0263664223206
2024_1812,2024,302669.83,2662544.36,0403花蓮地震,地震,0.361304909702
2024_1813,2024,300425.02,2659235.26,0403花蓮地震,地震,0.0519751967192
2024_1814,2024,304483.15,2657646.51,0403花蓮地震,地震,0.685717643206
2024_1815,2024,304014.88,2654652.52,0403花蓮地震,地震,0.0454212701934
2024_1816,2024,307185.41,2656470.42,0403花蓮地震,地震,0.0881203666563
2024_1817,2024,303501.45,2659219.91,0403花蓮地震,地震,0.0858647565112
2024_1818,2024,302462.88,2662611.4,0403花蓮地震,地震,0.108878039715
2024_1819,2024,307738.59,2657098.23,0403花蓮地震,地震,0.297486533537
2024_1820,2024,303629.34,2657083.42,0403花蓮地震,地震,0.143289086186
2024_1821,2024,300322.63,2656682.82,0403花蓮地震,地震,0.184892265833
2024_1822,2024,304443.32,2659209.63,0403花蓮地震,地震,1.59740774506
2024_1823,2024,302145.29,2661907.06,0403花蓮地震,地震,0.734102588492
2024_1824,2024,302992.18,2656761.46,0403花蓮地震,地震,0.132729519279
2024_1825,2024,300558.47,2659503.79,0403花蓮地震,地震,0.110314117855
2024_1826,2024,303631.3,2658141.48,0403花蓮地震,地震,0.270349355483
2024_1827,2024,301252.37,2661400.2,0403花蓮地震,地震,0.0194941307258
2024_1828,2024,302574.91,2656509.1,0403花蓮地震,地震,0.318923754913
2024_1829,2024,303987.54,2658338.92,0403花蓮地震,地震,0.0746551628749
2024_1830,2024,300438.0,2658931.23,0403花蓮地震,地震,0.0443884568593
2024_1831,2024,301027.79,2658372.66,0403花蓮地震,地震,0.0743533697599
2024_1832,2024,302259.27,2662154.32,0403花蓮地震,地震,0.0914261111414
2024_1833,2024,302350.53,2661986.76,0403花蓮地震,地震,0.311587316565
2024_1834,2024,302268.23,2657354.04,0403花蓮地震,地震,0.0976464964298
2024_1835,2024,302325.7,2662455.86,0403花蓮地震,地震,0.248652391747
2024_1836,2024,307696.16,2657243.37,0403花蓮地震,地震,0.0827173921733
2024_1837,2024,303990.83,2654430.24,0403花蓮地震,地震,0.133186786975
2024_1838,2024,302037.92,2655506.34,0403花蓮地震,地震,0.0172145237676
2024_1839,2024,304186.31,2659081.84,0403花蓮地震,地震,0.0612874678963
2024_1840,2024,302133.06,2657750.65,0403花蓮地震,地震,1.22443584642
2024_1841,2024,304517.69,2661043.97,0403花蓮地震,地震,0.497819173487
2024_1842,2024,302163.6,2662282.76,0403花蓮地震,地震,0.042134024362
2024_1843,2024,302268.5,2662054.69,0403花蓮地震,地震,0.0555937423958
2024_1844,2024,304481.47,2661545.71,0403花蓮地震,地震,0.179589133238
2024_1845,2024,302493.5,2662667.98,0403花蓮地震,地震,0.13683088558
2024_1846,2024,301159.18,2658651.56,0403花蓮地震,地震,0.464856900637
2024_1847,2024,304231.66,2656784.43,0403花蓮地震,地震,0.134316892176
2024_1848,2024,303907.79,2659870.41,0403花蓮地震,地震,0.0435450319819
2024_1849,2024,303097.99,2657350.19,0403花蓮地震,地震,1.43850085693
2024_1850,2024,302949.46,2659113.54,0403花蓮地震,地震,4.12769727083
2024_1851,2024,304042.05,2654449.72,0403花蓮地震,地震,0.134125665167
2024_1852,2024,302904.39,2657325.1,0403花蓮地震,地震,1.13676097862
2024_1853,2024,302876.24,2656408.88,0403花蓮地震,地震,0.168583573567
2024_1854,2024,300290.21,2655919.88,0403花蓮地震,地震,0.146935240055
2024_1855,2024,302425.32,2662700.98,0403花蓮地震,地震,0.0603790345317
2024_1856,2024,301736.85,2657010.91,0403花蓮地震,地震,0.0650652419479
2024_1857,2024,302489.11,2654314.46,0403花蓮地震,地震,0.119123194489
2024_1858,2024,302368.88,2657837.73,0403花蓮地震,地震,0.395683615451
2024_1859,2024,300305.3,2658392.13,0403花蓮地震,地震,0.137219082915
2024_1860,2024,302500.59,2662805.29,0403花蓮地震,地震,0.0752197593665
2024_1861,2024,301190.36,2661503.77,0403花蓮地震,地震,0.114514124855
2024_1862,2024,302578.86,2662757.96,0403花蓮地震,地震,0.0152395716995
2024_1863,2024,303689.79,2659931.39,0403花蓮地震,地震,0.148420636493
2024_1864,2024,306423.2,2656957.76,0403花蓮地震,地震,0.0635897418521
2024_1865,2024,305709.96,2658035.72,0403花蓮地震,地震,0.62646891815
2024_1866,2024,301199.64,2661326.93,0403花蓮地震,地震,0.04466859021
2024_1867,2024,302161.15,2661963.12,0403花蓮地震,地震,0.140968042613
2024_1868,2024,302233.27,2657585.82,0403花蓮地震,地震,0.448213467632
2024_1869,2024,304051.38,2654524.55,0403花蓮地震,地震,0.0545694894803
2024_1870,2024,302514.76,2662490.13,0403花蓮地震,地震,0.0832330186436
2024_1871,2024,300339.08,2658797.21,0403花蓮地震,地震,0.0692091663584
2024_1872,2024,304817.85,2660150.99,0403花蓮地震,地震,1.10657627516
2024_1873,2024,302776.86,2662763.26,0403花蓮地震,地震,0.0323662359427
2024_1874,2024,302240.1,2655323.61,0403花蓮地震,地震,0.0309289677437
2024_1875,2024,303451.21,2659729.65,0403花蓮地震,地震,1.55370412952
2024_1876,2024,300065.24,2655709.63,0403花蓮地震,地震,0.579248508038
2024_1877,2024,302631.82,2655500.11,0403花蓮地震,地震,0.0417836702316
2024_1878,2024,302441.53,2657564.81,0403花蓮地震,地震,5.13704774109
2024_1879,2024,302719.64,2659146.47,0403花蓮地震,地震,0.0629168462055
2024_1880,2024,302440.9,2662128.25,0403花蓮地震,地震,0.134348332611
2024_1881,2024,307490.07,2657390.54,0403花蓮地震,地震,0.657765730574
2024_1882,2024,302233.64,2656185.33,0403花蓮地震,地震,0.0657062316554
2024_1883,2024,302279.96,2662241.33,0403花蓮地震,地震,0.0403113775808
2024_1884,2024,302234.33,2662110.09,0403花蓮地震,地震,0.0597067016867
2024_1885,2024,302262.28,2656078.2,0403花蓮地震,地震,0.0471923468492
2024_1886,2024,302617.02,2662737.69,0403花蓮地震,地震,0.0299462102888
2024_1887,2024,305852.74,2657525.72,0403花蓮地震,地震,0.693488576374
2024_1888,2024,302571.42,2658053.58,0403花蓮地震,地震,0.110643313308
2024_1889,2024,303162.73,2658311.83,0403花蓮地震,地震,0.0584035692891
2024_1890,2024,307210.7,2657764.6,0403花蓮地震,地震,0.524926792666
2024_1891,2024,300337.33,2656771.71,0403花蓮地震,地震,0.0710635479376
2024_1892,2024,302497.77,2662741.35,0403花蓮地震,地震,0.049677135344
2024_1893,2024,302390.44,2662946.49,0403花蓮地震,地震,0.0470737515114
2024_1894,2024,303521.6,2659852.53,0403花蓮地震,地震,0.210132803882
2024_1895,2024,304097.37,2654477.08,0403花蓮地震,地震,0.0699974833127
2024_1896,2024,302186.16,2654984.98,0403花蓮地震,地震,1.1320768739
2024_1897,2024,302081.68,2655299.15,0403花蓮地震,地震,0.0601875528319
2024_1898,2024,302941.24,2663134.95,0403花蓮地震,地震,0.210015866751
2024_1899,2024,302063.47,2661988.33,0403花蓮地震,地震,0.032163862423
2024_1900,2024,302111.9,2655858.77,0403花蓮地震,地震,0.177840141969
2024_1901,2024,302783.62,2656936.4,0403花蓮地震,地震,0.884117251249
2024_1902,2024,302340.56,2656207.84,0403花蓮地震,地震,0.0430165943058
2024_1903,2024,302874.06,2655419.28,0403花蓮地震,地震,0.0451244155446
2024_1904,2024,302156.07,2655133.96,0403花蓮地震,地震,0.404640051171
2024_1905,2024,301136.62,2658463.0,0403花蓮地震,地震,0.209813539333
2024_1906,2024,306332.92,2659702.91,0403花蓮地震,地震,0.151194427697
2024_1907,2024,301031.38,2658576.01,0403花蓮地震,地震,0.227835544246
2024_1908,2024,302361.08,2662278.62,0403花蓮地震,地震,0.262194685272
2024_1909,2024,301917.89,2655163.97,0403花蓮地震,地震,0.0257868766367
2024_1910,2024,302138.63,2656394.0,0403花蓮地震,地震,0.180353014607
2024_1911,2024,300427.56,2659206.79,0403花蓮地震,地震,0.045019527832
2024_1912,2024,300631.3,2657236.78,0403花蓮地震,地震,0.597248055851
2024_1913,2024,301073.31,2661260.93,0403花蓮地震,地震,0.0262460694563
2024_1914,2024,301527.85,2658480.09,0403花蓮地震,地震,0.0216454840057
2024_1915,2024,303189.52,2659532.85,0403花蓮地震,地震,0.117935647023
2024_1916,2024,303299.11,2660727.29,0403花蓮地震,地震,0.190201388773
2024_1917,2024,306099.65,2657366.6,0403花蓮地震,地震,0.435012296326
2024_1918,2024,302024.07,2661832.62,0403花蓮地震,地震,0.307512870149
2024_1919,2024,302352.51,2658650.48,0403花蓮地震,地震,0.141605331612
2024_1920,2024,302016.68,2654957.66,0403花蓮地震,地震,0.0163940359795
2024_1921,2024,301882.82,2657315.07,0403花蓮地震,地震,7.01422865795
2024_1922,2024,304590.88,2659230.23,0403花蓮地震,地震,0.349177579958
2024_1923,2024,302929.7,2658068.9,0403花蓮地震,地震,2.98548494298
2024_1924,2024,302342.51,2655813.74,0403花蓮地震,地震,9.30447597817
2024_1925,2024,300380.71,2658820.58,0403花蓮地震,地震,0.00948916858148
2024_1926,2024,303873.73,2660159.22,0403花蓮地震,地震,3.17661111602
2024_1927,2024,304142.96,2660348.11,0403花蓮地震,地震,2.48403759853
2024_1928,2024,302378.36,2662875.79,0403花蓮地震,地震,0.10772360804
2024_1929,2024,305610.73,2659098.73,0403花蓮地震,地震,0.262558230929
2024_1930,2024,300482.9,2659007.53,0403花蓮地震,地震,0.130833213491
2024_1931,2024,301219.74,2654953.91,0403花蓮地震,地震,0.0361864059601
2024_1932,2024,302228.8,2662534.94,0403花蓮地震,地震,0.0347482912852
2024_1933,2024,309750.03,2668630.13,0403花蓮地震,地震,0.138300988921
2024_1934,2024,308901.31,2669178.16,0403花蓮地震,地震,0.174832990732
2024_1935,2024,305737.91,2669758.6,0403花蓮地震,地震,0.125622236745
2024_1936,2024,305239.41,2670291.19,0403花蓮地震,地震,0.0500328720867
2024_1937,2024,305627.3,2670466.98,0403花蓮地震,地震,1.07988909714
2024_1938,2024,309915.8,2669303.03,0403花蓮地震,地震,0.122859898782
2024_1939,2024,311764.55,2669574.19,0403花蓮地震,地震,15.7698945676
2024_1940,2024,306215.52,2670105.03,0403花蓮地震,地震,0.247598598241
2024_1941,2024,310517.39,2669374.27,0403花蓮地震,地震,0.10748245576
2024_1942,2024,305392.34,2670463.09,0403花蓮地震,地震,0.237730936717
2024_1943,2024,312242.62,2669566.24,0403花蓮地震,地震,1.39846641431
2024_1944,2024,309030.63,2670132.21,0403花蓮地震,地震,0.863607762468
2024_1945,2024,305686.47,2669602.07,0403花蓮地震,地震,0.131809969685
2024_1946,2024,305065.3,2669231.55,0403花蓮地震,地震,0.157517418653
2024_1947,2024,305182.08,2670112.39,0403花蓮地震,地震,0.0377640534712
2024_1948,2024,307067.06,2669800.53,0403花蓮地震,地震,0.148511826053
2024_1949,2024,311315.17,2667788.48,0403花蓮地震,地震,0.561634658993
2024_1950,2024,311498.4,2667445.8,0403花蓮地震,地震,0.718170861475
2024_1951,2024,306918.56,2669873.38,0403花蓮地震,地震,0.404030150246
2024_1952,2024,310382.22,2667758.52,0403花蓮地震,地震,0.375504662376
2024_1953,2024,309462.03,2670155.45,0403花蓮地震,地震,0.705323209439
2024_1954,2024,313640.8,2669662.41,0403花蓮地震,地震,0.0517051058228
2024_1955,2024,305664.09,2670732.44,0403花蓮地震,地震,0.154385934777
2024_1956,2024,309114.53,2668536.48,0403花蓮地震,地震,0.523512607065
2024_1957,2024,310053.73,2669032.3,0403花蓮地震,地震,0.331203229547
2024_1958,2024,309795.54,2668693.51,0403花蓮地震,地震,0.202931506962
2024_1959,2024,311876.48,2668981.4,0403花蓮地震,地震,0.0977615441632
2024_1960,2024,305757.34,2669709.27,0403花蓮地震,地震,0.0835375036694
2024_1961,2024,310837.75,2667860.2,0403花蓮地震,地震,2.01450646246
2024_1962,2024,308180.77,2669696.37,0403花蓮地震,地震,0.63854699887
2024_1963,2024,311701.38,2669014.59,0403花蓮地震,地震,0.136402418364
2024_1964,2024,309743.82,2668461.47,0403花蓮地震,地震,1.19932331396
2024_1965,2024,308320.73,2668489.77,0403花蓮地震,地震,0.072859640083
2024_1966,2024,306163.93,2669950.13,0403花蓮地震,地震,0.145627833747
2024_1967,2024,305279.29,2670356.0,0403花蓮地震,地震,0.026437714162
2024_1968,2024,308705.06,2669038.61,0403花蓮地震,地震,0.723665296532
2024_1969,2024,306644.12,2670519.16,0403花蓮地震,地震,0.147873751471
2024_1970,2024,309683.32,2668410.03,0403花蓮地震,地震,0.336190244533
2024_1971,2024,308821.17,2668411.5,0403花蓮地震,地震,0.630222344943
2024_1972,2024,306656.88,2670270.72,0403花蓮地震,地震,0.18436157444
2024_1973,2024,308526.83,2670145.17,0403花蓮地震,地震,0.151000097524
2024_1974,2024,308918.2,2669093.66,0403花蓮地震,地震,0.348239807706
2024_1975,2024,308434.26,2669218.07,0403花蓮地震,地震,1.18941576392
2024_1976,2024,305064.94,2669988.41,0403花蓮地震,地震,0.0947076123366
2024_1977,2024,308355.67,2669417.3,0403花蓮地震,地震,0.0795112779628
2024_1978,2024,307298.57,2668873.21,0403花蓮地震,地震,0.152579339536
2024_1979,2024,306411.41,2670849.84,0403花蓮地震,地震,0.108250574781
2024_1980,2024,305302.08,2670150.49,0403花蓮地震,地震,0.179317852842
2024_1981,2024,310682.93,2668260.43,0403花蓮地震,地震,1.12326732197
2024_1982,2024,312325.86,2669067.91,0403花蓮地震,地震,0.0896245130838
2024_1983,2024,309813.93,2668765.61,0403花蓮地震,地震,0.196915270298
2024_1984,2024,309640.69,2668201.36,0403花蓮地震,地震,1.70012994498
2024_1985,2024,306193.49,2669974.96,0403花蓮地震,地震,0.186750512952
2024_1986,2024,310334.03,2668483.49,0403花蓮地震,地震,0.252473385582
2024_1987,2024,312033.08,2669245.86,0403花蓮地震,地震,0.168092594961
2024_1988,2024,310666.87,2667532.95,0403花蓮地震,地震,0.427377039204
2024_1989,2024,312351.23,2666836.96,0403花蓮地震,地震,0.131254657928
2024_1990,2024,308706.62,2670131.54,0403花蓮地震,地震,0.187276125283
2024_1991,2024,312414.09,2666852.23,0403花蓮地震,地震,0.0230633174782
2024_1992,2024,309517.23,2670086.29,0403花蓮地震,地震,0.0225668554048
2024_1993,2024,310821.77,2669520.33,0403花蓮地震,地震,0.174555831492
2024_1994,2024,312312.17,2669295.44,0403花蓮地震,地震,1.67150420791
2024_1995,2024,308917.89,2668967.27,0403花蓮地震,地震,0.488381019422
2024_1996,2024,309892.92,2668332.27,0403花蓮地震,地震,0.542734224499
2024_1997,2024,309512.54,2668671.08,0403花蓮地震,地震,0.0748175289302
2024_1998,2024,305725.19,2670563.35,0403花蓮地震,地震,0.304750282108
2024_1999,2024,310000.34,2668810.22,0403花蓮地震,地震,5.13325206836
2024_2000,2024,310271.76,2668861.99,0403花蓮地震,地震,0.134315400842
2024_2001,2024,312513.25,2667379.99,0403花蓮地震,地震,0.049395656225
2024_2002,2024,309204.32,2669749.7,0403花蓮地震,地震,0.107698957661
2024_2003,2024,306028.94,2669981.55,0403花蓮地震,地震,0.337003990599
2024_2004,2024,309794.66,2667978.67,0403花蓮地震,地震,1.21847317292
2024_2005,2024,310136.27,2668136.93,0403花蓮地震,地震,0.17622752965
2024_2006,2024,305520.21,2665288.4,0403花蓮地震,地震,0.0356133823356
2024_2007,2024,304781.05,2661109.05,0403花蓮地震,地震,0.624008426954
2024_2008,2024,306872.36,2665954.01,0403花蓮地震,地震,0.200367485491
2024_2009,2024,306753.23,2663787.17,0403花蓮地震,地震,0.2041328713
2024_2010,2024,305932.24,2662910.23,0403花蓮地震,地震,9.78785273048
2024_2011,2024,304976.16,2664808.11,0403花蓮地震,地震,0.266703822353
2024_2012,2024,308154.55,2664317.15,0403花蓮地震,地震,4.37692979781
2024_2013,2024,303932.14,2664566.2,0403花蓮地震,地震,0.577625590099
2024_2014,2024,303776.52,2664435.04,0403花蓮地震,地震,0.113757425128
2024_2015,2024,303295.28,2663226.83,0403花蓮地震,地震,0.152014317921
2024_2016,2024,302806.44,2663246.3,0403花蓮地震,地震,0.491494021404
2024_2017,2024,303035.03,2664138.37,0403花蓮地震,地震,0.392813415732
2024_2018,2024,306364.21,2665872.8,0403花蓮地震,地震,0.44014176172
2024_2019,2024,305762.64,2665271.67,0403花蓮地震,地震,0.0704830382043
2024_2020,2024,306998.07,2664203.99,0403花蓮地震,地震,1.48397729271
2024_2021,2024,304103.19,2665223.79,0403花蓮地震,地震,0.812053262055
2024_2022,2024,306079.97,2662748.3,0403花蓮地震,地震,0.392970139013
2024_2023,2024,308202.06,2660268.27,0403花蓮地震,地震,0.281768949081
2024_2024,2024,304053.87,2664220.31,0403花蓮地震,地震,0.483118843509
2024_2025,2024,306556.26,2666458.9,0403花蓮地震,地震,0.460753096242
2024_2026,2024,305976.47,2665168.32,0403花蓮地震,地震,0.166286510805
2024_2027,2024,303147.15,2664400.59,0403花蓮地震,地震,0.540902939538
2024_2028,2024,308194.82,2659770.53,0403花蓮地震,地震,0.350832999055
2024_2029,2024,303348.03,2663316.9,0403花蓮地震,地震,1.20064668241
2024_2030,2024,304839.71,2663839.49,0403花蓮地震,地震,0.824827034957
2024_2031,2024,305699.9,2662384.52,0403花蓮地震,地震,0.242589565444
2024_2032,2024,305619.95,2665332.18,0403花蓮地震,地震,0.00404028349323
2024_2033,2024,308120.46,2658538.85,0403花蓮地震,地震,0.418739752149
2024_2034,2024,308070.41,2665219.25,0403花蓮地震,地震,0.777611770095
2024_2035,2024,307500.38,2658900.04,0403花蓮地震,地震,0.130399826035
2024_2036,2024,302651.67,2663277.17,0403花蓮地震,地震,0.101105824148
2024_2037,2024,305307.97,2662355.42,0403花蓮地震,地震,1.30186132257
2024_2038,2024,308117.48,2663448.8,0403花蓮地震,地震,0.442431088314
2024_2039,2024,307749.24,2665629.37,0403花蓮地震,地震,0.16977036139
2024_2040,2024,306096.48,2661500.43,0403花蓮地震,地震,0.0522513560006
2024_2041,2024,302710.53,2663359.02,0403花蓮地震,地震,0.0270051276979
2024_2042,2024,306662.21,2665093.32,0403花蓮地震,地震,1.87892267254
2024_2043,2024,304689.3,2660963.11,0403花蓮地震,地震,0.132812959338
2024_2044,2024,305468.27,2664938.66,0403花蓮地震,地震,0.234241504211
2024_2045,2024,305909.36,2665292.73,0403花蓮地震,地震,0.0399172752467
2024_2046,2024,308163.99,2664778.62,0403花蓮地震,地震,0.32832192246
2024_2047,2024,308581.71,2661124.06,0403花蓮地震,地震,0.345655494655
2024_2048,2024,303297.26,2665223.79,0403花蓮地震,地震,0.472452103504
2024_2049,2024,305988.1,2665402.67,0403花蓮地震,地震,0.274159320308
2024_2050,2024,306424.85,2663539.53,0403花蓮地震,地震,0.199408514218
2024_2051,2024,306655.77,2664337.16,0403花蓮地震,地震,0.919972208788
2024_2052,2024,307886.37,2664356.65,0403花蓮地震,地震,0.16070228898
2024_2053,2024,305468.84,2664829.43,0403花蓮地震,地震,0.620983166983
2024_2054,2024,304862.04,2661486.15,0403花蓮地震,地震,1.45820909824
2024_2055,2024,305683.5,2662023.64,0403花蓮地震,地震,0.211269039266
2024_2056,2024,303454.03,2665040.01,0403花蓮地震,地震,0.527918882853
2024_2057,2024,306195.34,2663325.18,0403花蓮地震,地震,0.88500845851
2024_2058,2024,303772.93,2663581.22,0403花蓮地震,地震,0.131085846661
2024_2059,2024,305704.03,2665274.33,0403花蓮地震,地震,0.0463914547508
2024_2060,2024,302989.92,2663258.68,0403花蓮地震,地震,0.218324051887
2024_2061,2024,304144.26,2664510.86,0403花蓮地震,地震,0.313839332488
2024_2062,2024,305924.17,2665154.98,0403花蓮地震,地震,0.00611947736073
2024_2063,2024,305451.17,2665378.82,0403花蓮地震,地震,0.0600101574759
2024_2064,2024,306355.97,2663394.76,0403花蓮地震,地震,0.204260453556
2024_2065,2024,305064.4,2661586.74,0403花蓮地震,地震,0.307571533977
2024_2066,2024,305346.88,2662103.75,0403花蓮地震,地震,2.38887069448
2024_2067,2024,303499.81,2664766.34,0403花蓮地震,地震,0.0775895705025
2024_2068,2024,303229.16,2664396.51,0403花蓮地震,地震,0.436658052625
2024_2069,2024,305824.41,2662481.93,0403花蓮地震,地震,3.43270169247
2024_2070,2024,306777.51,2665910.96,0403花蓮地震,地震,0.100770577392
2024_2071,2024,305885.0,2663794.09,0403花蓮地震,地震,0.364681823796
2024_2072,2024,304466.78,2665133.76,0403花蓮地震,地震,2.2468923635
2024_2073,2024,305692.58,2665226.58,0403花蓮地震,地震,0.0140360146452
2024_2074,2024,306120.14,2665195.5,0403花蓮地震,地震,0.109363259401
2024_2075,2024,305863.99,2665323.56,0403花蓮地震,地震,0.025148022495
2024_2076,2024,303552.52,2663475.83,0403花蓮地震,地震,2.51251600798
2024_2077,2024,304099.48,2663651.25,0403花蓮地震,地震,0.500934050972
2024_2078,2024,307260.65,2664497.36,0403花蓮地震,地震,0.119160418368
2024_2079,2024,304684.62,2661202.38,0403花蓮地震,地震,0.100680881159
2024_2080,2024,303407.47,2664281.34,0403花蓮地震,地震,0.275678128303
2024_2081,2024,307952.98,2659136.0,0403花蓮地震,地震,0.492285963406
2024_2082,2024,305057.44,2661788.92,0403花蓮地震,地震,0.0713270920964
2024_2083,2024,306544.12,2664035.1,0403花蓮地震,地震,1.6999251868
2024_2084,2024,303055.06,2663194.29,0403花蓮地震,地震,0.0637008653462
2024_2085,2024,305887.48,2663989.46,0403花蓮地震,地震,0.467868828151
2024_2086,2024,308613.08,2661255.36,0403花蓮地震,地震,0.335106669264
2024_2087,2024,306635.9,2663777.94,0403花蓮地震,地震,0.44199474297
2024_2088,2024,305281.7,2664286.53,0403花蓮地震,地震,10.1007855002
2024_2089,2024,306278.92,2665045.06,0403花蓮地震,地震,0.106792053688
2024_2090,2024,303509.05,2665116.44,0403花蓮地震,地震,0.305010279362
2024_2091,2024,303678.46,2664638.97,0403花蓮地震,地震,0.369358231913
2024_2092,2024,303148.39,2663203.26,0403花蓮地震,地震,0.0398589703958
2024_2093,2024,307596.1,2665882.7,0403花蓮地震,地震,0.12919893213
2024_2094,2024,308343.07,2663273.08,0403花蓮地震,地震,0.319462556799
2024_2095,2024,303675.64,2663613.61,0403花蓮地震,地震,0.384555071418
2024_2096,2024,302941.13,2663189.25,0403花蓮地震,地震,0.0279152438737
2024_2097,2024,306063.64,2665070.88,0403花蓮地震,地震,0.186222352198
2024_2098,2024,306482.91,2663330.87,0403花蓮地震,地震,0.0600201792925
2024_2099,2024,307907.68,2664913.56,0403花蓮地震,地震,0.577561359272
2024_2100,2024,306365.03,2662907.93,0403花蓮地震,地震,0.0665008325533
2024_2101,2024,303957.4,2663989.2,0403花蓮地震,地震,0.103368138395
2024_2102,2024,306363.27,2663171.01,0403花蓮地震,地震,0.175844635101
2024_2103,2024,305763.68,2665167.19,0403花蓮地震,地震,0.216815024424
2024_2104,2024,307713.59,2660386.93,0403花蓮地震,地震,0.165070297446
2024_2105,2024,305502.99,2665283.01,0403花蓮地震,地震,0.0120111340081
2024_2106,2024,304882.87,2664781.93,0403花蓮地震,地震,0.546667294097
2024_2107,2024,308058.4,2665088.65,0403花蓮地震,地震,0.290187034863
2024_2108,2024,304252.98,2663514.5,0403花蓮地震,地震,0.846829777282
2024_2109,2024,307683.34,2660350.01,0403花蓮地震,地震,0.104145752701
2024_2110,2024,306115.39,2665119.32,0403花蓮地震,地震,0.0766636283265
2024_2111,2024,308063.74,2663166.54,0403花蓮地震,地震,0.125976901894
2024_2112,2024,307017.68,2666526.96,0403花蓮地震,地震,0.276723876559
2024_2113,2024,304968.61,2661290.78,0403花蓮地震,地震,0.107815847322
2024_2114,2024,303869.93,2663619.07,0403花蓮地震,地震,0.39404972824
2024_2115,2024,306792.17,2662325.93,0403花蓮地震,地震,0.0507639125988
2024_2116,2024,306814.15,2665824.49,0403花蓮地震,地震,0.156768441048
2024_2117,2024,306726.1,2665553.12,0403花蓮地震,地震,0.167856998906
2024_2118,2024,308313.97,2660107.58,0403花蓮地震,地震,0.254860743049
2024_2119,2024,305265.8,2661896.49,0403花蓮地震,地震,0.261617086498
2024_2120,2024,306974.27,2665436.16,0403花蓮地震,地震,0.17645772777
2024_2121,2024,304609.43,2662762.41,0403花蓮地震,地震,0.104283044388
2024_2122,2024,303949.23,2665162.99,0403花蓮地震,地震,0.442226021349
2024_2123,2024,305580.54,2665310.87,0403花蓮地震,地震,0.0290317831154
2024_2124,2024,306237.33,2664934.57,0403花蓮地震,地震,0.0897599778544
2024_2125,2024,307001.91,2665980.67,0403花蓮地震,地震,0.141780242116
2024_2126,2024,304651.2,2661107.71,0403花蓮地震,地震,0.0892456146245
2024_2127,2024,306014.6,2661467.14,0403花蓮地震,地震,0.11300153965
2024_2128,2024,303427.11,2664822.92,0403花蓮地震,地震,0.058397044256
2024_2129,2024,305859.96,2661373.84,0403花蓮地震,地震,0.143309835925
2024_2130,2024,305307.09,2662576.66,0403花蓮地震,地震,0.636745914495
2024_2131,2024,305910.35,2663237.53,0403花蓮地震,地震,0.864491495144
2024_2132,2024,308253.6,2664573.47,0403花蓮地震,地震,0.310011337787
2024_2133,2024,306844.04,2665191.63,0403花蓮地震,地震,0.42727642381
2024_2134,2024,310625.01,2663833.63,0403花蓮地震,地震,0.329437414888
2024_2135,2024,308059.16,2665366.84,0403花蓮地震,地震,1.20132279871
2024_2136,2024,308330.95,2663329.47,0403花蓮地震,地震,0.110225778484
2024_2137,2024,304655.4,2664695.41,0403花蓮地震,地震,2.14920511834
2024_2138,2024,308942.39,2665031.77,0403花蓮地震,地震,1.06021319563
2024_2139,2024,305217.21,2665113.45,0403花蓮地震,地震,0.709059682893
2024_2140,2024,306271.39,2664565.86,0403花蓮地震,地震,27.3354034485
2024_2141,2024,305709.71,2665198.72,0403花蓮地震,地震,0.0102965675392
2024_2142,2024,306855.7,2664221.35,0403花蓮地震,地震,0.047383866828
2024_2143,2024,305634.89,2664920.15,0403花蓮地震,地震,0.455961357095
2024_2144,2024,306405.83,2663598.39,0403花蓮地震,地震,0.0866469509893
2024_2145,2024,308224.18,2663576.22,0403花蓮地震,地震,0.652759740533
2024_2146,2024,306809.13,2664162.83,0403花蓮地震,地震,0.0817670284322
2024_2147,2024,305206.99,2661793.4,0403花蓮地震,地震,0.180207201631
2024_2148,2024,305951.45,2663880.93,0403花蓮地震,地震,0.31359266773
2024_2149,2024,305297.06,2664822.65,0403花蓮地震,地震,0.546669321973
2024_2150,2024,303433.64,2663386.13,0403花蓮地震,地震,0.545568059583
2024_2151,2024,305639.42,2665319.39,0403花蓮地震,地震,0.00331385405001
2024_2152,2024,305819.96,2665270.75,0403花蓮地震,地震,0.24340350735
2024_2153,2024,305070.94,2661661.26,0403花蓮地震,地震,0.129279489661
2024_2154,2024,310360.89,2663266.03,0403花蓮地震,地震,0.0892276294686
2024_2155,2024,304316.65,2664707.25,0403花蓮地震,地震,1.95303256612
2024_2156,2024,306713.23,2663998.13,0403花蓮地震,地震,0.137777951466
2024_2157,2024,305586.26,2664434.47,0403花蓮地震,地震,0.227425232368
2024_2158,2024,305743.36,2661339.13,0403花蓮地震,地震,0.177324463291
2024_2159,2024,304570.9,2660803.07,0403花蓮地震,地震,0.370180629898
2024_2160,2024,303911.26,2663937.6,0403花蓮地震,地震,0.0286421364781
2024_2161,2024,307869.29,2658321.73,0403花蓮地震,地震,0.481349812275
2024_2162,2024,303638.68,2664448.99,0403花蓮地震,地震,0.133666961135
2024_2163,2024,306856.56,2665663.14,0403花蓮地震,地震,0.178573661196
2024_2164,2024,308125.21,2660202.04,0403花蓮地震,地震,0.23674694472
2024_2165,2024,305789.39,2662319.46,0403花蓮地震,地震,0.553507186811
2024_2166,2024,304574.76,2663480.53,0403花蓮地震,地震,1.12415875226
2024_2167,2024,306623.51,2663429.79,0403花蓮地震,地震,0.472365017914
2024_2168,2024,305159.2,2661534.94,0403花蓮地震,地震,0.141983620471
2024_2169,2024,308052.22,2665522.23,0403花蓮地震,地震,0.453454541232
2024_2170,2024,306508.49,2663168.29,0403花蓮地震,地震,0.0617266840666
2024_2171,2024,310480.02,2663192.23,0403花蓮地震,地震,0.498512861381
2024_2172,2024,304950.64,2661257.84,0403花蓮地震,地震,0.131851752225
2024_2173,2024,306151.03,2662981.08,0403花蓮地震,地震,0.111289105331
2024_2174,2024,307599.38,2665695.12,0403花蓮地震,地震,0.910293450459
2024_2175,2024,308315.54,2664986.66,0403花蓮地震,地震,2.27966962874
2024_2176,2024,307578.78,2665575.08,0403花蓮地震,地震,0.154659259554
2024_2177,2024,306152.35,2661610.41,0403花蓮地震,地震,0.0413082449643
2024_2178,2024,307755.04,2660037.02,0403花蓮地震,地震,0.0820007035653
2024_2179,2024,306033.68,2665353.11,0403花蓮地震,地震,0.472450191467
2024_2180,2024,307739.44,2664149.67,0403花蓮地震,地震,0.780635390869
2024_2181,2024,305362.11,2665650.54,0403花蓮地震,地震,0.0665633374569
2024_2182,2024,307391.65,2658847.5,0403花蓮地震,地震,0.0611828918231
2024_2183,2024,303815.97,2663609.42,0403花蓮地震,地震,0.0351142948224
2024_2184,2024,305707.42,2661954.5,0403花蓮地震,地震,0.0988536051574
2024_2185,2024,306163.55,2662721.69,0403花蓮地震,地震,0.0403249215378
2024_2186,2024,303989.06,2664104.05,0403花蓮地震,地震,0.194720275893
2024_2187,2024,303993.42,2663656.19,0403花蓮地震,地震,0.0794203134261
2024_2188,2024,310623.78,2663896.75,0403花蓮地震,地震,0.117061127453
2024_2189,2024,307114.7,2666175.98,0403花蓮地震,地震,1.30060860622
2024_2190,2024,305609.97,2665127.23,0403花蓮地震,地震,0.810452017668
2024_2191,2024,317298.69,2690176.11,0403花蓮地震,地震,0.136228987694
2024_2192,2024,319691.16,2687621.02,0403花蓮地震,地震,0.118845564993
2024_2193,2024,317294.44,2691168.76,0403花蓮地震,地震,0.0601015200294
2024_2194,2024,321190.71,2681510.8,0403花蓮地震,地震,0.0473319246781
2024_2195,2024,320047.41,2680907.95,0403花蓮地震,地震,1.88839987053
2024_2196,2024,316480.39,2689937.72,0403花蓮地震,地震,0.231813406916
2024_2197,2024,319505.36,2686444.94,0403花蓮地震,地震,0.117536782724
2024_2198,2024,320518.24,2682416.4,0403花蓮地震,地震,1.32496387297
2024_2199,2024,319466.34,2690249.77,0403花蓮地震,地震,0.0431289070047
2024_2200,2024,317112.41,2684368.41,0403花蓮地震,地震,0.817369145532
2024_2201,2024,319518.77,2686077.62,0403花蓮地震,地震,0.188704504872
2024_2202,2024,320923.71,2684239.41,0403花蓮地震,地震,0.191658792076
2024_2203,2024,318530.81,2691165.56,0403花蓮地震,地震,0.0117056905815
2024_2204,2024,316754.58,2686066.35,0403花蓮地震,地震,0.226363687767
2024_2205,2024,316881.74,2688034.51,0403花蓮地震,地震,0.0367599083015
2024_2206,2024,320105.35,2682153.24,0403花蓮地震,地震,2.1429400253
2024_2207,2024,317439.5,2690207.28,0403花蓮地震,地震,0.00894941749222
2024_2208,2024,320417.31,2682689.93,0403花蓮地震,地震,3.60263230323
2024_2209,2024,314039.36,2685131.68,0403花蓮地震,地震,0.838369160469
2024_2210,2024,316884.27,2677063.36,0403花蓮地震,地震,0.825406141663
2024_2211,2024,312314.96,2682667.91,0403花蓮地震,地震,0.575710039884
2024_2212,2024,309411.86,2683611.97,0403花蓮地震,地震,0.0443681749533
2024_2213,2024,317078.1,2678469.05,0403花蓮地震,地震,1.99013913999
2024_2214,2024,314244.74,2680425.56,0403花蓮地震,地震,0.193829103867
2024_2215,2024,312699.16,2684536.86,0403花蓮地震,地震,0.0352292820355
2024_2216,2024,314260.69,2672410.51,0403花蓮地震,地震,0.0921769017611
2024_2217,2024,315156.72,2674813.8,0403花蓮地震,地震,0.308547201477
2024_2218,2024,317893.29,2680411.51,0403花蓮地震,地震,0.599534149561
2024_2219,2024,315022.58,2681098.65,0403花蓮地震,地震,0.023061214886
2024_2220,2024,318868.36,2680279.24,0403花蓮地震,地震,2.37427215451
2024_2221,2024,311042.48,2678136.2,0403花蓮地震,地震,0.208086179307
2024_2222,2024,316462.5,2678876.77,0403花蓮地震,地震,0.702086007606
2024_2223,2024,316591.3,2675908.33,0403花蓮地震,地震,6.29271959024
2024_2224,2024,311893.41,2684519.15,0403花蓮地震,地震,0.0121661179629
2024_2225,2024,317456.54,2678935.65,0403花蓮地震,地震,1.59475605239
2024_2226,2024,318849.99,2679273.0,0403花蓮地震,地震,1.84633620233
2024_2227,2024,316821.73,2676325.28,0403花蓮地震,地震,0.291536246999
2024_2228,2024,307210.74,2666060.89,0403花蓮地震,地震,0.135412339758
2024_2229,2024,307104.15,2665742.04,0403花蓮地震,地震,0.266689989051
2024_2230,2024,305422.22,2664683.0,0403花蓮地震,地震,1.11498743984
2024_2231,2024,305737.69,2665329.6,0403花蓮地震,地震,0.00755110471817
2024_2232,2024,306845.4,2665467.87,0403花蓮地震,地震,0.146533369055
2024_2233,2024,308004.2,2664950.31,0403花蓮地震,地震,0.551440176986
2024_2234,2024,308555.39,2660894.33,0403花蓮地震,地震,0.21953374672
2024_2235,2024,305910.12,2665233.99,0403花蓮地震,地震,0.0114203589693
2024_2236,2024,307526.02,2665939.98,0403花蓮地震,地震,0.128034691621
2024_2237,2024,306395.63,2662959.7,0403花蓮地震,地震,0.138120789726
2024_2238,2024,306497.44,2663555.02,0403花蓮地震,地震,0.362581046631
2024_2239,2024,317191.18,2684212.97,0403花蓮地震,地震,0.174132201646
2024_2240,2024,320194.75,2681400.33,0403花蓮地震,地震,1.17345261894
2024_2241,2024,318974.85,2682295.67,0403花蓮地震,地震,0.0169395526531
2024_2242,2024,323418.0,2684627.75,0403花蓮地震,地震,0.153125578677
2024_2243,2024,315741.65,2686131.66,0403花蓮地震,地震,0.479425259573
2024_2244,2024,315008.46,2682988.65,0403花蓮地震,地震,0.0550681853737
2024_2245,2024,314721.87,2686150.59,0403花蓮地震,地震,1.99906546665
2024_2246,2024,321398.5,2681319.41,0403花蓮地震,地震,1.95075729664
2024_2247,2024,313965.85,2685097.62,0403花蓮地震,地震,0.0520714995548
2024_2248,2024,319659.76,2690431.71,0403花蓮地震,地震,0.115221040234
2024_2249,2024,321028.08,2682972.42,0403花蓮地震,地震,10.2784479729
2024_2250,2024,314660.8,2691019.83,0403花蓮地震,地震,0.19501657581
2024_2251,2024,312384.53,2687994.52,0403花蓮地震,地震,0.748583856924
2024_2252,2024,316102.86,2684566.53,0403花蓮地震,地震,2.4756548924
2024_2253,2024,321338.48,2686329.58,0403花蓮地震,地震,0.747168172173
2024_2254,2024,316598.17,2686234.9,0403花蓮地震,地震,0.324188661703
2024_2255,2024,315993.14,2687707.8,0403花蓮地震,地震,0.177066075268
2024_2256,2024,323164.69,2687400.51,0403花蓮地震,地震,0.0192901901948
2024_2257,2024,314463.25,2684886.61,0403花蓮地震,地震,0.332276320649
2024_2258,2024,323554.48,2684162.26,0403花蓮地震,地震,0.363722733471
2024_2259,2024,320365.12,2682204.65,0403花蓮地震,地震,0.634871093971
2024_2260,2024,314204.59,2684613.42,0403花蓮地震,地震,0.359212689194
2024_2261,2024,320172.92,2682988.69,0403花蓮地震,地震,8.03511060062
2024_2262,2024,314816.1,2686182.16,0403花蓮地震,地震,1.45480502679
2024_2263,2024,322813.75,2683287.03,0403花蓮地震,地震,0.163796207858
2024_2264,2024,313461.36,2685203.57,0403花蓮地震,地震,0.0209035301848
2024_2265,2024,320635.55,2680938.55,0403花蓮地震,地震,0.040126754705
2024_2266,2024,323253.02,2687687.95,0403花蓮地震,地震,0.0352506235485
2024_2267,2024,315628.03,2687622.81,0403花蓮地震,地震,1.7275244375
2024_2268,2024,317248.82,2683886.67,0403花蓮地震,地震,0.643913900518
2024_2269,2024,315645.72,2684460.59,0403花蓮地震,地震,1.41347421971
2024_2270,2024,320938.86,2680314.31,0403花蓮地震,地震,2.81910103272
2024_2271,2024,314780.13,2682983.59,0403花蓮地震,地震,0.21185750228
2024_2272,2024,320841.16,2685802.14,0403花蓮地震,地震,0.231185818725
2024_2273,2024,320855.56,2683303.11,0403花蓮地震,地震,0.523712763298
2024_2274,2024,316618.74,2687470.52,0403花蓮地震,地震,0.236935656317
2024_2275,2024,312301.24,2688047.07,0403花蓮地震,地震,0.897798285678
2024_2276,2024,315327.77,2682583.02,0403花蓮地震,地震,0.408580659134
2024_2277,2024,296930.79,2693895.67,0403花蓮地震,地震,0.0471919913614
2024_2278,2024,321082.76,2687026.95,0403花蓮地震,地震,1.51113430676
2024_2279,2024,323386.95,2684063.98,0403花蓮地震,地震,1.70133384818
2024_2280,2024,322858.71,2684281.7,0403花蓮地震,地震,0.777989303228
2024_2281,2024,315409.01,2687370.65,0403花蓮地震,地震,0.120079227592
2024_2282,2024,320817.72,2683675.53,0403花蓮地震,地震,0.53612610213
2024_2283,2024,320492.83,2679674.14,0403花蓮地震,地震,0.20474963195
2024_2284,2024,316639.09,2690160.22,0403花蓮地震,地震,0.399950156839
2024_2285,2024,321506.31,2688008.18,0403花蓮地震,地震,0.955671682832
2024_2286,2024,320040.16,2687764.26,0403花蓮地震,地震,0.286604409083
2024_2287,2024,315033.26,2686246.14,0403花蓮地震,地震,0.315484359525
2024_2288,2024,317454.43,2690270.87,0403花蓮地震,地震,0.163250690717
2024_2289,2024,314570.09,2683849.44,0403花蓮地震,地震,0.0130086972529
2024_2290,2024,322281.21,2682941.63,0403花蓮地震,地震,0.204189367201
2024_2291,2024,312609.47,2686746.1,0403花蓮地震,地震,0.272023743373
2024_2292,2024,320378.78,2686735.21,0403花蓮地震,地震,0.424648108771
2024_2293,2024,312700.28,2687778.07,0403花蓮地震,地震,0.332187590507
2024_2294,2024,315299.17,2682504.85,0403花蓮地震,地震,0.0528906876549
2024_2295,2024,314406.16,2689400.18,0403花蓮地震,地震,0.118235091527
2024_2296,2024,314677.87,2689456.94,0403花蓮地震,地震,0.538037575708
2024_2297,2024,315674.68,2687701.26,0403花蓮地震,地震,0.159934701646
2024_2298,2024,314154.17,2684470.68,0403花蓮地震,地震,0.111194466954
2024_2299,2024,319691.65,2690558.02,0403花蓮地震,地震,0.522706720697
2024_2300,2024,316594.35,2687930.64,0403花蓮地震,地震,1.61696250904
2024_2301,2024,318828.58,2682065.99,0403花蓮地震,地震,0.132729626223
2024_2302,2024,320775.64,2680374.21,0403花蓮地震,地震,0.150936382189
2024_2303,2024,318553.22,2681677.45,0403花蓮地震,地震,1.01703042554
2024_2304,2024,320490.37,2680426.14,0403花蓮地震,地震,0.341345198349
2024_2305,2024,320747.66,2686511.35,0403花蓮地震,地震,1.14879453517
2024_2306,2024,314198.09,2684372.2,0403花蓮地震,地震,0.934038935492
2024_2307,2024,323241.47,2687472.06,0403花蓮地震,地震,0.179114837418
2024_2308,2024,317938.5,2686027.94,0403花蓮地震,地震,0.565745124222
2024_2309,2024,320009.17,2687669.44,0403花蓮地震,地震,0.164325135173
2024_2310,2024,313436.15,2691842.85,0403花蓮地震,地震,0.0378250412657
2024_2311,2024,314310.94,2685498.2,0403花蓮地震,地震,0.308637134301
2024_2312,2024,316916.16,2687920.35,0403花蓮地震,地震,0.124237745567
2024_2313,2024,316105.31,2686114.51,0403花蓮地震,地震,0.667306323576
2024_2314,2024,316873.86,2683611.66,0403花蓮地震,地震,0.971975160868
2024_2315,2024,319787.93,2682351.36,0403花蓮地震,地震,2.49267362031
2024_2316,2024,316493.22,2684838.29,0403花蓮地震,地震,0.993343909684
2024_2317,2024,316559.01,2685998.62,0403花蓮地震,地震,1.68146021706
2024_2318,2024,316274.81,2687914.78,0403花蓮地震,地震,0.836796787569
2024_2319,2024,317398.42,2692107.22,0403花蓮地震,地震,0.879678858031
2024_2320,2024,315817.83,2687158.81,0403花蓮地震,地震,0.110111669734
2024_2321,2024,320234.77,2684979.67,0403花蓮地震,地震,2.64569030578
2024_2322,2024,313592.42,2691841.92,0403花蓮地震,地震,0.0771126022365
2024_2323,2024,320578.1,2683455.63,0403花蓮地震,地震,3.95643863071
2024_2324,2024,317016.42,2688671.89,0403花蓮地震,地震,0.389507052651
2024_2325,2024,321371.59,2688262.16,0403花蓮地震,地震,0.0391083396562
2024_2326,2024,317536.63,2687706.68,0403花蓮地震,地震,0.0666326511374
2024_2327,2024,320388.92,2681372.21,0403花蓮地震,地震,4.78959238679
2024_2328,2024,314543.55,2683791.76,0403花蓮地震,地震,0.0324245289784
2024_2329,2024,318494.27,2685914.77,0403花蓮地震,地震,0.984648705234
2024_2330,2024,320345.22,2686041.76,0403花蓮地震,地震,0.466186735528
2024_2331,2024,311261.57,2687764.87,0403花蓮地震,地震,0.729399310345
2024_2332,2024,317476.57,2690096.6,0403花蓮地震,地震,0.391059534543
2024_2333,2024,316579.13,2685559.5,0403花蓮地震,地震,0.215642044475
2024_2334,2024,312836.96,2688082.14,0403花蓮地震,地震,0.308091146362
2024_2335,2024,314963.52,2690776.04,0403花蓮地震,地震,0.05567723749
2024_2336,2024,316167.07,2687606.95,0403花蓮地震,地震,0.233853505058
2024_2337,2024,315018.71,2683850.66,0403花蓮地震,地震,0.0574197466562
2024_2338,2024,323488.91,2685500.08,0403花蓮地震,地震,0.22804540468
2024_2339,2024,316023.82,2686083.23,0403花蓮地震,地震,0.104637704691
2024_2340,2024,320265.48,2681202.23,0403花蓮地震,地震,0.631485951336
2024_2341,2024,318016.59,2690658.25,0403花蓮地震,地震,0.154473155175
2024_2342,2024,318743.68,2691475.96,0403花蓮地震,地震,0.142867964144
2024_2343,2024,320158.14,2679792.18,0403花蓮地震,地震,0.163446759863
2024_2344,2024,320507.4,2680047.53,0403花蓮地震,地震,0.491404781865
2024_2345,2024,320077.37,2686537.21,0403花蓮地震,地震,0.0535743732086
2024_2346,2024,321456.89,2681997.6,0403花蓮地震,地震,0.303404551936
2024_2347,2024,295052.0,2693343.8,0403花蓮地震,地震,0.0506998376132
2024_2348,2024,320832.68,2687398.6,0403花蓮地震,地震,0.0466861048761
2024_2349,2024,320200.67,2682620.69,0403花蓮地震,地震,0.710303528098
2024_2350,2024,317816.04,2690439.15,0403花蓮地震,地震,0.108233995345
2024_2351,2024,320767.87,2684189.93,0403花蓮地震,地震,0.290992498981
2024_2352,2024,323437.07,2685624.86,0403花蓮地震,地震,2.69094530138
2024_2353,2024,322425.07,2685599.41,0403花蓮地震,地震,0.317024414602
2024_2354,2024,316824.72,2687615.93,0403花蓮地震,地震,0.672763788716
2024_2355,2024,317211.59,2690368.53,0403花蓮地震,地震,0.222484782254
2024_2356,2024,320678.86,2682459.83,0403花蓮地震,地震,1.54222154265
2024_2357,2024,320564.61,2687241.18,0403花蓮地震,地震,0.648432766418
2024_2358,2024,318687.88,2685803.94,0403花蓮地震,地震,1.25150800185
2024_2359,2024,319539.61,2690308.04,0403花蓮地震,地震,0.289595695699
2024_2360,2024,316177.68,2693178.62,0403花蓮地震,地震,0.17790262752
2024_2361,2024,318648.36,2686306.66,0403花蓮地震,地震,0.796798696412
2024_2362,2024,315017.84,2686384.53,0403花蓮地震,地震,0.220797048457
2024_2363,2024,316820.27,2687946.16,0403花蓮地震,地震,1.49908561222
2024_2364,2024,313542.42,2691165.71,0403花蓮地震,地震,2.87824760235
2024_2365,2024,310707.99,2687617.6,0403花蓮地震,地震,1.61700246513
2024_2366,2024,315057.8,2682963.88,0403花蓮地震,地震,0.0553721199381
2024_2367,2024,320529.88,2687137.65,0403花蓮地震,地震,0.195129289459
2024_2368,2024,315864.28,2686121.72,0403花蓮地震,地震,0.207673007524
2024_2369,2024,315935.23,2687542.6,0403花蓮地震,地震,5.81087030128
2024_2370,2024,318658.61,2681721.47,0403花蓮地震,地震,0.0575366622138
2024_2371,2024,322720.85,2684217.3,0403花蓮地震,地震,0.958640473929
2024_2372,2024,318836.08,2686400.28,0403花蓮地震,地震,1.96685105646
2024_2373,2024,322226.1,2691007.52,0403花蓮地震,地震,0.230825973666
2024_2374,2024,322954.67,2684247.21,0403花蓮地震,地震,7.709949162
2024_2375,2024,313564.12,2691900.18,0403花蓮地震,地震,0.224444990104
2024_2376,2024,314462.16,2689197.53,0403花蓮地震,地震,0.0194748233257
2024_2377,2024,320300.95,2683752.64,0403花蓮地震,地震,0.524947115925
2024_2378,2024,325177.72,2683989.07,0403花蓮地震,地震,0.482652522531
2024_2379,2024,321161.57,2681476.56,0403花蓮地震,地震,0.0764238970316
2024_2380,2024,317722.48,2687034.35,0403花蓮地震,地震,0.159029605965
2024_2381,2024,316073.48,2687932.89,0403花蓮地震,地震,2.4032233606
2024_2382,2024,315261.39,2683017.19,0403花蓮地震,地震,1.55479693449
2024_2383,2024,316183.13,2683582.77,0403花蓮地震,地震,4.70168243171
2024_2384,2024,320720.54,2687521.68,0403花蓮地震,地震,0.42434887726
2024_2385,2024,316973.34,2683902.8,0403花蓮地震,地震,3.26524540375
2024_2386,2024,319764.01,2687748.25,0403花蓮地震,地震,0.213479282544
2024_2387,2024,318473.43,2688003.5,0403花蓮地震,地震,44.220823108
2024_2388,2024,323068.24,2684281.72,0403花蓮地震,地震,0.779991156026
2024_2389,2024,314160.17,2685192.0,0403花蓮地震,地震,0.20155459884
2024_2390,2024,314519.73,2689155.48,0403花蓮地震,地震,0.178351410331
2024_2391,2024,317335.6,2684103.15,0403花蓮地震,地震,0.307593119481
2024_2392,2024,316418.79,2688053.38,0403花蓮地震,地震,0.0470387984784
2024_2393,2024,318151.91,2691316.49,0403花蓮地震,地震,0.0263113868076
2024_2394,2024,317528.56,2686449.68,0403花蓮地震,地震,0.204187421532
2024_2395,2024,315433.46,2686929.22,0403花蓮地震,地震,5.68510047873
2024_2396,2024,315221.65,2686755.22,0403花蓮地震,地震,1.37614672578
2024_2397,2024,315605.37,2686229.59,0403花蓮地震,地震,0.112628888373
2024_2398,2024,319871.15,2680473.01,0403花蓮地震,地震,0.955880714987
2024_2399,2024,319687.7,2681921.88,0403花蓮地震,地震,1.59617345849
2024_2400,2024,321052.06,2685581.27,0403花蓮地震,地震,0.142050071419
2024_2401,2024,305849.0,2690439.84,0403花蓮地震,地震,0.387297757868
2024_2402,2024,319984.0,2682654.5,0403花蓮地震,地震,0.423079581157
2024_2403,2024,320669.6,2680818.08,0403花蓮地震,地震,0.499283460517
2024_2404,2024,319556.53,2683637.01,0403花蓮地震,地震,9.77448716429
2024_2405,2024,317287.19,2681798.45,0403花蓮地震,地震,1.07206857533
2024_2406,2024,321302.31,2684387.5,0403花蓮地震,地震,0.089310912066
2024_2407,2024,314541.83,2683757.54,0403花蓮地震,地震,0.0490602975028
2024_2408,2024,314884.84,2685479.78,0403花蓮地震,地震,4.56519210854
2024_2409,2024,313514.01,2685172.83,0403花蓮地震,地震,0.164588954807
2024_2410,2024,323849.46,2686123.24,0403花蓮地震,地震,1.37226556489
2024_2411,2024,321366.48,2691632.7,0403花蓮地震,地震,0.291842684576
2024_2412,2024,320817.23,2689390.62,0403花蓮地震,地震,0.0414606979087
2024_2413,2024,318723.52,2691158.95,0403花蓮地震,地震,0.152368006144
2024_2414,2024,320609.47,2684499.26,0403花蓮地震,地震,1.71686393833
2024_2415,2024,323275.97,2684434.59,0403花蓮地震,地震,0.309882449161
2024_2416,2024,320634.68,2688599.37,0403花蓮地震,地震,0.737246332411
2024_2417,2024,315859.84,2685947.81,0403花蓮地震,地震,0.185622028885
2024_2418,2024,314898.69,2689430.63,0403花蓮地震,地震,0.386586575099
2024_2419,2024,320273.73,2686865.49,0403花蓮地震,地震,0.20529580339
2024_2420,2024,320652.39,2685058.81,0403花蓮地震,地震,0.483634672304
2024_2421,2024,319943.88,2686205.55,0403花蓮地震,地震,0.502309461284
2024_2422,2024,321809.42,2686459.08,0403花蓮地震,地震,0.107663330394
2024_2423,2024,323623.32,2685986.4,0403花蓮地震,地震,2.36714056748
2024_2424,2024,321314.61,2686615.55,0403花蓮地震,地震,0.431761880296
2024_2425,2024,325434.44,2684195.44,0403花蓮地震,地震,0.422346977647
2024_2426,2024,317413.17,2685201.22,0403花蓮地震,地震,2.28769175639
2024_2427,2024,323588.09,2685044.68,0403花蓮地震,地震,2.54775583673
2024_2428,2024,321304.1,2688116.56,0403花蓮地震,地震,0.0221002849427
2024_2429,2024,315135.71,2686176.45,0403花蓮地震,地震,1.63381508146
2024_2430,2024,318825.44,2685617.03,0403花蓮地震,地震,2.34922930586
2024_2431,2024,314600.01,2683813.98,0403花蓮地震,地震,0.499026092859
2024_2432,2024,320388.46,2682959.93,0403花蓮地震,地震,0.446510286967
2024_2433,2024,312088.42,2690679.71,0403花蓮地震,地震,1.21794587004
2024_2434,2024,315823.3,2687810.06,0403花蓮地震,地震,3.30276753137
2024_2435,2024,314098.16,2685006.61,0403花蓮地震,地震,2.17940732941
2024_2436,2024,319857.77,2691058.91,0403花蓮地震,地震,0.209129752024
2024_2437,2024,317705.16,2690332.66,0403花蓮地震,地震,0.0394929532266
2024_2438,2024,317854.72,2685148.54,0403花蓮地震,地震,4.35925089899
2024_2439,2024,317462.21,2687912.94,0403花蓮地震,地震,3.93347483042
2024_2440,2024,316797.78,2684966.58,0403花蓮地震,地震,1.92224037728
2024_2441,2024,320932.41,2680671.16,0403花蓮地震,地震,0.1391212992
2024_2442,2024,319213.42,2681359.49,0403花蓮地震,地震,2.13562223963
2024_2443,2024,313760.92,2685265.05,0403花蓮地震,地震,0.0282515754569
2024_2444,2024,320686.09,2683728.45,0403花蓮地震,地震,0.195722327314
2024_2445,2024,315345.46,2687693.93,0403花蓮地震,地震,0.0360802659887
2024_2446,2024,316548.01,2687118.34,0403花蓮地震,地震,1.27205422375
2024_2447,2024,316148.96,2688132.57,0403花蓮地震,地震,0.0546771726169
2024_2448,2024,319922.39,2683716.91,0403花蓮地震,地震,4.01450198374
2024_2449,2024,315325.14,2684062.21,0403花蓮地震,地震,0.566593283684
2024_2450,2024,315712.5,2684579.6,0403花蓮地震,地震,0.119355555673
2024_2451,2024,320390.97,2683946.55,0403花蓮地震,地震,0.279903839261
2024_2452,2024,320175.15,2686591.72,0403花蓮地震,地震,0.226282997007
2024_2453,2024,317020.12,2687912.14,0403花蓮地震,地震,1.27104434743
2024_2454,2024,305355.77,2687712.23,0403花蓮地震,地震,0.209937598544
2024_2455,2024,314393.44,2685681.77,0403花蓮地震,地震,0.072414335283
2024_2456,2024,314043.14,2690291.66,0403花蓮地震,地震,1.31277137573
2024_2457,2024,321500.17,2690293.65,0403花蓮地震,地震,0.488193513141
2024_2458,2024,317008.44,2687434.2,0403花蓮地震,地震,2.03375342706
2024_2459,2024,326003.1,2687048.0,0403花蓮地震,地震,0.188866138883
2024_2460,2024,320076.96,2687386.41,0403花蓮地震,地震,0.450513992677
2024_2461,2024,319353.11,2682942.43,0403花蓮地震,地震,1.80092526667
2024_2462,2024,318288.13,2691137.71,0403花蓮地震,地震,0.034764027557
2024_2463,2024,321319.55,2686807.5,0403花蓮地震,地震,0.0871249205582
2024_2464,2024,312293.24,2688865.34,0403花蓮地震,地震,0.649926880463
2024_2465,2024,320929.61,2682547.92,0403花蓮地震,地震,2.64640227253
2024_2466,2024,320396.65,2684661.0,0403花蓮地震,地震,2.45929723618
2024_2467,2024,319827.4,2681386.48,0403花蓮地震,地震,0.622319023262
2024_2468,2024,314356.31,2685606.02,0403花蓮地震,地震,0.216292960406
2024_2469,2024,317558.79,2684205.15,0403花蓮地震,地震,0.176796871812
2024_2470,2024,321006.56,2686064.17,0403花蓮地震,地震,1.46193654721
2024_2471,2024,317628.02,2690610.59,0403花蓮地震,地震,0.0283249497899
2024_2472,2024,320358.47,2680525.69,0403花蓮地震,地震,0.924166053375
2024_2473,2024,316581.06,2688032.81,0403花蓮地震,地震,0.018527801679
2024_2474,2024,320198.57,2680086.73,0403花蓮地震,地震,0.403608989212
2024_2475,2024,314664.51,2685903.91,0403花蓮地震,地震,3.49956551246
2024_2476,2024,317558.95,2687094.97,0403花蓮地震,地震,0.6458610195
2024_2477,2024,315441.32,2687441.08,0403花蓮地震,地震,0.390038275009
2024_2478,2024,320699.7,2681503.97,0403花蓮地震,地震,0.906111129813
2024_2479,2024,319571.82,2690431.29,0403花蓮地震,地震,0.0415966150135
2024_2480,2024,314672.84,2694139.19,0403花蓮地震,地震,0.0706083323105
2024_2481,2024,320898.89,2689430.93,0403花蓮地震,地震,0.0184907435076
2024_2482,2024,315494.51,2687720.76,0403花蓮地震,地震,0.0410961537291
2024_2483,2024,319116.45,2686316.87,0403花蓮地震,地震,3.71790162904
2024_2484,2024,321177.1,2690782.91,0403花蓮地震,地震,0.25208653245
2024_2485,2024,320627.02,2689249.95,0403花蓮地震,地震,0.920621928106
2024_2486,2024,317728.44,2688627.1,0403花蓮地震,地震,0.170854701281
2024_2487,2024,314802.27,2689950.99,0403花蓮地震,地震,0.213685797289
2024_2488,2024,317639.42,2690273.35,0403花蓮地震,地震,0.449867853509
2024_2489,2024,314813.03,2683168.73,0403花蓮地震,地震,0.0734549483252
2024_2490,2024,318077.91,2689361.43,0403花蓮地震,地震,0.148555301201
2024_2491,2024,320201.15,2686922.36,0403花蓮地震,地震,0.664497609441
2024_2492,2024,310561.35,2684703.37,0403花蓮地震,地震,0.375032141016
2024_2493,2024,315448.73,2686150.93,0403花蓮地震,地震,0.277690773482
2024_2494,2024,324046.46,2683642.42,0403花蓮地震,地震,0.425820670832
2024_2495,2024,326290.98,2687648.49,0403花蓮地震,地震,0.160624019076
2024_2496,2024,317246.05,2691136.43,0403花蓮地震,地震,0.0178707137854
2024_2497,2024,321221.06,2685763.85,0403花蓮地震,地震,1.22447453115
2024_2498,2024,320962.29,2681279.48,0403花蓮地震,地震,1.80747894135
2024_2499,2024,321479.19,2685598.84,0403花蓮地震,地震,0.220624102627
2024_2500,2024,315409.48,2687658.4,0403花蓮地震,地震,0.186520199799
2024_2501,2024,316285.22,2691311.0,0403花蓮地震,地震,0.443249600394
2024_2502,2024,320942.48,2688196.74,0403花蓮地震,地震,0.111239220475
2024_2503,2024,320918.26,2684980.99,0403花蓮地震,地震,0.295827711713
2024_2504,2024,316167.26,2685808.33,0403花蓮地震,地震,2.37126757522
2024_2505,2024,319815.13,2686546.02,0403花蓮地震,地震,0.154778776381
2024_2506,2024,317847.0,2687970.1,0403花蓮地震,地震,9.32717183369
2024_2507,2024,321475.2,2691566.19,0403花蓮地震,地震,0.136968664081
2024_2508,2024,320573.57,2686477.71,0403花蓮地震,地震,0.162749142724
2024_2509,2024,317404.52,2687186.15,0403花蓮地震,地震,0.439459982485
2024_2510,2024,316720.67,2687560.35,0403花蓮地震,地震,0.341441262135
2024_2511,2024,320229.63,2686617.55,0403花蓮地震,地震,0.15780447177
2024_2512,2024,316751.93,2683948.77,0403花蓮地震,地震,0.0965890786045
2024_2513,2024,321048.34,2685897.4,0403花蓮地震,地震,0.0974271350091
2024_2514,2024,319110.96,2689523.95,0403花蓮地震,地震,0.247308571955
2024_2515,2024,314492.36,2685692.96,0403花蓮地震,地震,0.244270196947
2024_2516,2024,321378.36,2681020.03,0403花蓮地震,地震,0.333812772695
2024_2517,2024,319851.98,2683187.58,0403花蓮地震,地震,0.24256615428
2024_2518,2024,320568.62,2686286.94,0403花蓮地震,地震,0.307911214198
2024_2519,2024,312484.96,2686658.59,0403花蓮地震,地震,0.105826433863
2024_2520,2024,310382.23,2685013.73,0403花蓮地震,地震,0.300592632879
2024_2521,2024,316418.13,2687628.12,0403花蓮地震,地震,1.82437532428
2024_2522,2024,319460.72,2686785.73,0403花蓮地震,地震,0.592605551985
2024_2523,2024,315007.17,2683734.09,0403花蓮地震,地震,0.282744674631
2024_2524,2024,316714.57,2687921.89,0403花蓮地震,地震,0.0787497158966
2024_2525,2024,315025.67,2685813.55,0403花蓮地震,地震,1.59150777067
2024_2526,2024,323158.25,2684497.59,0403花蓮地震,地震,0.61700616552
2024_2527,2024,320916.94,2689542.01,0403花蓮地震,地震,1.12089552511
2024_2528,2024,319439.9,2690370.38,0403花蓮地震,地震,0.10648684072
2024_2529,2024,320804.19,2680986.84,0403花蓮地震,地震,5.47485249012
2024_2530,2024,315318.33,2687339.5,0403花蓮地震,地震,2.53155403977
2024_2531,2024,320946.68,2689246.14,0403花蓮地震,地震,0.155977700623
2024_2532,2024,300199.54,2686882.86,0403花蓮地震,地震,0.156554857423
2024_2533,2024,317650.73,2685129.31,0403花蓮地震,地震,2.55190818573
2024_2534,2024,320482.71,2680880.74,0403花蓮地震,地震,1.22465213793
2024_2535,2024,314505.47,2683858.62,0403花蓮地震,地震,0.011215692681
2024_2536,2024,318171.35,2681776.52,0403花蓮地震,地震,0.456486032467
2024_2537,2024,320923.71,2689299.33,0403花蓮地震,地震,0.176090501922
2024_2538,2024,314480.8,2685740.25,0403花蓮地震,地震,0.110974487909
2024_2539,2024,315541.13,2686431.88,0403花蓮地震,地震,1.93218665162
2024_2540,2024,319157.32,2680871.17,0403花蓮地震,地震,0.407295569943
2024_2541,2024,316705.42,2688003.27,0403花蓮地震,地震,0.0353511422857
2024_2542,2024,316699.03,2684267.23,0403花蓮地震,地震,0.574256536655
2024_2543,2024,320990.37,2682019.37,0403花蓮地震,地震,0.0980626601821
2024_2544,2024,321081.73,2680492.87,0403花蓮地震,地震,0.33083796956
2024_2545,2024,319928.35,2684014.01,0403花蓮地震,地震,0.259542380326
2024_2546,2024,320603.37,2681278.12,0403花蓮地震,地震,0.688728943499
2024_2547,2024,314983.8,2689321.17,0403花蓮地震,地震,0.106008078542
2024_2548,2024,319217.12,2690094.7,0403花蓮地震,地震,0.0600190130409
2024_2549,2024,320667.92,2680697.88,0403花蓮地震,地震,0.8629118695
2024_2550,2024,319988.65,2686397.66,0403花蓮地震,地震,0.0488516885346
2024_2551,2024,320039.56,2686597.73,0403花蓮地震,地震,0.0395210715712
2024_2552,2024,321662.43,2690621.53,0403花蓮地震,地震,0.505082840805
2024_2553,2024,321038.58,2681947.83,0403花蓮地震,地震,0.231365433825
2024_2554,2024,320702.98,2686242.25,0403花蓮地震,地震,1.44284011688
2024_2555,2024,319455.8,2682220.23,0403花蓮地震,地震,0.218007852563
2024_2556,2024,315184.14,2683829.48,0403花蓮地震,地震,4.41183314157
2024_2557,2024,317152.46,2688637.19,0403花蓮地震,地震,0.26801693968
2024_2558,2024,319740.17,2691328.03,0403花蓮地震,地震,0.0234586130776
2024_2559,2024,311995.28,2688543.01,0403花蓮地震,地震,5.63228167987
2024_2560,2024,320248.7,2687594.97,0403花蓮地震,地震,0.919267848661
2024_2561,2024,319938.51,2687639.0,0403花蓮地震,地震,1.86676808702
2024_2562,2024,312469.1,2681355.34,0403花蓮地震,地震,0.367608509672
2024_2563,2024,311555.68,2684496.95,0403花蓮地震,地震,1.67528013275
2024_2564,2024,312376.96,2682922.24,0403花蓮地震,地震,0.244222626254
2024_2565,2024,312894.07,2680661.76,0403花蓮地震,地震,0.392693541326
2024_2566,2024,317152.72,2676177.64,0403花蓮地震,地震,0.094834151891
2024_2567,2024,316634.53,2677532.48,0403花蓮地震,地震,1.46414768039
2024_2568,2024,317498.69,2677106.9,0403花蓮地震,地震,0.933047504021
2024_2569,2024,310641.51,2681427.89,0403花蓮地震,地震,0.03323318668
2024_2570,2024,309603.07,2679735.75,0403花蓮地震,地震,0.0417079302907
2024_2571,2024,316276.4,2675576.29,0403花蓮地震,地震,12.5645735614
2024_2572,2024,317289.72,2678347.54,0403花蓮地震,地震,0.0623282025539
2024_2573,2024,315422.33,2674885.23,0403花蓮地震,地震,0.0454482683678
2024_2574,2024,318241.51,2681737.73,0403花蓮地震,地震,0.0820037342216
2024_2575,2024,317588.31,2680194.04,0403花蓮地震,地震,0.0956013695085
2024_2576,2024,316669.18,2680866.12,0403花蓮地震,地震,0.0589260808598
2024_2577,2024,310899.28,2683382.06,0403花蓮地震,地震,0.220886393994
2024_2578,2024,311883.43,2680833.7,0403花蓮地震,地震,0.103883798326
2024_2579,2024,318387.08,2681704.96,0403花蓮地震,地震,0.455828584797
2024_2580,2024,314219.87,2676198.35,0403花蓮地震,地震,0.700102156602
2024_2581,2024,313876.47,2684720.39,0403花蓮地震,地震,0.0161698872181
2024_2582,2024,311715.92,2684776.4,0403花蓮地震,地震,1.78792208802
2024_2583,2024,309140.71,2683137.69,0403花蓮地震,地震,0.0219647364279
2024_2584,2024,315513.49,2673157.16,0403花蓮地震,地震,0.250779847241
2024_2585,2024,312455.12,2679022.42,0403花蓮地震,地震,1.73291967658
2024_2586,2024,312551.42,2685346.74,0403花蓮地震,地震,0.772125405424
2024_2587,2024,317371.12,2678449.22,0403花蓮地震,地震,0.469641270477
2024_2588,2024,311488.63,2678183.99,0403花蓮地震,地震,0.387982188522
2024_2589,2024,316568.7,2676468.29,0403花蓮地震,地震,2.10209600472
2024_2590,2024,312660.72,2683044.54,0403花蓮地震,地震,0.0113476441311
2024_2591,2024,317131.97,2677268.65,0403花蓮地震,地震,0.657330503761
2024_2592,2024,310808.04,2682913.42,0403花蓮地震,地震,0.0857499401113
2024_2593,2024,311608.67,2678428.35,0403花蓮地震,地震,0.609218225603
2024_2594,2024,309385.73,2683157.4,0403花蓮地震,地震,0.0250355663937
2024_2595,2024,310267.94,2681597.48,0403花蓮地震,地震,0.0416006894159
2024_2596,2024,318432.21,2679316.21,0403花蓮地震,地震,0.736518803344
2024_2597,2024,314906.11,2673093.56,0403花蓮地震,地震,0.152246072471
2024_2598,2024,316736.22,2680732.59,0403花蓮地震,地震,0.731128013141
2024_2599,2024,319480.86,2686381.29,0403花蓮地震,地震,0.228334825585
2024_2600,2024,316362.64,2688025.36,0403花蓮地震,地震,0.717115364126
2024_2601,2024,317146.88,2684842.93,0403花蓮地震,地震,0.92518939733
2024_2602,2024,320497.12,2686589.65,0403花蓮地震,地震,0.296551088029
2024_2603,2024,317704.29,2687431.42,0403花蓮地震,地震,14.8207841704
2024_2604,2024,314918.9,2685161.5,0403花蓮地震,地震,14.0613064507
2024_2605,2024,320671.74,2686466.41,0403花蓮地震,地震,0.519634480605
2024_2606,2024,323671.04,2685348.96,0403花蓮地震,地震,0.176641342326
2024_2607,2024,317470.14,2690175.8,0403花蓮地震,地震,0.047057022634
2024_2608,2024,316941.97,2688023.62,0403花蓮地震,地震,0.0118398923246
2024_2609,2024,312299.04,2685489.53,0403花蓮地震,地震,0.185935291894
2024_2610,2024,324031.89,2685598.63,0403花蓮地震,地震,0.631105426881
2024_2611,2024,314887.41,2683664.66,0403花蓮地震,地震,0.252517103489
2024_2612,2024,320606.14,2680832.64,0403花蓮地震,地震,0.0717876455879
2024_2613,2024,314891.44,2686332.47,0403花蓮地震,地震,1.53457358895
2024_2614,2024,315532.53,2687794.99,0403花蓮地震,地震,0.0206001513694
2024_2615,2024,314570.6,2684106.06,0403花蓮地震,地震,5.35964420245
2024_2616,2024,314450.37,2684139.99,0403花蓮地震,地震,0.0156000587335
2024_2617,2024,318460.95,2690882.43,0403花蓮地震,地震,0.287103649032
2024_2618,2024,319776.69,2686208.29,0403花蓮地震,地震,0.191966633922
2024_2619,2024,320675.95,2683991.5,0403花蓮地震,地震,0.213489391174
2024_2620,2024,317924.04,2690475.46,0403花蓮地震,地震,0.230391690948
2024_2621,2024,315265.71,2687159.99,0403花蓮地震,地震,2.53912099793
2024_2622,2024,314538.05,2685761.99,0403花蓮地震,地震,0.131375734466
2024_2623,2024,320300.88,2687006.36,0403花蓮地震,地震,0.47696130002
2024_2624,2024,323979.87,2684328.3,0403花蓮地震,地震,1.47599849558
2024_2625,2024,303652.89,2688327.42,0403花蓮地震,地震,0.102905539021
2024_2626,2024,320052.13,2680124.29,0403花蓮地震,地震,0.73395843682
2024_2627,2024,319947.28,2681217.0,0403花蓮地震,地震,1.07842806261
2024_2628,2024,311183.76,2687883.9,0403花蓮地震,地震,0.356571960768
2024_2629,2024,324036.55,2686302.42,0403花蓮地震,地震,0.347988423393
2024_2630,2024,315927.4,2687282.01,0403花蓮地震,地震,1.06732735001
2024_2631,2024,318213.41,2687446.61,0403花蓮地震,地震,0.458657594173
2024_2632,2024,316822.91,2684418.98,0403花蓮地震,地震,4.0911686329
2024_2633,2024,312457.49,2688573.75,0403花蓮地震,地震,0.357037516532
2024_2634,2024,314953.39,2684755.82,0403花蓮地震,地震,1.59679499795
2024_2635,2024,318746.9,2681950.36,0403花蓮地震,地震,0.0290753198517
2024_2636,2024,315823.71,2683755.42,0403花蓮地震,地震,0.196821919484
2024_2637,2024,316767.33,2688060.77,0403花蓮地震,地震,0.312887635658
2024_2638,2024,320765.5,2685055.78,0403花蓮地震,地震,0.147833926445
2024_2639,2024,314543.01,2685791.61,0403花蓮地震,地震,0.0490593920663
2024_2640,2024,315619.82,2687443.3,0403花蓮地震,地震,0.227855592407
2024_2641,2024,314933.09,2682965.13,0403花蓮地震,地震,0.151670965113
2024_2642,2024,315195.59,2686967.62,0403花蓮地震,地震,3.33351215115
2024_2643,2024,317487.67,2688559.36,0403花蓮地震,地震,0.315627349491
2024_2644,2024,316770.54,2687808.36,0403花蓮地震,地震,0.305052797563
2024_2645,2024,314245.58,2685191.07,0403花蓮地震,地震,0.411421463504
2024_2646,2024,316698.91,2688040.33,0403花蓮地震,地震,0.0205830139609
2024_2647,2024,316885.0,2687231.29,0403花蓮地震,地震,0.493755423495
2024_2648,2024,318040.71,2688125.81,0403花蓮地震,地震,1.97388401278
2024_2649,2024,315155.34,2686584.41,0403花蓮地震,地震,1.35102822788
2024_2650,2024,325561.15,2686747.07,0403花蓮地震,地震,4.45946976016
2024_2651,2024,315592.84,2684663.23,0403花蓮地震,地震,0.305411766132
2024_2652,2024,322388.68,2683691.18,0403花蓮地震,地震,0.818671021535
2024_2653,2024,314671.69,2683815.57,0403花蓮地震,地震,0.0879200691813
2024_2654,2024,312715.31,2687840.5,0403花蓮地震,地震,0.0662712546414
2024_2655,2024,318451.88,2686482.87,0403花蓮地震,地震,1.86885537402
2024_2656,2024,319926.91,2691185.54,0403花蓮地震,地震,0.0981139196846
2024_2657,2024,313432.83,2691700.4,0403花蓮地震,地震,0.0647181484942
2024_2658,2024,323908.22,2684581.25,0403花蓮地震,地震,0.447110707885
2024_2659,2024,320063.68,2685064.1,0403花蓮地震,地震,3.92044599272
2024_2660,2024,323648.27,2685195.14,0403花蓮地震,地震,0.0614814534442
2024_2661,2024,314809.17,2683090.18,0403花蓮地震,地震,0.444644802928
2024_2662,2024,319584.22,2683926.33,0403花蓮地震,地震,1.05107577999
2024_2663,2024,314222.58,2684202.28,0403花蓮地震,地震,1.17514699497
2024_2664,2024,319477.24,2690393.95,0403花蓮地震,地震,0.0615843386465
2024_2665,2024,316089.81,2686337.88,0403花蓮地震,地震,0.182155348195
2024_2666,2024,323774.53,2685760.47,0403花蓮地震,地震,4.51835370823
2024_2667,2024,316137.74,2688035.31,0403花蓮地震,地震,0.820451722572
2024_2668,2024,320340.15,2683637.31,0403花蓮地震,地震,0.533697315602
2024_2669,2024,317355.37,2687326.32,0403花蓮地震,地震,0.822204286503
2024_2670,2024,321679.57,2688091.45,0403花蓮地震,地震,0.0296793400202
2024_2671,2024,321500.76,2690614.37,0403花蓮地震,地震,1.93484270266
2024_2672,2024,321669.05,2690406.57,0403花蓮地震,地震,2.28572473455
2024_2673,2024,320877.02,2680575.23,0403花蓮地震,地震,0.140963917396
2024_2674,2024,315396.3,2687606.73,0403花蓮地震,地震,0.0273038931781
2024_2675,2024,319847.06,2687477.48,0403花蓮地震,地震,0.0563121440625
2024_2676,2024,319434.25,2680598.87,0403花蓮地震,地震,6.30606395853
2024_2677,2024,324126.54,2683741.04,0403花蓮地震,地震,1.18723590623
2024_2678,2024,318699.38,2681851.02,0403花蓮地震,地震,0.065877568103
2024_2679,2024,312475.08,2687610.44,0403花蓮地震,地震,0.38516570054
2024_2680,2024,320906.94,2681910.81,0403花蓮地震,地震,0.387196068946
2024_2681,2024,320359.94,2682874.26,0403花蓮地震,地震,0.218152053765
2024_2682,2024,315005.34,2682797.77,0403花蓮地震,地震,4.44933763193
2024_2683,2024,318747.27,2687516.87,0403花蓮地震,地震,0.216117352724
2024_2684,2024,319494.45,2692328.5,0403花蓮地震,地震,0.0565420707747
2024_2685,2024,325851.36,2686746.75,0403花蓮地震,地震,1.50718868868
2024_2686,2024,319543.37,2686454.36,0403花蓮地震,地震,0.229559262312
2024_2687,2024,314137.61,2684727.91,0403花蓮地震,地震,0.0201724300538
2024_2688,2024,317183.28,2687970.53,0403花蓮地震,地震,1.92469136548
2024_2689,2024,317391.78,2684163.41,0403花蓮地震,地震,0.116072905346
2024_2690,2024,314397.43,2685621.63,0403花蓮地震,地震,0.105825893253
2024_2691,2024,319543.07,2681865.62,0403花蓮地震,地震,1.65794277568
2024_2692,2024,315114.58,2686835.25,0403花蓮地震,地震,0.182183159053
2024_2693,2024,323240.2,2687580.41,0403花蓮地震,地震,0.484592040876
2024_2694,2024,323515.97,2682488.92,0403花蓮地震,地震,0.241887818453
2024_2695,2024,314712.98,2683377.08,0403花蓮地震,地震,17.5733007166
2024_2696,2024,321501.36,2688128.24,0403花蓮地震,地震,0.0406855612508
2024_2697,2024,324118.03,2685780.54,0403花蓮地震,地震,0.127361981581
2024_2698,2024,314522.42,2690386.21,0403花蓮地震,地震,0.180847295047
2024_2699,2024,317076.48,2684712.9,0403花蓮地震,地震,0.222045636387
2024_2700,2024,309735.84,2683427.56,0403花蓮地震,地震,0.0176828355451
2024_2701,2024,309372.99,2683554.15,0403花蓮地震,地震,0.694658053477
2024_2702,2024,315065.04,2682048.91,0403花蓮地震,地震,0.0618162463456
2024_2703,2024,311664.63,2679844.73,0403花蓮地震,地震,0.284314589108
2024_2704,2024,318416.59,2680692.41,0403花蓮地震,地震,4.95584640267
2024_2705,2024,317918.79,2677552.99,0403花蓮地震,地震,2.13802849695
2024_2706,2024,309410.11,2679878.09,0403花蓮地震,地震,0.284674966219
2024_2707,2024,310227.73,2681409.56,0403花蓮地震,地震,0.133412792975
2024_2708,2024,312600.32,2682796.74,0403花蓮地震,地震,5.36414269803
2024_2709,2024,316832.2,2677928.64,0403花蓮地震,地震,3.60116661087
2024_2710,2024,315409.66,2674807.5,0403花蓮地震,地震,0.568102512072
2024_2711,2024,312704.61,2677570.72,0403花蓮地震,地震,0.440328836697
2024_2712,2024,310723.25,2683054.12,0403花蓮地震,地震,0.180444152507
2024_2713,2024,317098.93,2676078.33,0403花蓮地震,地震,0.0826895271418
2024_2714,2024,313464.43,2678802.47,0403花蓮地震,地震,0.660006610189
2024_2715,2024,315426.09,2677570.36,0403花蓮地震,地震,0.519762434354
2024_2716,2024,318059.86,2677730.28,0403花蓮地震,地震,1.06867037214
2024_2717,2024,316943.77,2678132.24,0403花蓮地震,地震,3.00401145428
2024_2718,2024,316888.3,2676431.0,0403花蓮地震,地震,0.687801926886
2024_2719,2024,319718.76,2679748.66,0403花蓮地震,地震,0.88200905003
2024_2720,2024,316122.79,2674774.07,0403花蓮地震,地震,0.0985463112978
2024_2721,2024,310237.58,2683426.21,0403花蓮地震,地震,0.312663604086
2024_2722,2024,314319.39,2682725.36,0403花蓮地震,地震,0.254618525288
2024_2723,2024,315766.99,2677596.25,0403花蓮地震,地震,0.258907604943
2024_2724,2024,317124.43,2678270.15,0403花蓮地震,地震,0.191652362502
2024_2725,2024,315026.15,2681068.01,0403花蓮地震,地震,0.0324141650052
2024_2726,2024,310751.02,2683747.54,0403花蓮地震,地震,0.0304260456731
2024_2727,2024,314342.11,2682509.36,0403花蓮地震,地震,0.194257163438
2024_2728,2024,315376.59,2674448.18,0403花蓮地震,地震,0.403942999962
2024_2729,2024,312090.16,2678427.82,0403花蓮地震,地震,14.4484198626
2024_2730,2024,314482.51,2672843.38,0403花蓮地震,地震,0.680823314508
2024_2731,2024,312948.23,2679860.2,0403花蓮地震,地震,0.0660686246813
2024_2732,2024,312157.02,2681207.87,0403花蓮地震,地震,0.171056880639
2024_2733,2024,315374.9,2674943.14,0403花蓮地震,地震,0.318996768188
2024_2734,2024,310549.68,2681451.93,0403花蓮地震,地震,0.0281884526237
2024_2735,2024,312377.26,2681362.62,0403花蓮地震,地震,0.0649616728631
2024_2736,2024,316073.18,2676855.37,0403花蓮地震,地震,1.32068151286
2024_2737,2024,314482.24,2682225.17,0403花蓮地震,地震,0.0451070720019
2024_2738,2024,316758.63,2679477.51,0403花蓮地震,地震,1.18245573971
2024_2739,2024,315224.27,2674282.56,0403花蓮地震,地震,0.177588815342
2024_2740,2024,312541.69,2679555.59,0403花蓮地震,地震,0.0651204333455
2024_2741,2024,314942.09,2681080.2,0403花蓮地震,地震,0.0280442069261
2024_2742,2024,312861.42,2679685.88,0403花蓮地震,地震,0.604222402644
2024_2743,2024,312448.34,2681323.74,0403花蓮地震,地震,0.149567338106
2024_2744,2024,317485.13,2679693.1,0403花蓮地震,地震,0.209618162096
2024_2745,2024,317059.79,2675968.93,0403花蓮地震,地震,0.0434832753372
2024_2746,2024,314106.43,2682517.77,0403花蓮地震,地震,1.05306461448
2024_2747,2024,316899.06,2676890.65,0403花蓮地震,地震,0.322027425514
2024_2748,2024,316518.7,2681504.07,0403花蓮地震,地震,0.3059130231
2024_2749,2024,318211.66,2679613.26,0403花蓮地震,地震,0.370127761421
2024_2750,2024,316118.71,2678999.95,0403花蓮地震,地震,11.3209968267
2024_2751,2024,310286.22,2681454.65,0403花蓮地震,地震,0.13717558939
2024_2752,2024,309182.26,2683061.29,0403花蓮地震,地震,0.0288457569797
2024_2753,2024,312667.97,2684858.44,0403花蓮地震,地震,0.0189075599252
2024_2754,2024,317984.6,2678544.97,0403花蓮地震,地震,1.09963320475
2024_2755,2024,316232.84,2674447.92,0403花蓮地震,地震,0.23210923104
2024_2756,2024,312003.98,2684557.92,0403花蓮地震,地震,0.274957053607
2024_2757,2024,309958.75,2683841.67,0403花蓮地震,地震,11.5921600329
2024_2758,2024,317117.78,2679135.61,0403花蓮地震,地震,2.20724311937
2024_2759,2024,316670.39,2676722.69,0403花蓮地震,地震,4.87557392843
2024_2760,2024,315433.55,2672461.85,0403花蓮地震,地震,0.0926299530964
2024_2761,2024,313522.27,2682426.16,0403花蓮地震,地震,0.95902819085
2024_2762,2024,313870.57,2674791.43,0403花蓮地震,地震,2.77303138615
2024_2763,2024,311906.92,2679041.0,0403花蓮地震,地震,0.155100341521
2024_2764,2024,316194.6,2680543.62,0403花蓮地震,地震,0.182479943482
2024_2765,2024,316251.7,2678127.01,0403花蓮地震,地震,0.708233502195
2024_2766,2024,313113.37,2684538.23,0403花蓮地震,地震,0.0363528870435
2024_2767,2024,316282.22,2676303.56,0403花蓮地震,地震,0.161405313579
2024_2768,2024,311515.98,2679731.08,0403花蓮地震,地震,0.265829869756
2024_2769,2024,316572.51,2677222.29,0403花蓮地震,地震,2.35401006595
2024_2770,2024,316512.79,2680902.81,0403花蓮地震,地震,0.243141912713
2024_2771,2024,311954.02,2680832.19,0403花蓮地震,地震,0.0801879619419
2024_2772,2024,314457.44,2682876.66,0403花蓮地震,地震,0.0287120597957
2024_2773,2024,309091.73,2680361.9,0403花蓮地震,地震,0.241963666726
2024_2774,2024,312465.12,2684539.33,0403花蓮地震,地震,0.597510918865
2024_2775,2024,317444.67,2678125.9,0403花蓮地震,地震,0.914770743253
2024_2776,2024,309464.55,2683417.4,0403花蓮地震,地震,0.0227625835432
2024_2777,2024,313660.67,2683787.66,0403花蓮地震,地震,0.0692769762672
2024_2778,2024,312982.76,2684286.08,0403花蓮地震,地震,0.0186081769932
2024_2779,2024,315883.52,2678249.93,0403花蓮地震,地震,1.18785023958
2024_2780,2024,315875.94,2679502.75,0403花蓮地震,地震,5.81397306987
2024_2781,2024,318418.09,2679646.95,0403花蓮地震,地震,0.127539631486
2024_2782,2024,317051.04,2677085.81,0403花蓮地震,地震,0.201664720045
2024_2783,2024,317556.37,2678278.1,0403花蓮地震,地震,1.44315605335
2024_2784,2024,317296.87,2678430.73,0403花蓮地震,地震,0.200621482522
2024_2785,2024,319604.81,2679938.83,0403花蓮地震,地震,0.388310430038
2024_2786,2024,316077.86,2677022.23,0403花蓮地震,地震,0.466185910712
2024_2787,2024,314065.57,2675747.28,0403花蓮地震,地震,0.415389594678
2024_2788,2024,316958.2,2681317.03,0403花蓮地震,地震,0.390515201822
2024_2789,2024,312787.41,2684175.52,0403花蓮地震,地震,0.12878989871
2024_2790,2024,315992.46,2676731.94,0403花蓮地震,地震,0.0398534938504
2024_2791,2024,310355.49,2681359.99,0403花蓮地震,地震,0.0911719777463
2024_2792,2024,312497.29,2684811.05,0403花蓮地震,地震,0.127812186865
2024_2793,2024,319800.53,2679409.6,0403花蓮地震,地震,0.941855442174
2024_2794,2024,319079.63,2679388.98,0403花蓮地震,地震,1.09487406463
2024_2795,2024,313425.27,2678633.95,0403花蓮地震,地震,3.10199178955
2024_2796,2024,316463.11,2674925.84,0403花蓮地震,地震,0.57108563968
2024_2797,2024,315302.63,2674939.68,0403花蓮地震,地震,0.0720784496898
2024_2798,2024,317135.94,2679457.78,0403花蓮地震,地震,1.02456079935
2024_2799,2024,309248.04,2682515.7,0403花蓮地震,地震,0.193313877984
2024_2800,2024,316248.49,2675853.24,0403花蓮地震,地震,0.196741852903
2024_2801,2024,317480.32,2679849.56,0403花蓮地震,地震,0.148539782218
2024_2802,2024,317076.02,2676003.39,0403花蓮地震,地震,0.0571413108633
2024_2803,2024,316448.52,2674384.93,0403花蓮地震,地震,3.65176394385
2024_2804,2024,316712.45,2678560.28,0403花蓮地震,地震,0.676547389068
2024_2805,2024,314268.28,2682667.71,0403花蓮地震,地震,0.0629777345163
2024_2806,2024,317058.16,2676094.38,0403花蓮地震,地震,0.0473370896764
2024_2807,2024,312045.64,2684220.53,0403花蓮地震,地震,0.163262288388
2024_2808,2024,313995.59,2681149.55,0403花蓮地震,地震,0.102938452519
2024_2809,2024,317719.26,2678568.29,0403花蓮地震,地震,0.0660066837913
2024_2810,2024,310660.67,2683785.21,0403花蓮地震,地震,0.0653897515323
2024_2811,2024,316596.53,2676733.43,0403花蓮地震,地震,0.0723055512346
2024_2812,2024,309823.18,2683508.26,0403花蓮地震,地震,0.0141003543769
2024_2813,2024,316940.4,2677295.61,0403花蓮地震,地震,2.6406382788
2024_2814,2024,313252.22,2682521.7,0403花蓮地震,地震,0.222253417743
2024_2815,2024,316523.36,2676237.0,0403花蓮地震,地震,3.94815761213
2024_2816,2024,313637.15,2683212.54,0403花蓮地震,地震,0.0205519210935
2024_2817,2024,312895.35,2682910.37,0403花蓮地震,地震,0.0692986893326
2024_2818,2024,315579.3,2672875.03,0403花蓮地震,地震,0.0337717109465
2024_2819,2024,313293.93,2680093.34,0403花蓮地震,地震,0.256293226288
2024_2820,2024,313088.48,2679864.54,0403花蓮地震,地震,0.612064247251
2024_2821,2024,312132.58,2682146.87,0403花蓮地震,地震,0.135975861151
2024_2822,2024,310521.43,2681425.28,0403花蓮地震,地震,0.0409986120985
2024_2823,2024,312258.05,2681338.16,0403花蓮地震,地震,0.0725526475988
2024_2824,2024,314862.71,2677729.59,0403花蓮地震,地震,0.100412971681
2024_2825,2024,311825.34,2680122.02,0403花蓮地震,地震,10.2213545599
2024_2826,2024,316803.43,2676092.34,0403花蓮地震,地震,0.971347333617
2024_2827,2024,316654.32,2677935.18,0403花蓮地震,地震,1.69318272711
2024_2828,2024,311869.56,2680485.56,0403花蓮地震,地震,1.58860137928
2024_2829,2024,315654.46,2675315.5,0403花蓮地震,地震,0.0786213993639
2024_2830,2024,310465.53,2681379.53,0403花蓮地震,地震,0.0348524332885
2024_2831,2024,316453.6,2681017.47,0403花蓮地震,地震,0.51329572294
2024_2832,2024,313999.43,2684078.77,0403花蓮地震,地震,0.0890221145274
2024_2833,2024,312671.53,2678982.24,0403花蓮地震,地震,2.75035233509
2024_2834,2024,317543.32,2679288.84,0403花蓮地震,地震,1.53177530975
2024_2835,2024,316371.39,2674770.33,0403花蓮地震,地震,2.63765649902
2024_2836,2024,313972.88,2679302.35,0403花蓮地震,地震,0.0912851758612
2024_2837,2024,319075.44,2679766.53,0403花蓮地震,地震,0.423379802269
2024_2838,2024,316730.89,2678659.01,0403花蓮地震,地震,0.264856665537
2024_2839,2024,319256.59,2679730.09,0403花蓮地震,地震,0.227011892285
2024_2840,2024,316250.15,2677426.39,0403花蓮地震,地震,0.813212308043
2024_2841,2024,317947.05,2679438.27,0403花蓮地震,地震,1.41661718002
2024_2842,2024,310541.91,2681276.17,0403花蓮地震,地震,0.0419901527996
2024_2843,2024,316749.07,2681342.06,0403花蓮地震,地震,0.619368832148
2024_2844,2024,316317.82,2679653.83,0403花蓮地震,地震,2.28761448727
2024_2845,2024,311556.85,2679348.79,0403花蓮地震,地震,0.0599356904837
2024_2846,2024,315609.55,2672721.76,0403花蓮地震,地震,0.111100399996
2024_2847,2024,314266.34,2683710.88,0403花蓮地震,地震,0.0778614905813
2024_2848,2024,313764.76,2672847.64,0403花蓮地震,地震,0.362210187285
2024_2849,2024,315361.36,2674672.45,0403花蓮地震,地震,0.10059772508
2024_2850,2024,313790.86,2682282.12,0403花蓮地震,地震,10.6682683689
2024_2851,2024,317537.0,2678639.3,0403花蓮地震,地震,0.120002074297
2024_2852,2024,319807.97,2679706.05,0403花蓮地震,地震,0.465757463441
2024_2853,2024,317138.52,2676337.05,0403花蓮地震,地震,0.443275334177
2024_2854,2024,313306.47,2677777.79,0403花蓮地震,地震,0.683105297247
2024_2855,2024,314223.82,2672490.72,0403花蓮地震,地震,0.0238793642328
2024_2856,2024,316117.73,2677278.9,0403花蓮地震,地震,1.30760214764
2024_2857,2024,311904.56,2684606.7,0403花蓮地震,地震,0.029605215318
2024_2858,2024,314114.3,2673036.22,0403花蓮地震,地震,0.464578876391
2024_2859,2024,317854.22,2679082.64,0403花蓮地震,地震,0.469716738996
2024_2860,2024,319034.92,2678808.82,0403花蓮地震,地震,1.54250672479
2024_2861,2024,314337.91,2673152.88,0403花蓮地震,地震,0.205490102346
2024_2862,2024,310263.36,2684287.05,0403花蓮地震,地震,1.09100277974
2024_2863,2024,312634.17,2685415.35,0403花蓮地震,地震,0.14015172852
2024_2864,2024,316763.85,2677674.4,0403花蓮地震,地震,0.458864282334
2024_2865,2024,316495.32,2680724.71,0403花蓮地震,地震,0.0917977447267
2024_2866,2024,316422.41,2681159.5,0403花蓮地震,地震,0.3592399337
2024_2867,2024,317236.92,2677063.87,0403花蓮地震,地震,0.437382263093
2024_2868,2024,309266.27,2680261.92,0403花蓮地震,地震,0.501020366656
2024_2869,2024,315952.59,2676663.52,0403花蓮地震,地震,0.0246171126885
2024_2870,2024,317058.85,2676896.37,0403花蓮地震,地震,0.887515866894
2024_2871,2024,319252.99,2679446.09,0403花蓮地震,地震,0.797026039921
2024_2872,2024,311851.95,2678828.35,0403花蓮地震,地震,2.07228264223
2024_2873,2024,310324.17,2681455.67,0403花蓮地震,地震,0.0840677257802
2024_2874,2024,313583.67,2683735.91,0403花蓮地震,地震,0.173887913377
2024_2875,2024,313575.1,2684589.8,0403花蓮地震,地震,3.08958182585
2024_2876,2024,310562.0,2684494.14,0403花蓮地震,地震,0.377857596758
2024_2877,2024,313775.57,2684695.91,0403花蓮地震,地震,0.155955355129
2024_2878,2024,311957.8,2681331.92,0403花蓮地震,地震,0.150803828278
2024_2879,2024,315205.83,2680448.41,0403花蓮地震,地震,0.574978974002
2024_2880,2024,316472.26,2678614.42,0403花蓮地震,地震,0.73852847592
2024_2881,2024,317376.82,2678685.97,0403花蓮地震,地震,0.127886605015
2024_2882,2024,309404.3,2683637.31,0403花蓮地震,地震,0.00496550824711
2024_2883,2024,317198.45,2677988.78,0403花蓮地震,地震,0.0560404146312
2024_2884,2024,317745.08,2678807.22,0403花蓮地震,地震,0.19313618114
2024_2885,2024,309428.61,2680171.18,0403花蓮地震,地震,0.226101055394
2024_2886,2024,314063.59,2681409.04,0403花蓮地震,地震,0.0800319047947
2024_2887,2024,310784.93,2682839.67,0403花蓮地震,地震,0.295256299477
2024_2888,2024,317152.52,2677647.79,0403花蓮地震,地震,0.349070573916
2024_2889,2024,315499.01,2682184.35,0403花蓮地震,地震,0.0568201762865
2024_2890,2024,309469.48,2679937.66,0403花蓮地震,地震,0.0483745840949
2024_2891,2024,313231.53,2679961.02,0403花蓮地震,地震,0.690882049888
2024_2892,2024,314013.17,2682627.99,0403花蓮地震,地震,0.0269286023878
2024_2893,2024,310345.9,2684092.25,0403花蓮地震,地震,0.0314518033405
2024_2894,2024,313855.4,2684739.59,0403花蓮地震,地震,0.0197500060182
2024_2895,2024,318221.87,2679140.57,0403花蓮地震,地震,1.47303698757
2024_2896,2024,314082.55,2676142.65,0403花蓮地震,地震,1.07154358692
2024_2897,2024,316223.81,2675053.52,0403花蓮地震,地震,0.517873134154
2024_2898,2024,318711.36,2678744.96,0403花蓮地震,地震,4.74279177029
2024_2899,2024,315579.66,2673199.01,0403花蓮地震,地震,0.206428116474
2024_2900,2024,317635.45,2681040.83,0403花蓮地震,地震,6.04906431107
2024_2901,2024,311672.82,2679710.01,0403花蓮地震,地震,0.814908094789
2024_2902,2024,309425.31,2682314.56,0403花蓮地震,地震,0.0292809059563
2024_2903,2024,312629.05,2684939.12,0403花蓮地震,地震,0.0176758904906
2024_2904,2024,310608.49,2683657.91,0403花蓮地震,地震,0.0593397743758
2024_2905,2024,312828.55,2679453.23,0403花蓮地震,地震,0.0887665363409
2024_2906,2024,309468.83,2683632.43,0403花蓮地震,地震,0.357300219419
2024_2907,2024,314132.52,2672401.86,0403花蓮地震,地震,0.116135564733
2024_2908,2024,314345.56,2672205.92,0403花蓮地震,地震,0.097030538879
2024_2909,2024,310109.66,2683673.65,0403花蓮地震,地震,0.176797339539
2024_2910,2024,317869.56,2678804.63,0403花蓮地震,地震,2.27188079211
2024_2911,2024,319229.45,2679629.64,0403花蓮地震,地震,0.357308376273
2024_2912,2024,309263.32,2683597.33,0403花蓮地震,地震,0.00555914676457
2024_2913,2024,311581.13,2684703.0,0403花蓮地震,地震,0.265249312801
2024_2914,2024,313887.26,2684780.77,0403花蓮地震,地震,0.00774870993311
2024_2915,2024,319482.83,2679090.85,0403花蓮地震,地震,2.28788931019
2024_2916,2024,316487.63,2678778.04,0403花蓮地震,地震,0.435983352278
2024_2917,2024,314027.69,2681454.45,0403花蓮地震,地震,0.0498278674092
2024_2918,2024,316561.01,2677397.09,0403花蓮地震,地震,0.494726208975
2024_2919,2024,317976.55,2680330.35,0403花蓮地震,地震,0.13608049252
2024_2920,2024,317162.13,2677821.56,0403花蓮地震,地震,0.368740042774
2024_2921,2024,314764.24,2682527.85,0403花蓮地震,地震,1.00142801195
2024_2922,2024,316353.84,2674617.46,0403花蓮地震,地震,0.201132885988
2024_2923,2024,313916.31,2682513.1,0403花蓮地震,地震,0.087423065298
2024_2924,2024,316528.35,2679308.69,0403花蓮地震,地震,1.68381906882
2024_2925,2024,313346.67,2682498.75,0403花蓮地震,地震,0.56194119066
2024_2926,2024,312073.27,2677963.82,0403花蓮地震,地震,4.81997562207
2024_2927,2024,313141.27,2681051.2,0403花蓮地震,地震,0.3950924775
2024_2928,2024,317440.37,2678539.08,0403花蓮地震,地震,0.129633177994
2024_2929,2024,311936.43,2680998.93,0403花蓮地震,地震,0.0159061961198
2024_2930,2024,317324.16,2680004.72,0403花蓮地震,地震,0.569255600789
2024_2931,2024,309178.27,2683479.34,0403花蓮地震,地震,1.21817941216
2024_2932,2024,309526.13,2683670.19,0403花蓮地震,地震,0.047298294662
2024_2933,2024,311880.58,2681596.07,0403花蓮地震,地震,0.203423875085
2024_2934,2024,311249.64,2684365.75,0403花蓮地震,地震,0.158158869114
2024_2935,2024,314855.5,2680277.43,0403花蓮地震,地震,0.721914040168
2024_2936,2024,314173.05,2675464.77,0403花蓮地震,地震,0.507007119728
2024_2937,2024,311549.61,2679756.13,0403花蓮地震,地震,0.0666518027663
2024_2938,2024,314665.58,2680678.79,0403花蓮地震,地震,0.528176759321
2024_2939,2024,311669.95,2681643.18,0403花蓮地震,地震,0.684988741831
2024_2940,2024,314128.77,2684285.61,0403花蓮地震,地震,0.370326558924
2024_2941,2024,315672.75,2673251.18,0403花蓮地震,地震,0.200975123719
2024_2942,2024,312900.17,2682866.0,0403花蓮地震,地震,0.0788443522133
2024_2943,2024,316932.93,2677470.45,0403花蓮地震,地震,0.331516326438
2024_2944,2024,310687.05,2681489.97,0403花蓮地震,地震,0.0593741785387
2024_2945,2024,315508.24,2675014.5,0403花蓮地震,地震,0.15866011873
2024_2946,2024,312171.38,2681254.9,0403花蓮地震,地震,0.0703918305327
2024_2947,2024,309440.73,2683297.7,0403花蓮地震,地震,0.71955724525
2024_2948,2024,313431.4,2679022.13,0403花蓮地震,地震,0.197876070184
2024_2949,2024,316031.78,2675274.99,0403花蓮地震,地震,16.6657283226
2024_2950,2024,314943.82,2682378.87,0403花蓮地震,地震,0.359878321439
2024_2951,2024,312553.59,2685482.81,0403花蓮地震,地震,0.0338273728157
2024_2952,2024,318604.61,2679445.79,0403花蓮地震,地震,1.22631292472
2024_2953,2024,314295.29,2683651.23,0403花蓮地震,地震,0.0539435584188
2024_2954,2024,314941.78,2682667.81,0403花蓮地震,地震,0.238493329481
2024_2955,2024,316274.67,2677969.65,0403花蓮地震,地震,13.1129285091
2024_2956,2024,312128.11,2681125.93,0403花蓮地震,地震,0.035797314862
2024_2957,2024,316165.68,2678508.5,0403花蓮地震,地震,7.53688983827
2024_2958,2024,310884.57,2682838.74,0403花蓮地震,地震,0.0320511586921
2024_2959,2024,319476.46,2680000.09,0403花蓮地震,地震,0.811215007122
2024_2960,2024,313215.14,2684528.73,0403花蓮地震,地震,0.194121364821
2024_2961,2024,315089.9,2679517.28,0403花蓮地震,地震,0.330018892756
2024_2962,2024,315200.92,2672972.1,0403花蓮地震,地震,0.161780774746
2024_2963,2024,311478.14,2684452.47,0403花蓮地震,地震,1.13717536931
2024_2964,2024,315195.9,2673622.95,0403花蓮地震,地震,0.11684908497
2024_2965,2024,311739.49,2682857.29,0403花蓮地震,地震,0.312700602676
2024_2966,2024,312960.07,2682658.98,0403花蓮地震,地震,0.215212148033
2024_2967,2024,311167.06,2677972.94,0403花蓮地震,地震,1.07302628133
2024_2968,2024,317978.62,2678975.67,0403花蓮地震,地震,2.15526938782
2024_2969,2024,315785.88,2672948.75,0403花蓮地震,地震,0.529118158327
2024_2970,2024,315707.84,2673295.39,0403花蓮地震,地震,0.162517527126
2024_2971,2024,310198.1,2681367.28,0403花蓮地震,地震,0.191136567807
2024_2972,2024,315260.71,2681138.11,0403花蓮地震,地震,0.305045235679
2024_2973,2024,316855.51,2676374.86,0403花蓮地震,地震,0.0822564724433
2024_2974,2024,309322.49,2683606.03,0403花蓮地震,地震,0.0378964031536
2024_2975,2024,317020.08,2675893.31,0403花蓮地震,地震,0.0975025218313
2024_2976,2024,312546.18,2681490.17,0403花蓮地震,地震,0.0353136402258
2024_2977,2024,313977.13,2684113.67,0403花蓮地震,地震,0.0678711349995
2024_2978,2024,314373.72,2683602.92,0403花蓮地震,地震,0.0821718259635
2024_2979,2024,319384.26,2679467.97,0403花蓮地震,地震,3.38930008075
2024_2980,2024,315645.8,2675143.32,0403花蓮地震,地震,0.203672470384
2024_2981,2024,312321.26,2678815.22,0403花蓮地震,地震,0.866088812503
2024_2982,2024,311611.08,2679035.8,0403花蓮地震,地震,0.125851036634
2024_2983,2024,318690.81,2679807.42,0403花蓮地震,地震,0.349629697479
2024_2984,2024,316070.97,2674084.56,0403花蓮地震,地震,1.7049531693
2024_2985,2024,316942.17,2677138.06,0403花蓮地震,地震,0.317912292572
2024_2986,2024,316617.84,2677765.73,0403花蓮地震,地震,0.906539539042
2024_2987,2024,300615.27,2672145.36,0403花蓮地震,地震,0.629481098755
2024_2988,2024,304176.34,2674416.31,0403花蓮地震,地震,0.285849487017
2024_2989,2024,302108.59,2671698.91,0403花蓮地震,地震,0.0705407446721
2024_2990,2024,303747.7,2672406.47,0403花蓮地震,地震,0.372718654557
2024_2991,2024,312400.58,2673256.33,0403花蓮地震,地震,0.0478235025431
2024_2992,2024,302325.62,2668605.83,0403花蓮地震,地震,1.48415597984
2024_2993,2024,310383.21,2676229.03,0403花蓮地震,地震,0.526081644672
2024_2994,2024,311083.88,2677321.91,0403花蓮地震,地震,0.070377507164
2024_2995,2024,313183.56,2673079.04,0403花蓮地震,地震,0.0165630180899
2024_2996,2024,313500.04,2669779.76,0403花蓮地震,地震,0.0691393174272
2024_2997,2024,304273.68,2673391.33,0403花蓮地震,地震,0.36742592953
2024_2998,2024,310297.97,2671782.17,0403花蓮地震,地震,0.0960416646503
2024_2999,2024,303898.58,2673556.61,0403花蓮地震,地震,0.372508728849
2024_3000,2024,312245.51,2676974.22,0403花蓮地震,地震,2.47687378819
2024_3001,2024,310849.1,2674353.99,0403花蓮地震,地震,0.0295438803596
2024_3002,2024,306149.17,2672749.09,0403花蓮地震,地震,0.149810097381
2024_3003,2024,309928.84,2670714.74,0403花蓮地震,地震,0.0776464665656
2024_3004,2024,306191.97,2671560.04,0403花蓮地震,地震,0.41356910086
2024_3005,2024,309785.28,2676363.3,0403花蓮地震,地震,0.403404068562
2024_3006,2024,304800.91,2681406.85,0403花蓮地震,地震,0.0195776519824
2024_3007,2024,306107.48,2674219.68,0403花蓮地震,地震,1.80335971818
2024_3008,2024,309354.64,2673953.08,0403花蓮地震,地震,3.66561490682
2024_3009,2024,313266.15,2672553.4,0403花蓮地震,地震,0.0428225062992
2024_3010,2024,303057.01,2674772.15,0403花蓮地震,地震,0.153212185286
2024_3011,2024,312011.29,2674523.01,0403花蓮地震,地震,1.66250240496
2024_3012,2024,305891.46,2671836.16,0403花蓮地震,地震,0.533416965909
2024_3013,2024,312938.28,2674130.94,0403花蓮地震,地震,9.10090814945
2024_3014,2024,309505.38,2675309.65,0403花蓮地震,地震,0.204938551725
2024_3015,2024,309230.86,2676166.74,0403花蓮地震,地震,2.06233715341
2024_3016,2024,308246.11,2674578.84,0403花蓮地震,地震,4.72511390545
2024_3017,2024,303685.23,2669619.98,0403花蓮地震,地震,0.134029102
2024_3018,2024,305920.43,2675695.53,0403花蓮地震,地震,0.339962985663
2024_3019,2024,311332.91,2677312.14,0403花蓮地震,地震,0.024635493876
2024_3020,2024,309321.43,2676863.43,0403花蓮地震,地震,0.0338987241127
2024_3021,2024,309283.23,2676383.43,0403花蓮地震,地震,1.38584115666
2024_3022,2024,305835.9,2673643.7,0403花蓮地震,地震,0.836827317307
2024_3023,2024,301842.86,2672106.57,0403花蓮地震,地震,0.0953690907766
2024_3024,2024,307810.81,2673695.76,0403花蓮地震,地震,0.282628740348
2024_3025,2024,307049.99,2671691.26,0403花蓮地震,地震,0.287574028159
2024_3026,2024,300692.87,2674581.77,0403花蓮地震,地震,0.612381485103
2024_3027,2024,306363.29,2673645.94,0403花蓮地震,地震,0.46124304831
2024_3028,2024,304877.01,2669898.52,0403花蓮地震,地震,0.030245845305
2024_3029,2024,301953.71,2672344.5,0403花蓮地震,地震,0.276375127047
2024_3030,2024,305845.97,2672037.82,0403花蓮地震,地震,3.13689773534
2024_3031,2024,313234.91,2674190.53,0403花蓮地震,地震,0.293207362391
2024_3032,2024,311250.23,2672196.05,0403花蓮地震,地震,0.62358721203
2024_3033,2024,308753.43,2677487.48,0403花蓮地震,地震,0.495347691804
2024_3034,2024,309535.82,2671619.09,0403花蓮地震,地震,0.0150840593462
2024_3035,2024,312859.91,2670541.78,0403花蓮地震,地震,0.095094075752
2024_3036,2024,309256.47,2677098.85,0403花蓮地震,地震,0.519975846651
2024_3037,2024,304352.89,2674268.01,0403花蓮地震,地震,1.25313961603
2024_3038,2024,312472.81,2675356.52,0403花蓮地震,地震,1.06226124905
2024_3039,2024,306166.49,2675927.93,0403花蓮地震,地震,0.11909303159
2024_3040,2024,307642.77,2674105.52,0403花蓮地震,地震,0.306760375535
2024_3041,2024,306652.59,2676293.66,0403花蓮地震,地震,0.268403455589
2024_3042,2024,312737.56,2670865.6,0403花蓮地震,地震,0.186487056239
2024_3043,2024,301787.75,2671549.38,0403花蓮地震,地震,0.095169460459
2024_3044,2024,310036.76,2675360.22,0403花蓮地震,地震,0.106008513013
2024_3045,2024,310150.73,2673647.02,0403花蓮地震,地震,1.43113099083
2024_3046,2024,310763.09,2675158.98,0403花蓮地震,地震,0.219478528552
2024_3047,2024,306469.8,2676165.01,0403花蓮地震,地震,0.130296310357
2024_3048,2024,310411.68,2674564.35,0403花蓮地震,地震,0.171958262195
2024_3049,2024,312733.85,2674380.11,0403花蓮地震,地震,0.135381396329
2024_3050,2024,306540.77,2673121.89,0403花蓮地震,地震,7.30571293579
2024_3051,2024,311193.67,2672555.53,0403花蓮地震,地震,0.312400969361
2024_3052,2024,312217.51,2673231.37,0403花蓮地震,地震,0.0159050055144
2024_3053,2024,308425.93,2676571.88,0403花蓮地震,地震,5.08730746968
2024_3054,2024,312077.44,2672594.07,0403花蓮地震,地震,0.764959882617
2024_3055,2024,299310.98,2673712.41,0403花蓮地震,地震,1.4193515725
2024_3056,2024,302281.94,2674261.35,0403花蓮地震,地震,0.09411240577
2024_3057,2024,310563.48,2674083.2,0403花蓮地震,地震,1.54553768254
2024_3058,2024,301879.48,2671872.39,0403花蓮地震,地震,0.421800503086
2024_3059,2024,310772.76,2674537.58,0403花蓮地震,地震,0.505447381142
2024_3060,2024,313231.9,2670657.22,0403花蓮地震,地震,0.152692050323
2024_3061,2024,307306.16,2672088.95,0403花蓮地震,地震,0.149272756963
2024_3062,2024,312835.79,2675730.37,0403花蓮地震,地震,0.70319090896
2024_3063,2024,309864.43,2670330.78,0403花蓮地震,地震,0.369343422041
2024_3064,2024,311062.49,2674251.64,0403花蓮地震,地震,0.0604184974001
2024_3065,2024,299639.03,2672537.0,0403花蓮地震,地震,0.368093116958
2024_3066,2024,310769.72,2677002.05,0403花蓮地震,地震,0.0304781998414
2024_3067,2024,307541.62,2675863.49,0403花蓮地震,地震,0.788591992246
2024_3068,2024,309489.31,2674310.63,0403花蓮地震,地震,2.00172058593
2024_3069,2024,297337.9,2673905.34,0403花蓮地震,地震,0.306095019667
2024_3070,2024,313297.83,2670621.1,0403花蓮地震,地震,0.0775373443971
2024_3071,2024,301659.07,2671396.61,0403花蓮地震,地震,0.227323760579
2024_3072,2024,312341.93,2671456.93,0403花蓮地震,地震,0.285688808931
2024_3073,2024,306071.19,2671638.2,0403花蓮地震,地震,0.532440234705
2024_3074,2024,310708.74,2677104.43,0403花蓮地震,地震,0.0594056566227
2024_3075,2024,310948.28,2671876.2,0403花蓮地震,地震,0.177084487502
2024_3076,2024,301104.73,2672204.83,0403花蓮地震,地震,1.04200470114
2024_3077,2024,311887.33,2672983.25,0403花蓮地震,地震,0.856393656002
2024_3078,2024,311232.25,2673405.09,0403花蓮地震,地震,0.333181830027
2024_3079,2024,309941.04,2672509.94,0403花蓮地震,地震,0.771437365594
2024_3080,2024,307149.7,2672147.21,0403花蓮地震,地震,0.277777481244
2024_3081,2024,302250.71,2673956.69,0403花蓮地震,地震,0.118614253387
2024_3082,2024,305459.08,2675260.01,0403花蓮地震,地震,0.718670903541
2024_3083,2024,309500.51,2676767.81,0403花蓮地震,地震,0.0657727223745
2024_3084,2024,305494.98,2674839.0,0403花蓮地震,地震,0.0422380568739
2024_3085,2024,311907.29,2673379.83,0403花蓮地震,地震,0.299284025764
2024_3086,2024,302812.55,2675801.62,0403花蓮地震,地震,0.0650449009825
2024_3087,2024,310894.22,2674286.51,0403花蓮地震,地震,0.411215939343
2024_3088,2024,308390.82,2677510.28,0403花蓮地震,地震,0.029193142103
2024_3089,2024,310475.09,2674608.38,0403花蓮地震,地震,0.443643845453
2024_3090,2024,313021.9,2673414.47,0403花蓮地震,地震,0.149918406111
2024_3091,2024,309424.52,2676667.91,0403花蓮地震,地震,0.212783083712
2024_3092,2024,311080.68,2673686.08,0403花蓮地震,地震,0.0286379997613
2024_3093,2024,308704.37,2675227.18,0403花蓮地震,地震,0.265905672329
2024_3094,2024,312882.45,2672452.55,0403花蓮地震,地震,0.215990547584
2024_3095,2024,305558.65,2671593.98,0403花蓮地震,地震,0.307147267356
2024_3096,2024,304189.71,2674236.39,0403花蓮地震,地震,0.464264477206
2024_3097,2024,309200.1,2677525.95,0403花蓮地震,地震,0.310714361345
2024_3098,2024,310118.57,2674838.52,0403花蓮地震,地震,0.075845528061
2024_3099,2024,299747.31,2672699.93,0403花蓮地震,地震,0.22105486844
2024_3100,2024,313515.33,2669821.94,0403花蓮地震,地震,0.0846730628802
2024_3101,2024,310066.61,2674319.56,0403花蓮地震,地震,2.80321976471
2024_3102,2024,305934.73,2672182.09,0403花蓮地震,地震,0.345683511918
2024_3103,2024,305726.96,2672557.87,0403花蓮地震,地震,0.422579038569
2024_3104,2024,310602.14,2677084.82,0403花蓮地震,地震,0.0270475727892
2024_3105,2024,298073.95,2673828.74,0403花蓮地震,地震,0.736530488702
2024_3106,2024,302344.12,2674078.74,0403花蓮地震,地震,0.189522567452
2024_3107,2024,313030.45,2671518.71,0403花蓮地震,地震,0.578921258608
2024_3108,2024,306376.27,2676191.18,0403花蓮地震,地震,0.298296080162
2024_3109,2024,303500.4,2674327.68,0403花蓮地震,地震,0.912893963412
2024_3110,2024,313487.85,2676566.7,0403花蓮地震,地震,0.826488650126
2024_3111,2024,310409.37,2672165.95,0403花蓮地震,地震,0.450289496425
2024_3112,2024,306324.91,2676061.28,0403花蓮地震,地震,0.0311004609818
2024_3113,2024,313323.75,2673467.59,0403花蓮地震,地震,0.147039289834
2024_3114,2024,301611.72,2671320.76,0403花蓮地震,地震,0.155113198565
2024_3115,2024,305927.33,2674002.17,0403花蓮地震,地震,2.22152167413
2024_3116,2024,306274.74,2674559.97,0403花蓮地震,地震,0.0255822243636
2024_3117,2024,310626.94,2675111.5,0403花蓮地震,地震,0.472513754427
2024_3118,2024,311088.8,2673644.33,0403花蓮地震,地震,0.0167071336342
2024_3119,2024,313461.97,2673535.25,0403花蓮地震,地震,0.202149423364
2024_3120,2024,303125.08,2675913.33,0403花蓮地震,地震,0.435826506415
2024_3121,2024,304575.27,2674721.69,0403花蓮地震,地震,0.0955390293939
2024_3122,2024,308797.99,2675991.86,0403花蓮地震,地震,0.211377590589
2024_3123,2024,302955.78,2675718.79,0403花蓮地震,地震,0.77817980609
2024_3124,2024,313398.49,2674607.0,0403花蓮地震,地震,0.98061097072
2024_3125,2024,306059.71,2676148.76,0403花蓮地震,地震,0.081501460428
2024_3126,2024,298384.63,2672679.76,0403花蓮地震,地震,1.1514459023
2024_3127,2024,311720.82,2673856.72,0403花蓮地震,地震,4.82855881896
2024_3128,2024,311181.17,2672831.75,0403花蓮地震,地震,0.330290498524
2024_3129,2024,306186.0,2671271.34,0403花蓮地震,地震,1.30758332585
2024_3130,2024,312328.28,2671576.35,0403花蓮地震,地震,0.0763016834444
2024_3131,2024,313133.96,2670232.46,0403花蓮地震,地震,0.0630369613915
2024_3132,2024,297517.14,2673749.6,0403花蓮地震,地震,0.185933005092
2024_3133,2024,305110.29,2674142.51,0403花蓮地震,地震,1.0113556699
2024_3134,2024,312672.26,2672795.9,0403花蓮地震,地震,0.434279718161
2024_3135,2024,311987.87,2673076.27,0403花蓮地震,地震,0.0411523213068
2024_3136,2024,307842.0,2674047.08,0403花蓮地震,地震,0.464043465556
2024_3137,2024,310816.17,2676981.58,0403花蓮地震,地震,0.0285421891539
2024_3138,2024,313294.25,2674849.24,0403花蓮地震,地震,1.4491007146
2024_3139,2024,306160.67,2674624.8,0403花蓮地震,地震,0.107457466218
2024_3140,2024,310956.42,2674080.67,0403花蓮地震,地震,0.178599192701
2024_3141,2024,299471.14,2673317.79,0403花蓮地震,地震,0.542608190715
2024_3142,2024,313263.3,2675178.2,0403花蓮地震,地震,3.99011299896
2024_3143,2024,308926.77,2677459.78,0403花蓮地震,地震,3.09510517533
2024_3144,2024,312645.58,2672458.97,0403花蓮地震,地震,0.0345374683056
2024_3145,2024,310718.77,2674162.13,0403花蓮地震,地震,0.776241960518
2024_3146,2024,307152.08,2675897.71,0403花蓮地震,地震,1.20561637965
2024_3147,2024,307539.85,2678204.44,0403花蓮地震,地震,0.537556352726
2024_3148,2024,313386.04,2670361.59,0403花蓮地震,地震,0.0585250344139
2024_3149,2024,300451.76,2672363.5,0403花蓮地震,地震,0.153213828245
2024_3150,2024,302261.7,2675180.5,0403花蓮地震,地震,1.24618572674
2024_3151,2024,312861.89,2672973.18,0403花蓮地震,地震,0.127716267212
2024_3152,2024,300083.62,2672804.57,0403花蓮地震,地震,1.88086242302
2024_3153,2024,309604.82,2671572.75,0403花蓮地震,地震,0.114467267544
2024_3154,2024,303668.73,2674149.57,0403花蓮地震,地震,0.36936775143
2024_3155,2024,303198.0,2674084.38,0403花蓮地震,地震,1.54199127576
2024_3156,2024,303218.7,2669463.44,0403花蓮地震,地震,0.345392871181
2024_3157,2024,311451.3,2672787.8,0403花蓮地震,地震,0.119621159609
2024_3158,2024,312826.12,2669872.48,0403花蓮地震,地震,0.592003246147
2024_3159,2024,313035.49,2675437.35,0403花蓮地震,地震,1.37107902704
2024_3160,2024,305774.49,2673533.19,0403花蓮地震,地震,0.384456829337
2024_3161,2024,307149.27,2673680.54,0403花蓮地震,地震,0.132602710834
2024_3162,2024,313343.69,2673865.04,0403花蓮地震,地震,0.411952712872
2024_3163,2024,296303.15,2682397.69,0403花蓮地震,地震,0.298387759421
2024_3164,2024,310771.35,2671613.39,0403花蓮地震,地震,0.183728273186
2024_3165,2024,310970.46,2674253.92,0403花蓮地震,地震,0.0335347433028
2024_3166,2024,310921.37,2674350.18,0403花蓮地震,地震,0.0165729963618
2024_3167,2024,310941.74,2677230.6,0403花蓮地震,地震,0.0216637539806
2024_3168,2024,311084.47,2672417.68,0403花蓮地震,地震,0.0931201808959
2024_3169,2024,309499.12,2672976.72,0403花蓮地震,地震,0.969672877722
2024_3170,2024,307982.0,2675047.22,0403花蓮地震,地震,3.54735423489
2024_3171,2024,309420.48,2675489.08,0403花蓮地震,地震,1.13155888116
2024_3172,2024,309285.27,2675880.61,0403花蓮地震,地震,2.31725896823
2024_3173,2024,313147.04,2677179.87,0403花蓮地震,地震,1.100296739
2024_3174,2024,310546.77,2677102.34,0403花蓮地震,地震,0.175572055628
2024_3175,2024,310372.8,2676371.6,0403花蓮地震,地震,0.900382976573
2024_3176,2024,304671.73,2674317.45,0403花蓮地震,地震,0.508094018807
2024_3177,2024,310044.65,2675255.68,0403花蓮地震,地震,0.0564463686635
2024_3178,2024,298013.81,2671715.19,0403花蓮地震,地震,1.23066282297
2024_3179,2024,313182.12,2670555.11,0403花蓮地震,地震,0.161234703847
2024_3180,2024,312228.24,2674756.31,0403花蓮地震,地震,0.575674004593
2024_3181,2024,312625.75,2673095.05,0403花蓮地震,地震,0.0766674097178
2024_3182,2024,306116.23,2675923.28,0403花蓮地震,地震,0.0124319283992
2024_3183,2024,313208.83,2673126.47,0403花蓮地震,地震,0.0735502206261
2024_3184,2024,305532.52,2671842.04,0403花蓮地震,地震,0.221113030519
2024_3185,2024,309692.17,2671518.22,0403花蓮地震,地震,0.030858090685
2024_3186,2024,306096.94,2675930.73,0403花蓮地震,地震,0.0143524009702
2024_3187,2024,307545.03,2676456.21,0403花蓮地震,地震,0.36979988409
2024_3188,2024,312087.39,2670036.57,0403花蓮地震,地震,0.367342415239
2024_3189,2024,308788.06,2674776.31,0403花蓮地震,地震,0.551636087011
2024_3190,2024,311387.24,2673747.41,0403花蓮地震,地震,0.371656839659
2024_3191,2024,311773.14,2672974.03,0403花蓮地震,地震,0.233303227395
2024_3192,2024,312989.32,2674365.51,0403花蓮地震,地震,0.753641832206
2024_3193,2024,308738.08,2673530.81,0403花蓮地震,地震,15.0409806599
2024_3194,2024,309456.91,2675835.09,0403花蓮地震,地震,1.04209213044
2024_3195,2024,312892.57,2670008.63,0403花蓮地震,地震,0.135419297818
2024_3196,2024,311984.37,2677405.29,0403花蓮地震,地震,2.62283514236
2024_3197,2024,313139.34,2673018.55,0403花蓮地震,地震,0.0604383843215
2024_3198,2024,308519.61,2677332.55,0403花蓮地震,地震,3.52463949419
2024_3199,2024,313064.39,2671734.08,0403花蓮地震,地震,0.685281398026
2024_3200,2024,300967.02,2673498.3,0403花蓮地震,地震,0.462568845128
2024_3201,2024,302092.07,2671800.22,0403花蓮地震,地震,0.0330827198264
2024_3202,2024,305425.92,2674647.37,0403花蓮地震,地震,0.968418548326
2024_3203,2024,311373.08,2677754.74,0403花蓮地震,地震,0.56990392155
2024_3204,2024,308282.84,2675499.38,0403花蓮地震,地震,0.35379157411
2024_3205,2024,309458.95,2671922.02,0403花蓮地震,地震,0.484495258776
2024_3206,2024,309645.66,2676713.07,0403花蓮地震,地震,3.81224604744
2024_3207,2024,297885.72,2672322.78,0403花蓮地震,地震,0.609790871381
2024_3208,2024,312804.09,2676157.95,0403花蓮地震,地震,19.1537408552
2024_3209,2024,310892.46,2674069.17,0403花蓮地震,地震,0.267062939374
2024_3210,2024,313006.34,2674713.63,0403花蓮地震,地震,3.21129866148
2024_3211,2024,305768.69,2672215.55,0403花蓮地震,地震,0.436345345392
2024_3212,2024,312522.78,2673190.27,0403花蓮地震,地震,0.141338524897
2024_3213,2024,312600.26,2670063.55,0403花蓮地震,地震,0.0667178144769
2024_3214,2024,305591.44,2673899.69,0403花蓮地震,地震,2.00416250675
2024_3215,2024,306034.1,2674727.15,0403花蓮地震,地震,0.209862832857
2024_3216,2024,309723.32,2675529.61,0403花蓮地震,地震,0.490885634067
2024_3217,2024,312364.1,2675670.26,0403花蓮地震,地震,0.856320892319
2024_3218,2024,305632.27,2674489.03,0403花蓮地震,地震,0.725323808244
2024_3219,2024,301622.05,2673530.6,0403花蓮地震,地震,0.908786618313
2024_3220,2024,307478.03,2677132.81,0403花蓮地震,地震,14.452074918
2024_3221,2024,298495.9,2674953.81,0403花蓮地震,地震,0.717340230968
2024_3222,2024,304810.75,2669980.04,0403花蓮地震,地震,0.253969202888
2024_3223,2024,311122.21,2677708.78,0403花蓮地震,地震,0.523227960884
2024_3224,2024,305445.27,2671010.68,0403花蓮地震,地震,1.19285237363
2024_3225,2024,309900.2,2676531.42,0403花蓮地震,地震,1.06596429439
2024_3226,2024,312626.86,2673285.33,0403花蓮地震,地震,1.57144213521
2024_3227,2024,305905.78,2671081.82,0403花蓮地震,地震,0.552770458929
2024_3228,2024,310747.17,2674314.42,0403花蓮地震,地震,0.0217541594054
2024_3229,2024,313238.5,2675593.03,0403花蓮地震,地震,1.17747301045
2024_3230,2024,309568.21,2676505.03,0403花蓮地震,地震,0.629711034594
2024_3231,2024,308679.87,2676951.03,0403花蓮地震,地震,2.85179280269
2024_3232,2024,302616.4,2674818.35,0403花蓮地震,地震,0.195703235431
2024_3233,2024,313050.27,2673044.15,0403花蓮地震,地震,0.157296725547
2024_3234,2024,307622.66,2676106.45,0403花蓮地震,地震,1.86659873164
2024_3235,2024,313476.93,2676885.28,0403花蓮地震,地震,5.34427178419
2024_3236,2024,304510.0,2674537.6,0403花蓮地震,地震,1.24463074647
2024_3237,2024,309851.93,2673294.59,0403花蓮地震,地震,2.57869017784
2024_3238,2024,297356.29,2674390.72,0403花蓮地震,地震,1.29838984989
2024_3239,2024,310755.52,2675847.27,0403花蓮地震,地震,2.4685250199
2024_3240,2024,312271.41,2673567.78,0403花蓮地震,地震,2.53893837139
2024_3241,2024,312820.21,2670979.09,0403花蓮地震,地震,0.0351090537578
2024_3242,2024,308268.7,2674917.66,0403花蓮地震,地震,0.947873473361
2024_3243,2024,307247.42,2672463.23,0403花蓮地震,地震,0.268397736
2024_3244,2024,303353.86,2673916.95,0403花蓮地震,地震,0.807393904075
2024_3245,2024,304357.26,2674529.54,0403花蓮地震,地震,1.10841088825
2024_3246,2024,304908.42,2676697.02,0403花蓮地震,地震,0.0964616674353
2024_3247,2024,303109.38,2677291.43,0403花蓮地震,地震,0.130045495443
2024_3248,2024,303742.3,2669679.17,0403花蓮地震,地震,0.0844252161728
2024_3249,2024,312745.68,2672429.31,0403花蓮地震,地震,0.0456179042518
2024_3250,2024,302977.27,2675240.73,0403花蓮地震,地震,0.250966401271
2024_3251,2024,308479.25,2676238.74,0403花蓮地震,地震,0.919899895518
2024_3252,2024,298488.21,2673247.89,0403花蓮地震,地震,5.42209804953
2024_3253,2024,306793.87,2673847.38,0403花蓮地震,地震,0.150020838061
2024_3254,2024,312455.05,2670332.68,0403花蓮地震,地震,0.104853779962
2024_3255,2024,301225.16,2672036.93,0403花蓮地震,地震,0.90898443514
2024_3256,2024,310871.79,2677157.7,0403花蓮地震,地震,0.487816931623
2024_3257,2024,311111.34,2673754.35,0403花蓮地震,地震,0.015026946918
2024_3258,2024,313303.99,2670764.35,0403花蓮地震,地震,2.17965316547
2024_3259,2024,308301.8,2675194.78,0403花蓮地震,地震,0.20933168105
2024_3260,2024,306573.08,2676389.16,0403花蓮地震,地震,0.0347835272927
2024_3261,2024,305517.37,2671460.89,0403花蓮地震,地震,0.763330102809
2024_3262,2024,305845.62,2672337.09,0403花蓮地震,地震,0.592460495363
2024_3263,2024,311099.28,2673734.29,0403花蓮地震,地震,0.0456833580306
2024_3264,2024,310316.5,2674630.52,0403花蓮地震,地震,0.932562023274
2024_3265,2024,293774.99,2675333.62,0403花蓮地震,地震,0.870628729109
2024_3266,2024,313543.67,2673582.75,0403花蓮地震,地震,0.0406979631843
2024_3267,2024,307843.51,2673251.96,0403花蓮地震,地震,0.657815758786
2024_3268,2024,303100.76,2674910.23,0403花蓮地震,地震,0.255012778255
2024_3269,2024,309467.19,2676196.52,0403花蓮地震,地震,2.74168692785
2024_3270,2024,308581.3,2675406.55,0403花蓮地震,地震,0.238265214058
2024_3271,2024,305599.04,2674836.71,0403花蓮地震,地震,1.04453004102
2024_3272,2024,310771.82,2677064.2,0403花蓮地震,地震,0.0279966046937
2024_3273,2024,298680.44,2672288.76,0403花蓮地震,地震,0.829554150888
2024_3274,2024,302014.44,2671593.21,0403花蓮地震,地震,0.122057727161
2024_3275,2024,312972.78,2673538.73,0403花蓮地震,地震,0.103838821982
2024_3276,2024,307139.6,2673503.98,0403花蓮地震,地震,0.372872585611
2024_3277,2024,313741.32,2674634.27,0403花蓮地震,地震,0.483972658059
2024_3278,2024,312967.33,2672924.27,0403花蓮地震,地震,0.234081371596
2024_3279,2024,296077.16,2675085.48,0403花蓮地震,地震,0.57873887428
2024_3280,2024,307511.56,2677955.04,0403花蓮地震,地震,0.258673156032
2024_3281,2024,312808.59,2676451.73,0403花蓮地震,地震,0.681799274718
2024_3282,2024,312682.12,2669794.11,0403花蓮地震,地震,0.118432090853
2024_3283,2024,306319.75,2672911.32,0403花蓮地震,地震,1.51859626494
2024_3284,2024,300560.86,2673815.43,0403花蓮地震,地震,0.168945427986
2024_3285,2024,304728.57,2674619.05,0403花蓮地震,地震,0.369150571117
2024_3286,2024,306181.98,2674649.78,0403花蓮地震,地震,0.00511095386948
2024_3287,2024,303262.61,2674520.14,0403花蓮地震,地震,2.0455691348
2024_3288,2024,310536.52,2677039.88,0403花蓮地震,地震,0.53732569926
2024_3289,2024,305708.87,2675390.88,0403花蓮地震,地震,0.370208845502
2024_3290,2024,304795.26,2673971.15,0403花蓮地震,地震,1.13233285538
2024_3291,2024,312101.68,2672929.78,0403花蓮地震,地震,0.0492164262386
2024_3292,2024,308749.35,2673214.8,0403花蓮地震,地震,0.196124059566
2024_3293,2024,286433.6,2670567.51,0403花蓮地震,地震,0.145468756397
2024_3294,2024,291668.35,2672679.99,0403花蓮地震,地震,0.139608318736
2024_3295,2024,312956.84,2670458.97,0403花蓮地震,地震,0.237239171835
2024_3296,2024,301896.13,2671311.54,0403花蓮地震,地震,0.204963680073
2024_3297,2024,310778.39,2673442.65,0403花蓮地震,地震,0.164066541693
2024_3298,2024,313257.99,2675748.35,0403花蓮地震,地震,0.513484619411
2024_3299,2024,310328.96,2673494.4,0403花蓮地震,地震,0.368597987141
2024_3300,2024,313602.23,2674645.5,0403花蓮地震,地震,0.213929712683
2024_3301,2024,310479.66,2674784.49,0403花蓮地震,地震,0.670097191451
2024_3302,2024,309318.6,2676585.2,0403花蓮地震,地震,0.22890461678
2024_3303,2024,312636.69,2675291.13,0403花蓮地震,地震,0.549886902976
2024_3304,2024,298966.65,2677578.63,0403花蓮地震,地震,0.1243077169
2024_3305,2024,306307.87,2676896.51,0403花蓮地震,地震,0.388949128354
2024_3306,2024,304984.67,2676246.64,0403花蓮地震,地震,0.472101327173
2024_3307,2024,310737.8,2677014.4,0403花蓮地震,地震,0.0549267252014
2024_3308,2024,311013.17,2674242.98,0403花蓮地震,地震,0.138877556338
2024_3309,2024,309633.56,2674538.91,0403花蓮地震,地震,0.0920028587088
2024_3310,2024,303778.69,2669625.06,0403花蓮地震,地震,0.0495281424059
2024_3311,2024,311548.63,2677382.37,0403花蓮地震,地震,0.823604096379
2024_3312,2024,310737.09,2675280.85,0403花蓮地震,地震,0.176783613324
2024_3313,2024,312746.38,2670827.48,0403花蓮地震,地震,0.136798705737
2024_3314,2024,311511.28,2671711.29,0403花蓮地震,地震,0.306326201335
2024_3315,2024,305867.54,2672957.41,0403花蓮地震,地震,10.1692861605
2024_3316,2024,297429.42,2674576.52,0403花蓮地震,地震,0.724736870476
2024_3317,2024,305305.99,2674251.55,0403花蓮地震,地震,0.573184818993
2024_3318,2024,309822.21,2671684.06,0403花蓮地震,地震,0.230556199217
2024_3319,2024,310810.36,2672318.19,0403花蓮地震,地震,0.379819909382
2024_3320,2024,306234.98,2674563.97,0403花蓮地震,地震,0.0286883121791
2024_3321,2024,297697.19,2672539.94,0403花蓮地震,地震,0.141684898834
2024_3322,2024,312126.72,2671378.45,0403花蓮地震,地震,0.232723432474
2024_3323,2024,307951.17,2676543.54,0403花蓮地震,地震,0.347807417756
2024_3324,2024,303138.35,2669530.09,0403花蓮地震,地震,0.463456237624
2024_3325,2024,311723.83,2677053.52,0403花蓮地震,地震,0.657313558874
2024_3326,2024,303866.87,2672363.21,0403花蓮地震,地震,2.82691903426
2024_3327,2024,305073.96,2670735.69,0403花蓮地震,地震,0.187854716643
2024_3328,2024,311146.07,2673101.79,0403花蓮地震,地震,3.21830041685
2024_3329,2024,308979.02,2673242.59,0403花蓮地震,地震,0.646615931588
2024_3330,2024,297200.65,2672428.09,0403花蓮地震,地震,0.0940831900815
2024_3331,2024,292540.96,2678506.0,0403花蓮地震,地震,0.161199215322
2024_3332,2024,313985.51,2676554.22,0403花蓮地震,地震,0.566039895394
2024_3333,2024,306375.42,2671922.21,0403花蓮地震,地震,4.4776805653
2024_3334,2024,312295.74,2673233.17,0403花蓮地震,地震,0.160858157316
2024_3335,2024,313303.14,2674032.92,0403花蓮地震,地震,0.245551183616
2024_3336,2024,309450.46,2679265.23,0403花蓮地震,地震,0.00790330012995
2024_3337,2024,304766.77,2672636.28,0403花蓮地震,地震,0.340022314799
2024_3338,2024,299920.25,2672472.92,0403花蓮地震,地震,0.0835133160669
2024_3339,2024,311298.61,2673298.53,0403花蓮地震,地震,0.585387244617
2024_3340,2024,301821.05,2674219.82,0403花蓮地震,地震,0.679835356672
2024_3341,2024,304613.06,2674445.03,0403花蓮地震,地震,0.246153542903
2024_3342,2024,308266.17,2677230.82,0403花蓮地震,地震,0.514787826645
2024_3343,2024,310666.53,2674553.17,0403花蓮地震,地震,0.1109190925
2024_3344,2024,297851.02,2673179.18,0403花蓮地震,地震,0.816305693624
2024_3345,2024,310763.42,2677141.27,0403花蓮地震,地震,0.0230204462442
2024_3346,2024,306232.31,2671730.58,0403花蓮地震,地震,2.71392013916
2024_3347,2024,312499.99,2676725.11,0403花蓮地震,地震,0.597867655337
2024_3348,2024,306115.19,2673874.52,0403花蓮地震,地震,0.1188445215
2024_3349,2024,310347.37,2667271.39,0403花蓮地震,地震,0.294724982385
2024_3350,2024,309088.08,2665640.17,0403花蓮地震,地震,0.100498514889
2024_3351,2024,300096.25,2664771.96,0403花蓮地震,地震,0.173403543242
2024_3352,2024,304315.78,2666032.2,0403花蓮地震,地震,0.061412311324
2024_3353,2024,297966.71,2666513.2,0403花蓮地震,地震,1.00789403593
2024_3354,2024,298533.72,2667073.92,0403花蓮地震,地震,0.365174988453
2024_3355,2024,301277.71,2663881.92,0403花蓮地震,地震,0.255090701427
2024_3356,2024,301747.3,2664395.06,0403花蓮地震,地震,0.289101363963
2024_3357,2024,304356.47,2666006.54,0403花蓮地震,地震,0.0599639072525
2024_3358,2024,312083.15,2665927.91,0403花蓮地震,地震,0.127289557531
2024_3359,2024,309564.69,2666678.87,0403花蓮地震,地震,0.862086021097
2024_3360,2024,308530.42,2667646.99,0403花蓮地震,地震,0.153506721488
2024_3361,2024,303428.92,2665674.98,0403花蓮地震,地震,0.173167073734
2024_3362,2024,307500.84,2667558.88,0403花蓮地震,地震,0.293890672775
2024_3363,2024,303378.93,2665617.99,0403花蓮地震,地震,0.0837717920913
2024_3364,2024,310459.84,2667583.62,0403花蓮地震,地震,1.43658392134
2024_3365,2024,305073.52,2667818.29,0403花蓮地震,地震,0.259586100514
2024_3366,2024,303824.96,2665611.31,0403花蓮地震,地震,0.0381798411216
2024_3367,2024,303358.47,2665352.51,0403花蓮地震,地震,0.206009762996
2024_3368,2024,308984.58,2665630.69,0403花蓮地震,地震,0.358227774643
2024_3369,2024,299852.85,2664621.16,0403花蓮地震,地震,0.222993522309
2024_3370,2024,309909.89,2667585.19,0403花蓮地震,地震,0.230278404414
2024_3371,2024,297772.93,2667410.55,0403花蓮地震,地震,0.115924945572
2024_3372,2024,310096.41,2667388.25,0403花蓮地震,地震,1.03898621737
2024_3373,2024,300297.57,2665039.76,0403花蓮地震,地震,0.0226254433479
2024_3374,2024,301486.66,2665184.86,0403花蓮地震,地震,1.31011437875
2024_3375,2024,308404.77,2665483.24,0403花蓮地震,地震,0.504306472322
2024_3376,2024,311499.02,2665085.5,0403花蓮地震,地震,0.120713993333
2024_3377,2024,300412.22,2664849.79,0403花蓮地震,地震,0.142672941017
2024_3378,2024,307393.32,2666914.02,0403花蓮地震,地震,2.98899869443
2024_3379,2024,306892.13,2667593.78,0403花蓮地震,地震,0.211403053302
2024_3380,2024,309555.02,2666255.66,0403花蓮地震,地震,0.119613929419
2024_3381,2024,309954.69,2667508.92,0403花蓮地震,地震,0.320411486467
2024_3382,2024,303724.25,2665678.82,0403花蓮地震,地震,0.0345735403975
2024_3383,2024,299656.2,2664482.45,0403花蓮地震,地震,0.122543235401
2024_3384,2024,308423.75,2667207.63,0403花蓮地震,地震,0.201519756263
2024_3385,2024,297973.13,2667156.53,0403花蓮地震,地震,0.205138078466
2024_3386,2024,307798.96,2666042.23,0403花蓮地震,地震,0.292048484541
2024_3387,2024,304816.9,2665814.71,0403花蓮地震,地震,2.9532708006
2024_3388,2024,308339.09,2665500.8,0403花蓮地震,地震,0.0977544791757
2024_3389,2024,303976.27,2665854.07,0403花蓮地震,地震,0.697381788533
2024_3390,2024,305004.57,2667641.65,0403花蓮地震,地震,2.04726274066
2024_3391,2024,309491.55,2667465.51,0403花蓮地震,地震,0.265443617223
2024_3392,2024,311408.31,2664999.08,0403花蓮地震,地震,0.0622244624496
2024_3393,2024,299816.94,2660347.64,0403花蓮地震,地震,0.0389750178743
2024_3394,2024,297676.99,2662647.06,0403花蓮地震,地震,0.0553069559274
2024_3395,2024,309755.97,2667219.06,0403花蓮地震,地震,0.375362979001
2024_3396,2024,307076.73,2666694.75,0403花蓮地震,地震,0.190564951458
2024_3397,2024,300282.77,2664982.22,0403花蓮地震,地震,0.150784666167
2024_3398,2024,299851.81,2666398.35,0403花蓮地震,地震,0.122713435902
2024_3399,2024,310208.86,2667108.8,0403花蓮地震,地震,1.54471761666
2024_3400,2024,300200.22,2668514.75,0403花蓮地震,地震,0.123654003851
2024_3401,2024,300397.05,2664917.66,0403花蓮地震,地震,0.0406170675698
2024_3402,2024,300324.71,2669073.85,0403花蓮地震,地震,0.348328864054
2024_3403,2024,311508.31,2665039.54,0403花蓮地震,地震,0.319833597438
2024_3404,2024,304552.7,2665937.85,0403花蓮地震,地震,0.104038883901
2024_3405,2024,303957.36,2665591.39,0403花蓮地震,地震,0.0269189488008
2024_3406,2024,300322.96,2664784.79,0403花蓮地震,地震,0.126603392673
2024_3407,2024,309414.5,2668101.66,0403花蓮地震,地震,1.17081017661
2024_3408,2024,298625.61,2666983.72,0403花蓮地震,地震,0.344439795178
2024_3409,2024,303298.15,2665325.02,0403花蓮地震,地震,0.109837204128
2024_3410,2024,304481.29,2666245.77,0403花蓮地震,地震,0.0516281340872
2024_3411,2024,308625.36,2668334.18,0403花蓮地震,地震,0.345227040396
2024_3412,2024,299790.12,2663834.52,0403花蓮地震,地震,7.21425872098
2024_3413,2024,308428.18,2666999.42,0403花蓮地震,地震,0.0765893732362
2024_3414,2024,309957.71,2667170.5,0403花蓮地震,地震,0.578850740159
2024_3415,2024,309882.64,2667058.91,0403花蓮地震,地震,0.292794166341
2024_3416,2024,308429.39,2667504.01,0403花蓮地震,地震,0.664885851924
2024_3417,2024,300709.87,2664699.03,0403花蓮地震,地震,0.0247498077412
2024_3418,2024,308614.83,2665631.51,0403花蓮地震,地震,0.125454534557
2024_3419,2024,303430.51,2665345.84,0403花蓮地震,地震,0.072720661256
2024_3420,2024,299677.35,2666378.96,0403花蓮地震,地震,0.0841013670443
2024_3421,2024,299863.6,2666452.33,0403花蓮地震,地震,0.250943920271
2024_3422,2024,308237.72,2665490.03,0403花蓮地震,地震,0.185220780106
2024_3423,2024,310290.51,2667108.52,0403花蓮地震,地震,0.176745283538
2024_3424,2024,309755.0,2667002.94,0403花蓮地震,地震,0.24487341735
2024_3425,2024,303643.11,2665681.41,0403花蓮地震,地震,0.0491669203938
2024_3426,2024,288014.41,2656405.86,0403花蓮地震,地震,0.491292831895
2024_3427,2024,282292.47,2656917.96,0403花蓮地震,地震,0.0655948833572
2024_3428,2024,298739.11,2655643.39,0403花蓮地震,地震,0.0518123198217
2024_3429,2024,297067.94,2649892.68,0403花蓮地震,地震,0.117914583
2024_3430,2024,297108.29,2651102.44,0403花蓮地震,地震,0.0819691676851
2024_3431,2024,279515.84,2656746.81,0403花蓮地震,地震,0.189803969979
2024_3432,2024,294882.83,2659645.01,0403花蓮地震,地震,0.383285276243
2024_3433,2024,297394.88,2648851.45,0403花蓮地震,地震,0.758506379742
2024_3434,2024,296336.16,2649919.67,0403花蓮地震,地震,0.198508068963
2024_3435,2024,283297.74,2652898.72,0403花蓮地震,地震,0.448609370666
2024_3436,2024,297120.23,2651179.44,0403花蓮地震,地震,0.118497284239
2024_3437,2024,281872.44,2654747.93,0403花蓮地震,地震,0.0933685147572
2024_3438,2024,301519.08,2654612.22,0403花蓮地震,地震,0.121227370144
2024_3439,2024,295340.11,2660064.57,0403花蓮地震,地震,0.248585341152
2024_3440,2024,298352.87,2656057.85,0403花蓮地震,地震,0.514544647068
2024_3441,2024,292444.93,2654525.7,0403花蓮地震,地震,0.489644682558
2024_3442,2024,293004.51,2654952.5,0403花蓮地震,地震,0.137679710791
2024_3443,2024,300671.83,2653408.29,0403花蓮地震,地震,0.0810074728844
2024_3444,2024,296319.72,2650683.47,0403花蓮地震,地震,0.379719987489
2024_3445,2024,293249.64,2657156.32,0403花蓮地震,地震,0.183264437173
2024_3446,2024,280286.5,2652172.84,0403花蓮地震,地震,0.959083564192
2024_3447,2024,299092.35,2651752.16,0403花蓮地震,地震,0.174654527314
2024_3448,2024,298701.11,2655597.09,0403花蓮地震,地震,0.182571144253
2024_3449,2024,291466.45,2654501.54,0403花蓮地震,地震,1.16583236684
2024_3450,2024,303588.29,2651977.44,0403花蓮地震,地震,0.23183434563
2024_3451,2024,288325.72,2656037.89,0403花蓮地震,地震,1.06517480385
2024_3452,2024,302948.74,2652635.07,0403花蓮地震,地震,1.01238588678
2024_3453,2024,287255.96,2657245.82,0403花蓮地震,地震,5.37047252677
2024_3454,2024,301387.14,2654508.19,0403花蓮地震,地震,0.269476636548
2024_3455,2024,302275.09,2651798.65,0403花蓮地震,地震,0.0621079388892
2024_3456,2024,301352.89,2653622.8,0403花蓮地震,地震,0.430191140568
2024_3457,2024,300419.92,2656984.79,0403花蓮地震,地震,0.154412257868
2024_3458,2024,293392.1,2655718.17,0403花蓮地震,地震,0.718739217336
2024_3459,2024,299987.45,2652669.16,0403花蓮地震,地震,0.0930176093783
2024_3460,2024,300663.39,2653357.2,0403花蓮地震,地震,0.365396436933
2024_3461,2024,283138.91,2653778.64,0403花蓮地震,地震,0.333205465415
2024_3462,2024,286840.21,2657020.52,0403花蓮地震,地震,3.91238481593
2024_3463,2024,300560.8,2657061.55,0403花蓮地震,地震,0.0461429731836
2024_3464,2024,297731.8,2655510.71,0403花蓮地震,地震,0.289676771797
2024_3465,2024,287851.3,2657212.03,0403花蓮地震,地震,0.141829909558
2024_3466,2024,295634.99,2651802.22,0403花蓮地震,地震,0.231466108392
2024_3467,2024,300542.36,2657225.45,0403花蓮地震,地震,0.0242499997042
2024_3468,2024,301623.28,2654834.46,0403花蓮地震,地震,0.0876889044906
2024_3469,2024,300548.43,2653960.09,0403花蓮地震,地震,3.95872623309
2024_3470,2024,300684.63,2653459.49,0403花蓮地震,地震,0.0872293328607
2024_3471,2024,288345.64,2655692.01,0403花蓮地震,地震,0.177350002842
2024_3472,2024,292225.18,2657679.65,0403花蓮地震,地震,0.0992402419012
2024_3473,2024,283403.19,2653621.81,0403花蓮地震,地震,0.219282399692
2024_3474,2024,296144.71,2651066.39,0403花蓮地震,地震,0.711063185748
2024_3475,2024,293201.69,2657030.68,0403花蓮地震,地震,0.105400698245
2024_3476,2024,297434.32,2649317.72,0403花蓮地震,地震,0.0668683231047
2024_3477,2024,296717.68,2651622.98,0403花蓮地震,地震,0.0666430891175
2024_3478,2024,292734.77,2654644.34,0403花蓮地震,地震,0.208276083839
2024_3479,2024,293059.48,2654933.7,0403花蓮地震,地震,0.139418918869
2024_3480,2024,282752.7,2657670.13,0403花蓮地震,地震,0.133786902695
2024_3481,2024,301433.09,2654686.42,0403花蓮地震,地震,0.881229673097
2024_3482,2024,301452.36,2654779.22,0403花蓮地震,地震,0.0771132891228
2024_3483,2024,296396.88,2649815.57,0403花蓮地震,地震,2.72479628678
2024_3484,2024,293073.97,2654791.94,0403花蓮地震,地震,0.384467226007
2024_3485,2024,288420.72,2655541.91,0403花蓮地震,地震,0.824170247587
2024_3486,2024,292553.2,2654696.98,0403花蓮地震,地震,0.288074955771
2024_3487,2024,298094.74,2655440.26,0403花蓮地震,地震,0.112662425907
2024_3488,2024,301544.18,2654559.53,0403花蓮地震,地震,0.054748230024
2024_3489,2024,292936.95,2654769.67,0403花蓮地震,地震,0.22911461591
2024_3490,2024,288006.57,2657131.77,0403花蓮地震,地震,0.577275391133
2024_3491,2024,292277.3,2657782.54,0403花蓮地震,地震,0.220518049629
2024_3492,2024,296707.87,2657777.63,0403花蓮地震,地震,0.559560672673
2024_3493,2024,283111.93,2652658.44,0403花蓮地震,地震,0.768222730925
2024_3494,2024,286911.28,2636835.22,0403花蓮地震,地震,0.0228253746223
2024_3495,2024,286861.02,2639257.81,0403花蓮地震,地震,0.020631528734
2024_3496,2024,286996.73,2636809.12,0403花蓮地震,地震,0.00735246607104
2024_3497,2024,289575.78,2636372.15,0403花蓮地震,地震,0.0309408153004
2024_3498,2024,286968.55,2636821.35,0403花蓮地震,地震,0.0154201805953
2024_3499,2024,281773.65,2645311.59,0403花蓮地震,地震,0.848336768164
2024_3500,2024,282814.35,2633162.68,0403花蓮地震,地震,0.181216774173
2024_3501,2024,284513.51,2641098.62,0403花蓮地震,地震,0.223394125442
2024_3502,2024,285659.33,2634522.19,0403花蓮地震,地震,0.739205282404
2024_3503,2024,282109.35,2646249.92,0403花蓮地震,地震,1.53087530271
2024_3504,2024,284268.95,2634057.41,0403花蓮地震,地震,0.155865786492
2024_3505,2024,285598.82,2634671.57,0403花蓮地震,地震,0.472397434996
2024_3506,2024,286383.6,2616262.09,0403花蓮地震,地震,0.13859298478
2024_3507,2024,287056.15,2628243.12,0403花蓮地震,地震,0.11022385873
2024_3508,2024,289801.24,2628103.66,0403花蓮地震,地震,0.0202810962591
2024_3509,2024,284636.86,2630749.89,0403花蓮地震,地震,0.710457041814
2024_3510,2024,285494.6,2632751.61,0403花蓮地震,地震,1.03331229041
2024_3511,2024,289841.56,2627983.68,0403花蓮地震,地震,0.150225262831
2024_3512,2024,289669.07,2628123.28,0403花蓮地震,地震,0.163252533896
2024_3513,2024,309790.07,2644263.58,0403花蓮地震,地震,0.0163329483856
2024_3514,2024,308286.29,2642433.48,0403花蓮地震,地震,0.00841846346424
2024_3515,2024,309946.31,2644508.24,0403花蓮地震,地震,0.0154970875112
2024_3516,2024,309714.16,2644305.38,0403花蓮地震,地震,0.0157462491476
2024_3517,2024,310083.79,2644861.05,0403花蓮地震,地震,0.0503359708768
2024_3518,2024,308336.96,2642526.13,0403花蓮地震,地震,0.0207818877121
2024_3519,2024,308190.36,2642416.67,0403花蓮地震,地震,0.0555523518186
2024_3520,2024,308509.37,2642700.17,0403花蓮地震,地震,0.0165599570376
2024_3521,2024,310352.07,2645012.46,0403花蓮地震,地震,0.0105359451596
2024_3522,2024,308182.77,2642062.89,0403花蓮地震,地震,0.0719406297356
2024_3523,2024,308050.69,2642215.14,0403花蓮地震,地震,0.0685866226951
2024_3524,2024,308438.15,2642625.03,0403花蓮地震,地震,0.0742598766722
2024_3525,2024,308309.22,2642477.19,0403花蓮地震,地震,0.113418550716
2024_3526,2024,310114.64,2644918.51,0403花蓮地震,地震,0.16112838893
2024_3527,2024,309674.83,2643868.08,0403花蓮地震,地震,0.0148370491074
2024_3528,2024,308454.95,2642677.86,0403花蓮地震,地震,0.0321296482421
2024_3529,2024,308231.38,2642398.07,0403花蓮地震,地震,0.0827264026486
2024_3530,2024,308113.48,2642264.48,0403花蓮地震,地震,0.0651525120052
2024_3531,2024,309921.88,2644664.2,0403花蓮地震,地震,0.138833143201
2024_3532,2024,310137.9,2644940.45,0403花蓮地震,地震,0.0265573446494
2024_3533,2024,309752.14,2644245.67,0403花蓮地震,地震,0.0177999255064
2024_3534,2024,308040.28,2642177.39,0403花蓮地震,地震,0.0492237895504
2024_3535,2024,309477.82,2643942.19,0403花蓮地震,地震,0.00578351367802
2024_3536,2024,309127.02,2637897.76,0403花蓮地震,地震,0.0141
2024_3537,2024,309147.17,2637896.73,0403花蓮地震,地震,0.0269
2024_3538,2024,309256.1,2637562.58,0403花蓮地震,地震,0.208776672609
2024_3539,2024,309184.02,2638044.07,0403花蓮地震,地震,0.145725
2024_3540,2024,309238.67,2638577.93,0403花蓮地震,地震,0.0931001077339
2024_3541,2024,309262.23,2636491.88,0403花蓮地震,地震,0.0721048364938
2024_3542,2024,309071.57,2640806.01,0403花蓮地震,地震,0.219501378131
2024_3543,2024,309262.92,2636449.88,0403花蓮地震,地震,0.016013601979
2024_3544,2024,308833.88,2640973.82,0403花蓮地震,地震,0.0228472678955
2024_3545,2024,308590.47,2640262.15,0403花蓮地震,地震,0.0557551376148
2024_3546,2024,309258.74,2638048.84,0403花蓮地震,地震,0.0522
2024_3547,2024,310125.36,2638368.14,0403花蓮地震,地震,0.241958450088
2024_3548,2024,309051.98,2637073.41,0403花蓮地震,地震,0.425347965203
2024_3549,2024,309398.75,2636406.37,0403花蓮地震,地震,0.0920302832956
2024_3550,2024,309836.26,2639229.57,0403花蓮地震,地震,0.02594722911
2024_3551,2024,308734.37,2640349.7,0403花蓮地震,地震,0.0470958259021
2024_3552,2024,308760.01,2640198.38,0403花蓮地震,地震,0.566445383475
2024_3553,2024,309244.65,2637038.31,0403花蓮地震,地震,0.423163983242
2024_3554,2024,308819.2,2641073.81,0403花蓮地震,地震,0.36823640053
2024_3555,2024,309212.55,2636499.41,0403花蓮地震,地震,0.0969300953419
2024_3556,2024,308884.32,2640989.37,0403花蓮地震,地震,0.0979370628245
2024_3557,2024,309205.98,2636773.2,0403花蓮地震,地震,0.362959081973
2024_3558,2024,310053.69,2638259.83,0403花蓮地震,地震,0.0950614941296
2024_3559,2024,305325.44,2618710.3,0403花蓮地震,地震,0.485247147165
2024_3560,2024,305732.89,2623843.75,0403花蓮地震,地震,0.153704381472
2024_3561,2024,306056.17,2624472.9,0403花蓮地震,地震,0.602826887881
2024_3562,2024,269856.44,2679581.96,0403花蓮地震,地震,0.0608912675574
2024_3563,2024,267343.73,2677763.84,0403花蓮地震,地震,0.113785932329
2024_3564,2024,267307.57,2678099.06,0403花蓮地震,地震,0.227040617952
2024_3565,2024,263523.59,2673411.04,0403花蓮地震,地震,0.376364675078
2024_3566,2024,271540.59,2657784.93,0403花蓮地震,地震,0.159020372068
2024_3567,2024,276405.88,2647450.78,0403花蓮地震,地震,0.0735580616608
2024_3568,2024,268653.84,2678650.57,0403花蓮地震,地震,0.135487850391
2024_3569,2024,275674.05,2685489.08,0403花蓮地震,地震,0.0441816163217
2024_3570,2024,273724.22,2689372.42,0403花蓮地震,地震,0.159615397293
2024_3571,2024,277870.19,2681476.93,0403花蓮地震,地震,0.265875306844
2024_3572,2024,314133.74,2676369.3,0403花蓮地震,地震,0.356733893529
2024_3573,2024,317869.48,2677315.69,0403花蓮地震,地震,0.128461077019
2024_3574,2024,325076.92,2711471.81,0403花蓮地震,地震,4.3989224033
2024_3575,2024,335154.48,2712740.78,0403花蓮地震,地震,0.233633851323
2024_3576,2024,328392.53,2709461.68,0403花蓮地震,地震,0.219423264874
2024_3577,2024,310434.49,2669366.65,0403花蓮地震,地震,0.0542258924558
2024_3578,2024,321076.26,2686935.68,0403花蓮地震,地震,0.234525373025
2024_3579,2024,321073.78,2686870.61,0403花蓮地震,地震,0.0995937184916
2024_3580,2024,321091.09,2686795.15,0403花蓮地震,地震,0.0803146224011
2024_3581,2024,321093.61,2686717.93,0403花蓮地震,地震,0.160652677784
2024_3582,2024,316410.94,2686114.05,0403花蓮地震,地震,0.0979922898343
2024_3583,2024,316366.36,2686018.7,0403花蓮地震,地震,0.0927140304857
2024_3584,2024,316030.38,2684981.5,0403花蓮地震,地震,0.487533930658
2024_3585,2024,315385.39,2684377.07,0403花蓮地震,地震,0.209412296085
2024_3586,2024,315528.33,2684361.13,0403花蓮地震,地震,0.294178271566
2024_3587,2024,317106.36,2683979.96,0403花蓮地震,地震,0.183006208894
2024_3588,2024,320101.04,2687747.8,0403花蓮地震,地震,0.183832300679
2024_3589,2024,319830.54,2687248.3,0403花蓮地震,地震,0.256566731737
2024_3590,2024,322412.22,2685737.57,0403花蓮地震,地震,0.0965776634574
2024_3591,2024,316789.86,2677752.49,0403花蓮地震,地震,0.190668115189
2024_3592,2024,315830.15,2683446.67,0403花蓮地震,地震,6.08479009757
2024_3593,2024,312894.54,2676645.38,0403花蓮地震,地震,0.151653076911
2024_3594,2024,286234.55,2699803.83,0403花蓮地震,地震,0.473622899169
2024_3595,2024,286333.74,2699975.77,0403花蓮地震,地震,0.173958826406
2024_3596,2024,317463.32,2693083.08,0629豪雨,降雨,0.480124507166
2024_3597,2024,318335.45,2691383.16,0629豪雨,降雨,0.594435481154
2024_3598,2024,314514.96,2689691.82,0629豪雨,降雨,1.8253474323
2024_3599,2024,297717.98,2689055.78,0629豪雨,降雨,0.450026930332
2024_3600,2024,298558.15,2687755.66,0629豪雨,降雨,1.26008752577
2024_3601,2024,313930.41,2692709.55,0629豪雨,降雨,0.482879706476
2024_3602,2024,325290.23,2688281.42,0629豪雨,降雨,0.390131506003
2024_3603,2024,325694.87,2688217.38,0629豪雨,降雨,0.350119392455
2024_3604,2024,325958.92,2688010.75,0629豪雨,降雨,0.130044830136
2024_3605,2024,325935.09,2687093.53,0629豪雨,降雨,0.240082748637
2024_3606,2024,310745.71,2683943.9,0629豪雨,降雨,1.9303690615
2024_3607,2024,311930.76,2690580.46,0629豪雨,降雨,0.350071064479
2024_3608,2024,312633.85,2686797.87,0629豪雨,降雨,3.57200065111
2024_3609,2024,312145.7,2686305.57,0629豪雨,降雨,0.450092208421
2024_3610,2024,312520.69,2687847.39,0629豪雨,降雨,0.340071106504
2024_3611,2024,318165.24,2681855.03,0629豪雨,降雨,0.130034510521
2024_3612,2024,318679.81,2681838.21,0629豪雨,降雨,0.280075786688
2024_3613,2024,314799.49,2683168.15,0629豪雨,降雨,0.140032445459
2024_3614,2024,314876.27,2683077.96,0629豪雨,降雨,0.440102339781
2024_3615,2024,314801.64,2683018.13,0629豪雨,降雨,0.100023017874
2024_3616,2024,314835.88,2682968.22,0629豪雨,降雨,0.200046126436
2024_3617,2024,325836.49,2687062.54,0629豪雨,降雨,0.497279506732
2024_3618,2024,312996.83,2692717.2,0629豪雨,降雨,0.370079408049
2024_3619,2024,320985.34,2692833.58,0629豪雨,降雨,0.250074065646
2024_3620,2024,313169.74,2691560.44,0629豪雨,降雨,0.180039039176
2024_3621,2024,322389.35,2690741.06,0629豪雨,降雨,0.340105105428
2024_3622,2024,322346.02,2690611.81,0629豪雨,降雨,0.190058628025
2024_3623,2024,322300.77,2690517.66,0629豪雨,降雨,0.140042998012
2024_3624,2024,313829.54,2690414.7,0629豪雨,降雨,0.210046658918
2024_3625,2024,301589.3,2689310.49,0629豪雨,降雨,0.940093456489
2024_3626,2024,316716.72,2686581.75,0629豪雨,降雨,0.194835045344
2024_3627,2024,318336.03,2687101.65,0629豪雨,降雨,5.09799860883
2024_3628,2024,316682.95,2689639.26,0629豪雨,降雨,0.139099639654
2024_3629,2024,320634.9,2687318.46,0629豪雨,降雨,0.154805825387
2024_3630,2024,320848.14,2687069.07,0629豪雨,降雨,0.283553496444
2024_3631,2024,320692.41,2687504.85,0629豪雨,降雨,0.187769041305
2024_3632,2024,320873.93,2687381.95,0629豪雨,降雨,0.177624415636
2024_3633,2024,321260.07,2686930.37,0629豪雨,降雨,0.135435895037
2024_3634,2024,319374.52,2686796.26,0629豪雨,降雨,0.342338608777
2024_3635,2024,319760.84,2686706.15,0629豪雨,降雨,0.173285205082
2024_3636,2024,319600.85,2686536.45,0629豪雨,降雨,0.341900405007
2024_3637,2024,319633.01,2686453.52,0629豪雨,降雨,0.117093848421
2024_3638,2024,319552.73,2686320.98,0629豪雨,降雨,0.123845785287
2024_3639,2024,317130.35,2686691.35,0629豪雨,降雨,0.204357193882
2024_3640,2024,316891.65,2686033.51,0629豪雨,降雨,0.141353100447
2024_3641,2024,315987.33,2685775.99,0629豪雨,降雨,0.106331069134
2024_3642,2024,315993.48,2685321.14,0629豪雨,降雨,2.49132969377
2024_3643,2024,317272.05,2685211.45,0629豪雨,降雨,0.125186455582
2024_3644,2024,317323.19,2685137.86,0629豪雨,降雨,0.142082119544
2024_3645,2024,317780.06,2684878.28,0629豪雨,降雨,0.150556428034
2024_3646,2024,317630.57,2684690.1,0629豪雨,降雨,0.1045392641
2024_3647,2024,317153.78,2683942.74,0629豪雨,降雨,0.131870270332
2024_3648,2024,316896.81,2683666.82,0629豪雨,降雨,0.150940895916
2024_3649,2024,317308.86,2683623.31,0629豪雨,降雨,0.100789546886
2024_3650,2024,318492.75,2684620.79,0629豪雨,降雨,0.102238941566
2024_3651,2024,320985.93,2682751.07,0629豪雨,降雨,0.209464986857
2024_3652,2024,323589.21,2682524.1,0629豪雨,降雨,0.568444221906
2024_3653,2024,322018.06,2681905.94,0629豪雨,降雨,0.112607096948
2024_3654,2024,321843.47,2681895.57,0629豪雨,降雨,0.162002761939
2024_3655,2024,321261.23,2681425.25,0629豪雨,降雨,0.17293357816
2024_3656,2024,321145.38,2680476.19,0629豪雨,降雨,0.112892880564
2024_3657,2024,321859.54,2681277.59,0629豪雨,降雨,0.114038756082
2024_3658,2024,315204.56,2680543.24,0629豪雨,降雨,0.575560645838
2024_3659,2024,313069.39,2680889.74,0629豪雨,降雨,0.425303861575
2024_3660,2024,313120.8,2680393.21,0629豪雨,降雨,0.655185563674
2024_3661,2024,311899.01,2680397.86,0629豪雨,降雨,0.145276276931
2024_3662,2024,312000.16,2680405.65,0629豪雨,降雨,0.557952736711
2024_3663,2024,308368.26,2677427.31,0629豪雨,降雨,0.621885729526
2024_3664,2024,309305.43,2677188.86,0629豪雨,降雨,0.1107752205
2024_3665,2024,308592.68,2677124.53,0629豪雨,降雨,0.149264213103
2024_3666,2024,308541.51,2677130.48,0629豪雨,降雨,0.437342358552
2024_3667,2024,308863.94,2676867.03,0629豪雨,降雨,0.247051973729
2024_3668,2024,308688.1,2677041.04,0629豪雨,降雨,3.46211701884
2024_3669,2024,308386.49,2676232.87,0629豪雨,降雨,0.225112077523
2024_3670,2024,309736.77,2676373.29,0629豪雨,降雨,6.21430200548
2024_3671,2024,309604.77,2676806.37,0629豪雨,降雨,1.1500085151
2024_3672,2024,310382.09,2676594.5,0629豪雨,降雨,0.524459978792
2024_3673,2024,310739.07,2675118.71,0629豪雨,降雨,0.167314435814
2024_3674,2024,310761.3,2675201.37,0629豪雨,降雨,0.769611553861
2024_3675,2024,311155.49,2677117.1,0629豪雨,降雨,0.28109634381
2024_3676,2024,312542.53,2679097.32,0629豪雨,降雨,0.379418531454
2024_3677,2024,311993.43,2678972.13,0629豪雨,降雨,0.149335548025
2024_3678,2024,312765.55,2678673.44,0629豪雨,降雨,0.239339650172
2024_3679,2024,311906.77,2677459.86,0629豪雨,降雨,4.1677252424
2024_3680,2024,311840.05,2677730.3,0629豪雨,降雨,0.211150313009
2024_3681,2024,311605.27,2677465.65,0629豪雨,降雨,0.716115707811
2024_3682,2024,312080.97,2677140.27,0629豪雨,降雨,5.53607198907
2024_3683,2024,313393.3,2677001.91,0629豪雨,降雨,0.144145794909
2024_3684,2024,313441.79,2676182.82,0629豪雨,降雨,0.260674818863
2024_3685,2024,313610.42,2676182.58,0629豪雨,降雨,0.570520842299
2024_3686,2024,312322.8,2676319.57,0629豪雨,降雨,0.164466454795
2024_3687,2024,312893.67,2675862.16,0629豪雨,降雨,0.329965214869
2024_3688,2024,312743.13,2675346.93,0629豪雨,降雨,0.12481051378
2024_3689,2024,314273.67,2676198.27,0629豪雨,降雨,0.26059147573
2024_3690,2024,313622.04,2675929.44,0629豪雨,降雨,0.328841173904
2024_3691,2024,312981.38,2675803.18,0629豪雨,降雨,0.109202891635
2024_3692,2024,312350.8,2676386.85,0629豪雨,降雨,0.113279529013
2024_3693,2024,316323.23,2676438.07,0629豪雨,降雨,0.148894175145
2024_3694,2024,315718.89,2675252.31,0629豪雨,降雨,2.01130634709
2024_3695,2024,315637.12,2675332.93,0629豪雨,降雨,0.145031790707
2024_3696,2024,315987.58,2675643.71,0629豪雨,降雨,1.55363485023
2024_3697,2024,316136.79,2676106.12,0629豪雨,降雨,0.218803118393
2024_3698,2024,316620.97,2675471.21,0629豪雨,降雨,5.06484776259
2024_3699,2024,316187.81,2674887.36,0629豪雨,降雨,0.166945681776
2024_3700,2024,316101.8,2674874.9,0629豪雨,降雨,0.158031170545
2024_3701,2024,316414.16,2674668.03,0629豪雨,降雨,0.221898072401
2024_3702,2024,316472.36,2674622.97,0629豪雨,降雨,0.153248215416
2024_3703,2024,315528.99,2675051.91,0629豪雨,降雨,0.19416381547
2024_3704,2024,315281.87,2673744.1,0629豪雨,降雨,0.106567553029
2024_3705,2024,315533.36,2673313.67,0629豪雨,降雨,0.144138001452
2024_3706,2024,312973.64,2673425.08,0629豪雨,降雨,0.800161761003
2024_3707,2024,311674.34,2674064.25,0629豪雨,降雨,0.192636907978
2024_3708,2024,311165.1,2671991.72,0629豪雨,降雨,0.576591368188
2024_3709,2024,309925.71,2673344.52,0629豪雨,降雨,1.08830167147
2024_3710,2024,307864.11,2673008.7,0629豪雨,降雨,0.202134687517
2024_3711,2024,308311.41,2667510.58,0629豪雨,降雨,0.91598473969
2024_3712,2024,309048.18,2665619.57,0629豪雨,降雨,0.748265453921
2024_3713,2024,310572.02,2665918.28,0629豪雨,降雨,0.214739661336
2024_3714,2024,317193.92,2676381.83,0629豪雨,降雨,0.452471083591
2024_3715,2024,317055.92,2676162.64,0629豪雨,降雨,0.579879308521
2024_3716,2024,317179.59,2676495.43,0629豪雨,降雨,0.102504278162
2024_3717,2024,317383.94,2678675.39,0629豪雨,降雨,0.573979458748
2024_3718,2024,316702.78,2678484.18,0629豪雨,降雨,0.263983172388
2024_3719,2024,317686.28,2678154.4,0629豪雨,降雨,0.244487059907
2024_3720,2024,317404.31,2677951.73,0629豪雨,降雨,1.04448305001
2024_3721,2024,318787.47,2678421.15,0629豪雨,降雨,0.140964077937
2024_3722,2024,321224.47,2681516.77,0629豪雨,降雨,0.128894207267
2024_3723,2024,321204.68,2679963.39,0629豪雨,降雨,0.109118389068
2024_3724,2024,319929.15,2679403.14,0629豪雨,降雨,0.155785212387
2024_3725,2024,311776.78,2677821.36,0629豪雨,降雨,0.124300857562
2024_3726,2024,316780.6,2678527.16,0629豪雨,降雨,0.132579531748
2024_3727,2024,317558.14,2678027.11,0629豪雨,降雨,0.121338848069
2024_3728,2024,288720.91,2706658.06,凱米颱風,降雨,0.373773649598
2024_3729,2024,289524.6,2704963.78,凱米颱風,降雨,0.219995340907
2024_3730,2024,291090.34,2705721.52,凱米颱風,降雨,0.349998370274
2024_3731,2024,289329.85,2705231.2,凱米颱風,降雨,0.171206418746
2024_3732,2024,289491.6,2706356.92,凱米颱風,降雨,1.03764870714
2024_3733,2024,289053.86,2700051.7,凱米颱風,降雨,0.129996852234
2024_3734,2024,288663.24,2700099.75,凱米颱風,降雨,0.37152599945
2024_3735,2024,295434.59,2707669.44,凱米颱風,降雨,0.230009167304
2024_3736,2024,241656.24,2708089.86,凱米颱風,降雨,0.213914914878
2024_3737,2024,259707.39,2708846.75,凱米颱風,降雨,0.119961878979
2024_3738,2024,290904.35,2712750.13,凱米颱風,降雨,0.368149517553
2024_3739,2024,295041.77,2714334.76,凱米颱風,降雨,0.200145341064
2024_3740,2024,318066.01,2718204.56,凱米颱風,降雨,0.130034746442
2024_3741,2024,318583.39,2714529.73,凱米颱風,降雨,0.113417977303
2024_3742,2024,320874.49,2711379.85,凱米颱風,降雨,2.08394792834
2024_3743,2024,318771.25,2706052.51,凱米颱風,降雨,1.32062133583
2024_3744,2024,322784.47,2704543.27,凱米颱風,降雨,0.180056476277
2024_3745,2024,330181.06,2700997.35,凱米颱風,降雨,0.930360237636
2024_3746,2024,330264.81,2701291.41,凱米颱風,降雨,0.567012194875
2024_3747,2024,327415.2,2691437.88,凱米颱風,降雨,1.06668252825
2024_3748,2024,321943.63,2683508.45,凱米颱風,降雨,0.148097928322
2024_3749,2024,316262.75,2673974.62,凱米颱風,降雨,0.616817966173
2024_3750,2024,308206.65,2642346.24,凱米颱風,降雨,0.120019178659
2024_3751,2024,307894.07,2640810.72,凱米颱風,降雨,0.190029925007
2024_3752,2024,307938.91,2640767.73,凱米颱風,降雨,0.180028431965
2024_3753,2024,309688.88,2640128.65,凱米颱風,降雨,0.160028268285
2024_3754,2024,308220.98,2639171.25,凱米颱風,降雨,0.57009204361
2024_3755,2024,308617.57,2638701.26,凱米颱風,降雨,0.470077671517
2024_3756,2024,309307.41,2638653.93,凱米颱風,降雨,0.690118621168
2024_3757,2024,308523.75,2637190.6,凱米颱風,降雨,0.260042364033
2024_3758,2024,309215.65,2637071.02,凱米颱風,降雨,0.370063209922
2024_3759,2024,307740.43,2634095.11,凱米颱風,降雨,0.310048334018
2024_3760,2024,304682.96,2627949.1,凱米颱風,降雨,1.77905259904
2024_3761,2024,210496.39,2534689.88,凱米颱風,降雨,0.219815301347
2024_3762,2024,210456.17,2534142.4,凱米颱風,降雨,0.134160374152
2024_3763,2024,213093.17,2525288.7,凱米颱風,降雨,0.116664208754
2024_3764,2024,215723.7,2522026.14,凱米颱風,降雨,0.107914434079
2024_3765,2024,216329.15,2522655.18,凱米颱風,降雨,0.126184014552
2024_3766,2024,222202.61,2520336.43,凱米颱風,降雨,0.180531671439
2024_3767,2024,222250.84,2521235.48,凱米颱風,降雨,0.441949209139
2024_3768,2024,221968.61,2521103.03,凱米颱風,降雨,0.255381284016
2024_3769,2024,222753.12,2518128.77,凱米颱風,降雨,0.20165110888
2024_3770,2024,218385.73,2510072.98,凱米颱風,降雨,0.165877835308
2024_3771,2024,224545.05,2519701.84,凱米颱風,降雨,0.254601549228
2024_3772,2024,310861.81,2699903.57,凱米颱風,降雨,1.5302967156
2024_3773,2024,310737.94,2699823.19,凱米颱風,降雨,2.05039424233
2024_3774,2024,311130.24,2699720.68,凱米颱風,降雨,3.18062546571
2024_3775,2024,314768.96,2697047.98,凱米颱風,降雨,1.17027207512
2024_3776,2024,315063.79,2696823.14,凱米颱風,降雨,0.190044649572
2024_3777,2024,315942.44,2696444.37,凱米颱風,降雨,7.83114894318
2024_3778,2024,315025.77,2695608.65,凱米颱風,降雨,0.170040019238
2024_3779,2024,318601.55,2693216.47,凱米颱風,降雨,0.220059616878
2024_3780,2024,321251.91,2692865.79,凱米颱風,降雨,2.992736072
2024_3781,2024,319608.14,2692385.59,凱米颱風,降雨,0.780219361193
2024_3782,2024,319977.65,2692401.21,凱米颱風,降雨,0.950270049404
2024_3783,2024,317827.92,2690505.85,凱米颱風,降雨,1.5504068329
2024_3784,2024,318688.89,2693319.29,凱米颱風,降雨,0.810278376641
2024_3785,2024,318763.59,2693199.97,凱米颱風,降雨,0.969149237276
2024_3786,2024,319735.76,2692123.92,凱米颱風,降雨,0.401047518871
2024_3787,2024,319855.67,2692005.5,凱米颱風,降雨,0.447835641224
2024_3788,2024,318392.47,2690872.55,凱米颱風,降雨,0.347490111889
2024_3789,2024,312400.48,2688564.77,凱米颱風,降雨,0.310065045362
2024_3790,2024,312667.09,2688343.69,凱米颱風,降雨,0.180037955073
2024_3791,2024,312406.44,2688316.67,凱米颱風,降雨,0.150031412321
2024_3792,2024,312899.51,2688111.5,凱米颱風,降雨,0.920195778013
2024_3793,2024,310395.05,2693189.93,凱米颱風,降雨,1.46027513009
2024_3794,2024,303216.5,2695682.58,凱米颱風,降雨,0.410047865971
2024_3795,2024,303955.06,2695255.76,凱米颱風,降雨,0.150018712176
2024_3796,2024,303491.59,2694968.28,凱米颱風,降雨,0.170020252967
2024_3797,2024,303566.27,2694942.89,凱米颱風,降雨,0.260031264095
2024_3798,2024,295738.87,2653825.78,凱米颱風,降雨,2.5300942006
2024_3799,2024,318873.01,2691297.92,凱米颱風,降雨,0.3944531495
2024_3800,2024,318677.48,2691302.91,凱米颱風,降雨,0.147248658202
2024_3801,2024,317485.39,2692440.34,凱米颱風,降雨,0.450116859731
2024_3802,2024,326222.15,2687298.68,凱米颱風,降雨,0.170058816516
2024_3803,2024,257091.2,2626557.6,凱米颱風,降雨,1.1795810718
2024_3804,2024,256816.25,2626023.6,凱米颱風,降雨,0.61977819215
2024_3805,2024,250836.26,2626440.15,凱米颱風,降雨,0.459807668317
2024_3806,2024,244512.9,2627530.99,凱米颱風,降雨,0.20989889411
2024_3807,2024,244796.27,2626333.07,凱米颱風,降雨,1.04949728536
2024_3808,2024,244360.43,2627369.95,凱米颱風,降雨,0.809607425761
2024_3809,2024,244294.05,2627298.31,凱米颱風,降雨,0.279864983773
2024_3810,2024,244399.85,2627168.7,凱米颱風,降雨,0.729647932887
2024_3811,2024,244995.57,2626608.06,凱米颱風,降雨,0.479771042846
2024_3812,2024,245162.92,2626215.41,凱米颱風,降雨,0.519752774942
2024_3813,2024,244077.61,2625952.29,凱米颱風,降雨,0.389810414867
2024_3814,2024,245120.56,2626018.55,凱米颱風,降雨,0.379893123276
2024_3815,2024,245761.14,2625629.41,凱米颱風,降雨,0.399812169555
2024_3816,2024,245371.75,2625572.05,凱米颱風,降雨,0.28986283986
2024_3817,2024,249171.42,2633999.39,凱米颱風,降雨,1.83920094442
2024_3818,2024,249412.62,2634396.59,凱米颱風,降雨,0.319861860114
2024_3819,2024,253073.29,2632228.8,凱米颱風,降雨,0.129948650379
2024_3820,2024,252991.41,2632193.5,凱米颱風,降雨,0.159936651861
2024_3821,2024,237866.75,2631197.23,凱米颱風,降雨,0.469742435636
2024_3822,2024,238016.26,2631035.21,凱米颱風,降雨,0.409775869613
2024_3823,2024,238755.89,2631744.92,凱米颱風,降雨,0.129929999535
2024_3824,2024,257725.8,2634735.25,凱米颱風,降雨,0.479833175144
2024_3825,2024,259881.08,2628795.78,凱米颱風,降雨,1.48170553306
2024_3826,2024,259771.02,2628514.53,凱米颱風,降雨,0.519829513679
2024_3827,2024,253511.08,2627464.58,凱米颱風,降雨,0.289886609004
2024_3828,2024,240794.29,2628100.05,凱米颱風,降雨,0.30983915548
2024_3829,2024,241071.52,2628051.88,凱米颱風,降雨,0.199896630542
2024_3830,2024,241156.24,2628055.24,凱米颱風,降雨,0.329829911316
2024_3831,2024,240500.48,2628055.5,凱米颱風,降雨,1.63914402878
2024_3832,2024,240242.17,2627983.88,凱米颱風,降雨,0.559706179348
2024_3833,2024,241021.46,2627905.91,凱米颱風,降雨,0.52972593293
2024_3834,2024,240371.69,2627325.79,凱米颱風,降雨,1.16938853741
2024_3835,2024,240682.31,2628051.57,凱米颱風,降雨,0.573830794497
2024_3836,2024,240225.59,2627810.13,凱米颱風,降雨,0.465185283816
2024_3837,2024,240902.07,2628065.02,凱米颱風,降雨,0.303863525075
2024_3838,2024,240305.16,2627442.32,凱米颱風,降雨,0.379800978373
2024_3839,2024,240807.65,2627334.76,凱米颱風,降雨,0.149922173203
2024_3840,2024,236130.68,2624018.63,凱米颱風,降雨,1.6244796658
2024_3841,2024,226169.04,2568206.62,凱米颱風,降雨,2.01633479297
2024_3842,2024,226270.22,2568598.31,凱米颱風,降雨,24.1637190462
2024_3843,2024,227053.13,2568085.8,凱米颱風,降雨,4.39706596531
2024_3844,2024,227150.13,2567923.83,凱米颱風,降雨,1.18920778279
2024_3845,2024,228054.19,2565716.59,凱米颱風,降雨,1.22919197785
2024_3846,2024,227853.62,2565641.14,凱米颱風,降雨,0.5096640498
2024_3847,2024,227010.34,2564366.48,凱米颱風,降雨,0.709525664939
2024_3848,2024,227007.05,2564132.35,凱米颱風,降雨,0.329779570807
2024_3849,2024,225181.8,2569187.46,凱米颱風,降雨,5.31635320683
2024_3850,2024,229393.32,2568431.48,凱米颱風,降雨,0.449710563658
2024_3851,2024,229447.03,2568269.17,凱米颱風,降雨,1.04932529267
2024_3852,2024,227316.32,2565334.99,凱米颱風,降雨,0.519654068912
2024_3853,2024,226631.18,2563003.02,凱米颱風,降雨,0.229845430792
2024_3854,2024,225569.84,2561371.49,凱米颱風,降雨,0.579604102233
2024_3855,2024,226520.17,2563000.06,凱米颱風,降雨,0.119919160343
2024_3856,2024,236761.11,2617123.91,凱米颱風,降雨,1.06176308893
2024_3857,2024,236802.02,2616651.11,凱米颱風,降雨,0.55145888152
2024_3858,2024,236765.48,2616546.06,凱米颱風,降雨,0.464546714746
2024_3859,2024,237441.28,2616743.44,凱米颱風,降雨,0.389783821259
2024_3860,2024,214204.31,2540964.16,凱米颱風,降雨,0.400486726993
2024_3861,2024,316632.48,2674722.2,凱米颱風,降雨,0.37009229719
2024_3862,2024,228334.8,2564753.26,凱米颱風,降雨,1.07390465676
2024_3863,2024,237221.12,2633671.61,凱米颱風,降雨,0.153828637067
2024_3864,2024,286358.36,2700101.76,凱米颱風,降雨,0.151814442654
2024_3865,2024,194523.16,2525766.59,凱米颱風,降雨,0.239197431108
2024_3866,2024,306321.55,2621572.76,凱米颱風,降雨,0.328955971988
2024_3867,2024,222505.51,2559312.28,凱米颱風,降雨,0.679514026254
2024_3868,2024,322034.67,2681809.93,凱米颱風,降雨,0.120036307199
2024_3869,2024,321961.6,2681649.72,凱米颱風,降雨,0.720217980307
2024_3870,2024,208727.32,2538259.83,凱米颱風,降雨,0.564899244402
2024_3871,2024,216997.99,2545471.36,凱米颱風,降雨,0.15456115477
2024_3872,2024,217616.63,2538259.1,凱米颱風,降雨,5.38804699148
2024_3873,2024,217197.92,2538062.6,凱米颱風,降雨,0.226301372977
2024_3874,2024,226234.68,2546181.8,凱米颱風,降雨,0.542783640689
2024_3875,2024,222307.51,2554135.58,凱米颱風,降雨,0.192483893428
2024_3876,2024,222126.06,2553801.18,凱米颱風,降雨,0.107376393024
2024_3877,2024,222049.03,2560121.92,凱米颱風,降雨,1.51714185716
2024_3878,2024,226116.09,2571029.51,凱米颱風,降雨,0.439702485199
2024_3879,2024,209212.03,2545093.04,凱米颱風,降雨,0.636004022291
2024_3880,2024,208913.18,2544999.62,凱米颱風,降雨,0.212457577382
2024_3881,2024,208726.95,2544860.88,凱米颱風,降雨,0.225833924418
2024_3882,2024,212879.53,2552796.6,凱米颱風,降雨,0.169861775911
2024_3883,2024,212521.63,2551972.56,凱米颱風,降雨,0.22981214731
2024_3884,2024,212046.02,2551750.42,凱米颱風,降雨,0.239802764339
2024_3885,2024,212312.13,2553006.71,凱米颱風,降雨,0.210254595718
2024_3886,2024,204680.06,2553194.36,凱米颱風,降雨,0.129883787738
2024_3887,2024,205154.25,2554897.96,凱米颱風,降雨,0.320466653375
2024_3888,2024,214433.76,2553169.77,凱米颱風,降雨,0.239245440237
2024_3889,2024,216429.98,2554621.11,凱米颱風,降雨,0.187522913965
2024_3890,2024,217076.38,2555074.36,凱米颱風,降雨,0.907094056454
2024_3891,2024,215333.23,2554219.85,凱米颱風,降雨,0.204082234912
2024_3892,2024,219518.37,2556967.02,凱米颱風,降雨,1.92856261708
2024_3893,2024,218849.93,2556672.56,凱米颱風,降雨,0.169872563843
2024_3894,2024,218732.08,2556681.41,凱米颱風,降雨,0.479638541996
2024_3895,2024,218785.69,2556512.01,凱米颱風,降雨,2.27828489465
2024_3896,2024,219128.99,2556914.9,凱米颱風,降雨,0.252443862429
2024_3897,2024,219323.66,2556936.39,凱米颱風,降雨,0.355218454049
2024_3898,2024,218914.8,2556811.53,凱米颱風,降雨,0.217970733361
2024_3899,2024,216861.44,2557357.88,凱米颱風,降雨,1.20346707243
2024_3900,2024,217064.12,2556997.81,凱米颱風,降雨,0.223067200125
2024_3901,2024,207376.94,2560032.87,凱米颱風,降雨,0.878623407894
2024_3902,2024,209597.5,2562540.87,凱米颱風,降雨,0.3409649688
2024_3903,2024,207114.68,2561714.42,凱米颱風,降雨,0.209817193188
2024_3904,2024,206648.97,2561448.52,凱米颱風,降雨,0.179842723513
2024_3905,2024,208096.56,2560862.25,凱米颱風,降雨,0.22242319297
2024_3906,2024,208185.23,2561426.61,凱米颱風,降雨,0.189836851707
2024_3907,2024,209498.92,2561790.23,凱米颱風,降雨,0.100740526699
2024_3908,2024,209597.48,2561362.92,凱米颱風,降雨,0.179847967328
2024_3909,2024,210823.73,2564907.25,凱米颱風,降雨,0.138942849144
2024_3910,2024,211615.84,2564250.86,凱米颱風,降雨,0.269777557715
2024_3911,2024,211059.24,2563806.96,凱米颱風,降雨,0.10443047341
2024_3912,2024,212194.27,2564537.97,凱米颱風,降雨,0.16989925116
2024_3913,2024,212083.47,2564590.7,凱米颱風,降雨,0.129893588445
2024_3914,2024,212451.32,2564280.65,凱米颱風,降雨,1.38886693667
2024_3915,2024,213379.72,2568709.11,凱米颱風,降雨,0.199839138255
2024_3916,2024,213469.64,2571541.01,凱米颱風,降雨,0.267195559452
2024_3917,2024,214102.56,2570753.25,凱米颱風,降雨,0.167898184422
2024_3918,2024,216817.41,2567586.21,凱米颱風,降雨,0.15893490318
2024_3919,2024,218212.06,2567229.74,凱米颱風,降雨,0.236748240346
2024_3920,2024,218281.29,2566936.12,凱米颱風,降雨,0.238825481345
2024_3921,2024,218434.89,2566969.73,凱米颱風,降雨,0.312044741505
2024_3922,2024,205167.56,2577749.67,凱米颱風,降雨,0.329707784684
2024_3923,2024,205590.62,2577565.17,凱米颱風,降雨,1.10301824044
2024_3924,2024,211789.74,2575340.87,凱米颱風,降雨,1.25057932936
2024_3925,2024,214089.87,2577678.77,凱米颱風,降雨,0.109912505529
2024_3926,2024,213981.9,2577654.06,凱米颱風,降雨,0.169864413266
2024_3927,2024,213770.02,2577455.37,凱米颱風,降雨,0.440114857833
2024_3928,2024,216780.3,2574617.71,凱米颱風,降雨,0.373720376607
2024_3929,2024,216598.32,2575961.29,凱米颱風,降雨,0.109915226577
2024_3930,2024,211044.87,2579287.46,凱米颱風,降雨,0.280635168011
2024_3931,2024,211347.81,2578806.87,凱米颱風,降雨,0.130582311547
2024_3932,2024,211648.86,2578448.23,凱米颱風,降雨,0.199835865121
2024_3933,2024,215090.45,2579248.56,凱米颱風,降雨,0.165286980968
2024_3934,2024,217228.32,2579121.21,凱米颱風,降雨,1.3544976191
2024_3935,2024,215767.79,2577955.42,凱米颱風,降雨,0.339735027644
2024_3936,2024,215558.2,2577647.95,凱米颱風,降雨,2.65161043643
2024_3937,2024,217052.0,2577560.66,凱米颱風,降雨,0.159877497723
2024_3938,2024,216691.8,2577482.17,凱米颱風,降雨,0.120320168952
2024_3939,2024,223194.91,2581187.17,凱米颱風,降雨,0.597842182383
2024_3940,2024,223255.57,2581324.06,凱米颱風,降雨,0.933683716365
2024_3941,2024,222997.94,2581385.49,凱米颱風,降雨,0.28825637838
2024_3942,2024,222883.33,2580900.15,凱米颱風,降雨,0.359443169042
2024_3943,2024,226084.24,2582751.67,凱米颱風,降雨,0.136117977217
2024_3944,2024,225901.31,2581865.88,凱米颱風,降雨,0.499662034028
2024_3945,2024,226052.87,2582843.41,凱米颱風,降雨,0.21163669604
2024_3946,2024,227296.21,2582870.95,凱米颱風,降雨,0.211998348268
2024_3947,2024,224549.98,2581671.55,凱米颱風,降雨,0.189896512976
2024_3948,2024,206186.53,2582677.88,凱米颱風,降雨,0.250427783496
2024_3949,2024,206776.2,2580906.88,凱米颱風,降雨,0.388397455939
2024_3950,2024,207293.35,2582572.34,凱米颱風,降雨,0.569507553989
2024_3951,2024,207650.58,2582324.84,凱米颱風,降雨,0.79228797973
2024_3952,2024,208901.44,2580766.69,凱米颱風,降雨,0.654221547838
2024_3953,2024,209761.16,2580538.78,凱米颱風,降雨,0.814527626839
2024_3954,2024,209859.61,2581114.91,凱米颱風,降雨,0.45961461818
2024_3955,2024,210239.68,2582131.42,凱米颱風,降雨,0.261099594622
2024_3956,2024,210261.75,2583252.66,凱米颱風,降雨,0.559533283623
2024_3957,2024,210131.1,2583150.86,凱米颱風,降雨,0.299749316542
2024_3958,2024,209133.74,2581146.0,凱米颱風,降雨,0.386176295329
2024_3959,2024,207689.77,2581463.78,凱米颱風,降雨,0.129888196051
2024_3960,2024,209947.3,2581579.14,凱米颱風,降雨,0.349706937432
2024_3961,2024,211357.79,2582061.22,凱米颱風,降雨,0.353655116016
2024_3962,2024,213855.43,2580272.95,凱米颱風,降雨,0.135110267967
2024_3963,2024,213815.09,2580319.66,凱米颱風,降雨,0.238262891528
2024_3964,2024,214907.36,2581173.0,凱米颱風,降雨,0.302357381264
2024_3965,2024,214942.27,2580957.73,凱米颱風,降雨,0.29335095634
2024_3966,2024,214485.05,2581061.26,凱米颱風,降雨,0.209833751307
2024_3967,2024,215668.77,2581021.27,凱米颱風,降雨,0.259797413487
2024_3968,2024,215422.34,2580938.75,凱米颱風,降雨,0.18985111965
2024_3969,2024,218761.1,2580600.19,凱米颱風,降雨,0.679490151418
2024_3970,2024,207778.07,2583055.93,凱米颱風,降雨,0.189836780891
2024_3971,2024,207638.97,2582899.89,凱米颱風,降雨,0.81547132679
2024_3972,2024,214771.82,2584257.98,凱米颱風,降雨,0.216738470991
2024_3973,2024,214160.67,2583697.21,凱米颱風,降雨,0.601153095788
2024_3974,2024,214213.53,2583901.71,凱米颱風,降雨,0.905480471801
2024_3975,2024,216743.14,2584481.17,凱米颱風,降雨,1.86856367457
2024_3976,2024,220467.58,2585562.03,凱米颱風,降雨,0.219839744087
2024_3977,2024,220544.17,2585414.68,凱米颱風,降雨,0.189861484495
2024_3978,2024,220603.94,2585538.06,凱米颱風,降雨,1.2452401609
2024_3979,2024,220038.47,2585342.11,凱米颱風,降雨,0.259808817976
2024_3980,2024,211127.36,2586337.58,凱米颱風,降雨,0.50427958401
2024_3981,2024,211925.56,2587356.34,凱米颱風,降雨,0.161620606652
2024_3982,2024,213211.5,2587429.55,凱米颱風,降雨,0.159871269451
2024_3983,2024,213805.19,2586999.98,凱米颱風,降雨,0.23980864187
2024_3984,2024,213628.52,2586811.19,凱米颱風,降雨,0.139887961795
2024_3985,2024,213646.88,2586769.83,凱米颱風,降雨,0.109911944199
2024_3986,2024,213751.37,2585709.19,凱米颱風,降雨,1.79164730412
2024_3987,2024,213089.32,2588168.7,凱米颱風,降雨,0.126916893076
2024_3988,2024,216768.79,2586402.97,凱米颱風,降雨,0.169869461462
2024_3989,2024,215814.08,2586173.2,凱米颱風,降雨,0.397072542079
2024_3990,2024,217707.59,2587493.0,凱米颱風,降雨,0.690912044257
2024_3991,2024,217799.24,2590051.2,凱米颱風,降雨,0.205395524303
2024_3992,2024,217956.54,2592429.35,凱米颱風,降雨,0.230937953983
2024_3993,2024,218086.66,2591874.05,凱米颱風,降雨,0.349736419146
2024_3994,2024,221104.67,2593918.37,凱米颱風,降雨,0.379725114151
2024_3995,2024,221405.46,2594286.39,凱米颱風,降雨,0.19900578633
2024_3996,2024,221626.93,2594675.25,凱米颱風,降雨,0.165987793501
2024_3997,2024,221013.68,2594258.13,凱米颱風,降雨,0.269406650101
2024_3998,2024,220832.89,2594377.0,凱米颱風,降雨,0.258437474939
2024_3999,2024,220814.5,2594508.6,凱米颱風,降雨,0.461303750358
2024_4000,2024,223429.26,2594621.97,凱米颱風,降雨,0.199860303965
2024_4001,2024,224798.8,2596080.44,凱米颱風,降雨,0.149897171596
2024_4002,2024,224767.52,2595770.96,凱米颱風,降雨,0.699979735833
2024_4003,2024,224728.35,2595642.34,凱米颱風,降雨,0.406023230808
2024_4004,2024,225363.02,2594546.6,凱米颱風,降雨,0.649558515687
2024_4005,2024,225310.82,2594440.73,凱米颱風,降雨,0.129911370638
2024_4006,2024,226451.19,2593395.72,凱米颱風,降雨,0.489672467238
2024_4007,2024,225291.93,2594672.33,凱米颱風,降雨,0.219850371753
2024_4008,2024,226144.01,2593837.49,凱米颱風,降雨,0.139905939461
2024_4009,2024,229337.59,2576139.61,凱米颱風,降雨,0.169890761206
2024_4010,2024,229400.11,2576105.92,凱米颱風,降雨,0.209865238437
2024_4011,2024,232103.78,2578113.37,凱米颱風,降雨,0.329797504905
2024_4012,2024,232083.08,2577926.66,凱米颱風,降雨,0.124672740129
2024_4013,2024,229900.04,2582748.09,凱米颱風,降雨,1.60897559287
2024_4014,2024,228927.91,2581417.9,凱米颱風,降雨,0.969373805757
2024_4015,2024,227991.77,2583515.45,凱米颱風,降雨,0.119921502783
2024_4016,2024,229272.91,2581522.41,凱米颱風,降雨,0.129916487554
2024_4017,2024,228540.25,2581401.2,凱米颱風,降雨,0.149902357265
2024_4018,2024,229094.23,2581392.83,凱米颱風,降雨,0.11992261495
2024_4019,2024,229102.86,2581251.29,凱米颱風,降雨,0.219858006609
2024_4020,2024,241410.36,2579851.76,凱米颱風,降雨,0.369807613963
2024_4021,2024,245283.52,2581347.27,凱米颱風,降雨,0.139932837879
2024_4022,2024,230025.62,2584142.8,凱米颱風,降雨,0.599619267159
2024_4023,2024,230124.75,2584033.32,凱米颱風,降雨,0.31979761209
2024_4024,2024,229455.93,2583740.31,凱米颱風,降雨,0.249839933819
2024_4025,2024,229283.11,2586171.33,凱米颱風,降雨,0.122157379531
2024_4026,2024,233737.9,2588259.68,凱米颱風,降雨,0.159904522624
2024_4027,2024,240162.72,2590122.8,凱米颱風,降雨,0.119936308553
2024_4028,2024,233171.08,2592273.72,凱米颱風,降雨,0.20987380647
2024_4029,2024,233522.09,2595460.8,凱米颱風,降雨,0.369778935819
2024_4030,2024,234488.75,2595163.14,凱米颱風,降雨,0.159905926895
2024_4031,2024,234640.77,2594496.51,凱米颱風,降雨,0.179894278119
2024_4032,2024,234051.38,2594676.91,凱米颱風,降雨,0.221100474652
2024_4033,2024,234426.13,2595259.52,凱米颱風,降雨,0.126061209608
2024_4034,2024,234538.08,2595097.1,凱米颱風,降雨,0.166577036429
2024_4035,2024,233304.88,2595906.46,凱米颱風,降雨,0.161026447041
2024_4036,2024,237258.61,2595420.47,凱米颱風,降雨,0.160940225288
2024_4037,2024,238732.66,2595638.5,凱米颱風,降雨,0.424106544884
2024_4038,2024,243211.93,2595273.5,凱米颱風,降雨,0.289609860375
2024_4039,2024,233454.93,2599268.19,凱米颱風,降雨,0.869480028253
2024_4040,2024,232732.71,2603813.23,凱米颱風,降雨,0.219867140433
2024_4041,2024,232530.72,2603662.84,凱米颱風,降雨,0.271475887918
2024_4042,2024,232388.44,2606795.85,凱米颱風,降雨,0.799514551481
2024_4043,2024,235589.47,2606965.68,凱米颱風,降雨,0.479724077986
2024_4044,2024,235016.81,2607367.18,凱米颱風,降雨,0.123731111576
2024_4045,2024,234973.57,2607303.43,凱米颱風,降雨,0.244097487574
2024_4046,2024,234448.55,2607630.46,凱米颱風,降雨,0.43132401355
2024_4047,2024,234076.32,2609499.99,凱米颱風,降雨,0.419752232315
2024_4048,2024,236602.46,2605670.92,凱米颱風,降雨,0.993594840868
2024_4049,2024,232811.59,2608676.22,凱米颱風,降雨,0.319338076112
2024_4050,2024,234449.6,2609425.6,凱米颱風,降雨,0.248707849325
2024_4051,2024,237738.32,2610217.21,凱米颱風,降雨,0.15685532398
2024_4052,2024,233771.93,2611810.16,凱米颱風,降雨,0.839502695671
2024_4053,2024,233160.57,2611598.98,凱米颱風,降雨,0.131598726389
2024_4054,2024,233265.15,2611335.75,凱米颱風,降雨,0.998200213109
2024_4055,2024,234557.49,2615338.83,凱米颱風,降雨,0.532161676768
2024_4056,2024,234521.45,2615438.42,凱米颱風,降雨,0.357851022074
2024_4057,2024,248783.14,2614769.17,凱米颱風,降雨,1.16448659537
2024_4058,2024,232421.38,2616827.73,凱米颱風,降雨,0.769534443342
2024_4059,2024,247984.02,2618262.8,凱米颱風,降雨,0.129941496113
2024_4060,2024,248924.25,2617250.05,凱米颱風,降雨,0.735123560807
2024_4061,2024,248763.53,2617691.79,凱米颱風,降雨,0.249889605277
2024_4062,2024,251949.15,2618521.95,凱米颱風,降雨,0.321415724309
2024_4063,2024,231235.56,2619769.09,凱米颱風,降雨,0.27567390893
2024_4064,2024,231372.77,2619812.83,凱米颱風,降雨,0.447757422046
2024_4065,2024,237842.59,2621072.7,凱米颱風,降雨,0.309829499188
2024_4066,2024,237333.69,2621252.91,凱米颱風,降雨,0.169905584904
2024_4067,2024,240737.13,2620549.85,凱米颱風,降雨,0.40978646057
2024_4068,2024,240721.2,2621356.88,凱米颱風,降雨,0.310916348812
2024_4069,2024,240811.42,2620482.36,凱米颱風,降雨,0.19989586797
2024_4070,2024,246028.72,2620364.23,凱米颱風,降雨,0.119135331263
2024_4071,2024,247525.87,2621562.07,凱米颱風,降雨,0.115512301626
2024_4072,2024,249514.87,2621286.96,凱米颱風,降雨,0.259887649446
2024_4073,2024,248882.38,2620748.46,凱米颱風,降雨,0.119947323219
2024_4074,2024,252303.87,2619213.93,凱米颱風,降雨,0.13546554314
2024_4075,2024,233260.63,2623015.35,凱米颱風,降雨,4.38329551422
2024_4076,2024,233511.24,2623000.05,凱米颱風,降雨,0.439739031156
2024_4077,2024,232155.8,2622626.64,凱米颱風,降雨,0.749545135096
2024_4078,2024,232007.97,2622523.0,凱米颱風,降雨,0.279829607905
2024_4079,2024,232020.44,2622354.07,凱米颱風,降雨,0.169896465131
2024_4080,2024,232080.35,2622771.93,凱米颱風,降雨,3.07738837553
2024_4081,2024,231828.47,2622624.14,凱米颱風,降雨,0.763235539099
2024_4082,2024,233721.81,2624161.9,凱米颱風,降雨,0.409757582056
2024_4083,2024,233845.91,2623714.89,凱米颱風,降雨,0.43974057479
2024_4084,2024,233784.43,2623844.53,凱米颱風,降雨,0.479716825744
2024_4085,2024,233674.98,2623917.21,凱米颱風,降雨,0.745280776255
2024_4086,2024,240469.28,2623275.69,凱米颱風,降雨,0.309837786692
2024_4087,2024,214956.35,2542348.25,凱米颱風,降雨,1.89563884314
2024_4088,2024,248557.14,2623883.6,凱米颱風,降雨,0.193627919104
2024_4089,2024,251429.05,2622605.13,凱米颱風,降雨,0.109954533793
2024_4090,2024,233756.31,2625158.64,凱米颱風,降雨,0.719574678292
2024_4091,2024,233629.44,2624674.82,凱米颱風,降雨,0.289828261729
2024_4092,2024,234173.18,2626358.17,凱米颱風,降雨,0.159906132198
2024_4093,2024,236922.16,2627465.01,凱米颱風,降雨,0.579676152058
2024_4094,2024,237426.66,2625681.45,凱米颱風,降雨,0.249861642201
2024_4095,2024,240290.34,2625591.82,凱米颱風,降雨,0.369806142692
2024_4096,2024,250733.4,2626956.4,凱米颱風,降雨,0.139941329178
2024_4097,2024,250678.57,2626897.24,凱米颱風,降雨,0.10280790588
2024_4098,2024,233633.84,2629694.38,凱米颱風,降雨,0.159905408454
2024_4099,2024,213129.01,2606480.21,凱米颱風,降雨,0.189847798806
2024_4100,2024,212558.06,2606218.05,凱米颱風,降雨,0.54846922285
2024_4101,2024,212946.67,2606082.67,凱米颱風,降雨,0.560551704238
2024_4102,2024,212456.62,2607839.72,凱米颱風,降雨,0.309749507355
2024_4103,2024,223792.38,2607142.87,凱米颱風,降雨,0.839417025353
2024_4104,2024,223603.7,2607084.21,凱米颱風,降雨,1.50476317111
2024_4105,2024,225501.88,2607145.19,凱米颱風,降雨,1.0905125115
2024_4106,2024,205291.55,2611079.18,凱米颱風,降雨,1.17224322031
2024_4107,2024,207144.48,2609013.59,凱米颱風,降雨,0.249784696034
2024_4108,2024,209250.59,2608685.95,凱米颱風,降雨,0.339714210999
2024_4109,2024,209353.63,2611621.67,凱米颱風,降雨,0.389673090673
2024_4110,2024,210023.79,2610961.16,凱米颱風,降雨,1.98637795671
2024_4111,2024,209733.14,2611368.41,凱米颱風,降雨,0.51956581291
2024_4112,2024,211015.89,2613081.91,凱米颱風,降雨,0.169860457263
2024_4113,2024,211141.52,2612838.17,凱米颱風,降雨,0.349713013659
2024_4114,2024,210545.77,2612681.0,凱米颱風,降雨,0.880600745716
2024_4115,2024,212218.49,2613188.89,凱米颱風,降雨,0.229814118005
2024_4116,2024,212412.41,2612177.27,凱米颱風,降雨,0.219822323938
2024_4117,2024,211312.8,2611425.67,凱米颱風,降雨,0.119901883649
2024_4118,2024,211297.85,2611356.79,凱米颱風,降雨,0.109909774032
2024_4119,2024,212166.35,2611867.48,凱米颱風,降雨,0.119902939415
2024_4120,2024,211907.98,2611809.66,凱米颱風,降雨,0.200562106954
2024_4121,2024,212725.48,2613614.39,凱米颱風,降雨,0.239807035625
2024_4122,2024,215287.34,2610763.31,凱米颱風,降雨,0.370185684349
2024_4123,2024,213841.53,2610201.18,凱米颱風,降雨,0.189849299354
2024_4124,2024,213919.31,2609360.31,凱米颱風,降雨,0.344843543117
2024_4125,2024,215023.85,2608165.14,凱米颱風,降雨,0.189851341748
2024_4126,2024,214913.62,2608070.82,凱米颱風,降雨,0.169866834527
2024_4127,2024,213240.84,2609801.9,凱米颱風,降雨,0.109911951961
2024_4128,2024,213217.56,2615083.91,凱米颱風,降雨,0.20855810651
2024_4129,2024,213257.24,2616421.63,凱米颱風,降雨,0.209832294883
2024_4130,2024,213929.68,2617409.63,凱米颱風,降雨,0.539572926377
2024_4131,2024,213981.01,2617180.22,凱米颱風,降雨,0.129897293841
2024_4132,2024,214068.02,2617184.64,凱米颱風,降雨,0.409676368856
2024_4133,2024,214478.39,2617745.58,凱米颱風,降雨,0.433873681567
2024_4134,2024,212708.98,2616604.73,凱米颱風,降雨,0.904216904338
2024_4135,2024,213665.17,2618467.9,凱米颱風,降雨,0.115672178462
2024_4136,2024,222425.64,2622481.0,凱米颱風,降雨,0.469668583865
2024_4137,2024,222150.24,2622334.48,凱米颱風,降雨,0.639547146856
2024_4138,2024,222463.31,2624582.55,凱米颱風,降雨,1.00928877645
2024_4139,2024,222061.78,2623916.35,凱米颱風,降雨,0.919348711999
2024_4140,2024,222835.95,2624171.91,凱米颱風,降雨,0.469884992283
2024_4141,2024,224416.61,2622752.37,凱米颱風,降雨,0.563715017018
2024_4142,2024,224500.18,2622652.57,凱米颱風,降雨,1.43927752439
2024_4143,2024,222243.34,2621771.43,凱米颱風,降雨,0.432465499182
2024_4144,2024,222734.23,2624945.83,凱米颱風,降雨,0.20185833515
2024_4145,2024,222453.06,2625831.71,凱米颱風,降雨,0.419704375302
2024_4146,2024,222150.89,2626409.3,凱米颱風,降雨,0.109922205064
2024_4147,2024,222239.43,2626324.35,凱米颱風,降雨,1.98011422793
2024_4148,2024,222195.16,2626123.63,凱米颱風,降雨,0.710644931985
2024_4149,2024,222090.34,2628299.88,凱米颱風,降雨,0.576518626674
2024_4150,2024,223466.82,2627541.1,凱米颱風,降雨,0.450867919747
2024_4151,2024,223528.17,2627389.74,凱米颱風,降雨,0.24871411761
2024_4152,2024,223565.67,2627237.87,凱米颱風,降雨,0.248185543023
2024_4153,2024,237077.7,2634297.5,凱米颱風,降雨,0.199888914363
2024_4154,2024,246441.68,2633323.58,凱米颱風,降雨,0.249884659251
2024_4155,2024,251677.62,2639936.94,凱米颱風,降雨,0.620747157401
2024_4156,2024,251339.29,2639402.86,凱米颱風,降雨,0.606815169991
2024_4157,2024,238354.28,2638887.86,凱米颱風,降雨,0.109940337847
2024_4158,2024,239684.76,2640823.56,凱米颱風,降雨,0.349815052288
2024_4159,2024,239410.7,2640651.89,凱米颱風,降雨,0.159914850987
2024_4160,2024,239029.06,2639177.55,凱米颱風,降雨,0.519721487879
2024_4161,2024,254099.65,2642100.34,凱米颱風,降雨,0.196593584183
2024_4162,2024,233630.53,2648465.65,凱米颱風,降雨,0.129923610012
2024_4163,2024,226224.75,2651451.65,凱米颱風,降雨,0.29980139109
2024_4164,2024,226638.87,2651244.62,凱米颱風,降雨,0.859434190196
2024_4165,2024,230053.04,2651078.57,凱米颱風,降雨,0.259837971587
2024_4166,2024,231100.58,2650884.67,凱米颱風,降雨,0.129920308123
2024_4167,2024,234059.07,2649818.37,凱米颱風,降雨,1.04790368536
2024_4168,2024,236382.78,2649681.6,凱米颱風,降雨,0.13992159206
2024_4169,2024,256346.42,2651399.09,凱米颱風,降雨,0.169938995632
2024_4170,2024,263027.01,2650358.86,凱米颱風,降雨,0.101936065681
2024_4171,2024,230896.38,2654229.02,凱米颱風,降雨,0.479704848354
2024_4172,2024,241351.7,2654431.57,凱米颱風,降雨,0.489750364433
2024_4173,2024,260463.31,2654066.88,凱米颱風,降雨,0.319898392409
2024_4174,2024,261498.65,2653067.71,凱米颱風,降雨,0.189941567127
2024_4175,2024,261492.08,2652876.65,凱米颱風,降雨,0.288099056993
2024_4176,2024,227210.29,2656677.78,凱米颱風,降雨,0.119921795653
2024_4177,2024,233817.75,2655271.61,凱米颱風,降雨,0.129923731983
2024_4178,2024,233810.62,2655394.32,凱米颱風,降雨,0.738141858917
2024_4179,2024,233662.26,2658425.24,凱米颱風,降雨,0.189888732021
2024_4180,2024,234149.5,2659327.6,凱米颱風,降雨,0.119930036355
2024_4181,2024,239353.25,2659292.51,凱米颱風,降雨,0.199894171991
2024_4182,2024,256349.85,2660125.4,凱米颱風,降雨,0.149946310098
2024_4183,2024,261021.64,2658976.58,凱米颱風,降雨,0.146564376263
2024_4184,2024,262453.8,2660374.7,凱米颱風,降雨,0.169949466621
2024_4185,2024,263456.58,2661184.11,凱米颱風,降雨,0.164435563364
2024_4186,2024,265140.06,2660315.05,凱米颱風,降雨,0.162901145323
2024_4187,2024,230054.52,2663463.22,凱米颱風,降雨,0.139913019051
2024_4188,2024,230045.6,2663367.79,凱米颱風,降雨,0.129919286706
2024_4189,2024,233369.74,2660985.15,凱米颱風,降雨,0.141990858078
2024_4190,2024,242004.5,2662621.44,凱米颱風,降雨,0.168644205828
2024_4191,2024,245062.39,2661927.71,凱米颱風,降雨,0.159924637657
2024_4192,2024,251153.82,2662728.95,凱米颱風,降雨,0.139942640603
2024_4193,2024,258749.41,2661908.28,凱米颱風,降雨,0.449849504073
2024_4194,2024,260169.83,2661791.81,凱米颱風,降雨,0.509836903147
2024_4195,2024,267522.74,2661152.44,凱米颱風,降雨,0.127040011018
2024_4196,2024,242667.98,2664366.35,凱米颱風,降雨,0.119940618578
2024_4197,2024,259052.57,2664274.93,凱米颱風,降雨,0.16994391275
2024_4198,2024,265732.59,2664978.45,凱米颱風,降雨,0.242042369672
2024_4199,2024,266123.13,2666260.36,凱米颱風,降雨,0.24438427977
2024_4200,2024,228972.59,2667020.6,凱米颱風,降雨,0.11992402271
2024_4201,2024,263634.38,2669802.93,凱米颱風,降雨,0.779779054129
2024_4202,2024,237772.94,2671758.98,凱米颱風,降雨,0.239869891682
2024_4203,2024,262639.96,2674453.88,凱米颱風,降雨,0.130271083523
2024_4204,2024,266397.78,2673508.72,凱米颱風,降雨,0.149961695687
2024_4205,2024,266801.06,2673176.22,凱米颱風,降雨,0.169957279952
2024_4206,2024,266826.49,2673853.48,凱米颱風,降雨,0.212160526949
2024_4207,2024,264263.51,2674697.56,凱米颱風,降雨,0.249930779117
2024_4208,2024,265624.54,2675985.88,凱米颱風,降雨,1.61957426754
2024_4209,2024,265548.35,2675015.48,凱米颱風,降雨,1.5246975145
2024_4210,2024,269443.94,2678018.02,凱米颱風,降雨,0.309930589212
2024_4211,2024,269441.46,2678146.0,凱米颱風,降雨,0.309930493532
2024_4212,2024,257589.86,2681969.19,凱米颱風,降雨,0.187299427446
2024_4213,2024,261836.98,2681509.5,凱米颱風,降雨,0.329900857032
2024_4214,2024,268604.0,2681378.14,凱米颱風,降雨,0.719832720099
2024_4215,2024,276162.2,2682814.08,凱米颱風,降雨,0.119981277327
2024_4216,2024,240972.26,2687724.91,凱米颱風,降雨,0.239878247439
2024_4217,2024,241094.11,2687819.74,凱米颱風,降雨,0.209830706193
2024_4218,2024,247105.24,2690096.03,凱米颱風,降雨,0.728080903223
2024_4219,2024,289085.24,2689483.8,凱米颱風,降雨,0.229994211744
2024_4220,2024,283914.6,2695992.98,凱米颱風,降雨,0.169986879129
2024_4221,2024,280323.29,2697608.36,凱米颱風,降雨,0.337070053974
2024_4222,2024,281691.67,2697820.19,凱米颱風,降雨,0.339966350146
2024_4223,2024,283155.45,2701821.24,凱米颱風,降雨,0.139988221802
2024_4224,2024,214836.62,2496422.53,凱米颱風,降雨,1.30996669638
2024_4225,2024,217395.24,2492266.63,凱米颱風,降雨,0.509604022716
2024_4226,2024,217074.68,2492228.9,凱米颱風,降雨,0.319750534588
2024_4227,2024,216911.39,2489678.72,凱米颱風,降雨,0.689460179401
2024_4228,2024,215219.46,2483762.99,凱米颱風,降雨,0.67945565522
2024_4229,2024,215462.48,2484327.66,凱米颱風,降雨,0.139888285129
2024_4230,2024,213935.98,2476876.35,凱米颱風,降雨,0.349715030857
2024_4231,2024,213800.03,2476779.65,凱米颱風,降雨,0.319739267552
2024_4232,2024,294529.19,2719149.27,凱米颱風,降雨,0.280009194895
2024_4233,2024,315441.65,2714225.78,凱米颱風,降雨,0.250060540817
2024_4234,2024,329938.13,2704585.44,凱米颱風,降雨,0.250096248952
2024_4235,2024,318747.6,2707974.81,凱米颱風,降雨,0.820224191186
2024_4236,2024,214586.48,2534717.38,凱米颱風,降雨,0.318992912092
2024_4237,2024,214826.98,2534820.28,凱米颱風,降雨,1.27283443489
2024_4238,2024,215271.64,2534975.86,凱米颱風,降雨,3.68276166208
2024_4239,2024,213755.77,2530707.09,凱米颱風,降雨,0.239805965466
2024_4240,2024,214359.02,2531607.87,凱米颱風,降雨,0.199839763536
2024_4241,2024,214258.51,2531537.01,凱米颱風,降雨,0.11990334783
2024_4242,2024,214179.94,2531373.4,凱米颱風,降雨,0.369702774774
2024_4243,2024,214617.44,2531718.35,凱米颱風,降雨,1.49942288466
2024_4244,2024,215001.04,2531027.2,凱米颱風,降雨,0.177958329938
2024_4245,2024,214844.05,2530965.16,凱米颱風,降雨,0.517324290317
2024_4246,2024,217017.3,2534580.28,凱米颱風,降雨,2.25825191675
2024_4247,2024,217634.44,2534727.91,凱米颱風,降雨,0.309762291179
2024_4248,2024,216651.26,2534170.86,凱米颱風,降雨,0.419673308168
2024_4249,2024,217061.89,2533979.7,凱米颱風,降雨,0.244173979935
2024_4250,2024,217145.67,2534023.01,凱米颱風,降雨,0.475908367436
2024_4251,2024,217315.78,2533887.69,凱米颱風,降雨,0.534662824343
2024_4252,2024,215677.28,2533165.45,凱米颱風,降雨,1.26899975639
2024_4253,2024,216131.16,2532933.24,凱米颱風,降雨,2.99765074957
2024_4254,2024,216106.74,2533121.75,凱米颱風,降雨,4.15725478315
2024_4255,2024,215889.02,2532244.3,凱米颱風,降雨,3.44274025726
2024_4256,2024,215722.29,2532516.85,凱米颱風,降雨,1.7384292644
2024_4257,2024,216815.26,2530578.03,凱米颱風,降雨,0.399689416569
2024_4258,2024,216211.21,2531887.05,凱米颱風,降雨,0.359718104482
2024_4259,2024,216962.9,2531795.72,凱米颱風,降雨,2.41128656685
2024_4260,2024,217732.16,2531105.24,凱米颱風,降雨,0.169869610753
2024_4261,2024,217543.78,2530498.89,凱米颱風,降雨,0.509608143885
2024_4262,2024,216552.87,2530428.49,凱米颱風,降雨,0.179859487986
2024_4263,2024,216464.76,2530409.11,凱米颱風,降雨,0.249805096343
2024_4264,2024,214747.01,2530789.62,凱米颱風,降雨,0.399680934271
2024_4265,2024,214821.77,2530057.11,凱米颱風,降雨,0.299761106103
2024_4266,2024,215370.64,2529882.62,凱米颱風,降雨,0.139889154136
2024_4267,2024,215545.27,2529876.18,凱米颱風,降雨,0.499605311113
2024_4268,2024,214895.61,2529830.62,凱米颱風,降雨,0.169864430672
2024_4269,2024,215394.64,2529817.33,凱米颱風,降雨,0.159873341785
2024_4270,2024,215157.26,2529699.5,凱米颱風,降雨,0.909277319112
2024_4271,2024,216197.35,2530211.62,凱米颱風,降雨,0.209835368303
2024_4272,2024,216187.0,2529971.58,凱米颱風,降雨,0.549569578393
2024_4273,2024,215636.17,2531600.44,凱米颱風,降雨,0.379700580061
2024_4274,2024,215368.1,2531485.57,凱米颱風,降雨,0.557377674399
2024_4275,2024,215085.8,2531482.89,凱米颱風,降雨,0.174725146194
2024_4276,2024,219507.12,2534738.17,凱米颱風,降雨,0.379715835879
2024_4277,2024,219403.9,2534706.02,凱米颱風,降雨,0.159880195166
2024_4278,2024,219206.88,2534604.92,凱米颱風,降雨,0.259804686065
2024_4279,2024,218625.01,2534574.05,凱米颱風,降雨,0.109916644886
2024_4280,2024,219331.37,2534488.05,凱米颱風,降雨,0.289782327081
2024_4281,2024,217895.16,2533231.23,凱米颱風,降雨,0.294774309444
2024_4282,2024,217692.19,2533583.0,凱米颱風,降雨,0.467746315939
2024_4283,2024,218872.81,2533158.24,凱米颱風,降雨,0.757338022585
2024_4284,2024,219635.83,2533824.39,凱米颱風,降雨,0.129903028776
2024_4285,2024,219616.11,2533947.05,凱米颱風,降雨,0.393736275512
2024_4286,2024,218638.31,2532314.67,凱米颱風,降雨,0.239818513045
2024_4287,2024,218288.99,2532554.87,凱米颱風,降雨,0.799338486462
2024_4288,2024,218173.99,2531064.89,凱米颱風,降雨,0.617277815823
2024_4289,2024,218629.94,2531532.09,凱米颱風,降雨,0.149886179537
2024_4290,2024,217895.58,2531955.14,凱米颱風,降雨,0.129900597306
2024_4291,2024,217699.23,2531407.74,凱米颱風,降雨,0.189854358997
2024_4292,2024,217692.84,2531338.87,凱米颱風,降雨,0.376926726087
2024_4293,2024,217835.54,2531241.71,凱米颱風,降雨,0.191792187346
2024_4294,2024,219000.6,2530911.63,凱米颱風,降雨,0.139894223426
2024_4295,2024,218960.95,2530801.49,凱米颱風,降雨,0.129902026937
2024_4296,2024,219059.73,2530824.39,凱米颱風,降雨,0.658244614007
2024_4297,2024,217978.93,2530200.79,凱米颱風,降雨,0.559571733005
2024_4298,2024,219127.9,2530704.1,凱米颱風,降雨,0.419683605581
2024_4299,2024,213812.74,2530131.37,凱米颱風,降雨,0.139886810717
2024_4300,2024,214208.45,2529701.88,凱米颱風,降雨,0.179855375063
2024_4301,2024,213861.49,2529096.8,凱米颱風,降雨,0.359709821408
2024_4302,2024,213938.44,2528884.19,凱米颱風,降雨,0.209830784575
2024_4303,2024,214315.16,2529679.9,凱米颱風,降雨,0.218197543781
2024_4304,2024,216768.24,2530225.72,凱米颱風,降雨,1.92304391814
2024_4305,2024,216438.95,2529162.9,凱米颱風,降雨,0.874155220618
2024_4306,2024,216390.4,2529912.06,凱米颱風,降雨,0.234241855113
2024_4307,2024,216302.79,2530213.33,凱米颱風,降雨,0.354862816306
2024_4308,2024,217679.62,2529550.31,凱米颱風,降雨,0.329746654592
2024_4309,2024,220904.58,2533847.63,凱米颱風,降雨,0.169875070698
2024_4310,2024,221334.53,2533848.52,凱米颱風,降雨,0.199854018589
2024_4311,2024,222311.85,2533695.9,凱米颱風,降雨,0.119913576273
2024_4312,2024,223033.01,2533652.87,凱米颱風,降雨,0.449679310169
2024_4313,2024,222459.25,2533544.53,凱米颱風,降雨,1.03925227928
2024_4314,2024,223001.51,2533996.27,凱米颱風,降雨,1.03576437935
2024_4315,2024,223433.07,2532121.61,凱米颱風,降雨,1.04375774941
2024_4316,2024,223179.29,2532164.98,凱米颱風,降雨,0.489664804127
2024_4317,2024,223805.44,2533089.49,凱米颱風,降雨,0.24388743566
2024_4318,2024,223936.83,2532821.78,凱米颱風,降雨,0.423481697184
2024_4319,2024,219136.46,2526488.42,凱米颱風,降雨,0.229827033677
2024_4320,2024,219208.84,2526391.63,凱米颱風,降雨,6.02707663706
2024_4321,2024,218366.47,2526031.25,凱米颱風,降雨,0.635801078824
2024_4322,2024,220432.6,2527313.73,凱米颱風,降雨,0.209844628439
2024_4323,2024,219760.17,2526826.95,凱米颱風,降雨,1.07919253935
2024_4324,2024,220323.08,2527118.6,凱米颱風,降雨,0.830714918111
2024_4325,2024,219832.14,2527382.72,凱米颱風,降雨,1.59880608233
2024_4326,2024,220058.17,2528121.74,凱米颱風,降雨,0.259806353725
2024_4327,2024,220293.64,2527837.33,凱米颱風,降雨,0.745646515491
2024_4328,2024,220020.85,2527835.08,凱米颱風,降雨,2.02713338966
2024_4329,2024,225890.68,2530743.68,凱米颱風,降雨,0.5660230465
2024_4330,2024,225399.37,2531180.84,凱米颱風,降雨,0.191143623744
2024_4331,2024,225336.43,2530974.81,凱米颱風,降雨,2.39190547075
2024_4332,2024,224311.23,2531694.39,凱米颱風,降雨,0.22483661805
2024_4333,2024,224344.76,2531471.6,凱米颱風,降雨,0.195176709988
2024_4334,2024,223290.4,2532547.63,凱米颱風,降雨,0.393693559029
2024_4335,2024,237236.18,2528844.04,凱米颱風,降雨,0.159908999225
2024_4336,2024,233037.35,2521762.18,凱米颱風,降雨,0.546846543631
2024_4337,2024,230740.23,2520318.83,凱米颱風,降雨,0.625793939897
2024_4338,2024,231135.78,2524256.27,凱米颱風,降雨,0.100000455472
2024_4339,2024,230603.0,2524220.39,凱米颱風,降雨,0.257652853477
2024_4340,2024,229453.21,2522976.02,凱米颱風,降雨,1.10927946566
2024_4341,2024,228570.8,2521805.68,凱米颱風,降雨,1.32964437535
2024_4342,2024,226344.57,2522986.18,凱米颱風,降雨,1.47899185814
2024_4343,2024,226216.16,2522822.32,凱米颱風,降雨,2.89342130009
2024_4344,2024,227171.23,2522631.41,凱米颱風,降雨,0.135781600825
2024_4345,2024,226535.13,2523845.47,凱米颱風,降雨,0.276556295622
2024_4346,2024,229419.4,2518960.52,凱米颱風,降雨,0.219856908815
2024_4347,2024,229578.56,2517883.05,凱米颱風,降雨,0.150031321428
2024_4348,2024,230405.68,2517862.59,凱米颱風,降雨,0.369762560846
2024_4349,2024,230434.97,2517943.48,凱米颱風,降雨,0.133949640274
2024_4350,2024,229493.8,2516711.73,凱米颱風,降雨,0.139908947377
2024_4351,2024,233814.17,2516924.62,凱米颱風,降雨,0.108219941129
2024_4352,2024,215619.97,2518791.94,凱米颱風,降雨,0.229818142897
2024_4353,2024,216916.14,2518732.6,凱米颱風,降雨,0.409681343915
2024_4354,2024,216830.89,2517775.7,凱米颱風,降雨,0.299766294319
2024_4355,2024,217100.76,2517995.09,凱米颱風,降雨,0.126717134574
2024_4356,2024,218703.73,2516554.29,凱米颱風,降雨,0.56623352087
2024_4357,2024,222355.08,2518791.97,凱米颱風,降雨,0.51674382806
2024_4358,2024,220269.87,2517699.14,凱米颱風,降雨,0.170820195499
2024_4359,2024,220282.19,2517783.66,凱米颱風,降雨,0.590770320487
2024_4360,2024,221279.84,2516663.66,凱米颱風,降雨,0.159882795514
2024_4361,2024,221593.17,2517666.11,凱米颱風,降雨,0.339751838436
2024_4362,2024,218548.49,2523212.33,凱米颱風,降雨,0.156022609942
2024_4363,2024,219700.19,2520969.1,凱米颱風,降雨,0.499625839465
2024_4364,2024,219504.61,2515151.28,凱米颱風,降雨,0.314581096258
2024_4365,2024,221514.55,2515642.78,凱米颱風,降雨,0.279795105423
2024_4366,2024,220089.42,2515840.5,凱米颱風,降雨,0.449664317607
2024_4367,2024,224144.36,2515436.96,凱米颱風,降雨,0.169880338882
2024_4368,2024,223915.4,2515402.59,凱米颱風,降雨,0.179872664304
2024_4369,2024,224120.74,2515380.03,凱米颱風,降雨,0.209851980073
2024_4370,2024,224321.99,2515527.03,凱米颱風,降雨,0.3797331733
2024_4371,2024,224248.97,2515428.02,凱米颱風,降雨,0.50964121858
2024_4372,2024,224395.85,2515711.86,凱米颱風,降雨,0.206161965511
2024_4373,2024,214763.89,2512978.05,凱米颱風,降雨,0.222156899047
2024_4374,2024,215656.19,2512777.9,凱米颱風,降雨,0.169865583671
2024_4375,2024,215384.98,2512487.73,凱米颱風,降雨,0.350542822778
2024_4376,2024,216229.19,2513439.49,凱米颱風,降雨,0.745880110627
2024_4377,2024,216712.17,2511957.05,凱米颱風,降雨,0.459641051465
2024_4378,2024,216614.25,2511938.99,凱米颱風,降雨,0.689460475708
2024_4379,2024,216520.62,2511782.54,凱米颱風,降雨,0.129898439017
2024_4380,2024,215269.9,2508708.04,凱米颱風,降雨,0.120162689507
2024_4381,2024,216798.55,2508266.68,凱米颱風,降雨,0.221377973439
2024_4382,2024,212910.47,2502284.7,凱米颱風,降雨,0.124052113216
2024_4383,2024,216584.37,2501517.95,凱米颱風,降雨,0.175557451733
2024_4384,2024,217287.13,2496787.76,凱米颱風,降雨,0.209836806345
2024_4385,2024,217150.34,2496746.95,凱米颱風,降雨,0.802270344374
2024_4386,2024,216384.57,2496900.13,凱米颱風,降雨,0.966214707746
2024_4387,2024,217643.1,2494801.59,凱米颱風,降雨,0.428876979409
2024_4388,2024,218466.62,2494963.95,凱米颱風,降雨,0.289777764257
2024_4389,2024,214154.74,2488242.0,凱米颱風,降雨,0.109262153043
2024_4390,2024,218097.28,2484524.28,凱米颱風,降雨,1.11724068846
2024_4391,2024,221364.63,2486295.38,凱米颱風,降雨,0.745218048257
2024_4392,2024,220677.29,2483671.69,凱米颱風,降雨,1.51996372646
2024_4393,2024,220665.74,2509297.41,凱米颱風,降雨,0.279792761061
2024_4394,2024,221768.43,2506088.58,凱米颱風,降雨,0.249817505308
2024_4395,2024,221193.68,2506345.98,凱米颱風,降雨,0.159882120699
2024_4396,2024,220359.4,2504252.54,凱米颱風,降雨,0.257526595842
2024_4397,2024,223929.09,2510104.75,凱米颱風,降雨,0.329766869007
2024_4398,2024,223790.12,2509734.44,凱米颱風,降雨,0.165449001386
2024_4399,2024,220234.44,2481886.62,凱米颱風,降雨,0.32975285354
2024_4400,2024,219123.02,2482921.23,凱米颱風,降雨,0.15110653163
2024_4401,2024,216026.38,2608636.91,凱米颱風,降雨,0.599536968362
2024_4402,2024,216172.59,2608642.87,凱米颱風,降雨,0.93941717011
2024_4403,2024,216442.46,2608646.82,凱米颱風,降雨,0.899309257682
2024_4404,2024,215804.18,2608596.1,凱米颱風,降雨,0.305859318674
2024_4405,2024,216287.67,2608591.08,凱米颱風,降雨,0.289777230436
2024_4406,2024,216104.68,2608499.02,凱米颱風,降雨,0.879321628224
2024_4407,2024,215701.14,2608479.97,凱米颱風,降雨,2.20299416648
2024_4408,2024,216133.84,2608315.13,凱米颱風,降雨,0.494618642524
2024_4409,2024,216245.33,2608286.12,凱米颱風,降雨,0.939276613557
2024_4410,2024,216322.34,2608212.81,凱米颱風,降雨,0.179861589367
2024_4411,2024,216070.9,2607859.54,凱米颱風,降雨,0.149884323538
2024_4412,2024,216007.51,2607793.94,凱米颱風,降雨,0.289775896851
2024_4413,2024,216803.0,2607718.55,凱米颱風,降雨,0.339740247708
2024_4414,2024,216702.59,2607590.49,凱米颱風,降雨,0.179862224394
2024_4415,2024,217211.48,2607684.9,凱米颱風,降雨,0.159878570958
2024_4416,2024,217159.05,2607478.83,凱米颱風,降雨,0.426849692087
2024_4417,2024,217026.05,2607546.94,凱米颱風,降雨,2.23829357619
2024_4418,2024,216747.13,2608360.84,凱米颱風,降雨,0.889319714703
2024_4419,2024,216626.93,2608290.94,凱米颱風,降雨,0.479632309895
2024_4420,2024,216595.29,2608198.62,凱米颱風,降雨,0.379708981846
2024_4421,2024,216342.44,2608088.04,凱米颱風,降雨,1.18853476061
2024_4422,2024,216585.36,2608438.32,凱米颱風,降雨,0.651845442033
2024_4423,2024,217064.23,2608801.25,凱米颱風,降雨,12.4869086425
2024_4424,2024,217368.92,2607454.63,凱米颱風,降雨,0.271470531134
2024_4425,2024,217272.0,2607444.04,凱米颱風,降雨,0.225701365238
2024_4426,2024,217112.13,2610674.67,凱米颱風,降雨,0.846020243716
2024_4427,2024,218928.41,2607145.4,凱米颱風,降雨,0.199851656938
2024_4428,2024,218867.02,2607073.44,凱米颱風,降雨,0.169873806042
2024_4429,2024,219549.02,2606995.56,凱米颱風,降雨,0.709477021836
2024_4430,2024,218653.39,2607465.26,凱米颱風,降雨,0.844305076291
2024_4431,2024,218748.48,2607136.9,凱米颱風,降雨,1.3726118267
2024_4432,2024,218999.08,2607251.14,凱米颱風,降雨,0.221476472802
2024_4433,2024,220474.42,2608349.27,凱米颱風,降雨,0.239825451264
2024_4434,2024,220568.71,2608516.69,凱米颱風,降雨,0.410893615921
2024_4435,2024,221299.81,2608934.54,凱米颱風,降雨,0.362083607607
2024_4436,2024,223684.86,2614722.02,凱米颱風,降雨,0.839417426413
2024_4437,2024,223229.94,2616095.79,凱米颱風,降雨,0.689305122588
2024_4438,2024,224996.98,2611481.74,凱米颱風,降雨,0.239836502534
2024_4439,2024,225503.58,2611208.22,凱米颱風,降雨,0.484216292995
2024_4440,2024,224878.52,2611352.12,凱米颱風,降雨,0.676424948148
2024_4441,2024,223421.94,2611003.48,凱米颱風,降雨,0.190037083568
2024_4442,2024,223615.25,2609996.85,凱米颱風,降雨,0.109923498609
2024_4443,2024,224630.16,2609195.43,凱米颱風,降雨,0.201978966261
2024_4444,2024,227625.43,2608961.06,凱米颱風,降雨,0.313303624877
2024_4445,2024,227751.42,2608907.44,凱米颱風,降雨,0.789695547488
2024_4446,2024,226039.01,2609198.52,凱米颱風,降雨,1.01949001157
2024_4447,2024,226905.27,2608015.05,凱米颱風,降雨,1.83122995635
2024_4448,2024,226693.28,2608160.05,凱米颱風,降雨,0.404343839371
2024_4449,2024,227917.86,2609831.43,凱米颱風,降雨,0.239962143203
2024_4450,2024,226081.0,2606725.23,凱米颱風,降雨,0.255951838956
2024_4451,2024,222011.83,2604773.8,凱米颱風,降雨,0.459672611422
2024_4452,2024,222282.24,2604592.56,凱米颱風,降雨,0.23982972436
2024_4453,2024,222289.64,2604460.41,凱米颱風,降雨,1.09460083707
2024_4454,2024,221814.32,2604695.46,凱米颱風,降雨,3.23465618869
2024_4455,2024,222031.16,2604472.97,凱米颱風,降雨,2.29813560207
2024_4456,2024,222011.83,2604773.8,凱米颱風,降雨,0.459672611422
2024_4457,2024,222282.24,2604592.56,凱米颱風,降雨,0.23982972436
2024_4458,2024,222289.64,2604460.41,凱米颱風,降雨,1.09460083707
2024_4459,2024,221814.32,2604695.46,凱米颱風,降雨,3.23465618869
2024_4460,2024,221373.1,2606939.59,凱米颱風,降雨,1.05923891374
2024_4461,2024,220912.78,2606820.7,凱米颱風,降雨,0.604020165165
2024_4462,2024,220942.1,2606950.41,凱米颱風,降雨,0.432847554526
2024_4463,2024,224601.62,2602653.74,凱米颱風,降雨,0.119917630262
2024_4464,2024,224940.07,2602383.72,凱米颱風,降雨,0.744602677499
2024_4465,2024,224563.93,2602586.41,凱米颱風,降雨,0.221086302598
2024_4466,2024,224655.76,2602669.56,凱米颱風,降雨,0.223088648284
2024_4467,2024,225235.92,2602266.03,凱米颱風,降雨,0.46968053963
2024_4468,2024,225179.08,2602187.66,凱米颱風,降雨,0.409721272954
2024_4469,2024,225229.12,2601837.3,凱米颱風,降雨,0.575857262643
2024_4470,2024,225305.3,2601634.92,凱米颱風,降雨,0.279809834575
2024_4471,2024,226751.82,2601412.9,凱米颱風,降雨,0.439707853113
2024_4472,2024,226651.52,2601523.59,凱米颱風,降雨,3.68713183281
2024_4473,2024,226757.8,2601884.35,凱米颱風,降雨,0.114563241204
2024_4474,2024,225834.38,2601100.74,凱米颱風,降雨,0.249831393752
2024_4475,2024,225984.3,2601404.26,凱米颱風,降雨,0.308451486446
2024_4476,2024,226774.47,2601773.16,凱米颱風,降雨,0.522204084458
2024_4477,2024,226342.16,2601757.19,凱米颱風,降雨,0.245412734994
2024_4478,2024,226572.86,2601738.14,凱米颱風,降雨,0.283910931808
2024_4479,2024,226828.55,2600836.84,凱米颱風,降雨,0.93937593468
2024_4480,2024,226043.09,2600750.47,凱米颱風,降雨,0.359758181844
2024_4481,2024,226093.22,2600630.43,凱米颱風,降雨,0.799462983323
2024_4482,2024,226205.89,2600753.51,凱米颱風,降雨,1.84773037212
2024_4483,2024,228118.93,2601929.72,凱米颱風,降雨,0.459700767103
2024_4484,2024,227861.58,2601884.44,凱米颱風,降雨,0.219856389089
2024_4485,2024,227853.76,2601786.1,凱米颱風,降雨,1.85878441972
2024_4486,2024,227507.02,2601679.68,凱米颱風,降雨,0.515387424841
2024_4487,2024,225994.55,2597420.5,凱米颱風,降雨,1.2147255632
2024_4488,2024,226166.36,2597562.77,凱米颱風,降雨,0.256352687778
2024_4489,2024,227202.28,2597384.99,凱米颱風,降雨,0.341589346973
2024_4490,2024,226309.22,2597821.61,凱米颱風,降雨,0.199138955044
2024_4491,2024,222143.82,2490904.9,凱米颱風,降雨,0.254189913541
2024_4492,2024,222074.92,2490753.4,凱米颱風,降雨,0.270025313479
2024_4493,2024,227086.07,2484700.25,凱米颱風,降雨,0.249830022904
2024_4494,2024,226863.61,2484872.32,凱米颱風,降雨,0.129170401175
2024_4495,2024,225507.12,2485194.04,凱米颱風,降雨,0.564593052888
2024_4496,2024,228325.89,2484618.4,凱米颱風,降雨,0.349766573593
2024_4497,2024,230760.52,2483821.9,凱米颱風,降雨,0.231729440715
2024_4498,2024,230839.78,2483697.14,凱米颱風,降雨,0.139999735342
2024_4499,2024,231120.21,2485570.57,凱米颱風,降雨,0.13292396364
2024_4500,2024,233629.1,2488251.35,凱米颱風,降雨,0.287467074586
2024_4501,2024,232622.25,2488517.87,凱米颱風,降雨,1.85795435767
2024_4502,2024,237316.37,2486790.25,凱米颱風,降雨,0.109936668113
2024_4503,2024,230354.43,2471624.42,凱米颱風,降雨,0.376065749699
2024_4504,2024,235879.84,2535682.56,凱米颱風,降雨,0.376704012592
2024_4505,2024,234470.98,2536718.19,凱米颱風,降雨,0.240421119204
2024_4506,2024,222838.66,2533588.45,凱米颱風,降雨,0.148912144883
2024_4507,2024,222506.17,2534993.33,凱米颱風,降雨,0.382996397944
2024_4508,2024,222485.8,2534839.27,凱米颱風,降雨,0.569590729185
2024_4509,2024,222315.04,2534826.32,凱米颱風,降雨,1.11919315901
2024_4510,2024,222219.91,2534489.55,凱米颱風,降雨,0.129906290869
2024_4511,2024,222794.78,2535373.46,凱米颱風,降雨,0.839644430506
2024_4512,2024,222962.44,2535985.01,凱米颱風,降雨,0.676551322673
2024_4513,2024,221804.4,2535667.54,凱米颱風,降雨,0.137949162823
2024_4514,2024,221765.51,2535471.05,凱米颱風,降雨,0.137333334106
2024_4515,2024,220964.29,2535781.2,凱米颱風,降雨,0.274927760553
2024_4516,2024,220567.45,2536012.61,凱米颱風,降雨,0.208187430255
2024_4517,2024,220506.03,2536874.51,凱米颱風,降雨,0.359734288854
2024_4518,2024,221036.04,2536816.23,凱米颱風,降雨,8.79798505074
2024_4519,2024,221377.09,2536746.48,凱米颱風,降雨,0.821000162262
2024_4520,2024,220279.91,2536325.8,凱米颱風,降雨,0.13217630253
2024_4521,2024,220244.7,2537137.04,凱米颱風,降雨,0.169874049379
2024_4522,2024,221610.7,2538459.59,凱米颱風,降雨,0.132751171445
2024_4523,2024,221853.9,2537726.56,凱米颱風,降雨,0.279797253155
2024_4524,2024,221709.91,2536489.66,凱米颱風,降雨,0.109920070508
2024_4525,2024,220314.69,2537795.76,凱米颱風,降雨,1.02261671922
2024_4526,2024,219894.13,2539699.13,凱米颱風,降雨,0.245911059399
2024_4527,2024,220133.71,2539357.06,凱米颱風,降雨,0.119911121967
2024_4528,2024,220296.92,2538988.29,凱米颱風,降雨,0.452090516773
2024_4529,2024,220246.92,2539531.62,凱米颱風,降雨,0.495999766548
2024_4530,2024,220167.57,2539084.28,凱米颱風,降雨,0.862487155976
2024_4531,2024,220725.94,2539361.18,凱米颱風,降雨,0.181821920256
2024_4532,2024,220623.09,2539108.25,凱米颱風,降雨,0.292816932498
2024_4533,2024,219603.3,2538867.67,凱米颱風,降雨,0.409693921641
2024_4534,2024,225246.06,2536772.47,凱米颱風,降雨,0.379737786821
2024_4535,2024,224047.89,2536091.57,凱米颱風,降雨,0.659536387952
2024_4536,2024,224664.26,2536255.54,凱米颱風,降雨,2.8811275283
2024_4537,2024,224657.07,2536390.69,凱米颱風,降雨,0.653379276849
2024_4538,2024,224327.23,2536188.18,凱米颱風,降雨,3.4206521624
2024_4539,2024,224853.14,2537192.74,凱米颱風,降雨,0.502898214237
2024_4540,2024,224015.79,2538827.19,凱米颱風,降雨,0.259817533302
2024_4541,2024,223462.02,2538462.54,凱米颱風,降雨,0.279801727003
2024_4542,2024,223385.15,2539599.61,凱米颱風,降雨,0.189865420176
2024_4543,2024,223492.58,2539499.15,凱米颱風,降雨,0.655220755388
2024_4544,2024,224523.8,2539328.84,凱米颱風,降雨,0.189867705539
2024_4545,2024,225384.11,2539267.0,凱米颱風,降雨,0.464057653466
2024_4546,2024,226474.44,2539562.3,凱米颱風,降雨,0.26981701471
2024_4547,2024,225871.51,2539445.86,凱米颱風,降雨,0.129911025871
2024_4548,2024,226677.81,2537451.88,凱米颱風,降雨,0.469682745024
2024_4549,2024,226911.49,2536460.57,凱米颱風,降雨,0.319784653585
2024_4550,2024,225756.23,2536700.3,凱米颱風,降雨,0.28959234052
2024_4551,2024,226028.14,2536405.95,凱米颱風,降雨,0.212639213216
2024_4552,2024,223340.64,2541768.45,凱米颱風,降雨,0.275849854676
2024_4553,2024,223770.12,2543330.66,凱米颱風,降雨,0.163868773892
2024_4554,2024,224392.09,2543293.92,凱米颱風,降雨,0.231750774767
2024_4555,2024,224859.33,2544230.26,凱米颱風,降雨,0.119916951824
2024_4556,2024,224727.03,2544084.18,凱米颱風,降雨,0.7826113327
2024_4557,2024,224904.13,2545495.63,凱米颱風,降雨,0.559612548785
2024_4558,2024,223416.1,2546925.94,凱米颱風,降雨,0.286842319189
2024_4559,2024,222861.49,2546781.0,凱米颱風,降雨,0.349750665674
2024_4560,2024,223441.05,2546273.71,凱米颱風,降雨,0.269809067134
2024_4561,2024,222978.82,2546861.27,凱米颱風,降雨,0.485454963491
2024_4562,2024,223065.04,2546749.74,凱米颱風,降雨,0.435992732663
2024_4563,2024,223778.61,2546276.68,凱米颱風,降雨,0.126884350891
2024_4564,2024,223865.73,2546256.41,凱米颱風,降雨,0.35816324871
2024_4565,2024,223875.75,2545729.78,凱米颱風,降雨,0.144208309103
2024_4566,2024,220591.81,2547954.66,凱米颱風,降雨,0.269801735352
2024_4567,2024,221580.1,2548277.23,凱米颱風,降雨,0.239792199033
2024_4568,2024,222015.76,2547349.81,凱米颱風,降雨,0.116882946759
2024_4569,2024,222142.89,2547194.01,凱米颱風,降雨,0.15988501691
2024_4570,2024,221055.04,2546727.42,凱米颱風,降雨,0.217557273624
2024_4571,2024,220428.17,2546331.48,凱米颱風,降雨,0.125045577637
2024_4572,2024,221176.73,2546570.39,凱米颱風,降雨,0.126731533834
2024_4573,2024,229218.55,2546739.5,凱米颱風,降雨,0.878443777891
2024_4574,2024,229522.16,2546300.07,凱米颱風,降雨,0.179883970498
2024_4575,2024,229741.58,2546265.96,凱米颱風,降雨,0.379755571364
2024_4576,2024,230122.96,2546200.65,凱米颱風,降雨,0.129917046755
2024_4577,2024,228307.71,2547459.88,凱米颱風,降雨,0.449704259895
2024_4578,2024,230067.94,2549204.81,凱米颱風,降雨,0.489686588629
2024_4579,2024,229960.01,2549555.33,凱米颱風,降雨,1.07663161438
2024_4580,2024,230084.85,2549470.72,凱米颱風,降雨,0.160012408242
2024_4581,2024,229438.3,2548767.14,凱米颱風,降雨,0.441505570162
2024_4582,2024,230891.8,2548237.03,凱米颱風,降雨,0.355067947783
2024_4583,2024,214526.34,2537709.75,凱米颱風,降雨,0.159872416246
2024_4584,2024,214440.91,2537841.18,凱米颱風,降雨,0.166760076491
2024_4585,2024,215528.92,2539973.8,凱米颱風,降雨,0.569550904195
2024_4586,2024,215324.43,2539786.16,凱米颱風,降雨,2.18749740381
2024_4587,2024,215211.97,2539971.57,凱米颱風,降雨,0.34426211362
2024_4588,2024,215155.73,2539612.74,凱米颱風,降雨,0.178372302501
2024_4589,2024,215930.62,2539428.26,凱米颱風,降雨,0.219827539518
2024_4590,2024,216793.56,2539423.3,凱米颱風,降雨,0.624802533402
2024_4591,2024,216857.08,2539914.55,凱米颱風,降雨,1.09914796689
2024_4592,2024,216437.94,2541063.61,凱米颱風,降雨,0.409680851834
2024_4593,2024,216500.64,2540932.96,凱米颱風,降雨,0.579548741289
2024_4594,2024,216266.24,2540479.8,凱米颱風,降雨,0.730881497515
2024_4595,2024,217362.56,2540252.95,凱米颱風,降雨,0.296359349031
2024_4596,2024,216950.25,2541008.29,凱米颱風,降雨,0.258948118767
2024_4597,2024,217299.51,2540910.15,凱米颱風,降雨,1.15546472203
2024_4598,2024,217110.96,2541194.5,凱米颱風,降雨,1.58298950817
2024_4599,2024,217812.68,2540416.02,凱米颱風,降雨,0.107812520141
2024_4600,2024,215353.76,2539476.72,凱米颱風,降雨,0.574087985575
2024_4601,2024,208695.99,2542588.5,凱米颱風,降雨,0.451568087938
2024_4602,2024,210701.77,2544649.38,凱米颱風,降雨,0.40965701828
2024_4603,2024,210465.14,2544202.93,凱米颱風,降雨,0.462242532749
2024_4604,2024,210293.77,2546104.5,凱米颱風,降雨,0.10747775617
2024_4605,2024,210214.87,2546021.12,凱米颱風,降雨,0.173637343562
2024_4606,2024,212234.99,2544883.61,凱米颱風,降雨,0.257293776809
2024_4607,2024,212043.5,2544920.52,凱米颱風,降雨,0.122267431768
2024_4608,2024,212180.44,2544796.51,凱米颱風,降雨,0.116671850982
2024_4609,2024,210873.16,2547547.9,凱米颱風,降雨,1.06910750686
2024_4610,2024,210918.28,2547408.31,凱米颱風,降雨,0.219816691864
2024_4611,2024,210741.59,2550506.53,凱米颱風,降雨,0.159866399705
2024_4612,2024,210005.73,2550355.02,凱米颱風,降雨,0.12765249326
2024_4613,2024,209982.7,2550249.48,凱米颱風,降雨,0.235383637917
2024_4614,2024,209894.41,2549736.62,凱米颱風,降雨,0.189839851387
2024_4615,2024,210478.48,2549668.13,凱米颱風,降雨,0.43011003893
2024_4616,2024,209339.85,2549273.59,凱米颱風,降雨,0.150444578494
2024_4617,2024,211696.67,2548974.24,凱米颱風,降雨,0.800634121591
2024_4618,2024,211526.5,2548955.36,凱米颱風,降雨,0.534834933613
2024_4619,2024,211548.43,2548799.16,凱米颱風,降雨,0.380277240432
2024_4620,2024,210563.73,2548277.88,凱米颱風,降雨,0.90561122902
2024_4621,2024,211052.3,2551183.1,凱米颱風,降雨,0.260302180697
2024_4622,2024,210448.23,2552256.22,凱米颱風,降雨,0.104625287967
2024_4623,2024,210081.7,2551818.53,凱米颱風,降雨,0.229557828012
2024_4624,2024,210017.95,2551646.15,凱米颱風,降雨,0.490901550407
2024_4625,2024,211753.52,2551937.97,凱米颱風,降雨,0.106536778698
2024_4626,2024,211498.85,2550843.1,凱米颱風,降雨,0.132545509406
2024_4627,2024,210206.92,2550038.13,凱米颱風,降雨,0.15986554194
2024_4628,2024,210323.66,2549981.01,凱米颱風,降雨,0.298846197334
2024_4629,2024,214694.07,2547607.43,凱米颱風,降雨,0.207238992453
2024_4630,2024,214387.0,2547585.28,凱米颱風,降雨,0.194691306861
2024_4631,2024,315916.41,2686844.66,凱米颱風,降雨,6.78164924813
2024_4632,2024,315634.28,2686503.21,凱米颱風,降雨,2.9673542788
2024_4633,2024,322337.42,2690582.24,凱米颱風,降雨,0.210064767358
2024_4634,2024,321092.82,2689820.08,凱米颱風,降雨,0.340100457049
2024_4635,2024,321166.26,2689694.56,凱米颱風,降雨,0.310091900595
2024_4636,2024,319702.77,2690915.87,凱米颱風,降雨,0.212979692678
2024_4637,2024,320064.38,2690949.41,凱米颱風,降雨,0.410116743014
2024_4638,2024,319797.38,2690871.75,凱米颱風,降雨,0.200057161504
2024_4639,2024,320322.36,2690844.36,凱米颱風,降雨,0.270077432222
2024_4640,2024,319422.71,2690833.65,凱米颱風,降雨,0.416026769283
2024_4641,2024,319675.81,2690725.83,凱米颱風,降雨,0.110031041409
2024_4642,2024,320000.18,2690647.49,凱米颱風,降雨,0.410116865689
2024_4643,2024,319673.9,2690643.07,凱米颱風,降雨,0.860241908455
2024_4644,2024,319737.38,2690525.03,凱米颱風,降雨,1.53745371722
2024_4645,2024,319819.97,2690076.5,凱米颱風,降雨,0.260073636288
2024_4646,2024,320418.6,2688941.87,凱米颱風,降雨,0.120034531262
2024_4647,2024,318955.99,2688604.7,凱米颱風,降雨,0.530145118813
2024_4648,2024,318635.9,2688519.49,凱米颱風,降雨,0.12003252257
2024_4649,2024,318690.12,2688414.51,凱米颱風,降雨,0.260070322936
2024_4650,2024,320369.57,2688294.41,凱米颱風,降雨,0.120034522639
2024_4651,2024,317644.26,2690705.78,凱米颱風,降雨,0.100026026354
2024_4652,2024,317624.45,2690371.48,凱米颱風,降雨,0.760198047024
2024_4653,2024,317765.57,2690299.43,凱米颱風,降雨,0.450118070254
2024_4654,2024,316811.71,2690173.68,凱米颱風,降雨,0.120030101964
2024_4655,2024,317160.22,2690042.13,凱米颱風,降雨,0.260066475999
2024_4656,2024,317291.41,2689986.25,凱米颱風,降雨,0.370095161581
2024_4657,2024,317027.05,2689919.34,凱米颱風,降雨,1.07027211398
2024_4658,2024,317113.21,2689377.76,凱米颱風,降雨,0.100025504058
2024_4659,2024,317092.27,2689268.95,凱米颱風,降雨,0.200051061715
2024_4660,2024,317066.58,2689170.84,凱米颱風,降雨,0.370094416287
2024_4661,2024,317398.52,2689167.5,凱米颱風,降雨,0.680175698527
2024_4662,2024,317547.66,2689102.45,凱米颱風,降雨,0.390101245565
2024_4663,2024,317147.54,2689104.87,凱米颱風,降雨,0.260066402284
2024_4664,2024,317475.54,2689044.53,凱米颱風,降雨,0.450116635412
2024_4665,2024,317600.15,2688920.73,凱米颱風,降雨,0.400104197616
2024_4666,2024,318384.74,2688882.5,凱米颱風,降雨,0.110029314758
2024_4667,2024,317541.64,2688798.9,凱米颱風,降雨,0.120031127557
2024_4668,2024,317510.63,2688642.71,凱米颱風,降雨,0.17004409525
2024_4669,2024,317481.96,2688535.13,凱米颱風,降雨,0.450116502362
2024_4670,2024,317537.5,2688390.78,凱米颱風,降雨,1.20031120875
2024_4671,2024,317544.69,2688191.05,凱米颱風,降雨,0.880228425222
2024_4672,2024,317483.68,2690018.07,凱米颱風,降雨,0.862892181091
2024_4673,2024,314241.38,2690040.84,凱米颱風,降雨,0.990224341553
2024_4674,2024,314353.45,2689883.9,凱米颱風,降雨,0.160036508928
2024_4675,2024,312419.32,2689021.71,凱米颱風,降雨,0.300062504102
2024_4676,2024,312456.57,2688944.99,凱米颱風,降雨,0.190039532973
2024_4677,2024,298580.29,2690386.57,凱米颱風,降雨,0.10000682029
2024_4678,2024,298673.99,2690331.85,凱米颱風,降雨,0.520036485735
2024_4679,2024,324111.42,2686142.53,凱米颱風,降雨,0.140045355471
2024_4680,2024,319825.99,2687425.86,凱米颱風,降雨,0.313772716166
2024_4681,2024,321033.47,2686988.52,凱米颱風,降雨,0.160046896708
2024_4682,2024,319355.71,2686804.43,凱米颱風,降雨,0.160044293018
2024_4683,2024,319703.57,2686611.72,凱米颱風,降雨,0.22006185637
2024_4684,2024,319642.94,2686566.59,凱米颱風,降雨,0.320089775312
2024_4685,2024,318576.49,2686510.03,凱米颱風,降雨,0.430116148312
2024_4686,2024,318989.73,2686285.7,凱米颱風,降雨,0.18004895141
2024_4687,2024,316957.05,2687977.36,凱米颱風,降雨,0.240060628494
2024_4688,2024,315314.36,2687761.58,凱米颱風,降雨,0.180042788593
2024_4689,2024,314949.4,2687695.92,凱米颱風,降雨,0.200046917095
2024_4690,2024,315382.94,2687647.21,凱米颱風,降雨,0.390093067087
2024_4691,2024,315479.62,2687573.98,凱米颱風,降雨,0.290069525281
2024_4692,2024,318196.94,2687650.62,凱米颱風,降雨,1.61042852698
2024_4693,2024,317484.98,2687362.74,凱米颱風,降雨,0.22005683062
2024_4694,2024,315412.85,2687270.34,凱米颱風,降雨,0.190045392794
2024_4695,2024,317699.6,2687202.45,凱米颱風,降雨,0.270070890446
2024_4696,2024,317873.17,2687173.82,凱米颱風,降雨,0.32008420025
2024_4697,2024,318404.31,2687377.03,凱米颱風,降雨,5.80155566905
2024_4698,2024,317625.13,2687152.26,凱米颱風,降雨,0.290075410326
2024_4699,2024,317735.27,2687156.26,凱米颱風,降雨,0.120031549554
2024_4700,2024,318066.81,2687134.88,凱米颱風,降雨,0.130034213816
2024_4701,2024,315503.82,2687051.86,凱米颱風,降雨,0.430102976708
2024_4702,2024,317768.28,2687084.61,凱米颱風,降雨,0.860224970359
2024_4703,2024,318338.53,2687104.63,凱米颱風,降雨,0.800214547169
2024_4704,2024,315726.23,2687053.12,凱米颱風,降雨,0.750181022517
2024_4705,2024,316791.12,2687021.36,凱米颱風,降雨,0.230058030484
2024_4706,2024,317701.97,2687022.34,凱米颱風,降雨,0.470122673893
2024_4707,2024,318246.2,2686954.74,凱米颱風,降雨,0.240063946267
2024_4708,2024,316497.27,2686897.66,凱米颱風,降雨,0.280069939541
2024_4709,2024,318385.72,2686921.25,凱米颱風,降雨,2.03054335669
2024_4710,2024,317301.87,2686731.97,凱米颱風,降雨,0.250064196097
2024_4711,2024,318271.33,2686762.73,凱米颱風,降雨,0.530141434393
2024_4712,2024,317941.75,2686709.22,凱米颱風,降雨,0.100026268886
2024_4713,2024,317972.29,2686741.05,凱米颱風,降雨,0.550145306411
2024_4714,2024,318264.15,2686692.44,凱米颱風,降雨,0.310082710901
2024_4715,2024,318422.24,2686624.36,凱米颱風,降雨,0.240064481205
2024_4716,2024,315339.42,2686524.85,凱米颱風,降雨,0.160037783521
2024_4717,2024,315287.01,2686446.71,凱米颱風,降雨,0.830196798885
2024_4718,2024,315589.1,2686400.73,凱米颱風,降雨,0.130031297238
2024_4719,2024,317572.79,2686405.91,凱米颱風,降雨,0.280072870949
2024_4720,2024,315901.13,2685906.31,凱米颱風,降雨,0.120029327967
2024_4721,2024,316543.28,2685916.97,凱米颱風,降雨,0.310077032046
2024_4722,2024,315807.9,2685568.76,凱米颱風,降雨,0.170041073382
2024_4723,2024,317287.28,2687434.33,凱米颱風,降雨,1.50581786224
2024_4724,2024,312656.6,2687716.94,凱米颱風,降雨,0.200042063465
2024_4725,2024,312979.5,2686376.27,凱米颱風,降雨,0.330070425483
2024_4726,2024,314419.8,2686126.93,凱米颱風,降雨,0.200045618971
2024_4727,2024,314266.64,2685961.18,凱米颱風,降雨,0.100022508048
2024_4728,2024,313113.15,2685839.62,凱米颱風,降雨,0.100021454454
2024_4729,2024,317028.07,2685543.5,凱米颱風,降雨,0.270068826505
2024_4730,2024,316383.42,2685490.07,凱米颱風,降雨,0.220054269548
2024_4731,2024,316496.29,2685493.51,凱米颱風,降雨,0.370092269486
2024_4732,2024,310452.64,2688006.44,凱米颱風,降雨,0.130024475926
2024_4733,2024,296823.61,2687703.8,凱米颱風,降雨,0.180009386032
2024_4734,2024,324806.49,2683854.55,凱米颱風,降雨,0.680225833165
2024_4735,2024,324913.51,2683766.24,凱米颱風,降雨,0.180059991673
2024_4736,2024,324201.39,2683452.63,凱米颱風,降雨,0.110035630338
2024_4737,2024,316702.11,2685164.97,凱米颱風,降雨,0.200050141057
2024_4738,2024,317474.74,2684950.78,凱米颱風,降雨,0.520134585084
2024_4739,2024,317455.93,2684881.44,凱米颱風,降雨,0.390100857898
2024_4740,2024,317317.51,2684953.65,凱米颱風,降雨,1.10028287193
2024_4741,2024,316887.61,2684809.77,凱米颱風,降雨,0.13003297
2024_4742,2024,317578.18,2684779.53,凱米颱風,降雨,0.130033767148
2024_4743,2024,317630.52,2684779.69,凱米颱風,降雨,0.130033872176
2024_4744,2024,317400.07,2684789.32,凱米颱風,降雨,0.830213851164
2024_4745,2024,316288.39,2684736.32,凱米颱風,降雨,0.430106086089
2024_4746,2024,317462.26,2684655.7,凱米颱風,降雨,0.130033461402
2024_4747,2024,317317.47,2684682.68,凱米颱風,降雨,0.500128694365
2024_4748,2024,317012.94,2684569.54,凱米颱風,降雨,0.210053380214
2024_4749,2024,316381.95,2684563.34,凱米颱風,降雨,0.690170850955
2024_4750,2024,317623.83,2684501.08,凱米颱風,降雨,0.310080921145
2024_4751,2024,315517.33,2684422.42,凱米颱風,降雨,0.360085860674
2024_4752,2024,316566.23,2684352.79,凱米颱風,降雨,0.150037474817
2024_4753,2024,317020.66,2684390.2,凱米颱風,降雨,0.350088897251
2024_4754,2024,316633.88,2684206.27,凱米颱風,降雨,0.260064912713
2024_4755,2024,316760.7,2683976.72,凱米颱風,降雨,0.120030194262
2024_4756,2024,316814.89,2683891.82,凱米颱風,降雨,0.250063139154
2024_4757,2024,316946.33,2683795.22,凱米颱風,降雨,0.100025325092
2024_4758,2024,315581.15,2683511.95,凱米颱風,降雨,0.440105517798
2024_4759,2024,316522.91,2684902.88,凱米颱風,降雨,0.81920725268
2024_4760,2024,316020.44,2684985.36,凱米颱風,降雨,0.708283934924
2024_4761,2024,316178.0,2685025.96,凱米颱風,降雨,0.200048936729
2024_4762,2024,314263.23,2684721.46,凱米颱風,降雨,0.250056917022
2024_4763,2024,314356.62,2684709.87,凱米颱風,降雨,0.150034232655
2024_4764,2024,314534.5,2684721.09,凱米颱風,降雨,0.460105909347
2024_4765,2024,314780.34,2684736.08,凱米颱風,降雨,0.500115641957
2024_4766,2024,314570.76,2684530.8,凱米颱風,降雨,0.170038848957
2024_4767,2024,314353.11,2684466.88,凱米颱風,降雨,1.28029054485
2024_4768,2024,314167.6,2684245.27,凱米颱風,降雨,0.110024988577
2024_4769,2024,314478.46,2683999.65,凱米颱風,降雨,0.110025138575
2024_4770,2024,314862.91,2683928.88,凱米颱風,降雨,0.330076605702
2024_4771,2024,314752.88,2683831.14,凱米颱風,降雨,0.180041585235
2024_4772,2024,315007.5,2683617.65,凱米颱風,降雨,3.1107268407
2024_4773,2024,315340.75,2683401.01,凱米颱風,降雨,0.140033197623
2024_4774,2024,315289.19,2683360.37,凱米颱風,降雨,0.100023770039
2024_4775,2024,314546.01,2683168.09,凱米颱風,降雨,0.26005957318
2024_4776,2024,315777.23,2683737.25,凱米颱風,降雨,0.158637447907
2024_4777,2024,314745.9,2682692.3,凱米颱風,降雨,0.220050981263
2024_4778,2024,315612.17,2682985.59,凱米颱風,降雨,0.326889584425
2024_4779,2024,314945.17,2684394.48,凱米颱風,降雨,0.170039796094
2024_4780,2024,310626.44,2684844.93,凱米颱風,降雨,0.420079678866
2024_4781,2024,311304.38,2684486.53,凱米颱風,降雨,0.570111990689
2024_4782,2024,311048.06,2684422.73,凱米颱風,降雨,0.300058105952
2024_4783,2024,311437.97,2684201.93,凱米颱風,降雨,0.120023849223
2024_4784,2024,311509.19,2684169.23,凱米颱風,降雨,0.270053768951
2024_4785,2024,309712.7,2683640.4,凱米颱風,降雨,0.190034488003
2024_4786,2024,310126.43,2683355.01,凱米颱風,降雨,0.400074225792
2024_4787,2024,310839.88,2683246.49,凱米颱風,降雨,0.100019215716
2024_4788,2024,309983.57,2683221.46,凱米颱風,降雨,0.400073220066
2024_4789,2024,310219.96,2683036.34,凱米颱風,降雨,0.320059403426
2024_4790,2024,311713.46,2682815.01,凱米颱風,降雨,0.180036112974
2024_4791,2024,313567.48,2682755.5,凱米颱風,降雨,0.120026223412
2024_4792,2024,313543.27,2682700.1,凱米颱風,降雨,0.100021958547
2024_4793,2024,298448.86,2685264.08,凱米颱風,降雨,0.140009487712
2024_4794,2024,297145.11,2684911.2,凱米颱風,降雨,0.110005954261
2024_4795,2024,318564.47,2679859.56,凱米颱風,降雨,0.160042934491
2024_4796,2024,314925.31,2682229.84,凱米颱風,降雨,0.120027864822
2024_4797,2024,314866.47,2682005.35,凱米颱風,降雨,0.44010222239
2024_4798,2024,314169.47,2681578.86,凱米颱風,降雨,0.120026751907
2024_4799,2024,312553.7,2681387.34,凱米颱風,降雨,0.330069036635
2024_4800,2024,313244.86,2681298.9,凱米颱風,降雨,0.190040927757
2024_4801,2024,313205.49,2681081.3,凱米颱風,降雨,0.220047533218
2024_4802,2024,313112.91,2680660.03,凱米颱風,降雨,0.200042959035
2024_4803,2024,314820.81,2680447.89,凱米颱風,降雨,0.200046155484
2024_4804,2024,313098.58,2680229.67,凱米颱風,降雨,0.210045152496
2024_4805,2024,313169.31,2680179.25,凱米颱風,降雨,0.130027927453
2024_4806,2024,314904.54,2680189.07,凱米颱風,降雨,0.120027927563
2024_4807,2024,313094.6,2680158.2,凱米颱風,降雨,0.160034389346
2024_4808,2024,314091.01,2680156.52,凱米颱風,降雨,0.17003844214
2024_4809,2024,314255.09,2680060.93,凱米颱風,降雨,0.130029428894
2024_4810,2024,314323.18,2679965.75,凱米颱風,降雨,0.180040737032
2024_4811,2024,315539.22,2679523.04,凱米颱風,降雨,0.130031118171
2024_4812,2024,315250.43,2679508.53,凱米颱風,降雨,1.04024565321
2024_4813,2024,312547.46,2682434.32,凱米颱風,降雨,0.170035297299
2024_4814,2024,311653.99,2681543.1,凱米颱風,降雨,2.20748746348
2024_4815,2024,312259.6,2681205.71,凱米颱風,降雨,1.09391325877
2024_4816,2024,312156.85,2680964.11,凱米颱風,降雨,0.400082139558
2024_4817,2024,312332.91,2680462.09,凱米颱風,降雨,0.230047663772
2024_4818,2024,312151.71,2680428.98,凱米颱風,降雨,0.210043009654
2024_4819,2024,312302.11,2680099.89,凱米颱風,降雨,0.490101514362
2024_4820,2024,313529.38,2679935.26,凱米颱風,降雨,0.970211999499
2024_4821,2024,312982.48,2679606.43,凱米颱風,降雨,0.180038128418
2024_4822,2024,313604.53,2679588.65,凱米颱風,降雨,0.120026419669
2024_4823,2024,313428.69,2679527.78,凱米颱風,降雨,0.100021664121
2024_4824,2024,313514.11,2679520.81,凱米颱風,降雨,0.340074451307
2024_4825,2024,312347.96,2681790.87,凱米颱風,降雨,0.68014031823
2024_4826,2024,312058.26,2681605.11,凱米颱風,降雨,6.50704352118
2024_4827,2024,312264.2,2681467.09,凱米颱風,降雨,0.170035175079
2024_4828,2024,312099.04,2681333.55,凱米颱風,降雨,0.20004072838
2024_4829,2024,313154.83,2680339.88,凱米颱風,降雨,0.230049310192
2024_4830,2024,310604.81,2681916.45,凱米颱風,降雨,0.110020804148
2024_4831,2024,310580.59,2681797.37,凱米颱風,降雨,0.120022704777
2024_4832,2024,311135.76,2681622.39,凱米颱風,降雨,0.490095320415
2024_4833,2024,311270.9,2681568.61,凱米颱風,降雨,0.160031568727
2024_4834,2024,310557.17,2681416.57,凱米颱風,降雨,0.180033972845
2024_4835,2024,310645.97,2681392.22,凱米颱風,降雨,0.440083480769
2024_4836,2024,310100.91,2681281.17,凱米颱風,降雨,0.300055320469
2024_4837,2024,310816.84,2681231.11,凱米颱風,降雨,0.260049702189
2024_4838,2024,310628.53,2681119.76,凱米颱風,降雨,0.280052902011
2024_4839,2024,310183.13,2680041.58,凱米颱風,降雨,0.286822860685
2024_4840,2024,310034.59,2679731.74,凱米颱風,降雨,0.2000368347
2024_4841,2024,310958.77,2681701.62,凱米颱風,降雨,0.386628939475
2024_4842,2024,310405.73,2681206.76,凱米颱風,降雨,4.37565053859
2024_4843,2024,297690.04,2679942.65,凱米颱風,降雨,0.210012492863
2024_4844,2024,317499.0,2677556.56,凱米颱風,降雨,0.170043727795
2024_4845,2024,317538.82,2677486.08,凱米颱風,降雨,0.100025934123
2024_4846,2024,317611.67,2677287.01,凱米颱風,降雨,0.100025883404
2024_4847,2024,314597.63,2678999.46,凱米颱風,降雨,0.270062271187
2024_4848,2024,314677.72,2679265.67,凱米颱風,降雨,0.120027513236
2024_4849,2024,314559.02,2679222.75,凱米颱風,降雨,0.210048226742
2024_4850,2024,316114.7,2677677.66,凱米颱風,降雨,0.280068316037
2024_4851,2024,312950.74,2679697.38,凱米颱風,降雨,1.16024679772
2024_4852,2024,313229.96,2679699.97,凱米颱風,降雨,3.63078177548
2024_4853,2024,313094.81,2679054.98,凱米颱風,降雨,0.340072574801
2024_4854,2024,313460.71,2679038.12,凱米颱風,降雨,0.140030407308
2024_4855,2024,310945.12,2678623.67,凱米颱風,降雨,0.150028755786
2024_4856,2024,311038.27,2678418.61,凱米颱風,降雨,0.555711805759
2024_4857,2024,311133.07,2677939.64,凱米颱風,降雨,0.190036833944
2024_4858,2024,311130.02,2677871.41,凱米颱風,降雨,0.714214964922
2024_4859,2024,311505.06,2677868.28,凱米颱風,降雨,0.600118391523
2024_4860,2024,311261.47,2677637.63,凱米颱風,降雨,0.130025482345
2024_4861,2024,311309.17,2677523.42,凱米颱風,降雨,0.360070548741
2024_4862,2024,311062.61,2677300.03,凱米颱風,降雨,0.200038763102
2024_4863,2024,311435.35,2678254.05,凱米颱風,降雨,0.170033644859
2024_4864,2024,311645.93,2677884.2,凱米颱風,降雨,0.320063667717
2024_4865,2024,311582.68,2677826.04,凱米颱風,降雨,0.150029884305
2024_4866,2024,311770.33,2677773.42,凱米颱風,降雨,0.51010264879
2024_4867,2024,310125.9,2677580.07,凱米颱風,降雨,0.140025680119
2024_4868,2024,303415.16,2677127.99,凱米颱風,降雨,0.68007935622
2024_4869,2024,316339.83,2675217.69,凱米颱風,降雨,0.170041971957
2024_4870,2024,315531.9,2675098.81,凱米颱風,降雨,0.160037920589
2024_4871,2024,316258.57,2675147.53,凱米颱風,降雨,17.555507395
2024_4872,2024,312636.31,2675152.64,凱米颱風,降雨,0.290060809971
2024_4873,2024,312714.17,2674591.55,凱米颱風,降雨,0.120025030935
2024_4874,2024,309616.92,2676621.16,凱米颱風,降雨,0.23004093495
2024_4875,2024,310696.37,2676508.17,凱米颱風,降雨,0.120022717415
2024_4876,2024,308534.11,2676018.24,凱米颱風,降雨,0.13002165377
2024_4877,2024,310710.86,2675937.53,凱米颱風,降雨,0.300056939921
2024_4878,2024,309127.95,2675836.11,凱米颱風,降雨,0.590102522899
2024_4879,2024,310741.53,2675817.62,凱米颱風,降雨,0.350067016566
2024_4880,2024,309658.93,2674954.04,凱米颱風,降雨,2.27040688122
2024_4881,2024,309300.22,2676249.69,凱米颱風,降雨,4.11601491203
2024_4882,2024,309691.7,2676295.17,凱米颱風,降雨,0.615910189388
2024_4883,2024,308893.51,2677032.4,凱米颱風,降雨,0.100017231215
2024_4884,2024,306373.73,2676286.21,凱米颱風,降雨,0.180026239827
2024_4885,2024,307437.43,2676041.48,凱米颱風,降雨,0.100015813355
2024_4886,2024,307783.54,2675765.71,凱米颱風,降雨,1.37021965715
2024_4887,2024,307895.75,2675501.33,凱米颱風,降雨,1.33021411458
2024_4888,2024,307808.35,2674931.44,凱米颱風,降雨,0.100015846192
2024_4889,2024,307939.85,2674628.28,凱米颱風,降雨,2.40856883873
2024_4890,2024,305078.18,2676373.03,凱米颱風,降雨,0.270036063418
2024_4891,2024,303960.98,2674701.47,凱米颱風,降雨,0.12001483685
2024_4892,2024,299928.02,2676856.46,凱米颱風,降雨,0.230018794365
2024_4893,2024,297848.02,2675894.16,凱米颱風,降雨,0.100006160955
2024_4894,2024,315473.15,2673580.75,凱米颱風,降雨,0.190045363844
2024_4895,2024,315796.94,2673432.89,凱米颱風,降雨,0.730175168529
2024_4896,2024,315572.49,2673326.01,凱米颱風,降雨,0.13003090157
2024_4897,2024,314985.14,2673158.8,凱米颱風,降雨,0.120027905944
2024_4898,2024,315692.16,2673281.11,凱米颱風,降雨,0.383459037781
2024_4899,2024,311681.75,2674046.65,凱米颱風,降雨,0.120023824504
2024_4900,2024,313185.39,2673955.17,凱米颱風,降雨,0.370079309836
2024_4901,2024,312423.33,2673891.51,凱米颱風,降雨,0.190039225218
2024_4902,2024,311766.73,2672833.4,凱米颱風,降雨,0.190038144493
2024_4903,2024,311028.49,2672341.44,凱米颱風,降雨,0.160030955514
2024_4904,2024,311091.83,2672282.9,凱米颱風,降雨,0.160030909088
2024_4905,2024,311199.86,2672292.96,凱米颱風,降雨,0.540104770208
2024_4906,2024,311008.2,2672202.16,凱米颱風,降雨,0.440084650527
2024_4907,2024,309394.12,2673982.78,凱米颱風,降雨,0.420074423674
2024_4908,2024,311900.97,2672811.23,凱米颱風,降雨,0.550056669535
2024_4909,2024,311154.73,2672517.33,凱米颱風,降雨,0.255207222742
2024_4910,2024,305913.34,2673912.37,凱米颱風,降雨,0.330046683414
2024_4911,2024,306113.7,2673837.03,凱米颱風,降雨,0.120017116752
2024_4912,2024,297831.61,2673643.84,凱米颱風,降雨,0.210012706102
2024_4913,2024,297484.21,2673277.81,凱米颱風,降雨,0.170009572056
2024_4914,2024,309995.55,2668916.92,凱米颱風,降雨,0.170030865471
2024_4915,2024,307841.43,2671216.12,凱米颱風,降雨,0.120019522401
2024_4916,2024,305118.24,2671144.74,凱米颱風,降雨,0.430239898429
2024_4917,2024,302753.3,2670001.03,凱米颱風,降雨,0.259557682459
2024_4918,2024,300392.1,2668789.87,凱米颱風,降雨,0.155843544366
2024_4919,2024,312609.79,2668315.51,凱米颱風,降雨,0.790164294374
2024_4920,2024,311453.92,2667195.25,凱米颱風,降雨,0.34006704603
2024_4921,2024,310076.61,2668135.11,凱米颱風,降雨,0.520095073533
2024_4922,2024,309658.34,2667953.71,凱米颱風,降雨,0.140024787942
2024_4923,2024,308677.54,2668347.68,凱米颱風,降雨,0.160026965617
2024_4924,2024,308476.72,2667701.17,凱米颱風,降雨,0.270044780334
2024_4925,2024,308483.17,2667599.73,凱米颱風,降雨,0.100016792634
2024_4926,2024,308008.5,2666346.18,凱米颱風,降雨,0.103968181735
2024_4927,2024,308781.33,2667542.44,凱米颱風,降雨,0.233417194188
2024_4928,2024,298887.16,2667048.54,凱米颱風,降雨,2.02014206824
2024_4929,2024,311355.63,2687138.33,凱米颱風,降雨,0.146346647846
2024_4930,2024,312793.54,2685651.63,凱米颱風,降雨,0.210063112473
2024_4931,2024,319368.27,2686979.4,凱米颱風,降雨,0.314468339046
2024_4932,2024,319658.09,2681270.01,凱米颱風,降雨,0.462955896943
2024_4933,2024,317335.95,2677994.61,凱米颱風,降雨,0.760876947305
2024_4934,2024,308000.83,2672766.61,凱米颱風,降雨,0.201010978002
2024_4935,2024,303022.77,2664660.55,凱米颱風,降雨,0.110012631391
2024_4936,2024,303044.67,2664271.69,凱米颱風,降雨,0.170019001741
2024_4937,2024,304388.84,2663333.02,凱米颱風,降雨,0.170021329565
2024_4938,2024,304078.57,2664277.47,凱米颱風,降雨,2.09946815595
2024_4939,2024,303389.25,2664994.4,凱米颱風,降雨,0.151811926429
2024_4940,2024,300483.66,2664959.85,凱米颱風,降雨,0.73006262674
2024_4941,2024,300500.52,2664824.94,凱米颱風,降雨,0.170014514087
2024_4942,2024,299231.21,2664043.51,凱米颱風,降雨,0.130009481576
2024_4943,2024,300623.4,2663700.88,凱米颱風,降雨,1.35011787674
2024_4944,2024,308573.3,2663125.01,凱米颱風,降雨,0.150025069534
2024_4945,2024,309007.19,2662694.71,凱米颱風,降雨,0.286108232729
2024_4946,2024,304928.33,2662904.96,凱米颱風,降雨,0.18002349237
2024_4947,2024,299871.11,2662031.22,凱米颱風,降雨,0.2000157771
2024_4948,2024,303108.03,2657537.54,凱米颱風,降雨,0.276376911164
2024_4949,2024,300989.52,2657231.33,凱米颱風,降雨,0.100008996986
2024_4950,2024,300091.24,2657039.79,凱米颱風,降雨,0.170013725588
2024_4951,2024,300547.09,2656727.59,凱米颱風,降雨,1.28010975464
2024_4952,2024,304090.77,2654429.44,凱米颱風,降雨,1.58903863032
2024_4953,2024,295057.38,2674554.77,凱米颱風,降雨,0.163772517336
2024_4954,2024,294104.19,2674461.56,凱米颱風,降雨,0.130002973333
2024_4955,2024,294887.5,2663608.91,凱米颱風,降雨,0.200005920549
2024_4956,2024,295842.13,2655326.33,凱米颱風,降雨,0.144695915211
2024_4957,2024,294419.4,2654828.2,凱米颱風,降雨,0.440010508033
2024_4958,2024,294342.93,2652994.09,凱米颱風,降雨,0.412130586802
2024_4959,2024,291931.25,2678602.18,凱米颱風,降雨,0.410000807619
2024_4960,2024,291686.93,2678016.25,凱米颱風,降雨,0.219999783846
2024_4961,2024,293822.61,2677868.54,凱米颱風,降雨,0.120002440613
2024_4962,2024,293585.44,2675155.0,凱米颱風,降雨,0.190003554737
2024_4963,2024,291466.94,2674200.93,凱米颱風,降雨,0.439998676
2024_4964,2024,293457.81,2674162.14,凱米颱風,降雨,0.270004530361
2024_4965,2024,292038.07,2670881.83,凱米颱風,降雨,0.100330155436
2024_4966,2024,288643.61,2673704.11,凱米颱風,降雨,1.0799654077
2024_4967,2024,288726.44,2673492.06,凱米颱風,降雨,1.43995516604
2024_4968,2024,287027.12,2658331.28,凱米颱風,降雨,0.439978178905
2024_4969,2024,286312.21,2653262.46,凱米颱風,降雨,0.14466277951
2024_4970,2024,295889.73,2651008.83,凱米颱風,降雨,0.254111287262
2024_4971,2024,295960.54,2650372.18,凱米颱風,降雨,0.497228415082
2024_4972,2024,296516.62,2650095.86,凱米颱風,降雨,0.139223686174
2024_4973,2024,284423.72,2658541.47,凱米颱風,降雨,0.39452387463
2024_4974,2024,335064.47,2712774.91,凱米颱風,降雨,0.250109399059
2024_4975,2024,335024.53,2710032.69,凱米颱風,降雨,2.95128915236
2024_4976,2024,335610.98,2709426.84,凱米颱風,降雨,0.120053236756
2024_4977,2024,335276.05,2708335.98,凱米颱風,降雨,2.00644176167
2024_4978,2024,334514.51,2707959.8,凱米颱風,降雨,0.150064541606
2024_4979,2024,334085.2,2711253.25,凱米颱風,降雨,0.497820446337
2024_4980,2024,332298.14,2710277.22,凱米颱風,降雨,0.449413613663
2024_4981,2024,334254.17,2709981.83,凱米颱風,降雨,0.42018016523
2024_4982,2024,333920.17,2709675.85,凱米颱風,降雨,0.170072519187
2024_4983,2024,333926.24,2709962.44,凱米颱風,降雨,0.586937626941
2024_4984,2024,333959.98,2709866.16,凱米颱風,降雨,0.644291334292
2024_4985,2024,332306.88,2710946.23,凱米颱風,降雨,1.03551909042
2024_4986,2024,332325.24,2710832.38,凱米颱風,降雨,0.398339168674
2024_4987,2024,333182.7,2708372.08,凱米颱風,降雨,0.23009609636
2024_4988,2024,333253.66,2709021.06,凱米颱風,降雨,0.153042443559
2024_4989,2024,333361.53,2709312.0,凱米颱風,降雨,0.314493271605
2024_4990,2024,333076.68,2706176.72,凱米颱風,降雨,0.210087543427
2024_4991,2024,331445.16,2714456.37,凱米颱風,降雨,0.140056229035
2024_4992,2024,330271.94,2710507.21,凱米颱風,降雨,4.6618137663
2024_4993,2024,330743.53,2710419.04,凱米颱風,降雨,0.792173502291
2024_4994,2024,331086.3,2708353.82,凱米颱風,降雨,0.190075570309
2024_4995,2024,328423.87,2715173.74,凱米颱風,降雨,0.22008161657
2024_4996,2024,327601.08,2713624.68,凱米颱風,降雨,0.250090669741
2024_4997,2024,328776.83,2713438.75,凱米颱風,降雨,0.330123470214
2024_4998,2024,327818.52,2712058.43,凱米颱風,降雨,0.808013622072
2024_4999,2024,328218.53,2712561.54,凱米颱風,降雨,1.53968457795
2024_5000,2024,327164.24,2709817.04,凱米颱風,降雨,1.19675244457
2024_5001,2024,326096.15,2712921.12,凱米颱風,降雨,0.508516928131
2024_5002,2024,325825.99,2712140.81,凱米颱風,降雨,0.803587971083
2024_5003,2024,324663.09,2711925.87,凱米颱風,降雨,0.170056420668
2024_5004,2024,324852.1,2712027.08,凱米颱風,降雨,0.861662385775
2024_5005,2024,324617.21,2709755.16,凱米颱風,降雨,0.689063377448
2024_5006,2024,325028.16,2710050.89,凱米颱風,降雨,0.333267139108
2024_5007,2024,324484.86,2708814.02,凱米颱風,降雨,0.1400465153
2024_5008,2024,325471.07,2707537.52,凱米颱風,降雨,0.875953458623
2024_5009,2024,326269.89,2707948.48,凱米颱風,降雨,0.147118256549
2024_5010,2024,325394.01,2706595.37,凱米颱風,降雨,0.550187081055
2024_5011,2024,325367.36,2705954.94,凱米颱風,降雨,0.254824664974
2024_5012,2024,323191.13,2712644.94,凱米颱風,降雨,0.410130273968
2024_5013,2024,324159.07,2699763.66,凱米颱風,降雨,0.788485589497
2024_5014,2024,321974.97,2699668.86,凱米颱風,降雨,0.860647739838
2024_5015,2024,323912.51,2694445.62,凱米颱風,降雨,0.320314873543
2024_5016,2024,323449.84,2692998.33,凱米颱風,降雨,4.5170287389
2024_5017,2024,323897.43,2693445.04,凱米颱風,降雨,0.267760206509
2024_5018,2024,323914.98,2693076.83,凱米颱風,降雨,1.13581915186
2024_5019,2024,324071.31,2692653.34,凱米颱風,降雨,0.158951837361
2024_5020,2024,323330.63,2691989.45,凱米颱風,降雨,0.190060269097
2024_5021,2024,323367.37,2691880.57,凱米颱風,降雨,0.415802842364
2024_5022,2024,322006.28,2692512.86,凱米颱風,降雨,0.115069384937
2024_5023,2024,320959.41,2700198.85,凱米颱風,降雨,0.355661456567
2024_5024,2024,321072.07,2700118.49,凱米颱風,降雨,0.913596643335
2024_5025,2024,321398.03,2696992.9,凱米颱風,降雨,0.31951309174
2024_5026,2024,317021.55,2697597.37,凱米颱風,降雨,1.04858905357
2024_5027,2024,318613.66,2696152.12,凱米颱風,降雨,1.61552666715
2024_5028,2024,319145.74,2693931.59,凱米颱風,降雨,0.39952861332
2024_5029,2024,318973.56,2693805.05,凱米颱風,降雨,0.496484677388
2024_5030,2024,317306.74,2691817.46,凱米颱風,降雨,0.660570093981
2024_5031,2024,317410.89,2692169.0,凱米颱風,降雨,0.458203716161
2024_5032,2024,317253.09,2691373.17,凱米颱風,降雨,0.392587875762
2024_5033,2024,317302.84,2691510.79,凱米颱風,降雨,0.13945653506
2024_5034,2024,317440.78,2691198.36,凱米颱風,降雨,0.587753366392
2024_5035,2024,317558.07,2691134.62,凱米颱風,降雨,0.100026078513
2024_5036,2024,316331.28,2723817.35,凱米颱風,降雨,0.685750403344
2024_5037,2024,316422.3,2716427.18,凱米颱風,降雨,0.155437032635
2024_5038,2024,315828.04,2709466.77,凱米颱風,降雨,1.63533326466
2024_5039,2024,315729.77,2709367.48,凱米颱風,降雨,0.653982086314
2024_5040,2024,315848.16,2709243.12,凱米颱風,降雨,0.486165342446
2024_5041,2024,314874.91,2700320.7,凱米颱風,降雨,0.487829970661
2024_5042,2024,316098.63,2698783.63,凱米颱風,降雨,0.333066291451
2024_5043,2024,316328.06,2698765.32,凱米颱風,降雨,0.498392091185
2024_5044,2024,316547.59,2698650.43,凱米颱風,降雨,0.364771744556
2024_5045,2024,314837.83,2693294.41,凱米颱風,降雨,0.479498240078
2024_5046,2024,315148.68,2691291.55,凱米颱風,降雨,0.190044952021
2024_5047,2024,311664.03,2710759.78,凱米颱風,降雨,0.650131822743
2024_5048,2024,312345.24,2708601.65,凱米颱風,降雨,0.382712670013
2024_5049,2024,311941.38,2708356.92,凱米颱風,降雨,0.151934987066
2024_5050,2024,311896.13,2708269.26,凱米颱風,降雨,0.118766035073
2024_5051,2024,312083.2,2707840.13,凱米颱風,降雨,0.553291010769
2024_5052,2024,312471.55,2707687.79,凱米颱風,降雨,1.33174959552
2024_5053,2024,314067.68,2703463.68,凱米颱風,降雨,0.531821828059
2024_5054,2024,313330.05,2696427.45,凱米颱風,降雨,0.126802404246
2024_5055,2024,313902.97,2695495.13,凱米颱風,降雨,0.703211504418
2024_5056,2024,312411.63,2695285.98,凱米颱風,降雨,5.14155028974
2024_5057,2024,311624.64,2694062.8,凱米颱風,降雨,0.735052665125
2024_5058,2024,311787.88,2694039.46,凱米颱風,降雨,0.40771499531
2024_5059,2024,312330.01,2694587.01,凱米颱風,降雨,0.474682681614
2024_5060,2024,313212.47,2691688.94,凱米颱風,降雨,0.901978460227
2024_5061,2024,313612.78,2691668.01,凱米颱風,降雨,0.23005078416
2024_5062,2024,310293.78,2710400.39,凱米颱風,降雨,0.759801155721
2024_5063,2024,310581.31,2710682.74,凱米颱風,降雨,0.173484080754
2024_5064,2024,310419.25,2709779.2,凱米颱風,降雨,1.54605552129
2024_5065,2024,310715.57,2709502.54,凱米颱風,降雨,0.29391005892
2024_5066,2024,310113.44,2700052.85,凱米颱風,降雨,0.889915226195
2024_5067,2024,310475.1,2698494.46,凱米颱風,降雨,0.469962797243
2024_5068,2024,310584.29,2696771.68,凱米颱風,降雨,0.130024542105
2024_5069,2024,310417.86,2692635.44,凱米颱風,降雨,1.1557006741
2024_5070,2024,309483.32,2692600.25,凱米颱風,降雨,0.128047469343
2024_5071,2024,309233.89,2692790.96,凱米颱風,降雨,0.201192698607
2024_5072,2024,309024.95,2692824.77,凱米颱風,降雨,0.575757158188
2024_5073,2024,308439.17,2711596.78,凱米颱風,降雨,0.640109004472
2024_5074,2024,308850.6,2710216.4,凱米颱風,降雨,0.912914722637
2024_5075,2024,308692.04,2708281.31,凱米颱風,降雨,0.235988777882
2024_5076,2024,306501.19,2707985.92,凱米颱風,降雨,0.44006641793
2024_5077,2024,307277.33,2703595.49,凱米颱風,降雨,0.136248814464
2024_5078,2024,306613.59,2692484.55,凱米颱風,降雨,0.376822920547
2024_5079,2024,304642.74,2714970.75,凱米颱風,降雨,0.715569389454
2024_5080,2024,304995.97,2711202.48,凱米颱風,降雨,0.120016366402
2024_5081,2024,303987.06,2702692.14,凱米颱風,降雨,0.280034973466
2024_5082,2024,304229.43,2700454.18,凱米颱風,降雨,0.376897633759
2024_5083,2024,306287.4,2698853.19,凱米颱風,降雨,0.380222041646
2024_5084,2024,306290.58,2694310.61,凱米颱風,降雨,0.870981686996
2024_5085,2024,302412.52,2716302.05,凱米颱風,降雨,0.170018727013
2024_5086,2024,302469.31,2716788.61,凱米颱風,降雨,0.730081976443
2024_5087,2024,301682.33,2713839.82,凱米颱風,降雨,4.55046984012
2024_5088,2024,303846.57,2715572.74,凱米颱風,降雨,0.197610365607
2024_5089,2024,303913.75,2708270.77,凱米颱風,降雨,0.75009361178
2024_5090,2024,302159.83,2704631.56,凱米颱風,降雨,0.210022190415
2024_5091,2024,303160.1,2704611.85,凱米颱風,降雨,0.340039882
2024_5092,2024,303894.03,2704147.32,凱米颱風,降雨,0.330041018567
2024_5093,2024,302531.17,2701719.67,凱米颱風,降雨,0.170018665965
2024_5094,2024,302806.11,2699790.34,凱米颱風,降雨,0.170019022657
2024_5095,2024,299449.98,2715308.16,凱米颱風,降雨,0.490039852093
2024_5096,2024,299507.69,2715073.83,凱米颱風,降雨,0.190015554809
2024_5097,2024,299410.17,2714396.12,凱米颱風,降雨,0.110008823613
2024_5098,2024,299365.72,2714323.71,凱米颱風,降雨,0.230018238911
2024_5099,2024,299513.08,2713895.82,凱米颱風,降雨,0.150012363466
2024_5100,2024,300123.72,2712427.3,凱米颱風,降雨,0.470040793909
2024_5101,2024,298942.65,2712271.85,凱米颱風,降雨,0.160012026956
2024_5102,2024,298697.2,2699834.59,凱米颱風,降雨,1.54270881637
2024_5103,2024,298852.66,2699905.07,凱米颱風,降雨,0.330024265935
2024_5104,2024,298562.65,2699518.87,凱米颱風,降雨,0.130009393145
2024_5105,2024,298142.47,2699467.37,凱米颱風,降雨,0.424944195277
2024_5106,2024,290534.79,2693222.33,凱米颱風,降雨,0.197792993024
2024_5107,2024,288608.88,2692931.55,凱米颱風,降雨,0.606263717494
2024_5108,2024,310091.11,2730826.96,凱米颱風,降雨,0.276284773269
2024_5109,2024,216669.79,2549244.81,凱米颱風,降雨,0.188462858756
2024_5110,2024,217103.38,2549621.04,凱米颱風,降雨,0.169853573793
2024_5111,2024,217448.79,2549036.64,凱米颱風,降雨,0.331454399748
2024_5112,2024,216644.54,2549565.2,凱米颱風,降雨,0.146291688335
2024_5113,2024,219394.82,2551316.24,凱米颱風,降雨,2.44017647186
2024_5114,2024,217925.53,2551214.88,凱米颱風,降雨,0.981839932464
2024_5115,2024,218434.6,2551176.39,凱米颱風,降雨,0.622739594946
2024_5116,2024,220749.13,2556627.38,凱米颱風,降雨,0.159882727342
2024_5117,2024,220780.69,2556512.85,凱米颱風,降雨,0.139897566481
2024_5118,2024,220844.07,2557522.2,凱米颱風,降雨,0.621337483311
2024_5119,2024,221385.16,2556529.71,凱米颱風,降雨,0.235530091675
2024_5120,2024,221243.55,2557696.06,凱米颱風,降雨,0.928388973375
2024_5121,2024,220906.34,2557261.66,凱米颱風,降雨,0.470109019843
2024_5122,2024,220320.21,2556092.5,凱米颱風,降雨,0.219838044247
2024_5123,2024,220349.79,2556012.1,凱米颱風,降雨,0.379720102704
2024_5124,2024,220789.53,2555868.19,凱米颱風,降雨,0.159882864254
2024_5125,2024,220378.0,2555841.81,凱米颱風,降雨,0.16786892327
2024_5126,2024,220619.89,2555816.23,凱米颱風,降雨,1.10918464051
2024_5127,2024,221367.7,2555720.84,凱米颱風,降雨,0.508393118791
2024_5128,2024,220638.49,2555707.48,凱米颱風,降雨,0.103565143286
2024_5129,2024,220546.19,2557933.02,凱米颱風,降雨,0.192063296818
2024_5130,2024,220542.39,2555306.43,凱米颱風,降雨,0.15944206545
2024_5131,2024,225528.82,2556738.37,凱米颱風,降雨,0.489327585032
2024_5132,2024,227328.78,2559560.72,凱米颱風,降雨,0.414670424965
2024_5133,2024,227416.48,2559790.02,凱米颱風,降雨,0.277915731982
2024_5134,2024,283674.04,2689559.19,凱米颱風,降雨,0.635368705297
2024_5135,2024,283744.31,2689688.46,凱米颱風,降雨,0.61667022158
2024_5136,2024,282586.16,2656908.77,凱米颱風,降雨,0.179982796055
2024_5137,2024,281916.88,2654642.17,凱米颱風,降雨,0.157909905214
2024_5138,2024,283270.94,2652887.77,凱米颱風,降雨,0.363828807681
2024_5139,2024,283694.9,2646796.21,凱米颱風,降雨,0.169985528094
2024_5140,2024,283835.21,2646740.61,凱米颱風,降雨,0.171980789097
2024_5141,2024,279494.66,2686998.74,凱米颱風,降雨,0.175989703017
2024_5142,2024,282282.36,2643961.97,凱米颱風,降雨,0.407706928546
2024_5143,2024,279365.86,2690069.19,凱米颱風,降雨,0.232589831013
2024_5144,2024,279001.29,2689480.43,凱米颱風,降雨,0.271703309884
2024_5145,2024,279642.38,2689019.39,凱米颱風,降雨,0.289965092569
2024_5146,2024,279368.14,2690506.53,凱米颱風,降雨,0.128954869873
2024_5147,2024,280566.67,2690087.45,凱米颱風,降雨,0.14014284959
2024_5148,2024,276771.63,2687997.38,凱米颱風,降雨,1.34979911943
2024_5149,2024,277896.3,2688946.21,凱米颱風,降雨,0.171791636549
2024_5150,2024,279222.97,2688661.89,凱米颱風,降雨,0.115725655117
2024_5151,2024,261376.9,2643181.67,凱米颱風,降雨,0.279913149186
2024_5152,2024,261311.23,2643040.59,凱米颱風,降雨,0.161967973676
2024_5153,2024,261068.82,2641977.4,凱米颱風,降雨,0.829739806108
2024_5154,2024,262180.56,2639268.35,凱米颱風,降雨,0.140645922592
2024_5155,2024,260625.49,2642647.52,凱米颱風,降雨,0.199936385783
2024_5156,2024,257999.2,2640625.57,凱米颱風,降雨,0.519821112681
2024_5157,2024,304057.68,2633452.89,凱米颱風,降雨,0.11611893095
2024_5158,2024,275998.36,2637250.27,凱米颱風,降雨,0.154867572603
2024_5159,2024,264104.99,2630234.04,凱米颱風,降雨,0.189945999011
2024_5160,2024,264443.84,2630830.78,凱米颱風,降雨,0.163760634088
2024_5161,2024,258616.37,2632112.18,凱米颱風,降雨,0.199748000499
2024_5162,2024,295611.31,2709064.27,凱米颱風,降雨,0.510021090039
2024_5163,2024,295773.37,2708411.05,凱米颱風,降雨,0.436491975423
2024_5164,2024,296184.17,2706993.81,凱米颱風,降雨,0.11000540078
2024_5165,2024,291423.47,2703777.39,凱米颱風,降雨,0.399999854578
2024_5166,2024,293036.21,2705521.1,凱米颱風,降雨,0.213936328435
2024_5167,2024,293275.44,2705425.15,凱米颱風,降雨,0.131116192218
2024_5168,2024,292039.62,2704330.94,凱米颱風,降雨,1.43353738415
2024_5169,2024,287896.9,2711320.11,凱米颱風,降雨,0.213386645988
2024_5170,2024,286505.87,2707137.8,凱米颱風,降雨,0.189990330617
2024_5171,2024,286226.2,2703219.57,凱米颱風,降雨,0.419977800211
2024_5172,2024,286370.09,2703188.85,凱米颱風,降雨,0.339982420596
2024_5173,2024,286518.91,2703115.9,凱米颱風,降雨,0.449977596567
2024_5174,2024,286703.11,2702875.93,凱米颱風,降雨,0.369982147464
2024_5175,2024,286488.52,2703982.63,凱米颱風,降雨,0.109994703472
2024_5176,2024,288382.83,2698422.61,凱米颱風,降雨,0.159995010569
2024_5177,2024,285237.03,2705748.92,凱米颱風,降雨,0.249984481949
2024_5178,2024,284864.62,2702974.24,凱米颱風,降雨,0.521798246609
2024_5179,2024,285120.05,2702149.58,凱米颱風,降雨,0.185007523813
2024_5180,2024,285989.51,2702481.29,凱米颱風,降雨,0.25593710406
2024_5181,2024,284902.94,2738934.34,凱米颱風,降雨,0.197230560633
2024_5182,2024,281736.55,2729706.06,凱米颱風,降雨,0.139227586904
2024_5183,2024,278053.05,2718224.61,凱米颱風,降雨,0.232244033956
2024_5184,2024,271290.3,2736700.14,凱米颱風,降雨,0.154958369569
2024_5185,2024,272642.23,2723865.58,凱米颱風,降雨,0.15881919085
2024_5186,2024,269079.48,2720880.59,凱米颱風,降雨,0.110392613121
2024_5187,2024,264735.83,2724680.13,凱米颱風,降雨,0.518984869342
2024_5188,2024,244447.24,2645475.96,凱米颱風,降雨,0.100432278605
2024_5189,2024,234297.9,2631290.79,凱米颱風,降雨,1.84257651904
2024_5190,2024,234612.41,2631828.03,凱米颱風,降雨,0.129405959173
2024_5191,2024,234617.9,2631680.59,凱米颱風,降雨,0.396363904992
2024_5192,2024,234597.28,2631442.6,凱米颱風,降雨,0.274758591689
2024_5193,2024,234302.69,2631863.91,凱米颱風,降雨,2.16757645324
2024_5194,2024,233656.87,2630934.67,凱米颱風,降雨,1.7489671575
2024_5195,2024,233419.6,2631060.33,凱米颱風,降雨,2.37408705352
2024_5196,2024,233788.34,2630953.69,凱米颱風,降雨,0.469327123418
2024_5197,2024,230411.27,2627553.57,凱米颱風,降雨,0.670427523873
2024_5198,2024,215522.23,2633569.52,凱米颱風,降雨,0.822664107611
2024_5199,2024,215353.03,2633392.01,凱米颱風,降雨,0.473170712513
2024_5200,2024,220143.19,2626385.33,凱米颱風,降雨,0.570364461364
2024_5201,2024,228097.44,2534396.61,凱米颱風,降雨,0.249834420287
2024_5202,2024,227473.28,2533992.94,凱米颱風,降雨,0.279812852077
2024_5203,2024,228300.6,2533808.35,凱米颱風,降雨,0.249834747031
2024_5204,2024,228381.27,2533814.73,凱米颱風,降雨,0.329782681968
2024_5205,2024,228535.11,2533799.8,凱米颱風,降雨,0.79947413864
2024_5206,2024,228596.44,2533727.65,凱米颱風,降雨,0.369757021563
2024_5207,2024,227461.84,2533620.87,凱米颱風,降雨,0.169886413628
2024_5208,2024,228430.91,2534012.72,凱米颱風,降雨,0.320065945989
2024_5209,2024,227714.13,2534051.9,凱米颱風,降雨,0.791927284156
2024_5210,2024,228796.3,2535420.43,凱米颱風,降雨,0.219856005488
2024_5211,2024,228836.62,2535307.32,凱米颱風,降雨,0.569626948754
2024_5212,2024,228874.85,2535191.36,凱米颱風,降雨,0.529653644453
2024_5213,2024,229274.11,2535869.87,凱米颱風,降雨,0.139909261222
2024_5214,2024,229172.44,2536566.65,凱米颱風,降雨,0.109928466836
2024_5215,2024,229296.35,2536435.0,凱米颱風,降雨,3.22790325496
2024_5216,2024,228810.73,2538297.29,凱米颱風,降雨,0.589614094972
2024_5217,2024,228812.03,2538159.87,凱米颱風,降雨,0.369758639903
2024_5218,2024,229094.48,2534482.86,凱米颱風,降雨,0.346982820643
2024_5219,2024,231134.4,2531416.76,凱米颱風,降雨,0.165732160609
2024_5220,2024,226027.11,2533605.5,凱米颱風,降雨,0.209856454382
2024_5221,2024,228494.34,2543408.95,凱米颱風,降雨,0.219855646745
2024_5222,2024,228914.41,2543254.3,凱米颱風,降雨,0.169889334343
2024_5223,2024,228857.16,2543121.35,凱米颱風,降雨,0.289810464586
2024_5224,2024,227950.27,2542190.89,凱米颱風,降雨,0.929384332195
2024_5225,2024,228061.36,2542157.31,凱米颱風,降雨,0.499669575357
2024_5226,2024,228664.59,2543701.96,凱米颱風,降雨,0.228751330616
2024_5227,2024,228212.82,2543734.81,凱米颱風,降雨,0.23230704387
2024_5228,2024,228625.38,2543585.57,凱米颱風,降雨,0.315024359506
2024_5229,2024,225887.35,2530124.77,凱米颱風,降雨,0.173756784355
2024_5230,2024,226718.31,2528342.69,凱米颱風,降雨,1.38617801017
2024_5231,2024,211433.93,2539655.07,凱米颱風,降雨,0.159867261042
2024_5232,2024,211537.54,2539597.58,凱米颱風,降雨,0.410041373164
2024_5233,2024,211241.79,2539558.65,凱米颱風,降雨,0.107960817282
2024_5234,2024,226846.04,2516350.29,凱米颱風,降雨,0.169884758555
2024_5235,2024,225091.62,2515791.19,凱米颱風,降雨,0.799444120881
2024_5236,2024,224880.36,2515725.37,凱米颱風,降雨,0.439693222458
2024_5237,2024,225622.65,2515414.35,凱米颱風,降雨,0.37973801915
2024_5238,2024,229631.39,2514770.36,凱米颱風,降雨,0.117670659704
2024_5239,2024,225671.24,2508676.91,凱米颱風,降雨,0.19107182411
2024_5240,2024,223218.99,2508472.88,凱米颱風,降雨,0.847909320496
2024_5241,2024,223544.73,2508345.29,凱米颱風,降雨,0.170046978673
2024_5242,2024,223379.36,2508842.56,凱米颱風,降雨,0.251525405212
2024_5243,2024,220915.15,2514490.62,凱米颱風,降雨,2.30571534021
2024_5244,2024,221977.49,2495841.66,凱米颱風,降雨,0.199854075874
2024_5245,2024,221602.24,2495733.45,凱米颱風,降雨,0.259809197638
2024_5246,2024,219771.23,2491707.35,凱米颱風,降雨,2.06844228717
2024_5247,2024,220260.85,2492335.0,凱米颱風,降雨,0.767813457431
2024_5248,2024,219250.15,2493559.29,凱米颱風,降雨,0.217734755349
2024_5249,2024,222323.49,2493472.11,凱米颱風,降雨,0.129905510567
2024_5250,2024,221926.73,2493328.3,凱米颱風,降雨,0.284223873787
2024_5251,2024,223340.84,2491401.08,凱米颱風,降雨,0.710567078282
2024_5252,2024,218064.9,2489801.53,凱米颱風,降雨,0.130332848389
2024_5253,2024,223852.32,2489015.72,凱米颱風,降雨,0.246343888853
2024_5254,2024,225012.47,2481212.93,凱米颱風,降雨,0.110850971634
2024_5255,2024,226118.58,2488111.22,凱米颱風,降雨,0.625242256669
2024_5256,2024,225693.72,2486430.08,凱米颱風,降雨,0.516675591683
2024_5257,2024,225867.54,2486163.95,凱米颱風,降雨,0.154463302268
2024_5258,2024,225942.32,2486082.86,凱米颱風,降雨,0.178919951973
2024_5259,2024,225483.36,2486478.33,凱米颱風,降雨,0.156253612726
2024_5260,2024,225550.98,2475300.99,凱米颱風,降雨,0.999539692419
2024_5261,2024,225638.42,2475370.85,凱米颱風,降雨,0.842480226947
2024_5262,2024,227063.5,2552125.01,凱米颱風,降雨,0.165289838812
2024_5263,2024,227009.55,2550544.28,凱米颱風,降雨,0.179269844797
2024_5264,2024,227423.67,2550457.01,凱米颱風,降雨,0.118797465323
2024_5265,2024,226483.48,2549792.48,凱米颱風,降雨,0.347775775448
2024_5266,2024,226947.93,2553056.11,凱米颱風,降雨,0.532870472524
2024_5267,2024,227508.82,2553455.92,凱米颱風,降雨,0.339774153708
2024_5268,2024,227532.25,2552696.77,凱米颱風,降雨,0.525599591908
2024_5269,2024,227504.63,2553198.02,凱米颱風,降雨,0.24495801557
2024_5270,2024,227327.92,2552938.0,凱米颱風,降雨,0.168570230314
2024_5271,2024,227498.58,2553978.84,凱米颱風,降雨,0.215966945291
2024_5272,2024,228320.24,2552324.24,凱米颱風,降雨,0.150070752803
2024_5273,2024,225564.29,2555851.11,凱米颱風,降雨,0.109924664106
2024_5274,2024,225115.66,2555881.33,凱米颱風,降雨,0.184969141956
2024_5275,2024,226066.49,2555785.92,凱米颱風,降雨,0.156558427799
2024_5276,2024,229339.54,2564667.03,凱米颱風,降雨,0.489684537622
2024_5277,2024,229055.66,2564511.41,凱米颱風,降雨,0.15989629367
2024_5278,2024,228714.65,2564453.94,凱米颱風,降雨,0.229850176874
2024_5279,2024,229218.3,2564649.32,凱米颱風,降雨,0.905263311982
2024_5280,2024,229421.11,2564966.5,凱米颱風,降雨,0.254980691468
2024_5281,2024,229421.32,2557354.8,凱米颱風,降雨,0.299806715143
2024_5282,2024,229816.35,2569463.72,凱米颱風,降雨,0.426118434217
2024_5283,2024,231970.23,2569509.73,凱米颱風,降雨,0.27520449858
2024_5284,2024,233090.36,2569646.75,凱米颱風,降雨,0.126574932668
2024_5285,2024,231176.48,2572645.28,凱米颱風,降雨,0.116799729906
2024_5286,2024,231280.14,2572972.97,凱米颱風,降雨,0.255368754218
2024_5287,2024,231251.95,2572723.57,凱米颱風,降雨,0.867832674051
2024_5288,2024,231304.42,2572878.54,凱米颱風,降雨,0.197555904871
2024_5289,2024,231495.84,2573904.83,凱米颱風,降雨,0.193536829308
2024_5290,2024,230525.93,2573918.38,凱米颱風,降雨,0.194992786635
2024_5291,2024,208086.32,2557964.02,凱米颱風,降雨,0.419638660369
2024_5292,2024,207664.36,2557264.3,凱米颱風,降雨,0.143656675466
2024_5293,2024,208058.61,2556581.11,凱米颱風,降雨,0.291877963411
2024_5294,2024,208406.97,2556608.21,凱米颱風,降雨,2.56122274259
2024_5295,2024,207355.15,2555394.14,凱米颱風,降雨,0.249783072284
2024_5296,2024,209615.71,2555214.19,凱米颱風,降雨,0.380758549934
2024_5297,2024,209508.36,2555390.95,凱米颱風,降雨,0.188181501888
2024_5298,2024,213868.59,2556374.54,凱米颱風,降雨,1.04289311991
2024_5299,2024,213658.28,2556299.79,凱米颱風,降雨,0.643636381735
2024_5300,2024,213948.6,2554827.2,凱米颱風,降雨,0.319743834834
2024_5301,2024,214141.62,2554868.82,凱米颱風,降雨,0.819344129063
2024_5302,2024,213828.14,2554759.88,凱米颱風,降雨,0.499598734722
2024_5303,2024,214234.9,2555022.01,凱米颱風,降雨,0.810872916511
2024_5304,2024,214102.6,2555086.72,凱米颱風,降雨,0.984768839099
2024_5305,2024,213366.43,2555085.71,凱米颱風,降雨,1.81853111673
2024_5306,2024,213165.21,2555170.74,凱米颱風,降雨,1.88232541463
2024_5307,2024,213532.94,2555287.64,凱米颱風,降雨,0.239806575403
2024_5308,2024,213021.59,2555154.04,凱米颱風,降雨,0.27977298944
2024_5309,2024,213754.88,2554897.01,凱米颱風,降雨,0.139887337107
2024_5310,2024,213642.07,2554894.07,凱米颱風,降雨,0.676069942409
2024_5311,2024,231096.46,2560199.59,凱米颱風,降雨,0.187939989683
2024_5312,2024,231977.41,2560359.78,凱米颱風,降雨,0.28303561242
2024_5313,2024,231208.09,2559871.93,凱米颱風,降雨,0.222183098406
2024_5314,2024,233059.81,2565933.16,凱米颱風,降雨,0.622564304893
2024_5315,2024,233930.89,2567651.39,凱米颱風,降雨,0.219868481483
2024_5316,2024,235262.66,2566847.55,凱米颱風,降雨,0.106084322024
2024_5317,2024,236721.19,2566815.93,凱米颱風,降雨,0.139920504626
2024_5318,2024,235386.43,2566195.6,凱米颱風,降雨,0.463475589012
2024_5319,2024,238103.66,2577465.44,凱米颱風,降雨,0.144377338812
2024_5320,2024,240808.99,2581042.23,凱米颱風,降雨,0.16826052694
2024_5321,2024,241172.93,2578345.44,凱米颱風,降雨,0.309838134872
2024_5322,2024,242351.71,2576085.51,凱米颱風,降雨,0.159918147024
2024_5323,2024,242246.36,2576078.29,凱米颱風,降雨,0.332016356015
2024_5324,2024,242932.53,2576006.88,凱米颱風,降雨,0.115492699192
2024_5325,2024,242467.63,2576652.87,凱米颱風,降雨,0.449770509823
2024_5326,2024,235328.34,2587504.71,凱米颱風,降雨,0.469727542275
2024_5327,2024,247630.29,2600645.11,凱米颱風,降雨,0.119945433391
2024_5328,2024,248810.16,2599849.63,凱米颱風,降雨,0.173685797037
2024_5329,2024,207549.77,2573446.69,凱米颱風,降雨,0.199827527894
2024_5330,2024,207564.2,2572636.69,凱米颱風,降雨,0.167882190707
2024_5331,2024,207597.51,2572561.22,凱米颱風,降雨,0.64834337027
2024_5332,2024,207712.27,2572226.81,凱米颱風,降雨,0.241788712593
2024_5333,2024,212124.73,2572726.58,凱米颱風,降雨,0.199836604597
2024_5334,2024,211870.57,2573697.09,凱米颱風,降雨,1.85925348091
2024_5335,2024,212312.16,2572853.33,凱米颱風,降雨,0.45122671903
2024_5336,2024,212825.65,2573942.56,凱米颱風,降雨,0.26218656182
2024_5337,2024,213319.76,2572042.38,凱米颱風,降雨,0.122571793984
2024_5338,2024,211587.4,2574343.2,凱米颱風,降雨,0.307820597367
2024_5339,2024,211728.06,2575819.91,凱米颱風,降雨,0.137724597327
2024_5340,2024,214830.45,2575910.5,凱米颱風,降雨,0.149881602012
2024_5341,2024,214682.43,2575815.29,凱米颱風,降雨,0.159873311772
2024_5342,2024,215343.2,2575436.07,凱米颱風,降雨,0.385760688965
2024_5343,2024,214676.57,2575571.03,凱米颱風,降雨,1.17163041313
2024_5344,2024,214892.05,2575721.0,凱米颱風,降雨,0.116507888532
2024_5345,2024,214018.85,2575605.29,凱米颱風,降雨,0.891389742353
2024_5346,2024,213966.75,2575691.12,凱米颱風,降雨,0.113964001074
2024_5347,2024,216949.39,2575363.96,凱米颱風,降雨,0.114551538946
2024_5348,2024,217264.78,2574836.18,凱米颱風,降雨,0.148262802341
2024_5349,2024,220854.91,2575694.49,凱米颱風,降雨,0.249817662902
2024_5350,2024,220859.47,2575586.39,凱米颱風,降雨,0.226532919164
2024_5351,2024,221030.74,2576315.18,凱米颱風,降雨,0.509629321076
2024_5352,2024,220882.01,2576394.73,凱米颱風,降雨,0.37029320036
2024_5353,2024,222021.76,2577430.41,凱米颱風,降雨,1.7748982411
2024_5354,2024,221978.21,2577594.31,凱米颱風,降雨,0.254817376078
2024_5355,2024,221942.98,2577261.93,凱米颱風,降雨,0.249821010396
2024_5356,2024,221538.79,2577603.53,凱米颱風,降雨,0.109920699564
2024_5357,2024,218408.46,2573658.97,凱米颱風,降雨,7.50595965657
2024_5358,2024,218936.26,2573034.04,凱米颱風,降雨,1.48908645816
2024_5359,2024,220251.26,2573093.36,凱米颱風,降雨,1.60272717117
2024_5360,2024,222282.06,2578253.33,凱米颱風,降雨,0.509636156101
2024_5361,2024,222226.31,2578445.61,凱米颱風,降雨,1.96356862373
2024_5362,2024,222370.7,2578339.4,凱米颱風,降雨,0.62715762003
2024_5363,2024,222361.01,2578440.71,凱米颱風,降雨,0.309891130975
2024_5364,2024,223946.39,2579398.62,凱米颱風,降雨,1.13920610194
2024_5365,2024,223510.44,2576995.28,凱米颱風,降雨,1.33906047972
2024_5366,2024,225474.47,2577977.6,凱米颱風,降雨,0.309788694812
2024_5367,2024,225644.66,2577879.86,凱米颱風,降雨,0.159891251112
2024_5368,2024,226136.31,2577935.87,凱米颱風,降雨,1.30296967289
2024_5369,2024,168239.81,2577064.97,凱米颱風,降雨,0.16978604932
2024_5370,2024,225037.2,2578423.19,凱米颱風,降雨,1.35571917537
2024_5371,2024,229708.03,2591582.37,凱米颱風,降雨,0.130956987192
2024_5372,2024,226968.5,2592194.83,凱米颱風,降雨,0.159893867911
2024_5373,2024,226648.92,2591740.79,凱米颱風,降雨,0.219853230893
2024_5374,2024,225954.98,2594432.73,凱米颱風,降雨,0.189871715146
2024_5375,2024,212729.81,2595455.78,凱米颱風,降雨,0.559547973182
2024_5376,2024,211283.78,2594388.45,凱米颱風,降雨,0.226183999486
2024_5377,2024,210517.38,2593260.82,凱米颱風,降雨,1.19900452744
2024_5378,2024,210899.81,2593504.82,凱米颱風,降雨,0.793087947854
2024_5379,2024,211442.32,2593433.24,凱米颱風,降雨,0.250704824039
2024_5380,2024,211472.25,2593345.66,凱米颱風,降雨,0.265938064657
2024_5381,2024,212200.63,2593531.94,凱米颱風,降雨,1.00623657392
2024_5382,2024,213028.7,2592101.35,凱米颱風,降雨,0.249798994461
2024_5383,2024,212742.59,2591960.48,凱米颱風,降雨,0.129894937364
2024_5384,2024,212786.38,2591853.47,凱米颱風,降雨,0.129895077574
2024_5385,2024,213108.64,2591951.93,凱米颱風,降雨,5.20581110319
2024_5386,2024,212500.17,2591863.25,凱米颱風,降雨,0.189846159026
2024_5387,2024,212266.99,2591761.43,凱米颱風,降雨,0.149877940327
2024_5388,2024,212519.52,2590881.08,凱米颱風,降雨,1.38729559417
2024_5389,2024,212806.48,2590023.19,凱米颱風,降雨,0.362818826931
2024_5390,2024,222657.66,2600642.96,凱米颱風,降雨,1.22913217579
2024_5391,2024,222592.57,2600827.26,凱米颱風,降雨,2.59816263654
2024_5392,2024,223222.34,2600475.08,凱米颱風,降雨,0.279804145289
2024_5393,2024,223312.26,2600414.3,凱米颱風,降雨,0.609573494368
2024_5394,2024,223493.0,2600227.34,凱米颱風,降雨,0.439693237058
2024_5395,2024,223459.26,2600059.16,凱米颱風,降雨,0.209853494521
2024_5396,2024,223002.95,2600017.17,凱米颱風,降雨,0.239831417464
2024_5397,2024,223780.71,2600062.64,凱米颱風,降雨,0.939346744354
2024_5398,2024,223631.71,2599981.9,凱米颱風,降雨,1.78875371001
2024_5399,2024,222285.05,2602323.29,凱米颱風,降雨,1.2855860412
2024_5400,2024,221206.19,2601367.16,凱米颱風,降雨,2.96153369997
2024_5401,2024,214703.08,2549426.22,凱米颱風,降雨,0.930020339246
2024_5402,2024,214635.92,2549560.5,凱米颱風,降雨,0.30437184145
2024_5403,2024,214736.77,2548101.74,凱米颱風,降雨,0.23980964057
2024_5404,2024,214887.6,2547732.58,凱米颱風,降雨,0.139889004242
2024_5405,2024,214714.31,2548625.59,凱米颱風,降雨,0.507681512462
2024_5406,2024,214049.42,2548399.23,凱米颱風,降雨,0.254115445106
2024_5407,2024,212986.98,2548939.85,凱米颱風,降雨,0.169862082045
2024_5408,2024,212773.22,2548100.68,凱米颱風,降雨,0.169861313975
2024_5409,2024,212758.72,2548919.76,凱米颱風,降雨,0.365344218021
2024_5410,2024,213823.04,2547659.84,凱米颱風,降雨,0.113336863566
2024_5411,2024,213288.29,2547032.99,凱米颱風,降雨,0.469619647518
2024_5412,2024,215699.88,2573063.71,凱米颱風,降雨,0.414369524701
2024_5413,2024,215704.63,2572870.7,凱米颱風,降雨,1.4042239847
2024_5414,2024,215209.58,2570233.87,凱米颱風,降雨,0.42966191146
2024_5415,2024,215215.96,2570014.81,凱米颱風,降雨,0.769394500543
2024_5416,2024,215272.11,2569832.59,凱米颱風,降雨,0.729426836775
2024_5417,2024,216359.84,2571649.5,凱米颱風,降雨,2.07801984282
2024_5418,2024,216635.56,2569197.55,凱米颱風,降雨,0.459645336783
2024_5419,2024,216553.52,2569126.22,凱米颱風,降雨,0.149884161495
2024_5420,2024,217171.09,2569180.69,凱米颱風,降雨,0.199846697644
2024_5421,2024,216254.39,2568510.43,凱米颱風,降雨,0.239813966831
2024_5422,2024,219449.98,2566610.65,凱米颱風,降雨,0.339747085531
2024_5423,2024,219804.57,2565976.72,凱米颱風,降雨,0.394128305535
2024_5424,2024,219868.85,2565923.19,凱米颱風,降雨,0.229830034611
2024_5425,2024,203528.74,2562466.5,凱米颱風,降雨,0.149864086314
2024_5426,2024,218424.54,2566039.09,凱米颱風,降雨,0.209841554705
2024_5427,2024,218385.79,2565923.23,凱米颱風,降雨,0.689479713501
2024_5428,2024,218514.44,2565041.69,凱米颱風,降雨,0.18985724121
2024_5429,2024,218236.08,2565616.4,凱米颱風,降雨,0.158747366211
2024_5430,2024,218345.95,2565309.55,凱米颱風,降雨,0.24517075911
2024_5431,2024,220181.26,2566041.08,凱米颱風,降雨,0.132351128127
2024_5432,2024,218709.29,2565756.88,凱米颱風,降雨,0.149887239139
2024_5433,2024,220995.11,2561369.88,凱米颱風,降雨,0.30977382963
2024_5434,2024,221189.07,2561359.51,凱米颱風,降雨,0.219840250331
2024_5435,2024,221781.87,2561908.7,凱米颱風,降雨,0.199855941148
2024_5436,2024,222461.1,2561773.07,凱米颱風,降雨,0.503842623274
2024_5437,2024,221788.19,2562220.2,凱米颱風,降雨,0.179870225743
2024_5438,2024,221686.56,2562151.74,凱米颱風,降雨,0.327842841933
2024_5439,2024,221927.52,2561338.51,凱米颱風,降雨,0.367643504496
2024_5440,2024,221675.47,2562755.53,凱米颱風,降雨,0.192653525312
2024_5441,2024,222089.25,2562286.15,凱米颱風,降雨,0.344385661439
2024_5442,2024,222605.59,2573363.2,凱米颱風,降雨,0.509637202184
2024_5443,2024,222510.67,2573618.03,凱米颱風,降雨,0.396049312825
2024_5444,2024,219049.18,2569641.05,凱米颱風,降雨,0.823969561976
2024_5445,2024,223160.52,2564211.34,凱米颱風,降雨,0.599575313819
2024_5446,2024,224014.4,2564257.48,凱米颱風,降雨,0.219846584727
2024_5447,2024,226234.94,2563930.88,凱米颱風,降雨,0.519648818731
2024_5448,2024,225508.43,2563771.78,凱米颱風,降雨,0.109924836873
2024_5449,2024,225441.31,2563649.83,凱米颱風,降雨,0.53963082612
2024_5450,2024,225759.59,2562970.71,凱米颱風,降雨,0.129911498421
2024_5451,2024,225106.98,2562318.97,凱米颱風,降雨,0.379738977652
2024_5452,2024,225048.23,2561873.48,凱米颱風,降雨,0.179875616464
2024_5453,2024,224191.69,2561807.67,凱米颱風,降雨,0.229839794101
2024_5454,2024,224174.36,2561729.56,凱米颱風,降雨,0.42970043108
2024_5455,2024,222816.31,2562671.7,凱米颱風,降雨,0.999289964443
2024_5456,2024,223378.38,2562496.94,凱米颱風,降雨,0.561291415724
2024_5457,2024,223117.87,2562567.0,凱米颱風,降雨,0.714149209522
2024_5458,2024,223655.22,2562879.65,凱米颱風,降雨,0.14410827225
2024_5459,2024,223353.73,2563321.55,凱米颱風,降雨,0.149529256261
2024_5460,2024,225841.57,2566296.49,凱米颱風,降雨,0.189870919407
2024_5461,2024,226417.89,2566166.59,凱米颱風,降雨,0.319784324054
2024_5462,2024,221558.8,2560646.83,凱米颱風,降雨,1.70062217805
2024_5463,2024,221195.92,2560544.14,凱米颱風,降雨,1.25398583924
2024_5464,2024,220166.88,2558725.24,凱米颱風,降雨,0.811618516395
2024_5465,2024,220182.33,2558557.31,凱米颱風,降雨,0.764091667609
2024_5466,2024,219187.57,2558595.45,凱米颱風,降雨,0.169872753533
2024_5467,2024,219498.98,2558563.01,凱米颱風,降雨,0.759434281054
2024_5468,2024,219603.07,2558825.65,凱米颱風,降雨,1.16453968717
2024_5469,2024,219437.3,2558367.38,凱米颱風,降雨,0.629530186987
2024_5470,2024,218892.32,2559044.53,凱米颱風,降雨,0.301693567481
2024_5471,2024,219442.79,2557369.78,凱米颱風,降雨,0.553239339735
2024_5472,2024,220328.97,2558302.36,凱米颱風,降雨,0.519617025803
2024_5473,2024,220123.5,2558200.79,凱米颱風,降雨,0.329798397432
2024_5474,2024,221348.56,2558437.98,凱米颱風,降雨,0.349745931808
2024_5475,2024,221801.58,2558997.29,凱米颱風,降雨,0.839394283497
2024_5476,2024,222191.69,2559414.17,凱米颱風,降雨,0.974128753722
2024_5477,2024,224365.24,2560783.68,凱米颱風,降雨,0.219847181422
2024_5478,2024,224965.62,2560976.03,凱米颱風,降雨,1.60721013153
2024_5479,2024,225168.37,2560970.64,凱米颱風,降雨,0.239835304693
2024_5480,2024,218926.98,2547598.15,凱米颱風,降雨,0.469647017753
2024_5481,2024,219322.57,2545828.8,凱米颱風,降雨,0.389708031245
2024_5482,2024,218614.17,2545170.71,凱米颱風,降雨,0.149886361321
2024_5483,2024,229920.52,2582886.15,凱米颱風,降雨,0.629599605375
2024_5484,2024,230060.11,2582424.85,凱米颱風,降雨,2.84819257534
2024_5485,2024,220577.82,2581917.01,凱米颱風,降雨,0.530121840818
2024_5486,2024,220466.34,2581820.96,凱米颱風,降雨,2.4947311168
2024_5487,2024,220457.96,2581943.01,凱米颱風,降雨,0.427734957895
2024_5488,2024,220204.69,2581984.03,凱米颱風,降雨,0.628521461044
2024_5489,2024,219416.18,2580056.5,凱米颱風,降雨,0.444933012553
2024_5490,2024,218386.39,2588481.55,凱米颱風,降雨,0.509358451343
2024_5491,2024,219750.26,2593371.87,凱米颱風,降雨,1.08884717316
2024_5492,2024,218947.33,2593198.07,凱米颱風,降雨,0.53959807349
2024_5493,2024,219011.33,2592997.52,凱米颱風,降雨,0.169873371955
2024_5494,2024,217844.38,2594517.57,凱米颱風,降雨,1.56881336257
2024_5495,2024,217794.44,2594336.89,凱米颱風,降雨,0.979258842989
2024_5496,2024,219133.7,2529208.09,凱米颱風,降雨,0.119909605439
2024_5497,2024,219117.54,2529132.81,凱米颱風,降雨,0.229826964415
2024_5498,2024,219290.45,2529075.19,凱米颱風,降雨,0.20984217705
2024_5499,2024,219506.05,2529803.35,凱米颱風,降雨,0.840939807499
2024_5500,2024,220674.18,2530181.71,凱米颱風,降雨,0.478479084211
2024_5501,2024,221607.62,2529951.67,凱米颱風,降雨,0.91846368373
2024_5502,2024,221690.34,2530181.44,凱米颱風,降雨,0.385025167157
2024_5503,2024,222674.72,2529853.23,凱米颱風,降雨,0.808627910078
2024_5504,2024,219992.5,2524474.33,凱米颱風,降雨,1.37897209904
2024_5505,2024,215876.12,2563704.27,凱米颱風,降雨,39.2464498255
2024_5506,2024,213270.97,2627619.07,凱米颱風,降雨,0.85975
2024_5507,2024,214346.95,2626636.12,凱米颱風,降雨,0.143025
2024_5508,2024,214246.65,2626605.47,凱米颱風,降雨,0.120725
2024_5509,2024,214173.4,2626287.24,凱米颱風,降雨,0.219675
2024_5510,2024,214127.14,2626216.35,凱米颱風,降雨,0.108275
2024_5511,2024,214194.65,2626163.87,凱米颱風,降雨,0.10225
2024_5512,2024,214390.16,2626138.78,凱米颱風,降雨,0.1504
2024_5513,2024,214229.71,2626093.99,凱米颱風,降雨,0.216625
2024_5514,2024,214049.63,2626044.8,凱米颱風,降雨,0.1093
2024_5515,2024,213991.87,2625953.39,凱米颱風,降雨,0.12895
2024_5516,2024,214081.95,2625924.84,凱米颱風,降雨,0.179575
2024_5517,2024,214470.33,2625885.68,凱米颱風,降雨,0.1683
2024_5518,2024,214529.48,2625749.42,凱米颱風,降雨,0.1111
2024_5519,2024,244628.63,2629967.04,凱米颱風,降雨,0.190724842933
2024_5520,2024,244930.78,2630488.06,凱米颱風,降雨,0.843570084389
2024_5521,2024,249486.29,2632128.34,凱米颱風,降雨,0.124640740919
2024_5522,2024,236751.84,2619568.03,凱米颱風,降雨,0.906423183763
2024_5523,2024,236902.54,2616960.66,凱米颱風,降雨,2.88399805654
2024_5524,2024,237253.35,2616874.47,凱米颱風,降雨,0.211539604593
2024_5525,2024,236944.77,2619724.57,凱米颱風,降雨,0.14728230217
2024_5526,2024,240578.59,2631687.54,凱米颱風,降雨,0.172567772113
2024_5527,2024,242045.95,2631410.27,凱米颱風,降雨,0.491271803206
2024_5528,2024,242561.83,2629299.95,凱米颱風,降雨,0.480906342394
2024_5529,2024,288229.57,2693965.29,凱米颱風,降雨,0.182044256429
2024_5530,2024,313174.93,2670042.2,凱米颱風,降雨,0.367483560313
2024_5531,2024,316285.43,2673354.72,凱米颱風,降雨,0.311927552299
2024_5532,2024,316179.18,2673317.03,凱米颱風,降雨,0.123577659508
2024_5533,2024,308730.3,2674699.38,凱米颱風,降雨,0.452308943932
2024_5534,2024,214749.21,2538628.73,凱米颱風,降雨,2.53111313651
2024_5535,2024,215664.29,2536595.81,凱米颱風,降雨,0.526644698848
2024_5536,2024,215952.31,2537108.74,凱米颱風,降雨,0.973095919839
2024_5537,2024,216086.2,2537283.62,凱米颱風,降雨,1.08527952392
2024_5538,2024,221455.73,2532476.36,凱米颱風,降雨,3.93760711356
2024_5539,2024,221836.7,2532659.02,凱米颱風,降雨,0.484509280698
2024_5540,2024,217433.85,2537636.05,凱米颱風,降雨,2.95934813669
2024_5541,2024,317383.67,2677905.23,凱米颱風,降雨,1.25099554426
2024_5542,2024,316700.83,2683275.24,凱米颱風,降雨,0.113977816426
2024_5543,2024,317454.51,2683650.08,凱米颱風,降雨,0.289229756518
2024_5544,2024,317350.76,2684193.76,凱米颱風,降雨,0.175038962263
2024_5545,2024,316074.79,2686373.53,凱米颱風,降雨,0.192744648478
2024_5546,2024,316132.02,2686426.54,凱米颱風,降雨,0.131609713955
2024_5547,2024,316150.22,2686458.73,凱米颱風,降雨,0.107577340875
2024_5548,2024,319913.71,2691118.15,凱米颱風,降雨,0.661748632855
2024_5549,2024,319946.26,2691177.18,凱米颱風,降雨,0.55462753253
2024_5550,2024,319777.45,2691213.3,凱米颱風,降雨,0.153158243007
2024_5551,2024,319771.08,2691354.15,凱米颱風,降雨,0.154157321409
2024_5552,2024,298882.57,2663239.07,凱米颱風,降雨,0.109755675709
2024_5553,2024,315291.48,2673593.68,凱米颱風,降雨,0.182489158594
2024_5554,2024,317293.7,2676566.87,凱米颱風,降雨,0.153446482782
2024_5555,2024,242170.97,2528326.54,山陀兒颱風,降雨,3.43091219088
2024_5556,2024,236955.97,2577185.0,山陀兒颱風,降雨,0.841900646875
2024_5557,2024,223624.23,2604982.93,山陀兒颱風,降雨,0.533412891341
2024_5558,2024,224699.05,2595792.33,山陀兒颱風,降雨,0.245611219111
2024_5559,2024,222611.52,2594621.28,山陀兒颱風,降雨,0.101426600762
2024_5560,2024,229262.53,2581634.55,山陀兒颱風,降雨,0.299806982942
2024_5561,2024,265757.3,2633770.51,山陀兒颱風,降雨,0.225876198035
2024_5562,2024,311818.96,2791845.13,山陀兒颱風,降雨,0.107632553678
2024_5563,2024,303863.4,2792443.22,山陀兒颱風,降雨,0.132590664205
2024_5564,2024,303989.48,2792038.51,山陀兒颱風,降雨,0.641278157581
2024_5565,2024,242720.7,2531754.56,山陀兒颱風,降雨,1.71576631162
2024_5566,2024,328309.68,2778951.51,山陀兒颱風,降雨,0.785654818031
2024_5567,2024,239747.74,2534891.21,山陀兒颱風,降雨,0.726491292911
2024_5568,2024,240075.91,2534787.67,山陀兒颱風,降雨,0.318232527567
2024_5569,2024,240254.43,2534895.9,山陀兒颱風,降雨,0.383378243204
2024_5570,2024,240286.71,2535753.45,山陀兒颱風,降雨,0.416704940822
2024_5571,2024,240311.57,2534979.99,山陀兒颱風,降雨,0.217729789417
2024_5572,2024,242521.7,2533149.92,山陀兒颱風,降雨,0.354076181424
2024_5573,2024,249985.0,2526595.14,山陀兒颱風,降雨,0.709547442535
2024_5574,2024,249480.28,2526696.87,山陀兒颱風,降雨,0.337739430276
2024_5575,2024,249296.51,2527486.43,山陀兒颱風,降雨,1.08658289425
2024_5576,2024,249504.06,2527711.85,山陀兒颱風,降雨,0.333053740786
2024_5577,2024,243307.99,2526818.39,山陀兒颱風,降雨,0.810518811993
2024_5578,2024,245361.37,2528764.78,山陀兒颱風,降雨,0.527291243396
2024_5579,2024,237352.54,2520721.26,山陀兒颱風,降雨,0.376432770943
2024_5580,2024,269818.14,2540071.48,山陀兒颱風,降雨,1.54555452169
2024_5581,2024,272402.93,2544226.11,山陀兒颱風,降雨,0.596890221615
2024_5582,2024,268901.16,2540589.85,山陀兒颱風,降雨,0.386162517151
2024_5583,2024,269068.66,2540888.05,山陀兒颱風,降雨,0.498237335419
2024_5584,2024,253925.9,2527994.69,山陀兒颱風,降雨,0.92137666971
2024_5585,2024,255388.94,2530597.1,山陀兒颱風,降雨,1.7423556594
2024_5586,2024,254428.19,2531116.92,山陀兒颱風,降雨,0.490620681534
2024_5587,2024,255633.51,2531227.27,山陀兒颱風,降雨,0.759491434915
2024_5588,2024,254959.43,2531561.87,山陀兒颱風,降雨,0.60007819871
2024_5589,2024,255341.67,2531706.03,山陀兒颱風,降雨,0.290771954393
2024_5590,2024,254257.73,2530168.67,山陀兒颱風,降雨,0.332584340405
2024_5591,2024,261473.28,2523209.77,山陀兒颱風,降雨,0.387677358033
2024_5592,2024,233946.83,2537460.29,山陀兒颱風,降雨,2.31190755103
2024_5593,2024,236261.34,2535975.17,山陀兒颱風,降雨,0.116692479028
2024_5594,2024,238186.62,2537216.73,山陀兒颱風,降雨,0.243308510733
2024_5595,2024,242107.02,2535105.75,山陀兒颱風,降雨,0.54852903356
2024_5596,2024,245792.55,2526726.54,山陀兒颱風,降雨,2.20135536911
2024_5597,2024,246353.42,2527160.98,山陀兒颱風,降雨,0.61606676877
2024_5598,2024,247057.96,2526126.01,山陀兒颱風,降雨,0.222590654527
2024_5599,2024,224157.97,2509320.42,山陀兒颱風,降雨,0.566344713984
2024_5600,2024,229698.12,2517153.7,山陀兒颱風,降雨,0.573713548588
2024_5601,2024,255223.14,2536290.74,山陀兒颱風,降雨,0.494922555908
2024_5602,2024,257725.33,2536353.39,山陀兒颱風,降雨,1.25650140409
2024_5603,2024,257928.45,2536773.46,山陀兒颱風,降雨,0.314497744145
2024_5604,2024,257970.74,2536636.89,山陀兒颱風,降雨,0.325757175541
2024_5605,2024,255366.92,2536250.22,山陀兒颱風,降雨,0.639351905429
2024_5606,2024,254966.39,2536326.17,山陀兒颱風,降雨,0.677994711435
2024_5607,2024,245809.74,2529765.77,山陀兒颱風,降雨,0.149249320881
2024_5608,2024,246197.11,2529891.67,山陀兒颱風,降雨,1.0778494105
2024_5609,2024,247230.04,2530118.53,山陀兒颱風,降雨,0.178298224725
2024_5610,2024,247317.72,2528898.53,山陀兒颱風,降雨,0.299797204181
2024_5611,2024,247655.28,2528822.05,山陀兒颱風,降雨,1.38601322727
2024_5612,2024,247948.54,2529152.23,山陀兒颱風,降雨,3.63770111895
2024_5613,2024,247427.66,2528005.06,山陀兒颱風,降雨,1.124117236
2024_5614,2024,248359.22,2528577.89,山陀兒颱風,降雨,0.68531471486
2024_5615,2024,298719.94,2655526.87,山陀兒颱風,降雨,0.492901058446
2024_5616,2024,292819.74,2660221.47,山陀兒颱風,降雨,3.11670119106
2024_5617,2024,303908.54,2704006.7,山陀兒颱風,降雨,0.233413441696
2024_5618,2024,285717.75,2705066.22,山陀兒颱風,降雨,0.252796258722
2024_5619,2024,306343.71,2708214.79,山陀兒颱風,降雨,0.511804735652
2024_5620,2024,295325.03,2716698.42,山陀兒颱風,降雨,0.999790945741
2024_5621,2024,305826.61,2709524.35,山陀兒颱風,降雨,1.11831658328
2024_5622,2024,306010.78,2709606.14,山陀兒颱風,降雨,1.75448043012
2024_5623,2024,228708.33,2581569.43,山陀兒颱風,降雨,2.89200690619
2024_5624,2024,229131.06,2581648.81,山陀兒颱風,降雨,0.576383921926
2024_5625,2024,295834.83,2652162.7,山陀兒颱風,降雨,0.724991869116
2024_5626,2024,296600.5,2654955.74,山陀兒颱風,降雨,0.419396879511
2024_5627,2024,273072.55,2579712.28,山陀兒颱風,降雨,1.60537601378
2024_5628,2024,229262.53,2581634.61,山陀兒颱風,降雨,0.299806978793
2024_5629,2024,250998.01,2582646.49,山陀兒颱風,降雨,0.124946935682
2024_5630,2024,255033.85,2596033.37,山陀兒颱風,降雨,0.124952620527
2024_5631,2024,229911.35,2583920.42,山陀兒颱風,降雨,0.739530239512
2024_5632,2024,225439.42,2583826.9,山陀兒颱風,降雨,0.194866791473
2024_5633,2024,217923.79,2484256.49,山陀兒颱風,降雨,0.224149261697
2024_5634,2024,242977.66,2484872.26,山陀兒颱風,降雨,0.172412115756
2024_5635,2024,245715.49,2498424.02,山陀兒颱風,降雨,0.871576956025
2024_5636,2024,245561.66,2498649.54,山陀兒颱風,降雨,0.696830866954
2024_5637,2024,216303.37,2475028.67,山陀兒颱風,降雨,2.67062988424
2024_5638,2024,247956.65,2502221.71,山陀兒颱風,降雨,0.687844132328
2024_5639,2024,247885.14,2503038.33,山陀兒颱風,降雨,0.630405503075
2024_5640,2024,248204.26,2503112.9,山陀兒颱風,降雨,1.16435698171
2024_5641,2024,248577.78,2502968.15,山陀兒颱風,降雨,0.585304212014
2024_5642,2024,248489.4,2503121.67,山陀兒颱風,降雨,0.228070656949
2024_5643,2024,249921.69,2505272.87,山陀兒颱風,降雨,0.242982662388
2024_5644,2024,249688.82,2506038.28,山陀兒颱風,降雨,0.548079498134
2024_5645,2024,249913.06,2505643.66,山陀兒颱風,降雨,0.600876689792
2024_5646,2024,249781.47,2505548.17,山陀兒颱風,降雨,0.25265669314
2024_5647,2024,249917.46,2505528.84,山陀兒颱風,降雨,0.227440385473
2024_5648,2024,248780.1,2505447.55,山陀兒颱風,降雨,0.437808751465
2024_5649,2024,248753.58,2505087.67,山陀兒颱風,降雨,0.382579417849
2024_5650,2024,248961.77,2505095.16,山陀兒颱風,降雨,1.63392561956
2024_5651,2024,249427.53,2506814.74,山陀兒颱風,降雨,0.235334077064
2024_5652,2024,249485.77,2506673.21,山陀兒颱風,降雨,0.226817549222
2024_5653,2024,249450.21,2506524.94,山陀兒颱風,降雨,2.10158764739
2024_5654,2024,249559.21,2506244.95,山陀兒颱風,降雨,0.296334753399
2024_5655,2024,249777.1,2506267.24,山陀兒颱風,降雨,0.546674307236
2024_5656,2024,248598.38,2506664.28,山陀兒颱風,降雨,1.23199355025
2024_5657,2024,248601.54,2506152.26,山陀兒颱風,降雨,2.41459055756
2024_5658,2024,246990.33,2493211.76,山陀兒颱風,降雨,0.162527572221
2024_5659,2024,246990.07,2493146.79,山陀兒颱風,降雨,0.101543765982
2024_5660,2024,247363.51,2498838.97,山陀兒颱風,降雨,0.176108268276
2024_5661,2024,250848.58,2506221.04,山陀兒颱風,降雨,0.570959730729
2024_5662,2024,251057.46,2506027.66,山陀兒颱風,降雨,0.18180360465
2024_5663,2024,251364.02,2505852.94,山陀兒颱風,降雨,0.257742064859
2024_5664,2024,250716.63,2507315.33,山陀兒颱風,降雨,0.302638572872
2024_5665,2024,250529.43,2507298.08,山陀兒颱風,降雨,0.189814440204
2024_5666,2024,250052.92,2507452.82,山陀兒颱風,降雨,0.368502029565
2024_5667,2024,250013.88,2507515.61,山陀兒颱風,降雨,0.379588069761
2024_5668,2024,245343.32,2508942.08,山陀兒颱風,降雨,0.447383073687
2024_5669,2024,245379.6,2507745.82,山陀兒颱風,降雨,0.845807478894
2024_5670,2024,245507.31,2507959.2,山陀兒颱風,降雨,0.401410782992
2024_5671,2024,246798.27,2508856.53,山陀兒颱風,降雨,0.187963307253
2024_5672,2024,247383.02,2508854.61,山陀兒颱風,降雨,0.489485308789
2024_5673,2024,247276.13,2508979.93,山陀兒颱風,降雨,0.163355403273
2024_5674,2024,247188.3,2509007.27,山陀兒颱風,降雨,0.180377144281
2024_5675,2024,247117.93,2509125.29,山陀兒颱風,降雨,0.429745181673
2024_5676,2024,251724.87,2514054.05,山陀兒颱風,降雨,0.614527866789
2024_5677,2024,251503.97,2514120.79,山陀兒颱風,降雨,4.02367976236
2024_5678,2024,247919.72,2503959.28,山陀兒颱風,降雨,0.905291791901
2024_5679,2024,247923.57,2504169.74,山陀兒颱風,降雨,0.634529140314
2024_5680,2024,248029.01,2504134.27,山陀兒颱風,降雨,0.245406743091
2024_5681,2024,248341.67,2504290.07,山陀兒颱風,降雨,0.287961719006
2024_5682,2024,248289.71,2504129.27,山陀兒颱風,降雨,0.115229238607
2024_5683,2024,248350.91,2504173.4,山陀兒颱風,降雨,0.104804636469
2024_5684,2024,248519.07,2504111.53,山陀兒颱風,降雨,0.415470788513
2024_5685,2024,248651.77,2504088.5,山陀兒颱風,降雨,0.442889125929
2024_5686,2024,248894.67,2504096.06,山陀兒颱風,降雨,0.198735922011
2024_5687,2024,244741.37,2506632.42,山陀兒颱風,降雨,1.54542243067
2024_5688,2024,246341.76,2502579.03,山陀兒颱風,降雨,2.51258200785
2024_5689,2024,245643.67,2506744.62,山陀兒颱風,降雨,2.94744848869
2024_5690,2024,238956.6,2494578.22,山陀兒颱風,降雨,0.293622547877
2024_5691,2024,243189.9,2498408.57,山陀兒颱風,降雨,0.428348211692
2024_5692,2024,243520.6,2499507.14,山陀兒颱風,降雨,0.23969781507
2024_5693,2024,243718.4,2499498.05,山陀兒颱風,降雨,1.07175067629
2024_5694,2024,243937.73,2498807.52,山陀兒颱風,降雨,1.44886656542
2024_5695,2024,243960.47,2498635.89,山陀兒颱風,降雨,0.239456428899
2024_5696,2024,243767.95,2498852.87,山陀兒颱風,降雨,0.260563095483
2024_5697,2024,240321.96,2491536.11,山陀兒颱風,降雨,0.370172716832
2024_5698,2024,240010.19,2491677.58,山陀兒颱風,降雨,0.3055242859
2024_5699,2024,240271.36,2491830.1,山陀兒颱風,降雨,3.98939508041
2024_5700,2024,238625.98,2484698.3,山陀兒颱風,降雨,0.575342312018
2024_5701,2024,238771.44,2484800.09,山陀兒颱風,降雨,0.32043346394
2024_5702,2024,286536.32,2681987.22,山陀兒颱風,降雨,0.124993588589
2024_5703,2024,286669.08,2681698.87,山陀兒颱風,降雨,0.102009946611
2024_5704,2024,303960.9,2674083.11,山陀兒颱風,降雨,0.105769765498
2024_5705,2024,246937.03,2498764.58,山陀兒颱風,降雨,0.284864325633
2024_5706,2024,215605.73,2495905.71,山陀兒颱風,降雨,0.234813574752
2024_5707,2024,236274.56,2498035.16,山陀兒颱風,降雨,0.204880321857
2024_5708,2024,233071.81,2490190.55,山陀兒颱風,降雨,0.154904162557
2024_5709,2024,216832.83,2497396.55,山陀兒颱風,降雨,0.134894531824
2024_5710,2024,309020.41,2796416.91,山陀兒颱風,降雨,0.246218876666
2024_5711,2024,309071.56,2793775.48,山陀兒颱風,降雨,0.276083047523
2024_5712,2024,309111.82,2796144.67,山陀兒颱風,降雨,0.174183864824
2024_5713,2024,302839.94,2791394.14,山陀兒颱風,降雨,0.585994516963
2024_5714,2024,304133.5,2790408.44,山陀兒颱風,降雨,0.416066648199
2024_5715,2024,304167.7,2790740.99,山陀兒颱風,降雨,0.139655302917
2024_5716,2024,302664.43,2791173.14,山陀兒颱風,降雨,0.20763132865
2024_5717,2024,303435.87,2790713.0,山陀兒颱風,降雨,0.274117278881
2024_5718,2024,304457.17,2798196.3,山陀兒颱風,降雨,0.330232024448
2024_5719,2024,332036.61,2779772.44,山陀兒颱風,降雨,0.74684953982
2024_5720,2024,250558.55,2520845.83,山陀兒颱風,降雨,1.55022107661
2024_5721,2024,250500.65,2520961.33,山陀兒颱風,降雨,0.452125355314
2024_5722,2024,250473.29,2521291.07,山陀兒颱風,降雨,1.05899703887
2024_5723,2024,251669.6,2521413.49,山陀兒颱風,降雨,0.441782944034
2024_5724,2024,251908.77,2521546.58,山陀兒颱風,降雨,0.399612682661
2024_5725,2024,250656.18,2521602.01,山陀兒颱風,降雨,1.18851548911
2024_5726,2024,252178.09,2519743.64,山陀兒颱風,降雨,0.154211676829
2024_5727,2024,252094.62,2519848.14,山陀兒颱風,降雨,1.1929534166
2024_5728,2024,252368.34,2519915.08,山陀兒颱風,降雨,0.864526205203
2024_5729,2024,252276.44,2520637.9,山陀兒颱風,降雨,1.06002062068
2024_5730,2024,252502.47,2520657.09,山陀兒颱風,降雨,0.647749995051
2024_5731,2024,250355.29,2519442.63,山陀兒颱風,降雨,0.258839811681
2024_5732,2024,250392.31,2519636.92,山陀兒颱風,降雨,0.279466934296
2024_5733,2024,250646.3,2519642.62,山陀兒颱風,降雨,0.176476523648
2024_5734,2024,251316.85,2520435.54,山陀兒颱風,降雨,4.53332750904
2024_5735,2024,250621.28,2519769.53,山陀兒颱風,降雨,0.241875132869
2024_5736,2024,250662.42,2519892.66,山陀兒颱風,降雨,0.551555735195
2024_5737,2024,250518.61,2520186.84,山陀兒颱風,降雨,0.300442166712
2024_5738,2024,250404.08,2520541.28,山陀兒颱風,降雨,0.452451806669
2024_5739,2024,252005.7,2518071.72,山陀兒颱風,降雨,0.243014893166
2024_5740,2024,252780.61,2518743.58,山陀兒颱風,降雨,0.114635783521
2024_5741,2024,252086.59,2518851.77,山陀兒颱風,降雨,0.222851785252
2024_5742,2024,252018.44,2518908.54,山陀兒颱風,降雨,0.307400985075
2024_5743,2024,248179.72,2515540.3,山陀兒颱風,降雨,0.317285814614
2024_5744,2024,248585.06,2515851.65,山陀兒颱風,降雨,0.148072810782
2024_5745,2024,248758.0,2515201.26,山陀兒颱風,降雨,0.264809170722
2024_5746,2024,248774.9,2515275.3,山陀兒颱風,降雨,0.110398990735
2024_5747,2024,246886.63,2514986.03,山陀兒颱風,降雨,0.574186090694
2024_5748,2024,246941.33,2515142.0,山陀兒颱風,降雨,0.232000158038
2024_5749,2024,246990.11,2515252.59,山陀兒颱風,降雨,0.169756856169
2024_5750,2024,247085.95,2515458.11,山陀兒颱風,降雨,1.23396234407
2024_5751,2024,247541.21,2515427.81,山陀兒颱風,降雨,0.217442843799
2024_5752,2024,246809.92,2514781.2,山陀兒颱風,降雨,0.388677706585
2024_5753,2024,248757.07,2522661.23,山陀兒颱風,降雨,0.354880253447
2024_5754,2024,248771.46,2523038.0,山陀兒颱風,降雨,0.109140805736
2024_5755,2024,248858.58,2523154.48,山陀兒颱風,降雨,0.679742866095
2024_5756,2024,248633.27,2523151.15,山陀兒颱風,降雨,0.162495092
2024_5757,2024,248471.36,2523092.07,山陀兒颱風,降雨,0.460713264073
2024_5758,2024,249036.22,2521306.62,山陀兒颱風,降雨,0.860898622566
2024_5759,2024,248713.98,2521437.33,山陀兒颱風,降雨,1.13570040604
2024_5760,2024,249032.83,2521902.05,山陀兒颱風,降雨,2.39943916183
2024_5761,2024,248560.08,2521890.69,山陀兒颱風,降雨,0.225945225221
2024_5762,2024,249154.37,2522043.72,山陀兒颱風,降雨,0.927464098214
2024_5763,2024,248848.62,2522059.57,山陀兒颱風,降雨,0.212127498319
2024_5764,2024,248788.08,2522241.84,山陀兒颱風,降雨,0.200964862045
2024_5765,2024,249265.5,2522314.81,山陀兒颱風,降雨,0.631535893618
2024_5766,2024,251329.78,2523057.42,山陀兒颱風,降雨,0.200460017459
2024_5767,2024,251423.14,2522673.52,山陀兒颱風,降雨,0.553465436798
2024_5768,2024,251449.54,2523021.28,山陀兒颱風,降雨,0.310341562379
2024_5769,2024,251596.36,2522485.75,山陀兒颱風,降雨,0.116461958834
2024_5770,2024,251282.79,2522313.56,山陀兒颱風,降雨,0.562477709523
2024_5771,2024,251580.77,2522382.3,山陀兒颱風,降雨,0.109708326477
2024_5772,2024,251961.21,2522495.55,山陀兒颱風,降雨,0.54153653746
2024_5773,2024,252056.48,2522208.84,山陀兒颱風,降雨,0.328408440291
2024_5774,2024,252075.07,2522705.98,山陀兒颱風,降雨,0.113729511047
2024_5775,2024,246780.58,2514598.66,山陀兒颱風,降雨,0.384943185553
2024_5776,2024,246923.75,2513393.07,山陀兒颱風,降雨,0.305011443778
2024_5777,2024,246932.05,2513526.77,山陀兒颱風,降雨,0.167696831261
2024_5778,2024,247269.77,2514420.53,山陀兒颱風,降雨,0.159028316336
2024_5779,2024,251325.19,2513709.1,山陀兒颱風,降雨,0.429246625943
2024_5780,2024,251393.5,2513613.17,山陀兒颱風,降雨,0.446582933936
2024_5781,2024,251490.66,2513398.36,山陀兒颱風,降雨,0.211703746234
2024_5782,2024,251778.54,2513618.58,山陀兒颱風,降雨,3.44621396318
2024_5783,2024,251601.11,2513392.79,山陀兒颱風,降雨,0.302217979586
2024_5784,2024,251867.95,2513695.69,山陀兒颱風,降雨,0.423874401943
2024_5785,2024,245403.83,2513584.04,山陀兒颱風,降雨,0.213359114679
2024_5786,2024,245456.43,2512766.23,山陀兒颱風,降雨,0.541501589883
2024_5787,2024,245709.77,2514038.43,山陀兒颱風,降雨,0.42376477744
2024_5788,2024,246508.45,2513223.67,山陀兒颱風,降雨,4.0183325557
2024_5789,2024,246318.73,2514168.67,山陀兒颱風,降雨,0.782729626045
2024_5790,2024,246693.16,2514391.44,山陀兒颱風,降雨,0.177926520459
2024_5791,2024,243668.27,2512846.51,山陀兒颱風,降雨,0.759435607361
2024_5792,2024,243659.86,2512654.3,山陀兒颱風,降雨,1.45000460063
2024_5793,2024,244180.12,2512670.61,山陀兒颱風,降雨,0.452630474338
2024_5794,2024,251812.21,2513887.59,山陀兒颱風,降雨,0.309263472664
2024_5795,2024,253014.98,2514603.37,山陀兒颱風,降雨,0.151055494048
2024_5796,2024,253147.0,2514200.28,山陀兒颱風,降雨,0.193930723414
2024_5797,2024,249538.46,2512812.65,山陀兒颱風,降雨,1.80802552152
2024_5798,2024,249623.23,2512390.47,山陀兒颱風,降雨,1.96148909517
2024_5799,2024,250762.81,2512560.14,山陀兒颱風,降雨,0.367593071955
2024_5800,2024,251129.07,2513732.46,山陀兒颱風,降雨,0.470002558003
2024_5801,2024,250383.54,2512897.19,山陀兒颱風,降雨,0.122646122355
2024_5802,2024,250639.88,2512744.3,山陀兒颱風,降雨,0.158399129071
2024_5803,2024,225043.72,2486171.5,山陀兒颱風,降雨,0.370933275532
2024_5804,2024,234717.31,2484659.83,山陀兒颱風,降雨,0.963926994593
2024_5805,2024,234732.76,2484560.83,山陀兒颱風,降雨,0.508940225841
2024_5806,2024,234849.48,2484587.15,山陀兒颱風,降雨,0.120389574694
2024_5807,2024,233951.0,2484155.94,山陀兒颱風,降雨,0.140682980799
2024_5808,2024,242202.51,2509669.77,山陀兒颱風,降雨,0.155985626543
2024_5809,2024,242033.48,2509925.9,山陀兒颱風,降雨,0.105899574481
2024_5810,2024,241411.9,2511040.6,山陀兒颱風,降雨,0.426197041263
2024_5811,2024,241978.13,2508922.27,山陀兒颱風,降雨,0.458817826404
2024_5812,2024,243658.4,2506954.9,山陀兒颱風,降雨,0.171934429889
2024_5813,2024,243828.5,2506595.66,山陀兒颱風,降雨,0.376159215371
2024_5814,2024,244085.97,2506728.32,山陀兒颱風,降雨,0.260236492923
2024_5815,2024,244143.4,2507348.33,山陀兒颱風,降雨,0.3658492898
2024_5816,2024,244173.31,2506176.99,山陀兒颱風,降雨,0.751574687573
2024_5817,2024,237774.16,2505491.43,山陀兒颱風,降雨,1.98666813849
2024_5818,2024,241822.63,2508809.98,山陀兒颱風,降雨,0.862730837511
2024_5819,2024,241714.37,2510005.23,山陀兒颱風,降雨,0.119732676444
2024_5820,2024,241807.04,2510110.45,山陀兒颱風,降雨,0.26018152739
2024_5821,2024,241294.53,2510207.48,山陀兒颱風,降雨,0.933976673491
2024_5822,2024,241832.8,2510465.94,山陀兒颱風,降雨,0.464405419394
2024_5823,2024,240340.12,2506080.5,山陀兒颱風,降雨,0.197112738865
2024_5824,2024,242468.8,2504559.84,山陀兒颱風,降雨,0.221439325113
2024_5825,2024,242325.09,2504652.95,山陀兒颱風,降雨,0.148893617957
2024_5826,2024,242438.8,2504701.15,山陀兒颱風,降雨,0.103221666176
2024_5827,2024,242520.71,2504702.79,山陀兒颱風,降雨,0.158247100677
2024_5828,2024,242493.33,2504754.56,山陀兒颱風,降雨,0.20103120939
2024_5829,2024,242079.93,2505044.73,山陀兒颱風,降雨,0.600925392361
2024_5830,2024,248582.59,2516982.89,山陀兒颱風,降雨,0.144852317044
2024_5831,2024,248538.8,2517133.55,山陀兒颱風,降雨,0.153841899767
2024_5832,2024,248625.34,2517302.66,山陀兒颱風,降雨,0.115001670146
2024_5833,2024,248532.95,2517332.19,山陀兒颱風,降雨,0.134132300943
2024_5834,2024,248729.59,2517679.81,山陀兒颱風,降雨,0.238485874077
2024_5835,2024,249657.26,2516920.27,山陀兒颱風,降雨,0.14583413077
2024_5836,2024,249534.83,2516943.04,山陀兒颱風,降雨,0.207999386328
2024_5837,2024,249716.96,2516957.02,山陀兒颱風,降雨,0.378969854388
2024_5838,2024,248995.4,2516965.2,山陀兒颱風,降雨,0.199835743005
2024_5839,2024,249775.28,2517043.43,山陀兒颱風,降雨,0.320602987087
2024_5840,2024,249999.17,2515601.65,山陀兒颱風,降雨,0.507074729639
2024_5841,2024,273305.21,2544829.65,山陀兒颱風,降雨,0.293445759102
2024_5842,2024,274841.83,2543762.37,山陀兒颱風,降雨,0.120482845363
2024_5843,2024,251315.86,2517586.94,山陀兒颱風,降雨,0.230145415909
2024_5844,2024,251940.14,2518086.3,山陀兒颱風,降雨,0.731456537793
2024_5845,2024,250244.69,2518095.0,山陀兒颱風,降雨,0.123543883382
2024_5846,2024,250323.59,2519323.66,山陀兒颱風,降雨,0.441481340175
2024_5847,2024,247823.13,2510024.34,山陀兒颱風,降雨,0.289046483968
2024_5848,2024,247932.24,2509513.79,山陀兒颱風,降雨,0.102355910626
2024_5849,2024,247937.22,2509743.25,山陀兒颱風,降雨,0.137800065502
2024_5850,2024,247956.63,2509425.15,山陀兒颱風,降雨,0.108006287177
2024_5851,2024,251228.97,2510899.4,山陀兒颱風,降雨,0.188215744038
2024_5852,2024,249012.36,2508370.24,山陀兒颱風,降雨,1.05341153366
2024_5853,2024,248789.83,2508515.1,山陀兒颱風,降雨,0.490049724038
2024_5854,2024,248658.88,2508762.94,山陀兒颱風,降雨,0.155580818579
2024_5855,2024,248691.54,2509446.35,山陀兒颱風,降雨,0.386591229026
2024_5856,2024,246118.4,2506547.3,山陀兒颱風,降雨,0.376523912162
2024_5857,2024,245624.92,2506980.03,山陀兒颱風,降雨,0.592009617212
2024_5858,2024,245625.45,2507584.31,山陀兒颱風,降雨,0.137536619799
2024_5859,2024,247286.55,2508324.84,山陀兒颱風,降雨,1.33746055661
2024_5860,2024,246547.01,2506803.26,山陀兒颱風,降雨,3.2222211064
2024_5861,2024,246439.99,2506869.71,山陀兒颱風,降雨,0.163596461681
2024_5862,2024,246432.65,2506927.16,山陀兒颱風,降雨,0.102390827107
2024_5863,2024,246178.33,2507762.24,山陀兒颱風,降雨,0.264324968978
2024_5864,2024,246224.37,2507827.19,山陀兒颱風,降雨,0.200602007036
2024_5865,2024,243991.4,2505171.44,山陀兒颱風,降雨,0.129766907235
2024_5866,2024,244045.68,2505655.02,山陀兒颱風,降雨,0.208048521464
2024_5867,2024,244168.22,2505613.69,山陀兒颱風,降雨,0.109344323294
2024_5868,2024,247075.17,2505385.41,山陀兒颱風,降雨,0.403086430287
2024_5869,2024,247356.89,2505119.97,山陀兒颱風,降雨,0.141041124311
2024_5870,2024,247371.82,2505274.23,山陀兒颱風,降雨,0.213997665075
2024_5871,2024,247663.6,2504593.72,山陀兒颱風,降雨,0.112834567753
2024_5872,2024,247824.51,2505028.74,山陀兒颱風,降雨,0.18836016796
2024_5873,2024,250416.12,2504809.77,山陀兒颱風,降雨,0.173751012056
2024_5874,2024,247843.39,2503845.62,山陀兒颱風,降雨,0.133159360575
2024_5875,2024,247807.5,2504315.18,山陀兒颱風,降雨,0.676760337276
2024_5876,2024,247895.51,2504344.85,山陀兒颱風,降雨,0.285496243943
2024_5877,2024,247824.46,2504372.7,山陀兒颱風,降雨,0.157784916498
2024_5878,2024,247640.81,2504427.07,山陀兒颱風,降雨,1.83314255741
2024_5879,2024,247406.37,2504527.82,山陀兒颱風,降雨,3.44818161308
2024_5880,2024,247173.35,2501438.18,山陀兒颱風,降雨,0.308086265421
2024_5881,2024,247330.43,2501708.99,山陀兒颱風,降雨,0.455049156582
2024_5882,2024,247579.97,2503691.54,山陀兒颱風,降雨,1.99816088043
2024_5883,2024,247775.73,2503792.16,山陀兒颱風,降雨,0.13403714547
2024_5884,2024,247601.95,2495053.38,山陀兒颱風,降雨,0.409725305356
2024_5885,2024,247581.71,2496007.27,山陀兒颱風,降雨,0.148198296102
2024_5886,2024,247978.35,2496191.85,山陀兒颱風,降雨,1.11993974321
2024_5887,2024,247384.38,2495861.08,山陀兒颱風,降雨,0.11635200511
2024_5888,2024,247464.61,2496457.35,山陀兒颱風,降雨,0.239887100913
2024_5889,2024,242595.23,2499905.18,山陀兒颱風,降雨,0.243628820658
2024_5890,2024,242749.8,2500191.62,山陀兒颱風,降雨,0.118856884398
2024_5891,2024,243042.79,2500235.2,山陀兒颱風,降雨,0.177755807235
2024_5892,2024,243173.52,2500470.1,山陀兒颱風,降雨,0.147885450329
2024_5893,2024,244398.58,2501109.41,山陀兒颱風,降雨,0.10650526878
2024_5894,2024,244723.31,2501172.74,山陀兒颱風,降雨,0.265973893197
2024_5895,2024,244271.23,2501233.34,山陀兒颱風,降雨,0.248463025953
2024_5896,2024,244382.5,2501261.22,山陀兒颱風,降雨,0.113533923416
2024_5897,2024,242117.24,2502928.14,山陀兒颱風,降雨,0.586033101851
2024_5898,2024,242256.55,2503173.21,山陀兒颱風,降雨,1.79649872585
2024_5899,2024,245322.51,2502740.82,山陀兒颱風,降雨,6.87450463799
2024_5900,2024,245102.88,2503487.53,山陀兒颱風,降雨,0.41825581105
2024_5901,2024,245971.46,2502593.52,山陀兒颱風,降雨,0.243686491127
2024_5902,2024,239224.11,2502653.86,山陀兒颱風,降雨,0.841229995982
2024_5903,2024,241568.68,2502250.47,山陀兒颱風,降雨,0.22821735356
2024_5904,2024,241925.94,2504787.46,山陀兒颱風,降雨,1.31018647553
2024_5905,2024,241743.49,2502383.37,山陀兒颱風,降雨,0.156979688467
2024_5906,2024,241899.48,2502625.54,山陀兒颱風,降雨,0.168645565664
2024_5907,2024,240912.97,2503575.46,山陀兒颱風,降雨,0.419597606314
2024_5908,2024,246712.9,2501294.47,山陀兒颱風,降雨,0.104480292285
2024_5909,2024,246616.46,2501698.68,山陀兒颱風,降雨,0.507690096787
2024_5910,2024,246558.63,2502119.78,山陀兒颱風,降雨,0.61206732186
2024_5911,2024,246675.81,2502455.91,山陀兒颱風,降雨,3.32032510533
2024_5912,2024,246183.39,2502627.62,山陀兒颱風,降雨,0.134193530536
2024_5913,2024,244725.24,2500434.42,山陀兒颱風,降雨,0.382145513811
2024_5914,2024,244727.5,2500834.59,山陀兒颱風,降雨,0.508805977485
2024_5915,2024,244524.49,2500839.08,山陀兒颱風,降雨,0.448550222048
2024_5916,2024,245016.14,2499747.56,山陀兒颱風,降雨,0.16058726544
2024_5917,2024,242534.92,2499511.02,山陀兒颱風,降雨,0.281123970484
2024_5918,2024,238939.95,2499551.05,山陀兒颱風,降雨,0.414129948428
2024_5919,2024,243007.25,2499605.86,山陀兒颱風,降雨,0.123418438614
2024_5920,2024,239051.76,2499591.47,山陀兒颱風,降雨,0.326233605575
2024_5921,2024,235563.5,2491223.25,山陀兒颱風,降雨,1.41753551659
2024_5922,2024,246220.78,2496412.65,山陀兒颱風,降雨,0.237755380449
2024_5923,2024,245943.82,2498919.63,山陀兒颱風,降雨,0.181634959599
2024_5924,2024,246675.71,2500905.89,山陀兒颱風,降雨,0.27445020293
2024_5925,2024,246021.4,2499072.14,山陀兒颱風,降雨,0.482469899353
2024_5926,2024,239104.29,2495192.98,山陀兒颱風,降雨,0.170079548088
2024_5927,2024,240044.94,2495211.87,山陀兒颱風,降雨,0.341610246107
2024_5928,2024,227277.26,2495475.42,山陀兒颱風,降雨,2.32100124346
2024_5929,2024,239834.76,2495860.72,山陀兒颱風,降雨,0.133509987475
2024_5930,2024,239904.91,2496131.05,山陀兒颱風,降雨,0.317906665128
2024_5931,2024,234609.07,2498275.66,山陀兒颱風,降雨,0.332824652795
2024_5932,2024,236022.01,2500875.23,山陀兒颱風,降雨,0.18646671925
2024_5933,2024,241413.92,2498608.78,山陀兒颱風,降雨,0.836406172519
2024_5934,2024,242692.61,2498856.01,山陀兒颱風,降雨,0.364619350529
2024_5935,2024,247670.06,2503224.81,山陀兒颱風,降雨,0.454065375434
2024_5936,2024,255051.92,2524664.82,山陀兒颱風,降雨,0.363936388162
2024_5937,2024,254711.72,2524848.34,山陀兒颱風,降雨,0.874669599894
2024_5938,2024,254716.46,2525008.99,山陀兒颱風,降雨,0.923487054442
2024_5939,2024,253608.38,2526573.78,山陀兒颱風,降雨,0.387716332161
2024_5940,2024,253345.23,2524498.46,山陀兒颱風,降雨,0.771242044116
2024_5941,2024,253228.19,2524390.6,山陀兒颱風,降雨,0.129667295825
2024_5942,2024,254446.38,2524288.32,山陀兒颱風,降雨,0.469957640111
2024_5943,2024,246746.58,2504355.22,山陀兒颱風,降雨,2.48493294633
2024_5944,2024,250333.12,2507471.12,山陀兒颱風,降雨,0.238214371767
2024_5945,2024,248441.12,2507930.8,山陀兒颱風,降雨,0.801979326054
2024_5946,2024,248205.18,2508300.38,山陀兒颱風,降雨,0.184714326074
2024_5947,2024,254053.25,2523628.03,山陀兒颱風,降雨,0.6244321824
2024_5948,2024,253685.44,2523678.72,山陀兒颱風,降雨,0.914572030551
2024_5949,2024,255227.93,2523686.33,山陀兒颱風,降雨,1.33026344179
2024_5950,2024,254356.73,2523813.32,山陀兒颱風,降雨,0.913440635745
2024_5951,2024,254848.29,2523838.38,山陀兒颱風,降雨,2.21195907124
2024_5952,2024,253270.39,2523747.85,山陀兒颱風,降雨,3.32789574385
2024_5953,2024,239903.64,2494194.45,山陀兒颱風,降雨,0.363508806416
2024_5954,2024,239787.91,2494274.0,山陀兒颱風,降雨,0.234385653072
2024_5955,2024,239932.7,2494651.95,山陀兒颱風,降雨,0.526497177387
2024_5956,2024,239517.69,2494716.66,山陀兒颱風,降雨,0.101614820927
2024_5957,2024,238553.61,2495057.58,山陀兒颱風,降雨,0.456378135763
2024_5958,2024,238792.8,2497762.36,山陀兒颱風,降雨,0.205419398665
2024_5959,2024,231798.58,2479288.36,山陀兒颱風,降雨,0.82679765837
2024_5960,2024,244420.48,2503567.31,山陀兒颱風,降雨,0.203359279204
2024_5961,2024,244506.66,2503512.96,山陀兒颱風,降雨,0.226789024915
2024_5962,2024,244656.41,2503409.34,山陀兒颱風,降雨,0.110709470132
2024_5963,2024,244691.8,2503443.37,山陀兒颱風,降雨,0.155854825263
2024_5964,2024,244749.58,2503403.21,山陀兒颱風,降雨,0.104326526015
2024_5965,2024,244767.33,2503309.94,山陀兒颱風,降雨,0.11031617594
2024_5966,2024,244812.33,2503150.78,山陀兒颱風,降雨,0.111057419118
2024_5967,2024,245181.42,2503408.06,山陀兒颱風,降雨,0.118701914658
2024_5968,2024,275883.48,2544828.75,山陀兒颱風,降雨,0.110461196052
2024_5969,2024,231752.0,2498527.21,山陀兒颱風,降雨,0.302625098474
2024_5970,2024,231815.55,2498512.37,山陀兒颱風,降雨,0.40886319194
2024_5971,2024,232697.32,2493870.5,山陀兒颱風,降雨,0.102532273704
2024_5972,2024,233722.26,2493088.02,山陀兒颱風,降雨,0.241854973892
2024_5973,2024,233933.65,2493731.37,山陀兒颱風,降雨,0.13764904975
2024_5974,2024,238121.19,2493635.86,山陀兒颱風,降雨,0.50041272742
2024_5975,2024,249900.82,2523164.63,山陀兒颱風,降雨,1.60504895332
2024_5976,2024,249689.72,2523135.28,山陀兒颱風,降雨,0.265770235622
2024_5977,2024,249279.17,2523355.52,山陀兒颱風,降雨,0.389477119664
2024_5978,2024,249270.8,2523481.14,山陀兒颱風,降雨,0.364535004534
2024_5979,2024,249926.14,2523681.15,山陀兒颱風,降雨,0.206413880008
2024_5980,2024,249388.08,2523374.69,山陀兒颱風,降雨,0.771837932179
2024_5981,2024,249340.48,2523518.51,山陀兒颱風,降雨,0.339086177902
2024_5982,2024,248293.05,2522448.98,山陀兒颱風,降雨,1.11112518954
2024_5983,2024,248700.56,2522511.58,山陀兒颱風,降雨,0.187869639011
2024_5984,2024,247585.75,2522854.26,山陀兒颱風,降雨,0.241626867152
2024_5985,2024,248374.83,2522715.77,山陀兒颱風,降雨,0.138772947562
2024_5986,2024,250069.06,2522263.39,山陀兒颱風,降雨,1.49415559182
2024_5987,2024,250620.66,2522549.11,山陀兒颱風,降雨,0.447293214103
2024_5988,2024,250134.31,2522639.13,山陀兒颱風,降雨,0.618059928231
2024_5989,2024,250742.87,2523065.99,山陀兒颱風,降雨,3.25325845781
2024_5990,2024,250901.85,2523363.7,山陀兒颱風,降雨,0.764179110027
2024_5991,2024,251059.13,2523336.93,山陀兒颱風,降雨,0.606908092204
2024_5992,2024,250610.99,2522282.43,山陀兒颱風,降雨,0.468301008894
2024_5993,2024,249896.0,2522127.9,山陀兒颱風,降雨,0.178409785852
2024_5994,2024,249746.71,2522408.24,山陀兒颱風,降雨,0.20843875567
2024_5995,2024,249290.37,2522569.95,山陀兒颱風,降雨,1.62333240346
2024_5996,2024,249865.61,2522635.03,山陀兒颱風,降雨,1.21585685438
2024_5997,2024,250338.27,2520171.44,山陀兒颱風,降雨,0.263641421248
2024_5998,2024,250772.33,2521029.26,山陀兒颱風,降雨,1.46392101864
2024_5999,2024,250738.56,2521755.0,山陀兒颱風,降雨,0.227998770931
2024_6000,2024,250682.59,2521923.96,山陀兒颱風,降雨,1.24309907143
2024_6001,2024,250624.37,2521882.96,山陀兒颱風,降雨,0.174645767374
2024_6002,2024,244406.73,2519556.21,山陀兒颱風,降雨,0.574349407241
2024_6003,2024,245163.35,2519882.16,山陀兒颱風,降雨,0.312279114355
2024_6004,2024,249633.71,2511752.45,山陀兒颱風,降雨,1.61251799229
2024_6005,2024,249571.95,2512148.8,山陀兒颱風,降雨,0.452525285916
2024_6006,2024,249213.43,2512252.8,山陀兒颱風,降雨,0.554400568188
2024_6007,2024,249435.08,2512240.89,山陀兒颱風,降雨,0.26735744553
2024_6008,2024,248965.84,2512452.92,山陀兒颱風,降雨,0.555709711893
2024_6009,2024,249647.11,2513065.25,山陀兒颱風,降雨,0.222038689067
2024_6010,2024,232665.72,2488615.36,山陀兒颱風,降雨,0.3641363025
2024_6011,2024,232455.02,2488632.13,山陀兒颱風,降雨,0.814278383121
2024_6012,2024,246468.36,2503276.27,山陀兒颱風,降雨,0.468101557454
2024_6013,2024,246463.02,2503513.34,山陀兒颱風,降雨,0.640584913508
2024_6014,2024,246478.41,2503899.53,山陀兒颱風,降雨,1.49718236922
2024_6015,2024,220496.62,2487540.1,山陀兒颱風,降雨,0.243259326792
2024_6016,2024,221097.44,2486002.76,山陀兒颱風,降雨,0.220339854568
2024_6017,2024,225213.75,2486322.57,山陀兒颱風,降雨,0.271897560126
2024_6018,2024,226071.8,2487455.47,山陀兒颱風,降雨,0.185323201569
2024_6019,2024,231060.45,2486873.61,山陀兒颱風,降雨,0.267558719116
2024_6020,2024,221237.26,2450299.28,山陀兒颱風,降雨,0.661283661591
2024_6021,2024,222400.14,2491900.77,山陀兒颱風,降雨,0.292352404027
2024_6022,2024,221692.67,2450444.46,山陀兒颱風,降雨,0.249312883823
2024_6023,2024,231865.67,2483681.86,山陀兒颱風,降雨,0.17527352615
2024_6024,2024,232835.15,2484288.62,山陀兒颱風,降雨,0.448348058824
2024_6025,2024,233890.11,2483451.72,山陀兒颱風,降雨,0.2159987599
2024_6026,2024,234149.44,2483895.72,山陀兒颱風,降雨,1.15053637383
2024_6027,2024,234769.86,2482656.86,山陀兒颱風,降雨,0.680922087958
2024_6028,2024,288377.46,2673570.29,山陀兒颱風,降雨,3.4498265337
2024_6029,2024,306531.89,2681429.34,山陀兒颱風,降雨,0.910666894814
2024_6030,2024,306587.54,2681571.59,山陀兒颱風,降雨,0.545019872358
2024_6031,2024,314048.61,2682650.23,山陀兒颱風,降雨,0.38801109359
2024_6032,2024,305433.65,2797145.55,山陀兒颱風,降雨,0.201659579057
2024_6033,2024,305446.01,2797324.01,山陀兒颱風,降雨,0.28587803984
2024_6034,2024,249910.95,2521659.86,山陀兒颱風,降雨,4.39305599615
2024_6035,2024,249379.43,2521847.71,山陀兒颱風,降雨,0.418325260502
2024_6036,2024,249545.9,2521944.31,山陀兒颱風,降雨,0.512759926318
2024_6037,2024,220807.56,2450255.17,山陀兒颱風,降雨,1.53934523231
2024_6038,2024,237925.81,2479370.04,山陀兒颱風,降雨,0.293910722826
2024_6039,2024,216179.79,2474762.39,山陀兒颱風,降雨,0.199841511166
2024_6040,2024,236274.55,2498035.05,山陀兒颱風,降雨,0.204880271878
2024_6041,2024,308800.54,2786259.35,山陀兒颱風,降雨,2.37363266155
2024_6042,2024,312447.45,2787537.75,1023豪雨,降雨,0.210433953319
2024_6043,2024,312535.96,2787521.53,1023豪雨,降雨,0.197473530318
2024_6044,2024,311578.43,2788233.87,1023豪雨,降雨,0.214412871824
2024_6045,2024,311737.51,2788339.66,1023豪雨,降雨,0.143922685817
2024_6046,2024,311650.07,2789082.92,1023豪雨,降雨,0.825109409068
2024_6047,2024,311553.4,2788833.6,1023豪雨,降雨,0.217953610027
2024_6048,2024,324965.32,2693331.04,1023豪雨,降雨,2.61782487291
2024_6049,2024,286995.56,2719265.05,康芮颱風,降雨,0.141775899609
2024_6050,2024,284534.61,2719834.11,康芮颱風,降雨,0.15424621011
2024_6051,2024,287898.94,2720238.17,康芮颱風,降雨,4.6223787691
2024_6052,2024,287613.88,2720023.97,康芮颱風,降雨,0.861864365518
2024_6053,2024,282991.54,2713876.99,康芮颱風,降雨,0.420333270396
2024_6054,2024,289006.98,2714495.36,康芮颱風,降雨,0.79821181727
2024_6055,2024,284512.31,2718623.06,康芮颱風,降雨,1.79634243454
2024_6056,2024,290353.69,2718866.04,康芮颱風,降雨,1.40913164202
2024_6057,2024,290491.75,2718987.77,康芮颱風,降雨,0.519512285094
2024_6058,2024,288206.44,2697983.84,康芮颱風,降雨,0.32907820253
2024_6059,2024,287744.77,2698033.58,康芮颱風,降雨,0.104043277444
2024_6060,2024,288405.38,2698477.33,康芮颱風,降雨,0.179955601597
2024_6061,2024,288409.83,2698529.67,康芮颱風,降雨,0.107363308798
2024_6062,2024,283345.75,2692163.68,康芮颱風,降雨,0.574763059068
2024_6063,2024,283233.5,2674598.61,康芮颱風,降雨,1.8637884296
2024_6064,2024,283272.14,2675380.03,康芮颱風,降雨,0.167306661066
2024_6065,2024,283313.22,2674422.61,康芮颱風,降雨,0.153856809665
2024_6066,2024,283946.93,2674374.7,康芮颱風,降雨,0.630086224129
2024_6067,2024,283998.62,2674906.47,康芮颱風,降雨,0.286291638371
2024_6068,2024,284245.87,2674743.22,康芮颱風,降雨,0.331991319404
2024_6069,2024,275599.53,2636861.27,康芮颱風,降雨,1.39122133937
2024_6070,2024,271939.57,2643151.97,康芮颱風,降雨,0.652338843753
2024_6071,2024,271937.01,2643284.6,康芮颱風,降雨,0.218371171136
2024_6072,2024,271886.59,2643510.33,康芮颱風,降雨,0.470552977159
2024_6073,2024,271938.74,2643720.97,康芮颱風,降雨,0.409422178382
2024_6074,2024,270141.74,2644309.83,康芮颱風,降雨,0.224213885757
2024_6075,2024,273581.2,2657526.7,康芮颱風,降雨,0.447579428608
2024_6076,2024,276771.05,2660535.87,康芮颱風,降雨,0.247509971876
2024_6077,2024,279040.7,2658246.24,康芮颱風,降雨,0.604969821992
2024_6078,2024,279504.73,2652999.23,康芮颱風,降雨,0.524816258191
2024_6079,2024,279838.47,2654889.83,康芮颱風,降雨,0.702652906307
2024_6080,2024,281968.15,2670299.05,康芮颱風,降雨,0.960681463717
2024_6081,2024,282169.69,2670862.95,康芮颱風,降雨,0.154170059909
2024_6082,2024,282233.55,2671136.28,康芮颱風,降雨,0.304485794739
2024_6083,2024,282208.13,2671303.8,康芮颱風,降雨,1.2355293981
2024_6084,2024,282009.54,2671540.4,康芮颱風,降雨,0.705284519063
2024_6085,2024,281904.42,2671618.53,康芮颱風,降雨,0.155808054047
2024_6086,2024,282049.74,2669921.89,康芮颱風,降雨,0.210001431842
2024_6087,2024,282356.39,2673078.17,康芮颱風,降雨,1.48779736719
2024_6088,2024,282583.65,2673294.84,康芮颱風,降雨,1.55995791016
2024_6089,2024,282917.7,2674219.35,康芮颱風,降雨,2.19620446997
2024_6090,2024,282865.62,2673648.36,康芮颱風,降雨,0.27979746723
2024_6091,2024,282913.42,2674050.87,康芮颱風,降雨,0.311747831459
2024_6092,2024,282964.59,2673687.65,康芮颱風,降雨,0.183536588361
2024_6093,2024,282787.94,2673482.21,康芮颱風,降雨,0.762826909744
2024_6094,2024,280789.79,2672894.45,康芮颱風,降雨,0.67205497165
2024_6095,2024,280957.23,2672938.45,康芮颱風,降雨,0.274180724132
2024_6096,2024,280989.13,2674639.82,康芮颱風,降雨,0.114369705272
2024_6097,2024,281552.53,2674528.89,康芮颱風,降雨,0.413439288407
2024_6098,2024,282111.43,2671859.92,康芮颱風,降雨,0.955683312633
2024_6099,2024,279024.36,2672419.74,康芮颱風,降雨,0.150042627836
2024_6100,2024,279141.1,2672412.83,康芮颱風,降雨,0.136553376308
2024_6101,2024,283128.76,2671866.56,康芮颱風,降雨,0.406413875334
2024_6102,2024,283154.73,2671489.18,康芮颱風,降雨,0.477839235985
2024_6103,2024,281146.01,2658152.19,康芮颱風,降雨,0.12305671087
2024_6104,2024,280977.79,2658270.27,康芮颱風,降雨,0.756982535884
2024_6105,2024,281978.11,2670101.35,康芮颱風,降雨,0.656784583524
2024_6106,2024,281894.32,2670166.01,康芮颱風,降雨,0.220990527854
2024_6107,2024,281175.14,2657658.43,康芮颱風,降雨,0.247226226788
2024_6108,2024,281072.38,2657711.39,康芮颱風,降雨,0.593232039677
2024_6109,2024,281296.25,2657697.0,康芮颱風,降雨,0.465415697082
2024_6110,2024,281360.58,2657760.04,康芮颱風,降雨,0.571286895186
2024_6111,2024,281176.41,2657807.9,康芮颱風,降雨,0.585007001847
2024_6112,2024,263954.35,2622707.27,康芮颱風,降雨,0.200258189213
2024_6113,2024,268931.79,2627890.19,康芮颱風,降雨,0.40228523821
2024_6114,2024,268637.89,2628510.11,康芮颱風,降雨,1.51006246172
2024_6115,2024,266882.28,2629270.83,康芮颱風,降雨,0.654740874449
2024_6116,2024,208379.94,2569204.35,康芮颱風,降雨,0.235154812193
2024_6117,2024,221503.18,2567932.88,康芮颱風,降雨,2.14097694804
2024_6118,2024,266683.79,2626376.56,康芮颱風,降雨,0.200202705939
2024_6119,2024,270830.67,2627046.45,康芮颱風,降雨,0.336020848266
2024_6120,2024,271167.02,2628603.8,康芮颱風,降雨,0.289510718465
2024_6121,2024,270801.51,2632747.09,康芮颱風,降雨,2.41127825818
2024_6122,2024,265446.93,2634677.93,康芮颱風,降雨,0.180012151588
2024_6123,2024,272755.81,2635960.16,康芮颱風,降雨,0.207540398637
2024_6124,2024,272802.15,2636261.05,康芮颱風,降雨,0.149414406366
2024_6125,2024,273034.85,2637596.61,康芮颱風,降雨,0.754924479641
2024_6126,2024,272398.32,2638931.73,康芮颱風,降雨,0.143511356699
2024_6127,2024,272934.55,2638989.21,康芮颱風,降雨,0.167854481638
2024_6128,2024,264847.16,2623816.3,康芮颱風,降雨,0.102977339816
2024_6129,2024,264890.11,2624038.54,康芮颱風,降雨,0.138032809165
2024_6130,2024,269499.52,2624060.65,康芮颱風,降雨,0.249767902137
2024_6131,2024,265634.74,2624269.54,康芮颱風,降雨,0.280668370437
2024_6132,2024,267033.86,2625295.08,康芮颱風,降雨,0.343253692299
2024_6133,2024,242923.26,2601812.1,康芮颱風,降雨,0.692015352609
2024_6134,2024,245746.68,2603899.24,康芮颱風,降雨,0.898363034067
2024_6135,2024,315788.75,2695055.78,康芮颱風,降雨,0.286525738917
2024_6136,2024,315847.51,2695142.42,康芮颱風,降雨,0.662659740895
2024_6137,2024,316002.31,2695163.02,康芮颱風,降雨,0.564264541316
2024_6138,2024,316604.88,2695620.64,康芮颱風,降雨,0.363858640538
2024_6139,2024,316100.49,2695747.01,康芮颱風,降雨,0.171498614988
2024_6140,2024,316236.05,2694502.02,康芮颱風,降雨,0.205351525397
2024_6141,2024,316567.35,2694373.46,康芮颱風,降雨,0.293448288029
2024_6142,2024,316059.82,2694500.75,康芮颱風,降雨,0.377646136901
2024_6143,2024,313070.09,2699315.59,康芮颱風,降雨,0.694177350801
2024_6144,2024,311983.71,2700922.87,康芮颱風,降雨,0.14137604062
2024_6145,2024,311987.94,2701765.71,康芮颱風,降雨,0.214598860841
2024_6146,2024,311976.45,2701905.37,康芮颱風,降雨,0.23886037056
2024_6147,2024,312857.56,2701989.83,康芮颱風,降雨,0.162456972346
2024_6148,2024,312930.51,2702917.8,康芮颱風,降雨,0.106584037094
2024_6149,2024,314464.74,2699915.99,康芮颱風,降雨,0.11674131018
2024_6150,2024,314543.82,2700355.05,康芮颱風,降雨,0.267410681955
2024_6151,2024,314609.19,2700254.97,康芮颱風,降雨,0.125700270506
2024_6152,2024,320081.14,2704212.51,康芮颱風,降雨,1.24873558876
2024_6153,2024,324710.86,2704568.82,康芮颱風,降雨,0.227662180596
2024_6154,2024,311776.81,2698109.9,康芮颱風,降雨,0.145584519221
2024_6155,2024,311876.95,2698267.26,康芮颱風,降雨,0.15753637884
2024_6156,2024,312069.71,2698386.89,康芮颱風,降雨,0.226435463138
2024_6157,2024,313857.62,2696225.89,康芮颱風,降雨,0.277167960174
2024_6158,2024,313987.11,2696505.58,康芮颱風,降雨,1.33936859892
2024_6159,2024,314458.79,2696445.52,康芮颱風,降雨,0.269442521684
2024_6160,2024,260447.05,2608393.86,康芮颱風,降雨,0.964475519269
2024_6161,2024,292099.59,2671764.41,康芮颱風,降雨,1.61316661579
2024_6162,2024,292313.37,2671606.2,康芮颱風,降雨,0.564377013831
2024_6163,2024,292876.13,2672107.4,康芮颱風,降雨,1.14629056312
2024_6164,2024,293548.45,2671858.21,康芮颱風,降雨,4.26838750088
2024_6165,2024,293389.15,2672004.42,康芮颱風,降雨,0.325970679271
2024_6166,2024,290390.58,2668744.28,康芮颱風,降雨,2.10607483394
2024_6167,2024,290476.48,2669499.05,康芮颱風,降雨,0.527999959818
2024_6168,2024,290651.63,2669389.73,康芮颱風,降雨,0.19689484482
2024_6169,2024,290834.27,2668979.37,康芮颱風,降雨,0.126599055605
2024_6170,2024,290948.48,2669234.92,康芮颱風,降雨,0.398764186965
2024_6171,2024,291325.26,2668564.53,康芮颱風,降雨,0.479876254869
2024_6172,2024,288197.68,2670039.4,康芮颱風,降雨,3.47848648482
2024_6173,2024,288741.71,2670012.73,康芮颱風,降雨,1.43477273378
2024_6174,2024,288962.45,2670374.33,康芮颱風,降雨,0.633519092019
2024_6175,2024,288961.44,2670688.93,康芮颱風,降雨,0.525900412453
2024_6176,2024,288855.44,2670754.46,康芮颱風,降雨,0.216127614569
2024_6177,2024,288732.62,2670804.0,康芮颱風,降雨,0.154172439691
2024_6178,2024,287335.25,2670567.9,康芮颱風,降雨,0.618131212207
2024_6179,2024,287441.79,2670419.73,康芮颱風,降雨,0.336264698577
2024_6180,2024,287428.48,2670187.44,康芮颱風,降雨,0.516239333832
2024_6181,2024,287649.87,2670110.93,康芮颱風,降雨,0.837862902095
2024_6182,2024,288218.21,2668387.96,康芮颱風,降雨,1.48926882386
2024_6183,2024,288519.94,2669353.37,康芮颱風,降雨,2.13946784888
2024_6184,2024,288595.27,2669806.85,康芮颱風,降雨,0.812121715242
2024_6185,2024,288880.84,2668827.39,康芮颱風,降雨,0.202940450473
2024_6186,2024,289141.64,2668141.12,康芮颱風,降雨,0.379189254443
2024_6187,2024,288107.73,2679966.21,康芮颱風,降雨,1.4972453746
2024_6188,2024,289004.14,2680726.97,康芮颱風,降雨,7.35602667073
2024_6189,2024,289135.78,2681312.37,康芮颱風,降雨,0.769852174542
2024_6190,2024,289178.83,2681601.75,康芮颱風,降雨,0.306168762217
2024_6191,2024,288058.29,2681761.69,康芮颱風,降雨,0.749851263862
2024_6192,2024,287194.09,2685280.81,康芮颱風,降雨,3.35070743219
2024_6193,2024,295714.83,2676533.54,康芮颱風,降雨,0.105084160606
2024_6194,2024,296089.42,2676053.48,康芮颱風,降雨,0.1775741837
2024_6195,2024,285965.47,2669981.68,康芮颱風,降雨,0.59571262109
2024_6196,2024,286636.62,2669979.88,康芮颱風,降雨,7.8204181258
2024_6197,2024,286410.82,2670412.0,康芮颱風,降雨,0.427544512775
2024_6198,2024,286503.98,2670287.85,康芮颱風,降雨,0.234112654629
2024_6199,2024,286565.27,2670501.05,康芮颱風,降雨,0.393960312713
2024_6200,2024,287119.85,2669809.81,康芮颱風,降雨,0.695291894003
2024_6201,2024,285040.25,2676527.11,康芮颱風,降雨,0.702198527127
2024_6202,2024,285166.68,2675765.06,康芮颱風,降雨,0.646506603498
2024_6203,2024,294746.49,2675926.49,康芮颱風,降雨,0.311320623855
2024_6204,2024,294909.55,2676126.0,康芮颱風,降雨,0.44570089561
2024_6205,2024,294879.04,2676251.02,康芮颱風,降雨,0.126058912641
2024_6206,2024,295082.98,2676390.7,康芮颱風,降雨,1.70482779076
2024_6207,2024,285189.68,2675976.57,康芮颱風,降雨,0.654993786517
2024_6208,2024,285280.45,2676459.33,康芮颱風,降雨,0.148704172601
2024_6209,2024,285329.12,2676662.24,康芮颱風,降雨,1.09958560362
2024_6210,2024,286079.73,2656009.03,康芮颱風,降雨,0.610852768151
2024_6211,2024,285979.45,2656347.73,康芮颱風,降雨,0.193104126072
2024_6212,2024,285080.49,2656637.6,康芮颱風,降雨,0.91430165601
2024_6213,2024,285528.67,2657027.19,康芮颱風,降雨,0.124380279011
2024_6214,2024,285136.63,2657152.79,康芮颱風,降雨,0.285951028141
2024_6215,2024,285745.34,2659001.7,康芮颱風,降雨,0.61391420127
2024_6216,2024,285629.23,2658511.71,康芮颱風,降雨,1.06494718636
2024_6217,2024,285516.48,2659587.28,康芮颱風,降雨,2.66576199208
2024_6218,2024,284920.56,2654719.75,康芮颱風,降雨,0.566880503514
2024_6219,2024,284836.33,2654904.8,康芮颱風,降雨,0.386996086086
2024_6220,2024,284759.34,2655163.19,康芮颱風,降雨,1.36379407134
2024_6221,2024,284928.91,2655313.89,康芮颱風,降雨,0.634607310846
2024_6222,2024,284979.39,2655817.78,康芮颱風,降雨,0.378179308079
2024_6223,2024,284710.94,2655349.95,康芮颱風,降雨,0.411615422756
2024_6224,2024,293369.57,2674204.42,康芮颱風,降雨,0.386199818504
2024_6225,2024,293460.81,2674245.43,康芮颱風,降雨,0.205152540749
2024_6226,2024,293135.23,2674975.4,康芮颱風,降雨,0.176949496568
2024_6227,2024,313925.72,2681033.65,康芮颱風,降雨,1.75642111239
2024_6228,2024,312102.93,2682123.14,康芮颱風,降雨,0.163793003625
2024_6229,2024,310852.84,2682771.02,康芮颱風,降雨,0.449263427772
2024_6230,2024,281797.22,2656915.41,康芮颱風,降雨,0.440901212994
2024_6231,2024,282374.11,2656867.89,康芮颱風,降雨,0.989605936802
2024_6232,2024,283269.54,2657361.25,康芮颱風,降雨,0.271253091127
2024_6233,2024,283461.32,2656880.01,康芮颱風,降雨,0.229811322053
2024_6234,2024,283720.73,2656938.18,康芮颱風,降雨,0.218200034187
2024_6235,2024,288672.64,2657423.9,康芮颱風,降雨,0.672332750287
2024_6236,2024,288062.78,2657125.06,康芮颱風,降雨,0.762149151448
2024_6237,2024,288417.41,2657757.17,康芮颱風,降雨,0.944013227748
2024_6238,2024,288429.34,2657603.11,康芮颱風,降雨,0.427302929392
2024_6239,2024,248193.55,2562888.82,康芮颱風,降雨,1.77643132707
2024_6240,2024,273400.23,2569928.74,康芮颱風,降雨,0.327124056712
2024_6241,2024,264423.05,2591841.36,康芮颱風,降雨,0.26413001813
2024_6242,2024,263053.93,2593405.94,康芮颱風,降雨,0.339352776413
2024_6243,2024,262979.79,2593458.83,康芮颱風,降雨,0.102283301337
2024_6244,2024,263193.26,2593491.18,康芮颱風,降雨,0.156291975568
2024_6245,2024,262752.04,2593519.95,康芮颱風,降雨,0.207432859772
2024_6246,2024,252997.4,2590236.4,康芮颱風,降雨,0.117867832041
2024_6247,2024,262570.0,2593050.31,康芮颱風,降雨,0.190238538552
2024_6248,2024,262627.78,2592957.09,康芮颱風,降雨,0.264927179664
2024_6249,2024,262829.94,2592839.76,康芮颱風,降雨,0.165805275773
2024_6250,2024,262840.76,2593249.31,康芮颱風,降雨,0.132278571966
2024_6251,2024,269296.86,2593261.18,康芮颱風,降雨,0.219867407795
2024_6252,2024,270940.87,2594933.49,康芮颱風,降雨,0.241083986437
2024_6253,2024,262917.54,2593041.65,康芮颱風,降雨,0.340864293093
2024_6254,2024,262907.92,2593232.9,康芮颱風,降雨,0.173862851723
2024_6255,2024,266377.56,2592253.63,康芮颱風,降雨,0.240930578239
2024_6256,2024,251074.23,2566459.84,康芮颱風,降雨,0.529582405893
2024_6257,2024,250447.59,2567052.88,康芮颱風,降雨,0.163562030814
2024_6258,2024,256633.32,2571354.97,康芮颱風,降雨,0.125118410542
2024_6259,2024,265322.25,2587441.82,康芮颱風,降雨,0.656234910399
2024_6260,2024,265281.61,2587542.31,康芮颱風,降雨,0.822508000883
2024_6261,2024,253063.51,2566219.79,康芮颱風,降雨,0.469156289608
2024_6262,2024,261446.92,2562460.71,康芮颱風,降雨,0.578971293024
2024_6263,2024,257931.9,2562359.83,康芮颱風,降雨,0.616504770026
2024_6264,2024,257403.98,2562069.73,康芮颱風,降雨,0.20566974207
2024_6265,2024,263301.15,2595089.56,康芮颱風,降雨,0.209359504469
2024_6266,2024,265870.69,2604904.18,康芮颱風,降雨,1.73946391665
2024_6267,2024,266269.27,2599896.08,康芮颱風,降雨,0.194837957397
2024_6268,2024,258818.85,2606296.38,康芮颱風,降雨,0.157452122653
2024_6269,2024,265668.45,2608906.0,康芮颱風,降雨,0.772672414385
2024_6270,2024,260446.38,2608897.09,康芮颱風,降雨,0.261134563981
2024_6271,2024,261657.09,2610762.92,康芮颱風,降雨,0.106811671679
2024_6272,2024,266340.26,2611715.52,康芮颱風,降雨,0.310858921913
2024_6273,2024,269598.45,2613750.25,康芮颱風,降雨,2.54625409654
2024_6274,2024,269087.57,2614392.22,康芮颱風,降雨,0.432757145987
2024_6275,2024,270586.07,2614868.14,康芮颱風,降雨,2.53632952207
2024_6276,2024,271492.71,2617928.35,康芮颱風,降雨,1.00491498314
2024_6277,2024,270203.8,2606023.89,康芮颱風,降雨,0.593572042894
2024_6278,2024,271595.75,2607000.83,康芮颱風,降雨,0.26716792195
2024_6279,2024,272126.67,2583901.31,康芮颱風,降雨,0.154581028292
2024_6280,2024,273946.71,2616624.63,康芮颱風,降雨,0.888601933438
2024_6281,2024,273976.97,2616148.71,康芮颱風,降雨,0.366423834755
2024_6282,2024,274057.37,2616545.58,康芮颱風,降雨,0.187967086049
2024_6283,2024,274070.98,2615871.69,康芮颱風,降雨,0.190604831614
2024_6284,2024,274336.13,2615658.67,康芮颱風,降雨,0.234688709753
2024_6285,2024,274432.49,2616562.57,康芮颱風,降雨,0.578669944646
2024_6286,2024,258899.72,2595500.27,康芮颱風,降雨,0.529908869389
2024_6287,2024,258921.87,2595826.34,康芮颱風,降雨,0.258014189926
2024_6288,2024,260490.48,2595512.66,康芮颱風,降雨,0.458713098409
2024_6289,2024,262502.7,2593103.13,康芮颱風,降雨,0.186053946341
2024_6290,2024,258639.24,2594386.28,康芮颱風,降雨,0.250896454959
2024_6291,2024,283339.46,2721205.11,康芮颱風,降雨,0.454964376075
2024_6292,2024,283228.02,2721153.12,康芮颱風,降雨,0.419966089176
2024_6293,2024,283543.67,2721307.48,康芮颱風,降雨,0.139989566321
2024_6294,2024,274024.72,2697011.78,康芮颱風,降雨,4.34923642967
2024_6295,2024,276992.67,2681826.92,康芮颱風,降雨,1.22981865575
2024_6296,2024,291895.37,2692764.02,康芮颱風,降雨,0.37500093869
2024_6297,2024,291925.29,2692884.2,康芮颱風,降雨,0.555001821425
2024_6298,2024,279027.53,2680479.38,康芮颱風,降雨,0.814895668233
2024_6299,2024,279229.54,2680530.25,康芮颱風,降雨,0.109986331339
2024_6300,2024,254917.03,2680271.95,康芮颱風,降雨,0.809700852757
2024_6301,2024,255049.21,2680341.45,康芮颱風,降雨,0.124954268778
2024_6302,2024,278943.91,2693582.1,康芮颱風,降雨,0.154980615562
2024_6303,2024,278916.02,2693720.84,康芮颱風,降雨,0.484938443156
2024_6304,2024,278951.95,2693337.14,康芮颱風,降雨,0.564928745244
2024_6305,2024,279785.08,2680440.65,康芮颱風,降雨,0.599927766502
2024_6306,2024,279916.97,2680728.26,康芮颱風,降雨,0.41995008966
2024_6307,2024,279733.62,2680032.28,康芮颱風,降雨,0.414949464268
2024_6308,2024,255166.38,2680146.23,康芮颱風,降雨,0.149944994545
2024_6309,2024,254714.62,2680225.54,康芮颱風,降雨,0.16493848346
2024_6310,2024,277430.78,2681269.78,康芮颱風,降雨,0.374946479386
2024_6311,2024,285048.3,2682913.04,康芮颱風,降雨,0.289980927471
2024_6312,2024,278979.51,2692833.39,康芮颱風,降雨,0.109986078115
2024_6313,2024,279042.34,2692843.43,康芮颱風,降雨,0.114985759963
2024_6314,2024,255287.59,2680190.2,康芮颱風,降雨,0.224917997402
2024_6315,2024,281614.08,2679511.45,康芮颱風,降雨,0.179981681227
2024_6316,2024,271461.55,2701229.79,康芮颱風,降雨,0.224954515128
2024_6317,2024,282954.31,2679462.98,康芮颱風,降雨,0.179984028722
2024_6318,2024,255133.0,2680306.39,康芮颱風,降雨,0.179933611159
2024_6319,2024,282993.6,2679612.91,康芮颱風,降雨,0.149986825471
2024_6320,2024,254792.99,2680236.41,康芮颱風,降雨,0.214920892601
2024_6321,2024,284206.92,2679062.85,康芮颱風,降雨,0.199984765005
2024_6322,2024,281395.09,2679957.54,康芮颱風,降雨,0.159983232448
2024_6323,2024,277142.03,2681717.91,康芮颱風,降雨,0.164976004846
2024_6324,2024,270512.98,2692806.93,康芮颱風,降雨,0.13497115783
2024_6325,2024,280329.2,2680959.21,康芮颱風,降雨,0.14498347427
2024_6326,2024,258524.51,2675116.94,康芮颱風,降雨,0.139953088792
2024_6327,2024,277468.84,2673370.79,康芮颱風,降雨,0.144979067575
2024_6328,2024,280809.6,2682174.15,康芮颱風,降雨,0.129985476579
2024_6329,2024,285234.46,2683494.8,康芮颱風,降雨,0.139990754477
2024_6330,2024,282449.9,2680482.64,康芮颱風,降雨,0.134987614335
2024_6331,2024,289465.84,2670463.62,康芮颱風,降雨,0.454987998203
2024_6332,2024,289235.35,2670470.22,康芮颱風,降雨,1.79995332339
2024_6333,2024,288276.46,2673419.6,康芮颱風,降雨,2.1249243279
2024_6334,2024,301665.83,2674587.64,康芮颱風,降雨,1.9251893807
2024_6335,2024,272107.58,2611674.66,康芮颱風,降雨,1.9146063076
2024_6336,2024,300911.84,2650428.9,康芮颱風,降雨,0.715065315741
2024_6337,2024,300720.13,2650651.04,康芮颱風,降雨,0.240020182675
2024_6338,2024,303620.34,2686361.25,康芮颱風,降雨,1.36016307698
2024_6339,2024,271718.74,2628702.46,康芮颱風,降雨,1.28473333781
2024_6340,2024,301346.97,2683892.68,康芮颱風,降雨,1.24011936038
2024_6341,2024,288622.46,2615470.77,康芮颱風,降雨,0.229990592325
2024_6342,2024,286404.44,2641822.25,康芮颱風,降雨,1.5649085663
2024_6343,2024,307398.44,2627210.8,康芮颱風,降雨,1.16517699919
2024_6344,2024,303532.49,2677125.23,康芮颱風,降雨,1.09012943229
2024_6345,2024,286241.37,2642005.5,康芮颱風,降雨,0.109993782436
2024_6346,2024,286183.66,2642207.82,康芮颱風,降雨,0.859948135374
2024_6347,2024,272243.25,2628323.97,康芮颱風,降雨,1.14476730478
2024_6348,2024,287799.49,2673703.79,康芮颱風,降雨,1.11495596419
2024_6349,2024,273037.5,2627810.65,康芮颱風,降雨,0.159969239678
2024_6350,2024,273038.62,2627962.94,康芮颱風,降雨,0.874829930617
2024_6351,2024,292791.35,2686222.8,康芮颱風,降雨,0.96501115879
2024_6352,2024,292432.79,2655357.5,康芮颱風,降雨,0.995003677056
2024_6353,2024,299317.32,2677391.43,康芮颱風,降雨,0.930070652162
2024_6354,2024,282541.74,2665531.82,康芮颱風,降雨,0.904915843424
2024_6355,2024,309239.64,2674993.5,康芮颱風,降雨,1.00017414166
2024_6356,2024,283834.66,2657707.44,康芮颱風,降雨,0.199983155263
2024_6357,2024,283757.01,2657744.6,康芮颱風,降雨,0.179985059939
2024_6358,2024,283742.25,2657847.37,康芮颱風,降雨,0.309974728281
2024_6359,2024,295493.58,2684727.91,康芮颱風,降雨,0.785029777435
2024_6360,2024,292527.37,2685823.69,康芮颱風,降雨,0.515004069726
2024_6361,2024,292380.56,2685971.22,康芮颱風,降雨,0.195000819075
2024_6362,2024,271489.9,2628390.11,康芮颱風,降雨,0.734844798426
2024_6363,2024,285234.24,2676178.05,康芮颱風,降雨,0.814945911629
2024_6364,2024,292078.12,2678372.94,康芮颱風,降雨,0.765002303936
2024_6365,2024,294107.8,2685867.26,康芮颱風,降雨,0.405010155752
2024_6366,2024,294093.3,2685988.27,康芮颱風,降雨,0.320007885864
2024_6367,2024,299738.38,2651636.98,康芮颱風,降雨,0.640049092709
2024_6368,2024,287349.66,2672843.81,康芮颱風,降雨,0.789964351361
2024_6369,2024,287073.17,2642227.36,康芮颱風,降雨,0.719962971034
2024_6370,2024,274770.66,2626659.58,康芮颱風,降雨,0.794858914025
2024_6371,2024,288591.33,2620560.67,康芮颱風,降雨,0.639974555757
2024_6372,2024,271859.81,2610879.74,康芮颱風,降雨,0.739846292357
2024_6373,2024,287945.94,2637566.79,康芮颱風,降雨,0.724969140463
2024_6374,2024,259169.57,2674999.91,康芮颱風,降雨,0.514831088851
2024_6375,2024,288444.01,2655477.24,康芮颱風,降雨,0.549979577583
2024_6376,2024,294874.93,2632327.01,康芮颱風,降雨,0.685018065101
2024_6377,2024,293483.41,2653910.87,康芮颱風,降雨,0.675010048589
2024_6378,2024,262523.73,2674853.54,康芮颱風,降雨,0.58482820008
2024_6379,2024,286231.94,2669756.15,康芮颱風,降雨,0.644963406962
2024_6380,2024,300692.97,2651214.79,康芮颱風,降雨,0.45503995713
2024_6381,2024,297230.13,2681771.35,康芮颱風,降雨,0.665036526711
2024_6382,2024,272938.51,2629064.3,康芮颱風,降雨,0.56488960373
2024_6383,2024,295459.87,2685288.94,康芮颱風,降雨,0.605022910345
2024_6384,2024,272525.99,2612595.12,康芮颱風,降雨,0.324934686145
2024_6385,2024,272548.85,2612712.68,康芮颱風,降雨,0.179963667144
2024_6386,2024,285020.76,2656850.78,康芮颱風,降雨,0.529962456896
2024_6387,2024,261520.51,2673931.74,康芮颱風,降雨,0.764767204234
2024_6388,2024,275473.82,2626975.63,康芮颱風,降雨,0.624893786814
2024_6389,2024,285749.15,2674907.96,康芮颱風,降雨,0.19998845001
2024_6390,2024,285661.73,2674953.99,康芮颱風,降雨,0.329979488997
2024_6391,2024,305083.08,2656298.03,康芮颱風,降雨,0.580076260571
2024_6392,2024,282076.78,2668858.12,康芮颱風,降雨,0.139986603886
2024_6393,2024,282188.12,2668893.83,康芮颱風,降雨,0.27997286783
2024_6394,2024,261341.25,2673604.65,康芮颱風,降雨,0.60981350206
2024_6395,2024,295455.9,2684081.24,康芮颱風,降雨,0.445016572674
2024_6396,2024,288361.17,2655176.39,康芮颱風,降雨,0.58497792772
2024_6397,2024,288827.44,2658854.9,康芮颱風,降雨,0.544982541857
2024_6398,2024,289036.67,2672251.44,康芮颱風,降雨,0.53998456394
2024_6399,2024,301827.16,2683529.73,康芮颱風,降雨,0.505051546813
2024_6400,2024,271592.13,2628523.97,康芮颱風,降雨,0.559882916008
2024_6401,2024,259351.45,2675137.94,康芮颱風,降雨,0.494838349593
2024_6402,2024,310075.64,2643017.08,康芮颱風,降雨,0.545098213601
2024_6403,2024,288726.24,2659335.92,康芮颱風,降雨,0.494984262732
2024_6404,2024,288905.17,2620383.18,康芮颱風,降雨,0.554980181251
2024_6405,2024,287968.41,2679328.69,康芮颱風,降雨,0.519980314466
2024_6406,2024,286536.47,2612604.52,康芮颱風,降雨,0.35497868888
2024_6407,2024,299674.37,2676449.37,康芮颱風,降雨,0.440034413175
2024_6408,2024,295892.16,2650365.79,康芮颱風,降雨,0.27001081223
2024_6409,2024,287390.74,2663230.73,康芮颱風,降雨,0.464979159393
2024_6410,2024,290772.93,2675943.27,康芮颱風,降雨,0.484994942613
2024_6411,2024,275818.68,2624538.18,康芮颱風,降雨,0.474920422995
2024_6412,2024,274145.12,2625088.41,康芮颱風,降雨,0.424921745369
2024_6413,2024,284622.46,2669491.44,康芮颱風,降雨,0.474964960455
2024_6414,2024,274828.0,2669612.72,康芮颱風,降雨,0.424927136052
2024_6415,2024,299523.12,2683199.52,康芮颱風,降雨,0.440035500741
2024_6416,2024,293518.91,2654142.51,康芮颱風,降雨,0.400006146285
2024_6417,2024,303441.1,2676993.19,康芮颱風,降雨,0.425050139943
2024_6418,2024,288801.92,2659509.73,康芮颱風,降雨,0.449985877656
2024_6419,2024,287856.18,2620861.11,康芮颱風,降雨,0.119994765629
2024_6420,2024,295454.47,2684470.27,康芮颱風,降雨,0.395015262017
2024_6421,2024,298511.32,2684694.18,康芮颱風,降雨,0.320022281617
2024_6422,2024,291385.35,2650647.6,康芮颱風,降雨,0.39999775842
2024_6423,2024,284313.9,2672104.32,康芮颱風,降雨,0.409969374495
2024_6424,2024,272220.33,2611556.42,康芮颱風,降雨,0.384920667762
2024_6425,2024,286121.6,2641002.86,康芮颱風,降雨,0.409974854299
2024_6426,2024,281374.95,2654389.34,康芮颱風,降雨,0.349962491167
2024_6427,2024,272013.66,2629271.6,康芮颱風,降雨,0.379922533561
2024_6428,2024,272532.12,2627793.43,康芮颱風,降雨,0.414916834672
2024_6429,2024,271862.85,2628302.14,康芮颱風,降雨,0.309935888201
2024_6430,2024,287871.86,2673771.64,康芮颱風,降雨,0.29498882812
2024_6431,2024,287437.15,2669740.18,康芮颱風,降雨,0.334984357246
2024_6432,2024,264251.59,2676469.73,康芮颱風,降雨,0.384893334669
2024_6433,2024,306188.44,2624515.32,康芮颱風,降雨,0.405056357616
2024_6434,2024,299036.29,2647397.77,康芮颱風,降雨,0.410029531649
2024_6435,2024,274833.68,2621890.47,康芮颱風,降雨,0.409927740791
2024_6436,2024,299497.0,2676520.2,康芮颱風,降雨,0.380029085003
2024_6437,2024,283321.48,2664388.94,康芮颱風,降雨,0.374968064188
2024_6438,2024,303571.1,2685603.22,康芮颱風,降雨,0.390046451415
2024_6439,2024,282316.29,2672160.25,康芮颱風,降雨,0.364965051981
2024_6440,2024,300131.05,2685229.66,康芮颱風,降雨,0.370031505591
2024_6441,2024,309681.44,2674556.69,康芮颱風,降雨,0.365064577481
2024_6442,2024,288066.88,2620733.75,康芮颱風,降雨,0.359984284948
2024_6443,2024,290302.88,2672316.36,康芮颱風,降雨,0.354994461021
2024_6444,2024,292643.67,2657454.89,康芮颱風,降雨,0.310001957962
2024_6445,2024,272795.86,2629529.76,康芮颱風,降雨,0.384924240637
2024_6446,2024,273115.72,2633332.65,康芮颱風,降雨,0.359930429703
2024_6447,2024,284672.72,2674231.92,康芮颱風,降雨,0.33497597122
2024_6448,2024,273184.0,2629655.41,康芮颱風,降雨,0.319938231407
2024_6449,2024,261288.11,2674343.11,康芮颱風,降雨,0.364887973391
2024_6450,2024,289230.82,2672400.02,康芮颱風,降雨,0.374990240782
2024_6451,2024,295638.8,2673839.87,康芮颱風,降雨,0.320011983984
2024_6452,2024,273515.14,2625715.69,康芮颱風,降雨,0.354932417939
2024_6453,2024,299128.22,2644984.36,康芮颱風,降雨,0.360024827405
2024_6454,2024,290011.68,2672517.37,康芮颱風,降雨,0.119997446014
2024_6455,2024,287961.4,2682025.28,康芮颱風,降雨,0.34998662604
2024_6456,2024,294135.23,2656823.35,康芮颱風,降雨,0.345007251002
2024_6457,2024,264187.92,2676500.43,康芮颱風,降雨,0.144959588842
2024_6458,2024,306087.22,2624458.53,康芮颱風,降雨,0.360048937144
2024_6459,2024,282189.34,2668648.54,康芮颱風,降雨,0.294971661205
2024_6460,2024,305427.38,2656040.81,康芮颱風,降雨,0.350046977659
2024_6461,2024,302926.84,2677277.6,康芮颱風,降雨,0.325035864413
2024_6462,2024,274916.34,2626448.25,康芮颱風,降雨,0.344939464346
2024_6463,2024,273817.8,2625045.65,康芮颱風,降雨,0.324939352338
2024_6464,2024,275596.78,2624031.59,康芮颱風,降雨,0.324945402035
2024_6465,2024,292601.04,2670696.07,康芮颱風,降雨,0.335002498045
2024_6466,2024,302986.82,2685860.21,康芮颱風,降雨,0.315035752141
2024_6467,2024,282709.87,2665301.2,康芮颱風,降雨,0.324969913106
2024_6468,2024,281740.91,2674486.34,康芮颱風,降雨,0.344965080652
2024_6469,2024,284563.9,2669876.09,康芮颱風,降雨,0.344974045744
2024_6470,2024,293399.33,2636307.4,康芮颱風,降雨,0.190002147432
2024_6471,2024,293793.07,2678647.29,康芮颱風,降雨,0.305006433004
2024_6472,2024,295281.93,2650193.42,康芮颱風,降雨,0.275008805049
2024_6473,2024,272476.46,2611420.17,康芮颱風,降雨,0.30493866642
2024_6474,2024,288521.23,2668748.07,康芮颱風,降雨,0.294990465822
2024_6475,2024,293007.46,2656630.99,康芮颱風,降雨,0.215002403557
2024_6476,2024,286674.45,2655428.01,康芮颱風,降雨,0.334982418298
2024_6477,2024,299716.01,2676317.94,康芮颱風,降雨,0.305023627177
2024_6478,2024,290935.63,2672065.83,康芮颱風,降雨,0.304996700052
2024_6479,2024,307446.97,2627393.68,康芮颱風,降雨,0.315047877529
2024_6480,2024,271567.83,2628213.03,康芮颱風,降雨,0.12997271341
2024_6481,2024,271631.67,2628227.32,康芮颱風,降雨,0.12497408105
2024_6482,2024,273646.71,2625333.04,康芮颱風,降雨,0.314940846986
2024_6483,2024,295208.47,2652912.52,康芮颱風,降雨,0.280008418991
2024_6484,2024,273635.14,2626253.74,康芮颱風,降雨,0.289945251813
2024_6485,2024,298966.0,2679713.83,康芮颱風,降雨,0.290021149436
2024_6486,2024,272878.98,2628822.52,康芮颱風,降雨,0.239952756158
2024_6487,2024,274544.48,2626457.83,康芮颱風,降雨,0.29994612217
2024_6488,2024,289413.7,2673015.88,康芮颱風,降雨,0.249993248647
2024_6489,2024,282594.8,2665176.89,康芮颱風,降雨,0.314970527322
2024_6490,2024,300185.15,2677127.42,康芮颱風,降雨,0.300025642481
2024_6491,2024,297212.67,2684772.28,康芮颱風,降雨,0.310017278396
2024_6492,2024,294535.66,2632738.58,康芮颱風,降雨,0.30500632812
2024_6493,2024,292446.72,2671462.59,康芮颱風,降雨,0.270001979146
2024_6494,2024,276481.9,2625883.65,康芮颱風,降雨,0.309950379278
2024_6495,2024,310633.51,2645598.39,康芮颱風,降雨,0.30005518517
2024_6496,2024,286847.43,2620979.72,康芮颱風,降雨,0.114993734311
2024_6497,2024,295631.72,2685033.11,康芮颱風,降雨,0.290011220984
2024_6498,2024,272356.78,2628150.5,康芮颱風,降雨,0.284943222147
2024_6499,2024,299391.31,2644913.24,康芮颱風,降雨,0.295021559753
2024_6500,2024,273820.53,2625919.7,康芮颱風,降雨,0.27494857185
2024_6501,2024,299660.0,2684492.04,康芮颱風,降雨,0.275022405359
2024_6502,2024,302934.51,2675017.76,康芮颱風,降雨,0.255028491924
2024_6503,2024,274788.19,2627368.85,康芮颱風,降雨,0.284949607553
2024_6504,2024,294668.45,2632847.71,康芮颱風,降雨,0.290006903525
2024_6505,2024,289427.45,2680714.19,康芮颱風,降雨,0.224995403505
2024_6506,2024,271809.0,2629432.29,康芮颱風,降雨,0.184962338705
2024_6507,2024,272907.38,2614688.36,康芮颱風,降雨,0.254949763946
2024_6508,2024,272682.91,2612079.15,康芮颱風,降雨,0.289942359964
2024_6509,2024,284623.83,2673040.6,康芮颱風,降雨,0.284979300769
2024_6510,2024,286829.46,2638920.47,康芮颱風,降雨,0.244986644326
2024_6511,2024,284278.03,2658037.81,康芮颱風,降雨,0.294976464687
2024_6512,2024,289264.3,2655847.36,康芮颱風,降雨,0.209993562142
2024_6513,2024,289471.22,2654649.11,康芮颱風,降雨,0.269993023572
2024_6514,2024,286001.71,2677578.63,康芮颱風,降雨,0.234985952259
2024_6515,2024,275019.87,2626289.52,康芮颱風,降雨,0.269952685455
2024_6516,2024,273469.46,2625516.48,康芮颱風,降雨,0.274947654461
2024_6517,2024,271675.75,2628342.48,康芮颱風,降雨,0.164965749185
2024_6518,2024,277295.96,2655266.98,康芮颱風,降雨,0.239964105975
2024_6519,2024,285785.19,2659324.38,康芮颱風,降雨,0.13999081524
2024_6520,2024,301273.81,2685417.5,康芮颱風,降雨,0.265025334619
2024_6521,2024,288040.98,2673639.52,康芮颱風,降雨,0.194992994764
2024_6522,2024,275543.13,2623875.09,康芮颱風,降雨,0.22996021551
2024_6523,2024,301436.19,2686549.02,康芮颱風,降雨,0.25002424022
2024_6524,2024,294711.22,2635567.61,康芮颱風,降雨,0.100002378241
2024_6525,2024,281161.21,2653401.31,康芮颱風,降雨,0.264970928552
2024_6526,2024,301603.48,2685652.04,康芮颱風,降雨,0.250024403604
2024_6527,2024,273183.06,2627684.97,康芮颱風,降雨,0.244952553115
2024_6528,2024,294896.04,2692984.36,康芮颱風,降雨,0.240008049111
2024_6529,2024,285730.37,2656331.09,康芮颱風,降雨,0.229984469718
2024_6530,2024,291799.39,2688069.57,康芮颱風,降雨,0.235000246198
2024_6531,2024,306048.18,2624349.24,康芮颱風,降雨,0.265036628176
2024_6532,2024,292962.72,2653547.06,康芮颱風,降雨,0.190000874399
2024_6533,2024,287617.66,2662460.76,康芮颱風,降雨,0.259989154697
2024_6534,2024,274689.01,2627949.45,康芮颱風,降雨,0.254954736578
2024_6535,2024,284670.45,2669562.88,康芮颱風,降雨,0.24998138233
2024_6536,2024,300036.4,2645028.57,康芮颱風,降雨,0.215016747226
2024_6537,2024,292213.53,2678390.81,康芮颱風,降雨,0.220001293715
2024_6538,2024,292444.59,2671142.11,康芮颱風,降雨,0.225001433122
2024_6539,2024,300532.77,2678078.46,康芮颱風,降雨,0.220019434408
2024_6540,2024,272594.64,2629362.03,康芮颱風,降雨,0.244951164591
2024_6541,2024,273140.5,2627776.17,康芮颱風,降雨,0.209959430012
2024_6542,2024,294675.62,2693360.04,康芮颱風,降雨,0.235007274562
2024_6543,2024,273210.65,2613544.11,康芮颱風,降雨,0.254949819146
2024_6544,2024,271908.51,2611214.73,康芮颱風,降雨,0.234951383812
2024_6545,2024,287160.01,2673870.06,康芮颱風,降雨,0.209990704682
2024_6546,2024,286530.72,2666017.03,康芮颱風,降雨,0.244986639303
2024_6547,2024,305420.8,2624400.24,康芮颱風,降雨,0.230030926815
2024_6548,2024,301435.82,2683479.26,康芮颱風,降雨,0.220021208415
2024_6549,2024,300218.21,2685782.78,康芮颱風,降雨,0.245020480637
2024_6550,2024,271688.0,2629501.91,康芮颱風,降雨,0.249947705809
2024_6551,2024,289451.94,2672625.96,康芮颱風,降雨,0.219994806323
2024_6552,2024,286998.46,2663690.52,康芮颱風,降雨,0.239988247484
2024_6553,2024,299700.83,2690039.08,康芮颱風,降雨,0.225017995759
2024_6554,2024,291385.87,2688385.61,康芮颱風,降雨,0.18999926424
2024_6555,2024,295511.67,2684362.19,康芮颱風,降雨,0.215008552583
2024_6556,2024,285861.29,2656325.56,康芮颱風,降雨,0.224985454236
2024_6557,2024,285390.86,2671673.98,康芮颱風,降雨,0.234984742211
2024_6558,2024,272998.93,2627694.74,康芮颱風,降雨,0.214958221486
2024_6559,2024,297244.51,2693169.77,康芮颱風,降雨,0.20501195883
2024_6560,2024,295302.18,2651905.42,康芮颱風,降雨,0.195006682459
2024_6561,2024,287648.67,2673714.1,康芮颱風,降雨,0.224990623624
2024_6562,2024,288420.77,2659064.4,康芮颱風,降雨,0.224991843687
2024_6563,2024,308410.48,2672558.81,康芮颱風,降雨,0.230038257738
2024_6564,2024,291934.6,2648788.81,康芮颱風,降雨,0.214999809045
2024_6565,2024,273214.06,2627880.03,康芮颱風,降雨,0.224956253631
2024_6566,2024,295552.53,2685073.0,康芮颱風,降雨,0.220008260966
2024_6567,2024,293587.64,2654301.91,康芮颱風,降雨,0.195003003031
2024_6568,2024,288301.51,2655617.35,康芮颱風,降雨,0.214991973426
2024_6569,2024,295394.66,2684821.88,康芮颱風,降雨,0.225008426264
2024_6570,2024,299767.85,2645004.07,康芮颱風,降雨,0.230017647097
2024_6571,2024,296491.47,2653729.02,康芮颱風,降雨,0.230010022558
2024_6572,2024,259261.68,2675124.81,康芮颱風,降雨,0.224926674648
2024_6573,2024,287913.19,2669844.85,康芮颱風,降雨,0.219990972512
2024_6574,2024,292879.54,2673207.77,康芮颱風,降雨,0.185001733801
2024_6575,2024,300821.79,2618156.32,康芮颱風,降雨,0.215017976127
2024_6576,2024,296631.53,2648947.37,康芮颱風,降雨,0.210009756292
2024_6577,2024,304377.12,2686514.01,康芮颱風,降雨,0.21502737463
2024_6578,2024,305305.98,2656084.22,康芮颱風,降雨,0.220029289464
2024_6579,2024,299979.59,2685170.69,康芮颱風,降雨,0.205016764183
2024_6580,2024,299228.96,2676663.65,康芮颱風,降雨,0.220016239521
2024_6581,2024,299226.13,2688026.87,康芮颱風,降雨,0.180013497951
2024_6582,2024,271746.45,2629062.75,康芮颱風,降雨,0.199959036318
2024_6583,2024,271456.67,2670238.9,康芮颱風,降雨,0.139971430125
2024_6584,2024,287004.16,2664294.11,康芮颱風,降雨,0.199990493555
2024_6585,2024,287392.91,2679994.37,康芮颱風,降雨,0.189991598473
2024_6586,2024,288155.94,2656829.15,康芮颱風,降雨,0.164994371193
2024_6587,2024,284184.55,2656582.98,康芮颱風,降雨,0.159987597479
2024_6588,2024,277344.71,2625159.14,康芮颱風,降雨,0.17497365144
2024_6589,2024,281195.2,2653196.21,康芮颱風,降雨,0.194978472725
2024_6590,2024,275209.51,2626554.8,康芮颱風,降雨,0.204964412518
2024_6591,2024,271893.77,2629340.09,康芮颱風,降雨,0.174963899602
2024_6592,2024,272953.23,2629456.68,康芮颱風,降雨,0.204959991432
2024_6593,2024,283492.19,2657377.3,康芮颱風,降雨,0.164985316704
2024_6594,2024,309922.24,2668357.05,康芮颱風,降雨,0.200036105205
2024_6595,2024,273589.07,2625462.63,康芮颱風,降雨,0.209960364465
2024_6596,2024,283166.09,2669041.42,康芮颱風,降雨,0.17998465197
2024_6597,2024,286698.24,2641209.15,康芮颱風,降雨,0.114993618067
2024_6598,2024,271567.64,2629539.48,康芮颱風,降雨,0.174963701049
2024_6599,2024,284786.02,2673966.47,康芮颱風,降雨,0.204985640713
2024_6600,2024,281221.62,2654098.49,康芮颱風,降雨,0.189979639864
2024_6601,2024,297183.53,2650693.23,康芮颱風,降雨,0.175008874479
2024_6602,2024,300967.9,2644637.72,康芮颱風,降雨,0.200017730973
2024_6603,2024,308732.42,2664211.64,康芮颱風,降雨,0.190032104151
2024_6604,2024,293118.86,2655900.54,康芮颱風,降雨,0.175002062015
2024_6605,2024,285882.2,2673691.63,康芮颱風,降雨,0.194988338922
2024_6606,2024,272248.23,2629175.01,康芮颱風,降雨,0.3049383929
2024_6607,2024,275369.01,2622955.91,康芮颱風,降雨,0.204965050704
2024_6608,2024,294338.36,2685913.36,康芮颱風,降雨,0.18000478831
2024_6609,2024,298409.73,2618266.88,康芮颱風,降雨,0.195012047921
2024_6610,2024,275004.23,2626364.32,康芮颱風,降雨,0.199964818394
2024_6611,2024,285310.45,2649202.86,康芮颱風,降雨,0.199986063564
2024_6612,2024,306794.82,2625266.97,康芮颱風,降雨,0.175025293451
2024_6613,2024,288869.19,2658579.6,康芮颱風,降雨,0.109996584466
2024_6614,2024,281266.87,2653247.17,康芮颱風,降雨,0.179980749084
2024_6615,2024,299208.31,2676423.63,康芮颱風,降雨,0.200014493216
2024_6616,2024,292442.05,2671260.92,康芮颱風,降雨,0.190001002086
2024_6617,2024,284218.22,2668466.1,康芮颱風,降雨,0.184985561491
2024_6618,2024,297189.4,2679504.72,康芮颱風,降雨,0.140007528871
2024_6619,2024,299246.96,2677493.82,康芮颱風,降雨,0.185013893662
2024_6620,2024,275231.13,2623695.79,康芮颱風,降雨,0.179969350603
2024_6621,2024,294354.36,2693774.68,康芮颱風,降雨,0.165004486941
2024_6622,2024,293152.95,2688794.25,康芮颱風,降雨,0.115002093849
2024_6623,2024,288061.94,2637154.56,康芮颱風,降雨,0.129994676794
2024_6624,2024,273658.39,2625575.97,康芮颱風,降雨,0.184964734159
2024_6625,2024,270648.98,2670294.13,康芮颱風,降雨,0.189959984807
2024_6626,2024,299217.55,2674982.05,康芮颱風,降雨,0.135009853874
2024_6627,2024,301706.93,2625467.22,康芮颱風,降雨,0.195018300332
2024_6628,2024,303320.98,2686137.57,康芮颱風,降雨,0.185021726884
2024_6629,2024,299127.07,2617214.27,康芮颱風,降雨,0.190012936994
2024_6630,2024,288259.86,2679722.26,康芮颱風,降雨,0.189993133958
2024_6631,2024,304286.71,2686458.03,康芮颱風,降雨,0.18502303688
2024_6632,2024,308305.97,2675300.52,康芮颱風,降雨,0.115019121395
2024_6633,2024,305399.14,2656438.67,康芮颱風,降雨,0.180024078786
2024_6634,2024,288790.98,2659067.87,康芮颱風,降雨,0.179994488574
2024_6635,2024,302692.72,2686755.89,康芮颱風,降雨,0.150016384665
2024_6636,2024,272155.22,2611887.38,康芮颱風,降雨,0.179962994198
2024_6637,2024,303232.9,2676834.21,康芮颱風,降雨,0.125014454418
2024_6638,2024,285044.56,2674196.67,康芮颱風,降雨,0.144990091594
2024_6639,2024,286190.96,2664273.12,康芮颱風,降雨,0.169990204277
2024_6640,2024,277219.23,2629599.44,康芮颱風,降雨,0.1649748235
2024_6641,2024,287777.34,2655303.05,康芮颱風,降雨,0.174992446721
2024_6642,2024,278241.87,2626085.96,康芮颱風,降雨,0.179974662188
2024_6643,2024,260906.12,2673225.52,康芮颱風,降雨,0.164948856731
2024_6644,2024,273584.91,2625653.63,康芮颱風,降雨,0.179966395413
2024_6645,2024,288535.42,2658987.19,康芮颱風,降雨,0.174993883952
2024_6646,2024,272791.92,2627685.67,康芮颱風,降雨,0.169966521972
2024_6647,2024,284644.14,2657586.32,康芮颱風,降雨,0.129990408286
2024_6648,2024,305381.58,2656764.51,康芮颱風,降雨,0.170022618774
2024_6649,2024,261246.35,2673614.97,康芮颱風,降雨,0.184943508356
2024_6650,2024,299406.64,2685028.81,康芮颱風,降雨,0.165012682921
2024_6651,2024,288548.95,2673193.95,康芮颱風,降雨,0.164994399591
2024_6652,2024,293294.47,2656273.93,康芮颱風,降雨,0.14000199006
2024_6653,2024,289162.45,2683020.98,康芮颱風,降雨,0.164995732087
2024_6654,2024,301421.49,2685562.59,康芮颱風,降雨,0.135012962862
2024_6655,2024,297267.23,2681625.24,康芮颱風,降雨,0.150008222535
2024_6656,2024,293696.66,2653000.71,康芮颱風,降雨,0.150002552561
2024_6657,2024,285842.63,2658084.8,康芮颱風,降雨,0.11499284318
2024_6658,2024,303186.53,2685984.71,康芮颱風,降雨,0.165018693356
2024_6659,2024,273266.85,2627934.04,康芮颱風,降雨,0.164968193071
2024_6660,2024,281476.81,2674453.79,康芮颱風,降雨,0.164982932605
2024_6661,2024,303724.1,2686251.81,康芮颱風,降雨,0.165019910527
2024_6662,2024,276197.14,2669779.98,康芮颱風,降雨,0.129979542931
2024_6663,2024,285340.14,2657699.12,康芮颱風,降雨,0.16998874508
2024_6664,2024,274791.3,2625441.0,康芮颱風,降雨,0.164970778606
2024_6665,2024,296936.77,2651351.19,康芮颱風,降雨,0.150007315275
2024_6666,2024,309225.09,2675196.4,康芮颱風,降雨,0.110019001077
2024_6667,2024,307027.67,2627208.48,康芮颱風,降雨,0.170025308421
2024_6668,2024,271755.52,2629269.9,康芮颱風,降雨,0.169964761717
2024_6669,2024,292198.73,2655485.8,康芮颱風,降雨,0.13000022586
2024_6670,2024,298698.42,2684794.31,康芮颱風,降雨,0.140009931223
2024_6671,2024,272584.07,2627702.21,康芮颱風,降雨,0.174964612879
2024_6672,2024,287900.54,2655276.15,康芮颱風,降雨,0.154993812143
2024_6673,2024,277658.69,2652405.46,康芮颱風,降雨,0.169975109428
2024_6674,2024,286206.11,2679833.95,康芮颱風,降雨,0.13499290214
2024_6675,2024,295388.42,2684745.71,康芮颱風,降雨,0.120004312285
2024_6676,2024,273006.72,2612882.08,康芮颱風,降雨,0.15996875804
2024_6677,2024,284936.62,2621959.0,康芮颱風,降雨,0.164987538827
2024_6678,2024,290308.32,2655537.03,康芮颱風,降雨,0.154997266715
2024_6679,2024,299904.74,2685054.81,康芮颱風,降雨,0.160012949658
2024_6680,2024,262609.07,2674920.78,康芮颱風,降雨,0.149956139199
2024_6681,2024,272948.12,2612185.4,康芮颱風,降雨,0.159968289246
2024_6682,2024,271830.85,2629272.08,康芮颱風,降雨,0.164965721
2024_6683,2024,291776.28,2678545.68,康芮颱風,降雨,0.155000176977
2024_6684,2024,283711.7,2675370.54,康芮颱風,降雨,0.159987332346
2024_6685,2024,289646.63,2680542.7,康芮颱風,降雨,0.124997256615
2024_6686,2024,291266.49,2678831.89,康芮颱風,降雨,0.124999432743
2024_6687,2024,285910.32,2678210.7,康芮颱風,降雨,0.149990994096
2024_6688,2024,293398.28,2653752.34,康芮颱風,降雨,0.155002926388
2024_6689,2024,303458.51,2686290.48,康芮颱風,降雨,0.120013936062
2024_6690,2024,300016.9,2684486.89,康芮颱風,降雨,0.150012278191
2024_6691,2024,285534.71,2674208.12,康芮颱風,降雨,0.129991916707
2024_6692,2024,305906.0,2635269.43,康芮颱風,降雨,0.160022620306
2024_6693,2024,293858.2,2635730.77,康芮颱風,降雨,0.1500023418
2024_6694,2024,286338.85,2674124.85,康芮颱風,降雨,0.10499480598
2024_6695,2024,287977.99,2637308.14,康芮颱風,降雨,0.109995201749
2024_6696,2024,295751.75,2654984.92,康芮颱風,降雨,0.150005391348
2024_6697,2024,295525.43,2655145.72,康芮颱風,降雨,0.115004092944
2024_6698,2024,272024.3,2610974.04,康芮颱風,降雨,0.139970957553
2024_6699,2024,286639.9,2663810.9,康芮颱風,降雨,0.14999223189
2024_6700,2024,296065.21,2654138.25,康芮颱風,降雨,0.125005084514
2024_6701,2024,275397.28,2626563.31,康芮颱風,降雨,0.154973777193
2024_6702,2024,287930.8,2672943.18,康芮颱風,降雨,0.154993948211
2024_6703,2024,289709.22,2678727.91,康芮颱風,降雨,0.13999729904
2024_6704,2024,284118.28,2668557.23,康芮颱風,降雨,0.149987933691
2024_6705,2024,299411.07,2676581.46,康芮颱風,降雨,0.150011357736
2024_6706,2024,273167.64,2630185.77,康芮颱風,降雨,0.149970470991
2024_6707,2024,272791.5,2627810.34,康芮颱風,降雨,0.13497309612
2024_6708,2024,295379.52,2693850.91,康芮颱風,降雨,0.140005155502
2024_6709,2024,299265.08,2678553.44,康芮颱風,降雨,0.140010445012
2024_6710,2024,275730.73,2625802.82,康芮颱風,降雨,0.134977555206
2024_6711,2024,294247.84,2632564.92,康芮颱風,降雨,0.155003156884
2024_6712,2024,294411.58,2632640.28,康芮颱風,降雨,0.130002849807
2024_6713,2024,293466.57,2636040.38,康芮颱風,降雨,0.100001492422
2024_6714,2024,288087.62,2637679.92,康芮颱風,降雨,0.159992970507
2024_6715,2024,281798.85,2670461.6,康芮颱風,降雨,0.144985358687
2024_6716,2024,291969.97,2688215.72,康芮颱風,降雨,0.135000614093
2024_6717,2024,285368.77,2657055.34,康芮颱風,降雨,0.144989522484
2024_6718,2024,305234.22,2656131.7,康芮颱風,降雨,0.145019513532
2024_6719,2024,275846.8,2625407.67,康芮颱風,降雨,0.129978415913
2024_6720,2024,288655.93,2661467.04,康芮颱風,降雨,0.14499522629
2024_6721,2024,277773.65,2653260.13,康芮颱風,降雨,0.119983024774
2024_6722,2024,283488.74,2667200.45,康芮颱風,降雨,0.129989143566
2024_6723,2024,281254.63,2653079.1,康芮颱風,降雨,0.129985577336
2024_6724,2024,284097.67,2668486.41,康芮颱風,降雨,0.119990224831
2024_6725,2024,297533.89,2651365.87,康芮颱風,降雨,0.105005568851
2024_6726,2024,281383.8,2672797.42,康芮颱風,降雨,0.149984228489
2024_6727,2024,300708.89,2685420.69,康芮颱風,降雨,0.140012485364
2024_6728,2024,283022.93,2650027.81,康芮颱風,降雨,0.109989954718
2024_6729,2024,291990.61,2649286.69,康芮颱風,降雨,0.1349998093
2024_6730,2024,301926.37,2685924.73,康芮颱風,降雨,0.135014016395
2024_6731,2024,287775.94,2669825.29,康芮颱風,降雨,0.14499349114
2024_6732,2024,299793.38,2648678.06,康芮颱風,降雨,0.140011056006
2024_6733,2024,305244.18,2619078.73,康芮颱風,降雨,0.145018294428
2024_6734,2024,282853.08,2673967.88,康芮颱風,降雨,0.144986877754
2024_6735,2024,305737.33,2623890.17,康芮颱風,降雨,0.1400186584
2024_6736,2024,274401.38,2671427.11,康芮颱風,降雨,0.139975707845
2024_6737,2024,290657.61,2621652.45,康芮颱風,降雨,0.109998257953
2024_6738,2024,294765.73,2692868.9,康芮颱風,降雨,0.13500415866
2024_6739,2024,297477.32,2673236.8,康芮颱風,降雨,0.140008292164
2024_6740,2024,290205.17,2672422.21,康芮颱風,降雨,0.139997435306
2024_6741,2024,292634.91,2672479.92,康芮颱風,降雨,0.145001098136
2024_6742,2024,283090.73,2672843.78,康芮颱風,降雨,0.134987972597
2024_6743,2024,280088.4,2672564.48,康芮颱風,降雨,0.119985600502
2024_6744,2024,288854.8,2620470.79,康芮颱風,降雨,0.139994639314
2024_6745,2024,305697.1,2624017.63,康芮颱風,降雨,0.130017599807
2024_6746,2024,299758.86,2684840.77,康芮颱風,降雨,0.140011226833
2024_6747,2024,298616.54,2675424.78,康芮颱風,降雨,0.12000794438
2024_6748,2024,272121.86,2629259.17,康芮颱風,降雨,0.134972581396
2024_6749,2024,295371.73,2685123.35,康芮颱風,降雨,0.140004936626
2024_6750,2024,272874.96,2612486.03,康芮颱風,降雨,0.134973162078
2024_6751,2024,271961.51,2611018.68,康芮颱風,降雨,0.129972752798
2024_6752,2024,264754.75,2667572.2,康芮颱風,降雨,0.109969680256
2024_6753,2024,277236.11,2625100.59,康芮颱風,降雨,0.104983672806
2024_6754,2024,298554.56,2685750.49,康芮颱風,降雨,0.130009036316
2024_6755,2024,288364.42,2672063.05,康芮颱風,降雨,0.139994967019
2024_6756,2024,284759.48,2673364.71,康芮颱風,降雨,0.139989898393
2024_6757,2024,289094.17,2613684.67,康芮颱風,降雨,0.139995012483
2024_6758,2024,309848.53,2674649.13,康芮颱風,降雨,0.135024349734
2024_6759,2024,302643.93,2686533.3,康芮颱風,降雨,0.130014349645
2024_6760,2024,308538.89,2642658.91,康芮颱風,降雨,0.140022982398
2024_6761,2024,288231.95,2655258.74,康芮颱風,降雨,0.129995315033
2024_6762,2024,299202.14,2687612.82,康芮颱風,降雨,0.130010269268
2024_6763,2024,291055.35,2655342.44,康芮颱風,降雨,0.114999189139
2024_6764,2024,291685.02,2688193.49,康芮颱風,降雨,0.110000154318
2024_6765,2024,281896.43,2670491.39,康芮颱風,降雨,0.139985986817
2024_6766,2024,288295.29,2681453.96,康芮颱風,降雨,0.134995030531
2024_6767,2024,277667.49,2625532.33,康芮颱風,降雨,0.12498164237
2024_6768,2024,299384.83,2677149.93,康芮颱風,降雨,0.13501039604
2024_6769,2024,275642.08,2625522.41,康芮颱風,降雨,0.134977252453
2024_6770,2024,308835.49,2675331.01,康芮颱風,降雨,0.120020495266
2024_6771,2024,284538.26,2673757.38,康芮颱風,降雨,0.129990711866
2024_6772,2024,296601.3,2654885.67,康芮颱風,降雨,0.115005084344
2024_6773,2024,296835.6,2651316.55,康芮颱風,降雨,0.120005930796
2024_6774,2024,299675.2,2684751.77,康芮颱風,降雨,0.13001081898
2024_6775,2024,285674.63,2659095.58,康芮颱風,降雨,0.114993058082
2024_6776,2024,276734.19,2624357.21,康芮颱風,降雨,0.10998250372
2024_6777,2024,301670.33,2674208.44,康芮颱風,降雨,0.120012123393
2024_6778,2024,293295.17,2688457.94,康芮颱風,降雨,0.105001378842
2024_6779,2024,293042.54,2678381.64,康芮颱風,降雨,0.110001445706
2024_6780,2024,283948.47,2650323.54,康芮颱風,降雨,0.119990114083
2024_6781,2024,261166.26,2674321.3,康芮颱風,降雨,0.109966389615
2024_6782,2024,300190.32,2684668.84,康芮颱風,降雨,0.120010554661
2024_6783,2024,282754.93,2650079.7,康芮颱風,降雨,0.124988615448
2024_6784,2024,290757.98,2653920.45,康芮颱風,降雨,0.119998627574
2024_6785,2024,273523.4,2625363.21,康芮颱風,降雨,0.124976278594
2024_6786,2024,288249.51,2683075.96,康芮颱風,降雨,0.124995809105
2024_6787,2024,303399.44,2685915.98,康芮颱風,降雨,0.12501451066
2024_6788,2024,301333.16,2650178.88,康芮颱風,降雨,0.100009041248
2024_6789,2024,299096.52,2687614.02,康芮颱風,降雨,0.1350099511
2024_6790,2024,282025.86,2669576.03,康芮颱風,降雨,0.134986705657
2024_6791,2024,291309.91,2656579.06,康芮颱風,降雨,0.129999140177
2024_6792,2024,273119.94,2630280.56,康芮颱風,降雨,0.134973798045
2024_6793,2024,265704.45,2673971.74,康芮颱風,降雨,0.124967145195
2024_6794,2024,294325.07,2692414.76,康芮颱風,降雨,0.110002873077
2024_6795,2024,302415.57,2686345.5,康芮颱風,降雨,0.115012455763
2024_6796,2024,273117.1,2628367.7,康芮颱風,降雨,0.104979626983
2024_6797,2024,298921.06,2645255.01,康芮颱風,降雨,0.12500837483
2024_6798,2024,284697.22,2673616.45,康芮颱風,降雨,0.124990484399
2024_6799,2024,290455.88,2656531.52,康芮颱風,降雨,0.11999806882
2024_6800,2024,293472.54,2679395.46,康芮颱風,降雨,0.120001915723
2024_6801,2024,299128.66,2678725.99,康芮颱風,降雨,0.120008951554
2024_6802,2024,288723.47,2659171.89,康芮颱風,降雨,0.124995778501
2024_6803,2024,300533.53,2685493.91,康芮颱風,降雨,0.120010722591
2024_6804,2024,287918.25,2655645.44,康芮颱風,降雨,0.119994907107
2024_6805,2024,271319.28,2628768.21,康芮颱風,降雨,0.11997480093
2024_6806,2024,293831.25,2677699.57,康芮颱風,降雨,0.11500251095
2024_6807,2024,264155.98,2676285.46,康芮颱風,降雨,0.119966325907
2024_6808,2024,295408.3,2652052.89,康芮颱風,降雨,0.120003990879
2024_6809,2024,306851.64,2625065.13,康芮颱風,降雨,0.115017196432
2024_6810,2024,275386.68,2623141.86,康芮颱風,降雨,0.119979905068
2024_6811,2024,289421.32,2672857.38,康芮颱風,降雨,0.104997388521
2024_6812,2024,285604.41,2678337.11,康芮颱風,降雨,0.104993326285
2024_6813,2024,275667.38,2628452.31,康芮颱風,降雨,0.104982325768
2024_6814,2024,294302.42,2693840.86,康芮颱風,降雨,0.100002722412
2024_6815,2024,279579.39,2672427.22,康芮颱風,降雨,0.104987137801
2024_6816,2024,292798.06,2674936.19,康芮颱風,降雨,0.115001065302
2024_6817,2024,284107.62,2657471.01,康芮颱風,降雨,0.114990426453
2024_6818,2024,303855.57,2673771.47,康芮颱風,降雨,0.110013221933
2024_6819,2024,280443.25,2652039.54,康芮颱風,降雨,0.114986387609
2024_6820,2024,285327.38,2657772.54,康芮颱風,降雨,0.109992675005
2024_6821,2024,295669.06,2685189.58,康芮颱風,降雨,0.105004273298
2024_6822,2024,307854.51,2675101.54,康芮颱風,降雨,0.110017696099
2024_6823,2024,299987.92,2676953.71,康芮颱風,降雨,0.115009248267
2024_6824,2024,274020.66,2625026.89,康芮颱風,降雨,0.109979460603
2024_6825,2024,293590.65,2688454.02,康芮颱風,降雨,0.115002489504
2024_6826,2024,273702.17,2625533.72,康芮颱風,降雨,0.109979319062
2024_6827,2024,281034.96,2674584.25,康芮颱風,降雨,0.104988766134
2024_6828,2024,266018.74,2675249.49,康芮颱風,降雨,0.114970127556
2024_6829,2024,287583.63,2682558.42,康芮颱風,降雨,0.114995193403
2024_6830,2024,285919.06,2650034.61,康芮颱風,降雨,0.104993300265
2024_6831,2024,300554.85,2674867.17,康芮颱風,降雨,0.110009547141
2024_6832,2024,299876.05,2687273.89,康芮颱風,降雨,0.105009008135
2024_6833,2024,282757.2,2675688.14,康芮颱風,降雨,0.119988953597
2024_6834,2024,295021.44,2654800.35,康芮颱風,降雨,0.115003243014
2024_6835,2024,282415.94,2669792.29,康芮颱風,降雨,0.114989330299
2024_6836,2024,299126.92,2683884.13,康芮颱風,降雨,0.115008567952
2024_6837,2024,272860.62,2613478.12,康芮颱風,降雨,0.104979304663
2024_6838,2024,284661.32,2663742.81,康芮颱風,降雨,0.104992105786
2024_6839,2024,287992.2,2670010.91,康芮颱風,降雨,0.104995748007
2024_6840,2024,309168.16,2674800.84,康芮颱風,降雨,0.10001744688
2024_6841,2024,305867.95,2620287.57,康芮颱風,降雨,0.105014150861
2024_6842,2024,297569.92,2648901.65,康芮颱風,降雨,0.100005623036
2024_6843,2024,284584.46,2669587.57,康芮颱風,降雨,0.109991658904
2024_6844,2024,283214.56,2676224.73,康芮颱風,降雨,0.109990714792
2024_6845,2024,282903.31,2670296.76,康芮颱風,降雨,0.104990695831
2024_6846,2024,279414.99,2653956.01,康芮颱風,降雨,0.104987155786
2024_6847,2024,308015.54,2639426.88,康芮颱風,降雨,0.110017538994
2024_6848,2024,294298.48,2685789.52,康芮颱風,降雨,0.100002751656
2024_6849,2024,272609.87,2613030.94,康芮颱風,降雨,0.104979001225
2024_6850,2024,306715.32,2625937.33,康芮颱風,降雨,0.100014548748
2024_6851,2024,289324.92,2675532.05,康芮颱風,降雨,0.109997253215
2024_6852,2024,305196.32,2623833.85,康芮颱風,降雨,0.105013459123
2024_6853,2024,276841.55,2671168.35,康芮颱風,降雨,0.109983285223
2024_6854,2024,284813.2,2675433.62,康芮颱風,降雨,0.104993026235
2024_6855,2024,287457.87,2673915.13,康芮颱風,降雨,0.109995276993
2024_6856,2024,304890.88,2656311.59,康芮颱風,降雨,0.100012636158
2024_6857,2024,299947.08,2685240.44,康芮颱風,降雨,0.100008046232
2024_6858,2024,294702.87,2677217.43,康芮颱風,降雨,0.105003156587
2024_6859,2024,293298.89,2656690.76,康芮颱風,降雨,0.110001504097
2024_6860,2024,306547.88,2624916.23,康芮颱風,降雨,0.105014868912
2024_6861,2024,267010.68,2668428.18,康芮颱風,降雨,0.109972546706
2024_6862,2024,298110.22,2673604.02,康芮颱風,降雨,0.105006300551
2024_6863,2024,302692.39,2684824.66,康芮颱風,降雨,0.11001204312
2024_6864,2024,282263.06,2669222.58,康芮颱風,降雨,0.104989986656
2024_6865,2024,292320.03,2678538.31,康芮颱風,降雨,0.100000549362
2024_6866,2024,293135.46,2657284.75,康芮颱風,降雨,0.110001460498
2024_6867,2024,293359.5,2685639.88,康芮颱風,降雨,0.100002204575
2024_6868,2024,305302.51,2675426.66,康芮颱風,降雨,0.100013459849
2024_6869,2024,299147.58,2679897.3,康芮颱風,降雨,0.100007524567
2024_6870,2024,297071.87,2675873.84,康芮颱風,降雨,0.10000506032
2024_6871,2024,301278.82,2677039.49,康芮颱風,降雨,0.10000962862
2024_6872,2024,295024.6,2693438.53,康芮颱風,降雨,0.100003568737
2024_6873,2024,299784.51,2676972.8,康芮颱風,降雨,0.100007928717
2024_6874,2024,299616.9,2683309.37,康芮颱風,降雨,0.100007924
2024_6875,2024,272868.58,2627631.56,康芮颱風,降雨,0.119976433724
2024_6876,2024,269133.56,2613861.25,康芮颱風,降雨,1.75958599427
2024_6877,2024,269238.53,2616236.87,康芮颱風,降雨,1.13473333945
2024_6878,2024,267352.75,2593327.16,康芮颱風,降雨,1.26967518283
2024_6879,2024,271909.23,2615102.66,康芮颱風,降雨,0.719850767769
2024_6880,2024,282028.43,2665286.77,康芮颱風,降雨,0.679932963651
2024_6881,2024,268703.5,2611499.94,康芮颱風,降雨,0.679835931203
2024_6882,2024,258014.08,2626571.08,康芮颱風,降雨,0.614787170265
2024_6883,2024,271374.98,2627236.05,康芮颱風,降雨,0.6598602925
2024_6884,2024,270572.44,2613089.2,康芮颱風,降雨,0.549877978761
2024_6885,2024,265919.23,2618100.12,康芮颱風,降雨,0.449879992912
2024_6886,2024,237497.08,2601283.0,康芮颱風,降雨,0.139922324777
2024_6887,2024,237566.57,2601331.19,康芮颱風,降雨,0.279844713456
2024_6888,2024,264503.57,2616987.54,康芮颱風,降雨,0.459870595467
2024_6889,2024,247979.11,2598925.68,康芮颱風,降雨,0.374831074867
2024_6890,2024,268913.13,2610639.21,康芮颱風,降雨,0.239943001562
2024_6891,2024,268796.26,2612565.46,康芮颱風,降雨,0.389905798419
2024_6892,2024,237362.24,2601282.56,康芮颱風,降雨,0.339810211542
2024_6893,2024,266922.29,2617435.56,康芮颱風,降雨,0.344911180191
2024_6894,2024,269311.3,2631490.92,康芮颱風,降雨,0.329923247186
2024_6895,2024,256156.46,2627598.63,康芮颱風,降雨,0.29489264766
2024_6896,2024,269783.07,2615267.96,康芮颱風,降雨,0.309929413414
2024_6897,2024,261885.55,2616065.0,康芮颱風,降雨,0.284911906192
2024_6898,2024,270655.32,2623642.22,康芮颱風,降雨,0.274939482345
2024_6899,2024,266191.52,2626068.72,康芮颱風,降雨,0.26992884113
2024_6900,2024,269221.17,2613912.96,康芮颱風,降雨,0.189955199861
2024_6901,2024,276229.35,2647378.32,康芮颱風,降雨,0.239962087552
2024_6902,2024,268599.14,2610681.3,康芮颱風,降雨,0.269934859415
2024_6903,2024,268473.83,2611509.12,康芮颱風,降雨,0.259936885377
2024_6904,2024,265432.45,2612929.61,康芮颱風,降雨,0.239934220674
2024_6905,2024,265298.97,2599386.08,康芮颱風,降雨,0.249930840118
2024_6906,2024,265347.13,2629822.41,康芮颱風,降雨,0.199946117979
2024_6907,2024,270456.08,2613175.62,康芮颱風,降雨,0.194956670438
2024_6908,2024,264953.51,2598036.42,康芮颱風,降雨,0.22993577277
2024_6909,2024,272002.57,2621037.78,康芮颱風,降雨,0.219954900554
2024_6910,2024,265026.14,2631427.83,康芮颱風,降雨,0.214940940634
2024_6911,2024,265347.27,2634684.94,康芮颱風,降雨,0.189948820213
2024_6912,2024,270142.03,2615083.53,康芮颱風,降雨,0.194956119541
2024_6913,2024,269976.92,2613433.4,康芮颱風,降雨,0.194956174741
2024_6914,2024,248121.57,2598895.42,康芮颱風,降雨,0.18991416871
2024_6915,2024,272071.82,2615199.07,康芮颱風,降雨,0.189960692115
2024_6916,2024,266185.9,2626217.62,康芮颱風,降雨,0.149960487315
2024_6917,2024,268873.7,2615552.58,康芮颱風,降雨,0.17995719617
2024_6918,2024,257944.45,2626541.67,康芮颱風,降雨,0.189934498551
2024_6919,2024,259037.34,2619928.59,康芮颱風,降雨,0.174941523723
2024_6920,2024,269019.54,2613032.64,康芮颱風,降雨,0.189955033107
2024_6921,2024,265239.94,2600339.57,康芮颱風,降雨,0.174951835455
2024_6922,2024,269072.51,2614111.09,康芮颱風,降雨,0.174958919622
2024_6923,2024,274636.49,2660324.65,康芮颱風,降雨,0.169970110662
2024_6924,2024,270300.65,2613283.33,康芮颱風,降雨,0.129971343647
2024_6925,2024,270750.04,2624771.78,康芮颱風,降雨,0.159965177948
2024_6926,2024,265359.7,2629612.45,康芮颱風,降雨,0.12996479399
2024_6927,2024,265095.82,2633189.08,康芮颱風,降雨,0.149958933354
2024_6928,2024,265402.3,2629356.33,康芮颱風,降雨,0.139961974916
2024_6929,2024,270073.21,2618154.07,康芮颱風,降雨,0.149965866271
2024_6930,2024,253045.16,2590245.06,康芮颱風,降雨,0.139943150853
2024_6931,2024,270274.83,2623894.16,康芮颱風,降雨,0.12997104628
2024_6932,2024,268806.14,2611498.19,康芮颱風,降雨,0.144965345004
2024_6933,2024,272893.91,2635471.52,康芮颱風,降雨,0.144971837282
2024_6934,2024,266862.31,2617234.89,康芮颱風,降雨,0.129966517504
2024_6935,2024,270504.72,2623226.35,康芮颱風,降雨,0.129971329369
2024_6936,2024,269868.11,2637500.56,康芮颱風,降雨,0.139968386272
2024_6937,2024,266198.39,2622012.07,康芮颱風,降雨,0.134964392613
2024_6938,2024,256142.62,2607138.68,康芮颱風,降雨,0.129952085158
2024_6939,2024,265387.06,2629727.01,康芮颱風,降雨,0.129964848198
2024_6940,2024,264363.5,2616883.21,康芮颱風,降雨,0.12996261001
2024_6941,2024,265453.76,2628818.99,康芮颱風,降雨,0.114968761046
2024_6942,2024,271653.48,2621862.85,康芮颱風,降雨,0.129972852381
2024_6943,2024,264734.06,2624083.3,康芮颱風,降雨,0.109969346625
2024_6944,2024,271002.6,2617762.18,康芮颱風,降雨,0.10997615181
2024_6945,2024,265477.76,2623818.63,康芮颱風,降雨,0.109969995768
2024_6946,2024,263287.08,2624293.72,康芮颱風,降雨,0.10996765476
2024_6947,2024,267637.01,2610954.22,康芮颱風,降雨,0.11497127226
2024_6948,2024,273216.31,2635920.66,康芮颱風,降雨,0.114977923181
2024_6949,2024,273129.63,2635953.85,康芮颱風,降雨,0.10498018675
2024_6950,2024,258681.72,2626377.1,康芮颱風,降雨,0.109962784817
2024_6951,2024,264185.72,2617288.41,康芮颱風,降雨,0.104970216857
2024_6952,2024,248458.06,2596165.01,康芮颱風,降雨,5.43757152711
2024_6953,2024,248166.0,2596261.69,康芮颱風,降雨,1.54430620998
2024_6954,2024,248231.85,2595692.36,康芮颱風,降雨,1.15448191678
2024_6955,2024,248011.7,2595699.17,康芮颱風,降雨,0.309860031496
2024_6956,2024,248153.99,2595887.97,康芮颱風,降雨,4.07316936121
2024_6957,2024,248206.93,2597124.69,康芮颱風,降雨,5.43256034579
2024_6958,2024,247784.77,2595839.1,康芮颱風,降雨,3.44843570345
2024_6959,2024,248213.23,2596503.82,康芮颱風,降雨,2.64881121185
2024_6960,2024,248361.02,2596684.57,康芮颱風,降雨,1.97911427397
2024_6961,2024,247894.58,2597086.33,康芮颱風,降雨,1.73421520829
2024_6962,2024,242718.07,2578421.56,康芮颱風,降雨,1.15941217334
2024_6963,2024,247857.2,2596729.34,康芮颱風,降雨,0.739665115913
2024_6964,2024,247843.15,2595988.26,康芮颱風,降雨,0.644708064844
2024_6965,2024,248427.32,2595729.84,康芮颱風,降雨,0.579740927444
2024_6966,2024,248099.65,2597116.73,康芮颱風,降雨,0.254885452593
2024_6967,2024,248022.94,2597125.37,康芮颱風,降雨,0.234894126688
2024_6968,2024,248287.56,2596287.33,康芮颱風,降雨,0.424809256041
2024_6969,2024,238573.15,2595672.93,康芮颱風,降雨,0.38478989051
2024_6970,2024,248067.45,2565040.53,康芮颱風,降雨,0.334847636285
2024_6971,2024,258987.66,2566090.87,康芮颱風,降雨,0.224922809808
2024_6972,2024,244934.18,2582525.79,康芮颱風,降雨,0.309849664095
2024_6973,2024,244161.32,2578866.81,康芮颱風,降雨,0.304849749623
2024_6974,2024,248214.37,2590953.46,康芮颱風,降雨,0.25488567808
2024_6975,2024,249506.28,2577790.16,康芮颱風,降雨,0.16992538445
2024_6976,2024,245480.63,2581681.06,康芮颱風,降雨,0.269870870102
2024_6977,2024,248345.74,2595700.39,康芮颱風,降雨,0.259883770983
2024_6978,2024,245344.99,2580151.42,康芮颱風,降雨,0.214896544573
2024_6979,2024,241726.08,2576842.37,康芮颱風,降雨,0.169912221585
2024_6980,2024,233785.78,2569498.21,康芮颱風,降雨,0.19987995103
2024_6981,2024,245185.55,2581255.8,康芮颱風,降雨,0.179913238429
2024_6982,2024,255018.4,2598337.53,康芮颱風,降雨,0.169935382014
2024_6983,2024,229141.98,2581464.21,康芮颱風,降雨,0.10992925251
2024_6984,2024,248311.03,2597329.32,康芮颱風,降雨,0.159928215555
2024_6985,2024,248080.34,2564662.71,康芮颱風,降雨,0.169922276753
2024_6986,2024,235749.18,2585847.41,康芮颱風,降雨,0.144916492568
2024_6987,2024,246882.36,2580246.59,康芮颱風,降雨,0.129939751231
2024_6988,2024,246192.48,2580003.76,康芮颱風,降雨,0.11494582535
2024_6989,2024,240554.76,2577682.31,康芮颱風,降雨,0.104944286782
2024_6990,2024,248071.24,2564762.03,康芮颱風,降雨,0.129940866852
2024_6991,2024,243450.58,2577306.79,康芮颱風,降雨,0.104947828627
2024_6992,2024,247276.7,2595584.16,康芮颱風,降雨,0.104951897495
2024_6993,2024,247514.52,2511046.07,康芮颱風,降雨,1.49430077906
2024_6994,2024,247451.62,2511464.7,康芮颱風,降雨,0.484772506084
2024_6995,2024,247300.9,2511375.68,康芮颱風,降雨,0.389816440487
2024_6996,2024,247673.69,2510964.41,康芮颱風,降雨,0.11994394227
2024_6997,2024,276768.36,2707012.65,康芮颱風,降雨,0.304955080453
2024_6998,2024,272835.91,2714807.38,康芮颱風,降雨,0.139973986139
2024_6999,2024,246162.6,2679480.87,康芮颱風,降雨,0.284869636958
2024_7000,2024,249661.77,2669623.17,康芮颱風,降雨,0.339855796528
2024_7001,2024,276816.1,2681906.21,康芮颱風,降雨,0.284957521374
2024_7002,2024,277528.94,2673453.32,康芮颱風,降雨,0.119982812403
2024_7003,2024,280185.49,2632745.63,康芮颱風,降雨,0.294963899434
2024_7004,2024,280062.32,2632767.15,康芮颱風,降雨,2.15473481892
2024_7005,2024,279972.23,2630928.92,康芮颱風,降雨,1.96975533819
2024_7006,2024,275934.25,2637163.36,康芮颱風,降雨,1.28978925072
2024_7007,2024,285415.81,2662579.78,康芮颱風,降雨,1.08992880817
2024_7008,2024,282441.37,2655370.04,康芮颱風,降雨,0.67993430305
2024_7009,2024,282526.87,2655441.7,康芮颱風,降雨,0.164984382744
2024_7010,2024,255747.51,2666768.03,康芮颱風,降雨,0.789712561088
2024_7011,2024,243521.7,2668043.54,康芮颱風,降雨,1.01950476758
2024_7012,2024,281608.58,2656607.4,康芮颱風,降雨,0.954900340289
2024_7013,2024,276241.67,2636444.54,康芮颱風,降雨,0.874858683151
2024_7014,2024,283600.85,2646197.63,康芮颱風,降雨,0.694941112167
2024_7015,2024,298048.6,2681116.37,康芮颱風,降雨,0.76004793764
2024_7016,2024,279135.93,2631564.41,康芮颱風,降雨,0.774897442415
2024_7017,2024,255911.36,2667205.12,康芮颱風,降雨,0.534806586508
2024_7018,2024,255852.55,2667278.43,康芮颱風,降雨,0.114958594813
2024_7019,2024,283932.1,2652772.79,康芮颱風,降雨,0.714941390681
2024_7020,2024,243191.85,2667763.21,康芮颱風,降雨,0.659677397691
2024_7021,2024,255574.3,2667043.38,康芮颱風,降雨,0.374863234892
2024_7022,2024,255503.62,2667049.98,康芮颱風,降雨,0.15494317719
2024_7023,2024,280021.67,2656895.69,康芮颱風,降雨,0.679917854779
2024_7024,2024,284638.92,2654220.07,康芮颱風,降雨,0.654951446486
2024_7025,2024,281838.95,2630436.34,康芮颱風,降雨,0.539942949351
2024_7026,2024,280415.58,2656951.08,康芮颱風,降雨,0.584931776227
2024_7027,2024,278935.15,2631018.66,康芮颱風,降雨,0.124983478578
2024_7028,2024,278878.96,2631086.67,康芮颱風,降雨,0.289960995258
2024_7029,2024,278949.61,2631980.8,康芮颱風,降雨,0.549926251412
2024_7030,2024,273836.48,2630368.62,康芮颱風,降雨,0.589890004138
2024_7031,2024,279012.08,2630875.46,康芮颱風,降雨,0.664910959958
2024_7032,2024,288025.57,2643670.56,康芮颱風,降雨,0.519978260828
2024_7033,2024,275703.3,2633023.54,康芮颱風,降雨,0.469921502065
2024_7034,2024,279651.57,2656782.98,康芮颱風,降雨,0.354955872608
2024_7035,2024,279966.74,2630577.84,康芮颱風,降雨,0.229971478001
2024_7036,2024,284462.81,2653857.75,康芮颱風,降雨,0.36997179508
2024_7037,2024,276463.63,2636399.13,康芮颱風,降雨,0.394937509539
2024_7038,2024,281687.21,2646444.69,康芮颱風,降雨,0.379960007113
2024_7039,2024,281771.75,2655410.13,康芮颱風,降雨,0.389959966385
2024_7040,2024,279336.87,2656665.04,康芮颱風,降雨,0.299961263421
2024_7041,2024,278764.1,2631161.42,康芮颱風,降雨,0.329955123487
2024_7042,2024,282378.6,2654992.76,康芮颱風,降雨,0.224978265486
2024_7043,2024,282621.29,2655819.01,康芮颱風,降雨,0.309970295798
2024_7044,2024,273963.31,2630367.66,康芮颱風,降雨,0.154971263481
2024_7045,2024,274034.75,2630375.38,康芮颱風,降雨,0.149972471309
2024_7046,2024,284421.21,2644204.13,康芮颱風,降雨,0.289977675529
2024_7047,2024,296270.1,2681092.34,康芮颱風,降雨,0.33001516795
2024_7048,2024,280280.7,2632886.0,康芮颱風,降雨,0.209974536408
2024_7049,2024,281986.22,2630244.2,康芮颱風,降雨,0.174981823177
2024_7050,2024,283706.44,2646086.72,康芮颱風,降雨,0.309973662791
2024_7051,2024,283338.47,2656672.61,康芮颱風,降雨,0.269976755923
2024_7052,2024,282075.37,2630004.49,康芮颱風,降雨,0.314967700535
2024_7053,2024,276876.03,2636174.84,康芮颱風,降雨,0.294954094889
2024_7054,2024,280380.47,2657202.88,康芮颱風,降雨,0.259969659707
2024_7055,2024,278123.77,2630173.77,康芮颱風,降雨,0.224968367551
2024_7056,2024,284530.63,2654076.82,康芮颱風,降雨,0.26497985208
2024_7057,2024,285553.17,2643915.86,康芮颱風,降雨,0.294980521343
2024_7058,2024,276173.06,2632865.87,康芮颱風,降雨,0.269956347957
2024_7059,2024,283528.51,2656791.42,康芮颱風,降雨,0.234979792823
2024_7060,2024,277179.48,2635005.07,康芮颱風,降雨,0.26995917569
2024_7061,2024,247292.33,2664867.02,康芮颱風,降雨,0.264881034034
2024_7062,2024,276350.4,2636659.52,康芮颱風,降雨,0.144976914541
2024_7063,2024,283327.44,2657283.14,康芮颱風,降雨,0.149986943881
2024_7064,2024,277120.65,2632271.48,康芮颱風,降雨,0.249961452465
2024_7065,2024,276986.66,2636466.06,康芮颱風,降雨,0.234964118514
2024_7066,2024,281909.25,2655233.85,康芮颱風,降雨,0.244974611766
2024_7067,2024,257731.85,2667459.97,康芮颱風,降雨,0.189934858063
2024_7068,2024,274000.81,2630152.39,康芮颱風,降雨,0.239955498547
2024_7069,2024,249650.94,2668116.6,康芮颱風,降雨,0.199915170603
2024_7070,2024,282653.88,2656421.8,康芮颱風,降雨,0.224978763706
2024_7071,2024,281951.21,2646274.21,康芮颱風,降雨,0.124987352594
2024_7072,2024,273977.43,2615367.35,康芮颱風,降雨,0.214959797184
2024_7073,2024,282764.3,2657209.99,康芮颱風,降雨,0.224978942811
2024_7074,2024,276906.98,2636513.15,康芮颱風,降雨,0.229964873606
2024_7075,2024,276203.58,2633153.44,康芮颱風,降雨,0.214965036325
2024_7076,2024,255072.11,2670690.12,康芮颱風,降雨,0.219918519481
2024_7077,2024,282734.11,2656104.57,康芮颱風,降雨,0.219979146174
2024_7078,2024,249994.46,2668800.02,康芮颱風,降雨,0.139941165814
2024_7079,2024,284576.43,2654006.57,康芮颱風,降雨,0.209984469985
2024_7080,2024,284713.16,2653557.77,康芮颱風,降雨,0.199985438462
2024_7081,2024,278895.2,2632564.81,康芮颱風,降雨,0.214970919099
2024_7082,2024,250129.1,2668621.8,康芮颱風,降雨,0.159932833257
2024_7083,2024,277078.09,2636338.51,康芮颱風,降雨,0.204968893381
2024_7084,2024,276375.28,2632983.81,康芮颱風,降雨,0.189969323679
2024_7085,2024,276320.33,2636577.48,康芮颱風,降雨,0.154975295914
2024_7086,2024,276493.57,2636889.5,康芮颱風,降雨,0.219964946038
2024_7087,2024,279208.25,2647054.09,康芮颱風,降雨,0.199973956591
2024_7088,2024,283947.78,2652518.19,康芮颱風,降雨,0.194984152723
2024_7089,2024,285532.19,2654490.9,康芮颱風,降雨,0.189987395842
2024_7090,2024,276265.68,2632951.42,康芮颱風,降雨,0.144976687025
2024_7091,2024,279165.1,2631040.74,康芮颱風,降雨,0.204972839078
2024_7092,2024,273691.66,2630068.64,康芮颱風,降雨,0.189964392906
2024_7093,2024,287245.21,2672914.62,康芮颱風,降雨,0.194990867155
2024_7094,2024,280471.36,2656817.74,康芮颱風,降雨,0.184978205715
2024_7095,2024,279374.45,2656505.04,康芮颱風,降雨,0.194975410551
2024_7096,2024,275753.85,2633177.62,康芮颱風,降雨,0.174970944708
2024_7097,2024,255385.64,2666945.31,康芮颱風,降雨,0.134950412917
2024_7098,2024,277204.53,2635989.77,康芮颱風,降雨,0.109983185197
2024_7099,2024,273779.12,2630108.13,康芮颱風,降雨,0.169968278616
2024_7100,2024,248256.51,2667383.34,康芮颱風,降雨,0.174923165301
2024_7101,2024,282028.11,2646123.54,康芮颱風,降雨,0.149984755902
2024_7102,2024,281776.16,2630622.9,康芮颱風,降雨,0.154983617694
2024_7103,2024,284316.32,2644695.94,康芮颱風,降雨,0.159987281652
2024_7104,2024,279221.08,2656372.1,康芮颱風,降雨,0.174977271642
2024_7105,2024,254954.97,2671848.3,康芮颱風,降雨,0.159941160021
2024_7106,2024,281312.39,2653415.14,康芮颱風,降雨,0.149984015488
2024_7107,2024,275939.53,2636778.68,康芮颱風,降雨,0.154974303852
2024_7108,2024,277799.71,2618982.1,康芮颱風,降雨,0.174973992066
2024_7109,2024,280269.63,2632746.73,康芮颱風,降雨,0.159980607309
2024_7110,2024,251141.4,2670196.92,康芮颱風,降雨,0.109955028501
2024_7111,2024,284890.45,2655020.29,康芮颱風,降雨,0.159988662533
2024_7112,2024,284755.89,2654175.35,康芮颱風,降雨,0.149988878975
2024_7113,2024,283223.27,2656769.32,康芮颱風,降雨,0.144987124951
2024_7114,2024,296870.24,2680780.22,康芮颱風,降雨,0.130006341853
2024_7115,2024,276131.11,2636479.65,康芮颱風,降雨,0.139977060573
2024_7116,2024,252826.94,2669893.66,康芮颱風,降雨,0.10495910283
2024_7117,2024,286768.47,2642163.79,康芮颱風,降雨,0.139992069812
2024_7118,2024,260895.63,2672001.09,康芮颱風,降雨,0.144954997045
2024_7119,2024,284745.43,2653715.21,康芮颱風,降雨,0.139989703143
2024_7120,2024,278578.37,2647463.65,康芮颱風,降雨,0.12498281819
2024_7121,2024,254905.26,2669908.18,康芮颱風,降雨,0.114957289424
2024_7122,2024,284720.18,2653461.61,康芮颱風,降雨,0.134990193414
2024_7123,2024,283740.47,2653359.84,康芮颱風,降雨,0.124989924836
2024_7124,2024,296810.68,2680612.91,康芮颱風,降雨,0.125006510748
2024_7125,2024,254963.8,2667745.5,康芮颱風,降雨,0.11495760936
2024_7126,2024,275925.9,2636527.52,康芮颱風,降雨,0.114980936015
2024_7127,2024,297679.35,2662599.6,康芮颱風,降雨,0.105006135788
2024_7128,2024,292820.65,2688063.5,康芮颱風,降雨,0.120001263535
2024_7129,2024,277484.43,2633338.28,康芮颱風,降雨,0.124981120539
2024_7130,2024,279180.51,2656506.31,康芮颱風,降雨,0.119984622793
2024_7131,2024,283921.88,2644108.54,康芮颱風,降雨,0.129989059625
2024_7132,2024,254850.45,2670031.83,康芮颱風,降雨,0.114957142327
2024_7133,2024,280224.72,2656916.13,康芮颱風,降雨,0.119985733979
2024_7134,2024,279453.84,2656661.47,康芮颱風,降雨,0.114985570089
2024_7135,2024,249824.25,2668094.01,康芮颱風,降雨,0.114951609729
2024_7136,2024,278008.75,2618333.44,康芮颱風,降雨,0.114983488847
2024_7137,2024,299312.72,2677107.3,康芮颱風,降雨,0.100007528029
2024_7138,2024,277143.38,2632593.05,康芮颱風,降雨,0.104983886022
2024_7139,2024,275951.42,2637050.82,康芮颱風,降雨,0.114981397222
2024_7140,2024,276616.87,2636275.52,康芮颱風,降雨,0.109982836669
2024_7141,2024,245568.24,2667312.21,康芮颱風,降雨,0.10994893335
2024_7142,2024,255098.54,2671999.17,康芮颱風,降雨,0.104961582814
2024_7143,2024,260482.86,2631469.24,康芮颱風,降雨,0.224927726958
2024_7144,2024,260600.21,2631501.87,康芮颱風,降雨,1.76943556238
2024_7145,2024,260397.56,2631598.6,康芮颱風,降雨,0.899711076819
2024_7146,2024,257437.48,2631631.59,康芮颱風,降雨,2.26920339475
2024_7147,2024,261795.39,2591998.11,康芮颱風,降雨,1.13464508938
2024_7148,2024,261786.48,2592121.63,康芮颱風,降雨,0.139956488819
2024_7149,2024,261218.0,2641016.6,康芮颱風,降雨,0.914715012623
2024_7150,2024,272968.16,2582278.15,康芮颱風,降雨,0.704858279114
2024_7151,2024,257809.19,2632702.93,康芮颱風,降雨,0.654772378374
2024_7152,2024,257729.68,2631682.43,康芮颱風,降雨,0.574799962738
2024_7153,2024,272588.94,2640070.46,康芮颱風,降雨,0.51489850597
2024_7154,2024,260653.2,2632123.54,康芮颱風,降雨,0.484845786054
2024_7155,2024,261924.16,2589867.21,康芮颱風,降雨,0.549829053216
2024_7156,2024,261085.65,2640907.63,康芮颱風,降雨,0.514838436748
2024_7157,2024,270258.9,2622664.4,康芮颱風,降雨,0.494889349357
2024_7158,2024,223633.85,2604967.42,康芮颱風,降雨,0.469673126298
2024_7159,2024,251984.07,2637574.24,康芮颱風,降雨,0.429825810853
2024_7160,2024,257965.86,2633581.25,康芮颱風,降雨,0.4198549305
2024_7161,2024,258406.59,2632197.89,康芮颱風,降雨,0.374872165436
2024_7162,2024,277698.82,2657689.08,康芮颱風,降雨,0.409941378083
2024_7163,2024,257805.44,2632027.59,康芮颱風,降雨,0.614787174852
2024_7164,2024,261797.84,2590333.49,康芮颱風,降雨,0.354888852556
2024_7165,2024,259545.18,2631197.81,康芮颱風,降雨,0.334889427476
2024_7166,2024,267352.19,2623318.51,康芮颱風,降雨,0.334915800472
2024_7167,2024,266898.14,2641693.04,康芮颱風,降雨,0.184953158735
2024_7168,2024,256990.37,2633441.91,康芮颱風,降雨,0.144948451932
2024_7169,2024,272545.13,2639960.1,康芮颱風,降雨,0.254949474558
2024_7170,2024,260487.1,2631254.62,康芮颱風,降雨,0.229926460694
2024_7171,2024,261840.57,2590196.97,康芮颱風,降雨,0.214932885816
2024_7172,2024,257987.13,2631865.14,康芮颱風,降雨,0.249913499838
2024_7173,2024,268268.32,2574245.49,康芮颱風,降雨,0.204949004551
2024_7174,2024,259475.65,2632124.49,康芮颱風,降雨,0.16494583829
2024_7175,2024,257247.51,2631427.33,康芮颱風,降雨,0.169940215449
2024_7176,2024,257674.35,2633102.6,康芮颱風,降雨,0.169940807551
2024_7177,2024,261154.78,2632204.36,康芮颱風,降雨,0.139955982009
2024_7178,2024,265610.3,2618124.77,康芮颱風,降雨,0.149959415608
2024_7179,2024,261242.49,2641089.41,康芮颱風,降雨,0.154951502055
2024_7180,2024,261330.13,2634999.21,康芮颱風,降雨,0.109965874113
2024_7181,2024,268011.56,2574458.85,康芮颱風,降雨,0.144963493292
2024_7182,2024,265532.92,2629299.11,康芮颱風,降雨,0.149959505059
2024_7183,2024,271981.89,2660716.95,康芮颱風,降雨,0.119975851903
2024_7184,2024,273134.65,2653103.17,康芮颱風,降雨,0.139972893183
2024_7185,2024,258007.68,2632803.0,康芮颱風,降雨,0.134953752721
2024_7186,2024,257069.52,2633392.91,康芮颱風,降雨,0.114959689401
2024_7187,2024,259621.62,2631223.93,康芮颱風,降雨,0.114962805456
2024_7188,2024,260808.8,2632096.94,康芮颱風,降雨,0.10996507569
2024_7189,2024,268246.59,2574176.78,康芮颱風,降雨,0.129967531762
2024_7190,2024,259227.66,2632604.86,康芮颱風,降雨,0.134954846793
2024_7191,2024,257180.7,2632991.02,康芮颱風,降雨,0.109960994395
2024_7192,2024,260958.02,2628282.41,康芮颱風,降雨,0.10496688268
2024_7193,2024,267567.71,2628216.54,康芮颱風,降雨,0.104973826088
2024_7194,2024,245260.34,2558641.71,康芮颱風,降雨,0.419796781419
2024_7195,2024,244737.52,2558670.53,康芮颱風,降雨,0.154924164559
2024_7196,2024,243134.0,2573264.81,康芮颱風,降雨,0.119939377996
2024_7197,2024,244387.35,2485250.71,天兔颱風,降雨,0.135783557793
2024_7198,2024,232823.52,2504748.03,天兔颱風,降雨,0.320001672523
2024_7199,2024,333301.88,2715442.16,1112豪雨,降雨,0.918811581872
2024_7200,2024,337271.0,2713835.29,1112豪雨,降雨,0.838332560049
2024_7201,2024,299029.98,2790685.01,山陀兒颱風,降雨,0.123325448005
2024_7202,2024,245639.03,2739898.27,山陀兒颱風,降雨,0.202771209359
2024_7203,2024,211576.59,2541899.27,凱米颱風,降雨,1.98190377847
2024_7204,2024,215379.46,2560175.57,凱米颱風,降雨,4.58219324234
2024_7205,2024,215707.07,2560173.86,凱米颱風,降雨,0.391846151892
2024_7206,2024,216567.78,2560350.82,凱米颱風,降雨,28.4567389226
2024_7207,2024,309020.06,2640456.89,凱米颱風,降雨,0.192446956358
2024_7208,2024,220969.36,2527284.78,凱米颱風,降雨,0.700455976395
2024_7209,2024,222494.15,2526937.95,凱米颱風,降雨,0.232008540499
2024_7210,2024,222571.63,2527044.08,凱米颱風,降雨,0.197229852445
2024_7211,2024,222618.73,2527205.88,凱米颱風,降雨,0.488533186592
2024_7212,2024,222592.39,2527245.8,凱米颱風,降雨,0.118289737271
2024_7213,2024,221317.1,2526892.16,凱米颱風,降雨,0.627133367723
2024_7214,2024,220842.97,2526993.03,凱米颱風,降雨,0.225177017321
2024_7215,2024,207807.84,2566983.11,凱米颱風,降雨,0.154791665414
2024_7216,2024,208485.82,2569026.13,凱米颱風,降雨,6.24923076631
2024_7217,2024,208402.3,2568031.1,凱米颱風,降雨,0.383932587755
2024_7218,2024,208825.89,2569427.92,凱米颱風,降雨,0.451400001021
2024_7219,2024,209486.03,2568603.61,凱米颱風,降雨,6.18915689433
2024_7220,2024,226929.69,2545213.38,凱米颱風,降雨,0.883386486832
2024_7221,2024,226820.27,2545563.0,凱米颱風,降雨,1.26800980352
2024_7222,2024,219675.03,2547890.87,凱米颱風,降雨,0.657936921502
2024_7223,2024,219704.16,2549297.25,凱米颱風,降雨,0.563441281375
2024_7224,2024,219786.12,2549447.56,凱米颱風,降雨,2.32038213744
2024_7225,2024,220487.83,2551038.98,凱米颱風,降雨,0.243139657161
2024_7226,2024,221017.32,2527574.31,凱米颱風,降雨,0.179658126855
2024_7227,2024,221026.24,2527760.57,凱米颱風,降雨,0.209216842838
2024_7228,2024,221750.9,2532575.75,凱米颱風,降雨,6.65201809109
2024_7229,2024,221891.94,2532642.93,凱米颱風,降雨,0.133746597858
2024_7230,2024,221807.88,2532668.53,凱米颱風,降雨,0.195213195078
2024_7231,2024,217912.8,2526918.78,凱米颱風,降雨,0.199242351839
2024_7232,2024,218057.81,2526901.82,凱米颱風,降雨,0.122659015985
2024_7233,2024,220404.96,2527022.49,凱米颱風,降雨,0.138546973635
2024_7234,2024,220546.74,2526986.09,凱米颱風,降雨,0.147988656517
2024_7235,2024,224874.22,2521888.88,凱米颱風,降雨,0.154989248354
2024_7236,2024,222058.63,2522453.42,凱米颱風,降雨,0.284436854422
2024_7237,2024,225522.01,2523153.25,凱米颱風,降雨,1.27391700532
2024_7238,2024,222118.77,2522609.38,凱米颱風,降雨,0.721088912685
2024_7239,2024,222168.95,2522796.77,凱米颱風,降雨,0.102708544404
2024_7240,2024,229258.11,2504220.72,凱米颱風,降雨,2.17389078904
2024_7241,2024,227659.97,2505085.62,凱米颱風,降雨,3.49712706709
2024_7242,2024,227774.33,2505230.04,凱米颱風,降雨,1.816837194
2024_7243,2024,230536.14,2507232.99,凱米颱風,降雨,0.236815249132
2024_7244,2024,244086.37,2515077.17,凱米颱風,降雨,0.140960591794
2024_7245,2024,235388.28,2515528.38,凱米颱風,降雨,0.178258963373
2024_7246,2024,242680.69,2527885.94,山陀兒颱風,降雨,3.3380371389
2024_7247,2024,306712.02,2689798.6,山陀兒颱風,降雨,0.987369276707
2024_7248,2024,329480.49,2768140.85,山陀兒颱風,降雨,0.999405878495
2024_7249,2024,222236.23,2447057.31,山陀兒颱風,降雨,2.71345025292
2024_7250,2024,219491.29,2471930.98,山陀兒颱風,降雨,0.836526600176
2024_7251,2024,221544.37,2474139.46,凱米颱風,降雨,0.863165258902
2024_7252,2024,223408.84,2476876.7,凱米颱風,降雨,1.29062615654
2024_7253,2024,218596.34,2485719.75,凱米颱風,降雨,1.58351391064
2024_7254,2024,218503.65,2487358.67,凱米颱風,降雨,0.840342230038
2024_7255,2024,223124.41,2488798.15,凱米颱風,降雨,1.68273327247
2024_7256,2024,222395.42,2491567.17,凱米颱風,降雨,1.73230010992
2024_7257,2024,221982.34,2491713.87,凱米颱風,降雨,1.8596399736
2024_7258,2024,221730.39,2495814.18,凱米颱風,降雨,1.32483128126
2024_7259,2024,221511.79,2495961.55,凱米颱風,降雨,0.881089171789
2024_7260,2024,219476.62,2496391.47,凱米颱風,降雨,1.8788442649
2024_7261,2024,224225.41,2500413.86,凱米颱風,降雨,2.30430829313
2024_7262,2024,225276.42,2503108.15,凱米颱風,降雨,2.63294561339
2024_7263,2024,220829.46,2508064.71,凱米颱風,降雨,1.07320145392
2024_7264,2024,220478.89,2511903.43,凱米颱風,降雨,0.849277377505
2024_7265,2024,232834.2,2477128.62,凱米颱風,降雨,1.00821537365
2024_7266,2024,239479.7,2489906.31,山陀兒颱風,降雨,0.991362270881
2024_7267,2024,225783.22,2491073.08,凱米颱風,降雨,1.57998048216
2024_7268,2024,226734.4,2491557.07,山陀兒颱風,降雨,0.913168837668
2024_7269,2024,236272.58,2496181.9,山陀兒颱風,降雨,1.07507372049
2024_7270,2024,230080.66,2496291.53,山陀兒颱風,降雨,1.32856284097
2024_7271,2024,235953.23,2496472.51,山陀兒颱風,降雨,1.96029845202
2024_7272,2024,233025.61,2497370.9,山陀兒颱風,降雨,1.18604110758
2024_7273,2024,235861.0,2497829.39,山陀兒颱風,降雨,1.00620645327
2024_7274,2024,231599.21,2498003.45,山陀兒颱風,降雨,1.73257371653
2024_7275,2024,242813.25,2498486.64,山陀兒颱風,降雨,4.6509289221
2024_7276,2024,225763.06,2499255.62,凱米颱風,降雨,0.975176146893
2024_7277,2024,232359.68,2501529.23,山陀兒颱風,降雨,1.08064549723
2024_7278,2024,234058.53,2502498.81,山陀兒颱風,降雨,1.100056072
2024_7279,2024,234168.75,2502290.92,山陀兒颱風,降雨,0.954427403736
2024_7280,2024,227124.3,2504188.18,凱米颱風,降雨,1.75833040676
2024_7281,2024,247021.26,2506427.75,山陀兒颱風,降雨,0.97248063093
2024_7282,2024,245468.39,2511423.82,山陀兒颱風,降雨,1.07535285556
2024_7283,2024,247522.63,2511674.16,山陀兒颱風,降雨,1.36108282954
2024_7284,2024,245971.7,2511987.96,山陀兒颱風,降雨,1.24171841895
2024_7285,2024,244295.71,2512183.26,山陀兒颱風,降雨,1.35553761177
2024_7286,2024,226217.82,2512785.89,凱米颱風,降雨,1.5224144428
2024_7287,2024,244178.59,2513960.98,山陀兒颱風,降雨,1.05588975426
2024_7288,2024,241585.93,2513806.38,山陀兒颱風,降雨,1.19536244581
2024_7289,2024,245074.1,2514552.28,山陀兒颱風,降雨,0.849837800748
2024_7290,2024,216639.28,2522742.41,凱米颱風,降雨,0.972673437789
2024_7291,2024,224799.22,2523292.05,凱米颱風,降雨,0.875412629445
2024_7292,2024,217741.61,2525021.17,凱米颱風,降雨,1.09719227026
2024_7293,2024,192125.22,2530128.38,凱米颱風,降雨,1.09610205284
2024_7294,2024,225096.85,2531858.35,凱米颱風,降雨,1.0672002053
2024_7295,2024,189759.46,2535618.1,凱米颱風,降雨,0.854343809221
2024_7296,2024,218048.67,2536487.27,凱米颱風,降雨,2.2728764741
2024_7297,2024,219067.07,2537052.99,凱米颱風,降雨,1.54269011752
2024_7298,2024,224376.13,2538528.87,凱米颱風,降雨,1.22822282966
2024_7299,2024,219790.81,2541064.93,凱米颱風,降雨,1.26613651202
2024_7300,2024,219195.39,2542410.31,凱米颱風,降雨,1.00063105834
2024_7301,2024,224101.42,2543516.51,凱米颱風,降雨,1.22212324904
2024_7302,2024,194257.14,2544259.05,凱米颱風,降雨,1.36941038799
2024_7303,2024,223380.87,2545857.16,凱米颱風,降雨,1.18440970221
2024_7304,2024,217737.7,2548473.77,凱米颱風,降雨,0.804837002394
2024_7305,2024,219131.89,2552778.46,凱米颱風,降雨,2.05367752118
2024_7306,2024,203408.64,2555681.12,凱米颱風,降雨,3.46643981284
2024_7307,2024,203238.59,2555813.55,凱米颱風,降雨,1.85296594624
2024_7308,2024,216375.26,2558834.05,凱米颱風,降雨,1.05707699265
2024_7309,2024,216269.43,2558709.52,凱米颱風,降雨,0.946214534568
2024_7310,2024,220127.49,2560933.93,凱米颱風,降雨,1.25375404002
2024_7311,2024,221356.33,2566855.64,凱米颱風,降雨,0.834670406236
2024_7312,2024,209125.4,2570511.02,凱米颱風,降雨,0.882151922927
2024_7313,2024,200347.52,2571533.96,凱米颱風,降雨,1.01606458326
2024_7314,2024,200385.57,2571153.09,凱米颱風,降雨,1.11732302029
2024_7315,2024,224951.39,2576610.38,凱米颱風,降雨,1.26787835924
2024_7316,2024,196079.05,2579451.14,凱米颱風,降雨,0.990545381853
2024_7317,2024,204537.54,2579710.23,凱米颱風,降雨,1.04930295347
2024_7318,2024,222988.25,2580153.93,凱米颱風,降雨,1.07731119182
2024_7319,2024,222543.6,2580151.2,凱米颱風,降雨,2.54775663154
2024_7320,2024,207863.33,2582075.7,凱米颱風,降雨,2.06681917359
2024_7321,2024,209636.63,2582409.87,凱米颱風,降雨,1.75290348104
2024_7322,2024,224900.57,2582823.52,凱米颱風,降雨,0.997148775771
2024_7323,2024,225379.22,2584348.18,凱米颱風,降雨,1.29549940783
2024_7324,2024,205985.05,2585283.41,凱米颱風,降雨,3.88789431636
2024_7325,2024,209826.17,2590306.34,凱米颱風,降雨,3.57534894508
2024_7326,2024,216926.56,2590967.9,凱米颱風,降雨,3.49192989042
2024_7327,2024,216651.27,2591080.87,凱米颱風,降雨,1.04395256379
2024_7328,2024,221646.6,2599547.96,凱米颱風,降雨,1.64140994471
2024_7329,2024,220724.79,2601074.15,凱米颱風,降雨,0.856116082296
2024_7330,2024,224866.05,2601881.92,凱米颱風,降雨,1.0500681505
2024_7331,2024,222577.24,2601968.3,凱米颱風,降雨,0.801592373038
2024_7332,2024,210738.82,2604318.86,凱米颱風,降雨,0.85597833583
2024_7333,2024,224521.53,2605027.48,凱米颱風,降雨,0.922039950255
2024_7334,2024,215012.19,2607778.0,凱米颱風,降雨,1.46421643539
2024_7335,2024,250703.57,2520613.62,山陀兒颱風,降雨,1.17018195235
2024_7336,2024,248807.83,2520809.21,山陀兒颱風,降雨,0.888880973879
2024_7337,2024,248585.72,2521190.23,山陀兒颱風,降雨,0.856939113865
2024_7338,2024,232875.85,2521757.67,凱米颱風,降雨,1.11419056741
2024_7339,2024,245608.02,2523128.96,山陀兒颱風,降雨,0.947594212105
2024_7340,2024,245691.36,2522891.78,山陀兒颱風,降雨,1.95397348198
2024_7341,2024,242279.8,2524559.04,山陀兒颱風,降雨,0.920353199224
2024_7342,2024,247790.6,2525070.28,山陀兒颱風,降雨,1.51657643213
2024_7343,2024,242371.3,2526351.22,山陀兒颱風,降雨,1.99220145867
2024_7344,2024,265031.78,2528254.07,山陀兒颱風,降雨,1.01559609196
2024_7345,2024,250562.6,2528981.67,山陀兒颱風,降雨,0.848043774037
2024_7346,2024,231204.48,2530513.14,凱米颱風,降雨,1.3371566538
2024_7347,2024,242959.87,2530606.71,山陀兒颱風,降雨,4.06158878156
2024_7348,2024,251437.13,2531254.71,山陀兒颱風,降雨,2.05731174126
2024_7349,2024,243256.62,2532352.55,山陀兒颱風,降雨,0.999200315769
2024_7350,2024,230393.78,2533220.7,凱米颱風,降雨,0.828860749016
2024_7351,2024,248644.77,2533933.27,山陀兒颱風,降雨,4.43896538205
2024_7352,2024,235241.51,2534932.18,凱米颱風,降雨,1.01015523816
2024_7353,2024,253865.09,2539991.08,山陀兒颱風,降雨,0.914973470747
2024_7354,2024,258941.7,2541428.04,山陀兒颱風,降雨,1.36456158233
2024_7355,2024,256486.5,2541658.51,山陀兒颱風,降雨,2.17748924764
2024_7356,2024,254803.27,2539800.15,山陀兒颱風,降雨,0.805949298327
2024_7357,2024,253392.82,2541213.25,山陀兒颱風,降雨,1.56602531522
2024_7358,2024,258952.33,2541792.12,山陀兒颱風,降雨,0.882212709447
2024_7359,2024,257928.94,2541842.73,山陀兒颱風,降雨,1.18101968602
2024_7360,2024,253241.1,2543537.3,山陀兒颱風,降雨,1.13304685863
2024_7361,2024,251274.91,2543689.76,山陀兒颱風,降雨,4.94964030316
2024_7362,2024,253195.56,2544129.69,山陀兒颱風,降雨,1.33739028098
2024_7363,2024,251294.73,2544337.29,山陀兒颱風,降雨,1.05539413905
2024_7364,2024,251367.62,2544201.02,山陀兒颱風,降雨,0.999689500787
2024_7365,2024,250796.8,2544437.51,山陀兒颱風,降雨,0.918663408676
2024_7366,2024,251084.56,2544732.46,山陀兒颱風,降雨,1.75686602762
2024_7367,2024,250049.87,2545170.92,山陀兒颱風,降雨,2.28422184842
2024_7368,2024,251599.43,2548290.22,山陀兒颱風,降雨,0.878078342513
2024_7369,2024,250925.96,2548248.41,山陀兒颱風,降雨,0.925230046014
2024_7370,2024,252997.84,2549732.22,山陀兒颱風,降雨,0.825039038771
2024_7371,2024,240060.9,2552690.08,凱米颱風,降雨,0.822722026482
2024_7372,2024,233252.1,2552492.73,凱米颱風,降雨,0.839584958894
2024_7373,2024,252478.13,2553496.08,山陀兒颱風,降雨,2.00365482678
2024_7374,2024,238020.75,2556139.84,凱米颱風,降雨,1.32370145849
2024_7375,2024,238289.47,2556341.73,凱米颱風,降雨,0.934563331538
2024_7376,2024,238511.95,2555608.75,凱米颱風,降雨,1.06566611524
2024_7377,2024,262630.16,2557325.37,山陀兒颱風,降雨,0.801754464952
2024_7378,2024,251605.54,2557308.8,山陀兒颱風,降雨,1.30034811944
2024_7379,2024,240822.92,2557793.24,凱米颱風,降雨,1.15513725142
2024_7380,2024,249271.95,2560455.36,凱米颱風,降雨,1.1543268492
2024_7381,2024,251141.14,2562006.18,山陀兒颱風,降雨,1.27031650905
2024_7382,2024,238430.39,2561894.97,凱米颱風,降雨,1.60549345646
2024_7383,2024,255863.25,2562853.31,山陀兒颱風,降雨,0.967568135895
2024_7384,2024,232488.91,2563294.99,凱米颱風,降雨,2.03561686696
2024_7385,2024,234337.43,2564075.12,凱米颱風,降雨,1.04133072341
2024_7386,2024,233672.56,2562947.9,凱米颱風,降雨,1.09049033691
2024_7387,2024,246598.83,2564462.45,凱米颱風,降雨,1.02352261731
2024_7388,2024,246823.85,2564548.74,凱米颱風,降雨,2.72173522263
2024_7389,2024,231231.35,2564672.94,凱米颱風,降雨,0.824782222564
2024_7390,2024,238695.72,2564818.78,凱米颱風,降雨,0.919021868068
2024_7391,2024,228451.09,2565190.31,凱米颱風,降雨,0.977693449363
2024_7392,2024,228724.46,2565509.0,凱米颱風,降雨,4.56507319966
2024_7393,2024,253439.17,2565605.23,山陀兒颱風,降雨,1.16267163738
2024_7394,2024,252836.72,2566145.57,山陀兒颱風,降雨,1.43825638143
2024_7395,2024,246086.49,2566450.28,凱米颱風,降雨,0.918881155686
2024_7396,2024,227736.91,2567169.16,凱米颱風,降雨,1.55275763116
2024_7397,2024,255278.39,2568905.44,山陀兒颱風,降雨,1.4485131249
2024_7398,2024,239937.52,2569744.1,凱米颱風,降雨,1.48824144362
2024_7399,2024,239556.66,2569836.59,凱米颱風,降雨,0.811825100706
2024_7400,2024,241005.66,2570047.93,凱米颱風,降雨,1.08836164351
2024_7401,2024,241102.52,2570003.44,凱米颱風,降雨,5.26272050807
2024_7402,2024,240826.37,2569742.18,凱米颱風,降雨,8.09860582886
2024_7403,2024,240529.87,2569432.95,凱米颱風,降雨,0.880250599382
2024_7404,2024,246394.2,2570906.94,凱米颱風,降雨,1.07511909336
2024_7405,2024,242125.46,2571126.15,凱米颱風,降雨,1.05815173942
2024_7406,2024,241630.41,2571093.69,凱米颱風,降雨,3.33932122786
2024_7407,2024,244119.23,2571270.71,凱米颱風,降雨,0.878222224524
2024_7408,2024,243613.85,2571512.5,凱米颱風,降雨,0.992425423146
2024_7409,2024,243408.99,2571523.33,凱米颱風,降雨,1.68928153356
2024_7410,2024,246415.49,2572095.96,凱米颱風,降雨,1.07903669232
2024_7411,2024,246545.41,2571896.52,凱米颱風,降雨,1.18050813494
2024_7412,2024,243860.0,2572095.42,凱米颱風,降雨,0.996684983644
2024_7413,2024,240420.69,2571102.27,凱米颱風,降雨,0.949925364195
2024_7414,2024,242603.41,2572502.8,凱米颱風,降雨,1.20151269768
2024_7415,2024,242468.82,2572126.7,凱米颱風,降雨,0.864453503756
2024_7416,2024,238343.65,2573196.8,凱米颱風,降雨,0.946599936603
2024_7417,2024,240764.89,2573387.21,凱米颱風,降雨,0.965222903314
2024_7418,2024,240785.51,2573124.98,凱米颱風,降雨,0.962928791201
2024_7419,2024,262415.15,2574283.99,山陀兒颱風,降雨,2.36372409875
2024_7420,2024,244050.01,2575003.94,凱米颱風,降雨,1.71806881421
2024_7421,2024,246620.2,2575057.6,凱米颱風,降雨,1.12489292852
2024_7422,2024,248461.85,2574325.44,凱米颱風,降雨,0.987565088009
2024_7423,2024,248057.75,2574464.73,凱米颱風,降雨,0.946748190767
2024_7424,2024,247925.24,2574317.43,凱米颱風,降雨,1.32118019892
2024_7425,2024,242017.23,2576455.38,凱米颱風,降雨,1.18178457055
2024_7426,2024,242192.08,2576700.27,凱米颱風,降雨,1.39061896726
2024_7427,2024,241443.89,2576548.12,凱米颱風,降雨,1.89032135507
2024_7428,2024,232404.18,2577073.72,凱米颱風,降雨,0.99298067775
2024_7429,2024,243388.04,2577591.12,凱米颱風,降雨,1.00271161325
2024_7430,2024,241102.39,2577591.27,凱米颱風,降雨,1.01282294735
2024_7431,2024,251779.59,2578120.85,凱米颱風,降雨,1.30158774675
2024_7432,2024,241638.58,2579502.68,凱米颱風,降雨,0.852869243287
2024_7433,2024,257958.02,2579501.06,山陀兒颱風,降雨,0.82363861054
2024_7434,2024,242315.38,2580480.66,凱米颱風,降雨,0.989056054291
2024_7435,2024,265004.59,2582347.28,山陀兒颱風,降雨,0.825444179564
2024_7436,2024,241273.63,2582487.21,凱米颱風,降雨,0.866676874527
2024_7437,2024,232910.26,2582703.43,凱米颱風,降雨,0.807861625958
2024_7438,2024,233771.56,2583201.58,凱米颱風,降雨,0.82904360808
2024_7439,2024,230077.78,2583268.03,凱米颱風,降雨,1.14731200341
2024_7440,2024,232596.32,2583424.14,凱米颱風,降雨,0.867088417076
2024_7441,2024,241724.3,2583744.28,凱米颱風,降雨,1.13897897134
2024_7442,2024,241851.83,2583469.76,凱米颱風,降雨,2.52058224008
2024_7443,2024,241719.34,2583420.04,凱米颱風,降雨,1.32912324096
2024_7444,2024,241551.18,2583446.38,凱米颱風,降雨,2.32664376385
2024_7445,2024,239130.37,2583936.6,凱米颱風,降雨,0.820932434039
2024_7446,2024,264523.83,2584196.12,山陀兒颱風,降雨,1.20758321377
2024_7447,2024,226819.22,2584384.85,凱米颱風,降雨,1.04553689292
2024_7448,2024,226489.17,2584010.51,凱米颱風,降雨,0.968201700094
2024_7449,2024,245201.51,2584589.15,凱米颱風,降雨,0.825373336218
2024_7450,2024,242143.97,2584741.16,凱米颱風,降雨,0.873166947455
2024_7451,2024,226074.66,2584798.01,凱米颱風,降雨,0.805140301867
2024_7452,2024,228073.58,2584736.0,凱米颱風,降雨,0.812480683058
2024_7453,2024,264238.01,2585125.15,山陀兒颱風,降雨,1.12319110803
2024_7454,2024,242415.52,2585620.99,凱米颱風,降雨,0.883843990088
2024_7455,2024,260694.03,2586188.64,山陀兒颱風,降雨,2.30129314577
2024_7456,2024,233951.0,2586765.78,凱米颱風,降雨,1.00096130519
2024_7457,2024,260762.26,2587131.8,山陀兒颱風,降雨,3.30484625687
2024_7458,2024,228630.89,2587283.23,凱米颱風,降雨,0.878506625435
2024_7459,2024,262768.81,2587528.44,山陀兒颱風,降雨,1.14827200741
2024_7460,2024,228201.53,2587397.6,凱米颱風,降雨,1.61461912983
2024_7461,2024,261955.28,2587599.51,山陀兒颱風,降雨,1.34926205804
2024_7462,2024,229125.94,2587945.91,凱米颱風,降雨,0.861688048523
2024_7463,2024,238529.0,2588054.95,凱米颱風,降雨,0.968168544547
2024_7464,2024,247648.16,2588141.29,凱米颱風,降雨,0.846204049255
2024_7465,2024,261402.75,2588705.05,康芮颱風,降雨,1.26351351588
2024_7466,2024,262939.79,2588752.56,山陀兒颱風,降雨,2.10185232628
2024_7467,2024,260934.59,2588953.54,山陀兒颱風,降雨,1.14834151546
2024_7468,2024,233447.33,2588214.15,凱米颱風,降雨,1.25242070838
2024_7469,2024,231911.6,2588808.15,凱米颱風,降雨,1.44373322153
2024_7470,2024,232325.92,2588858.76,凱米颱風,降雨,0.921541121999
2024_7471,2024,232088.44,2588456.33,凱米颱風,降雨,1.99968780242
2024_7472,2024,231889.6,2588418.24,凱米颱風,降雨,1.48993890662
2024_7473,2024,230888.65,2589003.5,凱米颱風,降雨,1.25777776076
2024_7474,2024,240340.6,2589254.94,凱米颱風,降雨,1.23945419666
2024_7475,2024,241188.12,2589720.87,凱米颱風,降雨,0.911752143935
2024_7476,2024,249184.86,2590054.79,凱米颱風,降雨,0.97529891989
2024_7477,2024,238621.01,2589681.56,凱米颱風,降雨,1.02536841655
2024_7478,2024,258896.18,2590511.67,山陀兒颱風,降雨,1.88034679366
2024_7479,2024,258753.15,2590226.38,山陀兒颱風,降雨,0.867083289061
2024_7480,2024,258458.39,2590260.54,山陀兒颱風,降雨,0.8705239855
2024_7481,2024,240746.98,2590597.8,凱米颱風,降雨,0.805774171516
2024_7482,2024,242150.0,2590905.93,凱米颱風,降雨,0.966009346641
2024_7483,2024,235577.14,2591436.98,凱米颱風,降雨,0.814445310398
2024_7484,2024,247088.75,2591183.96,凱米颱風,降雨,1.64816917463
2024_7485,2024,226727.01,2591900.16,凱米颱風,降雨,0.865670947908
2024_7486,2024,244377.1,2591597.94,凱米颱風,降雨,0.967587887976
2024_7487,2024,240698.38,2591914.59,凱米颱風,降雨,1.325322986
2024_7488,2024,242437.86,2592148.65,凱米颱風,降雨,1.29068829919
2024_7489,2024,228295.47,2592500.58,凱米颱風,降雨,1.09581196016
2024_7490,2024,243078.47,2592856.57,凱米颱風,降雨,0.915913030913
2024_7491,2024,243112.69,2593265.56,凱米颱風,降雨,1.0225016235
2024_7492,2024,229124.68,2593306.6,凱米颱風,降雨,1.38873639412
2024_7493,2024,243677.38,2593412.96,凱米颱風,降雨,1.5983327839
2024_7494,2024,243469.46,2593578.85,凱米颱風,降雨,4.91159668957
2024_7495,2024,236836.05,2593894.22,凱米颱風,降雨,1.06977378461
2024_7496,2024,260148.9,2594018.0,山陀兒颱風,降雨,0.976202209864
2024_7497,2024,236836.17,2594043.5,凱米颱風,降雨,0.889924234864
2024_7498,2024,246001.59,2594028.1,凱米颱風,降雨,0.825249376054
2024_7499,2024,263162.49,2594155.73,山陀兒颱風,降雨,0.931574487133
2024_7500,2024,236332.98,2594313.76,凱米颱風,降雨,0.837389088573
2024_7501,2024,235935.69,2594214.0,凱米颱風,降雨,1.25710875723
2024_7502,2024,260228.88,2594386.82,山陀兒颱風,降雨,1.1303613761
2024_7503,2024,245105.37,2595302.42,凱米颱風,降雨,1.49476415439
2024_7504,2024,246613.94,2596502.26,凱米颱風,降雨,1.46077526901
2024_7505,2024,241116.2,2598190.91,凱米颱風,降雨,0.999241495448
2024_7506,2024,261154.7,2598334.7,康芮颱風,降雨,1.06431867994
2024_7507,2024,226216.11,2598312.49,凱米颱風,降雨,1.27355618929
2024_7508,2024,247391.83,2598716.45,凱米颱風,降雨,1.34888317088
2024_7509,2024,244322.4,2599331.68,凱米颱風,降雨,1.70373312264
2024_7510,2024,255502.52,2599279.44,凱米颱風,降雨,2.15502078403
2024_7511,2024,249308.86,2598829.7,凱米颱風,降雨,1.60737424987
2024_7512,2024,249133.97,2598707.1,凱米颱風,降雨,0.917492678912
2024_7513,2024,248330.89,2598901.57,凱米颱風,降雨,0.951752634075
2024_7514,2024,256118.52,2600067.35,凱米颱風,降雨,0.875653701907
2024_7515,2024,255820.63,2600237.31,凱米颱風,降雨,0.837735514598
2024_7516,2024,235909.77,2600170.07,凱米颱風,降雨,1.82552223611
2024_7517,2024,247796.96,2601156.47,凱米颱風,降雨,1.02267987762
2024_7518,2024,232171.51,2601416.01,凱米颱風,降雨,0.875316493251
2024_7519,2024,226040.58,2602651.56,凱米颱風,降雨,2.08866404917
2024_7520,2024,243068.64,2605039.04,凱米颱風,降雨,0.835852133512
2024_7521,2024,238717.61,2605640.5,凱米颱風,降雨,1.4581139272
2024_7522,2024,255207.75,2607290.54,凱米颱風,降雨,1.06392960111
2024_7523,2024,235561.69,2607385.63,凱米颱風,降雨,0.922200416344
2024_7524,2024,242747.97,2608301.1,凱米颱風,降雨,1.4703052303
2024_7525,2024,257600.5,2608527.54,凱米颱風,降雨,1.1232751295
2024_7526,2024,257818.57,2608243.06,凱米颱風,降雨,0.93944128954
2024_7527,2024,266670.66,2534245.4,山陀兒颱風,降雨,1.06292186343
2024_7528,2024,267332.73,2534992.03,山陀兒颱風,降雨,1.10311620532
2024_7529,2024,267964.04,2535291.94,山陀兒颱風,降雨,1.77677719845
2024_7530,2024,268165.23,2540767.3,山陀兒颱風,降雨,1.22996567868
2024_7531,2024,271540.42,2541863.7,山陀兒颱風,降雨,0.995669892365
2024_7532,2024,271142.52,2544323.9,山陀兒颱風,降雨,1.05815180288
2024_7533,2024,269545.96,2544396.42,山陀兒颱風,降雨,0.849625935792
2024_7534,2024,271479.73,2544948.31,山陀兒颱風,降雨,0.803253844793
2024_7535,2024,274266.4,2550621.42,山陀兒颱風,降雨,1.1202243727
2024_7536,2024,284048.2,2562894.47,山陀兒颱風,降雨,0.99582709561
2024_7537,2024,283851.75,2564070.59,山陀兒颱風,降雨,0.905212105438
2024_7538,2024,283738.47,2568495.07,山陀兒颱風,降雨,1.47520663815
2024_7539,2024,272115.94,2569408.44,山陀兒颱風,降雨,0.820386440789
2024_7540,2024,282286.18,2571232.4,山陀兒颱風,降雨,1.02288206365
2024_7541,2024,273628.86,2571735.02,山陀兒颱風,降雨,1.55851546829
2024_7542,2024,270203.04,2572683.35,山陀兒颱風,降雨,1.48024835142
2024_7543,2024,270401.69,2572768.17,山陀兒颱風,降雨,2.15163007818
2024_7544,2024,275331.91,2575290.08,山陀兒颱風,降雨,0.874470504324
2024_7545,2024,275071.25,2576073.71,山陀兒颱風,降雨,0.924234123565
2024_7546,2024,275563.73,2577178.56,山陀兒颱風,降雨,0.808182782558
2024_7547,2024,291793.11,2577744.02,山陀兒颱風,降雨,1.23692725021
2024_7548,2024,285990.83,2577950.97,山陀兒颱風,降雨,1.5917108464
2024_7549,2024,285833.74,2577823.82,山陀兒颱風,降雨,0.819138458974
2024_7550,2024,289097.28,2580617.11,山陀兒颱風,降雨,1.57569518643
2024_7551,2024,290871.49,2582194.38,康芮颱風,降雨,2.25672885785
2024_7552,2024,290615.45,2582715.18,康芮颱風,降雨,2.35742467232
2024_7553,2024,270797.09,2586157.96,山陀兒颱風,降雨,0.91772979078
2024_7554,2024,267129.13,2586377.38,康芮颱風,降雨,2.34570337905
2024_7555,2024,267138.1,2586168.48,康芮颱風,降雨,0.835186506613
2024_7556,2024,291308.44,2586860.28,康芮颱風,降雨,1.30504899256
2024_7557,2024,271067.65,2587038.01,康芮颱風,降雨,1.01703410443
2024_7558,2024,293516.38,2590246.38,康芮颱風,降雨,1.10509299855
2024_7559,2024,295254.31,2591282.6,康芮颱風,降雨,1.36215807588
2024_7560,2024,274543.9,2591387.55,山陀兒颱風,降雨,1.33509937256
2024_7561,2024,273957.88,2591629.98,山陀兒颱風,降雨,0.892851699263
2024_7562,2024,273196.72,2592169.66,山陀兒颱風,降雨,0.884670796219
2024_7563,2024,295117.32,2592238.44,康芮颱風,降雨,0.933368045977
2024_7564,2024,296759.83,2595394.43,山陀兒颱風,降雨,1.22498604389
2024_7565,2024,275915.81,2596273.52,山陀兒颱風,降雨,0.999827985435
2024_7566,2024,276633.69,2596821.09,山陀兒颱風,降雨,2.54897626954
2024_7567,2024,274098.83,2597029.26,山陀兒颱風,降雨,2.06232108098
2024_7568,2024,276106.95,2598761.23,山陀兒颱風,降雨,2.36295101022
2024_7569,2024,292122.84,2599359.36,康芮颱風,降雨,1.01523376235
2024_7570,2024,280448.84,2599952.32,山陀兒颱風,降雨,0.863658383089
2024_7571,2024,275837.77,2601300.56,山陀兒颱風,降雨,3.45616602009
2024_7572,2024,270251.43,2602242.66,山陀兒颱風,降雨,2.91653267135
2024_7573,2024,294250.16,2602759.91,康芮颱風,降雨,1.02216058818
2024_7574,2024,280917.04,2602761.24,康芮颱風,降雨,1.55457500507
2024_7575,2024,273507.24,2602825.84,山陀兒颱風,降雨,0.989012403298
2024_7576,2024,266774.11,2603899.12,山陀兒颱風,降雨,0.912267327417
2024_7577,2024,266623.27,2604087.49,山陀兒颱風,降雨,0.828213117542
2024_7578,2024,282946.1,2604557.4,康芮颱風,降雨,0.803736517999
2024_7579,2024,281646.42,2604951.9,康芮颱風,降雨,1.31850474095
2024_7580,2024,266500.46,2605032.34,山陀兒颱風,降雨,1.05134539881
2024_7581,2024,294620.89,2605601.47,康芮颱風,降雨,1.30575748346
2024_7582,2024,268303.11,2605796.67,山陀兒颱風,降雨,0.907595761755
2024_7583,2024,282346.74,2605872.77,康芮颱風,降雨,0.987992201471
2024_7584,2024,268072.69,2605850.97,山陀兒颱風,降雨,0.810300304808
2024_7585,2024,267274.45,2606377.86,山陀兒颱風,降雨,0.898518163153
2024_7586,2024,293943.45,2606438.38,康芮颱風,降雨,0.920644342998
2024_7587,2024,293600.97,2606528.83,康芮颱風,降雨,0.819945582128
2024_7588,2024,284746.61,2606732.7,康芮颱風,降雨,1.72919652358
2024_7589,2024,279742.97,2607721.33,康芮颱風,降雨,1.00454913614
2024_7590,2024,275801.63,2607814.93,山陀兒颱風,降雨,0.851436597533
2024_7591,2024,281044.86,2609379.69,康芮颱風,降雨,0.967862267374
2024_7592,2024,282044.36,2609393.72,康芮颱風,降雨,1.88952937388
2024_7593,2024,246072.58,2611626.13,凱米颱風,降雨,2.20802047874
2024_7594,2024,225651.86,2611476.94,凱米颱風,降雨,1.15330346594
2024_7595,2024,225693.26,2611749.23,凱米颱風,降雨,1.63950408309
2024_7596,2024,262121.95,2612320.9,康芮颱風,降雨,1.00876368164
2024_7597,2024,258526.26,2612629.14,凱米颱風,降雨,1.78958693769
2024_7598,2024,258811.2,2612344.64,凱米颱風,降雨,1.79098085251
2024_7599,2024,245592.68,2612638.87,凱米颱風,降雨,1.21110115292
2024_7600,2024,244390.21,2614227.87,凱米颱風,降雨,1.23014062281
2024_7601,2024,261161.51,2614385.83,凱米颱風,降雨,0.854133932824
2024_7602,2024,227887.77,2615406.07,凱米颱風,降雨,1.77025748446
2024_7603,2024,259001.92,2615548.82,凱米颱風,降雨,1.02051716136
2024_7604,2024,244351.95,2615425.96,凱米颱風,降雨,1.05443417118
2024_7605,2024,226141.03,2615700.01,凱米颱風,降雨,1.15015667534
2024_7606,2024,263663.18,2615304.43,康芮颱風,降雨,3.79875563442
2024_7607,2024,264689.4,2615585.59,康芮颱風,降雨,1.31943851664
2024_7608,2024,265563.03,2615823.41,康芮颱風,降雨,0.863005748342
2024_7609,2024,245946.78,2616491.82,凱米颱風,降雨,0.992263488231
2024_7610,2024,246502.97,2616484.14,凱米颱風,降雨,3.28206207561
2024_7611,2024,265832.69,2616752.06,康芮颱風,降雨,2.89623542955
2024_7612,2024,265549.52,2616127.64,康芮颱風,降雨,1.34624509665
2024_7613,2024,265540.7,2616468.92,康芮颱風,降雨,0.898918604793
2024_7614,2024,265215.02,2616469.78,康芮颱風,降雨,3.50647649045
2024_7615,2024,244657.24,2616687.15,凱米颱風,降雨,1.32542324806
2024_7616,2024,244960.62,2617171.39,凱米颱風,降雨,1.02439608243
2024_7617,2024,244617.04,2617508.74,凱米颱風,降雨,1.31544199315
2024_7618,2024,244953.33,2617479.6,凱米颱風,降雨,1.10976538036
2024_7619,2024,239334.07,2617593.5,凱米颱風,降雨,1.12606472361
2024_7620,2024,255830.98,2617737.13,凱米颱風,降雨,0.820315206274
2024_7621,2024,265078.43,2618196.28,康芮颱風,降雨,2.41021872257
2024_7622,2024,263521.09,2618040.14,凱米颱風,降雨,1.670110771
2024_7623,2024,263057.99,2617807.52,凱米颱風,降雨,2.87510065993
2024_7624,2024,262755.95,2617812.49,凱米颱風,降雨,1.25757493648
2024_7625,2024,252069.76,2618890.07,凱米颱風,降雨,1.24583811963
2024_7626,2024,263904.26,2618964.87,凱米颱風,降雨,1.11174624377
2024_7627,2024,258199.32,2618953.42,凱米颱風,降雨,1.10457835974
2024_7628,2024,263655.54,2619255.17,凱米颱風,降雨,1.63574884504
2024_7629,2024,243079.21,2619530.34,凱米颱風,降雨,1.42740408249
2024_7630,2024,242221.17,2619560.79,凱米颱風,降雨,1.1334670039
2024_7631,2024,242597.21,2619833.63,凱米颱風,降雨,1.50221374954
2024_7632,2024,242872.36,2620060.28,凱米颱風,降雨,1.51166352212
2024_7633,2024,242437.35,2620374.68,凱米颱風,降雨,1.98888647494
2024_7634,2024,242211.61,2620272.19,凱米颱風,降雨,2.01243921016
2024_7635,2024,244341.73,2619782.78,凱米颱風,降雨,1.58336267916
2024_7636,2024,244166.27,2619869.41,凱米颱風,降雨,0.908354165739
2024_7637,2024,264157.55,2620550.54,康芮颱風,降雨,3.15080135591
2024_7638,2024,264386.36,2620720.61,康芮颱風,降雨,2.22984334351
2024_7639,2024,257001.99,2621063.97,凱米颱風,降雨,0.890581274591
2024_7640,2024,255625.23,2621800.89,凱米颱風,降雨,2.54447688446
2024_7641,2024,257392.57,2625420.1,凱米颱風,降雨,0.933822730952
2024_7642,2024,260314.7,2625816.35,凱米颱風,降雨,1.10560749483
2024_7643,2024,244863.99,2627891.44,凱米颱風,降雨,0.816090563747
2024_7644,2024,245793.58,2629810.2,凱米颱風,降雨,0.941269323283
2024_7645,2024,260939.68,2630794.14,凱米颱風,降雨,1.08304041307
2024_7646,2024,260717.42,2630356.11,凱米颱風,降雨,3.50750242655
2024_7647,2024,261522.47,2630469.54,凱米颱風,降雨,3.91497883201
2024_7648,2024,261194.6,2631232.37,凱米颱風,降雨,1.23355623055
2024_7649,2024,261608.18,2631700.48,凱米颱風,降雨,1.40729960855
2024_7650,2024,261343.35,2632021.29,凱米颱風,降雨,1.00986239492
2024_7651,2024,261049.63,2632129.3,凱米颱風,降雨,2.46011983986
2024_7652,2024,259676.75,2632224.02,凱米颱風,降雨,1.37322655029
2024_7653,2024,256877.86,2633419.62,凱米颱風,降雨,1.16101462161
2024_7654,2024,258910.54,2636459.61,凱米颱風,降雨,0.827595432278
2024_7655,2024,261562.72,2636800.69,凱米颱風,降雨,0.866426655235
2024_7656,2024,261618.75,2636956.43,凱米颱風,降雨,0.920384821517
2024_7657,2024,253572.14,2642100.43,凱米颱風,降雨,1.06329387027
2024_7658,2024,260432.58,2643706.05,凱米颱風,降雨,1.49849796419
2024_7659,2024,265976.51,2650797.23,凱米颱風,降雨,2.33427438165
2024_7660,2024,261098.97,2658682.4,凱米颱風,降雨,1.76466843643
2024_7661,2024,246705.09,2663806.47,凱米颱風,降雨,0.800280315701
2024_7662,2024,249737.79,2666530.16,凱米颱風,降雨,1.81628404424
2024_7663,2024,258434.02,2668155.55,凱米颱風,降雨,1.15697859259
2024_7664,2024,257657.35,2668511.37,凱米颱風,降雨,5.66105138022
2024_7665,2024,249176.82,2672290.92,凱米颱風,降雨,2.11718241093
2024_7666,2024,245678.44,2675920.96,凱米颱風,降雨,2.13683218629
2024_7667,2024,262747.18,2680340.21,凱米颱風,降雨,1.61182281369
2024_7668,2024,253784.93,2680734.32,凱米颱風,降雨,0.955253080519
2024_7669,2024,263643.75,2680989.69,凱米颱風,降雨,0.899862076938
2024_7670,2024,263140.05,2682262.46,凱米颱風,降雨,0.810703139209
2024_7671,2024,253892.99,2683331.33,凱米颱風,降雨,0.970387287343
2024_7672,2024,263841.66,2683724.3,凱米颱風,降雨,0.892365337097
2024_7673,2024,243674.25,2683974.1,凱米颱風,降雨,2.6521542402
2024_7674,2024,261216.49,2686382.36,凱米颱風,降雨,1.08300130994
2024_7675,2024,261225.76,2686146.12,凱米颱風,降雨,5.32307928234
2024_7676,2024,258177.54,2686312.04,凱米颱風,降雨,1.13089596982
2024_7677,2024,258442.05,2687407.83,凱米颱風,降雨,0.834985274302
2024_7678,2024,259761.64,2688027.61,凱米颱風,降雨,1.00524996656
2024_7679,2024,248277.64,2688582.79,凱米颱風,降雨,0.893729087937
2024_7680,2024,265653.64,2689406.92,凱米颱風,降雨,0.961784459813
2024_7681,2024,259503.11,2690084.97,凱米颱風,降雨,1.76198131064
2024_7682,2024,250798.56,2690168.33,凱米颱風,降雨,1.09307795559
2024_7683,2024,222479.96,2695504.66,凱米颱風,降雨,1.45807314604
2024_7684,2024,248331.58,2696483.04,凱米颱風,降雨,1.0894687353
2024_7685,2024,262570.22,2701292.19,凱米颱風,降雨,0.800902335347
2024_7686,2024,251349.82,2714384.33,凱米颱風,降雨,0.839085922539
2024_7687,2024,267524.21,2610379.37,康芮颱風,降雨,1.71711493912
2024_7688,2024,267684.17,2610837.49,康芮颱風,降雨,0.930956007125
2024_7689,2024,266309.28,2611374.67,康芮颱風,降雨,1.34637954776
2024_7690,2024,267985.99,2611420.25,康芮颱風,降雨,1.99154920813
2024_7691,2024,267417.44,2611589.86,康芮颱風,降雨,0.826812297595
2024_7692,2024,284696.27,2611986.12,山陀兒颱風,降雨,0.971277030014
2024_7693,2024,268428.4,2612814.23,康芮颱風,降雨,0.994455760267
2024_7694,2024,268290.56,2612981.21,康芮颱風,降雨,1.16686710358
2024_7695,2024,270910.23,2614689.75,康芮颱風,降雨,2.26470967801
2024_7696,2024,267104.31,2615286.14,康芮颱風,降雨,1.41872572707
2024_7697,2024,270004.94,2617132.85,康芮颱風,降雨,1.03564384187
2024_7698,2024,285579.0,2618787.91,康芮颱風,降雨,1.04932625098
2024_7699,2024,271067.48,2620136.17,康芮颱風,降雨,0.808783413136
2024_7700,2024,277974.18,2620296.92,康芮颱風,降雨,0.932567165655
2024_7701,2024,280393.02,2620356.53,康芮颱風,降雨,1.00415755836
2024_7702,2024,280644.33,2622636.89,山陀兒颱風,降雨,2.72993928266
2024_7703,2024,285783.66,2622843.64,山陀兒颱風,降雨,2.67560798281
2024_7704,2024,285096.43,2623213.77,山陀兒颱風,降雨,1.06567787689
2024_7705,2024,281395.65,2623351.97,山陀兒颱風,降雨,1.18352381496
2024_7706,2024,285259.66,2623450.29,山陀兒颱風,降雨,0.911572770693
2024_7707,2024,281322.79,2623782.29,山陀兒颱風,降雨,1.8198669032
2024_7708,2024,281296.15,2624401.74,山陀兒颱風,降雨,0.872948674671
2024_7709,2024,280971.64,2624724.03,山陀兒颱風,降雨,1.13161370558
2024_7710,2024,280711.89,2624419.6,山陀兒颱風,降雨,0.922594535815
2024_7711,2024,280661.69,2624247.3,山陀兒颱風,降雨,2.38892514765
2024_7712,2024,280527.53,2624013.26,山陀兒颱風,降雨,2.59807440625
2024_7713,2024,279420.13,2624308.16,山陀兒颱風,降雨,3.05620632387
2024_7714,2024,279707.96,2624589.04,山陀兒颱風,降雨,5.44738398979
2024_7715,2024,280068.67,2624705.1,山陀兒颱風,降雨,1.68707978599
2024_7716,2024,280157.36,2624296.96,山陀兒颱風,降雨,0.806113589947
2024_7717,2024,280348.59,2623997.05,山陀兒颱風,降雨,1.29421247537
2024_7718,2024,280622.91,2623510.42,康芮颱風,降雨,4.19609764933
2024_7719,2024,280203.26,2624072.25,康芮颱風,降雨,0.928613894599
2024_7720,2024,279892.62,2624124.72,康芮颱風,降雨,0.890359809544
2024_7721,2024,279944.32,2623634.78,康芮颱風,降雨,5.21164222235
2024_7722,2024,278995.34,2624007.6,山陀兒颱風,降雨,1.93845903467
2024_7723,2024,279608.72,2623779.97,康芮颱風,降雨,3.22713651659
2024_7724,2024,279674.99,2624332.49,山陀兒颱風,降雨,3.24687822351
2024_7725,2024,279729.02,2624039.55,山陀兒颱風,降雨,3.33450533211
2024_7726,2024,266413.63,2624945.68,康芮颱風,降雨,1.14849004851
2024_7727,2024,266568.55,2624699.09,康芮颱風,降雨,3.95898867324
2024_7728,2024,279326.12,2626652.54,康芮颱風,降雨,0.872280146289
2024_7729,2024,286590.56,2626441.54,山陀兒颱風,降雨,1.24942853538
2024_7730,2024,279400.64,2627109.0,康芮颱風,降雨,0.823559598176
2024_7731,2024,279707.28,2627309.56,康芮颱風,降雨,1.01927033652
2024_7732,2024,279534.15,2627250.16,康芮颱風,降雨,2.22907855268
2024_7733,2024,279882.24,2627987.39,山陀兒颱風,降雨,0.922961290556
2024_7734,2024,288273.16,2628094.41,康芮颱風,降雨,1.513424387
2024_7735,2024,285133.66,2628786.15,康芮颱風,降雨,1.03408881599
2024_7736,2024,278883.42,2629129.62,康芮颱風,降雨,1.07734826051
2024_7737,2024,275467.31,2629335.38,康芮颱風,降雨,1.03389685873
2024_7738,2024,278651.88,2629629.44,康芮颱風,降雨,0.937842663049
2024_7739,2024,281026.74,2629816.73,康芮颱風,降雨,0.951826469813
2024_7740,2024,281848.43,2630034.69,康芮颱風,降雨,0.890089025817
2024_7741,2024,281764.22,2629882.31,康芮颱風,降雨,0.970186631845
2024_7742,2024,280628.62,2630130.38,康芮颱風,降雨,1.17129325777
2024_7743,2024,289564.46,2630188.68,山陀兒颱風,降雨,4.55543595765
2024_7744,2024,280291.21,2630348.1,康芮颱風,降雨,0.904919827281
2024_7745,2024,278034.81,2630330.31,康芮颱風,降雨,0.825781166875
2024_7746,2024,284234.78,2630790.46,康芮颱風,降雨,1.46055750187
2024_7747,2024,280769.72,2630778.4,康芮颱風,降雨,1.80385720278
2024_7748,2024,283885.11,2630854.62,康芮颱風,降雨,0.870645951932
2024_7749,2024,274725.9,2631360.48,康芮颱風,降雨,1.22914970745
2024_7750,2024,278943.91,2631789.16,康芮颱風,降雨,1.0270554821
2024_7751,2024,280314.69,2632117.62,康芮颱風,降雨,1.77518278024
2024_7752,2024,285836.43,2632583.57,山陀兒颱風,降雨,1.29084217893
2024_7753,2024,280397.01,2632625.93,康芮颱風,降雨,1.44849553463
2024_7754,2024,278678.15,2633181.81,康芮颱風,降雨,0.875536839555
2024_7755,2024,281490.2,2634165.14,康芮颱風,降雨,2.06121526089
2024_7756,2024,278407.93,2634247.63,山陀兒颱風,降雨,1.07068903799
2024_7757,2024,286586.02,2634312.56,山陀兒颱風,降雨,1.26532105069
2024_7758,2024,281063.98,2634385.17,康芮颱風,降雨,0.985215182501
2024_7759,2024,274625.88,2635186.05,康芮颱風,降雨,1.08189318845
2024_7760,2024,276609.43,2636143.77,康芮颱風,降雨,1.28388792692
2024_7761,2024,284994.66,2635370.44,康芮颱風,降雨,0.893464862571
2024_7762,2024,284623.48,2635974.14,康芮颱風,降雨,1.75578871728
2024_7763,2024,282903.39,2636157.37,康芮颱風,降雨,0.955813301922
2024_7764,2024,289887.22,2636444.24,康芮颱風,降雨,1.1890678599
2024_7765,2024,285519.43,2636395.6,康芮颱風,降雨,1.06282986224
2024_7766,2024,283196.79,2636727.33,康芮颱風,降雨,0.806493667683
2024_7767,2024,277464.57,2637083.68,康芮颱風,降雨,1.23044774176
2024_7768,2024,289178.09,2637130.21,康芮颱風,降雨,0.903082387624
2024_7769,2024,295096.63,2637342.27,康芮颱風,降雨,1.45735959813
2024_7770,2024,277906.81,2637414.2,康芮颱風,降雨,1.79545176758
2024_7771,2024,285566.87,2637682.81,康芮颱風,降雨,0.832857219683
2024_7772,2024,289291.02,2637798.54,康芮颱風,降雨,1.16816872691
2024_7773,2024,286756.91,2637835.21,康芮颱風,降雨,1.9401828984
2024_7774,2024,286286.27,2637624.24,康芮颱風,降雨,7.51917487062
2024_7775,2024,286318.79,2637813.05,康芮颱風,降雨,1.37799853263
2024_7776,2024,286518.18,2637902.55,康芮颱風,降雨,1.01815515714
2024_7777,2024,281116.11,2638367.96,康芮颱風,降雨,1.08420825429
2024_7778,2024,290887.0,2638363.83,康芮颱風,降雨,0.947906315305
2024_7779,2024,290375.95,2637990.58,康芮颱風,降雨,2.56561205783
2024_7780,2024,289918.34,2637548.63,康芮颱風,降雨,1.42159535263
2024_7781,2024,286551.8,2638509.86,康芮颱風,降雨,1.19626999658
2024_7782,2024,287667.78,2639379.57,康芮颱風,降雨,0.882429843047
2024_7783,2024,274485.53,2640094.35,康芮颱風,降雨,1.14538809587
2024_7784,2024,287277.13,2640101.9,康芮颱風,降雨,9.12134826011
2024_7785,2024,283618.67,2640132.93,康芮颱風,降雨,1.19852558816
2024_7786,2024,273879.18,2640431.79,康芮颱風,降雨,0.802618953776
2024_7787,2024,273697.57,2640262.99,康芮颱風,降雨,2.36021888396
2024_7788,2024,289074.34,2640895.83,康芮颱風,降雨,0.858536166759
2024_7789,2024,288920.77,2640846.46,康芮颱風,降雨,0.991068966049
2024_7790,2024,287276.67,2641116.79,康芮颱風,降雨,9.57767372242
2024_7791,2024,286961.28,2641169.79,康芮颱風,降雨,0.939545245299
2024_7792,2024,275803.26,2641263.54,康芮颱風,降雨,1.77448967197
2024_7793,2024,268074.43,2641515.91,康芮颱風,降雨,1.087528359
2024_7794,2024,268050.66,2641388.28,康芮颱風,降雨,1.12839187457
2024_7795,2024,270943.24,2641077.93,凱米颱風,降雨,0.998847490385
2024_7796,2024,271490.81,2641229.96,凱米颱風,降雨,0.836095955585
2024_7797,2024,274831.47,2642108.31,康芮颱風,降雨,1.16714371159
2024_7798,2024,287644.59,2642357.58,康芮颱風,降雨,2.21604515227
2024_7799,2024,281741.02,2642664.52,康芮颱風,降雨,0.853962214282
2024_7800,2024,280843.3,2642756.09,康芮颱風,降雨,1.11490014844
2024_7801,2024,293159.86,2642790.97,康芮颱風,降雨,1.74371094547
2024_7802,2024,284280.55,2642924.75,康芮颱風,降雨,1.24891457492
2024_7803,2024,284151.89,2642691.52,康芮颱風,降雨,1.55621626111
2024_7804,2024,283237.85,2643297.41,康芮颱風,降雨,0.839103692043
2024_7805,2024,281991.83,2643528.47,康芮颱風,降雨,1.02978186766
2024_7806,2024,281559.86,2643539.6,康芮颱風,降雨,5.10158419987
2024_7807,2024,295996.14,2643710.29,康芮颱風,降雨,1.07773948647
2024_7808,2024,285060.47,2643889.89,康芮颱風,降雨,0.877459614534
2024_7809,2024,288651.32,2644049.57,康芮颱風,降雨,1.78760517845
2024_7810,2024,292186.48,2644450.45,康芮颱風,降雨,1.37312998468
2024_7811,2024,290287.22,2644449.08,康芮颱風,降雨,0.870519158626
2024_7812,2024,292433.18,2644543.73,康芮颱風,降雨,1.41459780344
2024_7813,2024,296421.24,2645233.42,康芮颱風,降雨,1.12810258505
2024_7814,2024,274351.84,2645526.49,凱米颱風,降雨,0.936144744779
2024_7815,2024,274288.32,2645673.74,凱米颱風,降雨,0.970160575466
2024_7816,2024,289901.25,2645203.09,康芮颱風,降雨,1.55031273975
2024_7817,2024,289693.72,2644981.28,康芮颱風,降雨,10.4317388101
2024_7818,2024,289361.21,2645025.73,康芮颱風,降雨,6.78698732715
2024_7819,2024,289546.47,2645507.3,康芮颱風,降雨,0.879570728004
2024_7820,2024,289723.11,2645725.52,康芮颱風,降雨,1.1650914396
2024_7821,2024,289938.91,2645511.87,康芮颱風,降雨,2.65490429964
2024_7822,2024,289683.95,2645484.12,康芮颱風,降雨,0.813877671844
2024_7823,2024,283321.89,2646427.44,康芮颱風,降雨,1.07736652567
2024_7824,2024,281382.84,2646563.14,康芮颱風,降雨,1.21928976424
2024_7825,2024,285988.82,2646491.96,康芮颱風,降雨,6.38142656539
2024_7826,2024,286643.81,2646758.47,康芮颱風,降雨,0.816313874059
2024_7827,2024,289763.21,2646707.7,康芮颱風,降雨,1.50564884482
2024_7828,2024,272991.73,2646700.34,凱米颱風,降雨,1.44527013722
2024_7829,2024,274482.65,2647134.1,凱米颱風,降雨,0.922387184492
2024_7830,2024,277145.31,2647715.9,康芮颱風,降雨,1.04638598523
2024_7831,2024,289777.66,2648009.06,康芮颱風,降雨,0.856387795273
2024_7832,2024,278259.26,2647714.06,康芮颱風,降雨,0.851232428856
2024_7833,2024,269712.48,2648541.55,凱米颱風,降雨,0.918337719708
2024_7834,2024,269048.93,2648563.19,凱米颱風,降雨,0.970136535684
2024_7835,2024,275197.06,2648703.47,凱米颱風,降雨,2.74650851263
2024_7836,2024,274167.64,2648884.01,凱米颱風,降雨,0.809910690678
2024_7837,2024,268583.27,2648852.49,凱米颱風,降雨,1.75744070616
2024_7838,2024,274555.0,2649024.72,凱米颱風,降雨,1.84623350734
2024_7839,2024,267968.08,2649120.9,凱米颱風,降雨,0.83950479469
2024_7840,2024,268155.7,2649026.53,凱米颱風,降雨,1.57119705182
2024_7841,2024,269716.77,2649128.48,凱米颱風,降雨,1.12020949577
2024_7842,2024,273311.95,2649352.52,凱米颱風,降雨,2.19622909855
2024_7843,2024,273237.76,2649088.43,凱米颱風,降雨,3.56252872309
2024_7844,2024,272054.56,2649433.6,凱米颱風,降雨,1.20966814035
2024_7845,2024,277126.97,2649742.23,凱米颱風,降雨,0.81679435423
2024_7846,2024,269474.45,2649884.93,凱米颱風,降雨,1.11552604719
2024_7847,2024,275479.15,2649891.57,凱米颱風,降雨,0.960629498246
2024_7848,2024,273442.38,2649833.98,凱米颱風,降雨,2.91864786225
2024_7849,2024,275576.62,2649922.15,凱米颱風,降雨,1.51170730984
2024_7850,2024,291581.94,2649922.5,康芮颱風,降雨,1.49042548474
2024_7851,2024,291485.16,2649711.85,康芮颱風,降雨,3.32083441581
2024_7852,2024,266578.37,2650184.93,凱米颱風,降雨,0.986295980862
2024_7853,2024,275343.56,2650223.17,凱米颱風,降雨,2.87392451436
2024_7854,2024,273486.72,2650274.51,凱米颱風,降雨,3.44667422917
2024_7855,2024,273095.63,2650222.28,凱米颱風,降雨,2.0548674114
2024_7856,2024,273216.69,2650389.7,凱米颱風,降雨,1.72561135167
2024_7857,2024,274636.27,2650422.1,凱米颱風,降雨,0.803153116071
2024_7858,2024,275299.62,2650473.23,凱米颱風,降雨,0.88432644785
2024_7859,2024,274375.19,2650329.27,凱米颱風,降雨,7.73434496669
2024_7860,2024,275982.55,2650382.15,凱米颱風,降雨,2.72326284522
2024_7861,2024,273362.56,2650548.38,凱米颱風,降雨,0.95006315043
2024_7862,2024,268451.47,2650743.93,凱米颱風,降雨,0.89467106859
2024_7863,2024,275498.3,2650787.31,凱米颱風,降雨,1.02632884988
2024_7864,2024,272097.4,2650870.6,凱米颱風,降雨,1.56812864944
2024_7865,2024,271566.97,2650921.66,凱米颱風,降雨,1.07299794236
2024_7866,2024,274781.92,2650951.57,凱米颱風,降雨,0.973272370735
2024_7867,2024,266682.15,2650690.25,凱米颱風,降雨,8.06737603288
2024_7868,2024,267095.54,2651045.4,凱米颱風,降雨,2.96953016242
2024_7869,2024,276882.11,2651285.35,凱米颱風,降雨,1.05014049251
2024_7870,2024,286959.83,2651098.72,康芮颱風,降雨,2.21575443
2024_7871,2024,274900.87,2651234.54,凱米颱風,降雨,1.4497875222
2024_7872,2024,276852.11,2651449.35,凱米颱風,降雨,1.50550277351
2024_7873,2024,277062.22,2651515.29,凱米颱風,降雨,0.930625273423
2024_7874,2024,274375.3,2651520.63,凱米颱風,降雨,0.890637142457
2024_7875,2024,274639.82,2651485.24,凱米颱風,降雨,4.49065411903
2024_7876,2024,267342.15,2651592.65,凱米颱風,降雨,2.28834603491
2024_7877,2024,270064.74,2650535.15,凱米颱風,降雨,1.34580283168
2024_7878,2024,268313.3,2651689.06,凱米颱風,降雨,2.46905163097
2024_7879,2024,275812.76,2651814.82,凱米颱風,降雨,1.55749159435
2024_7880,2024,283523.78,2651916.34,康芮颱風,降雨,1.05924688662
2024_7881,2024,271766.4,2651830.73,凱米颱風,降雨,2.91846225799
2024_7882,2024,267263.03,2651992.6,凱米颱風,降雨,3.97201552669
2024_7883,2024,267822.92,2652148.67,凱米颱風,降雨,1.36535454503
2024_7884,2024,282727.76,2652139.23,康芮颱風,降雨,0.9739709599
2024_7885,2024,268237.65,2652092.05,凱米颱風,降雨,2.11289822866
2024_7886,2024,269649.77,2652277.18,凱米颱風,降雨,0.925469843838
2024_7887,2024,286400.2,2652001.4,康芮颱風,降雨,2.55924876998
2024_7888,2024,272726.82,2652462.89,凱米颱風,降雨,1.11219553662
2024_7889,2024,286769.02,2652462.07,康芮颱風,降雨,2.65707700806
2024_7890,2024,285616.92,2652555.27,康芮颱風,降雨,0.990565610894
2024_7891,2024,281301.12,2652603.15,康芮颱風,降雨,1.6101274209
2024_7892,2024,272545.63,2652594.27,凱米颱風,降雨,1.16740800473
2024_7893,2024,285375.26,2652801.23,康芮颱風,降雨,1.29487722595
2024_7894,2024,274842.12,2652834.13,凱米颱風,降雨,1.93611891065
2024_7895,2024,284996.1,2652853.86,康芮颱風,降雨,1.15683789912
2024_7896,2024,282807.82,2652946.36,康芮颱風,降雨,0.864195326914
2024_7897,2024,297279.38,2652948.91,康芮颱風,降雨,0.80622755387
2024_7898,2024,273416.38,2652965.84,凱米颱風,降雨,1.03971261501
2024_7899,2024,268137.69,2653109.18,凱米颱風,降雨,1.20792095337
2024_7900,2024,286306.86,2653143.25,康芮颱風,降雨,0.800308074974
2024_7901,2024,268515.17,2653158.43,凱米颱風,降雨,0.826746678076
2024_7902,2024,271600.42,2652600.14,凱米颱風,降雨,9.67184770241
2024_7903,2024,271232.0,2652379.05,凱米颱風,降雨,1.66024532812
2024_7904,2024,285774.39,2653158.92,康芮颱風,降雨,2.5746143917
2024_7905,2024,293065.8,2653343.31,康芮颱風,降雨,0.915328743686
2024_7906,2024,299893.05,2653336.8,康芮颱風,降雨,1.11870134276
2024_7907,2024,301041.72,2653429.68,康芮颱風,降雨,1.66954905098
2024_7908,2024,279487.95,2653471.54,凱米颱風,降雨,1.1401366107
2024_7909,2024,267769.65,2653423.37,凱米颱風,降雨,2.17098309766
2024_7910,2024,267955.81,2653117.34,凱米颱風,降雨,2.7830493355
2024_7911,2024,281488.09,2653630.39,康芮颱風,降雨,1.38028174741
2024_7912,2024,295308.49,2653653.47,康芮颱風,降雨,1.2713937435
2024_7913,2024,281500.47,2653755.48,康芮颱風,降雨,1.02120982498
2024_7914,2024,285633.85,2653846.05,康芮颱風,降雨,0.831129567715
2024_7915,2024,266475.36,2653998.94,凱米颱風,降雨,1.03596893433
2024_7916,2024,267709.29,2653974.99,凱米颱風,降雨,1.3771630318
2024_7917,2024,284797.36,2653902.75,康芮颱風,降雨,0.823572873169
2024_7918,2024,284966.55,2653936.76,康芮颱風,降雨,1.23294891466
2024_7919,2024,269025.14,2654122.95,凱米颱風,降雨,0.990491032369
2024_7920,2024,275257.55,2654147.91,凱米颱風,降雨,2.11708814747
2024_7921,2024,296863.87,2654688.28,康芮颱風,降雨,1.48550999811
2024_7922,2024,274775.55,2654936.76,凱米颱風,降雨,0.911577643434
2024_7923,2024,270391.16,2655004.69,凱米颱風,降雨,1.29726909003
2024_7924,2024,266745.29,2655241.38,凱米颱風,降雨,1.08223569232
2024_7925,2024,283156.65,2655333.01,康芮颱風,降雨,0.85732379247
2024_7926,2024,275167.91,2655234.04,凱米颱風,降雨,5.33957790283
2024_7927,2024,272913.63,2655690.66,凱米颱風,降雨,1.46991879234
2024_7928,2024,272196.42,2655276.69,凱米颱風,降雨,0.804136339195
2024_7929,2024,272331.64,2655496.79,凱米颱風,降雨,1.68921588432
2024_7930,2024,272548.07,2655557.63,凱米颱風,降雨,2.66392556197
2024_7931,2024,290913.03,2655758.38,康芮颱風,降雨,2.23557550069
2024_7932,2024,274269.16,2655801.11,凱米颱風,降雨,1.05584480284
2024_7933,2024,273966.4,2656083.02,凱米颱風,降雨,1.18023878938
2024_7934,2024,286750.68,2656031.6,康芮颱風,降雨,0.82223218538
2024_7935,2024,273377.18,2656361.42,凱米颱風,降雨,2.365277284
2024_7936,2024,283707.58,2656514.76,康芮颱風,降雨,1.13064347549
2024_7937,2024,287370.71,2656669.8,康芮颱風,降雨,1.81473860722
2024_7938,2024,273466.56,2656727.91,凱米颱風,降雨,0.973134259774
2024_7939,2024,294176.17,2656617.28,康芮颱風,降雨,1.03854994487
2024_7940,2024,295616.41,2657060.6,康芮颱風,降雨,1.24097167246
2024_7941,2024,273000.1,2657274.86,凱米颱風,降雨,1.4272722227
2024_7942,2024,295057.41,2658006.47,康芮颱風,降雨,2.16792794842
2024_7943,2024,275327.62,2657984.92,凱米颱風,降雨,1.09984277364
2024_7944,2024,295449.05,2658242.42,康芮颱風,降雨,4.22201355218
2024_7945,2024,287814.7,2658383.7,康芮颱風,降雨,0.828526834096
2024_7946,2024,297949.19,2658419.7,康芮颱風,降雨,0.851682403632
2024_7947,2024,289436.2,2658675.46,康芮颱風,降雨,1.11816350327
2024_7948,2024,274645.85,2658798.92,凱米颱風,降雨,0.982253354271
2024_7949,2024,272220.17,2658811.05,凱米颱風,降雨,0.830646655936
2024_7950,2024,295008.47,2658925.35,康芮颱風,降雨,1.40904748651
2024_7951,2024,294926.27,2658657.6,康芮颱風,降雨,1.94005715734
2024_7952,2024,273635.46,2658967.58,凱米颱風,降雨,1.38211585562
2024_7953,2024,274434.87,2659280.1,凱米颱風,降雨,0.84055379134
2024_7954,2024,292572.98,2659347.56,康芮颱風,降雨,1.26229201386
2024_7955,2024,267044.16,2659638.08,凱米颱風,降雨,0.893857949046
2024_7956,2024,284431.91,2659820.25,康芮颱風,降雨,2.43516982273
2024_7957,2024,295015.39,2660017.1,康芮颱風,降雨,0.94193378628
2024_7958,2024,272643.27,2659960.48,凱米颱風,降雨,1.05103061847
2024_7959,2024,267869.73,2660418.12,凱米颱風,降雨,3.93407058632
2024_7960,2024,269194.49,2660637.24,凱米颱風,降雨,0.804936425121
2024_7961,2024,284540.49,2661410.21,康芮颱風,降雨,0.823750444981
2024_7962,2024,285731.37,2661474.65,康芮颱風,降雨,1.99860085768
2024_7963,2024,274210.13,2661771.48,凱米颱風,降雨,1.64731051866
2024_7964,2024,303685.07,2662085.47,康芮颱風,降雨,1.00123340661
2024_7965,2024,285276.54,2662123.74,凱米颱風,降雨,3.58677802776
2024_7966,2024,280379.28,2662028.66,凱米颱風,降雨,1.14090444376
2024_7967,2024,282005.7,2662275.57,凱米颱風,降雨,0.893621341569
2024_7968,2024,284905.03,2662914.4,凱米颱風,降雨,0.887881829576
2024_7969,2024,278141.23,2662898.58,凱米颱風,降雨,1.13947376842
2024_7970,2024,284428.73,2663042.59,凱米颱風,降雨,0.800727119362
2024_7971,2024,305042.34,2663429.25,凱米颱風,降雨,0.887540220661
2024_7972,2024,300413.55,2663634.32,康芮颱風,降雨,1.44325268796
2024_7973,2024,300124.74,2663750.71,康芮颱風,降雨,0.860086085173
2024_7974,2024,301040.75,2663907.33,康芮颱風,降雨,5.24853636693
2024_7975,2024,296464.42,2664574.46,康芮颱風,降雨,3.32907509631
2024_7976,2024,300872.88,2664646.12,康芮颱風,降雨,1.1498826891
2024_7977,2024,283054.91,2664901.0,凱米颱風,降雨,3.0861823314
2024_7978,2024,279462.73,2664856.48,凱米颱風,降雨,0.913377678182
2024_7979,2024,272303.68,2664927.78,凱米颱風,降雨,1.01063645364
2024_7980,2024,279124.22,2665277.59,凱米颱風,降雨,1.36506694378
2024_7981,2024,301738.66,2665497.45,康芮颱風,降雨,3.58157573544
2024_7982,2024,305124.45,2665687.54,康芮颱風,降雨,1.81909449327
2024_7983,2024,302070.94,2665872.58,康芮颱風,降雨,1.50970691601
2024_7984,2024,300242.29,2665870.71,康芮颱風,降雨,2.99668301872
2024_7985,2024,299402.2,2665908.44,康芮颱風,降雨,1.26470914408
2024_7986,2024,300585.94,2666124.37,康芮颱風,降雨,2.282916872
2024_7987,2024,297949.76,2666291.93,康芮颱風,降雨,1.0609757819
2024_7988,2024,298049.2,2666246.9,康芮颱風,降雨,1.24131643783
2024_7989,2024,298425.18,2666384.75,康芮颱風,降雨,2.95159401283
2024_7990,2024,298832.37,2666420.11,康芮颱風,降雨,1.53085065946
2024_7991,2024,299077.32,2666616.92,康芮颱風,降雨,1.42936900911
2024_7992,2024,304093.33,2666700.38,康芮颱風,降雨,1.67954532732
2024_7993,2024,308388.39,2667088.37,凱米颱風,降雨,1.04572536992
2024_7994,2024,283079.97,2667783.14,凱米颱風,降雨,1.3429670609
2024_7995,2024,283391.49,2667874.46,凱米颱風,降雨,0.93336691128
2024_7996,2024,303358.34,2668209.0,康芮颱風,降雨,5.14423789702
2024_7997,2024,301673.12,2668527.17,康芮颱風,降雨,2.10660562389
2024_7998,2024,285210.03,2668538.61,凱米颱風,降雨,1.44419093694
2024_7999,2024,287574.69,2669140.11,康芮颱風,降雨,1.94970080184
2024_8000,2024,305897.79,2669242.6,康芮颱風,降雨,0.950263492978
2024_8001,2024,285014.03,2669177.39,凱米颱風,降雨,1.38964057735
2024_8002,2024,282599.19,2669410.41,凱米颱風,降雨,0.898429124854
2024_8003,2024,303850.07,2669423.56,康芮颱風,降雨,1.81915705587
2024_8004,2024,274040.38,2669824.04,凱米颱風,降雨,0.915848794177
2024_8005,2024,278270.31,2669348.38,凱米颱風,降雨,1.18901086402
2024_8006,2024,292847.15,2669746.32,康芮颱風,降雨,0.930310319467
2024_8007,2024,292779.06,2669944.88,康芮颱風,降雨,1.51313418649
2024_8008,2024,285037.85,2670325.57,凱米颱風,降雨,1.33933420569
2024_8009,2024,295708.12,2670980.7,康芮颱風,降雨,2.57792607366
2024_8010,2024,305647.19,2671195.52,康芮颱風,降雨,0.953210036667
2024_8011,2024,301794.66,2671835.56,康芮颱風,降雨,0.83385201528
2024_8012,2024,288658.44,2672364.82,康芮颱風,降雨,0.990617719983
2024_8013,2024,293658.75,2672729.31,康芮颱風,降雨,1.09087772861
2024_8014,2024,295748.91,2672898.82,康芮颱風,降雨,1.0249289179
2024_8015,2024,284298.25,2674091.29,凱米颱風,降雨,1.12079829594
2024_8016,2024,302912.04,2674331.64,康芮颱風,降雨,0.836367025192
2024_8017,2024,286659.58,2674238.83,康芮颱風,降雨,0.831047256243
2024_8018,2024,291109.02,2674538.64,康芮颱風,降雨,1.67801785934
2024_8019,2024,302798.47,2674985.31,康芮颱風,降雨,1.20105597093
2024_8020,2024,297907.51,2675533.43,康芮颱風,降雨,0.953085163531
2024_8021,2024,296945.69,2675583.3,康芮颱風,降雨,1.44218609052
2024_8022,2024,297893.58,2675762.67,康芮颱風,降雨,0.849858910676
2024_8023,2024,300172.65,2676616.98,康芮颱風,降雨,0.839923669168
2024_8024,2024,296986.09,2676794.51,康芮颱風,降雨,1.14831371059
2024_8025,2024,306585.83,2677105.67,康芮颱風,降雨,1.75719963779
2024_8026,2024,309433.27,2677915.08,凱米颱風,降雨,0.969255755786
2024_8027,2024,300823.12,2677984.39,康芮颱風,降雨,1.12156984262
2024_8028,2024,299963.23,2678229.86,康芮颱風,降雨,1.35428343127
2024_8029,2024,299883.84,2678547.12,康芮颱風,降雨,0.806227521301
2024_8030,2024,299855.1,2678623.59,康芮颱風,降雨,1.46737130725
2024_8031,2024,298557.4,2679039.17,康芮颱風,降雨,2.33457798643
2024_8032,2024,291539.21,2678930.65,康芮颱風,降雨,4.75826196002
2024_8033,2024,291105.29,2679086.01,康芮颱風,降雨,1.07225071269
2024_8034,2024,296951.88,2679233.43,康芮颱風,降雨,1.55169541078
2024_8035,2024,290870.08,2679333.48,康芮颱風,降雨,0.859716705691
2024_8036,2024,317759.22,2679617.8,凱米颱風,降雨,1.50810050096
2024_8037,2024,305582.57,2679761.68,康芮颱風,降雨,1.35668256192
2024_8038,2024,314531.53,2680256.38,凱米颱風,降雨,1.51586750787
2024_8039,2024,292917.68,2681331.58,康芮颱風,降雨,1.86638511979
2024_8040,2024,300278.77,2680866.6,康芮颱風,降雨,1.24436370639
2024_8041,2024,294737.08,2681447.69,康芮颱風,降雨,2.02428474303
2024_8042,2024,298609.98,2681555.28,康芮颱風,降雨,1.25460550822
2024_8043,2024,309313.9,2681755.09,康芮颱風,降雨,1.16320365692
2024_8044,2024,294113.58,2681717.0,康芮颱風,降雨,2.39652016191
2024_8045,2024,299922.51,2681769.98,康芮颱風,降雨,0.844825217461
2024_8046,2024,309140.95,2681884.59,康芮颱風,降雨,1.40812271402
2024_8047,2024,319113.8,2682040.83,凱米颱風,降雨,1.07123860398
2024_8048,2024,319368.61,2682057.95,凱米颱風,降雨,0.854169026211
2024_8049,2024,266823.13,2682329.28,凱米颱風,降雨,2.10988923471
2024_8050,2024,308565.45,2682497.07,康芮颱風,降雨,2.12478542373
2024_8051,2024,267589.2,2682812.8,凱米颱風,降雨,1.50353946996
2024_8052,2024,302543.65,2683013.8,康芮颱風,降雨,1.93866685601
2024_8053,2024,288559.76,2682237.89,凱米颱風,降雨,1.02318365893
2024_8054,2024,303101.72,2683321.9,康芮颱風,降雨,1.04021140491
2024_8055,2024,302005.07,2683319.61,康芮颱風,降雨,1.17046136092
2024_8056,2024,301815.14,2683341.83,康芮颱風,降雨,2.18901908508
2024_8057,2024,291324.47,2684833.6,凱米颱風,降雨,0.85454962766
2024_8058,2024,296851.22,2685030.73,康芮颱風,降雨,0.840918260567
2024_8059,2024,315416.38,2685123.68,凱米颱風,降雨,3.46605046527
2024_8060,2024,292944.28,2685476.21,康芮颱風,降雨,0.811878636519
2024_8061,2024,318683.22,2685936.09,凱米颱風,降雨,1.63300623984
2024_8062,2024,307716.86,2687210.89,康芮颱風,降雨,1.20734675492
2024_8063,2024,299974.64,2687424.11,康芮颱風,降雨,0.904015340287
2024_8064,2024,307818.82,2687476.2,康芮颱風,降雨,1.11302703105
2024_8065,2024,301900.17,2687553.55,康芮颱風,降雨,2.11880708005
2024_8066,2024,307605.62,2687629.55,康芮颱風,降雨,0.807897611298
2024_8067,2024,314666.67,2687720.46,凱米颱風,降雨,1.26707071515
2024_8068,2024,300068.73,2687855.55,康芮颱風,降雨,1.05366447196
2024_8069,2024,319955.5,2687976.64,凱米颱風,降雨,0.982561148404
2024_8070,2024,293069.65,2688242.83,康芮颱風,降雨,1.1630001519
2024_8071,2024,298356.42,2689256.2,康芮颱風,降雨,1.02550315961
2024_8072,2024,321653.15,2689913.78,凱米颱風,降雨,0.902384485522
2024_8073,2024,310927.71,2690748.32,康芮颱風,降雨,1.14729930421
2024_8074,2024,315034.89,2691025.71,康芮颱風,降雨,1.75302095181
2024_8075,2024,307669.9,2691008.24,康芮颱風,降雨,1.77389417614
2024_8076,2024,308020.58,2691146.13,康芮颱風,降雨,1.53556903569
2024_8077,2024,313729.66,2691065.52,康芮颱風,降雨,3.81652630753
2024_8078,2024,314776.78,2691204.54,康芮颱風,降雨,3.24833603489
2024_8079,2024,311599.2,2691477.18,康芮颱風,降雨,1.41211028392
2024_8080,2024,311713.37,2691588.6,康芮颱風,降雨,0.93500030387
2024_8081,2024,308869.12,2691644.54,康芮颱風,降雨,1.25941909145
2024_8082,2024,312960.43,2691520.08,康芮颱風,降雨,0.927605724537
2024_8083,2024,319916.47,2691763.13,凱米颱風,降雨,1.60096161757
2024_8084,2024,312483.27,2691916.06,康芮颱風,降雨,0.999301800975
2024_8085,2024,306794.19,2691959.87,康芮颱風,降雨,1.69615187357
2024_8086,2024,309422.85,2692209.02,康芮颱風,降雨,0.826021976996
2024_8087,2024,297836.14,2692190.58,康芮颱風,降雨,1.29909896245
2024_8088,2024,315765.49,2693374.96,康芮颱風,降雨,1.52561585862
2024_8089,2024,314090.05,2693621.13,康芮颱風,降雨,1.1960813094
2024_8090,2024,315819.52,2693753.49,康芮颱風,降雨,1.74163274303
2024_8091,2024,315491.66,2694034.02,康芮颱風,降雨,2.4570972832
2024_8092,2024,305689.03,2694148.93,康芮颱風,降雨,0.972627588721
2024_8093,2024,313020.82,2694146.38,康芮颱風,降雨,2.32439205837
2024_8094,2024,309339.46,2694231.37,康芮颱風,降雨,0.965770452905
2024_8095,2024,311125.47,2694512.59,康芮颱風,降雨,1.02746904509
2024_8096,2024,315042.97,2694571.65,康芮颱風,降雨,0.830637303993
2024_8097,2024,273717.88,2694717.58,凱米颱風,降雨,1.32303629792
2024_8098,2024,318185.82,2694865.46,凱米颱風,降雨,0.913038712121
2024_8099,2024,316607.48,2695041.97,凱米颱風,降雨,0.954708385814
2024_8100,2024,316380.36,2695230.36,凱米颱風,降雨,0.866773757168
2024_8101,2024,309710.24,2695256.32,康芮颱風,降雨,0.836912227658
2024_8102,2024,328951.27,2695451.27,凱米颱風,降雨,0.9335945386
2024_8103,2024,322966.58,2695479.83,凱米颱風,降雨,1.40583216275
2024_8104,2024,285655.79,2695516.62,凱米颱風,降雨,1.83058773309
2024_8105,2024,300712.48,2696044.48,康芮颱風,降雨,1.35939471995
2024_8106,2024,301998.59,2696551.34,康芮颱風,降雨,0.942116651835
2024_8107,2024,302195.89,2696643.08,康芮颱風,降雨,0.996095644823
2024_8108,2024,302309.26,2696564.12,康芮颱風,降雨,1.27898015835
2024_8109,2024,310800.13,2696824.8,凱米颱風,降雨,0.87385107496
2024_8110,2024,306798.9,2697097.38,凱米颱風,降雨,0.804217989455
2024_8111,2024,308431.95,2697137.59,凱米颱風,降雨,1.17302932054
2024_8112,2024,313471.28,2697159.17,凱米颱風,降雨,0.906824016955
2024_8113,2024,274127.06,2697210.82,凱米颱風,降雨,0.967156482757
2024_8114,2024,313668.22,2697114.26,康芮颱風,降雨,1.25743259318
2024_8115,2024,304684.66,2697485.18,凱米颱風,降雨,2.57907114276
2024_8116,2024,313958.58,2697509.92,凱米颱風,降雨,2.50241898712
2024_8117,2024,295250.31,2695580.05,康芮颱風,降雨,2.04751594904
2024_8118,2024,295394.37,2695671.11,凱米颱風,降雨,0.889549849638
2024_8119,2024,295195.49,2695783.25,康芮颱風,降雨,1.01389663261
2024_8120,2024,295276.99,2695959.6,康芮颱風,降雨,1.01076505595
2024_8121,2024,295068.99,2697295.86,康芮颱風,降雨,2.89197321328
2024_8122,2024,295441.21,2694764.87,康芮颱風,降雨,1.14558711747
2024_8123,2024,294753.9,2695724.62,康芮颱風,降雨,0.921537469545
2024_8124,2024,294860.42,2695575.99,康芮颱風,降雨,2.05907133266
2024_8125,2024,274863.99,2698173.86,凱米颱風,降雨,1.01786305334
2024_8126,2024,289180.49,2698302.64,凱米颱風,降雨,0.872778393757
2024_8127,2024,289724.1,2698314.49,凱米颱風,降雨,1.6496208712
2024_8128,2024,310015.51,2698466.74,凱米颱風,降雨,0.970833834656
2024_8129,2024,300821.07,2698419.71,凱米颱風,降雨,4.69321208805
2024_8130,2024,301037.5,2698252.79,凱米颱風,降雨,7.62230434316
2024_8131,2024,309001.37,2698662.83,凱米颱風,降雨,0.853069862792
2024_8132,2024,304810.62,2698686.32,凱米颱風,降雨,3.85212651539
2024_8133,2024,299339.24,2698663.82,凱米颱風,降雨,3.78232668948
2024_8134,2024,312628.58,2698822.75,凱米颱風,降雨,0.843166710098
2024_8135,2024,289207.1,2698792.18,凱米颱風,降雨,3.33443129151
2024_8136,2024,300454.66,2698935.4,凱米颱風,降雨,2.88809710398
2024_8137,2024,302151.81,2699082.41,凱米颱風,降雨,8.34345090871
2024_8138,2024,293057.98,2699157.43,凱米颱風,降雨,0.966116205028
2024_8139,2024,292885.97,2698943.01,凱米颱風,降雨,2.00375669685
2024_8140,2024,292465.04,2699106.37,康芮颱風,降雨,2.6429698298
2024_8141,2024,313338.64,2699095.0,凱米颱風,降雨,1.38833902435
2024_8142,2024,273834.83,2698700.5,凱米颱風,降雨,5.56672498068
2024_8143,2024,273713.45,2698221.34,凱米颱風,降雨,1.04857113982
2024_8144,2024,273765.47,2698094.53,凱米颱風,降雨,0.89170992021
2024_8145,2024,273721.77,2698000.11,凱米颱風,降雨,0.842185323975
2024_8146,2024,274030.99,2697697.61,凱米颱風,降雨,1.27260272383
2024_8147,2024,272762.63,2696566.27,凱米颱風,降雨,0.866107790052
2024_8148,2024,273251.95,2698420.87,凱米颱風,降雨,0.82656046449
2024_8149,2024,273480.01,2698421.97,凱米颱風,降雨,2.67404876178
2024_8150,2024,292105.39,2699294.81,凱米颱風,降雨,2.64605901788
2024_8151,2024,292704.67,2699424.8,康芮颱風,降雨,0.990918862665
2024_8152,2024,297669.36,2699521.48,凱米颱風,降雨,0.826492953034
2024_8153,2024,311913.83,2699544.4,凱米颱風,降雨,1.24146533301
2024_8154,2024,300630.97,2699515.73,凱米颱風,降雨,5.82167909331
2024_8155,2024,298218.03,2699714.76,凱米颱風,降雨,0.893450683316
2024_8156,2024,299610.99,2699325.88,凱米颱風,降雨,1.50274233038
2024_8157,2024,289929.53,2699895.7,凱米颱風,降雨,0.948349904761
2024_8158,2024,298223.12,2700069.46,凱米颱風,降雨,0.823467302161
2024_8159,2024,304148.63,2700258.27,凱米颱風,降雨,0.927430338128
2024_8160,2024,298582.63,2700772.79,凱米颱風,降雨,1.08893001888
2024_8161,2024,284529.58,2700652.5,凱米颱風,降雨,2.61567292299
2024_8162,2024,299511.63,2700822.94,凱米颱風,降雨,3.06498975375
2024_8163,2024,278894.21,2701218.58,凱米颱風,降雨,1.23871648287
2024_8164,2024,298153.66,2701193.75,凱米颱風,降雨,0.824423931606
2024_8165,2024,274570.46,2701096.86,凱米颱風,降雨,0.91468374884
2024_8166,2024,274393.68,2701316.11,凱米颱風,降雨,0.843723477751
2024_8167,2024,286087.87,2701468.31,凱米颱風,降雨,1.58998022216
2024_8168,2024,304800.32,2701867.25,凱米颱風,降雨,0.859115417353
2024_8169,2024,291026.95,2702087.12,凱米颱風,降雨,1.17760736183
2024_8170,2024,305928.06,2702253.16,凱米颱風,降雨,1.47491435624
2024_8171,2024,309952.36,2702351.28,凱米颱風,降雨,0.858181250824
2024_8172,2024,284418.42,2702350.65,凱米颱風,降雨,2.94482619742
2024_8173,2024,299398.51,2702558.63,凱米颱風,降雨,0.847539128605
2024_8174,2024,283308.33,2702613.63,凱米颱風,降雨,1.2258162439
2024_8175,2024,289477.01,2702638.57,凱米颱風,降雨,0.996345127758
2024_8176,2024,297524.04,2702240.05,凱米颱風,降雨,3.13948100168
2024_8177,2024,297565.87,2702057.44,凱米颱風,降雨,3.25516255211
2024_8178,2024,296900.19,2701949.52,凱米颱風,降雨,4.26502094833
2024_8179,2024,283846.26,2702705.0,凱米颱風,降雨,1.34595296455
2024_8180,2024,300583.84,2703113.61,凱米颱風,降雨,1.00826807705
2024_8181,2024,290819.16,2702746.69,凱米颱風,降雨,1.76581015455
2024_8182,2024,291335.74,2703310.22,凱米颱風,降雨,2.33097532533
2024_8183,2024,291184.19,2702962.07,凱米颱風,降雨,0.836625481734
2024_8184,2024,291437.24,2703123.76,凱米颱風,降雨,1.07815426375
2024_8185,2024,320373.09,2703636.99,凱米颱風,降雨,1.38817940969
2024_8186,2024,283892.17,2703371.54,凱米颱風,降雨,0.864984865992
2024_8187,2024,283423.77,2702967.56,凱米颱風,降雨,2.31445570152
2024_8188,2024,274324.9,2704109.07,凱米颱風,降雨,0.951946931927
2024_8189,2024,322645.82,2704240.13,凱米颱風,降雨,0.856619113124
2024_8190,2024,301505.94,2704249.36,凱米颱風,降雨,0.870325660705
2024_8191,2024,293944.34,2705212.33,凱米颱風,降雨,1.00304338271
2024_8192,2024,307326.12,2705545.47,凱米颱風,降雨,1.57168719492
2024_8193,2024,276120.77,2705773.71,凱米颱風,降雨,1.15748690624
2024_8194,2024,312730.96,2706089.95,凱米颱風,降雨,1.64721658971
2024_8195,2024,269831.68,2706465.86,凱米颱風,降雨,1.06811751549
2024_8196,2024,303057.8,2706795.47,凱米颱風,降雨,0.969549809852
2024_8197,2024,309125.39,2707023.74,凱米颱風,降雨,1.80881725809
2024_8198,2024,318092.19,2707763.14,凱米颱風,降雨,1.0168500128
2024_8199,2024,286058.23,2707755.2,凱米颱風,降雨,0.993458962844
2024_8200,2024,295257.42,2707986.18,凱米颱風,降雨,0.98403469788
2024_8201,2024,335263.25,2708098.87,凱米颱風,降雨,1.35863509053
2024_8202,2024,318972.94,2708052.73,凱米颱風,降雨,1.99990455765
2024_8203,2024,325319.04,2708109.92,凱米颱風,降雨,1.59595764326
2024_8204,2024,309642.7,2708178.95,凱米颱風,降雨,0.978846723179
2024_8205,2024,307173.2,2708293.29,凱米颱風,降雨,1.40428309053
2024_8206,2024,318743.04,2708460.14,凱米颱風,降雨,1.95053526219
2024_8207,2024,312375.81,2708713.31,凱米颱風,降雨,1.39993813029
2024_8208,2024,288012.68,2708904.39,凱米颱風,降雨,1.84242075289
2024_8209,2024,301687.17,2709185.92,凱米颱風,降雨,0.836937563277
2024_8210,2024,318731.71,2709487.92,凱米颱風,降雨,1.0372457035
2024_8211,2024,327155.52,2709622.86,凱米颱風,降雨,2.11771464908
2024_8212,2024,301996.58,2709599.37,凱米颱風,降雨,0.982633913858
2024_8213,2024,332386.49,2709509.71,凱米颱風,降雨,0.960783178907
2024_8214,2024,315058.61,2710099.08,凱米颱風,降雨,1.22840152925
2024_8215,2024,312903.77,2710145.6,凱米颱風,降雨,1.65085722156
2024_8216,2024,325371.91,2710372.29,凱米颱風,降雨,1.1210274513
2024_8217,2024,312064.41,2710400.9,凱米颱風,降雨,0.815692599698
2024_8218,2024,296153.84,2710495.63,凱米颱風,降雨,0.95380525309
2024_8219,2024,324827.87,2710869.21,凱米颱風,降雨,1.11504837683
2024_8220,2024,323963.86,2711061.45,凱米颱風,降雨,0.916560012129
2024_8221,2024,323090.44,2711420.45,凱米颱風,降雨,0.800597252845
2024_8222,2024,313058.88,2711546.73,凱米颱風,降雨,1.49251253199
2024_8223,2024,313399.5,2711635.35,凱米颱風,降雨,2.52440741648
2024_8224,2024,313873.79,2711753.55,凱米颱風,降雨,0.832499023077
2024_8225,2024,313570.56,2711758.5,凱米颱風,降雨,1.26521516307
2024_8226,2024,304790.79,2712009.4,凱米颱風,降雨,5.0688809323
2024_8227,2024,317881.66,2712251.34,凱米颱風,降雨,1.23217443956
2024_8228,2024,322737.69,2712317.29,凱米颱風,降雨,0.838110366772
2024_8229,2024,316753.32,2712294.86,凱米颱風,降雨,1.04845623432
2024_8230,2024,319588.53,2712261.21,凱米颱風,降雨,4.37953144055
2024_8231,2024,312701.18,2712558.39,凱米颱風,降雨,3.17346540542
2024_8232,2024,319557.1,2712807.65,凱米颱風,降雨,0.826266975732
2024_8233,2024,315659.9,2712797.34,凱米颱風,降雨,1.05517449706
2024_8234,2024,328141.46,2712894.27,凱米颱風,降雨,0.91306968355
2024_8235,2024,306949.21,2712940.86,凱米颱風,降雨,3.11951559365
2024_8236,2024,317044.37,2713104.97,凱米颱風,降雨,1.38803134886
2024_8237,2024,306521.94,2712949.5,凱米颱風,降雨,6.55012990724
2024_8238,2024,305359.3,2713194.31,凱米颱風,降雨,0.956321991357
2024_8239,2024,304940.77,2713221.35,凱米颱風,降雨,0.970284640974
2024_8240,2024,304434.46,2713307.63,凱米颱風,降雨,0.927461493561
2024_8241,2024,319923.0,2713404.9,凱米颱風,降雨,1.3863137757
2024_8242,2024,323617.16,2713433.23,凱米颱風,降雨,1.3321416107
2024_8243,2024,308672.16,2713396.33,凱米颱風,降雨,2.59362866385
2024_8244,2024,308463.78,2713277.37,凱米颱風,降雨,2.53544397032
2024_8245,2024,314608.11,2713621.34,凱米颱風,降雨,0.944317956003
2024_8246,2024,319539.27,2713818.99,凱米颱風,降雨,1.27054241485
2024_8247,2024,309037.03,2713885.33,凱米颱風,降雨,1.96836001366
2024_8248,2024,307331.63,2713947.29,凱米颱風,降雨,1.92042677521
2024_8249,2024,307154.22,2713998.09,凱米颱風,降雨,1.94890475597
2024_8250,2024,307663.76,2714218.03,凱米颱風,降雨,12.8639966261
2024_8251,2024,306599.74,2714274.23,凱米颱風,降雨,1.05554973878
2024_8252,2024,312506.14,2714552.9,凱米颱風,降雨,1.17356130823
2024_8253,2024,313526.84,2714767.52,凱米颱風,降雨,0.836221992178
2024_8254,2024,307568.2,2714478.01,凱米颱風,降雨,2.80003509643
2024_8255,2024,307139.62,2714461.36,凱米颱風,降雨,1.32031111484
2024_8256,2024,320894.69,2714941.98,康芮颱風,降雨,1.2140960623
2024_8257,2024,307740.16,2715016.61,凱米颱風,降雨,2.34265790715
2024_8258,2024,309576.37,2715065.25,凱米颱風,降雨,0.852342646688
2024_8259,2024,321861.18,2715108.49,康芮颱風,降雨,3.68552409185
2024_8260,2024,312237.77,2715189.29,凱米颱風,降雨,1.35694881538
2024_8261,2024,307840.27,2715536.41,凱米颱風,降雨,1.63761304065
2024_8262,2024,307736.42,2715252.84,凱米颱風,降雨,2.51164665704
2024_8263,2024,332079.97,2715626.47,凱米颱風,降雨,0.852404339394
2024_8264,2024,310968.98,2715672.15,凱米颱風,降雨,0.986172552065
2024_8265,2024,324136.39,2715827.44,康芮颱風,降雨,1.1757185422
2024_8266,2024,306747.7,2715795.38,凱米颱風,降雨,1.28947477924
2024_8267,2024,291053.09,2715718.01,康芮颱風,降雨,1.25056227405
2024_8268,2024,310748.05,2715936.23,凱米颱風,降雨,3.86432982564
2024_8269,2024,308299.28,2716160.88,凱米颱風,降雨,1.12317499019
2024_8270,2024,314875.75,2716102.84,康芮颱風,降雨,0.910486248158
2024_8271,2024,314783.08,2715942.44,康芮颱風,降雨,0.83014332529
2024_8272,2024,327247.63,2716330.23,康芮颱風,降雨,1.90512639154
2024_8273,2024,330046.76,2716495.86,凱米颱風,降雨,1.06586729367
2024_8274,2024,330165.44,2716628.46,凱米颱風,降雨,1.03966315107
2024_8275,2024,306535.99,2716760.21,凱米颱風,降雨,1.15335689686
2024_8276,2024,311687.49,2716964.99,凱米颱風,降雨,1.59522924479
2024_8277,2024,310775.2,2716900.74,凱米颱風,降雨,0.858139743747
2024_8278,2024,307997.7,2717038.38,凱米颱風,降雨,1.44066322971
2024_8279,2024,306763.88,2717265.99,凱米颱風,降雨,1.13815680345
2024_8280,2024,323195.16,2717529.5,康芮颱風,降雨,1.84820599459
2024_8281,2024,329346.13,2717610.74,凱米颱風,降雨,1.38410132374
2024_8282,2024,322796.99,2717481.9,康芮颱風,降雨,1.88022752517
2024_8283,2024,312276.18,2717827.78,凱米颱風,降雨,0.947624447236
2024_8284,2024,314262.59,2717810.54,凱米颱風,降雨,2.48345088995
2024_8285,2024,304905.26,2717810.02,康芮颱風,降雨,5.40490595596
2024_8286,2024,297483.7,2718035.34,康芮颱風,降雨,2.11021803553
2024_8287,2024,312466.88,2718058.94,凱米颱風,降雨,1.10460882683
2024_8288,2024,314356.5,2718104.0,凱米颱風,降雨,3.13371633998
2024_8289,2024,310544.11,2718262.52,凱米颱風,降雨,1.1356845534
2024_8290,2024,324343.77,2718177.28,康芮颱風,降雨,2.6119751651
2024_8291,2024,310099.26,2718789.58,凱米颱風,降雨,1.54827732686
2024_8292,2024,292024.54,2718852.29,康芮颱風,降雨,1.07019223278
2024_8293,2024,303906.84,2719033.6,康芮颱風,降雨,1.52649148127
2024_8294,2024,307371.66,2718972.02,康芮颱風,降雨,1.0488572698
2024_8295,2024,309233.78,2719435.83,康芮颱風,降雨,1.32885637119
2024_8296,2024,310392.0,2719594.59,康芮颱風,降雨,2.45709388132
2024_8297,2024,323524.5,2719960.19,康芮颱風,降雨,1.21460659747
2024_8298,2024,308445.73,2720198.98,凱米颱風,降雨,0.919543456194
2024_8299,2024,308453.68,2721009.15,凱米颱風,降雨,2.09024305201
2024_8300,2024,307133.84,2721250.44,凱米颱風,降雨,2.23537136697
2024_8301,2024,308975.2,2721194.5,凱米颱風,降雨,4.45309210959
2024_8302,2024,309513.53,2721314.01,凱米颱風,降雨,1.20374047317
2024_8303,2024,309131.26,2722068.68,康芮颱風,降雨,2.20894760721
2024_8304,2024,293541.68,2728568.98,凱米颱風,降雨,0.874864524792
2024_8305,2024,303530.29,2734000.77,凱米颱風,降雨,1.89295282243
2024_8306,2024,306550.43,2785438.11,康芮颱風,降雨,1.34574161774
2024_8307,2024,283873.98,2609674.12,康芮颱風,降雨,1.36554972682
2024_8308,2024,265502.27,2611135.35,康芮颱風,降雨,0.810940168753
2024_8309,2024,265678.67,2611064.33,康芮颱風,降雨,1.52564311737
2024_8310,2024,265847.83,2611212.09,康芮颱風,降雨,1.24813910896
2024_8311,2024,265908.78,2610711.95,康芮颱風,降雨,0.816530320454
2024_8312,2024,266110.62,2621630.97,康芮颱風,降雨,8.67513692409
2024_8313,2024,225526.24,2564836.33,凱米颱風,降雨,0.842492157211
2024_8314,2024,226101.19,2591923.41,凱米颱風,降雨,0.959130523742
2025_0,2025,320079.4,2768820.73,1020豪雨,降雨,0.150650088297
2025_1,2025,320153.23,2768967.08,1020豪雨,降雨,0.52510663609
2025_2,2025,318117.76,2770355.96,1020豪雨,降雨,0.100880638977
2025_3,2025,320557.11,2780163.75,1020豪雨,降雨,0.104230454099
2025_4,2025,320264.34,2780637.07,1020豪雨,降雨,0.122585214536
2025_5,2025,320070.14,2780875.47,1020豪雨,降雨,0.816307328985
2025_6,2025,311955.2,2766606.56,1020豪雨,降雨,0.0706523654281
2025_7,2025,319213.52,2767198.58,1020豪雨,降雨,0.141642175338
2025_8,2025,329616.67,2768024.84,1020豪雨,降雨,1.41733322984
2025_9,2025,244164.64,2595375.76,0613豪雨,降雨,0.921620662178
2025_10,2025,244377.62,2595221.53,0613豪雨,降雨,1.37427609694
2025_11,2025,233515.5,2586128.51,0613豪雨,降雨,0.331434400205
2025_12,2025,228864.9,2565781.7,0613豪雨,降雨,0.417436872244
2025_13,2025,228831.69,2548402.92,0613豪雨,降雨,0.41425513988
2025_14,2025,233995.2,2574361.33,0613豪雨,降雨,0.829792865692
2025_15,2025,228911.62,2564214.11,0613豪雨,降雨,0.59074727874
2025_16,2025,234822.61,2555817.6,0613豪雨,降雨,1.64385142876
2025_17,2025,247997.96,2578899.3,0613豪雨,降雨,0.470574397495
2025_18,2025,230725.57,2548033.83,0613豪雨,降雨,1.59302263033
2025_19,2025,212927.52,2526779.77,0613豪雨,降雨,0.120548794556
2025_20,2025,215309.21,2553370.67,0613豪雨,降雨,0.311480848729
2025_21,2025,215306.35,2553432.69,0613豪雨,降雨,0.200975976037
2025_22,2025,221275.13,2513936.93,0613豪雨,降雨,0.141229837423
2025_23,2025,215028.26,2531040.05,0613豪雨,降雨,0.172408476669
2025_24,2025,219618.14,2542176.8,0613豪雨,降雨,0.528419714256
2025_25,2025,232217.79,2572651.49,0613豪雨,降雨,0.644243821442
2025_26,2025,234862.19,2589121.64,0613豪雨,降雨,0.314935825125
2025_27,2025,212726.94,2489238.59,0613豪雨,降雨,0.224730401796
2025_28,2025,222016.67,2522288.85,0613豪雨,降雨,0.139963243137
2025_29,2025,225130.4,2541777.24,0613豪雨,降雨,0.57992388142
2025_30,2025,192227.85,2561328.28,0613豪雨,降雨,0.541018575649
2025_31,2025,305558.17,2696110.24,0613豪雨,降雨,0.694414305315
2025_32,2025,323773.44,2682681.04,0613豪雨,降雨,0.11507873953
2025_33,2025,302418.35,2682593.43,0613豪雨,降雨,0.292076404134
2025_34,2025,304678.28,2665392.13,0613豪雨,降雨,0.280313543088
2025_35,2025,304924.8,2665389.45,0613豪雨,降雨,1.56232020692
2025_36,2025,223748.64,2578829.0,0613豪雨,降雨,0.237150126761
2025_37,2025,205129.27,2561123.07,0121嘉義地震,地震,0.120435752769
2025_38,2025,206125.92,2562868.3,0121嘉義地震,地震,0.320487294061
2025_39,2025,206837.59,2564244.06,0121嘉義地震,地震,0.211678809372
2025_40,2025,206629.24,2564266.03,0121嘉義地震,地震,0.176169112274
2025_41,2025,204072.35,2557623.14,0121嘉義地震,地震,0.312548413356
2025_42,2025,203907.12,2560336.35,0121嘉義地震,地震,0.108505691238
2025_43,2025,199014.95,2558331.47,0121嘉義地震,地震,0.132578741889
2025_44,2025,197666.35,2558521.85,0121嘉義地震,地震,0.264372102081
2025_45,2025,200858.7,2561156.6,0121嘉義地震,地震,0.110835603819
2025_46,2025,261986.7,2591859.41,樺加沙颱風,降雨,3.55098284963
2025_47,2025,262424.63,2591384.99,樺加沙颱風,降雨,0.156037434302
2025_48,2025,285890.47,2620864.13,樺加沙颱風,降雨,1.41180364341
2025_49,2025,286197.42,2621105.27,樺加沙颱風,降雨,0.29404197985
2025_50,2025,286266.08,2621069.62,樺加沙颱風,降雨,0.253984064862
2025_51,2025,286554.51,2620896.06,樺加沙颱風,降雨,1.12852297895
2025_52,2025,287462.81,2621018.21,樺加沙颱風,降雨,0.155788253929
2025_53,2025,287873.19,2620767.14,樺加沙颱風,降雨,0.478154912974
2025_54,2025,271486.09,2617978.43,樺加沙颱風,降雨,0.164238671945
2025_55,2025,275263.77,2575357.41,樺加沙颱風,降雨,0.16970573738
2025_56,2025,278196.92,2632232.76,樺加沙颱風,降雨,0.495045295073
2025_57,2025,279987.19,2631080.05,樺加沙颱風,降雨,0.161481687531
2025_58,2025,214825.58,2496555.33,樺加沙颱風,降雨,0.133365833621
2025_59,2025,287577.53,2625241.06,樺加沙颱風,降雨,0.212207289423
2025_60,2025,276838.75,2647480.65,樺加沙颱風,降雨,0.656163098228
2025_61,2025,281564.71,2609053.44,樺加沙颱風,降雨,0.327463400075
2025_62,2025,282296.49,2610387.41,樺加沙颱風,降雨,0.31664458857
2025_63,2025,289273.5,2635895.12,樺加沙颱風,降雨,1.12668632979
2025_64,2025,274883.95,2644998.0,樺加沙颱風,降雨,0.30938666831
2025_65,2025,282242.23,2657972.65,樺加沙颱風,降雨,1.01115986365
2025_66,2025,281425.92,2657509.97,樺加沙颱風,降雨,1.02896156632
2025_67,2025,281248.01,2657576.22,樺加沙颱風,降雨,0.222804331589
2025_68,2025,243854.92,2529481.67,樺加沙颱風,降雨,0.392388352897
2025_69,2025,243973.42,2529622.15,樺加沙颱風,降雨,0.680220663558
2025_70,2025,255448.97,2545434.44,樺加沙颱風,降雨,0.230104783102
2025_71,2025,256396.81,2546546.51,樺加沙颱風,降雨,0.188403519037
2025_72,2025,248418.38,2568062.46,樺加沙颱風,降雨,0.0924710321258
2025_73,2025,248426.44,2568124.66,樺加沙颱風,降雨,0.165352208658
2025_74,2025,248968.09,2568393.65,樺加沙颱風,降雨,0.698133699183
2025_75,2025,249229.81,2567899.9,樺加沙颱風,降雨,0.184286671249
2025_76,2025,249266.58,2567880.79,樺加沙颱風,降雨,0.107251341687
2025_77,2025,250284.23,2568293.88,樺加沙颱風,降雨,0.303077284941
2025_78,2025,249276.39,2568752.0,樺加沙颱風,降雨,0.113843190446
2025_79,2025,246217.1,2570228.04,樺加沙颱風,降雨,0.256851419632
2025_80,2025,249041.89,2570683.44,樺加沙颱風,降雨,0.156205911585
2025_81,2025,245050.26,2571424.67,樺加沙颱風,降雨,0.831266254259
2025_82,2025,245975.43,2565950.05,樺加沙颱風,降雨,0.222533305266
2025_83,2025,244162.1,2567801.47,樺加沙颱風,降雨,0.332487395109
2025_84,2025,262106.78,2560158.11,樺加沙颱風,降雨,1.75212124472
2025_85,2025,255940.16,2562788.76,樺加沙颱風,降雨,3.58339062567
2025_86,2025,248782.44,2565050.99,樺加沙颱風,降雨,0.182452610995
2025_87,2025,249710.34,2567577.54,樺加沙颱風,降雨,0.469081263651
2025_88,2025,250065.7,2567573.53,樺加沙颱風,降雨,0.156821255622
2025_89,2025,250126.01,2567577.01,樺加沙颱風,降雨,0.130636875063
2025_90,2025,260325.22,2565727.97,樺加沙颱風,降雨,0.299238846358
2025_91,2025,260355.57,2565846.66,樺加沙颱風,降雨,0.79114159374
2025_92,2025,235213.27,2525374.18,樺加沙颱風,降雨,0.541938191043
2025_93,2025,237275.77,2530122.75,樺加沙颱風,降雨,0.128587735956
2025_94,2025,239330.15,2530125.03,樺加沙颱風,降雨,0.179044308505
2025_95,2025,239426.73,2529179.09,樺加沙颱風,降雨,0.60480251498
2025_96,2025,239397.33,2529063.48,樺加沙颱風,降雨,0.0799342244524
2025_97,2025,241903.55,2529778.72,樺加沙颱風,降雨,0.125385145923
2025_98,2025,239438.87,2529392.08,樺加沙颱風,降雨,0.215222855181
2025_99,2025,269354.88,2545010.63,樺加沙颱風,降雨,0.252872729677
2025_100,2025,272931.39,2542825.04,樺加沙颱風,降雨,0.237643169414
2025_101,2025,273775.97,2542360.98,樺加沙颱風,降雨,0.171350933323
2025_102,2025,273927.64,2542939.19,樺加沙颱風,降雨,0.113492281207
2025_103,2025,242049.43,2542116.35,樺加沙颱風,降雨,0.187851978697
2025_104,2025,242123.14,2542170.88,樺加沙颱風,降雨,0.209101002035
2025_105,2025,243112.37,2542129.97,樺加沙颱風,降雨,0.119615341422
2025_106,2025,243364.51,2542545.45,樺加沙颱風,降雨,0.310959021074
2025_107,2025,243369.48,2543501.29,樺加沙颱風,降雨,0.511247012671
2025_108,2025,243567.92,2542585.79,樺加沙颱風,降雨,0.0943637123036
2025_109,2025,253037.96,2532016.96,樺加沙颱風,降雨,0.234378534507
2025_110,2025,253446.06,2547460.74,樺加沙颱風,降雨,0.0958054662692
2025_111,2025,252427.06,2547620.0,樺加沙颱風,降雨,0.563219841916
2025_112,2025,252465.81,2552053.68,樺加沙颱風,降雨,0.422760867702
2025_113,2025,252143.11,2548110.89,樺加沙颱風,降雨,0.118078833078
2025_114,2025,248359.44,2548704.77,樺加沙颱風,降雨,0.267926330199
2025_115,2025,246455.37,2531592.85,樺加沙颱風,降雨,0.114221536093
2025_116,2025,246344.08,2531674.22,樺加沙颱風,降雨,0.465480427889
2025_117,2025,246174.19,2531676.66,樺加沙颱風,降雨,0.318437198005
2025_118,2025,242761.95,2532934.0,樺加沙颱風,降雨,0.244725352708
2025_119,2025,246448.44,2532918.97,樺加沙颱風,降雨,0.328332518156
2025_120,2025,245871.54,2533253.8,樺加沙颱風,降雨,0.115800506787
2025_121,2025,245268.98,2525568.98,樺加沙颱風,降雨,8.14058087241
2025_122,2025,244451.13,2531801.63,樺加沙颱風,降雨,0.36383692546
2025_123,2025,242793.96,2533700.66,樺加沙颱風,降雨,0.657934447371
2025_124,2025,243230.28,2533724.45,樺加沙颱風,降雨,0.0979712744562
2025_125,2025,242141.57,2534649.62,樺加沙颱風,降雨,0.128842163641
2025_126,2025,243713.99,2536842.38,樺加沙颱風,降雨,0.262282034171
2025_127,2025,242387.75,2537732.2,樺加沙颱風,降雨,1.34719239935
2025_128,2025,242081.49,2538057.55,樺加沙颱風,降雨,0.186929821493
2025_129,2025,240823.68,2480028.03,樺加沙颱風,降雨,0.180403637365
2025_130,2025,239970.97,2506463.45,樺加沙颱風,降雨,0.204850639348
2025_131,2025,243629.05,2531455.57,樺加沙颱風,降雨,0.264667726492
2025_132,2025,254905.88,2530475.14,樺加沙颱風,降雨,0.0955088069666
2025_133,2025,254959.73,2530522.71,樺加沙颱風,降雨,0.22641933812
2025_134,2025,255298.1,2530655.6,樺加沙颱風,降雨,0.342172403415
2025_135,2025,246403.61,2531365.13,樺加沙颱風,降雨,0.173117913512
2025_136,2025,254802.64,2531508.2,樺加沙颱風,降雨,0.0828075646901
2025_137,2025,254983.0,2531605.42,樺加沙颱風,降雨,0.12161188717
2025_138,2025,255554.93,2562601.95,樺加沙颱風,降雨,1.80511854993
2025_139,2025,256051.21,2562278.71,樺加沙颱風,降雨,0.271448402368
2025_140,2025,282120.78,2629578.95,樺加沙颱風,降雨,0.566172869738
2025_141,2025,282461.22,2631737.49,樺加沙颱風,降雨,0.408485781465
2025_142,2025,282207.56,2634497.15,樺加沙颱風,降雨,0.727704497234
2025_143,2025,280515.31,2636583.59,樺加沙颱風,降雨,0.637375167402
2025_144,2025,298812.62,2680333.13,樺加沙颱風,降雨,0.633052324972
2025_145,2025,297485.57,2599870.87,樺加沙颱風,降雨,0.363060136931
2025_146,2025,256622.39,2607162.54,樺加沙颱風,降雨,2.53204815147
2025_147,2025,278278.03,2607719.67,樺加沙颱風,降雨,0.840448600919
2025_148,2025,281870.57,2624803.77,樺加沙颱風,降雨,0.323279851879
2025_149,2025,304092.13,2695448.01,樺加沙颱風,降雨,0.24852801373
2025_150,2025,290605.27,2676882.74,樺加沙颱風,降雨,0.140202788494
2025_151,2025,291127.89,2667635.82,樺加沙颱風,降雨,0.262299388798
2025_152,2025,298951.08,2666283.64,樺加沙颱風,降雨,0.330303625743
2025_153,2025,299035.36,2666651.44,樺加沙颱風,降雨,0.091256074111
2025_154,2025,277828.83,2640337.28,樺加沙颱風,降雨,0.125823586608
2025_155,2025,284392.65,2639101.55,樺加沙颱風,降雨,0.228269062174
2025_156,2025,262843.83,2527675.61,樺加沙颱風,降雨,0.174642398044
2025_157,2025,262955.43,2527691.8,樺加沙颱風,降雨,0.0750825130641
2025_158,2025,263492.39,2529876.26,樺加沙颱風,降雨,0.0890129948425
2025_159,2025,263407.52,2530612.08,樺加沙颱風,降雨,0.124335651592
2025_160,2025,261546.84,2526307.13,樺加沙颱風,降雨,0.0834074516823
2025_161,2025,261686.67,2528448.95,樺加沙颱風,降雨,0.0745356752073
2025_162,2025,264463.35,2525531.02,樺加沙颱風,降雨,0.455926296877
2025_163,2025,302545.15,2701210.34,樺加沙颱風,降雨,0.347347103354
2025_164,2025,264312.16,2586583.2,樺加沙颱風,降雨,0.576341546883
2025_165,2025,238672.92,2533429.57,樺加沙颱風,降雨,0.0889412363778
2025_166,2025,238664.23,2533352.02,樺加沙颱風,降雨,0.313158940596
2025_167,2025,238640.62,2532870.23,樺加沙颱風,降雨,0.196649532067
2025_168,2025,243254.73,2526883.14,樺加沙颱風,降雨,0.324228782137
2025_169,2025,244133.33,2527677.43,樺加沙颱風,降雨,0.220605214003
2025_170,2025,244098.01,2527927.57,樺加沙颱風,降雨,0.144162561088
2025_171,2025,238524.18,2533753.42,樺加沙颱風,降雨,1.4696729955
2025_172,2025,268296.37,2573874.96,楊柳颱風,降雨,0.145791064249
2025_173,2025,271163.53,2589475.38,楊柳颱風,降雨,0.200082373705
2025_174,2025,269237.55,2586436.75,楊柳颱風,降雨,0.129098493507
2025_175,2025,271435.24,2602487.28,楊柳颱風,降雨,0.414085274268
2025_176,2025,272940.55,2592442.34,楊柳颱風,降雨,0.11596889867
2025_177,2025,275609.53,2597343.35,楊柳颱風,降雨,0.346508297613
2025_178,2025,266065.33,2553215.56,楊柳颱風,降雨,0.100264269051
2025_179,2025,277583.82,2562191.32,楊柳颱風,降雨,0.105831553983
2025_180,2025,277759.47,2556967.7,楊柳颱風,降雨,0.181881210891
2025_181,2025,277329.73,2555370.82,楊柳颱風,降雨,0.286270271428
2025_182,2025,233643.62,2593151.14,楊柳颱風,降雨,0.142463546059
2025_183,2025,239906.98,2590734.8,楊柳颱風,降雨,0.159599557882
2025_184,2025,247678.4,2585040.15,楊柳颱風,降雨,0.132920322362
2025_185,2025,258243.75,2583319.21,楊柳颱風,降雨,0.118797254893
2025_186,2025,263513.5,2588576.08,楊柳颱風,降雨,0.701512106523
2025_187,2025,263945.77,2604400.11,楊柳颱風,降雨,0.247776098418
2025_188,2025,263959.69,2593134.76,楊柳颱風,降雨,0.417141951704
2025_189,2025,268191.68,2581115.15,楊柳颱風,降雨,0.105162377257
2025_190,2025,271714.61,2606001.56,楊柳颱風,降雨,0.0812092426457
2025_191,2025,277897.39,2582242.39,楊柳颱風,降雨,0.151310199616
2025_192,2025,218636.1,2555286.0,楊柳颱風,降雨,0.848518792593
2025_193,2025,227691.07,2520120.1,楊柳颱風,降雨,0.166876043189
2025_194,2025,227723.89,2518679.53,楊柳颱風,降雨,0.267452673445
2025_195,2025,230691.41,2545578.42,楊柳颱風,降雨,0.373521771508
2025_196,2025,230379.56,2546074.11,楊柳颱風,降雨,0.108269837344
2025_197,2025,226202.86,2566451.89,楊柳颱風,降雨,0.134061728759
2025_198,2025,227196.05,2566685.24,楊柳颱風,降雨,0.0942132409197
2025_199,2025,231628.57,2574483.97,楊柳颱風,降雨,0.160268084032
2025_200,2025,227804.98,2515010.53,楊柳颱風,降雨,0.116668079928
2025_201,2025,218757.57,2523413.67,楊柳颱風,降雨,0.288986278108
2025_202,2025,218571.22,2523452.84,楊柳颱風,降雨,0.153433503077
2025_203,2025,231478.28,2524497.25,楊柳颱風,降雨,0.232336025714
2025_204,2025,222352.24,2529383.54,楊柳颱風,降雨,0.115620294984
2025_205,2025,218608.99,2523381.23,楊柳颱風,降雨,0.324827870054
2025_206,2025,240236.59,2538982.66,楊柳颱風,降雨,0.23347967935
2025_207,2025,250067.75,2555882.75,楊柳颱風,降雨,0.155929567616
2025_208,2025,246456.19,2579541.12,楊柳颱風,降雨,0.434200325511
2025_209,2025,215671.46,2543332.93,楊柳颱風,降雨,0.495260955359
2025_210,2025,225823.63,2507405.54,楊柳颱風,降雨,0.942700495238
2025_211,2025,281781.0,2605037.67,楊柳颱風,降雨,0.449527530133
2025_212,2025,282061.8,2605782.01,楊柳颱風,降雨,0.0946703812334
2025_213,2025,217096.71,2492311.22,楊柳颱風,降雨,0.24445867612
2025_214,2025,218536.74,2493180.07,楊柳颱風,降雨,0.244022271587
2025_215,2025,218611.12,2492422.31,楊柳颱風,降雨,0.208991075897
2025_216,2025,220331.69,2492811.85,楊柳颱風,降雨,0.0917435395883
2025_217,2025,220935.04,2492267.93,楊柳颱風,降雨,0.153238307494
2025_218,2025,237118.36,2637717.96,0728豪雨,降雨,0.419496207392
2025_219,2025,227478.13,2569397.59,0728豪雨,降雨,0.132779662396
2025_220,2025,227498.17,2569548.51,0728豪雨,降雨,0.414829820325
2025_221,2025,227697.57,2569338.64,0728豪雨,降雨,0.121018086229
2025_222,2025,229802.52,2569450.51,0728豪雨,降雨,0.186093824725
2025_223,2025,225127.08,2568974.44,0728豪雨,降雨,1.02645721606
2025_224,2025,225221.75,2569208.65,0728豪雨,降雨,0.350173517752
2025_225,2025,225484.34,2568029.63,0728豪雨,降雨,2.25013733332
2025_226,2025,226876.43,2568349.69,0728豪雨,降雨,0.228040234507
2025_227,2025,226969.37,2568060.23,0728豪雨,降雨,1.85160968152
2025_228,2025,226997.26,2568309.08,0728豪雨,降雨,0.276299276434
2025_229,2025,226818.29,2568494.06,0728豪雨,降雨,0.600602800632
2025_230,2025,226874.56,2568597.98,0728豪雨,降雨,1.27965466035
2025_231,2025,228041.33,2563714.29,0728豪雨,降雨,0.666608268631
2025_232,2025,227416.46,2565425.33,0728豪雨,降雨,0.198623446167
2025_233,2025,229255.28,2567961.4,0728豪雨,降雨,0.434040810515
2025_234,2025,228543.01,2568290.72,0728豪雨,降雨,1.24643459169
2025_235,2025,229335.05,2568434.34,0728豪雨,降雨,2.71480075206
2025_236,2025,229080.79,2568623.1,0728豪雨,降雨,0.219638738853
2025_237,2025,229197.2,2564671.7,0728豪雨,降雨,0.486935916698
2025_238,2025,217431.94,2549766.32,0728豪雨,降雨,0.554213030615
2025_239,2025,217421.28,2549062.91,0728豪雨,降雨,0.374078122544
2025_240,2025,217524.65,2548724.57,0728豪雨,降雨,0.207482544563
2025_241,2025,217787.22,2549477.13,0728豪雨,降雨,0.279942120186
2025_242,2025,217921.38,2551161.8,0728豪雨,降雨,0.301149637395
2025_243,2025,217959.69,2548798.03,0728豪雨,降雨,0.350995229866
2025_244,2025,222748.44,2547096.72,0728豪雨,降雨,0.715850113166
2025_245,2025,221031.24,2548016.31,0728豪雨,降雨,0.112714366429
2025_246,2025,221363.16,2548156.46,0728豪雨,降雨,0.177502915449
2025_247,2025,222056.44,2548239.79,0728豪雨,降雨,0.142006402475
2025_248,2025,222361.4,2549122.12,0728豪雨,降雨,0.294317230035
2025_249,2025,219811.79,2549189.54,0728豪雨,降雨,1.37752062905
2025_250,2025,219691.87,2549574.76,0728豪雨,降雨,0.39266541254
2025_251,2025,219151.86,2550250.12,0728豪雨,降雨,0.523995142732
2025_252,2025,219273.51,2550684.42,0728豪雨,降雨,0.105096415969
2025_253,2025,219286.52,2550763.06,0728豪雨,降雨,0.146812008431
2025_254,2025,219760.15,2551598.93,0728豪雨,降雨,0.92599925115
2025_255,2025,215019.72,2549761.82,0728豪雨,降雨,0.578134787349
2025_256,2025,216598.13,2549252.04,0728豪雨,降雨,0.285885911017
2025_257,2025,217196.86,2550158.95,0728豪雨,降雨,0.221625663634
2025_258,2025,217206.24,2549691.55,0728豪雨,降雨,0.286725155984
2025_259,2025,214739.78,2549563.87,0728豪雨,降雨,0.116651546552
2025_260,2025,215874.24,2540095.26,0728豪雨,降雨,0.72926398183
2025_261,2025,216359.89,2540807.94,0728豪雨,降雨,0.769733284195
2025_262,2025,216823.13,2540111.94,0728豪雨,降雨,0.0905576220144
2025_263,2025,216951.58,2540150.38,0728豪雨,降雨,1.21186366893
2025_264,2025,217363.95,2540857.96,0728豪雨,降雨,0.196695491341
2025_265,2025,217700.58,2540669.34,0728豪雨,降雨,0.650015290902
2025_266,2025,218362.55,2538833.35,0728豪雨,降雨,0.324571287903
2025_267,2025,219157.46,2537995.44,0728豪雨,降雨,0.161189698396
2025_268,2025,214535.83,2541739.56,0728豪雨,降雨,0.120855985587
2025_269,2025,215660.85,2543420.78,0728豪雨,降雨,0.607461085192
2025_270,2025,215689.96,2542642.93,0728豪雨,降雨,0.280797870897
2025_271,2025,216045.7,2543213.93,0728豪雨,降雨,9.79313507406
2025_272,2025,214533.33,2540798.91,0728豪雨,降雨,0.132498772752
2025_273,2025,214683.98,2541393.53,0728豪雨,降雨,0.475806044424
2025_274,2025,214776.83,2541367.71,0728豪雨,降雨,0.140467759464
2025_275,2025,215024.82,2540630.74,0728豪雨,降雨,0.847794842367
2025_276,2025,215099.07,2539629.21,0728豪雨,降雨,0.363052100829
2025_277,2025,215270.51,2539824.4,0728豪雨,降雨,0.188517281995
2025_278,2025,214321.51,2555187.32,0728豪雨,降雨,0.234255330513
2025_279,2025,214658.96,2555252.85,0728豪雨,降雨,0.391487349241
2025_280,2025,215648.24,2555912.42,0728豪雨,降雨,0.241152616486
2025_281,2025,215689.01,2555842.89,0728豪雨,降雨,0.222480810268
2025_282,2025,215695.66,2555683.77,0728豪雨,降雨,0.283615878843
2025_283,2025,216099.83,2555828.21,0728豪雨,降雨,0.301699551883
2025_284,2025,216093.16,2555707.54,0728豪雨,降雨,0.101742966301
2025_285,2025,216313.02,2555734.52,0728豪雨,降雨,0.117516761516
2025_286,2025,216462.64,2555715.9,0728豪雨,降雨,0.0863966034204
2025_287,2025,212611.47,2555115.17,0728豪雨,降雨,0.623068774349
2025_288,2025,212902.33,2555503.54,0728豪雨,降雨,0.152246194343
2025_289,2025,212957.37,2555292.39,0728豪雨,降雨,0.533093672816
2025_290,2025,214026.82,2554790.56,0728豪雨,降雨,3.35984268754
2025_291,2025,214054.31,2555266.5,0728豪雨,降雨,2.1554357241
2025_292,2025,214173.09,2555138.41,0728豪雨,降雨,0.793918542014
2025_293,2025,222353.22,2554242.21,0728豪雨,降雨,1.03324636668
2025_294,2025,222571.14,2554434.84,0728豪雨,降雨,0.198044977415
2025_295,2025,216540.35,2554865.87,0728豪雨,降雨,0.138369763492
2025_296,2025,217041.63,2555101.87,0728豪雨,降雨,0.256860138607
2025_297,2025,222498.28,2554942.53,0728豪雨,降雨,0.230311109115
2025_298,2025,214212.53,2554804.61,0728豪雨,降雨,0.945058443052
2025_299,2025,215124.11,2554630.9,0728豪雨,降雨,0.212606813758
2025_300,2025,215195.1,2554404.8,0728豪雨,降雨,0.123498875935
2025_301,2025,216181.06,2553981.86,0728豪雨,降雨,0.398775676776
2025_302,2025,216404.74,2553929.33,0728豪雨,降雨,0.139333059374
2025_303,2025,214985.71,2552185.75,0728豪雨,降雨,0.253288380686
2025_304,2025,222926.78,2552181.79,0728豪雨,降雨,0.405339647327
2025_305,2025,222474.88,2552194.53,0728豪雨,降雨,0.248718792699
2025_306,2025,222514.45,2552540.21,0728豪雨,降雨,0.323920473351
2025_307,2025,222854.59,2553067.4,0728豪雨,降雨,1.54908520263
2025_308,2025,222985.01,2552977.73,0728豪雨,降雨,0.572894442377
2025_309,2025,223072.29,2552129.46,0728豪雨,降雨,0.368619823872
2025_310,2025,223723.56,2552454.36,0728豪雨,降雨,0.267347993302
2025_311,2025,242136.11,2527178.03,0728豪雨,降雨,4.22910372267
2025_312,2025,242145.23,2527899.26,0728豪雨,降雨,0.701393623725
2025_313,2025,242396.51,2527377.07,0728豪雨,降雨,3.57102605899
2025_314,2025,242378.22,2527190.25,0728豪雨,降雨,0.925815876717
2025_315,2025,242595.86,2527300.99,0728豪雨,降雨,0.248990109995
2025_316,2025,237866.32,2527506.14,0728豪雨,降雨,0.532172717664
2025_317,2025,237944.6,2527552.52,0728豪雨,降雨,0.243015367595
2025_318,2025,239340.88,2528095.46,0728豪雨,降雨,0.67861034214
2025_319,2025,240122.24,2527648.29,0728豪雨,降雨,0.39097752129
2025_320,2025,241117.84,2527749.07,0728豪雨,降雨,0.365567765211
2025_321,2025,234547.53,2522836.99,0728豪雨,降雨,0.362692083907
2025_322,2025,235889.08,2522134.49,0728豪雨,降雨,0.328382957811
2025_323,2025,236713.7,2522231.4,0728豪雨,降雨,0.775515574507
2025_324,2025,236743.39,2522491.05,0728豪雨,降雨,0.180856298549
2025_325,2025,231733.07,2529244.29,0728豪雨,降雨,0.719488383936
2025_326,2025,231948.02,2529078.45,0728豪雨,降雨,2.70953089375
2025_327,2025,232696.9,2527523.81,0728豪雨,降雨,0.523325343386
2025_328,2025,233075.81,2526558.54,0728豪雨,降雨,0.238647012875
2025_329,2025,233081.91,2521797.7,0728豪雨,降雨,0.532000006804
2025_330,2025,232986.71,2521800.35,0728豪雨,降雨,0.440618976421
2025_331,2025,233459.17,2521803.79,0728豪雨,降雨,0.226118403095
2025_332,2025,230908.33,2519516.04,0728豪雨,降雨,0.879511705716
2025_333,2025,231437.54,2523577.9,0728豪雨,降雨,0.622889696003
2025_334,2025,230857.34,2524200.54,0728豪雨,降雨,0.269459011604
2025_335,2025,242243.17,2525675.41,0728豪雨,降雨,0.367204385853
2025_336,2025,242589.36,2526090.98,0728豪雨,降雨,0.273006348564
2025_337,2025,232745.32,2525764.44,0728豪雨,降雨,0.314693611348
2025_338,2025,231908.13,2523980.11,0728豪雨,降雨,0.578038650651
2025_339,2025,231698.66,2524085.86,0728豪雨,降雨,0.294744495537
2025_340,2025,226628.49,2523794.07,0728豪雨,降雨,0.0677505652767
2025_341,2025,226793.36,2523687.58,0728豪雨,降雨,0.185496277032
2025_342,2025,227052.73,2523753.83,0728豪雨,降雨,0.476426151755
2025_343,2025,228166.66,2521756.27,0728豪雨,降雨,0.886313404057
2025_344,2025,228466.2,2524059.8,0728豪雨,降雨,0.205351532708
2025_345,2025,229253.87,2522791.43,0728豪雨,降雨,0.903140690785
2025_346,2025,227084.19,2558618.93,0728豪雨,降雨,0.20299097093
2025_347,2025,227177.99,2558387.67,0728豪雨,降雨,1.88161067555
2025_348,2025,227239.7,2558579.44,0728豪雨,降雨,0.56541157888
2025_349,2025,227463.97,2558632.83,0728豪雨,降雨,4.65531523545
2025_350,2025,227401.75,2558687.0,0728豪雨,降雨,1.56091334943
2025_351,2025,227385.73,2558922.36,0728豪雨,降雨,1.25644245702
2025_352,2025,227586.84,2552183.89,0728豪雨,降雨,0.691720467295
2025_353,2025,229574.53,2558763.33,0728豪雨,降雨,0.15129800959
2025_354,2025,229609.53,2559570.55,0728豪雨,降雨,0.247887413174
2025_355,2025,229769.02,2559393.01,0728豪雨,降雨,0.126185431798
2025_356,2025,229767.65,2559529.46,0728豪雨,降雨,0.136945652894
2025_357,2025,230486.46,2560487.76,0728豪雨,降雨,0.313430790941
2025_358,2025,230453.35,2560413.64,0728豪雨,降雨,0.107966033039
2025_359,2025,229985.01,2549698.67,0728豪雨,降雨,0.226562778098
2025_360,2025,230027.75,2549531.19,0728豪雨,降雨,1.42927031854
2025_361,2025,229905.51,2545478.57,0728豪雨,降雨,0.449711115677
2025_362,2025,229317.67,2546846.89,0728豪雨,降雨,1.59964696625
2025_363,2025,226253.73,2547507.88,0728豪雨,降雨,0.168420512871
2025_364,2025,228063.07,2548030.22,0728豪雨,降雨,1.22619254188
2025_365,2025,228469.51,2547834.25,0728豪雨,降雨,0.641334820155
2025_366,2025,228576.33,2547400.15,0728豪雨,降雨,0.692911766861
2025_367,2025,228785.29,2548756.63,0728豪雨,降雨,0.451297497071
2025_368,2025,228768.84,2547959.96,0728豪雨,降雨,0.184493387901
2025_369,2025,224114.56,2545217.03,0728豪雨,降雨,0.500602726123
2025_370,2025,224295.74,2545555.07,0728豪雨,降雨,0.475189823541
2025_371,2025,224913.44,2544416.96,0728豪雨,降雨,0.106686466268
2025_372,2025,225171.01,2544372.02,0728豪雨,降雨,0.38240883757
2025_373,2025,225235.38,2544481.1,0728豪雨,降雨,0.268742804318
2025_374,2025,225339.28,2544367.05,0728豪雨,降雨,0.75955668298
2025_375,2025,224085.94,2554666.44,0728豪雨,降雨,0.173400069828
2025_376,2025,225400.15,2553489.5,0728豪雨,降雨,0.967789617004
2025_377,2025,225721.97,2544567.74,0728豪雨,降雨,1.13261386949
2025_378,2025,226012.07,2543674.08,0728豪雨,降雨,0.244607572835
2025_379,2025,226025.39,2543899.69,0728豪雨,降雨,0.090229031958
2025_380,2025,226062.5,2544554.45,0728豪雨,降雨,0.201160417334
2025_381,2025,226313.4,2543876.11,0728豪雨,降雨,0.174880638086
2025_382,2025,232415.63,2560548.35,0728豪雨,降雨,0.392327288963
2025_383,2025,232517.09,2562471.71,0728豪雨,降雨,1.53668850556
2025_384,2025,232523.1,2558514.89,0728豪雨,降雨,0.763407692253
2025_385,2025,233644.36,2559642.31,0728豪雨,降雨,1.47864613977
2025_386,2025,234756.41,2535045.19,0728豪雨,降雨,1.34671203199
2025_387,2025,235015.07,2535031.09,0728豪雨,降雨,0.314790991922
2025_388,2025,235837.86,2538455.8,0728豪雨,降雨,0.966337152162
2025_389,2025,235325.39,2538725.16,0728豪雨,降雨,0.865662433161
2025_390,2025,235683.88,2540253.15,0728豪雨,降雨,2.57050818175
2025_391,2025,225602.48,2559615.68,0728豪雨,降雨,0.518200475821
2025_392,2025,226624.38,2559116.94,0728豪雨,降雨,0.210055897905
2025_393,2025,227270.4,2559946.87,0728豪雨,降雨,24.356367023
2025_394,2025,227287.37,2559318.84,0728豪雨,降雨,3.93249294345
2025_395,2025,227492.49,2559275.08,0728豪雨,降雨,11.7401552726
2025_396,2025,228079.56,2559263.39,0728豪雨,降雨,0.291097203824
2025_397,2025,230373.89,2560748.74,0728豪雨,降雨,1.63978347418
2025_398,2025,230777.42,2560811.96,0728豪雨,降雨,0.541623594683
2025_399,2025,230826.31,2561038.31,0728豪雨,降雨,0.922527443858
2025_400,2025,230610.3,2561063.27,0728豪雨,降雨,0.12298138113
2025_401,2025,230679.21,2560424.37,0728豪雨,降雨,0.167983647405
2025_402,2025,230835.13,2560359.22,0728豪雨,降雨,0.298765318732
2025_403,2025,231101.53,2560219.44,0728豪雨,降雨,0.28364735787
2025_404,2025,231358.26,2560336.58,0728豪雨,降雨,0.136525203097
2025_405,2025,231756.64,2560393.65,0728豪雨,降雨,0.960682511628
2025_406,2025,223311.02,2558602.68,0728豪雨,降雨,10.1745793086
2025_407,2025,223121.86,2558380.01,0728豪雨,降雨,0.16367266208
2025_408,2025,223745.98,2558353.39,0728豪雨,降雨,0.389834607389
2025_409,2025,224294.22,2559613.49,0728豪雨,降雨,6.5682754612
2025_410,2025,223808.54,2558699.24,0728豪雨,降雨,0.284998249712
2025_411,2025,225869.5,2563795.28,0728豪雨,降雨,0.301659603514
2025_412,2025,226100.7,2564401.13,0728豪雨,降雨,0.986207387306
2025_413,2025,226536.27,2563945.32,0728豪雨,降雨,3.09858999537
2025_414,2025,226810.75,2558361.99,0728豪雨,降雨,0.411337563645
2025_415,2025,224878.61,2564463.08,0728豪雨,降雨,0.169046544981
2025_416,2025,224767.93,2564717.85,0728豪雨,降雨,0.468343168082
2025_417,2025,224804.24,2579081.18,0728豪雨,降雨,8.32966495132
2025_418,2025,216866.3,2534727.36,0728豪雨,降雨,0.149999224637
2025_419,2025,217294.78,2532325.5,0728豪雨,降雨,0.491189897025
2025_420,2025,217805.48,2527082.98,0728豪雨,降雨,12.7953830426
2025_421,2025,218593.86,2526804.99,0728豪雨,降雨,8.51574068772
2025_422,2025,219114.13,2526546.67,0728豪雨,降雨,2.15299878451
2025_423,2025,219823.36,2527423.3,0728豪雨,降雨,2.01151186244
2025_424,2025,220708.31,2526858.19,0728豪雨,降雨,1.9693280625
2025_425,2025,220804.62,2528184.05,0728豪雨,降雨,1.09151325182
2025_426,2025,220972.45,2527657.47,0728豪雨,降雨,5.38199806906
2025_427,2025,224784.28,2523880.21,0728豪雨,降雨,0.230808112709
2025_428,2025,225129.99,2524349.53,0728豪雨,降雨,0.153292402349
2025_429,2025,225180.21,2524316.29,0728豪雨,降雨,0.150447306599
2025_430,2025,225498.09,2524431.76,0728豪雨,降雨,0.181901360064
2025_431,2025,219107.94,2529136.93,0728豪雨,降雨,0.226715010154
2025_432,2025,219411.26,2529633.04,0728豪雨,降雨,0.501983439421
2025_433,2025,222720.53,2529929.61,0728豪雨,降雨,0.245414098822
2025_434,2025,222971.57,2530007.12,0728豪雨,降雨,0.357904637929
2025_435,2025,218272.97,2524439.9,0728豪雨,降雨,0.597899589654
2025_436,2025,218267.79,2524748.3,0728豪雨,降雨,0.113875135485
2025_437,2025,218646.3,2523368.14,0728豪雨,降雨,1.75949583491
2025_438,2025,218789.47,2522448.85,0728豪雨,降雨,0.110208131288
2025_439,2025,218945.85,2522003.98,0728豪雨,降雨,0.222796285065
2025_440,2025,219039.62,2525045.68,0728豪雨,降雨,1.37347397982
2025_441,2025,215819.75,2522147.5,0728豪雨,降雨,0.332342107076
2025_442,2025,215702.57,2523301.86,0728豪雨,降雨,0.891038908663
2025_443,2025,215814.88,2523334.09,0728豪雨,降雨,0.298067329824
2025_444,2025,214441.91,2534772.64,0728豪雨,降雨,0.258403682978
2025_445,2025,214732.46,2535988.83,0728豪雨,降雨,0.0739939337291
2025_446,2025,214728.45,2534796.03,0728豪雨,降雨,0.263460967417
2025_447,2025,215064.42,2536556.63,0728豪雨,降雨,0.305828140726
2025_448,2025,215343.13,2534966.85,0728豪雨,降雨,0.427660626898
2025_449,2025,215410.0,2535105.15,0728豪雨,降雨,0.445248815272
2025_450,2025,213241.44,2547359.7,0728豪雨,降雨,1.33512907174
2025_451,2025,213652.23,2547972.5,0728豪雨,降雨,0.0709017092623
2025_452,2025,213681.18,2547975.12,0728豪雨,降雨,0.137835889348
2025_453,2025,213716.77,2547422.78,0728豪雨,降雨,0.143016982988
2025_454,2025,213719.8,2548055.46,0728豪雨,降雨,0.0974100132524
2025_455,2025,214561.27,2547965.01,0728豪雨,降雨,0.498204493661
2025_456,2025,211056.48,2540536.38,0728豪雨,降雨,2.34342615449
2025_457,2025,211158.01,2540747.26,0728豪雨,降雨,0.125919769798
2025_458,2025,211187.62,2539463.66,0728豪雨,降雨,0.363846519911
2025_459,2025,211233.99,2539613.88,0728豪雨,降雨,0.109043381568
2025_460,2025,211312.96,2539687.46,0728豪雨,降雨,0.406321681049
2025_461,2025,211385.75,2539568.38,0728豪雨,降雨,0.35433254449
2025_462,2025,210200.54,2541020.13,0728豪雨,降雨,0.151354270656
2025_463,2025,210735.68,2541050.61,0728豪雨,降雨,0.144972642758
2025_464,2025,211227.9,2541460.08,0728豪雨,降雨,0.233706085905
2025_465,2025,210497.6,2541763.32,0728豪雨,降雨,0.375061384878
2025_466,2025,210109.37,2541672.3,0728豪雨,降雨,0.782095129611
2025_467,2025,210271.99,2541210.72,0728豪雨,降雨,0.134320448855
2025_468,2025,209610.45,2548255.83,0728豪雨,降雨,5.3900575805
2025_469,2025,209268.46,2546667.95,0728豪雨,降雨,0.504129026259
2025_470,2025,208777.82,2548889.26,0728豪雨,降雨,0.450847914365
2025_471,2025,207568.13,2540249.14,0728豪雨,降雨,1.626622112
2025_472,2025,207815.19,2540778.75,0728豪雨,降雨,0.123016998812
2025_473,2025,208332.66,2540762.14,0728豪雨,降雨,0.129726103164
2025_474,2025,208491.61,2540824.24,0728豪雨,降雨,0.353809567021
2025_475,2025,207583.15,2541790.08,0728豪雨,降雨,0.197901883509
2025_476,2025,207534.51,2542737.77,0728豪雨,降雨,1.79650410527
2025_477,2025,208692.23,2544898.45,0728豪雨,降雨,0.372186777277
2025_478,2025,216315.56,2519783.29,0728豪雨,降雨,5.88891571763
2025_479,2025,216754.88,2519902.42,0728豪雨,降雨,0.812818093058
2025_480,2025,219194.08,2520450.46,0728豪雨,降雨,0.441368485983
2025_481,2025,219350.97,2520150.9,0728豪雨,降雨,0.322291826833
2025_482,2025,219543.94,2520929.22,0728豪雨,降雨,0.350008802273
2025_483,2025,219725.93,2520927.04,0728豪雨,降雨,0.599875578642
2025_484,2025,230047.69,2518784.19,0728豪雨,降雨,0.561898487601
2025_485,2025,230719.18,2519033.98,0728豪雨,降雨,0.410067805064
2025_486,2025,230357.81,2519113.73,0728豪雨,降雨,0.362516002149
2025_487,2025,229290.72,2519401.87,0728豪雨,降雨,0.2049035836
2025_488,2025,227912.07,2520348.12,0728豪雨,降雨,0.149737240281
2025_489,2025,227891.22,2521120.86,0728豪雨,降雨,0.15553748152
2025_490,2025,221688.2,2518835.61,0728豪雨,降雨,1.29999649256
2025_491,2025,220024.23,2520607.08,0728豪雨,降雨,1.38802646824
2025_492,2025,220033.7,2520852.49,0728豪雨,降雨,0.327690984606
2025_493,2025,220694.13,2525126.63,0728豪雨,降雨,0.424396740028
2025_494,2025,229578.94,2517939.19,0728豪雨,降雨,1.11813124432
2025_495,2025,229700.33,2517622.46,0728豪雨,降雨,0.203743880258
2025_496,2025,230121.62,2517674.26,0728豪雨,降雨,0.246651311646
2025_497,2025,231012.1,2517565.97,0728豪雨,降雨,0.617933940451
2025_498,2025,231009.29,2518325.28,0728豪雨,降雨,0.561933582153
2025_499,2025,231374.91,2517811.24,0728豪雨,降雨,0.516466633541
2025_500,2025,217530.07,2575484.9,0728豪雨,降雨,0.250045463745
2025_501,2025,216919.22,2575618.65,0728豪雨,降雨,0.791987493246
2025_502,2025,216625.13,2575693.55,0728豪雨,降雨,0.118940700426
2025_503,2025,216692.77,2575779.0,0728豪雨,降雨,0.197573543327
2025_504,2025,214109.93,2575584.49,0728豪雨,降雨,0.220667675664
2025_505,2025,216791.59,2575962.07,0728豪雨,降雨,0.203137962816
2025_506,2025,214824.48,2576025.61,0728豪雨,降雨,1.20756497067
2025_507,2025,215320.96,2576071.62,0728豪雨,降雨,0.398844717822
2025_508,2025,221948.73,2577140.98,0728豪雨,降雨,0.193628414094
2025_509,2025,221857.69,2577164.63,0728豪雨,降雨,0.129963621559
2025_510,2025,221892.27,2577211.55,0728豪雨,降雨,0.0761486718226
2025_511,2025,221937.26,2577245.94,0728豪雨,降雨,0.151907552977
2025_512,2025,222025.78,2577307.54,0728豪雨,降雨,0.355423808127
2025_513,2025,221960.53,2577479.56,0728豪雨,降雨,0.231026044455
2025_514,2025,215294.33,2575113.29,0728豪雨,降雨,0.167165397908
2025_515,2025,215308.86,2575857.99,0728豪雨,降雨,0.305670379385
2025_516,2025,215376.84,2575454.31,0728豪雨,降雨,1.2663465697
2025_517,2025,215442.95,2575641.65,0728豪雨,降雨,0.0930694547306
2025_518,2025,215725.09,2575202.02,0728豪雨,降雨,0.273534585821
2025_519,2025,215868.15,2575062.37,0728豪雨,降雨,0.233110379978
2025_520,2025,215090.84,2575282.07,0728豪雨,降雨,0.161950834543
2025_521,2025,215383.56,2576851.51,0728豪雨,降雨,1.08263797256
2025_522,2025,216908.62,2573953.7,0728豪雨,降雨,3.1648202288
2025_523,2025,216877.43,2574499.98,0728豪雨,降雨,0.928676646583
2025_524,2025,216785.08,2574682.88,0728豪雨,降雨,0.977771022453
2025_525,2025,217268.24,2574922.75,0728豪雨,降雨,0.571561704466
2025_526,2025,216582.99,2575061.22,0728豪雨,降雨,0.923097376996
2025_527,2025,217038.93,2575214.25,0728豪雨,降雨,0.216933857071
2025_528,2025,217078.72,2577697.03,0728豪雨,降雨,0.73350848971
2025_529,2025,217384.3,2575028.56,0728豪雨,降雨,1.36302553209
2025_530,2025,217369.97,2574607.09,0728豪雨,降雨,0.292303622878
2025_531,2025,217364.75,2574737.02,0728豪雨,降雨,0.566927203163
2025_532,2025,219868.96,2572451.73,0728豪雨,降雨,0.53372338937
2025_533,2025,220197.93,2573026.93,0728豪雨,降雨,0.327830979289
2025_534,2025,220369.66,2573176.18,0728豪雨,降雨,0.168224963681
2025_535,2025,218431.12,2573583.81,0728豪雨,降雨,1.40802963007
2025_536,2025,217329.24,2574031.95,0728豪雨,降雨,0.553501933768
2025_537,2025,217469.22,2574306.79,0728豪雨,降雨,0.330650969408
2025_538,2025,234400.23,2594394.78,0728豪雨,降雨,1.40191782386
2025_539,2025,254013.87,2642134.08,0728豪雨,降雨,2.14539436609
2025_540,2025,253624.11,2643844.53,0728豪雨,降雨,0.336709838247
2025_541,2025,210648.44,2593330.42,0728豪雨,降雨,1.99870054219
2025_542,2025,221591.49,2595649.83,0728豪雨,降雨,0.101164723143
2025_543,2025,221978.78,2594870.62,0728豪雨,降雨,1.18585018365
2025_544,2025,222239.85,2595853.59,0728豪雨,降雨,0.166995151165
2025_545,2025,222305.72,2592488.92,0728豪雨,降雨,0.778529149094
2025_546,2025,222540.26,2595086.25,0728豪雨,降雨,0.181825883541
2025_547,2025,216825.14,2591879.78,0728豪雨,降雨,0.35998929182
2025_548,2025,226229.5,2592254.57,0728豪雨,降雨,0.0898267004484
2025_549,2025,213488.21,2593079.64,0728豪雨,降雨,0.338065068551
2025_550,2025,263399.19,2593503.59,0728豪雨,降雨,1.29830404788
2025_551,2025,255606.91,2586992.76,0728豪雨,降雨,1.07179774998
2025_552,2025,220823.03,2578856.53,0728豪雨,降雨,1.60069486566
2025_553,2025,219631.22,2581180.29,0728豪雨,降雨,1.03364533638
2025_554,2025,219956.95,2581357.59,0728豪雨,降雨,1.11847875543
2025_555,2025,220073.5,2581984.9,0728豪雨,降雨,0.287613816752
2025_556,2025,213286.82,2579250.71,0728豪雨,降雨,5.15789774209
2025_557,2025,221762.06,2577640.19,0728豪雨,降雨,0.121033939166
2025_558,2025,224123.89,2579977.34,0728豪雨,降雨,0.214876499351
2025_559,2025,227645.68,2581283.61,0728豪雨,降雨,0.737929877561
2025_560,2025,229141.82,2581315.79,0728豪雨,降雨,0.657975719192
2025_561,2025,229718.43,2583738.9,0728豪雨,降雨,0.890595048598
2025_562,2025,229725.71,2584066.65,0728豪雨,降雨,0.622198882563
2025_563,2025,230099.76,2583646.14,0728豪雨,降雨,0.216803720489
2025_564,2025,226769.84,2581357.78,0728豪雨,降雨,0.281546262678
2025_565,2025,227940.13,2591914.72,0728豪雨,降雨,1.41745563578
2025_566,2025,228249.86,2592284.52,0728豪雨,降雨,0.14009572687
2025_567,2025,228163.91,2592305.7,0728豪雨,降雨,0.20101400616
2025_568,2025,227015.3,2592967.61,0728豪雨,降雨,0.156961892788
2025_569,2025,227205.82,2593376.39,0728豪雨,降雨,0.250814075005
2025_570,2025,227768.55,2566343.07,0728豪雨,降雨,0.362659098422
2025_571,2025,227003.1,2567139.27,0728豪雨,降雨,0.163803396989
2025_572,2025,226595.53,2567162.8,0728豪雨,降雨,0.295467880375
2025_573,2025,226798.29,2567275.76,0728豪雨,降雨,0.245400254106
2025_574,2025,226844.8,2567398.92,0728豪雨,降雨,0.325915323406
2025_575,2025,225935.12,2562718.17,0728豪雨,降雨,0.403390147745
2025_576,2025,226383.46,2563072.66,0728豪雨,降雨,0.300667911783
2025_577,2025,226396.13,2563239.72,0728豪雨,降雨,0.066347240119
2025_578,2025,225818.56,2563459.1,0728豪雨,降雨,0.497859767039
2025_579,2025,226448.29,2563421.24,0728豪雨,降雨,0.211244474589
2025_580,2025,225381.83,2563792.55,0728豪雨,降雨,0.495408030962
2025_581,2025,225599.48,2563576.9,0728豪雨,降雨,0.159921590123
2025_582,2025,225651.25,2563528.88,0728豪雨,降雨,0.092708307429
2025_583,2025,226225.51,2539751.31,0728豪雨,降雨,0.25333970674
2025_584,2025,226173.5,2539845.97,0728豪雨,降雨,0.179983548807
2025_585,2025,226402.87,2539865.56,0728豪雨,降雨,0.688158839864
2025_586,2025,226420.07,2540179.05,0728豪雨,降雨,0.230339997566
2025_587,2025,225345.0,2542053.58,0728豪雨,降雨,0.27257370683
2025_588,2025,225087.11,2542202.16,0728豪雨,降雨,0.244415337477
2025_589,2025,226809.12,2540815.47,0728豪雨,降雨,0.757625552436
2025_590,2025,225733.78,2541158.85,0728豪雨,降雨,0.380961580595
2025_591,2025,224527.94,2561535.57,0728豪雨,降雨,0.182226522271
2025_592,2025,225042.1,2561970.83,0728豪雨,降雨,0.768102069604
2025_593,2025,225130.84,2562073.69,0728豪雨,降雨,0.202493060738
2025_594,2025,225149.16,2562280.38,0728豪雨,降雨,0.55460460637
2025_595,2025,224482.41,2568365.92,0728豪雨,降雨,0.870679002578
2025_596,2025,224926.41,2561008.3,0728豪雨,降雨,0.70783487945
2025_597,2025,224543.55,2561005.46,0728豪雨,降雨,0.188900264045
2025_598,2025,224551.25,2561138.54,0728豪雨,降雨,0.304647010087
2025_599,2025,224093.99,2561032.55,0728豪雨,降雨,0.471649425576
2025_600,2025,224152.28,2561120.09,0728豪雨,降雨,0.345332062199
2025_601,2025,224244.4,2561092.52,0728豪雨,降雨,0.205040010744
2025_602,2025,224333.45,2561114.62,0728豪雨,降雨,0.16381531518
2025_603,2025,224366.61,2561324.02,0728豪雨,降雨,0.905878897815
2025_604,2025,223575.93,2562195.49,0728豪雨,降雨,0.213829437912
2025_605,2025,223569.39,2562509.52,0728豪雨,降雨,0.222819727237
2025_606,2025,223952.59,2562001.41,0728豪雨,降雨,0.343911294957
2025_607,2025,224193.43,2561960.37,0728豪雨,降雨,1.30509407045
2025_608,2025,224122.11,2562694.87,0728豪雨,降雨,0.156942072304
2025_609,2025,224144.5,2561741.9,0728豪雨,降雨,0.628445777999
2025_610,2025,224440.04,2562802.35,0728豪雨,降雨,0.161678578306
2025_611,2025,223568.53,2563137.16,0728豪雨,降雨,0.153152461021
2025_612,2025,224401.52,2563289.05,0728豪雨,降雨,0.289083893663
2025_613,2025,220436.56,2570352.81,0728豪雨,降雨,0.743456377646
2025_614,2025,221122.87,2570545.02,0728豪雨,降雨,0.138319779781
2025_615,2025,220607.63,2570983.74,0728豪雨,降雨,0.377779423921
2025_616,2025,221443.31,2571932.63,0728豪雨,降雨,0.418775707769
2025_617,2025,220624.04,2571986.97,0728豪雨,降雨,1.03947189113
2025_618,2025,221107.85,2572028.67,0728豪雨,降雨,1.01633806298
2025_619,2025,220493.86,2569624.22,0728豪雨,降雨,1.13953801039
2025_620,2025,220633.95,2569696.24,0728豪雨,降雨,0.18604493373
2025_621,2025,219883.9,2569771.91,0728豪雨,降雨,0.687473431082
2025_622,2025,220063.19,2569729.06,0728豪雨,降雨,0.22176591588
2025_623,2025,220043.11,2569836.43,0728豪雨,降雨,0.866796219822
2025_624,2025,220291.22,2570119.82,0728豪雨,降雨,0.459213228455
2025_625,2025,220486.28,2568231.51,0728豪雨,降雨,0.80451640936
2025_626,2025,221555.27,2568282.27,0728豪雨,降雨,1.1548434731
2025_627,2025,221282.21,2569176.72,0728豪雨,降雨,0.718337265649
2025_628,2025,220867.49,2569309.69,0728豪雨,降雨,0.0970735700644
2025_629,2025,219363.2,2568013.52,0728豪雨,降雨,0.246457197024
2025_630,2025,219537.37,2569237.65,0728豪雨,降雨,4.01413717945
2025_631,2025,219743.73,2568170.47,0728豪雨,降雨,0.437871595121
2025_632,2025,220320.74,2568084.2,0728豪雨,降雨,0.216899886249
2025_633,2025,220370.07,2568817.98,0728豪雨,降雨,0.379327050698
2025_634,2025,221426.21,2562208.33,0728豪雨,降雨,0.396280497678
2025_635,2025,221236.04,2562549.93,0728豪雨,降雨,0.118788772265
2025_636,2025,221355.83,2567766.97,0728豪雨,降雨,0.944135361936
2025_637,2025,220586.82,2567952.14,0728豪雨,降雨,1.3560973366
2025_638,2025,221720.62,2562466.6,0728豪雨,降雨,0.135588913816
2025_639,2025,221775.43,2561870.52,0728豪雨,降雨,0.181379799535
2025_640,2025,221970.44,2562885.31,0728豪雨,降雨,0.401344680424
2025_641,2025,222110.88,2562273.11,0728豪雨,降雨,0.148357005275
2025_642,2025,223044.69,2562661.99,0728豪雨,降雨,0.151017814475
2025_643,2025,223261.87,2562523.17,0728豪雨,降雨,1.09231820747
2025_644,2025,214537.26,2562654.65,0728豪雨,降雨,0.180658308804
2025_645,2025,214831.95,2562801.93,0728豪雨,降雨,0.287907300595
2025_646,2025,216823.52,2560988.15,0728豪雨,降雨,1.21695023592
2025_647,2025,218187.97,2565642.19,0728豪雨,降雨,0.476881804884
2025_648,2025,218611.96,2564884.35,0728豪雨,降雨,1.83382594349
2025_649,2025,218777.97,2563732.95,0728豪雨,降雨,0.791804795386
2025_650,2025,235356.2,2504175.58,0728豪雨,降雨,0.539752689834
2025_651,2025,234355.25,2504179.74,0728豪雨,降雨,0.230882027264
2025_652,2025,234948.76,2504541.45,0728豪雨,降雨,0.396332926093
2025_653,2025,237473.5,2506865.97,0728豪雨,降雨,1.05229345178
2025_654,2025,234833.67,2507992.8,0728豪雨,降雨,0.101304228869
2025_655,2025,240440.59,2542811.76,0728豪雨,降雨,0.572254243539
2025_656,2025,224955.25,2506219.59,0728豪雨,降雨,0.184041910189
2025_657,2025,225659.94,2505251.37,0728豪雨,降雨,0.219669385221
2025_658,2025,225751.7,2505412.91,0728豪雨,降雨,0.325508009266
2025_659,2025,226933.66,2505271.75,0728豪雨,降雨,0.143866448637
2025_660,2025,227059.14,2505225.38,0728豪雨,降雨,0.339780825155
2025_661,2025,229674.19,2504236.24,0728豪雨,降雨,0.0897773363965
2025_662,2025,227353.79,2504300.96,0728豪雨,降雨,0.286801572221
2025_663,2025,229220.04,2505005.52,0728豪雨,降雨,0.886560682609
2025_664,2025,228543.99,2505708.41,0728豪雨,降雨,0.318422458915
2025_665,2025,228474.57,2505874.11,0728豪雨,降雨,0.382847106512
2025_666,2025,228051.57,2505963.29,0728豪雨,降雨,0.383688922779
2025_667,2025,234745.19,2488295.38,0728豪雨,降雨,1.01527258049
2025_668,2025,233965.04,2488571.29,0728豪雨,降雨,0.221126807034
2025_669,2025,233842.07,2488608.81,0728豪雨,降雨,0.238708638293
2025_670,2025,233719.17,2495747.77,0728豪雨,降雨,0.180069414602
2025_671,2025,233944.4,2492521.01,0728豪雨,降雨,0.519740886759
2025_672,2025,231653.86,2506694.15,0728豪雨,降雨,0.34171188849
2025_673,2025,231655.49,2506784.58,0728豪雨,降雨,0.0439332352631
2025_674,2025,231717.4,2501764.24,0728豪雨,降雨,0.253633790359
2025_675,2025,233070.92,2504829.44,0728豪雨,降雨,0.715138497809
2025_676,2025,233323.4,2497007.16,0728豪雨,降雨,0.43526705118
2025_677,2025,233068.26,2497188.41,0728豪雨,降雨,0.720806775335
2025_678,2025,230830.08,2500288.31,0728豪雨,降雨,0.257493432485
2025_679,2025,229626.24,2503531.36,0728豪雨,降雨,0.128435679806
2025_680,2025,229579.39,2503825.81,0728豪雨,降雨,0.391065185969
2025_681,2025,229202.26,2503819.13,0728豪雨,降雨,0.378381413985
2025_682,2025,231253.15,2500591.57,0728豪雨,降雨,0.345987327646
2025_683,2025,230760.59,2500755.5,0728豪雨,降雨,0.2608653521
2025_684,2025,230927.27,2500867.34,0728豪雨,降雨,0.52330881894
2025_685,2025,231919.64,2517064.96,0728豪雨,降雨,0.119970370305
2025_686,2025,231918.3,2516498.14,0728豪雨,降雨,0.122876239515
2025_687,2025,232008.29,2513886.67,0728豪雨,降雨,1.2348906925
2025_688,2025,232835.32,2518541.56,0728豪雨,降雨,0.638114594614
2025_689,2025,232658.03,2516392.7,0728豪雨,降雨,0.479501382772
2025_690,2025,231695.53,2497480.41,0728豪雨,降雨,0.773304968478
2025_691,2025,236040.81,2599303.41,0728豪雨,降雨,3.99234480815
2025_692,2025,232581.33,2622203.65,0728豪雨,降雨,1.48208269451
2025_693,2025,233052.99,2622524.65,0728豪雨,降雨,0.967860342018
2025_694,2025,233186.91,2622618.63,0728豪雨,降雨,3.72213949261
2025_695,2025,233205.29,2622922.1,0728豪雨,降雨,0.307453203732
2025_696,2025,233723.0,2623950.23,0728豪雨,降雨,1.83437244858
2025_697,2025,233763.05,2624147.88,0728豪雨,降雨,0.250657335438
2025_698,2025,217216.97,2569195.06,0728豪雨,降雨,0.571603328622
2025_699,2025,218016.47,2569726.8,0728豪雨,降雨,0.37185131592
2025_700,2025,217925.3,2569818.78,0728豪雨,降雨,0.753042815286
2025_701,2025,215177.5,2569987.15,0728豪雨,降雨,0.347386212287
2025_702,2025,215352.3,2570127.83,0728豪雨,降雨,0.786338998353
2025_703,2025,215102.66,2570148.92,0728豪雨,降雨,0.285766128821
2025_704,2025,217737.17,2568904.88,0728豪雨,降雨,1.27584642936
2025_705,2025,217931.91,2569132.85,0728豪雨,降雨,0.149674964161
2025_706,2025,221924.59,2560609.33,0728豪雨,降雨,0.699774539078
2025_707,2025,222100.33,2559897.31,0728豪雨,降雨,0.462838728091
2025_708,2025,223187.54,2559613.45,0728豪雨,降雨,0.304169708967
2025_709,2025,223397.26,2560872.96,0728豪雨,降雨,0.193000010936
2025_710,2025,223603.45,2558968.05,0728豪雨,降雨,0.468897619643
2025_711,2025,214220.39,2558983.3,0728豪雨,降雨,0.157262210697
2025_712,2025,214616.43,2558855.15,0728豪雨,降雨,0.216809185785
2025_713,2025,214951.21,2558259.06,0728豪雨,降雨,0.276135686508
2025_714,2025,215335.39,2559363.33,0728豪雨,降雨,0.65230291269
2025_715,2025,217492.7,2557170.35,0728豪雨,降雨,0.171828320964
2025_716,2025,221100.79,2556174.47,0728豪雨,降雨,0.43207153362
2025_717,2025,221218.64,2556187.55,0728豪雨,降雨,0.164268149362
2025_718,2025,221379.44,2556509.29,0728豪雨,降雨,0.141220397187
2025_719,2025,232839.56,2514764.59,0728豪雨,降雨,0.428890327443
2025_720,2025,233156.93,2515772.97,0728豪雨,降雨,0.309552412074
2025_721,2025,234691.53,2515919.06,0728豪雨,降雨,0.285822929718
2025_722,2025,235546.05,2516582.78,0728豪雨,降雨,0.306259214581
2025_723,2025,232991.13,2516583.5,0728豪雨,降雨,0.595981452861
2025_724,2025,235802.16,2518098.42,0728豪雨,降雨,0.346389438505
2025_725,2025,236492.46,2514797.82,0728豪雨,降雨,0.323837880794
2025_726,2025,236382.4,2514791.78,0728豪雨,降雨,0.413431353475
2025_727,2025,229545.58,2505204.71,0728豪雨,降雨,0.517921965408
2025_728,2025,224726.24,2558170.08,0728豪雨,降雨,0.700599887227
2025_729,2025,228926.61,2564327.33,0728豪雨,降雨,0.34644184706
2025_730,2025,228352.37,2564590.72,0728豪雨,降雨,0.39009352433
2025_731,2025,233349.66,2502340.85,0728豪雨,降雨,0.17191840295
2025_732,2025,234448.65,2504674.09,0728豪雨,降雨,0.282251905108
2025_733,2025,236451.1,2510936.46,0728豪雨,降雨,2.01020994671
2025_734,2025,242272.83,2512866.74,0728豪雨,降雨,0.429234802705
2025_735,2025,231077.85,2504540.0,0728豪雨,降雨,0.199360476378
2025_736,2025,232705.21,2504278.62,0728豪雨,降雨,0.163531986607
2025_737,2025,233001.51,2502774.35,0728豪雨,降雨,0.352070261937
2025_738,2025,234637.51,2502222.35,0728豪雨,降雨,0.262446601189
2025_739,2025,229985.84,2501403.56,0728豪雨,降雨,0.721569211499
2025_740,2025,228228.99,2501429.97,0728豪雨,降雨,1.00538927549
2025_741,2025,230171.18,2501457.58,0728豪雨,降雨,0.140610927483
2025_742,2025,230566.58,2501595.53,0728豪雨,降雨,0.242239661028
2025_743,2025,229902.38,2502279.92,0728豪雨,降雨,0.326061769906
2025_744,2025,230363.19,2504978.79,0728豪雨,降雨,0.120234958331
2025_745,2025,230329.94,2500314.21,0728豪雨,降雨,0.235565763559
2025_746,2025,230427.95,2500500.31,0728豪雨,降雨,0.294261183051
2025_747,2025,230484.99,2501060.69,0728豪雨,降雨,0.215614316462
2025_748,2025,230153.57,2501215.37,0728豪雨,降雨,0.8319587738
2025_749,2025,241543.76,2531633.28,0728豪雨,降雨,0.268848021676
2025_750,2025,242459.27,2531678.08,0728豪雨,降雨,0.268183210407
2025_751,2025,241903.43,2531864.34,0728豪雨,降雨,0.132402445138
2025_752,2025,243302.87,2532301.13,0728豪雨,降雨,0.459703893929
2025_753,2025,241606.42,2531457.33,0728豪雨,降雨,0.580720250317
2025_754,2025,241430.8,2529014.33,0728豪雨,降雨,0.179996918042
2025_755,2025,241355.77,2529440.99,0728豪雨,降雨,0.381786040896
2025_756,2025,242341.69,2529549.73,0728豪雨,降雨,0.36129332074
2025_757,2025,242426.92,2529761.9,0728豪雨,降雨,0.160456795218
2025_758,2025,242795.14,2530293.88,0728豪雨,降雨,0.486096180109
2025_759,2025,239376.86,2530004.49,0728豪雨,降雨,0.349222080374
2025_760,2025,239759.47,2530191.43,0728豪雨,降雨,0.244858931471
2025_761,2025,218890.46,2552685.24,0728豪雨,降雨,1.28172415079
2025_762,2025,219257.67,2557398.78,0728豪雨,降雨,0.743002198655
2025_763,2025,219463.41,2558574.71,0728豪雨,降雨,0.212973935809
2025_764,2025,219598.26,2557342.33,0728豪雨,降雨,0.246148944854
2025_765,2025,218325.08,2558973.04,0728豪雨,降雨,0.272280936224
2025_766,2025,203707.23,2552099.86,0728豪雨,降雨,3.82974735822
2025_767,2025,209493.46,2551423.49,0728豪雨,降雨,0.192030806088
2025_768,2025,210290.89,2550055.66,0728豪雨,降雨,0.114421705044
2025_769,2025,210363.32,2550010.97,0728豪雨,降雨,0.230287143916
2025_770,2025,211241.53,2551490.48,0728豪雨,降雨,0.421789600255
2025_771,2025,210058.05,2541969.62,0728豪雨,降雨,0.64106387576
2025_772,2025,209633.29,2542020.22,0728豪雨,降雨,3.07294776849
2025_773,2025,237637.54,2536590.53,0728豪雨,降雨,0.286070100564
2025_774,2025,238127.45,2537348.34,0728豪雨,降雨,0.621684974319
2025_775,2025,238156.0,2537225.56,0728豪雨,降雨,0.205385511252
2025_776,2025,238242.09,2537359.82,0728豪雨,降雨,0.148498490721
2025_777,2025,241757.28,2537611.36,0728豪雨,降雨,1.00279640785
2025_778,2025,224402.9,2538477.32,0728豪雨,降雨,0.392894753123
2025_779,2025,226707.52,2537533.18,0728豪雨,降雨,1.00354324215
2025_780,2025,229249.24,2536579.86,0728豪雨,降雨,0.170488522865
2025_781,2025,229259.71,2536512.14,0728豪雨,降雨,0.273554407231
2025_782,2025,221912.6,2556657.51,0728豪雨,降雨,0.609659713377
2025_783,2025,221919.75,2556760.57,0728豪雨,降雨,0.40953789837
2025_784,2025,222144.45,2556748.04,0728豪雨,降雨,0.585996771706
2025_785,2025,222422.37,2557131.71,0728豪雨,降雨,0.371632531196
2025_786,2025,222778.0,2557417.44,0728豪雨,降雨,0.967709346423
2025_787,2025,222927.83,2557180.02,0728豪雨,降雨,0.132321813137
2025_788,2025,222302.17,2557000.54,0728豪雨,降雨,0.156220963758
2025_789,2025,222718.17,2539954.76,0728豪雨,降雨,0.641698799963
2025_790,2025,222905.16,2536017.02,0728豪雨,降雨,0.506510548273
2025_791,2025,238428.98,2534950.14,0728豪雨,降雨,0.197258170195
2025_792,2025,238815.01,2535035.07,0728豪雨,降雨,0.803713658318
2025_793,2025,238918.99,2534435.17,0728豪雨,降雨,1.1686923786
2025_794,2025,239049.38,2534814.49,0728豪雨,降雨,0.396449900444
2025_795,2025,212302.87,2572967.65,0728豪雨,降雨,2.0286181153
2025_796,2025,213878.93,2573206.53,0728豪雨,降雨,0.186634123574
2025_797,2025,214503.37,2573425.42,0728豪雨,降雨,0.676482608522
2025_798,2025,214328.43,2573432.36,0728豪雨,降雨,0.130913958468
2025_799,2025,214186.26,2573544.17,0728豪雨,降雨,0.253407044179
2025_800,2025,214327.35,2573600.86,0728豪雨,降雨,0.109030172276
2025_801,2025,213907.27,2571925.26,0728豪雨,降雨,0.20654452111
2025_802,2025,213846.28,2571981.53,0728豪雨,降雨,0.233687438188
2025_803,2025,214740.76,2572114.61,0728豪雨,降雨,0.825379000345
2025_804,2025,208351.56,2572463.34,0728豪雨,降雨,0.268036969051
2025_805,2025,208306.62,2572600.31,0728豪雨,降雨,2.09722210723
2025_806,2025,208177.34,2572590.42,0728豪雨,降雨,0.464645325596
2025_807,2025,207954.42,2572660.07,0728豪雨,降雨,0.179684687591
2025_808,2025,215749.49,2572400.19,0728豪雨,降雨,0.183583106565
2025_809,2025,215811.59,2572293.46,0728豪雨,降雨,0.566394561604
2025_810,2025,236809.22,2520167.55,0728豪雨,降雨,0.15227346524
2025_811,2025,236840.95,2520322.3,0728豪雨,降雨,0.4343073571
2025_812,2025,237725.04,2520123.78,0728豪雨,降雨,0.119771033348
2025_813,2025,237778.63,2520199.63,0728豪雨,降雨,0.262132780299
2025_814,2025,238015.71,2520067.26,0728豪雨,降雨,0.630637513449
2025_815,2025,208438.24,2571765.45,0728豪雨,降雨,0.205772727017
2025_816,2025,208559.14,2571811.81,0728豪雨,降雨,0.190297050612
2025_817,2025,208354.39,2572196.43,0728豪雨,降雨,0.795645423844
2025_818,2025,208408.23,2572363.53,0728豪雨,降雨,0.174149605305
2025_819,2025,208250.84,2572406.58,0728豪雨,降雨,0.126859620399
2025_820,2025,233272.42,2523647.62,0728豪雨,降雨,0.191944174731
2025_821,2025,233115.94,2523728.84,0728豪雨,降雨,0.0981118334732
2025_822,2025,233076.66,2523891.55,0728豪雨,降雨,0.181143774051
2025_823,2025,208288.94,2571332.24,0728豪雨,降雨,0.462147663928
2025_824,2025,216204.6,2571530.39,0728豪雨,降雨,0.335568813577
2025_825,2025,215336.14,2571457.49,0728豪雨,降雨,0.241312436498
2025_826,2025,236407.1,2519594.04,0728豪雨,降雨,0.34843231415
2025_827,2025,236855.19,2515403.64,0728豪雨,降雨,0.169391640492
2025_828,2025,237767.7,2519549.58,0728豪雨,降雨,0.193192035187
2025_829,2025,242937.33,2515934.46,0728豪雨,降雨,0.390551009591
2025_830,2025,245577.05,2514071.82,0728豪雨,降雨,0.374885945506
2025_831,2025,230556.64,2520089.38,0728豪雨,降雨,0.541412097468
2025_832,2025,230815.96,2518708.56,0728豪雨,降雨,0.187301614614
2025_833,2025,230850.44,2520070.19,0728豪雨,降雨,0.157404152243
2025_834,2025,232368.23,2519482.14,0728豪雨,降雨,0.721511590101
2025_835,2025,232741.48,2519202.94,0728豪雨,降雨,0.0846544636227
2025_836,2025,231631.18,2519324.87,0728豪雨,降雨,0.449330356211
2025_837,2025,231817.93,2520857.68,0728豪雨,降雨,0.172649650409
2025_838,2025,232152.93,2520791.24,0728豪雨,降雨,0.149727952952
2025_839,2025,230274.39,2517856.98,0728豪雨,降雨,0.431796154657
2025_840,2025,232944.7,2520504.53,0728豪雨,降雨,0.133143367796
2025_841,2025,236078.76,2520505.61,0728豪雨,降雨,0.225443891278
2025_842,2025,238014.89,2521229.73,0728豪雨,降雨,0.279470737376
2025_843,2025,236128.76,2521615.73,0728豪雨,降雨,0.276275127833
2025_844,2025,237999.24,2521744.18,0728豪雨,降雨,0.325956676282
2025_845,2025,233174.52,2523098.8,0728豪雨,降雨,0.152516532349
2025_846,2025,227927.27,2515116.04,0728豪雨,降雨,0.531018230332
2025_847,2025,229093.36,2515590.98,0728豪雨,降雨,0.480216035688
2025_848,2025,229595.92,2516238.76,0728豪雨,降雨,0.218327883931
2025_849,2025,235567.92,2516080.93,0728豪雨,降雨,0.288412565066
2025_850,2025,235906.04,2516281.13,0728豪雨,降雨,0.232993093649
2025_851,2025,233695.32,2513203.91,0728豪雨,降雨,0.304764151009
2025_852,2025,211299.29,2542539.09,0728豪雨,降雨,0.112076006115
2025_853,2025,211774.08,2542281.4,0728豪雨,降雨,0.687647854308
2025_854,2025,211382.91,2542617.22,0728豪雨,降雨,0.0827670080968
2025_855,2025,211351.82,2542586.74,0728豪雨,降雨,0.11619042656
2025_856,2025,228595.83,2550424.39,0728豪雨,降雨,0.124928821302
2025_857,2025,228223.96,2551248.1,0728豪雨,降雨,0.20849173604
2025_858,2025,228025.48,2551382.07,0728豪雨,降雨,0.100999556798
2025_859,2025,227524.64,2552674.43,0728豪雨,降雨,0.141095347918
2025_860,2025,227468.85,2552740.5,0728豪雨,降雨,0.0764569157718
2025_861,2025,227078.86,2545362.59,0728豪雨,降雨,1.25890347065
2025_862,2025,226610.94,2549553.0,0728豪雨,降雨,0.0725980276843
2025_863,2025,226509.58,2549833.51,0728豪雨,降雨,0.185815110367
2025_864,2025,226741.95,2550143.23,0728豪雨,降雨,0.103840896418
2025_865,2025,226783.05,2545358.37,0728豪雨,降雨,0.914712994142
2025_866,2025,224189.16,2551500.07,0728豪雨,降雨,0.231234981238
2025_867,2025,224202.89,2551597.5,0728豪雨,降雨,0.168347069077
2025_868,2025,224195.96,2551384.0,0728豪雨,降雨,0.131792906396
2025_869,2025,224966.7,2548843.13,0728豪雨,降雨,0.490203876663
2025_870,2025,225186.44,2548963.49,0728豪雨,降雨,0.254353710869
2025_871,2025,223593.49,2543490.67,0728豪雨,降雨,0.267770542127
2025_872,2025,213501.14,2626885.83,0728豪雨,降雨,0.474675471601
2025_873,2025,213589.67,2627253.13,0728豪雨,降雨,0.120253515209
2025_874,2025,213488.41,2627295.65,0728豪雨,降雨,0.218144425952
2025_875,2025,213387.06,2627332.96,0728豪雨,降雨,0.21047135984
2025_876,2025,213924.14,2628410.2,0728豪雨,降雨,0.159658759633
2025_877,2025,213737.43,2628440.08,0728豪雨,降雨,0.243144378979
2025_878,2025,213837.29,2628852.36,0728豪雨,降雨,0.19639457413
2025_879,2025,213860.0,2629135.14,0728豪雨,降雨,0.473263825907
2025_880,2025,213491.43,2629655.83,0728豪雨,降雨,0.187440437943
2025_881,2025,213827.88,2628541.11,0728豪雨,降雨,0.186176393097
2025_882,2025,213767.17,2627540.41,0728豪雨,降雨,0.26648560953
2025_883,2025,213514.54,2627561.27,0728豪雨,降雨,0.36110254055
2025_884,2025,213617.06,2627914.23,0728豪雨,降雨,0.109702346318
2025_885,2025,213639.04,2628002.96,0728豪雨,降雨,0.141002913068
2025_886,2025,213574.28,2628058.74,0728豪雨,降雨,0.477036751668
2025_887,2025,213496.59,2628085.63,0728豪雨,降雨,0.204681367279
2025_888,2025,207753.79,2558957.0,0728豪雨,降雨,0.812526319054
2025_889,2025,207079.78,2559476.42,0728豪雨,降雨,0.272554572815
2025_890,2025,209702.02,2568408.23,0728豪雨,降雨,0.270130301091
2025_891,2025,209503.07,2568538.41,0728豪雨,降雨,0.341823298663
2025_892,2025,209488.79,2569457.32,0728豪雨,降雨,0.179581561426
2025_893,2025,210332.75,2575988.32,0728豪雨,降雨,0.426222888138
2025_894,2025,208735.39,2569125.89,0728豪雨,降雨,0.2433702157
2025_895,2025,207865.6,2559006.23,0728豪雨,降雨,0.134589525138
2025_896,2025,214251.01,2626719.26,0728豪雨,降雨,0.484914359003
2025_897,2025,214283.32,2627027.15,0728豪雨,降雨,0.387059540781
2025_898,2025,214281.32,2626880.18,0728豪雨,降雨,0.182114400635
2025_899,2025,214300.86,2627354.1,0728豪雨,降雨,0.123998430594
2025_900,2025,240077.38,2577528.53,0728豪雨,降雨,0.167644487379
2025_901,2025,240417.84,2578248.45,0728豪雨,降雨,0.162120163812
2025_902,2025,213373.22,2626447.07,0728豪雨,降雨,0.170344576252
2025_903,2025,214323.48,2626463.08,0728豪雨,降雨,0.283773974956
2025_904,2025,214265.67,2626505.03,0728豪雨,降雨,0.0986152057298
2025_905,2025,242740.58,2574998.35,0728豪雨,降雨,0.105472350459
2025_906,2025,242413.63,2576096.35,0728豪雨,降雨,0.142689720029
2025_907,2025,242610.01,2577537.92,0728豪雨,降雨,0.347981483954
2025_908,2025,244295.82,2579248.5,0728豪雨,降雨,0.220940024642
2025_909,2025,246849.09,2578999.92,0728豪雨,降雨,0.506184320942
2025_910,2025,246963.71,2579190.51,0728豪雨,降雨,0.147673579225
2025_911,2025,258072.85,2558265.09,0728豪雨,降雨,0.382313848886
2025_912,2025,257653.78,2558415.56,0728豪雨,降雨,0.0905793829615
2025_913,2025,215335.23,2633646.47,0728豪雨,降雨,0.157255746118
2025_914,2025,215776.54,2633661.17,0728豪雨,降雨,0.248138025476
2025_915,2025,215232.07,2633858.59,0728豪雨,降雨,0.0957528527275
2025_916,2025,215414.44,2633942.18,0728豪雨,降雨,0.19744490898
2025_917,2025,215504.27,2634008.85,0728豪雨,降雨,0.0970432976406
2025_918,2025,223642.88,2656152.96,0728豪雨,降雨,0.0973373712185
2025_919,2025,223737.78,2656294.26,0728豪雨,降雨,0.142826875773
2025_920,2025,223929.91,2656220.17,0728豪雨,降雨,0.422695184378
2025_921,2025,221474.03,2656690.36,0728豪雨,降雨,0.611674721086
2025_922,2025,221565.42,2657302.42,0728豪雨,降雨,0.173708433986
2025_923,2025,224180.44,2656182.49,0728豪雨,降雨,0.246474720716
2025_924,2025,224236.58,2656063.56,0728豪雨,降雨,0.449123564178
2025_925,2025,224360.19,2656020.14,0728豪雨,降雨,0.285695451253
2025_926,2025,226780.35,2663597.68,0728豪雨,降雨,0.351785180319
2025_927,2025,216820.2,2635102.9,0728豪雨,降雨,0.157892076317
2025_928,2025,223397.66,2656310.81,0728豪雨,降雨,0.347227783493
2025_929,2025,223510.81,2656190.52,0728豪雨,降雨,0.284148222868
2025_930,2025,223572.97,2656138.4,0728豪雨,降雨,0.111361734218
2025_931,2025,215134.57,2633354.27,0728豪雨,降雨,0.0935164778555
2025_932,2025,235482.34,2540150.46,0728豪雨,降雨,0.19700306649
2025_933,2025,235762.81,2539933.19,0728豪雨,降雨,0.387759815006
2025_934,2025,235890.32,2539886.14,0728豪雨,降雨,0.295696938633
2025_935,2025,236825.84,2538212.01,0728豪雨,降雨,0.335363065719
2025_936,2025,236969.41,2539581.1,0728豪雨,降雨,0.344509693189
2025_937,2025,237248.02,2539848.17,0728豪雨,降雨,0.108795213745
2025_938,2025,237926.19,2542752.61,0728豪雨,降雨,0.250408824347
2025_939,2025,237689.92,2542772.16,0728豪雨,降雨,0.469658946307
2025_940,2025,237897.42,2542866.7,0728豪雨,降雨,0.261834010752
2025_941,2025,238219.03,2543177.03,0728豪雨,降雨,0.568755846402
2025_942,2025,236961.27,2544079.07,0728豪雨,降雨,0.779182335146
2025_943,2025,239269.13,2543939.43,0728豪雨,降雨,0.154924187142
2025_944,2025,237252.72,2543472.79,0728豪雨,降雨,0.155386070327
2025_945,2025,237420.85,2543486.39,0728豪雨,降雨,0.194270060328
2025_946,2025,239822.48,2540667.1,0728豪雨,降雨,0.133631924811
2025_947,2025,236147.02,2541306.77,0728豪雨,降雨,0.860566488845
2025_948,2025,235593.02,2541688.73,0728豪雨,降雨,0.519780094405
2025_949,2025,239724.28,2542195.55,0728豪雨,降雨,0.412184852471
2025_950,2025,237801.69,2538532.34,0728豪雨,降雨,0.318256802836
2025_951,2025,238051.02,2539129.32,0728豪雨,降雨,0.270267539803
2025_952,2025,238180.41,2538396.75,0728豪雨,降雨,0.124945916223
2025_953,2025,242345.55,2538634.41,0728豪雨,降雨,0.110978434293
2025_954,2025,242397.23,2538258.54,0728豪雨,降雨,0.106952092153
2025_955,2025,242477.79,2538453.52,0728豪雨,降雨,0.299662446146
2025_956,2025,240264.01,2535759.71,0728豪雨,降雨,0.159653313827
2025_957,2025,240668.93,2535582.12,0728豪雨,降雨,0.42121552345
2025_958,2025,240712.05,2536054.14,0728豪雨,降雨,0.0850086810334
2025_959,2025,240776.96,2535515.43,0728豪雨,降雨,0.113432827661
2025_960,2025,240872.48,2535719.09,0728豪雨,降雨,0.100424955458
2025_961,2025,240968.29,2535523.68,0728豪雨,降雨,0.120416574942
2025_962,2025,233967.8,2539212.36,0728豪雨,降雨,0.430041700669
2025_963,2025,233992.51,2539363.83,0728豪雨,降雨,0.195819556561
2025_964,2025,234066.92,2539164.35,0728豪雨,降雨,0.257269092298
2025_965,2025,234390.46,2538634.78,0728豪雨,降雨,0.410515074086
2025_966,2025,234606.02,2538314.22,0728豪雨,降雨,0.2322594626
2025_967,2025,234000.94,2538445.84,0728豪雨,降雨,0.120431066813
2025_968,2025,234715.85,2537999.77,0728豪雨,降雨,0.0873345594883
2025_969,2025,233988.79,2538150.8,0728豪雨,降雨,0.107375103443
2025_970,2025,202769.9,2536648.68,0728豪雨,降雨,0.126972423047
2025_971,2025,239548.04,2536251.1,0728豪雨,降雨,0.191685609565
2025_972,2025,239796.11,2536162.85,0728豪雨,降雨,0.425096253127
2025_973,2025,240005.84,2535939.27,0728豪雨,降雨,0.175347762882
2025_974,2025,235732.06,2535388.25,0728豪雨,降雨,0.460484356399
2025_975,2025,240168.77,2535547.17,0728豪雨,降雨,0.123772963015
2025_976,2025,235829.29,2535605.08,0728豪雨,降雨,0.189776036278
2025_977,2025,240182.8,2535604.46,0728豪雨,降雨,0.430696151925
2025_978,2025,243273.65,2532450.4,0728豪雨,降雨,0.393741614618
2025_979,2025,242707.38,2534108.77,0728豪雨,降雨,0.269542806501
2025_980,2025,240860.55,2535110.58,0728豪雨,降雨,0.204960367354
2025_981,2025,240703.95,2535316.21,0728豪雨,降雨,0.704277329522
2025_982,2025,240345.05,2555756.33,0728豪雨,降雨,0.39713113262
2025_983,2025,240514.21,2543696.82,0728豪雨,降雨,0.299755684831
2025_984,2025,223783.39,2509120.21,0728豪雨,降雨,0.408547955773
2025_985,2025,224143.36,2508572.68,0728豪雨,降雨,0.160240135396
2025_986,2025,224164.43,2510041.99,0728豪雨,降雨,0.094119971969
2025_987,2025,224447.47,2510449.1,0728豪雨,降雨,0.233655824782
2025_988,2025,224097.82,2508325.82,0728豪雨,降雨,0.0665875893301
2025_989,2025,219585.94,2510968.17,0728豪雨,降雨,0.965497031121
2025_990,2025,220314.89,2510139.53,0728豪雨,降雨,0.142296636385
2025_991,2025,221666.13,2510339.12,0728豪雨,降雨,0.495321476964
2025_992,2025,221669.68,2510239.15,0728豪雨,降雨,0.393416564097
2025_993,2025,221676.02,2510462.39,0728豪雨,降雨,0.355363865481
2025_994,2025,221823.88,2510602.4,0728豪雨,降雨,0.498596375347
2025_995,2025,221243.07,2506463.73,0728豪雨,降雨,0.142273962603
2025_996,2025,233644.57,2594032.4,0728豪雨,降雨,0.171335459671
2025_997,2025,234296.63,2595298.68,0728豪雨,降雨,0.103034104205
2025_998,2025,234735.24,2593155.75,0728豪雨,降雨,0.255894365703
2025_999,2025,235011.95,2593169.48,0728豪雨,降雨,0.0978396269637
2025_1000,2025,235897.78,2587448.39,0728豪雨,降雨,0.427343678473
2025_1001,2025,249342.5,2590311.88,0728豪雨,降雨,0.817174521686
2025_1002,2025,274420.59,2669655.88,0728豪雨,降雨,0.32068471671
2025_1003,2025,274246.53,2669947.97,0728豪雨,降雨,0.229984104805
2025_1004,2025,274383.63,2670007.24,0728豪雨,降雨,0.556855527377
2025_1005,2025,271414.26,2670367.25,0728豪雨,降雨,0.112795684598
2025_1006,2025,283428.44,2654204.9,0728豪雨,降雨,0.18403498656
2025_1007,2025,285027.54,2655455.91,0728豪雨,降雨,0.139217347154
2025_1008,2025,286772.61,2658338.0,0728豪雨,降雨,0.337779298805
2025_1009,2025,288585.12,2654934.07,0728豪雨,降雨,0.076901845896
2025_1010,2025,267562.96,2611125.67,0728豪雨,降雨,0.25372593627
2025_1011,2025,269039.03,2622632.28,0728豪雨,降雨,0.375380198517
2025_1012,2025,269682.61,2623755.27,0728豪雨,降雨,0.398408315155
2025_1013,2025,274407.83,2660447.5,0728豪雨,降雨,0.184465193085
2025_1014,2025,274501.06,2660486.72,0728豪雨,降雨,0.147523959492
2025_1015,2025,216068.42,2511725.4,0728豪雨,降雨,0.144895678457
2025_1016,2025,216613.83,2512074.07,0728豪雨,降雨,0.743711014804
2025_1017,2025,218504.4,2511175.22,0728豪雨,降雨,0.141341772238
2025_1018,2025,218521.76,2510889.32,0728豪雨,降雨,0.21866527986
2025_1019,2025,213745.79,2501889.3,0728豪雨,降雨,0.370802771116
2025_1020,2025,221089.47,2512970.89,0728豪雨,降雨,0.525785539846
2025_1021,2025,216569.04,2512940.34,0728豪雨,降雨,0.114540620628
2025_1022,2025,216217.05,2513311.14,0728豪雨,降雨,0.128499777251
2025_1023,2025,224076.07,2515277.71,0728豪雨,降雨,0.334214825325
2025_1024,2025,233427.7,2516865.76,0728豪雨,降雨,0.225085620073
2025_1025,2025,207745.19,2529061.76,0728豪雨,降雨,0.272732146332
2025_1026,2025,231055.25,2528269.17,0728豪雨,降雨,0.378281848222
2025_1027,2025,231272.64,2528178.61,0728豪雨,降雨,0.377500894828
2025_1028,2025,210213.73,2538075.96,0728豪雨,降雨,0.130540377966
2025_1029,2025,211049.3,2536785.16,0728豪雨,降雨,0.217495373078
2025_1030,2025,209347.6,2536663.06,0728豪雨,降雨,0.257795599688
2025_1031,2025,209634.43,2535169.35,0728豪雨,降雨,0.25397864947
2025_1032,2025,211256.96,2537731.83,0728豪雨,降雨,0.11537767521
2025_1033,2025,214415.57,2538105.62,0728豪雨,降雨,0.118297990253
2025_1034,2025,228149.26,2543812.65,0728豪雨,降雨,0.301079822348
2025_1035,2025,229449.83,2536369.75,0728豪雨,降雨,0.200006224144
2025_1036,2025,234622.49,2548111.05,0728豪雨,降雨,0.36202036966
2025_1037,2025,223837.56,2546280.49,0728豪雨,降雨,0.146166249946
2025_1038,2025,212481.97,2559152.34,0728豪雨,降雨,0.330430859403
2025_1039,2025,214212.08,2565486.02,0728豪雨,降雨,0.205740159558
2025_1040,2025,214309.95,2563968.83,0728豪雨,降雨,0.305212767143
2025_1041,2025,213315.19,2564192.29,0728豪雨,降雨,0.105767480218
2025_1042,2025,214279.16,2562868.85,0728豪雨,降雨,0.299570817973
2025_1043,2025,213691.32,2562741.51,0728豪雨,降雨,0.120458379806
2025_1044,2025,218084.2,2564492.61,0728豪雨,降雨,0.191871500366
2025_1045,2025,220181.46,2565174.59,0728豪雨,降雨,0.14675660388
2025_1046,2025,220004.3,2565843.55,0728豪雨,降雨,0.950042297675
2025_1047,2025,241856.65,2567467.58,0728豪雨,降雨,1.02400499406
2025_1048,2025,235298.11,2566795.47,0728豪雨,降雨,0.106148957875
2025_1049,2025,227596.92,2571142.88,0728豪雨,降雨,0.233121431638
2025_1050,2025,216208.6,2566926.51,0728豪雨,降雨,0.254057399284
2025_1051,2025,216336.44,2566919.34,0728豪雨,降雨,0.114228611725
2025_1052,2025,218423.14,2567199.47,0728豪雨,降雨,0.238535482423
2025_1053,2025,229347.39,2574922.14,0728豪雨,降雨,0.303936225534
2025_1054,2025,229614.96,2573907.59,0728豪雨,降雨,0.132765488786
2025_1055,2025,230882.49,2575064.75,0728豪雨,降雨,0.120264155019
2025_1056,2025,230548.48,2575784.19,0728豪雨,降雨,0.343805987122
2025_1057,2025,230967.91,2573643.69,0728豪雨,降雨,0.119477137516
2025_1058,2025,231060.3,2573321.13,0728豪雨,降雨,0.10902606611
2025_1059,2025,234493.57,2579217.14,0728豪雨,降雨,0.345645168678
2025_1060,2025,218232.12,2581232.56,0728豪雨,降雨,0.252206346581
2025_1061,2025,231462.61,2584895.52,0728豪雨,降雨,0.42593624015
2025_1062,2025,233887.36,2590144.47,0728豪雨,降雨,0.23603558916
2025_1063,2025,229002.23,2590344.72,0728豪雨,降雨,0.233993835973
2025_1064,2025,216567.89,2589241.82,0728豪雨,降雨,0.274688619182
2025_1065,2025,226701.41,2598347.97,0728豪雨,降雨,0.485406996786
2025_1066,2025,226799.81,2598230.87,0728豪雨,降雨,0.422213155601
2025_1067,2025,226336.6,2601388.08,0728豪雨,降雨,0.413897522392
2025_1068,2025,224525.84,2604703.41,0728豪雨,降雨,0.92434833536
2025_1069,2025,222994.19,2600148.64,0728豪雨,降雨,0.150558783722
2025_1070,2025,221914.31,2604571.97,0728豪雨,降雨,0.119663052543
2025_1071,2025,221971.42,2604448.98,0728豪雨,降雨,0.383648233847
2025_1072,2025,220836.77,2606712.7,0728豪雨,降雨,0.193803640332
2025_1073,2025,271592.53,2614516.19,0728豪雨,降雨,0.116193460377
2025_1074,2025,234706.5,2631267.25,0728豪雨,降雨,0.224719694115
2025_1075,2025,233888.2,2632373.57,0728豪雨,降雨,0.108322631124
2025_1076,2025,234248.12,2632492.72,0728豪雨,降雨,0.2691399341
2025_1077,2025,252337.7,2630584.73,0728豪雨,降雨,0.122377215119
2025_1078,2025,236002.1,2634049.65,0728豪雨,降雨,0.238030368872
2025_1079,2025,251230.85,2639065.95,0728豪雨,降雨,0.239107190266
2025_1080,2025,274749.67,2648956.75,0728豪雨,降雨,0.208433102084
2025_1081,2025,252436.23,2650193.48,0728豪雨,降雨,0.516970053778
2025_1082,2025,230468.42,2656095.0,0728豪雨,降雨,0.214367500237
2025_1083,2025,228928.56,2661782.69,0728豪雨,降雨,0.140300546561
2025_1084,2025,262814.63,2666262.06,0728豪雨,降雨,0.110436103695
2025_1085,2025,273539.68,2673308.04,0728豪雨,降雨,0.37279895584
2025_1086,2025,273455.75,2673267.19,0728豪雨,降雨,0.207807178871
2025_1087,2025,273333.31,2673144.12,0728豪雨,降雨,0.902235271559
2025_1088,2025,283093.82,2682328.93,0728豪雨,降雨,0.187392503068
2025_1089,2025,215890.94,2530583.07,0728豪雨,降雨,0.120932105165
2025_1090,2025,215867.47,2530478.77,0728豪雨,降雨,0.054164788946
2025_1091,2025,214156.56,2533457.29,0728豪雨,降雨,0.171883806125
2025_1092,2025,214446.19,2533672.42,0728豪雨,降雨,0.75100895496
2025_1093,2025,278030.08,2579831.84,0728豪雨,降雨,0.058747572305
2025_1094,2025,278029.71,2579870.22,0728豪雨,降雨,0.0635172086613
2025_1095,2025,278091.48,2579921.44,0728豪雨,降雨,0.427956622405
2025_1096,2025,272886.33,2580433.65,0728豪雨,降雨,0.0646833428721
2025_1097,2025,278062.32,2579764.63,0728豪雨,降雨,0.0505601612674
2025_1098,2025,280376.01,2581425.56,0728豪雨,降雨,0.028001900521
2025_1099,2025,284536.59,2578390.61,0728豪雨,降雨,0.0234912943587
2025_1100,2025,284676.25,2577709.85,0728豪雨,降雨,0.181407564859
2025_1101,2025,276008.45,2575253.88,0728豪雨,降雨,0.0600008739274
2025_1102,2025,289877.2,2666053.17,0728豪雨,降雨,0.0970712902381
2025_1103,2025,290535.92,2647828.67,0728豪雨,降雨,0.150247171044
2025_1104,2025,283410.51,2654246.81,0728豪雨,降雨,0.325089616205
2025_1105,2025,280794.5,2653860.38,0728豪雨,降雨,0.0611502085106
2025_1106,2025,281426.69,2654602.52,0728豪雨,降雨,0.0761191176449
2025_1107,2025,276452.66,2652323.99,0728豪雨,降雨,0.141374228031
2025_1108,2025,281264.2,2646375.39,0728豪雨,降雨,0.14002941652
2025_1109,2025,278972.57,2584333.97,0728豪雨,降雨,0.0355294678164
2025_1110,2025,273144.89,2584242.3,0728豪雨,降雨,0.560763748656
2025_1111,2025,273793.56,2584487.32,0728豪雨,降雨,0.0869003692643
2025_1112,2025,273880.94,2566937.0,0728豪雨,降雨,0.0211834409073
2025_1113,2025,273893.11,2566986.18,0728豪雨,降雨,0.0206903320566
2025_1114,2025,278322.74,2562772.68,0728豪雨,降雨,0.0818135885404
2025_1115,2025,289316.27,2584724.26,0728豪雨,降雨,0.0322098141597
2025_1116,2025,286743.51,2577345.04,0728豪雨,降雨,0.0549173014262
2025_1117,2025,286780.43,2580532.23,0728豪雨,降雨,0.124226194498
2025_1118,2025,292261.42,2578562.71,0728豪雨,降雨,0.056515985901
2025_1119,2025,292274.71,2578602.17,0728豪雨,降雨,0.0181548032328
2025_1120,2025,273736.93,2563334.94,0728豪雨,降雨,0.0194042429418
2025_1121,2025,281374.77,2545201.93,0728豪雨,降雨,0.0108247947401
2025_1122,2025,221046.4,2514138.85,0728豪雨,降雨,0.0983118501016
2025_1123,2025,225981.83,2514149.65,0728豪雨,降雨,0.0631555662564
2025_1124,2025,227003.52,2516126.35,0728豪雨,降雨,0.08340615325
2025_1125,2025,226966.88,2516402.53,0728豪雨,降雨,0.0321720295252
2025_1126,2025,219716.64,2516894.55,0728豪雨,降雨,0.313661303994
2025_1127,2025,231062.62,2515767.68,0728豪雨,降雨,0.0866235911335
2025_1128,2025,232683.78,2521921.04,0728豪雨,降雨,0.0933698469126
2025_1129,2025,233257.07,2503654.89,0728豪雨,降雨,0.0397943321085
2025_1130,2025,241811.94,2504765.1,0728豪雨,降雨,0.0168564565442
2025_1131,2025,238084.02,2506254.42,0728豪雨,降雨,0.0703370321834
2025_1132,2025,240681.53,2507392.71,0728豪雨,降雨,0.0536927485643
2025_1133,2025,233487.89,2509852.58,0728豪雨,降雨,0.0439342299364
2025_1134,2025,242236.63,2514573.89,0728豪雨,降雨,0.0574608760073
2025_1135,2025,223474.94,2500053.46,0728豪雨,降雨,0.104585552184
2025_1136,2025,222218.82,2500823.87,0728豪雨,降雨,0.146078898422
2025_1137,2025,222177.08,2500888.93,0728豪雨,降雨,0.0365656995337
2025_1138,2025,222209.51,2501989.28,0728豪雨,降雨,0.0373941223216
2025_1139,2025,225575.11,2506707.89,0728豪雨,降雨,0.130241496246
2025_1140,2025,223775.37,2509621.2,0728豪雨,降雨,0.139556522854
2025_1141,2025,238647.52,2499140.03,0728豪雨,降雨,0.0460333439561
2025_1142,2025,237860.45,2499618.23,0728豪雨,降雨,0.0706997756128
2025_1143,2025,243162.8,2499864.44,0728豪雨,降雨,0.413674454926
2025_1144,2025,230051.47,2501242.79,0728豪雨,降雨,0.0152786444966
2025_1145,2025,221672.7,2530164.71,0728豪雨,降雨,0.164262551998
2025_1146,2025,222308.2,2529046.83,0728豪雨,降雨,0.0603815320631
2025_1147,2025,222448.79,2529177.94,0728豪雨,降雨,0.107571721605
2025_1148,2025,225812.1,2530176.49,0728豪雨,降雨,0.0613439279995
2025_1149,2025,225865.42,2530158.0,0728豪雨,降雨,0.0603120703273
2025_1150,2025,232094.65,2527544.71,0728豪雨,降雨,0.151704873153
2025_1151,2025,237254.56,2528827.52,0728豪雨,降雨,0.0136643658113
2025_1152,2025,237760.29,2528564.87,0728豪雨,降雨,0.0595855881529
2025_1153,2025,243964.26,2529734.3,0728豪雨,降雨,0.045657621922
2025_1154,2025,246599.14,2530331.54,0728豪雨,降雨,0.324051505334
2025_1155,2025,241643.26,2524326.99,0728豪雨,降雨,0.203982971297
2025_1156,2025,249551.17,2524054.0,0728豪雨,降雨,0.28171754218
2025_1157,2025,249579.11,2523987.76,0728豪雨,降雨,0.0534818732464
2025_1158,2025,249721.78,2523987.8,0728豪雨,降雨,0.0763543018254
2025_1159,2025,249784.63,2523914.18,0728豪雨,降雨,0.189734552496
2025_1160,2025,250245.58,2532063.36,0728豪雨,降雨,0.206969894928
2025_1161,2025,249638.94,2524029.94,0728豪雨,降雨,0.0859415560471
2025_1162,2025,254798.92,2522109.84,0728豪雨,降雨,0.143427639982
2025_1163,2025,255356.0,2530590.22,0728豪雨,降雨,0.272739866276
2025_1164,2025,262031.82,2528097.68,0728豪雨,降雨,0.0367029111003
2025_1165,2025,264746.81,2522606.58,0728豪雨,降雨,0.085852893596
2025_1166,2025,271333.66,2529454.29,0728豪雨,降雨,0.0535630029106
2025_1167,2025,240896.18,2480019.65,0728豪雨,降雨,0.055702612151
2025_1168,2025,242331.82,2480228.19,0728豪雨,降雨,0.0433297929755
2025_1169,2025,242307.35,2480267.77,0728豪雨,降雨,0.0463012110117
2025_1170,2025,241520.07,2480619.27,0728豪雨,降雨,0.0686145505455
2025_1171,2025,241642.53,2480625.94,0728豪雨,降雨,0.0496037663579
2025_1172,2025,241364.1,2480667.12,0728豪雨,降雨,0.079407888426
2025_1173,2025,240070.85,2474228.67,0728豪雨,降雨,0.112640845321
2025_1174,2025,240628.33,2474291.08,0728豪雨,降雨,0.0254897369051
2025_1175,2025,240524.95,2474343.19,0728豪雨,降雨,0.0243630116889
2025_1176,2025,238819.93,2473171.05,0728豪雨,降雨,0.0838094103956
2025_1177,2025,237800.52,2473273.69,0728豪雨,降雨,0.0130689789646
2025_1178,2025,231476.79,2473808.38,0728豪雨,降雨,0.05776734544
2025_1179,2025,231830.16,2474766.22,0728豪雨,降雨,0.763608921608
2025_1180,2025,231020.54,2473553.72,0728豪雨,降雨,0.0335649193123
2025_1181,2025,235556.95,2493806.46,0728豪雨,降雨,0.068952098581
2025_1182,2025,235620.91,2493897.12,0728豪雨,降雨,0.160846169816
2025_1183,2025,235661.38,2496586.29,0728豪雨,降雨,0.0546304233389
2025_1184,2025,234283.01,2496788.07,0728豪雨,降雨,0.0472010915635
2025_1185,2025,240813.61,2492911.39,0728豪雨,降雨,0.0145721563296
2025_1186,2025,236034.07,2492949.78,0728豪雨,降雨,0.0470882549921
2025_1187,2025,241107.91,2493827.6,0728豪雨,降雨,0.0566475874944
2025_1188,2025,237151.88,2497332.92,0728豪雨,降雨,0.139172347834
2025_1189,2025,237753.89,2497750.68,0728豪雨,降雨,0.0323407153848
2025_1190,2025,219841.03,2503982.6,0728豪雨,降雨,0.0350510664957
2025_1191,2025,219957.01,2506316.95,0728豪雨,降雨,0.250843400838
2025_1192,2025,220071.29,2501004.28,0728豪雨,降雨,0.263899468728
2025_1193,2025,220210.92,2501569.41,0728豪雨,降雨,0.179543567278
2025_1194,2025,220260.89,2502025.01,0728豪雨,降雨,0.0465045726938
2025_1195,2025,220306.26,2501592.06,0728豪雨,降雨,0.27121207645
2025_1196,2025,220794.96,2498793.22,0728豪雨,降雨,0.0801392793999
2025_1197,2025,218183.77,2483653.34,0728豪雨,降雨,0.0454033274101
2025_1198,2025,218172.8,2483765.05,0728豪雨,降雨,0.0667396561522
2025_1199,2025,232633.55,2475716.46,0728豪雨,降雨,0.0828721418022
2025_1200,2025,234598.01,2483577.3,0728豪雨,降雨,0.0327489205883
2025_1201,2025,232539.72,2488333.11,0728豪雨,降雨,0.108939183511
2025_1202,2025,233720.1,2492212.55,0728豪雨,降雨,0.0393575235429
2025_1203,2025,233709.65,2492243.04,0728豪雨,降雨,0.0314102608276
2025_1204,2025,232900.45,2477198.56,0728豪雨,降雨,0.0250860260738
2025_1205,2025,232294.5,2475422.75,0728豪雨,降雨,0.0228615435429
2025_1206,2025,234440.59,2472697.96,0728豪雨,降雨,0.06891235509
2025_1207,2025,232161.71,2474045.79,0728豪雨,降雨,0.052415040267
2025_1208,2025,243777.83,2482911.88,0728豪雨,降雨,0.171106628247
2025_1209,2025,243709.0,2484200.22,0728豪雨,降雨,0.0196081913598
2025_1210,2025,240764.58,2484640.18,0728豪雨,降雨,0.0171353444031
2025_1211,2025,240894.32,2484695.4,0728豪雨,降雨,0.0547675226128
2025_1212,2025,237481.26,2484932.59,0728豪雨,降雨,0.12800181912
2025_1213,2025,224158.47,2478199.36,0728豪雨,降雨,0.085637234338
2025_1214,2025,226876.7,2484740.17,0728豪雨,降雨,0.0359409775791
2025_1215,2025,222793.89,2493569.64,0728豪雨,降雨,0.356461602097
2025_1216,2025,222660.63,2493855.04,0728豪雨,降雨,0.097360262347
2025_1217,2025,238453.24,2475847.37,0728豪雨,降雨,0.0694001717469
2025_1218,2025,241339.89,2476659.27,0728豪雨,降雨,0.0888984722784
2025_1219,2025,236635.53,2476720.29,0728豪雨,降雨,0.10350507296
2025_1220,2025,237891.31,2479368.02,0728豪雨,降雨,0.0519280145794
2025_1221,2025,228255.98,2476503.08,0728豪雨,降雨,0.0812867366059
2025_1222,2025,228719.7,2475247.0,0728豪雨,降雨,0.0719848822921
2025_1223,2025,216035.88,2517957.61,0728豪雨,降雨,0.0408262798792
2025_1224,2025,215571.65,2518815.16,0728豪雨,降雨,0.0858218387734
2025_1225,2025,215189.76,2519330.65,0728豪雨,降雨,0.0590714465249
2025_1226,2025,216155.21,2519886.56,0728豪雨,降雨,0.0530791629196
2025_1227,2025,216121.78,2519925.42,0728豪雨,降雨,0.0712391474016
2025_1228,2025,216017.51,2496278.0,0728豪雨,降雨,0.0880867973187
2025_1229,2025,217003.8,2496755.99,0728豪雨,降雨,0.0623618380179
2025_1230,2025,216781.9,2514587.42,0728豪雨,降雨,0.0140335909777
2025_1231,2025,217361.85,2514844.75,0728豪雨,降雨,0.0808857626138
2025_1232,2025,217722.97,2515170.03,0728豪雨,降雨,0.0439955042485
2025_1233,2025,215993.22,2497088.64,0728豪雨,降雨,0.0752185203795
2025_1234,2025,215482.72,2518586.77,0728豪雨,降雨,0.0338682723777
2025_1235,2025,214291.08,2514971.71,0728豪雨,降雨,0.0197873193673
2025_1236,2025,214818.49,2512957.37,0728豪雨,降雨,0.0185921343189
2025_1237,2025,215017.91,2512105.15,0728豪雨,降雨,0.0398158873934
2025_1238,2025,212105.79,2586907.21,0728豪雨,降雨,0.14014094727
2025_1239,2025,212073.97,2581830.4,0728豪雨,降雨,0.0189058021007
2025_1240,2025,212547.35,2581703.88,0728豪雨,降雨,0.0734073086461
2025_1241,2025,212926.74,2582048.34,0728豪雨,降雨,0.0998822654685
2025_1242,2025,212285.51,2590556.25,0728豪雨,降雨,0.0781535868612
2025_1243,2025,213012.6,2592120.78,0728豪雨,降雨,0.087519069712
2025_1244,2025,210488.72,2581794.49,0728豪雨,降雨,0.0161175624909
2025_1245,2025,210516.03,2581813.67,0728豪雨,降雨,0.121279029078
2025_1246,2025,211795.99,2581909.79,0728豪雨,降雨,0.0288497740247
2025_1247,2025,211843.64,2581882.72,0728豪雨,降雨,0.0492291142022
2025_1248,2025,211881.42,2581876.38,0728豪雨,降雨,0.0520341614491
2025_1249,2025,209616.71,2581160.23,0728豪雨,降雨,0.0652777178939
2025_1250,2025,211010.6,2594114.11,0728豪雨,降雨,0.0308305059789
2025_1251,2025,211107.01,2594284.62,0728豪雨,降雨,0.163061641343
2025_1252,2025,211085.6,2594370.76,0728豪雨,降雨,0.364353124642
2025_1253,2025,211232.52,2595317.29,0728豪雨,降雨,0.0212535137361
2025_1254,2025,209311.91,2596057.08,0728豪雨,降雨,0.105611286971
2025_1255,2025,207834.08,2598916.8,0728豪雨,降雨,0.200409964561
2025_1256,2025,207649.8,2593009.97,0728豪雨,降雨,0.0552100831422
2025_1257,2025,208306.93,2592944.6,0728豪雨,降雨,0.697078682397
2025_1258,2025,207636.48,2582442.8,0728豪雨,降雨,0.104472526467
2025_1259,2025,207755.03,2583514.07,0728豪雨,降雨,0.358144104798
2025_1260,2025,207780.29,2583609.96,0728豪雨,降雨,0.0153606310773
2025_1261,2025,208075.09,2581303.98,0728豪雨,降雨,0.168869214053
2025_1262,2025,208074.9,2582004.95,0728豪雨,降雨,0.0838578879566
2025_1263,2025,206213.16,2588957.49,0728豪雨,降雨,0.150103501868
2025_1264,2025,204304.44,2586158.92,0728豪雨,降雨,0.044076737175
2025_1265,2025,204657.96,2580768.88,0728豪雨,降雨,0.08771073186
2025_1266,2025,218078.89,2597803.16,0728豪雨,降雨,0.129901517584
2025_1267,2025,218163.7,2597807.88,0728豪雨,降雨,0.0436412320303
2025_1268,2025,218506.59,2598521.21,0728豪雨,降雨,0.11865320215
2025_1269,2025,218478.53,2598608.01,0728豪雨,降雨,0.0706344468686
2025_1270,2025,219922.51,2598913.27,0728豪雨,降雨,0.227613669949
2025_1271,2025,219264.14,2589190.32,0728豪雨,降雨,0.372522842925
2025_1272,2025,217419.68,2590135.84,0728豪雨,降雨,0.01343403078
2025_1273,2025,217465.03,2590236.83,0728豪雨,降雨,0.182395458893
2025_1274,2025,221237.02,2593559.51,0728豪雨,降雨,0.0432554235184
2025_1275,2025,222074.87,2593716.67,0728豪雨,降雨,0.130779052177
2025_1276,2025,219510.65,2585390.32,0728豪雨,降雨,0.141670338634
2025_1277,2025,217243.35,2586618.06,0728豪雨,降雨,0.0659348079003
2025_1278,2025,215327.33,2587135.77,0728豪雨,降雨,0.106559804377
2025_1279,2025,215619.06,2587296.32,0728豪雨,降雨,0.231277143168
2025_1280,2025,220962.5,2585661.41,0728豪雨,降雨,0.0436156876102
2025_1281,2025,220942.3,2585738.04,0728豪雨,降雨,0.0753621316343
2025_1282,2025,217681.26,2580830.41,0728豪雨,降雨,0.0846140954356
2025_1283,2025,217004.95,2582376.59,0728豪雨,降雨,0.281052448486
2025_1284,2025,217156.54,2582410.35,0728豪雨,降雨,0.143507881161
2025_1285,2025,216090.1,2584433.96,0728豪雨,降雨,0.0320744121652
2025_1286,2025,215960.72,2581033.34,0728豪雨,降雨,0.0342989372817
2025_1287,2025,224259.81,2579812.81,0728豪雨,降雨,0.0700311467452
2025_1288,2025,219193.43,2579882.73,0728豪雨,降雨,0.306370936041
2025_1289,2025,223346.84,2581310.47,0728豪雨,降雨,0.442305046938
2025_1290,2025,220624.51,2583105.69,0728豪雨,降雨,0.0340242014014
2025_1291,2025,221983.51,2583826.65,0728豪雨,降雨,0.0625640186433
2025_1292,2025,215258.71,2579267.33,0728豪雨,降雨,0.153348722911
2025_1293,2025,216232.62,2579896.73,0728豪雨,降雨,0.169904707536
2025_1294,2025,215214.77,2580123.76,0728豪雨,降雨,0.0397656303529
2025_1295,2025,215151.74,2580150.77,0728豪雨,降雨,0.13268845588
2025_1296,2025,215302.29,2580174.99,0728豪雨,降雨,0.16631107944
2025_1297,2025,209125.92,2574036.76,0728豪雨,降雨,0.0518316868024
2025_1298,2025,209357.42,2575493.53,0728豪雨,降雨,0.0656941097193
2025_1299,2025,209380.33,2575525.22,0728豪雨,降雨,0.00652447000033
2025_1300,2025,209821.1,2577052.04,0728豪雨,降雨,0.0622000089426
2025_1301,2025,204870.98,2575674.16,0728豪雨,降雨,0.0501102872732
2025_1302,2025,205221.84,2575681.96,0728豪雨,降雨,0.0166610183972
2025_1303,2025,205787.17,2572582.54,0728豪雨,降雨,0.0116948530554
2025_1304,2025,207542.95,2575218.23,0728豪雨,降雨,0.0168079139417
2025_1305,2025,208302.37,2573114.76,0728豪雨,降雨,0.0187783615522
2025_1306,2025,208307.11,2572958.01,0728豪雨,降雨,0.0343037528775
2025_1307,2025,206021.92,2572635.0,0728豪雨,降雨,0.0446668964903
2025_1308,2025,213269.08,2574196.56,0728豪雨,降雨,0.0532228857739
2025_1309,2025,213337.77,2576549.48,0728豪雨,降雨,0.0609758458114
2025_1310,2025,213770.23,2573852.71,0728豪雨,降雨,0.0649667060572
2025_1311,2025,214771.83,2576616.79,0728豪雨,降雨,0.0747930132497
2025_1312,2025,214866.82,2575746.71,0728豪雨,降雨,0.0109596123925
2025_1313,2025,216120.87,2577800.14,0728豪雨,降雨,0.0903816465591
2025_1314,2025,216585.05,2577394.84,0728豪雨,降雨,0.0137115655609
2025_1315,2025,216632.94,2577897.6,0728豪雨,降雨,0.0268225296548
2025_1316,2025,217380.71,2578590.61,0728豪雨,降雨,0.0362754355348
2025_1317,2025,217448.34,2578561.85,0728豪雨,降雨,0.170574261474
2025_1318,2025,217476.5,2578732.31,0728豪雨,降雨,0.0201855935962
2025_1319,2025,209583.76,2578590.61,0728豪雨,降雨,0.0940874331565
2025_1320,2025,209735.48,2579877.17,0728豪雨,降雨,0.0242420726027
2025_1321,2025,213629.87,2578145.23,0728豪雨,降雨,0.0321494665553
2025_1322,2025,215177.48,2578840.01,0728豪雨,降雨,0.038470335754
2025_1323,2025,210873.26,2580226.47,0728豪雨,降雨,0.0123991221465
2025_1324,2025,210751.68,2580305.25,0728豪雨,降雨,0.0130882213257
2025_1325,2025,210760.6,2580337.6,0728豪雨,降雨,0.0183524869641
2025_1326,2025,210836.6,2580416.21,0728豪雨,降雨,0.0252623276614
2025_1327,2025,221036.09,2576649.26,0728豪雨,降雨,0.219585039311
2025_1328,2025,221336.81,2577137.79,0728豪雨,降雨,0.0186369532264
2025_1329,2025,221357.47,2578985.12,0728豪雨,降雨,0.20016512129
2025_1330,2025,221523.19,2579282.2,0728豪雨,降雨,0.120408633302
2025_1331,2025,221996.88,2574700.86,0728豪雨,降雨,0.0595713049502
2025_1332,2025,224276.17,2576147.16,0728豪雨,降雨,0.092028582769
2025_1333,2025,223998.12,2576321.75,0728豪雨,降雨,0.188828237004
2025_1334,2025,221901.16,2576433.86,0728豪雨,降雨,0.0737346778798
2025_1335,2025,221834.93,2576481.96,0728豪雨,降雨,0.0581907249571
2025_1336,2025,223020.32,2576717.21,0728豪雨,降雨,0.0256038672824
2025_1337,2025,217440.91,2574540.39,0728豪雨,降雨,0.104822762311
2025_1338,2025,219937.07,2574980.7,0728豪雨,降雨,0.0709291379556
2025_1339,2025,219992.6,2574999.83,0728豪雨,降雨,0.0788214694455
2025_1340,2025,220792.68,2576444.22,0728豪雨,降雨,0.402458931995
2025_1341,2025,203227.85,2574381.74,0728豪雨,降雨,0.118860443958
2025_1342,2025,203281.83,2574469.87,0728豪雨,降雨,0.018161194614
2025_1343,2025,203580.97,2575485.58,0728豪雨,降雨,0.0425239883297
2025_1344,2025,222482.48,2570176.89,0728豪雨,降雨,0.0315512332804
2025_1345,2025,222652.64,2570178.05,0728豪雨,降雨,0.0529474260318
2025_1346,2025,222806.26,2570122.91,0728豪雨,降雨,0.00865291944383
2025_1347,2025,222866.99,2570144.56,0728豪雨,降雨,0.0194708100345
2025_1348,2025,222871.37,2570202.74,0728豪雨,降雨,0.0189800462785
2025_1349,2025,223884.96,2570870.22,0728豪雨,降雨,0.131405971286
2025_1350,2025,223855.75,2571236.21,0728豪雨,降雨,0.0197301784701
2025_1351,2025,223572.43,2571371.78,0728豪雨,降雨,0.0305385686109
2025_1352,2025,222870.32,2571565.6,0728豪雨,降雨,0.0570381823089
2025_1353,2025,223302.2,2571759.18,0728豪雨,降雨,0.011826915289
2025_1354,2025,222945.6,2571899.81,0728豪雨,降雨,0.0360939998745
2025_1355,2025,221210.42,2571566.41,0728豪雨,降雨,0.0194485347603
2025_1356,2025,221213.35,2571617.26,0728豪雨,降雨,0.051862350754
2025_1357,2025,222277.43,2571416.56,0728豪雨,降雨,0.540403241303
2025_1358,2025,216444.51,2571678.09,0728豪雨,降雨,1.05935797495
2025_1359,2025,217276.84,2571667.49,0728豪雨,降雨,0.038413602243
2025_1360,2025,216622.35,2571770.94,0728豪雨,降雨,0.413709920408
2025_1361,2025,217214.39,2571719.12,0728豪雨,降雨,0.043458159433
2025_1362,2025,217251.81,2571750.87,0728豪雨,降雨,0.225646393795
2025_1363,2025,217826.83,2572292.9,0728豪雨,降雨,0.124057471887
2025_1364,2025,215527.67,2570037.63,0728豪雨,降雨,0.0787767658191
2025_1365,2025,215571.37,2570047.61,0728豪雨,降雨,0.0812118781538
2025_1366,2025,221287.96,2569080.92,0728豪雨,降雨,0.0460469744202
2025_1367,2025,221646.22,2570308.32,0728豪雨,降雨,0.0143790416106
2025_1368,2025,222302.9,2570594.09,0728豪雨,降雨,0.0562739898038
2025_1369,2025,222373.07,2570272.75,0728豪雨,降雨,0.0918538950885
2025_1370,2025,222383.92,2569972.88,0728豪雨,降雨,0.0285364355062
2025_1371,2025,220272.88,2569544.03,0728豪雨,降雨,0.157757836528
2025_1372,2025,220983.13,2570141.48,0728豪雨,降雨,0.0485424800773
2025_1373,2025,221106.42,2570168.85,0728豪雨,降雨,0.0334428527275
2025_1374,2025,220592.71,2570288.61,0728豪雨,降雨,0.0654459948395
2025_1375,2025,214107.87,2567572.92,0728豪雨,降雨,0.442002664322
2025_1376,2025,214248.9,2567579.32,0728豪雨,降雨,0.140114989622
2025_1377,2025,214076.88,2567711.42,0728豪雨,降雨,0.117644717382
2025_1378,2025,213990.34,2567802.0,0728豪雨,降雨,0.400322774326
2025_1379,2025,213795.07,2567797.98,0728豪雨,降雨,0.100976151628
2025_1380,2025,213582.3,2567861.12,0728豪雨,降雨,0.12293310209
2025_1381,2025,212057.73,2570340.56,0728豪雨,降雨,0.0278539601743
2025_1382,2025,198874.06,2567136.76,0728豪雨,降雨,0.0760901938129
2025_1383,2025,199148.07,2567555.78,0728豪雨,降雨,0.207632507458
2025_1384,2025,202047.12,2567725.69,0728豪雨,降雨,0.202604762467
2025_1385,2025,202218.01,2567866.42,0728豪雨,降雨,0.0533556700333
2025_1386,2025,202854.89,2567533.74,0728豪雨,降雨,0.209698862273
2025_1387,2025,205263.06,2571315.17,0728豪雨,降雨,0.12122332896
2025_1388,2025,209430.92,2570042.59,0728豪雨,降雨,0.096155963749
2025_1389,2025,209487.77,2570170.05,0728豪雨,降雨,0.0650406373148
2025_1390,2025,210644.5,2565817.9,0728豪雨,降雨,0.0638863536447
2025_1391,2025,208509.6,2565988.26,0728豪雨,降雨,0.130881017597
2025_1392,2025,208885.64,2567238.3,0728豪雨,降雨,0.215250565412
2025_1393,2025,208885.57,2567624.86,0728豪雨,降雨,0.0218163017381
2025_1394,2025,211486.75,2568442.85,0728豪雨,降雨,0.416491181526
2025_1395,2025,210715.36,2568750.66,0728豪雨,降雨,0.0796532715815
2025_1396,2025,211335.25,2564220.42,0728豪雨,降雨,0.369745398543
2025_1397,2025,211461.75,2564160.43,0728豪雨,降雨,0.05611400372
2025_1398,2025,211476.05,2564119.01,0728豪雨,降雨,0.118226286319
2025_1399,2025,210019.26,2563704.8,0728豪雨,降雨,0.362018556493
2025_1400,2025,211639.41,2564318.67,0728豪雨,降雨,0.0296458499352
2025_1401,2025,211716.21,2564327.07,0728豪雨,降雨,0.0546729885134
2025_1402,2025,211682.29,2564337.11,0728豪雨,降雨,0.0209334859111
2025_1403,2025,211601.64,2564362.69,0728豪雨,降雨,0.184891239321
2025_1404,2025,211723.5,2564372.6,0728豪雨,降雨,0.123651097636
2025_1405,2025,220317.65,2566017.87,0728豪雨,降雨,0.0783502022027
2025_1406,2025,220298.75,2566191.45,0728豪雨,降雨,0.10898681208
2025_1407,2025,220918.55,2566276.22,0728豪雨,降雨,0.160660153996
2025_1408,2025,220706.69,2566288.18,0728豪雨,降雨,0.118834811847
2025_1409,2025,220958.14,2566314.98,0728豪雨,降雨,0.0552044388181
2025_1410,2025,220718.26,2566338.77,0728豪雨,降雨,0.136216114943
2025_1411,2025,220017.47,2564973.81,0728豪雨,降雨,0.0232552275101
2025_1412,2025,221091.28,2566045.49,0728豪雨,降雨,0.101103560846
2025_1413,2025,216727.4,2565851.83,0728豪雨,降雨,0.143984136817
2025_1414,2025,216821.6,2565862.85,0728豪雨,降雨,0.415280981198
2025_1415,2025,216866.01,2565958.3,0728豪雨,降雨,0.471225503559
2025_1416,2025,218804.35,2566046.22,0728豪雨,降雨,0.39739906826
2025_1417,2025,219640.67,2565769.92,0728豪雨,降雨,0.122891113605
2025_1418,2025,219778.53,2565722.24,0728豪雨,降雨,0.0442572546313
2025_1419,2025,213427.97,2566253.49,0728豪雨,降雨,0.234735660702
2025_1420,2025,213666.4,2566141.45,0728豪雨,降雨,0.0132225381068
2025_1421,2025,213804.97,2566047.35,0728豪雨,降雨,0.202044646645
2025_1422,2025,214201.16,2566368.2,0728豪雨,降雨,0.238824324102
2025_1423,2025,214582.22,2565640.22,0728豪雨,降雨,0.03547155806
2025_1424,2025,215052.14,2565427.53,0728豪雨,降雨,0.108013565805
2025_1425,2025,213804.81,2564278.62,0728豪雨,降雨,0.246028757874
2025_1426,2025,212367.57,2564390.44,0728豪雨,降雨,0.0262189805535
2025_1427,2025,212227.89,2564565.11,0728豪雨,降雨,0.0958021958761
2025_1428,2025,212130.72,2564601.47,0728豪雨,降雨,0.126525563662
2025_1429,2025,212561.54,2565534.73,0728豪雨,降雨,0.159636537152
2025_1430,2025,219951.29,2557382.96,0728豪雨,降雨,0.0361226663693
2025_1431,2025,220426.42,2559913.53,0728豪雨,降雨,0.207624016336
2025_1432,2025,217929.04,2560208.54,0728豪雨,降雨,0.104393400577
2025_1433,2025,220235.7,2561316.35,0728豪雨,降雨,0.110092956518
2025_1434,2025,219156.48,2557738.18,0728豪雨,降雨,0.0707039403005
2025_1435,2025,218645.0,2555234.89,0728豪雨,降雨,0.161767912467
2025_1436,2025,219016.14,2553722.81,0728豪雨,降雨,0.0777019195496
2025_1437,2025,219297.31,2554246.86,0728豪雨,降雨,0.0172074403565
2025_1438,2025,219555.09,2554345.37,0728豪雨,降雨,0.220781081339
2025_1439,2025,219837.22,2554201.73,0728豪雨,降雨,0.0131421510746
2025_1440,2025,219885.05,2554020.01,0728豪雨,降雨,0.0644658938597
2025_1441,2025,222594.75,2553900.22,0728豪雨,降雨,0.0959068029318
2025_1442,2025,222568.77,2553871.9,0728豪雨,降雨,0.0225689639163
2025_1443,2025,222889.02,2553650.07,0728豪雨,降雨,0.152025198589
2025_1444,2025,222932.4,2553565.51,0728豪雨,降雨,0.0826209582659
2025_1445,2025,223721.3,2554373.4,0728豪雨,降雨,0.0263660683947
2025_1446,2025,224359.49,2553504.35,0728豪雨,降雨,0.0939588587916
2025_1447,2025,223117.67,2551688.72,0728豪雨,降雨,0.0405697806157
2025_1448,2025,223357.11,2551779.32,0728豪雨,降雨,0.122203368173
2025_1449,2025,223145.43,2551995.11,0728豪雨,降雨,0.0182112567957
2025_1450,2025,224182.15,2552096.1,0728豪雨,降雨,0.0284468227055
2025_1451,2025,217479.69,2547424.15,0728豪雨,降雨,0.056734127511
2025_1452,2025,218381.81,2547111.84,0728豪雨,降雨,0.385912521867
2025_1453,2025,218474.74,2547391.67,0728豪雨,降雨,0.115737403315
2025_1454,2025,218560.62,2547320.33,0728豪雨,降雨,0.07800855494
2025_1455,2025,213708.26,2556312.4,0728豪雨,降雨,0.109590318576
2025_1456,2025,213748.97,2556352.82,0728豪雨,降雨,0.122421871829
2025_1457,2025,213691.97,2556396.88,0728豪雨,降雨,0.050527409727
2025_1458,2025,215241.31,2557914.74,0728豪雨,降雨,0.268043716874
2025_1459,2025,213070.15,2558780.0,0728豪雨,降雨,0.175649520949
2025_1460,2025,221528.2,2556445.4,0728豪雨,降雨,0.157388268121
2025_1461,2025,221563.11,2556175.97,0728豪雨,降雨,0.0783704148341
2025_1462,2025,221625.7,2556187.79,0728豪雨,降雨,0.0962562908948
2025_1463,2025,221754.33,2556278.06,0728豪雨,降雨,0.0849852263903
2025_1464,2025,221742.29,2556308.54,0728豪雨,降雨,0.0299266798923
2025_1465,2025,216233.03,2555480.01,0728豪雨,降雨,0.0396564949835
2025_1466,2025,213919.84,2555986.76,0728豪雨,降雨,0.166410068798
2025_1467,2025,214064.93,2556111.54,0728豪雨,降雨,0.113458234911
2025_1468,2025,214092.65,2556132.01,0728豪雨,降雨,0.0363167874694
2025_1469,2025,214143.37,2556147.78,0728豪雨,降雨,0.0897807569823
2025_1470,2025,216990.75,2549121.9,0728豪雨,降雨,0.13697281938
2025_1471,2025,219468.58,2549848.3,0728豪雨,降雨,0.221409270137
2025_1472,2025,220613.92,2550398.19,0728豪雨,降雨,0.114669715241
2025_1473,2025,219067.65,2550865.16,0728豪雨,降雨,0.124712751839
2025_1474,2025,217992.65,2551244.59,0728豪雨,降雨,0.255931948915
2025_1475,2025,213475.6,2551497.58,0728豪雨,降雨,0.0530837269482
2025_1476,2025,214192.99,2551180.08,0728豪雨,降雨,0.0784608646209
2025_1477,2025,215906.29,2553074.6,0728豪雨,降雨,0.014927600059
2025_1478,2025,221565.36,2551950.5,0728豪雨,降雨,0.0539622245178
2025_1479,2025,222068.83,2549101.82,0728豪雨,降雨,0.230084054099
2025_1480,2025,222706.48,2549907.0,0728豪雨,降雨,0.0639110320451
2025_1481,2025,222738.29,2549860.44,0728豪雨,降雨,0.0199029868671
2025_1482,2025,222321.27,2547141.77,0728豪雨,降雨,0.112419351435
2025_1483,2025,213233.34,2548876.14,0728豪雨,降雨,0.110276485292
2025_1484,2025,213309.01,2546367.06,0728豪雨,降雨,0.0501212187841
2025_1485,2025,213324.08,2546323.32,0728豪雨,降雨,0.0369016063321
2025_1486,2025,213366.58,2548851.13,0728豪雨,降雨,0.124225245921
2025_1487,2025,213432.57,2548751.27,0728豪雨,降雨,0.0587944717761
2025_1488,2025,214308.93,2548660.86,0728豪雨,降雨,0.117030220199
2025_1489,2025,213342.63,2546424.29,0728豪雨,降雨,0.074046333865
2025_1490,2025,213412.02,2546488.53,0728豪雨,降雨,0.072441200008
2025_1491,2025,213883.56,2547426.26,0728豪雨,降雨,0.0949829317168
2025_1492,2025,218825.53,2545993.55,0728豪雨,降雨,0.0230134578684
2025_1493,2025,218878.34,2547746.09,0728豪雨,降雨,0.0182968592701
2025_1494,2025,219193.08,2546046.88,0728豪雨,降雨,0.291733300556
2025_1495,2025,219944.52,2547314.03,0728豪雨,降雨,0.0264456291474
2025_1496,2025,220253.61,2547173.54,0728豪雨,降雨,0.10618188565
2025_1497,2025,220311.62,2547072.6,0728豪雨,降雨,0.074182100518
2025_1498,2025,218807.61,2546103.71,0728豪雨,降雨,0.0342454343787
2025_1499,2025,218788.55,2546135.57,0728豪雨,降雨,0.0165833360804
2025_1500,2025,218445.87,2544957.46,0728豪雨,降雨,0.132870324046
2025_1501,2025,218628.92,2545202.16,0728豪雨,降雨,0.0744241461907
2025_1502,2025,218422.19,2545253.36,0728豪雨,降雨,0.0696711264629
2025_1503,2025,217771.95,2546172.99,0728豪雨,降雨,0.0368869564704
2025_1504,2025,217835.3,2546177.85,0728豪雨,降雨,0.0263011055962
2025_1505,2025,217805.7,2546183.41,0728豪雨,降雨,0.014715701054
2025_1506,2025,219483.11,2544745.55,0728豪雨,降雨,0.0644853385946
2025_1507,2025,219515.23,2544032.27,0728豪雨,降雨,0.0982538263152
2025_1508,2025,219855.45,2543811.24,0728豪雨,降雨,0.0190430803915
2025_1509,2025,220951.29,2543250.46,0728豪雨,降雨,0.132518319299
2025_1510,2025,221124.2,2547091.79,0728豪雨,降雨,0.340657313151
2025_1511,2025,221402.85,2554010.47,0728豪雨,降雨,0.0339053740676
2025_1512,2025,220854.31,2554726.5,0728豪雨,降雨,0.0222813706943
2025_1513,2025,221064.38,2554854.21,0728豪雨,降雨,0.0995579015824
2025_1514,2025,223445.18,2543165.47,0728豪雨,降雨,0.144083605025
2025_1515,2025,223403.34,2546975.81,0728豪雨,降雨,0.0234009552196
2025_1516,2025,223303.81,2556798.71,0728豪雨,降雨,0.1489746564
2025_1517,2025,223615.88,2559558.82,0728豪雨,降雨,0.0739872379384
2025_1518,2025,223442.66,2563824.49,0728豪雨,降雨,0.0741399876504
2025_1519,2025,218020.0,2542615.19,0728豪雨,降雨,0.0321335472089
2025_1520,2025,217379.84,2542814.79,0728豪雨,降雨,0.128785702436
2025_1521,2025,217554.29,2544373.6,0728豪雨,降雨,0.0872778364504
2025_1522,2025,217606.97,2544567.68,0728豪雨,降雨,0.0679411807539
2025_1523,2025,216569.68,2559877.86,0728豪雨,降雨,0.0511040332801
2025_1524,2025,215992.36,2561601.28,0728豪雨,降雨,0.141830703925
2025_1525,2025,216884.69,2562102.48,0728豪雨,降雨,0.0787031700262
2025_1526,2025,215936.87,2565546.44,0728豪雨,降雨,0.302613859326
2025_1527,2025,216618.49,2542029.55,0728豪雨,降雨,0.0543082083989
2025_1528,2025,216755.32,2543810.49,0728豪雨,降雨,0.0228737658472
2025_1529,2025,208091.19,2559439.73,0728豪雨,降雨,0.0231568042653
2025_1530,2025,209642.74,2562436.08,0728豪雨,降雨,0.120848483551
2025_1531,2025,210145.14,2562995.3,0728豪雨,降雨,0.285037785934
2025_1532,2025,211769.38,2563777.61,0728豪雨,降雨,0.0837698632981
2025_1533,2025,211914.78,2563869.02,0728豪雨,降雨,0.243658747359
2025_1534,2025,211520.14,2563970.78,0728豪雨,降雨,0.0997009943341
2025_1535,2025,211537.11,2564149.44,0728豪雨,降雨,0.0366455782966
2025_1536,2025,211793.75,2564181.59,0728豪雨,降雨,0.204750205275
2025_1537,2025,211846.07,2564199.93,0728豪雨,降雨,0.0929726262066
2025_1538,2025,210812.48,2556026.18,0728豪雨,降雨,0.0406823286787
2025_1539,2025,211048.76,2555887.71,0728豪雨,降雨,0.0399587274083
2025_1540,2025,211428.89,2557997.62,0728豪雨,降雨,0.135582307651
2025_1541,2025,211730.1,2547580.72,0728豪雨,降雨,0.0696732288482
2025_1542,2025,208648.53,2547607.1,0728豪雨,降雨,0.0677986849485
2025_1543,2025,208252.84,2548269.25,0728豪雨,降雨,0.0767453162446
2025_1544,2025,209716.49,2548897.08,0728豪雨,降雨,0.0286097907005
2025_1545,2025,209244.91,2549509.75,0728豪雨,降雨,0.0528730549499
2025_1546,2025,210671.69,2550270.65,0728豪雨,降雨,0.0671019533569
2025_1547,2025,210103.25,2551812.74,0728豪雨,降雨,0.0602616300257
2025_1548,2025,209933.05,2551907.88,0728豪雨,降雨,0.0743498866083
2025_1549,2025,207636.36,2547166.06,0728豪雨,降雨,0.216878874018
2025_1550,2025,205275.79,2548698.19,0728豪雨,降雨,2.52046839286
2025_1551,2025,197210.23,2541755.69,0728豪雨,降雨,0.238590720585
2025_1552,2025,206072.74,2541862.11,0728豪雨,降雨,0.0156531974797
2025_1553,2025,206727.83,2542674.91,0728豪雨,降雨,0.0878860968096
2025_1554,2025,210442.07,2539452.09,0728豪雨,降雨,0.0665588470897
2025_1555,2025,211525.45,2545634.02,0728豪雨,降雨,0.0649256377127
2025_1556,2025,209380.15,2546752.09,0728豪雨,降雨,0.0809242475464
2025_1557,2025,211807.52,2547469.46,0728豪雨,降雨,0.0344499724386
2025_1558,2025,210311.66,2544234.38,0728豪雨,降雨,0.0229479435905
2025_1559,2025,215523.37,2541475.06,0728豪雨,降雨,0.0469497212743
2025_1560,2025,211461.64,2542080.15,0728豪雨,降雨,0.302508719517
2025_1561,2025,215707.34,2543205.52,0728豪雨,降雨,0.0565930284076
2025_1562,2025,215590.34,2543398.82,0728豪雨,降雨,0.050103176844
2025_1563,2025,215596.34,2543448.42,0728豪雨,降雨,0.0178374906464
2025_1564,2025,211220.37,2543752.19,0728豪雨,降雨,0.0438949826307
2025_1565,2025,217072.85,2541568.49,0728豪雨,降雨,0.0388197023468
2025_1566,2025,217232.76,2541781.67,0728豪雨,降雨,0.0985278124688
2025_1567,2025,217283.37,2537714.73,0728豪雨,降雨,0.0809791516706
2025_1568,2025,217397.57,2541682.72,0728豪雨,降雨,0.0128820569582
2025_1569,2025,217478.57,2537181.46,0728豪雨,降雨,0.0639445319598
2025_1570,2025,217881.61,2536919.6,0728豪雨,降雨,0.0313636728879
2025_1571,2025,222968.54,2556616.73,0728豪雨,降雨,0.39487944655
2025_1572,2025,222942.37,2556733.06,0728豪雨,降雨,0.117608699953
2025_1573,2025,223040.66,2556803.58,0728豪雨,降雨,0.151815514754
2025_1574,2025,223252.57,2556453.34,0728豪雨,降雨,0.0344310469831
2025_1575,2025,223257.98,2554903.77,0728豪雨,降雨,0.0369039012288
2025_1576,2025,223278.12,2556467.45,0728豪雨,降雨,0.0651989717343
2025_1577,2025,222759.05,2544116.92,0728豪雨,降雨,0.0546534669294
2025_1578,2025,223028.79,2546931.37,0728豪雨,降雨,0.0198693082215
2025_1579,2025,223110.04,2537467.26,0728豪雨,降雨,0.0825413923294
2025_1580,2025,212084.19,2536238.0,0728豪雨,降雨,0.0816530855124
2025_1581,2025,210946.74,2536390.11,0728豪雨,降雨,0.018843970411
2025_1582,2025,210416.46,2538043.51,0728豪雨,降雨,0.42645328891
2025_1583,2025,214562.54,2539381.11,0728豪雨,降雨,0.0381689359591
2025_1584,2025,221546.83,2536896.99,0728豪雨,降雨,0.0908702550523
2025_1585,2025,220500.89,2536959.81,0728豪雨,降雨,0.041657285028
2025_1586,2025,220402.56,2537118.97,0728豪雨,降雨,0.0799642918956
2025_1587,2025,220903.94,2540033.55,0728豪雨,降雨,0.0623553901659
2025_1588,2025,221074.64,2540442.75,0728豪雨,降雨,0.0454289848414
2025_1589,2025,223718.17,2538022.15,0728豪雨,降雨,0.0372723530245
2025_1590,2025,224546.37,2539275.6,0728豪雨,降雨,0.0691614553359
2025_1591,2025,223682.02,2542661.4,0728豪雨,降雨,0.0490544781528
2025_1592,2025,223831.49,2542807.91,0728豪雨,降雨,0.0506625858613
2025_1593,2025,223635.01,2535503.54,0728豪雨,降雨,0.116430348327
2025_1594,2025,238120.25,2657144.03,0728豪雨,降雨,0.00711073973852
2025_1595,2025,238157.71,2657157.12,0728豪雨,降雨,0.00752902099854
2025_1596,2025,238128.65,2657189.64,0728豪雨,降雨,0.0718624417558
2025_1597,2025,238084.8,2657183.29,0728豪雨,降雨,0.0520517775902
2025_1598,2025,238861.55,2669070.49,0728豪雨,降雨,0.0903909097072
2025_1599,2025,239755.04,2672878.45,0728豪雨,降雨,0.0238822105256
2025_1600,2025,231562.39,2577607.59,0728豪雨,降雨,0.0397928704285
2025_1601,2025,238933.91,2637534.03,0728豪雨,降雨,0.0414890674402
2025_1602,2025,240008.63,2652544.0,0728豪雨,降雨,0.0696566329014
2025_1603,2025,238430.93,2656853.55,0728豪雨,降雨,0.0764930769243
2025_1604,2025,237383.61,2616776.41,0728豪雨,降雨,0.159058784409
2025_1605,2025,237849.91,2653329.25,0728豪雨,降雨,0.735380869979
2025_1606,2025,239027.09,2655600.94,0728豪雨,降雨,0.0769210870652
2025_1607,2025,239034.64,2657968.03,0728豪雨,降雨,0.0984551367306
2025_1608,2025,237304.26,2660521.18,0728豪雨,降雨,0.0182329469449
2025_1609,2025,237216.31,2660672.75,0728豪雨,降雨,0.0154604450037
2025_1610,2025,240255.72,2672799.68,0728豪雨,降雨,0.110924704553
2025_1611,2025,234798.21,2630991.34,0728豪雨,降雨,0.13220619997
2025_1612,2025,234100.15,2631304.31,0728豪雨,降雨,0.224421696623
2025_1613,2025,237164.03,2635459.42,0728豪雨,降雨,0.0976147836591
2025_1614,2025,237107.12,2638001.93,0728豪雨,降雨,0.258196272435
2025_1615,2025,234775.25,2630322.24,0728豪雨,降雨,0.0223182003744
2025_1616,2025,253778.34,2643869.33,0728豪雨,降雨,0.608237832182
2025_1617,2025,253636.15,2636065.48,0728豪雨,降雨,0.101556558822
2025_1618,2025,196582.0,2568508.15,0728豪雨,降雨,0.0359325975854
2025_1619,2025,192809.95,2577203.68,0728豪雨,降雨,0.0219128045139
2025_1620,2025,198944.29,2567565.68,0728豪雨,降雨,1.09650029136
2025_1621,2025,201397.14,2564694.37,0728豪雨,降雨,0.0428255380985
2025_1622,2025,202650.55,2566570.87,0728豪雨,降雨,0.0747462206419
2025_1623,2025,203279.96,2561495.91,0728豪雨,降雨,1.02925479968
2025_1624,2025,195332.02,2562311.61,0728豪雨,降雨,0.12295971572
2025_1625,2025,196016.74,2562553.78,0728豪雨,降雨,0.0143057240922
2025_1626,2025,195653.41,2562592.33,0728豪雨,降雨,0.0502068214716
2025_1627,2025,195131.88,2562691.89,0728豪雨,降雨,0.0467677681392
2025_1628,2025,195427.98,2566929.05,0728豪雨,降雨,0.0155755448794
2025_1629,2025,201847.73,2557731.74,0728豪雨,降雨,0.207602727812
2025_1630,2025,201018.57,2558819.43,0728豪雨,降雨,0.0570857500587
2025_1631,2025,201084.33,2558888.68,0728豪雨,降雨,0.0432793153181
2025_1632,2025,201884.92,2559760.22,0728豪雨,降雨,0.0135043750815
2025_1633,2025,203295.75,2557549.78,0728豪雨,降雨,0.0184538219166
2025_1634,2025,203849.56,2557978.84,0728豪雨,降雨,0.0189704677541
2025_1635,2025,202763.6,2559996.26,0728豪雨,降雨,0.0998386922973
2025_1636,2025,204511.87,2560959.29,0728豪雨,降雨,0.102499825753
2025_1637,2025,204496.7,2561260.98,0728豪雨,降雨,0.0443300441373
2025_1638,2025,202593.31,2561336.16,0728豪雨,降雨,0.398267287907
2025_1639,2025,202038.53,2556347.94,0728豪雨,降雨,0.0449656209383
2025_1640,2025,201607.19,2557109.01,0728豪雨,降雨,0.0539439926858
2025_1641,2025,201708.34,2557202.07,0728豪雨,降雨,0.0376005512421
2025_1642,2025,201805.8,2557469.53,0728豪雨,降雨,0.170201236132
2025_1643,2025,201601.11,2557602.56,0728豪雨,降雨,0.094046332925
2025_1644,2025,201665.17,2557602.17,0728豪雨,降雨,0.0332452020041
2025_1645,2025,203231.04,2555210.49,0728豪雨,降雨,0.0236654624074
2025_1646,2025,203168.71,2555230.95,0728豪雨,降雨,0.0746945293241
2025_1647,2025,203238.97,2555245.84,0728豪雨,降雨,0.0354512137564
2025_1648,2025,201740.76,2555695.14,0728豪雨,降雨,0.0264640871189
2025_1649,2025,202357.42,2556019.98,0728豪雨,降雨,0.0241344476732
2025_1650,2025,199336.48,2554786.23,0728豪雨,降雨,0.0160197616632
2025_1651,2025,204036.57,2553816.67,0728豪雨,降雨,0.0502239502503
2025_1652,2025,204151.34,2553574.45,0728豪雨,降雨,0.0383443980443
2025_1653,2025,204409.08,2552684.33,0728豪雨,降雨,0.0327223553012
2025_1654,2025,204434.71,2552678.87,0728豪雨,降雨,0.120620214503
2025_1655,2025,201056.84,2554067.81,0728豪雨,降雨,0.0304268263612
2025_1656,2025,195957.29,2553644.39,0728豪雨,降雨,0.0910049686833
2025_1657,2025,196444.15,2553612.66,0728豪雨,降雨,0.0230854573694
2025_1658,2025,191511.26,2551225.83,0728豪雨,降雨,0.171115042368
2025_1659,2025,191587.19,2551355.42,0728豪雨,降雨,0.0682158879642
2025_1660,2025,192368.32,2547157.67,0728豪雨,降雨,0.0824301044582
2025_1661,2025,192463.88,2546921.81,0728豪雨,降雨,0.270299942326
2025_1662,2025,193052.32,2551625.18,0728豪雨,降雨,0.0429763283278
2025_1663,2025,192942.11,2546632.56,0728豪雨,降雨,0.0190180559949
2025_1664,2025,192617.75,2545944.6,0728豪雨,降雨,0.147283808756
2025_1665,2025,189739.19,2539160.67,0728豪雨,降雨,0.104244566986
2025_1666,2025,190150.41,2539531.97,0728豪雨,降雨,0.0417987262007
2025_1667,2025,194615.2,2545847.63,0728豪雨,降雨,0.0837480764167
2025_1668,2025,195231.3,2545961.56,0728豪雨,降雨,0.0550120072419
2025_1669,2025,195780.55,2546741.06,0728豪雨,降雨,0.0825355623519
2025_1670,2025,199349.04,2548675.74,0728豪雨,降雨,0.0712132550787
2025_1671,2025,200058.67,2546561.45,0728豪雨,降雨,0.0395660053108
2025_1672,2025,197218.0,2541755.38,0728豪雨,降雨,0.258205533258
2025_1673,2025,197121.89,2540619.93,0728豪雨,降雨,0.0644725752802
2025_1674,2025,197293.42,2537212.5,0728豪雨,降雨,0.0904651735675
2025_1675,2025,201221.95,2546666.43,0728豪雨,降雨,0.0162154698179
2025_1676,2025,201311.09,2548974.76,0728豪雨,降雨,0.0519048205917
2025_1677,2025,201419.09,2548577.75,0728豪雨,降雨,0.0450735609797
2025_1678,2025,202268.18,2548853.21,0728豪雨,降雨,0.0212824669609
2025_1679,2025,202346.41,2548915.22,0728豪雨,降雨,0.0226705671577
2025_1680,2025,202700.97,2545776.79,0728豪雨,降雨,0.0562033733669
2025_1681,2025,201516.74,2549061.19,0728豪雨,降雨,0.102414928842
2025_1682,2025,201769.22,2549210.18,0728豪雨,降雨,0.123783278455
2025_1683,2025,216601.09,2608989.41,丹娜絲颱風、薇帕颱風、0721豪雨,降雨,28.062046246
2025_1684,2025,215966.0,2608357.18,丹娜絲颱風、薇帕颱風、0721豪雨,降雨,8.81720058343
2025_1685,2025,216737.24,2608708.14,丹娜絲颱風、薇帕颱風、0721豪雨,降雨,4.36295478184
2025_1686,2025,216966.59,2608820.13,丹娜絲颱風、薇帕颱風、0721豪雨,降雨,0.200425246147
2025_1687,2025,215817.03,2608604.19,丹娜絲颱風、薇帕颱風、0721豪雨,降雨,0.560000099764
2025_1688,2025,203800.17,2577186.75,丹娜絲颱風、薇帕颱風、0721豪雨,降雨,0.444047146438
2025_1689,2025,204436.81,2576716.15,丹娜絲颱風、薇帕颱風、0721豪雨,降雨,0.153182722761
2025_1690,2025,207001.43,2582251.96,丹娜絲颱風、薇帕颱風、0721豪雨,降雨,0.148212514328
2025_1691,2025,203258.13,2573671.08,丹娜絲颱風、薇帕颱風、0721豪雨,降雨,0.106579442193
2025_1692,2025,213842.46,2563953.86,丹娜絲颱風、薇帕颱風、0721豪雨,降雨,0.120504051207
2025_1693,2025,214002.51,2564231.21,丹娜絲颱風、薇帕颱風、0721豪雨,降雨,0.114806414688
2025_1694,2025,236650.87,2440025.94,丹娜絲颱風、薇帕颱風、0721豪雨,降雨,0.142955026745
2025_1695,2025,235503.21,2470361.26,丹娜絲颱風、薇帕颱風、0721豪雨,降雨,0.852256628489
2025_1696,2025,234766.88,2474695.19,丹娜絲颱風、薇帕颱風、0721豪雨,降雨,0.178844163214
2025_1697,2025,210081.63,2581074.96,丹娜絲颱風、薇帕颱風、0721豪雨,降雨,0.281296622587
2025_1698,2025,220835.2,2606822.58,丹娜絲颱風、薇帕颱風、0721豪雨,降雨,0.186666814362
2025_1699,2025,221023.94,2606865.13,丹娜絲颱風、薇帕颱風、0721豪雨,降雨,0.775526804389
2025_1700,2025,232690.54,2471555.89,丹娜絲颱風、薇帕颱風、0721豪雨,降雨,1.01398570441
2025_1701,2025,230453.21,2473086.21,丹娜絲颱風、薇帕颱風、0721豪雨,降雨,0.664782301455
2025_1702,2025,232208.82,2473922.36,丹娜絲颱風、薇帕颱風、0721豪雨,降雨,0.390620182726
2025_1703,2025,203334.46,2578868.84,丹娜絲颱風、薇帕颱風、0721豪雨,降雨,0.237248227009
2025_1704,2025,223273.69,2581412.63,丹娜絲颱風、薇帕颱風、0721豪雨,降雨,1.14111291996
2025_1705,2025,213690.79,2564667.51,丹娜絲颱風、薇帕颱風、0721豪雨,降雨,0.306204162335
2025_1706,2025,292566.22,2673009.43,丹娜絲颱風、薇帕颱風、0721豪雨,降雨,0.282783180556
2025_1707,2025,241861.68,2528210.09,丹娜絲颱風、薇帕颱風、0721豪雨,降雨,0.290913337531
2025_1708,2025,240919.55,2526588.18,丹娜絲颱風、薇帕颱風、0721豪雨,降雨,0.42184859347
2025_1709,2025,255430.65,2568940.33,丹娜絲颱風、薇帕颱風、0721豪雨,降雨,0.485678486488
2025_1710,2025,254916.3,2563773.81,丹娜絲颱風、薇帕颱風、0721豪雨,降雨,0.370636150534
2025_1711,2025,280561.98,2622803.32,丹娜絲颱風、薇帕颱風、0721豪雨,降雨,718.773979297
2025_1712,2025,264885.07,2621851.06,丹娜絲颱風、薇帕颱風、0721豪雨,降雨,0.313166267016
2025_1713,2025,267337.56,2625718.71,丹娜絲颱風、薇帕颱風、0721豪雨,降雨,0.124692026232
2025_1714,2025,268325.65,2602652.88,丹娜絲颱風、薇帕颱風、0721豪雨,降雨,1.61492971889
2025_1715,2025,258437.33,2607348.73,丹娜絲颱風、薇帕颱風、0721豪雨,降雨,0.587557364721
2025_1716,2025,235441.07,2496391.1,丹娜絲颱風、薇帕颱風、0721豪雨,降雨,0.200508797167
2025_1717,2025,236042.08,2496384.37,丹娜絲颱風、薇帕颱風、0721豪雨,降雨,0.33193814373
2025_1718,2025,236023.49,2499931.35,丹娜絲颱風、薇帕颱風、0721豪雨,降雨,0.825152632307
2025_1719,2025,233621.95,2506669.37,丹娜絲颱風、薇帕颱風、0721豪雨,降雨,1.25587429961
2025_1720,2025,299091.19,2675388.1,丹娜絲颱風、薇帕颱風、0721豪雨,降雨,0.332010510525
2025_1721,2025,236221.53,2482062.48,丹娜絲颱風、薇帕颱風、0721豪雨,降雨,0.111011283514
2025_1722,2025,231806.8,2474762.62,丹娜絲颱風、薇帕颱風、0721豪雨,降雨,0.297850176819
2025_1723,2025,236610.82,2452828.12,丹娜絲颱風、薇帕颱風、0721豪雨,降雨,0.122231110496
2025_1724,2025,274387.02,2552676.28,丹娜絲颱風、薇帕颱風、0721豪雨,降雨,0.100465556342
2025_1725,2025,233197.89,2460661.9,丹娜絲颱風、薇帕颱風、0721豪雨,降雨,0.114390487712
2025_1726,2025,230157.97,2480886.31,丹娜絲颱風、薇帕颱風、0721豪雨,降雨,0.106128472978
2025_1727,2025,230467.8,2503517.53,丹娜絲颱風、薇帕颱風、0721豪雨,降雨,0.13969594868
2025_1728,2025,237168.31,2638028.14,丹娜絲颱風、薇帕颱風、0721豪雨,降雨,0.941273336217
2025_1729,2025,222059.32,2549090.18,丹娜絲颱風、薇帕颱風、0721豪雨,降雨,0.251105281596
2025_1730,2025,215071.67,2554721.09,丹娜絲颱風、薇帕颱風、0721豪雨,降雨,0.138406579348
2025_1731,2025,232184.57,2521347.32,丹娜絲颱風、薇帕颱風、0721豪雨,降雨,0.636357501809
2025_1732,2025,231887.55,2523825.6,丹娜絲颱風、薇帕颱風、0721豪雨,降雨,0.228422185808
2025_1733,2025,229732.72,2545360.43,丹娜絲颱風、薇帕颱風、0721豪雨,降雨,0.238599623144
2025_1734,2025,226496.41,2543945.37,丹娜絲颱風、薇帕颱風、0721豪雨,降雨,0.527223806257
2025_1735,2025,233481.33,2595490.68,丹娜絲颱風、薇帕颱風、0721豪雨,降雨,0.185606946029
2025_1736,2025,253828.91,2643877.3,丹娜絲颱風、薇帕颱風、0721豪雨,降雨,0.685134848551
2025_1737,2025,228991.06,2581456.56,丹娜絲颱風、薇帕颱風、0721豪雨,降雨,0.206155583427
2025_1738,2025,226603.5,2563440.32,丹娜絲颱風、薇帕颱風、0721豪雨,降雨,0.191538350147
2025_1739,2025,225039.81,2561008.64,丹娜絲颱風、薇帕颱風、0721豪雨,降雨,0.137174560381
2025_1740,2025,220494.92,2562425.25,丹娜絲颱風、薇帕颱風、0721豪雨,降雨,0.259540123257
2025_1741,2025,234348.93,2496074.14,丹娜絲颱風、薇帕颱風、0721豪雨,降雨,0.440826845243
2025_1742,2025,232881.14,2501926.79,丹娜絲颱風、薇帕颱風、0721豪雨,降雨,0.230330517546
2025_1743,2025,223586.55,2559502.1,丹娜絲颱風、薇帕颱風、0721豪雨,降雨,0.155327931791
2025_1744,2025,244646.48,2530408.04,丹娜絲颱風、薇帕颱風、0721豪雨,降雨,0.562001596057
2025_1745,2025,209738.55,2550280.08,丹娜絲颱風、薇帕颱風、0721豪雨,降雨,0.273547261812
2025_1746,2025,213732.62,2629068.17,丹娜絲颱風、薇帕颱風、0721豪雨,降雨,0.123791256295
2025_1747,2025,213401.5,2627726.54,丹娜絲颱風、薇帕颱風、0721豪雨,降雨,0.221001505011
2025_1748,2025,214214.26,2626610.99,丹娜絲颱風、薇帕颱風、0721豪雨,降雨,0.194849566317
2025_1749,2025,248998.58,2558803.98,丹娜絲颱風、薇帕颱風、0721豪雨,降雨,0.190685545321
2025_1750,2025,215280.75,2633543.44,丹娜絲颱風、薇帕颱風、0721豪雨,降雨,0.218922193617
2025_1751,2025,214992.64,2633304.02,丹娜絲颱風、薇帕颱風、0721豪雨,降雨,0.348382233138
2025_1752,2025,236892.96,2546703.03,丹娜絲颱風、薇帕颱風、0721豪雨,降雨,0.90732974983
2025_1753,2025,264715.43,2668026.66,丹娜絲颱風、薇帕颱風、0721豪雨,降雨,0.107066182326
2025_1754,2025,285930.41,2656381.24,丹娜絲颱風、薇帕颱風、0721豪雨,降雨,0.26135488463
2025_1755,2025,288324.07,2656111.47,丹娜絲颱風、薇帕颱風、0721豪雨,降雨,0.864498729094
2025_1756,2025,272808.31,2658725.21,丹娜絲颱風、薇帕颱風、0721豪雨,降雨,0.559922065556
2025_1757,2025,216822.52,2542053.62,丹娜絲颱風、薇帕颱風、0721豪雨,降雨,0.142257321336
2025_1758,2025,227419.28,2557449.44,丹娜絲颱風、薇帕颱風、0721豪雨,降雨,0.286743091645
2025_1759,2025,214548.7,2565743.28,丹娜絲颱風、薇帕颱風、0721豪雨,降雨,0.273402720778
2025_1760,2025,211022.07,2575683.77,丹娜絲颱風、薇帕颱風、0721豪雨,降雨,0.271703642342
2025_1761,2025,231135.0,2576495.16,丹娜絲颱風、薇帕颱風、0721豪雨,降雨,0.256742492228
2025_1762,2025,218364.39,2586753.63,丹娜絲颱風、薇帕颱風、0721豪雨,降雨,0.16171760105
2025_1763,2025,220907.59,2606775.77,丹娜絲颱風、薇帕颱風、0721豪雨,降雨,0.519217457137
2025_1764,2025,251098.34,2625989.97,丹娜絲颱風、薇帕颱風、0721豪雨,降雨,0.189046891658
2025_1765,2025,231897.34,2622771.47,丹娜絲颱風、薇帕颱風、0721豪雨,降雨,0.228241835108
2025_1766,2025,260321.48,2670484.3,丹娜絲颱風、薇帕颱風、0721豪雨,降雨,0.166249743877
2025_1767,2025,297900.12,2675828.74,鳳凰颱風,降雨,0.198847460104
2025_1768,2025,300420.55,2660565.26,鳳凰颱風,降雨,0.0932467795503
2025_1769,2025,290427.3,2704016.22,鳳凰颱風,降雨,0.319973213365
2025_1770,2025,316070.91,2673229.63,鳳凰颱風,降雨,0.192469258195
2025_1771,2025,278948.55,2647476.85,鳳凰颱風,降雨,0.13693834717
2025_1772,2025,293235.48,2683096.17,鳳凰颱風,降雨,0.0929184799744
2025_1773,2025,289441.37,2705207.43,鳳凰颱風,降雨,0.184160159953
2025_1774,2025,295924.2,2718183.64,鳳凰颱風,降雨,0.264809591941
2025_1775,2025,295992.69,2718143.46,鳳凰颱風,降雨,0.148305038749
2025_1776,2025,297447.34,2718157.58,鳳凰颱風,降雨,0.241000396242
2025_1777,2025,304277.18,2663783.78,鳳凰颱風,降雨,0.820900712414
2025_1778,2025,317310.12,2698343.16,樺加沙颱風,降雨,1.19699614285
2025_1779,2025,226858.46,2523678.11,樺加沙颱風,降雨,0.0748499171401
2025_1780,2025,226911.84,2523685.5,樺加沙颱風,降雨,0.0817009061973
2025_1781,2025,229696.34,2524889.18,樺加沙颱風,降雨,0.0754411387284
2025_1782,2025,232061.04,2524098.23,樺加沙颱風,降雨,0.164241962096
2025_1783,2025,241778.08,2524499.21,樺加沙颱風,降雨,0.109473124416
2025_1784,2025,231263.35,2527608.85,樺加沙颱風,降雨,0.0855746112346
2025_1785,2025,241455.83,2528796.5,樺加沙颱風,降雨,0.450074860332
2025_1786,2025,231150.82,2517696.16,樺加沙颱風,降雨,0.291723087635
2025_1787,2025,233651.21,2518123.69,樺加沙颱風,降雨,0.230370035187
2025_1788,2025,215879.99,2519795.8,樺加沙颱風,降雨,0.0879927213173
2025_1789,2025,215107.42,2521673.43,樺加沙颱風,降雨,0.0782420441722
2025_1790,2025,215696.88,2522111.86,樺加沙颱風,降雨,0.169617969405
2025_1791,2025,212995.32,2525242.23,樺加沙颱風,降雨,0.0768501521928
2025_1792,2025,214063.63,2525004.56,樺加沙颱風,降雨,0.29433101637
2025_1793,2025,217379.35,2514942.09,樺加沙颱風,降雨,0.206002041744
2025_1794,2025,217883.86,2516035.19,樺加沙颱風,降雨,0.0879747146828
2025_1795,2025,219935.81,2501561.87,樺加沙颱風,降雨,0.343700000549
2025_1796,2025,221756.49,2532713.61,樺加沙颱風,降雨,0.0954487481443
2025_1797,2025,219500.85,2501741.72,樺加沙颱風,降雨,0.135900903814
2025_1798,2025,221478.1,2519009.19,樺加沙颱風,降雨,0.304348434256
2025_1799,2025,267510.35,2524312.68,樺加沙颱風,降雨,0.535920016497
2025_1800,2025,242426.61,2525753.73,樺加沙颱風,降雨,1.97086185902
2025_1801,2025,237574.8,2526227.76,樺加沙颱風,降雨,0.4314589783
2025_1802,2025,256695.27,2528140.45,樺加沙颱風,降雨,0.0789724069979
2025_1803,2025,237902.95,2476840.74,樺加沙颱風,降雨,0.312369170981
2025_1804,2025,240475.43,2477187.33,樺加沙颱風,降雨,0.0793653350916
2025_1805,2025,241141.28,2505736.26,樺加沙颱風,降雨,0.107646301493
2025_1806,2025,240860.52,2480052.56,樺加沙颱風,降雨,0.180474288624
2025_1807,2025,287418.76,2624535.15,樺加沙颱風,降雨,0.0842820418984
2025_1808,2025,287999.27,2624652.47,樺加沙颱風,降雨,0.0828322540785
2025_1809,2025,281850.97,2621173.69,樺加沙颱風,降雨,0.109694150037
2025_1810,2025,281575.32,2621932.42,樺加沙颱風,降雨,0.137736067562
2025_1811,2025,282322.48,2620311.73,樺加沙颱風,降雨,3.5570578866
2025_1812,2025,285505.74,2620775.45,樺加沙颱風,降雨,0.19428964953
2025_1813,2025,285296.89,2622098.56,樺加沙颱風,降雨,0.0704130709624
2025_1814,2025,284827.66,2619600.26,樺加沙颱風,降雨,0.225040077825
2025_1815,2025,286867.14,2620796.64,樺加沙颱風,降雨,0.194172221122
2025_1816,2025,286652.24,2620891.32,樺加沙颱風,降雨,0.128483476363
2025_1817,2025,282546.85,2610040.89,樺加沙颱風,降雨,0.0867619943383
2025_1818,2025,283042.83,2609708.49,樺加沙颱風,降雨,0.0992803725651
2025_1819,2025,281729.15,2605081.54,樺加沙颱風,降雨,0.130869712625
2025_1820,2025,285206.46,2606432.49,樺加沙颱風,降雨,0.116146210481
2025_1821,2025,282242.36,2603212.27,樺加沙颱風,降雨,0.0817785159165
2025_1822,2025,292191.54,2597291.67,樺加沙颱風,降雨,0.192055410982
2025_1823,2025,292220.07,2597419.54,樺加沙颱風,降雨,0.28836321477
2025_1824,2025,304203.63,2620404.79,樺加沙颱風,降雨,0.271258411638
2025_1825,2025,299146.04,2613878.96,樺加沙颱風,降雨,0.129786307594
2025_1826,2025,298427.34,2599335.83,樺加沙颱風,降雨,0.0833796691898
2025_1827,2025,295534.39,2610905.25,樺加沙颱風,降雨,0.0755739220151
2025_1828,2025,285797.84,2633362.63,樺加沙颱風,降雨,0.146912702254
2025_1829,2025,282660.16,2631115.95,樺加沙颱風,降雨,0.0819199200694
2025_1830,2025,282595.04,2627837.51,樺加沙颱風,降雨,0.0755703087582
2025_1831,2025,282547.41,2627906.13,樺加沙颱風,降雨,0.320150675922
2025_1832,2025,282752.87,2627994.89,樺加沙颱風,降雨,0.0845558057181
2025_1833,2025,286222.84,2627486.68,樺加沙颱風,降雨,0.0985876343088
2025_1834,2025,286834.72,2627162.19,樺加沙颱風,降雨,0.0926030771154
2025_1835,2025,291803.27,2606446.37,樺加沙颱風,降雨,0.0938005911206
2025_1836,2025,292820.92,2606560.32,樺加沙颱風,降雨,0.0748053905817
2025_1837,2025,292763.09,2606728.62,樺加沙颱風,降雨,0.246555189149
2025_1838,2025,291931.28,2607729.47,樺加沙颱風,降雨,0.118587305489
2025_1839,2025,293869.33,2607708.68,樺加沙颱風,降雨,0.0793542030337
2025_1840,2025,292241.9,2604144.61,樺加沙颱風,降雨,0.153707007301
2025_1841,2025,293867.14,2604132.21,樺加沙颱風,降雨,0.0899904332894
2025_1842,2025,294373.14,2604913.86,樺加沙颱風,降雨,0.321604653146
2025_1843,2025,294005.42,2600128.6,樺加沙颱風,降雨,0.115761103139
2025_1844,2025,293718.69,2600136.2,樺加沙颱風,降雨,0.0869348380889
2025_1845,2025,284740.1,2578038.01,樺加沙颱風,降雨,0.115381462964
2025_1846,2025,284959.42,2577895.85,樺加沙颱風,降雨,0.223246943152
2025_1847,2025,285959.8,2578020.72,樺加沙颱風,降雨,1.15193552096
2025_1848,2025,286132.18,2578498.78,樺加沙颱風,降雨,0.303762934909
2025_1849,2025,297778.05,2595884.87,樺加沙颱風,降雨,1.14493729434
2025_1850,2025,283645.12,2572286.26,樺加沙颱風,降雨,0.30847417259
2025_1851,2025,283956.45,2571416.05,樺加沙颱風,降雨,0.0876356330665
2025_1852,2025,284068.98,2570489.75,樺加沙颱風,降雨,0.728708983686
2025_1853,2025,272073.39,2615111.44,樺加沙颱風,降雨,0.0818277283956
2025_1854,2025,271976.28,2615191.95,樺加沙颱風,降雨,0.0911971601555
2025_1855,2025,272042.12,2615236.41,樺加沙颱風,降雨,0.0882127089347
2025_1856,2025,268875.97,2610672.04,樺加沙颱風,降雨,0.231748360038
2025_1857,2025,277991.22,2611951.82,樺加沙颱風,降雨,0.0776346101975
2025_1858,2025,278654.06,2607102.83,樺加沙颱風,降雨,0.109640726852
2025_1859,2025,279294.84,2607396.67,樺加沙颱風,降雨,0.160524775235
2025_1860,2025,280600.54,2610815.31,樺加沙颱風,降雨,0.412445870596
2025_1861,2025,272012.95,2600033.29,樺加沙颱風,降雨,0.0831608534058
2025_1862,2025,271798.0,2600071.11,樺加沙颱風,降雨,0.217304690236
2025_1863,2025,271916.92,2600061.96,樺加沙颱風,降雨,0.103888542345
2025_1864,2025,274879.55,2600915.88,樺加沙颱風,降雨,0.103799409197
2025_1865,2025,273771.28,2597366.87,樺加沙颱風,降雨,0.161078403746
2025_1866,2025,273063.22,2605072.52,樺加沙颱風,降雨,0.142921660789
2025_1867,2025,266738.86,2604800.3,樺加沙颱風,降雨,0.210709082415
2025_1868,2025,268971.92,2602908.67,樺加沙颱風,降雨,0.0772609013691
2025_1869,2025,282085.53,2605297.06,樺加沙颱風,降雨,0.0794060406479
2025_1870,2025,280621.07,2596927.64,樺加沙颱風,降雨,0.134684525805
2025_1871,2025,276464.03,2597574.95,樺加沙颱風,降雨,0.0963431255818
2025_1872,2025,279586.56,2600585.25,樺加沙颱風,降雨,0.0843180105965
2025_1873,2025,274148.9,2599836.41,樺加沙颱風,降雨,0.0760374482477
2025_1874,2025,253610.69,2597949.49,樺加沙颱風,降雨,0.0791833385733
2025_1875,2025,275884.97,2622040.36,樺加沙颱風,降雨,0.0903335652273
2025_1876,2025,275759.94,2622065.38,樺加沙颱風,降雨,0.290794238051
2025_1877,2025,279555.37,2621755.47,樺加沙颱風,降雨,0.302185443566
2025_1878,2025,282075.44,2620902.01,樺加沙颱風,降雨,0.151107945183
2025_1879,2025,281993.81,2620219.42,樺加沙颱風,降雨,13.0939427168
2025_1880,2025,280589.69,2628456.75,樺加沙颱風,降雨,0.167650618452
2025_1881,2025,280573.58,2628521.41,樺加沙颱風,降雨,0.288738096147
2025_1882,2025,280036.42,2629205.22,樺加沙颱風,降雨,0.0860842131755
2025_1883,2025,277727.4,2631432.39,樺加沙颱風,降雨,2.10491808617
2025_1884,2025,278578.05,2624166.36,樺加沙颱風,降雨,10.6945886959
2025_1885,2025,274194.39,2616450.9,樺加沙颱風,降雨,0.232448834526
2025_1886,2025,277636.97,2617156.11,樺加沙颱風,降雨,0.074075521069
2025_1887,2025,275191.77,2617859.41,樺加沙颱風,降雨,0.0900699709956
2025_1888,2025,274360.49,2616336.8,樺加沙颱風,降雨,0.181759729247
2025_1889,2025,285530.1,2658661.03,樺加沙颱風,降雨,0.163284413222
2025_1890,2025,285492.96,2658805.86,樺加沙颱風,降雨,0.0996958148782
2025_1891,2025,285702.3,2658853.82,樺加沙颱風,降雨,0.192842931909
2025_1892,2025,286610.19,2653036.87,樺加沙颱風,降雨,0.107280246858
2025_1893,2025,287290.9,2653521.11,樺加沙颱風,降雨,0.0902271450895
2025_1894,2025,291796.39,2656848.15,樺加沙颱風,降雨,0.079238531937
2025_1895,2025,291834.34,2656813.93,樺加沙颱風,降雨,0.071568720155
2025_1896,2025,285415.82,2659599.49,樺加沙颱風,降雨,0.190395974684
2025_1897,2025,287765.22,2661179.8,樺加沙颱風,降雨,0.145396971271
2025_1898,2025,285641.95,2661573.7,樺加沙颱風,降雨,0.111253876597
2025_1899,2025,287726.14,2657848.24,樺加沙颱風,降雨,0.173939321796
2025_1900,2025,291167.88,2657302.87,樺加沙颱風,降雨,0.175642185751
2025_1901,2025,283440.02,2656927.84,樺加沙颱風,降雨,0.123651699662
2025_1902,2025,284305.85,2657675.87,樺加沙颱風,降雨,0.0870574699327
2025_1903,2025,287674.81,2658067.13,樺加沙颱風,降雨,0.0963115303649
2025_1904,2025,289876.34,2636289.41,樺加沙颱風,降雨,0.112191923877
2025_1905,2025,289077.56,2643664.26,樺加沙颱風,降雨,2.23162479008
2025_1906,2025,283118.43,2642466.75,樺加沙颱風,降雨,0.153990808101
2025_1907,2025,286316.16,2641081.02,樺加沙颱風,降雨,0.156224546424
2025_1908,2025,286388.16,2641283.89,樺加沙颱風,降雨,0.236842751531
2025_1909,2025,283274.26,2639732.96,樺加沙颱風,降雨,0.447372461124
2025_1910,2025,290317.74,2639217.68,樺加沙颱風,降雨,0.17211092179
2025_1911,2025,285515.03,2643916.27,樺加沙颱風,降雨,0.134156938141
2025_1912,2025,283074.29,2636790.46,樺加沙颱風,降雨,0.0733175652369
2025_1913,2025,283177.57,2635454.2,樺加沙颱風,降雨,0.0748344912017
2025_1914,2025,284504.74,2635946.23,樺加沙颱風,降雨,0.0766748121086
2025_1915,2025,302654.76,2657687.53,樺加沙颱風,降雨,0.0817318935793
2025_1916,2025,304480.09,2636648.31,樺加沙颱風,降雨,0.0986373544055
2025_1917,2025,298836.74,2651356.61,樺加沙颱風,降雨,0.106566580454
2025_1918,2025,299759.32,2651719.31,樺加沙颱風,降雨,0.150285658442
2025_1919,2025,296617.03,2650336.96,樺加沙颱風,降雨,0.23031601338
2025_1920,2025,296721.89,2650232.5,樺加沙颱風,降雨,0.385524989251
2025_1921,2025,297204.1,2650860.42,樺加沙颱風,降雨,0.235497941705
2025_1922,2025,297597.93,2651765.88,樺加沙颱風,降雨,0.0733301854104
2025_1923,2025,297623.29,2651806.47,樺加沙颱風,降雨,0.121531427145
2025_1924,2025,294418.63,2652575.96,樺加沙颱風,降雨,0.151807536515
2025_1925,2025,295995.1,2652187.02,樺加沙颱風,降雨,0.0732170917633
2025_1926,2025,296390.94,2654727.41,樺加沙颱風,降雨,0.890366358064
2025_1927,2025,295381.03,2655250.87,樺加沙颱風,降雨,0.32127868078
2025_1928,2025,293043.9,2639280.38,樺加沙颱風,降雨,0.090801923635
2025_1929,2025,294245.87,2639891.04,樺加沙颱風,降雨,0.0845305570089
2025_1930,2025,275626.24,2636374.73,樺加沙颱風,降雨,0.189131510505
2025_1931,2025,273806.76,2638086.42,樺加沙颱風,降雨,0.132260009286
2025_1932,2025,277033.57,2633085.86,樺加沙颱風,降雨,0.120951171042
2025_1933,2025,277216.0,2635195.13,樺加沙颱風,降雨,0.0811029971244
2025_1934,2025,277335.64,2638950.3,樺加沙颱風,降雨,0.0819336063633
2025_1935,2025,277613.73,2640086.09,樺加沙颱風,降雨,0.129067464452
2025_1936,2025,281313.19,2654430.68,樺加沙颱風,降雨,0.121558917096
2025_1937,2025,279818.66,2655941.47,樺加沙颱風,降雨,0.0739727551275
2025_1938,2025,279038.02,2656086.07,樺加沙颱風,降雨,0.080293682113
2025_1939,2025,281228.62,2648238.61,樺加沙颱風,降雨,0.0743623311085
2025_1940,2025,282444.35,2643533.96,樺加沙颱風,降雨,1.23520622858
2025_1941,2025,278662.39,2633344.1,樺加沙颱風,降雨,0.117056312504
2025_1942,2025,280865.19,2658248.07,樺加沙颱風,降雨,0.12598687964
2025_1943,2025,280890.21,2658355.53,樺加沙颱風,降雨,0.221477098055
2025_1944,2025,275702.89,2633139.17,樺加沙颱風,降雨,0.104145756884
2025_1945,2025,275140.79,2633745.14,樺加沙颱風,降雨,0.0793132978769
2025_1946,2025,275544.55,2628580.37,樺加沙颱風,降雨,0.0721031084805
2025_1947,2025,273458.15,2625756.24,樺加沙颱風,降雨,0.0716338194446
2025_1948,2025,271510.58,2620807.83,樺加沙颱風,降雨,0.112833879174
2025_1949,2025,273576.01,2630816.84,樺加沙颱風,降雨,0.0728993585248
2025_1950,2025,275128.36,2631759.41,樺加沙颱風,降雨,0.18420973385
2025_1951,2025,275702.42,2632291.22,樺加沙颱風,降雨,0.140944225769
2025_1952,2025,273306.03,2629389.08,樺加沙颱風,降雨,0.104506263769
2025_1953,2025,273307.04,2630350.33,樺加沙颱風,降雨,0.0714652477256
2025_1954,2025,273589.61,2630034.51,樺加沙颱風,降雨,0.0915079880633
2025_1955,2025,271256.99,2630609.67,樺加沙颱風,降雨,0.107275704688
2025_1956,2025,264938.91,2530051.05,樺加沙颱風,降雨,0.0931310215138
2025_1957,2025,256355.19,2531216.11,樺加沙颱風,降雨,0.0842700311879
2025_1958,2025,258540.42,2532795.86,樺加沙颱風,降雨,0.167802550281
2025_1959,2025,258844.23,2532586.72,樺加沙颱風,降雨,0.177939949539
2025_1960,2025,215630.15,2519134.97,樺加沙颱風,降雨,0.0952850640184
2025_1961,2025,215330.77,2525379.79,樺加沙颱風,降雨,0.114588792
2025_1962,2025,237769.78,2530012.89,樺加沙颱風,降雨,0.366968207454
2025_1963,2025,245399.22,2529706.12,樺加沙颱風,降雨,0.564443836708
2025_1964,2025,245792.26,2529747.11,樺加沙颱風,降雨,0.0944357404936
2025_1965,2025,247884.78,2530634.38,樺加沙颱風,降雨,0.18991916967
2025_1966,2025,249608.73,2530427.23,樺加沙颱風,降雨,0.0763856648456
2025_1967,2025,246302.76,2531629.84,樺加沙颱風,降雨,2.628242574
2025_1968,2025,246468.61,2532767.94,樺加沙颱風,降雨,0.0715760250612
2025_1969,2025,253042.66,2531937.45,樺加沙颱風,降雨,0.0756966720079
2025_1970,2025,242468.9,2532984.99,樺加沙颱風,降雨,0.13355922608
2025_1971,2025,242373.67,2532996.47,樺加沙颱風,降雨,0.112178402934
2025_1972,2025,241657.47,2529295.53,樺加沙颱風,降雨,0.131728440646
2025_1973,2025,241885.96,2529748.9,樺加沙颱風,降雨,0.124930574011
2025_1974,2025,239179.71,2530198.09,樺加沙颱風,降雨,0.180387883458
2025_1975,2025,239339.05,2528980.78,樺加沙颱風,降雨,0.0897534520163
2025_1976,2025,231256.41,2528126.53,樺加沙颱風,降雨,0.214902938545
2025_1977,2025,240722.52,2528569.24,樺加沙颱風,降雨,0.168125846851
2025_1978,2025,240869.47,2528539.25,樺加沙颱風,降雨,0.07062079321
2025_1979,2025,215280.46,2518093.02,樺加沙颱風,降雨,0.0959383895894
2025_1980,2025,256143.47,2590333.4,樺加沙颱風,降雨,1.11041097455
2025_1981,2025,259004.14,2596004.28,樺加沙颱風,降雨,0.185141650913
2025_1982,2025,261550.14,2588809.36,樺加沙颱風,降雨,1.02322944678
2025_1983,2025,262041.65,2591523.97,樺加沙颱風,降雨,0.649769346982
2025_1984,2025,279077.96,2595294.71,樺加沙颱風,降雨,0.0785649610962
2025_1985,2025,279341.54,2591504.36,樺加沙颱風,降雨,1.1736960603
2025_1986,2025,281907.36,2589283.07,樺加沙颱風,降雨,0.0760604248517
2025_1987,2025,266975.9,2590242.24,樺加沙颱風,降雨,0.229086134026
2025_1988,2025,267148.51,2589747.29,樺加沙颱風,降雨,0.120844716312
2025_1989,2025,267417.96,2589814.09,樺加沙颱風,降雨,0.0780209792634
2025_1990,2025,273907.55,2589447.09,樺加沙颱風,降雨,0.0742947204283
2025_1991,2025,250830.75,2580040.21,樺加沙颱風,降雨,0.177777816826
2025_1992,2025,255520.46,2586625.59,樺加沙颱風,降雨,0.0712144640132
2025_1993,2025,258802.07,2581144.24,樺加沙颱風,降雨,0.135171756478
2025_1994,2025,257011.75,2580257.17,樺加沙颱風,降雨,0.0717014057026
2025_1995,2025,264320.79,2581344.28,樺加沙颱風,降雨,0.087367902864
2025_1996,2025,264824.08,2583872.58,樺加沙颱風,降雨,0.190980343933
2025_1997,2025,263415.78,2584969.2,樺加沙颱風,降雨,0.215086575273
2025_1998,2025,268959.21,2584570.42,樺加沙颱風,降雨,0.230774018516
2025_1999,2025,262618.58,2581336.01,樺加沙颱風,降雨,0.0795290251908
2025_2000,2025,262277.24,2580774.4,樺加沙颱風,降雨,0.129746950371
2025_2001,2025,278727.6,2579787.89,樺加沙颱風,降雨,0.118097489091
2025_2002,2025,278426.9,2579982.79,樺加沙颱風,降雨,0.0918554630126
2025_2003,2025,273269.96,2577849.16,樺加沙颱風,降雨,0.0941059261695
2025_2004,2025,248647.63,2571029.78,樺加沙颱風,降雨,0.233330277614
2025_2005,2025,251853.33,2578415.53,樺加沙颱風,降雨,0.0903339121816
2025_2006,2025,253136.3,2573822.42,樺加沙颱風,降雨,0.231048262014
2025_2007,2025,246289.56,2570918.05,樺加沙颱風,降雨,0.0793845409848
2025_2008,2025,247444.65,2572277.67,樺加沙颱風,降雨,0.0889933133949
2025_2009,2025,246490.69,2573401.1,樺加沙颱風,降雨,0.262466642797
2025_2010,2025,255573.02,2568816.31,樺加沙颱風,降雨,0.158694076921
2025_2011,2025,255405.17,2569397.91,樺加沙颱風,降雨,0.214988710551
2025_2012,2025,247872.27,2569438.08,樺加沙颱風,降雨,0.0860634214652
2025_2013,2025,251645.5,2567917.75,樺加沙颱風,降雨,0.0712636959254
2025_2014,2025,251805.35,2569180.09,樺加沙颱風,降雨,0.0720001806003
2025_2015,2025,250535.84,2569156.78,樺加沙颱風,降雨,0.101039642617
2025_2016,2025,245794.16,2566542.2,樺加沙颱風,降雨,0.0898124277592
2025_2017,2025,245377.66,2566771.49,樺加沙颱風,降雨,0.3165865656
2025_2018,2025,245179.02,2566761.13,樺加沙颱風,降雨,0.11839516047
2025_2019,2025,245815.03,2568141.58,樺加沙颱風,降雨,0.127940155586
2025_2020,2025,244271.96,2566568.71,樺加沙颱風,降雨,0.109777284625
2025_2021,2025,249273.12,2566304.42,樺加沙颱風,降雨,0.0942683099961
2025_2022,2025,254744.84,2565763.62,樺加沙颱風,降雨,0.686256741348
2025_2023,2025,250884.4,2564600.3,樺加沙颱風,降雨,0.203405919856
2025_2024,2025,254551.73,2564124.7,樺加沙颱風,降雨,0.257593057224
2025_2025,2025,261324.97,2560916.04,樺加沙颱風,降雨,0.274651049681
2025_2026,2025,261237.01,2562009.73,樺加沙颱風,降雨,0.249956282946
2025_2027,2025,261178.48,2562047.06,樺加沙颱風,降雨,0.151715679707
2025_2028,2025,260846.0,2561406.04,樺加沙颱風,降雨,0.238429758814
2025_2029,2025,260411.25,2564779.99,樺加沙颱風,降雨,0.0727619216239
2025_2030,2025,262438.63,2564440.29,樺加沙颱風,降雨,0.196643768028
2025_2031,2025,262569.22,2564004.9,樺加沙颱風,降雨,0.133941419937
2025_2032,2025,263447.66,2560245.56,樺加沙颱風,降雨,0.0814194159246
2025_2033,2025,263860.77,2561443.93,樺加沙颱風,降雨,0.365742180935
2025_2034,2025,270127.87,2562750.52,樺加沙颱風,降雨,0.0972810340438
2025_2035,2025,269194.94,2563686.38,樺加沙颱風,降雨,0.110755792378
2025_2036,2025,266290.28,2560534.4,樺加沙颱風,降雨,0.075467907549
2025_2037,2025,269254.05,2564402.83,樺加沙颱風,降雨,0.0833020313267
2025_2038,2025,269080.33,2564420.51,樺加沙颱風,降雨,0.0722991628057
2025_2039,2025,266949.78,2565133.62,樺加沙颱風,降雨,0.193497524359
2025_2040,2025,267643.53,2565127.39,樺加沙颱風,降雨,0.0944654501025
2025_2041,2025,267694.91,2566420.58,樺加沙颱風,降雨,0.41804735448
2025_2042,2025,270986.47,2575238.79,樺加沙颱風,降雨,0.223542874522
2025_2043,2025,272046.12,2575610.25,樺加沙颱風,降雨,0.232503186086
2025_2044,2025,272416.74,2574988.43,樺加沙颱風,降雨,0.0728800384898
2025_2045,2025,272155.45,2576562.39,樺加沙颱風,降雨,0.213349483432
2025_2046,2025,261289.39,2566521.45,樺加沙颱風,降雨,0.138178834507
2025_2047,2025,260696.38,2567081.9,樺加沙颱風,降雨,0.108572829622
2025_2048,2025,261137.29,2567362.66,樺加沙颱風,降雨,0.0969526643467
2025_2049,2025,260318.01,2560538.5,樺加沙颱風,降雨,0.0841609519717
2025_2050,2025,262359.2,2569037.45,樺加沙颱風,降雨,0.271513990398
2025_2051,2025,261859.26,2570677.08,樺加沙颱風,降雨,0.108191712198
2025_2052,2025,262337.31,2573149.1,樺加沙颱風,降雨,0.161597151916
2025_2053,2025,259648.35,2575281.27,樺加沙颱風,降雨,0.123616483014
2025_2054,2025,275770.82,2576530.54,樺加沙颱風,降雨,0.0911084739457
2025_2055,2025,276494.83,2576548.8,樺加沙颱風,降雨,0.11221322852
2025_2056,2025,273823.8,2576582.36,樺加沙颱風,降雨,0.176396056264
2025_2057,2025,273544.61,2565848.17,樺加沙颱風,降雨,0.0732454188591
2025_2058,2025,274853.87,2566487.44,樺加沙颱風,降雨,0.0763928368487
2025_2059,2025,281421.07,2564476.85,樺加沙颱風,降雨,0.0958434295591
2025_2060,2025,281393.99,2567571.72,樺加沙颱風,降雨,0.123608709537
2025_2061,2025,279531.31,2562604.18,樺加沙颱風,降雨,0.0707985679183
2025_2062,2025,275422.11,2561870.64,樺加沙颱風,降雨,0.0837500789611
2025_2063,2025,271480.14,2566169.88,樺加沙颱風,降雨,0.0895788981918
2025_2064,2025,271143.25,2567408.68,樺加沙颱風,降雨,0.140702457748
2025_2065,2025,272015.12,2568050.78,樺加沙颱風,降雨,0.0988162601588
2025_2066,2025,270204.07,2568593.42,樺加沙颱風,降雨,0.244611633455
2025_2067,2025,255045.22,2539365.57,樺加沙颱風,降雨,0.303958037189
2025_2068,2025,255107.81,2539462.62,樺加沙颱風,降雨,0.119668662439
2025_2069,2025,257943.51,2540342.43,樺加沙颱風,降雨,0.107248870867
2025_2070,2025,258056.92,2540343.64,樺加沙颱風,降雨,0.086881092236
2025_2071,2025,252269.02,2535439.08,樺加沙颱風,降雨,0.48136855164
2025_2072,2025,252395.96,2536099.47,樺加沙颱風,降雨,0.228882728259
2025_2073,2025,252663.48,2535587.75,樺加沙颱風,降雨,0.320645351134
2025_2074,2025,249544.8,2535370.28,樺加沙颱風,降雨,0.116192962537
2025_2075,2025,250689.97,2535390.73,樺加沙颱風,降雨,0.523114617106
2025_2076,2025,252045.71,2535256.32,樺加沙颱風,降雨,0.214768714694
2025_2077,2025,263676.89,2552918.8,樺加沙颱風,降雨,0.121813883286
2025_2078,2025,264556.2,2552903.72,樺加沙颱風,降雨,0.093332890696
2025_2079,2025,265608.33,2555046.79,樺加沙颱風,降雨,0.0722266566378
2025_2080,2025,267226.75,2554594.13,樺加沙颱風,降雨,0.142560220349
2025_2081,2025,264749.89,2552464.26,樺加沙颱風,降雨,0.0881070893454
2025_2082,2025,265502.05,2552935.04,樺加沙颱風,降雨,0.0700034448769
2025_2083,2025,264170.4,2550805.47,樺加沙颱風,降雨,0.137040182001
2025_2084,2025,263032.22,2550806.01,樺加沙颱風,降雨,0.176767982292
2025_2085,2025,263795.5,2548886.05,樺加沙颱風,降雨,0.153760040518
2025_2086,2025,271157.66,2549120.9,樺加沙颱風,降雨,0.185173216351
2025_2087,2025,271740.22,2547747.12,樺加沙颱風,降雨,0.268000419745
2025_2088,2025,262628.75,2551640.27,樺加沙颱風,降雨,0.295524752458
2025_2089,2025,262670.25,2551204.34,樺加沙颱風,降雨,0.176574492723
2025_2090,2025,262758.01,2551613.08,樺加沙颱風,降雨,0.782972641534
2025_2091,2025,262277.42,2550097.01,樺加沙颱風,降雨,0.267159220626
2025_2092,2025,262765.12,2549924.97,樺加沙颱風,降雨,0.0963835584312
2025_2093,2025,263553.66,2556163.0,樺加沙颱風,降雨,0.209295189446
2025_2094,2025,263786.59,2555560.97,樺加沙颱風,降雨,0.0960524458864
2025_2095,2025,262363.11,2556446.01,樺加沙颱風,降雨,0.723106282792
2025_2096,2025,262884.57,2557708.97,樺加沙颱風,降雨,0.130654028451
2025_2097,2025,262067.23,2553862.25,樺加沙颱風,降雨,0.0929133130879
2025_2098,2025,261674.73,2553967.05,樺加沙颱風,降雨,0.197953869272
2025_2099,2025,259277.27,2552326.04,樺加沙颱風,降雨,0.0855959192023
2025_2100,2025,260594.64,2549704.58,樺加沙颱風,降雨,0.250186082152
2025_2101,2025,260553.23,2555411.3,樺加沙颱風,降雨,0.185074829976
2025_2102,2025,261226.09,2553574.06,樺加沙颱風,降雨,0.140949140384
2025_2103,2025,261331.1,2553875.58,樺加沙颱風,降雨,0.111212681182
2025_2104,2025,260820.44,2554393.88,樺加沙颱風,降雨,0.107003572313
2025_2105,2025,261131.97,2558365.3,樺加沙颱風,降雨,0.082219175936
2025_2106,2025,258588.31,2560340.9,樺加沙颱風,降雨,0.112025688432
2025_2107,2025,259298.13,2563043.06,樺加沙颱風,降雨,0.173898164104
2025_2108,2025,259505.81,2563156.81,樺加沙颱風,降雨,0.0736463009154
2025_2109,2025,254438.3,2558396.49,樺加沙颱風,降雨,0.166666133847
2025_2110,2025,254557.18,2563231.12,樺加沙颱風,降雨,0.208168727141
2025_2111,2025,255289.69,2555395.71,樺加沙颱風,降雨,0.17705152821
2025_2112,2025,254501.45,2558339.95,樺加沙颱風,降雨,0.20076476329
2025_2113,2025,256616.09,2563068.4,樺加沙颱風,降雨,0.072971660112
2025_2114,2025,254151.27,2554256.93,樺加沙颱風,降雨,0.434052606437
2025_2115,2025,254194.64,2554264.66,樺加沙颱風,降雨,0.0734033152437
2025_2116,2025,254625.68,2554322.25,樺加沙颱風,降雨,0.0938227181105
2025_2117,2025,256298.73,2551497.9,樺加沙颱風,降雨,0.0730923275977
2025_2118,2025,252630.88,2549679.23,樺加沙颱風,降雨,0.508764678884
2025_2119,2025,252949.43,2566342.73,樺加沙颱風,降雨,0.081884722469
2025_2120,2025,254645.25,2565611.27,樺加沙颱風,降雨,0.237766074998
2025_2121,2025,251274.97,2564382.39,樺加沙颱風,降雨,0.100399841747
2025_2122,2025,252149.92,2565266.65,樺加沙颱風,降雨,0.121506484115
2025_2123,2025,251063.22,2562007.75,樺加沙颱風,降雨,0.0933487168316
2025_2124,2025,251475.67,2567263.11,樺加沙颱風,降雨,0.105504179209
2025_2125,2025,250700.8,2567295.78,樺加沙颱風,降雨,0.167559807382
2025_2126,2025,276863.65,2550077.13,樺加沙颱風,降雨,0.145160220201
2025_2127,2025,273760.53,2552806.45,樺加沙颱風,降雨,0.172749317316
2025_2128,2025,277626.66,2553990.83,樺加沙颱風,降雨,0.0885004924358
2025_2129,2025,278804.99,2552607.08,樺加沙颱風,降雨,0.0789117831634
2025_2130,2025,278826.09,2552699.49,樺加沙颱風,降雨,0.0764319966979
2025_2131,2025,279537.07,2560494.0,樺加沙颱風,降雨,0.104091675125
2025_2132,2025,280008.76,2556922.35,樺加沙颱風,降雨,0.150332660264
2025_2133,2025,276091.96,2555080.04,樺加沙颱風,降雨,0.0775739614234
2025_2134,2025,277557.01,2556259.58,樺加沙颱風,降雨,0.088255465712
2025_2135,2025,275971.66,2547064.44,樺加沙颱風,降雨,0.0843943522974
2025_2136,2025,275393.95,2547138.45,樺加沙颱風,降雨,0.129060304023
2025_2137,2025,275418.51,2547289.56,樺加沙颱風,降雨,0.144560298955
2025_2138,2025,275654.0,2547366.11,樺加沙颱風,降雨,0.0966001689017
2025_2139,2025,275709.51,2547493.72,樺加沙颱風,降雨,0.250304930766
2025_2140,2025,274806.14,2547082.51,樺加沙颱風,降雨,0.0702029097398
2025_2141,2025,242505.02,2554605.75,樺加沙颱風,降雨,0.291973029102
2025_2142,2025,244731.77,2558626.17,樺加沙颱風,降雨,0.150700127514
2025_2143,2025,248353.64,2555488.21,樺加沙颱風,降雨,0.163799640639
2025_2144,2025,249225.72,2558101.03,樺加沙颱風,降雨,0.0769862421123
2025_2145,2025,248046.53,2560588.28,樺加沙颱風,降雨,1.12828682477
2025_2146,2025,249348.18,2562882.85,樺加沙颱風,降雨,0.084269159663
2025_2147,2025,249689.5,2563618.48,樺加沙颱風,降雨,0.565473597262
2025_2148,2025,251694.09,2562875.09,樺加沙颱風,降雨,0.24181378782
2025_2149,2025,251217.1,2559610.22,樺加沙颱風,降雨,0.0790725752442
2025_2150,2025,251669.59,2559872.23,樺加沙颱風,降雨,0.150895804293
2025_2151,2025,249817.64,2567584.15,樺加沙颱風,降雨,0.0743143119581
2025_2152,2025,250211.27,2567710.13,樺加沙颱風,降雨,0.1838014132
2025_2153,2025,249846.27,2568140.91,樺加沙颱風,降雨,0.308813230789
2025_2154,2025,249560.97,2560887.01,樺加沙颱風,降雨,0.506985888918
2025_2155,2025,249812.23,2556701.99,樺加沙颱風,降雨,0.115230436895
2025_2156,2025,249838.37,2555615.92,樺加沙颱風,降雨,0.0729086308691
2025_2157,2025,246865.28,2554544.24,樺加沙颱風,降雨,0.10582850795
2025_2158,2025,246169.43,2552236.01,樺加沙颱風,降雨,0.104398570331
2025_2159,2025,241910.04,2552752.83,樺加沙颱風,降雨,0.105515649182
2025_2160,2025,248390.36,2544386.14,樺加沙颱風,降雨,0.190013696208
2025_2161,2025,249723.49,2547714.41,樺加沙颱風,降雨,0.250088642981
2025_2162,2025,250589.04,2547876.43,樺加沙颱風,降雨,0.0766636985995
2025_2163,2025,248276.39,2549049.82,樺加沙颱風,降雨,0.0942387906859
2025_2164,2025,250937.08,2544181.04,樺加沙颱風,降雨,0.183899075447
2025_2165,2025,268323.54,2540845.22,樺加沙颱風,降雨,0.0869876152196
2025_2166,2025,268459.24,2539419.5,樺加沙颱風,降雨,0.0896771696043
2025_2167,2025,268459.44,2540545.97,樺加沙颱風,降雨,0.072750740973
2025_2168,2025,269160.21,2544100.47,樺加沙颱風,降雨,0.173356211705
2025_2169,2025,270400.56,2540117.05,樺加沙颱風,降雨,0.281422848282
2025_2170,2025,256977.72,2542981.29,樺加沙颱風,降雨,0.144201341079
2025_2171,2025,257217.62,2543015.25,樺加沙颱風,降雨,0.0897656266978
2025_2172,2025,257353.46,2543176.14,樺加沙颱風,降雨,0.13903716514
2025_2173,2025,257408.4,2543089.33,樺加沙颱風,降雨,0.076187655566
2025_2174,2025,257693.2,2541750.24,樺加沙颱風,降雨,0.1381102936
2025_2175,2025,253994.44,2546611.82,樺加沙颱風,降雨,0.144329854874
2025_2176,2025,254976.76,2547863.77,樺加沙颱風,降雨,0.0908389130609
2025_2177,2025,254679.3,2548215.8,樺加沙颱風,降雨,0.371320775989
2025_2178,2025,255373.9,2548492.67,樺加沙颱風,降雨,0.486720344743
2025_2179,2025,255632.44,2547482.64,樺加沙颱風,降雨,0.189340242092
2025_2180,2025,256545.6,2547487.19,樺加沙颱風,降雨,0.147101614138
2025_2181,2025,251531.49,2546733.74,樺加沙颱風,降雨,0.12149934972
2025_2182,2025,252350.17,2549079.98,樺加沙颱風,降雨,0.19716991542
2025_2183,2025,252452.75,2549106.15,樺加沙颱風,降雨,0.0962889736107
2025_2184,2025,261885.4,2546226.99,樺加沙颱風,降雨,0.103265948541
2025_2185,2025,262842.3,2546072.41,樺加沙颱風,降雨,0.170438290093
2025_2186,2025,255419.96,2545106.42,樺加沙颱風,降雨,0.0854226482024
2025_2187,2025,257063.02,2546285.32,樺加沙颱風,降雨,0.147607493493
2025_2188,2025,251939.57,2542924.28,樺加沙颱風,降雨,0.180912299111
2025_2189,2025,255031.76,2543121.1,樺加沙颱風,降雨,0.470361620174
2025_2190,2025,255139.53,2542039.8,樺加沙颱風,降雨,0.116808444131
2025_2191,2025,256317.7,2542274.72,樺加沙颱風,降雨,0.0709550904455
2025_2192,2025,239385.51,2537161.63,樺加沙颱風,降雨,0.0752331549585
2025_2193,2025,240623.96,2538763.17,樺加沙颱風,降雨,0.310121481549
2025_2194,2025,240949.65,2537304.28,樺加沙颱風,降雨,0.17208086512
2025_2195,2025,241474.6,2537954.37,樺加沙颱風,降雨,0.139580258296
2025_2196,2025,242389.69,2538186.69,樺加沙颱風,降雨,0.118264659298
2025_2197,2025,238492.51,2533234.51,樺加沙颱風,降雨,0.0964772551961
2025_2198,2025,238528.86,2533236.13,樺加沙颱風,降雨,0.0749718405078
2025_2199,2025,242151.52,2533280.37,樺加沙颱風,降雨,0.113217386568
2025_2200,2025,242247.71,2533087.96,樺加沙颱風,降雨,0.118641115204
2025_2201,2025,249788.66,2536835.28,樺加沙颱風,降雨,0.328344347327
2025_2202,2025,249999.31,2536909.7,樺加沙颱風,降雨,0.521316622148
2025_2203,2025,251266.57,2537005.33,樺加沙颱風,降雨,0.0776927811458
2025_2204,2025,252055.45,2537648.64,樺加沙颱風,降雨,0.0790953525592
2025_2205,2025,253801.26,2537692.49,樺加沙颱風,降雨,0.138987588774
2025_2206,2025,242594.57,2541228.16,樺加沙颱風,降雨,0.228960579917
2025_2207,2025,243143.24,2541178.76,樺加沙颱風,降雨,0.141735724918
2025_2208,2025,243224.74,2540688.44,樺加沙颱風,降雨,0.083807263498
2025_2209,2025,244354.4,2540856.2,樺加沙颱風,降雨,0.287292974353
2025_2210,2025,237640.77,2540696.38,樺加沙颱風,降雨,0.149116375927
2025_2211,2025,239874.59,2539415.9,樺加沙颱風,降雨,0.159280429169
2025_2212,2025,235172.54,2535282.22,樺加沙颱風,降雨,0.0730253333978
2025_2213,2025,235500.61,2536301.44,樺加沙颱風,降雨,0.23201974338
2025_2214,2025,235497.54,2535314.34,樺加沙颱風,降雨,0.0789218304202
2025_2215,2025,236727.26,2535641.32,樺加沙颱風,降雨,0.0774111037721
2025_2216,2025,240102.77,2535606.83,樺加沙颱風,降雨,0.774577511932
2025_2217,2025,240242.57,2535104.81,樺加沙颱風,降雨,0.127906161234
2025_2218,2025,242226.4,2536293.8,樺加沙颱風,降雨,0.381011618114
2025_2219,2025,233150.18,2534959.41,樺加沙颱風,降雨,0.0731486997581
2025_2220,2025,235640.16,2534143.62,樺加沙颱風,降雨,0.2177320091
2025_2221,2025,235162.44,2538289.04,樺加沙颱風,降雨,0.140408513162
2025_2222,2025,237391.69,2542108.64,樺加沙颱風,降雨,0.130799372809
2025_2223,2025,267510.35,2524312.68,樺加沙颱風,降雨,0.535920016497
2025_2224,2025,242426.61,2525753.73,樺加沙颱風,降雨,1.97086185902
2025_2225,2025,237574.8,2526227.76,樺加沙颱風,降雨,0.4314589783
2025_2226,2025,256695.27,2528140.45,樺加沙颱風,降雨,0.0789724069979
2025_2227,2025,237902.95,2476840.74,樺加沙颱風,降雨,0.312369170981
2025_2228,2025,240475.43,2477187.33,樺加沙颱風,降雨,0.0793653350916
2025_2229,2025,241141.28,2505736.26,樺加沙颱風,降雨,0.107646301493
2025_2230,2025,240860.52,2480052.56,樺加沙颱風,降雨,0.180474288624
2025_2231,2025,291199.04,2664653.89,樺加沙颱風,降雨,0.283821598443
2025_2232,2025,297726.87,2683887.18,樺加沙颱風,降雨,0.24096695882
2025_2233,2025,272516.42,2660463.51,0728豪雨,降雨,0.209724475856
2025_2234,2025,274191.02,2666139.29,0728豪雨,降雨,0.277401881764
2025_2235,2025,269504.89,2673126.55,0728豪雨,降雨,0.110791604028
2025_2236,2025,268991.34,2673844.2,0728豪雨,降雨,0.180985472844
2025_2237,2025,281417.87,2671276.32,樺加沙颱風,降雨,0.206447266452
2025_2238,2025,283196.24,2672191.1,樺加沙颱風,降雨,0.285432324883
2025_2239,2025,307601.4,2698038.58,鳳凰颱風,降雨,0.23750159996
2025_2240,2025,240851.47,2693840.44,0728豪雨,降雨,0.27873938969
2025_2241,2025,240620.25,2691963.37,0728豪雨,降雨,0.13333385831
2025_2242,2025,241363.88,2688855.57,0728豪雨,降雨,0.290689666639
2025_2243,2025,239942.65,2688925.5,0728豪雨,降雨,0.308139696257
2025_2244,2025,236645.64,2689720.95,0728豪雨,降雨,0.151711925558
2025_2245,2025,240364.83,2683139.94,0728豪雨,降雨,0.820798137966
2025_2246,2025,238518.96,2683131.24,0728豪雨,降雨,0.357710688931
2025_2247,2025,240245.24,2683119.73,0728豪雨,降雨,0.326594129326
2025_2248,2025,224959.32,2656222.38,0728豪雨,降雨,0.607447540636
2025_2249,2025,224047.5,2666818.47,0728豪雨,降雨,1.01084318892
2025_2250,2025,224848.53,2656870.63,0728豪雨,降雨,0.440485807002
2025_2251,2025,224967.82,2656999.08,0728豪雨,降雨,0.849307168482
2025_2252,2025,248659.89,2665563.9,0728豪雨,降雨,0.470724496929
2025_2253,2025,250559.24,2666517.24,0728豪雨,降雨,0.323529609143
2025_2254,2025,233226.14,2660735.1,0728豪雨,降雨,0.305415378554
2025_2255,2025,233244.07,2663944.78,0728豪雨,降雨,0.604764714003
2025_2256,2025,233192.07,2664037.97,0728豪雨,降雨,0.119863499207
2025_2257,2025,227645.71,2663853.5,0728豪雨,降雨,0.384048776423
2025_2258,2025,231079.72,2663965.76,0728豪雨,降雨,0.179981398933
2025_2259,2025,226923.99,2664115.77,0728豪雨,降雨,0.504255348342
2025_2260,2025,226533.57,2660561.73,0728豪雨,降雨,0.507268823245
2025_2261,2025,225638.56,2655923.02,0728豪雨,降雨,0.578157834346
2025_2262,2025,225615.58,2656029.92,0728豪雨,降雨,0.0987935685042
2025_2263,2025,222368.82,2656990.4,0728豪雨,降雨,0.128909356478
2025_2264,2025,222761.42,2656300.2,0728豪雨,降雨,0.269600408506
2025_2265,2025,222755.06,2656349.68,0728豪雨,降雨,0.0980118174908
2025_2266,2025,222786.13,2656447.16,0728豪雨,降雨,0.308909447261
2025_2267,2025,222608.56,2656927.53,0728豪雨,降雨,0.508159228565
2025_2268,2025,209072.21,2567189.91,0728豪雨,降雨,0.289730934865
2025_2269,2025,211643.92,2568214.73,0728豪雨,降雨,0.112472029291
2025_2270,2025,213340.36,2570296.49,0728豪雨,降雨,0.153577069069
2025_2271,2025,210144.7,2577731.37,0728豪雨,降雨,0.265474841759
2025_2272,2025,210438.83,2582238.78,0728豪雨,降雨,0.0859892450921
2025_2273,2025,213199.73,2572954.76,0728豪雨,降雨,0.173048723117
2025_2274,2025,208134.73,2574981.73,0728豪雨,降雨,0.281427292212
2025_2275,2025,210501.82,2575478.94,0728豪雨,降雨,0.732204981748
2025_2276,2025,213258.66,2575780.09,0728豪雨,降雨,0.0858825285778
2025_2277,2025,192236.35,2576813.52,0728豪雨,降雨,0.15448944845
2025_2278,2025,199020.75,2571588.64,0728豪雨,降雨,0.150206589325
2025_2279,2025,191267.75,2568695.41,0728豪雨,降雨,0.109703138829
2025_2280,2025,206281.86,2564982.84,0728豪雨,降雨,0.222440489985
2025_2281,2025,206353.9,2564997.56,0728豪雨,降雨,0.081685224514
2025_2282,2025,205789.88,2565777.92,0728豪雨,降雨,0.45795132586
2025_2283,2025,205951.04,2566212.67,0728豪雨,降雨,0.0987052627119
2025_2284,2025,205428.22,2568335.47,0728豪雨,降雨,0.0813175564604
2025_2285,2025,209715.61,2562220.51,0728豪雨,降雨,0.226932996428
2025_2286,2025,212914.43,2563361.13,0728豪雨,降雨,0.156756097118
2025_2287,2025,208550.14,2564187.9,0728豪雨,降雨,0.245468298792
2025_2288,2025,205454.39,2563385.13,0728豪雨,降雨,0.261610360698
2025_2289,2025,206551.86,2563420.92,0728豪雨,降雨,0.48656665106
2025_2290,2025,206267.69,2563792.04,0728豪雨,降雨,0.175795480352
2025_2291,2025,206074.88,2562234.56,0728豪雨,降雨,0.10248713738
2025_2292,2025,206159.06,2562216.76,0728豪雨,降雨,0.12067154692
2025_2293,2025,206393.85,2561379.23,0728豪雨,降雨,0.0806225243313
2025_2294,2025,247911.48,2567873.68,樺加沙颱風,降雨,0.266776137584
2025_2295,2025,250300.9,2579481.24,0728豪雨,降雨,0.193114682426
2025_2296,2025,228768.44,2572723.51,0728豪雨,降雨,0.623503493271
2025_2297,2025,229466.73,2574786.16,0728豪雨,降雨,0.16852896937
2025_2298,2025,229857.48,2572738.94,0728豪雨,降雨,0.259139105276
2025_2299,2025,230506.44,2574491.98,0728豪雨,降雨,0.966723290238
2025_2300,2025,232089.84,2582564.46,0728豪雨,降雨,0.143787076323
2025_2301,2025,232115.6,2577683.98,0728豪雨,降雨,0.120951209545
2025_2302,2025,227056.46,2570464.42,0728豪雨,降雨,0.116367126622
2025_2303,2025,227226.22,2574853.76,0728豪雨,降雨,0.516345446091
2025_2304,2025,228745.83,2571727.46,0728豪雨,降雨,0.280694872167
2025_2305,2025,228790.21,2572148.22,0728豪雨,降雨,0.187354756418
2025_2306,2025,231512.55,2544142.99,0728豪雨,降雨,0.165570219852
2025_2307,2025,231174.37,2548376.14,0728豪雨,降雨,0.305512580356
2025_2308,2025,230205.3,2563265.91,0728豪雨,降雨,0.414739629175
2025_2309,2025,230423.42,2563345.1,0728豪雨,降雨,0.346428870635
2025_2310,2025,229735.57,2564978.81,0728豪雨,降雨,0.17021655708
2025_2311,2025,229673.75,2552375.12,0728豪雨,降雨,0.1112862506
2025_2312,2025,237732.07,2545726.1,樺加沙颱風,降雨,0.21898605864
2025_2313,2025,226438.36,2549857.41,0728豪雨,降雨,0.466579149142
2025_2314,2025,224469.77,2550442.2,0728豪雨,降雨,0.140127956631
2025_2315,2025,223834.22,2550906.97,0728豪雨,降雨,0.079103972168
2025_2316,2025,222052.09,2560069.33,0728豪雨,降雨,0.0977718874661
2025_2317,2025,222700.75,2554252.18,0728豪雨,降雨,0.149714514587
2025_2318,2025,223469.8,2554885.05,0728豪雨,降雨,0.137673045878
2025_2319,2025,223522.11,2554962.79,0728豪雨,降雨,0.156339601971
2025_2320,2025,223370.09,2555300.15,0728豪雨,降雨,1.76221710702
2025_2321,2025,220079.29,2557042.52,0728豪雨,降雨,0.0765355663182
2025_2322,2025,213101.46,2598195.1,0728豪雨,降雨,0.142907874387
2025_2323,2025,213274.11,2598527.42,0728豪雨,降雨,0.252306311207
2025_2324,2025,211114.51,2599039.57,0728豪雨,降雨,0.217469138768
2025_2325,2025,224069.77,2588019.13,0728豪雨,降雨,0.141677907946
2025_2326,2025,224136.14,2571405.7,0728豪雨,降雨,0.296233861706
2025_2327,2025,224554.36,2572317.9,0728豪雨,降雨,0.329212937153
2025_2328,2025,224855.59,2590460.44,0728豪雨,降雨,0.0978703993785
2025_2329,2025,224386.14,2568625.67,0728豪雨,降雨,1.59073267016
2025_2330,2025,220398.33,2575753.74,0728豪雨,降雨,0.255362317418
2025_2331,2025,221687.4,2573703.71,0728豪雨,降雨,0.189234474958
2025_2332,2025,222357.56,2573630.1,0728豪雨,降雨,0.325548107849
2025_2333,2025,223566.98,2576691.61,0728豪雨,降雨,0.332723605682
2025_2334,2025,215608.3,2571734.12,0728豪雨,降雨,0.132281620306
2025_2335,2025,217093.35,2577823.43,0728豪雨,降雨,0.575991726734
2025_2336,2025,216736.2,2583881.72,0728豪雨,降雨,0.577551057073
2025_2337,2025,216977.7,2574143.45,0728豪雨,降雨,0.0716436207636
2025_2338,2025,216878.53,2567676.11,0728豪雨,降雨,0.147686999882
2025_2339,2025,216307.2,2568141.42,0728豪雨,降雨,0.136256546659
2025_2340,2025,216282.97,2568211.79,0728豪雨,降雨,0.0850071145903
2025_2341,2025,216804.65,2568221.51,0728豪雨,降雨,0.0861229812775
2025_2342,2025,216973.48,2570073.6,0728豪雨,降雨,0.250518302757
2025_2343,2025,217874.83,2569184.65,0728豪雨,降雨,0.141431141321
2025_2344,2025,217621.82,2567701.71,0728豪雨,降雨,0.0838878696472
2025_2345,2025,212034.16,2568413.13,0728豪雨,降雨,0.0788375303586
2025_2346,2025,211129.59,2595292.22,0728豪雨,降雨,0.40082455954
2025_2347,2025,213945.65,2595645.68,0728豪雨,降雨,0.232811791732
2025_2348,2025,214952.05,2583564.1,0728豪雨,降雨,0.188036189524
2025_2349,2025,215404.71,2578954.01,0728豪雨,降雨,0.222789259774
2025_2350,2025,211454.67,2594308.15,0728豪雨,降雨,0.0752006773065
2025_2351,2025,223259.77,2596768.09,0728豪雨,降雨,0.155727966025
2025_2352,2025,213347.89,2597354.61,0728豪雨,降雨,0.426055865291
2025_2353,2025,225983.13,2597561.68,0728豪雨,降雨,0.387334805419
2025_2354,2025,212986.41,2597623.75,0728豪雨,降雨,0.426053524829
2025_2355,2025,213170.99,2597637.91,0728豪雨,降雨,0.294825027299
2025_2356,2025,213809.21,2597137.38,0728豪雨,降雨,0.098987357734
2025_2357,2025,213526.34,2597584.41,0728豪雨,降雨,0.497313979015
2025_2358,2025,276683.82,2549092.76,樺加沙颱風,降雨,0.31686134987
2025_2359,2025,277436.05,2548248.66,樺加沙颱風,降雨,0.0903556923926
2025_2360,2025,279529.96,2577629.97,樺加沙颱風,降雨,0.123471572235
2025_2361,2025,278652.77,2579970.76,樺加沙颱風,降雨,0.146437197855
2025_2362,2025,275146.91,2543837.33,樺加沙颱風,降雨,0.106372151351
2025_2363,2025,276167.7,2547169.57,樺加沙颱風,降雨,0.0982690921653
2025_2364,2025,259258.92,2541551.08,樺加沙颱風,降雨,0.551329216513
2025_2365,2025,271770.67,2547454.06,樺加沙颱風,降雨,0.30198217823
2025_2366,2025,261804.97,2541563.3,樺加沙颱風,降雨,0.233884314893
2025_2367,2025,265319.55,2550076.53,樺加沙颱風,降雨,0.0867306313288
2025_2368,2025,257366.74,2576097.53,樺加沙颱風,降雨,0.0793508924061
2025_2369,2025,259023.06,2573666.88,樺加沙颱風,降雨,0.121586113341
2025_2370,2025,260711.79,2567576.72,樺加沙颱風,降雨,0.843378204792
2025_2371,2025,262243.44,2593234.75,樺加沙颱風,降雨,0.890385548914
2025_2372,2025,248673.44,2556066.27,樺加沙颱風,降雨,0.596400031114
2025_2373,2025,256243.16,2562440.34,樺加沙颱風,降雨,0.14346548295
2025_2374,2025,253324.38,2547006.3,樺加沙颱風,降雨,0.0713422595299
2025_2375,2025,218135.47,2560122.1,0728豪雨,降雨,0.162458230197
2025_2376,2025,218247.25,2560990.89,0728豪雨,降雨,0.0955090078005
2025_2377,2025,218425.15,2560915.31,0728豪雨,降雨,0.242736953413
2025_2378,2025,218710.37,2561167.28,0728豪雨,降雨,0.286901472773
2025_2379,2025,213730.62,2564063.72,0728豪雨,降雨,0.213764947656
2025_2380,2025,214093.64,2565459.74,0728豪雨,降雨,0.145814668204
2025_2381,2025,213931.85,2565521.23,0728豪雨,降雨,0.118563940063
2025_2382,2025,216376.46,2541507.15,0728豪雨,降雨,0.219611256098
2025_2383,2025,217063.16,2542455.38,0728豪雨,降雨,0.13723427606
2025_2384,2025,220487.16,2542523.96,0728豪雨,降雨,0.640275528727
2025_2385,2025,216770.08,2544334.38,0728豪雨,降雨,0.198352646923
2025_2386,2025,214086.96,2549359.46,0728豪雨,降雨,0.177319311856
2025_2387,2025,214431.05,2547707.9,0728豪雨,降雨,0.294056248997
2025_2388,2025,217656.58,2546933.79,0728豪雨,降雨,0.0931181171459
2025_2389,2025,215443.6,2559633.88,0728豪雨,降雨,0.156100947563
2025_2390,2025,216759.52,2562829.95,0728豪雨,降雨,0.423568720818
2025_2391,2025,216735.83,2562495.54,0728豪雨,降雨,0.142736104108
2025_2392,2025,217014.71,2562940.28,0728豪雨,降雨,0.0832836795756
2025_2393,2025,215493.55,2560131.03,0728豪雨,降雨,0.336286224787
2025_2394,2025,214047.79,2566005.35,0728豪雨,降雨,0.130457859874
2025_2395,2025,214002.05,2566167.11,0728豪雨,降雨,0.236221986967
2025_2396,2025,213845.04,2566165.87,0728豪雨,降雨,0.145891861855
2025_2397,2025,214006.56,2566315.86,0728豪雨,降雨,0.258547000693
2025_2398,2025,221214.08,2566640.02,0728豪雨,降雨,0.25911187988
2025_2399,2025,208662.66,2544778.57,0728豪雨,降雨,0.154927361384
2025_2400,2025,209276.36,2546426.88,0728豪雨,降雨,0.198921387189
2025_2401,2025,209528.21,2546283.19,0728豪雨,降雨,0.157341568903
2025_2402,2025,210539.54,2544992.26,0728豪雨,降雨,0.136524711817
2025_2403,2025,211782.89,2550246.22,0728豪雨,降雨,0.390075755357
2025_2404,2025,207637.13,2557283.05,0728豪雨,降雨,0.0892651158453
2025_2405,2025,207331.85,2557315.72,0728豪雨,降雨,0.113177479164
2025_2406,2025,208564.1,2558962.57,0728豪雨,降雨,0.140415060086
2025_2407,2025,209044.98,2559037.8,0728豪雨,降雨,0.10170619055
2025_2408,2025,203504.58,2558982.3,0728豪雨,降雨,0.103888123298
2025_2409,2025,203721.87,2557057.82,0728豪雨,降雨,0.0888816601641
2025_2410,2025,205498.3,2553030.59,0728豪雨,降雨,0.101565109973
2025_2411,2025,205561.55,2553082.0,0728豪雨,降雨,0.08094029598
2025_2412,2025,207505.33,2555364.38,0728豪雨,降雨,0.181268958959
2025_2413,2025,206523.01,2555372.77,0728豪雨,降雨,0.2908700547
2025_2414,2025,204314.97,2556804.95,0728豪雨,降雨,0.197290382859
2025_2415,2025,212526.31,2552004.48,0728豪雨,降雨,0.097457322221
2025_2416,2025,213014.03,2552716.74,0728豪雨,降雨,0.193803692416
2025_2417,2025,209938.43,2555200.25,0728豪雨,降雨,0.109040699063
2025_2418,2025,193297.04,2551962.8,0728豪雨,降雨,0.071657111966
2025_2419,2025,200143.49,2554196.66,0728豪雨,降雨,0.0828739403196
2025_2420,2025,200722.18,2555691.55,0728豪雨,降雨,0.161032552301
2025_2421,2025,202587.26,2543117.89,0728豪雨,降雨,0.118913964281
2025_2422,2025,202676.45,2543210.63,0728豪雨,降雨,0.115200209873
2025_2423,2025,202769.46,2545776.3,0728豪雨,降雨,0.0752750407383
2025_2424,2025,204838.04,2545193.4,0728豪雨,降雨,0.311133971641
2025_2425,2025,256535.39,2728994.08,1020豪雨,降雨,0.166789901141
2025_2426,2025,299645.89,2760728.04,1020豪雨,降雨,0.106871631827
2025_2427,2025,285806.21,2739587.39,0728豪雨,降雨,0.116181995962
2025_2428,2025,337975.65,2716136.76,鳳凰颱風,降雨,0.573433075342
2025_2429,2025,337812.1,2717014.34,鳳凰颱風,降雨,1.02168639054
2025_2430,2025,338085.25,2718096.34,鳳凰颱風,降雨,0.252434007822
2025_2431,2025,292128.21,2716723.38,鳳凰颱風,降雨,0.313972750834
2025_2432,2025,338286.27,2714211.26,鳳凰颱風,降雨,0.250663352439
2025_2433,2025,237040.26,2710975.16,0728豪雨,降雨,0.175864686195
2025_2434,2025,241151.22,2713560.71,0728豪雨,降雨,0.146030803021
2025_2435,2025,231512.48,2470911.52,樺加沙颱風,降雨,0.437615227311
2025_2436,2025,230790.32,2472042.77,樺加沙颱風,降雨,0.392470465139
2025_2437,2025,229815.66,2472812.43,樺加沙颱風,降雨,0.336128824789
2025_2438,2025,232822.74,2475330.87,樺加沙颱風,降雨,0.204700628421
2025_2439,2025,231077.06,2478296.41,樺加沙颱風,降雨,0.369040968367
2025_2440,2025,236525.41,2493875.36,樺加沙颱風,降雨,0.0857014611738
2025_2441,2025,214723.88,2506376.91,0728豪雨,降雨,0.35283172509
2025_2442,2025,233918.43,2506960.43,樺加沙颱風,降雨,0.245576002932
2025_2443,2025,239749.45,2534858.94,樺加沙颱風,降雨,0.078595158344
2025_2444,2025,241001.94,2529351.42,樺加沙颱風,降雨,0.611428478748
2025_2445,2025,242182.33,2533160.1,樺加沙颱風,降雨,0.256821079873
2025_2446,2025,246006.38,2534091.48,樺加沙颱風,降雨,0.167382619951
2025_2447,2025,246229.92,2534760.51,樺加沙颱風,降雨,0.0858109737195
2025_2448,2025,194162.09,2525658.61,0728豪雨,降雨,0.686651687149
2025_2449,2025,226182.71,2539713.69,0728豪雨,降雨,1.09867644435
2025_2450,2025,229977.76,2529931.6,0728豪雨,降雨,0.241249154931
2025_2451,2025,233923.61,2534863.6,樺加沙颱風,降雨,0.436755269173
2025_2452,2025,221954.52,2521083.59,0728豪雨,降雨,0.112921030538
2025_2453,2025,286459.61,2639174.79,樺加沙颱風,降雨,0.362960803371
2025_2454,2025,276977.38,2647393.52,0728豪雨,降雨,0.108976102145
2025_2455,2025,276428.67,2632687.17,樺加沙颱風,降雨,0.274293491543
2025_2456,2025,274716.08,2641663.37,0728豪雨,降雨,0.688626339382
2025_2457,2025,271989.41,2647073.91,0728豪雨,降雨,0.10095905795
2025_2458,2025,270926.38,2651190.44,0728豪雨,降雨,0.220686510303
2025_2459,2025,268187.59,2618445.77,0728豪雨,降雨,0.0993832406153
2025_2460,2025,264606.17,2634114.46,0728豪雨,降雨,0.519599983885
2025_2461,2025,253875.96,2600675.65,0728豪雨,降雨,0.531030456936
2025_2462,2025,240979.85,2604182.83,0728豪雨,降雨,0.100077619932
2025_2463,2025,239037.95,2633402.65,0728豪雨,降雨,0.165429880595
2025_2464,2025,239853.24,2606258.85,0728豪雨,降雨,0.267551940744
2025_2465,2025,235772.3,2630545.72,0728豪雨,降雨,0.102197788212
2025_2466,2025,236703.16,2616683.02,0728豪雨,降雨,0.204581236461
2025_2467,2025,235795.64,2600535.26,0728豪雨,降雨,0.999300410018
2025_2468,2025,235096.21,2646245.48,0728豪雨,降雨,0.178936199123
2025_2469,2025,233307.98,2625875.37,0728豪雨,降雨,0.334080044771
2025_2470,2025,235203.1,2606064.81,0728豪雨,降雨,0.200657112295
2025_2471,2025,235318.76,2605436.28,0728豪雨,降雨,0.170498250316
2025_2472,2025,232708.38,2631249.62,0728豪雨,降雨,0.293054701487
2025_2473,2025,228301.53,2602257.2,0728豪雨,降雨,0.874719045394
2025_2474,2025,232944.1,2603724.16,0728豪雨,降雨,0.283295591996
2025_2475,2025,229903.01,2629046.16,0728豪雨,降雨,0.189937562385
2025_2476,2025,229532.05,2628592.72,0728豪雨,降雨,0.275270021749
2025_2477,2025,223458.43,2627216.04,0728豪雨,降雨,0.223948975245
2025_2478,2025,224193.0,2604636.02,0728豪雨,降雨,0.338980056838
2025_2479,2025,222472.22,2625892.89,0728豪雨,降雨,0.270196821334
2025_2480,2025,221498.44,2631133.12,0728豪雨,降雨,0.304215642717
2025_2481,2025,220693.66,2640612.0,0728豪雨,降雨,0.30378294301
2025_2482,2025,221889.65,2641938.66,0728豪雨,降雨,0.202021444812
2025_2483,2025,221752.8,2642038.02,0728豪雨,降雨,0.104698386588
2025_2484,2025,221697.46,2644343.42,0728豪雨,降雨,0.283886541123
2025_2485,2025,222303.43,2647195.12,0728豪雨,降雨,0.25967667827
2025_2486,2025,220660.0,2648040.41,0728豪雨,降雨,0.308400786742
2025_2487,2025,219992.75,2626658.58,0728豪雨,降雨,1.05081156366
2025_2488,2025,218726.31,2619803.0,0728豪雨,降雨,0.314746744658
2025_2489,2025,218554.88,2607571.11,0728豪雨,降雨,0.362571472845
2025_2490,2025,216917.55,2601091.6,0728豪雨,降雨,0.414255703062
2025_2491,2025,212845.37,2634143.62,0728豪雨,降雨,0.215893883783
2025_2492,2025,212969.08,2634338.7,0728豪雨,降雨,0.0746433724782
2025_2493,2025,309314.36,2643414.06,樺加沙颱風,降雨,0.109963191535
2025_2494,2025,307756.94,2634318.71,樺加沙颱風,降雨,0.0988099628694
2025_2495,2025,220751.95,2647337.74,0728豪雨,降雨,0.245257502819
2025_2496,2025,273147.74,2643430.6,0728豪雨,降雨,0.0910054200501
2025_2497,2025,231237.45,2558153.2,0613豪雨,降雨,0.645442480677
2025_2498,2025,203434.13,2555674.75,0121嘉義地震,地震,2.7022657921
2025_2499,2025,203253.46,2555809.45,0121嘉義地震,地震,1.35380529248
2025_2500,2025,202148.15,2560251.99,0121嘉義地震,地震,0.676139553433
2025_2501,2025,200401.5,2571531.9,0121嘉義地震,地震,0.527268425174
2025_2502,2025,204586.6,2579735.43,0121嘉義地震,地震,0.371003746343
2025_2503,2025,204478.74,2566493.47,0121嘉義地震,地震,0.316573357479
2025_2504,2025,200386.64,2571294.17,0121嘉義地震,地震,0.295239357327
2025_2505,2025,200223.63,2571412.02,0121嘉義地震,地震,0.240589791249
2025_2506,2025,199042.85,2567493.75,0121嘉義地震,地震,0.241918902288
2025_2507,2025,204063.01,2575206.18,0121嘉義地震,地震,0.219669511751
2025_2508,2025,203492.63,2579045.05,0121嘉義地震,地震,0.230813915153
2025_2509,2025,203707.55,2579057.15,0121嘉義地震,地震,0.183584992556
2025_2510,2025,206881.2,2561461.97,0121嘉義地震,地震,0.160935377719
2025_2511,2025,210349.51,2556599.17,0121嘉義地震,地震,0.158286513686
2025_2512,2025,207704.3,2561780.88,0121嘉義地震,地震,0.158315753974
2025_2513,2025,203690.48,2574853.5,0121嘉義地震,地震,0.116178340806
2025_2514,2025,200277.2,2571519.02,0121嘉義地震,地震,0.111432110874
2025_2515,2025,203520.29,2562548.15,0121嘉義地震,地震,0.104341111996
2025_2516,2025,205036.5,2578097.77,0121嘉義地震,地震,0.113769545564
2025_2517,2025,196233.26,2581201.96,0121嘉義地震,地震,0.102102584023
2025_2518,2025,306122.2,2662420.14,樺加沙颱風,降雨,0.150595971438
2025_2519,2025,251234.21,2534150.85,樺加沙颱風,降雨,0.377281059267
2025_2520,2025,251911.26,2533934.51,樺加沙颱風,降雨,0.387362370803
2025_2521,2025,251989.33,2533458.7,樺加沙颱風,降雨,0.133431347244
2025_2522,2025,252261.51,2534080.11,樺加沙颱風,降雨,0.307696485759
2025_2523,2025,252420.3,2534424.68,樺加沙颱風,降雨,0.518799405321
2025_2524,2025,252660.15,2534006.37,樺加沙颱風,降雨,0.202890222925
2025_2525,2025,252975.02,2534083.53,樺加沙颱風,降雨,0.389191761082
2025_2526,2025,254284.62,2537402.66,樺加沙颱風,降雨,0.306582553607
2025_2527,2025,255174.45,2536079.57,樺加沙颱風,降雨,0.0930184973447
2025_2528,2025,255324.56,2536025.76,樺加沙颱風,降雨,0.148744929786
2025_2529,2025,257929.67,2542002.95,樺加沙颱風,降雨,0.259313022874
2025_2530,2025,258000.82,2542058.04,樺加沙颱風,降雨,0.26839581048
2025_2531,2025,251308.0,2534243.83,樺加沙颱風,降雨,0.152872191197
2025_2532,2025,250290.29,2534745.26,樺加沙颱風,降雨,0.299650451079
2025_2533,2025,243235.76,2563148.72,楊柳颱風,降雨,0.129114656472
2025_2534,2025,240129.31,2563813.2,楊柳颱風,降雨,0.122284574081
2025_2535,2025,244656.36,2564687.93,楊柳颱風,降雨,0.246348837617
2025_2536,2025,237960.63,2590951.44,楊柳颱風,降雨,0.113121509923
2025_2537,2025,244666.43,2592408.98,楊柳颱風,降雨,0.132082949846
2025_2538,2025,244673.01,2556754.33,楊柳颱風,降雨,0.203844813251
2025_2539,2025,260771.58,2564556.67,楊柳颱風,降雨,0.485875346604
2025_2540,2025,251038.35,2564651.7,楊柳颱風,降雨,0.191968585378
2025_2541,2025,260281.25,2566933.96,楊柳颱風,降雨,0.126023127344
2025_2542,2025,260608.76,2567525.69,楊柳颱風,降雨,0.164520912795
2025_2543,2025,250329.93,2567696.21,楊柳颱風,降雨,0.151641704033
2025_2544,2025,255949.75,2553938.8,楊柳颱風,降雨,0.351927612195
2025_2545,2025,255762.9,2554012.9,楊柳颱風,降雨,0.240474900626
2025_2546,2025,255098.17,2554729.7,楊柳颱風,降雨,0.283812413656
2025_2547,2025,255521.73,2555989.31,楊柳颱風,降雨,0.118656917992
2025_2548,2025,254870.48,2562734.63,楊柳颱風,降雨,0.218784451306
2025_2549,2025,257942.19,2556997.63,楊柳颱風,降雨,0.717929561093
2025_2550,2025,259128.33,2557227.48,楊柳颱風,降雨,0.905461157251
2025_2551,2025,255477.79,2554720.98,楊柳颱風,降雨,0.227990967636
2025_2552,2025,223788.12,2509109.09,楊柳颱風,降雨,0.197754894961
2025_2553,2025,228434.89,2512856.57,楊柳颱風,降雨,0.308384638578
2025_2554,2025,224203.33,2551686.19,楊柳颱風,降雨,0.175397421336
2025_2555,2025,236239.01,2554615.83,楊柳颱風,降雨,0.155317463857
2025_2556,2025,223497.78,2555139.63,楊柳颱風,降雨,0.128876312306
2025_2557,2025,266677.54,2700660.64,0728豪雨,降雨,0.280335879018
2025_2558,2025,267911.49,2699489.06,0728豪雨,降雨,0.283154912782
2025_2559,2025,286387.29,2700141.04,0728豪雨,降雨,0.136605286587
2025_2560,2025,286436.45,2699998.35,0728豪雨,降雨,0.218960050781
2025_2561,2025,286468.15,2700188.61,0728豪雨,降雨,0.440451667964
2025_2562,2025,289735.17,2700489.87,0728豪雨,降雨,0.15224359773
2025_2563,2025,289456.33,2702492.18,0728豪雨,降雨,0.441388928285
2025_2564,2025,221937.81,2694629.34,0728豪雨,降雨,0.453754237272
2025_2565,2025,244836.96,2679308.14,0728豪雨,降雨,0.473135307313
2025_2566,2025,264088.86,2712402.73,0728豪雨,降雨,0.463087785339
2025_2567,2025,265172.8,2706504.37,0728豪雨,降雨,1.13926947105
2025_2568,2025,220813.2,2550853.61,0728豪雨,降雨,0.385885302444
2025_2569,2025,221053.19,2550881.9,0728豪雨,降雨,0.457978404769
2025_2570,2025,220830.5,2551031.63,0728豪雨,降雨,0.111591809381
2025_2571,2025,224901.46,2611956.23,0728豪雨,降雨,0.224151795478
2025_2572,2025,225171.57,2612294.21,0728豪雨,降雨,0.102102335684
2025_2573,2025,225845.82,2613700.51,0728豪雨,降雨,0.269283415393
2025_2574,2025,227158.36,2616591.61,0728豪雨,降雨,0.323950148163
2025_2575,2025,227602.37,2546681.09,0728豪雨,降雨,0.30406754994
2025_2576,2025,227733.61,2546605.77,0728豪雨,降雨,0.339887072963
2025_2577,2025,234041.87,2546436.84,0728豪雨,降雨,0.195909346737
2025_2578,2025,234078.77,2547009.65,0728豪雨,降雨,0.557483040253
2025_2579,2025,250055.22,2555850.6,0728豪雨,降雨,0.264555463856
2025_2580,2025,251725.57,2555716.66,0728豪雨,降雨,0.92035243611
2025_2581,2025,254262.35,2548989.14,0728豪雨,降雨,1.86739861067
2025_2582,2025,223020.93,2520428.49,0728豪雨,降雨,0.438077813697
2025_2583,2025,222235.6,2521054.39,0728豪雨,降雨,0.178496576254
2025_2584,2025,222079.24,2521134.55,0728豪雨,降雨,0.490958415057
2025_2585,2025,221882.85,2529646.3,0728豪雨,降雨,0.228318716129
2025_2586,2025,223177.5,2532046.84,0728豪雨,降雨,0.357831539053
2025_2587,2025,223630.69,2537732.99,0728豪雨,降雨,0.217793768156
2025_2588,2025,222642.58,2539249.21,0728豪雨,降雨,0.135594903151
2025_2589,2025,223853.87,2539471.2,0728豪雨,降雨,0.306910357985
2025_2590,2025,220668.6,2539570.72,0728豪雨,降雨,0.247331967192
2025_2591,2025,223907.72,2543628.93,0728豪雨,降雨,0.133521845742
2025_2592,2025,223806.1,2543654.66,0728豪雨,降雨,0.192324086328
2025_2593,2025,219533.48,2546454.17,0728豪雨,降雨,0.687548259165
2025_2594,2025,220257.42,2538204.86,0728豪雨,降雨,0.586631070855
2025_2595,2025,223549.45,2538279.51,0728豪雨,降雨,0.4400770915
2025_2596,2025,223315.28,2538295.49,0728豪雨,降雨,0.133341166804
2025_2597,2025,222521.16,2538901.18,0728豪雨,降雨,0.148072239464
2025_2598,2025,220262.35,2536380.42,0728豪雨,降雨,0.571470504519
2025_2599,2025,232243.81,2545276.62,0728豪雨,降雨,1.3894346961
2025_2600,2025,232964.39,2545329.06,0728豪雨,降雨,0.959167406477
2025_2601,2025,233237.1,2545844.51,0728豪雨,降雨,0.0997820169356
2025_2602,2025,232867.87,2546441.95,0728豪雨,降雨,0.237781800245
2025_2603,2025,233615.74,2547394.61,0728豪雨,降雨,0.14964020661
2025_2604,2025,232875.85,2544086.24,0728豪雨,降雨,0.351523369342
2025_2605,2025,233369.65,2544261.87,0728豪雨,降雨,0.284377773157
2025_2606,2025,234288.46,2544506.52,0728豪雨,降雨,0.195675056107
2025_2607,2025,234398.57,2544556.21,0728豪雨,降雨,0.171949056399
2025_2608,2025,234371.25,2544666.3,0728豪雨,降雨,0.404044960399
2025_2609,2025,233958.05,2544020.02,0728豪雨,降雨,0.0672942133011
2025_2610,2025,234031.44,2544037.15,0728豪雨,降雨,0.142226034478
2025_2611,2025,251588.06,2544125.36,0728豪雨,降雨,0.181849709741
2025_2612,2025,253213.81,2544557.26,0728豪雨,降雨,0.709278406673
2025_2613,2025,250983.41,2544628.34,0728豪雨,降雨,1.50154955443
2025_2614,2025,237749.0,2545091.01,0728豪雨,降雨,0.170929871141
2025_2615,2025,228414.43,2546688.35,0728豪雨,降雨,0.188040683802
2025_2616,2025,228861.8,2545995.92,0728豪雨,降雨,1.11873715216
2025_2617,2025,228829.29,2546124.28,0728豪雨,降雨,0.347328115785
2025_2618,2025,229334.17,2547404.41,0728豪雨,降雨,0.116619162214
2025_2619,2025,229463.28,2547508.61,0728豪雨,降雨,0.115908586881
2025_2620,2025,228721.18,2546163.47,0728豪雨,降雨,0.374349050685
2025_2621,2025,227482.33,2521195.54,0728豪雨,降雨,0.0994426951347
2025_2622,2025,225505.77,2515642.17,0728豪雨,降雨,0.327951302595
2025_2623,2025,225488.62,2515725.31,0728豪雨,降雨,0.159715179093
2025_2624,2025,223864.74,2516533.23,0728豪雨,降雨,0.0867258934849
2025_2625,2025,223918.47,2516553.38,0728豪雨,降雨,0.208472472239
2025_2626,2025,231033.02,2513288.86,0728豪雨,降雨,0.29131052647
2025_2627,2025,233462.0,2514996.5,0728豪雨,降雨,0.262718770448
2025_2628,2025,239016.03,2508476.29,0728豪雨,降雨,0.284944514901
2025_2629,2025,239336.61,2510028.64,0728豪雨,降雨,0.326466982977
2025_2630,2025,240279.56,2510419.02,0728豪雨,降雨,0.0995338757368
2025_2631,2025,241408.56,2498698.52,0728豪雨,降雨,0.156064772177
2025_2632,2025,241444.41,2510587.9,0728豪雨,降雨,0.304515121239
2025_2633,2025,236208.9,2508546.58,0728豪雨,降雨,0.206987185803
2025_2634,2025,237136.25,2508725.37,0728豪雨,降雨,0.595552427819
2025_2635,2025,235241.23,2506511.67,0728豪雨,降雨,0.138681242467
2025_2636,2025,204787.02,2577547.09,丹娜絲颱風、薇帕颱風、0721豪雨,降雨,0.521480003445
2025_2637,2025,201067.65,2573058.39,丹娜絲颱風、薇帕颱風、0721豪雨,降雨,0.903532445897
2025_2638,2025,212573.13,2581663.76,丹娜絲颱風、薇帕颱風、0721豪雨,降雨,0.364680317426
2025_2639,2025,200246.84,2571366.44,丹娜絲颱風、薇帕颱風、0721豪雨,降雨,0.178852405953
2025_2640,2025,203289.85,2573649.91,丹娜絲颱風、薇帕颱風、0721豪雨,降雨,0.248732931371
2025_2641,2025,207446.95,2585372.06,丹娜絲颱風、薇帕颱風、0721豪雨,降雨,0.20902155263
2025_2642,2025,232757.27,2475306.86,丹娜絲颱風、薇帕颱風、0721豪雨,降雨,0.135417670878
2025_2643,2025,230286.18,2519226.72,丹娜絲颱風、薇帕颱風、0721豪雨,降雨,0.409699470461
2025_2644,2025,228875.63,2565709.94,丹娜絲颱風、薇帕颱風、0721豪雨,降雨,1.06080808686
2025_2645,2025,219834.33,2585489.39,丹娜絲颱風、薇帕颱風、0721豪雨,降雨,0.912942238335
2025_2646,2025,219281.33,2589185.74,丹娜絲颱風、薇帕颱風、0721豪雨,降雨,0.241818066971
2025_2647,2025,231084.99,2591771.76,丹娜絲颱風、薇帕颱風、0721豪雨,降雨,0.803298564201
2025_2648,2025,213631.97,2615481.31,丹娜絲颱風、薇帕颱風、0721豪雨,降雨,0.353862087745
2025_2649,2025,215888.19,2609111.09,丹娜絲颱風、薇帕颱風、0721豪雨,降雨,0.288917224071
2025_2650,2025,216457.68,2609188.76,丹娜絲颱風、薇帕颱風、0721豪雨,降雨,0.279799110693
2025_2651,2025,216475.42,2609307.02,丹娜絲颱風、薇帕颱風、0721豪雨,降雨,0.134711218195
2025_2652,2025,228066.23,2601830.56,丹娜絲颱風、薇帕颱風、0721豪雨,降雨,0.622898867202
2025_2653,2025,215927.64,2608145.27,丹娜絲颱風、薇帕颱風、0721豪雨,降雨,0.121085474734
2025_2654,2025,216331.37,2608996.36,丹娜絲颱風、薇帕颱風、0721豪雨,降雨,1.12265730689
2025_2655,2025,216127.34,2609003.2,丹娜絲颱風、薇帕颱風、0721豪雨,降雨,0.153612264742
2025_2656,2025,258098.32,2701802.66,丹娜絲颱風、薇帕颱風、0721豪雨,降雨,0.149599384511
2025_2657,2025,275543.86,2687299.81,丹娜絲颱風、薇帕颱風、0721豪雨,降雨,0.200113418029
2025_2658,2025,276476.34,2686689.0,丹娜絲颱風、薇帕颱風、0721豪雨,降雨,0.24355918523
2025_2659,2025,294379.26,2681962.95,丹娜絲颱風、薇帕颱風、0721豪雨,降雨,0.117042274182
2025_2660,2025,297998.98,2677131.76,丹娜絲颱風、薇帕颱風、0721豪雨,降雨,0.394458762934
2025_2661,2025,299062.42,2677432.73,丹娜絲颱風、薇帕颱風、0721豪雨,降雨,0.316244930976
2025_2662,2025,300135.17,2678412.61,丹娜絲颱風、薇帕颱風、0721豪雨,降雨,1.08498320613
2025_2663,2025,296576.42,2650195.58,丹娜絲颱風、薇帕颱風、0721豪雨,降雨,2.93332811537
2025_2664,2025,304920.58,2665398.02,丹娜絲颱風、薇帕颱風、0721豪雨,降雨,1.72444815546
2025_2665,2025,238836.91,2473172.73,丹娜絲颱風、薇帕颱風、0721豪雨,降雨,0.154924731321
2025_2666,2025,225074.38,2612832.39,丹娜絲颱風、薇帕颱風、0721豪雨,降雨,0.270613089233
2025_2667,2025,227746.36,2615438.0,丹娜絲颱風、薇帕颱風、0721豪雨,降雨,2.39393879475
2025_2668,2025,239212.22,2544935.63,丹娜絲颱風、薇帕颱風、0721豪雨,降雨,0.216314350816
2025_2669,2025,229429.76,2435920.6,0728豪雨,降雨,0.358362221518
2025_2670,2025,221424.72,2449330.74,0728豪雨,降雨,0.124463581352
2025_2671,2025,237969.92,2465343.27,樺加沙颱風,降雨,0.0919652238734
2025_2672,2025,231639.53,2469167.46,樺加沙颱風,降雨,0.174522671704
2025_2673,2025,221255.92,2449397.47,0728豪雨,降雨,0.215393397142
